Question,Answers,Comment,Instructions,Render as
丐う,こう,"① こう。物をねだる。願い求める。こじき。
② あたえる。めぐみあたえる。",Type the reading!,Text
丕,もと,"① おおきい。盛大な。立派な。
② 受ける。慎んで受ける。
③ もと。はじめ。",Type the reading!,Text
丕きい,おおきい,"① おおきい。盛大な。立派な。
② 受ける。慎んで受ける。
③ もと。はじめ。",Type the reading!,Text
丕ける,うける,"① おおきい。盛大な。立派な。
② 受ける。慎んで受ける。
③ もと。はじめ。",Type the reading!,Text
丗,"さんじゅう,みそ,よ","【A】セ・セイ・よ
① よ。三十年間。
② よ。親のあとを継いでから、その地位を子に引き継ぐまでの期間。
③ よ。時代。時勢。
④ よのなか。社会。
⑤ よよ。代々。
⑥ よよにす。受け継ぐ。代々続く。
【B】ソウ・さんじゅう・みそさんじゅう。三十。「卅」が十を三つ組み合わせた形であることから。",Type the reading!,Text
丫,あげまき,"① ふたまた。また。先端がふたまたに分かれたもの。
② あげまき。総角。髪の毛を左右でたばねて巻き上げた子どもの髪型。",Type the reading!,Text
丱,あげまき,"① あげまき。総角。髪の毛を左右でたばねて巻き上げた子どもの髪型。
② おさない。幼い子ども。",Type the reading!,Text
丱い,おさない,"① あげまき。総角。髪の毛を左右でたばねて巻き上げた子どもの髪型。
② おさない。幼い子ども。",Type the reading!,Text
乂める,おさめる,"① おさめる。おさまる。統治する。
② かる。草をかる。草をかり取る。＝刈
③ すぐれる。すぐれている。賢い人。",Type the reading!,Text
乂る,かる,"① おさめる。おさまる。統治する。
② かる。草をかる。草をかり取る。＝刈
③ すぐれる。すぐれている。賢い人。",Type the reading!,Text
乂れる,すぐれる,"① おさめる。おさまる。統治する。
② かる。草をかる。草をかり取る。＝刈
③ すぐれる。すぐれている。賢い人。",Type the reading!,Text
乖く,そむく,"① そむく。もとる。本来の道理からはずれる。
② 離れる。分かれる。",Type the reading!,Text
乖る,もとる,"① そむく。もとる。本来の道理からはずれる。
② 離れる。分かれる。",Type the reading!,Text
于,ああ,"① ああ。感嘆をあらわすことば。
② ゆく。いく。
③ 「ここに」と読み、語調を整える意を表わす。
④ 「～に」「～を」「～より」と読み、場所や動作の対象、比較などを表す。訓読では読まずに送りがなをつける。",Type the reading!,Text
于く,ゆく,"① ああ。感嘆をあらわすことば。
② ゆく。いく。
③ 「ここに」と読み、語調を整える意を表わす。
④ 「～に」「～を」「～より」と読み、場所や動作の対象、比較などを表す。訓読では読まずに送りがなをつける。",Type the reading!,Text
于に,ここに,"① ああ。感嘆をあらわすことば。
② ゆく。いく。
③ 「ここに」と読み、語調を整える意を表わす。
④ 「～に」「～を」「～より」と読み、場所や動作の対象、比較などを表す。訓読では読まずに送りがなをつける。",Type the reading!,Text
亟,しばしば,"【A】キョク
① すみやか。はやく。急いで。
② あわただしい。
【B】キしばしば。くりかえして。何度も。",Type the reading!,Text
亟やか,すみやか,"【A】キョク
① すみやか。はやく。急いで。
② あわただしい。
【B】キしばしば。くりかえして。何度も。",Type the reading!,Text
亢,のど,"【A】コウのど。くび。くびすじ。
【B】コウ
① あがる。あげる。高く上がる。
② あたる。匹敵する。対等である。
③ きわめる。きわまる。
④ たかい。たかぶる。
⑤ 二十八宿の一つ。あみぼし。",Type the reading!,Text
亢い,たかい,"【A】コウのど。くび。くびすじ。
【B】コウ
① あがる。あげる。高く上がる。
② あたる。匹敵する。対等である。
③ きわめる。きわまる。
④ たかい。たかぶる。
⑤ 二十八宿の一つ。あみぼし。",Type the reading!,Text
亢がる,あがる,"【A】コウのど。くび。くびすじ。
【B】コウ
① あがる。あげる。高く上がる。
② あたる。匹敵する。対等である。
③ きわめる。きわまる。
④ たかい。たかぶる。
⑤ 二十八宿の一つ。あみぼし。",Type the reading!,Text
亢たる,あたる,"【A】コウのど。くび。くびすじ。
【B】コウ
① あがる。あげる。高く上がる。
② あたる。匹敵する。対等である。
③ きわめる。きわまる。
④ たかい。たかぶる。
⑤ 二十八宿の一つ。あみぼし。",Type the reading!,Text
亢める,きわめる,"【A】コウのど。くび。くびすじ。
【B】コウ
① あがる。あげる。高く上がる。
② あたる。匹敵する。対等である。
③ きわめる。きわまる。
④ たかい。たかぶる。
⑤ 二十八宿の一つ。あみぼし。",Type the reading!,Text
亢る,たかぶる,"【A】コウのど。くび。くびすじ。
【B】コウ
① あがる。あげる。高く上がる。
② あたる。匹敵する。対等である。
③ きわめる。きわまる。
④ たかい。たかぶる。
⑤ 二十八宿の一つ。あみぼし。",Type the reading!,Text
亶,"ほしいまま,まこと","【A】タン
① あつい。厚くする。手厚い。
② まこと。まことに。本当に。
③ ただ。ただし。＝但
【B】センもっぱら。ほしいまま。ほしいままに。",Type the reading!,Text
亶い,あつい,"【A】タン
① あつい。厚くする。手厚い。
② まこと。まことに。本当に。
③ ただ。ただし。＝但
【B】センもっぱら。ほしいまま。ほしいままに。",Type the reading!,Text
亶ら,もっぱら,"【A】タン
① あつい。厚くする。手厚い。
② まこと。まことに。本当に。
③ ただ。ただし。＝但
【B】センもっぱら。ほしいまま。ほしいままに。",Type the reading!,Text
仂める,つとめる,"【A】リキ・リョク務（つと）める。＝力
【B】ロクあまり。半端。あまり、はしたの数。",Type the reading!,Text
仂り,あまり,"【A】リキ・リョク務（つと）める。＝力
【B】ロクあまり。半端。あまり、はしたの数。",Type the reading!,Text
仄か,ほのか,"① いやしい。身分が低い。
② かたむく。かたよる。
③ かたわら。あたり。そば。
④ ほのか。かすか。わずか。
⑤ ほのかに。かすかに。わずかに。
⑥ ほのめく。ほのかに見ることができる。
⑦ ほのめかす。それとなく言う。
⑧ せまい。
⑨ 漢字の四声（シセイ）のうち平声（ヒョウショウ）を除いた、上声（ジョウショウ）・去声（キョショウ）・入声（ニッショウ）の総称。",Type the reading!,Text
仄く,かたむく,"① いやしい。身分が低い。
② かたむく。かたよる。
③ かたわら。あたり。そば。
④ ほのか。かすか。わずか。
⑤ ほのかに。かすかに。わずかに。
⑥ ほのめく。ほのかに見ることができる。
⑦ ほのめかす。それとなく言う。
⑧ せまい。
⑨ 漢字の四声（シセイ）のうち平声（ヒョウショウ）を除いた、上声（ジョウショウ）・去声（キョショウ）・入声（ニッショウ）の総称。",Type the reading!,Text
仄しい,いやしい,"① いやしい。身分が低い。
② かたむく。かたよる。
③ かたわら。あたり。そば。
④ ほのか。かすか。わずか。
⑤ ほのかに。かすかに。わずかに。
⑥ ほのめく。ほのかに見ることができる。
⑦ ほのめかす。それとなく言う。
⑧ せまい。
⑨ 漢字の四声（シセイ）のうち平声（ヒョウショウ）を除いた、上声（ジョウショウ）・去声（キョショウ）・入声（ニッショウ）の総称。",Type the reading!,Text
仄つ,そばだつ,"① いやしい。身分が低い。
② かたむく。かたよる。
③ かたわら。あたり。そば。
④ ほのか。かすか。わずか。
⑤ ほのかに。かすかに。わずかに。
⑥ ほのめく。ほのかに見ることができる。
⑦ ほのめかす。それとなく言う。
⑧ せまい。
⑨ 漢字の四声（シセイ）のうち平声（ヒョウショウ）を除いた、上声（ジョウショウ）・去声（キョショウ）・入声（ニッショウ）の総称。",Type the reading!,Text
仄めかす,ほのめかす,"① いやしい。身分が低い。
② かたむく。かたよる。
③ かたわら。あたり。そば。
④ ほのか。かすか。わずか。
⑤ ほのかに。かすかに。わずかに。
⑥ ほのめく。ほのかに見ることができる。
⑦ ほのめかす。それとなく言う。
⑧ せまい。
⑨ 漢字の四声（シセイ）のうち平声（ヒョウショウ）を除いた、上声（ジョウショウ）・去声（キョショウ）・入声（ニッショウ）の総称。",Type the reading!,Text
仄めく,ほのめく,"① いやしい。身分が低い。
② かたむく。かたよる。
③ かたわら。あたり。そば。
④ ほのか。かすか。わずか。
⑤ ほのかに。かすかに。わずかに。
⑥ ほのめく。ほのかに見ることができる。
⑦ ほのめかす。それとなく言う。
⑧ せまい。
⑨ 漢字の四声（シセイ）のうち平声（ヒョウショウ）を除いた、上声（ジョウショウ）・去声（キョショウ）・入声（ニッショウ）の総称。",Type the reading!,Text
仄ら,かたわら,"① いやしい。身分が低い。
② かたむく。かたよる。
③ かたわら。あたり。そば。
④ ほのか。かすか。わずか。
⑤ ほのかに。かすかに。わずかに。
⑥ ほのめく。ほのかに見ることができる。
⑦ ほのめかす。それとなく言う。
⑧ せまい。
⑨ 漢字の四声（シセイ）のうち平声（ヒョウショウ）を除いた、上声（ジョウショウ）・去声（キョショウ）・入声（ニッショウ）の総称。",Type the reading!,Text
仆す,ふす,"① たおれる。ふす。前向きにぱたりと倒れる。
② 死ぬ。",Type the reading!,Text
仆れる,たおれる,"① たおれる。ふす。前向きにぱたりと倒れる。
② 死ぬ。",Type the reading!,Text
仍,なお,"① かさなる。重ねる。
② しきりに。しばしば。たびたび。重ねて。
③ なお。やはり。依然として。
④ よって。よりて。したがって。すなわち。つまり。
⑤ よる。従う。",Type the reading!,Text
仍って,よって,"① かさなる。重ねる。
② しきりに。しばしば。たびたび。重ねて。
③ なお。やはり。依然として。
④ よって。よりて。したがって。すなわち。つまり。
⑤ よる。従う。",Type the reading!,Text
仍なる,かさなる,"① かさなる。重ねる。
② しきりに。しばしば。たびたび。重ねて。
③ なお。やはり。依然として。
④ よって。よりて。したがって。すなわち。つまり。
⑤ よる。従う。",Type the reading!,Text
仍に,しきりに,"① かさなる。重ねる。
② しきりに。しばしば。たびたび。重ねて。
③ なお。やはり。依然として。
④ よって。よりて。したがって。すなわち。つまり。
⑤ よる。従う。",Type the reading!,Text
仍りて,よりて,"① かさなる。重ねる。
② しきりに。しばしば。たびたび。重ねて。
③ なお。やはり。依然として。
④ よって。よりて。したがって。すなわち。つまり。
⑤ よる。従う。",Type the reading!,Text
仍る,よる,"① かさなる。重ねる。
② しきりに。しばしば。たびたび。重ねて。
③ なお。やはり。依然として。
④ よって。よりて。したがって。すなわち。つまり。
⑤ よる。従う。",Type the reading!,Text
仗,"つわもの,ほこ","① つわもの。ほこ。刀や戟などの武器。
② まもり。天子、宮殿などの護衛。
③ よる。たよる。たのみにする。
④ 杖。杖をつく。杖を手にもつ。",Type the reading!,Text
仗り,まもり,"① つわもの。ほこ。刀や戟などの武器。
② まもり。天子、宮殿などの護衛。
③ よる。たよる。たのみにする。
④ 杖。杖をつく。杖を手にもつ。",Type the reading!,Text
仗る,よる,"① つわもの。ほこ。刀や戟などの武器。
② まもり。天子、宮殿などの護衛。
③ よる。たよる。たのみにする。
④ 杖。杖をつく。杖を手にもつ。",Type the reading!,Text
仞,ひろ,"① はかる。高さや深さなどを測る。
② ひろ。長さ・高さ・深さの単位。周代の八尺（一説に七尺または四尺）のこと。",Type the reading!,Text
仞る,はかる,"① はかる。高さや深さなどを測る。
② ひろ。長さ・高さ・深さの単位。周代の八尺（一説に七尺または四尺）のこと。",Type the reading!,Text
仟,かしら,"① かしら。おさ。千人を率いる長。
② 契約書や証書などの文書で数字を表すとき、書き換えを防ぐために「千」の代わりに用いる文字。大字。
③ 南北に通る小道、あぜ道。＝阡",Type the reading!,Text
仭,ひろ,"① はかる。高さや深さなどを測る。
② ひろ。長さ・高さ・深さの単位。周代の八尺（一説に七尺または四尺）のこと。",Type the reading!,Text
仭る,はかる,"① はかる。高さや深さなどを測る。
② ひろ。長さ・高さ・深さの単位。周代の八尺（一説に七尺または四尺）のこと。",Type the reading!,Text
价い,よい,"① よい。すぐれている。りっぱ。おおきい。
② 鎧を身につけた兵士。＝介
③ 下僕。使用人。",Type the reading!,Text
伉,たぐい,"【A】コウ
① おごる。おごり高ぶる。
② たぐい。相手。配偶者。
③ つよい。健やか。
④ ならぶ。対等。匹敵する。
【B】コウ正直なさま。素直なさま。",Type the reading!,Text
伉い,つよい,"【A】コウ
① おごる。おごり高ぶる。
② たぐい。相手。配偶者。
③ つよい。健やか。
④ ならぶ。対等。匹敵する。
【B】コウ正直なさま。素直なさま。",Type the reading!,Text
伉ぶ,ならぶ,"【A】コウ
① おごる。おごり高ぶる。
② たぐい。相手。配偶者。
③ つよい。健やか。
④ ならぶ。対等。匹敵する。
【B】コウ正直なさま。素直なさま。",Type the reading!,Text
伉る,おごる,"【A】コウ
① おごる。おごり高ぶる。
② たぐい。相手。配偶者。
③ つよい。健やか。
④ ならぶ。対等。匹敵する。
【B】コウ正直なさま。素直なさま。",Type the reading!,Text
伜,せがれ,"① たすけ。そえ。
② にわか。急に。突然。
【日本】せがれ。自分の息子をへりくだっていう語。",Type the reading!,Text
伜か,にわか,"① たすけ。そえ。
② にわか。急に。突然。
【日本】せがれ。自分の息子をへりくだっていう語。",Type the reading!,Text
伜け,たすけ,"① たすけ。そえ。
② にわか。急に。突然。
【日本】せがれ。自分の息子をへりくだっていう語。",Type the reading!,Text
估,あたい,"① あきなう。うる。また、あきんど。商人。商売を売り買いする人。
② あたい。値段。値段をつける。値段をみつもる。",Type the reading!,Text
估う,あきなう,"① あきなう。うる。また、あきんど。商人。商売を売り買いする人。
② あたい。値段。値段をつける。値段をみつもる。",Type the reading!,Text
估る,うる,"① あきなう。うる。また、あきんど。商人。商売を売り買いする人。
② あたい。値段。値段をつける。値段をみつもる。",Type the reading!,Text
佇つ,まつ,"① たたずむ。たちどまる。一定の場所にしばらくの間じっとしている。
② 待つ。待ちのぞむ。",Type the reading!,Text
佇まる,たちどまる,"① たたずむ。たちどまる。一定の場所にしばらくの間じっとしている。
② 待つ。待ちのぞむ。",Type the reading!,Text
佇む,たたずむ,"① たたずむ。たちどまる。一定の場所にしばらくの間じっとしている。
② 待つ。待ちのぞむ。",Type the reading!,Text
佗,"ほか,わび","① になう。せおう。負う。
② ほか。べつの。＝他
③ 引く。引きずる。
【日本】
① わび。閑寂な趣。茶道や俳句における理想理念。「侘」の誤用。
② わびしい。ものさびしい。「侘」の誤用。
③ わびる。さびしい。つらい。相手に謝罪をする。「侘」の誤用。",Type the reading!,Text
佗う,になう,"① になう。せおう。負う。
② ほか。べつの。＝他
③ 引く。引きずる。
【日本】
① わび。閑寂な趣。茶道や俳句における理想理念。「侘」の誤用。
② わびしい。ものさびしい。「侘」の誤用。
③ わびる。さびしい。つらい。相手に謝罪をする。「侘」の誤用。",Type the reading!,Text
佗しい,わびしい,"① になう。せおう。負う。
② ほか。べつの。＝他
③ 引く。引きずる。
【日本】
① わび。閑寂な趣。茶道や俳句における理想理念。「侘」の誤用。
② わびしい。ものさびしい。「侘」の誤用。
③ わびる。さびしい。つらい。相手に謝罪をする。「侘」の誤用。",Type the reading!,Text
佗びる,わびる,"① になう。せおう。負う。
② ほか。べつの。＝他
③ 引く。引きずる。
【日本】
① わび。閑寂な趣。茶道や俳句における理想理念。「侘」の誤用。
② わびしい。ものさびしい。「侘」の誤用。
③ わびる。さびしい。つらい。相手に謝罪をする。「侘」の誤用。",Type the reading!,Text
佚いに,たがいに,"【A】イツ
① たのしむ。あそぶ。やすんずる。気ままにすきなことをする。
② のがれる。隠れる。世からのがれる。
③ うしなう。なくす。忘れる。
④ うつくしい。または、みだら。なまめかしい。
【B】テツいれかわる。かわるがわる。たがいに。＝迭",Type the reading!,Text
佚う,うしなう,"【A】イツ
① たのしむ。あそぶ。やすんずる。気ままにすきなことをする。
② のがれる。隠れる。世からのがれる。
③ うしなう。なくす。忘れる。
④ うつくしい。または、みだら。なまめかしい。
【B】テツいれかわる。かわるがわる。たがいに。＝迭",Type the reading!,Text
佚しむ,たのしむ,"【A】イツ
① たのしむ。あそぶ。やすんずる。気ままにすきなことをする。
② のがれる。隠れる。世からのがれる。
③ うしなう。なくす。忘れる。
④ うつくしい。または、みだら。なまめかしい。
【B】テツいれかわる。かわるがわる。たがいに。＝迭",Type the reading!,Text
佚れる,のがれる,"【A】イツ
① たのしむ。あそぶ。やすんずる。気ままにすきなことをする。
② のがれる。隠れる。世からのがれる。
③ うしなう。なくす。忘れる。
④ うつくしい。または、みだら。なまめかしい。
【B】テツいれかわる。かわるがわる。たがいに。＝迭",Type the reading!,Text
佚んずる,やすんずる,"【A】イツ
① たのしむ。あそぶ。やすんずる。気ままにすきなことをする。
② のがれる。隠れる。世からのがれる。
③ うしなう。なくす。忘れる。
④ うつくしい。または、みだら。なまめかしい。
【B】テツいれかわる。かわるがわる。たがいに。＝迭",Type the reading!,Text
佝か,おろか,"① おろか。暗い。
② 背が曲がっていること。またはそのような人。",Type the reading!,Text
佝がる,まがる,"① おろか。暗い。
② 背が曲がっていること。またはそのような人。",Type the reading!,Text
佞,よこしま,"① おもねる。へつらう。うまいことをいって相手に取り入る。
② よこしま。口先だけで内心は陰険である。
③ 口が達者。物言いが巧み。",Type the reading!,Text
佞う,へつらう,"① おもねる。へつらう。うまいことをいって相手に取り入る。
② よこしま。口先だけで内心は陰険である。
③ 口が達者。物言いが巧み。",Type the reading!,Text
佞る,おもねる,"① おもねる。へつらう。うまいことをいって相手に取り入る。
② よこしま。口先だけで内心は陰険である。
③ 口が達者。物言いが巧み。",Type the reading!,Text
佩,おびだま,"① おびだま。帯につける飾りの玉。
② おびる。はく。身につける。また、腰につける。
③ しっかりと心にとどめて忘れない。",Type the reading!,Text
佩く,はく,"① おびだま。帯につける飾りの玉。
② おびる。はく。身につける。また、腰につける。
③ しっかりと心にとどめて忘れない。",Type the reading!,Text
佩びる,おびる,"① おびだま。帯につける飾りの玉。
② おびる。はく。身につける。また、腰につける。
③ しっかりと心にとどめて忘れない。",Type the reading!,Text
佯う,さまよう,"① いつわる。ふりをする。みせかける。だます。
② さまよう。",Type the reading!,Text
佯る,いつわる,"① いつわる。ふりをする。みせかける。だます。
② さまよう。",Type the reading!,Text
佰,おさ,"① おさ。かしら。百人の長。または、百人で一組の隊のこと。
② 東西に通る小道、あぜ道。＝陌
③ 契約書や証書などの文書で数字を表すとき、書き換えを防ぐために「百」の代わりに用いる文字。大字。",Type the reading!,Text
佻い,かるい,"① かるい。かるがるしい。軽薄。
② ぬすむ。こっそりとぬすむ。",Type the reading!,Text
佻しい,かるがるしい,"① かるい。かるがるしい。軽薄。
② ぬすむ。こっそりとぬすむ。",Type the reading!,Text
侈,ほしいまま,"① おおきい。広い。
② おごる。おごりたかぶる。
③ ほしいまま。好き勝手。
④ ぜいたくをする。
⑤ 度をこす。度をこえる。",Type the reading!,Text
侈きい,おおきい,"① おおきい。広い。
② おごる。おごりたかぶる。
③ ほしいまま。好き勝手。
④ ぜいたくをする。
⑤ 度をこす。度をこえる。",Type the reading!,Text
侈る,おごる,"① おおきい。広い。
② おごる。おごりたかぶる。
③ ほしいまま。好き勝手。
④ ぜいたくをする。
⑤ 度をこす。度をこえる。",Type the reading!,Text
侏い,みじかい,"① みじかい。
② 背が低い。",Type the reading!,Text
侑いる,むくいる,"① すすめる。料理やお酒などをすすめる。
② たすける。かばってたすける。＝佑
③ むくいる。お礼をする。
④ ゆるす。罪などをゆるす。",Type the reading!,Text
侑ける,たすける,"① すすめる。料理やお酒などをすすめる。
② たすける。かばってたすける。＝佑
③ むくいる。お礼をする。
④ ゆるす。罪などをゆるす。",Type the reading!,Text
侑す,ゆるす,"① すすめる。料理やお酒などをすすめる。
② たすける。かばってたすける。＝佑
③ むくいる。お礼をする。
④ ゆるす。罪などをゆるす。",Type the reading!,Text
侑める,すすめる,"① すすめる。料理やお酒などをすすめる。
② たすける。かばってたすける。＝佑
③ むくいる。お礼をする。
④ ゆるす。罪などをゆるす。",Type the reading!,Text
侖う,おもう,"① 思う。
② ついでる。ついずる。順序立てる。",Type the reading!,Text
侘,わび,"ほこる。おごる。自慢する。
【日本】
① わび。わびる。つらく思う。さびしく思う。
② わびしい。まずしいさま。",Type the reading!,Text
侘しい,わびしい,"ほこる。おごる。自慢する。
【日本】
① わび。わびる。つらく思う。さびしく思う。
② わびしい。まずしいさま。",Type the reading!,Text
侘びる,わびる,"ほこる。おごる。自慢する。
【日本】
① わび。わびる。つらく思う。さびしく思う。
② わびしい。まずしいさま。",Type the reading!,Text
侘る,ほこる,"ほこる。おごる。自慢する。
【日本】
① わび。わびる。つらく思う。さびしく思う。
② わびしい。まずしいさま。",Type the reading!,Text
俎,まないた,"① まないた。魚や肉などの食品を調理する台。
② 祭りでいけにえをのせるつくえ形の台。",Type the reading!,Text
俐い,かしこい,かしこい。さかしい。頭がよく切れる。小利口。,Type the reading!,Text
俐しい,さかしい,かしこい。さかしい。頭がよく切れる。小利口。,Type the reading!,Text
俑,ひとがた,"① いたむ。いたみ。
② ひとがた。死者を埋葬するときに一緒に埋める人形。",Type the reading!,Text
俑む,いたむ,"① いたむ。いたみ。
② ひとがた。死者を埋葬するときに一緒に埋める人形。",Type the reading!,Text
俔う,うかがう,"【A】ケンうかがう。こっそりとのぞいて見る。
【B】ケンたとえる。別のものを引き合いに出す。",Type the reading!,Text
俔える,たとえる,"【A】ケンうかがう。こっそりとのぞいて見る。
【B】ケンたとえる。別のものを引き合いに出す。",Type the reading!,Text
俘,とりこ,"① とりこ。捕虜。
② とりこにする。捕らえる。いけどる。
③ とる。うばいとる。",Type the reading!,Text
俘る,とる,"① とりこ。捕虜。
② とりこにする。捕らえる。いけどる。
③ とる。うばいとる。",Type the reading!,Text
俚,ひな,いやしい。田舎くさい。ひな。ひなびた。民間の。,Type the reading!,Text
俚しい,いやしい,いやしい。田舎くさい。ひな。ひなびた。民間の。,Type the reading!,Text
俛せる,ふせる,"【A】フふせる。ふす。うつむく。うつぶせになる。
【B】ベン・メンつとめる。努力する。＝勉",Type the reading!,Text
俞,いよいよ,"【A】ユ
① しかり。「はい」と承諾を表すことば。
② 木をくり抜いて作った丸木舟。
【B】ユ
① いよいよ。ますます。
② いえる。やわらぐ。安らかなさま。",Type the reading!,Text
俞り,しかり,"【A】ユ
① しかり。「はい」と承諾を表すことば。
② 木をくり抜いて作った丸木舟。
【B】ユ
① いよいよ。ますます。
② いえる。やわらぐ。安らかなさま。",Type the reading!,Text
俟つ,まつ,待（ま）つ。たよりにする。立ち止まる。,Type the reading!,Text
俤,おもかげ,おもかげ。ようす。顔つき。,Type the reading!,Text
俥,くるま,くるま。人を乗せて走る人力による車。人力車。,Type the reading!,Text
俯く,うつむく,"① ふす。ふせる。うつぶす。うつむく。うなだれる。顔や身体を下に向ける。
② かくれる。閉じこもる。",Type the reading!,Text
俯す,"ふす,うつぶす","① ふす。ふせる。うつぶす。うつむく。うなだれる。顔や身体を下に向ける。
② かくれる。閉じこもる。",Type the reading!,Text
俯せる,ふせる,"① ふす。ふせる。うつぶす。うつむく。うなだれる。顔や身体を下に向ける。
② かくれる。閉じこもる。",Type the reading!,Text
俶い,よい,"【A】シュク
① はじめ。はじめる。おこり。おこす。
② よい。立派。整っている。
【B】テキすぐれる。すぐれている。抜きん出ている。",Type the reading!,Text
俶める,はじめる,"【A】シュク
① はじめ。はじめる。おこり。おこす。
② よい。立派。整っている。
【B】テキすぐれる。すぐれている。抜きん出ている。",Type the reading!,Text
俶れる,すぐれる,"【A】シュク
① はじめ。はじめる。おこり。おこす。
② よい。立派。整っている。
【B】テキすぐれる。すぐれている。抜きん出ている。",Type the reading!,Text
俾,しもべ,"【A】ヒ
① しもべ。召し使い。
② 「しむ」「せしむ」と読み、「～させる」の意。
【B】ヘイにらむ。横目でみる。",Type the reading!,Text
俾む,にらむ,"【A】ヒ
① しもべ。召し使い。
② 「しむ」「せしむ」と読み、「～させる」の意。
【B】ヘイにらむ。横目でみる。",Type the reading!,Text
倅,せがれ,"① たすけ。そえ。
② にわか。急に。突然。
【日本】せがれ。自分の息子をへりくだっていう語。",Type the reading!,Text
倅か,にわか,"① たすけ。そえ。
② にわか。急に。突然。
【日本】せがれ。自分の息子をへりくだっていう語。",Type the reading!,Text
倅け,たすけ,"① たすけ。そえ。
② にわか。急に。突然。
【日本】せがれ。自分の息子をへりくだっていう語。",Type the reading!,Text
倆,うでまえ,"① うでまえ。わざ。たくみ。
② ふたつ。二人一組。",Type the reading!,Text
倏ち,たちまち,たちまち。突然。にわかに。すみやかに。すばやく。,Type the reading!,Text
倏やか,すみやか,たちまち。突然。にわかに。すみやかに。すばやく。,Type the reading!,Text
們,ともがら,ともがら。人称代名詞につけて複数を表す。「我們（がもん）」は「わたしたち・われら」の意。,Type the reading!,Text
倔い,つよい,"① つよい。芯が強い。強情。
② 突出したさま。起こり立つさま。",Type the reading!,Text
倚む,たのむ,"【A】イ
① たのむ。たよる。
② よる。よりかかる。もたれる。
【B】キ
① 不思議。珍しい。＝奇
② ひとつ。ひとつの。＝奇",Type the reading!,Text
倚る,よる,"【A】イ
① たのむ。たよる。
② よる。よりかかる。もたれる。
【B】キ
① 不思議。珍しい。＝奇
② ひとつ。ひとつの。＝奇",Type the reading!,Text
倡,"あそびめ,わざおぎ","【A】ショウ
① あそびめ。遊女。
② わざおぎ。音楽を演奏する人や踊りを踊る人。
【B】ショウとなえる。最初に言いはじめる。また、最初に歌いはじめる。",Type the reading!,Text
倡える,となえる,"【A】ショウ
① あそびめ。遊女。
② わざおぎ。音楽を演奏する人や踊りを踊る人。
【B】ショウとなえる。最初に言いはじめる。また、最初に歌いはじめる。",Type the reading!,Text
倥か,おろか,"【A】コウおろか。おろかなさま。無知なさま。
【B】コウいそがしい。せわしい。あわただしいさま。
【日本】ぬかる。ぬかり。手落ち。やり損なう。",Type the reading!,Text
倥しい,いそがしい,"【A】コウおろか。おろかなさま。無知なさま。
【B】コウいそがしい。せわしい。あわただしいさま。
【日本】ぬかる。ぬかり。手落ち。やり損なう。",Type the reading!,Text
倥る,ぬかる,"【A】コウおろか。おろかなさま。無知なさま。
【B】コウいそがしい。せわしい。あわただしいさま。
【日本】ぬかる。ぬかり。手落ち。やり損なう。",Type the reading!,Text
倨る,おごる,"① おごる。おごりたかぶる。
② 足を投げ出して座る。あぐらをかく。",Type the reading!,Text
倩,"つらつら,むこ","【A】セイ
① 婿（むこ）。
② 雇（やと）う。雇い人。代理。
【B】セン
① うつくしい。うるわしい。口元が愛らしいさま。
② 男子の字（あざな）に用いる美称。
【日本】つらつら。つくづく。よくよく。",Type the reading!,Text
倩う,やとう,"【A】セイ
① 婿（むこ）。
② 雇（やと）う。雇い人。代理。
【B】セン
① うつくしい。うるわしい。口元が愛らしいさま。
② 男子の字（あざな）に用いる美称。
【日本】つらつら。つくづく。よくよく。",Type the reading!,Text
倩しい,うつくしい,"【A】セイ
① 婿（むこ）。
② 雇（やと）う。雇い人。代理。
【B】セン
① うつくしい。うるわしい。口元が愛らしいさま。
② 男子の字（あざな）に用いる美称。
【日本】つらつら。つくづく。よくよく。",Type the reading!,Text
倪,"きわ,ながしめ","① きわ。はし。かぎり。
② 流し目（ながしめ）。横目でみる。
③ 幼い子供。かよわいもの。",Type the reading!,Text
倬い,たかい,"① あきらか。著しい。
② おおきい。たかい。目立って大きい。
③ 目立ってすぐれている。",Type the reading!,Text
倬きい,おおきい,"① あきらか。著しい。
② おおきい。たかい。目立って大きい。
③ 目立ってすぐれている。",Type the reading!,Text
倬らか,あきらか,"① あきらか。著しい。
② おおきい。たかい。目立って大きい。
③ 目立ってすぐれている。",Type the reading!,Text
偃す,ふす,"① おごる。おごりたかぶる。
② ふす。ふせる。たおれる。
③ やめる。戦をやめる。
④ やすむ。一休みする。
⑤ せき。せく。水などをせき止める。＝堰
⑥ 便所。かわや。",Type the reading!,Text
偃せる,ふせる,"① おごる。おごりたかぶる。
② ふす。ふせる。たおれる。
③ やめる。戦をやめる。
④ やすむ。一休みする。
⑤ せき。せく。水などをせき止める。＝堰
⑥ 便所。かわや。",Type the reading!,Text
偃める,やめる,"① おごる。おごりたかぶる。
② ふす。ふせる。たおれる。
③ やめる。戦をやめる。
④ やすむ。一休みする。
⑤ せき。せく。水などをせき止める。＝堰
⑥ 便所。かわや。",Type the reading!,Text
偃る,おごる,"① おごる。おごりたかぶる。
② ふす。ふせる。たおれる。
③ やめる。戦をやめる。
④ やすむ。一休みする。
⑤ せき。せく。水などをせき止める。＝堰
⑥ 便所。かわや。",Type the reading!,Text
偈い,はやい,"【A】ゲ・ケイ
① いこう。休む。
② 仏の教えをほめたたえた韻文。
【B】ケツはやい。はやく走るさま。",Type the reading!,Text
偈う,いこう,"【A】ゲ・ケイ
① いこう。休む。
② 仏の教えをほめたたえた韻文。
【B】ケツはやい。はやく走るさま。",Type the reading!,Text
偐,"にせ,にせもの",にせ。にせもの。＝贋,Type the reading!,Text
偕に,ともに,"① ともに。一緒に。
② ともにする。つれだつ。ともに行動する。
③ ともなう。同伴。
④ ととのう。かなう。適合する。調和する。",Type the reading!,Text
偖,さて,"裂（さ）く。ひらく。
【日本】さて。「さて～しようか」などと用いる発声のことば。",Type the reading!,Text
做す,なす,"① なす。する。おこなう。
② なる。～になる。",Type the reading!,Text
偸,かりそめ,"① うすい。情がうすい。薄情。
② かりそめ。いい加減にする。おろそかにする。
③ ぬすむ。こっそり抜き取る。盗人。",Type the reading!,Text
偸い,うすい,"① うすい。情がうすい。薄情。
② かりそめ。いい加減にする。おろそかにする。
③ ぬすむ。こっそり抜き取る。盗人。",Type the reading!,Text
偸む,ぬすむ,"① うすい。情がうすい。薄情。
② かりそめ。いい加減にする。おろそかにする。
③ ぬすむ。こっそり抜き取る。盗人。",Type the reading!,Text
傀,くぐつ,"【A】カイ
① おおきい。目立っておおきい。立派。
② もののけ。わざわい。あやしい。奇怪。
【B】カイくぐつ。でく。あやつり人形。からくり人形。",Type the reading!,Text
傀きい,おおきい,"【A】カイ
① おおきい。目立っておおきい。立派。
② もののけ。わざわい。あやしい。奇怪。
【B】カイくぐつ。でく。あやつり人形。からくり人形。",Type the reading!,Text
傅,もり,"【A】フ
① かしずく。つく。くっつける。近づく。
② もり。もり役。そばに付き添う。
【B】フしく。ならべる。のべひろげる。",Type the reading!,Text
傅く,"かしずく,つく","【A】フ
① かしずく。つく。くっつける。近づく。
② もり。もり役。そばに付き添う。
【B】フしく。ならべる。のべひろげる。",Type the reading!,Text
傚う,ならう,ならう。まねる。学ぶ。,Type the reading!,Text
傴む,"かがむ,つつしむ","① かがむ。腰をまげる。
② つつしむ。うやうやしいさま。",Type the reading!,Text
僂げる,まげる,"① かがめる。まげる。前かがみになる。背をまげる。
② 背骨が曲がる病気。",Type the reading!,Text
僂める,かがめる,"① かがめる。まげる。前かがみになる。背をまげる。
② 背骨が曲がる病気。",Type the reading!,Text
僉,みな,みな。すべて。ことごとく。,Type the reading!,Text
僊,"せんにん,やまびと","①  仙人（せんにん）。山で修行を積み、不老不死の術を会得したといわれる人。＝仙
② 世俗から離れ、山中などで暮らすひと。＝仙",Type the reading!,Text
僖しむ,たのしむ,楽しむ。喜ぶ。楽しみ。めでたいさま。,Type the reading!,Text
僖ぶ,よろこぶ,楽しむ。喜ぶ。楽しみ。めでたいさま。,Type the reading!,Text
僣える,なぞらえる,"【A】センおごる。なぞらえる。おごりたかぶる。身分が低い人が身分が高い人のまねをする。また、勝手に身分が高い人の領域をおかす。
【B】シンそしる。悪口を言う。",Type the reading!,Text
僣る,おごる,"【A】センおごる。なぞらえる。おごりたかぶる。身分が低い人が身分が高い人のまねをする。また、勝手に身分が高い人の領域をおかす。
【B】シンそしる。悪口を言う。",Type the reading!,Text
僥う,ねがう,"【A】ギョウねがう。もとめる。望む。
【B】ギョウ「焦僥（しょうぎょう）」は中国の西南にあるとされる伝説上の国の名。",Type the reading!,Text
僥める,もとめる,"【A】ギョウねがう。もとめる。望む。
【B】ギョウ「焦僥（しょうぎょう）」は中国の西南にあるとされる伝説上の国の名。",Type the reading!,Text
僭える,なぞらえる,"【A】センおごる。なぞらえる。おごりたかぶる。身分が低い人が身分が高い人のまねをする。また、勝手に身分が高い人の領域をおかす。
【B】シンそしる。悪口を言う。",Type the reading!,Text
僭る,おごる,"【A】センおごる。なぞらえる。おごりたかぶる。身分が低い人が身分が高い人のまねをする。また、勝手に身分が高い人の領域をおかす。
【B】シンそしる。悪口を言う。",Type the reading!,Text
僮,"しもべ,わらべ","① おろか。おろか者。無知な者。
② しもべ。召し使い。
③ わらべ。こども。未成年者。
④ つつしむさま。へつらうさま。",Type the reading!,Text
僮か,おろか,"① おろか。おろか者。無知な者。
② しもべ。召し使い。
③ わらべ。こども。未成年者。
④ つつしむさま。へつらうさま。",Type the reading!,Text
僵れる,たおれる,"① たおれる。倒れて死ぬ。
② こわばる。体をこわばらせる。",Type the reading!,Text
儁れる,すぐれる,すぐれる。また、すぐれた人。＝俊,Type the reading!,Text
儂,"わし,われ","① わし。われ。自分を意味する俗語。
② あなた。おまえ。相手を呼ぶ俗語。
③ かれ。彼を意味する俗語。",Type the reading!,Text
儔,ともがら,"① ともがら。とも。仲間。
② ならぶ。等しい。匹敵する。",Type the reading!,Text
儕,ともがら,"① ともがら。とも。仲間。
② 一緒に。ともに。
③ つれあい。ともに行動する人。",Type the reading!,Text
儚い,"くらい,はかない","くらい。おろか。ぼんやりとしたさま。
【日本】
① はかない。夢のように頼りがいがない。あてにならない。
② はかなむ。はかないと思う。",Type the reading!,Text
儚む,はかなむ,"くらい。おろか。ぼんやりとしたさま。
【日本】
① はかない。夢のように頼りがいがない。あてにならない。
② はかなむ。はかないと思う。",Type the reading!,Text
儡,"くぐつ,でく","① くぐつ。でく。あやつり人形。からくり人形。例：傀儡（かいらい）
② つかれる。落ちぶれる。敗れる。",Type the reading!,Text
儡れる,つかれる,"① くぐつ。でく。あやつり人形。からくり人形。例：傀儡（かいらい）
② つかれる。落ちぶれる。敗れる。",Type the reading!,Text
儷,つれあい,"① つれあい。夫婦。
② ならぶ。そろってならぶ。対になる。
③ ともがら。仲間。",Type the reading!,Text
儷ぶ,ならぶ,"① つれあい。夫婦。
② ならぶ。そろってならぶ。対になる。
③ ともがら。仲間。",Type the reading!,Text
儺,おにやらい,おにやらい。疫病神を追い払う行事。,Type the reading!,Text
儻いは,あるいは,"① あるいは。もし。仮定の意。
② すぐれる。すぐれている。",Type the reading!,Text
儻し,もし,"① あるいは。もし。仮定の意。
② すぐれる。すぐれている。",Type the reading!,Text
儻れる,すぐれる,"① あるいは。もし。仮定の意。
② すぐれる。すぐれている。",Type the reading!,Text
儼か,おごそか,"① いかめしい。おごそか。いかついさま。
② つつしむ。うやうやしい。",Type the reading!,Text
儼しい,いかめしい,"① いかめしい。おごそか。いかついさま。
② つつしむ。うやうやしい。",Type the reading!,Text
兀い,たかい,"① たかい。山などが高くつきでているさま。また、高くて上が平らなさま。
② 草木がないさま。はげたさま。
③ 動かないさま。
④ 一心に物事にうちこむさま。
⑤ あしきる。足斬りの刑罰。",Type the reading!,Text
兌い,するどい,"【A】ダ・タイ
① かえる。とりかえる。交換する。
② よろこぶ。楽しむ。＝悦
③ あな。耳・鼻・目・口などのこと。
④ あな。抜け道。
⑤ とおる。達する。通ずる。
⑥ 易（エキ）の八卦の一つ。
【B】エイするどい。＝鋭
【C】エツよろこぶ。楽しむ。＝悦",Type the reading!,Text
兌える,かえる,"【A】ダ・タイ
① かえる。とりかえる。交換する。
② よろこぶ。楽しむ。＝悦
③ あな。耳・鼻・目・口などのこと。
④ あな。抜け道。
⑤ とおる。達する。通ずる。
⑥ 易（エキ）の八卦の一つ。
【B】エイするどい。＝鋭
【C】エツよろこぶ。楽しむ。＝悦",Type the reading!,Text
兌ぶ,よろこぶ,"【A】ダ・タイ
① かえる。とりかえる。交換する。
② よろこぶ。楽しむ。＝悦
③ あな。耳・鼻・目・口などのこと。
④ あな。抜け道。
⑤ とおる。達する。通ずる。
⑥ 易（エキ）の八卦の一つ。
【B】エイするどい。＝鋭
【C】エツよろこぶ。楽しむ。＝悦",Type the reading!,Text
兢む,つつしむ,"① おそれる。つつしむ。
② 強いさま。丈夫なさま。",Type the reading!,Text
兢れる,おそれる,"① おそれる。つつしむ。
② 強いさま。丈夫なさま。",Type the reading!,Text
兪,いよいよ,"【A】ユ
① しかり。「はい」と承諾を表すことば。
② 木をくり抜いて作った丸木舟。
【B】ユ
① いよいよ。ますます。
② いえる。やわらぐ。安らかなさま。",Type the reading!,Text
兪り,しかり,"【A】ユ
① しかり。「はい」と承諾を表すことば。
② 木をくり抜いて作った丸木舟。
【B】ユ
① いよいよ。ますます。
② いえる。やわらぐ。安らかなさま。",Type the reading!,Text
冀う,こいねがう,"① こいねがう。そのようになってほしいと心で願う。
② こいねがわくは。どうか。なにとぞ。
③ 古代中国の九州のひとつ。冀州（キシュウ）。
④ 河北省の別の名。",Type the reading!,Text
冀わくは,こいねがわくは,"① こいねがう。そのようになってほしいと心で願う。
② こいねがわくは。どうか。なにとぞ。
③ 古代中国の九州のひとつ。冀州（キシュウ）。
④ 河北省の別の名。",Type the reading!,Text
冉やか,しなやか,"① しなやか。しなやかなさま。
② ゆく。すすむ。ゆっくりと進む。
③ ひげなどのようにやわらかにゆっくりと伸び進むさま。",Type the reading!,Text
冏らか,あきらか,あきらか。あきらかなさま。明るいさま。きらきらと輝くさま。,Type the reading!,Text
冑,"かぶと,よろい","かぶと。頭を守る防具。
【日本】よろい。体を守る防具。本来の意味は甲が「よろい」冑が「かぶと」であるが、日本では解釈の誤りから逆にして用いられる。",Type the reading!,Text
冓える,かまえる,かまえる。くむ。組み立てる。組み合わせる。,Type the reading!,Text
冓む,くむ,かまえる。くむ。組み立てる。組み合わせる。,Type the reading!,Text
冕,かんむり,かんむり。天子から大夫までが着用する礼装用のかんむり。かぶりもの。,Type the reading!,Text
冢,つか,"① おおきい。きわめて地位が高い。
② つか。大きな墓。
③ おか。山のいただき。
④ あとつぎ。長男。正妻が産んだ長男。",Type the reading!,Text
冢きい,おおきい,"① おおきい。きわめて地位が高い。
② つか。大きな墓。
③ おか。山のいただき。
④ あとつぎ。長男。正妻が産んだ長男。",Type the reading!,Text
冤,"あだ,ぬれぎぬ","① あだ。うらみ。かたき。
② ぬれぎぬ。やっていない無実の罪。",Type the reading!,Text
冦,"あだ,かたき","① あだ。かたき。外から攻めてくる敵。
② あだする。侵入してものを奪いとる。荒らしまわる。乱暴を働く。",Type the reading!,Text
冦する,あだする,"① あだ。かたき。外から攻めてくる敵。
② あだする。侵入してものを奪いとる。荒らしまわる。乱暴を働く。",Type the reading!,Text
冪う,おおう,"① おおう。かぶせる。おおいかぶせる。
② 物におおいかぶせる布。
③ べき。累乗。同じ数を何度もかけあわせたもの。",Type the reading!,Text
冱い,さむい,"① こおる。冷える。冷たい。
② さむい。こごえるほど寒い。
【日本】さえる。澄みわたる。冷えきる。",Type the reading!,Text
冱える,さえる,"① こおる。冷える。冷たい。
② さむい。こごえるほど寒い。
【日本】さえる。澄みわたる。冷えきる。",Type the reading!,Text
冱る,こおる,"① こおる。冷える。冷たい。
② さむい。こごえるほど寒い。
【日本】さえる。澄みわたる。冷えきる。",Type the reading!,Text
冽い,さむい,"① さむい。つめたい。とても寒い。とても冷たい。
② きよい。澄んでいる。",Type the reading!,Text
冽たい,つめたい,"① さむい。つめたい。とても寒い。とても冷たい。
② きよい。澄んでいる。",Type the reading!,Text
凅る,こおる,"① こおる。こごる。こおりつく。
② ふさぐ。ふさがる。とじる。",Type the reading!,Text
凊い,さむい,すずしい。さむい。,Type the reading!,Text
凊しい,すずしい,すずしい。さむい。,Type the reading!,Text
凛い,さむい,"① さむい。きびしく寒い。身がひきしまるような寒さ。
② すさまじい。りりしいさま。身がひきしまったさま。",Type the reading!,Text
凛まじい,すさまじい,"① さむい。きびしく寒い。身がひきしまるような寒さ。
② すさまじい。りりしいさま。身がひきしまったさま。",Type the reading!,Text
凜い,さむい,"① さむい。きびしく寒い。身がひきしまるような寒さ。
② すさまじい。りりしいさま。身がひきしまったさま。",Type the reading!,Text
凜まじい,すさまじい,"① さむい。きびしく寒い。身がひきしまるような寒さ。
② すさまじい。りりしいさま。身がひきしまったさま。",Type the reading!,Text
几,"つくえ,ひじかけ","① つくえ。台。＝机
② ひじかけ。脇息（きょうそく）。ひじを置いて休息する道具。",Type the reading!,Text
凩,こがらし,こがらし。秋の終わりから冬のはじめにかけて吹く強い風。,Type the reading!,Text
凭る,よる,よる。もたれる。もたれかかる。よりかかる。,Type the reading!,Text
凭れる,もたれる,よる。もたれる。もたれかかる。よりかかる。,Type the reading!,Text
刋る,"きる,けずる",きる。けずる。刀で切る。,Type the reading!,Text
刎ねる,"くびはねる,はねる","① くびはねる。はねる。首をはねる。首を切って死ぬ。
② 切る。断つ。",Type the reading!,Text
刔る,えぐる,えぐる。くじる。えぐり取る。えぐり出す。,Type the reading!,Text
删ぶ,えらぶ,"① えらぶ。定める。抜き出す。選定する。抜粋する。
② けずる。文章の余分な字句を取り除く。",Type the reading!,Text
删る,けずる,"① えらぶ。定める。抜き出す。選定する。抜粋する。
② けずる。文章の余分な字句を取り除く。",Type the reading!,Text
刪ぶ,えらぶ,"① えらぶ。定める。抜き出す。選定する。抜粋する。
② けずる。文章の余分な字句を取り除く。",Type the reading!,Text
刪る,けずる,"① えらぶ。定める。抜き出す。選定する。抜粋する。
② けずる。文章の余分な字句を取り除く。",Type the reading!,Text
刮げる,こそげる,"① けずる。こそげる。えぐる。
② こする。する。",Type the reading!,Text
刮る,"けずる,こする","① けずる。こそげる。えぐる。
② こする。する。",Type the reading!,Text
刱める,はじめる,"① はじめる。はじめ。＝創
② そこなう。やぶれる。傷つく。傷つける。",Type the reading!,Text
刳く,さく,"① えぐる。くる。くりぬく。
② さく。切りさく。切りひらく。",Type the reading!,Text
刳る,"えぐる,くる","① えぐる。くる。くりぬく。
② さく。切りさく。切りひらく。",Type the reading!,Text
剄る,くびきる,くびきる。首をきる。刀で首をはねる。,Type the reading!,Text
剋しい,きびしい,"① かつ。打ち勝つ。
② きざむ。きめる。刻み込む。
③ きびしい。ひどい。むごい。",Type the reading!,Text
剋つ,かつ,"① かつ。打ち勝つ。
② きざむ。きめる。刻み込む。
③ きびしい。ひどい。むごい。",Type the reading!,Text
剋む,きざむ,"① かつ。打ち勝つ。
② きざむ。きめる。刻み込む。
③ きびしい。ひどい。むごい。",Type the reading!,Text
剋める,きめる,"① かつ。打ち勝つ。
② きざむ。きめる。刻み込む。
③ きびしい。ひどい。むごい。",Type the reading!,Text
剌く,そむく,"① そむく。もとる。たがう。さからう。
② 「溌剌（はつらつ）」は、魚が飛びはねるさま。元気なさま。",Type the reading!,Text
剌る,もとる,"① そむく。もとる。たがう。さからう。
② 「溌剌（はつらつ）」は、魚が飛びはねるさま。元気なさま。",Type the reading!,Text
剏める,はじめる,"① はじめる。はじめ。＝創
② そこなう。やぶれる。傷つく。傷つける。",Type the reading!,Text
剔る,"えぐる,そる","【A】テキえぐる。えぐりだす。取り除く。
【B】テイそる。髪の毛やひげなどをそる。",Type the reading!,Text
剞む,きざむ,"① きざむ。彫る。
② 彫刻などに用いる曲がった小刀。",Type the reading!,Text
剪ぼす,ほろぼす,"① きる。つむ。はさむ。切りそろえる。はさみで切る。
② 滅ぼす。討ち滅ぼす。",Type the reading!,Text
剪む,"つむ,はさむ","① きる。つむ。はさむ。切りそろえる。はさみで切る。
② 滅ぼす。討ち滅ぼす。",Type the reading!,Text
剪る,きる,"① きる。つむ。はさむ。切りそろえる。はさみで切る。
② 滅ぼす。討ち滅ぼす。",Type the reading!,Text
剳,"かぎ,かま","① 鉤（かぎ）。
② 鎌（かま）。草を刈る鎌。",Type the reading!,Text
剴る,きる,"① きる。刃物で切る。
② する。こする。ごしごしこする。
③ ちかい。近づく。近づける。
④ 大きい鎌。",Type the reading!,Text
剽い,すばやい,"【A】ヒョウ
① おびやかす。おどす。おどして奪いとる。かすめとる。
② すばやい。はやい。身のこなしが軽い。
③ 荒い。荒々しい。
【B】ヒョウさき。末端。すえ。",Type the reading!,Text
剽かす,おびやかす,"【A】ヒョウ
① おびやかす。おどす。おどして奪いとる。かすめとる。
② すばやい。はやい。身のこなしが軽い。
③ 荒い。荒々しい。
【B】ヒョウさき。末端。すえ。",Type the reading!,Text
剿つ,たつ,"【A】ショウ
① 断（た）つ。断ち切る。
② 滅（ほろ）ぼす。滅亡させる。殺す。
【B】ショウ・ソウかすめとる。かすめる。奪い取る。",Type the reading!,Text
剿ぼす,ほろぼす,"【A】ショウ
① 断（た）つ。断ち切る。
② 滅（ほろ）ぼす。滅亡させる。殺す。
【B】ショウ・ソウかすめとる。かすめる。奪い取る。",Type the reading!,Text
剿る,かすめとる,"【A】ショウ
① 断（た）つ。断ち切る。
② 滅（ほろ）ぼす。滅亡させる。殺す。
【B】ショウ・ソウかすめとる。かすめる。奪い取る。",Type the reading!,Text
劄,もうしぶみ,"【A】トウさす。針をさす。
【B】サツ
① もうしぶみ。身分の下の者が上の者に提出する文書。
② しるす。感想などを書き記す。",Type the reading!,Text
劄す,"さす,しるす","【A】トウさす。針をさす。
【B】サツ
① もうしぶみ。身分の下の者が上の者に提出する文書。
② しるす。感想などを書き記す。",Type the reading!,Text
劈く,"さく,つんざく","① さく。つんざく。刃物でさく。ひらく。
② わる。割れる。ひびが入り割れる。",Type the reading!,Text
劬れる,つかれる,"① つかれる。働きつかれる。苦労する。
② いたわる。ねぎらう。",Type the reading!,Text
劭める,つとめる,"① つとめる。はげむ。力を出す。努力する。
② うるわしい。うつくしい。あでやか。",Type the reading!,Text
劼む,つつしむ,"① つつしむ。かたい。固く引き締める。
② つとめる。努力する。力をつくす。",Type the reading!,Text
劼める,つとめる,"① つつしむ。かたい。固く引き締める。
② つとめる。努力する。力をつくす。",Type the reading!,Text
勁い,つよい,"① つよい。かたい。鋭い。力強い。たるむことなく強くまっすぐに張っているさま。
② 強い力。強く張った力。",Type the reading!,Text
勍い,つよい,つよい。こわい。たけだけしい。,Type the reading!,Text
勒,くつわ,"① おさえる。抑えつける。強制する。
② おさめる。まとめる。統率する。
③ きざむ。ほる。
④ くつわ。おもがい。
⑤ 書法「永字八法」の一つ。筆画の横画。",Type the reading!,Text
勒える,おさえる,"① おさえる。抑えつける。強制する。
② おさめる。まとめる。統率する。
③ きざむ。ほる。
④ くつわ。おもがい。
⑤ 書法「永字八法」の一つ。筆画の横画。",Type the reading!,Text
勒む,きざむ,"① おさえる。抑えつける。強制する。
② おさめる。まとめる。統率する。
③ きざむ。ほる。
④ くつわ。おもがい。
⑤ 書法「永字八法」の一つ。筆画の横画。",Type the reading!,Text
勒める,おさめる,"① おさえる。抑えつける。強制する。
② おさめる。まとめる。統率する。
③ きざむ。ほる。
④ くつわ。おもがい。
⑤ 書法「永字八法」の一つ。筆画の横画。",Type the reading!,Text
勒る,ほる,"① おさえる。抑えつける。強制する。
② おさめる。まとめる。統率する。
③ きざむ。ほる。
④ くつわ。おもがい。
⑤ 書法「永字八法」の一つ。筆画の横画。",Type the reading!,Text
勖ます,はげます,つとめる。はげます。はげむ。努力する。精を出す。,Type the reading!,Text
勖める,つとめる,つとめる。はげます。はげむ。努力する。精を出す。,Type the reading!,Text
勗ます,はげます,つとめる。はげます。はげむ。努力する。精を出す。,Type the reading!,Text
勗める,つとめる,つとめる。はげます。はげむ。努力する。精を出す。,Type the reading!,Text
勠せる,あわせる,あわせる。力を合わせる。力を一つにする。,Type the reading!,Text
勣,いさお,いさお。功績。手柄。成果。,Type the reading!,Text
勦い,すばやい,"【A】ショウ
① つかれる。
② 断（た）つ。断ち切る。
③ 滅（ほろ）ぼす。滅亡させる。殺す。
【B】ソウ
① かすめとる。うばいとる。
② すばやい。",Type the reading!,Text
勦つ,たつ,"【A】ショウ
① つかれる。
② 断（た）つ。断ち切る。
③ 滅（ほろ）ぼす。滅亡させる。殺す。
【B】ソウ
① かすめとる。うばいとる。
② すばやい。",Type the reading!,Text
勦ぼす,ほろぼす,"【A】ショウ
① つかれる。
② 断（た）つ。断ち切る。
③ 滅（ほろ）ぼす。滅亡させる。殺す。
【B】ソウ
① かすめとる。うばいとる。
② すばやい。",Type the reading!,Text
勦る,かすめとる,"【A】ショウ
① つかれる。
② 断（た）つ。断ち切る。
③ 滅（ほろ）ぼす。滅亡させる。殺す。
【B】ソウ
① かすめとる。うばいとる。
② すばやい。",Type the reading!,Text
匆しい,いそがしい,"① いそがしい。あわただしい。＝怱
② あわてる。急ぐ。",Type the reading!,Text
匈,むね,"① むね。こころ。＝胸
② わるい。おそれる。＝兇
③ 古代、中国の北方に住んでいた遊牧民族の名。匈奴（キョウド）。",Type the reading!,Text
匈い,わるい,"① むね。こころ。＝胸
② わるい。おそれる。＝兇
③ 古代、中国の北方に住んでいた遊牧民族の名。匈奴（キョウド）。",Type the reading!,Text
匍う,"はう,はらばう",はう。はらばう。腹を地面につけてはって進む。例：匍匐（ほふく）,Type the reading!,Text
匏,"ひさご,ふくべ","① ひさご。ふくべ。ひょうたん。また、その実で作った容器。
② ひょうたんなどで作られた楽器。八音（「金」「石」「糸」「竹」「匏」「土」「革」「木」）の一つ。",Type the reading!,Text
匐う,"はう,はらばう",はう。はらばう。腹ばいになる。例：匍匐（ほふく）,Type the reading!,Text
匕,さじ,"① さじ。スプーン。食べ物などをすくう道具。
② あいくち。鍔（つば）のない短剣。",Type the reading!,Text
匚,はこ,はこ。四角形のはこ。物をいれるはこ。,Type the reading!,Text
匣,はこ,はこ。ふたがついている小さな箱。,Type the reading!,Text
匯る,めぐる,"① めぐる。水がめぐり流れる。
② あつまる。水の流れがひとつの場所に集まる。
③ 為替（かわせ）。",Type the reading!,Text
匱,"はこ,ひつ","① とぼしい。欠けている。空っぽ。
② はこ。ひつ。大きい箱。
③ もっこ。土や砂などを運ぶ道具。",Type the reading!,Text
匱しい,とぼしい,"① とぼしい。欠けている。空っぽ。
② はこ。ひつ。大きい箱。
③ もっこ。土や砂などを運ぶ道具。",Type the reading!,Text
匳,"くしげ,こばこ","① くしげ。化粧箱。
② こばこ。小物などを入れるための小さい箱。",Type the reading!,Text
卅,"さんじゅう,みそ",さんじゅう。三十。十を三つ組み合わせた形であることから。,Type the reading!,Text
卉,くさ,"① 草（くさ）。草の総称。
② 盛（さか）ん。",Type the reading!,Text
卉ん,さかん,"① 草（くさ）。草の総称。
② 盛（さか）ん。",Type the reading!,Text
卍,まんじ,"まんじ。仏書に用いられる吉祥の印。漢訳時に「万」の字にあてたもの。
【日本】
① まんじ。紋所の名前。
② 縦や横に入り乱れるさま。",Type the reading!,Text
卮,さかずき,さかずき。お酒を飲む容器。四升入りの大きいさかずき。,Type the reading!,Text
卹える,うれえる,"① うれえる。心配する。気にかける。
② あわれむ。めぐむ。気の毒に思う。情けをかける。
③ めぐむ。あわれんで金品を与える。",Type the reading!,Text
卹む,めぐむ,"① うれえる。心配する。気にかける。
② あわれむ。めぐむ。気の毒に思う。情けをかける。
③ めぐむ。あわれんで金品を与える。",Type the reading!,Text
卹れむ,あわれむ,"① うれえる。心配する。気にかける。
② あわれむ。めぐむ。気の毒に思う。情けをかける。
③ めぐむ。あわれんで金品を与える。",Type the reading!,Text
卻く,しりぞく,"① かえって。逆に。反対に。
② しりぞく。さがる。後ろに引く。
③ しりぞける。拒む。押し戻す。
④ 動詞の後につけて「～してしまう」「～し終わる」の意を表す。",Type the reading!,Text
卻ける,しりぞける,"① かえって。逆に。反対に。
② しりぞく。さがる。後ろに引く。
③ しりぞける。拒む。押し戻す。
④ 動詞の後につけて「～してしまう」「～し終わる」の意を表す。",Type the reading!,Text
卻って,かえって,"① かえって。逆に。反対に。
② しりぞく。さがる。後ろに引く。
③ しりぞける。拒む。押し戻す。
④ 動詞の後につけて「～してしまう」「～し終わる」の意を表す。",Type the reading!,Text
厖い,あつい,"① 厚（あつ）い。大（おお）きい。多い。たっぷりとあるさま。
② いりまじる。乱れる。動物などの毛が乱れるさま。",Type the reading!,Text
厖きい,おおきい,"① 厚（あつ）い。大（おお）きい。多い。たっぷりとあるさま。
② いりまじる。乱れる。動物などの毛が乱れるさま。",Type the reading!,Text
厠,かわや,"【A】シ
① かわや。便をするための場所。
② ぶた小屋。
③ まじる。いりまじる。
【B】シキ・ショクかたわら。わき。そば。＝側",Type the reading!,Text
厠じる,まじる,"【A】シ
① かわや。便をするための場所。
② ぶた小屋。
③ まじる。いりまじる。
【B】シキ・ショクかたわら。わき。そば。＝側",Type the reading!,Text
厥,それ,"【A】ケツ
① その。それ。
② ほる。石を掘る。
③ まげる。くぼむ。ぬかずく。丁寧にお辞儀する。
④ のぼせる。嘔吐する。また、そのような病気。
【B】クツ・ケツトルコ系の遊牧国家の突厥（トックツ・トッケツ）に用いられる字。",Type the reading!,Text
厥の,その,"【A】ケツ
① その。それ。
② ほる。石を掘る。
③ まげる。くぼむ。ぬかずく。丁寧にお辞儀する。
④ のぼせる。嘔吐する。また、そのような病気。
【B】クツ・ケツトルコ系の遊牧国家の突厥（トックツ・トッケツ）に用いられる字。",Type the reading!,Text
厦,いえ,いえ。大きな家。,Type the reading!,Text
厮,"こもの,めしつかい","① こもの。めしつかい。つかい。雑用をするもの。
② ～しあう。互いに。",Type the reading!,Text
厲,"えやみ,といし","【A】レイ・えやみ・といし・と（ぐ）・はげ（しい）・はげ（む）・や（む）・わざわ（い）
① といし。刃物をみがく道具。
② とぐ。といしでとぐ。
③ はげしい。きびしい。
④ はげむ。はげます。＝励
⑤ やむ。えやみ。疫病。
⑥ わざわい。たたり。
【B】ライハンセン病。",Type the reading!,Text
厲い,わざわい,"【A】レイ・えやみ・といし・と（ぐ）・はげ（しい）・はげ（む）・や（む）・わざわ（い）
① といし。刃物をみがく道具。
② とぐ。といしでとぐ。
③ はげしい。きびしい。
④ はげむ。はげます。＝励
⑤ やむ。えやみ。疫病。
⑥ わざわい。たたり。
【B】ライハンセン病。",Type the reading!,Text
厲ぐ,とぐ,"【A】レイ・えやみ・といし・と（ぐ）・はげ（しい）・はげ（む）・や（む）・わざわ（い）
① といし。刃物をみがく道具。
② とぐ。といしでとぐ。
③ はげしい。きびしい。
④ はげむ。はげます。＝励
⑤ やむ。えやみ。疫病。
⑥ わざわい。たたり。
【B】ライハンセン病。",Type the reading!,Text
厲しい,はげしい,"【A】レイ・えやみ・といし・と（ぐ）・はげ（しい）・はげ（む）・や（む）・わざわ（い）
① といし。刃物をみがく道具。
② とぐ。といしでとぐ。
③ はげしい。きびしい。
④ はげむ。はげます。＝励
⑤ やむ。えやみ。疫病。
⑥ わざわい。たたり。
【B】ライハンセン病。",Type the reading!,Text
厲む,"はげむ,やむ","【A】レイ・えやみ・といし・と（ぐ）・はげ（しい）・はげ（む）・や（む）・わざわ（い）
① といし。刃物をみがく道具。
② とぐ。といしでとぐ。
③ はげしい。きびしい。
④ はげむ。はげます。＝励
⑤ やむ。えやみ。疫病。
⑥ わざわい。たたり。
【B】ライハンセン病。",Type the reading!,Text
叟,おきな,おきな。としより。老人。,Type the reading!,Text
叟り,としより,おきな。としより。老人。,Type the reading!,Text
叨に,みだりに,"① みだりに。分不相応に。また、分不相応に恩を受ける。
② むさぼる。＝饕
③ だらだらとしゃべる。口数が多い。",Type the reading!,Text
叨る,むさぼる,"① みだりに。分不相応に。また、分不相応に恩を受ける。
② むさぼる。＝饕
③ だらだらとしゃべる。口数が多い。",Type the reading!,Text
叮ろ,ねんごろ,"① ねんごろ。念入りにたのむ、また心がこもっているなどの意の「叮嚀（テイネイ）」に用いられる字。「丁」に書きかえられる場合がある。
② 鈴や玉の触れ合う音の形容の意の「叮噹（ていとう）」に用いられる字。",Type the reading!,Text
叺,かます,かます。穀物や肥料・石炭などを入れるわらでできた袋。,Type the reading!,Text
吁,ああ,"① ああ。なげき、悲しみ、驚き、怪しみなどを表す声。
② なげく。なげき悲しむ。",Type the reading!,Text
吁く,なげく,"① ああ。なげき、悲しみ、驚き、怪しみなどを表す声。
② なげく。なげき悲しむ。",Type the reading!,Text
吝,けち,"① おしむ。けち。しわい。やぶさか。物惜しみする。けちけちする。
② 悔やむ。残念に思う。悔やみ。
③ しぶる。しかねる。思い切りがわるい。未練がましいさま。
④ はじ。はじる。恥辱。
⑤ いやし。いやしい。",Type the reading!,Text
吝い,しわい,"① おしむ。けち。しわい。やぶさか。物惜しみする。けちけちする。
② 悔やむ。残念に思う。悔やみ。
③ しぶる。しかねる。思い切りがわるい。未練がましいさま。
④ はじ。はじる。恥辱。
⑤ いやし。いやしい。",Type the reading!,Text
吝か,やぶさか,"① おしむ。けち。しわい。やぶさか。物惜しみする。けちけちする。
② 悔やむ。残念に思う。悔やみ。
③ しぶる。しかねる。思い切りがわるい。未練がましいさま。
④ はじ。はじる。恥辱。
⑤ いやし。いやしい。",Type the reading!,Text
吝しむ,おしむ,"① おしむ。けち。しわい。やぶさか。物惜しみする。けちけちする。
② 悔やむ。残念に思う。悔やみ。
③ しぶる。しかねる。思い切りがわるい。未練がましいさま。
④ はじ。はじる。恥辱。
⑤ いやし。いやしい。",Type the reading!,Text
吩く,ふく,"① 「吩咐（ふんぷ）」は、いいつける。命令する。指図する。
② ふく。はく。ふき出す。はき出す。＝噴（異体字とされることもある。）",Type the reading!,Text
吩ける,いいつける,"① 「吩咐（ふんぷ）」は、いいつける。命令する。指図する。
② ふく。はく。ふき出す。はき出す。＝噴（異体字とされることもある。）",Type the reading!,Text
听,ポンド,"【A】キン・ギンわらう。口をあけて笑うさま。
【B】チョウ・テイきく。＝聴（聴の異体字とされることもある。）
【日本】ポンド。ヤードポンド法の重さの単位。一ポンドは約四五四グラム。",Type the reading!,Text
听う,わらう,"【A】キン・ギンわらう。口をあけて笑うさま。
【B】チョウ・テイきく。＝聴（聴の異体字とされることもある。）
【日本】ポンド。ヤードポンド法の重さの単位。一ポンドは約四五四グラム。",Type the reading!,Text
吭,のど,"① のど。のどぶえ。
② 急所。要所。",Type the reading!,Text
吮う,すう,"① すう。すする。吸いとる。
② なめる。しゃぶる。",Type the reading!,Text
吮める,なめる,"① すう。すする。吸いとる。
② なめる。しゃぶる。",Type the reading!,Text
吶る,どもる,"① どもる。ことばをなめらかに言うことができない。
② さけぶ。大声を出す。「吶喊（とっかん）」は、戦場で士気を高めるために鬨（とき）の声をあげる。",Type the reading!,Text
吼える,ほえる,ほえる。大きな声で叫ぶ。,Type the reading!,Text
呎,フィート,フィート。ヤードポンド法の長さの単位。一フィートは約三〇・四センチメートル。,Type the reading!,Text
呏,ガロン,ガロン。容量の単位。,Type the reading!,Text
呟く,つぶやく,"大きい声の形容。
【日本】つぶやく。小声でぶつぶつと独り言を言う。",Type the reading!,Text
呰,きず,"① きず。短所。欠点。
② そしる。しかる。責める。とがめる。
③ 弱い。力が弱い。また、怠ける。",Type the reading!,Text
呰る,そしる,"① きず。短所。欠点。
② そしる。しかる。責める。とがめる。
③ 弱い。力が弱い。また、怠ける。",Type the reading!,Text
呱く,なく,泣（な）く。泣き声。赤子の泣き声。,Type the reading!,Text
呵う,わらう,"① しかる。せめる。大声でどなる。
② ふく。息をふきかける。また、息をふきかけてあたためる。
③ わらう。大声でわらう。",Type the reading!,Text
呵く,ふく,"① しかる。せめる。大声でどなる。
② ふく。息をふきかける。また、息をふきかけてあたためる。
③ わらう。大声でわらう。",Type the reading!,Text
呵る,しかる,"① しかる。せめる。大声でどなる。
② ふく。息をふきかける。また、息をふきかけてあたためる。
③ わらう。大声でわらう。",Type the reading!,Text
呶しい,かまびすしい,"① かまびすしい。うるさい。やかましい。
② くどい。くどくどしいさま。",Type the reading!,Text
呷う,すう,"① 吸（す）う。飲む。すすり飲む。
② かまびすしい。さわがしい。うるさい。
③ 「呷呷（こうこう）」は、鴨（かも）などの鳴き声。
【日本】あおる。酒や水などを休まずに一息に飲む。",Type the reading!,Text
呷る,あおる,"① 吸（す）う。飲む。すすり飲む。
② かまびすしい。さわがしい。うるさい。
③ 「呷呷（こうこう）」は、鴨（かも）などの鳴き声。
【日本】あおる。酒や水などを休まずに一息に飲む。",Type the reading!,Text
呻く,うめく,"① うなる。うめく。苦痛のあまり低い声をもらす。
② うたう。声をのばしてうたう。",Type the reading!,Text
呻る,うなる,"① うなる。うめく。苦痛のあまり低い声をもらす。
② うたう。声をのばしてうたう。",Type the reading!,Text
咀む,かむ,"① あじわう。繰り返し何度もかんであじわう。
② かむ。かみ砕く。
③ 体得する。意味をしっかり理解する。",Type the reading!,Text
咀わう,あじわう,"① あじわう。繰り返し何度もかんであじわう。
② かむ。かみ砕く。
③ 体得する。意味をしっかり理解する。",Type the reading!,Text
咄,はなし,"① しかる。声を出してしかるときに発する声。
② したうち。したうちをする音。
③ 思いがけない物事に驚き怪しんで発する声。おやおや。おやまあ。
【日本】はなし。落語や昔話。",Type the reading!,Text
咄ち,したうち,"① しかる。声を出してしかるときに発する声。
② したうち。したうちをする音。
③ 思いがけない物事に驚き怪しんで発する声。おやおや。おやまあ。
【日本】はなし。落語や昔話。",Type the reading!,Text
咄る,しかる,"① しかる。声を出してしかるときに発する声。
② したうち。したうちをする音。
③ 思いがけない物事に驚き怪しんで発する声。おやおや。おやまあ。
【日本】はなし。落語や昔話。",Type the reading!,Text
咆える,ほえる,"① ほえる。獣がたけりほえる。例：咆哮（ほうこう）
② たけだけしいさま。また、怒ってどなるさま。",Type the reading!,Text
咎,とが,"【A】キュウ
① とが。とがめ。わざわい。災難。罰。
② とが。あやまち。過失。罪。
③ とがめる。責める。そしる。非難する。
【B】コウ「咎陶（こうよう）」は、人物の名。中国神話に登場する君主「舜（しゅん）」の臣下。
【日本】
① 傷やはれものに触れて痛む。傷が悪化する。傷がうむ。
② 疑わしく思い問いただす。",Type the reading!,Text
咎め,とがめ,"【A】キュウ
① とが。とがめ。わざわい。災難。罰。
② とが。あやまち。過失。罪。
③ とがめる。責める。そしる。非難する。
【B】コウ「咎陶（こうよう）」は、人物の名。中国神話に登場する君主「舜（しゅん）」の臣下。
【日本】
① 傷やはれものに触れて痛む。傷が悪化する。傷がうむ。
② 疑わしく思い問いただす。",Type the reading!,Text
咎める,とがめる,"【A】キュウ
① とが。とがめ。わざわい。災難。罰。
② とが。あやまち。過失。罪。
③ とがめる。責める。そしる。非難する。
【B】コウ「咎陶（こうよう）」は、人物の名。中国神話に登場する君主「舜（しゅん）」の臣下。
【日本】
① 傷やはれものに触れて痛む。傷が悪化する。傷がうむ。
② 疑わしく思い問いただす。",Type the reading!,Text
咏,うた,"① うたう。詩歌をうたう。＝詠
② うた。詩歌。＝詠",Type the reading!,Text
咏う,うたう,"① うたう。詩歌をうたう。＝詠
② うた。詩歌。＝詠",Type the reading!,Text
咐く,ふく,"【A】ホふく。息をふく。息をはき出す。
【B】フ「吩咐（ふんぷ・ふんぶ）」は、命令する。いいつける。指図する。",Type the reading!,Text
咐ける,いいつける,"【A】ホふく。息をふく。息をはき出す。
【B】フ「吩咐（ふんぷ・ふんぶ）」は、命令する。いいつける。指図する。",Type the reading!,Text
咢う,いいあらそう,"① いいあらそう。うるさく言い争う。
② 驚（おどろ）く。＝愕
③ 鼓（つづみ）を打ち鳴らす。
④ 物怖じせずに直言するさま。",Type the reading!,Text
咢く,おどろく,"① いいあらそう。うるさく言い争う。
② 驚（おどろ）く。＝愕
③ 鼓（つづみ）を打ち鳴らす。
④ 物怖じせずに直言するさま。",Type the reading!,Text
咤ち,したうち,"【A】タ
① しかる。大声でしかりつける。
② したうち。舌打ちをする。食事をしながら舌打ちをする。
③ 悲しむ。なげく。なげきうれえる。
【B】タほこる。＝詫",Type the reading!,Text
咤る,しかる,"【A】タ
① しかる。大声でしかりつける。
② したうち。舌打ちをする。食事をしながら舌打ちをする。
③ 悲しむ。なげく。なげきうれえる。
【B】タほこる。＝詫",Type the reading!,Text
咥う,わらう,"【A】キわらう。あざわらう。また。大笑いする。
【B】テツかむ。かじる。くらう。
【日本】くわえる。物を上下の歯や唇にはさんで支える。",Type the reading!,Text
咥える,くわえる,"【A】キわらう。あざわらう。また。大笑いする。
【B】テツかむ。かじる。くらう。
【日本】くわえる。物を上下の歯や唇にはさんで支える。",Type the reading!,Text
咥む,かむ,"【A】キわらう。あざわらう。また。大笑いする。
【B】テツかむ。かじる。くらう。
【日本】くわえる。物を上下の歯や唇にはさんで支える。",Type the reading!,Text
咨,ああ,"① ああ。感心してほめたたえる声。また、嘆き悲しむ声。
② なげく。悲しむ。また、なげき。悲しみ。
③ はかる。問う。たずねる。意見をきく。相談する。",Type the reading!,Text
咨く,なげく,"① ああ。感心してほめたたえる声。また、嘆き悲しむ声。
② なげく。悲しむ。また、なげき。悲しみ。
③ はかる。問う。たずねる。意見をきく。相談する。",Type the reading!,Text
咨る,はかる,"① ああ。感心してほめたたえる声。また、嘆き悲しむ声。
② なげく。悲しむ。また、なげき。悲しみ。
③ はかる。問う。たずねる。意見をきく。相談する。",Type the reading!,Text
咫,"あた,た","① 古代中国、周の国の長さの単位。八寸。
② ちかい。短い。少し。
【日本】あた。た。昔の長さの単位。親指と中指を広げたときの長さ。",Type the reading!,Text
咫い,ちかい,"① 古代中国、周の国の長さの単位。八寸。
② ちかい。短い。少し。
【日本】あた。た。昔の長さの単位。親指と中指を広げたときの長さ。",Type the reading!,Text
咬む,かむ,"【A】コウ・ゴウ・ヨウかむ。かじる。
【B】コウ「咬咬（こうこう）」は、鳥の鳴き声。",Type the reading!,Text
咬る,かじる,"【A】コウ・ゴウ・ヨウかむ。かじる。
【B】コウ「咬咬（こうこう）」は、鳥の鳴き声。",Type the reading!,Text
咸,みな,"① ことごとく。みな。全て。
② あまねし。あまねく。広く行きわたる。
③ やわらぐ。和睦する。心を一つにする。
④ 同じ。同じくする。
⑤ 易（エキ）の六十四卦の一つ。",Type the reading!,Text
咸く,ことごとく,"① ことごとく。みな。全て。
② あまねし。あまねく。広く行きわたる。
③ やわらぐ。和睦する。心を一つにする。
④ 同じ。同じくする。
⑤ 易（エキ）の六十四卦の一つ。",Type the reading!,Text
哂う,"あざわらう,わらう","① あざわらう。あざける。そしり笑う。
② わらう。ほほえむ。微笑する。",Type the reading!,Text
哄めき,どよめき,どよめき。どよめく。大勢の人が一斉に声をあげる。また、一斉に笑う。,Type the reading!,Text
哇く,はく,"① はく。口から吐き出す。
② みだら。みだらな声。みだらな音楽。
③ 笑い声。子どもの声。",Type the reading!,Text
哈る,すする,"【A】ゴウ
① 魚が数多く集まるさま。
② 魚が口をぱくぱく動かすさま。
【B】ソウすする。すすり飲む。
【C】ハ外国語の「ハ」の音訳に用いる。
【D】コウ・ゴウ・ハ笑う声の形容。",Type the reading!,Text
哢る,さえずる,さえずる。鳥がしきりに鳴く。また、その鳴き声。,Type the reading!,Text
哥,うた,"① うた。うたう。＝歌
② 兄を呼ぶ語。また、年上の親しい男性を敬って呼ぶ語。",Type the reading!,Text
哥う,うたう,"① うた。うたう。＝歌
② 兄を呼ぶ語。また、年上の親しい男性を敬って呼ぶ語。",Type the reading!,Text
哦う,うたう,"① うたう。吟ずる。小さな声で口ずさむ。
② 驚いた時や合点がいったときなどの感嘆の声。感嘆詞。",Type the reading!,Text
哭く,なく,"① なく。大きな声で泣く。
② 人の死を悼み大声で泣く礼法。",Type the reading!,Text
哮える,ほえる,"① たける。ほえる。獣が大声でほえる。
② さけぶ。大声をあげる。
③ 「哮喘（こうぜん）」は、喘息（ぜんそく）のこと。",Type the reading!,Text
哮る,たける,"① たける。ほえる。獣が大声でほえる。
② さけぶ。大声をあげる。
③ 「哮喘（こうぜん）」は、喘息（ぜんそく）のこと。",Type the reading!,Text
哽がる,ふさがる,"① ふさがる。つまる。つかえる。
② むせぶ。むせる。感情で胸がふさがり声がつまる。
③ むせぶ。むせる。飲食物や煙などで息がつまる。",Type the reading!,Text
哽ぶ,むせぶ,"① ふさがる。つまる。つかえる。
② むせぶ。むせる。感情で胸がふさがり声がつまる。
③ むせぶ。むせる。飲食物や煙などで息がつまる。",Type the reading!,Text
唏く,なげく,"① なげく。悲しむ。ため息をつく。
② 笑うさま。笑う声。",Type the reading!,Text
售る,うる,"① うる。品物を売る。あきなう。
② おこなわれる。流通する。流行する。",Type the reading!,Text
唳く,なく,なく。鶴（ツル）や雁（ガン・カリ）などの鳴き声。,Type the reading!,Text
唸り,うなり,"うなる。うめく。苦痛のあまり低い声をもらす。
【日本】
① うなる。うなるような低い声で歌う。
② うなる。感心して思わず発する声。
③ うなり。凧にとりつけて震える音を出すもの。",Type the reading!,Text
唸る,うなる,"うなる。うめく。苦痛のあまり低い声をもらす。
【日本】
① うなる。うなるような低い声で歌う。
② うなる。感心して思わず発する声。
③ うなり。凧にとりつけて震える音を出すもの。",Type the reading!,Text
唹う,わらう,わらう。また、笑うさま。,Type the reading!,Text
啀む,いがむ,"① いがむ。犬がかみ合って争う。
② いがむ。敵意をむき出しにして争う。",Type the reading!,Text
啅しい,かまびすしい,"【A】タクついばむ。鳥がくちばしでつついてえさを食べる。＝啄
【B】チョウ・トウ
① さえずる。さえずる。鳥がしきりに鳴く。また、その鳴き声。
② かまびすしい。うるさい。やかましい。",Type the reading!,Text
啅む,ついばむ,"【A】タクついばむ。鳥がくちばしでつついてえさを食べる。＝啄
【B】チョウ・トウ
① さえずる。さえずる。鳥がしきりに鳴く。また、その鳴き声。
② かまびすしい。うるさい。やかましい。",Type the reading!,Text
啅る,さえずる,"【A】タクついばむ。鳥がくちばしでつついてえさを食べる。＝啄
【B】チョウ・トウ
① さえずる。さえずる。鳥がしきりに鳴く。また、その鳴き声。
② かまびすしい。うるさい。やかましい。",Type the reading!,Text
啖う,くう,"① くう。くらう。がつがつ食べる。
② くらわす。くわせる。物を食べさせる。",Type the reading!,Text
啖らう,くらう,"① くう。くらう。がつがつ食べる。
② くらわす。くわせる。物を食べさせる。",Type the reading!,Text
啖らわす,くらわす,"① くう。くらう。がつがつ食べる。
② くらわす。くわせる。物を食べさせる。",Type the reading!,Text
啗う,くう,"① くう。くらう。がつがつ食べる。
② くらわす。くわせる。物を食べさせる。",Type the reading!,Text
啗らう,くらう,"① くう。くらう。がつがつ食べる。
② くらわす。くわせる。物を食べさせる。",Type the reading!,Text
啗らわす,くらわす,"① くう。くらう。がつがつ食べる。
② くらわす。くわせる。物を食べさせる。",Type the reading!,Text
啜く,すすりなく,"【A】テツ
① すすり泣く。すすり泣くさま。
② いつまでもしゃべりつづける。
【B】セツすする。汁などをすすり飲む。",Type the reading!,Text
啜る,すする,"【A】テツ
① すすり泣く。すすり泣くさま。
② いつまでもしゃべりつづける。
【B】セツすする。汁などをすすり飲む。",Type the reading!,Text
啣,"くつわ,くらい","① くつわ。くつばみ。馬の口にくわえさせる金具。手綱をつけるのに用いる馬具。
② くらい。官の位。官職。
③ くわえる。ふくむ。口にくわえる。
④ ふくむ。うらむ。心にふくみもつ。
⑤ ふくむ。うけたまわる。命令をうける。",Type the reading!,Text
啣える,くわえる,"① くつわ。くつばみ。馬の口にくわえさせる金具。手綱をつけるのに用いる馬具。
② くらい。官の位。官職。
③ くわえる。ふくむ。口にくわえる。
④ ふくむ。うらむ。心にふくみもつ。
⑤ ふくむ。うけたまわる。命令をうける。",Type the reading!,Text
啣む,ふくむ,"① くつわ。くつばみ。馬の口にくわえさせる金具。手綱をつけるのに用いる馬具。
② くらい。官の位。官職。
③ くわえる。ふくむ。口にくわえる。
④ ふくむ。うらむ。心にふくみもつ。
⑤ ふくむ。うけたまわる。命令をうける。",Type the reading!,Text
啻,ただ,ただ。ただに。否定や反語の「不」「何」などの下につけて、「～だけではない」「～ばかりではない」「～だけであろうか」などの意をあらわす。,Type the reading!,Text
啻に,ただに,ただ。ただに。否定や反語の「不」「何」などの下につけて、「～だけではない」「～ばかりではない」「～だけであろうか」などの意をあらわす。,Type the reading!,Text
啼く,なく,"① なく。大声をあげて泣く。
② なく。鳥や虫、獣などが鳴く。",Type the reading!,Text
啾く,なく,"① なく。小さな声ですすり泣く。
② 小さい子どもの泣き声。
③ 鳥や虫などの（細く低い）鳴き声。",Type the reading!,Text
喀く,はく,"① はく。のどにつかえた血や痰（タン）などを吐き出す。
② 「喀喀」は物を吐き出したり、咳きこんだりする声の形容。",Type the reading!,Text
喃,のう,"しゃべる。ぺちゃくちゃとしゃべり続けるさま。
【日本】のう。もしもし。人に呼びかけたり同意を求めたりするときの声。",Type the reading!,Text
喃る,しゃべる,"しゃべる。ぺちゃくちゃとしゃべり続けるさま。
【日本】のう。もしもし。人に呼びかけたり同意を求めたりするときの声。",Type the reading!,Text
喊ぶ,さけぶ,"① さけぶ。大声をあげる。
② 戦で発する鬨（とき）の声。",Type the reading!,Text
喑く,なく,"① なく。なきじゃくる。
② 声が出ない。口がきけない。
③ だまる。おしだまる。",Type the reading!,Text
喘,せき,"① あえぐ。息を切らして苦しそうに呼吸する。
② せき。せく。せきこむ。せきをする。",Type the reading!,Text
喘く,せく,"① あえぐ。息を切らして苦しそうに呼吸する。
② せき。せく。せきこむ。せきをする。",Type the reading!,Text
喘ぐ,あえぐ,"① あえぐ。息を切らして苦しそうに呼吸する。
② せき。せく。せきこむ。せきをする。",Type the reading!,Text
喙,"くちばし,ことば","① くちばし。鳥などの細く突き出た口。
② ことば。人のしゃべることば。また、人の口。",Type the reading!,Text
喞く,なく,"① なく。小さい虫が集まってしきりに鳴く。またその声。
② そそぐ。水をそそぎこむ。
【日本】かこつ。なげく。不平不満を言う。",Type the reading!,Text
喞ぐ,そそぐ,"① なく。小さい虫が集まってしきりに鳴く。またその声。
② そそぐ。水をそそぎこむ。
【日本】かこつ。なげく。不平不満を言う。",Type the reading!,Text
喞つ,かこつ,"① なく。小さい虫が集まってしきりに鳴く。またその声。
② そそぐ。水をそそぎこむ。
【日本】かこつ。なげく。不平不満を言う。",Type the reading!,Text
喟,ためいき,なげく。ためいき。大きく息を吐く。ため息をつく。,Type the reading!,Text
喟く,なげく,なげく。ためいき。大きく息を吐く。ため息をつく。,Type the reading!,Text
嗄れる,"かれる,しゃがれる,しわがれる",かれる。しゃがれる。しわがれる。声がかすれる。声がかれる。,Type the reading!,Text
嗇か,やぶさか,"① おしむ。出し惜しむ。物惜しみする。やぶさか。けち。
② とりいれ。収穫した作物をとりいれる。",Type the reading!,Text
嗇しむ,おしむ,"① おしむ。出し惜しむ。物惜しみする。やぶさか。けち。
② とりいれ。収穫した作物をとりいれる。",Type the reading!,Text
嗇れ,とりいれ,"① おしむ。出し惜しむ。物惜しみする。やぶさか。けち。
② とりいれ。収穫した作物をとりいれる。",Type the reading!,Text
嗔り,いかり,"【A】シンいかり。いかる。腹をたてる。＝瞋
【B】テン盛んなさま。盛大なさま。",Type the reading!,Text
嗔る,いかる,"【A】シンいかり。いかる。腹をたてる。＝瞋
【B】テン盛んなさま。盛大なさま。",Type the reading!,Text
嗚,ああ,"【A】ウ・オああ。感嘆の声。
【B】ウ・オなげく。なげき悲しむ。",Type the reading!,Text
嗚く,なげく,"【A】ウ・オああ。感嘆の声。
【B】ウ・オなげく。なげき悲しむ。",Type the reading!,Text
嗜み,たしなみ,"たしなむ。好んで親しむ。好んで励む。好んで食べたり飲んだりする。
【日本】たしなみ。つつしみ。節度。",Type the reading!,Text
嗜む,たしなむ,"たしなむ。好んで親しむ。好んで励む。好んで食べたり飲んだりする。
【日本】たしなみ。つつしみ。節度。",Type the reading!,Text
嗟,ああ,"① ああ。感嘆の声。
② なげく。なげき悲しむ。
③ 短時間の意の「咄嗟（トッサ）」に用いる字。",Type the reading!,Text
嗟く,なげく,"① ああ。感嘆の声。
② なげく。なげき悲しむ。
③ 短時間の意の「咄嗟（トッサ）」に用いる字。",Type the reading!,Text
嗤う,"あざわらう,わらう",わらう。あざわらう。せせら笑う。,Type the reading!,Text
嗷しい,かまびすしい,かまびすしい。さわがしい。,Type the reading!,Text
嗽,"うがい,せき","【A】ソウせき。せく。せきこむ。せきをする。
【B】ソウ・シュウくちすすぐ。うがい。うがいをする。
【C】ソウ・ソクすう。すいこむ。すすりこむ。",Type the reading!,Text
嗽う,すう,"【A】ソウせき。せく。せきこむ。せきをする。
【B】ソウ・シュウくちすすぐ。うがい。うがいをする。
【C】ソウ・ソクすう。すいこむ。すすりこむ。",Type the reading!,Text
嗽く,せく,"【A】ソウせき。せく。せきこむ。せきをする。
【B】ソウ・シュウくちすすぐ。うがい。うがいをする。
【C】ソウ・ソクすう。すいこむ。すすりこむ。",Type the reading!,Text
嗽ぐ,くちすすぐ,"【A】ソウせき。せく。せきこむ。せきをする。
【B】ソウ・シュウくちすすぐ。うがい。うがいをする。
【C】ソウ・ソクすう。すいこむ。すすりこむ。",Type the reading!,Text
嗾ける,けしかける,けしかける。そそのかす。あおる。,Type the reading!,Text
嗾す,そそのかす,けしかける。そそのかす。あおる。,Type the reading!,Text
嘔う,うたう,"【A】オウはく。口から物を吐く。吐きもどす。
【B】オウ
① うたう。歌をうたう。
② 子どもの声。子どもの話し声。
【C】ク
① 慈しみのこもったおだやかな声。
② 喜びながら話すさま。",Type the reading!,Text
嘔く,はく,"【A】オウはく。口から物を吐く。吐きもどす。
【B】オウ
① うたう。歌をうたう。
② 子どもの声。子どもの話し声。
【C】ク
① 慈しみのこもったおだやかな声。
② 喜びながら話すさま。",Type the reading!,Text
嘖しい,かまびすしい,"① さけぶ。大きな声をあげる。
② かまびすしい。さわがしい。
③ さいなむ。責めたてる。",Type the reading!,Text
嘖ぶ,さけぶ,"① さけぶ。大きな声をあげる。
② かまびすしい。さわがしい。
③ さいなむ。責めたてる。",Type the reading!,Text
嘖む,さいなむ,"① さけぶ。大きな声をあげる。
② かまびすしい。さわがしい。
③ さいなむ。責めたてる。",Type the reading!,Text
嘯く,うそぶく,"【A】ショウ
① うそぶく。口を細めて声を出す。口笛を吹く。
② 声を長くのばしてうたう。
【B】シツしかる。責める。＝叱
【日本】うそぶく。大げさに言う。とぼけたふりをする。",Type the reading!,Text
嘯る,しかる,"【A】ショウ
① うそぶく。口を細めて声を出す。口笛を吹く。
② 声を長くのばしてうたう。
【B】シツしかる。責める。＝叱
【日本】うそぶく。大げさに言う。とぼけたふりをする。",Type the reading!,Text
嘴,"くちばし,はし","① くちばし。はし。鳥などの細く突き出た口。
② 鳥のくちばしのように細く突き出た部分。",Type the reading!,Text
嘶く,いななく,"① いななく。馬が高い声で鳴く。
② むせび泣く。息をつまらせて泣く。
③ しわがれる。声がかすれる。",Type the reading!,Text
嘸,さぞ,"はっきりとしないさま。何も口に出して言わないさま。
【日本】さぞ。さぞかし。きっと。推量の意。",Type the reading!,Text
噎がる,ふさがる,"① むせぶ。むせる。飲食物がのどにつまる。
② ふさがる。心がふさがる。胸がつまる。",Type the reading!,Text
噎せる,むせる,"① むせぶ。むせる。飲食物がのどにつまる。
② ふさがる。心がふさがる。胸がつまる。",Type the reading!,Text
噎ぶ,むせぶ,"① むせぶ。むせる。飲食物がのどにつまる。
② ふさがる。心がふさがる。胸がつまる。",Type the reading!,Text
噤じる,とじる,"① つぐむ。口を閉じて何も言わない。
② とじる。とざす。しめる。",Type the reading!,Text
噤む,つぐむ,"① つぐむ。口を閉じて何も言わない。
② とじる。とざす。しめる。",Type the reading!,Text
噦く,むかつく,"【A】エツ・しゃく（り）・しゃく（る）・しゃっく（り）・むかつ（く）
① しゃっくり。しゃっくりをする。
② むかつく。吐きそうで出ない状態。
【B】カイ「噦噦（かいかい）」は、鳥の鳴き声。また、車の馬につけた鈴の音の形容。",Type the reading!,Text
噦り,"しゃくり,しゃっくり","【A】エツ・しゃく（り）・しゃく（る）・しゃっく（り）・むかつ（く）
① しゃっくり。しゃっくりをする。
② むかつく。吐きそうで出ない状態。
【B】カイ「噦噦（かいかい）」は、鳥の鳴き声。また、車の馬につけた鈴の音の形容。",Type the reading!,Text
噦る,しゃくる,"【A】エツ・しゃく（り）・しゃく（る）・しゃっく（り）・むかつ（く）
① しゃっくり。しゃっくりをする。
② むかつく。吐きそうで出ない状態。
【B】カイ「噦噦（かいかい）」は、鳥の鳴き声。また、車の馬につけた鈴の音の形容。",Type the reading!,Text
噪がしい,さわがしい,さわぐ。さわがしい。やかましい。,Type the reading!,Text
噪ぐ,さわぐ,さわぐ。さわがしい。やかましい。,Type the reading!,Text
噫,"ああ,おくび","【A】イああ。ああ。感嘆の声。
【B】アイおくび。げっぷ。胃にたまったガスが口から出る現象。",Type the reading!,Text
噬う,くう,"① かむ。かみつく。
② くう。食いつく。",Type the reading!,Text
噬む,かむ,"① かむ。かみつく。
② くう。食いつく。",Type the reading!,Text
噯,"ああ,おくび","① おくび。げっぷ。
② ああ。感嘆の声。",Type the reading!,Text
嚀ろ,ねんごろ,ねんごろ。念入りにたのむ、また心がこもっているなどの意の「叮嚀（テイネイ）」に用いられる字。「寧」に書きかえられる場合がある。,Type the reading!,Text
嚆ぶ,さけぶ,"① さけぶ。大声をあげる。
② 矢が鳴る。矢がうなる。例：嚆矢",Type the reading!,Text
嚊,"かか,かかあ,はないき","はないき。荒い鼻息。また、いびき。
【日本】かか。かかあ。妻をぞんざいに呼ぶ語。＝嬶",Type the reading!,Text
嚏,"くさめ,くしゃみ",くさめ。はなひる。くしゃみ。くしゃみをする。,Type the reading!,Text
嚏る,はなひる,くさめ。はなひる。くしゃみ。くしゃみをする。,Type the reading!,Text
嚔,"くさめ,くしゃみ",くさめ。はなひる。くしゃみ。くしゃみをする。,Type the reading!,Text
嚔る,はなひる,くさめ。はなひる。くしゃみ。くしゃみをする。,Type the reading!,Text
嚥,のど,"① のむ。物を飲みこむ。
② のど。口の奥の部分。",Type the reading!,Text
嚥む,のむ,"① のむ。物を飲みこむ。
② のど。口の奥の部分。",Type the reading!,Text
嚬み,ひそみ,ひそめる。顔をしかめる。眉のあたりにしわをよせる。また、そのさま。ひそみ。,Type the reading!,Text
嚬める,"しかめる,ひそめる",ひそめる。顔をしかめる。眉のあたりにしわをよせる。また、そのさま。ひそみ。,Type the reading!,Text
嚮かう,むかう,"【A】キョウ・コウ
① むかう。むく。むける。＝向
② さきに。以前に。前に。
【B】キョウ・コウ
① もてなす。待遇する。
② ひびく。ひびき。音の響き。",Type the reading!,Text
嚮く,"ひびく,むく","【A】キョウ・コウ
① むかう。むく。むける。＝向
② さきに。以前に。前に。
【B】キョウ・コウ
① もてなす。待遇する。
② ひびく。ひびき。音の響き。",Type the reading!,Text
嚮に,さきに,"【A】キョウ・コウ
① むかう。むく。むける。＝向
② さきに。以前に。前に。
【B】キョウ・コウ
① もてなす。待遇する。
② ひびく。ひびき。音の響き。",Type the reading!,Text
嚶く,なく,"① なく。鳥が声を合わせて鳴くさま。鳥が鳴き声を交わすさま。
② 友人同士で励まし合うことのたとえ。",Type the reading!,Text
嚼む,かむ,"① かむ。かみ砕く。小さくかみ砕く。
② 味わう。吟味する。",Type the reading!,Text
囀る,さえずる,さえずる。鳥がしきりに鳴く。,Type the reading!,Text
囁く,ささやく,ささやく。ひそひそと小さい声で話す。,Type the reading!,Text
囂しい,"かまびすしい,やかましい","【A】キョウかまびすしい。やかましい。わずらわしい。さわがしい。
【B】ゴウうれえる。なげく。",Type the reading!,Text
囂わしい,わずらわしい,"【A】キョウかまびすしい。やかましい。わずらわしい。さわがしい。
【B】ゴウうれえる。なげく。",Type the reading!,Text
囃,はやし,"はやし。音楽や舞に合わせて拍子をとるときの声。または、楽器。
【日本】
① はやす。お囃子（はやし）を奏すること。
② はやす。声をあげてあざける、またおだてる。",Type the reading!,Text
囃す,はやす,"はやし。音楽や舞に合わせて拍子をとるときの声。または、楽器。
【日本】
① はやす。お囃子（はやし）を奏すること。
② はやす。声をあげてあざける、またおだてる。",Type the reading!,Text
囈,"うわごと,たわごと",うわごと。たわごと。内容や目的のないことば。,Type the reading!,Text
囓ける,かける,"① かむ。かじる。かみつく。歯でかむ。
② かける。かく。かけている。",Type the reading!,Text
囓む,かむ,"① かむ。かじる。かみつく。歯でかむ。
② かける。かく。かけている。",Type the reading!,Text
囓る,かじる,"① かむ。かじる。かみつく。歯でかむ。
② かける。かく。かけている。",Type the reading!,Text
囮,おとり,"① おとり。他の鳥をおびき寄せてとらえるために使う生きた鳥。
② おとり。何かをおびき寄せるために利用する人や物。",Type the reading!,Text
囹,ひとや,ひとや。牢屋。牢獄。,Type the reading!,Text
囿,その,"① 苑（その）。鳥や動物などを放し飼いにする庭。
② 畑。菜園。
③ 物事が多く集まっている所。
④ とらわれる。こだわる。見識が狭い。",Type the reading!,Text
圀,くに,"① くに。国家。
② くに。諸侯の治める領地。
③ くに。特定の政府に属する地域。
④ みやこ。首都。首府。
【日本】くに。わが国。自分の国。",Type the reading!,Text
圄,ひとや,"① ひとや。牢屋。牢獄。
② とらえる。罪人をとらえて閉じこめる。",Type the reading!,Text
圄える,とらえる,"① ひとや。牢屋。牢獄。
② とらえる。罪人をとらえて閉じこめる。",Type the reading!,Text
圉,"うまかい,ひとや,まきば","① ひとや。牢屋。牢獄。
② かう。牛や馬、鳥などを飼う。
③ 馬飼い（うまかい）。馬を飼育する人。
④ 牧場（まきば）。
⑤ ふせぐ。とどめる。禁止する。",Type the reading!,Text
圉う,かう,"① ひとや。牢屋。牢獄。
② かう。牛や馬、鳥などを飼う。
③ 馬飼い（うまかい）。馬を飼育する人。
④ 牧場（まきば）。
⑤ ふせぐ。とどめる。禁止する。",Type the reading!,Text
圉ぐ,ふせぐ,"① ひとや。牢屋。牢獄。
② かう。牛や馬、鳥などを飼う。
③ 馬飼い（うまかい）。馬を飼育する人。
④ 牧場（まきば）。
⑤ ふせぐ。とどめる。禁止する。",Type the reading!,Text
圜い,まるい,"【A】エン
① まるい。まるい形。＝円
② 天。天空。
【B】カンめぐる。めぐらす。",Type the reading!,Text
圜らす,めぐらす,"【A】エン
① まるい。まるい形。＝円
② 天。天空。
【B】カンめぐる。めぐらす。",Type the reading!,Text
圜る,めぐる,"【A】エン
① まるい。まるい形。＝円
② 天。天空。
【B】カンめぐる。めぐらす。",Type the reading!,Text
圦,いり,いり。水の流れる量を調節するために堤（つつみ）などに埋めた樋（とい）。水門。,Type the reading!,Text
圻,"きし,さかい","【A】キ
① 王城を中心とした千里四方の範囲内の地。
② きし。さかい。きわ。ほとり。
【B】ギンさかい。境界。果て。",Type the reading!,Text
址,あと,"① もとい。もと。土台。基礎。
② 場所。区域。地点。
【日本】あと。建物などの跡。",Type the reading!,Text
坎,あな,"① あな。地面のくぼんだところ。
② 地面に穴をほる。
③ 穴に落とす。穴に埋める。
④ なやむ。うれえる。くるしむ。
⑤ 易（エキ）の八卦の一つ。
⑥ 易（エキ）の六十四卦の一つ。",Type the reading!,Text
坏,"おか,つき","① おか。高さの低い丘。盛り土。
② まだ焼いていない陶器や瓦。
【日本】つき。食べ物などを盛る器。",Type the reading!,Text
坡,"さか,つつみ","① さか。傾斜した土地。
② つつみ。堤防。土手。",Type the reading!,Text
坩,"つぼ,るつぼ",つぼ。るつぼ。土でできたつぼ。,Type the reading!,Text
坿す,ます,"【A】フ・ブます。付ける。付け加える。
【B】フ・ブ「白坿（はくふ）」は、水晶の類。",Type the reading!,Text
垓,"さかい,はて","① はて。さかい。地の果て。国の果て。
② 数の名。京（ケイ）の一万倍。",Type the reading!,Text
垠,"かぎり,きし,さかい","① かぎり。さかい。果て。
② 岸。",Type the reading!,Text
垤,"ありづか,つか","① ありづか。蟻（あり）が土を土を積み上げて作った塚。
② つか。小さい丘。",Type the reading!,Text
埃,"ちり,ほこり","① ちり。ほこり。ごみ。
② 砂ぼこり。土ぼこり。
【日本】国名「埃及（エジプト）」の略。",Type the reading!,Text
埆,"そね,やせち",そね。やせち。やせた土地。荒れ地。,Type the reading!,Text
埒い,かこい,"① かこい。高さの低い垣。
② くぎり。しきり。
③ あぜ。あぜ道。つつみ。
④ 等しい。同等。
【日本】
① らち。馬場の周りの囲い。
② らち。物事の区切りやけじめ。",Type the reading!,Text
埳,あな,"① あな。地面のくぼんだところ。
② 地面に穴をほる。
③ 穴に落とす。穴に埋める。
④ なやむ。うれえる。くるしむ。
⑤ 易（エキ）の八卦の一つ。
⑥ 易（エキ）の六十四卦の一つ。",Type the reading!,Text
堊,"いろつち,しろつち","① しろつち。白い色の土。
② ぬる。白土を壁にぬる。
③ いろつち。色のついた土。",Type the reading!,Text
堋,あずち,"【A】ホウ・ボウほうむる。棺を埋める。埋葬する。
【B】ホウ・ボウあずち。弓で射る的のまわりを固めた盛り土。",Type the reading!,Text
堋る,ほうむる,"【A】ホウ・ボウほうむる。棺を埋める。埋葬する。
【B】ホウ・ボウあずち。弓で射る的のまわりを固めた盛り土。",Type the reading!,Text
堙がる,ふさがる,"① ふさぐ。ふさがる。
② うずめる。うずまる。うずもれる。
③ 滅びる。また、滅ぼす。
④ 築山（つきやま）。敵の城を攻めるために土を積んでつくった山。",Type the reading!,Text
堙ぐ,ふさぐ,"① ふさぐ。ふさがる。
② うずめる。うずまる。うずもれる。
③ 滅びる。また、滅ぼす。
④ 築山（つきやま）。敵の城を攻めるために土を積んでつくった山。",Type the reading!,Text
堙める,うずめる,"① ふさぐ。ふさがる。
② うずめる。うずまる。うずもれる。
③ 滅びる。また、滅ぼす。
④ 築山（つきやま）。敵の城を攻めるために土を積んでつくった山。",Type the reading!,Text
堙もれる,うずもれる,"① ふさぐ。ふさがる。
② うずめる。うずまる。うずもれる。
③ 滅びる。また、滅ぼす。
④ 築山（つきやま）。敵の城を攻めるために土を積んでつくった山。",Type the reading!,Text
堝,るつぼ,るつぼ。金属を溶かす時に用いる土でできたつぼ。,Type the reading!,Text
堡,"つつみ,とりで","① とりで。土や石など築いた小さな城。
② つつみ。土手。",Type the reading!,Text
堽,おか,おか。小山。小高い土地。,Type the reading!,Text
塋,"つか,はか",はか。つか。死者を埋葬する墓地。,Type the reading!,Text
塒,"とぐろ,とや,ねぐら",とぐろ。とや。ねぐら。鶏の寝る所。鶏小屋。鳥小屋。,Type the reading!,Text
塹,"あな,ほり","① ほり。あな。外敵を防ぐために掘られた城の周りのみぞ。
② ほる。地にあなを掘る。",Type the reading!,Text
塹る,ほる,"① ほり。あな。外敵を防ぐために掘られた城の周りのみぞ。
② ほる。地にあなを掘る。",Type the reading!,Text
塿,つか,"① つか。低いつか。
② つか。ありづか。ありが土をつみあげてつくったつか。",Type the reading!,Text
墅,"しもやしき,なや","【A】ショ
① 納屋（なや）。田畑の中につくった収穫物を入れる小屋。
② 田舎の家。田舎の小屋。
③ しもやしき。別荘。
【B】ヤの。のはら。＝野",Type the reading!,Text
墟,"あと,おか","① おか。大きい丘。
② あと。荒れ果てた跡。旧跡。",Type the reading!,Text
墻,"かき,へい",かき。かきね。まがき。へい。土塀。,Type the reading!,Text
壅がる,ふさがる,"① ふさぐ。ふさがる。さえぎる。さまたげる。
② つちかう。草木の根本に土をかける。",Type the reading!,Text
壅ぐ,ふさぐ,"① ふさぐ。ふさがる。さえぎる。さまたげる。
② つちかう。草木の根本に土をかける。",Type the reading!,Text
壅る,さえぎる,"① ふさぐ。ふさがる。さえぎる。さまたげる。
② つちかう。草木の根本に土をかける。",Type the reading!,Text
壎,つちぶえ,つちぶえ。土を焼いてつくった古代の楽器。,Type the reading!,Text
壑,"たに,みぞ","① たに。山と山の間のくぼんだ所。谷間。
② みぞ。あな。くぼみ。ほり。
③ いわや。いわあな。",Type the reading!,Text
壙,"あな,のはら","① あな。はかあな。つかあな。地面に掘った穴。墓の穴。
② のはら。広々として何もない原野。
③ むなしい。何もなくむなしい。",Type the reading!,Text
壙しい,むなしい,"① あな。はかあな。つかあな。地面に掘った穴。墓の穴。
② のはら。広々として何もない原野。
③ むなしい。何もなくむなしい。",Type the reading!,Text
壜,"さけがめ,びん","かめ。さかがめ。酒を入れるためのかめ。
【日本】びん。ガラス製の容器。",Type the reading!,Text
壟,"うね,つか","① つか。土を盛り上げた墓。
② うね。作物をつくるために畑の土を盛り上げたところ。
③ おか。小高いおか。",Type the reading!,Text
壥,"みせ,やしき","① みせ。商店。店舗。
② やしき。すまい。住宅。",Type the reading!,Text
壼,しきみ,"① 宮中の通り道。
② 宮中の女性の居所。転じて、婦人の意。",Type the reading!,Text
夐い,"とおい,ながい","【A】ケイ
① はるか。とおい。遠く離れている。
② 長い。
【B】ケン求める。",Type the reading!,Text
夐か,はるか,"【A】ケイ
① はるか。とおい。遠く離れている。
② 長い。
【B】ケン求める。",Type the reading!,Text
夥,なかま,"① おびだたしい。おおい。数や量などがきわめておおい。
② なかま。つれ。みな。",Type the reading!,Text
夥い,おおい,"① おびだたしい。おおい。数や量などがきわめておおい。
② なかま。つれ。みな。",Type the reading!,Text
夥しい,おびただしい,"① おびだたしい。おおい。数や量などがきわめておおい。
② なかま。つれ。みな。",Type the reading!,Text
夬,ゆがけ,"【A】カイ
① わける。きめる。区別する。決断する。
② 易（エキ）の六十四卦の一つ。
【B】ケツゆがけ。弓を射るときに、指を保護するためにはめる道具。",Type the reading!,Text
夬ける,わける,"【A】カイ
① わける。きめる。区別する。決断する。
② 易（エキ）の六十四卦の一つ。
【B】ケツゆがけ。弓を射るときに、指を保護するためにはめる道具。",Type the reading!,Text
夬める,きめる,"【A】カイ
① わける。きめる。区別する。決断する。
② 易（エキ）の六十四卦の一つ。
【B】ケツゆがけ。弓を射るときに、指を保護するためにはめる道具。",Type the reading!,Text
夭,わかじに,"【A】ヨウ
① わかい。うつくしい。若く美しい。
② わざわい。災難。不幸。
【B】ヨウわかじに。わかくして死ぬ。",Type the reading!,Text
夭い,"わかい,わざわい","【A】ヨウ
① わかい。うつくしい。若く美しい。
② わざわい。災難。不幸。
【B】ヨウわかじに。わかくして死ぬ。",Type the reading!,Text
夭しい,うつくしい,"【A】ヨウ
① わかい。うつくしい。若く美しい。
② わざわい。災難。不幸。
【B】ヨウわかじに。わかくして死ぬ。",Type the reading!,Text
夸る,"おごる,ほこる","① おごる。たかぶる。おごりたかぶる。
② おおきい。大げさ。
③ ほこる。大げさに言う。自慢する。",Type the reading!,Text
夾む,"さしはさむ,はさむ","① はさむ。さしはさむ。両側からはさむ。
② はさまる。まじる。間にはいる。
③ 助ける。そばについて助ける。",Type the reading!,Text
奎,"とかきぼし,また","【A】ケイ
① また。またぐら。太ももと太ももの間。
② 二十八宿の一つ。とかきぼし。
【B】キ大きく足を広げて歩くさま。",Type the reading!,Text
奐きい,おおきい,"① あきらか。あざやか。光が広がるさま。
② おおきい。おおきいさま。さかんなさま。
③ とりかえる。別のものにかえる。＝換",Type the reading!,Text
奐らか,あきらか,"① あきらか。あざやか。光が広がるさま。
② おおきい。おおきいさま。さかんなさま。
③ とりかえる。別のものにかえる。＝換",Type the reading!,Text
奕,"いご,ばくち","① おおきい。さかん。
② うつくしい。うつくしいさま。
③ かさなる。次々とかさなる。連なり続く。
④ うれえる。うれえるさま。
⑤ 囲碁（いご）。博奕（ばくち）。囲碁やすごろくなど。",Type the reading!,Text
奕える,うれえる,"① おおきい。さかん。
② うつくしい。うつくしいさま。
③ かさなる。次々とかさなる。連なり続く。
④ うれえる。うれえるさま。
⑤ 囲碁（いご）。博奕（ばくち）。囲碁やすごろくなど。",Type the reading!,Text
奕きい,おおきい,"① おおきい。さかん。
② うつくしい。うつくしいさま。
③ かさなる。次々とかさなる。連なり続く。
④ うれえる。うれえるさま。
⑤ 囲碁（いご）。博奕（ばくち）。囲碁やすごろくなど。",Type the reading!,Text
奕しい,うつくしい,"① おおきい。さかん。
② うつくしい。うつくしいさま。
③ かさなる。次々とかさなる。連なり続く。
④ うれえる。うれえるさま。
⑤ 囲碁（いご）。博奕（ばくち）。囲碁やすごろくなど。",Type the reading!,Text
奕なる,かさなる,"① おおきい。さかん。
② うつくしい。うつくしいさま。
③ かさなる。次々とかさなる。連なり続く。
④ うれえる。うれえるさま。
⑤ 囲碁（いご）。博奕（ばくち）。囲碁やすごろくなど。",Type the reading!,Text
奘ん,さかん,さかん。大きい。,Type the reading!,Text
奚,"しもべ,なに","① 「なに」「なんぞ」と読み、疑問や反語の意を表わす。
② しもべ。召し使い。奴隷。",Type the reading!,Text
奚ぞ,なんぞ,"① 「なに」「なんぞ」と読み、疑問や反語の意を表わす。
② しもべ。召し使い。奴隷。",Type the reading!,Text
奠える,そなえる,"① まつる。神仏に酒や食べ物をそなえてまつる。
② そなえる。そなえ。物をそなえる。
③ さだめる。決める。据える。",Type the reading!,Text
奠める,さだめる,"① まつる。神仏に酒や食べ物をそなえてまつる。
② そなえる。そなえ。物をそなえる。
③ さだめる。決める。据える。",Type the reading!,Text
奠る,まつる,"① まつる。神仏に酒や食べ物をそなえてまつる。
② そなえる。そなえ。物をそなえる。
③ さだめる。決める。据える。",Type the reading!,Text
奢る,おごる,"① おごる。贅沢をする。
② おごる。度を過ごす。分外。
③ おごる。おごりたかぶる。",Type the reading!,Text
奸,よこしま,"【A】カン
① おかす。道理に反した行いをする。＝干
② もとめる。＝干
【B】カン
① よこしま。悪い。悪人。＝姦
② 正しくない男女の関係。＝姦",Type the reading!,Text
奸す,おかす,"【A】カン
① おかす。道理に反した行いをする。＝干
② もとめる。＝干
【B】カン
① よこしま。悪い。悪人。＝姦
② 正しくない男女の関係。＝姦",Type the reading!,Text
妁,なこうど,なこうど。結婚の仲立ちをする人。,Type the reading!,Text
妍しい,うつくしい,うつくしい。みめよい。あでやか。容姿が美しく整っている。,Type the reading!,Text
妝い,よそおい,よそおう。よそおい。かざる。化粧する。,Type the reading!,Text
妝う,よそおう,よそおう。よそおい。かざる。化粧する。,Type the reading!,Text
妣,なきはは,"① なにはは。亡母。亡くなった母。
② はは。母親。",Type the reading!,Text
姆,うば,"① うば。母親の代わりに子どもの世話をする女性。
② 若い女性に婦人としての道徳を教える年配の女性。
③ あによめ。夫の兄の妻を呼ぶことば。",Type the reading!,Text
姙む,はらむ,はらむ。みごもる。子をやどす。,Type the reading!,Text
姙る,みごもる,はらむ。みごもる。子をやどす。,Type the reading!,Text
姚しい,うつくしい,うつくしい。容姿が美しい。,Type the reading!,Text
姨,おば,"① おば。母の姉妹。
② 妻の姉妹（特に妹のこと）。",Type the reading!,Text
姸しい,うつくしい,うつくしい。みめよい。あでやか。容姿が美しく整っている。,Type the reading!,Text
娉う,とう,"【A】ヘイとう。女性に名を問う。転じて、嫁として迎える。めとる。
【B】ヘイ・ホウうつくしいさま。みめよいさま。",Type the reading!,Text
娉る,めとる,"【A】ヘイとう。女性に名を問う。転じて、嫁として迎える。めとる。
【B】ヘイ・ホウうつくしいさま。みめよいさま。",Type the reading!,Text
娜やか,しなやか,しなやか。たおやか。しなやかで美しいさま。,Type the reading!,Text
娟しい,うつくしい,"① うつくしい。みめよい。うるわしい。
② しなやか。動作がしなやかなさま。",Type the reading!,Text
娟やか,しなやか,"① うつくしい。みめよい。うるわしい。
② しなやか。動作がしなやかなさま。",Type the reading!,Text
娥しい,うつくしい,"① うつくしい。みめよい。容姿が美しい。
② 月に住むとされる美女の名「嫦娥（こうが・じょうが）」に用いられる字。",Type the reading!,Text
娵,"たおやめ,よめ","【A】ソウたおやめ。たおやかな女性。
【B】シュ星座の名「娵訾（シュシ）」に用いられる字。
【日本】よめ。息子の妻。または、自分の妻。",Type the reading!,Text
娶る,めとる,めとる。嫁をもらう。嫁を迎える。,Type the reading!,Text
婀やか,たおやか,"【A】アたおやか。しなやか。女性の姿が美しいさま。
【B】アきまらない。さだまらない。",Type the reading!,Text
婉う,したがう,"① うつくしい。しとやか。上品でおだやか。
② したがう。逆らわない。従順。
③ 遠回し。むき出しでない。角立てない。",Type the reading!,Text
婉しい,うつくしい,"① うつくしい。しとやか。上品でおだやか。
② したがう。逆らわない。従順。
③ 遠回し。むき出しでない。角立てない。",Type the reading!,Text
婉やか,しとやか,"① うつくしい。しとやか。上品でおだやか。
② したがう。逆らわない。従順。
③ 遠回し。むき出しでない。角立てない。",Type the reading!,Text
婢,はしため,"① はしため。女性の召し使い。身分の低い女性。
② わらわ。女性が自分のことをへりくだっていうことば。",Type the reading!,Text
婪る,むさぼる,むさぼる。ほしがり求める。,Type the reading!,Text
婬ら,みだら,みだら。たわむれる。男女の正しくない交わり。,Type the reading!,Text
婬れる,たわむれる,みだら。たわむれる。男女の正しくない交わり。,Type the reading!,Text
媚,こび,"① こびる。こび。なまめかしいしぐさで相手に気に入られようとする。
② うつくしい。人の容姿、または景色などが美しい。",Type the reading!,Text
媚しい,うつくしい,"① こびる。こび。なまめかしいしぐさで相手に気に入られようとする。
② うつくしい。人の容姿、または景色などが美しい。",Type the reading!,Text
媚びる,こびる,"① こびる。こび。なまめかしいしぐさで相手に気に入られようとする。
② うつくしい。人の容姿、または景色などが美しい。",Type the reading!,Text
媼,"うば,おうな",おうな。うば。年をとった女性。,Type the reading!,Text
媽,はは,"① はは。母親。お母さん。
② 老婦。年老いた女性。",Type the reading!,Text
媾,よしみ,"① 親戚同士での結婚。親族との縁組。
② よしみ。仲直りする。和解する。
③ まじわる。男女が交わる。",Type the reading!,Text
媾わる,まじわる,"① 親戚同士での結婚。親族との縁組。
② よしみ。仲直りする。和解する。
③ まじわる。男女が交わる。",Type the reading!,Text
嫂,あによめ,あによめ。兄の妻。,Type the reading!,Text
嫋ぐ,そよぐ,"① しなやか。たおやか。しなやかで美しいさま。
② そよぐ。風にゆられるさま。",Type the reading!,Text
嫋やか,"しなやか,たおやか","① しなやか。たおやか。しなやかで美しいさま。
② そよぐ。風にゆられるさま。",Type the reading!,Text
嫖い,かるい,"① かるい。身がかるい。動きがすばやい。
② みだら。女遊びをする。",Type the reading!,Text
嫖ら,みだら,"① かるい。身がかるい。動きがすばやい。
② みだら。女遊びをする。",Type the reading!,Text
嫗,おうな,"【A】ウ・オウ
① おうな。年をとった女性。
② はは。母親。
【B】ウ・オウあたためる。子を抱いてあたためる。養い育てる。",Type the reading!,Text
嫗める,あたためる,"【A】ウ・オウ
① おうな。年をとった女性。
② はは。母親。
【B】ウ・オウあたためる。子を抱いてあたためる。養い育てる。",Type the reading!,Text
嫩い,わかい,わかい。よわい。若くてやわらかい。若くてしなやか。,Type the reading!,Text
嫺う,ならう,"① みやびやか。上品。しとやかで美しい。
② ならう。なれる。習熟する。熟練する。",Type the reading!,Text
嫺やか,みやびやか,"① みやびやか。上品。しとやかで美しい。
② ならう。なれる。習熟する。熟練する。",Type the reading!,Text
嫻う,ならう,"① みやびやか。上品。しとやかで美しい。
② ならう。なれる。習熟する。熟練する。",Type the reading!,Text
嫻やか,みやびやか,"① みやびやか。上品。しとやかで美しい。
② ならう。なれる。習熟する。熟練する。",Type the reading!,Text
嬋やか,あでやか,あでやか。たおやか。美しい。,Type the reading!,Text
嬌かしい,なまめかしい,"① なまめかしい。なまめかしく美しい。
② 愛らしい。かわいらしい。
③ かわいがる。愛らしく思う。
④ おごる。いばる。＝驕",Type the reading!,Text
嬖り,おきにいり,"① おきにいり。貴人のお気に入りの家臣や女性。
② かわいがる。寵愛（チョウアイ）する。",Type the reading!,Text
嬪,"ひめ,よめ","① よめ。妻。
② ひめ。貴人の側室。また、女性の美称。
③ そう。つれそう。嫁にいく。夫に仕える。",Type the reading!,Text
嬪う,そう,"① よめ。妻。
② ひめ。貴人の側室。また、女性の美称。
③ そう。つれそう。嫁にいく。夫に仕える。",Type the reading!,Text
嬲る,なぶる,なぶる。からかう。もてあそぶ。,Type the reading!,Text
嬶,"かか,かかあ",かか。かかあ。妻（特に自分の妻）を親しみをこめていうことば。,Type the reading!,Text
嬾い,ものうい,"① おこたる。なまける。＝懶
② ものうい。だるい。けだるい。",Type the reading!,Text
嬾る,おこたる,"① おこたる。なまける。＝懶
② ものうい。だるい。けだるい。",Type the reading!,Text
孀,やもめ,やよめ。夫と死に別れた女性。,Type the reading!,Text
孅い,かよわい,"① かよわい。ほっそりしている。
② こまかい。ほそい。ちいさい。",Type the reading!,Text
孅かい,こまかい,"① かよわい。ほっそりしている。
② こまかい。ほそい。ちいさい。",Type the reading!,Text
孑り,ひとり,"① 右の腕がない。
② ひとり。ひとつ。
③ のこり。あまり。
④ 小さい。",Type the reading!,Text
孒,ぼうふら,"【A】ケツ
① 左のうでがない。
② かけている。みじかい。
【B】キョウ・ぼうふら「孑孒（げっきょう）」は、かの幼虫。ぼうふら。",Type the reading!,Text
孕む,はらむ,はらむ。みごもる。子をやどす。,Type the reading!,Text
孕る,みごもる,はらむ。みごもる。子をやどす。,Type the reading!,Text
孚,まこと,"① かえす。卵をかえす。
② はぐくむ。大切に育てる。
③ まこと。まごころ。真実。誠意。",Type the reading!,Text
孚す,かえす,"① かえす。卵をかえす。
② はぐくむ。大切に育てる。
③ まこと。まごころ。真実。誠意。",Type the reading!,Text
孚む,はぐくむ,"① かえす。卵をかえす。
② はぐくむ。大切に育てる。
③ まこと。まごころ。真実。誠意。",Type the reading!,Text
孛,ほうきぼし,"【A】ハイほうきぼし。彗星。
【B】ホツ・ボツむっとする。急に顔色が変わる。勢いよくおこりたつ。＝勃",Type the reading!,Text
孥,つまこ,"① つまこ。妻子。妻と子。
② 子。子ども。
③ やっこ。しもべ。奴隷。＝奴",Type the reading!,Text
孩,"あかご,ちのみご","① あかご。ちのみご。赤ん坊。
② 生まれて間もない小さな子が笑う。また、そのさま。",Type the reading!,Text
孰,たれ,"① 「たれ」「たれか」と読み、「だれが～か」「だれを～か」の意を表す。
② 「いずれ」「いずれか」と読み、「どちらが～か」の意を表わす。
③ つまびらか。詳しい。
④ 煮る。煮える。＝熟
⑤ 熟れる。成熟する。＝熟",Type the reading!,Text
孰らか,つまびらか,"① 「たれ」「たれか」と読み、「だれが～か」「だれを～か」の意を表す。
② 「いずれ」「いずれか」と読み、「どちらが～か」の意を表わす。
③ つまびらか。詳しい。
④ 煮る。煮える。＝熟
⑤ 熟れる。成熟する。＝熟",Type the reading!,Text
孰れ,いずれ,"① 「たれ」「たれか」と読み、「だれが～か」「だれを～か」の意を表す。
② 「いずれ」「いずれか」と読み、「どちらが～か」の意を表わす。
③ つまびらか。詳しい。
④ 煮る。煮える。＝熟
⑤ 熟れる。成熟する。＝熟",Type the reading!,Text
孱い,よわい,"① よわい。小さくて弱々しい。
② おとる。おとっている。",Type the reading!,Text
孱る,おとる,"① よわい。小さくて弱々しい。
② おとる。おとっている。",Type the reading!,Text
孳む,うむ,"① うむ。子を生む。子をもつ。
② しげる。ふえる。繁殖する。
③ つとめる。はげむ。精を出す。＝孜",Type the reading!,Text
孳める,つとめる,"① うむ。子を生む。子をもつ。
② しげる。ふえる。繁殖する。
③ つとめる。はげむ。精を出す。＝孜",Type the reading!,Text
孳る,しげる,"① うむ。子を生む。子をもつ。
② しげる。ふえる。繁殖する。
③ つとめる。はげむ。精を出す。＝孜",Type the reading!,Text
孵す,かえす,かえす。かえる。卵をかえす。また、卵がかえる。,Type the reading!,Text
孵る,かえる,かえす。かえる。卵をかえす。また、卵がかえる。,Type the reading!,Text
孶む,うむ,"① うむ。子を生む。子をもつ。
② しげる。ふえる。繁殖する。
③ つとめる。はげむ。精を出す。＝孜",Type the reading!,Text
孶める,つとめる,"① うむ。子を生む。子をもつ。
② しげる。ふえる。繁殖する。
③ つとめる。はげむ。精を出す。＝孜",Type the reading!,Text
孶る,しげる,"① うむ。子を生む。子をもつ。
② しげる。ふえる。繁殖する。
③ つとめる。はげむ。精を出す。＝孜",Type the reading!,Text
孺,ちのみご,"① ちのみご。おさない子。幼児。
② おさない。いとけない。あどけない。
③ 「孺人（じゅじん）」は大夫（たいふ）の妻。身分の高い人の妻。また、妻の通称。",Type the reading!,Text
孺い,おさない,"① ちのみご。おさない子。幼児。
② おさない。いとけない。あどけない。
③ 「孺人（じゅじん）」は大夫（たいふ）の妻。身分の高い人の妻。また、妻の通称。",Type the reading!,Text
孼,"ひこばえ,わきばら","① わきばら。正妻以外から生まれた子。
② ひこばえ。木の切り株から出た芽。＝櫱
③ わざわい。災厄。災難。",Type the reading!,Text
孼い,わざわい,"① わきばら。正妻以外から生まれた子。
② ひこばえ。木の切り株から出た芽。＝櫱
③ わざわい。災厄。災難。",Type the reading!,Text
孽,"ひこばえ,わきばら","① わきばら。正妻以外から生まれた子。
② ひこばえ。木の切り株から出た芽。＝櫱
③ わざわい。災厄。災難。",Type the reading!,Text
孽い,わざわい,"① わきばら。正妻以外から生まれた子。
② ひこばえ。木の切り株から出た芽。＝櫱
③ わざわい。災厄。災難。",Type the reading!,Text
宦,つかさ,"① つかえる。官職につく。役人になる。
② つかさ。官職。役人。
③ 去勢して宮中に仕える男性。",Type the reading!,Text
宦える,つかえる,"① つかえる。官職につく。役人になる。
② つかさ。官職。役人。
③ 去勢して宮中に仕える男性。",Type the reading!,Text
宸,のき,"① 軒（のき）。
② 天子の住まい。天子の住む御殿。
③ 天子に関する語の上につけることば。",Type the reading!,Text
寃,"あだ,ぬれぎぬ","① あだ。うらみ。かたき。
② ぬれぎぬ。やっていない無実の罪。",Type the reading!,Text
寇,"あだ,かたき","① あだ。かたき。外から攻めてくる敵。
② あだする。侵入してものを奪いとる。荒らしまわる。乱暴を働く。",Type the reading!,Text
寇する,あだする,"① あだ。かたき。外から攻めてくる敵。
② あだする。侵入してものを奪いとる。荒らしまわる。乱暴を働く。",Type the reading!,Text
寐る,ねる,ねる。ねむる。ねむりにつく。,Type the reading!,Text
寔に,まことに,"① まことに。本当に。実際に。＝実
② これ。この。＝是",Type the reading!,Text
寞か,しずか,さびしい。しずか。人の姿や声もなくひっそりとしているさま。,Type the reading!,Text
寞しい,さびしい,さびしい。しずか。人の姿や声もなくひっそりとしているさま。,Type the reading!,Text
寤める,さめる,"① さめる。目が覚める。
② さとる。気づく。気がつく。
③ さかさ。さかさである。逆。",Type the reading!,Text
寤る,さとる,"① さめる。目が覚める。
② さとる。気づく。気がつく。
③ さかさ。さかさである。逆。",Type the reading!,Text
寥か,しずか,"① さびしい。しずか。静かでひっそりとしている。
② うつろである。がらんとしてむなしい。",Type the reading!,Text
寥しい,さびしい,"① さびしい。しずか。静かでひっそりとしている。
② うつろである。がらんとしてむなしい。",Type the reading!,Text
寨,"とりで,まがき","① とりで。外敵を防ぐ小規模な城。
② まがき。敵の攻撃を防ぐための柵。",Type the reading!,Text
尠ない,すくない,すくない。まれである。＝鮮,Type the reading!,Text
尨,むくいぬ,"【A】ボウ
① むくいぬ。毛がふさふさな犬。
② まじる。色がまじる。雑色。
③ おおきい。おおきいさま。＝厖
【B】ボウみだれる。いりまじる。",Type the reading!,Text
尨きい,おおきい,"【A】ボウ
① むくいぬ。毛がふさふさな犬。
② まじる。色がまじる。雑色。
③ おおきい。おおきいさま。＝厖
【B】ボウみだれる。いりまじる。",Type the reading!,Text
尨じる,まじる,"【A】ボウ
① むくいぬ。毛がふさふさな犬。
② まじる。色がまじる。雑色。
③ おおきい。おおきいさま。＝厖
【B】ボウみだれる。いりまじる。",Type the reading!,Text
尸,"かたしろ,かばね,しかばね","① しかばね。かばね。死体。
② かたしろ。先祖をまつるときに、神霊の代わりとなって祭りを受ける人。または、人形などの物。
③ つかさどる。「尸政（しせい）」は政（まつりごと）をつかさどるの意。",Type the reading!,Text
尸る,つかさどる,"① しかばね。かばね。死体。
② かたしろ。先祖をまつるときに、神霊の代わりとなって祭りを受ける人。または、人形などの物。
③ つかさどる。「尸政（しせい）」は政（まつりごと）をつかさどるの意。",Type the reading!,Text
尹,おさ,"① おさ。長官。
② おさめる。ただす。安定させる。乱れないようにする。
【日本】かみ。四等官（シトウカン）で、弾正台の第一位。",Type the reading!,Text
尹す,ただす,"① おさ。長官。
② おさめる。ただす。安定させる。乱れないようにする。
【日本】かみ。四等官（シトウカン）で、弾正台の第一位。",Type the reading!,Text
尹める,おさめる,"① おさ。長官。
② おさめる。ただす。安定させる。乱れないようにする。
【日本】かみ。四等官（シトウカン）で、弾正台の第一位。",Type the reading!,Text
屁,へ,へ。おなら。,Type the reading!,Text
屎,くそ,くそ。大便。,Type the reading!,Text
屏,"かき,ついたて","【A】ビョウ・ヘイ
① かき。へい。中を見えなくするための囲い。
② ついたて。仕切りや目隠しをするためのもの。
【B】ヘイ
① おおう。おおい隠す。
② しりぞく。しりぞける。さがる。さげる。",Type the reading!,Text
屏う,おおう,"【A】ビョウ・ヘイ
① かき。へい。中を見えなくするための囲い。
② ついたて。仕切りや目隠しをするためのもの。
【B】ヘイ
① おおう。おおい隠す。
② しりぞく。しりぞける。さがる。さげる。",Type the reading!,Text
屏く,しりぞく,"【A】ビョウ・ヘイ
① かき。へい。中を見えなくするための囲い。
② ついたて。仕切りや目隠しをするためのもの。
【B】ヘイ
① おおう。おおい隠す。
② しりぞく。しりぞける。さがる。さげる。",Type the reading!,Text
屏ける,しりぞける,"【A】ビョウ・ヘイ
① かき。へい。中を見えなくするための囲い。
② ついたて。仕切りや目隠しをするためのもの。
【B】ヘイ
① おおう。おおい隠す。
② しりぞく。しりぞける。さがる。さげる。",Type the reading!,Text
屓,ひいき,"① 力を出すさま。力強いさま。
② 鼻で息をする。いびき。",Type the reading!,Text
屛,"かき,ついたて","【A】ビョウ・ヘイ
① かき。へい。中を見えなくするための囲い。
② ついたて。仕切りや目隠しをするためのもの。
【B】ヘイ
① おおう。おおい隠す。
② しりぞく。しりぞける。さがる。さげる。",Type the reading!,Text
屛う,おおう,"【A】ビョウ・ヘイ
① かき。へい。中を見えなくするための囲い。
② ついたて。仕切りや目隠しをするためのもの。
【B】ヘイ
① おおう。おおい隠す。
② しりぞく。しりぞける。さがる。さげる。",Type the reading!,Text
屛く,しりぞく,"【A】ビョウ・ヘイ
① かき。へい。中を見えなくするための囲い。
② ついたて。仕切りや目隠しをするためのもの。
【B】ヘイ
① おおう。おおい隠す。
② しりぞく。しりぞける。さがる。さげる。",Type the reading!,Text
屛ける,しりぞける,"【A】ビョウ・ヘイ
① かき。へい。中を見えなくするための囲い。
② ついたて。仕切りや目隠しをするためのもの。
【B】ヘイ
① おおう。おおい隠す。
② しりぞく。しりぞける。さがる。さげる。",Type the reading!,Text
屠く,さく,"① ほふる。牛や馬などの家畜を殺す。
② ほふる。皆殺しにする。滅ぼす。
③ さく。きりさく。",Type the reading!,Text
屠る,ほふる,"① ほふる。牛や馬などの家畜を殺す。
② ほふる。皆殺しにする。滅ぼす。
③ さく。きりさく。",Type the reading!,Text
屭,ひいき,"① 力を出すさま。力強いさま。
② 鼻で息をする。いびき。",Type the reading!,Text
屶,なた,"① なた。薪割りや枝を切り落とすときなどに用いる刃物。
② 人名や地名に用いられる字。",Type the reading!,Text
屹つ,そばだつ,そばだつ。そびえ立つ。,Type the reading!,Text
岌い,たかい,"① たかい。山が高い。
② あやうい。危険。",Type the reading!,Text
岑,みね,"① みね。山の小高く突き出ている所。頂上。
② けわしい。鋭くきりたっている。",Type the reading!,Text
岑しい,けわしい,"① みね。山の小高く突き出ている所。頂上。
② けわしい。鋭くきりたっている。",Type the reading!,Text
岫,"いわあな,くき,みね","① くき。いわあな。ほらあな。山中の洞穴。
② みね。山の頂上。",Type the reading!,Text
峙える,"そなえる,たくわえる","① そばだつ。高くそびえ立つ。
② そなえる。たくわえる。",Type the reading!,Text
峙つ,そばだつ,"① そばだつ。高くそびえ立つ。
② そなえる。たくわえる。",Type the reading!,Text
峪,たに,"① たに。はざま。
② 「嘉峪関（かよくかん）」は中国の関所の名。
【日本】地名に用いられる字。「峪（かけ）」は山口県の地名。",Type the reading!,Text
峭しい,"きびしい,けわしい","① けわしい。山が切り立ってけわしい。
② きびしい。程度がはげしい。",Type the reading!,Text
崔い,たかい,"【A】サイ・スイたかい。山が高くて大きいさま。
【B】サイまじわる。まじりあう。いりみだれる。",Type the reading!,Text
崔わる,まじわる,"【A】サイ・スイたかい。山が高くて大きいさま。
【B】サイまじわる。まじりあう。いりみだれる。",Type the reading!,Text
崚い,たかい,たかい。けわしい。山が高く険しく連なるさま。,Type the reading!,Text
崚しい,けわしい,たかい。けわしい。山が高く険しく連なるさま。,Type the reading!,Text
崛つ,そばだつ,"① そばだつ。山が高くそびえるさま。
② ぬきんでる。ひときわ高くつきでる。",Type the reading!,Text
崟,みね,"① たかい。山が高く険しく切り立っている。
② みね。",Type the reading!,Text
崟い,たかい,"① たかい。山が高く険しく切り立っている。
② みね。",Type the reading!,Text
崢い,たかい,たかい。けわしい。山が高くそびえ険しいさま。,Type the reading!,Text
崢しい,けわしい,たかい。けわしい。山が高くそびえ険しいさま。,Type the reading!,Text
嵌,"あな,ほらあな","① 山や谷などが奥深くまで続くさま。
② けわしい。山が険しいさま。
③ くぼみ。くぼ地。くぼんだ谷。
④ あな。ほらあな。山の洞穴。
⑤ はめる。はめこむ。ちりばめる。",Type the reading!,Text
嵌しい,けわしい,"① 山や谷などが奥深くまで続くさま。
② けわしい。山が険しいさま。
③ くぼみ。くぼ地。くぼんだ谷。
④ あな。ほらあな。山の洞穴。
⑤ はめる。はめこむ。ちりばめる。",Type the reading!,Text
嵌む,はめこむ,"① 山や谷などが奥深くまで続くさま。
② けわしい。山が険しいさま。
③ くぼみ。くぼ地。くぼんだ谷。
④ あな。ほらあな。山の洞穴。
⑤ はめる。はめこむ。ちりばめる。",Type the reading!,Text
嵌める,"ちりばめる,はめる","① 山や谷などが奥深くまで続くさま。
② けわしい。山が険しいさま。
③ くぼみ。くぼ地。くぼんだ谷。
④ あな。ほらあな。山の洞穴。
⑤ はめる。はめこむ。ちりばめる。",Type the reading!,Text
嵎,"くま,すみ","① くま。山の奥深く入りくんだところ。
② すみ。山かど。山の一角。
③ 山が高くて険しい。",Type the reading!,Text
嵒,"いわ,いわお","① いわ。いわお。ごつごつした大きな石。＝巌
② けわしい。高くて険しい山。
【日本】「俎嵒（まないたぐら）」は谷川岳の隣の山の名前。",Type the reading!,Text
嵒しい,けわしい,"① いわ。いわお。ごつごつした大きな石。＝巌
② けわしい。高くて険しい山。
【日本】「俎嵒（まないたぐら）」は谷川岳の隣の山の名前。",Type the reading!,Text
嵬い,たかい,"① たかい。おおきい。山が高く大きいさま。
② けわしい。険しい山。
③ あやしい。奇怪。",Type the reading!,Text
嵬きい,おおきい,"① たかい。おおきい。山が高く大きいさま。
② けわしい。険しい山。
③ あやしい。奇怪。",Type the reading!,Text
嶂,みね,みね。幾重にも連なる険しい山。,Type the reading!,Text
嶄しい,けわしい,"【A】サン・ザン
① たかい。けわしい。山が高く切り立つさま。
② ぬきんでる。ひときわ高くつきでる。
【B】サン・ザン山が険しく切り立つさま。",Type the reading!,Text
嶇しい,けわしい,"① けわしい。山道が平らではなく険しい。
② 悩む。行き悩む。苦しむ。",Type the reading!,Text
嶝,"さか,さかみち",さか。さかみち。山に登るための道。,Type the reading!,Text
嶢い,たかい,けわしい。たかい。山が高く険しい。,Type the reading!,Text
嶢しい,けわしい,けわしい。たかい。山が高く険しい。,Type the reading!,Text
嶬しい,けわしい,けわしい。山が高く険しい。,Type the reading!,Text
嶮しい,けわしい,けわしい。険しく切り立つさま。,Type the reading!,Text
嶷い,"さとい,たかい","【A】ギ山の名。「九嶷（きゅうぎ）」に用いられる字。
【B】ギョク
① たかい。ひときわ高くぬきんでる。
② さとい。かしこい。幼くして才知にたけている。",Type the reading!,Text
嶼,しま,しま。小さな島。,Type the reading!,Text
巉しい,けわしい,けわしい。険しく切り立つさま。,Type the reading!,Text
巍い,たかい,たかい。山が高大にそびえるさま。,Type the reading!,Text
巒,"みね,やまなみ",みね。やまなみ。長く連なる山々。,Type the reading!,Text
巓,いただき,いただき。山の一番高い所。山頂。,Type the reading!,Text
巫,"かんなぎ,みこ",みこ。かんなぎ。神に仕える人。特に、女性を「巫（ふ）」、男性を「覡（げき）」という。,Type the reading!,Text
已,のみ,"① やむ。やめる。中止する。
② 「すでに」と読み、「もう」「もはや」「とっくに」などの意を表わす。
③ 「のみ」と読み、文末に置き、断定・強調の意を表す。
④ 「はなはだ」と読み、「非常に」「きわめて」などの意を表す。",Type the reading!,Text
已だ,はなはだ,"① やむ。やめる。中止する。
② 「すでに」と読み、「もう」「もはや」「とっくに」などの意を表わす。
③ 「のみ」と読み、文末に置き、断定・強調の意を表す。
④ 「はなはだ」と読み、「非常に」「きわめて」などの意を表す。",Type the reading!,Text
已に,すでに,"① やむ。やめる。中止する。
② 「すでに」と読み、「もう」「もはや」「とっくに」などの意を表わす。
③ 「のみ」と読み、文末に置き、断定・強調の意を表す。
④ 「はなはだ」と読み、「非常に」「きわめて」などの意を表す。",Type the reading!,Text
已む,やむ,"① やむ。やめる。中止する。
② 「すでに」と読み、「もう」「もはや」「とっくに」などの意を表わす。
③ 「のみ」と読み、文末に置き、断定・強調の意を表す。
④ 「はなはだ」と読み、「非常に」「きわめて」などの意を表す。",Type the reading!,Text
巵,さかずき,さかずき。お酒を飲む容器。四升入りの大きいさかずき。,Type the reading!,Text
帑,"かねぐら,つまこ","【A】トウかねぐら。金銭や品物をいれておく所。金庫。
【B】ドつまこ。妻子。妻と子。",Type the reading!,Text
帙,ふまき,ふまき。ふみづつみ。書物を包むもの。また、それを数えることば。一般的に一帙は数冊の書物からなる。,Type the reading!,Text
帙み,ふみづつみ,ふまき。ふみづつみ。書物を包むもの。また、それを数えることば。一般的に一帙は数冊の書物からなる。,Type the reading!,Text
帚,ほうき,"① ほうき。掃除をするための道具。
② はく。ほうきで掃いてきれいにする。＝掃",Type the reading!,Text
帚く,はく,"① ほうき。掃除をするための道具。
② はく。ほうきで掃いてきれいにする。＝掃",Type the reading!,Text
帛,"きぬ,しろぎぬ,ぬさ","① きぬ。しろぎぬ。白い絹糸で織った布。また、絹織物の総称。
② ぬさ。神前に供える白い絹。",Type the reading!,Text
帷,"かたびら,とばり","① とばり。たれぎぬ。たれまく。かたびら。四方を取り巻いて垂らす幕。
② かたびら。ひとえもの。 裏地のない着物。",Type the reading!,Text
幃,とばり,"① とばり。周りを囲むように垂らす幕。
② 香りぶくろ。香料を詰めたふくろ。",Type the reading!,Text
幄,とばり,とばり。上から四方に屋根のようにはりめぐらした幕。天幕。テント。,Type the reading!,Text
幇,なかま,"① たすける。手伝う。力を貸す。
② なかま。手助けをしてくれるなかま。",Type the reading!,Text
幇ける,たすける,"① たすける。手伝う。力を貸す。
② なかま。手助けをしてくれるなかま。",Type the reading!,Text
幎,とばり,"① おおう。おおいかぶせる。おおい隠す。
② とばり。おおい隠す布。",Type the reading!,Text
幎う,おおう,"① おおう。おおいかぶせる。おおい隠す。
② とばり。おおい隠す布。",Type the reading!,Text
幔,まく,まく。四方に張りめぐらした幕。,Type the reading!,Text
幗り,かみかざり,かみかざり。女性の髪飾り。頭を包む飾りの布。,Type the reading!,Text
幟,"しるし,のぼり",のぼり。しるし。目じるしのための旗。,Type the reading!,Text
幢,はた,"① はた。儀式での儀仗、軍の指揮などに用いる旗。
② はた。経文を書いた布、または経文を彫った石柱。",Type the reading!,Text
幫,なかま,"① たすける。手伝う。力を貸す。
② なかま。手助けをしてくれるなかま。",Type the reading!,Text
幫ける,たすける,"① たすける。手伝う。力を貸す。
② なかま。手助けをしてくれるなかま。",Type the reading!,Text
幵ら,たいら,"① たいら。たいらなさま。そろっているさま。
② 古代中国の部族の名。",Type the reading!,Text
并せる,あわせる,"【A】ヘイ
① あわせる。あわす。一つにする。
② ならぶ。ならべる。
③ ならびに。ともに。
【B】ヘイ古代中国の州の名。",Type the reading!,Text
并ぶ,ならぶ,"【A】ヘイ
① あわせる。あわす。一つにする。
② ならぶ。ならべる。
③ ならびに。ともに。
【B】ヘイ古代中国の州の名。",Type the reading!,Text
幷せる,あわせる,"【A】ヘイ
① あわせる。あわす。一つにする。
② ならぶ。ならべる。
③ ならびに。ともに。
【B】ヘイ古代中国の州の名。",Type the reading!,Text
幷ぶ,ならぶ,"【A】ヘイ
① あわせる。あわす。一つにする。
② ならぶ。ならべる。
③ ならびに。ともに。
【B】ヘイ古代中国の州の名。",Type the reading!,Text
幺い,おさない,"① ちいさい。ほそい。
② おさない。いとけない。あどけない。＝幼",Type the reading!,Text
幺さい,ちいさい,"① ちいさい。ほそい。
② おさない。いとけない。あどけない。＝幼",Type the reading!,Text
庠,まなびや,まなびや。学校。中国の殷代の学校。,Type the reading!,Text
廁,かわや,"【A】シ
① かわや。便をするための場所。
② ぶた小屋。
③ まじる。いりまじる。
【B】シキ・ショクかたわら。わき。そば。＝側",Type the reading!,Text
廁じる,まじる,"【A】シ
① かわや。便をするための場所。
② ぶた小屋。
③ まじる。いりまじる。
【B】シキ・ショクかたわら。わき。そば。＝側",Type the reading!,Text
廂,ひさし,"① ひさし。正堂の両側につくられたわき部屋。
② わたどの。建物をつなぐ渡り廊下。
【日本】ひさし。家の軒の下に添えた小さな屋根。",Type the reading!,Text
廈,いえ,いえ。大きな家。,Type the reading!,Text
廖しい,むなしい,むなしい。がらんとしてむなしい。うつろである。,Type the reading!,Text
廛,"みせ,やしき","① みせ。商店。店舗。
② やしき。すまい。住宅。",Type the reading!,Text
廝,"こもの,めしつかい","① こもの。めしつかい。つかい。雑用をするもの。
② ～しあう。互いに。",Type the reading!,Text
廡,"のき,ひさし","【A】ブ
① ひさし。のき。家の軒に差し出して雨や日光をさえぎるための小さな屋根。
② 廊下。回廊。
【B】ブしげる。草や木が生い茂る。",Type the reading!,Text
廨,やくしょ,役所（やくしょ）。,Type the reading!,Text
廩,"くら,ふち","① くら。米ぐら。
② 扶持（ふち）。役所から米で支給される給与。
③ あつめる。たくわえる。",Type the reading!,Text
廬,"いえ,いおり","① いおり。小さく粗末な家。
② いえ。住まい。",Type the reading!,Text
廱らぐ,やわらぐ,"① やわらぐ。むつまじい。なごやか。
② ふさぐ。ふさがる。さえぎる。＝壅",Type the reading!,Text
廸,みち,"① みち。道理。道徳。
② みち。道路。
③ みちびく。教えみちびく。
④ ふむ。ふみおこなう。実行する。
⑤ すすむ。道を進む。官職につく。",Type the reading!,Text
廸く,みちびく,"① みち。道理。道徳。
② みち。道路。
③ みちびく。教えみちびく。
④ ふむ。ふみおこなう。実行する。
⑤ すすむ。道を進む。官職につく。",Type the reading!,Text
廸む,"すすむ,ふむ","① みち。道理。道徳。
② みち。道路。
③ みちびく。教えみちびく。
④ ふむ。ふみおこなう。実行する。
⑤ すすむ。道を進む。官職につく。",Type the reading!,Text
弉ん,さかん,さかん。大きい。,Type the reading!,Text
弋,"いぐるみ,くい","① いぐるみ。矢に糸をつけ、射た鳥が絡まるようにした狩猟具。
② くい。地中に打ちこむ棒ぐい。
③ とる。獲物をとらえる。狩りをする。
④ くろい。黒色。
⑤ うかぶ。水上を動き回る。",Type the reading!,Text
弋い,くろい,"① いぐるみ。矢に糸をつけ、射た鳥が絡まるようにした狩猟具。
② くい。地中に打ちこむ棒ぐい。
③ とる。獲物をとらえる。狩りをする。
④ くろい。黒色。
⑤ うかぶ。水上を動き回る。",Type the reading!,Text
弋かぶ,うかぶ,"① いぐるみ。矢に糸をつけ、射た鳥が絡まるようにした狩猟具。
② くい。地中に打ちこむ棒ぐい。
③ とる。獲物をとらえる。狩りをする。
④ くろい。黒色。
⑤ うかぶ。水上を動き回る。",Type the reading!,Text
弋る,とる,"① いぐるみ。矢に糸をつけ、射た鳥が絡まるようにした狩猟具。
② くい。地中に打ちこむ棒ぐい。
③ とる。獲物をとらえる。狩りをする。
④ くろい。黒色。
⑤ うかぶ。水上を動き回る。",Type the reading!,Text
弌,ひと,"① ひとつ。
② ひとたび。いちど。
③ はじめ。最初。物事のいち番目。
④ 同じ。等しい。
⑤ ひとつにする。同じにする。
⑥ すべて。全部。
⑦ もっぱら。ひたすら。
⑧ すこし。わずか。ちょっと。
⑨ あるひとつの。
⑩ あるとき。ある時間。
⑪ あるいは。または。
⑫ なんと。まったく。",Type the reading!,Text
弌つ,ひとつ,"① ひとつ。
② ひとたび。いちど。
③ はじめ。最初。物事のいち番目。
④ 同じ。等しい。
⑤ ひとつにする。同じにする。
⑥ すべて。全部。
⑦ もっぱら。ひたすら。
⑧ すこし。わずか。ちょっと。
⑨ あるひとつの。
⑩ あるとき。ある時間。
⑪ あるいは。または。
⑫ なんと。まったく。",Type the reading!,Text
弌め,はじめ,"① ひとつ。
② ひとたび。いちど。
③ はじめ。最初。物事のいち番目。
④ 同じ。等しい。
⑤ ひとつにする。同じにする。
⑥ すべて。全部。
⑦ もっぱら。ひたすら。
⑧ すこし。わずか。ちょっと。
⑨ あるひとつの。
⑩ あるとき。ある時間。
⑪ あるいは。または。
⑫ なんと。まったく。",Type the reading!,Text
弍,ふた,"【A】ニ・ジ・ふた・ふた（つ）・うたが（う）・つ（ぐ）・なら（ぶ）
① ふた。ふたつ。数の名。
② ふたたび。再度。
③ ふたつめ。つぎ。つぎの。
【B】ニ・ジ・ふた・ふた（つ）
① 別の。違った。ふたごころ。
② うたがう。そむく。",Type the reading!,Text
弍う,うたがう,"【A】ニ・ジ・ふた・ふた（つ）・うたが（う）・つ（ぐ）・なら（ぶ）
① ふた。ふたつ。数の名。
② ふたたび。再度。
③ ふたつめ。つぎ。つぎの。
【B】ニ・ジ・ふた・ふた（つ）
① 別の。違った。ふたごころ。
② うたがう。そむく。",Type the reading!,Text
弍ぐ,つぐ,"【A】ニ・ジ・ふた・ふた（つ）・うたが（う）・つ（ぐ）・なら（ぶ）
① ふた。ふたつ。数の名。
② ふたたび。再度。
③ ふたつめ。つぎ。つぎの。
【B】ニ・ジ・ふた・ふた（つ）
① 別の。違った。ふたごころ。
② うたがう。そむく。",Type the reading!,Text
弍つ,ふたつ,"【A】ニ・ジ・ふた・ふた（つ）・うたが（う）・つ（ぐ）・なら（ぶ）
① ふた。ふたつ。数の名。
② ふたたび。再度。
③ ふたつめ。つぎ。つぎの。
【B】ニ・ジ・ふた・ふた（つ）
① 別の。違った。ふたごころ。
② うたがう。そむく。",Type the reading!,Text
弍ぶ,ならぶ,"【A】ニ・ジ・ふた・ふた（つ）・うたが（う）・つ（ぐ）・なら（ぶ）
① ふた。ふたつ。数の名。
② ふたたび。再度。
③ ふたつめ。つぎ。つぎの。
【B】ニ・ジ・ふた・ふた（つ）
① 別の。違った。ふたごころ。
② うたがう。そむく。",Type the reading!,Text
弑す,ころす,しいする。ころす。臣下が君主を殺す。子が親を殺す。,Type the reading!,Text
弑する,しいする,しいする。ころす。臣下が君主を殺す。子が親を殺す。,Type the reading!,Text
弖,て,助詞の「て」に当てて用いられる字。,Type the reading!,Text
弩,"いしゆみ,おおゆみ",いしゆみ。おおゆみ。ばねの力を用いた仕掛けで、矢や石を発射する武器。,Type the reading!,Text
弭,ゆはず,"① ゆはず。弓の両端にある弦をかける所。
② やめる。終わりにする。中止する。
③ やすめる。やすんじる。しずめる。",Type the reading!,Text
弭める,やめる,"① ゆはず。弓の両端にある弦をかける所。
② やめる。終わりにする。中止する。
③ やすめる。やすんじる。しずめる。",Type the reading!,Text
弯がる,まがる,"① ひく。弓に矢をつがえて弦を引く。
② まがる。弓のような形の曲線を描いてまがる。",Type the reading!,Text
弯く,ひく,"① ひく。弓に矢をつがえて弦を引く。
② まがる。弓のような形の曲線を描いてまがる。",Type the reading!,Text
弸ちる,みちる,"① 弓の強いさま。弓が張りつめたさま。
② みちる。みたす。いっぱいになる。",Type the reading!,Text
彎がる,まがる,"① ひく。弓に矢をつがえて弦を引く。
② まがる。弓のような形の曲線を描いてまがる。",Type the reading!,Text
彎く,ひく,"① ひく。弓に矢をつがえて弦を引く。
② まがる。弓のような形の曲線を描いてまがる。",Type the reading!,Text
彗,"ほうき,ほうきぼし","① はく。はらう。ほうきで掃き清める。
② ほうき。竹製のほうき。
③ ほうきぼし。彗星（すいせい）。",Type the reading!,Text
彗く,はく,"① はく。はらう。ほうきで掃き清める。
② ほうき。竹製のほうき。
③ ほうきぼし。彗星（すいせい）。",Type the reading!,Text
彜,"つね,のり","① 宗廟（祖先のみたまや）に供える器の総称。
② つね。のり。永久に変わることのない人の守り行うべき道。",Type the reading!,Text
彝,"つね,のり","① 宗廟（祖先のみたまや）に供える器の総称。
② つね。のり。永久に変わることのない人の守り行うべき道。",Type the reading!,Text
彷う,"さまよう,にかよう","【A】ホウさまよう。あてもなくぶらぶらと歩きまわる。
【B】ホウにかよう。とてもよく似ている。また、はっきりしない。",Type the reading!,Text
彽る,たちもとおる,「彽徊（ていかい）」は、たちもとおる。行きつ戻りつする。,Type the reading!,Text
彿う,にかよう,「彷彿（ほうふつ）」は、にかよう、とてもよく似ていること。また、ほのか、かすか、はっきりせずぼんやりとしかわからないこと。,Type the reading!,Text
彿か,ほのか,「彷彿（ほうふつ）」は、にかよう、とてもよく似ていること。また、ほのか、かすか、はっきりせずぼんやりとしかわからないこと。,Type the reading!,Text
徂く,ゆく,"① ゆく。いく。すすむ。
② ゆく。去る。過ぎ去る。
③ しぬ。あの世へいく。",Type the reading!,Text
徂ぬ,しぬ,"① ゆく。いく。すすむ。
② ゆく。去る。過ぎ去る。
③ しぬ。あの世へいく。",Type the reading!,Text
徇う,したがう,"① となえる。広く知らせる。広く示す。多くの人に告知や見せしめをしてまわる。
② したがう。ついて行く。また、命をかけて事にあたる。
③ めぐる。ひとめぐりする。＝巡",Type the reading!,Text
徇える,となえる,"① となえる。広く知らせる。広く示す。多くの人に告知や見せしめをしてまわる。
② したがう。ついて行く。また、命をかけて事にあたる。
③ めぐる。ひとめぐりする。＝巡",Type the reading!,Text
徇る,めぐる,"① となえる。広く知らせる。広く示す。多くの人に告知や見せしめをしてまわる。
② したがう。ついて行く。また、命をかけて事にあたる。
③ めぐる。ひとめぐりする。＝巡",Type the reading!,Text
很だ,はなはだ,"① もとる。たがう。言うことに従わない。言うことを聞き入れない。
② はなはだ。とても。非常に。",Type the reading!,Text
很る,もとる,"① もとる。たがう。言うことに従わない。言うことを聞き入れない。
② はなはだ。とても。非常に。",Type the reading!,Text
徊う,さまよう,さまよう。めぐる。あてもなく歩いて回る。,Type the reading!,Text
徘う,さまよう,さまよう。あてもなく歩いて回る。,Type the reading!,Text
徙す,うつす,うつす。うつる。場所を移動する。場所を変える。,Type the reading!,Text
徙る,うつる,うつす。うつる。場所を移動する。場所を変える。,Type the reading!,Text
徨う,さまよう,さまよう。あてもなく歩きまわる。,Type the reading!,Text
徭,えだち,えだち。夫役。義務として課された公の労働（土木工事など）に従事すること。,Type the reading!,Text
徼,さかい,"【A】キョウ・ギョウ
① めぐる。見まわる。調べまわる。
② さかい。国境。
【B】キョウ・ギョウ
① もとめる。無理にもとめる。
② さえぎる。
【C】ヨウ
① もとめる。ほしがる。＝邀
② むかえる。待ち伏せてむかえうつ。＝邀",Type the reading!,Text
徼める,もとめる,"【A】キョウ・ギョウ
① めぐる。見まわる。調べまわる。
② さかい。国境。
【B】キョウ・ギョウ
① もとめる。無理にもとめる。
② さえぎる。
【C】ヨウ
① もとめる。ほしがる。＝邀
② むかえる。待ち伏せてむかえうつ。＝邀",Type the reading!,Text
徼る,"さえぎる,めぐる","【A】キョウ・ギョウ
① めぐる。見まわる。調べまわる。
② さかい。国境。
【B】キョウ・ギョウ
① もとめる。無理にもとめる。
② さえぎる。
【C】ヨウ
① もとめる。ほしがる。＝邀
② むかえる。待ち伏せてむかえうつ。＝邀",Type the reading!,Text
忖る,"おしはかる,はかる",はかる。おしはかる。他人の気持ちを推しはかる。,Type the reading!,Text
忝い,かたじけない,"① はずかしめる。けがす。恥をかかす。地位や名誉などを傷つける。
② かたじけない。ありがたい。恐れ多い。",Type the reading!,Text
忝める,はずかしめる,"① はずかしめる。けがす。恥をかかす。地位や名誉などを傷つける。
② かたじけない。ありがたい。恐れ多い。",Type the reading!,Text
忤う,さからう,さからう。もとる。そむく。＝牾,Type the reading!,Text
忤る,もとる,さからう。もとる。そむく。＝牾,Type the reading!,Text
忰,せがれ,"やつれる。精神や肉体の疲れによって、やせ衰える。
【日本】
① せがれ。自分の息子をへりくだっていう語。「伜」の誤用。
② かじかむ。寒さで手足がこごえて、思い通りに動かなくなる。",Type the reading!,Text
忰む,かじかむ,"やつれる。精神や肉体の疲れによって、やせ衰える。
【日本】
① せがれ。自分の息子をへりくだっていう語。「伜」の誤用。
② かじかむ。寒さで手足がこごえて、思い通りに動かなくなる。",Type the reading!,Text
忰れる,やつれる,"やつれる。精神や肉体の疲れによって、やせ衰える。
【日本】
① せがれ。自分の息子をへりくだっていう語。「伜」の誤用。
② かじかむ。寒さで手足がこごえて、思い通りに動かなくなる。",Type the reading!,Text
忱,まこと,まこと。真心。誠意。偽りのない純粋な気持ち。,Type the reading!,Text
忸じる,はじる,"【A】ジクはじる。恥ずかしく思う。
【B】ジュウなれる。慣れ親しむ。＝狃",Type the reading!,Text
忸れる,なれる,"【A】ジクはじる。恥ずかしく思う。
【B】ジュウなれる。慣れ親しむ。＝狃",Type the reading!,Text
忻ぶ,よろこぶ,よろこぶ。喜ばしく思う。＝欣,Type the reading!,Text
忿る,いかる,いかる。おこる。腹を立てる。,Type the reading!,Text
怎で,いかで,いかで。いかでか。なんぞ。どうして。疑問を表わす。,Type the reading!,Text
怏む,うらむ,うらむ。不満に思う。満足しない。,Type the reading!,Text
怕れる,おそれる,"【A】ハ
① おそれる。こわがる。心配する。
② おそらくは。たぶん。もしかしたら。
【B】ハクしずか。おだやか。やすらか。",Type the reading!,Text
怙む,たのむ,"① たのむ。たよる。たのみとする。
② 子がたよりにする者。父。母のことは「恃」という。",Type the reading!,Text
怛く,おどろく,"【A】タツ・ダツ
① いたむ。かなしむ。うれえる。
② おどろく。心がさわぐ。
【B】タンおごる。思い上がる。",Type the reading!,Text
怛む,いたむ,"【A】タツ・ダツ
① いたむ。かなしむ。うれえる。
② おどろく。心がさわぐ。
【B】タンおごる。思い上がる。",Type the reading!,Text
怡ぶ,よろこぶ,"① よろこぶ。楽しむ。
② やわらぐ。気持ちが穏やかになる。",Type the reading!,Text
怡らぐ,やわらぐ,"① よろこぶ。楽しむ。
② やわらぐ。気持ちが穏やかになる。",Type the reading!,Text
怩じる,はじる,はじる。恥ずかしく思う。,Type the reading!,Text
怫ぐ,ふさぐ,"① いかる。おこる。むっとする。
② ふさぐ。気持ちが晴れない。
③ もとる。そむく。さからう。",Type the reading!,Text
怫る,"いかる,もとる","① いかる。おこる。むっとする。
② ふさぐ。気持ちが晴れない。
③ もとる。そむく。さからう。",Type the reading!,Text
怱ぐ,いそぐ,"① あわてる。いそぐ。
② あわただしい。いそがしい。",Type the reading!,Text
怱てる,あわてる,"① あわてる。いそぐ。
② あわただしい。いそがしい。",Type the reading!,Text
怺える,こらえる,こらえる。たえる。痛みや苦しみをがまんする。,Type the reading!,Text
恁,このような,このような。かかる（斯）。このように。かく（斯）。あの。あのように。あのような。「あのような」「このような」「そのような」などの意の俗語。,Type the reading!,Text
恁かる,かかる,このような。かかる（斯）。このように。かく（斯）。あの。あのように。あのような。「あのような」「このような」「そのような」などの意の俗語。,Type the reading!,Text
恂,まこと,"【A】シュン・ジュン
① まこと。真心。誠意。
② おそれる。こわがってびくびくする。おそれおののく。
【B】シュンまたたく。まばたきをする。",Type the reading!,Text
恂く,またたく,"【A】シュン・ジュン
① まこと。真心。誠意。
② おそれる。こわがってびくびくする。おそれおののく。
【B】シュンまたたく。まばたきをする。",Type the reading!,Text
恂れる,おそれる,"【A】シュン・ジュン
① まこと。真心。誠意。
② おそれる。こわがってびくびくする。おそれおののく。
【B】シュンまたたく。まばたきをする。",Type the reading!,Text
恃む,たのむ,"① たのむ。たよる。たのみとする。
② 子がたよりにする者。母。父のことは「怙」という。",Type the reading!,Text
恊う,かなう,"① かなう。合う。一致する。調和する。＝協
② おびやかす。おどす。",Type the reading!,Text
恊かす,おびやかす,"① かなう。合う。一致する。調和する。＝協
② おびやかす。おどす。",Type the reading!,Text
恍か,ほのか,"① ほのか。かすか。ぼんやりとしている。
② うっとりするさま。心うばわれるさま。
【日本】とぼける。知っているのに、知らないふりをする。",Type the reading!,Text
恍ける,とぼける,"① ほのか。かすか。ぼんやりとしている。
② うっとりするさま。心うばわれるさま。
【日本】とぼける。知っているのに、知らないふりをする。",Type the reading!,Text
恙,つつが,"① つつが。つつが虫。虫の名前。また、つつが虫が害虫であることから、病気や災いのこと。
② うれい。うれえる。心配ごと。心配する。",Type the reading!,Text
恙い,うれい,"① つつが。つつが虫。虫の名前。また、つつが虫が害虫であることから、病気や災いのこと。
② うれい。うれえる。心配ごと。心配する。",Type the reading!,Text
恚む,うらむ,いかる。うらむ。腹を立てる。,Type the reading!,Text
恚る,いかる,いかる。うらむ。腹を立てる。,Type the reading!,Text
恟れる,おそれる,おそれる。こわがる。こわくてびくびくする。,Type the reading!,Text
恤える,うれえる,"① うれえる。心配する。気にかける。
② あわれむ。めぐむ。気の毒に思う。情けをかける。
③ めぐむ。あわれんで金品を与える。",Type the reading!,Text
恤む,めぐむ,"① うれえる。心配する。気にかける。
② あわれむ。めぐむ。気の毒に思う。情けをかける。
③ めぐむ。あわれんで金品を与える。",Type the reading!,Text
恤れむ,あわれむ,"① うれえる。心配する。気にかける。
② あわれむ。めぐむ。気の毒に思う。情けをかける。
③ めぐむ。あわれんで金品を与える。",Type the reading!,Text
恪む,つつしむ,つつしむ。まじめにする。慎重にする。,Type the reading!,Text
恫かす,おどかす,"【A】トウ・ドウいたむ。悲しむ。心が痛むようなつらさを感じる。
【B】トウ・ドウおどす。おどかす。大声を出すなどして相手を恐れさせる。",Type the reading!,Text
恫す,おどす,"【A】トウ・ドウいたむ。悲しむ。心が痛むようなつらさを感じる。
【B】トウ・ドウおどす。おどかす。大声を出すなどして相手を恐れさせる。",Type the reading!,Text
恫む,いたむ,"【A】トウ・ドウいたむ。悲しむ。心が痛むようなつらさを感じる。
【B】トウ・ドウおどす。おどかす。大声を出すなどして相手を恐れさせる。",Type the reading!,Text
恬い,やすい,"① やすい。やすらか。やすんずる。しずか。落ち着いている。
② あっさりしている。とらわれない。こだわらない。",Type the reading!,Text
恬か,しずか,"① やすい。やすらか。やすんずる。しずか。落ち着いている。
② あっさりしている。とらわれない。こだわらない。",Type the reading!,Text
恬らか,やすらか,"① やすい。やすらか。やすんずる。しずか。落ち着いている。
② あっさりしている。とらわれない。こだわらない。",Type the reading!,Text
恬んずる,やすんずる,"① やすい。やすらか。やすんずる。しずか。落ち着いている。
② あっさりしている。とらわれない。こだわらない。",Type the reading!,Text
悁る,"あせる,いかる","【A】エン
① いかる。おこる。腹を立てる。
② うれえる。心が晴れない。心配する。
【B】ケンあせる。気がせいて、いらだつ。",Type the reading!,Text
悃,"まごころ,まこと",まこと。まごころ。誠意。,Type the reading!,Text
悄える,うれえる,"① うれえる。しおれる。しょんぼりとする。
② しずか。ひっそりとしているさま。",Type the reading!,Text
悋か,やぶさか,"やぶさか。おしむ。もの惜しみする。
【日本】ねたむ。やく。やきもちを焼く。",Type the reading!,Text
悋しむ,おしむ,"やぶさか。おしむ。もの惜しみする。
【日本】ねたむ。やく。やきもちを焼く。",Type the reading!,Text
悋む,ねたむ,"やぶさか。おしむ。もの惜しみする。
【日本】ねたむ。やく。やきもちを焼く。",Type the reading!,Text
悍い,あらい,"① たけし。たけだけしい。勇ましい。
② あらい。あらあらしい。気性が激しい。",Type the reading!,Text
悍し,たけし,"① たけし。たけだけしい。勇ましい。
② あらい。あらあらしい。気性が激しい。",Type the reading!,Text
悍しい,あらあらしい,"① たけし。たけだけしい。勇ましい。
② あらい。あらあらしい。気性が激しい。",Type the reading!,Text
悒える,うれえる,うれえる。心が晴れない。気がふさぐ。,Type the reading!,Text
悖る,もとる,"【A】ハイ
① もとる。そむく。さからう。
② みだれる。秩序が乱れる。
【B】ボツさかんにおこるさま。急におこるさま。勢いよくおこるさま。＝勃",Type the reading!,Text
悖れる,みだれる,"【A】ハイ
① もとる。そむく。さからう。
② みだれる。秩序が乱れる。
【B】ボツさかんにおこるさま。急におこるさま。勢いよくおこるさま。＝勃",Type the reading!,Text
悚れる,おそれる,おそれる。びくびくして怖がる。恐怖で立ちすくむ。,Type the reading!,Text
悛む,つつしむ,あらためる。つつしむ。あやまちを悔い改める。,Type the reading!,Text
悛める,あらためる,あらためる。つつしむ。あやまちを悔い改める。,Type the reading!,Text
悤ぐ,いそぐ,"① あわてる。いそぐ。
② あわただしい。いそがしい。",Type the reading!,Text
悤てる,あわてる,"① あわてる。いそぐ。
② あわただしい。いそがしい。",Type the reading!,Text
悧しい,さかしい,さかしい。かしこい。頭がよく切れる。小利口。＝俐,Type the reading!,Text
悴,せがれ,"やつれる。精神や肉体の疲れによって、やせ衰える。
【日本】
① せがれ。自分の息子をへりくだっていう語。「伜」の誤用。
② かじかむ。寒さで手足がこごえて、思い通りに動かなくなる。",Type the reading!,Text
悴む,かじかむ,"やつれる。精神や肉体の疲れによって、やせ衰える。
【日本】
① せがれ。自分の息子をへりくだっていう語。「伜」の誤用。
② かじかむ。寒さで手足がこごえて、思い通りに動かなくなる。",Type the reading!,Text
悴れる,やつれる,"やつれる。精神や肉体の疲れによって、やせ衰える。
【日本】
① せがれ。自分の息子をへりくだっていう語。「伜」の誤用。
② かじかむ。寒さで手足がこごえて、思い通りに動かなくなる。",Type the reading!,Text
悵む,"いたむ,うらむ",いたむ。うらむ。がっかりする。残念に思う。あとに思いが残る。,Type the reading!,Text
悸れる,おそれる,"① おそれる。恐怖などで胸がどきどきする。
② 鼓動が激しくなる心臓の病気。",Type the reading!,Text
悽しむ,かなしむ,いたむ。いたましい。かなしむ。いたみ悲しむ。,Type the reading!,Text
悽ましい,いたましい,いたむ。いたましい。かなしむ。いたみ悲しむ。,Type the reading!,Text
悽む,いたむ,いたむ。いたましい。かなしむ。いたみ悲しむ。,Type the reading!,Text
悾,まこと,"① おろかなさま。無知なさま。心の中が空虚であるさま。
② まこと。誠実なさま。愚直なさま。",Type the reading!,Text
惆む,"いたむ,うらむ",うらむ。いたむ。悲しむ。気を落とす。,Type the reading!,Text
惓む,うむ,"【A】ケンうむ。つかれる。＝倦
【B】ケン「惓惓（けんけん）」は、まごころを尽くすさま。ねんごろなさま。",Type the reading!,Text
惘する,ぼんやりする,"ぼんやりする。気が抜ける。
【日本】あきれる。あっけにとられる。予想もしていなかったことに驚く。",Type the reading!,Text
惘れる,あきれる,"ぼんやりする。気が抜ける。
【日本】あきれる。あっけにとられる。予想もしていなかったことに驚く。",Type the reading!,Text
惴れる,おそれる,おそれる。びくびくしてこわがる。おそれおののく。,Type the reading!,Text
惶れる,おそれる,"① おそれる。おそれかしこまる。
② あわてる。おどおどする。落ち着かない。",Type the reading!,Text
惷か,おろか,"① おろか。頭の働きがにぶい。もの分かりが悪い。
② みだれる。まとまりがなくなる。
③ うごめく。＝蠢",Type the reading!,Text
惷れる,みだれる,"① おろか。頭の働きがにぶい。もの分かりが悪い。
② みだれる。まとまりがなくなる。
③ うごめく。＝蠢",Type the reading!,Text
惺か,しずか,"① さとる。はっきりとわかる。
② しずか。心が落ち着いている。",Type the reading!,Text
惺る,さとる,"① さとる。はっきりとわかる。
② しずか。心が落ち着いている。",Type the reading!,Text
惻む,いたむ,いたむ。あわれみいたむ。いたみ悲しむ。,Type the reading!,Text
愀しい,さびしい,"① さびしい。うれえる。心配そうな顔つきに変わる。
② 緊張して表情が引き締まる。",Type the reading!,Text
愃か,ゆたか,ゆたか。ひろい。心が広い。心がくつろいでゆったりしている。,Type the reading!,Text
愆ち,あやまち,"① あやまる。あやまつ。あやまちをおかす。また、度をこす。
② あやまち。つみ。とが。しくじり。",Type the reading!,Text
愆つ,あやまつ,"① あやまる。あやまつ。あやまちをおかす。また、度をこす。
② あやまち。つみ。とが。しくじり。",Type the reading!,Text
愆る,あやまる,"① あやまる。あやまつ。あやまちをおかす。また、度をこす。
② あやまち。つみ。とが。しくじり。",Type the reading!,Text
愍える,うれえる,"① あわれむ。いたむ。かわいそうに思う。＝憫
② うれえる。心を痛める。心配する。",Type the reading!,Text
愍れむ,あわれむ,"① あわれむ。いたむ。かわいそうに思う。＝憫
② うれえる。心を痛める。心配する。",Type the reading!,Text
愎る,もとる,もとる。そむく。逆らう。人のいうことを聞き入れない。,Type the reading!,Text
愒う,いこう,"【A】カイむさぼる。欲張る。
【B】カツ脅かす。脅す。
【C】ケイいこう。休む。休息する。",Type the reading!,Text
愒す,おどす,"【A】カイむさぼる。欲張る。
【B】カツ脅かす。脅す。
【C】ケイいこう。休む。休息する。",Type the reading!,Text
愒る,むさぼる,"【A】カイむさぼる。欲張る。
【B】カツ脅かす。脅す。
【C】ケイいこう。休む。休息する。",Type the reading!,Text
愕く,おどろく,"① おどろく。思いがけないことに驚きあわてる。
② 直言する。正しいことをはばからずに言う。＝諤",Type the reading!,Text
愧,はじ,はじる。はじ。恥ずかしく思う。,Type the reading!,Text
愧じる,はじる,はじる。はじ。恥ずかしく思う。,Type the reading!,Text
愨,まこと,"① つつしむ。うやうやしい。
② まこと。すなお。まじめ。誠実。",Type the reading!,Text
愨む,つつしむ,"① つつしむ。うやうやしい。
② まこと。すなお。まじめ。誠実。",Type the reading!,Text
愬える,うったえる,"【A】ソ
① うったえる。同情や理解を求めるために、不満や不平などをもらす。＝訴
② うったえる。申し立てる。申し出る。＝訴
【B】サクおそれる。驚いて、震え上がる。",Type the reading!,Text
愬れる,おそれる,"【A】ソ
① うったえる。同情や理解を求めるために、不満や不平などをもらす。＝訴
② うったえる。申し立てる。申し出る。＝訴
【B】サクおそれる。驚いて、震え上がる。",Type the reading!,Text
愴しむ,かなしむ,いたむ。かなしむ。つらく悲しい思いをする。,Type the reading!,Text
愴む,いたむ,いたむ。かなしむ。つらく悲しい思いをする。,Type the reading!,Text
愾く,なげく,"① なげく。なげいて、ため息をつく。
② いかる。いきどおる。腹を立てる。",Type the reading!,Text
愾る,いかる,"① なげく。なげいて、ため息をつく。
② いかる。いきどおる。腹を立てる。",Type the reading!,Text
愿,すなお,"① つつしむ。うやうやしい。
② すなお。まじめ。誠実。",Type the reading!,Text
愿む,つつしむ,"① つつしむ。うやうやしい。
② すなお。まじめ。誠実。",Type the reading!,Text
慂める,すすめる,すすめる。誘い勧める。,Type the reading!,Text
慇む,いたむ,"① いたむ。うれえる。心を痛める。
② ねんごろ。ていねい。心がこもっている。",Type the reading!,Text
慇ろ,ねんごろ,"① いたむ。うれえる。心を痛める。
② ねんごろ。ていねい。心がこもっている。",Type the reading!,Text
慊りない,あきたりない,"【A】ケンあきたりない。満足できない。不満に思う。
【B】キョウあきたりる。満足する。",Type the reading!,Text
慊りる,あきたりる,"【A】ケンあきたりない。満足できない。不満に思う。
【B】キョウあきたりる。満足する。",Type the reading!,Text
慍む,うらむ,"① いかる。おこる。腹を立てる。
② うらむ。憎らしく思う。不満に思う。",Type the reading!,Text
慍る,いかる,"① いかる。おこる。腹を立てる。
② うらむ。憎らしく思う。不満に思う。",Type the reading!,Text
慓い,すばやい,すばやい。はやい。 身のこなしが軽い。＝剽,Type the reading!,Text
慙,はじ,はじる。はじ。はずかしいと思う。,Type the reading!,Text
慙じる,はじる,はじる。はじ。はずかしいと思う。,Type the reading!,Text
慚,はじ,はじる。はじ。はずかしいと思う。,Type the reading!,Text
慚じる,はじる,はじる。はじ。はずかしいと思う。,Type the reading!,Text
慝,よこしま,"① わるい。よこしま。悪事。不正。隠された悪事。よこしまな心。
② わざわい。災害。",Type the reading!,Text
慝い,"わざわい,わるい","① わるい。よこしま。悪事。不正。隠された悪事。よこしまな心。
② わざわい。災害。",Type the reading!,Text
慟く,なげく,なげく。なげき悲しむ。身を震わせてひどく悲しむ。,Type the reading!,Text
慠る,おごる,おごる。思い上がる。威張る。,Type the reading!,Text
慥か,たしか,"① あわただしい。せかせかしている。
② まこと。まじめ。従順。
【日本】
① たしか。おそらく。
② たしか。確かに。確実に。",Type the reading!,Text
慫く,おどろく,"① すすめる。誘い勧める。
② おどろく。驚きおそれる。",Type the reading!,Text
慫める,すすめる,"① すすめる。誘い勧める。
② おどろく。驚きおそれる。",Type the reading!,Text
慳しむ,おしむ,"① おしむ。ものおしみする。
② しぶる。ぐずぐずする。態度や行動がはっきりしない。",Type the reading!,Text
慳る,しぶる,"① おしむ。ものおしみする。
② しぶる。ぐずぐずする。態度や行動がはっきりしない。",Type the reading!,Text
慴れる,おそれる,おそれる。こわがってびくびくする。＝懾,Type the reading!,Text
慵い,ものうい,"① ものうい。だるい。けだるい。気がすすまない。
② おこたる。なまける。いいかげんにする。",Type the reading!,Text
慵る,おこたる,"① ものうい。だるい。けだるい。気がすすまない。
② おこたる。なまける。いいかげんにする。",Type the reading!,Text
慷く,なげく,なげく。感情が高ぶってなげく。いきどおりなげく。,Type the reading!,Text
憊れる,つかれる,つかれる。つかれ果てる。,Type the reading!,Text
憑く,つく,"① よる。かかる。よりかかる。もたれる。
② よる。たのむ。たよる。たよりにする。
③ よりどころ。あかし。しるし。証拠。
④ かちわたる。川を歩いて渡る。＝馮
【日本】つく。霊などがのりうつる。",Type the reading!,Text
憑む,たのむ,"① よる。かかる。よりかかる。もたれる。
② よる。たのむ。たよる。たよりにする。
③ よりどころ。あかし。しるし。証拠。
④ かちわたる。川を歩いて渡る。＝馮
【日本】つく。霊などがのりうつる。",Type the reading!,Text
憑る,"かかる,よる","① よる。かかる。よりかかる。もたれる。
② よる。たのむ。たよる。たよりにする。
③ よりどころ。あかし。しるし。証拠。
④ かちわたる。川を歩いて渡る。＝馮
【日本】つく。霊などがのりうつる。",Type the reading!,Text
憔れる,やつれる,やつれる。あれこれと心を悩ませて、やせ衰える。,Type the reading!,Text
憖,なまじ,"① なまじ。なまじいに。しいて。むりに。むりして。あえて。
② ねがう。切に願う。強く願う。
③ そこなう。欠ける。傷つける。
④ つつしむ。つつしみ深い。",Type the reading!,Text
憖いて,しいて,"① なまじ。なまじいに。しいて。むりに。むりして。あえて。
② ねがう。切に願う。強く願う。
③ そこなう。欠ける。傷つける。
④ つつしむ。つつしみ深い。",Type the reading!,Text
憖に,なまじいに,"① なまじ。なまじいに。しいて。むりに。むりして。あえて。
② ねがう。切に願う。強く願う。
③ そこなう。欠ける。傷つける。
④ つつしむ。つつしみ深い。",Type the reading!,Text
憚り,はばかり,"① はばかる。おそれつつしむ。かしこまる。
② はばかる。気がねする。遠慮する。
③ 病む。疲れる。病気になる。
【日本】はばかり。恐縮する気持ち。気がね。遠慮。",Type the reading!,Text
憚る,はばかる,"① はばかる。おそれつつしむ。かしこまる。
② はばかる。気がねする。遠慮する。
③ 病む。疲れる。病気になる。
【日本】はばかり。恐縮する気持ち。気がね。遠慮。",Type the reading!,Text
憫える,うれえる,"① あわれむ。いたむ。かわいそうに思う。
② うれえる。なやむ。心配する。",Type the reading!,Text
憫れむ,あわれむ,"① あわれむ。いたむ。かわいそうに思う。
② うれえる。なやむ。心配する。",Type the reading!,Text
憮しむ,いつくしむ,"① がっかりするさま。失望するさま。
② いつくしむ。大切にしてかわいがる。",Type the reading!,Text
憺らか,やすらか,やすらか。しずか。心が落ち着いている。,Type the reading!,Text
懃める,つとめる,"① つとめる。はげむ。努力する。
② ねんごろ。ていねいなさま。まごころを尽くすさま。",Type the reading!,Text
懃ろ,ねんごろ,"① つとめる。はげむ。努力する。
② ねんごろ。ていねいなさま。まごころを尽くすさま。",Type the reading!,Text
懆える,うれえる,うれえる。心配する。気持ちが落ち着かない。,Type the reading!,Text
懈い,だるい,おこたる。なまける。だるい。だらける。気がゆるむ。,Type the reading!,Text
懈ける,なまける,おこたる。なまける。だるい。だらける。気がゆるむ。,Type the reading!,Text
懈る,おこたる,おこたる。なまける。だるい。だらける。気がゆるむ。,Type the reading!,Text
懊む,"うらむ,なやむ","① なやむ。思い悩む。もだえ苦しむ。
② うらむ。残念に思い悲しむ。",Type the reading!,Text
懋める,つとめる,"① つとめる。はげむ。努力する。
② さかん。しげる。草木がさかんに生い育つ。また、盛大。勢いがある。",Type the reading!,Text
懋ん,さかん,"① つとめる。はげむ。努力する。
② さかん。しげる。草木がさかんに生い育つ。また、盛大。勢いがある。",Type the reading!,Text
懌しむ,たのしむ,よろこぶ。たのしむ。,Type the reading!,Text
懌ぶ,よろこぶ,よろこぶ。たのしむ。,Type the reading!,Text
懍れる,おそれる,"① おそれる。おそれつつしむ。身や心を引き締める。
② おそれる。おそれおののく。ぞっとする。ひやりとする。",Type the reading!,Text
懣える,もだえる,もだえる。心の中が怒りや悩みでいっぱりになって苦しむ。,Type the reading!,Text
懦い,よわい,よわい。気がよわい。考えや態度などがしっかりしていない。,Type the reading!,Text
懴いる,くいる,くいる。罪や過ちを認め、悔い改める。,Type the reading!,Text
懶い,"ものうい,ものぐさい","① おこたる。なまける。
② ものうい。だるい。けだるい。",Type the reading!,Text
懶る,おこたる,"① おこたる。なまける。
② ものうい。だるい。けだるい。",Type the reading!,Text
懺いる,くいる,くいる。罪や過ちを認め、悔い改める。,Type the reading!,Text
懼く,おどろく,"① おそれる。おそれてびくびくする。
② おどろく。びっくりする。",Type the reading!,Text
懼れる,おそれる,"① おそれる。おそれてびくびくする。
② おどろく。びっくりする。",Type the reading!,Text
懽ぶ,よろこぶ,よろこぶ。楽しむ。喜び楽しむ。＝歓,Type the reading!,Text
懾れる,おそれる,"① おそれる。こわがってびくびくする。
② おどす。こわがらせて服従させる。",Type the reading!,Text
懿い,よい,"① よい。うるわしい。立派。
② 美徳。道理にかなった行い。",Type the reading!,Text
懿しい,うるわしい,"① よい。うるわしい。立派。
② 美徳。道理にかなった行い。",Type the reading!,Text
戈,"いくさ,ほこ","① ほこ。柄の長い武器。
② いくさ。戦い。戦争。",Type the reading!,Text
戉,まさかり,まさかり。大きなおの。＝鉞,Type the reading!,Text
戌,いぬ,いぬ。十二支の十一番目。方位では西北西。時刻では午後八時、および前後の二時間。動物では犬（いぬ）。,Type the reading!,Text
戍,たむろ,"① まもる。武装して国境を守る。
② たむろ。守備をする兵の陣営。",Type the reading!,Text
戍る,まもる,"① まもる。武装して国境を守る。
② たむろ。守備をする兵の陣営。",Type the reading!,Text
戔なう,そこなう,"【A】サン・ザンそこなう。きずつける。＝残
【B】センすくない。わずか。また、小さい。",Type the reading!,Text
戛,ほこ,"① ほこ。柄の長い武器。
② うつ。たたく。たたいて音を出す。
③ 「戛戛（かつかつ）」は、金属や石などのかたい物がふれあう音の形容。",Type the reading!,Text
戛つ,うつ,"① ほこ。柄の長い武器。
② うつ。たたく。たたいて音を出す。
③ 「戛戛（かつかつ）」は、金属や石などのかたい物がふれあう音の形容。",Type the reading!,Text
戞,ほこ,"① ほこ。柄の長い武器。
② うつ。たたく。たたいて音を出す。
③ 「戞戞（かつかつ）」は、金属や石などのかたい物がふれあう音の形容。",Type the reading!,Text
戞つ,うつ,"① ほこ。柄の長い武器。
② うつ。たたく。たたいて音を出す。
③ 「戞戞（かつかつ）」は、金属や石などのかたい物がふれあう音の形容。",Type the reading!,Text
戡す,ころす,かつ。ころす。戦いに勝つ。敵を殺す。,Type the reading!,Text
戡つ,かつ,かつ。ころす。戦いに勝つ。敵を殺す。,Type the reading!,Text
截つ,たつ,"① たつ。きる。断ち切る。切断する。
② たつ。きる。さえぎる。さまたげる。",Type the reading!,Text
截る,きる,"① たつ。きる。断ち切る。切断する。
② たつ。きる。さえぎる。さまたげる。",Type the reading!,Text
戮す,ころす,"① ころす。人を殺す。死刑にする。
② はずかしめる。恥をかかせる。
③ あわせる。力を合わせる。力を一つにする。＝勠",Type the reading!,Text
戮せる,あわせる,"① ころす。人を殺す。死刑にする。
② はずかしめる。恥をかかせる。
③ あわせる。力を合わせる。力を一つにする。＝勠",Type the reading!,Text
戮める,はずかしめる,"① ころす。人を殺す。死刑にする。
② はずかしめる。恥をかかせる。
③ あわせる。力を合わせる。力を一つにする。＝勠",Type the reading!,Text
戳く,つく,"① つく。さす。先のとがった物で突き刺す。
② 印。印を押す。",Type the reading!,Text
扁,ふだ,"【A】ヘン
① ふだ。門の上や部屋にかかげる横長のふだ。横額。
② ひらたい。うすくて平べったい。
【B】ヘン
① ちいさい。例：扁舟（へんしゅう）
② 漢字を構成する左側の部分。＝偏",Type the reading!,Text
扁たい,ひらたい,"【A】ヘン
① ふだ。門の上や部屋にかかげる横長のふだ。横額。
② ひらたい。うすくて平べったい。
【B】ヘン
① ちいさい。例：扁舟（へんしゅう）
② 漢字を構成する左側の部分。＝偏",Type the reading!,Text
扈い,ひろい,"① したがう。つきそう。つきしたがう。
② 主人のお供をする者。従者。
③ ひろい。広大。
④ 「跋扈（ばっこ）」は、思うままに振る舞うこと。のさばりはびこること。",Type the reading!,Text
扈う,"したがう,つきそう","① したがう。つきそう。つきしたがう。
② 主人のお供をする者。従者。
③ ひろい。広大。
④ 「跋扈（ばっこ）」は、思うままに振る舞うこと。のさばりはびこること。",Type the reading!,Text
扈る,はびこる,"① したがう。つきそう。つきしたがう。
② 主人のお供をする者。従者。
③ ひろい。広大。
④ 「跋扈（ばっこ）」は、思うままに振る舞うこと。のさばりはびこること。",Type the reading!,Text
扎える,かまえる,"① ぬく。さす。針などを突き通す。
② ふだ。字などを書く板。＝札",Type the reading!,Text
扎く,ぬく,"① ぬく。さす。針などを突き通す。
② ふだ。字などを書く板。＝札",Type the reading!,Text
扛ぐ,かつぐ,"① あげる。両手でもちあげる。
② かつぐ。棒を通して、二人以上でかつぎあげる。",Type the reading!,Text
扛げる,あげる,"① あげる。両手でもちあげる。
② かつぐ。棒を通して、二人以上でかつぎあげる。",Type the reading!,Text
扞う,おおう,"① ふせぐ。ふせぎとめる。まもる。
② おおう。おおいかぶせる。
③ おかす。ふれる。接触する。
④ ひく。ひきのばす。平らにする。",Type the reading!,Text
扞く,ひく,"① ふせぐ。ふせぎとめる。まもる。
② おおう。おおいかぶせる。
③ おかす。ふれる。接触する。
④ ひく。ひきのばす。平らにする。",Type the reading!,Text
扞ぐ,ふせぐ,"① ふせぐ。ふせぎとめる。まもる。
② おおう。おおいかぶせる。
③ おかす。ふれる。接触する。
④ ひく。ひきのばす。平らにする。",Type the reading!,Text
扠,"さて,やす","① さす。はさみとる。突き刺す。
② やす。水中の魚を突き刺す道具。
【日本】さて。話題を改めるときのことば。",Type the reading!,Text
扠す,さす,"① さす。はさみとる。突き刺す。
② やす。水中の魚を突き刺す道具。
【日本】さて。話題を改めるときのことば。",Type the reading!,Text
扠る,はさみとる,"① さす。はさみとる。突き刺す。
② やす。水中の魚を突き刺す道具。
【日本】さて。話題を改めるときのことば。",Type the reading!,Text
扣える,ひかえる,"① ひかえる。ひきとめる。前に進もうとするものを押さえてとめる。
② たたく。うつ。こつこつとたたく。＝叩
③ さしひく。割引く。減らす。",Type the reading!,Text
扣く,たたく,"① ひかえる。ひきとめる。前に進もうとするものを押さえてとめる。
② たたく。うつ。こつこつとたたく。＝叩
③ さしひく。割引く。減らす。",Type the reading!,Text
扨,さて,さて。話題を改めるときのことば。＝扠,Type the reading!,Text
扼える,おさえる,"① おさえる。おさえつける。しめつける。
② くびき。牛馬の首にかける横木。＝軛",Type the reading!,Text
找す,さおさす,"【A】カさおさす。さおを操って船を進める。
【B】ソウたずねる。さがし求める。",Type the reading!,Text
找ねる,たずねる,"【A】カさおさす。さおを操って船を進める。
【B】ソウたずねる。さがし求める。",Type the reading!,Text
抃つ,うつ,うつ。手をうつ。手をうって喜ぶ。,Type the reading!,Text
抉じる,こじる,"① えぐる。えぐりだす。ほじくる。
② ゆがけ。弓を射るときにはめる指を保護するための道具。",Type the reading!,Text
抉る,えぐる,"① えぐる。えぐりだす。ほじくる。
② ゆがけ。弓を射るときにはめる指を保護するための道具。",Type the reading!,Text
抒く,のぞく,"① のべる。心の中にある思いをのべる。
② くむ。くみとる。くんで外へ出す。
③ のぞく。とりのぞく。",Type the reading!,Text
抒べる,のべる,"① のべる。心の中にある思いをのべる。
② くむ。くみとる。くんで外へ出す。
③ のぞく。とりのぞく。",Type the reading!,Text
抒む,くむ,"① のべる。心の中にある思いをのべる。
② くむ。くみとる。くんで外へ出す。
③ のぞく。とりのぞく。",Type the reading!,Text
抓く,かく,"① かく。つめの先でかく。
② つまむ。指の先でつかむ。
【日本】つねる。指の先でつまんでねじる。",Type the reading!,Text
抓む,"つまむ,つむ","① かく。つめの先でかく。
② つまむ。指の先でつかむ。
【日本】つねる。指の先でつまんでねじる。",Type the reading!,Text
抓る,つねる,"① かく。つめの先でかく。
② つまむ。指の先でつかむ。
【日本】つねる。指の先でつまんでねじる。",Type the reading!,Text
抔,など,"すくう。手のひらをあわせてすくう。
【日本】など。複数や例を示すことば。",Type the reading!,Text
抔う,すくう,"すくう。手のひらをあわせてすくう。
【日本】など。複数や例を示すことば。",Type the reading!,Text
抖う,ふるう,"① ふるう。ふり動かす。ふり落す。
② ふるえる。身を震わせる。
③ あげる。奮い立たせる。",Type the reading!,Text
抖げる,あげる,"① ふるう。ふり動かす。ふり落す。
② ふるえる。身を震わせる。
③ あげる。奮い立たせる。",Type the reading!,Text
抛げる,なげる,なげる。なげうつ。ほうる。なげすてる。ほうりなげる。,Type the reading!,Text
抛つ,なげうつ,なげる。なげうつ。ほうる。なげすてる。ほうりなげる。,Type the reading!,Text
抛る,ほうる,なげる。なげうつ。ほうる。なげすてる。ほうりなげる。,Type the reading!,Text
抬げる,"もたげる,もちあげる",もたげる。もちあげる。高くもちあげる。,Type the reading!,Text
抻ばす,のばす,のばす。長くのばす。引きのばす。,Type the reading!,Text
拆く,"さく,ひらく",ひらく。さく。きりさく。割る。,Type the reading!,Text
拇,おやゆび,おやゆび。手や足の親指。,Type the reading!,Text
拈む,つまむ,つまむ。ひねる。指先でつまんでねじる。,Type the reading!,Text
拈る,ひねる,つまむ。ひねる。指先でつまんでねじる。,Type the reading!,Text
拊つ,うつ,"① うつ。たたく。軽くたたく。
② なでる。手のひらでさする。
③ つか。刀や弓などの手でにぎる部分。
④ 楽器の名。小鼓に似た打楽器の一種。",Type the reading!,Text
拊でる,なでる,"① うつ。たたく。軽くたたく。
② なでる。手のひらでさする。
③ つか。刀や弓などの手でにぎる部分。
④ 楽器の名。小鼓に似た打楽器の一種。",Type the reading!,Text
拋げる,なげる,なげる。なげうつ。ほうる。なげすてる。ほうりなげる。,Type the reading!,Text
拋つ,なげうつ,なげる。なげうつ。ほうる。なげすてる。ほうりなげる。,Type the reading!,Text
拋る,ほうる,なげる。なげうつ。ほうる。なげすてる。ほうりなげる。,Type the reading!,Text
拌ける,さける,"① かきまぜる。まぜあわせる。
② さける。さく。わる。わける。
③ すてる。ほうる。",Type the reading!,Text
拌ぜる,かきまぜる,"① かきまぜる。まぜあわせる。
② さける。さく。わる。わける。
③ すてる。ほうる。",Type the reading!,Text
拌てる,すてる,"① かきまぜる。まぜあわせる。
② さける。さく。わる。わける。
③ すてる。ほうる。",Type the reading!,Text
拌る,わる,"① かきまぜる。まぜあわせる。
② さける。さく。わる。わける。
③ すてる。ほうる。",Type the reading!,Text
拏く,ひく,"① ひく。力強くひっぱる。
② とらえる。つかむ。つかまえる。",Type the reading!,Text
拏む,つかむ,"① ひく。力強くひっぱる。
② とらえる。つかむ。つかまえる。",Type the reading!,Text
拏らえる,とらえる,"① ひく。力強くひっぱる。
② とらえる。つかむ。つかまえる。",Type the reading!,Text
拑む,"つぐむ,はさむ","① はさむ。物をはさむ。＝箝・鉗
② つむぐ。とじる。口をとじる。＝箝・鉗",Type the reading!,Text
拗ける,ねじける,"【A】オウ・ヨウおる。曲げて折る。
【B】オウ・ヨウすねる。ねじける。ひねくれる。",Type the reading!,Text
拗ねる,すねる,"【A】オウ・ヨウおる。曲げて折る。
【B】オウ・ヨウすねる。ねじける。ひねくれる。",Type the reading!,Text
拗れる,こじれる,"【A】オウ・ヨウおる。曲げて折る。
【B】オウ・ヨウすねる。ねじける。ひねくれる。",Type the reading!,Text
拮く,はたらく,"【A】キツ・ケツはたらく。いそがしく働く。
【B】カツせまる。せめる。",Type the reading!,Text
拮る,せまる,"【A】キツ・ケツはたらく。いそがしく働く。
【B】カツせまる。せめる。",Type the reading!,Text
拯う,すくう,すくう。たすける。水の中からすくい上げる。,Type the reading!,Text
拯ける,たすける,すくう。たすける。水の中からすくい上げる。,Type the reading!,Text
拱く,"こまぬく,こまねく","① こまぬく。こまねく。両手を胸の前で組み合わせる。腕組みをする。
② 両手で抱きかかえることができる太さ。",Type the reading!,Text
拵える,こしらえる,"① よる。すえる。
② こしらえる。つくる。つくり上げる。",Type the reading!,Text
拵る,よる,"① よる。すえる。
② こしらえる。つくる。つくり上げる。",Type the reading!,Text
拿く,ひく,"① ひく。力強くひっぱる。
② とらえる。つかむ。つかまえる。",Type the reading!,Text
拿む,つかむ,"① ひく。力強くひっぱる。
② とらえる。つかむ。つかまえる。",Type the reading!,Text
拿らえる,とらえる,"① ひく。力強くひっぱる。
② とらえる。つかむ。つかまえる。",Type the reading!,Text
挂ける,かける,かける。かかる。ひっかける。たれさげる。ぶらさげる。＝掛,Type the reading!,Text
挈げる,ひっさげる,"【A】ケツひっさげる。持つ。手にさげて持つ。
【B】ケイ
① きざむ。きざみこむ。＝契
② わりふ。しるし。手形。＝契",Type the reading!,Text
挌つ,うつ,うつ。なぐる。なぐり合う。,Type the reading!,Text
挌る,なぐる,うつ。なぐる。なぐり合う。,Type the reading!,Text
挘る,むしる,むしる。むしりとる。つかんで引き抜く。,Type the reading!,Text
捍ぐ,ふせぐ,"① ふせぐ。まもる。ふせぎとめる。
② ゆごて。弓を射るときに左腕につける防具。",Type the reading!,Text
捍る,まもる,"① ふせぐ。まもる。ふせぎとめる。
② ゆごて。弓を射るときに左腕につける防具。",Type the reading!,Text
捏ねる,"こねる,つくねる","こねる。土や泥などを手でこねる。
【日本】
① こねる。こじつける。
② こねる。でっちあげる。",Type the reading!,Text
捐う,かう,"① すてる。すてさる。のぞく。とりのぞく。
② あたえる。金品を与える。寄付をする。
③ かう。金銭で官位を手に入れる。",Type the reading!,Text
捐える,あたえる,"① すてる。すてさる。のぞく。とりのぞく。
② あたえる。金品を与える。寄付をする。
③ かう。金銭で官位を手に入れる。",Type the reading!,Text
捐てる,すてる,"① すてる。すてさる。のぞく。とりのぞく。
② あたえる。金品を与える。寄付をする。
③ かう。金銭で官位を手に入れる。",Type the reading!,Text
捓う,からかう,からかう。あざける。なぶる。,Type the reading!,Text
捩,"ねじ,ばち","【A】レイばち。琵琶（びわ）をひく道具。
【B】レツねじる。ひねる。よじる。
【日本】
① ねじ。らせん。らせん状のもの。
② もじる。もじり。よく知られた文句を口調を似せて言いかえる。",Type the reading!,Text
捩る,"ねじる,もじる,よじる","【A】レイばち。琵琶（びわ）をひく道具。
【B】レツねじる。ひねる。よじる。
【日本】
① ねじ。らせん。らせん状のもの。
② もじる。もじり。よく知られた文句を口調を似せて言いかえる。",Type the reading!,Text
捫でる,なでる,"① なでる。手でさする。
② とる。にぎる。つかむ。
③ ひねる。ひねりつぶす。",Type the reading!,Text
捫る,"とる,ひねる","① なでる。手でさする。
② とる。にぎる。つかむ。
③ ひねる。ひねりつぶす。",Type the reading!,Text
捶,むち,"① むちうつ。うつ。むちや棒などでたたく。
② むち。竹や木などで作られたむち。",Type the reading!,Text
捶つ,"うつ,むちうつ","① むちうつ。うつ。むちや棒などでたたく。
② むち。竹や木などで作られたむち。",Type the reading!,Text
掀げる,"あげる,かかげる",かかげる。あげる。高くあげる。持ちあげる。,Type the reading!,Text
掉う,ふるう,"① ふる。ふるう。動かす。ふり動かす。
② ふれる。ゆれる。ふるえる。",Type the reading!,Text
掉る,ふる,"① ふる。ふるう。動かす。ふり動かす。
② ふれる。ゆれる。ふるえる。",Type the reading!,Text
掎く,ひく,"① ひく。ひきとめる。片足をつかんでひっぱって、ひきとめる。
② ひく。引き金をひく。はなつ。",Type the reading!,Text
掏ぶ,えらぶ,"① えらぶ。えらび出す。
② くむ。くみ出す。すくい出す。
③ する。かすめとる。ぬすみとる。",Type the reading!,Text
掏る,する,"① えらぶ。えらび出す。
② くむ。くみ出す。すくい出す。
③ する。かすめとる。ぬすみとる。",Type the reading!,Text
掖,わき,"① わきばさむ。わきの下にはさんで持つ。
② わき。わきのした。＝腋
③ たすける。ささえる。よいほうに導く。
④ 宮殿のわきにある建物。",Type the reading!,Text
掖ける,たすける,"① わきばさむ。わきの下にはさんで持つ。
② わき。わきのした。＝腋
③ たすける。ささえる。よいほうに導く。
④ 宮殿のわきにある建物。",Type the reading!,Text
掖む,わきばさむ,"① わきばさむ。わきの下にはさんで持つ。
② わき。わきのした。＝腋
③ たすける。ささえる。よいほうに導く。
④ 宮殿のわきにある建物。",Type the reading!,Text
掟,おきて,おきて。さだめ。決まり。,Type the reading!,Text
掟め,さだめ,おきて。さだめ。決まり。,Type the reading!,Text
掣く,ひく,ひく。ひきとめる。おさえ止める。おさえつけて、自由に動けないようにする。,Type the reading!,Text
掫り,よまわり,よまわり。拍子木を打ち鳴らして夜回りをする。,Type the reading!,Text
掾,"したやく,じょう","① たすける。補佐する。
② したやく。補佐役。
【日本】じょう。四等官（シトウカン）で、国司の第三位。",Type the reading!,Text
掾ける,たすける,"① たすける。補佐する。
② したやく。補佐役。
【日本】じょう。四等官（シトウカン）で、国司の第三位。",Type the reading!,Text
揀ける,わける,えらぶ。わける。えりわける。えらび出す。,Type the reading!,Text
揀ぶ,えらぶ,えらぶ。わける。えりわける。えらび出す。,Type the reading!,Text
揆,"つかさ,はかりごと,みち","① はかる。長さをはかる。みつもる。
② はかりごと。計画。計略。
③ みち。手段。方法。
④ つかさ。宰相。",Type the reading!,Text
揆る,はかる,"① はかる。長さをはかる。みつもる。
② はかりごと。計画。計略。
③ みち。手段。方法。
④ つかさ。宰相。",Type the reading!,Text
揉む,もむ,"① もむ。やわらげる。もみほぐす。もんでやわらかくする。
② ためる。曲げたり伸ばしたりして形を整える。
【日本】もめる。問題が起きてごたごたする。",Type the reading!,Text
揉める,"ためる,もめる","① もむ。やわらげる。もみほぐす。もんでやわらかくする。
② ためる。曲げたり伸ばしたりして形を整える。
【日本】もめる。問題が起きてごたごたする。",Type the reading!,Text
揣る,"おしはかる,はかる","① はかる。高さ、長さ、重さなどをはかる。
② はかる。おしはかる。推測する。",Type the reading!,Text
揩う,ぬぐう,"① ぬぐう。ふく。ふきとる。
② する。こする。",Type the reading!,Text
揩る,"こする,する","① ぬぐう。ふく。ふきとる。
② する。こする。",Type the reading!,Text
揶う,からかう,からかう。あざける。なぶる。,Type the reading!,Text
搆える,かまえる,"【A】コウかまえる。組み立てる。組み合わせる。＝構
【B】コウひく。ひっぱる。",Type the reading!,Text
搆く,ひく,"【A】コウかまえる。組み立てる。組み合わせる。＝構
【B】コウひく。ひっぱる。",Type the reading!,Text
搏く,はばたく,"① うつ。たたく。手でたたく。
② とる。つかむ。とらえる。つかまえる。
③ はばたく。鳥などがはばたく。",Type the reading!,Text
搏つ,うつ,"① うつ。たたく。手でたたく。
② とる。つかむ。とらえる。つかまえる。
③ はばたく。鳥などがはばたく。",Type the reading!,Text
搏る,とる,"① うつ。たたく。手でたたく。
② とる。つかむ。とらえる。つかまえる。
③ はばたく。鳥などがはばたく。",Type the reading!,Text
搓む,もむ,よる。もむ。ねじり合わせる。こすり合わせる。,Type the reading!,Text
搓る,よる,よる。もむ。ねじり合わせる。こすり合わせる。,Type the reading!,Text
搗く,"たたく,つく","① つく。うすの中にもち米などを入れてつく。
② うつ。たたく。砧（きぬた）の上に布をのせてたたく。
【日本】かてて。その上に。",Type the reading!,Text
搗つ,"うつ,かつ","① つく。うすの中にもち米などを入れてつく。
② うつ。たたく。砧（きぬた）の上に布をのせてたたく。
【日本】かてて。その上に。",Type the reading!,Text
搗てて,かてて,"① つく。うすの中にもち米などを入れてつく。
② うつ。たたく。砧（きぬた）の上に布をのせてたたく。
【日本】かてて。その上に。",Type the reading!,Text
搤える,おさえる,握り締める。締め付ける。,Type the reading!,Text
搤む,つかむ,握り締める。締め付ける。,Type the reading!,Text
搦み,からみ,"① おさえる。おさえとめる。
② とる。手にとる。手に持つ。
【日本】からめる。まきつける。しばりあげる。",Type the reading!,Text
搦める,からめる,"① おさえる。おさえとめる。
② とる。手にとる。手に持つ。
【日本】からめる。まきつける。しばりあげる。",Type the reading!,Text
搦る,とる,"① おさえる。おさえとめる。
② とる。手にとる。手に持つ。
【日本】からめる。まきつける。しばりあげる。",Type the reading!,Text
搨す,うつす,する。うつす。石碑などに刻まれた文字に紙などをあてて写しとる。石ずりにする。,Type the reading!,Text
搨る,する,する。うつす。石碑などに刻まれた文字に紙などをあてて写しとる。石ずりにする。,Type the reading!,Text
搴げる,かかげる,"① とる。ぬく。ぬき取る。
② かかげる。あげる。高く持ち上げる。",Type the reading!,Text
搴る,とる,"① とる。ぬく。ぬき取る。
② かかげる。あげる。高く持ち上げる。",Type the reading!,Text
搶く,つく,"【A】ショウ・ソウ
① つく。突きさす。また、突き進む。
② あつまる。
【B】ショウ・ソウかすめる。奪いとる。",Type the reading!,Text
搶まる,あつまる,"【A】ショウ・ソウ
① つく。突きさす。また、突き進む。
② あつまる。
【B】ショウ・ソウかすめる。奪いとる。",Type the reading!,Text
摎わる,まつわる,"① しめる。くくる。くびる。強くしめつける。また、首をしめる。
② まつわる。まといつく。からみつく。",Type the reading!,Text
摏く,つく,つく。棒でまっすぐ撞（つ）く。,Type the reading!,Text
摧く,"くじく,くだく","① くだく。細かくする。こなごなにする。
② くだく。くじく。勢いを断って弱らせる。",Type the reading!,Text
摶い,まるい,"【A】タンまるめる。まるくする。また、散ったものをひとつにまとめる。あつめる。
【B】セン
① もっぱら。ひらすら。＝専
② ほしいまま。ほしいままにする。＝専",Type the reading!,Text
摶める,まるめる,"【A】タンまるめる。まるくする。また、散ったものをひとつにまとめる。あつめる。
【B】セン
① もっぱら。ひらすら。＝専
② ほしいまま。ほしいままにする。＝専",Type the reading!,Text
摶ら,もっぱら,"【A】タンまるめる。まるくする。また、散ったものをひとつにまとめる。あつめる。
【B】セン
① もっぱら。ひらすら。＝専
② ほしいまま。ほしいままにする。＝専",Type the reading!,Text
撈る,とる,とる。すくいとる。水中からすくいあげる。,Type the reading!,Text
撓,しおり,"① たわめる。たわむ。しなう。まがる。弓なりに曲がる。
② みだれる。みだす。かきみだす。
③ ためる。曲げて整形する。
④ くじける。くじく。勢いを断って弱らせる。また、勢いがそがれる。
【日本】しおり。松尾芭蕉の俳諧の根本理念の一つ。",Type the reading!,Text
撓う,しなう,"① たわめる。たわむ。しなう。まがる。弓なりに曲がる。
② みだれる。みだす。かきみだす。
③ ためる。曲げて整形する。
④ くじける。くじく。勢いを断って弱らせる。また、勢いがそがれる。
【日本】しおり。松尾芭蕉の俳諧の根本理念の一つ。",Type the reading!,Text
撓ける,くじける,"① たわめる。たわむ。しなう。まがる。弓なりに曲がる。
② みだれる。みだす。かきみだす。
③ ためる。曲げて整形する。
④ くじける。くじく。勢いを断って弱らせる。また、勢いがそがれる。
【日本】しおり。松尾芭蕉の俳諧の根本理念の一つ。",Type the reading!,Text
撓む,たわむ,"① たわめる。たわむ。しなう。まがる。弓なりに曲がる。
② みだれる。みだす。かきみだす。
③ ためる。曲げて整形する。
④ くじける。くじく。勢いを断って弱らせる。また、勢いがそがれる。
【日本】しおり。松尾芭蕉の俳諧の根本理念の一つ。",Type the reading!,Text
撓める,"いためる,ためる,たわめる","① たわめる。たわむ。しなう。まがる。弓なりに曲がる。
② みだれる。みだす。かきみだす。
③ ためる。曲げて整形する。
④ くじける。くじく。勢いを断って弱らせる。また、勢いがそがれる。
【日本】しおり。松尾芭蕉の俳諧の根本理念の一つ。",Type the reading!,Text
撓る,しわる,"① たわめる。たわむ。しなう。まがる。弓なりに曲がる。
② みだれる。みだす。かきみだす。
③ ためる。曲げて整形する。
④ くじける。くじく。勢いを断って弱らせる。また、勢いがそがれる。
【日本】しおり。松尾芭蕉の俳諧の根本理念の一つ。",Type the reading!,Text
撓れる,みだれる,"① たわめる。たわむ。しなう。まがる。弓なりに曲がる。
② みだれる。みだす。かきみだす。
③ ためる。曲げて整形する。
④ くじける。くじく。勢いを断って弱らせる。また、勢いがそがれる。
【日本】しおり。松尾芭蕉の俳諧の根本理念の一つ。",Type the reading!,Text
撕く,さく,"【A】シさく。引きさく。わける。
【B】サイ・セイいましめる。さとす。教えみちびく。",Type the reading!,Text
撕める,いましめる,"【A】シさく。引きさく。わける。
【B】サイ・セイいましめる。さとす。教えみちびく。",Type the reading!,Text
撥く,のぞく,"① おさめる。正しくする。整える。
② はねる。はねあげる。
③ はねる。かかげる。まくり上げる。
④ のぞく。とりのぞく。はらいのぞく。
⑤ ばち。琵琶（びわ）などの弦をかき鳴らす道具。",Type the reading!,Text
撥げる,かかげる,"① おさめる。正しくする。整える。
② はねる。はねあげる。
③ はねる。かかげる。まくり上げる。
④ のぞく。とりのぞく。はらいのぞく。
⑤ ばち。琵琶（びわ）などの弦をかき鳴らす道具。",Type the reading!,Text
撥ねる,はねる,"① おさめる。正しくする。整える。
② はねる。はねあげる。
③ はねる。かかげる。まくり上げる。
④ のぞく。とりのぞく。はらいのぞく。
⑤ ばち。琵琶（びわ）などの弦をかき鳴らす道具。",Type the reading!,Text
撥める,おさめる,"① おさめる。正しくする。整える。
② はねる。はねあげる。
③ はねる。かかげる。まくり上げる。
④ のぞく。とりのぞく。はらいのぞく。
⑤ ばち。琵琶（びわ）などの弦をかき鳴らす道具。",Type the reading!,Text
撩む,いどむ,"① おさめる。整える。まとめ上げる。
② みだれる。いりみだれる。
③ いどむ。戦いをいどむ。",Type the reading!,Text
撩める,おさめる,"① おさめる。整える。まとめ上げる。
② みだれる。いりみだれる。
③ いどむ。戦いをいどむ。",Type the reading!,Text
撩れる,みだれる,"① おさめる。整える。まとめ上げる。
② みだれる。いりみだれる。
③ いどむ。戦いをいどむ。",Type the reading!,Text
撻つ,むちうつ,むちうつ。うつ。むちでたたく。,Type the reading!,Text
撼かす,うごかす,うごかす。ゆるがす。ゆらぐ。ゆり動かす。ゆれ動く。,Type the reading!,Text
撼らぐ,ゆらぐ,うごかす。ゆるがす。ゆらぐ。ゆり動かす。ゆれ動く。,Type the reading!,Text
撼るがす,ゆるがす,うごかす。ゆるがす。ゆらぐ。ゆり動かす。ゆれ動く。,Type the reading!,Text
擂く,みがく,"① する。すりつぶす。
② する。こする。みがく。
③ うつ。（太鼓を）たたく。",Type the reading!,Text
擂つ,うつ,"① する。すりつぶす。
② する。こする。みがく。
③ うつ。（太鼓を）たたく。",Type the reading!,Text
擂る,する,"① する。すりつぶす。
② する。こする。みがく。
③ うつ。（太鼓を）たたく。",Type the reading!,Text
擅,ほしいまま,"① ほしいまま。ひとりじめにする。自分の思うままにする。
② ゆずる。天子が位をゆずる。＝禅",Type the reading!,Text
擅る,ゆずる,"① ほしいまま。ひとりじめにする。自分の思うままにする。
② ゆずる。天子が位をゆずる。＝禅",Type the reading!,Text
擒,とりこ,"① とらえる。いけどりにする。とりこにする。
② とりこ。いけどり。いけどりにされた人。",Type the reading!,Text
擒える,とらえる,"① とらえる。いけどりにする。とりこにする。
② とりこ。いけどり。いけどりにされた人。",Type the reading!,Text
擘,おやゆび,"① さく。つんざく。ひきさく。
② おやゆび。例：擘指（はくし）",Type the reading!,Text
擘く,"さく,つんざく","① さく。つんざく。ひきさく。
② おやゆび。例：擘指（はくし）",Type the reading!,Text
擠く,くじく,"① おす。おとしいれる。おしのける。
② くじく。そこなう。弱らせる。",Type the reading!,Text
擠す,おす,"① おす。おとしいれる。おしのける。
② くじく。そこなう。弱らせる。",Type the reading!,Text
擠れる,おとしいれる,"① おす。おとしいれる。おしのける。
② くじく。そこなう。弱らせる。",Type the reading!,Text
擡げる,"もたげる,もちあげる",もたげる。もちあげる。高くもちあげる。,Type the reading!,Text
擣く,"たたく,つく","① つく。うすの中にもち米などを入れてつく。
② うつ。たたく。砧（きぬた）の上に布をのせてたたく。",Type the reading!,Text
擣つ,うつ,"① つく。うすの中にもち米などを入れてつく。
② うつ。たたく。砧（きぬた）の上に布をのせてたたく。",Type the reading!,Text
擯く,みちびく,"① しりぞける。おしのける。
② みちびく。客を案内したりもてなしたりする。また、その人。",Type the reading!,Text
擯ける,しりぞける,"① しりぞける。おしのける。
② みちびく。客を案内したりもてなしたりする。また、その人。",Type the reading!,Text
擱く,おく,"① おく。下におく。
② やめる。動きをとめる。",Type the reading!,Text
擲つ,なげうつ,"① なげうつ。なげつける。目標にむかって、物をなげる。
② なげうつ。なげる。すてる。なげすてる。
【日本】なぐる。激しくたたく。",Type the reading!,Text
擲てる,すてる,"① なげうつ。なげつける。目標にむかって、物をなげる。
② なげうつ。なげる。すてる。なげすてる。
【日本】なぐる。激しくたたく。",Type the reading!,Text
擲る,なぐる,"① なげうつ。なげつける。目標にむかって、物をなげる。
② なげうつ。なげる。すてる。なげすてる。
【日本】なぐる。激しくたたく。",Type the reading!,Text
擲るう,ふるう,"① なげうつ。なげつける。目標にむかって、物をなげる。
② なげうつ。なげる。すてる。なげすてる。
【日本】なぐる。激しくたたく。",Type the reading!,Text
擺く,ひらく,"① ひらく。 おしひらく。おしてあける。
② ふるう。ふり動かす。
③ ならべる。順序を決めてならべる。",Type the reading!,Text
擺るう,ふるう,"① ひらく。 おしひらく。おしてあける。
② ふるう。ふり動かす。
③ ならべる。順序を決めてならべる。",Type the reading!,Text
擽う,はらう,"① うつ。むちうつ。むちでたたく。＝掠
② はらう。たたいてはらう。
③ かたい石。また、石のようにかたいさま。
【日本】
① くすぐる。皮膚を軽く刺激して、かゆみを感じさせる。
② くすぐる。相手の感情を軽く刺激して、喜ばせたりそわそわさせたりする。",Type the reading!,Text
擽つ,うつ,"① うつ。むちうつ。むちでたたく。＝掠
② はらう。たたいてはらう。
③ かたい石。また、石のようにかたいさま。
【日本】
① くすぐる。皮膚を軽く刺激して、かゆみを感じさせる。
② くすぐる。相手の感情を軽く刺激して、喜ばせたりそわそわさせたりする。",Type the reading!,Text
擽る,くすぐる,"① うつ。むちうつ。むちでたたく。＝掠
② はらう。たたいてはらう。
③ かたい石。また、石のようにかたいさま。
【日本】
① くすぐる。皮膚を軽く刺激して、かゆみを感じさせる。
② くすぐる。相手の感情を軽く刺激して、喜ばせたりそわそわさせたりする。",Type the reading!,Text
攀く,ひく,"① よじる。よじのぼる。ある物にすがりつきながらのぼる。
② ひく。ひっぱる。ひきよせる。
③ すがる。たよりにする。",Type the reading!,Text
攀じる,よじる,"① よじる。よじのぼる。ある物にすがりつきながらのぼる。
② ひく。ひっぱる。ひきよせる。
③ すがる。たよりにする。",Type the reading!,Text
攀る,すがる,"① よじる。よじのぼる。ある物にすがりつきながらのぼる。
② ひく。ひっぱる。ひきよせる。
③ すがる。たよりにする。",Type the reading!,Text
攅がる,むらがる,あつめる。あつまる。むらがる。一つの所にむらがり集まる。,Type the reading!,Text
攅まる,あつまる,あつめる。あつまる。むらがる。一つの所にむらがり集まる。,Type the reading!,Text
攅める,あつめる,あつめる。あつまる。むらがる。一つの所にむらがり集まる。,Type the reading!,Text
攘う,はらう,"【A】ジョウ
① はらう。はらいのける。しりぞける。
② ぬすむ。ねこばばする。
【B】ジョウゆずる。＝譲
【C】ジョウみだれる。いりみだれる。",Type the reading!,Text
攘む,ぬすむ,"【A】ジョウ
① はらう。はらいのける。しりぞける。
② ぬすむ。ねこばばする。
【B】ジョウゆずる。＝譲
【C】ジョウみだれる。いりみだれる。",Type the reading!,Text
攘る,ゆずる,"【A】ジョウ
① はらう。はらいのける。しりぞける。
② ぬすむ。ねこばばする。
【B】ジョウゆずる。＝譲
【C】ジョウみだれる。いりみだれる。",Type the reading!,Text
攘れる,みだれる,"【A】ジョウ
① はらう。はらいのける。しりぞける。
② ぬすむ。ねこばばする。
【B】ジョウゆずる。＝譲
【C】ジョウみだれる。いりみだれる。",Type the reading!,Text
攢がる,むらがる,あつめる。あつまる。むらがる。一つの所にむらがり集まる。,Type the reading!,Text
攢まる,あつまる,あつめる。あつまる。むらがる。一つの所にむらがり集まる。,Type the reading!,Text
攢める,あつめる,あつめる。あつまる。むらがる。一つの所にむらがり集まる。,Type the reading!,Text
攣かる,かかる,"① つる。ひきつる。筋肉がひきつる。筋肉が不自然にひっぱられる。
② かがまる。手足が曲がった状態になる。
③ つながる。かかる。つなぎとめる。",Type the reading!,Text
攣がる,つながる,"① つる。ひきつる。筋肉がひきつる。筋肉が不自然にひっぱられる。
② かがまる。手足が曲がった状態になる。
③ つながる。かかる。つなぎとめる。",Type the reading!,Text
攣まる,かがまる,"① つる。ひきつる。筋肉がひきつる。筋肉が不自然にひっぱられる。
② かがまる。手足が曲がった状態になる。
③ つながる。かかる。つなぎとめる。",Type the reading!,Text
攣る,"つる,ひきつる","① つる。ひきつる。筋肉がひきつる。筋肉が不自然にひっぱられる。
② かがまる。手足が曲がった状態になる。
③ つながる。かかる。つなぎとめる。",Type the reading!,Text
攤く,ひらく,"① ひらく。ひろげる。ひろげのばす。
② わりあてる。あてがう。
③ ゆるやか。",Type the reading!,Text
攤やか,ゆるやか,"① ひらく。ひろげる。ひろげのばす。
② わりあてる。あてがう。
③ ゆるやか。",Type the reading!,Text
攫う,さらう,"つかむ。つかみとる。手でしっかりとにぎる。
【日本】さらう。不意をついて奪い去る。",Type the reading!,Text
攫む,つかむ,"つかむ。つかみとる。手でしっかりとにぎる。
【日本】さらう。不意をついて奪い去る。",Type the reading!,Text
攬べる,すべる,"① とる。手にもつ。つかむ。にぎる。
② すべる。まとめる。とりまとめる。",Type the reading!,Text
攬る,とる,"① とる。手にもつ。つかむ。にぎる。
② すべる。まとめる。とりまとめる。",Type the reading!,Text
敖しい,かまびすしい,"【A】ゴウ
① あそぶ。気ままにあそぶ。あそびまわる。＝遨
② かまびすしい。さわがしい。＝嗷
【B】ゴウ おごる。ほこる。おごりたかぶる。＝傲",Type the reading!,Text
敖ぶ,あそぶ,"【A】ゴウ
① あそぶ。気ままにあそぶ。あそびまわる。＝遨
② かまびすしい。さわがしい。＝嗷
【B】ゴウ おごる。ほこる。おごりたかぶる。＝傲",Type the reading!,Text
敖る,おごる,"【A】ゴウ
① あそぶ。気ままにあそぶ。あそびまわる。＝遨
② かまびすしい。さわがしい。＝嗷
【B】ゴウ おごる。ほこる。おごりたかぶる。＝傲",Type the reading!,Text
敝える,おとろえる,"① やぶれる。やぶる。やぶれてぼろぼろになる。
② つかれる。おとろえる。よわる。
③ 自分に関すること、自分側のことを謙遜していうことば。
④ おおう。おおいかくす。＝蔽",Type the reading!,Text
敝る,やぶる,"① やぶれる。やぶる。やぶれてぼろぼろになる。
② つかれる。おとろえる。よわる。
③ 自分に関すること、自分側のことを謙遜していうことば。
④ おおう。おおいかくす。＝蔽",Type the reading!,Text
敝れる,"つかれる,やぶれる","① やぶれる。やぶる。やぶれてぼろぼろになる。
② つかれる。おとろえる。よわる。
③ 自分に関すること、自分側のことを謙遜していうことば。
④ おおう。おおいかくす。＝蔽",Type the reading!,Text
敞い,"たかい,ひろい","① ひろい。広々としている。
② たかい。土地が高くひろびろとして、見晴らしがよい。",Type the reading!,Text
敲,むち,"① たたく。うつ。とんとんとたたく。
② むち。むちでたたく。
【日本】たたき。魚を包丁でたたくようにして切り刻む調理法。また、それによる料理。",Type the reading!,Text
敲き,たたき,"① たたく。うつ。とんとんとたたく。
② むち。むちでたたく。
【日本】たたき。魚を包丁でたたくようにして切り刻む調理法。また、それによる料理。",Type the reading!,Text
敲く,たたく,"① たたく。うつ。とんとんとたたく。
② むち。むちでたたく。
【日本】たたき。魚を包丁でたたくようにして切り刻む調理法。また、それによる料理。",Type the reading!,Text
斂,ほぼ,"① おさめる。あつめる。まとめる。また、ひきしめる。
② おさめる。死者のなきがらを棺に入れる。
③ ほぼ。およそ。だいたい。",Type the reading!,Text
斂める,"あつめる,おさめる","① おさめる。あつめる。まとめる。また、ひきしめる。
② おさめる。死者のなきがらを棺に入れる。
③ ほぼ。およそ。だいたい。",Type the reading!,Text
斃ぬ,しぬ,"① たおれる。しぬ。たおれて死ぬ。
② たおす。ほろぼす。ころす。",Type the reading!,Text
斃れる,たおれる,"① たおれる。しぬ。たおれて死ぬ。
② たおす。ほろぼす。ころす。",Type the reading!,Text
斛,ます,"① 容量の単位。一斛は十斗。
② ます。大きいます。",Type the reading!,Text
斟む,くむ,"① おしはかる。相手の気持ちをくみとる。
② くむ。水や酒などをくむ。",Type the reading!,Text
斟る,おしはかる,"① おしはかる。相手の気持ちをくみとる。
② くむ。水や酒などをくむ。",Type the reading!,Text
斫る,きる,きる。おのでたたき切る。,Type the reading!,Text
旁,"かたがた,つくり","【A】ホウ・ボウ
① かたわら。そば。わき。＝傍
② あまねし。ひろい。ひろく行き渡る。
③ つくり。漢字を構成する右側の部分。
【B】ホウよる。そばによる。よりそう。
【日本】かたがた。かねて。かねあわせて。ついでに。",Type the reading!,Text
旁い,ひろい,"【A】ホウ・ボウ
① かたわら。そば。わき。＝傍
② あまねし。ひろい。ひろく行き渡る。
③ つくり。漢字を構成する右側の部分。
【B】ホウよる。そばによる。よりそう。
【日本】かたがた。かねて。かねあわせて。ついでに。",Type the reading!,Text
旁し,あまねし,"【A】ホウ・ボウ
① かたわら。そば。わき。＝傍
② あまねし。ひろい。ひろく行き渡る。
③ つくり。漢字を構成する右側の部分。
【B】ホウよる。そばによる。よりそう。
【日本】かたがた。かねて。かねあわせて。ついでに。",Type the reading!,Text
旁ら,かたわら,"【A】ホウ・ボウ
① かたわら。そば。わき。＝傍
② あまねし。ひろい。ひろく行き渡る。
③ つくり。漢字を構成する右側の部分。
【B】ホウよる。そばによる。よりそう。
【日本】かたがた。かねて。かねあわせて。ついでに。",Type the reading!,Text
旁る,よる,"【A】ホウ・ボウ
① かたわら。そば。わき。＝傍
② あまねし。ひろい。ひろく行き渡る。
③ つくり。漢字を構成する右側の部分。
【B】ホウよる。そばによる。よりそう。
【日本】かたがた。かねて。かねあわせて。ついでに。",Type the reading!,Text
旃,"けおりもの,はた","① はた。無地で赤色の旗。
② けおりもの。獣の毛を加工して織物のようにしたもの。＝氈
③ これ。そばにあるものを指し示すことば。",Type the reading!,Text
旄,"からうし,はた","【A】ボウ・モウ
① はた。はたかざり。からうしの毛の飾り。また、それをつけたはた。
② からうし。毛の長い牛。
【B】ボウ・モウ八十歳、九十歳の人（七十歳との説も）。＝耄",Type the reading!,Text
旄り,"としより,はたかざり","【A】ボウ・モウ
① はた。はたかざり。からうしの毛の飾り。また、それをつけたはた。
② からうし。毛の長い牛。
【B】ボウ・モウ八十歳、九十歳の人（七十歳との説も）。＝耄",Type the reading!,Text
旆,はた,はた。はたの総称。また、はたのふちにつけた飾り。,Type the reading!,Text
旌,はた,"① はた。五色の鳥の羽を飾ったはた。
② あらわす。ほめたたえる。表彰する。
③ あらわす。あきらかにする。",Type the reading!,Text
旌す,あらわす,"① はた。五色の鳥の羽を飾ったはた。
② あらわす。ほめたたえる。表彰する。
③ あらわす。あきらかにする。",Type the reading!,Text
旒,はたあし,"はたあし。旗の末端の部分。
【日本】旗や幟（のぼり）などを数えることば。ながれ。",Type the reading!,Text
旒れ,ながれ,"はたあし。旗の末端の部分。
【日本】旗や幟（のぼり）などを数えることば。ながれ。",Type the reading!,Text
旛,はた,はた。のぼり。垂れ下げたはた。＝幡,Type the reading!,Text
旱,ひでり,"① ひでり。かわく。長い間雨が降らず、川や池などの水がかれる。
② （水がない）陸。陸地。",Type the reading!,Text
旱く,かわく,"① ひでり。かわく。長い間雨が降らず、川や池などの水がかれる。
② （水がない）陸。陸地。",Type the reading!,Text
旻,"あきぞら,そら","① あきぞら。秋のそら。
② そら。広々としたそら。",Type the reading!,Text
昃ぎ,ひるすぎ,"① かたむく。日が西にかたむく。
② ひるすぎ。午後。午後二時ごろ。",Type the reading!,Text
昃く,かたむく,"① かたむく。日が西にかたむく。
② ひるすぎ。午後。午後二時ごろ。",Type the reading!,Text
昊,そら,そら。広々としたそら。おおぞら。,Type the reading!,Text
昜がる,あがる,"① あがる。太陽がのぼる。また、太陽。
② ひらく。開放する。また、とびあがる。",Type the reading!,Text
昜く,ひらく,"① あがる。太陽がのぼる。また、太陽。
② ひらく。開放する。また、とびあがる。",Type the reading!,Text
昴,すばる,すばる。二十八宿の一つ。すばるぼし。,Type the reading!,Text
昵づく,ちかづく,ちかづく。なじむ。なれ親しむ。,Type the reading!,Text
昵む,なじむ,ちかづく。なじむ。なれ親しむ。,Type the reading!,Text
昶びる,のびる,"① ながい。日が長い。
② のびる。のびやか。のびのびする。＝暢",Type the reading!,Text
昿い,ひろい,"① あきらか。あかるい。はっきりしている。
② むなしい。ひろい。広々としてむなしい。
③ むなしくする。むだにする。むだに日を送る。",Type the reading!,Text
昿しい,むなしい,"① あきらか。あかるい。はっきりしている。
② むなしい。ひろい。広々としてむなしい。
③ むなしくする。むだにする。むだに日を送る。",Type the reading!,Text
昿らか,あきらか,"① あきらか。あかるい。はっきりしている。
② むなしい。ひろい。広々としてむなしい。
③ むなしくする。むだにする。むだに日を送る。",Type the reading!,Text
晁,あさ,あさ。あけがた。＝朝,Type the reading!,Text
晏い,おそい,"① おそい。時刻がおそい。
② やすらか。おだやか。落ち着いている。",Type the reading!,Text
晏らか,やすらか,"① おそい。時刻がおそい。
② やすらか。おだやか。落ち着いている。",Type the reading!,Text
晞く,かわく,"① かわく。ほす。さらす。かわかす。日光に当ててかわかす。
② 夜明け。夜が明ける。",Type the reading!,Text
晞す,"さらす,ほす","① かわく。ほす。さらす。かわかす。日光に当ててかわかす。
② 夜明け。夜が明ける。",Type the reading!,Text
晟らか,あきらか,"① あきらか。あかるい。あかるくかがやく。
② さかん。りっぱ。",Type the reading!,Text
晟ん,さかん,"① あきらか。あかるい。あかるくかがやく。
② さかん。りっぱ。",Type the reading!,Text
晢い,かしこい,"① あきらか。あかるい。あかるくかがやく。
② あきらか。かしこい。さとい。",Type the reading!,Text
晢らか,あきらか,"① あきらか。あかるい。あかるくかがやく。
② あきらか。かしこい。さとい。",Type the reading!,Text
晣い,かしこい,"① あきらか。あかるい。あかるくかがやく。
② あきらか。かしこい。さとい。",Type the reading!,Text
晣らか,あきらか,"① あきらか。あかるい。あかるくかがやく。
② あきらか。かしこい。さとい。",Type the reading!,Text
晤う,あう,"① あきらか。さとい。かしこい。
② あう。対面する。面会する。
③ うちとける。うちとけて話し合う。",Type the reading!,Text
晤ける,うちとける,"① あきらか。さとい。かしこい。
② あう。対面する。面会する。
③ うちとける。うちとけて話し合う。",Type the reading!,Text
晤らか,あきらか,"① あきらか。さとい。かしこい。
② あう。対面する。面会する。
③ うちとける。うちとけて話し合う。",Type the reading!,Text
晧い,しろい,"① しろい。ひかる。しろく光り輝く。＝皓
② あきらか。きよい。潔白。",Type the reading!,Text
晧らか,あきらか,"① しろい。ひかる。しろく光り輝く。＝皓
② あきらか。きよい。潔白。",Type the reading!,Text
晨,"あした,とき","① あした。あさ。よあけ。早朝。明け方。
② とき。ときを告げる。鶏が鳴き声で夜明けを告げる。",Type the reading!,Text
晨け,よあけ,"① あした。あさ。よあけ。早朝。明け方。
② とき。ときを告げる。鶏が鳴き声で夜明けを告げる。",Type the reading!,Text
晰らか,あきらか,あきらか。あきらかではっきりしているさま。,Type the reading!,Text
晳らか,あきらか,あきらか。あきらかではっきりしているさま。,Type the reading!,Text
暄かい,あたたかい,あたたかい。気温がほどよく高い。,Type the reading!,Text
暈,"かさ,くま,めまい","① かさ。太陽や月の周りに見える光の輪。
② めまい。目がまわる。目がくらむ。
【日本】ぼかし。ぼかす。ぼんやりさせる。",Type the reading!,Text
暈ける,ぼける,"① かさ。太陽や月の周りに見える光の輪。
② めまい。目がまわる。目がくらむ。
【日本】ぼかし。ぼかす。ぼんやりさせる。",Type the reading!,Text
暈し,ぼかし,"① かさ。太陽や月の周りに見える光の輪。
② めまい。目がまわる。目がくらむ。
【日本】ぼかし。ぼかす。ぼんやりさせる。",Type the reading!,Text
暈す,ぼかす,"① かさ。太陽や月の周りに見える光の輪。
② めまい。目がまわる。目がくらむ。
【日本】ぼかし。ぼかす。ぼんやりさせる。",Type the reading!,Text
暈む,くらむ,"① かさ。太陽や月の周りに見える光の輪。
② めまい。目がまわる。目がくらむ。
【日本】ぼかし。ぼかす。ぼんやりさせる。",Type the reading!,Text
暉,ひかり,かがやく。ひかる。かがやき。ひかり。＝輝,Type the reading!,Text
暉く,かがやく,かがやく。ひかる。かがやき。ひかり。＝輝,Type the reading!,Text
暉る,ひかる,かがやく。ひかる。かがやき。ひかり。＝輝,Type the reading!,Text
暘,ひので,"① ひので。太陽がのぼる。
② あきらか。あかるい。
③ はれ。よい天気。空がよく晴れる。",Type the reading!,Text
暘らか,あきらか,"① ひので。太陽がのぼる。
② あきらか。あかるい。
③ はれ。よい天気。空がよく晴れる。",Type the reading!,Text
暝い,くらい,"① くらい。かすか。くらくてはっきりしない。
② くれる。日がくれる。日がしずむ。
③ くれ。夕ぐれ。夜。",Type the reading!,Text
暝か,かすか,"① くらい。かすか。くらくてはっきりしない。
② くれる。日がくれる。日がしずむ。
③ くれ。夕ぐれ。夜。",Type the reading!,Text
暝れる,くれる,"① くらい。かすか。くらくてはっきりしない。
② くれる。日がくれる。日がしずむ。
③ くれ。夕ぐれ。夜。",Type the reading!,Text
暾,あさひ,あさひ。朝の太陽。太陽がのぼるさま。,Type the reading!,Text
曁ぶ,およぶ,"① およぶ。いたる。達する。
② および。ならびに。ともに。
③ 日の出。日がのぼりはじめるさま。",Type the reading!,Text
曁る,いたる,"① およぶ。いたる。達する。
② および。ならびに。ともに。
③ 日の出。日がのぼりはじめるさま。",Type the reading!,Text
曄く,かがやく,"① かがやく。あきらか。ひかりかがやく。
② さかん。さかんなさま。",Type the reading!,Text
曄らか,あきらか,"① かがやく。あきらか。ひかりかがやく。
② さかん。さかんなさま。",Type the reading!,Text
曄ん,さかん,"① かがやく。あきらか。ひかりかがやく。
② さかん。さかんなさま。",Type the reading!,Text
曚い,"くらい,ほのぐらい",くらい。ほのぐらい。うすぐらい。,Type the reading!,Text
曠い,ひろい,"① あきらか。あかるい。はっきりしている。
② むなしい。ひろい。広々としてむなしい。
③ むなしくする。むだにする。むだに日を送る。",Type the reading!,Text
曠しい,むなしい,"① あきらか。あかるい。はっきりしている。
② むなしい。ひろい。広々としてむなしい。
③ むなしくする。むだにする。むだに日を送る。",Type the reading!,Text
曠らか,あきらか,"① あきらか。あかるい。はっきりしている。
② むなしい。ひろい。広々としてむなしい。
③ むなしくする。むだにする。むだに日を送る。",Type the reading!,Text
曦,"ひ,ひかり",ひ。ひかり。太陽。太陽のひかり。,Type the reading!,Text
曩,さき,"① さき。さきに。以前。以前に。
② ひさしい。また、遠い。",Type the reading!,Text
曩しい,ひさしい,"① さき。さきに。以前。以前に。
② ひさしい。また、遠い。",Type the reading!,Text
曩に,さきに,"① さき。さきに。以前。以前に。
② ひさしい。また、遠い。",Type the reading!,Text
曬す,さらす,さらす。日光に当たったままにする。日光に当ててかわかす。,Type the reading!,Text
曰う,いう,"① いう。言葉を発する。
② いう。よぶ。名づける。名づけて～という。
③ いわく。のたまわく。言うには。言うことには。「のたまわく」は「いわく」の敬語。
④ ここに。さて。
【日本】いわく。わけ。理由。事情。",Type the reading!,Text
曰く,いわく,"① いう。言葉を発する。
② いう。よぶ。名づける。名づけて～という。
③ いわく。のたまわく。言うには。言うことには。「のたまわく」は「いわく」の敬語。
④ ここに。さて。
【日本】いわく。わけ。理由。事情。",Type the reading!,Text
曰わく,のたまわく,"① いう。言葉を発する。
② いう。よぶ。名づける。名づけて～という。
③ いわく。のたまわく。言うには。言うことには。「のたまわく」は「いわく」の敬語。
④ ここに。さて。
【日本】いわく。わけ。理由。事情。",Type the reading!,Text
曷,"いつ,なに","① 「なんぞ」「いずくんぞ」と読み、「どうして～か」「どうして～であろうか」と疑問・反語の意を表わす。
② 「なに」と読み、物事を問う意を表わす。
③ 「いつか」と読み、「いつ」「いつになったら」などと時を問う意を表わす。",Type the reading!,Text
曷ぞ,なんぞ,"① 「なんぞ」「いずくんぞ」と読み、「どうして～か」「どうして～であろうか」と疑問・反語の意を表わす。
② 「なに」と読み、物事を問う意を表わす。
③ 「いつか」と読み、「いつ」「いつになったら」などと時を問う意を表わす。",Type the reading!,Text
曷んぞ,いずくんぞ,"① 「なんぞ」「いずくんぞ」と読み、「どうして～か」「どうして～であろうか」と疑問・反語の意を表わす。
② 「なに」と読み、物事を問う意を表わす。
③ 「いつか」と読み、「いつ」「いつになったら」などと時を問う意を表わす。",Type the reading!,Text
曼い,"ながい,ひろい","① ひく。引っぱる。引きのばす。
② ながい。また、ひろい。
③ うつくしい。みめよい。",Type the reading!,Text
曼く,ひく,"① ひく。引っぱる。引きのばす。
② ながい。また、ひろい。
③ うつくしい。みめよい。",Type the reading!,Text
曼しい,うつくしい,"① ひく。引っぱる。引きのばす。
② ながい。また、ひろい。
③ うつくしい。みめよい。",Type the reading!,Text
朏,みかづき,みかづき。陰暦の三日ごろの細い月。,Type the reading!,Text
朞り,ひとまわり,ひとまわり。一年。また、一ヶ月。,Type the reading!,Text
朦,おぼろ,おぼろ。月の光がぼんやりとかすんで見える。かすんではっきりしない。,Type the reading!,Text
朧,おぼろ,おぼろ。月の光がぼんやりとかすんで見える。,Type the reading!,Text
朮,"うけら,おけら,もちあわ","【A】シュツ・ジュツもちあわ。粟（あわ）の一種。
【B】チュツおけら。うけら。キク科の多年草。生薬として用いられる。",Type the reading!,Text
朶,えだ,"① しだれる。たれる。木の枝などがたれさがる。
② えだ。花の付いた枝。
③ 花や雲などを数えることば。
④ うごかす。下げるようにうごかす。",Type the reading!,Text
朶かす,うごかす,"① しだれる。たれる。木の枝などがたれさがる。
② えだ。花の付いた枝。
③ 花や雲などを数えることば。
④ うごかす。下げるようにうごかす。",Type the reading!,Text
朶れる,しだれる,"① しだれる。たれる。木の枝などがたれさがる。
② えだ。花の付いた枝。
③ 花や雲などを数えることば。
④ うごかす。下げるようにうごかす。",Type the reading!,Text
朸,"おうご,もくめ","木目。木の年輪。
【日本】おうご。てんびん棒。物を担ぐための棒。",Type the reading!,Text
朿,とげ,とげ。草木のとげ。,Type the reading!,Text
杆,"たて,てこ","① たて。身を守る武具。
② てこ。さお。棒。",Type the reading!,Text
杙,くい,くい。地中に打ちこんで牛馬などをつなぐ棒ぐい。,Type the reading!,Text
杞,"くこ,おうち,かわやなぎ","① くこ。ナス科の落葉低木。
② かわやなぎ。ヤナギ科の落葉低木。
③ おうち。センダン科の落葉高木。
④ 周代の国の名。",Type the reading!,Text
杠,"ちぎ,ちきり,はたざお,ゆずりは","① 川にかけられた橋。小さい橋。
② はたざお。旗をあげるためのさお。
【日本】
① ちぎ。ちぎり。ちきり。大きい竿秤（さおばかり）。
② ゆずりは。ユズリハ科の常緑高木。",Type the reading!,Text
杣,そま,"① そま。そまやま。材木を切りだす山。
② そま。山から切りだした材木。
③ そま。そまびと。材木を切りだす人。",Type the reading!,Text
杪,"こずえ,すえ","① こずえ。木の枝の先。
② ちいさい。細かい。
③ すえ。おわり。ある時期や季節の終わり。",Type the reading!,Text
杪さい,ちいさい,"① こずえ。木の枝の先。
② ちいさい。細かい。
③ すえ。おわり。ある時期や季節の終わり。",Type the reading!,Text
杪わり,おわり,"① こずえ。木の枝の先。
② ちいさい。細かい。
③ すえ。おわり。ある時期や季節の終わり。",Type the reading!,Text
杲い,たかい,"① あきらか。太陽の光が明るい。
② たかい。たかいさま。",Type the reading!,Text
杲らか,あきらか,"① あきらか。太陽の光が明るい。
② たかい。たかいさま。",Type the reading!,Text
杳い,くらい,"① くらい。日が沈んでくらい。
② はるか。かすか。はるかに遠い。また、はっきりしない。",Type the reading!,Text
杳か,はるか,"① くらい。日が沈んでくらい。
② はるか。かすか。はるかに遠い。また、はっきりしない。",Type the reading!,Text
杼,"とち,どんぐり,ひ","【A】ジョ・チョひ。機（はた）織りで、たて糸の間によこ糸を通す道具。
【B】ショ・ジョどんぐり。とち。くぬぎやとちのきなどの実。",Type the reading!,Text
枅,"とがた,ますがた",ますがた。とがた。棟木を受ける角材。,Type the reading!,Text
枉がる,まがる,"① まがる。まげる。ねじまがる。無理にまげる。
② 事実をゆがめる。法や道理をまげる。
③ 無実の罪。また、罪をなすりつける。
④ まげて。わざわざ。無理に。
⑤ いたずらに。むだに。意味もなく。",Type the reading!,Text
枉げて,まげて,"① まがる。まげる。ねじまがる。無理にまげる。
② 事実をゆがめる。法や道理をまげる。
③ 無実の罪。また、罪をなすりつける。
④ まげて。わざわざ。無理に。
⑤ いたずらに。むだに。意味もなく。",Type the reading!,Text
枉げる,まげる,"① まがる。まげる。ねじまがる。無理にまげる。
② 事実をゆがめる。法や道理をまげる。
③ 無実の罪。また、罪をなすりつける。
④ まげて。わざわざ。無理に。
⑤ いたずらに。むだに。意味もなく。",Type the reading!,Text
枋,"いかだ,え,まゆみ","【A】ホウ
① まゆみ。ニシキギ科の落葉低木。
② 「蘇枋（スオウ）」は、マメ科の落葉高木。
【B】ホウいかだ。水に浮かべるいかだ。
【C】ヘイえ。取っ手。手でにぎる部分。＝柄",Type the reading!,Text
枌,"そぎ,にれ","木の名。にれ。にれの一種。
【日本】そぎ。うすくそいだ木の板。",Type the reading!,Text
枡,ます,"① ます。物の容量をはかる四角い容器。
② ます。芝居や相撲などの観客席の四角形の仕切り。また、その席。",Type the reading!,Text
枳,からたち,"① からたち。ミカン科の落葉低木。
② わかれる。枝分かれする。",Type the reading!,Text
枴,つえ,つえ。老人が用いるつえ。,Type the reading!,Text
枷,"かせ,からさお,くびかせ","【A】カ
① からさお。穀物の穂をたたいて、実を落とす農具。
② かせ。くびかせ。罪人の首や手足にはめて自由をうばう刑具。
【B】カたな。＝架",Type the reading!,Text
枸,"からたち,くこ","【A】ク
① けんぽなし。クロウメモドキ科の落葉高木。
② 「枸櫞（くえん）」は、ミカン科の常緑低木。
【B】ク・コウ「枸杞（くこ）」は、ナス科の落葉低木。
【C】ク・コウ
① まがる。木の枝がまがる。
② からたち。ミカン科の落葉低木。",Type the reading!,Text
枸がる,まがる,"【A】ク
① けんぽなし。クロウメモドキ科の落葉高木。
② 「枸櫞（くえん）」は、ミカン科の常緑低木。
【B】ク・コウ「枸杞（くこ）」は、ナス科の落葉低木。
【C】ク・コウ
① まがる。木の枝がまがる。
② からたち。ミカン科の落葉低木。",Type the reading!,Text
枹,"なら,ばち","① ばち。太鼓などを打ち鳴らす棒。
② なら。ブナ科の落葉高木。",Type the reading!,Text
柎,"いかだ,うてな","【A】フ
① うてな。花の萼（がく）。
② いかだ。水に浮かべるいかだ。
【B】フつか。ゆづか。弓の手で握る部分。
【C】フ・ブつける。つけ加える。",Type the reading!,Text
柎ける,つける,"【A】フ
① うてな。花の萼（がく）。
② いかだ。水に浮かべるいかだ。
【B】フつか。ゆづか。弓の手で握る部分。
【C】フ・ブつける。つけ加える。",Type the reading!,Text
柝,"き,ひょうしぎ","① さく。さける。木を割る。
② ひらく。あける。
③ き。ひょうしぎ。合図として用いられる、打ち合わせて音を出す木。",Type the reading!,Text
柞,ははそ,"【A】サクははそ。ブナ科コナラ属の総称。
【B】サクきる。草木を切る。",Type the reading!,Text
柢,"ね,ねもと",ね。ねもと。木の根。物事の根本。,Type the reading!,Text
柤,てすり,"① てすり。さく。木のしきりや囲い。
② さんざし。バラ科の落葉低木。",Type the reading!,Text
柩,ひつぎ,ひつぎ。なきがらを納める木製の箱。,Type the reading!,Text
柬,"てがみ,なふだ","① えらぶ。えりわける。えらび出す。＝揀
② てがみ。ふみ。＝簡
③ なふだ。ふだ。＝簡",Type the reading!,Text
柬ける,えりわける,"① えらぶ。えりわける。えらび出す。＝揀
② てがみ。ふみ。＝簡
③ なふだ。ふだ。＝簡",Type the reading!,Text
柬ぶ,えらぶ,"① えらぶ。えりわける。えらび出す。＝揀
② てがみ。ふみ。＝簡
③ なふだ。ふだ。＝簡",Type the reading!,Text
柯,"え,えだ,くき","① え。斧（おの）の柄。
② えだ。くき。木の枝、または草の茎。",Type the reading!,Text
栞,しおり,"しおり。山や林を歩くとき、迷わないように木の枝を折って目じるしにするもの。
【日本】しおり。読みかけの書物にはさんで目じるしにするもの。転じて、案内書・手びき。",Type the reading!,Text
栩,くぬぎ,"① くぬぎ。ブナ科の落葉高木。
② 「栩栩然（くくぜん）」は、自由で楽しく気持ちのよいさま。喜ぶさま。",Type the reading!,Text
栫ぐ,ふさぐ,"① ふさぐ。木や枝を立ててふさぐ。
② かこう。かこむ。
③ たてしば。水中に束ねた柴（しば）を沈めて魚をとらえる仕掛け。",Type the reading!,Text
栲,"たえ,ぬるで","① ぬるで。ウルシ科の落葉高木。
② 「栲栳（こうろう）」は竹や柳の枝を編んで作った入れもの。
【日本】たえ。かじのきなどの繊維で織った布。",Type the reading!,Text
桀,はりつけ,"① 鳥の巣。鳥のねぐら。
② はりつけ。罪人をはりつけにする。
③ すぐれる。ぬきんでる。＝傑
④ あらい。あらあらしい。
⑤ 天子の名。古代中国、夏（か）王朝の最後の天子。",Type the reading!,Text
桀い,あらい,"① 鳥の巣。鳥のねぐら。
② はりつけ。罪人をはりつけにする。
③ すぐれる。ぬきんでる。＝傑
④ あらい。あらあらしい。
⑤ 天子の名。古代中国、夏（か）王朝の最後の天子。",Type the reading!,Text
桀れる,すぐれる,"① 鳥の巣。鳥のねぐら。
② はりつけ。罪人をはりつけにする。
③ すぐれる。ぬきんでる。＝傑
④ あらい。あらあらしい。
⑤ 天子の名。古代中国、夏（か）王朝の最後の天子。",Type the reading!,Text
桄,"くろつぐ,よこぎ","【A】コウ船や車、織機などの横木。
【B】コウ「桄榔（こうろう）」は、木の名。ヤシ科の常緑高木。クロツグ。",Type the reading!,Text
框,"かまち,わく","① かまち。床などの端にわたす横木。
② かまち。わく。戸や窓などの枠。",Type the reading!,Text
桎,あしかせ,あしかせ。罪人の足にはめて自由に動けないようにする刑具。,Type the reading!,Text
桙,ほこ,"水を飲む器。また、たらい。
【日本】ほこ。武器の名。長い柄の先に両刃の剣をつけた武器。＝鉾",Type the reading!,Text
桛,かせ,かせ。つむいだ糸を巻き取る、工字型の道具。かせい。,Type the reading!,Text
桝,ます,"① ます。物の容量をはかる四角い容器。
② ます。芝居や相撲などの観客席の四角形の仕切り。また、その席。",Type the reading!,Text
桴,"いかだ,ばち,むなぎ","【A】フ
① ばち。太鼓などを打ち鳴らす棒。
② むなぎ。むね。
【B】フいかだ。小さいいかだ。",Type the reading!,Text
桷,"ずみ,たるき","たるき。屋根やひさしを支えるために、棟（むね）から軒（のき）に掛け渡す角材。
【日本】ずみ。ひめかいどう。バラ科の落葉小高木。",Type the reading!,Text
桿,"たて,てこ","① たて。身を守る武具。
② てこ。さお。棒。",Type the reading!,Text
梃,"つえ,てこ","つえ。棒。また、まっすぐな棒状の物を数えることば。
【日本】てこ。物を動かすのに用いる長い棒。",Type the reading!,Text
梏,てかせ,"【A】コク
① てかせ。罪人の手にはめる刑具。
② しばる。しばりつける。
【B】カクみだす。かきみだす。",Type the reading!,Text
梏す,みだす,"【A】コク
① てかせ。罪人の手にはめる刑具。
② しばる。しばりつける。
【B】カクみだす。かきみだす。",Type the reading!,Text
梏る,しばる,"【A】コク
① てかせ。罪人の手にはめる刑具。
② しばる。しばりつける。
【B】カクみだす。かきみだす。",Type the reading!,Text
梔,くちなし,くちなし。アカネ科の常緑低木。,Type the reading!,Text
梛,なぎ,"「枸梛（こうだ）」は、やなぎに似た木の名。
【日本】なぎ。マキ科の常緑高木。",Type the reading!,Text
梟,ふくろう,"① さらす。さらしくびにする。
② つよい。たけだけしい。あらあらしい。
③ ふくろう。鳥の名。フクロウ科の猛禽類。",Type the reading!,Text
梟い,つよい,"① さらす。さらしくびにする。
② つよい。たけだけしい。あらあらしい。
③ ふくろう。鳥の名。フクロウ科の猛禽類。",Type the reading!,Text
梟す,さらす,"① さらす。さらしくびにする。
② つよい。たけだけしい。あらあらしい。
③ ふくろう。鳥の名。フクロウ科の猛禽類。",Type the reading!,Text
梠,"のき,ひさし",のき。ひさし。,Type the reading!,Text
梭,ひ,ひ。機（はた）織りで、たて糸の間によこ糸を通す道具。,Type the reading!,Text
梲,"うだち,うだつ,つえ","【A】エイするどい。鋭利なさま。
【B】セツうだつ。うだち。梁（はり）の上に立てて、棟木を支える短い柱。
【C】タツ杖。また、棒。",Type the reading!,Text
梳,くし,"① くしけずる。くしですいて、髪を整える。
② くし。髪をすく道具。",Type the reading!,Text
梳く,"すく,とく","① くしけずる。くしですいて、髪を整える。
② くし。髪をすく道具。",Type the reading!,Text
梳る,くしけずる,"① くしけずる。くしですいて、髪を整える。
② くし。髪をすく道具。",Type the reading!,Text
梺,ふもと,ふもと。山のすそ。山の下方の部分。,Type the reading!,Text
梻,しきみ,しきみ。木の名。モクセイ科の常緑小高木。,Type the reading!,Text
棍,"つえ,ぼう,わるもの","① つえ。ぼう。まるい木の棒。
② わるもの。ならず者。",Type the reading!,Text
棗,なつめ,"なつめ。クロウメモドキ科の落葉小高木。
【日本】なつめ。抹茶（まっちゃ）をいれる容器。形がなつめの実に似ている。",Type the reading!,Text
棘,"いばら,おどろ,とげ,ほこ","① さねぶとなつめ。クロウメモドキ科の落葉低木。
② いばら。とげのある草木。
③ とげ。はり。とがった先端。
④ ほこ。武器の一つ。
⑤ すみやか。はやく。急いで。＝亟",Type the reading!,Text
棠,"からなし,やまなし","① やまなし。からなし。バラ科の落葉小高木。
② 「棠棣（とうてい）」は、にわうめ、またはにわざくら。バラ科の落葉低木。
③ 「海棠（かいどう）」は、バラ科の落葉低木。",Type the reading!,Text
棣,"にわうめ,にわざくら",にわうめ。にわざくら。バラ科の落葉低木。,Type the reading!,Text
棹,さお,"【A】トウ
① さお。船をすすめる道具。
② さおさす。さおを水底に突いて船をすすめる。
【B】タクつくえ。台。＝卓
【日本】
① さお。竹ざお。
② さお。たんすや長持などを数えることば。",Type the reading!,Text
棹す,さおさす,"【A】トウ
① さお。船をすすめる道具。
② さおさす。さおを水底に突いて船をすすめる。
【B】タクつくえ。台。＝卓
【日本】
① さお。竹ざお。
② さお。たんすや長持などを数えることば。",Type the reading!,Text
椁,"うわひつぎ,ひつぎ",ひつぎ。うわひつぎ。棺を納める外箱。,Type the reading!,Text
椄ぐ,つぐ,つぐ。つぎき。つぎ木をする。木をつぎ合わせる。,Type the reading!,Text
椈,ぶな,"このてがしわ。ヒノキ科の常緑高木。
【日本】ぶな。ブナ科の落葉高木。",Type the reading!,Text
椏,"また,きのまた","① また。きのまた。木の枝の分かれ目。
② 「三椏（みつまた）」は、ジンチョウゲ科の落葉低木。",Type the reading!,Text
椒,"いただき,はじかみ,みね","① はじかみ。さんしょう。ミカン科の落葉低木。
② 「胡椒（こしょう）」は、コショウ科のつる性植物。
③ いただき。みね。山頂。
④ かぐわしい。香りがよい。",Type the reading!,Text
椒しい,かぐわしい,"① はじかみ。さんしょう。ミカン科の落葉低木。
② 「胡椒（こしょう）」は、コショウ科のつる性植物。
③ いただき。みね。山頂。
④ かぐわしい。香りがよい。",Type the reading!,Text
椚,くぬぎ,くぬぎ。ブナ科の落葉高木。櫟とも書く。,Type the reading!,Text
椰,やし,やし。ヤシ科の常緑高木の総称。,Type the reading!,Text
椹,"あてぎ,くわのみ,さわら","【A】チンあてぎ。木などを割ったり切断したりするときに下にあてる台。
【B】シン・ジン桑の実（くわのみ）。
【日本】さわら。ヒノキ科の常緑高木。",Type the reading!,Text
椽,たるき,たるき。屋根を支えるために、棟から軒にかけ渡す木材。,Type the reading!,Text
楔,"くさび,ほうだて","① くさび。物と物の間に差し込むＶ字形の木片や金片。
② ほうだて。扉を受けるために、門の両側に立てる小柱。",Type the reading!,Text
楝,おうち,おうち。センダン科の落葉高木。,Type the reading!,Text
楞,かど,"① かど。とがったかど。すみ。
② 切り口が四角い材木。
③ かどばる。かどばった。いかつい。",Type the reading!,Text
楞る,かどばる,"① かど。とがったかど。すみ。
② 切り口が四角い材木。
③ かどばる。かどばった。いかつい。",Type the reading!,Text
楡,にれ,にれ。ニレ科の落葉高木。,Type the reading!,Text
楫,"かい,かじ","① かじ。かい。船をすすめる道具。
② こぐ。船をこぐ。",Type the reading!,Text
楫ぐ,こぐ,"① かじ。かい。船をすすめる道具。
② こぐ。船をこぐ。",Type the reading!,Text
楮,"かみ,こうぞ,さつ","① こうぞ。クワ科の落葉低木。
② かみ。さつ。手紙や紙幣。",Type the reading!,Text
楸,"ごばん,ひさぎ","① ひさぎ。きささげ。ノウゼンカズラ科の落葉高木。
② ひさぎ。あかめがしわ。トウダイグサ科の落葉高木。
③ こばん。碁盤。楸で碁盤を作ることから。",Type the reading!,Text
楹,はしら,はしら。丸く太い柱。,Type the reading!,Text
楾,はんぞう,はんぞう。はぞう。湯水を注ぐのに用いる道具。,Type the reading!,Text
榀,こまい,"建物の骨組みを数えることば。
【日本】
① こまい。たるきにのせる細長い材木。
② しな。シナノキ科の落葉高木。しなのき。",Type the reading!,Text
榁,むろ,むろ。むろのき。ヒノキ科の常緑高木。,Type the reading!,Text
榆,にれ,にれ。ニレ科の落葉高木。,Type the reading!,Text
榑,くれ,"「榑桑（ふそう）」は、太陽の出る所にあるという伝説上の神木。
【日本】くれ。皮のついた状態の材木。",Type the reading!,Text
榕,あこう,あこう。かじゅまる。クワ科の常緑高木。,Type the reading!,Text
榜,"かじ,たてふだ,ふだ,ゆだめ","【A】ホウ・ボウゆだめ。弓の形を整える道具。
【B】ホウ・ボウ
① かじ。かい。船をすすめる道具。
② こぐ。船をこぐ。
③ むちうつ。むちで打つ。
【C】ホウ・ボウ
① たてふだ。ふだ。木のふだ。
② かかげる。かかげて示す。",Type the reading!,Text
榜ぐ,こぐ,"【A】ホウ・ボウゆだめ。弓の形を整える道具。
【B】ホウ・ボウ
① かじ。かい。船をすすめる道具。
② こぐ。船をこぐ。
③ むちうつ。むちで打つ。
【C】ホウ・ボウ
① たてふだ。ふだ。木のふだ。
② かかげる。かかげて示す。",Type the reading!,Text
榜げる,かかげる,"【A】ホウ・ボウゆだめ。弓の形を整える道具。
【B】ホウ・ボウ
① かじ。かい。船をすすめる道具。
② こぐ。船をこぐ。
③ むちうつ。むちで打つ。
【C】ホウ・ボウ
① たてふだ。ふだ。木のふだ。
② かかげる。かかげて示す。",Type the reading!,Text
榜つ,むちうつ,"【A】ホウ・ボウゆだめ。弓の形を整える道具。
【B】ホウ・ボウ
① かじ。かい。船をすすめる道具。
② こぐ。船をこぐ。
③ むちうつ。むちで打つ。
【C】ホウ・ボウ
① たてふだ。ふだ。木のふだ。
② かかげる。かかげて示す。",Type the reading!,Text
榧,かや,かや。イチイ科の常緑高木。,Type the reading!,Text
榱,たるき,たるき。屋根を支えるために、棟から軒にかけ渡す木材。,Type the reading!,Text
榴,ざくろ,ざくろ。ザクロ科の落葉高木。,Type the reading!,Text
榻,"こしかけ,しじ,ねだい,ゆか","こしかけ。ねだい。体をのせて腰かけや寝台として用いるもの。
【日本】じじ。牛車の轅（ながえ）に取り付けた軛（くびき）の支え、また乗り降りするときの踏み台。",Type the reading!,Text
榾,"ほた,ほだ",ほた。ほだ。木の切れ端。,Type the reading!,Text
槁,かれき,"① かれる。草木がかれる。
② かれき。水分を失った枯れ木。
③ かわく。かわかす。水分がなくなる。水分をなくす。",Type the reading!,Text
槁かす,かわかす,"① かれる。草木がかれる。
② かれき。水分を失った枯れ木。
③ かわく。かわかす。水分がなくなる。水分をなくす。",Type the reading!,Text
槁く,かわく,"① かれる。草木がかれる。
② かれき。水分を失った枯れ木。
③ かわく。かわかす。水分がなくなる。水分をなくす。",Type the reading!,Text
槁らす,からす,"① かれる。草木がかれる。
② かれき。水分を失った枯れ木。
③ かわく。かわかす。水分がなくなる。水分をなくす。",Type the reading!,Text
槁れる,かれる,"① かれる。草木がかれる。
② かれき。水分を失った枯れ木。
③ かわく。かわかす。水分がなくなる。水分をなくす。",Type the reading!,Text
槃,たらい,"① たらい。木でできた平らな鉢。
② たのしむ。たのしみ。
③ めぐる。めぐらす。まわる。",Type the reading!,Text
槃しむ,たのしむ,"① たらい。木でできた平らな鉢。
② たのしむ。たのしみ。
③ めぐる。めぐらす。まわる。",Type the reading!,Text
槃る,めぐる,"① たらい。木でできた平らな鉢。
② たのしむ。たのしみ。
③ めぐる。めぐらす。まわる。",Type the reading!,Text
槊,"すごろく,ほこ","① ほこ。武器の一種。長柄のほこ。
② すごろく。盤上遊戯のすごろく。また、その盤。",Type the reading!,Text
槎,いかだ,"① きる。そぐ。木をななめに切り落とす。
② いかだ。水に浮かべるいかだ。",Type the reading!,Text
槎る,きる,"① きる。そぐ。木をななめに切り落とす。
② いかだ。水に浮かべるいかだ。",Type the reading!,Text
槐,えんじゅ,"① えんじゅ。マメ科の落葉高木。
② 三公。三公の位。周の時代、朝廷の庭に植えた三本のえんじゅで、三公の位置を示したことから。",Type the reading!,Text
槓,てこ,てこ。物を動かすのに用いる棒。,Type the reading!,Text
槔,はねつるべ,「桔槔」は、はねつるべ。石などの重みの反動を用いて、井戸から水をくみあげる道具。,Type the reading!,Text
槧,"はんぎ,ふだ","① ふだ。文字を書くための木のふだ。
② はんぎ。版材として用いられる木の板。また、それに文字を彫って印刷したもの。
③ かきもの。文書。また、手紙。",Type the reading!,Text
槨,"うわひつぎ,ひつぎ",ひつぎ。うわひつぎ。棺を納める外箱。,Type the reading!,Text
槭,かえで,"【A】シュク・セキかえで。カエデ科の落葉高木の総称。
【B】サク・セキかれる。草木が枯れる。草木の葉が枯れ落ちる。",Type the reading!,Text
槲,かしわ,かしわ。ブナ科の落葉高木。,Type the reading!,Text
槹,はねつるべ,「桔槹」は、はねつるべ。石などの重みの反動を用いて、井戸から水をくみあげる道具。,Type the reading!,Text
槿,"むくげ,もくげ",むくげ。もくげ。アオイ科の落葉低木。,Type the reading!,Text
樅,もみ,"① もみ。マツ科の常緑高木。
② つく。うつ。たたく。
③ 「樅樅（しょうしょう）」は、樹木の高くそびえるさま。",Type the reading!,Text
樅く,つく,"① もみ。マツ科の常緑高木。
② つく。うつ。たたく。
③ 「樅樅（しょうしょう）」は、樹木の高くそびえるさま。",Type the reading!,Text
樊,"かご,とりかご,まがき","① かご。とりかご。鳥を入れる檻（おり）。
② まがき。垣根。生垣。
③ みだれる。いりみだれる。",Type the reading!,Text
樊れる,みだれる,"① かご。とりかご。鳥を入れる檻（おり）。
② まがき。垣根。生垣。
③ みだれる。いりみだれる。",Type the reading!,Text
樒,"しきみ,じんこう","じんこう。ジンチョウゲ科の常緑高木。香木。
【日本】しきみ。モクレン科の常緑小高木。",Type the reading!,Text
樔,"す,すくいあみ","【A】ソウ
① す。鳥の巣。また、木の上に作られた小屋。
② すくう。すくいとる。すくいあみ。
【B】ショウたつ。たちきる。たえる。とだえる。",Type the reading!,Text
樔う,すくう,"【A】ソウ
① す。鳥の巣。また、木の上に作られた小屋。
② すくう。すくいとる。すくいあみ。
【B】ショウたつ。たちきる。たえる。とだえる。",Type the reading!,Text
樛,"つが,とが","① まがる。木の枝が下の方に曲がる。
② まつわる。めぐる。からまる。からみつく。 
【日本】つが。とが。マツ科の常緑高木。",Type the reading!,Text
樛がる,まがる,"① まがる。木の枝が下の方に曲がる。
② まつわる。めぐる。からまる。からみつく。 
【日本】つが。とが。マツ科の常緑高木。",Type the reading!,Text
樛る,めぐる,"① まがる。木の枝が下の方に曲がる。
② まつわる。めぐる。からまる。からみつく。 
【日本】つが。とが。マツ科の常緑高木。",Type the reading!,Text
樛わる,まつわる,"① まがる。木の枝が下の方に曲がる。
② まつわる。めぐる。からまる。からみつく。 
【日本】つが。とが。マツ科の常緑高木。",Type the reading!,Text
樸,"あらき,きじ,すなお","【A】ハク・ボク
① あらき。切り出したままの加工していない木材。
② すなお。飾り気がない。＝朴
③ きじ。自然のままの状態。
【B】ホク・ボクむらがる。むらがって生えた木。",Type the reading!,Text
橇,"かんじき,そり","そり。泥の上、また雪や氷の上を行くのに用いる道具。
【日本】かんじき。ぬかるんでいる所を歩くために履物の下に着用する道具。",Type the reading!,Text
橈,"かい,かじ","【A】ドウ・ニョウ
① まがった木。しなった木。
② たわむ。たわめる。まがる。まげる。
③ くじく。弱らせる。屈服させる。
【B】ジョウ・ニョウかじ。かい。船をすすめる道具。",Type the reading!,Text
橈く,くじく,"【A】ドウ・ニョウ
① まがった木。しなった木。
② たわむ。たわめる。まがる。まげる。
③ くじく。弱らせる。屈服させる。
【B】ジョウ・ニョウかじ。かい。船をすすめる道具。",Type the reading!,Text
橈げる,まげる,"【A】ドウ・ニョウ
① まがった木。しなった木。
② たわむ。たわめる。まがる。まげる。
③ くじく。弱らせる。屈服させる。
【B】ジョウ・ニョウかじ。かい。船をすすめる道具。",Type the reading!,Text
橈む,たわむ,"【A】ドウ・ニョウ
① まがった木。しなった木。
② たわむ。たわめる。まがる。まげる。
③ くじく。弱らせる。屈服させる。
【B】ジョウ・ニョウかじ。かい。船をすすめる道具。",Type the reading!,Text
橙,だいだい,"【A】トウだいだい。ミカン科の常緑小高木。
【B】トウいす。腰かけ。腰をかける台。",Type the reading!,Text
橦,はたざお,"【A】トウ木の名。雲南に産する木。
【B】トウ
① はしら。物を支えるための柱。
② はたざお。さお。
【C】ショウつく。打つ。",Type the reading!,Text
橦く,つく,"【A】トウ木の名。雲南に産する木。
【B】トウ
① はしら。物を支えるための柱。
② はたざお。さお。
【C】ショウつく。打つ。",Type the reading!,Text
檄,ふれぶみ,ふれぶみ。人々を招集したり、人々にふれを告げたりするための文書。,Type the reading!,Text
檋,かんじき,かんじき。雪上を歩く時、踏み込まないように履き物の下につけるもの。,Type the reading!,Text
檐,"のき,ひさし","【A】エンのき。ひさし。＝簷
【B】タンになう。かつぐ。＝担",Type the reading!,Text
檔,かまち,"① 官庁で保存される文書。公文書。
② 横木。また、木製の枠。",Type the reading!,Text
檗,"きはだ,きわだ",きはだ。きわだ。ミカン科の落葉高木。,Type the reading!,Text
檠,"ともしび,ともしびたて,ゆだめ","① ゆだめ。弓の形を整える道具。
② ためる。ただす。なおす。
③ ともしび。ともしびたて。灯火、また灯火をたてる台。",Type the reading!,Text
檠める,ためる,"① ゆだめ。弓の形を整える道具。
② ためる。ただす。なおす。
③ ともしび。ともしびたて。灯火、また灯火をたてる台。",Type the reading!,Text
檣,ほばしら,ほばしら。船に帆を張るための柱。＝艢,Type the reading!,Text
檪,"いちい,くぬぎ","【A】レキくぬぎ。ブナ科の落葉高木。
【B】ロウこする。こすって音をだす。
【C】ヤク「檪陽（やくよう）」は、古代中国の県の名。
【日本】いちい。イチイ科の常緑高木。",Type the reading!,Text
檪る,こする,"【A】レキくぬぎ。ブナ科の落葉高木。
【B】ロウこする。こすって音をだす。
【C】ヤク「檪陽（やくよう）」は、古代中国の県の名。
【日本】いちい。イチイ科の常緑高木。",Type the reading!,Text
檻,"おり,てすり","① おり。獣や囚人などを閉じ込めておく所。
② てすり。橋や階段などから人が落ちるのを防ぐ横木。
③ いたがこい。まわりを板で囲んだもの。",Type the reading!,Text
檻い,いたがこい,"① おり。獣や囚人などを閉じ込めておく所。
② てすり。橋や階段などから人が落ちるのを防ぐ横木。
③ いたがこい。まわりを板で囲んだもの。",Type the reading!,Text
櫁,"しきみ,じんこう","じんこう。ジンチョウゲ科の常緑高木。香木。
【日本】しきみ。モクレン科の常緑小高木。",Type the reading!,Text
櫂,"かい,かじ",かい。かじ。船をすすめる道具。また、かいで船をすすめる。,Type the reading!,Text
櫃,"はこ,ひつ","① ひつ。はこ。ふたのある木製の大きな箱。
② ひつ。衣類などをしまう箱や戸棚。",Type the reading!,Text
櫚,かりん,"① かりん。バラ科の落葉高木。
② 「棕櫚（しゅろ）」は、ヤシ科の常緑高木。",Type the reading!,Text
櫟,"いちい,くぬぎ","【A】レキくぬぎ。ブナ科の落葉高木。
【B】ロウこする。こすって音をだす。
【C】ヤク「櫟陽（やくよう）」は、古代中国の県の名。
【日本】いちい。イチイ科の常緑高木。",Type the reading!,Text
櫟る,こする,"【A】レキくぬぎ。ブナ科の落葉高木。
【B】ロウこする。こすって音をだす。
【C】ヤク「櫟陽（やくよう）」は、古代中国の県の名。
【日本】いちい。イチイ科の常緑高木。",Type the reading!,Text
櫨,"とがた,はぜ,はぜのき,ますがた","① まずがた。とがた。柱の上に用いる、枡（ます）のような四角い形をした木。
② はぜ。はぜのき。ウルシ科の落葉高木。",Type the reading!,Text
櫪,"うまや,かいばおけ,くぬぎ","① かいばおけ。馬や牛の飼料を入れるおけ。
② うまやの床板や床板を支える横木。また、うまや。馬小屋。
③ くぬぎ。ブナ科の落葉高木。",Type the reading!,Text
櫱,ひこばえ,ひこばえ。木の切り株から出た芽。,Type the reading!,Text
櫺,"てすり,のき,れんじ","① れんじ。窓などに取り付ける、細い木や竹でできた格子。
② てすり。おばしま。
③ のき。ひさし。",Type the reading!,Text
欅,けやき,"① けやき。ニレ科の落葉高木。
② クルミ科の落葉高木。",Type the reading!,Text
欒,おうち,"① おうち。センダン科の落葉高木。＝楝
② ムクロジ科の落葉小高木。
③ ひじき。柱の上で梁を支える横木。
④ まるい。まどか。なごやか。
⑤ ふたご。一度に生まれた二人の子。",Type the reading!,Text
欒い,まるい,"① おうち。センダン科の落葉高木。＝楝
② ムクロジ科の落葉小高木。
③ ひじき。柱の上で梁を支える横木。
④ まるい。まどか。なごやか。
⑤ ふたご。一度に生まれた二人の子。",Type the reading!,Text
欒か,まどか,"① おうち。センダン科の落葉高木。＝楝
② ムクロジ科の落葉小高木。
③ ひじき。柱の上で梁を支える横木。
④ まるい。まどか。なごやか。
⑤ ふたご。一度に生まれた二人の子。",Type the reading!,Text
欷く,"すすりなく,なげく","① すすりなく。すする。むせび泣く。
② なげく。なげき悲しむ。",Type the reading!,Text
欸,ああ,"【A】アイああ。感嘆の声。
【B】アイ舟をこぐときに発するかけ声。",Type the reading!,Text
欹,ああ,"【A】イああ。なげきの声。
【B】キそばだてる。かたむける。ななめにする。",Type the reading!,Text
欹ける,かたむける,"【A】イああ。なげきの声。
【B】キそばだてる。かたむける。ななめにする。",Type the reading!,Text
欹てる,そばだてる,"【A】イああ。なげきの声。
【B】キそばだてる。かたむける。ななめにする。",Type the reading!,Text
歃る,すする,すする。吸い込むようにして飲む。,Type the reading!,Text
歇きる,つきる,"① やすむ。いこう。からだを休める。
② やむ。やめる。
③ つきる。かれる。おわる。なくなる。",Type the reading!,Text
歇む,"やすむ,やむ","① やすむ。いこう。からだを休める。
② やむ。やめる。
③ つきる。かれる。おわる。なくなる。",Type the reading!,Text
歇める,やめる,"① やすむ。いこう。からだを休める。
② やむ。やめる。
③ つきる。かれる。おわる。なくなる。",Type the reading!,Text
歇れる,かれる,"① やすむ。いこう。からだを休める。
② やむ。やめる。
③ つきる。かれる。おわる。なくなる。",Type the reading!,Text
歉ない,すくない,"① あきたりない。物足りない。満足しない。
② すくない。たりない。不足する。
③ 不作。穀物が十分に実らない。",Type the reading!,Text
歉りない,あきたりない,"① あきたりない。物足りない。満足しない。
② すくない。たりない。不足する。
③ 不作。穀物が十分に実らない。",Type the reading!,Text
歔く,すすりなく,すすりなく。息を吸い込むようにして、声を殺して泣く。,Type the reading!,Text
歙せる,あわせる,"【A】キュウ・キョウ
① すう。すいこむ。息をすう。
② あわせる。そろえる。まとめる。
③ すぼめる。すくめる。ちぢめる。
④ おそれる。うれえる。
【B】ショウ安徽省（あんきしょう）の地名。硯（すずり）の名産地として知られる。",Type the reading!,Text
歙める,すぼめる,"【A】キュウ・キョウ
① すう。すいこむ。息をすう。
② あわせる。そろえる。まとめる。
③ すぼめる。すくめる。ちぢめる。
④ おそれる。うれえる。
【B】ショウ安徽省（あんきしょう）の地名。硯（すずり）の名産地として知られる。",Type the reading!,Text
歙れる,おそれる,"【A】キュウ・キョウ
① すう。すいこむ。息をすう。
② あわせる。そろえる。まとめる。
③ すぼめる。すくめる。ちぢめる。
④ おそれる。うれえる。
【B】ショウ安徽省（あんきしょう）の地名。硯（すずり）の名産地として知られる。",Type the reading!,Text
歛う,ねがう,"① のぞむ。ねがう。ほしがる。
② あたえる。",Type the reading!,Text
歛える,あたえる,"① のぞむ。ねがう。ほしがる。
② あたえる。",Type the reading!,Text
歛む,のぞむ,"① のぞむ。ねがう。ほしがる。
② あたえる。",Type the reading!,Text
歟,"か,や",か。や。疑問や詠嘆などを表す。,Type the reading!,Text
歠む,のむ,すする。のむ。すすって飲む。また、すすって飲む物。吸い物。,Type the reading!,Text
歠る,すする,すする。のむ。すすって飲む。また、すすって飲む物。吸い物。,Type the reading!,Text
歿ぬ,しぬ,しぬ。なくなる。おわる。,Type the reading!,Text
歿わる,おわる,しぬ。なくなる。おわる。,Type the reading!,Text
殀,わかじに,"① わかじに。わかくして死ぬ。
② ころす。命をうばう。",Type the reading!,Text
殃い,わざわい,"① わざわい。災難。不幸。
② わざわいする。傷つける。害をあたえる。",Type the reading!,Text
殄きる,つきる,"① つくす。つきる。たつ。ほろぶ。ほろぼす。
② ことごとく。みな。すべて。残らず。",Type the reading!,Text
殄く,ことごとく,"① つくす。つきる。たつ。ほろぶ。ほろぼす。
② ことごとく。みな。すべて。残らず。",Type the reading!,Text
殄くす,つくす,"① つくす。つきる。たつ。ほろぶ。ほろぼす。
② ことごとく。みな。すべて。残らず。",Type the reading!,Text
殄つ,たつ,"① つくす。つきる。たつ。ほろぶ。ほろぼす。
② ことごとく。みな。すべて。残らず。",Type the reading!,Text
殍,うえじに,うえじに。うえて死ぬ。餓死する。,Type the reading!,Text
殍する,うえじにする,うえじに。うえて死ぬ。餓死する。,Type the reading!,Text
殞ちる,おちる,"① おちる。おとす。高い所から落ちる。＝隕
② しぬ。おとす。命をおとす。",Type the reading!,Text
殞とす,おとす,"① おちる。おとす。高い所から落ちる。＝隕
② しぬ。おとす。命をおとす。",Type the reading!,Text
殞ぬ,しぬ,"① おちる。おとす。高い所から落ちる。＝隕
② しぬ。おとす。命をおとす。",Type the reading!,Text
殤,わかじに,"① わかじに。わかくして死ぬ。特に、二十歳に満たない者の死。
② 「国殤（こくしょう）」は、戦争などで国のために命を落とした人。",Type the reading!,Text
殪す,"ころす,たおす","① たおす。ころす。一本の矢で射殺す。
② たおれる。しぬ。
③ つきる。なくなる。",Type the reading!,Text
殪ぬ,しぬ,"① たおす。ころす。一本の矢で射殺す。
② たおれる。しぬ。
③ つきる。なくなる。",Type the reading!,Text
殪れる,たおれる,"① たおす。ころす。一本の矢で射殺す。
② たおれる。しぬ。
③ つきる。なくなる。",Type the reading!,Text
殫きる,つきる,"① つきる。すべてなくなる。
② つくす。出しきる。出しつくす。
③ ことごとく。すべて。みな。",Type the reading!,Text
殫く,ことごとく,"① つきる。すべてなくなる。
② つくす。出しきる。出しつくす。
③ ことごとく。すべて。みな。",Type the reading!,Text
殫くす,つくす,"① つきる。すべてなくなる。
② つくす。出しきる。出しつくす。
③ ことごとく。すべて。みな。",Type the reading!,Text
殯,かりもがり,かりもがり。死者をおさめた棺を埋葬するまで安置する。,Type the reading!,Text
殯する,かりもがりする,かりもがり。死者をおさめた棺を埋葬するまで安置する。,Type the reading!,Text
殱くす,つくす,つくす。ほろぼす。全滅させる。,Type the reading!,Text
殱ぼす,ほろぼす,つくす。ほろぼす。全滅させる。,Type the reading!,Text
殲くす,つくす,つくす。ほろぼす。全滅させる。,Type the reading!,Text
殲ぼす,ほろぼす,つくす。ほろぼす。全滅させる。,Type the reading!,Text
殷い,"あかい,おおい","【A】イン
① さかん。おおい。ゆたか。
② 古代中国の王朝の名。
③ ねんごろ。ていねい。
【B】イン雷の鳴りひびく音の形容。
【C】アンあかい。赤黒い色。黒みがかった赤。",Type the reading!,Text
殷か,ゆたか,"【A】イン
① さかん。おおい。ゆたか。
② 古代中国の王朝の名。
③ ねんごろ。ていねい。
【B】イン雷の鳴りひびく音の形容。
【C】アンあかい。赤黒い色。黒みがかった赤。",Type the reading!,Text
殷やか,にぎやか,"【A】イン
① さかん。おおい。ゆたか。
② 古代中国の王朝の名。
③ ねんごろ。ていねい。
【B】イン雷の鳴りひびく音の形容。
【C】アンあかい。赤黒い色。黒みがかった赤。",Type the reading!,Text
殷ろ,ねんごろ,"【A】イン
① さかん。おおい。ゆたか。
② 古代中国の王朝の名。
③ ねんごろ。ていねい。
【B】イン雷の鳴りひびく音の形容。
【C】アンあかい。赤黒い色。黒みがかった赤。",Type the reading!,Text
殷ん,さかん,"【A】イン
① さかん。おおい。ゆたか。
② 古代中国の王朝の名。
③ ねんごろ。ていねい。
【B】イン雷の鳴りひびく音の形容。
【C】アンあかい。赤黒い色。黒みがかった赤。",Type the reading!,Text
毋い,ない,"① 「ない」と読み、否定を表す。
② 「なかれ」と読み、禁止を表す。",Type the reading!,Text
毋れ,なかれ,"① 「ない」と読み、否定を表す。
② 「なかれ」と読み、禁止を表す。",Type the reading!,Text
毟る,むしる,むしる。むしりとる。つかんで引き抜く。,Type the reading!,Text
毫,"ふで,ほそげ","① ほそげ。細い毛。
② すこし。ごくわずか。
③ 筆。毛筆。筆の穂。
④ 長さや重さに用いられる単位。",Type the reading!,Text
毫か,わずか,"① ほそげ。細い毛。
② すこし。ごくわずか。
③ 筆。毛筆。筆の穂。
④ 長さや重さに用いられる単位。",Type the reading!,Text
毫し,すこし,"① ほそげ。細い毛。
② すこし。ごくわずか。
③ 筆。毛筆。筆の穂。
④ 長さや重さに用いられる単位。",Type the reading!,Text
毬,"いが,まり","① まり。けまり。毛で作られた球形のもの。
② まるいもの。まりのような形をしたもの。
③ いが。とげのある外皮。栗などの果実の外皮。",Type the reading!,Text
毯,"けむしろ,もうせん",けむしろ。もうせん。毛織の敷き物。絨毯（じゅうたん）。,Type the reading!,Text
毳,"けば,そり,にこげ,むくげ","① けば。紙や布の表面にたつやわらかい毛のようなもの。
② むくげ。にこげ。鳥獣などの細かくて柔らかい毛。
③ そり。泥道や氷雪の上を滑って移動する道具。
④ 毛織物。毛皮。
⑤ やわらかい。もろい。よわい。",Type the reading!,Text
毳らかい,やわらかい,"① けば。紙や布の表面にたつやわらかい毛のようなもの。
② むくげ。にこげ。鳥獣などの細かくて柔らかい毛。
③ そり。泥道や氷雪の上を滑って移動する道具。
④ 毛織物。毛皮。
⑤ やわらかい。もろい。よわい。",Type the reading!,Text
氈,"けむしろ,もうせん",もうせん。けむしろ。毛織物。獣の毛を加工して織物のようにしたもの。,Type the reading!,Text
氓,たみ,"① たみ。他国からの移住民。
② 人民。庶民。民衆。",Type the reading!,Text
氛,き,"① き。気配。吉凶を示す気。雲気。
② わざわい。悪い気。妖気。",Type the reading!,Text
氛い,わざわい,"① き。気配。吉凶を示す気。雲気。
② わざわい。悪い気。妖気。",Type the reading!,Text
汕,あみ,"① 魚の泳ぐさま。
② すくう。魚をすくう。すくいとる。また、魚をとるためのすくいあみ。
③ 「汕頭（すうとう）」は中国の都市名。",Type the reading!,Text
汕う,すくう,"① 魚の泳ぐさま。
② すくう。魚をすくう。すくいとる。また、魚をとるためのすくいあみ。
③ 「汕頭（すうとう）」は中国の都市名。",Type the reading!,Text
汞,みずがね,水銀。みずがね。,Type the reading!,Text
汨む,しずむ,"【A】コツしずむ。没する。
【B】ベキべき。川の名。汨水（べきすい）。",Type the reading!,Text
汪,いけ,"① いけ。よどんだ池。にごった池。みずたまり。
② ひろい。大きい。水が深く広がるさま。水がいっぱいにあるさま。",Type the reading!,Text
汪い,"ひろい,ふかい","① いけ。よどんだ池。にごった池。みずたまり。
② ひろい。大きい。水が深く広がるさま。水がいっぱいにあるさま。",Type the reading!,Text
汪きい,おおきい,"① いけ。よどんだ池。にごった池。みずたまり。
② ひろい。大きい。水が深く広がるさま。水がいっぱいにあるさま。",Type the reading!,Text
沁す,ひたす,しみる。しみ込む。水がしみる。心にしみる。,Type the reading!,Text
沁みる,しみる,しみる。しみ込む。水がしみる。心にしみる。,Type the reading!,Text
沂,"ふち,ほとり","【A】キ・ギ川の名。沂水（きすい）。
【B】ギンふち。へり。ほとり。がけ。",Type the reading!,Text
沍る,こおる,"① かれる。水がかれる。水がつきる。
② こおる。寒い。また、とじる。ふさぐ。とじふさがる。",Type the reading!,Text
沍れる,かれる,"① かれる。水がかれる。水がつきる。
② こおる。寒い。また、とじる。ふさぐ。とじふさがる。",Type the reading!,Text
沐う,"あらう,うるおう","① あらう。髪の毛を洗う。
② うるおう。恩を受ける。めぐみを受ける。
③ 官吏が髪を洗うために休暇をとる。",Type the reading!,Text
沚,"なかす,なぎさ,みぎわ",中州。なぎさ。みぎわ。川や湖の中の小島。,Type the reading!,Text
沛,さわ,"① 雨や水流などの勢いがよいさま。盛んなさま。
② さわ。一面に水草の生えている土地。湿地。
③ たおれる。つまずき倒れる。",Type the reading!,Text
沛れる,たおれる,"① 雨や水流などの勢いがよいさま。盛んなさま。
② さわ。一面に水草の生えている土地。湿地。
③ たおれる。つまずき倒れる。",Type the reading!,Text
沪す,こす,こす。液体を布なのでこして、不純物を除き去る。,Type the reading!,Text
沮ぐ,ふせぐ,"【A】ショ・ソ
① はばむ。さえぎる。さまたげる。防ぐ。邪魔をする。
② くじける。ひるむ。勢いがなくなる。気がくじける。
③ やぶれる。こわれる。
【B】ショ・ソさわ。しめった土地。湿気の多い土地。
【C】ショ・ソ中国の川の名。",Type the reading!,Text
沮む,はばむ,"【A】ショ・ソ
① はばむ。さえぎる。さまたげる。防ぐ。邪魔をする。
② くじける。ひるむ。勢いがなくなる。気がくじける。
③ やぶれる。こわれる。
【B】ショ・ソさわ。しめった土地。湿気の多い土地。
【C】ショ・ソ中国の川の名。",Type the reading!,Text
沮れる,もれる,"【A】ショ・ソ
① はばむ。さえぎる。さまたげる。防ぐ。邪魔をする。
② くじける。ひるむ。勢いがなくなる。気がくじける。
③ やぶれる。こわれる。
【B】ショ・ソさわ。しめった土地。湿気の多い土地。
【C】ショ・ソ中国の川の名。",Type the reading!,Text
沽う,かう,"【A】コあきなう。売る。買う。売買する。
【B】コ
① 酒を売る人。
② あらい。大まかであらい。粗悪である。",Type the reading!,Text
沽る,うる,"【A】コあきなう。売る。買う。売買する。
【B】コ
① 酒を売る人。
② あらい。大まかであらい。粗悪である。",Type the reading!,Text
沾う,うるおう,"【A】セン・テン
① うるおう。うるおす。ぬれる。ぬらす。
② 中国にある川の名。
【B】テンます。そえる。増し加える。
【C】チョウとりつくろうさま。",Type the reading!,Text
沾す,うるおす,"【A】セン・テン
① うるおう。うるおす。ぬれる。ぬらす。
② 中国にある川の名。
【B】テンます。そえる。増し加える。
【C】チョウとりつくろうさま。",Type the reading!,Text
泄らす,もらす,"【A】セツ
① もれる。もらす。あふれ出る。しみ出る。少しずつ外へ出る。例：排泄（はいせつ）
② なれる。あなどる。なれなれしくする。
③ 押し出す。除く。なくす。減らす。
【B】エイひく。引きずる。伸び出る。",Type the reading!,Text
泄れる,"なれる,もれる","【A】セツ
① もれる。もらす。あふれ出る。しみ出る。少しずつ外へ出る。例：排泄（はいせつ）
② なれる。あなどる。なれなれしくする。
③ 押し出す。除く。なくす。減らす。
【B】エイひく。引きずる。伸び出る。",Type the reading!,Text
泅ぐ,およぐ,およぐ。水の上にうかぶ。,Type the reading!,Text
泓,ふち,"① きよい。水が澄み切っているさま。
② 深い。水が深いさま。
③ ふち。水の深いところ。",Type the reading!,Text
泓い,"きよい,ふかい","① きよい。水が澄み切っているさま。
② 深い。水が深いさま。
③ ふち。水の深いところ。",Type the reading!,Text
泗,"なみだ,はなじる","① なみだ。はなじる。はなみず。
② 中国にある川の名。泗水（しすい）。",Type the reading!,Text
泛い,ひろい,"【A】ハン
① うかぶ。うかべる。水面にただよう。
② ひろい。ひろく。あまねく。全面をおおうさま。
③ 水が満ちあふれるさま。水の流れるさま。
【B】ホウくつがえす。ひっくり返す。",Type the reading!,Text
泛かぶ,うかぶ,"【A】ハン
① うかぶ。うかべる。水面にただよう。
② ひろい。ひろく。あまねく。全面をおおうさま。
③ 水が満ちあふれるさま。水の流れるさま。
【B】ホウくつがえす。ひっくり返す。",Type the reading!,Text
泛かべる,うかべる,"【A】ハン
① うかぶ。うかべる。水面にただよう。
② ひろい。ひろく。あまねく。全面をおおうさま。
③ 水が満ちあふれるさま。水の流れるさま。
【B】ホウくつがえす。ひっくり返す。",Type the reading!,Text
泛く,あまねく,"【A】ハン
① うかぶ。うかべる。水面にただよう。
② ひろい。ひろく。あまねく。全面をおおうさま。
③ 水が満ちあふれるさま。水の流れるさま。
【B】ホウくつがえす。ひっくり返す。",Type the reading!,Text
泛す,くつがえす,"【A】ハン
① うかぶ。うかべる。水面にただよう。
② ひろい。ひろく。あまねく。全面をおおうさま。
③ 水が満ちあふれるさま。水の流れるさま。
【B】ホウくつがえす。ひっくり返す。",Type the reading!,Text
泝る,さかのぼる,さかのぼる。流れに逆らって上る。＝遡,Type the reading!,Text
泪,なみだ,"① なみだ。
② なみだを流す。泣く。",Type the reading!,Text
泯きる,つきる,"【A】ビン・ミン
① ほろぶ。ほろびる。なくなる。尽きる。滅亡する。
② 沈む。没する。死ぬ。
③ みだれる。混乱する。
【B】ベン・メン暗い。目がくらむさま。",Type the reading!,Text
泯びる,ほろびる,"【A】ビン・ミン
① ほろぶ。ほろびる。なくなる。尽きる。滅亡する。
② 沈む。没する。死ぬ。
③ みだれる。混乱する。
【B】ベン・メン暗い。目がくらむさま。",Type the reading!,Text
洌い,"きよい,さむい","① 清い。清らか。
② さむい。冷たい。",Type the reading!,Text
洒う,あらう,"【A】サイ・シャ
① そそぐ。水をまく。
② さっぱりとしているさま。
【B】センつつしむさま。うやうやしいさま。
【C】サイ・セイあらう。すすぐ。そそぐ。
【D】ソンおどろくさま。",Type the reading!,Text
洒ぐ,"すすぐ,そそぐ","【A】サイ・シャ
① そそぐ。水をまく。
② さっぱりとしているさま。
【B】センつつしむさま。うやうやしいさま。
【C】サイ・セイあらう。すすぐ。そそぐ。
【D】ソンおどろくさま。",Type the reading!,Text
洟,"なみだ,はな,はなじる",鼻。鼻汁。鼻水。なみだ。,Type the reading!,Text
洫,"みぞ,ほり","① みぞ。田畑のための通水路。
② ほり。城壁の周囲の堀。
③ むなしくする。",Type the reading!,Text
洵,まこと,まこと。まことに。本当に。,Type the reading!,Text
洵に,まことに,まこと。まことに。本当に。,Type the reading!,Text
洶く,わく,"① わく。わき出る。水が盛んにわき出る。また、その音の形容。
② 騒ぐ。騒ぎ立てる。どよめく。",Type the reading!,Text
洸か,ほのか,"【A】コウ水が広がるさま。水が広く深いさま。
【B】コウ
① 勇ましいさま。堂々としたさま。
② ほのか。かすか。はっきりしないさま。",Type the reading!,Text
洽う,うるおう,"① うるおう。うるおす。
② あまねし。広くゆきわたっている。全体をおおうさま。
③ かなう。合う。ぴったりと合う。
④ 和らぐ。和らげる。うちとける。",Type the reading!,Text
洽し,あまねし,"① うるおう。うるおす。
② あまねし。広くゆきわたっている。全体をおおうさま。
③ かなう。合う。ぴったりと合う。
④ 和らぐ。和らげる。うちとける。",Type the reading!,Text
洽す,うるおす,"① うるおう。うるおす。
② あまねし。広くゆきわたっている。全体をおおうさま。
③ かなう。合う。ぴったりと合う。
④ 和らぐ。和らげる。うちとける。",Type the reading!,Text
浚い,ふかい,"① さらう。井戸や川などの水底にある土砂を取り去る。
② 深い。水が深い。深くする。",Type the reading!,Text
浚う,さらう,"① さらう。井戸や川などの水底にある土砂を取り去る。
② 深い。水が深い。深くする。",Type the reading!,Text
浣う,あらう,"① あらう。すすぐ。よごれを落とす。
② 十日間のこと。唐代、官吏が沐浴のために与えられた休暇が十日間に一度だったことから。",Type the reading!,Text
浣ぐ,すすぐ,"① あらう。すすぐ。よごれを落とす。
② 十日間のこと。唐代、官吏が沐浴のために与えられた休暇が十日間に一度だったことから。",Type the reading!,Text
浹う,うるおう,"① あまねし。広く行き渡る。全体に行き渡る。
② 通る。貫通する。
③ うるおう。うるおす。水が全体に行きわたる。
④ めぐる。ひとめぐりする。ひとまわりする。",Type the reading!,Text
浹し,あまねし,"① あまねし。広く行き渡る。全体に行き渡る。
② 通る。貫通する。
③ うるおう。うるおす。水が全体に行きわたる。
④ めぐる。ひとめぐりする。ひとまわりする。",Type the reading!,Text
浹す,うるおす,"① あまねし。広く行き渡る。全体に行き渡る。
② 通る。貫通する。
③ うるおう。うるおす。水が全体に行きわたる。
④ めぐる。ひとめぐりする。ひとまわりする。",Type the reading!,Text
浹る,"とおる,めぐる","① あまねし。広く行き渡る。全体に行き渡る。
② 通る。貫通する。
③ うるおう。うるおす。水が全体に行きわたる。
④ めぐる。ひとめぐりする。ひとまわりする。",Type the reading!,Text
涅,"くろ,くろつち","① 黒い土。どろ。
② 黒い色。また、黒に染めること。
③ 梵語（ボンゴ）の音訳に用いる字。",Type the reading!,Text
涅める,"くろめる,そめる","① 黒い土。どろ。
② 黒い色。また、黒に染めること。
③ 梵語（ボンゴ）の音訳に用いる字。",Type the reading!,Text
涎,よだれ,"① よだれ。つば。
② ねばりけのある液体。
③ 水の細く流れるさま。",Type the reading!,Text
涓,しずく,"① 水の小さな流れ。細く流れるさま。
② しずく。水のちいさなしずく。水滴。転じて、小さい。わずか。微小なさま。
③ 清い。清らか。潔い。また、はらい清める。
④ 選ぶ。より分ける。除く。捨てる。",Type the reading!,Text
涓か,わずか,"① 水の小さな流れ。細く流れるさま。
② しずく。水のちいさなしずく。水滴。転じて、小さい。わずか。微小なさま。
③ 清い。清らか。潔い。また、はらい清める。
④ 選ぶ。より分ける。除く。捨てる。",Type the reading!,Text
涕,なみだ,"① なみだ。はなみず。
② なく。なみだを流す。",Type the reading!,Text
涕く,なく,"① なみだ。はなみず。
② なく。なみだを流す。",Type the reading!,Text
涵す,"うるおす,ひたす","① ひたす。漬ける。水にひたす。水でおおう。
② いれる。取り入れる。取り上げる。用いる。",Type the reading!,Text
涵れる,いれる,"① ひたす。漬ける。水にひたす。水でおおう。
② いれる。取り入れる。取り上げる。用いる。",Type the reading!,Text
涸きる,つきる,かれる。からびる。ひからびる。水が尽きる。,Type the reading!,Text
涸びる,からびる,かれる。からびる。ひからびる。水が尽きる。,Type the reading!,Text
涸れる,かれる,かれる。からびる。ひからびる。水が尽きる。,Type the reading!,Text
淅,かしよね,"① よなげる。米をとぐ。
② かしよね。といだ米。",Type the reading!,Text
淅げる,よなげる,"① よなげる。米をとぐ。
② かしよね。といだ米。",Type the reading!,Text
淆じる,まじる,"① まじる。まざる。乱す。入り乱れる。
② にごる。",Type the reading!,Text
淆す,みだす,"① まじる。まざる。乱す。入り乱れる。
② にごる。",Type the reading!,Text
淆る,にごる,"① まじる。まざる。乱す。入り乱れる。
② にごる。",Type the reading!,Text
淌,おおなみ,"【A】ショウおおなみ。大きな波。
【B】トウ流れる。水が流れる。また、その音の形容。",Type the reading!,Text
淒い,"さむい,すごい","①  さむい。冷たい。涼しい。＝凄
② すごい。すさまじい。激しい。＝凄
③ さみしい。ものさびしい。＝凄
【日本】すごい。程度が激しい。＝凄",Type the reading!,Text
淒じい,すさまじい,"①  さむい。冷たい。涼しい。＝凄
② すごい。すさまじい。激しい。＝凄
③ さみしい。ものさびしい。＝凄
【日本】すごい。程度が激しい。＝凄",Type the reading!,Text
淙ぐ,そそぐ,水が流れるさま。また、その音の形容。,Type the reading!,Text
淤,"おり,どろ","① どろ。おり。水の底にたまった泥。
② ふさがる。とどこおる。つまる。泥がたまって流れがつまる。
③ 洲。中洲。泥が積もって出来た場所。",Type the reading!,Text
淤がる,ふさがる,"① どろ。おり。水の底にたまった泥。
② ふさがる。とどこおる。つまる。泥がたまって流れがつまる。
③ 洲。中洲。泥が積もって出来た場所。",Type the reading!,Text
淪ぶ,ほろぶ,"【A】リン
① さざなみ。小さな波。
② しずむ。ほろびる。しずんで見えなくなる。おちぶれる。おちこむ。
【B】ロン「混淪（こんろん」は水の流れるさま。",Type the reading!,Text
淪む,しずむ,"【A】リン
① さざなみ。小さな波。
② しずむ。ほろびる。しずんで見えなくなる。おちぶれる。おちこむ。
【B】ロン「混淪（こんろん」は水の流れるさま。",Type the reading!,Text
淬ぐ,にらぐ,"① にらぐ。刀に焼き入れをする。
② はげむ。はげます。つとめる。",Type the reading!,Text
淹い,ひろい,"① ひたす。漬ける。水にひたす。水でおおう。
② とどまる。長い間とどまる。とどこおる。
③ 大きい。広く深い。広く行きわたるさま。
④ 久しい。久しく。
【日本】お茶を入れる。",Type the reading!,Text
淹ける,つける,"① ひたす。漬ける。水にひたす。水でおおう。
② とどまる。長い間とどまる。とどこおる。
③ 大きい。広く深い。広く行きわたるさま。
④ 久しい。久しく。
【日本】お茶を入れる。",Type the reading!,Text
淹しい,ひさしい,"① ひたす。漬ける。水にひたす。水でおおう。
② とどまる。長い間とどまる。とどこおる。
③ 大きい。広く深い。広く行きわたるさま。
④ 久しい。久しく。
【日本】お茶を入れる。",Type the reading!,Text
淹す,ひたす,"① ひたす。漬ける。水にひたす。水でおおう。
② とどまる。長い間とどまる。とどこおる。
③ 大きい。広く深い。広く行きわたるさま。
④ 久しい。久しく。
【日本】お茶を入れる。",Type the reading!,Text
淹まる,とどまる,"① ひたす。漬ける。水にひたす。水でおおう。
② とどまる。長い間とどまる。とどこおる。
③ 大きい。広く深い。広く行きわたるさま。
④ 久しい。久しく。
【日本】お茶を入れる。",Type the reading!,Text
淹れる,いれる,"① ひたす。漬ける。水にひたす。水でおおう。
② とどまる。長い間とどまる。とどこおる。
③ 大きい。広く深い。広く行きわたるさま。
④ 久しい。久しく。
【日本】お茶を入れる。",Type the reading!,Text
渙ける,とける,"① 水の盛んに流れるさま。水の広がるさま。
② とける。氷がとけて散る。
③ 明らか。つややかで美しいさま。
④ 易（エキ）の六十四卦の一つ。",Type the reading!,Text
渙らか,あきらか,"① 水の盛んに流れるさま。水の広がるさま。
② とける。氷がとけて散る。
③ 明らか。つややかで美しいさま。
④ 易（エキ）の六十四卦の一つ。",Type the reading!,Text
渙る,ちる,"① 水の盛んに流れるさま。水の広がるさま。
② とける。氷がとけて散る。
③ 明らか。つややかで美しいさま。
④ 易（エキ）の六十四卦の一つ。",Type the reading!,Text
渝える,かえる,"① かえる。かわる。変更する。改まる。改める。
② あふれる。水があふれる。満ちあふれる。",Type the reading!,Text
渝れる,あふれる,"① かえる。かわる。変更する。改まる。改める。
② あふれる。水があふれる。満ちあふれる。",Type the reading!,Text
渝わる,かわる,"① かえる。かわる。変更する。改まる。改める。
② あふれる。水があふれる。満ちあふれる。",Type the reading!,Text
渟まる,"たまる,とどまる","① たまる。水がたまる。水たまり。
② とまる。とどまる。とどめる。",Type the reading!,Text
渟める,とめる,"① たまる。水がたまる。水たまり。
② とまる。とどまる。とどめる。",Type the reading!,Text
渣,"おり,かす",おり。かす。しぼりかす。液体の底に沈んだかす。沈殿物。,Type the reading!,Text
渫う,さらう,"① さらう。水底の泥やゴミを除き去る。
② 外へもれる。もらす。出しつくす。
③ 汚す。汚れ。
④ あなどる。なれなれしくする。
⑤ やむ。やめる。休止する。終わる。",Type the reading!,Text
渫す,けがす,"① さらう。水底の泥やゴミを除き去る。
② 外へもれる。もらす。出しつくす。
③ 汚す。汚れ。
④ あなどる。なれなれしくする。
⑤ やむ。やめる。休止する。終わる。",Type the reading!,Text
渫らす,もらす,"① さらう。水底の泥やゴミを除き去る。
② 外へもれる。もらす。出しつくす。
③ 汚す。汚れ。
④ あなどる。なれなれしくする。
⑤ やむ。やめる。休止する。終わる。",Type the reading!,Text
游ぐ,およぐ,"【A】ユウ
① およぐ。うかぶ。ただよい浮かぶ。
② あそぶ。あそび楽しむ。交遊する。交際する。
③ 歩き回る。出歩く。ぶらぶらする。旅行する。
【B】リュウ
① はたあし。旗の末端部分。
② 水の流れ。",Type the reading!,Text
游ぶ,あそぶ,"【A】ユウ
① およぐ。うかぶ。ただよい浮かぶ。
② あそぶ。あそび楽しむ。交遊する。交際する。
③ 歩き回る。出歩く。ぶらぶらする。旅行する。
【B】リュウ
① はたあし。旗の末端部分。
② 水の流れ。",Type the reading!,Text
渺か,"かすか,はるか","① はるか。果てしなく広がるさま。
② かすか。きわめて小さくはっきりと見えないさま。",Type the reading!,Text
渾じる,まじる,"【A】コン
① にごる。にごす。
② 水がさかんにわき出るさま。また、水が流れるさま。
【B】コン
① まじる。まざる。まじりあう。
② すべて。まったく。ひっくるめて。
③ 大きい。",Type the reading!,Text
渾て,すべて,"【A】コン
① にごる。にごす。
② 水がさかんにわき出るさま。また、水が流れるさま。
【B】コン
① まじる。まざる。まじりあう。
② すべて。まったく。ひっくるめて。
③ 大きい。",Type the reading!,Text
渾る,にごる,"【A】コン
① にごる。にごす。
② 水がさかんにわき出るさま。また、水が流れるさま。
【B】コン
① まじる。まざる。まじりあう。
② すべて。まったく。ひっくるめて。
③ 大きい。",Type the reading!,Text
湍,はやせ,せ。はやせ。水の流れがはやい。急流。たぎる。,Type the reading!,Text
湍い,はやい,せ。はやせ。水の流れがはやい。急流。たぎる。,Type the reading!,Text
湎む,しずむ,"① おぼれる。ふける。しずむ。ものごとに熱中する。
② 流れ移るさま。移り行くさま。",Type the reading!,Text
湎れる,おぼれる,"① おぼれる。ふける。しずむ。ものごとに熱中する。
② 流れ移るさま。移り行くさま。",Type the reading!,Text
湫,くて,"【A】シュウ
① なくなる。尽きる。
② とどこおる。
【B】ショウ土地が低くてせまい。
【日本】くて。湿地帯。低くじめじめした土地。水草などが生えているところ。",Type the reading!,Text
湫い,"せまい,ひくい","【A】シュウ
① なくなる。尽きる。
② とどこおる。
【B】ショウ土地が低くてせまい。
【日本】くて。湿地帯。低くじめじめした土地。水草などが生えているところ。",Type the reading!,Text
湫る,とどこおる,"【A】シュウ
① なくなる。尽きる。
② とどこおる。
【B】ショウ土地が低くてせまい。
【日本】くて。湿地帯。低くじめじめした土地。水草などが生えているところ。",Type the reading!,Text
湮ぐ,ふさぐ,"① しずむ。しずめる。うずもれる。ほろびる。
② 気がふさぐ。ふさがる。むすぼれる。とどこおる。",Type the reading!,Text
湮びる,ほろびる,"① しずむ。しずめる。うずもれる。ほろびる。
② 気がふさぐ。ふさがる。むすぼれる。とどこおる。",Type the reading!,Text
湮む,しずむ,"① しずむ。しずめる。うずもれる。ほろびる。
② 気がふさぐ。ふさがる。むすぼれる。とどこおる。",Type the reading!,Text
溏,いけ,"① 池。池のつつみ。ため池。
② 泥。泥水。どろどろしている。",Type the reading!,Text
溘か,にわか,たちまち。にわかに。突然に。急に。,Type the reading!,Text
溘ち,たちまち,たちまち。にわかに。突然に。急に。,Type the reading!,Text
溟,"うみ,おおうなばら","① うみ。おおうなばら。黒ずんだ大海。薄暗い海。
② 暗い。薄暗い。",Type the reading!,Text
溟い,くらい,"① うみ。おおうなばら。黒ずんだ大海。薄暗い海。
② 暗い。薄暗い。",Type the reading!,Text
溥い,ひろい,"① あまねし。あなめく広がる。広く行き渡る。
② 広い。広く大きいさま。
③ 敷く。",Type the reading!,Text
溥きい,おおきい,"① あまねし。あなめく広がる。広く行き渡る。
② 広い。広く大きいさま。
③ 敷く。",Type the reading!,Text
溥く,しく,"① あまねし。あなめく広がる。広く行き渡る。
② 広い。広く大きいさま。
③ 敷く。",Type the reading!,Text
溥し,あまねし,"① あまねし。あなめく広がる。広く行き渡る。
② 広い。広く大きいさま。
③ 敷く。",Type the reading!,Text
溲,"いばり,ゆばり","【A】シュ・シュウ・ソウひたす。水につける。水をそそぐ。
【B】シュ・シュウ・ソウいばり。ゆばり。小便。また、ゆばりする。小便する。",Type the reading!,Text
溲ぐ,そそぐ,"【A】シュ・シュウ・ソウひたす。水につける。水をそそぐ。
【B】シュ・シュウ・ソウいばり。ゆばり。小便。また、ゆばりする。小便する。",Type the reading!,Text
溲す,ひたす,"【A】シュ・シュウ・ソウひたす。水につける。水をそそぐ。
【B】シュ・シュウ・ソウいばり。ゆばり。小便。また、ゆばりする。小便する。",Type the reading!,Text
溷,かわや,"① 汚す。汚れる。にごる。乱れる。入り混じる。
② 便所。かわや。
③ 家畜小屋。豚小屋。",Type the reading!,Text
溷る,にごる,"① 汚す。汚れる。にごる。乱れる。入り混じる。
② 便所。かわや。
③ 家畜小屋。豚小屋。",Type the reading!,Text
溷れる,みだれる,"① 汚す。汚れる。にごる。乱れる。入り混じる。
② 便所。かわや。
③ 家畜小屋。豚小屋。",Type the reading!,Text
溽い,むしあつい,"① むしあつい。湿度が高く暑い。
② 濃厚。料理の味が濃い。こってりしているさま。",Type the reading!,Text
滄い,"あおい,さむい","① 寒い。冷たいさま。
② あおい色。水の色。あおあおとした海のこと。",Type the reading!,Text
滉い,ひろい,ひろい。海や川などで、水が深く広いさま。,Type the reading!,Text
滌う,あらう,あらう。すすぐ。汚れを落とす。,Type the reading!,Text
滌ぐ,すすぐ,あらう。すすぐ。汚れを落とす。,Type the reading!,Text
滓,"おり,かす","① おり。かす。液体中に沈んだもの。沈殿物。
② よごれ。けがれ。にごり。黒ずむ。",Type the reading!,Text
滓れ,よごれ,"① おり。かす。液体中に沈んだもの。沈殿物。
② よごれ。けがれ。にごり。黒ずむ。",Type the reading!,Text
滔く,うごく,"① あつまる。あつめる。あつまり。
② 動く。動かす。ゆり動かす。
③ はびこる。ひろがる。水が満ち広がる。
④ あなどる。",Type the reading!,Text
滔まる,あつまる,"① あつまる。あつめる。あつまり。
② 動く。動かす。ゆり動かす。
③ はびこる。ひろがる。水が満ち広がる。
④ あなどる。",Type the reading!,Text
滔る,はびこる,"① あつまる。あつめる。あつまり。
② 動く。動かす。ゆり動かす。
③ はびこる。ひろがる。水が満ち広がる。
④ あなどる。",Type the reading!,Text
滕がる,わきあがる,"① わく。水がわきあがる。
② 春秋戦国時代の国の名。",Type the reading!,Text
滕く,わく,"① わく。水がわきあがる。
② 春秋戦国時代の国の名。",Type the reading!,Text
滬,えり,"① 中国を流れる川の名。呉松江（ごしょうこう）の下流。転じて、上海（シャンハイ）のこと。
② えり。あじろ。竹を並べて魚を捕る仕掛け。",Type the reading!,Text
滲みる,しみる,しみる。にじむ。しみ出る。しみこむ。,Type the reading!,Text
滲む,にじむ,しみる。にじむ。しみ出る。しみこむ。,Type the reading!,Text
滷,にがり,"① 塩。にがり。塩からい水。
② 塩地。塩分を多く含んだ土。",Type the reading!,Text
滷い,しおからい,"① 塩。にがり。塩からい水。
② 塩地。塩分を多く含んだ土。",Type the reading!,Text
滸,"ほとり,みぎわ",ほとり。水辺。水際。,Type the reading!,Text
滾る,たぎる,"① 水の流れが盛んなさま。水が盛んにわき出るさま。
② たぎる。湯が沸き立つ。湯がたぎる。
③ ころがる。",Type the reading!,Text
漓い,うすい,"① うすい。少しの水がうすくついている。
② しみる。水がしみ込む。
③ ながれる。水がながれるさま。
④ したたる。水分がしたたるさま。
⑤ うす酒。うすい酒。",Type the reading!,Text
漓る,したたる,"① うすい。少しの水がうすくついている。
② しみる。水がしみ込む。
③ ながれる。水がながれるさま。
④ したたる。水分がしたたるさま。
⑤ うす酒。うすい酒。",Type the reading!,Text
漓れる,ながれる,"① うすい。少しの水がうすくついている。
② しみる。水がしみ込む。
③ ながれる。水がながれるさま。
④ したたる。水分がしたたるさま。
⑤ うす酒。うすい酒。",Type the reading!,Text
漱,うがい,"① 口をすすぐ。うがいをする。
② すすぐ。ゆすぐ。汚れを落とす。",Type the reading!,Text
漱ぐ,"くちすすぐ,すすぐ","① 口をすすぐ。うがいをする。
② すすぐ。ゆすぐ。汚れを落とす。",Type the reading!,Text
漲る,みなぎる,みなぎる。いっぱいに広がる。水が満ちあふれる。,Type the reading!,Text
漾う,ただよう,"① ただよう。水がゆれ動く。ゆらゆらとただよい流れる。
② 川の長いさま。",Type the reading!,Text
漿,"おもゆ,しる,のみもの","① おもゆ。
② しる。液。飲料の総称。
③ どろりとした液状のもの。",Type the reading!,Text
潘,"うずまき,しろみず","【A】ハンしろみず。米のとぎ汁。
【B】ハン
① うずまき。うずまく。
② あふれる。いっぱいになってあふれ出る。",Type the reading!,Text
潦,"あまみず,ながあめ,にわたずみ","① にわたずみ。あまみず。雨水のたまり水。雨が降ってたまった水。例：潦水（ろうすい）
② ながあめ。大雨。",Type the reading!,Text
潭,"ふち,みぎわ","① ふち。水をふかくたたえるふち。水が深くよどんでいる場所。
② ふかい。奥深い。水が深い。
③ みぎわ。水辺。岸。ほとり。",Type the reading!,Text
潭い,ふかい,"① ふち。水をふかくたたえるふち。水が深くよどんでいる場所。
② ふかい。奥深い。水が深い。
③ みぎわ。水辺。岸。ほとり。",Type the reading!,Text
潯,"ふち,ほとり,みぎわ",ふち。ほとり。みぎわ。岸。岸辺の水を深くたたえたところ。,Type the reading!,Text
澂ます,すます,"① すむ。水ににごりがなく、清らかになる。空や音がすきとおっているさま。
② すます。すませる。清らかにする。
【日本】すます。そしらぬ顔をする。気どってまじめな顔をする。",Type the reading!,Text
澂む,すむ,"① すむ。水ににごりがなく、清らかになる。空や音がすきとおっているさま。
② すます。すませる。清らかにする。
【日本】すます。そしらぬ顔をする。気どってまじめな顔をする。",Type the reading!,Text
澆い,うすい,"① そそぐ。水をそそぐ。水をかける。
② うすい。軽薄であるさま。あさはかなさま。人情がうすい。",Type the reading!,Text
澆ぐ,そそぐ,"① そそぐ。水をそそぐ。水をかける。
② うすい。軽薄であるさま。あさはかなさま。人情がうすい。",Type the reading!,Text
澡う,あらう,"① あらう。すすぐ。洗い清める。
② 修める。心身を清くする。",Type the reading!,Text
澡ぐ,すすぐ,"① あらう。すすぐ。洗い清める。
② 修める。心身を清くする。",Type the reading!,Text
澡める,きよめる,"① あらう。すすぐ。洗い清める。
② 修める。心身を清くする。",Type the reading!,Text
澣う,あらう,"① あらう。すすぐ。よごれを落とす。
② 十日間のこと。唐代、官吏が沐浴のために与えられた休暇が十日間に一度だったことから。",Type the reading!,Text
澣ぐ,すすぐ,"① あらう。すすぐ。よごれを落とす。
② 十日間のこと。唐代、官吏が沐浴のために与えられた休暇が十日間に一度だったことから。",Type the reading!,Text
澪,みお,"川の名。
【日本】みお（水脈・水緒）。舟が航行するための水路。",Type the reading!,Text
澳,"おき,くま","【A】イクくま。水が陸地の奥深くに入り込んだ所。
【B】オウ深い。深い入り江。
【日本】おき。海岸から遠く離れた水上。",Type the reading!,Text
澳い,ふかい,"【A】イクくま。水が陸地の奥深くに入り込んだ所。
【B】オウ深い。深い入り江。
【日本】おき。海岸から遠く離れた水上。",Type the reading!,Text
澹い,"あわい,うすい","【A】タン
① あわい。うすい。あっさりしているさま。
② しずか。やすらか。おだやか。
③ 水がゆっくりとゆれ動くさま。水がたゆたうさま。
【B】セン足りる。満たす。十分である。",Type the reading!,Text
澹か,しずか,"【A】タン
① あわい。うすい。あっさりしているさま。
② しずか。やすらか。おだやか。
③ 水がゆっくりとゆれ動くさま。水がたゆたうさま。
【B】セン足りる。満たす。十分である。",Type the reading!,Text
濆,"ほとり,みぎわ","【A】フンみぎわ。水際。岸。ほとり。
【B】フンわく。ふく。わきたつ。水がわき出る。",Type the reading!,Text
濆く,"ふく,わく","【A】フンみぎわ。水際。岸。ほとり。
【B】フンわく。ふく。わきたつ。水がわき出る。",Type the reading!,Text
濔ちる,みちる,"【A】デイ「濔濔（でいでい）」は柔らかいさま。また、多いさま。水の多いさま。
【B】ビ・ミ水の流れるさま。水がいっぱいに満ちるさま。",Type the reading!,Text
濘,"どろ,ぬかるみ","① ぬかる。ぬかるみ。泥。泥でみちがぬかる。
② 小さな流れ。小川。",Type the reading!,Text
濘る,ぬかる,"① ぬかる。ぬかるみ。泥。泥でみちがぬかる。
② 小さな流れ。小川。",Type the reading!,Text
濛,こさめ,"① こさめ。きりさめ。霧のような雨。
② くらい。うす暗い。はっきり見えないさま。",Type the reading!,Text
濛い,"うすぐらい,くらい","① こさめ。きりさめ。霧のような雨。
② くらい。うす暗い。はっきり見えないさま。",Type the reading!,Text
濬い,ふかい,"① さらう。さらえる。水底の泥をさらって深くする。
② 深い。奥深いさま。",Type the reading!,Text
濬う,さらう,"① さらう。さらえる。水底の泥をさらって深くする。
② 深い。奥深いさま。",Type the reading!,Text
濶い,"うとい,ひろい","① ひろい。ひろびろしている。大きい。
② ひろい。心がひろい。おおらか。
③ とおい。間がひろい。遠く離れている。
④ とおい。疎遠である。久しく会わない。
⑤ ゆるい。ゆるめる。ゆるくする。
⑥ うとい。ぼんやりしている。",Type the reading!,Text
濺ぐ,そそぐ,"【A】そそぐ。水をそそぐ。小さいしぶきをふりかける。また、小さいしぶき。
【B】「濺濺（せんせん）」とは水の流れるさま。また、その音の形容。",Type the reading!,Text
濾す,こす,こす。液体を布なのでこして、不純物を除き去る。,Type the reading!,Text
瀉,しおつち,"① 腹をくだす。くだる。
② はく。もどす。食べ物を吐き出す。
③ 注ぐ。そそぎかける。水を流す。水が流れ出る。
④ しおつち。塩分を多く含んだ土。",Type the reading!,Text
瀉く,はく,"① 腹をくだす。くだる。
② はく。もどす。食べ物を吐き出す。
③ 注ぐ。そそぎかける。水を流す。水が流れ出る。
④ しおつち。塩分を多く含んだ土。",Type the reading!,Text
瀉ぐ,そそぐ,"① 腹をくだす。くだる。
② はく。もどす。食べ物を吐き出す。
③ 注ぐ。そそぎかける。水を流す。水が流れ出る。
④ しおつち。塩分を多く含んだ土。",Type the reading!,Text
瀉す,くだす,"① 腹をくだす。くだる。
② はく。もどす。食べ物を吐き出す。
③ 注ぐ。そそぎかける。水を流す。水が流れ出る。
④ しおつち。塩分を多く含んだ土。",Type the reading!,Text
瀋,しる,"① しる。液汁。液体。
② 中国を流れる川の名「瀋水（しんすい）」。",Type the reading!,Text
瀏い,きよい,"① あきらか。すっきりしているさま。明るくあきらかなさま。
② きよい。きよらか。流れが清く澄んでいるさま。",Type the reading!,Text
瀏らか,あきらか,"① あきらか。すっきりしているさま。明るくあきらかなさま。
② きよい。きよらか。流れが清く澄んでいるさま。",Type the reading!,Text
瀑,"しぶき,たき,にわかあめ","【A】バク・ボウ
① しぶき。水しぶき。
② 急な激しい雨。にわか雨。
【B】バク・ボウ高所から勢いよく落ちる水。滝。",Type the reading!,Text
瀚い,ひろい,ひろい。大きい。広大であるさま。,Type the reading!,Text
瀛,うみ,うみ。大海。池。沼。沢。ゆったりとした海。,Type the reading!,Text
瀝,しずく,"① しずく。したたり。しずくが垂れる。したたる。
② そそぐ。流す。
③ こす。液体を布などでこして、不純物を除き去る。",Type the reading!,Text
瀝ぐ,そそぐ,"① しずく。したたり。しずくが垂れる。したたる。
② そそぐ。流す。
③ こす。液体を布などでこして、不純物を除き去る。",Type the reading!,Text
瀝る,したたる,"① しずく。したたり。しずくが垂れる。したたる。
② そそぐ。流す。
③ こす。液体を布などでこして、不純物を除き去る。",Type the reading!,Text
瀟い,きよい,"① きよい。さっぱりとしたさま。
② 中国の川の名。瀟湘（しょうしょう）",Type the reading!,Text
瀰い,ひろい,満ちる。はびこる。水が一面に満ち溢れるさま。,Type the reading!,Text
瀰る,はびこる,満ちる。はびこる。水が一面に満ち溢れるさま。,Type the reading!,Text
瀲,みぎわ,"① うかぶ。水に浮かぶ。ゆらゆらと浮かぶ。漂う。
② みぎわ。なぎさ。波打ちぎわ。",Type the reading!,Text
瀲かぶ,うかぶ,"① うかぶ。水に浮かぶ。ゆらゆらと浮かぶ。漂う。
② みぎわ。なぎさ。波打ちぎわ。",Type the reading!,Text
瀾,なみ,波。大波。さざなみ。なみだつさま。,Type the reading!,Text
瀾つ,なみだつ,波。大波。さざなみ。なみだつさま。,Type the reading!,Text
灑う,あらう,"【A】サイ・シャ
① そそぐ。水をまく。水をそそぐ。
② 散る。散らす。撒き散らす。
③ さっぱりしているさま。さらさらしているさま。
【B】シ洗う。",Type the reading!,Text
灑ぐ,そそぐ,"【A】サイ・シャ
① そそぐ。水をまく。水をそそぐ。
② 散る。散らす。撒き散らす。
③ さっぱりしているさま。さらさらしているさま。
【B】シ洗う。",Type the reading!,Text
灑らす,ちらす,"【A】サイ・シャ
① そそぐ。水をまく。水をそそぐ。
② 散る。散らす。撒き散らす。
③ さっぱりしているさま。さらさらしているさま。
【B】シ洗う。",Type the reading!,Text
炒める,いためる,いる。いためる。あぶりこがす。食べ物を油でいためる。,Type the reading!,Text
炒る,いる,いる。いためる。あぶりこがす。食べ物を油でいためる。,Type the reading!,Text
炙く,やく,"① あぶる。火で焼く。また、あぶり肉。焼いた肉。
② 近づく。親しむ。教えを受ける。",Type the reading!,Text
炙る,あぶる,"① あぶる。火で焼く。また、あぶり肉。焼いた肉。
② 近づく。親しむ。教えを受ける。",Type the reading!,Text
炬,"かがりび,たいまつ,ともしび","① かがりび。たいまつ。かがり。
② ともしび。ろうそく。
③ 焼く。",Type the reading!,Text
炬く,やく,"① かがりび。たいまつ。かがり。
② ともしび。ろうそく。
③ 焼く。",Type the reading!,Text
炮く,やく,"【A】ホウあぶる。やく。丸焼きにする。つつみ焼きにする。
【B】ホウ
① おおづつ。大砲。
② はじける。爆竹。",Type the reading!,Text
炮る,あぶる,"【A】ホウあぶる。やく。丸焼きにする。つつみ焼きにする。
【B】ホウ
① おおづつ。大砲。
② はじける。爆竹。",Type the reading!,Text
炯らか,あきらか,"① あきらか。はっきりとしている。
② ひかり。ひかる。あかるい光。光り輝くさま。",Type the reading!,Text
炯る,ひかる,"① あきらか。はっきりとしている。
② ひかり。ひかる。あかるい光。光り輝くさま。",Type the reading!,Text
炳しい,いちじるしい,あきらか。いちじるしい。かがやく。明るくする。,Type the reading!,Text
炳らか,あきらか,あきらか。いちじるしい。かがやく。明るくする。,Type the reading!,Text
炷,"とうしん,ともしび","① ともしび。とうしん。あかりをつけるしん。
② やく。たく。線香をたく。",Type the reading!,Text
炷く,"たく,やく","① ともしび。とうしん。あかりをつけるしん。
② やく。たく。線香をたく。",Type the reading!,Text
炸く,さく,"① さく。さける。はじける。爆発する。
② 食品を油で揚げる。",Type the reading!,Text
炸ける,"さける,はじける","① さく。さける。はじける。爆発する。
② 食品を油で揚げる。",Type the reading!,Text
烋い,さいわい,"【A】キュウ
① さいわい。よい。めでたい。
② 美しい。
③ やわらぐ。
【B】コウおごる。おごりたかぶる。気が強く、さかんなさま。",Type the reading!,Text
烙く,やく,"① やく。あぶる。熱した鉄をあてて身体に焼き付ける。
② 火あぶりの刑。",Type the reading!,Text
烝,もろもろ,"① むす。むれる。ふかす。湯気に当てて熱する。
② もろもろ。数が多い。盛んである。
③ すすめる。献上する。
④ 目上・身分の高い女性と姦通する。
⑤ 冬の祭り。冬の大祭。",Type the reading!,Text
烝す,むす,"① むす。むれる。ふかす。湯気に当てて熱する。
② もろもろ。数が多い。盛んである。
③ すすめる。献上する。
④ 目上・身分の高い女性と姦通する。
⑤ 冬の祭り。冬の大祭。",Type the reading!,Text
烝める,すすめる,"① むす。むれる。ふかす。湯気に当てて熱する。
② もろもろ。数が多い。盛んである。
③ すすめる。献上する。
④ 目上・身分の高い女性と姦通する。
⑤ 冬の祭り。冬の大祭。",Type the reading!,Text
烝り,まつり,"① むす。むれる。ふかす。湯気に当てて熱する。
② もろもろ。数が多い。盛んである。
③ すすめる。献上する。
④ 目上・身分の高い女性と姦通する。
⑤ 冬の祭り。冬の大祭。",Type the reading!,Text
烟,"けむり,けむ","① けむ。けむり。けむる。けぶる。すす。
② かすみ。もや。けむり状のもの。
③ 煙草。阿片。
【日本】けむい。けむたい。けむりが目にしみる。心苦しい。",Type the reading!,Text
烟い,けむい,"① けむ。けむり。けむる。けぶる。すす。
② かすみ。もや。けむり状のもの。
③ 煙草。阿片。
【日本】けむい。けむたい。けむりが目にしみる。心苦しい。",Type the reading!,Text
烟る,"けむる,けぶる","① けむ。けむり。けむる。けぶる。すす。
② かすみ。もや。けむり状のもの。
③ 煙草。阿片。
【日本】けむい。けむたい。けむりが目にしみる。心苦しい。",Type the reading!,Text
烱らか,あきらか,"① あきらか。はっきりとしている。
② ひかり。ひかる。あかるい光。光り輝くさま。",Type the reading!,Text
烱る,ひかる,"① あきらか。はっきりとしている。
② ひかり。ひかる。あかるい光。光り輝くさま。",Type the reading!,Text
烽,のろし,のろし。敵の急襲など、急を知らせるために火を燃やして高くあげる合図の煙。,Type the reading!,Text
焉,これ,"① 「いずくんぞ」と読み、「どうして・・・か」の意。
② 「これ」「ここに」と読み、場所や物事を指し示す。
③ 文末につけて、語調をととのえる助字。",Type the reading!,Text
焉に,ここに,"① 「いずくんぞ」と読み、「どうして・・・か」の意。
② 「これ」「ここに」と読み、場所や物事を指し示す。
③ 文末につけて、語調をととのえる助字。",Type the reading!,Text
焉んぞ,いずくんぞ,"① 「いずくんぞ」と読み、「どうして・・・か」の意。
② 「これ」「ここに」と読み、場所や物事を指し示す。
③ 文末につけて、語調をととのえる助字。",Type the reading!,Text
焙じる,ほうじる,あぶる。ほうじる。火気にかざして焼く。,Type the reading!,Text
焙る,あぶる,あぶる。ほうじる。火気にかざして焼く。,Type the reading!,Text
焜く,かがやく,"① あきらか。
② かがやく。光る。光り輝く。
③ 「焜黄（こんこう）」は草木の葉などが黄ばんで衰えるさま。",Type the reading!,Text
焜らか,あきらか,"① あきらか。
② かがやく。光る。光り輝く。
③ 「焜黄（こんこう）」は草木の葉などが黄ばんで衰えるさま。",Type the reading!,Text
焠く,やく,"① にらぐ。焼いた刀を水にいれて鍛える。
② やく。火でやく。",Type the reading!,Text
焠ぐ,にらぐ,"① にらぐ。焼いた刀を水にいれて鍛える。
② やく。火でやく。",Type the reading!,Text
煌く,かがやく,"① 明らか。明るい。
② かがやく。かがやき。きらめく。",Type the reading!,Text
煌めく,きらめく,"① 明らか。明るい。
② かがやく。かがやき。きらめく。",Type the reading!,Text
煌らか,あきらか,"① 明らか。明るい。
② かがやく。かがやき。きらめく。",Type the reading!,Text
煕,ああ,"① 楽しむ。喜ぶ。
② 光る。輝く。光が行き渡る。
③ 広い。広まる。広まる。広く行き渡る。
④ やわらぐ。
⑤ ああ。感嘆の声。なげく声。",Type the reading!,Text
煕い,ひろい,"① 楽しむ。喜ぶ。
② 光る。輝く。光が行き渡る。
③ 広い。広まる。広まる。広く行き渡る。
④ やわらぐ。
⑤ ああ。感嘆の声。なげく声。",Type the reading!,Text
煕しむ,たのしむ,"① 楽しむ。喜ぶ。
② 光る。輝く。光が行き渡る。
③ 広い。広まる。広まる。広く行き渡る。
④ やわらぐ。
⑤ ああ。感嘆の声。なげく声。",Type the reading!,Text
煕ぶ,よろこぶ,"① 楽しむ。喜ぶ。
② 光る。輝く。光が行き渡る。
③ 広い。広まる。広まる。広く行き渡る。
④ やわらぐ。
⑤ ああ。感嘆の声。なげく声。",Type the reading!,Text
煕らぐ,やわらぐ,"① 楽しむ。喜ぶ。
② 光る。輝く。光が行き渡る。
③ 広い。広まる。広まる。広く行き渡る。
④ やわらぐ。
⑤ ああ。感嘆の声。なげく声。",Type the reading!,Text
煕る,ひかる,"① 楽しむ。喜ぶ。
② 光る。輝く。光が行き渡る。
③ 広い。広まる。広まる。広く行き渡る。
④ やわらぐ。
⑤ ああ。感嘆の声。なげく声。",Type the reading!,Text
煖かい,あたたかい,あたたかい。あたためる。火気であたたまる。,Type the reading!,Text
煖める,あたためる,あたたかい。あたためる。火気であたたまる。,Type the reading!,Text
煢,ひとりもの,"① ひとり。ひとりもの。身寄りのない人。やもめ。例：煢煢（ケイケイ）
② うれえる。",Type the reading!,Text
煢える,うれえる,"① ひとり。ひとりもの。身寄りのない人。やもめ。例：煢煢（ケイケイ）
② うれえる。",Type the reading!,Text
煥く,かがやく,あきらか。かがやく。火の光が輝くさま。,Type the reading!,Text
煥らか,あきらか,あきらか。かがやく。火の光が輝くさま。,Type the reading!,Text
煦かい,あたたかい,"① あたたかい。あたためる。大切にする。めぐむ。なさけをかける。
② 日光。ひかり。",Type the reading!,Text
煦む,めぐむ,"① あたたかい。あたためる。大切にする。めぐむ。なさけをかける。
② 日光。ひかり。",Type the reading!,Text
煦める,あたためる,"① あたたかい。あたためる。大切にする。めぐむ。なさけをかける。
② 日光。ひかり。",Type the reading!,Text
煬かす,とかす,"【A】あぶる。やく。火にあたる。物を火にあててかわかす。
【B】金属を火で熱してとかす。",Type the reading!,Text
煬く,やく,"【A】あぶる。やく。火にあたる。物を火にあててかわかす。
【B】金属を火で熱してとかす。",Type the reading!,Text
煬る,あぶる,"【A】あぶる。やく。火にあたる。物を火にあててかわかす。
【B】金属を火で熱してとかす。",Type the reading!,Text
熄,うずみび,"① うずみび。灰の中にうずめた炭火。
② きえる。火が消える。
③ やむ。やめる。なくなる。おわる。ほろびる。",Type the reading!,Text
熄える,きえる,"① うずみび。灰の中にうずめた炭火。
② きえる。火が消える。
③ やむ。やめる。なくなる。おわる。ほろびる。",Type the reading!,Text
熄む,やむ,"① うずみび。灰の中にうずめた炭火。
② きえる。火が消える。
③ やむ。やめる。なくなる。おわる。ほろびる。",Type the reading!,Text
熈,ああ,"① 楽しむ。喜ぶ。
② 光る。輝く。光が行き渡る。
③ 広い。広まる。広まる。広く行き渡る。
④ やわらぐ。
⑤ ああ。感嘆の声。なげく声。",Type the reading!,Text
熈い,ひろい,"① 楽しむ。喜ぶ。
② 光る。輝く。光が行き渡る。
③ 広い。広まる。広まる。広く行き渡る。
④ やわらぐ。
⑤ ああ。感嘆の声。なげく声。",Type the reading!,Text
熈しむ,たのしむ,"① 楽しむ。喜ぶ。
② 光る。輝く。光が行き渡る。
③ 広い。広まる。広まる。広く行き渡る。
④ やわらぐ。
⑤ ああ。感嘆の声。なげく声。",Type the reading!,Text
熈ぶ,よろこぶ,"① 楽しむ。喜ぶ。
② 光る。輝く。光が行き渡る。
③ 広い。広まる。広まる。広く行き渡る。
④ やわらぐ。
⑤ ああ。感嘆の声。なげく声。",Type the reading!,Text
熈らぐ,やわらぐ,"① 楽しむ。喜ぶ。
② 光る。輝く。光が行き渡る。
③ 広い。広まる。広まる。広く行き渡る。
④ やわらぐ。
⑤ ああ。感嘆の声。なげく声。",Type the reading!,Text
熈る,ひかる,"① 楽しむ。喜ぶ。
② 光る。輝く。光が行き渡る。
③ 広い。広まる。広まる。広く行き渡る。
④ やわらぐ。
⑤ ああ。感嘆の声。なげく声。",Type the reading!,Text
熏く,やく,"① いぶす。くすべる。いぶる。くすぶる。くゆらす。ふすべる。
② やく。火であぶる。
③ しみる。しみこむ。しみこませる。",Type the reading!,Text
熏す,いぶす,"① いぶす。くすべる。いぶる。くすぶる。くゆらす。ふすべる。
② やく。火であぶる。
③ しみる。しみこむ。しみこませる。",Type the reading!,Text
熏ぶる,くすぶる,"① いぶす。くすべる。いぶる。くすぶる。くゆらす。ふすべる。
② やく。火であぶる。
③ しみる。しみこむ。しみこませる。",Type the reading!,Text
熏べる,"くすべる,ふすべる","① いぶす。くすべる。いぶる。くすぶる。くゆらす。ふすべる。
② やく。火であぶる。
③ しみる。しみこむ。しみこませる。",Type the reading!,Text
熏らす,くゆらす,"① いぶす。くすべる。いぶる。くすぶる。くゆらす。ふすべる。
② やく。火であぶる。
③ しみる。しみこむ。しみこませる。",Type the reading!,Text
熕,おおづつ,おおづつ。大砲。,Type the reading!,Text
熙,ああ,"① 楽しむ。喜ぶ。
② 光る。輝く。光が行き渡る。
③ 広い。広まる。広まる。広く行き渡る。
④ やわらぐ。
⑤ ああ。感嘆の声。なげく声。",Type the reading!,Text
熙い,ひろい,"① 楽しむ。喜ぶ。
② 光る。輝く。光が行き渡る。
③ 広い。広まる。広まる。広く行き渡る。
④ やわらぐ。
⑤ ああ。感嘆の声。なげく声。",Type the reading!,Text
熙しむ,たのしむ,"① 楽しむ。喜ぶ。
② 光る。輝く。光が行き渡る。
③ 広い。広まる。広まる。広く行き渡る。
④ やわらぐ。
⑤ ああ。感嘆の声。なげく声。",Type the reading!,Text
熙ぶ,よろこぶ,"① 楽しむ。喜ぶ。
② 光る。輝く。光が行き渡る。
③ 広い。広まる。広まる。広く行き渡る。
④ やわらぐ。
⑤ ああ。感嘆の声。なげく声。",Type the reading!,Text
熙らぐ,やわらぐ,"① 楽しむ。喜ぶ。
② 光る。輝く。光が行き渡る。
③ 広い。広まる。広まる。広く行き渡る。
④ やわらぐ。
⑤ ああ。感嘆の声。なげく声。",Type the reading!,Text
熙る,ひかる,"① 楽しむ。喜ぶ。
② 光る。輝く。光が行き渡る。
③ 広い。広まる。広まる。広く行き渡る。
④ やわらぐ。
⑤ ああ。感嘆の声。なげく声。",Type the reading!,Text
熨,"のし,ひのし","① おさえる。のす。押さえて平らにする。
② のし。火のし。アイロン。",Type the reading!,Text
熨える,おさえる,"① おさえる。のす。押さえて平らにする。
② のし。火のし。アイロン。",Type the reading!,Text
熨す,のす,"① おさえる。のす。押さえて平らにする。
② のし。火のし。アイロン。",Type the reading!,Text
熬る,いる,"① いる。こがす。焼く。
② いらだつ。いらいらする。
③ 耐える。耐え忍ぶ。我慢する。苦しみに耐える。",Type the reading!,Text
熹ぶ,よろこぶ,"① あぶる。やく。むす。熱する。
② さかん。火が盛んに燃える。
③ よろこぶ。
④ 日の光。かすかな光。ほのかな光。照らす。輝く。",Type the reading!,Text
熹る,あぶる,"① あぶる。やく。むす。熱する。
② さかん。火が盛んに燃える。
③ よろこぶ。
④ 日の光。かすかな光。ほのかな光。照らす。輝く。",Type the reading!,Text
熹ん,さかん,"① あぶる。やく。むす。熱する。
② さかん。火が盛んに燃える。
③ よろこぶ。
④ 日の光。かすかな光。ほのかな光。照らす。輝く。",Type the reading!,Text
熾,おき,"さかん。火の勢いが盛んなさま。
【日本】
① おき。赤くおこった炭火。
② おこす。おこる。炭に火をつける。",Type the reading!,Text
熾す,おこす,"さかん。火の勢いが盛んなさま。
【日本】
① おき。赤くおこった炭火。
② おこす。おこる。炭に火をつける。",Type the reading!,Text
熾ん,さかん,"さかん。火の勢いが盛んなさま。
【日本】
① おき。赤くおこった炭火。
② おこす。おこる。炭に火をつける。",Type the reading!,Text
燎,かがりび,"① かがりび。にわび。
② 焼く。焼き払う。燃やす。燃える。
③ あぶる。
④ 明らか。明るい。明るく照らす。
⑤ 柴を焼いて天を祭る。",Type the reading!,Text
燎く,やく,"① かがりび。にわび。
② 焼く。焼き払う。燃やす。燃える。
③ あぶる。
④ 明らか。明るい。明るく照らす。
⑤ 柴を焼いて天を祭る。",Type the reading!,Text
燔,ひもろぎ,"① やく。燃やす。あぶる。
② あぶり肉。焼いた肉。
③ ひもろぎ。祭りに供えるためにあぶった肉。",Type the reading!,Text
燔く,やく,"① やく。燃やす。あぶる。
② あぶり肉。焼いた肉。
③ ひもろぎ。祭りに供えるためにあぶった肉。",Type the reading!,Text
燔る,あぶる,"① やく。燃やす。あぶる。
② あぶり肉。焼いた肉。
③ ひもろぎ。祭りに供えるためにあぶった肉。",Type the reading!,Text
燗,かん,"にる。よく煮込む。くずれるほど煮込む。
【日本】かん。酒をあたためる。",Type the reading!,Text
燗る,にる,"にる。よく煮込む。くずれるほど煮込む。
【日本】かん。酒をあたためる。",Type the reading!,Text
燠,おき,"【A】イク・オウあたたかい。あつい。
【B】ウ「燠休（うきゅう）」はいたわる。いたみ思う。また、そのような声。
【日本】おき。赤くおこった炭火。",Type the reading!,Text
燠い,あつい,"【A】イク・オウあたたかい。あつい。
【B】ウ「燠休（うきゅう）」はいたわる。いたみ思う。また、そのような声。
【日本】おき。赤くおこった炭火。",Type the reading!,Text
燠かい,あたたかい,"【A】イク・オウあたたかい。あつい。
【B】ウ「燠休（うきゅう）」はいたわる。いたみ思う。また、そのような声。
【日本】おき。赤くおこった炭火。",Type the reading!,Text
燧,"のろし,ひうち","① のろし。敵の急襲など、急を知らせるために火を燃やして高くあげる合図の煙。
② ひうち。火をつける道具。",Type the reading!,Text
燬,ひ,"① 火。はげしい火。はげしく燃える火。
② やく。やける。やきつくす。",Type the reading!,Text
燬く,やく,"① 火。はげしい火。はげしく燃える火。
② やく。やける。やきつくす。",Type the reading!,Text
燬ける,やける,"① 火。はげしい火。はげしく燃える火。
② やく。やける。やきつくす。",Type the reading!,Text
燮げる,やわらげる,やわらげる。整える。調和する。,Type the reading!,Text
燹,"のび,へいか","① 野火。
② 戦乱・兵乱によって起こる火事。兵火。",Type the reading!,Text
燻く,やく,"① いぶす。くすべる。いぶる。くすぶる。くゆらす。ふすべる。
② やく。火であぶる。
③ しみる。しみこむ。しみこませる。",Type the reading!,Text
燻す,いぶす,"① いぶす。くすべる。いぶる。くすぶる。くゆらす。ふすべる。
② やく。火であぶる。
③ しみる。しみこむ。しみこませる。",Type the reading!,Text
燻ぶる,くすぶる,"① いぶす。くすべる。いぶる。くすぶる。くゆらす。ふすべる。
② やく。火であぶる。
③ しみる。しみこむ。しみこませる。",Type the reading!,Text
燻べる,"くすべる,ふすべる","① いぶす。くすべる。いぶる。くすぶる。くゆらす。ふすべる。
② やく。火であぶる。
③ しみる。しみこむ。しみこませる。",Type the reading!,Text
燻らす,くゆらす,"① いぶす。くすべる。いぶる。くすぶる。くゆらす。ふすべる。
② やく。火であぶる。
③ しみる。しみこむ。しみこませる。",Type the reading!,Text
燼し,もえさし,"① のこり。もえさし。もえのこり。焼け跡。
② 戦乱・災害から助かり生き残った人々。",Type the reading!,Text
燼り,"のこり,もえのこり","① のこり。もえさし。もえのこり。焼け跡。
② 戦乱・災害から助かり生き残った人々。",Type the reading!,Text
燿う,かがよう,"① 輝く。かがよう。ひかる。
② 輝き。ひかり。
③ 目をくらます。目がくらむ。",Type the reading!,Text
燿き,かがやき,"① 輝く。かがよう。ひかる。
② 輝き。ひかり。
③ 目をくらます。目がくらむ。",Type the reading!,Text
燿く,かがやく,"① 輝く。かがよう。ひかる。
② 輝き。ひかり。
③ 目をくらます。目がくらむ。",Type the reading!,Text
爍かす,とかす,"① とける。とかす。熱を与え、金属をとかす。
② ひかる。かがやく。また、光。",Type the reading!,Text
爍る,ひかる,"① とける。とかす。熱を与え、金属をとかす。
② ひかる。かがやく。また、光。",Type the reading!,Text
爛やか,あざやか,"① あざやか。あきらか。はなやか。輝く。
② ただれ。ただれる。やけどする。熟れすぎる。煮えすぎる。
③ 形がくずれる。腐る。",Type the reading!,Text
爛る,にる,"① あざやか。あきらか。はなやか。輝く。
② ただれ。ただれる。やけどする。熟れすぎる。煮えすぎる。
③ 形がくずれる。腐る。",Type the reading!,Text
爛れ,ただれ,"① あざやか。あきらか。はなやか。輝く。
② ただれ。ただれる。やけどする。熟れすぎる。煮えすぎる。
③ 形がくずれる。腐る。",Type the reading!,Text
爛れる,ただれる,"① あざやか。あきらか。はなやか。輝く。
② ただれ。ただれる。やけどする。熟れすぎる。煮えすぎる。
③ 形がくずれる。腐る。",Type the reading!,Text
爨,かまど,"① かしぐ。飯をたく。
② 飯をたくかまど。
【日本】さん。飯を炊く女性。炊婦。",Type the reading!,Text
爨ぐ,かしぐ,"① かしぐ。飯をたく。
② 飯をたくかまど。
【日本】さん。飯を炊く女性。炊婦。",Type the reading!,Text
爬う,はう,"① かく。ひっかく。爪でかく。
② はう。はって行く。地面をはって進む。",Type the reading!,Text
爬く,かく,"① かく。ひっかく。爪でかく。
② はう。はって行く。地面をはって進む。",Type the reading!,Text
爰える,かえる,"① かえる。取りかえる。
② ここ。ここに。そこに。それで。ここにおいて。
③ ゆるい。ゆるやか。ゆったりしたさま。",Type the reading!,Text
爰に,ここに,"① かえる。取りかえる。
② ここ。ここに。そこに。それで。ここにおいて。
③ ゆるい。ゆるやか。ゆったりしたさま。",Type the reading!,Text
牀,"こしかけ,だい,とこ,ねだい,ゆか","① ねだい。寝台。こしかけ。長いす。
② ゆか。とこ。家の中の板を張った所。
③ だい。物をのせておく台。",Type the reading!,Text
牆,"かき,へい",かき。かきね。まがき。へい。土塀。,Type the reading!,Text
牋,"かきつけ,てがみ,ふだ","① ふだ。はりふだ。注釈を書き記しておくもの。＝箋
② 注釈。ときあかし。＝箋
③ 手紙。文書。かきもの。＝箋
④ なふだ。名刺。＝箋",Type the reading!,Text
牖,まど,"① まど。壁に穴をあけ、格子をとりつけた窓。
② みちびく。さそいみちびく。",Type the reading!,Text
牖く,みちびく,"① まど。壁に穴をあけ、格子をとりつけた窓。
② みちびく。さそいみちびく。",Type the reading!,Text
牘,"かきもの,てがみ,ふだ","① ふだ。書き物。文書。
② 手紙。
③ 古代の楽器の名。竹筒を用いて作る。",Type the reading!,Text
牴,おひつじ,"① さわる。ふれる。突き当たる。
② おひつじ。雄の羊。
③ およそ。ほぼ。",Type the reading!,Text
牴たる,あたる,"① さわる。ふれる。突き当たる。
② おひつじ。雄の羊。
③ およそ。ほぼ。",Type the reading!,Text
牴る,さわる,"① さわる。ふれる。突き当たる。
② おひつじ。雄の羊。
③ およそ。ほぼ。",Type the reading!,Text
牴れる,ふれる,"① さわる。ふれる。突き当たる。
② おひつじ。雄の羊。
③ およそ。ほぼ。",Type the reading!,Text
牾らう,さからう,さからう。もとる。そむく。＝忤,Type the reading!,Text
犁,"しみ,すき,まだらうし","【A】リ・レイ
① すき。からすき。土を耕す農具の一種。
② すく。すきで耕す。
③ 黒い。うす黒い。うす暗いさま。
④ しみ。老人の皮膚に生ずる斑点。
⑤ まだらうし。毛の色がまだらな牛。
【B】リュウおそれおののく。",Type the reading!,Text
犁い,くろい,"【A】リ・レイ
① すき。からすき。土を耕す農具の一種。
② すく。すきで耕す。
③ 黒い。うす黒い。うす暗いさま。
④ しみ。老人の皮膚に生ずる斑点。
⑤ まだらうし。毛の色がまだらな牛。
【B】リュウおそれおののく。",Type the reading!,Text
犁く,すく,"【A】リ・レイ
① すき。からすき。土を耕す農具の一種。
② すく。すきで耕す。
③ 黒い。うす黒い。うす暗いさま。
④ しみ。老人の皮膚に生ずる斑点。
⑤ まだらうし。毛の色がまだらな牛。
【B】リュウおそれおののく。",Type the reading!,Text
犂,"しみ,すき,まだらうし","【A】リ・レイ
① すき。からすき。土を耕す農具の一種。
② すく。すきで耕す。
③ 黒い。うす黒い。うす暗いさま。
④ しみ。老人の皮膚に生ずる斑点。
⑤ まだらうし。毛の色がまだらな牛。
【B】リュウおそれおののく。",Type the reading!,Text
犂い,くろい,"【A】リ・レイ
① すき。からすき。土を耕す農具の一種。
② すく。すきで耕す。
③ 黒い。うす黒い。うす暗いさま。
④ しみ。老人の皮膚に生ずる斑点。
⑤ まだらうし。毛の色がまだらな牛。
【B】リュウおそれおののく。",Type the reading!,Text
犂く,すく,"【A】リ・レイ
① すき。からすき。土を耕す農具の一種。
② すく。すきで耕す。
③ 黒い。うす黒い。うす暗いさま。
④ しみ。老人の皮膚に生ずる斑点。
⑤ まだらうし。毛の色がまだらな牛。
【B】リュウおそれおののく。",Type the reading!,Text
犇く,ひしめく,"はしる。牛がおどろき、あわてて走る。
【日本】ひしめく。多くの人がすきまなく集まる。",Type the reading!,Text
犇る,はしる,"はしる。牛がおどろき、あわてて走る。
【日本】ひしめく。多くの人がすきまなく集まる。",Type the reading!,Text
犒い,ねぎらい,ねぎらう。いたわる。飲食物等を贈ってなぐさめる。また、その飲食物。ねぎらい。,Type the reading!,Text
犒う,ねぎらう,ねぎらう。いたわる。飲食物等を贈ってなぐさめる。また、その飲食物。ねぎらい。,Type the reading!,Text
犖,まだらうし,"① あきらか。はっきりした。目立つ。
② すぐれる。
③ まだらうし。毛の色がまだらな牛。",Type the reading!,Text
犖らか,あきらか,"① あきらか。はっきりした。目立つ。
② すぐれる。
③ まだらうし。毛の色がまだらな牛。",Type the reading!,Text
犖れる,すぐれる,"① あきらか。はっきりした。目立つ。
② すぐれる。
③ まだらうし。毛の色がまだらな牛。",Type the reading!,Text
犢,こうし,こうし。牛の子。,Type the reading!,Text
犲,やまいぬ,やまいぬ。おおかみの類。,Type the reading!,Text
狃う,ならう,"① なれる。慣れ親しむ。
② ならう。よく習い慣れる。",Type the reading!,Text
狃れる,なれる,"① なれる。慣れ親しむ。
② ならう。よく習い慣れる。",Type the reading!,Text
狄,えびす,"① えびす。中国北方の異民族。広くは外国人のことをいう。
② きじ。鳥の名。また、きじの羽。
③ 遠い。
④ 削る。取り除く。整える。整理する。",Type the reading!,Text
狆,ちん,"中国に住む異民族の名。
【日本】ちん。犬の一種。小型で、毛の長い犬。愛玩用の犬。",Type the reading!,Text
狎らす,ならす,"① あなどる。軽んじる。なれなれしくする。
② 動物をならす。手なずける。
③ なれる。なれ親しむ。
④ もてあそぶ。",Type the reading!,Text
狎る,あなどる,"① あなどる。軽んじる。なれなれしくする。
② 動物をならす。手なずける。
③ なれる。なれ親しむ。
④ もてあそぶ。",Type the reading!,Text
狎れる,なれる,"① あなどる。軽んじる。なれなれしくする。
② 動物をならす。手なずける。
③ なれる。なれ親しむ。
④ もてあそぶ。",Type the reading!,Text
狒,ひひ,動物の名「狒狒（ひひ）」に用いられる字。猿の一種。,Type the reading!,Text
狠む,かむ,"【A】コン
① ねじける。もとる。心がねじけているさま。凶悪なさま。
② はなはだ。とても。すこぶる。
【B】ギンかむ。また、犬が噛み合う時の声の形容",Type the reading!,Text
狠る,もとる,"【A】コン
① ねじける。もとる。心がねじけているさま。凶悪なさま。
② はなはだ。とても。すこぶる。
【B】ギンかむ。また、犬が噛み合う時の声の形容",Type the reading!,Text
狡い,"こすい,ずるい,わるがしこい","① くるう。乱れる。
② こすい。ずるい。わるがしこい。ずるがしこい。
③ すばやい。すばしこい。はしっこい。身のこなしが柔らかい。",Type the reading!,Text
狡う,くるう,"① くるう。乱れる。
② こすい。ずるい。わるがしこい。ずるがしこい。
③ すばやい。すばしこい。はしっこい。身のこなしが柔らかい。",Type the reading!,Text
狢,むじな,"【A】カクむじな。たぬき。
【B】バク中国北方の異民族の名。＝貊",Type the reading!,Text
狷,かたいじ,"① かたいじ。がんこ。へそまがりなさま。
② 心がせまい。気がみじかい。せっかち。",Type the reading!,Text
猊,しし,"① しし。からじし。
② 仏の座席。転じて、高僧の座席。しし座。",Type the reading!,Text
猋,つむじかぜ,"① はしる。はやく走る。また、犬のむらがり走るさま。
② つむじかぜ。吹きあげる激しい風。＝飆",Type the reading!,Text
猋る,はしる,"① はしる。はやく走る。また、犬のむらがり走るさま。
② つむじかぜ。吹きあげる激しい風。＝飆",Type the reading!,Text
猖う,"くるう,たけりくるう",くるう。たけりくるう。あばれる。あばれ回る。,Type the reading!,Text
猗,ああ,"【A】イ
① ああ。感嘆の声。
② うつくしい。
③ 去勢した犬。
【B】イよる。たよる。よりかかる。
【C】ア「猗儺（あだ）」とは、なよやかなさま。たおやかなさま。",Type the reading!,Text
猗しい,うつくしい,"【A】イ
① ああ。感嘆の声。
② うつくしい。
③ 去勢した犬。
【B】イよる。たよる。よりかかる。
【C】ア「猗儺（あだ）」とは、なよやかなさま。たおやかなさま。",Type the reading!,Text
猗やか,"たおやか,なよやか","【A】イ
① ああ。感嘆の声。
② うつくしい。
③ 去勢した犬。
【B】イよる。たよる。よりかかる。
【C】ア「猗儺（あだ）」とは、なよやかなさま。たおやかなさま。",Type the reading!,Text
猜う,うたがう,"① そねむ。ねたむ。嫌う。
② うたがう。うたがい。うたがわしく思う。
③ 推測する。おしはかる。",Type the reading!,Text
猜む,"そねむ,ねたむ","① そねむ。ねたむ。嫌う。
② うたがう。うたがい。うたがわしく思う。
③ 推測する。おしはかる。",Type the reading!,Text
猝い,はやい,"① にわかに。だしぬけに。いきなり。突然。
② はやい。すみやか。すばやいこと。",Type the reading!,Text
猝か,にわか,"① にわかに。だしぬけに。いきなり。突然。
② はやい。すみやか。すばやいこと。",Type the reading!,Text
猥ら,みだら,"① みだり。みだりに。むやみに。やたらに。
② みだれる。入り乱れる。乱れまじる。
③ みだら。いやしい。
④ 多い。",Type the reading!,Text
猥りに,みだりに,"① みだり。みだりに。むやみに。やたらに。
② みだれる。入り乱れる。乱れまじる。
③ みだら。いやしい。
④ 多い。",Type the reading!,Text
猩,あかいろ,"① 「猩猩（しょうじょう）」は想像上の動物。サルに似ている。
② あかいろ。鮮やかな赤い色。",Type the reading!,Text
猯,"たぬき,まみ","① たぬき。まみ。動物の名。イタチ科の哺乳類。
② いのししの類。",Type the reading!,Text
猴,"さる,ましら",動物の名。さる。ましら。,Type the reading!,Text
猾い,わるがしこい,"① ずるい。わるがしこい。また、そのような者のこと。
② みだす。みだれる。混乱させる。かきみだす。",Type the reading!,Text
猾す,みだす,"① ずるい。わるがしこい。また、そのような者のこと。
② みだす。みだれる。混乱させる。かきみだす。",Type the reading!,Text
猾れる,みだれる,"① ずるい。わるがしこい。また、そのような者のこと。
② みだす。みだれる。混乱させる。かきみだす。",Type the reading!,Text
獗う,くるう,たける。たけりくるう。,Type the reading!,Text
獗る,たける,たける。たけりくるう。,Type the reading!,Text
獪い,わるがしこい,ずるい。わるがしこい。,Type the reading!,Text
獮す,ころす,"① かり。かる。秋におこなう狩り。
② ころす。あやめる。",Type the reading!,Text
獮り,かり,"① かり。かる。秋におこなう狩り。
② ころす。あやめる。",Type the reading!,Text
獮る,かる,"① かり。かる。秋におこなう狩り。
② ころす。あやめる。",Type the reading!,Text
獰い,わるい,わるい。にくにくしい。凶悪。凶暴。,Type the reading!,Text
獰しい,にくにくしい,わるい。にくにくしい。凶悪。凶暴。,Type the reading!,Text
獺,"おそ,かわうそ",動物の名。うそ。おそ。かわうそ。,Type the reading!,Text
珈り,かみかざり,"婦人のかみかざり。玉をたれ下げたかんざし。
【日本】英語の「coffee」の音訳に当てる「珈琲」に用いる字。",Type the reading!,Text
珥,みみだま,"① みみだま。耳に飾る玉。
② つば。刀剣のつば。
③ さしはさむ。",Type the reading!,Text
珥む,さしはさむ,"① みみだま。耳に飾る玉。
② つば。刀剣のつば。
③ さしはさむ。",Type the reading!,Text
珮,おびだま,おびだま。帯につける飾りの玉。,Type the reading!,Text
瑕,きず,"① きず。欠点。かけめ。
② あやまち。過失。つみ。とが。
③ はるか。遠い。",Type the reading!,Text
瑕ち,あやまち,"① きず。欠点。かけめ。
② あやまち。過失。つみ。とが。
③ はるか。遠い。",Type the reading!,Text
瑟,おおごと,"① おおごと。楽器の名。琴の大型のもの。
② しずかなさま。おごそかなさま。",Type the reading!,Text
瑣,くさり,"① くさり。小さい輪を連ねた鎖。
② ちいさい。細かい。こまごまと小さい。
③ つらなる。",Type the reading!,Text
瑣さい,ちいさい,"① くさり。小さい輪を連ねた鎖。
② ちいさい。細かい。こまごまと小さい。
③ つらなる。",Type the reading!,Text
瑣なる,つらなる,"① くさり。小さい輪を連ねた鎖。
② ちいさい。細かい。こまごまと小さい。
③ つらなる。",Type the reading!,Text
瑤,たま,"① たま。美しい玉。玉のように美しいさま。
② 中国の少数民族の名。",Type the reading!,Text
瑩く,みがく,"① 美しい玉。また、玉の美しい色。
② あきらか。あざやか。
③ みがく。",Type the reading!,Text
瑩らか,あきらか,"① 美しい玉。また、玉の美しい色。
② あきらか。あざやか。
③ みがく。",Type the reading!,Text
瑰きい,おおきい,"① おおきい。すぐれる。めずらしい。美しい。
② 美しい玉。丸くて形の良い玉。
③ 玉の名。",Type the reading!,Text
瑰しい,めずらしい,"① おおきい。すぐれる。めずらしい。美しい。
② 美しい玉。丸くて形の良い玉。
③ 玉の名。",Type the reading!,Text
瑰れる,すぐれる,"① おおきい。すぐれる。めずらしい。美しい。
② 美しい玉。丸くて形の良い玉。
③ 玉の名。",Type the reading!,Text
瑶,たま,"① たま。美しい玉。玉のように美しいさま。
② 中国の少数民族の名。",Type the reading!,Text
璇,たま,"① 美しい玉。
② 星の名。北斗七星の第二星。",Type the reading!,Text
璋,"たま,ひしゃく","① たま。圭（けい）を縦に半分に割ったもの。
② ひしゃく。",Type the reading!,Text
璞,あらたま,"① あらたま。掘り出したままで、まだみがかれていない玉。
② 飾り気のないさま。手を加えていないさま。素朴。",Type the reading!,Text
瓊,"たま,に",たま。に。美しい玉。赤い玉。また、玉のように美しいこと。,Type the reading!,Text
瓔り,くびかざり,玉をつないでつくった首飾り。,Type the reading!,Text
瓠,"ひさご,ふくべ","【A】コひさご。ひょうたん。ふくべ。
【B】カク「瓠落（かくらく）」は、丸く中が空虚なさま。",Type the reading!,Text
瓣,はなびら,"① はなびら。花弁。
② 瓜（うり）のさね。瓜の種。
【日本】体内の血液の逆流を防いだり液体・気体の流れを調整したりする花弁状の膜。",Type the reading!,Text
瓧,デカグラム,デカグラム。重さの単位。十グラム。,Type the reading!,Text
瓩,キログラム,キログラム。重さの単位。千グラム。,Type the reading!,Text
瓮,"かめ,もたい",かめ。ほとぎ。もたい。水や酒などの液体を入れるための容器。,Type the reading!,Text
瓰,デシグラム,デシグラム。重さの単位。一グラムの十分の一。,Type the reading!,Text
瓱,ミリグラム,ミリグラム。重さの単位。一グラムの千分の一。,Type the reading!,Text
瓲,トン,トン。重さの単位。千キログラム。,Type the reading!,Text
瓷,"いしやき,かめ","① いしやき。きめの細かく堅い焼き物。
② かめ。徳利。",Type the reading!,Text
瓸,ヘクトグラム,ヘクトグラム。重さの単位。百グラム。,Type the reading!,Text
甃,"いしだたみ,しきがわら","① いしだたみ。平たい石を地面に敷き詰めた所。
② しきがわら。地面に敷き並べるかわら。",Type the reading!,Text
甄,すえ,"① すえ。すえもの。やきもの。陶器。
② 作る。陶器を作る。また、そのための道具。ろくろ。
③ 見分ける。区別する。調べる。",Type the reading!,Text
甄ける,みわける,"① すえ。すえもの。やきもの。陶器。
② 作る。陶器を作る。また、そのための道具。ろくろ。
③ 見分ける。区別する。調べる。",Type the reading!,Text
甄る,つくる,"① すえ。すえもの。やきもの。陶器。
② 作る。陶器を作る。また、そのための道具。ろくろ。
③ 見分ける。区別する。調べる。",Type the reading!,Text
甅,センチグラム,センチグラム。重さの単位。一グラムの百分の一。,Type the reading!,Text
甌,"かめ,はち,ほとぎ",かめ。はち。ほとぎ。もたい。小さい鉢。,Type the reading!,Text
甍,いらか,いらか。むねがわら。,Type the reading!,Text
甎,"かわら,しきがわら",かわら。しきがわら。,Type the reading!,Text
甓,"かわら,しきがわら",かわら。しきがわら。,Type the reading!,Text
甕,"かめ,みか,もたい",かめ。みか。もたい。ほとぎ。水や酒などの液体を入れるための容器。,Type the reading!,Text
甦る,よみがえる,よみがえる。生き返る。,Type the reading!,Text
甸める,おさめる,"① 天子直属の都から一定の区域の土地。
②  郊外。町はずれ。
③  かり。狩りをする。
④  おさめる。統治する。
⑤ 田畑などでとれる作物。",Type the reading!,Text
甸り,かり,"① 天子直属の都から一定の区域の土地。
②  郊外。町はずれ。
③  かり。狩りをする。
④  おさめる。統治する。
⑤ 田畑などでとれる作物。",Type the reading!,Text
甸る,かる,"① 天子直属の都から一定の区域の土地。
②  郊外。町はずれ。
③  かり。狩りをする。
④  おさめる。統治する。
⑤ 田畑などでとれる作物。",Type the reading!,Text
畋り,かり,"① たがやす。田畑をたがやす。
② かり。かる。狩りをする。",Type the reading!,Text
畋る,かる,"① たがやす。田畑をたがやす。
② かり。かる。狩りをする。",Type the reading!,Text
畚,"ふご,もっこ",ふご。もっこ。かご状に編んだ、土などを運ぶ道具。,Type the reading!,Text
畛,"あぜ,さかい","① あぜ。あぜ道。農耕地の間の道。
② さかい。境界。くぎり。うね。
③ つげる。",Type the reading!,Text
畤,まつりのにわ,祭りの庭。天地の神や五帝を祭る場所。,Type the reading!,Text
畬,"あらた,やきはた","【A】シャやきはた。やきた。雑草などを焼き払いならした耕作地。
【B】ヨあらた。新しい田。開墾してまもない田。また、田をひらくこと。開墾すること。",Type the reading!,Text
畭,"あらた,やきはた","【A】シャやきはた。やきた。雑草などを焼き払いならした耕作地。
【B】ヨあらた。新しい田。開墾してまもない田。また、田をひらくこと。開墾すること。",Type the reading!,Text
畴,"うね,たぐい,だれ,むかし","① うね。畑のうね。
② さきに。むかし。昨日。
③ 類。ともがら。仲間。同類。
④ 誰。
⑤ 報いる。",Type the reading!,Text
畴いる,むくいる,"① うね。畑のうね。
② さきに。むかし。昨日。
③ 類。ともがら。仲間。同類。
④ 誰。
⑤ 報いる。",Type the reading!,Text
畴に,さきに,"① うね。畑のうね。
② さきに。むかし。昨日。
③ 類。ともがら。仲間。同類。
④ 誰。
⑤ 報いる。",Type the reading!,Text
畸しい,めずらしい,"① 区切った耕地の余りの地。
② 転じて、余り。端数。残り。
③ めずらしい。風変わりな。変わっている。
④ 身体・体形に障害のあること。",Type the reading!,Text
畸り,"あまり,のこり","① 区切った耕地の余りの地。
② 転じて、余り。端数。残り。
③ めずらしい。風変わりな。変わっている。
④ 身体・体形に障害のあること。",Type the reading!,Text
疆,さかい,"① かぎり。限界。果て。
② かぎる。境をつくる。境を設ける。
③ さかい。区切り。境界。",Type the reading!,Text
疆り,かぎり,"① かぎり。限界。果て。
② かぎる。境をつくる。境を設ける。
③ さかい。区切り。境界。",Type the reading!,Text
疆る,かぎる,"① かぎり。限界。果て。
② かぎる。境をつくる。境を設ける。
③ さかい。区切り。境界。",Type the reading!,Text
疇,"うね,たぐい,だれ,むかし","① うね。畑のうね。
② さきに。むかし。昨日。
③ 類。ともがら。仲間。同類。
④ 誰。
⑤ 報いる。",Type the reading!,Text
疇いる,むくいる,"① うね。畑のうね。
② さきに。むかし。昨日。
③ 類。ともがら。仲間。同類。
④ 誰。
⑤ 報いる。",Type the reading!,Text
疇に,さきに,"① うね。畑のうね。
② さきに。むかし。昨日。
③ 類。ともがら。仲間。同類。
④ 誰。
⑤ 報いる。",Type the reading!,Text
疔,"かさ,できもの",できもの。かさ。顔面に生じる悪性のはれもの。,Type the reading!,Text
疚い,ながわずらい,"① やむ。なやむ。病気になる。ながわずらい。
② やましい。なやます。気がとがめる。良心にはじる。",Type the reading!,Text
疚しい,やましい,"① やむ。なやむ。病気になる。ながわずらい。
② やましい。なやます。気がとがめる。良心にはじる。",Type the reading!,Text
疚む,"なやむ,やむ","① やむ。なやむ。病気になる。ながわずらい。
② やましい。なやます。気がとがめる。良心にはじる。",Type the reading!,Text
疝,せんき,下腹部が痛む病気。はらいたみ。例：疝気（せんき） 疝痛（せんつう）,Type the reading!,Text
疣,いぼ,いぼ。肌にできる小さな突起。,Type the reading!,Text
疣れる,はれる,いぼ。肌にできる小さな突起。,Type the reading!,Text
疥,"おこり,はたけ,ひぜん","① おこり。マラリア。
② はたけ。ひぜん。皮膚病の一種。皮膚におきる湿疹。",Type the reading!,Text
疱,"とびひ,もがさ","① もがさ。ほうそう。皮膚にできものができる。天然痘。
② とびひ。すいほう。",Type the reading!,Text
疵,"きず,やまい","① きず。傷跡。身体の傷。罪。過失。欠点。
② そしる。悪口をいう。過失や欠点を責める。
③ 病気。やまい。",Type the reading!,Text
疵る,そしる,"① きず。傷跡。身体の傷。罪。過失。欠点。
② そしる。悪口をいう。過失や欠点を責める。
③ 病気。やまい。",Type the reading!,Text
疸,おうだん,「黄疸（おうだん）」は肝臓や胆嚢（たんのう）の異常によって、体が黄色くなる病気。,Type the reading!,Text
疼き,うずき,"① うずく。いたむ。
② うずき。いたみ。ずきずきする痛み。",Type the reading!,Text
疼く,うずく,"① うずく。いたむ。
② うずき。いたみ。ずきずきする痛み。",Type the reading!,Text
疼む,いたむ,"① うずく。いたむ。
② うずき。いたみ。ずきずきする痛み。",Type the reading!,Text
疽,"かさ,はれもの",かさ。悪性のはれもの。できもの。,Type the reading!,Text
痂,"かさぶた,ひぜん",かさぶた。ひぜん。できものや傷の治りかけのときに、皮膚に生ずる厚い皮。,Type the reading!,Text
痊える,いえる,いえる。いやす。病気が治る。,Type the reading!,Text
痊やす,いやす,いえる。いやす。病気が治る。,Type the reading!,Text
痍,きず,きず。切り傷。きずつく。きずつける。負傷する。,Type the reading!,Text
痍つく,きずつく,きず。切り傷。きずつく。きずつける。負傷する。,Type the reading!,Text
痍つける,きずつける,きず。切り傷。きずつく。きずつける。負傷する。,Type the reading!,Text
痒,"かさ,やまい","【A】ヨウ
① 病む。やまい。病気になる。
② かさ。できもの。はれもの。おでき。
【B】ヨウかゆい。むずむずする。",Type the reading!,Text
痒い,かゆい,"【A】ヨウ
① 病む。やまい。病気になる。
② かさ。できもの。はれもの。おでき。
【B】ヨウかゆい。むずむずする。",Type the reading!,Text
痒む,やむ,"【A】ヨウ
① 病む。やまい。病気になる。
② かさ。できもの。はれもの。おでき。
【B】ヨウかゆい。むずむずする。",Type the reading!,Text
痙る,ひきつる,ひきつる。筋肉がひきつる。ひきつけ。筋肉が不自然にちぢむ。,Type the reading!,Text
痞え,つかえ,つかえ。つかえる。はらいたみ。腹が痛む病気。また、胸が心がふさがって苦しいこと。,Type the reading!,Text
痞える,つかえる,つかえ。つかえる。はらいたみ。腹が痛む病気。また、胸が心がふさがって苦しいこと。,Type the reading!,Text
痣,"あざ,ほくろ","① あざ。皮膚の一部が変色したもの。
② ほくろ。",Type the reading!,Text
痲れ,しびれ,しびれ。しびれる。神経がおかされ、感覚作用を失うこと。,Type the reading!,Text
痲れる,しびれる,しびれ。しびれる。神経がおかされ、感覚作用を失うこと。,Type the reading!,Text
痳,"せんき,りんびょう","① せんき。腰や腹がひきつって痛む病気。
② 「痳病（りんびょう）」は性病の一種。",Type the reading!,Text
痹れ,しびれ,"① しびれる。しびれ。体の感覚がなくなる。＝痺
② 病気の名。リウマチ。",Type the reading!,Text
痹れる,しびれる,"① しびれる。しびれ。体の感覚がなくなる。＝痺
② 病気の名。リウマチ。",Type the reading!,Text
痺れる,しびれる,"① しびれる。しびれ。体の感覚がなくなる。例：麻痺（まひ）
② うずらの雌。",Type the reading!,Text
痼い,ながわずらい,"① ながわずらい。長く治らない病気。
② こりかたまる。",Type the reading!,Text
痼り,しこり,"① ながわずらい。長く治らない病気。
② こりかたまる。",Type the reading!,Text
痾,やまい,やまい。長い病気。重い病気。持病。こじれて治りにくい病気。,Type the reading!,Text
痿える,なえる,"① しびれる。
② なえる。衰える。しおれる。力がなくなる。",Type the reading!,Text
痿れる,しびれる,"① しびれる。
② なえる。衰える。しおれる。力がなくなる。",Type the reading!,Text
瘁れる,"つかれる,やつれる","① 疲れる。やつれる。おとろえる。病む。
② やぶれる。こわれる。くずれる。",Type the reading!,Text
瘉える,いえる,いえる。いやす。なおす。病気が治る。,Type the reading!,Text
瘉やす,いやす,いえる。いやす。なおす。病気が治る。,Type the reading!,Text
瘋,ずつう,"① 頭痛。
② 精神病の一種。気狂い。狂人。",Type the reading!,Text
瘟,えやみ,えやみ。はやりやまい。熱病。感染症。,Type the reading!,Text
瘠せる,やせる,"① やせる。やせ細る。体が細くなる。
② 土地がやせている。地味がとぼしい。",Type the reading!,Text
瘡,"かさ,きず,くさ","① かさ。くさ。皮膚にできるはれもの。できもの。
② きず。きずあと。切り傷。",Type the reading!,Text
瘢,"きず,きずあと,そばかす","① きず。きずあと。傷のあと。
② 皮膚にできる斑点。しみ。そばかす。",Type the reading!,Text
瘤,"こぶ,はれもの","こぶ。はれもの。皮膚の肉がかたまってできた突起。
【日本】こぶ。邪魔もの。厄介もの。はれもの。",Type the reading!,Text
瘧,おこり,おこり。わらわやみ。マラリア。発熱を伴う病気。,Type the reading!,Text
瘻,"こぶ,はれもの","【A】ル背骨が曲がる病気。せむし。
【B】ロウ首にはれものができる病気。",Type the reading!,Text
癆せる,おとろえやせる,"① 痛み。痛む。
② やつれる。おとろえやせる。また、その病気。肺結核。
③ かぶれ。",Type the reading!,Text
癆む,いたむ,"① 痛み。痛む。
② やつれる。おとろえやせる。また、その病気。肺結核。
③ かぶれ。",Type the reading!,Text
癆れ,かぶれ,"① 痛み。痛む。
② やつれる。おとろえやせる。また、その病気。肺結核。
③ かぶれ。",Type the reading!,Text
癇け,ひきつけ,"① かん。小児のひきつけ。神経症の一種。
② 「癲癇（てんかん）」は発作的にひきつけを起こし、意識を失う病気。
【日本】かん。怒りっぽい性質。すぐにかっとなる気質のこと。",Type the reading!,Text
癘,えやみ,"① えやみ。流行病。
② ハンセン病。",Type the reading!,Text
癜,なまず,なまず。肌に褐色や白色の斑点ができる皮膚病。,Type the reading!,Text
癢い,かゆい,"① かゆい。
② はがゆい。もだえる。むずむずする。",Type the reading!,Text
癬,"たむし,ひぜん",たむし。ひぜん。かゆみを伴う皮膚病の一種。,Type the reading!,Text
癭,こぶ,"① こぶ。樹木にできる瘤（こぶ）。
② 首にできる瘤。腫れ物。",Type the reading!,Text
癰,はれもの,悪性のはれもの。できもの。,Type the reading!,Text
癲う,くるう,"① 狂う。気がふれる。精神に異常をきたす。
② 「癲癇（てんかん）」は発作的にひきつけを起こし、意識を失う病気。",Type the reading!,Text
癴る,ひきつる,ひく。ひきつる。病気で体が曲がる。,Type the reading!,Text
癸,みずのと,"① 十干（じっかん）の十番目。みずのと。五行では水。方位では北。
② はかる。",Type the reading!,Text
癸る,はかる,"① 十干（じっかん）の十番目。みずのと。五行では水。方位では北。
② はかる。",Type the reading!,Text
皁,"うまや,かいばおけ,くろ,しもべ,どんぐり","① どんぐり。クヌギなどの木の実。黒い染料に用いる。
② 黒い。黒色。
③ 身分の低い役人。また、召使い。しもべ。
④ 馬小屋。飼葉桶。",Type the reading!,Text
皁い,くろい,"① どんぐり。クヌギなどの木の実。黒い染料に用いる。
② 黒い。黒色。
③ 身分の低い役人。また、召使い。しもべ。
④ 馬小屋。飼葉桶。",Type the reading!,Text
皎い,"きよい,しろい","① あかるい。しろい。白く光る。白く明るい。
② きよい。潔白。白く清い。",Type the reading!,Text
皎るい,あかるい,"① あかるい。しろい。白く光る。白く明るい。
② きよい。潔白。白く清い。",Type the reading!,Text
皓い,"きよい,しろい","① しろい。ひかる。しろく光り輝く。
② きよい。あきらか。いさぎよい。潔白。",Type the reading!,Text
皓る,ひかる,"① しろい。ひかる。しろく光り輝く。
② きよい。あきらか。いさぎよい。潔白。",Type the reading!,Text
皖らか,あきらか,"① 明らか。明らかなさま。
② 春秋時代の国名。また、安徽（あんき）省の別称。",Type the reading!,Text
皙,なつめ,"① 白い。人の皮膚が白いこと。
② なつめ。実のならないなつめ。",Type the reading!,Text
皙い,しろい,"① 白い。人の皮膚が白いこと。
② なつめ。実のならないなつめ。",Type the reading!,Text
皚い,しろい,しろい。雪や霜のように白いさま。,Type the reading!,Text
皰,"にきび,もがさ",にきび。もがさ。顔にできるふきでもの。＝靤,Type the reading!,Text
皴,"しわ,ひび","① ひび。あかぎれ。
② しわ。ひだ。
③ しわやひだを描き表す画法の一種。",Type the reading!,Text
皸,"あかぎれ,ひび",ひび。あかぎれ。,Type the reading!,Text
皹,"あかぎれ,ひび",ひび。あかぎれ。,Type the reading!,Text
皺,しわ,"① しわ。皮膚や布などがたるんでできるしわ。表面のひだ。
② しわむ。しわができる。しわがよる。",Type the reading!,Text
皺む,しわむ,"① しわ。皮膚や布などがたるんでできるしわ。表面のひだ。
② しわむ。しわができる。しわがよる。",Type the reading!,Text
盂,"はち,わん",はち。わん。飲食物を盛るための容器。,Type the reading!,Text
盍う,"あう,おおう","① あう。集まる。寄り集まる。
② おおう。ふたをする。おおいかぶせる。
③ 「なんぞ～ざる」と読み、「どうして～しないのか」の意を表わす。
④ 「なんぞ」と読み、「どうして」「どうして～か」と疑問・反語の意を表わす。",Type the reading!,Text
盍ぞ,なんぞ,"① あう。集まる。寄り集まる。
② おおう。ふたをする。おおいかぶせる。
③ 「なんぞ～ざる」と読み、「どうして～しないのか」の意を表わす。
④ 「なんぞ」と読み、「どうして」「どうして～か」と疑問・反語の意を表わす。",Type the reading!,Text
盒,"さら,ふた,ふたもの","① さら。はち。
② ふたもの。ふたのついた小さな容器。",Type the reading!,Text
盞,さかずき,さかずき。小さなさかずき。,Type the reading!,Text
盥,たらい,"すすぐ。あらう。そそぐ。手を洗う。
【日本】たらい。手を洗うのに用いる器。",Type the reading!,Text
盥ぐ,"すすぐ,そそぐ","すすぐ。あらう。そそぐ。手を洗う。
【日本】たらい。手を洗うのに用いる器。",Type the reading!,Text
盧,めしびつ,"① めしびつ。飯を入れるための容器。
② 黒い。黒い色。
③ 酒を売る場所。酒屋。
④ すびつ。火入れ。",Type the reading!,Text
盧い,くろい,"① めしびつ。飯を入れるための容器。
② 黒い。黒い色。
③ 酒を売る場所。酒屋。
④ すびつ。火入れ。",Type the reading!,Text
盪,ほしいまま,"① 洗う。洗い去る。洗い除く。払い除く。すっかりなくす。
② 動く。動かす。揺れる。揺れ動く。ただよう。
③ とろける。しまりがない。だらしがない。乱す。みだら。ほしいまま。
④ のびやか。ゆったりしているさま。ひろびろしているさま。",Type the reading!,Text
盪う,"あらう,はらう","① 洗う。洗い去る。洗い除く。払い除く。すっかりなくす。
② 動く。動かす。揺れる。揺れ動く。ただよう。
③ とろける。しまりがない。だらしがない。乱す。みだら。ほしいまま。
④ のびやか。ゆったりしているさま。ひろびろしているさま。",Type the reading!,Text
盪かす,うごかす,"① 洗う。洗い去る。洗い除く。払い除く。すっかりなくす。
② 動く。動かす。揺れる。揺れ動く。ただよう。
③ とろける。しまりがない。だらしがない。乱す。みだら。ほしいまま。
④ のびやか。ゆったりしているさま。ひろびろしているさま。",Type the reading!,Text
盪く,うごく,"① 洗う。洗い去る。洗い除く。払い除く。すっかりなくす。
② 動く。動かす。揺れる。揺れ動く。ただよう。
③ とろける。しまりがない。だらしがない。乱す。みだら。ほしいまま。
④ のびやか。ゆったりしているさま。ひろびろしているさま。",Type the reading!,Text
盪ける,とろける,"① 洗う。洗い去る。洗い除く。払い除く。すっかりなくす。
② 動く。動かす。揺れる。揺れ動く。ただよう。
③ とろける。しまりがない。だらしがない。乱す。みだら。ほしいまま。
④ のびやか。ゆったりしているさま。ひろびろしているさま。",Type the reading!,Text
盻みる,かえりみる,"① にらむ。うらみ。うらみ見る。
② かえりみる。",Type the reading!,Text
盻む,にらむ,"① にらむ。うらみ。うらみ見る。
② かえりみる。",Type the reading!,Text
眄,ながしめ,"① かえりみる。ながめる。
② みる。流し目でちらりとみる。横目でみる。",Type the reading!,Text
眄みる,かえりみる,"① かえりみる。ながめる。
② みる。流し目でちらりとみる。横目でみる。",Type the reading!,Text
眄める,ながめる,"① かえりみる。ながめる。
② みる。流し目でちらりとみる。横目でみる。",Type the reading!,Text
眄る,みる,"① かえりみる。ながめる。
② みる。流し目でちらりとみる。横目でみる。",Type the reading!,Text
眇,すがめ,"① すがめ。片方の目が小さい。片方の目が見えない。
② すがめる。目を細くして見る。
③ 小さい。細かい。かすか。はるか。
④ おくぶかい。
⑤ つくす。",Type the reading!,Text
眇い,おくぶかい,"① すがめ。片方の目が小さい。片方の目が見えない。
② すがめる。目を細くして見る。
③ 小さい。細かい。かすか。はるか。
④ おくぶかい。
⑤ つくす。",Type the reading!,Text
眇か,"かすか,はるか","① すがめ。片方の目が小さい。片方の目が見えない。
② すがめる。目を細くして見る。
③ 小さい。細かい。かすか。はるか。
④ おくぶかい。
⑤ つくす。",Type the reading!,Text
眇さい,ちいさい,"① すがめ。片方の目が小さい。片方の目が見えない。
② すがめる。目を細くして見る。
③ 小さい。細かい。かすか。はるか。
④ おくぶかい。
⑤ つくす。",Type the reading!,Text
眇める,すがめる,"① すがめ。片方の目が小さい。片方の目が見えない。
② すがめる。目を細くして見る。
③ 小さい。細かい。かすか。はるか。
④ おくぶかい。
⑤ つくす。",Type the reading!,Text
眈む,にらむ,にらむ。見下ろす。ねらい見る。,Type the reading!,Text
眛い,くらい,くらい。目がよくみえない。はっきりみえない。,Type the reading!,Text
眥,まなじり,"① めじり。まなじり。
② じろりとにらむ。",Type the reading!,Text
眥む,にらむ,"① めじり。まなじり。
② じろりとにらむ。",Type the reading!,Text
眦,まなじり,"① めじり。まなじり。
② じろりとにらむ。",Type the reading!,Text
眦む,にらむ,"① めじり。まなじり。
② じろりとにらむ。",Type the reading!,Text
眩,めまい,"① くらむ。目が回る。めまいがする。くるめく。
② くらます。くらませる。まどわす。まよわせる。
③ まぶしい。まばゆい。
④ まう。まどう。迷う。",Type the reading!,Text
眩い,まばゆい,"① くらむ。目が回る。めまいがする。くるめく。
② くらます。くらませる。まどわす。まよわせる。
③ まぶしい。まばゆい。
④ まう。まどう。迷う。",Type the reading!,Text
眩う,"まう,まどう","① くらむ。目が回る。めまいがする。くるめく。
② くらます。くらませる。まどわす。まよわせる。
③ まぶしい。まばゆい。
④ まう。まどう。迷う。",Type the reading!,Text
眩く,くるめく,"① くらむ。目が回る。めまいがする。くるめく。
② くらます。くらませる。まどわす。まよわせる。
③ まぶしい。まばゆい。
④ まう。まどう。迷う。",Type the reading!,Text
眩しい,まぶしい,"① くらむ。目が回る。めまいがする。くるめく。
② くらます。くらませる。まどわす。まよわせる。
③ まぶしい。まばゆい。
④ まう。まどう。迷う。",Type the reading!,Text
眩ます,くらます,"① くらむ。目が回る。めまいがする。くるめく。
② くらます。くらませる。まどわす。まよわせる。
③ まぶしい。まばゆい。
④ まう。まどう。迷う。",Type the reading!,Text
眩む,くらむ,"① くらむ。目が回る。めまいがする。くるめく。
② くらます。くらませる。まどわす。まよわせる。
③ まぶしい。まばゆい。
④ まう。まどう。迷う。",Type the reading!,Text
眩れる,くれる,"① くらむ。目が回る。めまいがする。くるめく。
② くらます。くらませる。まどわす。まよわせる。
③ まぶしい。まばゆい。
④ まう。まどう。迷う。",Type the reading!,Text
眷,みうち,"① かえりみる。目をかける。振り返って見る。いつくしむ。
② なさけ。めぐみ。
③ こいしたう。心がひかれる。
④ 身内。仲間。親族。",Type the reading!,Text
眷け,なさけ,"① かえりみる。目をかける。振り返って見る。いつくしむ。
② なさけ。めぐみ。
③ こいしたう。心がひかれる。
④ 身内。仲間。親族。",Type the reading!,Text
眷み,めぐみ,"① かえりみる。目をかける。振り返って見る。いつくしむ。
② なさけ。めぐみ。
③ こいしたう。心がひかれる。
④ 身内。仲間。親族。",Type the reading!,Text
眷みる,かえりみる,"① かえりみる。目をかける。振り返って見る。いつくしむ。
② なさけ。めぐみ。
③ こいしたう。心がひかれる。
④ 身内。仲間。親族。",Type the reading!,Text
眸,ひとみ,目。ひとみ。眼球の黒いところ。,Type the reading!,Text
睇,"ながしめ,よこめ","① 流し目で見る。ぬすみ見する。横目で見る。
② 流し目。横目。",Type the reading!,Text
睇る,ぬすみみる,"① 流し目で見る。ぬすみ見する。横目で見る。
② 流し目。横目。",Type the reading!,Text
睚,まなじり,"① にらむ。にくみ見る。
② まなじり。めじり。目のふち。まぶた。",Type the reading!,Text
睚む,にらむ,"① にらむ。にくみ見る。
② まなじり。めじり。目のふち。まぶた。",Type the reading!,Text
睛,ひとみ,目。ひとみ。眼球。黒目。,Type the reading!,Text
睥,ながしめ,みる。にらむ。横目で見る。伺い見る。流し目で見る。,Type the reading!,Text
睥む,にらむ,みる。にらむ。横目で見る。伺い見る。流し目で見る。,Type the reading!,Text
睨く,かたむく,"① にらむ。横目で見る。流し目で見る。
② うかがう。うかがい見る。ようすをうかがう。
③ かたむく。日が傾いて横から照らす。",Type the reading!,Text
睨む,にらむ,"① にらむ。横目で見る。流し目で見る。
② うかがう。うかがい見る。ようすをうかがう。
③ かたむく。日が傾いて横から照らす。",Type the reading!,Text
睫,まつげ,"① まつげ。まぶたの毛。目のまわりに生えている毛。
② まばたく。またたく。",Type the reading!,Text
睹る,みる,みる。よくみる。じっとみる。見分ける。,Type the reading!,Text
睾,"きんたま,さわ","① きんたま。男性の持つ生殖器官。
② さわ。水辺の低地。
③ 高いさま。広いさま。",Type the reading!,Text
睾い,たかい,"① きんたま。男性の持つ生殖器官。
② さわ。水辺の低地。
③ 高いさま。広いさま。",Type the reading!,Text
瞋らす,いからす,いかる。いからす。怒って目をむく。目をいからせる。,Type the reading!,Text
瞋る,いかる,いかる。いからす。怒って目をむく。目をいからせる。,Type the reading!,Text
瞎い,くらい,"① 片方の目が見えないこと。視力のないこと。
② 道理にくらい。
③ やみくも。でたらめ。",Type the reading!,Text
瞑い,くらい,"【A】ミョウ・メイ
① 目をつぶる。目をとじる。
② 死ぬ。永眠する。
③ くらい。はっきりみえない。よく見えない。
【B】メンねむる。ねる。
【C】メン目がくらむ。",Type the reading!,Text
瞑る,つぶる,"【A】ミョウ・メイ
① 目をつぶる。目をとじる。
② 死ぬ。永眠する。
③ くらい。はっきりみえない。よく見えない。
【B】メンねむる。ねる。
【C】メン目がくらむ。",Type the reading!,Text
瞞く,あざむく,"【A】バン・マン
① あざむく。だます。すかす。くらます。
② くらい。目がくらむ。はっきり見えない。
【B】モン恥じる。",Type the reading!,Text
瞞じる,はじる,"【A】バン・マン
① あざむく。だます。すかす。くらます。
② くらい。目がくらむ。はっきり見えない。
【B】モン恥じる。",Type the reading!,Text
瞞す,だます,"【A】バン・マン
① あざむく。だます。すかす。くらます。
② くらい。目がくらむ。はっきり見えない。
【B】モン恥じる。",Type the reading!,Text
瞠める,みつめる,みはる。目を見張る。目を大きく見開く。見つめる。,Type the reading!,Text
瞠る,みはる,みはる。目を見張る。目を大きく見開く。見つめる。,Type the reading!,Text
瞰む,のぞむ,"① みる。みおろす。上からみる。
② ながめる。のぞむ。遠くをみる。",Type the reading!,Text
瞰る,みる,"① みる。みおろす。上からみる。
② ながめる。のぞむ。遠くをみる。",Type the reading!,Text
瞰ろす,みおろす,"① みる。みおろす。上からみる。
② ながめる。のぞむ。遠くをみる。",Type the reading!,Text
瞻る,みる,見る。見上げる。あおぎ見る。,Type the reading!,Text
瞼,まぶた,まぶた。眼球をおおう皮。,Type the reading!,Text
瞽,めくら,"① めくら。目が見えない。盲人。
② おろか。道理にくらい。
③ 古代、音楽を仕事にする人。楽人。",Type the reading!,Text
瞿る,みる,"① みる。見まわす。するどい目つきで見る。
② おどろく。おそれる。驚きおそれる。",Type the reading!,Text
瞿れる,おそれる,"① みる。見まわす。するどい目つきで見る。
② おどろく。おそれる。驚きおそれる。",Type the reading!,Text
矇い,くらい,"① 目が見えないこと。また、目の見えない人。
② 暗い。道理にくらい。道理がよくわからない。おろか。",Type the reading!,Text
矇か,おろか,"① 目が見えないこと。また、目の見えない人。
② 暗い。道理にくらい。道理がよくわからない。おろか。",Type the reading!,Text
矍す,みまわす,"① あわてる。おどろく。驚きあわてる。落ち着かないさま。きょろきょろと見回す。
② はやる。元気の良いさま。いさむ。",Type the reading!,Text
矍てる,あわてる,"① あわてる。おどろく。驚きあわてる。落ち着かないさま。きょろきょろと見回す。
② はやる。元気の良いさま。いさむ。",Type the reading!,Text
矍む,いさむ,"① あわてる。おどろく。驚きあわてる。落ち着かないさま。きょろきょろと見回す。
② はやる。元気の良いさま。いさむ。",Type the reading!,Text
矚る,みる,みる。ながめる。目をつける。目をとめて見る。注目する。,Type the reading!,Text
矜,やもお,"【A】キョウ
① あわれむ。いたむ。かなしむ。気の毒に思う。
② うやまう。つつしむ。
③ ほこる。おごりたかぶる。うぬぼれる。自負する。
【B】カン年をとって妻のいない男。
【C】キンほこの柄。",Type the reading!,Text
矜む,つつしむ,"【A】キョウ
① あわれむ。いたむ。かなしむ。気の毒に思う。
② うやまう。つつしむ。
③ ほこる。おごりたかぶる。うぬぼれる。自負する。
【B】カン年をとって妻のいない男。
【C】キンほこの柄。",Type the reading!,Text
矜る,ほこる,"【A】キョウ
① あわれむ。いたむ。かなしむ。気の毒に思う。
② うやまう。つつしむ。
③ ほこる。おごりたかぶる。うぬぼれる。自負する。
【B】カン年をとって妻のいない男。
【C】キンほこの柄。",Type the reading!,Text
矜れむ,あわれむ,"【A】キョウ
① あわれむ。いたむ。かなしむ。気の毒に思う。
② うやまう。つつしむ。
③ ほこる。おごりたかぶる。うぬぼれる。自負する。
【B】カン年をとって妻のいない男。
【C】キンほこの柄。",Type the reading!,Text
矮い,"ひくい,みじかい","① 低い。短い。背丈が低い。高くない。
② 背の低い人。",Type the reading!,Text
矻く,はたらく,「矻矻（こつこつ）」は、はたらく。努力するさま。勤め励むさま。,Type the reading!,Text
矼,"いしばし,とびいし","【A】いしばし。水中の飛び石。
【B】かたい。誠実なさま。まじめなさま。",Type the reading!,Text
矼い,かたい,"【A】いしばし。水中の飛び石。
【B】かたい。誠実なさま。まじめなさま。",Type the reading!,Text
砌,みぎり,"みぎり。石の階段。石だたみ。
【日本】
① みぎり。軒下や階段下の石だたみ。庭。
② みぎり。おり。ころ。そのとき。時節。",Type the reading!,Text
砠,"いしやま,つちやま",いしやま。つちやま。石・土でできた山。,Type the reading!,Text
硅る,やぶる,"【A】カクやぶる。やぶれる。
【B】ケイ鉱物の名。化学元素の一つ。珪素（けいそ）",Type the reading!,Text
碣,いしぶみ,"① 立っている石。立ちはだかる岩石。
② 山が高くそびえるさま。
③ いしぶみ。文字の刻まれた石。特に、円形や楕円形の石碑のこと。",Type the reading!,Text
碪,きぬた,"① きぬた。きぬで布をうち、つやを出すときに用いる台。
② 木などを切るための台。",Type the reading!,Text
碼,ヤード,"① 「碼瑙（めのう）」は宝石の名。
② ヤード。英語のyardに当てたもの。長さの単位。約九十一センチメートル。
③ 「号碼（ごうま・ごうば）」は、数の記号。",Type the reading!,Text
碾,うす,"① うす。いしうす。ひきうす。穀物をひいて細かくする道具。
② ひく。うすでひいて粉にする。細かくする。",Type the reading!,Text
碾く,ひく,"① うす。いしうす。ひきうす。穀物をひいて細かくする道具。
② ひく。うすでひいて粉にする。細かくする。",Type the reading!,Text
磅,ポンド,"① 石や水の落ちるおとの形容。
② ポンド。英語の音訳。重さの単位。また、イギリスの通貨単位。",Type the reading!,Text
磋く,みがく,"① みがく。すりみがく。象牙や骨、角などをみがき、細工をする。
② 転じて、はげむ。つとめる。努力して学問や知徳などをみがく。",Type the reading!,Text
磑,"いしうす,うす,ひきうす","【A】ガイうす。石うす。ひきうす。
【B】ガイ「磑磑（がいがい）」は堅いさま。また高く積み重なるさま。",Type the reading!,Text
磔,はりつけ,"① さく。罪人のからだを引き裂く刑罰。車裂き。
② はりつけ。死体を物にはりつけ、市中にさらす。
③ 鳥の鳴き声や羽ばたく音の形容。
④ 書法「永字八法」の一つ。筆画の捺。右はらいのこと。",Type the reading!,Text
磔く,さく,"① さく。罪人のからだを引き裂く刑罰。車裂き。
② はりつけ。死体を物にはりつけ、市中にさらす。
③ 鳥の鳴き声や羽ばたく音の形容。
④ 書法「永字八法」の一つ。筆画の捺。右はらいのこと。",Type the reading!,Text
磚,かわら,かわら。しきがわら。,Type the reading!,Text
磧,"かわら,さばく","① かわら。小石や砂の多い水辺。
② すなはら。砂漠。",Type the reading!,Text
磴,"いしざか,いしだん,いしばし","① いしざか。いしだん。石でできた階段。
② いしばし。石でできた橋。",Type the reading!,Text
礑,そこ,"① 底。物の一番下の部分。
② はたと。はったと。急に・激しくの意。",Type the reading!,Text
礑と,"はたと,はったと","① 底。物の一番下の部分。
② はたと。はったと。急に・激しくの意。",Type the reading!,Text
礒,いそ,"岩石がごつごつと突き出ているさま。
【日本】いそ。海や湖で、石や岩の多い波打ちぎわ。",Type the reading!,Text
礙える,ささえる,"① さえぎる。さまたげる。邪魔をする。
② さまたげ。邪魔になるもの。
③ ささえ。ささえる。",Type the reading!,Text
礙げる,さまたげる,"① さえぎる。さまたげる。邪魔をする。
② さまたげ。邪魔になるもの。
③ ささえ。ささえる。",Type the reading!,Text
礫,"いしころ,こいし,つぶて",こいし。いしころ。つぶて。いしつぶて。,Type the reading!,Text
祀,とし,"① とし。殷代における「年」のこと。
② まつる。まつり。神としてまつる。",Type the reading!,Text
祀り,まつり,"① とし。殷代における「年」のこと。
② まつる。まつり。神としてまつる。",Type the reading!,Text
祀る,まつる,"① とし。殷代における「年」のこと。
② まつる。まつり。神としてまつる。",Type the reading!,Text
祓い,はらい,"① はらい。はらう。けがれを払い清める。
② のぞく。のぞきさる。払いのぞく。",Type the reading!,Text
祓う,はらう,"① はらい。はらう。けがれを払い清める。
② のぞく。のぞきさる。払いのぞく。",Type the reading!,Text
祗,ただ,"① つつしむ。うやまう。
② 「ただ」「まさに」と読み、限定の意を表す。",Type the reading!,Text
祗む,つつしむ,"① つつしむ。うやまう。
② 「ただ」「まさに」と読み、限定の意を表す。",Type the reading!,Text
祚,"くらい,とし","① さいわい。しあわせ。天から授かった幸福。
② 天子の位。
③ 年。",Type the reading!,Text
祚い,さいわい,"① さいわい。しあわせ。天から授かった幸福。
② 天子の位。
③ 年。",Type the reading!,Text
祟り,たたり,たたる。たたり。わざわい。神仏のたたり。,Type the reading!,Text
祟る,たたる,たたる。たたり。わざわい。神仏のたたり。,Type the reading!,Text
祠,ほこら,"① ほこや。やしろ。みたまや。おたまや。神や先祖の霊を祭ってあるところ。
② まつる。神を祭る。願いがかなえられたお礼として祭る。
③ まつり。春の祭り。",Type the reading!,Text
祠り,まつり,"① ほこや。やしろ。みたまや。おたまや。神や先祖の霊を祭ってあるところ。
② まつる。神を祭る。願いがかなえられたお礼として祭る。
③ まつり。春の祭り。",Type the reading!,Text
祠る,まつる,"① ほこや。やしろ。みたまや。おたまや。神や先祖の霊を祭ってあるところ。
② まつる。神を祭る。願いがかなえられたお礼として祭る。
③ まつり。春の祭り。",Type the reading!,Text
祺い,さいわい,"① さいわい。めでたい。縁起のよい。
② やすらか。心安らかなさま。安泰であるさま。",Type the reading!,Text
祺らか,やすらか,"① さいわい。めでたい。縁起のよい。
② やすらか。心安らかなさま。安泰であるさま。",Type the reading!,Text
禀,"こめぐら,ふち","【A】ヒン
① 受ける。授かる。上から下に与える。
② 扶持。俸給。また、俸給としての穀物。
③ 生まれつき。天からさずかった性質。例：天稟（てんぴん）
④ 申す。申し上げる。
【B】リンこめぐら。食糧。",Type the reading!,Text
禀ける,うける,"【A】ヒン
① 受ける。授かる。上から下に与える。
② 扶持。俸給。また、俸給としての穀物。
③ 生まれつき。天からさずかった性質。例：天稟（てんぴん）
④ 申す。申し上げる。
【B】リンこめぐら。食糧。",Type the reading!,Text
禀す,もうす,"【A】ヒン
① 受ける。授かる。上から下に与える。
② 扶持。俸給。また、俸給としての穀物。
③ 生まれつき。天からさずかった性質。例：天稟（てんぴん）
④ 申す。申し上げる。
【B】リンこめぐら。食糧。",Type the reading!,Text
禊,みそぎ,"① みそぎ。水辺で身を洗い清める。
② はらう。みそぎする。清める。",Type the reading!,Text
禊う,はらう,"① みそぎ。水辺で身を洗い清める。
② はらう。みそぎする。清める。",Type the reading!,Text
禧い,"さいわい,めでたい",さいわい。めでたい。よろこび。,Type the reading!,Text
禧び,よろこび,さいわい。めでたい。よろこび。,Type the reading!,Text
禳い,はらい,はらい。はらう。おはらいする。災いをはらう。,Type the reading!,Text
禳う,はらう,はらい。はらう。おはらいする。災いをはらう。,Type the reading!,Text
禺,おながざる,"【A】グ・グウおながざる。獣の名。
【B】グ・グウわかち。区別。区域。",Type the reading!,Text
秉,"いねたば,え","① とる。持つ。手に持つ。にぎる。
② 守る。しっかりと守る。つかさどる。
③ いねたば。一握りの稲のたば。
④ 柄。権勢。
⑤ 穀物の容量をはかる単位。十六斛（こく）。",Type the reading!,Text
秉る,"とる,まもる","① とる。持つ。手に持つ。にぎる。
② 守る。しっかりと守る。つかさどる。
③ いねたば。一握りの稲のたば。
④ 柄。権勢。
⑤ 穀物の容量をはかる単位。十六斛（こく）。",Type the reading!,Text
秕,"くずごめ,しいな","① しいな。殻ばかりで実の入っていない穀物。
② 悪い。役に立たない。内容が悪い。",Type the reading!,Text
秕い,わるい,"① しいな。殻ばかりで実の入っていない穀物。
② 悪い。役に立たない。内容が悪い。",Type the reading!,Text
秣,まぐさ,"① まぐさ。かいば。草やわら。牛馬の飼料。
② まぐさかう。牛馬にえさを与えて養う。",Type the reading!,Text
秣う,まぐさかう,"① まぐさ。かいば。草やわら。牛馬の飼料。
② まぐさかう。牛馬にえさを与えて養う。",Type the reading!,Text
秧,なえ,"① 植える。栽培する。
② なえ。稲や草木の苗。
③ 魚の子。幼魚。養殖用の幼い魚。",Type the reading!,Text
秧える,うえる,"① 植える。栽培する。
② なえ。稲や草木の苗。
③ 魚の子。幼魚。養殖用の幼い魚。",Type the reading!,Text
秬,くろきび,きび。くろきび。実が黒いきび。,Type the reading!,Text
稈,わら,わら。稲や麦などの穀物の茎。,Type the reading!,Text
稍,"ふち,やや","① 少し。やや。
② 小さい。少ない。ささいな。わずかな。
③ 扶持。俸給。
④ ようやく。次第に。だんだんと。少しずつ。",Type the reading!,Text
稍く,ようやく,"① 少し。やや。
② 小さい。少ない。ささいな。わずかな。
③ 扶持。俸給。
④ ようやく。次第に。だんだんと。少しずつ。",Type the reading!,Text
稍さい,ちいさい,"① 少し。やや。
② 小さい。少ない。ささいな。わずかな。
③ 扶持。俸給。
④ ようやく。次第に。だんだんと。少しずつ。",Type the reading!,Text
稍し,すこし,"① 少し。やや。
② 小さい。少ない。ささいな。わずかな。
③ 扶持。俸給。
④ ようやく。次第に。だんだんと。少しずつ。",Type the reading!,Text
稟,"こめぐら,ふち","【A】ヒン
① 受ける。授かる。上から下に与える。
② 扶持。俸給。また、俸給としての穀物。
③ 生まれつき。天からさずかった性質。例：天稟（てんぴん）
④ 申す。申し上げる。
【B】リンこめぐら。食糧。",Type the reading!,Text
稟ける,うける,"【A】ヒン
① 受ける。授かる。上から下に与える。
② 扶持。俸給。また、俸給としての穀物。
③ 生まれつき。天からさずかった性質。例：天稟（てんぴん）
④ 申す。申し上げる。
【B】リンこめぐら。食糧。",Type the reading!,Text
稟す,もうす,"【A】ヒン
① 受ける。授かる。上から下に与える。
② 扶持。俸給。また、俸給としての穀物。
③ 生まれつき。天からさずかった性質。例：天稟（てんぴん）
④ 申す。申し上げる。
【B】リンこめぐら。食糧。",Type the reading!,Text
稠い,"おおい,こい","① 多い。濃い。こみあう。
② しげる。稲が密生する。",Type the reading!,Text
稠る,しげる,"① 多い。濃い。こみあう。
② しげる。稲が密生する。",Type the reading!,Text
稷,"きび,たおさ","① きび。たおきび。うるちきび。
② 穀物をつかさどる神。五穀の神。また、それを祭る場所。
③ 農業を監督する役人。",Type the reading!,Text
穡しむ,おしむ,"① とりいれ。とりいれる。
② 農作物を収穫する。農業。
③ おしむ。ものおしみする。けち。",Type the reading!,Text
穡れ,とりいれ,"① とりいれ。とりいれる。
② 農作物を収穫する。農業。
③ おしむ。ものおしみする。けち。",Type the reading!,Text
穡れる,とりいれる,"① とりいれ。とりいれる。
② 農作物を収穫する。農業。
③ おしむ。ものおしみする。けち。",Type the reading!,Text
穢い,"きたない,わるい","① けがれ。けがれる。けがす。よごれる。けがらわしい。きたない。
② 荒れる。田畑が荒れる。雑草が生いしげる。
③ わるい。悪いもの。悪者。",Type the reading!,Text
穢れる,"あれる,けがれる","① けがれ。けがれる。けがす。よごれる。けがらわしい。きたない。
② 荒れる。田畑が荒れる。雑草が生いしげる。
③ わるい。悪いもの。悪者。",Type the reading!,Text
穹,"あな,おおぞら","① 穴。
② 大きい。高い。
③ そら。大空。天。
④ 深い。奥深い。きわまる。
⑤ 弓形。ドーム形。アーチ形。",Type the reading!,Text
穹い,"たかい,ふかい","① 穴。
② 大きい。高い。
③ そら。大空。天。
④ 深い。奥深い。きわまる。
⑤ 弓形。ドーム形。アーチ形。",Type the reading!,Text
穹きい,おおきい,"① 穴。
② 大きい。高い。
③ そら。大空。天。
④ 深い。奥深い。きわまる。
⑤ 弓形。ドーム形。アーチ形。",Type the reading!,Text
穽,おとしあな,おとしあな。獣を生け捕るための穴。,Type the reading!,Text
窈い,おくぶかい,"① ふかい。奥深い。
② ひそか。かすか。ひそかな。かすかな。暗い。
③ しとやか。のびやか。あでやか。しなやか。",Type the reading!,Text
窈か,かすか,"① ふかい。奥深い。
② ひそか。かすか。ひそかな。かすかな。暗い。
③ しとやか。のびやか。あでやか。しなやか。",Type the reading!,Text
窈しい,おくゆかしい,"① ふかい。奥深い。
② ひそか。かすか。ひそかな。かすかな。暗い。
③ しとやか。のびやか。あでやか。しなやか。",Type the reading!,Text
窈びやか,のびやか,"① ふかい。奥深い。
② ひそか。かすか。ひそかな。かすかな。暗い。
③ しとやか。のびやか。あでやか。しなやか。",Type the reading!,Text
窈やか,あでやか,"① ふかい。奥深い。
② ひそか。かすか。ひそかな。かすかな。暗い。
③ しとやか。のびやか。あでやか。しなやか。",Type the reading!,Text
窕い,ふかい,"【A】チョウ
① 深い。奥深い。底知れない。
② しとやかで美しい。奥ゆかしい。
③ かるい。軽々しいさま。軽率。
【B】ヨウあでやか。なまめかしい。妖艶なさま。",Type the reading!,Text
窕しい,おくゆかしい,"【A】チョウ
① 深い。奥深い。底知れない。
② しとやかで美しい。奥ゆかしい。
③ かるい。軽々しいさま。軽率。
【B】ヨウあでやか。なまめかしい。妖艶なさま。",Type the reading!,Text
窕やか,あでやか,"【A】チョウ
① 深い。奥深い。底知れない。
② しとやかで美しい。奥ゆかしい。
③ かるい。軽々しいさま。軽率。
【B】ヨウあでやか。なまめかしい。妖艶なさま。",Type the reading!,Text
窖,あなぐら,"① あなぐら。穴。地中の穴。物をたくわえておく穴。貯蔵庫。
② 深い。穴のように深い。
③ 蔵する。あなぐらの貯蔵する。",Type the reading!,Text
窖い,ふかい,"① あなぐら。穴。地中の穴。物をたくわえておく穴。貯蔵庫。
② 深い。穴のように深い。
③ 蔵する。あなぐらの貯蔵する。",Type the reading!,Text
窘しい,あわただしい,"① せまる。きわまる。つまる。くるしむ。せっぱつまる。ゆとりがない。
② あわただしい。せわしい。急に。
【日本】たしなめる。忠告する。注意する。",Type the reading!,Text
窘しむ,くるしむ,"① せまる。きわまる。つまる。くるしむ。せっぱつまる。ゆとりがない。
② あわただしい。せわしい。急に。
【日本】たしなめる。忠告する。注意する。",Type the reading!,Text
窘まる,"きわまる,せまる","① せまる。きわまる。つまる。くるしむ。せっぱつまる。ゆとりがない。
② あわただしい。せわしい。急に。
【日本】たしなめる。忠告する。注意する。",Type the reading!,Text
窘める,たしなめる,"① せまる。きわまる。つまる。くるしむ。せっぱつまる。ゆとりがない。
② あわただしい。せわしい。急に。
【日本】たしなめる。忠告する。注意する。",Type the reading!,Text
窩,"あな,いわや,むろ","① あな。いわや。むろ。くぼみ。
② すみか。身をかくすところ。
③ かくす。物をかくす。かくまう。",Type the reading!,Text
窩う,かくまう,"① あな。いわや。むろ。くぼみ。
② すみか。身をかくすところ。
③ かくす。物をかくす。かくまう。",Type the reading!,Text
窩す,かくす,"① あな。いわや。むろ。くぼみ。
② すみか。身をかくすところ。
③ かくす。物をかくす。かくまう。",Type the reading!,Text
窶しい,まずしい,"【A】クまずしい。いやしい。みすぼらしい。
【B】ロウ「甌窶（おうろう）」は塚。せまい高地。小さな丘。
【日本】やつす。やつれる。やせおとろえる。みすぼらしくなる。",Type the reading!,Text
窶す,やつす,"【A】クまずしい。いやしい。みすぼらしい。
【B】ロウ「甌窶（おうろう）」は塚。せまい高地。小さな丘。
【日本】やつす。やつれる。やせおとろえる。みすぼらしくなる。",Type the reading!,Text
窶れる,やつれる,"【A】クまずしい。いやしい。みすぼらしい。
【B】ロウ「甌窶（おうろう）」は塚。せまい高地。小さな丘。
【日本】やつす。やつれる。やせおとろえる。みすぼらしくなる。",Type the reading!,Text
窿,ゆみがた,中央が弓なりになっているさま。アーチ形になっているさま。,Type the reading!,Text
竄げる,にげる,"① あらためる。文字や文章を書き換える。改竄（かいざん）。
② かくれる。かくす。逃げる。のがれる。逃げかくれる。
③ すてる。話す。追放する。
④ 香りなどがしみこむ。",Type the reading!,Text
竄す,はなす,"① あらためる。文字や文章を書き換える。改竄（かいざん）。
② かくれる。かくす。逃げる。のがれる。逃げかくれる。
③ すてる。話す。追放する。
④ 香りなどがしみこむ。",Type the reading!,Text
竄める,あらためる,"① あらためる。文字や文章を書き換える。改竄（かいざん）。
② かくれる。かくす。逃げる。のがれる。逃げかくれる。
③ すてる。話す。追放する。
④ 香りなどがしみこむ。",Type the reading!,Text
竄れる,"かくれる,のがれる","① あらためる。文字や文章を書き換える。改竄（かいざん）。
② かくれる。かくす。逃げる。のがれる。逃げかくれる。
③ すてる。話す。追放する。
④ 香りなどがしみこむ。",Type the reading!,Text
竅,あな,"① あな。細いあな。人体にある穴。
② あなをあける。",Type the reading!,Text
竇,"あな,あなぐら,みぞ","① あな。あなぐら。物をたくわえておく穴。
② くぐり戸。
③ みぞ。水道。水路。",Type the reading!,Text
竍,デカリットル,デカリットル。容量の単位。一リットルの十倍。十リットル。,Type the reading!,Text
竏,キロリットル,キロリットル。容量の単位。一リットルの千倍。千リットル。,Type the reading!,Text
竓,ミリリットル,ミリリットル。容量の単位。一リットルの千分の一。,Type the reading!,Text
竕,デシリットル,デシリットル。容量の単位。一リットルの十分の一。,Type the reading!,Text
站,"えき,うまつぎ","① 立つ。そのばで立つ。ひとりで立つ。たたずむ。
② うまつぎ。宿場。宿駅。えき。",Type the reading!,Text
站つ,たつ,"① 立つ。そのばで立つ。ひとりで立つ。たたずむ。
② うまつぎ。宿場。宿駅。えき。",Type the reading!,Text
站む,たたずむ,"① 立つ。そのばで立つ。ひとりで立つ。たたずむ。
② うまつぎ。宿場。宿駅。えき。",Type the reading!,Text
竚つ,まつ,"① たたずむ。たちどまる。一定の場所にしばらくの間じっとしている。＝佇
② 待（ま）つ。待ちのぞむ。＝佇",Type the reading!,Text
竚まる,たちどまる,"① たたずむ。たちどまる。一定の場所にしばらくの間じっとしている。＝佇
② 待（ま）つ。待ちのぞむ。＝佇",Type the reading!,Text
竚む,たたずむ,"① たたずむ。たちどまる。一定の場所にしばらくの間じっとしている。＝佇
② 待（ま）つ。待ちのぞむ。＝佇",Type the reading!,Text
竟,さかい,"① 終わる。終える。尽きる。
② きわめる。きわまる。
③ わたる。連なる。端に届く。
④ ついに。つまるところ。とうとう。",Type the reading!,Text
竟きる,つきる,"① 終わる。終える。尽きる。
② きわめる。きわまる。
③ わたる。連なる。端に届く。
④ ついに。つまるところ。とうとう。",Type the reading!,Text
竟に,ついに,"① 終わる。終える。尽きる。
② きわめる。きわまる。
③ わたる。連なる。端に届く。
④ ついに。つまるところ。とうとう。",Type the reading!,Text
竟める,きわめる,"① 終わる。終える。尽きる。
② きわめる。きわまる。
③ わたる。連なる。端に届く。
④ ついに。つまるところ。とうとう。",Type the reading!,Text
竟る,わたる,"① 終わる。終える。尽きる。
② きわめる。きわまる。
③ わたる。連なる。端に届く。
④ ついに。つまるところ。とうとう。",Type the reading!,Text
竟わる,おわる,"① 終わる。終える。尽きる。
② きわめる。きわまる。
③ わたる。連なる。端に届く。
④ ついに。つまるところ。とうとう。",Type the reading!,Text
竡,ヘクトリットル,ヘクトリットル。容量の単位。一リットルの百倍。百リットル。,Type the reading!,Text
竢ける,まちうける,待（ま）つ。たよりにする。立ち止まる。＝俟,Type the reading!,Text
竢つ,まつ,待（ま）つ。たよりにする。立ち止まる。＝俟,Type the reading!,Text
竦える,そびえる,"① おそれる。すくむ。ぞっとする。
② つつしむ。かしこまる。身をひきしめる。
③ そびえる。そびえたつ。そびやかる。高くそびえる。
④ つまだつ。つま先立ちする。",Type the reading!,Text
竦だつ,つまだつ,"① おそれる。すくむ。ぞっとする。
② つつしむ。かしこまる。身をひきしめる。
③ そびえる。そびえたつ。そびやかる。高くそびえる。
④ つまだつ。つま先立ちする。",Type the reading!,Text
竦む,"すくむ,つつしむ","① おそれる。すくむ。ぞっとする。
② つつしむ。かしこまる。身をひきしめる。
③ そびえる。そびえたつ。そびやかる。高くそびえる。
④ つまだつ。つま先立ちする。",Type the reading!,Text
竦やかす,そびやかす,"① おそれる。すくむ。ぞっとする。
② つつしむ。かしこまる。身をひきしめる。
③ そびえる。そびえたつ。そびやかる。高くそびえる。
④ つまだつ。つま先立ちする。",Type the reading!,Text
竦れる,おそれる,"① おそれる。すくむ。ぞっとする。
② つつしむ。かしこまる。身をひきしめる。
③ そびえる。そびえたつ。そびやかる。高くそびえる。
④ つまだつ。つま先立ちする。",Type the reading!,Text
竭きる,つきる,"① つきる。つくす。出し切る。なくなる。
② かれる。水がつきはてる。水がなくなる。
③ ことごとく。
④ おう。もちあげる。高くかかげる。",Type the reading!,Text
竭く,ことごとく,"① つきる。つくす。出し切る。なくなる。
② かれる。水がつきはてる。水がなくなる。
③ ことごとく。
④ おう。もちあげる。高くかかげる。",Type the reading!,Text
竭くす,つくす,"① つきる。つくす。出し切る。なくなる。
② かれる。水がつきはてる。水がなくなる。
③ ことごとく。
④ おう。もちあげる。高くかかげる。",Type the reading!,Text
竭れる,かれる,"① つきる。つくす。出し切る。なくなる。
② かれる。水がつきはてる。水がなくなる。
③ ことごとく。
④ おう。もちあげる。高くかかげる。",Type the reading!,Text
竰,センチリットル,センチリットル。容量の単位。一リットルの百分の一。,Type the reading!,Text
竽,ふえ,管楽器の名。笛の類。笙（しょう）の大きなもの。古くは三十六の管を持ち、後に十九の管となった。,Type the reading!,Text
笄,"こうがい,かんざし","① こうがい。かんざし。束ねた髪の毛を留めるもの。
② かんざしを髪にさす。",Type the reading!,Text
笆,"いばらだけ,たけがき","① とげのある竹。いばらだけ。
② 竹で造った垣根。",Type the reading!,Text
笊,"ざる,す","① ざる。割った竹で編んだかご。
② す。鳥の住む穴。ざるの形をした鳥の巣。",Type the reading!,Text
笋,"たけのこ,たけのかわ","【A】シュン・ジュン
① たけのこ。
② たけの皮。
③ かけざお。鐘や磬（けい）をかけるための横木。
【B】シュン・ジュン竹製の輿。",Type the reading!,Text
笏,しゃく,"【A】コツ官位のある者がもつ細長い板。しゃく。
【B】ブン「笢笏（びんぶん）」は、手の指で笛の穴をおさえ、調子をとるさま。",Type the reading!,Text
笘,"ふだ,むち","① ふだ。文字を書くためのふだ。
② むち。竹のむち。",Type the reading!,Text
笙,"しょうのふえ,ふえ","① ふえ。しょうのふえ。管楽器の一つ。
② 細い。小さい。",Type the reading!,Text
笞,"しもと,むち","① むち。しもと。むちで打つ。むちで叩く。
② むちうつ。むちで打つ刑。",Type the reading!,Text
笞つ,むちうつ,"① むち。しもと。むちで打つ。むちで叩く。
② むちうつ。むちで打つ刑。",Type the reading!,Text
笨い,あらい,"① 竹の幹の内側にある白い薄皮。
② あらい。つたない。粗末な。粗雑な。
③ おろかな。",Type the reading!,Text
笨かな,おろかな,"① 竹の幹の内側にある白い薄皮。
② あらい。つたない。粗末な。粗雑な。
③ おろかな。",Type the reading!,Text
笳,あしぶえ,あしぶえ。ふえ。葦（あし）の葉を巻いて作った笛。,Type the reading!,Text
笵,のり,"① かた。鋳型。竹製の型。＝範
② のり。決まり。法律。手本。＝範",Type the reading!,Text
筅,ささら,"① ささら。竹製の小さなほうき。
② 「茶筅（ちゃせん）」は抹茶をたてるのに用いる道具。",Type the reading!,Text
筌,うえ,うえ。うけ。ふせげ。魚を捕らえる道具。,Type the reading!,Text
筍,"たけのこ,たけのかわ","【A】シュン・ジュン
① たけのこ。
② たけの皮。
③ かけざお。鐘や磬（けい）をかけるための横木。
【B】シュン・ジュン竹製の輿。",Type the reading!,Text
筐,"かご,かたみ,ねだい,はこ","① かご。はこ。かたみ。四角に編んだ。竹製のかご。
② ねだい。四角の寝台。",Type the reading!,Text
筓,"こうがい,かんざし","① こうがい。かんざし。束ねた髪の毛を留めるもの。
② かんざしを髪にさす。",Type the reading!,Text
筝,"こと,そうのこと","① こと。そうのこと。竹製の弦楽器。
② 「風箏（ふうそう）」は軒先につるす風鈴のこと。",Type the reading!,Text
筥,"いねたば,はこ","① はこ。筒状の丸いはこ。
② いねたば。いねたばをはかる単位。",Type the reading!,Text
筧,"かけい,かけひ",かけい。かけひ。かけどい。竹の筒をかけわたして、水を通すもの。,Type the reading!,Text
筬,おさ,"① おさ。はたおりに使う道具の一種。
② 竹の名。",Type the reading!,Text
筮,めどぎ,"① うらない。うらなう。予言する。
② めどぎ。うらないに用いる道具。",Type the reading!,Text
筮い,うらない,"① うらない。うらなう。予言する。
② めどぎ。うらないに用いる道具。",Type the reading!,Text
筮う,うらなう,"① うらない。うらなう。予言する。
② めどぎ。うらないに用いる道具。",Type the reading!,Text
筰,たけなわ,"① たけなわ。たけづな。割った竹で作った縄。舟を引くのに用いる。
② 漢代、西方の異民族の名。また、その異民族の起こした国。",Type the reading!,Text
筱,"しの,しのだけ",しの。しのだけ。ささ。矢を作るのに用いる。,Type the reading!,Text
筲,"かご,ふご,めしびつ","① 飯を入れる竹製の容器。一斗二升入る。
② わずかな量。転じて、取るに足らない人のこと。",Type the reading!,Text
筴,"はかりごと,はし,めどぎ","【A】キョウはさむ。はし。
【B】サク
① はかりごと。計略。計画。＝策
② めどぎ。占いに用いる道具。
③ ふだ。文字を書くための竹の札。",Type the reading!,Text
筴む,はさむ,"【A】キョウはさむ。はし。
【B】サク
① はかりごと。計略。計画。＝策
② めどぎ。占いに用いる道具。
③ ふだ。文字を書くための竹の札。",Type the reading!,Text
筵,"せき,むしろ","① むしろ。たかむしろ。竹を編んで作ったむしろ。しきものの総称。
② 座席。せき。ところ。場所。",Type the reading!,Text
筺,"かご,かたみ,ねだい,はこ","① かご。はこ。かたみ。四角に編んだ。竹製のかご。
② ねだい。四角の寝台。",Type the reading!,Text
箍,たが,"① たが。おけやたるをしめる竹で編んだ輪。
② たがをかけること。",Type the reading!,Text
箏,"こと,そうのこと","① こと。そうのこと。竹製の弦楽器。
② 「風箏（ふうそう）」は軒先につるす風鈴のこと。",Type the reading!,Text
箒,ほうき,"① ほうき。掃除をするための道具。＝帚
② はく。はらう。ほうきで掃き清める。",Type the reading!,Text
箒う,はらう,"① ほうき。掃除をするための道具。＝帚
② はく。はらう。ほうきで掃き清める。",Type the reading!,Text
箒く,はく,"① ほうき。掃除をするための道具。＝帚
② はく。はらう。ほうきで掃き清める。",Type the reading!,Text
箘,"しのだけ,やだけ",のだけ。やだけ。しのだけ。やがらに用いられる。,Type the reading!,Text
箙,"えびら,やなぐい",えびら。やなぐい。矢を入れて背負う道具・武具。,Type the reading!,Text
箚,もうしぶみ,"【A】トウさす。針をさす。
【B】サツ
① もうしぶみ。身分の下の者が上の者に提出する文書。
② しるす。感想などを書き記す。",Type the reading!,Text
箚す,"さす,しるす","【A】トウさす。針をさす。
【B】サツ
① もうしぶみ。身分の下の者が上の者に提出する文書。
② しるす。感想などを書き記す。",Type the reading!,Text
箝,くびかせ,"① はさむ。物をはさむ。＝拑
② くびかせ。くびかせをはめる。
③ つむぐ。とじる。口をとじる。",Type the reading!,Text
箝む,"つぐむ,はさむ","① はさむ。物をはさむ。＝拑
② くびかせ。くびかせをはめる。
③ つむぐ。とじる。口をとじる。",Type the reading!,Text
箴,"いしばり,はり","① はり。石針。裁縫に用いる針。＝針・鍼
② いましめる。教えさとす。
③ 文体の一つ。いましめを書いたもの。",Type the reading!,Text
箴め,いましめ,"① はり。石針。裁縫に用いる針。＝針・鍼
② いましめる。教えさとす。
③ 文体の一つ。いましめを書いたもの。",Type the reading!,Text
箴める,いましめる,"① はり。石針。裁縫に用いる針。＝針・鍼
② いましめる。教えさとす。
③ 文体の一つ。いましめを書いたもの。",Type the reading!,Text
篁,"たかむら,たけ,たけやぶ","① たかむら。竹やぶ。
② 竹。竹の一種。竹の通称。",Type the reading!,Text
篋,はこ,はこ。竹でできた長方形のはこ。,Type the reading!,Text
篝,"かがり,かご,ふせご","① かがり。かがり火。かがり火を燃やすための鉄製の道具。
② かご。物を入れて背負うためのかご。
③ ふせご。火の上におおいかけ、衣服などをかわかすのに用いるかご。",Type the reading!,Text
篡う,うばう,うばう。奪い取る。横取りする。,Type the reading!,Text
篡る,とる,うばう。奪い取る。横取りする。,Type the reading!,Text
篩,ふるい,"① ふるい。物を選り分けるのに用いる道具。
② ふるう。ふるいにかける。選りすぐる。",Type the reading!,Text
篩う,ふるう,"① ふるい。物を選り分けるのに用いる道具。
② ふるう。ふるいにかける。選りすぐる。",Type the reading!,Text
篪,ちのふえ,古代中国の楽器の名。ちの笛。横笛の一種。八つ、もしくは七つの孔がある。＝箎,Type the reading!,Text
篳,"いばら,しば,まがき","① まがき。しばがき。しば・竹・いばらなどを編んで造ったかきね。
② しば。いばら。
③ 「篳篥（ひちりき・ひつりつ）」は楽器の名。",Type the reading!,Text
篷,"とま,ふね","① とま。竹や茅（かや）などで編んだ舟や車を囲うもの。
② ふね。小舟。とま舟。ふなやかた。",Type the reading!,Text
簀,"す,すのこ","① す。すのこ。ねだいの上に敷くむしろ。
② ゆか。ゆか板。
③ つむ。つみあげる。＝積",Type the reading!,Text
簇がる,むらがる,"【A】ソウ・ゾクあつまる。むらがる。むらがりあつまる。また、むらがり生える。
【B】ソク・ゾクささ竹。小さな竹。",Type the reading!,Text
簇まる,あつまる,"【A】ソウ・ゾクあつまる。むらがる。むらがりあつまる。また、むらがり生える。
【B】ソク・ゾクささ竹。小さな竹。",Type the reading!,Text
簍,たけかご,たけかご。竹で編んだかご。目の粗いかご。,Type the reading!,Text
簑,みの,"① みの。かや・すげなどで編んだ、雨や雪を防ぐもの。
② 覆う。草で覆う。",Type the reading!,Text
簒う,うばう,うばう。奪い取る。横取りする。,Type the reading!,Text
簒る,とる,うばう。奪い取る。横取りする。,Type the reading!,Text
簓,ささら,ささら。竹を細かく割り、束ねたもの。,Type the reading!,Text
簔,みの,"① みの。かや・すげなどで編んだ、雨や雪を防ぐもの。
② 覆う。草で覆う。",Type the reading!,Text
簗,やな,やな。川の瀬で水をせきとめ、魚をとるしかけ。,Type the reading!,Text
簟,"たかむしろ,すのこ","① たかむしろ。あじろ。竹で編んだむしろ。すのこ。
② 竹の一種。",Type the reading!,Text
簣,"あじか,もっこ",あじか。もっこ。土を運ぶのに用いる竹かご。,Type the reading!,Text
簧,"した,ふえ","① 笛のした。笛にとりつけるもので、吹くと振動して音を出す。
② 笙（しょう）の笛。",Type the reading!,Text
簪,かんざし,"① かんざし。冠をとめるために髪に挿すかんざし。
② かざす。かんざしをさす。
③ はやい。すみやか。
【日本】かんざし。女性が髪に挿す飾り。",Type the reading!,Text
簪い,はやい,"① かんざし。冠をとめるために髪に挿すかんざし。
② かざす。かんざしをさす。
③ はやい。すみやか。
【日本】かんざし。女性が髪に挿す飾り。",Type the reading!,Text
簪す,かざす,"① かんざし。冠をとめるために髪に挿すかんざし。
② かざす。かんざしをさす。
③ はやい。すみやか。
【日本】かんざし。女性が髪に挿す飾り。",Type the reading!,Text
簫,"しょうのふえ,ふえ","① ふえ。しょうのふえ。小さい竹管を並べて作ったもの。
② ゆはず。弓の両端にある弦をかける部分。",Type the reading!,Text
簷,"のき,ひさし","① のき。ひさし。＝檐
② たれ。ひさしのような形をしたもの。＝檐",Type the reading!,Text
簽,ふだ,"① ふだ。つけふだ。はりふだ。文字を書くふだ。
② 記す。署名する。
③ 竹のかご。かご。",Type the reading!,Text
籀む,よむ,"① 読む。文字を読む。文を読む。
② 漢字の書体の一つ。",Type the reading!,Text
籃,かご,かご。かたみ。大きい竹製のかご。例：籃輿（らんよ）,Type the reading!,Text
籌,"かずとり,はかりごと","① かずとり。数をかぞえるのに用いる棒。
② はかりごと。計画。
③ はかる。相談する。計算する。",Type the reading!,Text
籌る,はかる,"① かずとり。数をかぞえるのに用いる棒。
② はかりごと。計画。
③ はかる。相談する。計算する。",Type the reading!,Text
籒む,よむ,"① 読む。文字を読む。文を読む。
② 漢字の書体の一つ。",Type the reading!,Text
籔,こめあげざる,"【A】ス容量の単位。十六斗。
【B】ソウこめあげざる。米を洗うための竹製のざる。
【日本】やぶ。たけやぶ。＝藪",Type the reading!,Text
籖,"くし,くじ,ひご","① くじ。くじびき。おみくじ。吉凶を占うふだ。
② かずとり。物の数を数えるのに用いる竹の棒。
③ 占う。ためす。
④ くし。物をさしとおす竹製のくし。",Type the reading!,Text
籙,ふみ,"① 記録。帳簿。文書。また、本箱。
② 未来を予言した文書。預言書。未来記。
③ 道教の奥義を記した文書。",Type the reading!,Text
籟,ふえ,"① ふえ。穴の三つあるふえ。簫（しょう）の別名。
② ひびき。こえ。音響。",Type the reading!,Text
籟き,ひびき,"① ふえ。穴の三つあるふえ。簫（しょう）の別名。
② ひびき。こえ。音響。",Type the reading!,Text
籡,しんし,しんし。布を洗い張りしたり、染色して干す際に、布が縮まないように張るための竹製の棒。,Type the reading!,Text
籤,"くし,くじ,ひご","① くじ。くじびき。おみくじ。吉凶を占うふだ。
② かずとり。物の数を数えるのに用いる竹の棒。
③ 占う。ためす。
④ くし。物をさしとおす竹製のくし。",Type the reading!,Text
籥,ふえ,"① ふえ。穴が三つ、あるいは六つある短いふえ。
② かぎ。戸締りするためのかぎ。錠前。",Type the reading!,Text
籬,"まがき,ませがき",まがき。ませがき。竹や柴などをあらく編んで造った垣根。,Type the reading!,Text
籵,デカメートル,デカメートル。長さの単位。一メートルの十倍。十メートル。,Type the reading!,Text
粃,"くずごめ,しいな","① しいな。殻ばかりで実の入っていない穀物。
② 悪い。役に立たない。内容が悪い。",Type the reading!,Text
粃い,わるい,"① しいな。殻ばかりで実の入っていない穀物。
② 悪い。役に立たない。内容が悪い。",Type the reading!,Text
粏,ぬかみそ,「糂粏（じんだ・じんた）」は、食品の名。ぬかみそ。,Type the reading!,Text
粢,"きび,しとぎ,もち","① きび。イネ科の穀物。また、穀物の総称。
② しとぎ。神に供える穀物。
③ もち。米でつくったもち。",Type the reading!,Text
粤,ああ,"① ああ。嘆息のことば。ため息の声。
② ここに。さて。そこで。発語のことば。
③ 古代中国の地名。また、国の名。",Type the reading!,Text
粤に,ここに,"① ああ。嘆息のことば。ため息の声。
② ここに。さて。そこで。発語のことば。
③ 古代中国の地名。また、国の名。",Type the reading!,Text
粨,ヘクトメートル,ヘクトメートル。長さの単位。一メートルの百倍。百メートル。,Type the reading!,Text
粱,あわ,"① あわ。おおあわ。粟（あわ）の大粒なもの。穀物の一種。
② 良質な食べ物。良質な穀物。上等な米。",Type the reading!,Text
粲,"いい,しらげよね","① しらげよね。白米。よくついて白くした米。
② いい。めし。ごちそう。
③ あきらか。鮮やか。
④ 美しい。みめよい。
⑤ きよい。きよらか。
⑥ 白い歯を見せて笑うさま。",Type the reading!,Text
粲う,わらう,"① しらげよね。白米。よくついて白くした米。
② いい。めし。ごちそう。
③ あきらか。鮮やか。
④ 美しい。みめよい。
⑤ きよい。きよらか。
⑥ 白い歯を見せて笑うさま。",Type the reading!,Text
粲やか,あざやか,"① しらげよね。白米。よくついて白くした米。
② いい。めし。ごちそう。
③ あきらか。鮮やか。
④ 美しい。みめよい。
⑤ きよい。きよらか。
⑥ 白い歯を見せて笑うさま。",Type the reading!,Text
粲らか,あきらか,"① しらげよね。白米。よくついて白くした米。
② いい。めし。ごちそう。
③ あきらか。鮮やか。
④ 美しい。みめよい。
⑤ きよい。きよらか。
⑥ 白い歯を見せて笑うさま。",Type the reading!,Text
粳,"うるち,ぬか","うるち。うるしね。粘り気のない普通の米。
【日本】ぬか。あらぬか。",Type the reading!,Text
粽,ちまき,ちまき。もち米を笹の葉で包んで蒸した食品。,Type the reading!,Text
糀,こうじ,こうじ。米・麦・豆などを蒸してこうじかびを繁殖させたもの。,Type the reading!,Text
糂,こながき,"① こなかき。こながき。羹（あつもの）の中に米を加えたもの。
② まぜる。まじる。",Type the reading!,Text
糂じる,まじる,"① こなかき。こながき。羹（あつもの）の中に米を加えたもの。
② まぜる。まじる。",Type the reading!,Text
糅える,まじえる,"① まじる。まぜる。まじえる。まじわる。
② まぜめし。かてめし。主食に混ぜ物をした飯。",Type the reading!,Text
糅じる,まじる,"① まじる。まぜる。まじえる。まじわる。
② まぜめし。かてめし。主食に混ぜ物をした飯。",Type the reading!,Text
糅てる,かてる,"① まじる。まぜる。まじえる。まじわる。
② まぜめし。かてめし。主食に混ぜ物をした飯。",Type the reading!,Text
糒,"かれいい,ほしいい",かれいい。ほしいい。干して乾燥させ、保存用にした食糧。,Type the reading!,Text
糜,かゆ,"① かゆ。濃いおかゆ。
② ただれる。
③ ついやす。ついえる。すりつぶす。消費する。",Type the reading!,Text
糜びる,ほろびる,"① かゆ。濃いおかゆ。
② ただれる。
③ ついやす。ついえる。すりつぶす。消費する。",Type the reading!,Text
糜やす,ついやす,"① かゆ。濃いおかゆ。
② ただれる。
③ ついやす。ついえる。すりつぶす。消費する。",Type the reading!,Text
糜れる,ただれる,"① かゆ。濃いおかゆ。
② ただれる。
③ ついやす。ついえる。すりつぶす。消費する。",Type the reading!,Text
糝,"こなかき,めしつぶ","① こなかき。米の粉を混ぜて煮た羹（あつもの）。
② めしつぶ。米の粒。
③ 混じる。混ぜる。",Type the reading!,Text
糯,もちごめ,もちごめ。もちいね。うるち。ねばりけの多い米。,Type the reading!,Text
糱,"こうじ,もやし","① こうじ。米や麦などにかびを繁殖させたもの。
② もやし。穀物の種子から発芽したもの。",Type the reading!,Text
糲,くろごめ,"① くろごめ。玄米。精白していない米。
② あらい。粗末な。粗末なもの。",Type the reading!,Text
糲い,あらい,"① くろごめ。玄米。精白していない米。
② あらい。粗末な。粗末なもの。",Type the reading!,Text
糴,"いりよね,かいよね","① いりよね。かいよね。買い入れた穀物。
② かう。米を買い入れる。",Type the reading!,Text
糴う,かう,"① いりよね。かいよね。買い入れた穀物。
② かう。米を買い入れる。",Type the reading!,Text
糶,"うりよね,せり","① うりよね。だしよね。売る穀物。
② うる。穀物を売る。
【日本】せり。せりうり。競売。また、行商。",Type the reading!,Text
糶る,うる,"① うりよね。だしよね。売る穀物。
② うる。穀物を売る。
【日本】せり。せりうり。競売。また、行商。",Type the reading!,Text
糺う,あざなう,"① あざなう。よる。糸をより合わせる。縄をなう。
② あつめる。集め合わせる。
③ よじれる。まとう。まつわる。からみつく。
④ ただす。誤りをただす。取り調べる。",Type the reading!,Text
糺す,ただす,"① あざなう。よる。糸をより合わせる。縄をなう。
② あつめる。集め合わせる。
③ よじれる。まとう。まつわる。からみつく。
④ ただす。誤りをただす。取り調べる。",Type the reading!,Text
紂,しりがい,"① しりがい。馬や牛の尻にかけ、くらを引き締めるもの。
② 古代中国の人名。",Type the reading!,Text
紆う,まとう,"① まがる。まげる。まがりくねる。かがまる。
② まつわる。まとう。まとわりつく。
③ むすぼれる。気がふさぐ。わだかまる。
④ めぐる。めぐらす。",Type the reading!,Text
紆がる,まがる,"① まがる。まげる。まがりくねる。かがまる。
② まつわる。まとう。まとわりつく。
③ むすぼれる。気がふさぐ。わだかまる。
④ めぐる。めぐらす。",Type the reading!,Text
紆げる,まげる,"① まがる。まげる。まがりくねる。かがまる。
② まつわる。まとう。まとわりつく。
③ むすぼれる。気がふさぐ。わだかまる。
④ めぐる。めぐらす。",Type the reading!,Text
紆ぼれる,むすぼれる,"① まがる。まげる。まがりくねる。かがまる。
② まつわる。まとう。まとわりつく。
③ むすぼれる。気がふさぐ。わだかまる。
④ めぐる。めぐらす。",Type the reading!,Text
紆る,めぐる,"① まがる。まげる。まがりくねる。かがまる。
② まつわる。まとう。まとわりつく。
③ むすぼれる。気がふさぐ。わだかまる。
④ めぐる。めぐらす。",Type the reading!,Text
紆わる,まつわる,"① まがる。まげる。まがりくねる。かがまる。
② まつわる。まとう。まとわりつく。
③ むすぼれる。気がふさぐ。わだかまる。
④ めぐる。めぐらす。",Type the reading!,Text
紉,なわ,"① なわ。細い縄。
② 結ぶ。綴る。束ねる。縫い合わせる。
③ 針穴に糸を通す。",Type the reading!,Text
紉ぶ,むすぶ,"① なわ。細い縄。
② 結ぶ。綴る。束ねる。縫い合わせる。
③ 針穴に糸を通す。",Type the reading!,Text
紊す,みだす,みだれる。みだす。,Type the reading!,Text
紊れる,みだれる,みだれる。みだす。,Type the reading!,Text
紕り,"あやまり,かざり","① ふちかざり。へりかざり。
② 誤り。誤る。間違い。間違う。
③ 毛織物。動物の毛を使った織物。",Type the reading!,Text
紕る,かざる,"① ふちかざり。へりかざり。
② 誤り。誤る。間違い。間違う。
③ 毛織物。動物の毛を使った織物。",Type the reading!,Text
紜れる,みだれる,乱れる。物が多く乱れているさま。,Type the reading!,Text
紮げる,からげる,"① からげる。くくる。しばる。まきつける。
② とどまる。駐屯する。駐留する。",Type the reading!,Text
紮まる,とどまる,"① からげる。くくる。しばる。まきつける。
② とどまる。駐屯する。駐留する。",Type the reading!,Text
紲,きずな,"① きずな。牛馬などをつなぐなわ。罪人をつなぐなわ。＝緤
② つなぐ。しばる。束縛する。＝緤",Type the reading!,Text
紲ぐ,つなぐ,"① きずな。牛馬などをつなぐなわ。罪人をつなぐなわ。＝緤
② つなぐ。しばる。束縛する。＝緤",Type the reading!,Text
紲る,しばる,"① きずな。牛馬などをつなぐなわ。罪人をつなぐなわ。＝緤
② つなぐ。しばる。束縛する。＝緤",Type the reading!,Text
紵,"あさぬの,いちび","① いちび。麻の一種。
② あさぬの。いちびの繊維をつむいで織った布。",Type the reading!,Text
紿く,あざむく,"① あざむく。いつわる。
② 糸が古くなる。糸がゆるむ。",Type the reading!,Text
絅,うすぎぬ,うすぎぬ。ひとえのきもの。ひとえもの。着物の上にはる薄い布。,Type the reading!,Text
絆,きずな,"① きずな。ほだし。牛馬などの足をつなぎとめるもの。
② つなぐ。ほだす。つなぎとめる。束縛する。",Type the reading!,Text
絆ぐ,つなぐ,"① きずな。ほだし。牛馬などの足をつなぎとめるもの。
② つなぐ。ほだす。つなぎとめる。束縛する。",Type the reading!,Text
絆す,ほだす,"① きずな。ほだし。牛馬などの足をつなぎとめるもの。
② つなぐ。ほだす。つなぎとめる。束縛する。",Type the reading!,Text
絎,へり,"ぬう。
【日本】くける。糸目を表に出さないようにぬう。",Type the reading!,Text
絎う,ぬう,"ぬう。
【日本】くける。糸目を表に出さないようにぬう。",Type the reading!,Text
絎ける,くける,"ぬう。
【日本】くける。糸目を表に出さないようにぬう。",Type the reading!,Text
絏,きずな,"① きずな。牛馬などをつなぐなわ。罪人をつなぐなわ。＝緤
② つなぐ。しばる。束縛する。＝緤",Type the reading!,Text
絏ぐ,つなぐ,"① きずな。牛馬などをつなぐなわ。罪人をつなぐなわ。＝緤
② つなぐ。しばる。束縛する。＝緤",Type the reading!,Text
絏る,しばる,"① きずな。牛馬などをつなぐなわ。罪人をつなぐなわ。＝緤
② つなぐ。しばる。束縛する。＝緤",Type the reading!,Text
絖,"ぬめ,わた","わた。きぬわた。まわた。
【日本】ぬめ。書画をえがくときに用いる絹布。",Type the reading!,Text
絛,"うちひも,さなだ",うちひも。さなだ。さなだひも。くみひも。平たく編んだひも。,Type the reading!,Text
絣,かすり,"きぬ。無地の布。
【日本】かすり。かすり模様のある織物。",Type the reading!,Text
絮,"わた,わたいれ","① わた。真綿。わたげ。古綿。
② わたいれ。
③ くどい。くどくどしい。とぎれず続く。",Type the reading!,Text
絮い,くどい,"① わた。真綿。わたげ。古綿。
② わたいれ。
③ くどい。くどくどしい。とぎれず続く。",Type the reading!,Text
絳,あか,"① あか。濃い赤色。
② 古代中国の地名。",Type the reading!,Text
絳い,あかい,"① あか。濃い赤色。
② 古代中国の地名。",Type the reading!,Text
綉,"にしき,ぬいとり","① ぬいとり。刺繍。また、ぬいとりした布。
② にしき。
③ 美しい。華麗な。",Type the reading!,Text
綉しい,うつくしい,"① ぬいとり。刺繍。また、ぬいとりした布。
② にしき。
③ 美しい。華麗な。",Type the reading!,Text
綏,たれひも,"【A】スイ
① やすい。やすらか。やすんずる。
② たれひも。乗車中、立つときにつかまるためのひも。
③ しりぞく。とどめる。
【B】タ下げる。たれる。",Type the reading!,Text
綏い,やすい,"【A】スイ
① やすい。やすらか。やすんずる。
② たれひも。乗車中、立つときにつかまるためのひも。
③ しりぞく。とどめる。
【B】タ下げる。たれる。",Type the reading!,Text
綏らか,やすらか,"【A】スイ
① やすい。やすらか。やすんずる。
② たれひも。乗車中、立つときにつかまるためのひも。
③ しりぞく。とどめる。
【B】タ下げる。たれる。",Type the reading!,Text
綏んずる,やすんずる,"【A】スイ
① やすい。やすらか。やすんずる。
② たれひも。乗車中、立つときにつかまるためのひも。
③ しりぞく。とどめる。
【B】タ下げる。たれる。",Type the reading!,Text
綛,"かすり,かせ","① かすり。所々にかすったような模様のある織物。
② かせ。かせ糸。つむいだ糸を巻き取る道具。",Type the reading!,Text
綟,"もじ,もじり","① もえぎ。もえぎ色。
② もじ。もじり。もじおり。目の粗い麻布。",Type the reading!,Text
綢う,まとう,"① まとう。まつわる。まきつける。まつわせる。
② こまかい。こみあう。こみあっている。",Type the reading!,Text
綢かい,こまかい,"① まとう。まつわる。まきつける。まつわせる。
② こまかい。こみあう。こみあっている。",Type the reading!,Text
綢わる,まつわる,"① まとう。まつわる。まきつける。まつわせる。
② こまかい。こみあう。こみあっている。",Type the reading!,Text
綣,へそ,"① まきつく。まつわる。つきまとう。
② ねんごろ。ねんごろにする。",Type the reading!,Text
綣ろ,ねんごろ,"① まきつく。まつわる。つきまとう。
② ねんごろ。ねんごろにする。",Type the reading!,Text
綦,あやぎぬ,"① 萌葱色。黄緑色。また、萌葱色の絹布。
② 履き物の紐。また、履き物の飾り。
③ 極める。極まる。また、極めて。非常に。",Type the reading!,Text
綫,"いと,すじ","① いと。糸のように細長いもの。
② すじ。細い道。決められた道筋。
③ 境界。さかいめ。",Type the reading!,Text
綮,はたじるし,"① 筋肉と骨の結合部分。急所。
② はたじるし。旗につけるしるし。",Type the reading!,Text
綯,なわ,"① なう。縄をなう。あざなう。糸をよる。
② なわ。",Type the reading!,Text
綯う,なう,"① なう。縄をなう。あざなう。糸をよる。
② なわ。",Type the reading!,Text
綰ぐ,つなぐ,"① 統べる。治める。たがねる。すべくくる。
② つなぐ。むすぶ。
③ たがねる。わがねる。輪にする。
【日本】たくる。たぐる。手綱を操る。",Type the reading!,Text
綰ねる,"たがねる,わがねる","① 統べる。治める。たがねる。すべくくる。
② つなぐ。むすぶ。
③ たがねる。わがねる。輪にする。
【日本】たくる。たぐる。手綱を操る。",Type the reading!,Text
綰ぶ,むすぶ,"① 統べる。治める。たがねる。すべくくる。
② つなぐ。むすぶ。
③ たがねる。わがねる。輪にする。
【日本】たくる。たぐる。手綱を操る。",Type the reading!,Text
綰べる,すべる,"① 統べる。治める。たがねる。すべくくる。
② つなぐ。むすぶ。
③ たがねる。わがねる。輪にする。
【日本】たくる。たぐる。手綱を操る。",Type the reading!,Text
綰る,"たくる,たぐる","① 統べる。治める。たがねる。すべくくる。
② つなぐ。むすぶ。
③ たがねる。わがねる。輪にする。
【日本】たくる。たぐる。手綱を操る。",Type the reading!,Text
綵,"あや,あやぎぬ","① あやぎぬ。美しいいろどりのある絹織物。
② あや。模様。いろどり。",Type the reading!,Text
綸,いと,"① いと。太い糸。釣り糸。弦楽器に用いる糸。
② 治める。つかさどる。
③ おびひも。青色のおびひも。
④ 天子のことば。天子の命令。",Type the reading!,Text
綸める,おさめる,"① いと。太い糸。釣り糸。弦楽器に用いる糸。
② 治める。つかさどる。
③ おびひも。青色のおびひも。
④ 天子のことば。天子の命令。",Type the reading!,Text
綺,あや,"① あや。あやぎぬ。模様を織り出した絹。
② いろう。いじる。干渉する。 
③ うつくしい。はなやか。",Type the reading!,Text
綺う,いろう,"① あや。あやぎぬ。模様を織り出した絹。
② いろう。いじる。干渉する。 
③ うつくしい。はなやか。",Type the reading!,Text
綺しい,うつくしい,"① あや。あやぎぬ。模様を織り出した絹。
② いろう。いじる。干渉する。 
③ うつくしい。はなやか。",Type the reading!,Text
綽やか,"たおやか,ゆるやか","① ゆるやか。ゆったりとしたさま。
② たおやか。しとやか。しなやか。",Type the reading!,Text
緇,"くろ,くろぎぬ","① くろ。黒色。黒い。
② くろぎぬ。黒色の衣服。黒色の絹。
③ 僧侶。僧侶の着る黒染めの衣服。僧衣。
④ くろむ。黒くなる。黒く染める。",Type the reading!,Text
緇い,くろい,"① くろ。黒色。黒い。
② くろぎぬ。黒色の衣服。黒色の絹。
③ 僧侶。僧侶の着る黒染めの衣服。僧衣。
④ くろむ。黒くなる。黒く染める。",Type the reading!,Text
緇む,くろむ,"① くろ。黒色。黒い。
② くろぎぬ。黒色の衣服。黒色の絹。
③ 僧侶。僧侶の着る黒染めの衣服。僧衣。
④ くろむ。黒くなる。黒く染める。",Type the reading!,Text
緘,"てがみ,とじなわ","① とじる。ふさぐ。封をする。
② とじなわ。箱などが開かないようにしばるなわ。
③ ふう。手紙などの封。
④ 手紙。",Type the reading!,Text
緘じる,とじる,"① とじる。ふさぐ。封をする。
② とじなわ。箱などが開かないようにしばるなわ。
③ ふう。手紙などの封。
④ 手紙。",Type the reading!,Text
緝える,とらえる,"① あつめる。まとめる。あつまる。よせあつめる。
② つむぐ。つなぐ。糸をつむぐ。
③ とらえる。とりおさえる。つかまえる。
④ 和らげる。和らぐ。
⑤ ひかる。光かがやく。",Type the reading!,Text
緝ぐ,つむぐ,"① あつめる。まとめる。あつまる。よせあつめる。
② つむぐ。つなぐ。糸をつむぐ。
③ とらえる。とりおさえる。つかまえる。
④ 和らげる。和らぐ。
⑤ ひかる。光かがやく。",Type the reading!,Text
緝める,あつめる,"① あつめる。まとめる。あつまる。よせあつめる。
② つむぐ。つなぐ。糸をつむぐ。
③ とらえる。とりおさえる。つかまえる。
④ 和らげる。和らぐ。
⑤ ひかる。光かがやく。",Type the reading!,Text
緝らげる,やわらげる,"① あつめる。まとめる。あつまる。よせあつめる。
② つむぐ。つなぐ。糸をつむぐ。
③ とらえる。とりおさえる。つかまえる。
④ 和らげる。和らぐ。
⑤ ひかる。光かがやく。",Type the reading!,Text
緡,"いと,さし","① いと。釣り糸。
② さし。ぜにさし。穴のある銭に刺し通すなわ。",Type the reading!,Text
緤,きずな,"① きずな。牛馬などをつなぐなわ。罪人をつなぐなわ。＝紲
② つなぐ。しばる。束縛する。＝紲",Type the reading!,Text
緤ぐ,つなぐ,"① きずな。牛馬などをつなぐなわ。罪人をつなぐなわ。＝紲
② つなぐ。しばる。束縛する。＝紲",Type the reading!,Text
緲か,かすか,かすか。よく見えない。,Type the reading!,Text
縅,おどし,"① おどす。よろいの札（さね）を糸や紐、革などでつづり合わせる。
② おどし。おどした糸や革。また、それによってできる色あい。",Type the reading!,Text
縅す,おどす,"① おどす。よろいの札（さね）を糸や紐、革などでつづり合わせる。
② おどし。おどした糸や革。また、それによってできる色あい。",Type the reading!,Text
縉む,さしはさむ,"① さしはさむ。礼装するときに、笏（しゃく）を大帯にはさむこと。
② うす赤色。また、うす赤い絹。",Type the reading!,Text
縊る,"くくる,くびる","① くびる。首をしめて殺す。
② くびれる。自ら首をくくって死ぬ。",Type the reading!,Text
縊れる,くびれる,"① くびる。首をしめて殺す。
② くびれる。自ら首をくくって死ぬ。",Type the reading!,Text
縋る,すがる,"さげる。つり下げる。縄を上からたらす。
【日本】すがる。たよる。よりつく。つかまる。",Type the reading!,Text
縒い,ふぞろい,"【A】シ糸がふぞろいなさま。乱れるさま。
【B】サク「縒綜（さくそう）」は入り乱れるさま。
【日本】
① よる。糸や紐をより合わせる。
② より。よった糸。よった物。よった状態。",Type the reading!,Text
縒り,より,"【A】シ糸がふぞろいなさま。乱れるさま。
【B】サク「縒綜（さくそう）」は入り乱れるさま。
【日本】
① よる。糸や紐をより合わせる。
② より。よった糸。よった物。よった状態。",Type the reading!,Text
縒る,よる,"【A】シ糸がふぞろいなさま。乱れるさま。
【B】サク「縒綜（さくそう）」は入り乱れるさま。
【日本】
① よる。糸や紐をより合わせる。
② より。よった糸。よった物。よった状態。",Type the reading!,Text
縕,ふるわた,"【A】ウン
① もつれた麻のくず。古い絹や綿。
② 奥深いさま。
③ 豊か。蓄える。
【B】オン赤と黄の中間色。橙色。",Type the reading!,Text
縕い,おくぶかい,"【A】ウン
① もつれた麻のくず。古い絹や綿。
② 奥深いさま。
③ 豊か。蓄える。
【B】オン赤と黄の中間色。橙色。",Type the reading!,Text
縟い,くどい,"① かざり。多くの彩のある飾り。
② くどい。わずらわしい。数が多い。",Type the reading!,Text
縟り,かざり,"① かざり。多くの彩のある飾り。
② くどい。わずらわしい。数が多い。",Type the reading!,Text
縟わしい,わずらわしい,"① かざり。多くの彩のある飾り。
② くどい。わずらわしい。数が多い。",Type the reading!,Text
縡,"いき,こと","こと。ことがら。
【日本】こと。いき。いのち。生命。",Type the reading!,Text
縢,むかばき,"① かがる。からげる。しばる。くくる。とじる。束にする。
② なわ。ひも。
③ はばき。むかばき。きゃはん。",Type the reading!,Text
縢げる,からげる,"① かがる。からげる。しばる。くくる。とじる。束にする。
② なわ。ひも。
③ はばき。むかばき。きゃはん。",Type the reading!,Text
縢じる,とじる,"① かがる。からげる。しばる。くくる。とじる。束にする。
② なわ。ひも。
③ はばき。むかばき。きゃはん。",Type the reading!,Text
縢る,かがる,"① かがる。からげる。しばる。くくる。とじる。束にする。
② なわ。ひも。
③ はばき。むかばき。きゃはん。",Type the reading!,Text
縲,なわ,"① しばる。つなぐ。罪人をしばる。
② なわ。とりなわ。罪人をしばる黒い縄。",Type the reading!,Text
縲ぐ,つなぐ,"① しばる。つなぐ。罪人をしばる。
② なわ。とりなわ。罪人をしばる黒い縄。",Type the reading!,Text
縲る,しばる,"① しばる。つなぐ。罪人をしばる。
② なわ。とりなわ。罪人をしばる黒い縄。",Type the reading!,Text
縵やか,ゆるやか,"① 無地の絹。むじぎぬ。模様や飾りのない絹織物。
② つれびき。合奏する。他人のく楽器と合わせて演奏する。
③ ゆるい。ゆるやか。ゆったりとしているさま。",Type the reading!,Text
縷,"いと,いとすじ,ぼろ","【A】
① いと。いとすじ。いとのように細長いもの。
② こまかい。くわしい。
【B】ぼろ。ぼろきれ。やぶれごろも。",Type the reading!,Text
縷かい,こまかい,"【A】
① いと。いとすじ。いとのように細長いもの。
② こまかい。くわしい。
【B】ぼろ。ぼろきれ。やぶれごろも。",Type the reading!,Text
縷しい,くわしい,"【A】
① いと。いとすじ。いとのように細長いもの。
② こまかい。くわしい。
【B】ぼろ。ぼろきれ。やぶれごろも。",Type the reading!,Text
縹,"はなだ,はなだいろ","① はなだ。はなだいろ。そらいろ。薄い藍色。はなだ色の絹。
② ひるがえる。軽くひるがえる。",Type the reading!,Text
縺れ,もつれ,"もつれる。もつれ。糸がからみあって解けない。
【日本】もつれる。混乱する。ごたごたする。もつれ。もめごと。",Type the reading!,Text
縺れる,もつれる,"もつれる。もつれ。糸がからみあって解けない。
【日本】もつれる。混乱する。ごたごたする。もつれ。もめごと。",Type the reading!,Text
縻,きずな,"① つな。きずな。牛のたづな。
② つなぐ。しばる。つながれる。",Type the reading!,Text
縻ぐ,つなぐ,"① つな。きずな。牛のたづな。
② つなぐ。しばる。つながれる。",Type the reading!,Text
縻る,しばる,"① つな。きずな。牛のたづな。
② つなぐ。しばる。つながれる。",Type the reading!,Text
繃く,まく,"① つかねる。たばねる。まく。くくる。
② せおいおび。赤ん坊を背中に負う帯。",Type the reading!,Text
繃ねる,たばねる,"① つかねる。たばねる。まく。くくる。
② せおいおび。赤ん坊を背中に負う帯。",Type the reading!,Text
繆う,たがう,"【A】キュウまとう。まじわる。まきつけてしめる。
【B】ビュウ
① まとう。まつわる。からみつく。
② あやまる。たがう。もとる。いつわる。
【C】ボクつつしむ。やわらぐ。おだやか。
【D】リョウまつわる。まとう。めぐらす。",Type the reading!,Text
繆る,"あやまる,いつわる,もとる","【A】キュウまとう。まじわる。まきつけてしめる。
【B】ビュウ
① まとう。まつわる。からみつく。
② あやまる。たがう。もとる。いつわる。
【C】ボクつつしむ。やわらぐ。おだやか。
【D】リョウまつわる。まとう。めぐらす。",Type the reading!,Text
繆わる,まつわる,"【A】キュウまとう。まじわる。まきつけてしめる。
【B】ビュウ
① まとう。まつわる。からみつく。
② あやまる。たがう。もとる。いつわる。
【C】ボクつつしむ。やわらぐ。おだやか。
【D】リョウまつわる。まとう。めぐらす。",Type the reading!,Text
繈,"せおいおび,むつき","① 糸。ふしいと。
② 銭さし。銭の穴に通すひも。また、なわ。つな。
③ せおい帯。赤ん坊を背負う布。
④ むつき。おしめ。",Type the reading!,Text
繖,"あまがさ,きぬがさ",かさ。きぬがさ。かさかさ。雨傘。,Type the reading!,Text
繙く,ひもとく,"① ひもとく。書籍を開いて読む。
② ひるがえる。ひるがえす。はためく。
③ 引き続く。繰り返す。
④ 翻訳する。",Type the reading!,Text
繚う,まとう,"① まとう。まつわる。まとわりつく。もつれる。
② めぐる。めぐらす。とりかこむ。しばる。",Type the reading!,Text
繚らす,めぐらす,"① まとう。まつわる。まとわりつく。もつれる。
② めぐる。めぐらす。とりかこむ。しばる。",Type the reading!,Text
繚る,めぐる,"① まとう。まつわる。まとわりつく。もつれる。
② めぐる。めぐらす。とりかこむ。しばる。",Type the reading!,Text
繚わる,まつわる,"① まとう。まつわる。まとわりつく。もつれる。
② めぐる。めぐらす。とりかこむ。しばる。",Type the reading!,Text
繞う,まとう,"① まとう。まつわる。まとわりつく。まきつく。
② めぐる。めぐらす。かこむ。とりかこむ。",Type the reading!,Text
繞らす,めぐらす,"① まとう。まつわる。まとわりつく。まきつく。
② めぐる。めぐらす。かこむ。とりかこむ。",Type the reading!,Text
繞る,めぐる,"① まとう。まつわる。まとわりつく。まきつく。
② めぐる。めぐらす。かこむ。とりかこむ。",Type the reading!,Text
繞わる,まつわる,"① まとう。まつわる。まとわりつく。まきつく。
② めぐる。めぐらす。かこむ。とりかこむ。",Type the reading!,Text
繦,"せおいおび,むつき","① 糸。ふしいと。
② 銭さし。銭の穴に通すひも。また、なわ。つな。
③ せおい帯。赤ん坊を背負う布。
④ むつき。おしめ。",Type the reading!,Text
繳,いぐるみ,"【A】キョウ
① 納める。納付する。
② まとう。まとわりつく。絡め取る。
【B】シャクいぐるみ。矢に糸をつけた鳥を射るための道具。また、その糸。",Type the reading!,Text
繳す,かえす,"【A】キョウ
① 納める。納付する。
② まとう。まとわりつく。絡め取る。
【B】シャクいぐるみ。矢に糸をつけた鳥を射るための道具。また、その糸。",Type the reading!,Text
繳める,おさめる,"【A】キョウ
① 納める。納付する。
② まとう。まとわりつく。絡め取る。
【B】シャクいぐるみ。矢に糸をつけた鳥を射るための道具。また、その糸。",Type the reading!,Text
繳わる,まつわる,"【A】キョウ
① 納める。納付する。
② まとう。まとわりつく。絡め取る。
【B】シャクいぐるみ。矢に糸をつけた鳥を射るための道具。また、その糸。",Type the reading!,Text
繹なる,つらなる,"① 引く。ぬく。
② たずねる。きわめる。明らかにする。
③ つらねる。つらなる。絶えずにつらなり続くさま。",Type the reading!,Text
繹ねる,"たずねる,つらねる","① 引く。ぬく。
② たずねる。きわめる。明らかにする。
③ つらねる。つらなる。絶えずにつらなり続くさま。",Type the reading!,Text
繻,うすぎぬ,"① うすぎぬ。目の細かくやわらかい絹織物。
② 絹織物のいろどり。",Type the reading!,Text
纃,かすり,かすり。かすったような模様をつけた織物。また、その模様のこと。,Type the reading!,Text
纈め,しぼりぞめ,"① しぼり。しぼりぞめ。しぼりぞめにする。
② 目がかすむ。",Type the reading!,Text
纈り,しぼり,"① しぼり。しぼりぞめ。しぼりぞめにする。
② 目がかすむ。",Type the reading!,Text
纉ぐ,つぐ,"① 継ぐ。受け継ぐ。
② あつめる。",Type the reading!,Text
纉める,あつめる,"① 継ぐ。受け継ぐ。
② あつめる。",Type the reading!,Text
纊,"わた,わたいれ","① わた。まわた。新しい綿。
② わたいれ。",Type the reading!,Text
纐り,しぼり,しぼり。しぼりぞめ。くくりぞめ。,Type the reading!,Text
纓,"ひも,むながい","① ひも。なわ。冠のひも。かざりのさげ紐。
② まとう。まつわる。めぐらす。
③ むながい。馬の胸をおおう革。
【日本】えい。冠の後方に垂れている飾りひも。",Type the reading!,Text
纓う,まとう,"① ひも。なわ。冠のひも。かざりのさげ紐。
② まとう。まつわる。めぐらす。
③ むながい。馬の胸をおおう革。
【日本】えい。冠の後方に垂れている飾りひも。",Type the reading!,Text
纔か,わずか,"【A】サイわずか。わずかに。たった。そればかり。ようやく。やっと。
【B】サンすずめ色。赤黒色。青黒色。",Type the reading!,Text
纔かに,わずかに,"【A】サイわずか。わずかに。たった。そればかり。ようやく。やっと。
【B】サンすずめ色。赤黒色。青黒色。",Type the reading!,Text
纘ぐ,つぐ,"① 継ぐ。受け継ぐ。
② あつめる。",Type the reading!,Text
纘める,あつめる,"① 継ぐ。受け継ぐ。
② あつめる。",Type the reading!,Text
纛,はたぼこ,はたぼこ。旄牛（ぼうぎゅう）の尾やきじの羽で作った飾りをつるした大旗。,Type the reading!,Text
纜,ともづな,ともづな。船を岸につなぎとめておく綱。,Type the reading!,Text
缸,"かめ,もたい",かめ。もたい。大きなかめ。,Type the reading!,Text
罅,"すきま,ひび","① ひび。われめ。土器のわれめ。すきま。
② ひびがはいる。かける。われる。",Type the reading!,Text
罌,"かめ,もたい",かめ。もたい。腹が膨らみ口がつぼんだかめ。,Type the reading!,Text
罍,"さかだる,もたい","① たる。さかだる。
② 雷雲の模様をえがいたさかだる。",Type the reading!,Text
罎,"さけがめ,びん","かめ。さかがめ。酒を入れるためのかめ。
【日本】びん。ガラス製の容器。",Type the reading!,Text
罔,あみ,"① あみ。鳥獣や魚を捕らえるための網。
② あみ。罪人を捕らえるための法の網。
③ だます。あざむく。しいる。こじつける。
④ 道理にくらい。おろか。
⑤ ない。なし。",Type the reading!,Text
罔い,"くらい,ない","① あみ。鳥獣や魚を捕らえるための網。
② あみ。罪人を捕らえるための法の網。
③ だます。あざむく。しいる。こじつける。
④ 道理にくらい。おろか。
⑤ ない。なし。",Type the reading!,Text
罔いる,しいる,"① あみ。鳥獣や魚を捕らえるための網。
② あみ。罪人を捕らえるための法の網。
③ だます。あざむく。しいる。こじつける。
④ 道理にくらい。おろか。
⑤ ない。なし。",Type the reading!,Text
罔く,あざむく,"① あみ。鳥獣や魚を捕らえるための網。
② あみ。罪人を捕らえるための法の網。
③ だます。あざむく。しいる。こじつける。
④ 道理にくらい。おろか。
⑤ ない。なし。",Type the reading!,Text
罕,"とりあみ,はた","① とりあみ。鳥をとるためのあみ。
② 旗（はた）。
③ まれ。まれに。たまに。ほとんどない。めったにない。",Type the reading!,Text
罕に,まれに,"① とりあみ。鳥をとるためのあみ。
② 旗（はた）。
③ まれ。まれに。たまに。ほとんどない。めったにない。",Type the reading!,Text
罘,"あみ,うさぎあみ",あみ。うさぎあみ。うさぎを捕らえるための網。また、鳥獣などを狩るのに用いる網。,Type the reading!,Text
罟,"あみ,うおあみ","① あみ。網の総称。
② うおあみ。魚を捕るための網。
③ あみする。網で捕る。",Type the reading!,Text
罠,"あみ,わな","① あみ。鳥獣などを狩るのに用いる網。
② 釣り糸。
【日本】わな。獣を捕らえるしかけ。また、人をあざむき、おとしいれる計略。",Type the reading!,Text
罧,"ふし,ふしづけ",ふし。ふしづけ。しのづけ。水中に柴や枝などを積み上げて、魚を捕らえる仕掛け。,Type the reading!,Text
罨,あみ,"① あみ。上からかぶせて魚や鳥をとらえる網。
② おおう。かぶせる。おおいかぶせる。",Type the reading!,Text
罨う,おおう,"① あみ。上からかぶせて魚や鳥をとらえる網。
② おおう。かぶせる。おおいかぶせる。",Type the reading!,Text
罩,かご,"① かご。魚とりかご。魚を捕らえるための、竹製のかご。
② こめる。入れ包む。かごに入れる。",Type the reading!,Text
罩める,こめる,"① かご。魚とりかご。魚を捕らえるための、竹製のかご。
② こめる。入れ包む。かごに入れる。",Type the reading!,Text
罹る,かかる,"① うれい。うれえ。なやみ。なんぎ。
② かかる。こうむる。ひっかかる。",Type the reading!,Text
羂,わな,"① くくる。つなぐ。
② わな。あみ。鳥獣を捕らえるわな。",Type the reading!,Text
羂る,くくる,"① くくる。つなぐ。
② わな。あみ。鳥獣を捕らえるわな。",Type the reading!,Text
羃う,おおう,"① おおう。かぶせる。おおいかぶせる。
② 物におおいかぶせる布。
③ べき。累乗。同じ数を何度もかけあわせたもの。",Type the reading!,Text
羆,ひぐま,ひぐま。しぐま。あかぐま。熊の一種。性質が荒く、大きな熊。,Type the reading!,Text
羇,"たび,たびびと","① たび。旅をする。旅住まい。
② たびびと。旅をして暮らす人。",Type the reading!,Text
羈,"おもがい,たづな,たび,たびびと","① おもがい。たづな。
② つなぐ。つなぎとめる。とりしまる。
③ 旅人。旅をする。旅ずまい。旅暮らし。",Type the reading!,Text
羈ぐ,つなぐ,"① おもがい。たづな。
② つなぐ。つなぎとめる。とりしまる。
③ 旅人。旅をする。旅ずまい。旅暮らし。",Type the reading!,Text
羈まる,とりしまる,"① おもがい。たづな。
② つなぐ。つなぎとめる。とりしまる。
③ 旅人。旅をする。旅ずまい。旅暮らし。",Type the reading!,Text
羌,えびす,"① えびす。蛮族の名。異民族の名。
② ああ。嘆息の声。発語の助字。",Type the reading!,Text
羔,こひつじ,こひつじ。ひつじの子ども。,Type the reading!,Text
羚,かもしか,かもしか。かもしし。大きな角のある動物。,Type the reading!,Text
羝,おひつじ,おひつじ。雄のひつじ。,Type the reading!,Text
羯,えびす,"① 去勢した羊。
② えびす。中国の異民族の名。",Type the reading!,Text
羶い,なまぐさい,なまぐさい。羊のなま肉のにおい。,Type the reading!,Text
羸い,よわい,"① つかれる。弱る。弱りつかれる。
② 弱い。弱弱しい。
③ やせる。
④ からむ。からまる。",Type the reading!,Text
羸せる,やせる,"① つかれる。弱る。弱りつかれる。
② 弱い。弱弱しい。
③ やせる。
④ からむ。からまる。",Type the reading!,Text
羸る,よわる,"① つかれる。弱る。弱りつかれる。
② 弱い。弱弱しい。
③ やせる。
④ からむ。からまる。",Type the reading!,Text
羸れる,つかれる,"① つかれる。弱る。弱りつかれる。
② 弱い。弱弱しい。
③ やせる。
④ からむ。からまる。",Type the reading!,Text
羹,あつもの,あつもの。肉と野菜を混ぜて煮たスープ。,Type the reading!,Text
翅,"つばさ,はね","① つばさ。はね。鳥や虫の羽。
② 魚のひれ。
③ 飛ぶさま。
④ ただ。ただに。強調や限定の意を表す。",Type the reading!,Text
翊,あくるひ,"① 鳥がとぶさま。
② とびこえる。
③ あくる日。あけ。＝翌
④ たすける。補佐する。もりたてる。
⑤ つつしむさま。",Type the reading!,Text
翊える,とびこえる,"① 鳥がとぶさま。
② とびこえる。
③ あくる日。あけ。＝翌
④ たすける。補佐する。もりたてる。
⑤ つつしむさま。",Type the reading!,Text
翊ける,たすける,"① 鳥がとぶさま。
② とびこえる。
③ あくる日。あけ。＝翌
④ たすける。補佐する。もりたてる。
⑤ つつしむさま。",Type the reading!,Text
翔ぶ,とぶ,"① かける。飛ぶ。飛びめぐる。
② 両手を張って行く。
③ めぐる。振り返る。
④ つまびらか。詳しい。",Type the reading!,Text
翔る,かける,"① かける。飛ぶ。飛びめぐる。
② 両手を張って行く。
③ めぐる。振り返る。
④ つまびらか。詳しい。",Type the reading!,Text
翕こる,おこる,"① おこる。鳥がいっせいに飛び立つ。また、多くの物事がいっせいに起こるさま。
② 集まる。集める。一つに集まる。
③ おさまる。おさめる。閉じる。
④ 合う。合わせる。
⑤ 勢いがよい。盛んなさま。",Type the reading!,Text
翕じる,とじる,"① おこる。鳥がいっせいに飛び立つ。また、多くの物事がいっせいに起こるさま。
② 集まる。集める。一つに集まる。
③ おさまる。おさめる。閉じる。
④ 合う。合わせる。
⑤ 勢いがよい。盛んなさま。",Type the reading!,Text
翕まる,あつまる,"① おこる。鳥がいっせいに飛び立つ。また、多くの物事がいっせいに起こるさま。
② 集まる。集める。一つに集まる。
③ おさまる。おさめる。閉じる。
④ 合う。合わせる。
⑤ 勢いがよい。盛んなさま。",Type the reading!,Text
翕める,あつめる,"① おこる。鳥がいっせいに飛び立つ。また、多くの物事がいっせいに起こるさま。
② 集まる。集める。一つに集まる。
③ おさまる。おさめる。閉じる。
④ 合う。合わせる。
⑤ 勢いがよい。盛んなさま。",Type the reading!,Text
翕ん,さかん,"① おこる。鳥がいっせいに飛び立つ。また、多くの物事がいっせいに起こるさま。
② 集まる。集める。一つに集まる。
③ おさまる。おさめる。閉じる。
④ 合う。合わせる。
⑤ 勢いがよい。盛んなさま。",Type the reading!,Text
翡,かわせみ,かわせみ。水辺にすむ鳥の名。特に雄のかわせみを翡（ヒ）という。,Type the reading!,Text
翦ぐ,そぐ,"① 羽が生える。生え揃う。
② 矢羽。
③ きる。つむ。はさむ。切りそろえる。はさみで切る。＝剪
④ 滅ぼす。討ち滅ぼす。＝剪",Type the reading!,Text
翦ぼす,ほろぼす,"① 羽が生える。生え揃う。
② 矢羽。
③ きる。つむ。はさむ。切りそろえる。はさみで切る。＝剪
④ 滅ぼす。討ち滅ぼす。＝剪",Type the reading!,Text
翦む,はさむ,"① 羽が生える。生え揃う。
② 矢羽。
③ きる。つむ。はさむ。切りそろえる。はさみで切る。＝剪
④ 滅ぼす。討ち滅ぼす。＝剪",Type the reading!,Text
翦る,きる,"① 羽が生える。生え揃う。
② 矢羽。
③ きる。つむ。はさむ。切りそろえる。はさみで切る。＝剪
④ 滅ぼす。討ち滅ぼす。＝剪",Type the reading!,Text
翩る,ひるがえる,"① 速く飛ぶ。
② ひるがえるさま。ひらひらと軽やかなさま。",Type the reading!,Text
翳,かげ,"① きぬがさ。羽毛で作った日よけ用の傘。
② おおう。かざす。おおい。かざし。おおいかける。
③ かげる。くもる。暗くなる。かげり。くもり。
④ かすみ目。目がかすむ。はっきり見えない。
⑤ しりぞける。
⑥ 鳥の名前。",Type the reading!,Text
翳し,かざし,"① きぬがさ。羽毛で作った日よけ用の傘。
② おおう。かざす。おおい。かざし。おおいかける。
③ かげる。くもる。暗くなる。かげり。くもり。
④ かすみ目。目がかすむ。はっきり見えない。
⑤ しりぞける。
⑥ 鳥の名前。",Type the reading!,Text
翳す,かざす,"① きぬがさ。羽毛で作った日よけ用の傘。
② おおう。かざす。おおい。かざし。おおいかける。
③ かげる。くもる。暗くなる。かげり。くもり。
④ かすみ目。目がかすむ。はっきり見えない。
⑤ しりぞける。
⑥ 鳥の名前。",Type the reading!,Text
翳む,かすむ,"① きぬがさ。羽毛で作った日よけ用の傘。
② おおう。かざす。おおい。かざし。おおいかける。
③ かげる。くもる。暗くなる。かげり。くもり。
④ かすみ目。目がかすむ。はっきり見えない。
⑤ しりぞける。
⑥ 鳥の名前。",Type the reading!,Text
翳り,"かげり,くもり","① きぬがさ。羽毛で作った日よけ用の傘。
② おおう。かざす。おおい。かざし。おおいかける。
③ かげる。くもる。暗くなる。かげり。くもり。
④ かすみ目。目がかすむ。はっきり見えない。
⑤ しりぞける。
⑥ 鳥の名前。",Type the reading!,Text
翳る,かげる,"① きぬがさ。羽毛で作った日よけ用の傘。
② おおう。かざす。おおい。かざし。おおいかける。
③ かげる。くもる。暗くなる。かげり。くもり。
④ かすみ目。目がかすむ。はっきり見えない。
⑤ しりぞける。
⑥ 鳥の名前。",Type the reading!,Text
翹げる,あげる,"① 鳥の尾の長い羽毛。
② あげる。あがる。もちあげる。
③ つまだてる。つまさき立つ。
④ すぐれているさま。ぬきんでている。
⑤ 心にかける。かける。",Type the reading!,Text
翹てる,つまだてる,"① 鳥の尾の長い羽毛。
② あげる。あがる。もちあげる。
③ つまだてる。つまさき立つ。
④ すぐれているさま。ぬきんでている。
⑤ 心にかける。かける。",Type the reading!,Text
耄ける,ほうける,"① とりより。八十歳、九十歳の人（七十歳との説も）。
② おいぼれる。ほうける。ぼける。年をとって頭やからだのはたらきが鈍くなる。",Type the reading!,Text
耄り,としより,"① とりより。八十歳、九十歳の人（七十歳との説も）。
② おいぼれる。ほうける。ぼける。年をとって頭やからだのはたらきが鈍くなる。",Type the reading!,Text
耄れる,おいぼれる,"① とりより。八十歳、九十歳の人（七十歳との説も）。
② おいぼれる。ほうける。ぼける。年をとって頭やからだのはたらきが鈍くなる。",Type the reading!,Text
耆,おさ,"【A】キ
① 老いる。年をとる。また、年寄り。
② おさ。かしら。長老。
③ 強い。
【B】シいたる。いたす。成し遂げる。
【C】シたしなむ。好む。味わう。",Type the reading!,Text
耆いる,おいる,"【A】キ
① 老いる。年をとる。また、年寄り。
② おさ。かしら。長老。
③ 強い。
【B】シいたる。いたす。成し遂げる。
【C】シたしなむ。好む。味わう。",Type the reading!,Text
耆む,たしなむ,"【A】キ
① 老いる。年をとる。また、年寄り。
② おさ。かしら。長老。
③ 強い。
【B】シいたる。いたす。成し遂げる。
【C】シたしなむ。好む。味わう。",Type the reading!,Text
耆り,としより,"【A】キ
① 老いる。年をとる。また、年寄り。
② おさ。かしら。長老。
③ 強い。
【B】シいたる。いたす。成し遂げる。
【C】シたしなむ。好む。味わう。",Type the reading!,Text
耋いる,おいる,おいる。年をとる。年寄り。,Type the reading!,Text
耋り,としより,おいる。年をとる。年寄り。,Type the reading!,Text
耘く,のぞく,"① くさぎる。田畑の雑草を取り除く。
② のぞく。悪いものを取り去る。",Type the reading!,Text
耘る,くさぎる,"① くさぎる。田畑の雑草を取り除く。
② のぞく。悪いものを取り去る。",Type the reading!,Text
耙,まぐわ,まぐわ。土のかたまりをくだきならすためのすき。牛馬に引かせる。,Type the reading!,Text
耜,すき,すき。土をけずる農具。,Type the reading!,Text
耡,すき,"① すく。たがやす。くさぎる。田畑を耕す。
② すき。田畑を耕す道具。
③ 殷の時代の税法。",Type the reading!,Text
耡く,すく,"① すく。たがやす。くさぎる。田畑を耕す。
② すき。田畑を耕す道具。
③ 殷の時代の税法。",Type the reading!,Text
耡す,たがやす,"① すく。たがやす。くさぎる。田畑を耕す。
② すき。田畑を耕す道具。
③ 殷の時代の税法。",Type the reading!,Text
耨,くわ,"① くさぎる。すきで雑草を除き取る。
② くわ。雑草をすきとる農具。",Type the reading!,Text
耨く,すく,"① くさぎる。すきで雑草を除き取る。
② くわ。雑草をすきとる農具。",Type the reading!,Text
耨る,くさぎる,"① くさぎる。すきで雑草を除き取る。
② くわ。雑草をすきとる農具。",Type the reading!,Text
耿,ひかり,"① 明らか。
② 明るい。光る。照る。
③ 志をかたく守るさま。",Type the reading!,Text
耿らか,あきらか,"① 明らか。
② 明るい。光る。照る。
③ 志をかたく守るさま。",Type the reading!,Text
耿る,ひかる,"① 明らか。
② 明るい。光る。照る。
③ 志をかたく守るさま。",Type the reading!,Text
聆く,きく,"① きく。耳をすましきく。
② さとる。了解する。理解する。
③ 歳。よわい。",Type the reading!,Text
聆る,さとる,"① きく。耳をすましきく。
② さとる。了解する。理解する。
③ 歳。よわい。",Type the reading!,Text
聊か,いささか,"① 耳が鳴る。耳鳴りがする。
② たよる。たのむ。たよりにする。
③ 楽しむ。
④ いささか。少し。ちょっと。かりそめ。しばらく。",Type the reading!,Text
聊しむ,たのしむ,"① 耳が鳴る。耳鳴りがする。
② たよる。たのむ。たよりにする。
③ 楽しむ。
④ いささか。少し。ちょっと。かりそめ。しばらく。",Type the reading!,Text
聊る,たよる,"① 耳が鳴る。耳鳴りがする。
② たよる。たのむ。たよりにする。
③ 楽しむ。
④ いささか。少し。ちょっと。かりそめ。しばらく。",Type the reading!,Text
聒か,おろか,"① かまびすしい。さわがしい。うるさい。
② おろかなさま。",Type the reading!,Text
聒しい,かまびすしい,"① かまびすしい。さわがしい。うるさい。
② おろかなさま。",Type the reading!,Text
聘う,とう,"① とう。おとずれる。たずねる。訪問する。
② 諸侯が使者として大夫に他国を訪問させること。
③ 召す。招く。賢者を招く。
④ めとる。妻としてむかえる。",Type the reading!,Text
聘く,まねく,"① とう。おとずれる。たずねる。訪問する。
② 諸侯が使者として大夫に他国を訪問させること。
③ 召す。招く。賢者を招く。
④ めとる。妻としてむかえる。",Type the reading!,Text
聘す,めす,"① とう。おとずれる。たずねる。訪問する。
② 諸侯が使者として大夫に他国を訪問させること。
③ 召す。招く。賢者を招く。
④ めとる。妻としてむかえる。",Type the reading!,Text
聘る,めとる,"① とう。おとずれる。たずねる。訪問する。
② 諸侯が使者として大夫に他国を訪問させること。
③ 召す。招く。賢者を招く。
④ めとる。妻としてむかえる。",Type the reading!,Text
聚まる,あつまる,"① 集まる。集める。たくわえる。集合する。
② 集まり。仲間。たくわえ。集まった人々。集まった物。
③ 村。村里。村落。",Type the reading!,Text
聚める,あつめる,"① 集まる。集める。たくわえる。集合する。
② 集まり。仲間。たくわえ。集まった人々。集まった物。
③ 村。村里。村落。",Type the reading!,Text
聟,むこ,むこ。娘の夫。,Type the reading!,Text
聢と,しかと,しかと。たしかに。しっかりと。まちがいなく。,Type the reading!,Text
聳える,そびえる,"① そびえる。そばだつ。そびえ立つ。
② おそれる。おそれおののく。
③ つつしむ。
④ 勧める。",Type the reading!,Text
聳つ,そばだつ,"① そびえる。そばだつ。そびえ立つ。
② おそれる。おそれおののく。
③ つつしむ。
④ 勧める。",Type the reading!,Text
聳む,つつしむ,"① そびえる。そばだつ。そびえ立つ。
② おそれる。おそれおののく。
③ つつしむ。
④ 勧める。",Type the reading!,Text
聳める,すすめる,"① そびえる。そばだつ。そびえ立つ。
② おそれる。おそれおののく。
③ つつしむ。
④ 勧める。",Type the reading!,Text
聳やかす,そびやかす,"① そびえる。そばだつ。そびえ立つ。
② おそれる。おそれおののく。
③ つつしむ。
④ 勧める。",Type the reading!,Text
聳れる,おそれる,"① そびえる。そばだつ。そびえ立つ。
② おそれる。おそれおののく。
③ つつしむ。
④ 勧める。",Type the reading!,Text
聶く,ささやく,"① ささやく。声を小さくして話す。
② ととのえる。",Type the reading!,Text
聿,ふで,"① 筆。書く。
② とうとう。ついに。
③ 自分から。自ら。
④ 修める。述べる。
⑤ すばやい。すばやく走る。
⑥ 共に。従う。",Type the reading!,Text
聿べる,のべる,"① 筆。書く。
② とうとう。ついに。
③ 自分から。自ら。
④ 修める。述べる。
⑤ すばやい。すばやく走る。
⑥ 共に。従う。",Type the reading!,Text
聿める,おさめる,"① 筆。書く。
② とうとう。ついに。
③ 自分から。自ら。
④ 修める。述べる。
⑤ すばやい。すばやく走る。
⑥ 共に。従う。",Type the reading!,Text
肄,ひこばえ,"① 習う。手習いする。学習する。
② 苦労。骨折り。つかれ。
③ ひこばえ。切り株から出るわかい芽。
④ 残り。あまり。",Type the reading!,Text
肄う,ならう,"① 習う。手習いする。学習する。
② 苦労。骨折り。つかれ。
③ ひこばえ。切り株から出るわかい芽。
④ 残り。あまり。",Type the reading!,Text
肆,"ほしいまま,みせ","① つらねる。ならべる。つらなる。ならび。列。陳列。
② 店。市場。品物を並べる。
③ ほしいまま。気まま。ほしいままにする。
④ 罪人をさらす。さらしものにする。
⑤ ゆえに。だから。まことに。
⑥ 尽くす。力を尽くす。努力する。努める。
⑦ 広げる。のばす。
⑧ とうとう。遂に。
⑨ 極める。極まる。
⑩ 大きい。長い。はなはだ。
⑪ はやい。はやく。
⑫ 契約書や証書などの文書で数字を表すとき、書き換えを防ぐために「四」の代わりに用いる文字。大字。",Type the reading!,Text
肆ねる,つらねる,"① つらねる。ならべる。つらなる。ならび。列。陳列。
② 店。市場。品物を並べる。
③ ほしいまま。気まま。ほしいままにする。
④ 罪人をさらす。さらしものにする。
⑤ ゆえに。だから。まことに。
⑥ 尽くす。力を尽くす。努力する。努める。
⑦ 広げる。のばす。
⑧ とうとう。遂に。
⑨ 極める。極まる。
⑩ 大きい。長い。はなはだ。
⑪ はやい。はやく。
⑫ 契約書や証書などの文書で数字を表すとき、書き換えを防ぐために「四」の代わりに用いる文字。大字。",Type the reading!,Text
肆べる,ならべる,"① つらねる。ならべる。つらなる。ならび。列。陳列。
② 店。市場。品物を並べる。
③ ほしいまま。気まま。ほしいままにする。
④ 罪人をさらす。さらしものにする。
⑤ ゆえに。だから。まことに。
⑥ 尽くす。力を尽くす。努力する。努める。
⑦ 広げる。のばす。
⑧ とうとう。遂に。
⑨ 極める。極まる。
⑩ 大きい。長い。はなはだ。
⑪ はやい。はやく。
⑫ 契約書や証書などの文書で数字を表すとき、書き換えを防ぐために「四」の代わりに用いる文字。大字。",Type the reading!,Text
肓,むなもと,むなもと。横隔膜の上の深い部分を指す。,Type the reading!,Text
肚,"いぶくろ,はら","① はら。おなか。
② い。いぶくろ。",Type the reading!,Text
肛,しりのあな,"【A】コウしりのあな。例：肛門
【B】コウふくれる。はれる。ふくれて大きくなる。",Type the reading!,Text
肛れる,はれる,"【A】コウしりのあな。例：肛門
【B】コウふくれる。はれる。ふくれて大きくなる。",Type the reading!,Text
肬,いぼ,いぼ。肌にできる小さな突起。,Type the reading!,Text
肬れる,はれる,いぼ。肌にできる小さな突起。,Type the reading!,Text
胄,"ちすじ,よつぎ","① 跡継ぎ。世継ぎ。跡取り。
② 血筋。血続き。子孫。",Type the reading!,Text
胖か,ゆたか,"【A】ハン
① 片身。半分に切ったいけにえの肉。
② あばら肉。
【B】ハンゆたか。やすらか。おおらか。のびやかでおおきい。",Type the reading!,Text
胙,ひもろぎ,"① ひもろぎ。神に供える肉。
② 幸い。幸いする。
③ 報いる。
④ 与える。授ける。たまう。",Type the reading!,Text
胚む,はらむ,"① はらむ。みごもる。妊娠する。腹に子をやどす。
② はらごもり。妊娠。
③ きざし。はじめ。
【日本】卵黄の上にある眼点で、孵化するとひなになるもの。",Type the reading!,Text
胚め,はじめ,"① はらむ。みごもる。妊娠する。腹に子をやどす。
② はらごもり。妊娠。
③ きざし。はじめ。
【日本】卵黄の上にある眼点で、孵化するとひなになるもの。",Type the reading!,Text
胛,かいがらぼね,かいがらぼね。肩の後ろあたりにある骨。,Type the reading!,Text
胝,"あかぎれ,たこ,まめ",手や足の皮が厚くなったもの。たこ。まめ。あかぎれ。,Type the reading!,Text
胥,"しおから,みな","① しおから。塩漬けにした肉。
② 互いに。あい。
③ 視る。観察する。うかがう。
④ みな。すべて。ともに。
⑤ 待つ。
⑥ 小役人。下級の役人。
⑦ 語調を整えるための助字。",Type the reading!,Text
胯,また,"① また。またぐら。
② うちもも。両ももの間。両またの間。",Type the reading!,Text
胯がる,またがる,"① また。またぐら。
② うちもも。両ももの間。両またの間。",Type the reading!,Text
胯ぐ,またぐ,"① また。またぐら。
② うちもも。両ももの間。両またの間。",Type the reading!,Text
胼,"あかぎれ,たこ",手や足の皮が厚くなったもの。たこ。まめ。あかぎれ。,Type the reading!,Text
脛,"すね,はぎ",すね。はぎ。足の膝からくるぶしまでの部分。,Type the reading!,Text
脣,くちびる,"① くちびる。
② ふち。へり。もののはしの部分。
③ おどろく。口を震わせる。",Type the reading!,Text
脩,ほじし,"① ほじし。ほし肉。
② おさめる。ととのえる。身をおさめる。
③ ながい。
④ いましめる。",Type the reading!,Text
脩い,ながい,"① ほじし。ほし肉。
② おさめる。ととのえる。身をおさめる。
③ ながい。
④ いましめる。",Type the reading!,Text
脩める,おさめる,"① ほじし。ほし肉。
② おさめる。ととのえる。身をおさめる。
③ ながい。
④ いましめる。",Type the reading!,Text
脯,ほじし,"① ほじし。ほし肉。
② 果物をほしたもの。
③ ほじしにする。",Type the reading!,Text
脾,"ひぞう,もも","① 五臓の一つ。内臓の一つ。脾臓（ひぞう）。
② もも。",Type the reading!,Text
腁,"あかぎれ,たこ",手や足の皮が厚くなったもの。たこ。まめ。あかぎれ。,Type the reading!,Text
腆い,"あつい,てあつい","① あつい。てあつい。丁重。
② 多い。
③ よい。美しい。格好がよい。",Type the reading!,Text
腋,"わき,わきのした",わき。わきのした。わきの下の部分。,Type the reading!,Text
腑,"こころ,はらわた","① はらわた。内臓。六腑。
② こころ。心の中。
③ 身内。ごく親しい人のたとえ。",Type the reading!,Text
腓,"こむら,ふくらはぎ","① こむら。ふくらはぎ。
② さける。
③ 足きりの刑罰。",Type the reading!,Text
腥い,なまぐさい,"① なまぐさい。
② きたない。みにくい。けがらわしい。
③ 生肉。生の肉。
④ あぶら。鶏肉のあぶら。",Type the reading!,Text
腥らわしい,けがらわしい,"① なまぐさい。
② きたない。みにくい。けがらわしい。
③ 生肉。生の肉。
④ あぶら。鶏肉のあぶら。",Type the reading!,Text
腮,"あぎと,あご,えら","①  あご。あぎと。
② えら。魚のえら。魚の呼吸器。",Type the reading!,Text
腱,すじ,すじ。けん。すじのつけね。筋肉の運動をたすける組織の束。,Type the reading!,Text
腴,あぶら,"① こえる。ゆたか。腹がふとる。
② あぶら。肥えて脂ののった肉。",Type the reading!,Text
腴える,こえる,"① こえる。ゆたか。腹がふとる。
② あぶら。肥えて脂ののった肉。",Type the reading!,Text
腴か,ゆたか,"① こえる。ゆたか。腹がふとる。
② あぶら。肥えて脂ののった肉。",Type the reading!,Text
膀,ゆばりぶくろ,"① わき。わきばら。
② 「膀胱（ぼうこう）」は体内で尿を蓄えておく器官。",Type the reading!,Text
膂,"せぼね,ちから","① せぼね。背骨のちから。
② ちから。筋力。肉体のちから。",Type the reading!,Text
膊,"うで,ほじし","① うで。かいな。
② ほじし。ほし肉。
③ はりつけにしてさらす。さらしものにする。",Type the reading!,Text
膠,にかわ,"① にかわ。動物の骨や皮などからつくられる接着剤。
② にかわする。にかわで物をくっつける。
③ 着く。粘りつく。かたく着いて動かない。
④ かたい。
⑤ もとる。あやまる。ねじまがる。",Type the reading!,Text
膠い,かたい,"① にかわ。動物の骨や皮などからつくられる接着剤。
② にかわする。にかわで物をくっつける。
③ 着く。粘りつく。かたく着いて動かない。
④ かたい。
⑤ もとる。あやまる。ねじまがる。",Type the reading!,Text
膠く,つく,"① にかわ。動物の骨や皮などからつくられる接着剤。
② にかわする。にかわで物をくっつける。
③ 着く。粘りつく。かたく着いて動かない。
④ かたい。
⑤ もとる。あやまる。ねじまがる。",Type the reading!,Text
膠する,にかわする,"① にかわ。動物の骨や皮などからつくられる接着剤。
② にかわする。にかわで物をくっつける。
③ 着く。粘りつく。かたく着いて動かない。
④ かたい。
⑤ もとる。あやまる。ねじまがる。",Type the reading!,Text
膩,"あか,あぶら,あぶらあか","① あぶら。脂肪。あぶらあか。あか。
② あぶらぎる。肥える。太る。
③ なめらか。きめ細かい。すべすべしている。",Type the reading!,Text
膩らか,なめらか,"① あぶら。脂肪。あぶらあか。あか。
② あぶらぎる。肥える。太る。
③ なめらか。きめ細かい。すべすべしている。",Type the reading!,Text
膰,ひもろぎ,ひもろぎ。神に供える肉。,Type the reading!,Text
膺,むね,"① 胸。
② 当たる。当てる。受ける。引き受ける。
③ うつ。攻撃する。征伐する。
④ 馬のむねあて。馬の腹帯。",Type the reading!,Text
膺ける,うける,"① 胸。
② 当たる。当てる。受ける。引き受ける。
③ うつ。攻撃する。征伐する。
④ 馬のむねあて。馬の腹帯。",Type the reading!,Text
膺つ,うつ,"① 胸。
② 当たる。当てる。受ける。引き受ける。
③ うつ。攻撃する。征伐する。
④ 馬のむねあて。馬の腹帯。",Type the reading!,Text
膾,なます,"なます。細かく切った魚肉。＝鱠
【日本】なます。魚や細かく切った野菜を酢であえた食品。",Type the reading!,Text
膾にする,なますにする,"なます。細かく切った魚肉。＝鱠
【日本】なます。魚や細かく切った野菜を酢であえた食品。",Type the reading!,Text
臀,"しり,そこ","① しり。例：臀部（でんぶ）
② そこ。物の底。",Type the reading!,Text
臂,"うで,ひじ","① うで。かいな。
② 動物の前足。
【日本】ひじ。腕の関節部分。",Type the reading!,Text
臈,くれ,"① 年齢。年功。年功による地位や身分。
② まつりの名。＝臘
③ 僧侶が得度してからの年数。 ＝臘",Type the reading!,Text
臉,"かお,ほお","【A】ケン
① かお。ほお。顔面。
② まぶた。
【B】セン肉のあつもの。吸い物。",Type the reading!,Text
臍,"へそ,ほぞ","① へそ。ほぞ。腹部にある、へその緒があったところ。
② へそのような形状をしたもの。",Type the reading!,Text
臑,すね,"【A】ジ煮る。肉をやわらかに煮る。
【B】ジュやわらかいさま。
【C】ジュ・ドウ羊や豚の前足。",Type the reading!,Text
臑らか,やわらか,"【A】ジ煮る。肉をやわらかに煮る。
【B】ジュやわらかいさま。
【C】ジュ・ドウ羊や豚の前足。",Type the reading!,Text
臑る,にる,"【A】ジ煮る。肉をやわらかに煮る。
【B】ジュやわらかいさま。
【C】ジュ・ドウ羊や豚の前足。",Type the reading!,Text
臘れ,くれ,"① くれ。年のくれ。
② まつりの名。＝臈
③ 僧侶が得度してからの年数。＝臈",Type the reading!,Text
臙,"のど,べに","① のど。
② べに。紅色の顔料。",Type the reading!,Text
臚,はだ,"① はだ。はだえ。皮膚。かわ。
② つらねる。つらなる。並べる。
③ 伝える。告げる。伝え告げる。述べる。",Type the reading!,Text
臚える,つたえる,"① はだ。はだえ。皮膚。かわ。
② つらねる。つらなる。並べる。
③ 伝える。告げる。伝え告げる。述べる。",Type the reading!,Text
臚べる,ならべる,"① はだ。はだえ。皮膚。かわ。
② つらねる。つらなる。並べる。
③ 伝える。告げる。伝え告げる。述べる。",Type the reading!,Text
臠,"きりにく,きりみ","きりみ。きりにく。小さく切られた肉。
【日本】みそなわす。ご覧になる。「見る」の敬語。",Type the reading!,Text
臠す,みそなわす,"きりみ。きりにく。小さく切られた肉。
【日本】みそなわす。ご覧になる。「見る」の敬語。",Type the reading!,Text
臧,"しもべ,まいない","① 善い。立派な。
② おさめる。かくす。
③ まいない。賄賂。
④ 召使い。奴隷。
⑤ はらわた。
⑥ 蔵。",Type the reading!,Text
臧い,よい,"① 善い。立派な。
② おさめる。かくす。
③ まいない。賄賂。
④ 召使い。奴隷。
⑤ はらわた。
⑥ 蔵。",Type the reading!,Text
臧す,かくす,"① 善い。立派な。
② おさめる。かくす。
③ まいない。賄賂。
④ 召使い。奴隷。
⑤ はらわた。
⑥ 蔵。",Type the reading!,Text
臧める,おさめる,"① 善い。立派な。
② おさめる。かくす。
③ まいない。賄賂。
④ 召使い。奴隷。
⑤ はらわた。
⑥ 蔵。",Type the reading!,Text
臻い,おおい,"① いたる。とどく。きたる。およぶ。よりあつまる。
② おおい。",Type the reading!,Text
臻る,"いたる,きたる","① いたる。とどく。きたる。およぶ。よりあつまる。
② おおい。",Type the reading!,Text
臾か,わずか,"① 「須臾（しゅゆ）」はしばらく。わずかの間。
② ひきとめる。引き抜く。",Type the reading!,Text
臾く,しばらく,"① 「須臾（しゅゆ）」はしばらく。わずかの間。
② ひきとめる。引き抜く。",Type the reading!,Text
臾める,ひきとめる,"① 「須臾（しゅゆ）」はしばらく。わずかの間。
② ひきとめる。引き抜く。",Type the reading!,Text
舁く,かく,かく。かつぐ。かつぎあげる。,Type the reading!,Text
舁ぐ,かつぐ,かく。かつぐ。かつぎあげる。,Type the reading!,Text
舂く,"うすづく,つく","① うすづく。うすでつく。
② つく。うつ。＝衝
③ 太陽が没する。日が沈む。",Type the reading!,Text
舅,"おじ,しゅうと","① しゅうと。配偶者の父親。
② おじ。母親の兄弟。
③ 妻の兄弟。
④ 諸侯が異性の大夫を呼ぶ称。
⑤ 天子が異性の諸侯を呼ぶ称。",Type the reading!,Text
舐める,なめる,なめる。ねぶる。舌の先でなめとる。,Type the reading!,Text
舐る,ねぶる,なめる。ねぶる。舌の先でなめとる。,Type the reading!,Text
舒ばす,のばす,"① のばす。広がる。
② のべる。広げる。述べあらわす。
③ ゆるやか。おだやか。遅い。静か。
④ 順序をつける。ついでる。",Type the reading!,Text
舒べる,のべる,"① のばす。広がる。
② のべる。広げる。述べあらわす。
③ ゆるやか。おだやか。遅い。静か。
④ 順序をつける。ついでる。",Type the reading!,Text
舒やか,ゆるやか,"① のばす。広がる。
② のべる。広げる。述べあらわす。
③ ゆるやか。おだやか。遅い。静か。
④ 順序をつける。ついでる。",Type the reading!,Text
舫,"ふね,もやいぶね","① ふね。いかだ。こぶね。
② もやいぶね。もやい。二隻つなぎあわせた舟。
③ 船頭。ふなのり。",Type the reading!,Text
舫う,もやう,"① ふね。いかだ。こぶね。
② もやいぶね。もやい。二隻つなぎあわせた舟。
③ 船頭。ふなのり。",Type the reading!,Text
舳,"かじ,とも,へさき","① へさき。ふねの前部分。船首。
② とも。ふねの後ろ部分。船尾。かじ。",Type the reading!,Text
舸,"おおぶね,ふね",ふね。おおぶね。大きな船。,Type the reading!,Text
艀,"こぶね,はしけ","① こぶね。
②  はしけ。はしけぶね。沖の本船と波止場との間を往来する小船。",Type the reading!,Text
艘,ふね,"① ふね。ふねの総称。
② ソウ。ふねを数える助数詞。",Type the reading!,Text
艙,ふなぐら,ふなぐら。船内の貨物を積む部屋。また、しきられた部屋。,Type the reading!,Text
艚,こぶね,ふね。こぶね。運送用のふね。,Type the reading!,Text
艝,そり,そり。雪の上を移動するための乗り物。,Type the reading!,Text
艟,いくさぶね,「艟艨（どうもう）」はいくさぶねのこと。,Type the reading!,Text
艢,ほばしら,ほばしら。船に帆を張るための柱。＝檣,Type the reading!,Text
艤い,ふなよそおい,"① ふなよそおい。出航の準備をする。
② 船をつなぐ。船を岸につける。",Type the reading!,Text
艨,いくさぶね,いくさぶね。軍艦。艦隊。,Type the reading!,Text
艪,かい,ろ。かい。船をこいで進めるための道具。,Type the reading!,Text
艫,"とも,へさき","① へさき。みよし。ふねの前部分。船首。
② とも。ふねの後ろ部分。船尾。
③ ふね。",Type the reading!,Text
艱い,かたい,"① かたい。くるしい。けわしい。むずかしい。
② くるしむ。なやむ。悩み苦しむ。
③ くるしみ。なやみ。
④ 喪。両親の喪。",Type the reading!,Text
艱しい,"くるしい,けわしい,むずかしい","① かたい。くるしい。けわしい。むずかしい。
② くるしむ。なやむ。悩み苦しむ。
③ くるしみ。なやみ。
④ 喪。両親の喪。",Type the reading!,Text
艱しむ,くるしむ,"① かたい。くるしい。けわしい。むずかしい。
② くるしむ。なやむ。悩み苦しむ。
③ くるしみ。なやみ。
④ 喪。両親の喪。",Type the reading!,Text
艱み,なやみ,"① かたい。くるしい。けわしい。むずかしい。
② くるしむ。なやむ。悩み苦しむ。
③ くるしみ。なやみ。
④ 喪。両親の喪。",Type the reading!,Text
艱む,なやむ,"① かたい。くるしい。けわしい。むずかしい。
② くるしむ。なやむ。悩み苦しむ。
③ くるしみ。なやみ。
④ 喪。両親の喪。",Type the reading!,Text
艸,くさ,くさ。並んで生えている草の総称。,Type the reading!,Text
艾,"もぐさ,よもぎ","【A】ガイ
① よもぎ。もちぐさ。キク科の多年草。よもぎ色。
② もぐさ。よもぎの葉を乾燥させて灸に使うもの。
③ 年寄り。特に五十歳。
④ 養う。育てる。
⑤ 美しい。みめのよい。
⑥ 絶える。尽きる。止む。
【B】ガイ
① 刈る。刈り入れる。刈りとる。
② かま。草を刈り取る道具。
③ おさまる。おさめる。",Type the reading!,Text
艾める,おさめる,"【A】ガイ
① よもぎ。もちぐさ。キク科の多年草。よもぎ色。
② もぐさ。よもぎの葉を乾燥させて灸に使うもの。
③ 年寄り。特に五十歳。
④ 養う。育てる。
⑤ 美しい。みめのよい。
⑥ 絶える。尽きる。止む。
【B】ガイ
① 刈る。刈り入れる。刈りとる。
② かま。草を刈り取る道具。
③ おさまる。おさめる。",Type the reading!,Text
艾り,としより,"【A】ガイ
① よもぎ。もちぐさ。キク科の多年草。よもぎ色。
② もぐさ。よもぎの葉を乾燥させて灸に使うもの。
③ 年寄り。特に五十歳。
④ 養う。育てる。
⑤ 美しい。みめのよい。
⑥ 絶える。尽きる。止む。
【B】ガイ
① 刈る。刈り入れる。刈りとる。
② かま。草を刈り取る道具。
③ おさまる。おさめる。",Type the reading!,Text
艾る,かる,"【A】ガイ
① よもぎ。もちぐさ。キク科の多年草。よもぎ色。
② もぐさ。よもぎの葉を乾燥させて灸に使うもの。
③ 年寄り。特に五十歳。
④ 養う。育てる。
⑤ 美しい。みめのよい。
⑥ 絶える。尽きる。止む。
【B】ガイ
① 刈る。刈り入れる。刈りとる。
② かま。草を刈り取る道具。
③ おさまる。おさめる。",Type the reading!,Text
芒,"けさき,すすき,のぎ","① のぎ。のげ。毛さき。穀物の先端にあるかたい細毛。
② 暗い。おろか。かすか。
③ つかれる。いそがしい。あわただしい。
④ 広々としたさま。果てしないさま。
⑤ ひかり。光線の先端。
【日本】すすき。草の名。イネ科の多年草。",Type the reading!,Text
芒い,くらい,"① のぎ。のげ。毛さき。穀物の先端にあるかたい細毛。
② 暗い。おろか。かすか。
③ つかれる。いそがしい。あわただしい。
④ 広々としたさま。果てしないさま。
⑤ ひかり。光線の先端。
【日本】すすき。草の名。イネ科の多年草。",Type the reading!,Text
芒れる,つかれる,"① のぎ。のげ。毛さき。穀物の先端にあるかたい細毛。
② 暗い。おろか。かすか。
③ つかれる。いそがしい。あわただしい。
④ 広々としたさま。果てしないさま。
⑤ ひかり。光線の先端。
【日本】すすき。草の名。イネ科の多年草。",Type the reading!,Text
芟る,かる,"① 刈る。草を刈り取る。除き取る。
② 草を刈るかま。",Type the reading!,Text
芦,"あし,よし",あし。よし。草の名。イネ科の多年草。,Type the reading!,Text
芫,"さつまふじ,ふじもどき",ふじもどき。さつまふじ。有毒の落葉低木。,Type the reading!,Text
芬しい,こうばしい,"① かおる。かんばしい。こうばしい。
② かおり。よいにおい。よい香り。
③ 名声が高い。評判がよい。
④ 多い。盛んである。
【日本】国名「芬蘭（フィンランド）」の略。",Type the reading!,Text
芬り,かおり,"① かおる。かんばしい。こうばしい。
② かおり。よいにおい。よい香り。
③ 名声が高い。評判がよい。
④ 多い。盛んである。
【日本】国名「芬蘭（フィンランド）」の略。",Type the reading!,Text
芬る,かおる,"① かおる。かんばしい。こうばしい。
② かおり。よいにおい。よい香り。
③ 名声が高い。評判がよい。
④ 多い。盛んである。
【日本】国名「芬蘭（フィンランド）」の略。",Type the reading!,Text
芻,"まぐさ,わら","① 刈る。草を刈る。また、刈る人。
② まぐさ。ほし草。家畜の飼料。
③ まぐさかう。家畜を飼う。
④ 草を食べる動物。",Type the reading!,Text
芻り,くさかり,"① 刈る。草を刈る。また、刈る人。
② まぐさ。ほし草。家畜の飼料。
③ まぐさかう。家畜を飼う。
④ 草を食べる動物。",Type the reading!,Text
芻る,かる,"① 刈る。草を刈る。また、刈る人。
② まぐさ。ほし草。家畜の飼料。
③ まぐさかう。家畜を飼う。
④ 草を食べる動物。",Type the reading!,Text
苆,すさ,すさ。壁土の亀裂を防ぐために、壁土に混ぜてぬり込む刻んだ藁。,Type the reading!,Text
苙,よろいぐさ,"① 檻。家畜を飼育するための囲い。
② 草の名。よろいぐさ。",Type the reading!,Text
苞,"つと,ねもと","① 草の名。あぶらがや。むしろぐさ。草履やむしろを作るのに用いる。
② つつみ。つと。みやげもの。包んだもの。包んだ品物。
③ つつむ。＝包
④ しげる。むらがりしげる。
⑤ もと。ねもと。",Type the reading!,Text
苞み,つつみ,"① 草の名。あぶらがや。むしろぐさ。草履やむしろを作るのに用いる。
② つつみ。つと。みやげもの。包んだもの。包んだ品物。
③ つつむ。＝包
④ しげる。むらがりしげる。
⑤ もと。ねもと。",Type the reading!,Text
苞む,つつむ,"① 草の名。あぶらがや。むしろぐさ。草履やむしろを作るのに用いる。
② つつみ。つと。みやげもの。包んだもの。包んだ品物。
③ つつむ。＝包
④ しげる。むらがりしげる。
⑤ もと。ねもと。",Type the reading!,Text
苟,かりそめ,"① かりそめに。かりに。一時的に。その場かぎりで。
② かりそめにする。一時の間に合わせにする。いやしくもする。
③ 「いやしくも」「まことに」と読み、「かりにも」「もしも」の意。",Type the reading!,Text
苟に,まことに,"① かりそめに。かりに。一時的に。その場かぎりで。
② かりそめにする。一時の間に合わせにする。いやしくもする。
③ 「いやしくも」「まことに」と読み、「かりにも」「もしも」の意。",Type the reading!,Text
苟も,いやしくも,"① かりそめに。かりに。一時的に。その場かぎりで。
② かりそめにする。一時の間に合わせにする。いやしくもする。
③ 「いやしくも」「まことに」と読み、「かりにも」「もしも」の意。",Type the reading!,Text
苣,"たいまつ,ちさ,ちしゃ","① たいまつ。
② 野菜の名「萵苣（かきょ）」に用いられる字。ちさ。ちしゃ。レタス。
③ 草の名。苣苳（きょとう）は冬に生える草の一種。",Type the reading!,Text
苳,ふき,"草の名。苣苳（きょとう）は冬に生える草の一種。
【日本】ふき。キク科の多年草。食用。",Type the reading!,Text
苴,"あさ,つと","① あさ。あさの実。実のあるあさ。
② おぎなう。つくろう。
③ 黒い。
④ つと。包んだもの。おくりもの。
⑤ 粗末な。粗い。
⑥ くつの中にしく草。くつしき。しく。",Type the reading!,Text
苴い,くろい,"① あさ。あさの実。実のあるあさ。
② おぎなう。つくろう。
③ 黒い。
④ つと。包んだもの。おくりもの。
⑤ 粗末な。粗い。
⑥ くつの中にしく草。くつしき。しく。",Type the reading!,Text
苴う,おぎなう,"① あさ。あさの実。実のあるあさ。
② おぎなう。つくろう。
③ 黒い。
④ つと。包んだもの。おくりもの。
⑤ 粗末な。粗い。
⑥ くつの中にしく草。くつしき。しく。",Type the reading!,Text
苹,"うきくさ,よもぎ","① うきくさ。水草の一種。うきくさ科の多年草。
② よもぎ。きく科の多年草。
③ 草がおいしげるさま。
④ りんごを意味する「苹果（へいか）」に用いられる字。",Type the reading!,Text
苺,"いちご,こけ","① いちご。きいちご。くさいちご。バラ科の多年草で、赤く小さな実をつける。
② こけ。",Type the reading!,Text
苻,"あまかわ,さや","① 草の名。葛（くず）に似た草。鬼目草。
② さや。草の実につくかわ。あまかわ。",Type the reading!,Text
范,"いがた,かた,のり","① 草の名。
② 虫の名。蜂。
③ かた。鋳型。鋳造の型。
④ のり。法則。規範。",Type the reading!,Text
茆,"かや,じゅんさい,ぬなわ","① じゅんさい。ぬなわ。水草の一種。すいれん科の多年草。
② かや。ちがや。すすき。",Type the reading!,Text
茗,ちゃ,"① ちゃ。茶の木。茶の芽。おそく摘んだ茶。
② 酔う。酒に酔う。",Type the reading!,Text
茗う,よう,"① ちゃ。茶の木。茶の芽。おそく摘んだ茶。
② 酔う。酒に酔う。",Type the reading!,Text
茘,おおにら,"① おおにら。ゆり科の多年草。
② 植物の「茘枝（れいし）」に用いる字。果実は食用。",Type the reading!,Text
茫い,"とおい,ひろい","① とおい。はるか。ひろい。広々としたさま。果てしないさま。
② ぼんやりした。はっきりとしないさま。つかみどころのないさま。",Type the reading!,Text
茫か,はるか,"① とおい。はるか。ひろい。広々としたさま。果てしないさま。
② ぼんやりした。はっきりとしないさま。つかみどころのないさま。",Type the reading!,Text
茲,"ここ,とし,ますます","① ここ。この。これ。ここに。
② しげる。草がおいしげる。はびこる。
③ とし。
④ ます。ふえる。ますます。よりいっそう。",Type the reading!,Text
茲す,ます,"① ここ。この。これ。ここに。
② しげる。草がおいしげる。はびこる。
③ とし。
④ ます。ふえる。ますます。よりいっそう。",Type the reading!,Text
茲に,ここに,"① ここ。この。これ。ここに。
② しげる。草がおいしげる。はびこる。
③ とし。
④ ます。ふえる。ますます。よりいっそう。",Type the reading!,Text
茲る,しげる,"① ここ。この。これ。ここに。
② しげる。草がおいしげる。はびこる。
③ とし。
④ ます。ふえる。ますます。よりいっそう。",Type the reading!,Text
茵,"しきもの,しとね",しとね。しきもの。車中にしくしきもの。,Type the reading!,Text
茹,な,"① 食う。野菜を食べる。
② な。野菜の総称。ゆでた野菜。
③ やわらかい。
④ くさい。くさる。
【日本】うだる。ゆでる。",Type the reading!,Text
茹う,くう,"① 食う。野菜を食べる。
② な。野菜の総称。ゆでた野菜。
③ やわらかい。
④ くさい。くさる。
【日本】うだる。ゆでる。",Type the reading!,Text
茹だる,うだる,"① 食う。野菜を食べる。
② な。野菜の総称。ゆでた野菜。
③ やわらかい。
④ くさい。くさる。
【日本】うだる。ゆでる。",Type the reading!,Text
茹でる,ゆでる,"① 食う。野菜を食べる。
② な。野菜の総称。ゆでた野菜。
③ やわらかい。
④ くさい。くさる。
【日本】うだる。ゆでる。",Type the reading!,Text
茹る,くさる,"① 食う。野菜を食べる。
② な。野菜の総称。ゆでた野菜。
③ やわらかい。
④ くさい。くさる。
【日本】うだる。ゆでる。",Type the reading!,Text
荅,あずき,"① あずき。まめ。
② こたえる。＝答
③ あう。合わせる。あたる。",Type the reading!,Text
荅える,こたえる,"① あずき。まめ。
② こたえる。＝答
③ あう。合わせる。あたる。",Type the reading!,Text
荐,しばしば,"① あつまる。つもる。
② かさねる。かさなる。
③ しきりに。しばしば。かさねて。
④ こも。しきもの。むしろ。",Type the reading!,Text
荐ねる,かさねる,"① あつまる。つもる。
② かさねる。かさなる。
③ しきりに。しばしば。かさねて。
④ こも。しきもの。むしろ。",Type the reading!,Text
荐まる,あつまる,"① あつまる。つもる。
② かさねる。かさなる。
③ しきりに。しばしば。かさねて。
④ こも。しきもの。むしろ。",Type the reading!,Text
荐りに,しきりに,"① あつまる。つもる。
② かさねる。かさなる。
③ しきりに。しばしば。かさねて。
④ こも。しきもの。むしろ。",Type the reading!,Text
荳,まめ,まめ。＝豆,Type the reading!,Text
荵,"しのぶ,しのぶぐさ","「荵冬（にんどう）」は草の名。すいかずら。
【日本】しのぶ。しのぶぐさ。シダ植物の一種。",Type the reading!,Text
荼,にがな,"① にがな。のげし。けしあざみ。きく科の多年草。
② 雑草。あれくさ。
③ 苦しみ。害悪。害毒。
④ 梵語（ボンゴ）の音訳に用いる字。",Type the reading!,Text
荼しみ,くるしみ,"① にがな。のげし。けしあざみ。きく科の多年草。
② 雑草。あれくさ。
③ 苦しみ。害悪。害毒。
④ 梵語（ボンゴ）の音訳に用いる字。",Type the reading!,Text
莅む,のぞむ,臨む。治める。君臨する。,Type the reading!,Text
莎,はますげ,はますげ。かやつりぐさ科の多年草。,Type the reading!,Text
莓,"いちご,こけ","① いちご。きいちご。くさいちご。バラ科の多年草で、赤く小さな実をつける。
② こけ。",Type the reading!,Text
莚,むしろ,"① 草の名。
② 続く。のびる。はびこる。
【日本】むしろ。わらやがまで編んで作った敷物。",Type the reading!,Text
莚びる,のびる,"① 草の名。
② 続く。のびる。はびこる。
【日本】むしろ。わらやがまで編んで作った敷物。",Type the reading!,Text
莚る,はびこる,"① 草の名。
② 続く。のびる。はびこる。
【日本】むしろ。わらやがまで編んで作った敷物。",Type the reading!,Text
莟,"つぼみ,はなしべ",つぼみ。花のつぼみ。しべ。はなしべ。,Type the reading!,Text
莠,"えのころぐさ,はぐさ","① はぐさ。えのころぐさ。稲に似ている。
② 有害なもの。悪いもののたとえ。
③ みにくい。",Type the reading!,Text
莠い,みにくい,"① はぐさ。えのころぐさ。稲に似ている。
② 有害なもの。悪いもののたとえ。
③ みにくい。",Type the reading!,Text
莢,さや,"① さや。豆類の種子をはさむ外皮。
② 銭の名。",Type the reading!,Text
莨,"たばこ,ちからぐさ","ちからぐさ。いね科の一年草。まぐさ。
【日本】たばこ。煙草。",Type the reading!,Text
莪,"きつねあざみ,つのよもぎ",つのよもぎ。きつねあざみ。植物の名。,Type the reading!,Text
莽,くさむら,"① あらい。がさつ。そそっかしい。粗略。
② おおきい。広い。
③ くさむら。草深いさま。雑草。",Type the reading!,Text
莽い,"あらい,くさぶかい","① あらい。がさつ。そそっかしい。粗略。
② おおきい。広い。
③ くさむら。草深いさま。雑草。",Type the reading!,Text
莽きい,おおきい,"① あらい。がさつ。そそっかしい。粗略。
② おおきい。広い。
③ くさむら。草深いさま。雑草。",Type the reading!,Text
菁,"かぶ,かぶら,かぶらな","【A】ショウ・セイ
① にらの花。
② かぶ。かぶら。かぶらな。
③ はなやかなさま。
【B】ショウ・セイ草木の盛んにしげるさま。",Type the reading!,Text
菘,"すずな,とうな","① すずな。野菜の名。春の七草の一つ。
② とうな。つけな。",Type the reading!,Text
菫,"すみれ,とりかぶと","① すみれ。スミレ科の多年草。
② とりかぶと。キンポウゲ科の毒草。",Type the reading!,Text
菲い,うすい,"【A】ヒ
① 野菜の名。かぶ。かぶら。
② うすい。粗末な。つまらない。
【B】ヒわらぐつ。ぞうり。
【C】ヒかぐわしい。かんばしい。",Type the reading!,Text
菲しい,かんばしい,"【A】ヒ
① 野菜の名。かぶ。かぶら。
② うすい。粗末な。つまらない。
【B】ヒわらぐつ。ぞうり。
【C】ヒかぐわしい。かんばしい。",Type the reading!,Text
菴,いおり,いおり。草ぶきの小さく粗末な家。＝庵,Type the reading!,Text
菽,まめ,まめ。豆類の総称。大豆。,Type the reading!,Text
萁,まめがら,"① 豆がら。豆の茎。豆の実を取り去った茎や枝。
② 草の名。荻（おぎ）の一種。箙（えびら）を編む材料に用いた。",Type the reading!,Text
萃まる,あつまる,"① あつまる。あつめる。とどまる。
② やつれる。しぼむ。
③ 草があつまり生えるさま。くさむら。
④ 易（エキ）の六十四卦の一つ。",Type the reading!,Text
萃める,あつめる,"① あつまる。あつめる。とどまる。
② やつれる。しぼむ。
③ 草があつまり生えるさま。くさむら。
④ 易（エキ）の六十四卦の一つ。",Type the reading!,Text
萃れる,やつれる,"① あつまる。あつめる。とどまる。
② やつれる。しぼむ。
③ 草があつまり生えるさま。くさむら。
④ 易（エキ）の六十四卦の一つ。",Type the reading!,Text
萍,"うきくさ,よもぎ","① うきくさ。うきくさ科の多年草。水草の一種。
② よもぎ。きく科の多年草。",Type the reading!,Text
萢,やち,谷地（やち）。湿地。,Type the reading!,Text
萼,"うてな,はなぶさ",うてな。はなぶさ。はなのうてな。,Type the reading!,Text
葆,たから,"① 草木がしげるさま。
② たもつ。守る。保護する。＝保
③ たから。貴重なもの。
④ 羽かざり。車や旗ざおの先につける羽でできた飾り。
⑤ つつむ。つつみかくす。おおいかくす。",Type the reading!,Text
葆つ,たもつ,"① 草木がしげるさま。
② たもつ。守る。保護する。＝保
③ たから。貴重なもの。
④ 羽かざり。車や旗ざおの先につける羽でできた飾り。
⑤ つつむ。つつみかくす。おおいかくす。",Type the reading!,Text
葆む,つつむ,"① 草木がしげるさま。
② たもつ。守る。保護する。＝保
③ たから。貴重なもの。
④ 羽かざり。車や旗ざおの先につける羽でできた飾り。
⑤ つつむ。つつみかくす。おおいかくす。",Type the reading!,Text
葆り,はねかざり,"① 草木がしげるさま。
② たもつ。守る。保護する。＝保
③ たから。貴重なもの。
④ 羽かざり。車や旗ざおの先につける羽でできた飾り。
⑤ つつむ。つつみかくす。おおいかくす。",Type the reading!,Text
葆る,しげる,"① 草木がしげるさま。
② たもつ。守る。保護する。＝保
③ たから。貴重なもの。
④ 羽かざり。車や旗ざおの先につける羽でできた飾り。
⑤ つつむ。つつみかくす。おおいかくす。",Type the reading!,Text
葩,"はな,はなびら","① 草木のはな。花びら。
② はなやか。美しいさま。華麗なさま。",Type the reading!,Text
葭,"あし,あしぶえ,よし","① あし。よし。イネ科の多年草。葦（あし）のまだ穂が出ていないもの。
② ふえ。あしぶえ。あしで作った笛。",Type the reading!,Text
葯,よろいぐさ,"① よろいぐさ。セリ科の多年草。よろいぐさの葉。
② おしべの先端にある、花粉を包む袋状の器官。",Type the reading!,Text
葷,なまぐさ,"① 肉などのなまぐさいもの。なまぐさ。
② にんにく・にら・ねぎなどの臭いの強い野菜。からい野菜。",Type the reading!,Text
葷い,くさい,"① 肉などのなまぐさいもの。なまぐさ。
② にんにく・にら・ねぎなどの臭いの強い野菜。からい野菜。",Type the reading!,Text
蒂,"うてな,とげ,ねもと,へた","【A】
① へた。果実が枝や茎とつながる部分。
② うてな。がく。花のがく。
③ 根もと。ね。
【B】とげ。小さいとげ。わずかなさしさわりのこと。",Type the reading!,Text
蒭,"まぐさ,わら","① 刈る。草を刈る。また、刈る人。
② まぐさ。ほし草。家畜の飼料。
③ まぐさかう。家畜を飼う。
④ 草を食べる動物。",Type the reading!,Text
蒭り,くさかり,"① 刈る。草を刈る。また、刈る人。
② まぐさ。ほし草。家畜の飼料。
③ まぐさかう。家畜を飼う。
④ 草を食べる動物。",Type the reading!,Text
蒭る,かる,"① 刈る。草を刈る。また、刈る人。
② まぐさ。ほし草。家畜の飼料。
③ まぐさかう。家畜を飼う。
④ 草を食べる動物。",Type the reading!,Text
蒹,おぎ,おぎ。荻。,Type the reading!,Text
蒻,"がまのめ,むしろ","① 蒲（がま）の芽。若いがま。
② むしろ。若いがまで編んだむしろ。
③ 「蒟蒻（こんにゃく）」はサトイモ科の多年草の名。",Type the reading!,Text
蒿,よもぎ,"① よもぎ。くさよもぎ。キク科の多年草。
② 消える。疲れる。
③ 蒸す。",Type the reading!,Text
蓁み,しげみ,"① 草木や葉が盛んにしげるさま。
② しげみ。草むら。多く集まっているさま。",Type the reading!,Text
蓆,むしろ,"① むしろ。アシやタケで作った敷物。
② 大きい。広い。広大。",Type the reading!,Text
蓍,"めどぎ,めどはぎ","① めどぎ。占いに用いる道具。細い棒。
② めどはぎ。マメ科の多年草。",Type the reading!,Text
蓐,しとね,"① しとね。敷物。ねどこ。
② しきぐさ。しきわら。敷物にする草。こも。むしろ。",Type the reading!,Text
蓙,ござ,ざ。ござ。イグサなどを編んで作った敷物。,Type the reading!,Text
蓴,"じゅんさい,ぬなわ",じゅんさい。ぬなわ。スイレン科の多年草。水辺に自生する。,Type the reading!,Text
蓼,たで,"【A】リョウ
① たで。たで科の一年草。水辺に生じる。
② 苦しみ。困難。
【B】リク草が長く伸び多いさま。",Type the reading!,Text
蔔,だいこん,大根。蘿蔔（らふく）。,Type the reading!,Text
蔕,"うてな,とげ,ねもと,へた","【A】タイ・テイ
① へた。果実が枝や茎とつながる部分。
② うてな。がく。花のがく。
③ 根もと。ね。
【B】タイとげ。小さいとげ。わずかなさしさわりのこと。",Type the reading!,Text
蔗,さとうきび,"① さとうきび。イネ科の多年草。砂糖の原料になる。例：蔗糖（しょとう）
② うまい。おもしろい。よい。",Type the reading!,Text
蔗い,うまい,"① さとうきび。イネ科の多年草。砂糖の原料になる。例：蔗糖（しょとう）
② うまい。おもしろい。よい。",Type the reading!,Text
蔘,"ちょうせんにんじん,にんじん",にんじん。ちょうせんにんじん。ウコギ科の多年草。薬草。,Type the reading!,Text
蔘がる,むらがる,にんじん。ちょうせんにんじん。ウコギ科の多年草。薬草。,Type the reading!,Text
蔟,まぶし,"① あつまる。むらがる。群れ集まる。
② まぶし。糸を吐く蚕を止まらせて繭をかけさせる道具。",Type the reading!,Text
蔟がる,むらがる,"① あつまる。むらがる。群れ集まる。
② まぶし。糸を吐く蚕を止まらせて繭をかけさせる道具。",Type the reading!,Text
蔟まる,あつまる,"① あつまる。むらがる。群れ集まる。
② まぶし。糸を吐く蚕を止まらせて繭をかけさせる道具。",Type the reading!,Text
蔡,"あくた,くさむら","① 草むら。草の乱れるさま。
② あくた。ちり。ごみ。
③ 占いに使用する大きなカメ。
④ 周代の国名。",Type the reading!,Text
蔬,"あおもの,な","① な。あおもの。食用の草。野菜の総称。
② 荒い。粗末な。よくつかない。",Type the reading!,Text
蔬い,あらい,"① な。あおもの。食用の草。野菜の総称。
② 荒い。粗末な。よくつかない。",Type the reading!,Text
蕁,"いらくさ,はなすげ","① はなすげ。ユリ科の多年草。薬用。
② いらくさ。イラクサ科の多年草。
③ もずく。モズク科の海草。",Type the reading!,Text
蕈,"きのこ,くわたけ,たけ",きのこ。たけ。くわたけ。菌類の植物。,Type the reading!,Text
蕕,かりがねそう,"① かりがねそう。クマツヅラ科の多年草。悪臭がある。
② くさみ。悪人。",Type the reading!,Text
蕘,"きこり,しば,たきぎ","① たきぎ。しば。燃料用の小枝や草。
② きこり。しばかり。くさかり。",Type the reading!,Text
蕘り,くさかり,"① たきぎ。しば。燃料用の小枝や草。
② きこり。しばかり。くさかり。",Type the reading!,Text
蕣,"あさがお,むくげ","むくげ。きはちす。アオイ科の落葉低木。
【日本】あさがお。植物の名。",Type the reading!,Text
蕭,よもぎ,"① しずか。ひっそりしたさま。ものさびしいさま。
② よもぎ。かわらよもぎ。キク科の多年草。薬用。
③ つつしむ。",Type the reading!,Text
蕭か,しずか,"① しずか。ひっそりしたさま。ものさびしいさま。
② よもぎ。かわらよもぎ。キク科の多年草。薬用。
③ つつしむ。",Type the reading!,Text
蕷,やまのいも,やまいも・ながいもを意味する「薯蕷（しょよ）」に用いられる字。,Type the reading!,Text
蕾,つぼみ,つぼみ。花が開く前の状態。,Type the reading!,Text
蕾む,つぼむ,つぼみ。花が開く前の状態。,Type the reading!,Text
薀える,たくわえる,"【A】ウン
① つむ。積み重ねる。蓄える。＝蘊
② 奥深い。奥底。＝蘊
③ おだやか。つつむ。ゆたか。＝蘊
【B】オン水草の名。きんぎょも。薀藻（おんそう）。",Type the reading!,Text
薀む,つむ,"【A】ウン
① つむ。積み重ねる。蓄える。＝蘊
② 奥深い。奥底。＝蘊
③ おだやか。つつむ。ゆたか。＝蘊
【B】オン水草の名。きんぎょも。薀藻（おんそう）。",Type the reading!,Text
薇,"ぜんまい,のえんどう","① のえんどう。山菜の一種。
② バラ科の植物の名「薔薇（しょうび・ばら）」に用いられる字。
③ 「紫薇（さるすべり）」に用いられる字。
【日本】ぜんまい。ゼンマイ科のシダ植物。",Type the reading!,Text
薈る,しげる,"① しげる。草木がたくさん茂るさま。
② あつまる。草むら。",Type the reading!,Text
薊,あざみ,草の名。あざみ。キク科の多年草。,Type the reading!,Text
薑,"しょうが,はじかみ",しょうが。はじかみ。ショウガ科の多年草。食用。,Type the reading!,Text
薔,"ばら,みずたで","【A】ショウ・ソウバラ科の植物の名「薔薇（しょうび・ばら）」に用いられる字。
【B】ショクみずたで。タデ科の一年草。",Type the reading!,Text
薛,"かわらよもぎ,はますげ","① よもぎ。かわらよもぎ。キク科の多年草。
② はますげ。砂浜や海浜に生ずる草の一種。
③ 周代の国名。",Type the reading!,Text
薜,まさきのかずら,"【A】ハクとうき。薬草の名。セリ科の多年草。
【B】ヘイかずら。まさきのかずら。つる草の一種。",Type the reading!,Text
薤,"おおにら,にら,らっきょう",おおにら。にら。らっきょう。ユリ科の多年草。食用の植物。,Type the reading!,Text
薨ぬ,しぬ,しぬ。みまかる。貴人・貴族がしぬ。,Type the reading!,Text
薨る,みまかる,しぬ。みまかる。貴人・貴族がしぬ。,Type the reading!,Text
薹,"あぶらな,とう,はますげ","① あぶらな。なたね。
② かさすげ。はますげ。草の名。
③ とう。花をつける茎が伸びたもの。",Type the reading!,Text
薺,"なずな,はまびし","① なずな。ぺんぺん草。アブラナ科の二年草。春の七草の一つ。
② はまびし。草の名。つるくさの一種。",Type the reading!,Text
藉く,しく,"【A】シャ
① しく。敷き物。むしろ。敷き物にする。
② かりる。たよりにする。たのみにする。拠る。かす。与える。
③ かこつける。
④ たとい。かりに。もし。
⑤ いたわる。ゆるす。なぐさめる。
【B】セキふみにじる。ふむ。乱れる。",Type the reading!,Text
藉ける,かこつける,"【A】シャ
① しく。敷き物。むしろ。敷き物にする。
② かりる。たよりにする。たのみにする。拠る。かす。与える。
③ かこつける。
④ たとい。かりに。もし。
⑤ いたわる。ゆるす。なぐさめる。
【B】セキふみにじる。ふむ。乱れる。",Type the reading!,Text
藉す,かす,"【A】シャ
① しく。敷き物。むしろ。敷き物にする。
② かりる。たよりにする。たのみにする。拠る。かす。与える。
③ かこつける。
④ たとい。かりに。もし。
⑤ いたわる。ゆるす。なぐさめる。
【B】セキふみにじる。ふむ。乱れる。",Type the reading!,Text
藉む,ふむ,"【A】シャ
① しく。敷き物。むしろ。敷き物にする。
② かりる。たよりにする。たのみにする。拠る。かす。与える。
③ かこつける。
④ たとい。かりに。もし。
⑤ いたわる。ゆるす。なぐさめる。
【B】セキふみにじる。ふむ。乱れる。",Type the reading!,Text
藉りる,かりる,"【A】シャ
① しく。敷き物。むしろ。敷き物にする。
② かりる。たよりにする。たのみにする。拠る。かす。与える。
③ かこつける。
④ たとい。かりに。もし。
⑤ いたわる。ゆるす。なぐさめる。
【B】セキふみにじる。ふむ。乱れる。",Type the reading!,Text
藉る,よる,"【A】シャ
① しく。敷き物。むしろ。敷き物にする。
② かりる。たよりにする。たのみにする。拠る。かす。与える。
③ かこつける。
④ たとい。かりに。もし。
⑤ いたわる。ゆるす。なぐさめる。
【B】セキふみにじる。ふむ。乱れる。",Type the reading!,Text
藐い,とおい,"【A】バク
① はるか。遠い。遠く離れたさま。
② むらさき草。紫色の染料を採るための草。
【B】ビョウ・ミョウ
① 小さい。
② 軽んずる。軽んじる。さげすむ。軽視する。
③ 美しい。",Type the reading!,Text
藐か,はるか,"【A】バク
① はるか。遠い。遠く離れたさま。
② むらさき草。紫色の染料を採るための草。
【B】ビョウ・ミョウ
① 小さい。
② 軽んずる。軽んじる。さげすむ。軽視する。
③ 美しい。",Type the reading!,Text
藐さい,ちいさい,"【A】バク
① はるか。遠い。遠く離れたさま。
② むらさき草。紫色の染料を採るための草。
【B】ビョウ・ミョウ
① 小さい。
② 軽んずる。軽んじる。さげすむ。軽視する。
③ 美しい。",Type the reading!,Text
藕,はす,はす。はちす。はすの根。蓮根。,Type the reading!,Text
藜,あかざ,あかざ。草の名。アカザ科の一年草。,Type the reading!,Text
藹い,おおい,"① 多い。さかん。草木が茂るさま。
② おだやか。おだやかなさま。",Type the reading!,Text
藹やか,おだやか,"① 多い。さかん。草木が茂るさま。
② おだやか。おだやかなさま。",Type the reading!,Text
藹ん,さかん,"① 多い。さかん。草木が茂るさま。
② おだやか。おだやかなさま。",Type the reading!,Text
藺,"い,いぐさ","① い。いぐさ。草の名。イグサ科の多年草。
② なげいし。",Type the reading!,Text
藾,くさよもぎ,くさよもぎ。かわらよもぎ。草よな。よもぎの一種。,Type the reading!,Text
蘆,"あし,よし",あし。よし。草の名。イネ科の多年草。,Type the reading!,Text
蘊える,たくわえる,"① つむ。積み重ねる。蓄える。＝薀
② 奥深い。奥底。＝薀
③ おだやか。つつむ。ゆたか。＝薀",Type the reading!,Text
蘊む,つむ,"① つむ。積み重ねる。蓄える。＝薀
② 奥深い。奥底。＝薀
③ おだやか。つつむ。ゆたか。＝薀",Type the reading!,Text
蘋,"うきくさ,かたばみも","① うきくさ。大きなうきくさ。水面にうかび生える草の総称。
② かたばみも。でんじそう。うきくさの一種。",Type the reading!,Text
蘖,ひこばえ,ひこばえ。木の切り株から出た芽。,Type the reading!,Text
蘗,"きはだ,きわだ",きはだ。きわだ。ミカン科の落葉高木。,Type the reading!,Text
蘚,こけ,こけ。陰地などに生えるコケ植物の総称。,Type the reading!,Text
蘢,"いぬたで,おおけたで","① いぬたで。おおけたで。草の名。タデ科の一年草。
② 草木が多く茂るさま。",Type the reading!,Text
蘯,ほしいまま,"① 洗う。洗い去る。洗い除く。払い除く。すっかりなくす。
② 動く。動かす。揺れる。揺れ動く。ただよう。
③ とろける。しまりがない。だらしがない。乱す。みだら。ほしいまま。
④ のびやか。ゆったりしているさま。ひろびろしているさま。",Type the reading!,Text
蘯う,"あらう,はらう","① 洗う。洗い去る。洗い除く。払い除く。すっかりなくす。
② 動く。動かす。揺れる。揺れ動く。ただよう。
③ とろける。しまりがない。だらしがない。乱す。みだら。ほしいまま。
④ のびやか。ゆったりしているさま。ひろびろしているさま。",Type the reading!,Text
蘯かす,うごかす,"① 洗う。洗い去る。洗い除く。払い除く。すっかりなくす。
② 動く。動かす。揺れる。揺れ動く。ただよう。
③ とろける。しまりがない。だらしがない。乱す。みだら。ほしいまま。
④ のびやか。ゆったりしているさま。ひろびろしているさま。",Type the reading!,Text
蘯く,うごく,"① 洗う。洗い去る。洗い除く。払い除く。すっかりなくす。
② 動く。動かす。揺れる。揺れ動く。ただよう。
③ とろける。しまりがない。だらしがない。乱す。みだら。ほしいまま。
④ のびやか。ゆったりしているさま。ひろびろしているさま。",Type the reading!,Text
蘯ける,とろける,"① 洗う。洗い去る。洗い除く。払い除く。すっかりなくす。
② 動く。動かす。揺れる。揺れ動く。ただよう。
③ とろける。しまりがない。だらしがない。乱す。みだら。ほしいまま。
④ のびやか。ゆったりしているさま。ひろびろしているさま。",Type the reading!,Text
蘿,"つた,つたかずら",つた。つたかずら。つる性植物の総称。,Type the reading!,Text
虔う,うばう,"① つつしむ。うやうやしい。
② 固い。
③ うばう。ころす。",Type the reading!,Text
虔す,ころす,"① つつしむ。うやうやしい。
② 固い。
③ うばう。ころす。",Type the reading!,Text
虔む,つつしむ,"① つつしむ。うやうやしい。
② 固い。
③ うばう。ころす。",Type the reading!,Text
虧く,かく,"① 欠ける。欠け落ちる。少なくなる。こわれる。減る。
② 欠く。減らす。損なう。欠損する。",Type the reading!,Text
虧ける,かける,"① 欠ける。欠け落ちる。少なくなる。こわれる。減る。
② 欠く。減らす。損なう。欠損する。",Type the reading!,Text
虱,しらみ,しらみ。人や動物に寄生して血を吸う昆虫。,Type the reading!,Text
蚋,"ぶと,ぶゆ,ぶよ",ブユ科の昆虫。ぶと。ぶゆ。ぶよ。,Type the reading!,Text
蚌,"からすがい,どぶがい,はまぐり","① イシガイ科の貝の名。からすがい。どぶがい。
② マルスダレガイ科の貝の名。はまぐり。",Type the reading!,Text
蚓,みみず,「蚯蚓（きゅういん）」はみみずのこと。,Type the reading!,Text
蚩い,みにくい,"① 虫の名前。
② みにくい。おろかなさま。
③ みだす。みだれる。
④ あなどる。ばかにする。
⑤ わらう。あざわらう。せせら笑う。",Type the reading!,Text
蚩か,おろか,"① 虫の名前。
② みにくい。おろかなさま。
③ みだす。みだれる。
④ あなどる。ばかにする。
⑤ わらう。あざわらう。せせら笑う。",Type the reading!,Text
蚩る,あなどる,"① 虫の名前。
② みにくい。おろかなさま。
③ みだす。みだれる。
④ あなどる。ばかにする。
⑤ わらう。あざわらう。せせら笑う。",Type the reading!,Text
蚩れる,みだれる,"① 虫の名前。
② みにくい。おろかなさま。
③ みだす。みだれる。
④ あなどる。ばかにする。
⑤ わらう。あざわらう。せせら笑う。",Type the reading!,Text
蚫,あわび,"① しおうお。ひもの。魚をひらいて塩漬けにしたもの。＝鮑
② あわび。貝の一種。＝鮑",Type the reading!,Text
蚶,あかがい,あかがい。フネガイ科の二枚貝。,Type the reading!,Text
蛆,うじ,"① うじ。うじむし。
② 「蝍蛆（しょくしょ）」は、虫の名。むかで。",Type the reading!,Text
蛔,はらのむし,はらのむし。回虫（かいちゅう）。人や動物の消化器官に寄生する虫。,Type the reading!,Text
蛞,おたまじゃくし,かえるの子。おたまじゃくし。,Type the reading!,Text
蛟,みずち,みずち。竜に似ているとされる想像上の動物。,Type the reading!,Text
蛩,こおろぎ,"① 昆虫の名。こおろぎ。
② せみの抜け殻。
③ いなご。",Type the reading!,Text
蛬,"こおろぎ,きりぎりす",昆虫の名。こおろぎ。きりぎりす。,Type the reading!,Text
蛯,えび,えび。甲殻類の一種。エビ目の総称。海老。,Type the reading!,Text
蛹,さなぎ,さなぎ。昆虫が幼虫から成虫になるまでの段階の一つ。,Type the reading!,Text
蛻,"ぬけがら,もぬけ","① ぬけがら。もぬけ。虫のぬけがら。
② もぬける。外皮を脱ぐ。",Type the reading!,Text
蛻る,もぬける,"① ぬけがら。もぬけ。虫のぬけがら。
② もぬける。外皮を脱ぐ。",Type the reading!,Text
蜀,"あおむし,いもむし,とうまる","① あおむし。いもむし。とうまる。蝶や蛾の幼虫。
② 古代中国の国名。
③ ひとつ。ひとり。",Type the reading!,Text
蜃,"おおはまぐり,みずち","① おおはまぐり。海水生二枚貝の名。
② みずち。竜に似ているとされる想像上の動物。",Type the reading!,Text
蜆,"しじみ,みのむし","【A】ケンしじみ。二枚貝の一種。
【B】ケンみのむし。",Type the reading!,Text
蜊,あさり,"「蛤蜊（こうり）」とは貝の名。シオフキ。シオフキ貝。
【日本】あさり。貝の名。",Type the reading!,Text
蜑,"あま,えびす","中国南方に住む異民族。
【日本】あま。海人。漁師。",Type the reading!,Text
蜚,あぶらむし,"【A】ヒ
① 「蜚蠊（ひれん）」は、あぶらむし。ごきぶり。
② いなむし。稲を食べる害虫。
【B】ヒとぶ。＝飛",Type the reading!,Text
蜚ぶ,とぶ,"【A】ヒ
① 「蜚蠊（ひれん）」は、あぶらむし。ごきぶり。
② いなむし。稲を食べる害虫。
【B】ヒとぶ。＝飛",Type the reading!,Text
蜩,"せみ,ひぐらし",せみの総称。ひぐらし。,Type the reading!,Text
蜷,にな,"まがる。かがまる。虫が体を屈曲させながら動くさま。
【日本】にな。みな。淡水にすむ細長い巻貝の総称。",Type the reading!,Text
蜹,"ぶと,ぶゆ,ぶよ",ブユ科の昆虫。ぶと。ぶゆ。ぶよ。,Type the reading!,Text
蝎,"きくいむし,さそり,すくもむし","① きくいむし。木を食べる昆虫。カミキリ虫の幼虫。
② さそり。尾の先に毒をもつ昆虫。",Type the reading!,Text
蝗,いなご,いなご。稲を食う害虫。,Type the reading!,Text
蝘,なつぜみ,"① 「蝘蜓（えんてん）」は、ヤモリ科の爬虫類。守宮（やもり）。
② 蝉（せみ）の一種。",Type the reading!,Text
蝟,はりねずみ,"① はりねずみ。動物の一種。
② むらがり集まるさま。",Type the reading!,Text
蝟る,むらがる,"① はりねずみ。動物の一種。
② むらがり集まるさま。",Type the reading!,Text
蝨,しらみ,しらみ。人や動物に寄生して血を吸う昆虫。,Type the reading!,Text
蝮,まむし,まむし。毒蛇の一種。,Type the reading!,Text
蝲,さそり,"① 「蝲蛄（らっこ）」は、甲殻類の名。ザリガニ。
② 「蝲蟽（らつたつ）」は、虫の名。未詳。",Type the reading!,Text
蝸,"かたつむり,にな","【A】カかたつむり。ででむし。虫の名。
【B】ラにし。にな。貝の一種。",Type the reading!,Text
螈,なつご,"① 「螈蚕（げんさん）」は、夏に育てられる蚕。なつご。
② 「蠑螈（えいげん）」は、いもり。イモリ科の両生類。",Type the reading!,Text
螟,ずいむし,"① ずいむし。稲の茎を食べる害虫。
② 「螟蛉（めいれい）」はあおむし。",Type the reading!,Text
螫,どく,"① さす。毒虫が刺す。
② 毒。害毒。",Type the reading!,Text
螫す,さす,"① さす。毒虫が刺す。
② 毒。害毒。",Type the reading!,Text
螯,はさみ,"① はさみ。かにのはさみ。
② 「車螯（しゃごう）」はおおはまぐりのこと。",Type the reading!,Text
螻,"おけら,けら","① 虫の名。おけら。けら。
② 「螻蟈（ろうかく）」は、蛙（かえる）の別名。
③ 「地螻（ちろう）」は、竜のこと。みずち。",Type the reading!,Text
螽,"いなご,きりぎりす,はたおりむし","① いなご。虫の名。
② きりぎりす。はたおり虫。",Type the reading!,Text
螾,みみず,虫の名。蚯蚓（みみず）。,Type the reading!,Text
蟄もる,とじこもる,"① かくれる。こもる。虫が土中にかくれる。とじこもる。
② 土中で冬籠もりしている虫。
③ 「啓蟄（けいちつ）」は二十四節気の一つ。",Type the reading!,Text
蟄れる,かくれる,"① かくれる。こもる。虫が土中にかくれる。とじこもる。
② 土中で冬籠もりしている虫。
③ 「啓蟄（けいちつ）」は二十四節気の一つ。",Type the reading!,Text
蟆,"がま,ひきがえる","【A】バ・マがま。ひきがえる。ひき。
【B】バクぶと。ぶゆ。昆虫の名。",Type the reading!,Text
蟇,"がま,ひきがえる","【A】バ・マがま。ひきがえる。ひき。
【B】バクぶと。ぶゆ。昆虫の名。",Type the reading!,Text
蟎,だに,だに。節足動物の名。人や動物に寄生する。,Type the reading!,Text
蟒,"おろち,うわばみ",おろち。うわばみ。大蛇。,Type the reading!,Text
蟠る,"めぐる,わだかまる","① めぐる。まわる。
② うずくまる。わだかまる。とぐろを巻く。
③ わらじむし。",Type the reading!,Text
蟶,"まて,まてがい",まて。まてがい。貝の一種。二枚貝。,Type the reading!,Text
蟾,"つき,ひきがえる","① ひきがえる。
② 月の別名。月光。
③ 水さし。文房具の一種。",Type the reading!,Text
蠆,さそり,"① さそり。虫の名。尾の先端に毒針を持つ。
② 刺す。毒虫が刺す。
③ 「水蠆（すいたい）」は、蜻蛉（とんぼ）の幼虫。ヤゴ。",Type the reading!,Text
蠍,さそり,さそり。尾の先に毒をもつ昆虫。,Type the reading!,Text
蠎,"おろち,うわばみ",おろち。うわばみ。大蛇。,Type the reading!,Text
蠕く,"うごく,うごめく",うごく。うごめく。虫がうごめくさま。,Type the reading!,Text
蠡,"かい,にな,ひさご,ほらがい","【A】レイ
① むしばむ。虫が食う。
② 木食い虫。
【B】リ・レイひさご。ひょうたんを半分に割って作った器。
【C】ラにな。ほらがい。巻き貝の一種。",Type the reading!,Text
蠢か,おろか,"① うごめく。虫がもぞもぞと動くさま。
② おろか。無知でにぶいさま。道理をわきまえないさま。",Type the reading!,Text
蠢く,うごめく,"① うごめく。虫がもぞもぞと動くさま。
② おろか。無知でにぶいさま。道理をわきまえないさま。",Type the reading!,Text
蠧,"きくいむし,しみ","① きくいむし。木を食う虫。
② しみ。虫の名。衣類や書籍などを食う虫。
③ むしばむ。虫が食う。
④ そこなう。物事に損害をおよぼす。",Type the reading!,Text
蠧なう,そこなう,"① きくいむし。木を食う虫。
② しみ。虫の名。衣類や書籍などを食う虫。
③ むしばむ。虫が食う。
④ そこなう。物事に損害をおよぼす。",Type the reading!,Text
蠧む,むしばむ,"① きくいむし。木を食う虫。
② しみ。虫の名。衣類や書籍などを食う虫。
③ むしばむ。虫が食う。
④ そこなう。物事に損害をおよぼす。",Type the reading!,Text
蠱い,まじない,"① 穀物につく虫。
② まじない。人を呪うまじないに用いる毒虫。例：巫蠱（フコ）
③ そこなう。人を害する。
④ まどわす。みだす。
⑤ 易（エキ）の六十四卦の一つ。",Type the reading!,Text
蠱す,まどわす,"① 穀物につく虫。
② まじない。人を呪うまじないに用いる毒虫。例：巫蠱（フコ）
③ そこなう。人を害する。
④ まどわす。みだす。
⑤ 易（エキ）の六十四卦の一つ。",Type the reading!,Text
蠱なう,そこなう,"① 穀物につく虫。
② まじない。人を呪うまじないに用いる毒虫。例：巫蠱（フコ）
③ そこなう。人を害する。
④ まどわす。みだす。
⑤ 易（エキ）の六十四卦の一つ。",Type the reading!,Text
蠹,"きくいむし,しみ","① きくいむし。木を食う虫。
② しみ。虫の名。衣類や書籍などを食う虫。
③ むしばむ。虫が食う。
④ そこなう。物事に損害をおよぼす。",Type the reading!,Text
蠹なう,そこなう,"① きくいむし。木を食う虫。
② しみ。虫の名。衣類や書籍などを食う虫。
③ むしばむ。虫が食う。
④ そこなう。物事に損害をおよぼす。",Type the reading!,Text
蠹む,むしばむ,"① きくいむし。木を食う虫。
② しみ。虫の名。衣類や書籍などを食う虫。
③ むしばむ。虫が食う。
④ そこなう。物事に損害をおよぼす。",Type the reading!,Text
衄,はなぢ,"① はなぢ。鼻から出る血。
② くじける。挫折する。負ける。敗れる。敗北する。",Type the reading!,Text
衄ける,くじける,"① はなぢ。鼻から出る血。
② くじける。挫折する。負ける。敗れる。敗北する。",Type the reading!,Text
衍い,ひろい,"① はびこる。あふれる。ひろがる。
② ひろげる。しく。
③ あまり。余計な。
④ 平らな土地。平地。
⑤ 洲。なかす。",Type the reading!,Text
衍がる,ひろがる,"① はびこる。あふれる。ひろがる。
② ひろげる。しく。
③ あまり。余計な。
④ 平らな土地。平地。
⑤ 洲。なかす。",Type the reading!,Text
衍きい,おおきい,"① はびこる。あふれる。ひろがる。
② ひろげる。しく。
③ あまり。余計な。
④ 平らな土地。平地。
⑤ 洲。なかす。",Type the reading!,Text
衍く,しく,"① はびこる。あふれる。ひろがる。
② ひろげる。しく。
③ あまり。余計な。
④ 平らな土地。平地。
⑤ 洲。なかす。",Type the reading!,Text
衍り,あまり,"① はびこる。あふれる。ひろがる。
② ひろげる。しく。
③ あまり。余計な。
④ 平らな土地。平地。
⑤ 洲。なかす。",Type the reading!,Text
衍る,はびこる,"① はびこる。あふれる。ひろがる。
② ひろげる。しく。
③ あまり。余計な。
④ 平らな土地。平地。
⑤ 洲。なかす。",Type the reading!,Text
衍れる,あふれる,"① はびこる。あふれる。ひろがる。
② ひろげる。しく。
③ あまり。余計な。
④ 平らな土地。平地。
⑤ 洲。なかす。",Type the reading!,Text
衒う,てらう,"① 売る。売り歩く。
② てらう。ひけらかす。自分をよく見せようとする。",Type the reading!,Text
衒らかす,ひけらかす,"① 売る。売り歩く。
② てらう。ひけらかす。自分をよく見せようとする。",Type the reading!,Text
衒る,うる,"① 売る。売り歩く。
② てらう。ひけらかす。自分をよく見せようとする。",Type the reading!,Text
衙,つかさ,"① 天子のいるところ。宮殿。
② 天子の護衛兵。
③ 役所。つかさ。
④ 参る。出勤する。集まる。
⑤ 並ぶ。",Type the reading!,Text
衙る,まいる,"① 天子のいるところ。宮殿。
② 天子の護衛兵。
③ 役所。つかさ。
④ 参る。出勤する。集まる。
⑤ 並ぶ。",Type the reading!,Text
衢,"ちまた,みち,よつつじ,わかれみち","① ちまた。四方に通じる大通り。よつつじ。
② よこみち。えだ。わかれみち。",Type the reading!,Text
衫,"ころも,はだぎ,ひとえ",はだぎ。ころも。ひとえの着物。,Type the reading!,Text
衲,ころも,"① つくろう。つぐ。ぬう。
② ころも。僧の衣服。
③ 僧。僧侶の自称。",Type the reading!,Text
衲う,つくろう,"① つくろう。つぐ。ぬう。
② ころも。僧の衣服。
③ 僧。僧侶の自称。",Type the reading!,Text
衵,"あこめ,ふだんぎ","ふだんぎ。はだぎ。したぎ。
【日本】あこめ。婦人のしたぎ。男性の装飾のしたぎ。",Type the reading!,Text
衽,"えり,おくみ,しとね","① えり。衣服のえり。
② おくみ。衣服の前えりからすそまでにつける幅の小さな布。
③ ちぎり。板と板とをつなぎ合わせるために使う釘の代わりとなるもの。
④ しとね。寝床。",Type the reading!,Text
衾,"ふすま,よぎ","① ふすま。ねまき。夜着。夜具。
② きょうかたびら。死体に着せる服。",Type the reading!,Text
袂,たもと,"たもと。そで。
【日本】ふもと。たもと。きわ。かたわら。",Type the reading!,Text
袍,"うわぎ,ぬのこ,わたいれ","① わたいれ。ぬのこ。
② 下着。ふだん着。
【日本】ほう。うえのきぬ。束帯の時に着る上着。",Type the reading!,Text
袒ぐ,"かたぬぐ,はだぬぐ","① かたぬぐ。はだぬぐ。衣服を脱いで肩を出す。
② ほころびる。とける。
③ ひとはだ脱ぐ。味方する。援護する。",Type the reading!,Text
袗,ひとえ,"【A】シン
① 黒い色の衣服。黒衣。
② ひとえの衣。単衣。
③ ぬいとりする。
【B】シンそろい。同じ。同色の衣服。",Type the reading!,Text
袙,あこめ,"はちまき。昔の軍人がひたいにつけたかざり。
【日本】あこめ。婦人のしたぎ。男性の装飾のしたぎ。",Type the reading!,Text
袢,はだぎ,はだぎ。あせとり。,Type the reading!,Text
袤さ,ながさ,"① 衣の帯より上の部分の名称。
② 長さ。南北の長さ。「広」は東西の長さ。
③ ひろがり。広さ。",Type the reading!,Text
袤り,ひろがり,"① 衣の帯より上の部分の名称。
② 長さ。南北の長さ。「広」は東西の長さ。
③ ひろがり。広さ。",Type the reading!,Text
袰,ほろ,ほろ。よろいの上にかけ矢を防いだ、布製の袋。,Type the reading!,Text
袱,"ふくさ,ふろしき",ふくさ。ふろしき。物を包むための布。,Type the reading!,Text
袵,"えり,おくみ,しとね","① えり。衣服のえり。
② おくみ。衣服の前えりからすそまでにつける幅の小さな布。
③ ちぎり。板と板とをつなぎ合わせるために使う釘の代わりとなるもの。
④ しとね。寝床。",Type the reading!,Text
袿,"うちかけ,うちぎ","① うちかけ。女性が礼服の上から着る服。
② すそ。もすそ。
③ そで。
【日本】
① うちぎ。貴婦人の礼服。
② 男性が直衣（のうし）や狩衣（かりぎぬ）の下に着るもの。",Type the reading!,Text
裃,かみしも,かみしも。江戸時代に武士が着た礼服。,Type the reading!,Text
裄,ゆき,ゆき。衣服の背縫いからそで口までの長さ。,Type the reading!,Text
裎,"はだか,ひとえ","【A】テイ
① 肌を出す。衣服がはだける。また、はだか。
② 佩玉（はいぎょく）などの飾りをつける帯。
【B】テイ・チョウ単衣（ひとえ）。",Type the reading!,Text
裔,"あとつぎ,すえ,すそ","① すそ。もすそ。服のすそ。
② すえ。あとつぎ。子孫。血つづき。
③ 果て。辺境。",Type the reading!,Text
裘,かわごろも,かわごろも。獣類の皮で作った衣服。,Type the reading!,Text
裙,"すそ,はだぎ,も,もすそ","① すそ。衣服のふち。
② はだぎ。下着。
③ も。もすそ。下半身に巻きつけるようにして着ける衣装。袴（はかま）やスカートの類。",Type the reading!,Text
裨う,おぎなう,"【A】ヒ
① おぎなう。つぎたす。益す。
② 助ける。補佐する。
【B】ヒ
① 助け。
② 卑しい。小さい。",Type the reading!,Text
裨け,たすけ,"【A】ヒ
① おぎなう。つぎたす。益す。
② 助ける。補佐する。
【B】ヒ
① 助け。
② 卑しい。小さい。",Type the reading!,Text
裨ける,たすける,"【A】ヒ
① おぎなう。つぎたす。益す。
② 助ける。補佐する。
【B】ヒ
① 助け。
② 卑しい。小さい。",Type the reading!,Text
裲,うちかけ,"「裲襠（りょうとう）」はうちかけ、そでなし。
【日本】うちかけ。武官の礼服。また、上流婦人の礼服。",Type the reading!,Text
裴る,たちもとおる,"① たちもとおる。ぶらぶらと歩き回る。
② 衣服のすそが長いさま。",Type the reading!,Text
裹,たから,"① たから。財宝。
② つつみ。袋。
③ つつむ。まとう。おおいくるむ。たばねる。
④ 草の実。果実。",Type the reading!,Text
裹う,まとう,"① たから。財宝。
② つつみ。袋。
③ つつむ。まとう。おおいくるむ。たばねる。
④ 草の実。果実。",Type the reading!,Text
裹み,つつみ,"① たから。財宝。
② つつみ。袋。
③ つつむ。まとう。おおいくるむ。たばねる。
④ 草の実。果実。",Type the reading!,Text
裹む,つつむ,"① たから。財宝。
② つつみ。袋。
③ つつむ。まとう。おおいくるむ。たばねる。
④ 草の実。果実。",Type the reading!,Text
裼ぐ,"かたぬぐ,はだぬぐ","【A】セキ
① かたぬぐ。はだぬぐ。衣服を脱いで肩を出す。
② ひとえのかわごろも。礼服の一種。
【B】テイむゆき。ねまき。生まれたての子供に着せる産衣。",Type the reading!,Text
褂,"うちかけ,はだぎ",うちかけ。うちぎ。また、うわぎ。清代の礼服の一種。,Type the reading!,Text
褄,つま,つま。着物のすその左右の両端部分。着物の袵（おくみ）のこしから下のへり部分。,Type the reading!,Text
褊,きみじか,"① 衣服が小さい。
② せまい。心がせまい。気が短い。",Type the reading!,Text
褊い,せまい,"① 衣服が小さい。
② せまい。心がせまい。気が短い。",Type the reading!,Text
褌,"したばかま,ふんどし,みつ","ももひき。したばかま。
【日本】ふんどし。みつ。まわし。下帯。",Type the reading!,Text
褓,"かいまき,むつき",むつき。かいまき。幼児・小児に着せる衣服。うぶぎ。,Type the reading!,Text
褝,ひとえ,"① ひとえ。ひとえもの。裏のない着物。かたびら。
② はだぎ。下着。",Type the reading!,Text
褞,"うわぎ,どてら","① ころも。衣服。
② 上着。うちかけ。
③ ぬのこ。どてら。",Type the reading!,Text
褥,しとね,しとね。敷物。布団。,Type the reading!,Text
褪せる,あせる,"① ぬぐ。衣装をぬぐ。衣服をぬぐ。
② 落ちる。花がしぼむ。花が散る。
③ あせる。さめる。色があせる。色がさめる。",Type the reading!,Text
褪める,さめる,"① ぬぐ。衣装をぬぐ。衣服をぬぐ。
② 落ちる。花がしぼむ。花が散る。
③ あせる。さめる。色があせる。色がさめる。",Type the reading!,Text
褫う,うばう,"① うばう。奪い取る。衣服をはぎとる。
② ぬぐ。解く。着物を脱ぐ。",Type the reading!,Text
褫ぐ,はぐ,"① うばう。奪い取る。衣服をはぎとる。
② ぬぐ。解く。着物を脱ぐ。",Type the reading!,Text
褶,"あわせ,ひだ","【A】シュウ
① ひだ。しわ。衣服のしわ。
② 乗馬用のはかま。
【B】チョウあわせ。裏地のついた着物。",Type the reading!,Text
褶ねる,かさねる,"【A】シュウ
① ひだ。しわ。衣服のしわ。
② 乗馬用のはかま。
【B】チョウあわせ。裏地のついた着物。",Type the reading!,Text
褸,"つづれ,ぼろ",つづれ。ぼろ。衣服が破れる。破れた着物。ぼろきれ。,Type the reading!,Text
褻,"け,はだぎ,ふだんぎ","① あなどる。軽んじる。
② け。日常。日常の。
③ けがれる。けがす。よごれる。よごす。きたない。
④ なれる。なれなれしい。なれなれしくする。
⑤ はだぎ。ふだん着。平服。下着。",Type the reading!,Text
褻らわしい,けがらわしい,"① あなどる。軽んじる。
② け。日常。日常の。
③ けがれる。けがす。よごれる。よごす。きたない。
④ なれる。なれなれしい。なれなれしくする。
⑤ はだぎ。ふだん着。平服。下着。",Type the reading!,Text
褻る,あなどる,"① あなどる。軽んじる。
② け。日常。日常の。
③ けがれる。けがす。よごれる。よごす。きたない。
④ なれる。なれなれしい。なれなれしくする。
⑤ はだぎ。ふだん着。平服。下着。",Type the reading!,Text
褻れる,"けがれる,なれる","① あなどる。軽んじる。
② け。日常。日常の。
③ けがれる。けがす。よごれる。よごす。きたない。
④ なれる。なれなれしい。なれなれしくする。
⑤ はだぎ。ふだん着。平服。下着。",Type the reading!,Text
襁,"せおいおび,むつき","① おう。背負う。おんぶする。
② せおいおび。子供を背負う帯。
【日本】むつき。おしめ。おむつ。",Type the reading!,Text
襁う,おう,"① おう。背負う。おんぶする。
② せおいおび。子供を背負う帯。
【日本】むつき。おしめ。おむつ。",Type the reading!,Text
襄い,たかい,"① 高い。
② のぼる。高所にあがる。
③ 払う。払いのける。のぞく。とりのぞく。
④ あがる。あげる。もちあげる。
⑤ 変える。変わる。移り変わる。",Type the reading!,Text
襄う,はらう,"① 高い。
② のぼる。高所にあがる。
③ 払う。払いのける。のぞく。とりのぞく。
④ あがる。あげる。もちあげる。
⑤ 変える。変わる。移り変わる。",Type the reading!,Text
襄る,のぼる,"① 高い。
② のぼる。高所にあがる。
③ 払う。払いのける。のぞく。とりのぞく。
④ あがる。あげる。もちあげる。
⑤ 変える。変わる。移り変わる。",Type the reading!,Text
襌,ひとえ,"① ひとえ。ひとえもの。裏のない着物。かたびら。
② はだぎ。下着。",Type the reading!,Text
襍じる,まじる,"① まじる。まじわる。いりまじる。
② みだれる。純粋でない。整っていない。
③ みな。ともに。一緒に。",Type the reading!,Text
襍ぜる,まぜる,"① まじる。まじわる。いりまじる。
② みだれる。純粋でない。整っていない。
③ みな。ともに。一緒に。",Type the reading!,Text
襞,"しわ,ひだ","① たたむ。衣服や紙をたたむ。
② ひだ。着物の折りめ。しわ。",Type the reading!,Text
襠,"うちかけ,まち","① したおび。したばかま。したばかまの股にあたる部分。
② 「裲襠（りょうとう）」とはそでなし。うちかけ。
【日本】まち。衣服の布幅の不足部分を補う布。",Type the reading!,Text
襤,"つづれ,ぼろ",ぼろ。つづれ。破れてぼろぼろの着物。ぼろきれ。,Type the reading!,Text
襦,"どうぎ,はだぎ","① はだぎ。胴着。あせとり。下着。
② よだれかけ。
③ 目の細かくつんだあやぎぬ。
【日本】ポルトガル語「襦袢（ジュバン）」に当てた音訳字。",Type the reading!,Text
襪,"くつした,たび",たび。くつした。＝韈,Type the reading!,Text
襭む,つまばさむ,つまばさむ。衣の褄（つま）を帯にはさむ。,Type the reading!,Text
襯,はだぎ,"① 肌着。下着。
② 近づく。くっつく。親しむ。",Type the reading!,Text
襴,ひとえ,上着ともすそがつながっているひとえもの。ひとえ。,Type the reading!,Text
襷,たすき,たすき。和服で仕事をする際に、袖をたくしあげるためのひも。,Type the reading!,Text
覃い,ふかい,"【A】タン
① およぶ。およぼす。のびる。ゆきわたる。
② 深い。奥深い。深く広い。
③ 長い。大きい。
【B】エンするどい。",Type the reading!,Text
覃く,ひく,"【A】タン
① およぶ。およぼす。のびる。ゆきわたる。
② 深い。奥深い。深く広い。
③ 長い。大きい。
【B】エンするどい。",Type the reading!,Text
覃びる,のびる,"【A】タン
① およぶ。およぼす。のびる。ゆきわたる。
② 深い。奥深い。深く広い。
③ 長い。大きい。
【B】エンするどい。",Type the reading!,Text
覃ぶ,およぶ,"【A】タン
① およぶ。およぼす。のびる。ゆきわたる。
② 深い。奥深い。深く広い。
③ 長い。大きい。
【B】エンするどい。",Type the reading!,Text
覈える,かんがえる,"【A】カク
① 調べる。明らかにする。考察する。
② きびしい。はげしい。
③ さね。
【B】ケツむかえる。",Type the reading!,Text
覈しい,きびしい,"【A】カク
① 調べる。明らかにする。考察する。
② きびしい。はげしい。
③ さね。
【B】ケツむかえる。",Type the reading!,Text
覈べる,しらべる,"【A】カク
① 調べる。明らかにする。考察する。
② きびしい。はげしい。
③ さね。
【B】ケツむかえる。",Type the reading!,Text
覈らかにする,あきらかにする,"【A】カク
① 調べる。明らかにする。考察する。
② きびしい。はげしい。
③ さね。
【B】ケツむかえる。",Type the reading!,Text
覓める,もとめる,もとめる。さがす。さがしもとめる。,Type the reading!,Text
覘う,うかがう,うかがう。のぞく。様子をうかがい見る。,Type the reading!,Text
覘く,のぞく,うかがう。のぞく。様子をうかがい見る。,Type the reading!,Text
覡,"かんなぎ,みこ",みこ。かんなぎ。神に仕える人。特に、男性を「覡（げき）」、女性を「巫（ふ）」という。,Type the reading!,Text
覦う,"こいねがう,ねがう",のぞむ。ねがう。こっそりとねがう。身分不相応なことをねがう。,Type the reading!,Text
覦む,のぞむ,のぞむ。ねがう。こっそりとねがう。身分不相応なことをねがう。,Type the reading!,Text
覩る,みる,みる。よくみる。じっとみる。見分ける。,Type the reading!,Text
覬う,"こいねがう,ねがう",のぞむ。ねがう。無理なことをねがう。身分不相応なことをねがう。,Type the reading!,Text
覬む,のぞむ,のぞむ。ねがう。無理なことをねがう。身分不相応なことをねがう。,Type the reading!,Text
覯う,あう,"① あう。出会う。偶然に出会う。出くわす。
② あわせる。まとめる。構成する。",Type the reading!,Text
覯る,みる,"① あう。出会う。偶然に出会う。出くわす。
② あわせる。まとめる。構成する。",Type the reading!,Text
覯わせる,あわせる,"① あう。出会う。偶然に出会う。出くわす。
② あわせる。まとめる。構成する。",Type the reading!,Text
覲う,あう,"① まみえる。諸侯が天子に謁見する。
② みる。あう。臣下を引見する。",Type the reading!,Text
覲える,まみえる,"① まみえる。諸侯が天子に謁見する。
② みる。あう。臣下を引見する。",Type the reading!,Text
覿う,あう,"① あう。みる。まみえる。人と会う。面会する。
② しめす。はっきりとあらわす。",Type the reading!,Text
覿す,しめす,"① あう。みる。まみえる。人と会う。面会する。
② しめす。はっきりとあらわす。",Type the reading!,Text
覿る,みる,"① あう。みる。まみえる。人と会う。面会する。
② しめす。はっきりとあらわす。",Type the reading!,Text
觚,"かど,さかずき","① さかずき。二升入るさかずき。
② かど。とがったかど。
③ ふだ。文字を記すための木の札。
④ のり。きまり。おきて。
⑤ ひとり。ひとつ。ひとりぼっち。＝孤",Type the reading!,Text
觜,"くちばし,けづの,とろきぼし,はし","【A】シ・スイくちばし。はし。鳥などの細く突き出た口。＝嘴
【B】シ
① けづの。みみずくの頭の上にある突出した毛。
② 二十八宿の一つ。とろきぼし。",Type the reading!,Text
觝れる,ふれる,"① ふれる。さわる。ぶつかる。突きあたる。
② いたる。届く。達する。",Type the reading!,Text
觥,つのさかずき,"① 兕牛（じぎゅう）の角（つの）で作った大きなさかずき。
② 大きい。",Type the reading!,Text
觴,さかずき,"① さかずき。酒を飲むための器。酒杯。
② さす。酒をすすめる。酒を飲ませる。",Type the reading!,Text
訌め,うちわもめ,"① みだれる。もめる。ごたごたする。
② うちわもめ。仲間同士の争いごと。",Type the reading!,Text
訌れる,みだれる,"① みだれる。もめる。ごたごたする。
② うちわもめ。仲間同士の争いごと。",Type the reading!,Text
訐く,あばく,あばく。人の秘密や欠点を明らかにする。,Type the reading!,Text
訖に,ついに,"① おわる。やむ。おわりになる。
② いたる。およぶ。行きつく。達する。
③ ついに。とうとう。",Type the reading!,Text
訖む,やむ,"① おわる。やむ。おわりになる。
② いたる。およぶ。行きつく。達する。
③ ついに。とうとう。",Type the reading!,Text
訖る,いたる,"① おわる。やむ。おわりになる。
② いたる。およぶ。行きつく。達する。
③ ついに。とうとう。",Type the reading!,Text
訖わる,おわる,"① おわる。やむ。おわりになる。
② いたる。およぶ。行きつく。達する。
③ ついに。とうとう。",Type the reading!,Text
訛,なまり,"① いつわる。いつわり。うそ。真実とは違うことをいう。
② あやまる。あやまり。間違える。
③ なまり。なまる。標準とは異なる発音。",Type the reading!,Text
訛る,"あやまる,いつわる,なまる","① いつわる。いつわり。うそ。真実とは違うことをいう。
② あやまる。あやまり。間違える。
③ なまり。なまる。標準とは異なる発音。",Type the reading!,Text
訝える,むかえる,"① むかえる。人を迎える。出迎える。
② いぶかる。あやしく思う。疑わしく思う。",Type the reading!,Text
訝しい,いぶかしい,"① むかえる。人を迎える。出迎える。
② いぶかる。あやしく思う。疑わしく思う。",Type the reading!,Text
訝る,いぶかる,"① むかえる。人を迎える。出迎える。
② いぶかる。あやしく思う。疑わしく思う。",Type the reading!,Text
訥る,どもる,どもる。ことばをなめらかに言うことができない。＝吶,Type the reading!,Text
訶める,せめる,"① しかる。せめる。大声でどなる。＝呵
② 梵語（ボンゴ）の音訳に用いる字。",Type the reading!,Text
訶る,しかる,"① しかる。せめる。大声でどなる。＝呵
② 梵語（ボンゴ）の音訳に用いる字。",Type the reading!,Text
詁,わけ,"① よみ。昔のことばの意味。読み解き方。
② よむ。とく。昔のことばを解釈する。",Type the reading!,Text
詁く,とく,"① よみ。昔のことばの意味。読み解き方。
② よむ。とく。昔のことばを解釈する。",Type the reading!,Text
詁み,よみ,"① よみ。昔のことばの意味。読み解き方。
② よむ。とく。昔のことばを解釈する。",Type the reading!,Text
詁む,よむ,"① よみ。昔のことばの意味。読み解き方。
② よむ。とく。昔のことばを解釈する。",Type the reading!,Text
詆いる,しいる,"① あばく。罪や短所を明らかにする。
② 誣（し）いる。そしる。悪口を言う。
③ しかる。とがめる。責める。
④ はずかしめる。恥をかかせる。",Type the reading!,Text
詆く,あばく,"① あばく。罪や短所を明らかにする。
② 誣（し）いる。そしる。悪口を言う。
③ しかる。とがめる。責める。
④ はずかしめる。恥をかかせる。",Type the reading!,Text
詆める,はずかしめる,"① あばく。罪や短所を明らかにする。
② 誣（し）いる。そしる。悪口を言う。
③ しかる。とがめる。責める。
④ はずかしめる。恥をかかせる。",Type the reading!,Text
詆る,"しかる,そしる","① あばく。罪や短所を明らかにする。
② 誣（し）いる。そしる。悪口を言う。
③ しかる。とがめる。責める。
④ はずかしめる。恥をかかせる。",Type the reading!,Text
詈る,ののしる,"① ののしる。悪態をつく。悪口をいう。
② あてこすりをいう。",Type the reading!,Text
詒く,あざむく,"① あざむく。いつわる。
② おくる。あたえる。
③ のこす。つたえる。",Type the reading!,Text
詒す,のこす,"① あざむく。いつわる。
② おくる。あたえる。
③ のこす。つたえる。",Type the reading!,Text
詒る,おくる,"① あざむく。いつわる。
② おくる。あたえる。
③ のこす。つたえる。",Type the reading!,Text
詛い,"ちかい,のろい","① のろう。うらみのある人に災いがくだるようにいのる。
② のろい。のろいのことば。
③ 誓う。誓い。
④ そしる。悪口をいう。",Type the reading!,Text
詛う,"ちかう,のろう","① のろう。うらみのある人に災いがくだるようにいのる。
② のろい。のろいのことば。
③ 誓う。誓い。
④ そしる。悪口をいう。",Type the reading!,Text
詛る,そしる,"① のろう。うらみのある人に災いがくだるようにいのる。
② のろい。のろいのことば。
③ 誓う。誓い。
④ そしる。悪口をいう。",Type the reading!,Text
詢,まこと,"① 問う。はかる。相談する。
② まこと。まことに。",Type the reading!,Text
詢う,とう,"① 問う。はかる。相談する。
② まこと。まことに。",Type the reading!,Text
詢る,はかる,"① 問う。はかる。相談する。
② まこと。まことに。",Type the reading!,Text
詬,はじ,"① そしる。ののしる。悪く言う。非難する。
② 恥（はじ）。恥じる。
③ はずかしめる。恥をかかせる。",Type the reading!,Text
詬める,はずかしめる,"① そしる。ののしる。悪く言う。非難する。
② 恥（はじ）。恥じる。
③ はずかしめる。恥をかかせる。",Type the reading!,Text
詬る,"そしる,ののしる","① そしる。ののしる。悪く言う。非難する。
② 恥（はじ）。恥じる。
③ はずかしめる。恥をかかせる。",Type the reading!,Text
詭く,"あざむく,そむく","① あざむく。いつわる。だます。
② あやしい。あやしむ。
③ 責める。そしる。
④ そむく。たがう。
⑤ 異なる。",Type the reading!,Text
詭しい,あやしい,"① あざむく。いつわる。だます。
② あやしい。あやしむ。
③ 責める。そしる。
④ そむく。たがう。
⑤ 異なる。",Type the reading!,Text
詭る,いつわる,"① あざむく。いつわる。だます。
② あやしい。あやしむ。
③ 責める。そしる。
④ そむく。たがう。
⑤ 異なる。",Type the reading!,Text
詼ける,おどける,おどける。たわむれる。ふざけたことを言う。,Type the reading!,Text
詼れる,たわむれる,おどける。たわむれる。ふざけたことを言う。,Type the reading!,Text
誂え,あつらえ,"① さそいかける。いどむ。
② たわむれる。からかう。もてあそぶ。
【日本】あつらえる。注文して作らせる。",Type the reading!,Text
誂える,あつらえる,"① さそいかける。いどむ。
② たわむれる。からかう。もてあそぶ。
【日本】あつらえる。注文して作らせる。",Type the reading!,Text
誄,"いのりごと,しのびごと","① しのびごと。故人の生前の行いをたたえ、その死をいたむ文。
② いのりごと。祈ることば。のりと。",Type the reading!,Text
誅す,ころす,"① 責める。とがめる。罰する。
② うつ。ほろぼす。ころす。",Type the reading!,Text
誅つ,うつ,"① 責める。とがめる。罰する。
② うつ。ほろぼす。ころす。",Type the reading!,Text
誅ぼす,ほろぼす,"① 責める。とがめる。罰する。
② うつ。ほろぼす。ころす。",Type the reading!,Text
誅める,せめる,"① 責める。とがめる。罰する。
② うつ。ほろぼす。ころす。",Type the reading!,Text
誑かす,たぶらかす,あざむく。たばかる。たぶらかす。だます。まどわせる。,Type the reading!,Text
誑く,あざむく,あざむく。たばかる。たぶらかす。だます。まどわせる。,Type the reading!,Text
誑す,"たぶらかす,たらす",あざむく。たばかる。たぶらかす。だます。まどわせる。,Type the reading!,Text
誚める,せめる,責める。しかる。そしる。非難する,Type the reading!,Text
誚る,"しかる,そしる",責める。しかる。そしる。非難する,Type the reading!,Text
誡め,いましめ,"① いましめ。教え。
② いましめる。欠点を注意する。",Type the reading!,Text
誡める,いましめる,"① いましめ。教え。
② いましめる。欠点を注意する。",Type the reading!,Text
誣いる,しいる,誣いる（しいる）。あざむく。そしる。ありもしないことを事実のようにいう。事実を曲げて無実の人をそしる（悪く言う）。,Type the reading!,Text
誣く,あざむく,誣いる（しいる）。あざむく。そしる。ありもしないことを事実のようにいう。事実を曲げて無実の人をそしる（悪く言う）。,Type the reading!,Text
誣る,そしる,誣いる（しいる）。あざむく。そしる。ありもしないことを事実のようにいう。事実を曲げて無実の人をそしる（悪く言う）。,Type the reading!,Text
誥,みことのり,"① つげる。いましめる。さとす。上位のものが下位のものに告げる。
② つげ。いましめ。上位のものから下位のものに告げることば。
③ ふれ。みことのり。文体の名。天子が下の者に布告する文。",Type the reading!,Text
誥げる,つげる,"① つげる。いましめる。さとす。上位のものが下位のものに告げる。
② つげ。いましめ。上位のものから下位のものに告げることば。
③ ふれ。みことのり。文体の名。天子が下の者に布告する文。",Type the reading!,Text
誥れ,ふれ,"① つげる。いましめる。さとす。上位のものが下位のものに告げる。
② つげ。いましめ。上位のものから下位のものに告げることば。
③ ふれ。みことのり。文体の名。天子が下の者に布告する文。",Type the reading!,Text
誦える,となえる,"① となえる。よむ。
② 節をつけてよむ。
③ そらんじる。そらよみする。
④ そしる。うらむ。",Type the reading!,Text
誦む,よむ,"① となえる。よむ。
② 節をつけてよむ。
③ そらんじる。そらよみする。
④ そしる。うらむ。",Type the reading!,Text
誦んずる,そらんずる,"① となえる。よむ。
② 節をつけてよむ。
③ そらんじる。そらよみする。
④ そしる。うらむ。",Type the reading!,Text
誨え,おしえ,おしえ。おしえる。人に言い聞かせる。さとしおしえる。,Type the reading!,Text
誨える,おしえる,おしえ。おしえる。人に言い聞かせる。さとしおしえる。,Type the reading!,Text
諂う,へつらう,おもねる。こびる。へつらう。他人に気に入られようとふるまう。,Type the reading!,Text
諂びる,こびる,おもねる。こびる。へつらう。他人に気に入られようとふるまう。,Type the reading!,Text
諂る,おもねる,おもねる。こびる。へつらう。他人に気に入られようとふるまう。,Type the reading!,Text
諄,まこと,"① ねんごろ。丁寧。てあつ。
② くどい。にぶい。しつこい。",Type the reading!,Text
諄い,"あつい,くどい","① ねんごろ。丁寧。てあつ。
② くどい。にぶい。しつこい。",Type the reading!,Text
諄ろ,ねんごろ,"① ねんごろ。丁寧。てあつ。
② くどい。にぶい。しつこい。",Type the reading!,Text
諍い,いさかい,"① いさめる。正す。
② うったえる。
③ 争う。言い争う。いさかう。",Type the reading!,Text
諍う,あらそう,"① いさめる。正す。
② うったえる。
③ 争う。言い争う。いさかう。",Type the reading!,Text
諍える,うったえる,"① いさめる。正す。
② うったえる。
③ 争う。言い争う。いさかう。",Type the reading!,Text
諍める,いさめる,"① いさめる。正す。
② うったえる。
③ 争う。言い争う。いさかう。",Type the reading!,Text
諚,おきて,じょう。上のおおせ。命令。おきて。,Type the reading!,Text
諚せ,おおせ,じょう。上のおおせ。命令。おきて。,Type the reading!,Text
諛う,へつらう,こびる。へつらう。機嫌をとる。,Type the reading!,Text
諞う,へつらう,へつらう。口先だけでたくみにいう。ことばたくみにいう。,Type the reading!,Text
諠しい,"かまびすしい,やかましい","① やかましい。かまびすしい。
② 明らか。明るい。
③ わすれる。",Type the reading!,Text
諡,"おくりな,よびな",おくりな。生前の行いに基づいてつける呼び名。,Type the reading!,Text
諢け,おどけ,おどけ。たわむれ。冗談。,Type the reading!,Text
諢れ,たわむれ,おどけ。たわむれ。冗談。,Type the reading!,Text
諱,いみな,"① いむ。いみきらう。はばかる。
② いみな。死者の生前の本名。",Type the reading!,Text
諱む,いむ,"① いむ。いみきらう。はばかる。
② いみな。死者の生前の本名。",Type the reading!,Text
諳る,さとる,"① そらんじる。そら読みする。暗唱する。
② なれる。経験する。熟達する。
③ さとる。しりつくす。",Type the reading!,Text
諳れる,なれる,"① そらんじる。そら読みする。暗唱する。
② なれる。経験する。熟達する。
③ さとる。しりつくす。",Type the reading!,Text
諳んじる,そらんじる,"① そらんじる。そら読みする。暗唱する。
② なれる。経験する。熟達する。
③ さとる。しりつくす。",Type the reading!,Text
諷めかす,ほのめかす,"① そらんじる。そらで読む。
② ほのめかす。あてこする。遠まわしにさとす。",Type the reading!,Text
諷る,あてこする,"① そらんじる。そらで読む。
② ほのめかす。あてこする。遠まわしにさとす。",Type the reading!,Text
諷んじる,そらんじる,"① そらんじる。そらで読む。
② ほのめかす。あてこする。遠まわしにさとす。",Type the reading!,Text
謇しい,ただしい,"① どもる。ことばがつまる。
② 正しく言う。正直に言う。",Type the reading!,Text
謇る,どもる,"① どもる。ことばがつまる。
② 正しく言う。正直に言う。",Type the reading!,Text
謌,うた,"① うたう。節をつけてうたう。音楽にあわせてうたう。
② うた。拍子や節をつけて歌詞を発声するもの。
③ 詩の一体。漢詩の形式の一つ。
【日本】漢詩に対し、日本のうた。やまとうた。",Type the reading!,Text
謌う,うたう,"① うたう。節をつけてうたう。音楽にあわせてうたう。
② うた。拍子や節をつけて歌詞を発声するもの。
③ 詩の一体。漢詩の形式の一つ。
【日本】漢詩に対し、日本のうた。やまとうた。",Type the reading!,Text
謐か,しずか,"① しずか。
② やすらか。",Type the reading!,Text
謐らか,やすらか,"① しずか。
② やすらか。",Type the reading!,Text
謔れる,たわむれる,たわむれる。冗談を言う。おどける。,Type the reading!,Text
謖がる,おきあがる,たつ。起き上がる。立ち上がる。,Type the reading!,Text
謖つ,たつ,たつ。起き上がる。立ち上がる。,Type the reading!,Text
謗り,そしり,"① そしる。責める。悪口をいう。
② そしり。",Type the reading!,Text
謗る,そしる,"① そしる。責める。悪口をいう。
② そしり。",Type the reading!,Text
謚,"おくりな,よびな",おくりな。生前の行いに基づいてつける呼び名。,Type the reading!,Text
謦,しわぶき,しわぶき。せきばらい。,Type the reading!,Text
謦い,せきばらい,しわぶき。せきばらい。,Type the reading!,Text
謨,はかりごと,"① はかる。計画する。くわだてる。
② はかりごと。大きな計画。くわだて。
③ いつわる。
④ ない。",Type the reading!,Text
謨る,はかる,"① はかる。計画する。くわだてる。
② はかりごと。大きな計画。くわだて。
③ いつわる。
④ ない。",Type the reading!,Text
謫,とが,"① せめる。つみする。咎める。罰する。
② とが。つみ。
③ ながす。官位を下げて流刑に処す。",Type the reading!,Text
謫す,ながす,"① せめる。つみする。咎める。罰する。
② とが。つみ。
③ ながす。官位を下げて流刑に処す。",Type the reading!,Text
謫する,つみする,"① せめる。つみする。咎める。罰する。
② とが。つみ。
③ ながす。官位を下げて流刑に処す。",Type the reading!,Text
謫める,せめる,"① せめる。つみする。咎める。罰する。
② とが。つみ。
③ ながす。官位を下げて流刑に処す。",Type the reading!,Text
謳,うた,"① うたう。歌をうたう。
② うた。歌謡。",Type the reading!,Text
謳う,うたう,"① うたう。歌をうたう。
② うた。歌謡。",Type the reading!,Text
謾く,あざむく,"① あざむく。だます。
② あなどる。そしる。ばかにする。
③ なれる。
④ おこたる。",Type the reading!,Text
謾る,"あなどる,おこたる","① あざむく。だます。
② あなどる。そしる。ばかにする。
③ なれる。
④ おこたる。",Type the reading!,Text
譁しい,かまびすしい,かまびすしい。さわがしい。うるさい。,Type the reading!,Text
譌,なまり,"① いつわる。いつわり。うそ。真実とは違うことをいう。
② あやまる。あやまり。間違える。
③ なまり。なまる。標準とは異なる発音。",Type the reading!,Text
譌る,"あやまる,いつわる,なまる","① いつわる。いつわり。うそ。真実とは違うことをいう。
② あやまる。あやまり。間違える。
③ なまり。なまる。標準とは異なる発音。",Type the reading!,Text
譎しい,あやしい,"① あざむく。いつわり。いつわる。例：譎詐（ケッサ） 譎略（ケツリャク）
② あやしい。めずらしい。普通と異なる。例：譎怪（ケッカイ）
③ 遠回しに言う。遠回しにいさめる。例：譎諫（ケッカン）",Type the reading!,Text
譎り,いつわり,"① あざむく。いつわり。いつわる。例：譎詐（ケッサ） 譎略（ケツリャク）
② あやしい。めずらしい。普通と異なる。例：譎怪（ケッカイ）
③ 遠回しに言う。遠回しにいさめる。例：譎諫（ケッカン）",Type the reading!,Text
譎る,いつわる,"① あざむく。いつわり。いつわる。例：譎詐（ケッサ） 譎略（ケツリャク）
② あやしい。めずらしい。普通と異なる。例：譎怪（ケッカイ）
③ 遠回しに言う。遠回しにいさめる。例：譎諫（ケッカン）",Type the reading!,Text
譏める,せめる,"① そしる。そしり。非難。
② 責める。とがめる。
③ いさめる。
④ 調べる。検査する。取り調べる。",Type the reading!,Text
譏る,そしる,"① そしる。そしり。非難。
② 責める。とがめる。
③ いさめる。
④ 調べる。検査する。取り調べる。",Type the reading!,Text
譖える,うったえる,"① うったえる。うそのうったえをする。そしる。
② いつわる。まことでない。",Type the reading!,Text
譖る,"いつわる,そしる","① うったえる。うそのうったえをする。そしる。
② いつわる。まことでない。",Type the reading!,Text
譚,はなし,"① はなし。ものがたり。はなす。かたる。
② 大きい。
③ のびる。",Type the reading!,Text
譛える,うったえる,"① うったえる。うそのうったえをする。そしる。
② いつわる。まことでない。",Type the reading!,Text
譛る,"いつわる,そしる","① うったえる。うそのうったえをする。そしる。
② いつわる。まことでない。",Type the reading!,Text
譟がしい,さわがしい,さわぐ。さわがしい。やかましくする。,Type the reading!,Text
譟ぐ,さわぐ,さわぐ。さわがしい。やかましくする。,Type the reading!,Text
譫,"うわごと,たわごと",たわごと。うわごと。,Type the reading!,Text
譬え,たとえ,"① たとえ。たとえる。
② さとす。さとる。",Type the reading!,Text
譬える,たとえる,"① たとえ。たとえる。
② さとす。さとる。",Type the reading!,Text
譬す,さとす,"① たとえ。たとえる。
② さとす。さとる。",Type the reading!,Text
譴め,とがめ,"① せめる。とがめる。しかる。
② せめ。つみ。とが。とがめ。",Type the reading!,Text
譴める,"せめる,とがめる","① せめる。とがめる。しかる。
② せめ。つみ。とが。とがめ。",Type the reading!,Text
讌り,さかもり,"① 集まって語らう。
② さかもり。宴会。",Type the reading!,Text
讎,あだ,"① むくいる。仕返しをする。報復する。受け答えをする。
② あだ。かたき。
③ あだとする。かたきとする。敵対する。
④ ともがら。仲間。
⑤ 等しい。
⑥ 売る。売れる。
⑦ 多い。",Type the reading!,Text
讎いる,むくいる,"① むくいる。仕返しをする。報復する。受け答えをする。
② あだ。かたき。
③ あだとする。かたきとする。敵対する。
④ ともがら。仲間。
⑤ 等しい。
⑥ 売る。売れる。
⑦ 多い。",Type the reading!,Text
讐,あだ,"① むくいる。仕返しをする。報復する。受け答えをする。
② あだ。かたき。
③ あだとする。かたきとする。敵対する。
④ ともがら。仲間。
⑤ 等しい。
⑥ 売る。売れる。
⑦ 多い。",Type the reading!,Text
讐いる,むくいる,"① むくいる。仕返しをする。報復する。受け答えをする。
② あだ。かたき。
③ あだとする。かたきとする。敵対する。
④ ともがら。仲間。
⑤ 等しい。
⑥ 売る。売れる。
⑦ 多い。",Type the reading!,Text
讒,よこしま,"① そしる。悪口をいう。中傷する。傷つける。告げ口する。
② よこしま。心がひねくれている。
③ いつわる。でたらめを言う。事実と異なることを言う。",Type the reading!,Text
讒る,そしる,"① そしる。悪口をいう。中傷する。傷つける。告げ口する。
② よこしま。心がひねくれている。
③ いつわる。でたらめを言う。事実と異なることを言う。",Type the reading!,Text
讖,しるし,"① しるし。前兆。予兆。
② 未来を予測することば。予言。
③ 預言書。未来記。",Type the reading!,Text
讙しい,かまびすしい,"① かまびすしい。やかましい。
② よろこぶ。",Type the reading!,Text
讙ぶ,よろこぶ,"① かまびすしい。やかましい。
② よろこぶ。",Type the reading!,Text
谺,"こだま,やまびこ","谷が広く深いさま。
【日本】やまびこ。こだま。",Type the reading!,Text
谿,"たに,たにがわ",谷。谷川。谷間。,Type the reading!,Text
豁い,ひろい,"① ひらける。からっと開ける。
② ひろい。からっとして広い。心が広い。度量が大きい。
③ むなしい。うつろ。",Type the reading!,Text
豁ける,ひらける,"① ひらける。からっと開ける。
② ひろい。からっとして広い。心が広い。度量が大きい。
③ むなしい。うつろ。",Type the reading!,Text
豁しい,むなしい,"① ひらける。からっと開ける。
② ひろい。からっとして広い。心が広い。度量が大きい。
③ むなしい。うつろ。",Type the reading!,Text
豈,あに,"① たのしむ。やわらぐ。
② かちどき。凱旋する際の音楽。
③ あに。反語の意をあらわす。「どうして～であろうか」",Type the reading!,Text
豈しむ,たのしむ,"① たのしむ。やわらぐ。
② かちどき。凱旋する際の音楽。
③ あに。反語の意をあらわす。「どうして～であろうか」",Type the reading!,Text
豈らぐ,やわらぐ,"① たのしむ。やわらぐ。
② かちどき。凱旋する際の音楽。
③ あに。反語の意をあらわす。「どうして～であろうか」",Type the reading!,Text
豕,"い,いのこ,ぶた",い。いのこ。豚や猪のこと。,Type the reading!,Text
豢う,"かう,やしなう","① 家畜。
② やしなう。家畜を飼う。
③ 利益で人を誘い込み利用する。",Type the reading!,Text
豺,やまいぬ,やまいぬ。おおかみの類。,Type the reading!,Text
貂,てん,てん。鼬（いたち）に似た獣。,Type the reading!,Text
貉,むじな,"【A】カクむじな。たぬき。
【B】バク中国北方の異民族の名。＝貊",Type the reading!,Text
貊,えびす,"① えびす。中国北方の異民族の名。＝貉
② 熊に似た猛獣の名。
③ 静かであるさま。",Type the reading!,Text
貎,しし,"① しし。からじし。
② 仏の座席。転じて、高僧の座席。しし座。",Type the reading!,Text
貲,たから,"① あがなう。財貨で罪の埋め合わせをする。
② 財産。宝。もとで。",Type the reading!,Text
貲う,あがなう,"① あがなう。財貨で罪の埋め合わせをする。
② 財産。宝。もとで。",Type the reading!,Text
貶ける,しりぞける,"① へらす。へる。
② 官位を下げる。おとす。
③ おとしめる。けなす。そしる。さげすむ。",Type the reading!,Text
貶す,けなす,"① へらす。へる。
② 官位を下げる。おとす。
③ おとしめる。けなす。そしる。さげすむ。",Type the reading!,Text
貶とす,おとす,"① へらす。へる。
② 官位を下げる。おとす。
③ おとしめる。けなす。そしる。さげすむ。",Type the reading!,Text
貶む,さげすむ,"① へらす。へる。
② 官位を下げる。おとす。
③ おとしめる。けなす。そしる。さげすむ。",Type the reading!,Text
貶める,おとしめる,"① へらす。へる。
② 官位を下げる。おとす。
③ おとしめる。けなす。そしる。さげすむ。",Type the reading!,Text
貶らす,へらす,"① へらす。へる。
② 官位を下げる。おとす。
③ おとしめる。けなす。そしる。さげすむ。",Type the reading!,Text
貶る,そしる,"① へらす。へる。
② 官位を下げる。おとす。
③ おとしめる。けなす。そしる。さげすむ。",Type the reading!,Text
貽す,のこす,"① 贈る。物を贈る。
② 遺す。",Type the reading!,Text
貽る,おくる,"① 贈る。物を贈る。
② 遺す。",Type the reading!,Text
賁,"あや,つわもの","【A】ヒ
① かざる。かざり。模様が美しい。あざやか。
② 易（エキ）の六十四卦の一つ。
【B】フン
① 大きい。
② わく。わきたつ。
③ いきどおる。
【C】ホン走る。",Type the reading!,Text
賁り,かざり,"【A】ヒ
① かざる。かざり。模様が美しい。あざやか。
② 易（エキ）の六十四卦の一つ。
【B】フン
① 大きい。
② わく。わきたつ。
③ いきどおる。
【C】ホン走る。",Type the reading!,Text
賁る,かざる,"【A】ヒ
① かざる。かざり。模様が美しい。あざやか。
② 易（エキ）の六十四卦の一つ。
【B】フン
① 大きい。
② わく。わきたつ。
③ いきどおる。
【C】ホン走る。",Type the reading!,Text
賈,あたい,"① あきなう。あきない。売り買いする。商売する。
② あきんど。あきうど。商人。商売人。
③ 売る。
④ 買う。
⑤ あたい。値段。",Type the reading!,Text
賈い,あきない,"① あきなう。あきない。売り買いする。商売する。
② あきんど。あきうど。商人。商売人。
③ 売る。
④ 買う。
⑤ あたい。値段。",Type the reading!,Text
賈う,"あきなう,かう","① あきなう。あきない。売り買いする。商売する。
② あきんど。あきうど。商人。商売人。
③ 売る。
④ 買う。
⑤ あたい。値段。",Type the reading!,Text
賈る,うる,"① あきなう。あきない。売り買いする。商売する。
② あきんど。あきうど。商人。商売人。
③ 売る。
④ 買う。
⑤ あたい。値段。",Type the reading!,Text
賚,たまもの,"① たまう。たまわる。与える。
② たまもの。くだされもの。
③ ねぎらう。",Type the reading!,Text
賚う,たまう,"① たまう。たまわる。与える。
② たまもの。くだされもの。
③ ねぎらう。",Type the reading!,Text
賺す,"すかす,だます",すかす。だます。だましとる。,Type the reading!,Text
賻,おくりもの,助ける。おくる。おくりもの。,Type the reading!,Text
賻る,おくる,助ける。おくる。おくりもの。,Type the reading!,Text
賽,さいころ,"① お礼まいり。むくいまつる。
② 競争する。優劣を競う。
【日本】さい。さいころ。すごろくやばくちに用いる道具。",Type the reading!,Text
贄,にえ,にえ。手土産。礼物。,Type the reading!,Text
贅,"いぼ,こぶ,むだ","① しちいれ。質に入れる。
② 質。抵当。
③ てなずける。
④ いぼ。こぶ。
⑤ むこ。入りむこ。
⑥ むだ。役に立たないもの。",Type the reading!,Text
贅な,よけいな,"① しちいれ。質に入れる。
② 質。抵当。
③ てなずける。
④ いぼ。こぶ。
⑤ むこ。入りむこ。
⑥ むだ。役に立たないもの。",Type the reading!,Text
贍う,すくう,"① たす。すくう。供給する。
② 足りる。十分ある。富む。豊かである。",Type the reading!,Text
贍す,たす,"① たす。すくう。供給する。
② 足りる。十分ある。富む。豊かである。",Type the reading!,Text
贍りる,たりる,"① たす。すくう。供給する。
② 足りる。十分ある。富む。豊かである。",Type the reading!,Text
贏う,になう,"① もうける。もうけ。利益を得る。
② あまる。あまり。あます。
③ あふれる。みちる。
④ すぎる。
⑤ ゆるむ。のびる。
⑥ 勝つ。まさる。勝利。",Type the reading!,Text
贏ける,もうける,"① もうける。もうけ。利益を得る。
② あまる。あまり。あます。
③ あふれる。みちる。
④ すぎる。
⑤ ゆるむ。のびる。
⑥ 勝つ。まさる。勝利。",Type the reading!,Text
贏つ,かつ,"① もうける。もうけ。利益を得る。
② あまる。あまり。あます。
③ あふれる。みちる。
④ すぎる。
⑤ ゆるむ。のびる。
⑥ 勝つ。まさる。勝利。",Type the reading!,Text
贏びる,のびる,"① もうける。もうけ。利益を得る。
② あまる。あまり。あます。
③ あふれる。みちる。
④ すぎる。
⑤ ゆるむ。のびる。
⑥ 勝つ。まさる。勝利。",Type the reading!,Text
贏る,あまる,"① もうける。もうけ。利益を得る。
② あまる。あまり。あます。
③ あふれる。みちる。
④ すぎる。
⑤ ゆるむ。のびる。
⑥ 勝つ。まさる。勝利。",Type the reading!,Text
贐,"おくりもの,はなむけ","① おくりもの。貢ぎ物。献上品。
② はなむけ。旅立つ人に贈る品物。餞別（せんべつ）。また、餞別を贈る。",Type the reading!,Text
贓す,かくす,"① 不正な手段で金品を手に入れる。
② わいろを受け取る。
③ かくす。",Type the reading!,Text
贖い,あがない,"① あがなう。物と物を交換する。
② とりかえる。",Type the reading!,Text
贖う,あがなう,"① あがなう。物と物を交換する。
② とりかえる。",Type the reading!,Text
赧じる,はじる,"① あからめる。顔を赤くする。はじる。
② おそれる。不安におもう。",Type the reading!,Text
赧める,あからめる,"① あからめる。顔を赤くする。はじる。
② おそれる。不安におもう。",Type the reading!,Text
赬,あか,あか。あかい。赤い色。薄い赤色。,Type the reading!,Text
赭,"あか,あかつち","① あかつち。赤い色のつち。そお。
② 赤。赤い。赤い色。
③ はげやま。土をむきだしにする。
④ 尽きる。",Type the reading!,Text
赭い,あかい,"① あかつち。赤い色のつち。そお。
② 赤。赤い。赤い色。
③ はげやま。土をむきだしにする。
④ 尽きる。",Type the reading!,Text
赳し,たけし,つよい。たけだけしい。いさましい。,Type the reading!,Text
趁う,おう,"① おう。追いかける。後ろからついていく。従う。
② おもむく。駆けつける。馳せつける。
③ ゆきなやむ。行き悩む。
④ つけこむ。便乗する。機会を利用する。
⑤ 乗る。乗り込む。船や車に乗る。",Type the reading!,Text
趁く,おもむく,"① おう。追いかける。後ろからついていく。従う。
② おもむく。駆けつける。馳せつける。
③ ゆきなやむ。行き悩む。
④ つけこむ。便乗する。機会を利用する。
⑤ 乗る。乗り込む。船や車に乗る。",Type the reading!,Text
趁む,ゆきなやむ,"① おう。追いかける。後ろからついていく。従う。
② おもむく。駆けつける。馳せつける。
③ ゆきなやむ。行き悩む。
④ つけこむ。便乗する。機会を利用する。
⑤ 乗る。乗り込む。船や車に乗る。",Type the reading!,Text
趙える,こえる,"① ゆっくり歩く。歩くことのおそいさま。
② こえる。
③ 及ぶ。
④ 国名。戦国時代の七雄の一つ。",Type the reading!,Text
趙ぶ,およぶ,"① ゆっくり歩く。歩くことのおそいさま。
② こえる。
③ 及ぶ。
④ 国名。戦国時代の七雄の一つ。",Type the reading!,Text
趺,"あぐら,あし,うてな","① 足。足の甲。
② あぐらをかく。
③ うてな。花の台。",Type the reading!,Text
趾,"あし,あと,ねもと","① 足。足のゆび。
② 足あと。足どり。
③ 建造物などの基礎、土台。",Type the reading!,Text
跂う,はう,"① むつゆび。足の指が普通より多いこと。
② はう。虫がはって歩く。
③ つまだてる。かかとをあげて立つ。
④ つまさき立ちで遠くをながめる。",Type the reading!,Text
跂てる,つまだてる,"① むつゆび。足の指が普通より多いこと。
② はう。虫がはって歩く。
③ つまだてる。かかとをあげて立つ。
④ つまさき立ちで遠くをながめる。",Type the reading!,Text
跋,おくがき,"① おくがき。文体のひとつ。あとがき。書物の終わりに書く文章。
② こえる。山野を歩く。
③ つまずく。足をとられる。よろける。倒れる。
④ ふむ。ふみつける。ふみにじる。",Type the reading!,Text
跋える,こえる,"① おくがき。文体のひとつ。あとがき。書物の終わりに書く文章。
② こえる。山野を歩く。
③ つまずく。足をとられる。よろける。倒れる。
④ ふむ。ふみつける。ふみにじる。",Type the reading!,Text
跋く,つまずく,"① おくがき。文体のひとつ。あとがき。書物の終わりに書く文章。
② こえる。山野を歩く。
③ つまずく。足をとられる。よろける。倒れる。
④ ふむ。ふみつける。ふみにじる。",Type the reading!,Text
跋む,ふむ,"① おくがき。文体のひとつ。あとがき。書物の終わりに書く文章。
② こえる。山野を歩く。
③ つまずく。足をとられる。よろける。倒れる。
④ ふむ。ふみつける。ふみにじる。",Type the reading!,Text
跌く,つまずく,"① つまずく。あやまつ。たがう。
② 足のうら。
③ こえる。すぎる。度がすぎる。
④ はしる。疾走する。",Type the reading!,Text
跌つ,あやまつ,"① つまずく。あやまつ。たがう。
② 足のうら。
③ こえる。すぎる。度がすぎる。
④ はしる。疾走する。",Type the reading!,Text
跎く,つまずく,"① つまずく。よろめく。
② 「蹉跎（さた）」は、つまずく。時期を失う。",Type the reading!,Text
跏,あぐら,あぐらをかく。,Type the reading!,Text
跖,あしのうら,"① 足のうら。
② ふむ。",Type the reading!,Text
跖む,ふむ,"① 足のうら。
② ふむ。",Type the reading!,Text
跛る,かたよる,"【A】ハあしなえ。片方の足が不自由なこと。
【B】ヒ
① かたよる。かたむく。よりかかる。
② 片足で立つ。",Type the reading!,Text
跟,"かかと,くびす","① くびす。かかと。きびす。
② したがう。人のあとについていく。",Type the reading!,Text
跟う,したがう,"① くびす。かかと。きびす。
② したがう。人のあとについていく。",Type the reading!,Text
跟ける,つける,"① くびす。かかと。きびす。
② したがう。人のあとについていく。",Type the reading!,Text
跣,"すあし,はだし",すあし。はだし。はき物を何もはかないこと。,Type the reading!,Text
跪く,ひざまずく,"① ひざまずく。両ひざを地につける。
② ひざまずいて行う礼拝。
③ 足。かにの足。",Type the reading!,Text
跫,あしおと,あしおと。人の歩く音。,Type the reading!,Text
跼む,かがむ,せぐくまる。からだを縮める。かがむ。,Type the reading!,Text
跼る,せぐくまる,せぐくまる。からだを縮める。かがむ。,Type the reading!,Text
跿,"すあし,はだし",はだし。すあし。はき物を何もはかないこと。,Type the reading!,Text
踉る,おどる,"【A】リョウ
① おどる。おどりあがる。
② とびあがる。
【B】リョウ・ロウふらつくさま。よろめくさま。歩きのおそいさま。",Type the reading!,Text
踑,あぐら,"① あと。足跡。
② 「踑踞（ききょ）」は、胡坐（あぐら）をかくこと。",Type the reading!,Text
踝,"かかと,くびす,くるぶし","① くるぶし。足首の間接部の両側に突き出た丸い部分。
② くびす。かかと。きびす。",Type the reading!,Text
踞る,"うずくまる,おごる","① しゃがむ。うずくまる。ひざを立てて座る。
② 腰掛ける。よりかかる。
③ おごる。おごりたかぶる。",Type the reading!,Text
踟う,ためらう,たちもとおる。ためらう。行きつもどりつする。ためらいとどまる。,Type the reading!,Text
踟る,たちもとおる,たちもとおる。ためらう。行きつもどりつする。ためらいとどまる。,Type the reading!,Text
踰える,こえる,"① こす。こえる。通り過ぎる。ものや境界をこす。時間や期限をこえる。
② 勝る。勝つ。
③ おどる。とびこえる。
④ いよいよ。ますます。",Type the reading!,Text
踰す,こす,"① こす。こえる。通り過ぎる。ものや境界をこす。時間や期限をこえる。
② 勝る。勝つ。
③ おどる。とびこえる。
④ いよいよ。ますます。",Type the reading!,Text
踴り,おどり,"① おどる。とびあがる。はねあがる。はねまわる。
② 葬式のときに悲しんでおどる礼。
③ あがる。のぼる。
④ 足きりの刑を受けた者の履物。
⑤ あらかじめ。
【日本】おどる。おどり。音楽に合わせて舞う。ダンス。",Type the reading!,Text
踴る,おどる,"① おどる。とびあがる。はねあがる。はねまわる。
② 葬式のときに悲しんでおどる礼。
③ あがる。のぼる。
④ 足きりの刑を受けた者の履物。
⑤ あらかじめ。
【日本】おどる。おどり。音楽に合わせて舞う。ダンス。",Type the reading!,Text
踵,"かかと,きびす,くびす","① かかと。きびす。くびす。
② 継ぐ。あとを継ぐ。受け継ぐ。
③ 追う。あとを追う。あとをつける。
④ 至る。
⑤ 踏む。
⑥ 尋ねる。
⑦ ついで。しきりに。かさねて。",Type the reading!,Text
踵ぐ,つぐ,"① かかと。きびす。くびす。
② 継ぐ。あとを継ぐ。受け継ぐ。
③ 追う。あとを追う。あとをつける。
④ 至る。
⑤ 踏む。
⑥ 尋ねる。
⑦ ついで。しきりに。かさねて。",Type the reading!,Text
踵む,ふむ,"① かかと。きびす。くびす。
② 継ぐ。あとを継ぐ。受け継ぐ。
③ 追う。あとを追う。あとをつける。
④ 至る。
⑤ 踏む。
⑥ 尋ねる。
⑦ ついで。しきりに。かさねて。",Type the reading!,Text
踵る,いたる,"① かかと。きびす。くびす。
② 継ぐ。あとを継ぐ。受け継ぐ。
③ 追う。あとを追う。あとをつける。
④ 至る。
⑤ 踏む。
⑥ 尋ねる。
⑦ ついで。しきりに。かさねて。",Type the reading!,Text
蹂む,ふむ,"① ふむ。ふみにじる。例：蹂躙
② 軽く稲をふみ、もみがらをとる。",Type the reading!,Text
蹂る,ふみにじる,"① ふむ。ふみにじる。例：蹂躙
② 軽く稲をふみ、もみがらをとる。",Type the reading!,Text
蹇,あしなえ,"① なやむ。なやみ苦しむ。例：屯蹇 
② あしなえ。足が悪く、自由に動かないこと。なえぐ。例：蹇歩
③ おごる。たかぶる。おごり高ぶるさま。 
④ かたい。強い。例：蹇諤
⑤ まがる。くねくねと曲がるさま。
⑥ かたくな。素直でない。
⑦ とどこおる。とどまる。ゆきなやむ。
⑧ 易（エキ）の六十四卦の一つ。",Type the reading!,Text
蹇ぐ,なえぐ,"① なやむ。なやみ苦しむ。例：屯蹇 
② あしなえ。足が悪く、自由に動かないこと。なえぐ。例：蹇歩
③ おごる。たかぶる。おごり高ぶるさま。 
④ かたい。強い。例：蹇諤
⑤ まがる。くねくねと曲がるさま。
⑥ かたくな。素直でない。
⑦ とどこおる。とどまる。ゆきなやむ。
⑧ 易（エキ）の六十四卦の一つ。",Type the reading!,Text
蹇まる,とまる,"① なやむ。なやみ苦しむ。例：屯蹇 
② あしなえ。足が悪く、自由に動かないこと。なえぐ。例：蹇歩
③ おごる。たかぶる。おごり高ぶるさま。 
④ かたい。強い。例：蹇諤
⑤ まがる。くねくねと曲がるさま。
⑥ かたくな。素直でない。
⑦ とどこおる。とどまる。ゆきなやむ。
⑧ 易（エキ）の六十四卦の一つ。",Type the reading!,Text
蹇む,なやむ,"① なやむ。なやみ苦しむ。例：屯蹇 
② あしなえ。足が悪く、自由に動かないこと。なえぐ。例：蹇歩
③ おごる。たかぶる。おごり高ぶるさま。 
④ かたい。強い。例：蹇諤
⑤ まがる。くねくねと曲がるさま。
⑥ かたくな。素直でない。
⑦ とどこおる。とどまる。ゆきなやむ。
⑧ 易（エキ）の六十四卦の一つ。",Type the reading!,Text
蹇る,おごる,"① なやむ。なやみ苦しむ。例：屯蹇 
② あしなえ。足が悪く、自由に動かないこと。なえぐ。例：蹇歩
③ おごる。たかぶる。おごり高ぶるさま。 
④ かたい。強い。例：蹇諤
⑤ まがる。くねくねと曲がるさま。
⑥ かたくな。素直でない。
⑦ とどこおる。とどまる。ゆきなやむ。
⑧ 易（エキ）の六十四卦の一つ。",Type the reading!,Text
蹈む,ふむ,"① ふむ。足でふみつける。ふみならす。
② ふみすすむ。ふみあるく。
③ 行く。歩く。
④ ふみ行う。実行する。
⑤ いたむ。",Type the reading!,Text
蹉く,つまずく,"① つまずく。たおれる。
② つまずき。失敗。
③ すぎる。やりすごす。通りすぎる。
④ あやまる。たがう。間違う。",Type the reading!,Text
蹊,"こみち,みち","① 細道。こみち。みち。近道。
② わたる。横切る。横切ってわたる。",Type the reading!,Text
蹌く,"うごく,よろめく","① 動く。走る。
② よろめく。
③ 舞う。舞いおどるさま。",Type the reading!,Text
蹌る,はしる,"① 動く。走る。
② よろめく。
③ 舞う。舞いおどるさま。",Type the reading!,Text
蹐,"さしあし,ぬきあし",ぬきあし。さしあし。音をたてないように歩く。,Type the reading!,Text
蹕,さきばらい,"① さきばらい。天子が行幸する際に、先頭に立ち通行人をよけさせること。
② 片足で立つ。もたれる。よりかかる。",Type the reading!,Text
蹙まる,きわまる,"① きわまる。苦しむ。窮屈になる。
② ける。ふむ。
③ しかめる。ひそめる。すぼめる。しわを寄せる。
④ せまる。さしせまる。近づく。切迫する。圧迫する。
⑤ つつしむ。身を引き締める。",Type the reading!,Text
蹙む,つつしむ,"① きわまる。苦しむ。窮屈になる。
② ける。ふむ。
③ しかめる。ひそめる。すぼめる。しわを寄せる。
④ せまる。さしせまる。近づく。切迫する。圧迫する。
⑤ つつしむ。身を引き締める。",Type the reading!,Text
蹙める,しかめる,"① きわまる。苦しむ。窮屈になる。
② ける。ふむ。
③ しかめる。ひそめる。すぼめる。しわを寄せる。
④ せまる。さしせまる。近づく。切迫する。圧迫する。
⑤ つつしむ。身を引き締める。",Type the reading!,Text
蹙る,"ける,せまる","① きわまる。苦しむ。窮屈になる。
② ける。ふむ。
③ しかめる。ひそめる。すぼめる。しわを寄せる。
④ せまる。さしせまる。近づく。切迫する。圧迫する。
⑤ つつしむ。身を引き締める。",Type the reading!,Text
蹠,"あしうら,あしのうら,あなうら","① あしうら。あなうら。足のうら。
② 春秋時代の盗賊の名。例：盗蹠（とうせき）",Type the reading!,Text
蹠む,ふむ,"① あしうら。あなうら。足のうら。
② 春秋時代の盗賊の名。例：盗蹠（とうせき）",Type the reading!,Text
蹣く,よろめく,ふらふらとよろめく、行きなやむさまの意の「蹣跚」（まんさん）に用いられる字。,Type the reading!,Text
蹤,"あしあと,あと","① あしあと。あとかた。あしあと。ゆくえ。＝踪
② 前にならう。したがう。あとをつける。＝踪",Type the reading!,Text
蹤う,したがう,"① あしあと。あとかた。あしあと。ゆくえ。＝踪
② 前にならう。したがう。あとをつける。＝踪",Type the reading!,Text
蹲い,つくばい,"【A】ソン
① うずくまる。つくばう。しゃがむ。
② あつめる。あつまる。
【B】シュンためらう。しりごみする。例：蹲循（しゅんじゅん）
【日本】つくばい。低く据えられた手水鉢（ちょうずばち）",Type the reading!,Text
蹲う,つくばう,"【A】ソン
① うずくまる。つくばう。しゃがむ。
② あつめる。あつまる。
【B】シュンためらう。しりごみする。例：蹲循（しゅんじゅん）
【日本】つくばい。低く据えられた手水鉢（ちょうずばち）",Type the reading!,Text
蹲る,うずくまる,"【A】ソン
① うずくまる。つくばう。しゃがむ。
② あつめる。あつまる。
【B】シュンためらう。しりごみする。例：蹲循（しゅんじゅん）
【日本】つくばい。低く据えられた手水鉢（ちょうずばち）",Type the reading!,Text
蹶く,つまずく,"【A】ケツ
① たおれる。つまずく。よろける。つまずいて倒れる。
② たおす。くじく。くつがえす。
③ たつ。弾みを付けて勢いよく起き上がる。
④ すみやか。突然。
⑤ ふむ。蹴る。踏みつける。
【B】ケイ
① 動く。動かす。
② あわてて走る。疾走する。",Type the reading!,Text
蹶つ,たつ,"【A】ケツ
① たおれる。つまずく。よろける。つまずいて倒れる。
② たおす。くじく。くつがえす。
③ たつ。弾みを付けて勢いよく起き上がる。
④ すみやか。突然。
⑤ ふむ。蹴る。踏みつける。
【B】ケイ
① 動く。動かす。
② あわてて走る。疾走する。",Type the reading!,Text
蹶やか,すみやか,"【A】ケツ
① たおれる。つまずく。よろける。つまずいて倒れる。
② たおす。くじく。くつがえす。
③ たつ。弾みを付けて勢いよく起き上がる。
④ すみやか。突然。
⑤ ふむ。蹴る。踏みつける。
【B】ケイ
① 動く。動かす。
② あわてて走る。疾走する。",Type the reading!,Text
蹶れる,たおれる,"【A】ケツ
① たおれる。つまずく。よろける。つまずいて倒れる。
② たおす。くじく。くつがえす。
③ たつ。弾みを付けて勢いよく起き上がる。
④ すみやか。突然。
⑤ ふむ。蹴る。踏みつける。
【B】ケイ
① 動く。動かす。
② あわてて走る。疾走する。",Type the reading!,Text
蹻,かんじき,"【A】キョウ上げる。足を高く上げる。
【B】キョウおごる。偉ぶる。おごり高ぶる。
【C】キャクわらじ。草履。わらぐつ。
【D】キョクかんじき。",Type the reading!,Text
蹻げる,あげる,"【A】キョウ上げる。足を高く上げる。
【B】キョウおごる。偉ぶる。おごり高ぶる。
【C】キャクわらじ。草履。わらぐつ。
【D】キョクかんじき。",Type the reading!,Text
蹻る,おごる,"【A】キョウ上げる。足を高く上げる。
【B】キョウおごる。偉ぶる。おごり高ぶる。
【C】キャクわらじ。草履。わらぐつ。
【D】キョクかんじき。",Type the reading!,Text
蹼,みずかき,みずかき。水鳥などのあしの指にある薄い膜。,Type the reading!,Text
躁がしい,さわがしい,"① さわぐ。さわがしい。
② 速い。速く走る。
③ うごく。うごきまわる。
④ あらあらしい。",Type the reading!,Text
躁く,うごく,"① さわぐ。さわがしい。
② 速い。速く走る。
③ うごく。うごきまわる。
④ あらあらしい。",Type the reading!,Text
躁ぐ,さわぐ,"① さわぐ。さわがしい。
② 速い。速く走る。
③ うごく。うごきまわる。
④ あらあらしい。",Type the reading!,Text
躁しい,あわただしい,"① さわぐ。さわがしい。
② 速い。速く走る。
③ うごく。うごきまわる。
④ あらあらしい。",Type the reading!,Text
躃る,いざる,いざる。いざり。あしなえ。足が不自由。,Type the reading!,Text
躄る,いざる,いざる。いざり。あしなえ。足が不自由。,Type the reading!,Text
躅む,ふむ,"① ふむ。足ぶみする。立ち止まる。たたずむ。
② あしあと。事跡。",Type the reading!,Text
躇う,ためらう,"【A】チョ
① ふむ。あるく。
② ためらう。たちもとおる。ぐずぐずする。
【B】チャクこえる。わたる。とびこえる。",Type the reading!,Text
躇む,ふむ,"【A】チョ
① ふむ。あるく。
② ためらう。たちもとおる。ぐずぐずする。
【B】チャクこえる。わたる。とびこえる。",Type the reading!,Text
躇る,"たちもとおる,わたる","【A】チョ
① ふむ。あるく。
② ためらう。たちもとおる。ぐずぐずする。
【B】チャクこえる。わたる。とびこえる。",Type the reading!,Text
躊う,ためらう,たちもとおる。ためらう。例：躊躇（ちゅうちょ）,Type the reading!,Text
躊る,たちもとおる,たちもとおる。ためらう。例：躊躇（ちゅうちょ）,Type the reading!,Text
躋らせる,のぼらせる,高いところにのぼる。また、のぼらせる。,Type the reading!,Text
躋る,のぼる,高いところにのぼる。また、のぼらせる。,Type the reading!,Text
躑る,たちもとおる,たたずむ。たちどまる。たちもとおる。,Type the reading!,Text
躓く,つまずく,つまずく。よろける。倒れる。失敗する。,Type the reading!,Text
躔む,ふむ,"① めぐる。日・月・星が軌道をめぐる。めぐっていく。
② ふむ。実践する。",Type the reading!,Text
躔る,めぐる,"① めぐる。日・月・星が軌道をめぐる。めぐっていく。
② ふむ。実践する。",Type the reading!,Text
躔わる,まつわる,"① めぐる。日・月・星が軌道をめぐる。めぐっていく。
② ふむ。実践する。",Type the reading!,Text
躙る,"にじる,ふみにじる","① にじる。踏みにじる。踏んですり潰す。
② 車輪で踏み潰す。また、車のあと。",Type the reading!,Text
躡う,おう,"① ふむ。足をふみつける。
② はく。はきものをはく。くつをはく。
③ あとをつける。追う。追いかける。",Type the reading!,Text
躡く,はく,"① ふむ。足をふみつける。
② はく。はきものをはく。くつをはく。
③ あとをつける。追う。追いかける。",Type the reading!,Text
躡む,ふむ,"① ふむ。足をふみつける。
② はく。はきものをはく。くつをはく。
③ あとをつける。追う。追いかける。",Type the reading!,Text
躡る,のぼる,"① ふむ。足をふみつける。
② はく。はきものをはく。くつをはく。
③ あとをつける。追う。追いかける。",Type the reading!,Text
躪る,"にじる,ふみにじる","① にじる。踏みにじる。踏んですり潰す。
② 車輪で踏み潰す。また、車のあと。",Type the reading!,Text
躬,み,"① み。からだ。自分。我が身。
② みずから。自分自身で。
③ 身を屈める。腰を曲げる。",Type the reading!,Text
躬ら,みずから,"① み。からだ。自分。我が身。
② みずから。自分自身で。
③ 身を屈める。腰を曲げる。",Type the reading!,Text
躮,せがれ,せがれ。自分の息子の謙称。,Type the reading!,Text
躱ける,さける,"① かわす。さける。にげる。
② み。からだ。",Type the reading!,Text
躱す,かわす,"① かわす。さける。にげる。
② み。からだ。",Type the reading!,Text
躾,しつけ,しつけ。しつける。,Type the reading!,Text
軈て,やがて,まもなく。ほどなく。やがて。,Type the reading!,Text
軋かい,こまかい,"① きしむ。きしる。物が摩擦して音をたてる。
② 骨をおしくだく刑罰。",Type the reading!,Text
軋しい,くわしい,"① きしむ。きしる。物が摩擦して音をたてる。
② 骨をおしくだく刑罰。",Type the reading!,Text
軋む,きしむ,"① きしむ。きしる。物が摩擦して音をたてる。
② 骨をおしくだく刑罰。",Type the reading!,Text
軋る,きしる,"① きしむ。きしる。物が摩擦して音をたてる。
② 骨をおしくだく刑罰。",Type the reading!,Text
軛,くびき,くびき。牛馬の首にかける横木。,Type the reading!,Text
軫む,いたむ,"① よこぎ。車の後部の横木。
② 車。
③ めぐる。まわる。うごく。
④ 琴などの弦をまくためのねじ。
⑤ いたむ。かなしむ。うれえる。
⑥ 二十八宿の一つ。みつかけぼし。",Type the reading!,Text
軼ぎる,すぎる,"① すぎる。追い越こす。突き出る。
② ぬきんでる。すぐれる。まさる。
③ 散る。なくなる。
④ あふれる。あふれだす。
⑤ 人に知られない。世間からかくれた。
⑥ わだち。
⑦ 互いに。かわるがわる。",Type the reading!,Text
軼せる,うせる,"① すぎる。追い越こす。突き出る。
② ぬきんでる。すぐれる。まさる。
③ 散る。なくなる。
④ あふれる。あふれだす。
⑤ 人に知られない。世間からかくれた。
⑥ わだち。
⑦ 互いに。かわるがわる。",Type the reading!,Text
軾,しきみ,しきみ。車の前部についている横木。また、それにつかまり敬礼をすること。,Type the reading!,Text
輀,ひつぎぐるま,ひつぎぐるま。ひつぎを運ぶくるま。霊柩車。,Type the reading!,Text
輅,"くるま,みくるま","① 車を引くために轅（ながえ）にとりつけられた横木。
② 車。大きな車。天子の乗る車。
③ むかえる。",Type the reading!,Text
輊い,おもい,"① 車の前部が重く下がっているようす。
② 重くする。重い。",Type the reading!,Text
輌,くるま,"① りょう。車を数えることば。
② 車。",Type the reading!,Text
輒ち,すなわち,"① わきぎ。
② 動かないさま。
③ もっぱら。
④ すなわち。",Type the reading!,Text
輓い,おそい,"① ひく。車や舟をひっぱる。
② 人の地位を引き上げる。
③ 人の死をいたむ。
④ おそい。近い。",Type the reading!,Text
輓く,ひく,"① ひく。車や舟をひっぱる。
② 人の地位を引き上げる。
③ 人の死をいたむ。
④ おそい。近い。",Type the reading!,Text
輙ち,すなわち,"① わきぎ。
② 動かないさま。
③ もっぱら。
④ すなわち。",Type the reading!,Text
輛,くるま,"① りょう。車を数えることば。
② 車。",Type the reading!,Text
輜,"にぐるま,ほろぐるま","① にぐるま。荷物や兵糧を運ぶ車。また、その荷物。軍用物資。
② ほろぐるま。ほろで覆って中を見えないようにした車。",Type the reading!,Text
輟める,"とどめる,やめる","① やめる。とどめる。中止する。中断する。
② つづる。つくろう。",Type the reading!,Text
輟る,つづる,"① やめる。とどめる。中止する。中断する。
② つづる。つくろう。",Type the reading!,Text
輦,"こし,てぐるま","① てぐるま。人が引くくるま。
② 天子の乗るくるま。
③ 引く。てぐるまを引く。
④ はこぶ。
⑤ になう。かつぐ。",Type the reading!,Text
輳まる,あつまる,あつまる。車の輻（や）が轂（こしき）に集まる。,Type the reading!,Text
輹,とこしばり,とこしばり。車軸と車体の底板を固定するもの。,Type the reading!,Text
輻,や,や。車のや。車輪の中心から外に向かって放射状に組まれた棒。,Type the reading!,Text
輾,ひきうす,"① めぐる。ころがす。半回転する。寝返りをうつ。
② ひきうす。うす。",Type the reading!,Text
輾がる,ころがる,"① めぐる。ころがす。半回転する。寝返りをうつ。
② ひきうす。うす。",Type the reading!,Text
輾る,めぐる,"① めぐる。ころがす。半回転する。寝返りをうつ。
② ひきうす。うす。",Type the reading!,Text
轂,"くるま,こしき","① こしき。車輪の中央にあり、輻（や）の集めるところ。
② 車。車両。
③ あつめる。しめくくる。",Type the reading!,Text
轅,ながえ,ながえ。車の両側から前方に突き出た二本の棒。そこに横木をつけ牛馬に引かせる。,Type the reading!,Text
轌,そり,そり。雪や氷の上を滑りながら進む乗り物。,Type the reading!,Text
轎,"かご,くるま,やまかご",かご。やまかご。山を越えるのに用いたかご。,Type the reading!,Text
轜,ひつぎぐるま,ひつぎぐるま。ひつぎを運ぶくるま。霊柩車。,Type the reading!,Text
轢く,ひく,"① ひく。車でひく。
② ふみにじる。
③ きしる。すれあって音をたてる。",Type the reading!,Text
轢る,"きしる,ふみにじる","① ひく。車でひく。
② ふみにじる。
③ きしる。すれあって音をたてる。",Type the reading!,Text
辜,"つみ,とが,はりつけ","① つみ。とが。あやまち。
② はりつけ。はりつけにする。
③ そむく。
④ さまたげる。
⑤ ひとりじめにする。
⑥ 必ず。",Type the reading!,Text
辜く,そむく,"① つみ。とが。あやまち。
② はりつけ。はりつけにする。
③ そむく。
④ さまたげる。
⑤ ひとりじめにする。
⑥ 必ず。",Type the reading!,Text
辟,"きみ,よこしま","① おきて。つみ。重い刑罰。
② 治める。
③ 主人。きみ。君主。
④ のり。おきて。
⑤ 召す。呼び出す。招く。
⑥ 開く。
⑦ 除く。しりぞける。
⑧ よこしま。
⑨ さける。
⑩ むねうつ。叩く。",Type the reading!,Text
辟く,ひらく,"① おきて。つみ。重い刑罰。
② 治める。
③ 主人。きみ。君主。
④ のり。おきて。
⑤ 召す。呼び出す。招く。
⑥ 開く。
⑦ 除く。しりぞける。
⑧ よこしま。
⑨ さける。
⑩ むねうつ。叩く。",Type the reading!,Text
辟ける,さける,"① おきて。つみ。重い刑罰。
② 治める。
③ 主人。きみ。君主。
④ のり。おきて。
⑤ 召す。呼び出す。招く。
⑥ 開く。
⑦ 除く。しりぞける。
⑧ よこしま。
⑨ さける。
⑩ むねうつ。叩く。",Type the reading!,Text
辟す,めす,"① おきて。つみ。重い刑罰。
② 治める。
③ 主人。きみ。君主。
④ のり。おきて。
⑤ 召す。呼び出す。招く。
⑥ 開く。
⑦ 除く。しりぞける。
⑧ よこしま。
⑨ さける。
⑩ むねうつ。叩く。",Type the reading!,Text
辟る,かたよる,"① おきて。つみ。重い刑罰。
② 治める。
③ 主人。きみ。君主。
④ のり。おきて。
⑤ 召す。呼び出す。招く。
⑥ 開く。
⑦ 除く。しりぞける。
⑧ よこしま。
⑨ さける。
⑩ むねうつ。叩く。",Type the reading!,Text
辮む,"あむ,くむ",あむ。糸をあむ。髪をあむ。くむ。組み合わせる。,Type the reading!,Text
辷る,すべる,"① すべる。なめらかに動く。
② ふみはずす。失敗する。
③ 位をゆずる。失脚する。",Type the reading!,Text
迚,とて,"① とても。非常に。たいそう。とうてい。
② とて。といっても。さりながら。",Type the reading!,Text
迚も,とても,"① とても。非常に。たいそう。とうてい。
② とて。といっても。さりながら。",Type the reading!,Text
迢い,とおい,はるか。遠い。,Type the reading!,Text
迢か,はるか,はるか。遠い。,Type the reading!,Text
迥い,とおい,とおい。はるか。遠く離れているさま。,Type the reading!,Text
迥か,はるか,とおい。はるか。遠く離れているさま。,Type the reading!,Text
迪,みち,"① みち。道理。道徳。
② みち。道路。
③ みちびく。教えみちびく。
④ ふむ。ふみおこなう。実行する。
⑤ すすむ。道を進む。官職につく。",Type the reading!,Text
迪く,みちびく,"① みち。道理。道徳。
② みち。道路。
③ みちびく。教えみちびく。
④ ふむ。ふみおこなう。実行する。
⑤ すすむ。道を進む。官職につく。",Type the reading!,Text
迪む,"すすむ,ふむ","① みち。道理。道徳。
② みち。道路。
③ みちびく。教えみちびく。
④ ふむ。ふみおこなう。実行する。
⑤ すすむ。道を進む。官職につく。",Type the reading!,Text
迴らす,めぐらす,"① まわる。めぐる。ぐるぐる何度もまわる。
② めぐらす。向きをかえる。反対に向ける。後ろに向ける。曲がる。",Type the reading!,Text
迴る,"まわる,めぐる","① まわる。めぐる。ぐるぐる何度もまわる。
② めぐらす。向きをかえる。反対に向ける。後ろに向ける。曲がる。",Type the reading!,Text
迸る,"たばしる,はしる,ほとばしる","① はしる。逃げる。
② ほとばしる。勢いよく飛び散る。
③ しりぞける。追い払う。",Type the reading!,Text
迹,"あと,あとかた","① あと。あしあと。あとかた。＝蹟
② あとをつける。あとをたどる。＝蹟",Type the reading!,Text
逅う,あう,「邂逅（かいこう）」は思いがけずばったり出会うこと。,Type the reading!,Text
逋,おいめ,"① のがれる。にげる。かくれる。
② とどこおる。とどめる。（税金などを）滞納する。
③ 捕らえる。
④ 負い目。かけめ。",Type the reading!,Text
逋げる,にげる,"① のがれる。にげる。かくれる。
② とどこおる。とどめる。（税金などを）滞納する。
③ 捕らえる。
④ 負い目。かけめ。",Type the reading!,Text
逋れる,のがれる,"① のがれる。にげる。かくれる。
② とどこおる。とどめる。（税金などを）滞納する。
③ 捕らえる。
④ 負い目。かけめ。",Type the reading!,Text
逍う,さまよう,「逍遥（しょうよう）」はさまようこと。,Type the reading!,Text
逎い,"ちからづよい,つよい","① せまる。さしせまる。近づく。
② 力強い。強い。すぐれる。
③ あつまる。
④ 終わる。終える。尽きる。",Type the reading!,Text
逎る,せまる,"① せまる。さしせまる。近づく。
② 力強い。強い。すぐれる。
③ あつまる。
④ 終わる。終える。尽きる。",Type the reading!,Text
逑,つれあい,"① あつまる。あつめる。
② 合う。
③ つれあい。夫婦の一方。配偶者。",Type the reading!,Text
逑う,あう,"① あつまる。あつめる。
② 合う。
③ つれあい。夫婦の一方。配偶者。",Type the reading!,Text
逑める,あつめる,"① あつまる。あつめる。
② 合う。
③ つれあい。夫婦の一方。配偶者。",Type the reading!,Text
逕,"こみち,みち","① こみち。みち。細い道。また、まっすぐに通じた近道。＝径
② ただちに。すぐに。まっすぐに。",Type the reading!,Text
逕ちに,ただちに,"① こみち。みち。細い道。また、まっすぐに通じた近道。＝径
② ただちに。すぐに。まっすぐに。",Type the reading!,Text
逖い,とおい,"① とおい。はるか。はるか遠く。
② 遠ざける。",Type the reading!,Text
逖か,はるか,"① とおい。はるか。はるか遠く。
② 遠ざける。",Type the reading!,Text
逞い,こころよい,"① たくましい。勇ましい。こころよい。
② たくましくする。こころよくする。思いのままにする。
③ とおる。速くとおる。とどく。
④ とく。ときはなつ。ゆるめる。放す。",Type the reading!,Text
逞しい,たくましい,"① たくましい。勇ましい。こころよい。
② たくましくする。こころよくする。思いのままにする。
③ とおる。速くとおる。とどく。
④ とく。ときはなつ。ゆるめる。放す。",Type the reading!,Text
逞しくする,たくましくする,"① たくましい。勇ましい。こころよい。
② たくましくする。こころよくする。思いのままにする。
③ とおる。速くとおる。とどく。
④ とく。ときはなつ。ゆるめる。放す。",Type the reading!,Text
逡う,ためらう,"① しりぞく。しりごみする。あとずさりする。
② はやい。すばやい。",Type the reading!,Text
逡く,しりぞく,"① しりぞく。しりごみする。あとずさりする。
② はやい。すばやい。",Type the reading!,Text
逡る,しさる,"① しりぞく。しりごみする。あとずさりする。
② はやい。すばやい。",Type the reading!,Text
逧,さこ,さこ。せこ。人名や地名に用いる。,Type the reading!,Text
逬る,"たばしる,はしる,ほとばしる","① はしる。逃げる。
② ほとばしる。勢いよく飛び散る。
③ しりぞける。追い払う。",Type the reading!,Text
逵,"おおじ,おおどおり",大きな道。大通り。おおじ。,Type the reading!,Text
逾,いよいよ,"① こえる。こす。のりこえる。
② いよいよ。ますます。
③ 遠い。",Type the reading!,Text
逾える,こえる,"① こえる。こす。のりこえる。
② いよいよ。ますます。
③ 遠い。",Type the reading!,Text
逾す,こす,"① こえる。こす。のりこえる。
② いよいよ。ますます。
③ 遠い。",Type the reading!,Text
遉,さすが,"さぐる。うかがう。
【日本】さすが。さすがに。",Type the reading!,Text
遉う,うかがう,"さぐる。うかがう。
【日本】さすが。さすがに。",Type the reading!,Text
遉に,さすがに,"さぐる。うかがう。
【日本】さすが。さすがに。",Type the reading!,Text
遉る,さぐる,"さぐる。うかがう。
【日本】さすが。さすがに。",Type the reading!,Text
遏つ,たつ,"① さえぎる。とどめる。とめる。ふさぐ。
② たつ。たちきる。",Type the reading!,Text
遏める,"とどめる,とめる","① さえぎる。とどめる。とめる。ふさぐ。
② たつ。たちきる。",Type the reading!,Text
遏る,さえぎる,"① さえぎる。とどめる。とめる。ふさぐ。
② たつ。たちきる。",Type the reading!,Text
遐い,とおい,"① とおい。はるか。
② ながい。
③ 反語。なんぞ。いずくんぞ。",Type the reading!,Text
遐か,はるか,"① とおい。はるか。
② ながい。
③ 反語。なんぞ。いずくんぞ。",Type the reading!,Text
遑,"いとま,ひま","① いとま。ひま。
② あわただしい。いそがしい。
③ あわてる。いそぐ。",Type the reading!,Text
遑しい,あわただしい,"① いとま。ひま。
② あわただしい。いそがしい。
③ あわてる。いそぐ。",Type the reading!,Text
遑てる,あわてる,"① いとま。ひま。
② あわただしい。いそがしい。
③ あわてる。いそぐ。",Type the reading!,Text
遒い,"ちからづよい,つよい","① せまる。さしせまる。近づく。
② 力強い。強い。すぐれる。
③ あつまる。
④ 終わる。終える。尽きる。",Type the reading!,Text
遒る,せまる,"① せまる。さしせまる。近づく。
② 力強い。強い。すぐれる。
③ あつまる。
④ 終わる。終える。尽きる。",Type the reading!,Text
遖,あっぱれ,あっぱれ。相手をほめるときの言葉。天晴れ。,Type the reading!,Text
遘う,"あう,であう","① あう。まみえる。思いがけずであう。
② かまえる。",Type the reading!,Text
遨ぶ,あそぶ,あそぶ。気ままにあそぶ。あそびまわる。,Type the reading!,Text
遯げる,にげる,"① のがれる。にげる。
② 易（エキ）の六十四卦の一つ。",Type the reading!,Text
遯れる,"かくれる,のがれる","① のがれる。にげる。
② 易（エキ）の六十四卦の一つ。",Type the reading!,Text
遶らす,めぐらす,めぐる。めぐらす。囲む。,Type the reading!,Text
遶る,めぐる,めぐる。めぐらす。囲む。,Type the reading!,Text
遽か,にわか,"① 急に。にわかに。あわただしく。
② あわてる。うろたえる。
③ おそれる。
④ はや馬。駅伝の馬車。
⑤ 競う。
⑥ 「何遽」は反語をあらわす。",Type the reading!,Text
遽しい,あわただしい,"① 急に。にわかに。あわただしく。
② あわてる。うろたえる。
③ おそれる。
④ はや馬。駅伝の馬車。
⑤ 競う。
⑥ 「何遽」は反語をあらわす。",Type the reading!,Text
遽てる,あわてる,"① 急に。にわかに。あわただしく。
② あわてる。うろたえる。
③ おそれる。
④ はや馬。駅伝の馬車。
⑤ 競う。
⑥ 「何遽」は反語をあらわす。",Type the reading!,Text
遽やか,すみやか,"① 急に。にわかに。あわただしく。
② あわてる。うろたえる。
③ おそれる。
④ はや馬。駅伝の馬車。
⑤ 競う。
⑥ 「何遽」は反語をあらわす。",Type the reading!,Text
遽る,せまる,"① 急に。にわかに。あわただしく。
② あわてる。うろたえる。
③ おそれる。
④ はや馬。駅伝の馬車。
⑤ 競う。
⑥ 「何遽」は反語をあらわす。",Type the reading!,Text
遽れる,おそれる,"① 急に。にわかに。あわただしく。
② あわてる。うろたえる。
③ おそれる。
④ はや馬。駅伝の馬車。
⑤ 競う。
⑥ 「何遽」は反語をあらわす。",Type the reading!,Text
邀える,むかえる,"① むかえる。待ちうける。
② むかえる。待ち伏せてむかえうつ。
③ もとめる。ほしがる。",Type the reading!,Text
邀める,もとめる,"① むかえる。待ちうける。
② むかえる。待ち伏せてむかえうつ。
③ もとめる。ほしがる。",Type the reading!,Text
邁ぎる,すぎる,"① ゆく。どんどん進む。遠くにいく。
② すぐれる。まさる。すぎる。
③ 歳をとる。
④ つとめる。はげむ。",Type the reading!,Text
邁く,ゆく,"① ゆく。どんどん進む。遠くにいく。
② すぐれる。まさる。すぎる。
③ 歳をとる。
④ つとめる。はげむ。",Type the reading!,Text
邁める,つとめる,"① ゆく。どんどん進む。遠くにいく。
② すぐれる。まさる。すぎる。
③ 歳をとる。
④ つとめる。はげむ。",Type the reading!,Text
邂う,あう,あう。思いがけずあう。,Type the reading!,Text
邃い,"おくぶかい,とおい,ふかい","① 奥深い。深くとおい。
② 学問や道理に詳しい。",Type the reading!,Text
邇い,ちかい,"① 近い。近いところ。
② 近づく。",Type the reading!,Text
邏り,みまわり,"① めぐる。みまわる。
② みまわり。",Type the reading!,Text
邏る,"みまわる,めぐる","① めぐる。みまわる。
② みまわり。",Type the reading!,Text
邨,むら,"① むら。むらざと。さと。
② いなか。いなかめく。いなかじみた。ひなびた。
【日本】むら。地方行政区画の一つ。",Type the reading!,Text
邱,おか,おか。丘陵。,Type the reading!,Text
郛,くるわ,くるわ。城壁の外側に設けた囲い。土塁や石垣などで作られる。,Type the reading!,Text
郤,"すき,すきま,ひま","① すき。すきま。ひま。あいだ。仲たがい。＝隙
② 春秋時代、晋の地名。現在の山西省にあった。",Type the reading!,Text
鄙,ひな,"① ひな。田舎。里。郊外。
② いやしい。下品である。
③ いやしめる。見下げる。
④ 周代の行政区画。",Type the reading!,Text
鄙しい,いやしい,"① ひな。田舎。里。郊外。
② いやしい。下品である。
③ いやしめる。見下げる。
④ 周代の行政区画。",Type the reading!,Text
鄙しむ,いやしむ,"① ひな。田舎。里。郊外。
② いやしい。下品である。
③ いやしめる。見下げる。
④ 周代の行政区画。",Type the reading!,Text
鄙びる,ひなびる,"① ひな。田舎。里。郊外。
② いやしい。下品である。
③ いやしめる。見下げる。
④ 周代の行政区画。",Type the reading!,Text
酊う,よう,「酩酊（めいてい）」はひどく酔っている状態。,Type the reading!,Text
酖る,ふける,"【A】タンふける。酒におぼれる。
【B】チン
① 毒鳥の名。鴆（チン）
② 鴆の羽をひたして作られた毒酒。",Type the reading!,Text
酣,たけなわ,"① たのしむ。酒を飲んでたのしむ。
② たけなわ。ものごとのまっさかり。宴会が盛り上がっている最中。",Type the reading!,Text
酣しむ,たのしむ,"① たのしむ。酒を飲んでたのしむ。
② たけなわ。ものごとのまっさかり。宴会が盛り上がっている最中。",Type the reading!,Text
酩う,よう,酒に酔う。ひどく酔う。,Type the reading!,Text
酲い,わるよい,"① わるよいする。二日酔いする。
② あきる。",Type the reading!,Text
酲う,よう,"① わるよいする。二日酔いする。
② あきる。",Type the reading!,Text
酲きる,あきる,"① わるよいする。二日酔いする。
② あきる。",Type the reading!,Text
酳ぐ,すすぐ,"① 酒で口をすすぐ。
② 尸（かたしろ）に酒を供える。",Type the reading!,Text
酳める,すすめる,"① 酒で口をすすぐ。
② 尸（かたしろ）に酒を供える。",Type the reading!,Text
酳り,あまり,"① 酒で口をすすぐ。
② 尸（かたしろ）に酒を供える。",Type the reading!,Text
酳る,すする,"① 酒で口をすすぐ。
② 尸（かたしろ）に酒を供える。",Type the reading!,Text
醂す,"あわす,さわす","① さわす。柿の渋を抜く。
② 桃の塩漬け。
【日本】「味醂（みりん）」は甘い酒で、調味料の一種。",Type the reading!,Text
醋,す,強い酸性の液体。す。＝酢,Type the reading!,Text
醢,"しおから,ししびしお,ひしお","① しおから。ししびしお。
② 殺したあと塩づけにする処刑。",Type the reading!,Text
醪,"どぶろく,にごりざけ,もろみ",にごりざけ。もろみ。どぶろく。かすをこしていないどろどろしたお酒。,Type the reading!,Text
醯,す,"① す。調味料の一種。すっぱい味。かゆと酒を混ぜてつくる。
② ひしお。塩辛。ししびしお。",Type the reading!,Text
醴,あまざけ,"① さけ。あまざけ。
② うまい水。あまい水。",Type the reading!,Text
醴い,あまい,"① さけ。あまざけ。
② うまい水。あまい水。",Type the reading!,Text
醺う,よう,"① 酔う。酒に酔う。
② 酒臭い。酒のにおいがする。
③ そまる。そめる。",Type the reading!,Text
釁,"きず,すきま","① きざし。前兆。
② きず。ひび。欠点。
③ きま。ひま。割れ目。継ぎ目。
④ ちぬる。いけにえの血をぬって神を祭る。
⑤ ぬる。体にものを塗りつける。
⑥ あやまち。過失。とが。",Type the reading!,Text
釁し,きざし,"① きざし。前兆。
② きず。ひび。欠点。
③ きま。ひま。割れ目。継ぎ目。
④ ちぬる。いけにえの血をぬって神を祭る。
⑤ ぬる。体にものを塗りつける。
⑥ あやまち。過失。とが。",Type the reading!,Text
釁る,"ちぬる,ぬる","① きざし。前兆。
② きず。ひび。欠点。
③ きま。ひま。割れ目。継ぎ目。
④ ちぬる。いけにえの血をぬって神を祭る。
⑤ ぬる。体にものを塗りつける。
⑥ あやまち。過失。とが。",Type the reading!,Text
釉,"うわぐすり,つや,ひかり","① うわぐすり。陶磁器の表面にぬってつやを出す薬。
② つや。ひかり。光沢。",Type the reading!,Text
釐,やもめ,"【A】リ
① おさめる。ただす。改める。
② りん。分の十分の一。転じて極めて小さいこと。
③ やもめ。夫に先立たれた女性。
【B】キよい。さいわい。",Type the reading!,Text
釐う,たまう,"【A】リ
① おさめる。ただす。改める。
② りん。分の十分の一。転じて極めて小さいこと。
③ やもめ。夫に先立たれた女性。
【B】キよい。さいわい。",Type the reading!,Text
釐める,"あらためる,おさめる","【A】リ
① おさめる。ただす。改める。
② りん。分の十分の一。転じて極めて小さいこと。
③ やもめ。夫に先立たれた女性。
【B】キよい。さいわい。",Type the reading!,Text
釵,かんざし,かんざし。ふたまたのかんざし。髪飾り。,Type the reading!,Text
釿,"おの,ておの","【A】キン
① たつ。きる。断ち切る。
② おの。ておの。物を切断する道具。
【B】ギンうつわの表面のへこんだ部分。",Type the reading!,Text
釿つ,たつ,"【A】キン
① たつ。きる。断ち切る。
② おの。ておの。物を切断する道具。
【B】ギンうつわの表面のへこんだ部分。",Type the reading!,Text
釿る,きる,"【A】キン
① たつ。きる。断ち切る。
② おの。ておの。物を切断する道具。
【B】ギンうつわの表面のへこんだ部分。",Type the reading!,Text
鈑,いたがね,いたがね。うすく打ち延ばした金属の板。,Type the reading!,Text
鈔,さつ,"① かすめる。かすめとる。奪いとる。＝抄
② うつす。かきうつす。うつしとる。＝抄
③ うつし。抜き書き。＝抄
④ さつ。紙のお金。紙幣。",Type the reading!,Text
鈔し,うつし,"① かすめる。かすめとる。奪いとる。＝抄
② うつす。かきうつす。うつしとる。＝抄
③ うつし。抜き書き。＝抄
④ さつ。紙のお金。紙幣。",Type the reading!,Text
鈔す,うつす,"① かすめる。かすめとる。奪いとる。＝抄
② うつす。かきうつす。うつしとる。＝抄
③ うつし。抜き書き。＝抄
④ さつ。紙のお金。紙幣。",Type the reading!,Text
鈔める,かすめる,"① かすめる。かすめとる。奪いとる。＝抄
② うつす。かきうつす。うつしとる。＝抄
③ うつし。抜き書き。＝抄
④ さつ。紙のお金。紙幣。",Type the reading!,Text
鈕,"つまみ,とって,ボタン","① つまみ。とって。道具の手で持つところ。
② ボタン。衣服の合わせ目をとめるボタン。",Type the reading!,Text
鈞,ろくろ,"① 重さの単位。三十斤（周代で、七・六キログラム）。
② ろくろ。陶器を作るときに使う回転台。
③ ひとしい。同じ。同じにする。＝均
④ おもり。はかる。重さをはかるおもり。
⑤ おもり。重いもの。重要なもの。
⑥ 尊敬の意を表すことば。",Type the reading!,Text
鈞しい,ひとしい,"① 重さの単位。三十斤（周代で、七・六キログラム）。
② ろくろ。陶器を作るときに使う回転台。
③ ひとしい。同じ。同じにする。＝均
④ おもり。はかる。重さをはかるおもり。
⑤ おもり。重いもの。重要なもの。
⑥ 尊敬の意を表すことば。",Type the reading!,Text
鈞る,はかる,"① 重さの単位。三十斤（周代で、七・六キログラム）。
② ろくろ。陶器を作るときに使う回転台。
③ ひとしい。同じ。同じにする。＝均
④ おもり。はかる。重さをはかるおもり。
⑤ おもり。重いもの。重要なもの。
⑥ 尊敬の意を表すことば。",Type the reading!,Text
鈿,かんざし,"【A】テン・デンかんざし。金属でつくったかんざし。
【B】テン・デン青貝細工。青貝を用いた装飾。",Type the reading!,Text
鉅い,おおい,"① はがね。かたい鉄。鋼鉄。
② おおきい。とてもおおきい。＝巨
③ おおい。数が多い。＝巨
④ 先の曲がったかぎ。また、つりばり。
⑤ なんぞ。いずくんぞ。疑問、反語、詠嘆などの意を表わすことば。",Type the reading!,Text
鉅きい,おおきい,"① はがね。かたい鉄。鋼鉄。
② おおきい。とてもおおきい。＝巨
③ おおい。数が多い。＝巨
④ 先の曲がったかぎ。また、つりばり。
⑤ なんぞ。いずくんぞ。疑問、反語、詠嘆などの意を表わすことば。",Type the reading!,Text
鉅くんぞ,いずくんぞ,"① はがね。かたい鉄。鋼鉄。
② おおきい。とてもおおきい。＝巨
③ おおい。数が多い。＝巨
④ 先の曲がったかぎ。また、つりばり。
⑤ なんぞ。いずくんぞ。疑問、反語、詠嘆などの意を表わすことば。",Type the reading!,Text
鉅ぞ,なんぞ,"① はがね。かたい鉄。鋼鉄。
② おおきい。とてもおおきい。＝巨
③ おおい。数が多い。＝巨
④ 先の曲がったかぎ。また、つりばり。
⑤ なんぞ。いずくんぞ。疑問、反語、詠嘆などの意を表わすことば。",Type the reading!,Text
鉈,"なた,ほこ","① ほこ。柄の短いほこ。
② 化学元素の一つ。タリウム。
【日本】薪割りや枝を切り落とすときなどに用いる刃物。",Type the reading!,Text
鉉,つる,"① つる。鼎（かなえ）を持ち上げるときに、鼎の耳に通す道具。
② 三公。三公の位。重臣のたとえ。
③ つる。弓のつる。＝弦",Type the reading!,Text
鉋,かんな,かんな。材木の表面を削る大工道具。,Type the reading!,Text
鉗,"かなばさみ,くびかせ","① くびかせ。首にはめて自由を奪うもの。刑具のひとつ。
② はさむ。物をはさむ。また、ものをはさむ道具。かなばさみ。
③ とじる。つぐむ。口をとじる。",Type the reading!,Text
鉗じる,とじる,"① くびかせ。首にはめて自由を奪うもの。刑具のひとつ。
② はさむ。物をはさむ。また、ものをはさむ道具。かなばさみ。
③ とじる。つぐむ。口をとじる。",Type the reading!,Text
鉗む,はさむ,"① くびかせ。首にはめて自由を奪うもの。刑具のひとつ。
② はさむ。物をはさむ。また、ものをはさむ道具。かなばさみ。
③ とじる。つぐむ。口をとじる。",Type the reading!,Text
鉞,まさかり,まさかり。大きなおの。,Type the reading!,Text
銓,はかり,"① はかる。物の重さをはかる。
② はかる。えらぶ。人物や能力などをはかりくらべる。
③ はかり。重さをはかる道具。",Type the reading!,Text
銓ぶ,えらぶ,"① はかる。物の重さをはかる。
② はかる。えらぶ。人物や能力などをはかりくらべる。
③ はかり。重さをはかる道具。",Type the reading!,Text
銓る,はかる,"① はかる。物の重さをはかる。
② はかる。えらぶ。人物や能力などをはかりくらべる。
③ はかり。重さをはかる道具。",Type the reading!,Text
銕,"かね,くろがね","① てつ。くろがね。金属の名。
② かたい。つよい。堅固。
③ 鉄でつくった武器。刃物。",Type the reading!,Text
銖い,にぶい,"① 重さの単位。一両の二十四分の一。
② わずか。わずかなもの。軽いもの。
③ にぶい。切れ味がわるい。
【日本】江戸時代の貨幣の単位。一両の十六分の一。＝朱",Type the reading!,Text
銖か,わずか,"① 重さの単位。一両の二十四分の一。
② わずか。わずかなもの。軽いもの。
③ にぶい。切れ味がわるい。
【日本】江戸時代の貨幣の単位。一両の十六分の一。＝朱",Type the reading!,Text
銛,"すき,もり","① すき。土をけずる農具。
② するどい。刃物の先端がするどい。
③ もり。突き刺して魚を捕らえる槍のような道具。",Type the reading!,Text
銛い,するどい,"① すき。土をけずる農具。
② するどい。刃物の先端がするどい。
③ もり。突き刺して魚を捕らえる槍のような道具。",Type the reading!,Text
銜,"くつわ,くらい","① くつわ。くつばみ。馬の口にくわえさせる金具。手綱をつけるのに用いる馬具。
② くらい。官の位。官職。
③ くわえる。ふくむ。口にくわえる。
④ ふくむ。うらむ。心にふくみもつ。
⑤ ふくむ。うけたまわる。命令をうける。",Type the reading!,Text
銜える,くわえる,"① くつわ。くつばみ。馬の口にくわえさせる金具。手綱をつけるのに用いる馬具。
② くらい。官の位。官職。
③ くわえる。ふくむ。口にくわえる。
④ ふくむ。うらむ。心にふくみもつ。
⑤ ふくむ。うけたまわる。命令をうける。",Type the reading!,Text
銜む,ふくむ,"① くつわ。くつばみ。馬の口にくわえさせる金具。手綱をつけるのに用いる馬具。
② くらい。官の位。官職。
③ くわえる。ふくむ。口にくわえる。
④ ふくむ。うらむ。心にふくみもつ。
⑤ ふくむ。うけたまわる。命令をうける。",Type the reading!,Text
銷える,きえる,"① とかす。とける。金属をとかす。金属がとける。また、とかした金属。
② きえる。けす。つきる。つくす。なくなる。
③ ちる。ちらす。ちらばる。
④ そこなう。そこねる。こわす。きずつける。",Type the reading!,Text
銷かす,とかす,"① とかす。とける。金属をとかす。金属がとける。また、とかした金属。
② きえる。けす。つきる。つくす。なくなる。
③ ちる。ちらす。ちらばる。
④ そこなう。そこねる。こわす。きずつける。",Type the reading!,Text
銷きる,つきる,"① とかす。とける。金属をとかす。金属がとける。また、とかした金属。
② きえる。けす。つきる。つくす。なくなる。
③ ちる。ちらす。ちらばる。
④ そこなう。そこねる。こわす。きずつける。",Type the reading!,Text
銷くす,つくす,"① とかす。とける。金属をとかす。金属がとける。また、とかした金属。
② きえる。けす。つきる。つくす。なくなる。
③ ちる。ちらす。ちらばる。
④ そこなう。そこねる。こわす。きずつける。",Type the reading!,Text
銷ける,とける,"① とかす。とける。金属をとかす。金属がとける。また、とかした金属。
② きえる。けす。つきる。つくす。なくなる。
③ ちる。ちらす。ちらばる。
④ そこなう。そこねる。こわす。きずつける。",Type the reading!,Text
銷す,けす,"① とかす。とける。金属をとかす。金属がとける。また、とかした金属。
② きえる。けす。つきる。つくす。なくなる。
③ ちる。ちらす。ちらばる。
④ そこなう。そこねる。こわす。きずつける。",Type the reading!,Text
銷なう,そこなう,"① とかす。とける。金属をとかす。金属がとける。また、とかした金属。
② きえる。けす。つきる。つくす。なくなる。
③ ちる。ちらす。ちらばる。
④ そこなう。そこねる。こわす。きずつける。",Type the reading!,Text
銷る,ちる,"① とかす。とける。金属をとかす。金属がとける。また、とかした金属。
② きえる。けす。つきる。つくす。なくなる。
③ ちる。ちらす。ちらばる。
④ そこなう。そこねる。こわす。きずつける。",Type the reading!,Text
銹,さび,さび。さびる。金属のさび。金属がさびる。,Type the reading!,Text
銹びる,さびる,さび。さびる。金属のさび。金属がさびる。,Type the reading!,Text
鋏,"つか,つるぎ,はさみ","① はさみ。かなばし。熱した金属をはさむ道具。
② はさみ。物をはさんで切断する道具。
③ つるぎ。刀剣。刀身。
④ つか。刀のつか。",Type the reading!,Text
鋏む,はさむ,"① はさみ。かなばし。熱した金属をはさむ道具。
② はさみ。物をはさんで切断する道具。
③ つるぎ。刀剣。刀身。
④ つか。刀のつか。",Type the reading!,Text
鋩,きっさき,きっさき。刃物の先端。,Type the reading!,Text
鋺,"かなまり,まり","【A】エンはかりの皿。重さをはかるはかりの、はかろうとする物をのせる皿。
【B】ワンかなまり。金属で作られたわん。",Type the reading!,Text
錏,しころ,しころ。かぶとの左右や後方に垂らし、首すじを守る防具。,Type the reading!,Text
錙か,わずか,"① 重さの単位。六銖（しゅ）。一両の四分の一。また、六両、八両ともいわれる。
② わずか。わずかなもの。小さいもの。",Type the reading!,Text
錚,"かね,どら","① 金属が打ちあたる音の形容。
② かね。どら。打ち鳴らすかね。",Type the reading!,Text
錣,しころ,"馬むちの先端につけた鉄の針。
【日本】しころ。かぶとの左右や後方に垂らし、首すじを守る防具。",Type the reading!,Text
錵,にえ,にえ。刀の焼き入れをしたとき、刀身にあらわれる雲のような模様。,Type the reading!,Text
錺,かざり,かざり。金属製の飾り。,Type the reading!,Text
錻,ブリキ,ブリキ。オランダ語の「Blik」の音訳。錫（すず）をめっきした薄い鉄の板。,Type the reading!,Text
鍠,"おの,まさかり","① 鐘や太鼓の音、またその音の形容。
② おの。まさかり。儀式に使用する武器。",Type the reading!,Text
鍼,はり,"① はり。ぬいばり。布などを縫うはり。＝針
② はり。医療に用いられるはり。また、それを用いた治療。＝針
③ さす。はりをさす。はりをうつ。",Type the reading!,Text
鍼す,さす,"① はり。ぬいばり。布などを縫うはり。＝針
② はり。医療に用いられるはり。また、それを用いた治療。＝針
③ さす。はりをさす。はりをうつ。",Type the reading!,Text
鎬,"しのぎ,なべ","① なべ。食物を煮たり炊いたりする道具。
② 「鎬京（こうけい）」は、周の武王の都の名。
【日本】しのぎ。刀の峰（みね）に沿って小高くなっている部分。",Type the reading!,Text
鎰,かぎ,"重さの単位。二十両。または二十四両。
【日本】かぎ。錠前を開閉するための道具。",Type the reading!,Text
鎹,かすがい,かすがい。コの字型のくぎ。材木をつなぎとめるためのもの。,Type the reading!,Text
鎺,はばき,はばき。刀身が鞘から抜けないように、つばの上下にはめる金具。,Type the reading!,Text
鏃,やじり,"① やじり。矢先。矢の先のとがった部分。
② するどい。とがっている。",Type the reading!,Text
鏃い,するどい,"① やじり。矢先。矢の先のとがった部分。
② するどい。とがっている。",Type the reading!,Text
鏈,くさり,"① くさり。金属の輪をつなぎ合わせたもの。
② 鉛。精錬していない鉛。",Type the reading!,Text
鏐,"こがね,しろがね","【A】リュウ
① こがね。つやのある金。純金。
② 石ゆみのへり。
【B】リョウしろがね。つやのある銀。純銀。",Type the reading!,Text
鏖,みなごろし,"① みなごろし。みなごろしにする。
② なべ。中に物を入れておく器物。",Type the reading!,Text
鏗く,つく,"① 金属や石などがうちあたる音の形容。
② 琴の音、また琴の音の形容。
③ うつ。つく。鐘を鳴らす。",Type the reading!,Text
鏗つ,うつ,"① 金属や石などがうちあたる音の形容。
② 琴の音、また琴の音の形容。
③ うつ。つく。鐘を鳴らす。",Type the reading!,Text
鏝,こて,"① こて。土や泥などを壁を塗るための道具。
② ほこ。刃のついていないほこ。",Type the reading!,Text
鏤む,きざむ,"① える。きざむ。ちりばめる。金属などをほる。金や玉などをはめてかざる。
② はがね。かたい鉄。鋼鉄。
③ とおす。ひらく。きりひらく。",Type the reading!,Text
鏤める,ちりばめる,"① える。きざむ。ちりばめる。金属などをほる。金や玉などをはめてかざる。
② はがね。かたい鉄。鋼鉄。
③ とおす。ひらく。きりひらく。",Type the reading!,Text
鏤る,"える,かざる","① える。きざむ。ちりばめる。金属などをほる。金や玉などをはめてかざる。
② はがね。かたい鉄。鋼鉄。
③ とおす。ひらく。きりひらく。",Type the reading!,Text
鏨,たがね,"① たがね。石や金属を刻むための道具。
② える。ほる。石や金属を刻む。",Type the reading!,Text
鏨る,"える,ほる","① たがね。石や金属を刻むための道具。
② える。ほる。石や金属を刻む。",Type the reading!,Text
鐃,どら,"【A】ドウ・ニョウ
① どら。じんがね。軍隊が使う楽器。
② さわがしい。うるさい。
【B】ドウ・ニョウ
① たわめる。たわむ。＝撓
② みだれる。みだす。＝撓",Type the reading!,Text
鐐,"あしかせ,しろがね,ひらがね","① しろがね。つやのある銀。
② あしかせ。罪人の足につける刑具。",Type the reading!,Text
鐓,"いしづき,つち","【A】タイいちづき。矛や槍などの柄の下端につける金具。
【B】タイつち。かなづち。大きなかなづち。",Type the reading!,Text
鐔,つば,"① つば。刀のつば。刀の柄と刀身の間にはめる金具。手を守るためのもの。
② つかがしら。刀のつかの先。
③ 小さい剣。小ぶりの剣。",Type the reading!,Text
鐚,"しころ,びた","しころ。かぶとの左右や後方に垂らし、首すじを守る防具。＝錏
【日本】びた。質の悪い銭貨。",Type the reading!,Text
鐫ける,しりぞける,"① のみ。木材に穴をあける道具。
② える。ほる。うがつ。穴をあける。彫りつける。彫刻する。
③ しりぞける。官位を下げる。",Type the reading!,Text
鐫つ,うがつ,"① のみ。木材に穴をあける道具。
② える。ほる。うがつ。穴をあける。彫りつける。彫刻する。
③ しりぞける。官位を下げる。",Type the reading!,Text
鐫る,"える,ほる","① のみ。木材に穴をあける道具。
② える。ほる。うがつ。穴をあける。彫りつける。彫刻する。
③ しりぞける。官位を下げる。",Type the reading!,Text
鐶,"かなわ,たまき,わ",わ。かなわ。金属製の丸い輪。,Type the reading!,Text
鐺,"あしがなえ,くさり,こじり,こて","【A】トウ
① 「鋃鐺（ろうとう）」は、つなぎとめるためのくさり。
② つづみの音。また、その形容。
【B】ソウ三本の足のあるなべ。
【日本】こじり。刀の鞘（さや）の末端の部分。また、そこにつける装飾の金具。",Type the reading!,Text
鑒,かがみ,"① かがみ。光の反射を利用して人の顔や姿をうつす道具。
② かがみ。手本。模範。
③ かんがみる。手本と照らし合わせてよく考える。見分ける。
④ 水を入れる大きな器。大きな盆。",Type the reading!,Text
鑒みる,かんがみる,"① かがみ。光の反射を利用して人の顔や姿をうつす道具。
② かがみ。手本。模範。
③ かんがみる。手本と照らし合わせてよく考える。見分ける。
④ 水を入れる大きな器。大きな盆。",Type the reading!,Text
鑚,"きり,たがね,のみ","【A】サンきり。穴をあけるための工具。
【B】サン
① きる。うがつ。穴をあける。
② きわめる。研究する。
③ とりいる。人にうまくとりいる。
④ あつめる。あつまる。",Type the reading!,Text
鑚つ,うがつ,"【A】サンきり。穴をあけるための工具。
【B】サン
① きる。うがつ。穴をあける。
② きわめる。研究する。
③ とりいる。人にうまくとりいる。
④ あつめる。あつまる。",Type the reading!,Text
鑚る,きる,"【A】サンきり。穴をあけるための工具。
【B】サン
① きる。うがつ。穴をあける。
② きわめる。研究する。
③ とりいる。人にうまくとりいる。
④ あつめる。あつまる。",Type the reading!,Text
鑞,すず,「白鑞（はくろう）」は、錫（すず）と鉛（なまり）の合金。,Type the reading!,Text
鑠かす,とかす,"① とかす。とける。金属をとかす。金属がとける。
② うつくしい。美しくかがやく。
③ 「矍鑠（かくしゃく）」は、老いても元気がよいさま。老人の元気なさま。",Type the reading!,Text
鑠ける,とける,"① とかす。とける。金属をとかす。金属がとける。
② うつくしい。美しくかがやく。
③ 「矍鑠（かくしゃく）」は、老いても元気がよいさま。老人の元気なさま。",Type the reading!,Text
鑠しい,うつくしい,"① とかす。とける。金属をとかす。金属がとける。
② うつくしい。美しくかがやく。
③ 「矍鑠（かくしゃく）」は、老いても元気がよいさま。老人の元気なさま。",Type the reading!,Text
鑢,やすり,"① やすり。金属や骨などをみがく道具。
② する。こする。やすりでみがく。",Type the reading!,Text
鑢る,する,"① やすり。金属や骨などをみがく道具。
② する。こする。やすりでみがく。",Type the reading!,Text
鑪,"いろり,たたら,ふいご","① いろり。火鉢。火床。
② 香炉。香をたくのに用いる器。
③ ふいご。ふいごう。火をおこすために風を送りだす道具。
④ 酒場。酒屋。",Type the reading!,Text
鑰,かぎ,"① かぎ。戸締りするためのかぎ。錠前。
② とじる。とざす。しめる。
③ かなめ。重要なところ。要点。",Type the reading!,Text
鑰じる,とじる,"① かぎ。戸締りするためのかぎ。錠前。
② とじる。とざす。しめる。
③ かなめ。重要なところ。要点。",Type the reading!,Text
鑵,かま,"つるべ。おけ。水をくみ上げる器。
【日本】
① かん。金属（ブリキ）で作られた容器。
② かま。蒸気がま。ボイラー。湯をわかす道具。",Type the reading!,Text
鑷,けぬき,"① けぬき。毛を抜く道具。
② ぬく。毛抜きで抜く。
③ 髪飾り。かんざしの垂らした部分。",Type the reading!,Text
鑷く,ぬく,"① けぬき。毛を抜く道具。
② ぬく。毛抜きで抜く。
③ 髪飾り。かんざしの垂らした部分。",Type the reading!,Text
鑼,どら,どら。銅製で盆のような形の楽器。ばちでたたいて音を出す。,Type the reading!,Text
鑽,"きり,たがね,のみ","【A】サンきり。穴をあけるための工具。
【B】サン
① きる。うがつ。穴をあける。
② きわめる。研究する。
③ とりいる。人にうまくとりいる。
④ あつめる。あつまる。",Type the reading!,Text
鑽つ,うがつ,"【A】サンきり。穴をあけるための工具。
【B】サン
① きる。うがつ。穴をあける。
② きわめる。研究する。
③ とりいる。人にうまくとりいる。
④ あつめる。あつまる。",Type the reading!,Text
鑽る,きる,"【A】サンきり。穴をあけるための工具。
【B】サン
① きる。うがつ。穴をあける。
② きわめる。研究する。
③ とりいる。人にうまくとりいる。
④ あつめる。あつまる。",Type the reading!,Text
鑾,すず,"① すず。天子の馬車につける鈴。
② 天子の乗り物。また、天子。",Type the reading!,Text
鑿,のみ,"【A】サク
① のみ。木材に穴をあける道具。
② うがつ。ほる。あける。穴をあける。
③ ほぞあな。ほぞを入れるための穴。
【B】サク
① 鮮やかなさま。明らかなさま。
② 精米する。玄米をついて白くする。",Type the reading!,Text
鑿つ,うがつ,"【A】サク
① のみ。木材に穴をあける道具。
② うがつ。ほる。あける。穴をあける。
③ ほぞあな。ほぞを入れるための穴。
【B】サク
① 鮮やかなさま。明らかなさま。
② 精米する。玄米をついて白くする。",Type the reading!,Text
钁,くわ,くわ。大きなくわ。農具のひとつ。,Type the reading!,Text
閂,かんぬき,かんぬき。門を閉めるための横木。,Type the reading!,Text
閊える,つかえる,つかえる。妨げられて通れない。さしさわりがある。,Type the reading!,Text
閔える,うれえる,"① あわれむ。いたむ。かわいそうに思う。
② うれえる。なやむ。心配する。
③ つとめる。努力する。",Type the reading!,Text
閔める,つとめる,"① あわれむ。いたむ。かわいそうに思う。
② うれえる。なやむ。心配する。
③ つとめる。努力する。",Type the reading!,Text
閔れむ,あわれむ,"① あわれむ。いたむ。かわいそうに思う。
② うれえる。なやむ。心配する。
③ つとめる。努力する。",Type the reading!,Text
閘,ひのくち,"【A】コウひのくち。水門。水の流れる量を調節するためのもの。
【B】オウ門を開いたり閉じたりする。",Type the reading!,Text
閙がしい,さわがしい,"① さわぐ。さわがしい。にぎやかなさま。
② みだれる。みだす。かきみだす。
③ あらそう。あらそい。",Type the reading!,Text
閙ぐ,さわぐ,"① さわぐ。さわがしい。にぎやかなさま。
② みだれる。みだす。かきみだす。
③ あらそう。あらそい。",Type the reading!,Text
閧,ちまた,"① とき。ときのこえ。戦場で士気を高めるためにあげる声。＝鬨
② たたかう。ときの声をあげてたたかう。＝鬨
③ ちまた。みち。村の中のみち。",Type the reading!,Text
閨,"こもん,ねや","① 宮中の小門。
② ねや。婦人の部屋。
③ 女性。婦人。",Type the reading!,Text
閭,さと,"① 村里の門。周代で、二十五家の集まりを「里」として、その入り口の門を「閭」といった。
② さと。むら。むらざと。周代で、二十五家の集まり。
③ あつまる。あつまり。",Type the reading!,Text
閹,しもべ,"① 宦官。宮刑を受け、宮中に仕える者。
② 門番。宮中の門をつかさどる者。
③ しもべ。めしつかい。",Type the reading!,Text
閼ぐ,ふさぐ,"【A】ア・アツさえぎる。ふさぐ。とどめる。＝遏
【B】エン「閼氏（えんし・あつし）」は、匈奴（きょうど）の単于（ぜんう）の妻の称号。",Type the reading!,Text
閼る,さえぎる,"【A】ア・アツさえぎる。ふさぐ。とどめる。＝遏
【B】エン「閼氏（えんし・あつし）」は、匈奴（きょうど）の単于（ぜんう）の妻の称号。",Type the reading!,Text
閾,しきい,"① しきい。しきみ。門の内部と外部を仕切るための横木。
② くぎる。くぎり。仕切る。また、仕切るためのもの。",Type the reading!,Text
閾る,くぎる,"① しきい。しきみ。門の内部と外部を仕切るための横木。
② くぎる。くぎり。仕切る。また、仕切るためのもの。",Type the reading!,Text
闃か,しずか,しずか。ひっそりとしているさま。,Type the reading!,Text
闊い,"うとい,ひろい","① ひろい。ひろびろしている。大きい。
② ひろい。心がひろい。おおらか。
③ とおい。間がひろい。遠く離れている。
④ とおい。疎遠である。久しく会わない。
⑤ ゆるい。ゆるめる。ゆるくする。
⑥ うとい。ぼんやりしている。",Type the reading!,Text
闌,"たけなわ,てすり","① てすり。おばしま。欄干。柵。
② さえぎる。おさえる。ふせぐ。
③ たけなわ。たける。真っ最中。また、盛りを過ぎた時。
④ おとろえる。盛りを過ぎる。
⑤ みだりに。許可なしに。勝手に。",Type the reading!,Text
闌ける,たける,"① てすり。おばしま。欄干。柵。
② さえぎる。おさえる。ふせぐ。
③ たけなわ。たける。真っ最中。また、盛りを過ぎた時。
④ おとろえる。盛りを過ぎる。
⑤ みだりに。許可なしに。勝手に。",Type the reading!,Text
闍,"うてな,まち","【A】ト
① うてな。城門の上に設けた物見台。
② まち。城の外ぐるわの内側のまち。
【B】ジャ梵語（ボンゴ）の音訳に用いる字。",Type the reading!,Text
闔,とびら,"① とびら。門のとびら。
② とじる。しめる。とざす。また、おさめる。
③ すべて。みな。全部。
④ 「なんぞ～ざる」と読み、「どうして～しないのか」の意を表わす。＝盍",Type the reading!,Text
闔じる,とじる,"① とびら。門のとびら。
② とじる。しめる。とざす。また、おさめる。
③ すべて。みな。全部。
④ 「なんぞ～ざる」と読み、「どうして～しないのか」の意を表わす。＝盍",Type the reading!,Text
闔て,すべて,"① とびら。門のとびら。
② とじる。しめる。とざす。また、おさめる。
③ すべて。みな。全部。
④ 「なんぞ～ざる」と読み、「どうして～しないのか」の意を表わす。＝盍",Type the reading!,Text
闕,もん,"① もん。宮殿の門。
② 宮殿。宮城。天子のいる所。
③ かける。かく。足りない。不足する。
④ かける。かく。のぞく。とりのぞく。
⑤ あやまち。過失。",Type the reading!,Text
闕く,"かく,のぞく","① もん。宮殿の門。
② 宮殿。宮城。天子のいる所。
③ かける。かく。足りない。不足する。
④ かける。かく。のぞく。とりのぞく。
⑤ あやまち。過失。",Type the reading!,Text
闕ける,かける,"① もん。宮殿の門。
② 宮殿。宮城。天子のいる所。
③ かける。かく。足りない。不足する。
④ かける。かく。のぞく。とりのぞく。
⑤ あやまち。過失。",Type the reading!,Text
闖う,うかがう,"① 急にあらわれる。突然はいりこむ。
② うかがう。うかがいみる。のぞき見る。",Type the reading!,Text
闡く,ひらく,"① ひらく。あける。あけひろげる。
② あきらか。あきらかにする。",Type the reading!,Text
闡まる,ひろまる,"① ひらく。あける。あけひろげる。
② あきらか。あきらかにする。",Type the reading!,Text
闡らか,あきらか,"① ひらく。あける。あけひろげる。
② あきらか。あきらかにする。",Type the reading!,Text
闢く,ひらく,"① ひらく。ひらける。あける。あけはなす。
② ひらく。土地をきりひらく。開拓する。
③ しりぞける。おしのける。",Type the reading!,Text
闢ける,"しりぞける,ひらける","① ひらく。ひらける。あける。あけはなす。
② ひらく。土地をきりひらく。開拓する。
③ しりぞける。おしのける。",Type the reading!,Text
闥,もん,"① もん。宮中の小門。
② にわ。門の内側。",Type the reading!,Text
阡,"あぜみち,はかみち,みち","① みち。あぜみち。南北に通る小道。東西に通る小道を「陌（ハク）」という。
② しげる。たくさんの草木が生い茂るさま。
③ はかみち。墓道。
④ 契約書や証書などの文書で数字を表すとき、書き換えを防ぐために「千」の代わりに用いる文字。大字。",Type the reading!,Text
阡る,しげる,"① みち。あぜみち。南北に通る小道。東西に通る小道を「陌（ハク）」という。
② しげる。たくさんの草木が生い茂るさま。
③ はかみち。墓道。
④ 契約書や証書などの文書で数字を表すとき、書き換えを防ぐために「千」の代わりに用いる文字。大字。",Type the reading!,Text
阨い,せまい,"【A】アイせまい。ほそい。また、そのような所。
【B】ヤク
① ふさがる。行き詰まる。
② くるしむ。なやみくるしむ。",Type the reading!,Text
阨がる,ふさがる,"【A】アイせまい。ほそい。また、そのような所。
【B】ヤク
① ふさがる。行き詰まる。
② くるしむ。なやみくるしむ。",Type the reading!,Text
阨しむ,くるしむ,"【A】アイせまい。ほそい。また、そのような所。
【B】ヤク
① ふさがる。行き詰まる。
② くるしむ。なやみくるしむ。",Type the reading!,Text
阯,"あと,ふもと,もとい","① もとい。もと。土台。基礎。
② 場所。区域。地点。
③ 小島。中州。
【日本】あと。建物などの跡。",Type the reading!,Text
陂,"さか,つつみ","【A】ヒ
① つつみ。土手。堤防。
② いけ。ため池。
【B】ヒかたむく。よこしま。正しくない。
【C】ハさか。傾斜した土地。＝坡",Type the reading!,Text
陂く,かたむく,"【A】ヒ
① つつみ。土手。堤防。
② いけ。ため池。
【B】ヒかたむく。よこしま。正しくない。
【C】ハさか。傾斜した土地。＝坡",Type the reading!,Text
陋い,せまい,"① せまい。せま苦しい。小さい。
② せまい。心がせまい。見識がせまい。
③ いやしい。身分が低い。
④ いやしい。下品。粗末。",Type the reading!,Text
陋しい,いやしい,"① せまい。せま苦しい。小さい。
② せまい。心がせまい。見識がせまい。
③ いやしい。身分が低い。
④ いやしい。下品。粗末。",Type the reading!,Text
陌,"あぜみち,まち,みち","① みち。あぜみち。東西に通る小道。南北に通る小道を「阡（セン）」という。
② みち。まちの中の道。
③ 契約書や証書などの文書で数字を表すとき、書き換えを防ぐために「百」の代わりに用いる文字。大字。",Type the reading!,Text
陜,"やまあい,やまかい","① せまい。
② やまあい。やまかい。山と山の間。",Type the reading!,Text
陜い,せまい,"① せまい。
② やまあい。やまかい。山と山の間。",Type the reading!,Text
陞らせる,のぼらせる,のぼる。高い所にのぼる。官位があがる。,Type the reading!,Text
陞る,のぼる,のぼる。高い所にのぼる。官位があがる。,Type the reading!,Text
陟む,すすむ,"① のぼる。高い所にのぼる。
② すすむ。官位があがる。昇進する。",Type the reading!,Text
陟らせる,のぼらせる,"① のぼる。高い所にのぼる。
② すすむ。官位があがる。昇進する。",Type the reading!,Text
陟る,のぼる,"① のぼる。高い所にのぼる。
② すすむ。官位があがる。昇進する。",Type the reading!,Text
陬,"くま,すみ","① すみ。くま。かたすみ。
② 入りくんだところ。へんぴなところ。
③ いなかの村。集落。
④ 陰暦で、正月の別称。
⑤ 地名。孔子が生まれた土地。",Type the reading!,Text
陲,"さかい,ほとり","① ほとり。さかい。辺境。国境。
② あやうい。あぶない。",Type the reading!,Text
陲うい,あやうい,"① ほとり。さかい。辺境。国境。
② あやうい。あぶない。",Type the reading!,Text
隍,"からぼり,ほり","① ほり。からぼり。水のないほり。
② むなしい。うつろ。からっぽ。",Type the reading!,Text
隍しい,むなしい,"① ほり。からぼり。水のないほり。
② むなしい。うつろ。からっぽ。",Type the reading!,Text
隕う,うしなう,"① おちる。おとす。落下する。
② うしなう。しぬ。なくす。ほろびる。",Type the reading!,Text
隕ちる,おちる,"① おちる。おとす。落下する。
② うしなう。しぬ。なくす。ほろびる。",Type the reading!,Text
隕とす,おとす,"① おちる。おとす。落下する。
② うしなう。しぬ。なくす。ほろびる。",Type the reading!,Text
隕ぬ,しぬ,"① おちる。おとす。落下する。
② うしなう。しぬ。なくす。ほろびる。",Type the reading!,Text
隗しい,けわしい,けわしい。たかい。高くけわしい。,Type the reading!,Text
隘い,せまい,"【A】アイ
① せまい。空間がせまい。心がせまい。
② けわしい。けわしい所。
【B】ヤクふさがる。ふさぐ。止める。",Type the reading!,Text
隘がる,ふさがる,"【A】アイ
① せまい。空間がせまい。心がせまい。
② けわしい。けわしい所。
【B】ヤクふさがる。ふさぐ。止める。",Type the reading!,Text
隘しい,"いやしい,けわしい","【A】アイ
① せまい。空間がせまい。心がせまい。
② けわしい。けわしい所。
【B】ヤクふさがる。ふさぐ。止める。",Type the reading!,Text
隧,みち,"① みち。墓の中へ通じるみち。
② みち。トンネル。",Type the reading!,Text
隰,さわ,さわ。湿気の多い低地。湿地。,Type the reading!,Text
隴,"うね,おか","① おか。うね。小高いところ。＝壟
② 甘粛省（かんしゅくしょう）の別称。",Type the reading!,Text
雉,きじ,"① きじ。キジ科の鳥。
② かき。かきね。城壁。
③ 城壁の大きさを計る単位。一雉は、高さ一丈、長さ三丈。
④ 古代中国のボードゲーム、樗蒲（ちょぼ）の采の目の名。",Type the reading!,Text
雋れる,すぐれる,"【A】セン肥える。また、肥えた鳥の肉。
【B】シュンすぐれる。また、すぐれた人。＝俊",Type the reading!,Text
雍く,いだく,"① やわらぐ。なごやか。むつまじい。
② いだく。だく。だきかかえる。
③ ふさぐ。さえぎる。さまたげる。
④ 古代中国の九州のひとつ。雍州（ようしゅう）。",Type the reading!,Text
雍ぐ,ふさぐ,"① やわらぐ。なごやか。むつまじい。
② いだく。だく。だきかかえる。
③ ふさぐ。さえぎる。さまたげる。
④ 古代中国の九州のひとつ。雍州（ようしゅう）。",Type the reading!,Text
雍らぐ,やわらぐ,"① やわらぐ。なごやか。むつまじい。
② いだく。だく。だきかかえる。
③ ふさぐ。さえぎる。さまたげる。
④ 古代中国の九州のひとつ。雍州（ようしゅう）。",Type the reading!,Text
雎,みさご,「雎鳩（しょきゅう）」は、みさご。ミサゴ科の鳥。水辺に住み、魚を捕食する。,Type the reading!,Text
雕,わし,"① える。きざむ。ほる。ほりきざむ。＝彫
② わし。タカ科の鳥。
③ しぼむ。なえる。衰える。",Type the reading!,Text
雕む,きざむ,"① える。きざむ。ほる。ほりきざむ。＝彫
② わし。タカ科の鳥。
③ しぼむ。なえる。衰える。",Type the reading!,Text
雕る,"える,ほる","① える。きざむ。ほる。ほりきざむ。＝彫
② わし。タカ科の鳥。
③ しぼむ。なえる。衰える。",Type the reading!,Text
雖も,いえども,"① 「いえども」と読み、「たとえ～だとしても」「～ではあるが」と仮定条件や譲歩の意を表わす。
② 「ただ～（のみ）」と読み、限定や強調の意を表わす。",Type the reading!,Text
雹,ひょう,ひょう。空から落ちてくる氷の粒。,Type the reading!,Text
霄,"そら,みぞれ","① みぞれ。雨と雪がまじって降るもの。
② そら。おおぞら。果てしなく遠いそら。
③ よる。よい。＝宵",Type the reading!,Text
霆,"いかずち,いなずま","① いなずま。いなびかり。
② いかずち。はげしい雷。雷鳴。",Type the reading!,Text
霈,おおあめ,"① おおあめ。激しく降る雨。また、雨が激しく降るさま。
② うるおい。めぐみ。恩恵。",Type the reading!,Text
霍い,はやい,はやい。すみやか。にわか。たちまち。,Type the reading!,Text
霍か,にわか,はやい。すみやか。にわか。たちまち。,Type the reading!,Text
霎,こさめ,"① こさめ。少しだけ降る雨。
② しばし。しばらく。一瞬の。瞬間的な。",Type the reading!,Text
霎し,しばし,"① こさめ。少しだけ降る雨。
② しばし。しばらく。一瞬の。瞬間的な。",Type the reading!,Text
霑う,うるおう,"① うるおう。うるおす。ぬれる。ぬらす。しめる。しめらす。
② うるおう。うるおす。恩恵を受ける。恩恵を与える。",Type the reading!,Text
霑す,うるおす,"① うるおう。うるおす。ぬれる。ぬらす。しめる。しめらす。
② うるおう。うるおす。恩恵を受ける。恩恵を与える。",Type the reading!,Text
霓,にじ,にじ。薄い光の虹。,Type the reading!,Text
霖,ながあめ,ながあめ。長時間（三日以上）降り続く雨。,Type the reading!,Text
霙,みぞれ,みぞれ。雨と雪がまじって降るもの。,Type the reading!,Text
霤,"あまだれ,のき","① あまだれ。したたり。したたり落ちる水。
② のき。ひさし。また、雨水をうけるとい。",Type the reading!,Text
霤り,したたり,"① あまだれ。したたり。したたり落ちる水。
② のき。ひさし。また、雨水をうけるとい。",Type the reading!,Text
霪,ながあめ,ながあめ。何日も降り続く雨。,Type the reading!,Text
霰,あられ,"あられ。空から落ちてくる氷の粒。
【日本】あられ。もちを小さく切ったもの。",Type the reading!,Text
霸,はたがしら,"【A】ハク月が白く光るさま。
【B】ハ
① はたがしら。武力によって国・天下を治めるもの。覇者。
② 川の名。",Type the reading!,Text
霹,かみなり,かみなり。かみなりが落ちる。,Type the reading!,Text
霽れる,はれる,"① はれる。空が晴れる。
② はれる。気持ちがすっきりする。",Type the reading!,Text
霾り,つちぐもり,"① つちふる。風で吹き上げられた土砂が降る。
② つちぐもり。吹き上げられた土砂で空が暗くなる。",Type the reading!,Text
霾る,つちふる,"① つちふる。風で吹き上げられた土砂が降る。
② つちぐもり。吹き上げられた土砂で空が暗くなる。",Type the reading!,Text
靄,もや,"① もや。立ちこめた薄い霧。
② 雲や霞（かすみ）のたなびくさま。
③ 「靄靄（あいあい）」は、雲の集まるさま。たなびくさま。また、なごやかなさま。",Type the reading!,Text
靠う,たがう,"① よる。もたれる。よりかかる。たよる。
② たがう。そむく。従わない。",Type the reading!,Text
靠る,よる,"① よる。もたれる。よりかかる。たよる。
② たがう。そむく。従わない。",Type the reading!,Text
靠れる,もたれる,"① よる。もたれる。よりかかる。たよる。
② たがう。そむく。従わない。",Type the reading!,Text
靡かす,なびかす,"【A】ヒ・ビ・ミ
① なびく。従う。服従する。
② 美しい。華やか。派手。
③ ない。否定の意。
【B】ヒ・ビ・ミ
① おごる。ぜいたくをする。
② 散らす。分離させる。
③ ただれる。ぼろぼろになる。",Type the reading!,Text
靡く,なびく,"【A】ヒ・ビ・ミ
① なびく。従う。服従する。
② 美しい。華やか。派手。
③ ない。否定の意。
【B】ヒ・ビ・ミ
① おごる。ぜいたくをする。
② 散らす。分離させる。
③ ただれる。ぼろぼろになる。",Type the reading!,Text
靡る,おごる,"【A】ヒ・ビ・ミ
① なびく。従う。服従する。
② 美しい。華やか。派手。
③ ない。否定の意。
【B】ヒ・ビ・ミ
① おごる。ぜいたくをする。
② 散らす。分離させる。
③ ただれる。ぼろぼろになる。",Type the reading!,Text
靡れる,ただれる,"【A】ヒ・ビ・ミ
① なびく。従う。服従する。
② 美しい。華やか。派手。
③ ない。否定の意。
【B】ヒ・ビ・ミ
① おごる。ぜいたくをする。
② 散らす。分離させる。
③ ただれる。ぼろぼろになる。",Type the reading!,Text
靤,にきび,にきび。もがさ。顔にできるふきでもの。＝皰,Type the reading!,Text
靦かましい,あつかましい,"① あつかましい。あつかましいさま。また、あつかましい顔つき。
② はじる。顔を赤くしてはじるさま。",Type the reading!,Text
靦じる,はじる,"① あつかましい。あつかましいさま。また、あつかましい顔つき。
② はじる。顔を赤くしてはじるさま。",Type the reading!,Text
靨,えくぼ,えくぼ。笑ったとき、ほおにできる小さなくぼみ。,Type the reading!,Text
靫,"うつぼ,ゆぎ",うつぼ。ゆぎ。矢入れ。矢を入れる道具。,Type the reading!,Text
靺,かわたび,"① かわたび。革製のくつした。
② 「靺鞨（まつかつ）」は、古代中国北方の民族の名。",Type the reading!,Text
靼,なめしがわ,"① なめしがわ。平たくなめした皮。毛を取り除き、やわらかくした皮。
② 「韃靼（だったん）」は、中国北方の民族の名。",Type the reading!,Text
鞁,むながい,"① むながい。馬の首にかける革ひも。
② くらおく。馬のからだに馬具をつける。",Type the reading!,Text
鞁く,くらおく,"① むながい。馬の首にかける革ひも。
② くらおく。馬のからだに馬具をつける。",Type the reading!,Text
鞅,"きずな,はらおび,むながい","① むながい。馬の首にかける革ひも。
② はらおび。馬の腹にまわしてしめる帯。
③ になう。せおう。
④ うらむ。不満に思う。＝怏
⑤ きずな。馬をつなぎとめる綱。",Type the reading!,Text
鞅う,になう,"① むながい。馬の首にかける革ひも。
② はらおび。馬の腹にまわしてしめる帯。
③ になう。せおう。
④ うらむ。不満に思う。＝怏
⑤ きずな。馬をつなぎとめる綱。",Type the reading!,Text
鞅む,うらむ,"① むながい。馬の首にかける革ひも。
② はらおび。馬の腹にまわしてしめる帯。
③ になう。せおう。
④ うらむ。不満に思う。＝怏
⑤ きずな。馬をつなぎとめる綱。",Type the reading!,Text
鞆,とも,とも。ほむだ。弓を射るときに左手首の内側につけて、矢を放った後の弦が腕に触れるのを防ぐための道具。,Type the reading!,Text
鞋,くつ,くつ。わらじ。革製のはきもの。,Type the reading!,Text
鞏い,かたい,"① つかねる。かためる。なめしたかわでかたくしばる。
② かたい。しっかりしている。丈夫。
③ おそれる。こわがる。＝恐",Type the reading!,Text
鞏ねる,つかねる,"① つかねる。かためる。なめしたかわでかたくしばる。
② かたい。しっかりしている。丈夫。
③ おそれる。こわがる。＝恐",Type the reading!,Text
鞏める,かためる,"① つかねる。かためる。なめしたかわでかたくしばる。
② かたい。しっかりしている。丈夫。
③ おそれる。こわがる。＝恐",Type the reading!,Text
鞐,こはぜ,こはぜ。足袋（たび）や脚絆（きゃはん）、書物の帙（ちつ）などをとじるために付けるつめ形の小さな金具。,Type the reading!,Text
鞜,"かわぐつ,くつ",くつ。かわぐつ。革製のくつ。,Type the reading!,Text
鞣,なめしがわ,"① なめしがわ。やわらかくなめした皮。
② なめす。生皮から毛などを取り除き、やわらかくする。",Type the reading!,Text
鞣す,なめす,"① なめしがわ。やわらかくなめした皮。
② なめす。生皮から毛などを取り除き、やわらかくする。",Type the reading!,Text
鞦,しりがい,"① しりがい。牛馬のしりにかけるかわひも。
② 「鞦韆（しゅうせん）」は、ぶらんこ。",Type the reading!,Text
鞨,"かわぐつ,くつ","① くつ。かわぐつ。革製のくつ。
② 「靺鞨（まつかつ）」は、古代中国北方の民族の名。",Type the reading!,Text
鞫す,ただす,"① きわめる。しらべる。ただす。とりしらべる。問いただす。
② きわめる。突き詰める。深く探る。
③ きわまる。行き詰まる。",Type the reading!,Text
鞫べる,しらべる,"① きわめる。しらべる。ただす。とりしらべる。問いただす。
② きわめる。突き詰める。深く探る。
③ きわまる。行き詰まる。",Type the reading!,Text
鞫まる,きわまる,"① きわめる。しらべる。ただす。とりしらべる。問いただす。
② きわめる。突き詰める。深く探る。
③ きわまる。行き詰まる。",Type the reading!,Text
鞫める,きわめる,"① きわめる。しらべる。ただす。とりしらべる。問いただす。
② きわめる。突き詰める。深く探る。
③ きわまる。行き詰まる。",Type the reading!,Text
鞴,"ふいご,ふいごう","① 馬に手綱（たずな）などの馬具をつける。
② うつぼ。矢入れ。矢を入れる道具。
③ ふいご。ふいごう。火をおこすために風を送りだす革製の袋。",Type the reading!,Text
韈,"くつした,たび",たび。くつした。＝襪,Type the reading!,Text
韋,なめしがわ,"① なめしがわ。毛を取り除き、やわらかくした皮。
② そむく。たがう。行き違う。
③ かこい。かこう。＝囲",Type the reading!,Text
韜,"ゆごて,ゆみぶくろ","【A】トウ
① ゆみぶくろ。弓を入れておく袋。
② ふくろ。剣を入れておく袋。
③ つつむ。おさめる。また、かくす。つつみかくす。
④ 「六韜（りくとう）」は、兵法の奥義書。
【B】トウゆごて。弓を射るときに左腕につける防具。",Type the reading!,Text
韜す,かくす,"【A】トウ
① ゆみぶくろ。弓を入れておく袋。
② ふくろ。剣を入れておく袋。
③ つつむ。おさめる。また、かくす。つつみかくす。
④ 「六韜（りくとう）」は、兵法の奥義書。
【B】トウゆごて。弓を射るときに左腕につける防具。",Type the reading!,Text
韜む,つつむ,"【A】トウ
① ゆみぶくろ。弓を入れておく袋。
② ふくろ。剣を入れておく袋。
③ つつむ。おさめる。また、かくす。つつみかくす。
④ 「六韜（りくとう）」は、兵法の奥義書。
【B】トウゆごて。弓を射るときに左腕につける防具。",Type the reading!,Text
韞す,かくす,"【A】ウン収める。包む。入れる。しまう。
【B】オンかきいろ。赤色と黄色の中間色。",Type the reading!,Text
韞む,つつむ,"【A】ウン収める。包む。入れる。しまう。
【B】オンかきいろ。赤色と黄色の中間色。",Type the reading!,Text
韞める,おさめる,"【A】ウン収める。包む。入れる。しまう。
【B】オンかきいろ。赤色と黄色の中間色。",Type the reading!,Text
韲,"あえもの,なます","① あえもの。なます。野菜を細かく切り、調味料であえたもの。
② あえる。まぜる。まぜあわせる。
③ くだく。細かくする。",Type the reading!,Text
韲える,あえる,"① あえもの。なます。野菜を細かく切り、調味料であえたもの。
② あえる。まぜる。まぜあわせる。
③ くだく。細かくする。",Type the reading!,Text
韲く,くだく,"① あえもの。なます。野菜を細かく切り、調味料であえたもの。
② あえる。まぜる。まぜあわせる。
③ くだく。細かくする。",Type the reading!,Text
韵,"おもむき,ひびき","① ひびき。美しく調和した音。また声。
② 漢字の一音節のうち、頭子音（初めの子音）を除いた残りの部分。
③ おもむき。風流。風情。",Type the reading!,Text
韶しい,うつくしい,"① 中国の伝説上の聖人、舜（しゅん）が作ったといわれる音楽。
② うつくしい。あきやか。明るい。",Type the reading!,Text
韶らか,あきらか,"① 中国の伝説上の聖人、舜（しゅん）が作ったといわれる音楽。
② うつくしい。あきやか。明るい。",Type the reading!,Text
頌,かたち,"【A】ジュ・ショウ
① ほめる。たたえる。ほめたたえる。
② ほめことば。ほめたたえることば。
③ 文体のひとつ。人格や功績をほめたたえたもの。
④ 「詩経」の六義（りくぎ）の一つ。
【B】ヨウ
① かたち。すがた。ありさま。
② ゆるやか。ゆるやかである。",Type the reading!,Text
頌える,たたえる,"【A】ジュ・ショウ
① ほめる。たたえる。ほめたたえる。
② ほめことば。ほめたたえることば。
③ 文体のひとつ。人格や功績をほめたたえたもの。
④ 「詩経」の六義（りくぎ）の一つ。
【B】ヨウ
① かたち。すがた。ありさま。
② ゆるやか。ゆるやかである。",Type the reading!,Text
頌める,ほめる,"【A】ジュ・ショウ
① ほめる。たたえる。ほめたたえる。
② ほめことば。ほめたたえることば。
③ 文体のひとつ。人格や功績をほめたたえたもの。
④ 「詩経」の六義（りくぎ）の一つ。
【B】ヨウ
① かたち。すがた。ありさま。
② ゆるやか。ゆるやかである。",Type the reading!,Text
頌やか,ゆるやか,"【A】ジュ・ショウ
① ほめる。たたえる。ほめたたえる。
② ほめことば。ほめたたえることば。
③ 文体のひとつ。人格や功績をほめたたえたもの。
④ 「詩経」の六義（りくぎ）の一つ。
【B】ヨウ
① かたち。すがた。ありさま。
② ゆるやか。ゆるやかである。",Type the reading!,Text
頏,"くび,のど","【A】コウ鳥が舞いおりる。飛びおりる。
【B】コウのど。くび。人ののどくび。",Type the reading!,Text
頤,"あご,おとがい","① あご。おとがい。したあご。
② やしなう。やしない育てる。
③ あごで使う。あごで指図する。",Type the reading!,Text
頤う,やしなう,"① あご。おとがい。したあご。
② やしなう。やしない育てる。
③ あごで使う。あごで指図する。",Type the reading!,Text
頷,"あご,おとがい","① おとがい。あご。したあご。
② うなずく。承諾の意を示すために首をたてに振る。",Type the reading!,Text
頷く,うなずく,"① おとがい。あご。したあご。
② うなずく。承諾の意を示すために首をたてに振る。",Type the reading!,Text
頽れる,"くずおれる,くずれる","① くずれる。くずれ落ちる。こわれ落ちる。倒れる。
② 衰える。弱まる。廃れる。勢いがなくなる。
③ したがう。従順。
④ 暴風。つむじ風。疾風（はやて）。
⑤ 心に抱く。思う。
【日本】くずおれる。気落ちする。",Type the reading!,Text
顆,つぶ,つぶ。小さくて丸いもの。また、それを数えることば。,Type the reading!,Text
顋,"あぎと,あご,えら","① あご。あぎと。
② えら。魚のえら。魚の呼吸器。",Type the reading!,Text
顫える,ふるえる,"【A】セン
① ふるえる。ゆれる。ゆれ動く。
② おどろく。びっくりする。おびえる。
【B】セン鼻がきく。嗅覚が鋭い。",Type the reading!,Text
顫く,おどろく,"【A】セン
① ふるえる。ゆれる。ゆれ動く。
② おどろく。びっくりする。おびえる。
【B】セン鼻がきく。嗅覚が鋭い。",Type the reading!,Text
顰み,ひそみ,しかめる。ひそめる。ひそみ。顔をしかめる。眉間にしわを寄せる。,Type the reading!,Text
顰める,"しかめる,ひそめる",しかめる。ひそめる。ひそみ。顔をしかめる。眉間にしわを寄せる。,Type the reading!,Text
顱,"かしら,こうべ,どくろ","① かしら。こうべ。あたま。
② どくろ。頭の骨。頭蓋骨。",Type the reading!,Text
顴,ほおぼね,ほおぼね。頬の上部のあたりにある骨。,Type the reading!,Text
颪,おろし,おろし。山や丘から吹きおろす風。,Type the reading!,Text
颯,はやて,"① はやて。さっと吹く風。疾風。
② 風のさっと吹くさま。またその音。
③ 動作がきびきびしたさま。",Type the reading!,Text
颱,たいふう,たいふう。台風。夏から秋にかけて、南方から襲来する強い風雨。,Type the reading!,Text
颶,つむじかぜ,つむじかぜ。海上に起こる暴風雨。,Type the reading!,Text
飄,つむじかぜ,"① つむじかぜ。吹きあげる激しい風。＝飆
② ひるがえる。風に吹かれてひらひらと動く。舞い上がる。
③ ただよう。さまよう。さすらう。＝漂
④ はやい。すばやい。すみやか。",Type the reading!,Text
飄い,はやい,"① つむじかぜ。吹きあげる激しい風。＝飆
② ひるがえる。風に吹かれてひらひらと動く。舞い上がる。
③ ただよう。さまよう。さすらう。＝漂
④ はやい。すばやい。すみやか。",Type the reading!,Text
飄う,ただよう,"① つむじかぜ。吹きあげる激しい風。＝飆
② ひるがえる。風に吹かれてひらひらと動く。舞い上がる。
③ ただよう。さまよう。さすらう。＝漂
④ はやい。すばやい。すみやか。",Type the reading!,Text
飄る,ひるがえる,"① つむじかぜ。吹きあげる激しい風。＝飆
② ひるがえる。風に吹かれてひらひらと動く。舞い上がる。
③ ただよう。さまよう。さすらう。＝漂
④ はやい。すばやい。すみやか。",Type the reading!,Text
飆,"かぜ,つむじかぜ","① つむじかぜ。吹きあげる激しい風。＝飄
② かぜ。空気の流れ。
③ みだれる。荒れ狂う。",Type the reading!,Text
飆れる,みだれる,"① つむじかぜ。吹きあげる激しい風。＝飄
② かぜ。空気の流れ。
③ みだれる。荒れ狂う。",Type the reading!,Text
飜す,ひるがえす,"① ひるがえす。ひるがえる。羽をひるがえして飛ぶ。
② ひっくり返す。反対にする。裏返す。
③ ある国のことばを別の国のことばに直す。",Type the reading!,Text
飜る,ひるがえる,"① ひるがえす。ひるがえる。羽をひるがえして飛ぶ。
② ひっくり返す。反対にする。裏返す。
③ ある国のことばを別の国のことばに直す。",Type the reading!,Text
飫きる,あきる,"① あきる。食べあきる。あきるほど食べる。
② さかもり。酒宴。宴会。",Type the reading!,Text
飫り,さかもり,"① あきる。食べあきる。あきるほど食べる。
② さかもり。酒宴。宴会。",Type the reading!,Text
飭える,ととのえる,"① ととのえる。ただす。ただしくする。
② いましめる。いさめる。たしなめる。＝勅
③ つつしむ。言動や行動をつつしむ。",Type the reading!,Text
飭す,ただす,"① ととのえる。ただす。ただしくする。
② いましめる。いさめる。たしなめる。＝勅
③ つつしむ。言動や行動をつつしむ。",Type the reading!,Text
飭む,つつしむ,"① ととのえる。ただす。ただしくする。
② いましめる。いさめる。たしなめる。＝勅
③ つつしむ。言動や行動をつつしむ。",Type the reading!,Text
飭める,いましめる,"① ととのえる。ただす。ただしくする。
② いましめる。いさめる。たしなめる。＝勅
③ つつしむ。言動や行動をつつしむ。",Type the reading!,Text
餃,あめ,"① あめ。水あめ。
② 「餃子（ぎょうざ）」は、小麦粉で作った皮に、肉や野菜などの具を包んで調理したもの。中華料理の一つ。",Type the reading!,Text
餉,"かて,かれい,かれいい","① かれいい。かれい。かて。携帯するための食料。弁当。兵糧。
② おくる。食べ物などを送りとどける。
③ 食事。また、食事する程度の短い時間。",Type the reading!,Text
餉る,おくる,"① かれいい。かれい。かて。携帯するための食料。弁当。兵糧。
② おくる。食べ物などを送りとどける。
③ 食事。また、食事する程度の短い時間。",Type the reading!,Text
餒える,うえる,"① うえる。ひどく腹が減って苦しむ。
② くさる。魚が腐る。",Type the reading!,Text
餒る,くさる,"① うえる。ひどく腹が減って苦しむ。
② くさる。魚が腐る。",Type the reading!,Text
餔,ゆうめし,"① ゆうめし。夕食。申の刻（午後四時、および前後の二時間）にとる食事。
② ゆうぐれ。夕方。
③ くう。くらう。食べる。口の中に食べ物をふくむ。＝哺
④ くらわす。食べさせる。",Type the reading!,Text
餔う,"くう,やしなう","① ゆうめし。夕食。申の刻（午後四時、および前後の二時間）にとる食事。
② ゆうぐれ。夕方。
③ くう。くらう。食べる。口の中に食べ物をふくむ。＝哺
④ くらわす。食べさせる。",Type the reading!,Text
餔れ,ゆうぐれ,"① ゆうめし。夕食。申の刻（午後四時、および前後の二時間）にとる食事。
② ゆうぐれ。夕方。
③ くう。くらう。食べる。口の中に食べ物をふくむ。＝哺
④ くらわす。食べさせる。",Type the reading!,Text
餞,はなむけ,"① おくる。旅立つ人を見送る。
② はなむけ。旅立つ人を送るための宴会。送別会。そこでふるまう料理や酒。また、旅立つ人への贈り物。",Type the reading!,Text
餞る,おくる,"① おくる。旅立つ人を見送る。
② はなむけ。旅立つ人を送るための宴会。送別会。そこでふるまう料理や酒。また、旅立つ人への贈り物。",Type the reading!,Text
餤う,くう,"【A】タン
① すすめる。すすむ。前に進む。
② すすめる。食べ物をすすめる。
【B】タンくう。くらう。くわせる。がつがつ食べる。また、食べさせる。",Type the reading!,Text
餤む,すすむ,"【A】タン
① すすめる。すすむ。前に進む。
② すすめる。食べ物をすすめる。
【B】タンくう。くらう。くわせる。がつがつ食べる。また、食べさせる。",Type the reading!,Text
餤める,すすめる,"【A】タン
① すすめる。すすむ。前に進む。
② すすめる。食べ物をすすめる。
【B】タンくう。くらう。くわせる。がつがつ食べる。また、食べさせる。",Type the reading!,Text
餤わせる,くわせる,"【A】タン
① すすめる。すすむ。前に進む。
② すすめる。食べ物をすすめる。
【B】タンくう。くらう。くわせる。がつがつ食べる。また、食べさせる。",Type the reading!,Text
餬,"かゆ,のり","① かゆ。多めの水で、米をやわらかく煮たもの。
② のり。米の粉などを煮て作ったねばり気のあるもの。＝糊
③ のりする。かゆをすする。貧しい生活をする。かろうじて生活する。",Type the reading!,Text
餮る,むさぼる,むさぼる。むさぼり食べる。あるものをすべて食べ尽くす。,Type the reading!,Text
餽る,"おくる,まつる","① まつる。食物を供えて死者をまつる。
② おくる。食物や金銭などをおくる。また、食物や金銭などのおくりもの。",Type the reading!,Text
餾す,むす,むす。米を蒸す。蒸した米をもう一度蒸しなおす。,Type the reading!,Text
饅,ぬた,「饅頭（まんじゅう）」は、小麦粉などを練って蒸した菓子。,Type the reading!,Text
饉える,うえる,"① うえる。食物が不足している。
② 農作物のできが悪い。不作。",Type the reading!,Text
饋,おくりもの,"① おくる。食物や金銭などをおくる。また、食物や金銭などのおくりもの。＝餽
② すすめる。食物をすすめる。また、神仏に供物を供える。
③ 食事。食事をする。",Type the reading!,Text
饋める,すすめる,"① おくる。食物や金銭などをおくる。また、食物や金銭などのおくりもの。＝餽
② すすめる。食物をすすめる。また、神仏に供物を供える。
③ 食事。食事をする。",Type the reading!,Text
饋る,おくる,"① おくる。食物や金銭などをおくる。また、食物や金銭などのおくりもの。＝餽
② すすめる。食物をすすめる。また、神仏に供物を供える。
③ 食事。食事をする。",Type the reading!,Text
饌,そなえもの,"① ごちそう。豪華な食事。
② そなえる。ごちそうをすすめる。
③ そなえる。そなえもの。神に米などの食物を供える。",Type the reading!,Text
饌える,そなえる,"① ごちそう。豪華な食事。
② そなえる。ごちそうをすすめる。
③ そなえる。そなえもの。神に米などの食物を供える。",Type the reading!,Text
饐える,すえる,"【A】イすえる。食べ物がくさって、すっぱくなる。
【B】エツむせぶ。むせる。飲食物がのどにつまる。＝噎",Type the reading!,Text
饐ぶ,むせぶ,"【A】イすえる。食べ物がくさって、すっぱくなる。
【B】エツむせぶ。むせる。飲食物がのどにつまる。＝噎",Type the reading!,Text
饑い,ひだるい,"① うえる。ひだるい。ひもじい。食物がとぼしく、腹が減る。
② 食物が不足している。農作物のできが悪い。",Type the reading!,Text
饑える,うえる,"① うえる。ひだるい。ひもじい。食物がとぼしく、腹が減る。
② 食物が不足している。農作物のできが悪い。",Type the reading!,Text
饒い,おおい,"① ゆたか。おおい。あまる。ありあまる。たくさんある。十分にある。
② ゆるす。大目にみる。豊かな心で許す。",Type the reading!,Text
饒か,ゆたか,"① ゆたか。おおい。あまる。ありあまる。たくさんある。十分にある。
② ゆるす。大目にみる。豊かな心で許す。",Type the reading!,Text
饒かにする,ゆたかにする,"① ゆたか。おおい。あまる。ありあまる。たくさんある。十分にある。
② ゆるす。大目にみる。豊かな心で許す。",Type the reading!,Text
饒る,あまる,"① ゆたか。おおい。あまる。ありあまる。たくさんある。十分にある。
② ゆるす。大目にみる。豊かな心で許す。",Type the reading!,Text
饕る,むさぼる,むさぼる。飲食物や財貨をむさぼる。,Type the reading!,Text
馗,みち,"① みち。九つの方向に通じる道。
② ほおぼね。頬の上部のあたりにある骨。
③ 「鍾馗（しょうき）」は、厄をはらう神の名。",Type the reading!,Text
馘る,"くびきる,みみきる","① くびきる。首を切る。
② みみきる。敵を殺したしるしとして、左の耳を切りとる。また、その切りとった耳。
【日本】くびきる。職をやめさせる。首にする。免職する。",Type the reading!,Text
馥しい,かんばしい,"① かおり。よいにおい。
② かおる。かんばしい。よいにおいがする。",Type the reading!,Text
馥り,かおり,"① かおり。よいにおい。
② かおる。かんばしい。よいにおいがする。",Type the reading!,Text
馥る,かおる,"① かおり。よいにおい。
② かおる。かんばしい。よいにおいがする。",Type the reading!,Text
馭べる,すべる,"① あやつる。馬を上手くあやつる。また、その人。
② のる。馬に乗る。馬を乗りこなす。
③ のりもの。馬車。
④ おさめる。すべる。人をうまくあやつる。",Type the reading!,Text
馭める,おさめる,"① あやつる。馬を上手くあやつる。また、その人。
② のる。馬に乗る。馬を乗りこなす。
③ のりもの。馬車。
④ おさめる。すべる。人をうまくあやつる。",Type the reading!,Text
馭る,"あやつる,のる","① あやつる。馬を上手くあやつる。また、その人。
② のる。馬に乗る。馬を乗りこなす。
③ のりもの。馬車。
④ おさめる。すべる。人をうまくあやつる。",Type the reading!,Text
馮く,つく,"【A】ヒョウ
① 馬が駆ける。馬が速く走る。
② しのぐ。はげしくせり合う。
③ よる。よりかかる。もたれる。
④ よる。たのむ。たよる。たよりにする。
⑤ かちわたる。川を歩いて渡る。
⑥ いかる。おこる。いきどおる。
【B】フウ姓の一つ。",Type the reading!,Text
馮む,たのむ,"【A】ヒョウ
① 馬が駆ける。馬が速く走る。
② しのぐ。はげしくせり合う。
③ よる。よりかかる。もたれる。
④ よる。たのむ。たよる。たよりにする。
⑤ かちわたる。川を歩いて渡る。
⑥ いかる。おこる。いきどおる。
【B】フウ姓の一つ。",Type the reading!,Text
馮る,"いかる,かちわたる,よる","【A】ヒョウ
① 馬が駆ける。馬が速く走る。
② しのぐ。はげしくせり合う。
③ よる。よりかかる。もたれる。
④ よる。たのむ。たよる。たよりにする。
⑤ かちわたる。川を歩いて渡る。
⑥ いかる。おこる。いきどおる。
【B】フウ姓の一つ。",Type the reading!,Text
駑い,"にぶい,のろい","① のろい。のろい馬。にぶい馬。
② のろい。にぶい。おろか。劣る。",Type the reading!,Text
駑か,おろか,"① のろい。のろい馬。にぶい馬。
② のろい。にぶい。おろか。劣る。",Type the reading!,Text
駘い,にぶい,"【A】タイ・ダイ
① にぶい。のろい。のろい馬。また、愚かな人。
② 馬のくつわをはずす。また、くつわがはずれる。
【B】タイ・ダイ「駘蕩（たいとう）」は、まとまりのないさま。気ままなさま。また、のどかでのんびりしているさま。",Type the reading!,Text
駘む,ふむ,"【A】タイ・ダイ
① にぶい。のろい。のろい馬。また、愚かな人。
② 馬のくつわをはずす。また、くつわがはずれる。
【B】タイ・ダイ「駘蕩（たいとう）」は、まとまりのないさま。気ままなさま。また、のどかでのんびりしているさま。",Type the reading!,Text
駛い,はやい,"① はせる。速く走る。また、馬車を速く走らせる。
② はやい。にわか。速度がはやい。",Type the reading!,Text
駛せる,はせる,"① はせる。速く走る。また、馬車を速く走らせる。
② はやい。にわか。速度がはやい。",Type the reading!,Text
駝,らくだ,"① らくだ。ラクダ科の動物。
② のせる。家畜の背に荷物をのせる。
③ 「駝鳥（だちょう）」は、ダチョウ科の鳥。",Type the reading!,Text
駢ぶ,ならぶ,"① ならぶ。ならべる。二頭の馬を並べる。
② ならぶ。ならべる。二つのものを並べる。対にする。",Type the reading!,Text
駢べる,ならべる,"① ならぶ。ならべる。二頭の馬を並べる。
② ならぶ。ならべる。二つのものを並べる。対にする。",Type the reading!,Text
駭かす,おどろかす,"① おどろく。おどろかす。びっくりする。
② みだれる。みだす。騒ぎをおこす。",Type the reading!,Text
駭く,おどろく,"① おどろく。おどろかす。びっくりする。
② みだれる。みだす。騒ぎをおこす。",Type the reading!,Text
駭れる,みだれる,"① おどろく。おどろかす。びっくりする。
② みだれる。みだす。騒ぎをおこす。",Type the reading!,Text
駮,"ぶち,まだら,まゆみ","① 想像上の猛獣の名。馬に似た形をしているとされる。
② まだら。毛色が同じでない。＝駁
③ まじる。入りまじる。純粋でない。＝駁
④ なじる。反論する。非難する。＝駁
⑤ まゆみ。ニシキギ科の落葉低木。",Type the reading!,Text
駮る,なじる,"① 想像上の猛獣の名。馬に似た形をしているとされる。
② まだら。毛色が同じでない。＝駁
③ まじる。入りまじる。純粋でない。＝駁
④ なじる。反論する。非難する。＝駁
⑤ まゆみ。ニシキギ科の落葉低木。",Type the reading!,Text
駱,"かわらげ,らくだ","① かわらげ。黒いたてがみを持つ白馬。
② 「駱駝（らくだ）」はラクダ科の動物。
③ 「駱越（らくえつ）」は、南方に住む民族。",Type the reading!,Text
駸る,はしる,「駸駸（しんしん）」は馬が速く走るさま。また、物事の進行が速いさま。,Type the reading!,Text
駻,あらうま,あらうま。はねうま。気性の荒い馬。,Type the reading!,Text
騁せる,はせる,"① はせる。馬を走らせる。
② はせる。まっすぐに走る。まっしぐらに進む。
③ はせる。ほしいまま。気ままにする。",Type the reading!,Text
騅,あしげ,"① あしげ。白色の毛の中に黒色などの毛のまざった馬。
② 楚の項羽（こうう）の愛馬の名。",Type the reading!,Text
騈ぶ,ならぶ,"① ならぶ。ならべる。二頭の馬を並べる。
② ならぶ。ならべる。二つのものを並べる。対にする。",Type the reading!,Text
騈べる,ならべる,"① ならぶ。ならべる。二頭の馬を並べる。
② ならぶ。ならべる。二つのものを並べる。対にする。",Type the reading!,Text
騙す,だます,"① だます。かたる。あざむく。たばかる。
② 勢いよく、馬にとび乗る。",Type the reading!,Text
騙る,かたる,"① だます。かたる。あざむく。たばかる。
② 勢いよく、馬にとび乗る。",Type the reading!,Text
騫ける,かける,"① かける。そこなう。欠けて不足する。
② かかげる。あげる。つまんであげる。たくし上げる。
③ とぶ。とびあがる。軽々しい。
④ あやまる。あやまち。",Type the reading!,Text
騫げる,かかげる,"① かける。そこなう。欠けて不足する。
② かかげる。あげる。つまんであげる。たくし上げる。
③ とぶ。とびあがる。軽々しい。
④ あやまる。あやまち。",Type the reading!,Text
騫ぶ,とぶ,"① かける。そこなう。欠けて不足する。
② かかげる。あげる。つまんであげる。たくし上げる。
③ とぶ。とびあがる。軽々しい。
④ あやまる。あやまち。",Type the reading!,Text
騫る,あやまる,"① かける。そこなう。欠けて不足する。
② かかげる。あげる。つまんであげる。たくし上げる。
③ とぶ。とびあがる。軽々しい。
④ あやまる。あやまち。",Type the reading!,Text
騭める,さだめる,"① のぼる。のぼす。高く上がる。高くあげる。＝陟
② おすうま。雄の馬。
③ さだめる。きめる。安定させる。",Type the reading!,Text
騭る,のぼる,"① のぼる。のぼす。高く上がる。高くあげる。＝陟
② おすうま。雄の馬。
③ さだめる。きめる。安定させる。",Type the reading!,Text
騾,らば,らば。雄のロバと雌の馬の交雑種。,Type the reading!,Text
驀,まっしぐら,"① のる。馬に乗る。
② まっしぐら。ひたすら。突き進む。
③ のりこえる。こえる。
④ たちまち。にわかに。急に。",Type the reading!,Text
驀える,のりこえる,"① のる。馬に乗る。
② まっしぐら。ひたすら。突き進む。
③ のりこえる。こえる。
④ たちまち。にわかに。急に。",Type the reading!,Text
驀ち,たちまち,"① のる。馬に乗る。
② まっしぐら。ひたすら。突き進む。
③ のりこえる。こえる。
④ たちまち。にわかに。急に。",Type the reading!,Text
驀る,のる,"① のる。馬に乗る。
② まっしぐら。ひたすら。突き進む。
③ のりこえる。こえる。
④ たちまち。にわかに。急に。",Type the reading!,Text
驂,そえうま,"① 三頭立ての馬車。三頭の馬を一台の車につける。
② そえうま。四頭立ての馬車の外側の二頭の馬。
③ そえのり。貴人の護衛として同乗する人。",Type the reading!,Text
驂り,そえのり,"① 三頭立ての馬車。三頭の馬を一台の車につける。
② そえうま。四頭立ての馬車の外側の二頭の馬。
③ そえのり。貴人の護衛として同乗する人。",Type the reading!,Text
驃,しらかげ,"① しらかげ。白毛のまじる黄色い馬。
② 馬が駆けるさま。馬が速く走るさま。
③ つよい。勇ましい。",Type the reading!,Text
驃い,つよい,"① しらかげ。白毛のまじる黄色い馬。
② 馬が駆けるさま。馬が速く走るさま。
③ つよい。勇ましい。",Type the reading!,Text
驍い,つよい,"① すぐれた馬。良馬。
② つよい。たけし。たけだけしい。勇ましい。",Type the reading!,Text
驍し,たけし,"① すぐれた馬。良馬。
② つよい。たけし。たけだけしい。勇ましい。",Type the reading!,Text
驕,ほしいまま,"① 高さ六尺の馬。たけの高い馬。
② おごる。たかぶる。おごりたかぶる。
③ つよい。さかん。元気がよい。
④ ほしいまま。気まま。",Type the reading!,Text
驕い,つよい,"① 高さ六尺の馬。たけの高い馬。
② おごる。たかぶる。おごりたかぶる。
③ つよい。さかん。元気がよい。
④ ほしいまま。気まま。",Type the reading!,Text
驕る,おごる,"① 高さ六尺の馬。たけの高い馬。
② おごる。たかぶる。おごりたかぶる。
③ つよい。さかん。元気がよい。
④ ほしいまま。気まま。",Type the reading!,Text
驕ん,さかん,"① 高さ六尺の馬。たけの高い馬。
② おごる。たかぶる。おごりたかぶる。
③ つよい。さかん。元気がよい。
④ ほしいまま。気まま。",Type the reading!,Text
驟,しばしば,"① はしる。はせる。馬が速く走る。
② はやい。にわか。急に。突然。
③ しばしば。たびたび。",Type the reading!,Text
驟い,はやい,"① はしる。はせる。馬が速く走る。
② はやい。にわか。急に。突然。
③ しばしば。たびたび。",Type the reading!,Text
驟か,にわか,"① はしる。はせる。馬が速く走る。
② はやい。にわか。急に。突然。
③ しばしば。たびたび。",Type the reading!,Text
驟る,はしる,"① はしる。はせる。馬が速く走る。
② はやい。にわか。急に。突然。
③ しばしば。たびたび。",Type the reading!,Text
驢,"うさぎうま,ろば",うさぎうま。ろば。ウマ科の動物。,Type the reading!,Text
驤い,はやい,"① あがる。あげる。馬が首を上げてはしる。
② あがる。あげる。高くあがる。
③ はしる。はやい。速くはしる。",Type the reading!,Text
驤がる,あがる,"① あがる。あげる。馬が首を上げてはしる。
② あがる。あげる。高くあがる。
③ はしる。はやい。速くはしる。",Type the reading!,Text
驤げる,あげる,"① あがる。あげる。馬が首を上げてはしる。
② あがる。あげる。高くあがる。
③ はしる。はやい。速くはしる。",Type the reading!,Text
驤る,はしる,"① あがる。あげる。馬が首を上げてはしる。
② あがる。あげる。高くあがる。
③ はしる。はやい。速くはしる。",Type the reading!,Text
驩び,よろこび,よろこぶ。よろこび。喜び楽しむ。＝歓,Type the reading!,Text
驩ぶ,よろこぶ,よろこぶ。よろこび。喜び楽しむ。＝歓,Type the reading!,Text
驪,くろうま,"① くろうま。黒い毛色の馬。
② くろい。色が黒い。
③ ならべる。馬を並べる。また、馬を並べてつないだ二頭立ての馬車。",Type the reading!,Text
驪い,くろい,"① くろうま。黒い毛色の馬。
② くろい。色が黒い。
③ ならべる。馬を並べる。また、馬を並べてつないだ二頭立ての馬車。",Type the reading!,Text
驪べる,ならべる,"① くろうま。黒い毛色の馬。
② くろい。色が黒い。
③ ならべる。馬を並べる。また、馬を並べてつないだ二頭立ての馬車。",Type the reading!,Text
骭,"あばら,すね,はぎ","① すね。はぎ。ひざからくるぶしまでの部分。また、すねの骨。
② あばら。あばら骨。",Type the reading!,Text
骰,"さい,さいころ",さい。さいころ。すごろくなどで使う道具。,Type the reading!,Text
骼,ほね,"① ほね。ほねぐみ。
② ほね。鳥や獣のほね。
③ ほね。朽ちたほね。",Type the reading!,Text
髀,もも,もも。足のひざから上の部分。また、ももの骨。大腿骨（だいたいこつ）。,Type the reading!,Text
髏,"されこうべ,しゃれこうべ",「髑髏（どくろ）」は、雨風にさらされた頭蓋骨。されこうべ。しゃれこうべ。,Type the reading!,Text
髑,"されこうべ,しゃれこうべ",「髑髏（どくろ）」は、雨風にさらされた頭蓋骨。されこうべ。しゃれこうべ。,Type the reading!,Text
髢,かもじ,かもじ。少ない髪にそえ足す髪。,Type the reading!,Text
髣か,"かすか,ほのか",「髣髴（ほうふつ）」は、よく似ているさま。また、ぼんやりしているさま。ほのか。かすか。,Type the reading!,Text
髣る,にる,「髣髴（ほうふつ）」は、よく似ているさま。また、ぼんやりしているさま。ほのか。かすか。,Type the reading!,Text
髥,"ひげ,ほおひげ","① ひげ。ほおひげ。ほおに生えたひげ。
② ひげの多い人。ひげづらの人。",Type the reading!,Text
髦,"さげがみ,たてがみ,たれがみ","① たれがみ。さげがみ。眉近くまで垂れた子どもの髪。
② 長い髪の毛。目立って長い毛。
③ すぐれる。ぬきんでる。すぐれた人物。
④ たてがみ。馬のたてがみ。",Type the reading!,Text
髦れる,すぐれる,"① たれがみ。さげがみ。眉近くまで垂れた子どもの髪。
② 長い髪の毛。目立って長い毛。
③ すぐれる。ぬきんでる。すぐれた人物。
④ たてがみ。馬のたてがみ。",Type the reading!,Text
髫,"うない,たれがみ","① うない。たれがみ。うなじのあたりまで垂れた子どもの髪。
② 子ども。垂れ髪をした幼児。",Type the reading!,Text
髯,"ひげ,ほおひげ","① ひげ。ほおひげ。ほおに生えたひげ。
② ひげの多い人。ひげづらの人。",Type the reading!,Text
髱,"たぼ,つと","ひげが多いさま。ひげが濃いさま。
【日本】たぼ。つと。女性の結髪で、後方に張り出した部分。転じて若い女性。",Type the reading!,Text
髴か,ほのか,「髣髴（ほうふつ）」は、よく似ているさま。また、ぼんやりしているさま。ほのか。かすか。,Type the reading!,Text
髴る,にる,「髣髴（ほうふつ）」は、よく似ているさま。また、ぼんやりしているさま。ほのか。かすか。,Type the reading!,Text
髷,"まげ,まるまげ,わげ","① まげて束ねた髪。巻き髪。
② ちぢれた髪。ちぢれ毛。
【日本】まげ。わげ。まるまげ。髪を束ねて結った昔の髪型。",Type the reading!,Text
髻,"たぶさ,みずら,もとどり","【A】ケイもとどり。たぶさ。髪を頭の上で束ねたところ。
【B】キツ・ケツかまどの神。赤い衣を身につけた美女の姿とされる。
【日本】みずら。上代の男子の髪型。",Type the reading!,Text
鬆,す,"① あらい。細かくない。
② ゆるい。ゆるんでいる。しまりがない。
③ 髪が乱れているさま。
【日本】す。大根やごぼうなどの芯に生じるすきま。",Type the reading!,Text
鬆い,"あらい,ゆるい","① あらい。細かくない。
② ゆるい。ゆるんでいる。しまりがない。
③ 髪が乱れているさま。
【日本】す。大根やごぼうなどの芯に生じるすきま。",Type the reading!,Text
鬘,"かずら,かつら","① かずら。髪かざり。花かんざし。
② 髪の垂れさがるさま。髪の美しいさま。
【日本】かつら。かずら。人工の頭髪。髪型を作り、頭にかぶるもの。また、地毛に添え足すもの。",Type the reading!,Text
鬚,"あごひげ,ひげ","① ひげ。あごひげ。あごに生えたひげ。
② ひげ。動物の口に生えたひげ。
③ ひげ。ひげ状のもの。",Type the reading!,Text
鬟,"みずら,わげ","① みずら。わげ。髪を束ねて輪にしたもの。
② 下女。召し使いの女性。
【日本】みずら。上代の男子の髪型。",Type the reading!,Text
鬣,たてがみ,"① たてがみ。動物の首にすじに生えた長い毛。
② ひげ。あごひげ。あごに生えたひげ。",Type the reading!,Text
鬧がしい,さわがしい,"① さわぐ。さわがしい。にぎやかなさま。
② みだれる。みだす。かきみだす。
③ あらそう。あらそい。",Type the reading!,Text
鬧ぐ,さわぐ,"① さわぐ。さわがしい。にぎやかなさま。
② みだれる。みだす。かきみだす。
③ あらそう。あらそい。",Type the reading!,Text
鬨,とき,"① とき。ときのこえ。戦場で士気を高めるためにあげる声。
② たたかう。ときの声をあげてたたかう。
③ さわぐ。さわがしい。",Type the reading!,Text
鬨う,たたかう,"① とき。ときのこえ。戦場で士気を高めるためにあげる声。
② たたかう。ときの声をあげてたたかう。
③ さわぐ。さわがしい。",Type the reading!,Text
鬨がしい,さわがしい,"① とき。ときのこえ。戦場で士気を高めるためにあげる声。
② たたかう。ときの声をあげてたたかう。
③ さわぐ。さわがしい。",Type the reading!,Text
鬨ぐ,さわぐ,"① とき。ときのこえ。戦場で士気を高めるためにあげる声。
② たたかう。ときの声をあげてたたかう。
③ さわぐ。さわがしい。",Type the reading!,Text
鬩ぐ,せめぐ,せめぐ。言い争う。憎しみ争う。,Type the reading!,Text
鬮,くじ,"① くじ。おみくじ。選びとるくじ。
② たたかいとる。たたかって勝ち取る。",Type the reading!,Text
鬮る,たたかいとる,"① くじ。おみくじ。選びとるくじ。
② たたかいとる。たたかって勝ち取る。",Type the reading!,Text
鬯,においざけ,"① うこん。鬱金（うっこん）。ショウガ科の多年草。
② においざけ。祭祀用の香りのよいお酒。
③ のびる。のびのびとする。＝暢
④ ゆぶくろ。ゆみぶくろ。弓を入れる袋。",Type the reading!,Text
鬯びる,のびる,"① うこん。鬱金（うっこん）。ショウガ科の多年草。
② においざけ。祭祀用の香りのよいお酒。
③ のびる。のびのびとする。＝暢
④ ゆぶくろ。ゆみぶくろ。弓を入れる袋。",Type the reading!,Text
鬻,かゆ,"【A】シュクかゆ。おかゆ。多めの水で、米をやわらかく煮たもの。＝粥
【B】イク
① ひさぐ。売る。
② そだてる。やしなう。＝育",Type the reading!,Text
鬻ぐ,ひさぐ,"【A】シュクかゆ。おかゆ。多めの水で、米をやわらかく煮たもの。＝粥
【B】イク
① ひさぐ。売る。
② そだてる。やしなう。＝育",Type the reading!,Text
魃,ひでり,"① ひでりの神。ひでりをおこす神。
② ひでり。水がかれる。干害。",Type the reading!,Text
魄,たましい,"【A】ハク
① たましい。体の中に宿り、肉体をつかさどる精気。「魂」は陽、「魄」は陰の精気。「魂」は精神、「魄」は肉体をつかさどるもの。生きている人にはこの二つが宿るとされる。
② 月の光。細い月のかげの部分。
【B】タク「落魄（らくたく・らくはく）」は、おちぶれること。おちぶれたさま。",Type the reading!,Text
魍,"すだま,もののけ",すだま。もののけ。化け物。山水や木石などの自然界の精気から出る怪物。,Type the reading!,Text
魎,"すだま,もののけ",すだま。もののけ。化け物。山水や木石などの自然界の精気から出る怪物。,Type the reading!,Text
魏い,たかい,"① たかい。高く大きい。高大。
② 国名。戦国時代の七雄の一つ。
③ 国名。三国時代の三国の一つ。",Type the reading!,Text
魑,"すだま,もののけ",すだま。もののけ。化け物。山林の精気から出る怪物。,Type the reading!,Text
魘される,うなされる,うなされる。おそわれる。おそろしい夢をみる。悪夢をみる。,Type the reading!,Text
魘われる,おそわれる,うなされる。おそわれる。おそろしい夢をみる。悪夢をみる。,Type the reading!,Text
魞,えり,えり。水中に細い竹を並べて、魚を捕るための仕掛け。,Type the reading!,Text
魬,はまち,"ひらめ。かれい。魚の名。ヒラメ科の淡水魚。
【日本】はまち。ぶりの若魚。アジ科の海水魚。出世魚。",Type the reading!,Text
魳,かます,"【A】シ毒をもつ魚。毒魚。＝鰤
【B】ソウ魚の名。
【日本】かます。魚の名。",Type the reading!,Text
魴,"おしきうお,かがみだい","おしきうお。淡水魚。
【日本】かがみだい。かがみうお。",Type the reading!,Text
魸,なまず,なまず。ナマズ科の淡水魚。,Type the reading!,Text
鮃,ひらめ,ひらめ。ヒラメ科の海魚。,Type the reading!,Text
鮇,いわな,いわな。川魚の名。,Type the reading!,Text
鮑,あわび,"① しおうお。ひもの。魚をひらいて塩漬けにしたもの。＝蚫
② あわび。貝の一種。＝蚫",Type the reading!,Text
鮓,すし,"すし。なれずし。塩漬けなどにした保存食用の魚。
【日本】すし。酢や塩を加えた飯と、魚肉や野菜をあわせたもの。",Type the reading!,Text
鮖,かじか,かじか。カジカ科の淡水魚。＝鰍,Type the reading!,Text
鮗,このしろ,このしろ。ニシン科の海水魚。こはだが成長したもの。つなしとも。,Type the reading!,Text
鮠,"はえ,はや","なまずに似た魚の名。
【日本】はや。はえ。おいかわ。淡水魚の名。",Type the reading!,Text
鮨,すし,"【A】キ・シうおびしお。魚の塩辛。
【B】ゲイ
① さんしょううお。いもりに似た両生類。
② はた。ハタ科の魚。
③ 伝説上の魚の名。
【日本】すし。酢や塩を加えた飯と、魚肉や野菜をあわせたもの。",Type the reading!,Text
鮱,おおぼら,おおぼら。魚の名。ぼらが十分に成長したもの。,Type the reading!,Text
鮲,"こち,まて","① こち。魚の名。コチ科の海魚。牛尾魚（こち）。
② まて。まてがい。貝の名。マテガイ科の二枚貝。馬刀貝（まてがい）。",Type the reading!,Text
鮴,"ごり,めばる","① ごり。淡水魚の一種。かじかの別名。
② めばる。海水魚の一種。",Type the reading!,Text
鮸,にべ,にべ。魚の名。ニベ科の海魚。鳴くような音を出す魚として知られている。,Type the reading!,Text
鮹,たこ,"魚の名。二又に分かれた尾をもつ魚。
【日本】たこ。八本の足をもつ軟体動物。",Type the reading!,Text
鯊,はぜ,"① はぜ。すなふき。
② さめ。海水魚の一種。",Type the reading!,Text
鯎,うぐい,うぐい。魚の名。コイ科の淡水魚。あかはら。,Type the reading!,Text
鯏,"あさり,うぐい","① あさり。浅い海の砂に住む二枚貝。
② うぐい。コイ科の淡水魚。",Type the reading!,Text
鯐,すばしり,すばしり。鰡（ぼら）の幼魚。,Type the reading!,Text
鯑,かずのこ,かずのこ。鰊（にしん）の卵を乾燥、また塩漬けにして食品にしたもの。,Type the reading!,Text
鯒,こち,こち。海水魚の名。,Type the reading!,Text
鯔,"いな,ぼら",ぼら。ボラ科の海水魚。また、その幼魚。いな。,Type the reading!,Text
鯡,"にしん,はらご,はららご","① はららご。はらご。魚の卵。
② にしん。ニシン科の海水魚。＝鰊",Type the reading!,Text
鯢,"さんしょううお,めくじら","① さんしょううお。いもりに似た両生類。
② めくじら。くじらの雌。雄を「鯨」という。
③ ちいさい魚。小魚。",Type the reading!,Text
鯣,するめ,"魚の名。詳細不明。
【日本】するめ。いかの内臓を取り除いて乾燥させた食品。",Type the reading!,Text
鯰,なまず,なまず。ナマズ科の淡水魚。,Type the reading!,Text
鯱,"しゃち,しゃちほこ","① しゃち。マイルカ科の哺乳類。いるかの仲間。
② しゃち。しゃちほこ。頭は虎に似て、背中に鋭いとげをもつ想像上の動物。また、その形をかたどったもの。城の屋根などに飾られる。",Type the reading!,Text
鯲,どじょう,どじょう。ドジョウ科の淡水魚。,Type the reading!,Text
鰄,"かいらぎ,さめ","魚の名前。詳細不明。
【日本】かいらぎ。さめの皮。刀の鞘（さや）・束（つか）などの装飾に用いる。",Type the reading!,Text
鰆,さわら,さわら。サバ科の魚。馬鮫魚（ばこうぎょ）。,Type the reading!,Text
鰈,かれい,かれい。カレイ科の海水魚。体の右側に二つの目がある。,Type the reading!,Text
鰉,ひがい,"ちょうざめ。チョウザメ科の魚。
【日本】ひがい。コイ科の淡水魚。明治天皇が好んだことから「皇」が当てられた。",Type the reading!,Text
鰊,にしん,"小魚の名。詳細不明。
【日本】にしん。ニシン科の海水魚。＝鯡",Type the reading!,Text
鰌,どじょう,どじょう。ドジョウ科の淡水魚。＝鰍,Type the reading!,Text
鰒,"あわび,ふぐ","あわび。ミミガイ科の巻貝。
【日本】ふぐ。ふく。フグ科の海水魚。",Type the reading!,Text
鰓,"あぎと,えら","【A】サイえら。あぎと。水中で生活する動物の呼吸器官。
【B】シ「鰓鰓（しし）」は恐れたり、心配したりするさま。",Type the reading!,Text
鰔,かれい,"【A】カン魚の名。かれいの類。
【B】カン魚の名。コイ科の淡水魚。",Type the reading!,Text
鰕,えび,"① えび。海老。甲殻類の一種。＝蝦
② さんしょううお。いもりに似た両生類。＝鯢
③ めくじら。くじらの雌。＝鯢",Type the reading!,Text
鰘,むろあじ,むろあじ。魚の名。アジ科の海魚。室鰺（むろあじ）。,Type the reading!,Text
鰙,"はえ,はや,わかさぎ","魚の名。ヒラメ科の海魚。
【日本】
① はえ。はや。魚の名。コイ科の淡水魚。
② わかさぎ。魚の名。ワカサギ科の海魚。",Type the reading!,Text
鰚,はらか,はらか。魚の名。鮸（にべ）や鱒（ます）の別名。,Type the reading!,Text
鰛,いわし,いわし。ニシン科の海水魚。＝鰯,Type the reading!,Text
鰤,ぶり,"毒をもつ魚。毒魚。
【日本】ぶり。アジ科の海水魚。出世魚。",Type the reading!,Text
鰥,"やもお,やもめ","① やもお。おとこやもめ。年老いて妻のいない男性。
② やむ。なやむ。うれえる。心配する。",Type the reading!,Text
鰥む,やむ,"① やもお。おとこやもめ。年老いて妻のいない男性。
② やむ。なやむ。うれえる。心配する。",Type the reading!,Text
鰧,おこぜ,おこぜ。おにおこぜ。魚の名。カサゴ目の海魚。,Type the reading!,Text
鰮,いわし,いわし。ニシン科の海水魚。＝鰯,Type the reading!,Text
鰰,はたはた,はたはた。ハタハタ科の海水魚。かみなりうおとも。,Type the reading!,Text
鰾,"うきぶくろ,ふえ",うきぶくろ。ふえ。魚の腹の中にあり、浮き沈みを調節する器官。,Type the reading!,Text
鱆,たこ,たこ。八本の足をもつ軟体動物。,Type the reading!,Text
鱏,えい,"① へらちょうざめ。魚の名。ヘラチョウザメ科の魚。
② 「鱏鰉（じんこう）」は、魚の名。ちょうざめ。
【日本】えい。魚の名。エイ科の海魚。",Type the reading!,Text
鱓,"うつぼ,ごまめ","【A】センたうなぎ。魚の名。タウナギ科の淡水魚。
【B】タわに。爬虫類の名。アリゲーター科の爬虫類。
【日本】
① うつぼ。魚の名。ウツボ科の海魚。鰻（うなぎ）に似ている。
② ごまめ。かたくちいわしの幼魚を乾燥させた食品。たづくり。",Type the reading!,Text
鱚,きす,きす。キス科の海水魚。,Type the reading!,Text
鱛,えそ,えそ。魚の名。海魚の一種。,Type the reading!,Text
鱟,かぶとがに,"① かぶとがに。カブトガニ科の節足動物。鱟魚（こうぎょ）。
② 虹の俗称。",Type the reading!,Text
鱠,なます,なます。細かく切った魚肉。＝膾,Type the reading!,Text
鱧,はも,"タイワンドジョウ科の淡水魚。雷魚。
【日本】はも。ハモ科の海水魚。体が細長く、うなぎに似ている。",Type the reading!,Text
鱩,はたはた,はたはた。ハタハタ科の海水魚。かみなりうおとも。,Type the reading!,Text
鱲,からすみ,"おいかわ。魚の名。コイ科の淡水魚。
【日本】からすみ。鯔（ぼら）などの卵巣を塩漬けにして乾燥させた食品。",Type the reading!,Text
鱶,ふか,"ひもの。ほしうお。干した魚。
【日本】ふか。大型のさめ。",Type the reading!,Text
鱸,すずき,"① すずき。スズキ科の海水魚。出世魚。
② カジカ科の魚。はぜに似ている。",Type the reading!,Text
鳧,"かも,けり","かも。野がも。カモ科の水鳥。
【日本】
① けり。チドリ科の水鳥。
② 過去の助動詞「けり」に当てて用いられる字。
③ きまり。決着。結末。",Type the reading!,Text
鳬,"かも,けり","かも。野がも。カモ科の水鳥。
【日本】
① けり。チドリ科の水鳥。
② 過去の助動詞「けり」に当てて用いられる字。
③ きまり。決着。結末。",Type the reading!,Text
鳰,にお,にお。カイツブリ科の水鳥。かいつぶりの別名。,Type the reading!,Text
鴂,もず,"【A】ケツ
① 「鸋鴂（ねいけつ）」はみそさざい。ミソサザイ科の鳥の名。
② 「鶗鴂（ていけつ）」は、鳥の名。杜鵑（ほととぎす）。カッコウ科の鳥。 
【B】ゲキもず。百舌。モズ科の鳥。",Type the reading!,Text
鴃,もず,"【A】ケツ
① 「鸋鴃（ねいけつ・でいけつ）」はみそさざい。ミソサザイ科の鳥の名。
② 「鶗鴃（ていけつ）」は、鳥の名。杜鵑（ほととぎす）。カッコウ科の鳥。 
【B】ゲキもず。百舌。モズ科の鳥。",Type the reading!,Text
鴉,からす,"① からす。カラス科の鳥。
② くろい。黒いもの、黒い色のたとえ。",Type the reading!,Text
鴕,だちょう,だちょう。アフリカやアラビアなどの砂漠に生息する鳥。,Type the reading!,Text
鴟,"とび,ふくろう","① とび。とんび。タカ科の鳥。
② ふくろう。鳥の名。",Type the reading!,Text
鴥い,はやい,はやい。鳥がはやく飛ぶさま。,Type the reading!,Text
鴪い,はやい,はやい。鳥がはやく飛ぶさま。,Type the reading!,Text
鴾,"つき,とき","「鴾母（ぼうぼ）」はミフウズラ科の鳥。みふうずら。ふなしうずら。
【日本】とき。つき。トキ科の鳥。",Type the reading!,Text
鴿,"いえばと,どばと,はと",はと。いえばと。どばと。ハト科の鳥。,Type the reading!,Text
鵄,とび,とび。とんび。タカ科の鳥。＝鴟,Type the reading!,Text
鵆,ちどり,ちどり。千鳥。チドリ科の鳥。水辺に住む。,Type the reading!,Text
鵇,とき,"① とき。鳥の名。ペリカン目トキ科の鳥。
② 淡紅色。トキの羽の裏側のような色。",Type the reading!,Text
鵑,ほととぎす,「杜鵑（とけん）」はほととぎすのこと。カッコウ科の鳥。,Type the reading!,Text
鵙,もず,もず。百舌。モズ科の鳥。,Type the reading!,Text
鵝,がちょう,がちょう。カモ科の水鳥。雁（がん）を家禽化したもの。,Type the reading!,Text
鵞,がちょう,がちょう。カモ科の水鳥。雁（がん）を家禽化したもの。,Type the reading!,Text
鵤,"いかる,いかるが",いかる。いかるが。アトリ科の鳥。,Type the reading!,Text
鵥,かけす,かけす。鳥の名。スズメ目カラス科の鳥。他の鳥の鳴き声をまねる。,Type the reading!,Text
鵯,"ひよ,ひよどり","「鵯鶋（ひっきょ）」は、鳥の名。カラス科の鳥。
【日本】ひよどり。ひよ。ヒヨドリ科の鳥。",Type the reading!,Text
鵲,かささぎ,かささぎ。鳥の名。カラス科の鳥。,Type the reading!,Text
鵺,ぬえ,"「白鵺（はくや）」はキジに似た鳥。
【日本】
① ぬえ。伝説上の怪獣の名。頭は猿（さる）、体は狸（たぬき）、手足は虎（とら）、尾は蛇（へび）に似るという。
② ぬえ。ツグミ科の鳥、とらつぐみの別名。",Type the reading!,Text
鶇,つぐみ,つぐみ。ツグミ科の小鳥。,Type the reading!,Text
鶉,うずら,うずら。キジ科の鳥。全長二十センチメートルほどの小さい鳥。,Type the reading!,Text
鶍,いすか,いすか。鳥の名。スズメ目アトリ科の鳥,Type the reading!,Text
鶎,きくいただき,菊戴（きくいただき）。鳥の名。スズメ目キクイタダキ科の鳥。とても小さい。,Type the reading!,Text
鶚,みさご,みさご。ミサゴ科（タカ科）の鳥。水辺に住み、魚を捕食する。,Type the reading!,Text
鶤,"しゃも,とうまる",「鶤鶏（こんけい）」は、大型のにわとり。鳳凰（ほうおう）の別称。とうまる。,Type the reading!,Text
鶩,あひる,あひる。飼いならしたかも。,Type the reading!,Text
鶪,もず,もず。百舌。モズ科の鳥。,Type the reading!,Text
鶫,つぐみ,つぐみ。ツグミ科の小鳥。,Type the reading!,Text
鶲,ひたき,ひたき。ヒタキ科の小鳥。森林に住む鳥。,Type the reading!,Text
鶸,ひわ,"とうまる。大型のにわとり。
【日本】ひわ。アトリ科の鳥。",Type the reading!,Text
鶻,"くまたか,はやぶさ","【A】コツ「鶻鵃（こっちょう）」は、鳥の名。ハトに似た鳥。
【B】コツ
① はやぶさ。ハヤブサ科の鳥。
② くまたか。タカ科の鳥。",Type the reading!,Text
鷂,"はいたか,はしたか",はしたか。はいたか。タカ科の鳥。,Type the reading!,Text
鷆,よたか,よたか。ヨタカ科の鳥。蚊母鳥（ぶんぼちょう）とも。,Type the reading!,Text
鷙,あらどり,"① あらどり。ワシやタカのような猛鳥のこと。凶暴な鳥。
② あらい。あらあらしい。
③ うつ。こわす。あばれる。",Type the reading!,Text
鷙い,あらい,"① あらどり。ワシやタカのような猛鳥のこと。凶暴な鳥。
② あらい。あらあらしい。
③ うつ。こわす。あばれる。",Type the reading!,Text
鷙つ,うつ,"① あらどり。ワシやタカのような猛鳥のこと。凶暴な鳥。
② あらい。あらあらしい。
③ うつ。こわす。あばれる。",Type the reading!,Text
鷦,みそさざい,"① 「鷦鷯（しょうりょう）」は、ミソサザイ科の鳥。みそさざい。
② 「鷦鵬（しょうほう）」「鷦明（しょうめい）」は、伝説上の鳥。鳳凰（ほうおう）の類。",Type the reading!,Text
鷸,"かわせみ,しぎ","① しぎ。シギ科の水鳥。
② かわせみ。カワセミ科の水鳥。",Type the reading!,Text
鷽,うそ,"さんじゃく。カラス科の鳥。かささぎに似ている。
【日本】うそ。うそどり。アトリ科の鳥。",Type the reading!,Text
鸛,こうのとり,こうのとり。コウノトリ科の鳥。,Type the reading!,Text
鸞,すず,"① 想像上の鳥。鳳凰（ほうおう）の一種。
② 天子の馬車につける鈴。
③ 天子に関するものにつける語。",Type the reading!,Text
鹵,"しお,しおち,たて","① しおち。しおつち。塩分を含んだ土地。
② しお。岩塩。海以外からとった天然の塩。
③ おろか。にぶい。＝魯
④ おろそか。軽々しい。いいかげん。
⑤ うばう。かすめる。かすめとる。
⑥ たて。矢を防ぐための大きな盾。",Type the reading!,Text
鹵う,うばう,"① しおち。しおつち。塩分を含んだ土地。
② しお。岩塩。海以外からとった天然の塩。
③ おろか。にぶい。＝魯
④ おろそか。軽々しい。いいかげん。
⑤ うばう。かすめる。かすめとる。
⑥ たて。矢を防ぐための大きな盾。",Type the reading!,Text
鹵か,"おろそか,おろか","① しおち。しおつち。塩分を含んだ土地。
② しお。岩塩。海以外からとった天然の塩。
③ おろか。にぶい。＝魯
④ おろそか。軽々しい。いいかげん。
⑤ うばう。かすめる。かすめとる。
⑥ たて。矢を防ぐための大きな盾。",Type the reading!,Text
鹹,しおけ,"① からい。しおからい。塩分が多い。
② しおけ。塩分。",Type the reading!,Text
鹹い,"からい,しおからい","① からい。しおからい。塩分が多い。
② しおけ。塩分。",Type the reading!,Text
麁,"くろごめ,ほぼ","① あらい。うとい。きめが荒い。粗末である。質がよくない。
② あらい。荒々しい。はげしい。大雑把である。
③ おおきい。
④ くろごめ。玄米。精白されていない米。
⑤ ほぼ。あらまし。大体。おおよそ。
⑥ 離れる。ばらばらになる。遠ざかる。",Type the reading!,Text
麁い,あらい,"① あらい。うとい。きめが荒い。粗末である。質がよくない。
② あらい。荒々しい。はげしい。大雑把である。
③ おおきい。
④ くろごめ。玄米。精白されていない米。
⑤ ほぼ。あらまし。大体。おおよそ。
⑥ 離れる。ばらばらになる。遠ざかる。",Type the reading!,Text
麁きい,おおきい,"① あらい。うとい。きめが荒い。粗末である。質がよくない。
② あらい。荒々しい。はげしい。大雑把である。
③ おおきい。
④ くろごめ。玄米。精白されていない米。
⑤ ほぼ。あらまし。大体。おおよそ。
⑥ 離れる。ばらばらになる。遠ざかる。",Type the reading!,Text
麇,"くじか,のろ","【A】キンくじか。のろ。のろじか。シカ科の動物。
【B】クンむらがる。むれる。群れをなす。",Type the reading!,Text
麇がる,むらがる,"【A】キンくじか。のろ。のろじか。シカ科の動物。
【B】クンむらがる。むれる。群れをなす。",Type the reading!,Text
麈,おおじか,おおじか。大型の鹿（しか）。その尾でちりをはらうための道具「払子（ほっす）」を作る。,Type the reading!,Text
麋,"おおじか,なれしか,まゆ","① おおじか。なれしか。シカ科の動物。
② まゆ。まゆ毛。
③ ほとり。みぎわ。水辺。
④ くだける。乱れる。",Type the reading!,Text
麋ける,くだける,"① おおじか。なれしか。シカ科の動物。
② まゆ。まゆ毛。
③ ほとり。みぎわ。水辺。
④ くだける。乱れる。",Type the reading!,Text
麌,おじか,"① おじか。雄の鹿（しか）。
② 「麌麌（ごご・ぐぐ）」は、動物が群がり集まるさま。",Type the reading!,Text
麑,かのこ,かのこ。鹿（しか）の子。,Type the reading!,Text
麕,"くじか,のろ","【A】キンくじか。のろ。のろじか。シカ科の動物。
【B】クンむらがる。むれる。群れをなす。",Type the reading!,Text
麕がる,むらがる,"【A】キンくじか。のろ。のろじか。シカ科の動物。
【B】クンむらがる。むれる。群れをなす。",Type the reading!,Text
麝,じゃこうじか,麝香鹿（じゃこうじか）。シカ科の動物。「麝香」は、じゃこうじかの腹部から採取した香料。,Type the reading!,Text
麤,"くろごめ,ほぼ","① あらい。うとい。きめが荒い。粗末である。質がよくない。
② あらい。荒々しい。はげしい。大雑把である。
③ おおきい。
④ くろごめ。玄米。精白されていない米。
⑤ ほぼ。あらまし。大体。おおよそ。
⑥ 離れる。ばらばらになる。遠ざかる。",Type the reading!,Text
麤い,あらい,"① あらい。うとい。きめが荒い。粗末である。質がよくない。
② あらい。荒々しい。はげしい。大雑把である。
③ おおきい。
④ くろごめ。玄米。精白されていない米。
⑤ ほぼ。あらまし。大体。おおよそ。
⑥ 離れる。ばらばらになる。遠ざかる。",Type the reading!,Text
麤きい,おおきい,"① あらい。うとい。きめが荒い。粗末である。質がよくない。
② あらい。荒々しい。はげしい。大雑把である。
③ おおきい。
④ くろごめ。玄米。精白されていない米。
⑤ ほぼ。あらまし。大体。おおよそ。
⑥ 離れる。ばらばらになる。遠ざかる。",Type the reading!,Text
麩,ふすま,"ふすま。小麦を粉にした後に残る皮のかす。
【日本】ふ。小麦粉のたんぱく質を主原料とした食品。",Type the reading!,Text
麭,こなもち,こなもち。小麦の粉で作っただんご。,Type the reading!,Text
麸,ふすま,"ふすま。小麦を粉にした後に残る皮のかす。
【日本】ふ。小麦粉のたんぱく質を主原料とした食品。",Type the reading!,Text
麾,さしずばた,"① さしまねく。手招きする。指図する。
② さしずばた。指揮をとるための旗。",Type the reading!,Text
麾く,さしまねく,"① さしまねく。手招きする。指図する。
② さしずばた。指揮をとるための旗。",Type the reading!,Text
黌,まなびや,まなびや。学校。,Type the reading!,Text
黎,もろもろ,"① くろい。色がくろい。また、くらい。
② おおい。たくさん。もろもろ。
③ ころあい。しおどき。",Type the reading!,Text
黎い,"おおい,くろい","① くろい。色がくろい。また、くらい。
② おおい。たくさん。もろもろ。
③ ころあい。しおどき。",Type the reading!,Text
黏る,ねばる,ねばる。ねばりけがある。,Type the reading!,Text
黐,"とりもち,もち",もち。とりもち。鳥をとらえるのに用いる、ねばりけのあるもち。,Type the reading!,Text
黔い,くろい,"① くろい。あさぐろい。
② くろむ。くろくなる。",Type the reading!,Text
黔む,くろむ,"① くろい。あさぐろい。
② くろむ。くろくなる。",Type the reading!,Text
黜ける,しりぞける,"① しりぞける。おとす。位をさげる。官職をやめさせる。追放する。
② へらす。数を減らす。",Type the reading!,Text
黜す,おとす,"① しりぞける。おとす。位をさげる。官職をやめさせる。追放する。
② へらす。数を減らす。",Type the reading!,Text
黝,くろ,"① くろい。あおぐろい。青黒い色。
② くらい。うすぐらい。",Type the reading!,Text
黝い,"あおぐろい,くろい","① くろい。あおぐろい。青黒い色。
② くらい。うすぐらい。",Type the reading!,Text
黝む,くろむ,"① くろい。あおぐろい。青黒い色。
② くらい。うすぐらい。",Type the reading!,Text
黠い,"さとい,わるがしこい","① わるがしこい。ずるい。ずるがしこい。
② さとい。さかしい。頭のはたらきがよい。",Type the reading!,Text
黠しい,さかしい,"① わるがしこい。ずるい。ずるがしこい。
② さとい。さかしい。頭のはたらきがよい。",Type the reading!,Text
黥,いれずみ,いれずみ。罪人の顔にいれずみをする。刑罰の一つ。,Type the reading!,Text
黯い,"くらい,くろい","① くろい。色が黒い。
② くらい。いたましい。心がくらい。気持ちが晴れない。",Type the reading!,Text
黯ましい,いたましい,"① くろい。色が黒い。
② くらい。いたましい。心がくらい。気持ちが晴れない。",Type the reading!,Text
黴,かび,"① かび。飲食物や衣類などに生じる菌類。
② かびる。かびが生える。",Type the reading!,Text
黴びる,かびる,"① かび。飲食物や衣類などに生じる菌類。
② かびる。かびが生える。",Type the reading!,Text
黶,"あざ,ほくろ","① ほくろ。あざ。皮膚の表面にある黒い点。
② くろい。また、くらい。",Type the reading!,Text
黷す,けがす,"① けがす。けがれる。よごれる。
② けがす。けがれる。そこなう。傷つける。",Type the reading!,Text
黷れる,けがれる,"① けがす。けがれる。よごれる。
② けがす。けがれる。そこなう。傷つける。",Type the reading!,Text
黹,ぬいとり,ぬう。ぬいとり。刺繍。刺繍をする。,Type the reading!,Text
黹う,ぬう,ぬう。ぬいとり。刺繍。刺繍をする。,Type the reading!,Text
黻,"ぬいとり,ひざかけ","① ひざかけ。祭礼用のひざかけ。
② ぬいとり。礼服の模様。弓の字を背中合わせにした形の模様。",Type the reading!,Text
黼,"あや,ぬいとり","① ぬいとり。昔の礼服の模様。斧の形を黒と白の糸で刺繍する。
② あや。模様。刺繍。",Type the reading!,Text
黽,あおがえる,"【A】ボウあおがえる。かえるの一種。
【B】ビンつとめる。はげむ。努力する。
【C】ベン「黽池（べんち・めんち）」は、地名。",Type the reading!,Text
黽める,つとめる,"【A】ボウあおがえる。かえるの一種。
【B】ビンつとめる。はげむ。努力する。
【C】ベン「黽池（べんち・めんち）」は、地名。",Type the reading!,Text
鼇,"おおうみがめ,おおがめ,おおすっぽん",おおがめ。おおうみがめ。おおすっぽん。大きなかめ。伝説上のかめ。,Type the reading!,Text
鼈,すっぽん,"① すっぽん。かめの一種。
② 「鼈菜（べっさい）」は、わらびのこと。",Type the reading!,Text
鼬,いたち,いたち。イタチ科の動物。,Type the reading!,Text
鼯,むささび,むささび。リス科の動物。,Type the reading!,Text
鼴,"もぐら,もぐらもち",もぐら。もぐらもち。動物の名。,Type the reading!,Text
鼹,"もぐら,もぐらもち",もぐら。もぐらもち。動物の名。,Type the reading!,Text
鼾,いびき,いびき。ねいき。眠っているときの呼吸。,Type the reading!,Text
齎,"ああ,たから,もちもの","【A】サイ・セイもたらす。持ってくる。持って行く。人に与える。
【B】シもちもの。たから。必要な物。金品。",Type the reading!,Text
齎す,もたらす,"【A】サイ・セイもたらす。持ってくる。持って行く。人に与える。
【B】シもちもの。たから。必要な物。金品。",Type the reading!,Text
齏,"あえもの,なます","① あえもの。なます。野菜を細かく切り、調味料であえたもの。
② あえる。まぜる。まぜあわせる。
③ くだく。細かくする。",Type the reading!,Text
齏える,あえる,"① あえもの。なます。野菜を細かく切り、調味料であえたもの。
② あえる。まぜる。まぜあわせる。
③ くだく。細かくする。",Type the reading!,Text
齏く,くだく,"① あえもの。なます。野菜を細かく切り、調味料であえたもの。
② あえる。まぜる。まぜあわせる。
③ くだく。細かくする。",Type the reading!,Text
齔,"はがわり,みそっぱ","① はがわり。みそっぱ。幼児の歯がぬけかわる。また、その歯。
② 歯が抜けかわる年齢の子供。幼児。",Type the reading!,Text
齟う,くいちがう,"① かむ。かみ砕く。
② くいちがう。上の歯と下の歯がうまくかみあわない。また、物事がうまくいかない。",Type the reading!,Text
齟む,かむ,"① かむ。かみ砕く。
② くいちがう。上の歯と下の歯がうまくかみあわない。また、物事がうまくいかない。",Type the reading!,Text
齠,みそっぱ,"① みそっぱ。幼児の歯がぬけかわる。また、その歯。
② 歯が抜けかわる年齢の子供。幼児。
③ 幼い子どものたれ髪。＝髫",Type the reading!,Text
齣,"くぎり,くさり,こま","くぎり。くさり。戯曲のひと区切り。小説などの一回。
【日本】こま。フィルムのひと区切り。",Type the reading!,Text
齦,はぐき,"【A】ギンはぐき。歯の根もとをつつむ肉。
【B】コンかむ。かみつく。かんでたべる。",Type the reading!,Text
齦む,かむ,"【A】ギンはぐき。歯の根もとをつつむ肉。
【B】コンかむ。かみつく。かんでたべる。",Type the reading!,Text
齧ける,かける,"① かむ。かじる。かみつく。歯でかむ。
② かける。かく。かけている。",Type the reading!,Text
齧む,かむ,"① かむ。かじる。かみつく。歯でかむ。
② かける。かく。かけている。",Type the reading!,Text
齧る,かじる,"① かむ。かじる。かみつく。歯でかむ。
② かける。かく。かけている。",Type the reading!,Text
齪む,つつしむ,"【A】サク・セク
① 歯と歯の間がつまっている。
② 「齷齪（あくさく・あくせく）」は、こせつくさま。こせこせするさま。
【B】シュクつつしむ。うやうやしい。",Type the reading!,Text
齬う,くいちがう,くいちがう。かみあわない。,Type the reading!,Text
齲,むしば,"① むしば。侵食された歯。
② むしばになる。歯が痛む。",Type the reading!,Text
齶,はぐき,"① はぐき。歯の根もとをつつむ肉。
② あご。上あご。",Type the reading!,Text
齷く,こせつく,「齷齪（あくさく・あくせく）」は、こせつくさま。こせこせするさま。,Type the reading!,Text
龐きい,おおきい,"【A】ホウ
① 大きい。高くて大きい。厚みがあって大きい。
② まじる。入り乱れる。乱雑なさま。
【B】ロウ「龐龐（ろうろう）」は充実しているさま。大きく肥えたさま。",Type the reading!,Text
龐れる,みだれる,"【A】ホウ
① 大きい。高くて大きい。厚みがあって大きい。
② まじる。入り乱れる。乱雑なさま。
【B】ロウ「龐龐（ろうろう）」は充実しているさま。大きく肥えたさま。",Type the reading!,Text
龕,ずし,"① ずし。神仏の像などをおさめる箱。
② 寺院の塔。また、寺院の下の部屋。
③ かつ。戦いに勝つ。平定する。",Type the reading!,Text
龕つ,かつ,"① ずし。神仏の像などをおさめる箱。
② 寺院の塔。また、寺院の下の部屋。
③ かつ。戦いに勝つ。平定する。",Type the reading!,Text
龠,ふえ,"① ふえ。穴が三つ、あるいは六つあるふえ。
② 容積の単位。一龠は、一合の二分の一。一説に十分の一。",Type the reading!,Text
﨟,くれ,"① 年齢。年功。年功による地位や身分。
② まつりの名。＝臘
③ 僧侶が得度してからの年数。 ＝臘",Type the reading!,Text