Question,Answers,Comment,Instructions,Render as
"__糱__を栽培して商う
関連熟語：--  ★糱（もやし） 米、麦、大豆などを水に浸し、光に当てないで発芽させたもの。食用。大麦のもやしはビール,飴（あめ）などの原料。〈漢字ペディア〉  ●H09-3㈠／ ●H13-3㈠／ ●H19-1㈠／ ●H27-3㈠",もやし,"関連熟語：--  ★糱（もやし） 米、麦、大豆などを水に浸し、光に当てないで発芽させたもの。食用。大麦のもやしはビール,飴（あめ）などの原料。〈漢字ペディア〉  ●H09-3㈠／ ●H13-3㈠／ ●H19-1㈠／ ●H27-3㈠",読み方をご入力ください,Text
"__一纏__めにしておいたので安心しなさい
関連熟語：纏綿（テンメン）  ★一纏め（ひとまと-め） 一つにまとめること。〈漢字ペディア〉  ●H06-2㈠",ひとまと,関連熟語：纏綿（テンメン）  ★一纏め（ひとまと-め） 一つにまとめること。〈漢字ペディア〉  ●H06-2㈠,読み方をご入力ください,Text
"__鵜篝__が川面に映える
関連熟語：篝火（コウカ）  ●H11-2㈠",うかがり,関連熟語：篝火（コウカ）  ●H11-2㈠,読み方をご入力ください,Text
"__襖__に衣を重ねても逃がすべきに非ず
関連熟語：位襖（イオウ）  ★襖（あお）  1.両わきの開いた上着で、昔の武官の礼服。 2.「狩襖(ｶﾘｱｵ)」の略で、「狩衣(ｶﾘｷﾞﾇ)」に同じ。昔、貴族が常用した略服で、のちに武家の礼服となった。襖子(ｱｵｼ)。〈漢字ペディア〉  ●R02-2㈠",あお,関連熟語：位襖（イオウ）  ★襖（あお）  1.両わきの開いた上着で、昔の武官の礼服。 2.「狩襖(ｶﾘｱｵ)」の略で、「狩衣(ｶﾘｷﾞﾇ)」に同じ。昔、貴族が常用した略服で、のちに武家の礼服となった。襖子(ｱｵｼ)。〈漢字ペディア〉  ●R02-2㈠,読み方をご入力ください,Text
"__乙丑__には五十六歳になっていた
関連熟語：乙丑（イッチュウ／オッチュウ）  ★十干十二支。",きのとうし,関連熟語：乙丑（イッチュウ／オッチュウ）  ★十干十二支。,読み方をご入力ください,Text
"__解__れを整えてやおら振り向いた
関連熟語：--  ★解れる（ほつ-れる） 結び目,縫い目などがほどける。〈漢字ペディア〉  ●H24-3㈠",ほつ,"関連熟語：--  ★解れる（ほつ-れる） 結び目,縫い目などがほどける。〈漢字ペディア〉  ●H24-3㈠",読み方をご入力ください,Text
"__乾涸__びた喉を潤す
関連熟語：乾涸（カンコ）  ★乾涸びる／乾枯びる／干涸びる／干枯びる（ひから-びる）  1.水分がすっかりなくなる。  2.うるおいや生気が失われる。〈漢字ペディア〉",ひから,関連熟語：乾涸（カンコ）  ★乾涸びる／乾枯びる／干涸びる／干枯びる（ひから-びる）  1.水分がすっかりなくなる。  2.うるおいや生気が失われる。〈漢字ペディア〉,読み方をご入力ください,Text
"__砧__打って我に聞かせよや坊が妻
関連熟語：砧杵（チンショ）  ★砧／碪（きぬた） 木づちで布を打つときに用いた木や石の台。また、それを打つこと。〈漢字ペディア〉  ●H08-1㈠",きぬた,関連熟語：砧杵（チンショ）  ★砧／碪（きぬた） 木づちで布を打つときに用いた木や石の台。また、それを打つこと。〈漢字ペディア〉  ●H08-1㈠,読み方をご入力ください,Text
"__逆捩__を食わせる
関連熟語：--  ▼逆捩を食わせる…反対になじる。逆に問いつめる。逆手(ｷﾞｬｸﾃ)を取る。〈日本国語大辞典〉",さかねじ,関連熟語：--  ▼逆捩を食わせる…反対になじる。逆に問いつめる。逆手(ｷﾞｬｸﾃ)を取る。〈日本国語大辞典〉,読み方をご入力ください,Text
"__襟刳__りの汚れは目立つ
関連熟語：--  ★襟刳り（えりぐ-り） 洋服などで、首回りに従ってくりあけた襟回りの線。ネックライン。〈日本国語大辞典〉",えりぐ,関連熟語：--  ★襟刳り（えりぐ-り） 洋服などで、首回りに従ってくりあけた襟回りの線。ネックライン。〈日本国語大辞典〉,読み方をご入力ください,Text
"__己巳__の日は弁才天の縁日である
関連熟語：己巳（キシ）  ★十干十二支。",つちのとみ,関連熟語：己巳（キシ）  ★十干十二支。,読み方をご入力ください,Text
"__庚戌__の歳、旅舎に休う
関連熟語：庚戌（コウジュツ）  ★十干十二支。",かのえいぬ,関連熟語：庚戌（コウジュツ）  ★十干十二支。,読み方をご入力ください,Text
"__首縊__りの足を引く
関連熟語：縊死（イシ）  ▼首縊りの足(ｱｼ)を引(ﾋ)く…窮地に陥っている人に、さらに追い討ちをかけること。首をつろうとする人を助けるどころか、逆に足を引っ張って死なせてしまう意から。〈漢字ペディア〉",くびくく,関連熟語：縊死（イシ）  ▼首縊りの足(ｱｼ)を引(ﾋ)く…窮地に陥っている人に、さらに追い討ちをかけること。首をつろうとする人を助けるどころか、逆に足を引っ張って死なせてしまう意から。〈漢字ペディア〉,読み方をご入力ください,Text
"__醜__の益荒男なお恋いにけり
関連熟語：--  ★醜（しこ）  1.みにくいものをののしっていう語。  2.自分を卑下するときに用いる語。〈漢字ペディア〉  ●H26-2㈠",しこ,関連熟語：--  ★醜（しこ）  1.みにくいものをののしっていう語。  2.自分を卑下するときに用いる語。〈漢字ペディア〉  ●H26-2㈠,読み方をご入力ください,Text
"__縦__に心を自然の中に遊ばせる
関連熟語：放縦（ホウショウ）  ★縦（ほしいまま） 気の向くまま。かって気ままにすること。〈漢字ペディア〉  ●H06-2㈠",ほしいまま,関連熟語：放縦（ホウショウ）  ★縦（ほしいまま） 気の向くまま。かって気ままにすること。〈漢字ペディア〉  ●H06-2㈠,読み方をご入力ください,Text
"__縦__んば雨でも心配はない
関連熟語：--  ★縦んば（よし-んば） たとえそうだとしても。かりに。〈漢字ペディア〉",よし,関連熟語：--  ★縦んば（よし-んば） たとえそうだとしても。かりに。〈漢字ペディア〉,読み方をご入力ください,Text
"__熟__み柿が熟柿を弔う
関連熟語：未熟（ミジュク）  ★熟み柿（う-み-がき） 熟した柿の実。  ▼熟み柿が熟柿(ｼﾞｭｸｼ)を弔(ﾄﾑﾗ)う…似た境遇のものが相手の身の不幸を慰めることのたとえ。〈日本国語大辞典〉",う,関連熟語：未熟（ミジュク）  ★熟み柿（う-み-がき） 熟した柿の実。  ▼熟み柿が熟柿(ｼﾞｭｸｼ)を弔(ﾄﾑﾗ)う…似た境遇のものが相手の身の不幸を慰めることのたとえ。〈日本国語大辞典〉,読み方をご入力ください,Text
"__出涸__らしのお茶を飲む
関連熟語：--  ★出涸らし（でが-らし） 茶などを何回も入れたり煎じたりして、味や香りが薄くなってしまうこと。また、そのもの。〈漢字ペディア〉",でが,関連熟語：--  ★出涸らし（でが-らし） 茶などを何回も入れたり煎じたりして、味や香りが薄くなってしまうこと。また、そのもの。〈漢字ペディア〉,読み方をご入力ください,Text
"__樟__は虫害に強く建築家具材に用いる
関連熟語：樟脳（ショウノウ）  ★樟／楠（くすのき）クスノキ科の常緑高木。暖地に自生。初夏、黄白色の小花を多数つけ、球形で黒色の実を結ぶ。材は堅く芳香があり、家具,細工物とするほか、幹,根,葉からは樟脳をとる。〈漢字ペディア〉  ●H13-3㈠／ ●H15-3㈠","くすのき,くす","関連熟語：樟脳（ショウノウ）  ★樟／楠（くすのき）クスノキ科の常緑高木。暖地に自生。初夏、黄白色の小花を多数つけ、球形で黒色の実を結ぶ。材は堅く芳香があり、家具,細工物とするほか、幹,根,葉からは樟脳をとる。〈漢字ペディア〉  ●H13-3㈠／ ●H15-3㈠",読み方をご入力ください,Text
"__蒸__かしたての甘藷を二本やった
関連熟語：--  ★蒸かす（ふ-かす） 湯気を当てて柔らかくする。〈漢字ペディア〉",ふ,関連熟語：--  ★蒸かす（ふ-かす） 湯気を当てて柔らかくする。〈漢字ペディア〉,読み方をご入力ください,Text
"__尻紮__げして一散に逃げた
関連熟語：--  ★尻紮げ／尻絡げ（しりから-げ） 着物の裾を外側に折り上げて、その端を帯にはさむこと。しりっぱしょり。〈漢字ペディア〉",しりから,関連熟語：--  ★尻紮げ／尻絡げ（しりから-げ） 着物の裾を外側に折り上げて、その端を帯にはさむこと。しりっぱしょり。〈漢字ペディア〉,読み方をご入力ください,Text
"__辛酉__の年に皇位に即く
関連熟語：辛酉（シンユウ）  ★十干十二支。",かのととり,関連熟語：辛酉（シンユウ）  ★十干十二支。,読み方をご入力ください,Text
"__壬戌__の年血腥い事件が続発した
関連熟語：壬戌（ジンジュツ）  ★十干十二支。  ●R01-2㈠",みずのえいぬ,関連熟語：壬戌（ジンジュツ）  ★十干十二支。  ●R01-2㈠,読み方をご入力ください,Text
"__甚__く感服された御様子である
関連熟語：甚大（ジンダイ）  ★甚く（いた-く） たいそう。非常に。ひどく。ふかく。〈漢字ペディア〉  ●H29-2㈠",いた,関連熟語：甚大（ジンダイ）  ★甚く（いた-く） たいそう。非常に。ひどく。ふかく。〈漢字ペディア〉  ●H29-2㈠,読み方をご入力ください,Text
"__尽__れた晩秋の野に佇む
関連熟語：--  ★尽れる／末枯れる（すが-れる） 盛りを過ぎて勢いが衰え始める。〈漢字ペディア〉  ●H18-3㈠／ ●H21-3㈠／ ●H25-1㈠／ ●H26-3㈠／ ●H29-1㈠",すが,関連熟語：--  ★尽れる／末枯れる（すが-れる） 盛りを過ぎて勢いが衰え始める。〈漢字ペディア〉  ●H18-3㈠／ ●H21-3㈠／ ●H25-1㈠／ ●H26-3㈠／ ●H29-1㈠,読み方をご入力ください,Text
"__雛霰__を買ってきた
関連熟語：鳳雛（ホウスウ）,雹霰（ハクセン／ハクサン）  ★雛霰（ひなあられ） 三月三日の桃の節句に、ひな人形に供える紅白のあられ。〈漢字ペディア〉  ●H06-1㈠",ひなあられ,"関連熟語：鳳雛（ホウスウ）,雹霰（ハクセン／ハクサン）  ★雛霰（ひなあられ） 三月三日の桃の節句に、ひな人形に供える紅白のあられ。〈漢字ペディア〉  ●H06-1㈠",読み方をご入力ください,Text
"__裾捌__きの音とともに家元が現れる
関連熟語：--  ★裾捌き（すそさば-き） 和服をはじめ丈の長い衣服のすそを上手に扱うこと。また、その身のこなし。〈漢字ペディア〉  ●H08-1㈠",すそさば,関連熟語：--  ★裾捌き（すそさば-き） 和服をはじめ丈の長い衣服のすそを上手に扱うこと。また、その身のこなし。〈漢字ペディア〉  ●H08-1㈠,読み方をご入力ください,Text
"__節榑__を使って小屋を作る
関連熟語：--  ★節榑（ふしくれ）  1.材木に節が多く、でこぼこしている。  2.腕や指の骨や関節が、堅く盛り上がってごつごつしている。〈漢字ペディア〉  ●H11-1㈠",ふしくれ,関連熟語：--  ★節榑（ふしくれ）  1.材木に節が多く、でこぼこしている。  2.腕や指の骨や関節が、堅く盛り上がってごつごつしている。〈漢字ペディア〉  ●H11-1㈠,読み方をご入力ください,Text
"__岨道__を足にまかせて追っかける
関連熟語：--  ★岨道（そばみち／そわみち） 切り立った山のけわしい道。〈漢字ペディア〉  ●H11-3㈠","そばみち,そわみち",関連熟語：--  ★岨道（そばみち／そわみち） 切り立った山のけわしい道。〈漢字ペディア〉  ●H11-3㈠,読み方をご入力ください,Text
"__燥__ぎすぎの気味がある
関連熟語：--  ★燥ぐ（はしゃ-ぐ）  1.調子にのってさわぐ。うかれさわぐ。  2.水分がなくなり、乾燥しきる。〈漢字ペディア〉  ●H22-2㈠",はしゃ,関連熟語：--  ★燥ぐ（はしゃ-ぐ）  1.調子にのってさわぐ。うかれさわぐ。  2.水分がなくなり、乾燥しきる。〈漢字ペディア〉  ●H22-2㈠,読み方をご入力ください,Text
"__陳__ねて後矯めんとすれば枝折れ枯れ凋む
関連熟語：--  ★陳ねる（ひ-ねる）  1.古くなる。年を経て古びる。  2.大人びる。ませる。〈漢字ペディア〉  ●H20-2㈠／ ●H24-3㈠",ひ,関連熟語：--  ★陳ねる（ひ-ねる）  1.古くなる。年を経て古びる。  2.大人びる。ませる。〈漢字ペディア〉  ●H20-2㈠／ ●H24-3㈠,読み方をご入力ください,Text
"__椴松__の自生状態を調査する
関連熟語：--  ★椴松（とどまつ） マツ科の常緑高木。北海道以北に自生。松かさは直立してつく。材は建築,家具,製紙原料などに用いる。〈漢字ペディア〉  ●H11-2㈠／ ●H14-1㈠",とどまつ,"関連熟語：--  ★椴松（とどまつ） マツ科の常緑高木。北海道以北に自生。松かさは直立してつく。材は建築,家具,製紙原料などに用いる。〈漢字ペディア〉  ●H11-2㈠／ ●H14-1㈠",読み方をご入力ください,Text
"__熱__り立って不満をぶつけた
関連熟語：--  ★熱る立つ（いき-り-た-つ） 激しく怒って興奮する。いきまく。〈漢字ペディア〉  ●H15-2㈠",いき,関連熟語：--  ★熱る立つ（いき-り-た-つ） 激しく怒って興奮する。いきまく。〈漢字ペディア〉  ●H15-2㈠,読み方をご入力ください,Text
"__戊午__の年に居を隣国に移した
関連熟語：戊午（ボゴ）  ★十干十二支。",つちのえうま,関連熟語：戊午（ボゴ）  ★十干十二支。,読み方をご入力ください,Text
"__偖__夕餉は何にいたしましょうか
関連熟語：--  ★偖／扠／扨  1.話題を変えるときに用いる語。ところで。  2.何かを始めるときに用いる語。さあ。〈漢字ペディア〉  ●H10-2㈠",さて,関連熟語：--  ★偖／扠／扨  1.話題を変えるときに用いる語。ところで。  2.何かを始めるときに用いる語。さあ。〈漢字ペディア〉  ●H10-2㈠,読み方をご入力ください,Text
"__刳__り貫きの菓子皿に盛る
関連熟語：刳木（コボク）  ★刳り貫き／刳り抜き（く-り-ぬ-き）  1.くりぬくこと。えぐって穴をあけること。また、くりぬいたところや、くりぬいてつくったもの。  2.船具の一つ。船が停泊しているときに使う替水縄(ｶｴﾐﾅﾜ)。〈日本国語大辞典〉",く,関連熟語：刳木（コボク）  ★刳り貫き／刳り抜き（く-り-ぬ-き）  1.くりぬくこと。えぐって穴をあけること。また、くりぬいたところや、くりぬいてつくったもの。  2.船具の一つ。船が停泊しているときに使う替水縄(ｶｴﾐﾅﾜ)。〈日本国語大辞典〉,読み方をご入力ください,Text
"__嗄__れた声でゆっくり語った
関連熟語：嗄声（サセイ）  ★嗄れる（か-れる） 声がかすれる。声がしわがれる。〈漢字ペディア〉  ★嗄れる（しわが-れる） 声がかすれる。しゃがれる。〈漢字ペディア〉  ●H08-3㈠","か,しわが",関連熟語：嗄声（サセイ）  ★嗄れる（か-れる） 声がかすれる。声がしわがれる。〈漢字ペディア〉  ★嗄れる（しわが-れる） 声がかすれる。しゃがれる。〈漢字ペディア〉  ●H08-3㈠,読み方をご入力ください,Text
"__嘸__大変であったろう
関連熟語：--  ★嘸（さぞ） さだめし。きっと。さぞかし。〈漢字ペディア〉  ●H06-2㈠／ ●H17-3㈠",さぞ,関連熟語：--  ★嘸（さぞ） さだめし。きっと。さぞかし。〈漢字ペディア〉  ●H06-2㈠／ ●H17-3㈠,読み方をご入力ください,Text
"__嚔__る時は則ち人の我を道う
関連熟語：噴嚔（フンテイ）  ★嚔る（はなひ-る） くしゃみをする。〈漢字ペディア〉  ●H22-3㈠",はなひ,関連熟語：噴嚔（フンテイ）  ★嚔る（はなひ-る） くしゃみをする。〈漢字ペディア〉  ●H22-3㈠,読み方をご入力ください,Text
"__埃__がたちこめている
関連熟語：塵埃（ジンアイ）  ★埃（ほこり） 空中を舞う細かいちり。〈漢字ペディア〉  ●H04-1㈠",ほこり,関連熟語：塵埃（ジンアイ）  ★埃（ほこり） 空中を舞う細かいちり。〈漢字ペディア〉  ●H04-1㈠,読み方をご入力ください,Text
"__悴__む手を擦り合わせる
関連熟語：--  ★悴む（かじか-む） 手足が寒さでこごえて、思うように動かなくなる。〈漢字ペディア〉  ●H17-1㈠",かじか,関連熟語：--  ★悴む（かじか-む） 手足が寒さでこごえて、思うように動かなくなる。〈漢字ペディア〉  ●H17-1㈠,読み方をご入力ください,Text
"__憖__情けをかけるのは良くない
関連熟語：--  ★憖（なまじ／なまじい）  1.中途半端なさま。  2.できもしないのに。無理に。しないほうがかえってよいさま。なまじっか。〈漢字ペディア〉  ●H10-3㈠／ ●H17-1㈠／ ●H21-3㈠／ ●H23-2㈠","なまじ,なまじい",関連熟語：--  ★憖（なまじ／なまじい）  1.中途半端なさま。  2.できもしないのに。無理に。しないほうがかえってよいさま。なまじっか。〈漢字ペディア〉  ●H10-3㈠／ ●H17-1㈠／ ●H21-3㈠／ ●H23-2㈠,読み方をご入力ください,Text
"__撓垂__るる柳はほそき目もとかな
関連熟語：枉撓（オウドウ）  ★撓垂れる（しなだ-れる）  1.人にこびたり甘えたりして寄りかかる。しなだれかかる。  2.枝などがしなって垂れ下がる。〈漢字ペディア〉",しなだ,関連熟語：枉撓（オウドウ）  ★撓垂れる（しなだ-れる）  1.人にこびたり甘えたりして寄りかかる。しなだれかかる。  2.枝などがしなって垂れ下がる。〈漢字ペディア〉,読み方をご入力ください,Text
"__暈__のかかった春の夜の月を眺める
関連熟語：日暈（ニチウン）  ★暈（かさ） 太陽や月の周りに現れる光の輪。ウン。≒光環〈漢字ペディア〉",かさ,関連熟語：日暈（ニチウン）  ★暈（かさ） 太陽や月の周りに現れる光の輪。ウン。≒光環〈漢字ペディア〉,読み方をご入力ください,Text
"__朮__を焚く匂いが漂ってくる
関連熟語：白朮（ビャクジュツ）  ★朮／蒼朮／白朮（おけら／うけら） キク科の多年草。山地に自生。夏から秋、白や淡紅色の頭花をつける。若芽は食用、根は薬用。〈漢字ペディア〉  ●H18-3㈠／ ●H22-2㈠","おけら,うけら",関連熟語：白朮（ビャクジュツ）  ★朮／蒼朮／白朮（おけら／うけら） キク科の多年草。山地に自生。夏から秋、白や淡紅色の頭花をつける。若芽は食用、根は薬用。〈漢字ペディア〉  ●H18-3㈠／ ●H22-2㈠,読み方をご入力ください,Text
"__楮__の繊維は紙の原料となる
関連熟語：楮紙（チョシ）  ★楮（こうぞ） クワ科の落葉低木。山野に自生。葉,実ともにクワに似る。樹皮から和紙の原料をとる。カゾ。〈漢字ペディア〉  ●H08-2㈠",こうぞ,"関連熟語：楮紙（チョシ）  ★楮（こうぞ） クワ科の落葉低木。山野に自生。葉,実ともにクワに似る。樹皮から和紙の原料をとる。カゾ。〈漢字ペディア〉  ●H08-2㈠",読み方をご入力ください,Text
"__榻__の端書きも九十九夜を迎えた
関連熟語：--  ★榻（しじ） 牛車からウシを外したとき、轅(ﾅｶﾞｴ)の軛(ｸﾋﾞｷ)の支えや、乗り降りの踏み台にした台。〈漢字ペディア〉  ▼榻の端書(ﾊｼｶﾞ／ﾂﾏｶﾞ)き…昔、女が、言い寄る男の誠意を確かめるために、百夜通って榻に寝たら会おうといったので、男は九九夜まで毎夜来て、榻の端に証拠を書きつけておいたが、百夜めに支障があって行くことができず、思いを遂げえなかった、という伝説。男の恋の熱烈さ、また、恋愛の思うようにならないことのたとえとされる。〈日本国語大辞典〉  ●H30-3㈠",しじ,関連熟語：--  ★榻（しじ） 牛車からウシを外したとき、轅(ﾅｶﾞｴ)の軛(ｸﾋﾞｷ)の支えや、乗り降りの踏み台にした台。〈漢字ペディア〉  ▼榻の端書(ﾊｼｶﾞ／ﾂﾏｶﾞ)き…昔、女が、言い寄る男の誠意を確かめるために、百夜通って榻に寝たら会おうといったので、男は九九夜まで毎夜来て、榻の端に証拠を書きつけておいたが、百夜めに支障があって行くことができず、思いを遂げえなかった、という伝説。男の恋の熱烈さ、また、恋愛の思うようにならないことのたとえとされる。〈日本国語大辞典〉  ●H30-3㈠,読み方をご入力ください,Text
"__榧__の木に観世音菩薩を彫る
関連熟語：榧檜（ヒカイ）  ★榧（かや） イチイ科の常緑高木。山野に自生。葉は平たい線形で、先がとがる。種子は油の原料、また食用,薬用とする。材は高級な碁盤や将棋盤の材料に用いる。〈漢字ペディア〉  ★「茅／萱(ｶﾔ)」とは同訓異義語。  ●H26-3㈠",かや,"関連熟語：榧檜（ヒカイ）  ★榧（かや） イチイ科の常緑高木。山野に自生。葉は平たい線形で、先がとがる。種子は油の原料、また食用,薬用とする。材は高級な碁盤や将棋盤の材料に用いる。〈漢字ペディア〉  ★「茅／萱(ｶﾔ)」とは同訓異義語。  ●H26-3㈠",読み方をご入力ください,Text
"__櫂__は三年櫓は三月
関連熟語：櫂歌（トウカ）  ▼櫂は三年(ｻﾝﾈﾝ)櫓(ﾛ)は三月(ﾐﾂｷ)…何事も一人前になるのは容易でないたとえ。櫓は三月で使えるようになるが、櫂(ｶｲ:水をかき、舟を進ませる木製の棒。オール。)を使いこなすまでには三年かかるという意から。〈漢字ペディア〉",かい,関連熟語：櫂歌（トウカ）  ▼櫂は三年(ｻﾝﾈﾝ)櫓(ﾛ)は三月(ﾐﾂｷ)…何事も一人前になるのは容易でないたとえ。櫓は三月で使えるようになるが、櫂(ｶｲ:水をかき、舟を進ませる木製の棒。オール。)を使いこなすまでには三年かかるという意から。〈漢字ペディア〉,読み方をご入力ください,Text
"__毬栗__も内から割れる
関連熟語：--  ▼毬栗も内(ｳﾁ)から割(ﾜ)れる…だれでも年ごろになれば、自然と色気づくことのたとえ。特に女性についていう。毬栗も時期がくれば自然と内側からはじけ割れる意から。〈漢字ペディア〉  ●H13-1㈠",いがぐり,関連熟語：--  ▼毬栗も内(ｳﾁ)から割(ﾜ)れる…だれでも年ごろになれば、自然と色気づくことのたとえ。特に女性についていう。毬栗も時期がくれば自然と内側からはじけ割れる意から。〈漢字ペディア〉  ●H13-1㈠,読み方をご入力ください,Text
"__澪筋__を伝って舟を進めた
関連熟語：澪標（レイヒョウ）  ★澪筋／水脈筋（みおすじ） 船の通行する水路の通り。みおどおり。〈日本国語大辞典〉  ●H23-3㈠",みおすじ,関連熟語：澪標（レイヒョウ）  ★澪筋／水脈筋（みおすじ） 船の通行する水路の通り。みおどおり。〈日本国語大辞典〉  ●H23-3㈠,読み方をご入力ください,Text
"__甍__破れて霧不断の香を焚く
関連熟語：連甍（レンボウ）  ▼甍破(ﾔﾌﾞ)れて霧(ｷﾘ)不断(ﾌﾀﾞﾝ)の香(ｺｳ)を焚(ﾀ)く…屋根がこわれてそこから霧が入り、あたかも香をたいた煙がたえず立ちこめているようである。隠棲した人間の住み家としてふさわしいさま。〈故事俗信ことわざ大辞典〉",いらか,関連熟語：連甍（レンボウ）  ▼甍破(ﾔﾌﾞ)れて霧(ｷﾘ)不断(ﾌﾀﾞﾝ)の香(ｺｳ)を焚(ﾀ)く…屋根がこわれてそこから霧が入り、あたかも香をたいた煙がたえず立ちこめているようである。隠棲した人間の住み家としてふさわしいさま。〈故事俗信ことわざ大辞典〉,読み方をご入力ください,Text
"__甕__に一房の藤をさす
関連熟語：甕天（オウテン）  ★甕／瓮（かめ／もたい） 水や酒などを入れる大きな器。〈漢字ペディア〉  ★甕（みか） 大きなかめ。水や酒をたくわえたり、酒を醸したりするのに用いた。もたい。みかわ。〈日本国語大辞典〉 ●H05-2㈠","かめ,もたい,みか",関連熟語：甕天（オウテン）  ★甕／瓮（かめ／もたい） 水や酒などを入れる大きな器。〈漢字ペディア〉  ★甕（みか） 大きなかめ。水や酒をたくわえたり、酒を醸したりするのに用いた。もたい。みかわ。〈日本国語大辞典〉 ●H05-2㈠,読み方をご入力ください,Text
"__疚__しいところがあるらしい
関連熟語：内疚（ナイキュウ）  ★疚しい（やま-しい） 良心に恥じるところがあり、うしろめたい。気がとがめる。〈漢字ペディア〉  ●H22-2㈠",やま,関連熟語：内疚（ナイキュウ）  ★疚しい（やま-しい） 良心に恥じるところがあり、うしろめたい。気がとがめる。〈漢字ペディア〉  ●H22-2㈠,読み方をご入力ください,Text
"__痞__えに悩む上臈を思わせる
関連熟語：痞塞（ヒソク）  ★痞え（つか-え） 胸や心などがつまるようで苦しいこと。〈漢字ペディア〉  ●H17-3㈠／ ●H27-1㈠",つか,関連熟語：痞塞（ヒソク）  ★痞え（つか-え） 胸や心などがつまるようで苦しいこと。〈漢字ペディア〉  ●H17-3㈠／ ●H27-1㈠,読み方をご入力ください,Text
"__瘧__が落ちたように呼び鈴に応じた
関連熟語：瘧疾（ギャクシツ）  ▼瘧が落ちる…瘧(ｵｺﾘ:マラリア性の熱病)にかかったように物事に夢中になっていたのが、何かのはずみで急にさめる。〈故事俗信ことわざ大辞典〉",おこり,関連熟語：瘧疾（ギャクシツ）  ▼瘧が落ちる…瘧(ｵｺﾘ:マラリア性の熱病)にかかったように物事に夢中になっていたのが、何かのはずみで急にさめる。〈故事俗信ことわざ大辞典〉,読み方をご入力ください,Text
"__癸亥__の歳に上洛した
関連熟語：癸亥（キガイ）  ★十干十二支。",みずのとい,関連熟語：癸亥（キガイ）  ★十干十二支。,読み方をご入力ください,Text
"__睨__むように天を見上げた
関連熟語：睨視（ゲイシ）  ★睨む（にら-む）  1.鋭い目つきでじっと見つめる。下からや横目でにらみつける。  2.監視する。〈漢字ペディア〉  ●H08-1㈠",にら,関連熟語：睨視（ゲイシ）  ★睨む（にら-む）  1.鋭い目つきでじっと見つめる。下からや横目でにらみつける。  2.監視する。〈漢字ペディア〉  ●H08-1㈠,読み方をご入力ください,Text
"__礑__と思い当たった
関連熟語：--  ★礑と（はた-と／はった-と）  1.強く打つようす。  2.険しくにらむさま。  3.胸にこたえたさま。〈漢字ペディア〉  ●H22-1㈠","はた,はった",関連熟語：--  ★礑と（はた-と／はった-と）  1.強く打つようす。  2.険しくにらむさま。  3.胸にこたえたさま。〈漢字ペディア〉  ●H22-1㈠,読み方をご入力ください,Text
"__笊__で水を汲む
関連熟語：笊籬（ソウリ）  ★笊（ざる）  1.細く裂いた竹ひごなどで編んだ器。  2.「笊碁(ざるゴ)」の略。  2.「笊蕎麦(ざるそば)」の略。  4.編んだ目からこぼれることから、抜けや落ちの多いたとえ。〈漢字ペディア〉  ●H07-1㈠",ざる,関連熟語：笊籬（ソウリ）  ★笊（ざる）  1.細く裂いた竹ひごなどで編んだ器。  2.「笊碁(ざるゴ)」の略。  2.「笊蕎麦(ざるそば)」の略。  4.編んだ目からこぼれることから、抜けや落ちの多いたとえ。〈漢字ペディア〉  ●H07-1㈠,読み方をご入力ください,Text
"__筬__の音が響く山村を訪れた
関連熟語：--  ★筬（おさ） 機(はた)織りの道具。縦糸の位置をととのえるもの。〈漢字ペディア〉  ●H12-3㈠／ ●H16-1㈠／ ●H19-2㈠／ ●H22-2㈠／ ●H28-2㈠",おさ,関連熟語：--  ★筬（おさ） 機(はた)織りの道具。縦糸の位置をととのえるもの。〈漢字ペディア〉  ●H12-3㈠／ ●H16-1㈠／ ●H19-2㈠／ ●H22-2㈠／ ●H28-2㈠,読み方をご入力ください,Text
"__箙__に梅枝を指した風流を見とがめる
関連熟語：箭箙（センプク）  ★箙（えびら） 矢を入れて携帯する武具。ふつう背負う。〈漢字ペディア〉  ●H30-2㈠",えびら,関連熟語：箭箙（センプク）  ★箙（えびら） 矢を入れて携帯する武具。ふつう背負う。〈漢字ペディア〉  ●H30-2㈠,読み方をご入力ください,Text
"__篝火__であたりを照らす
関連熟語：篝火（コウカ）  ★篝火（かがりび） 夜間の警備や漁猟に照明としてたく火。かがり。〈漢字ペディア〉  ●H06-1㈠",かがりび,関連熟語：篝火（コウカ）  ★篝火（かがりび） 夜間の警備や漁猟に照明としてたく火。かがり。〈漢字ペディア〉  ●H06-1㈠,読み方をご入力ください,Text
"__篩__った黄粉を餅に付ける
関連熟語：--  ★篩う（ふる-う）  1.ふるいに掛けてより分ける。  2.選抜する。〈漢字ペディア〉  ●H16-3㈠",ふる,関連熟語：--  ★篩う（ふる-う）  1.ふるいに掛けてより分ける。  2.選抜する。〈漢字ペディア〉  ●H16-3㈠,読み方をご入力ください,Text
"__籬__に耳、壁の話する世の中
関連熟語：藩籬（ハンリ）  ★籬（まがき） 竹や柴(しば)などで、目をあらく編んで作った垣。ませがき。ませ。〈漢字ペディア〉","まがき,ませがき",関連熟語：藩籬（ハンリ）  ★籬（まがき） 竹や柴(しば)などで、目をあらく編んで作った垣。ませがき。ませ。〈漢字ペディア〉,読み方をご入力ください,Text
"__粳__を常食の米とする
関連熟語：粳稲（コウトウ）  ★粳（うるち） 粘り気の少ない、ふつうに炊いて食べる米。うるちの米。うるちまい。うるしね。〈漢字ペディア〉  ●H21-2㈠","うるち,うる",関連熟語：粳稲（コウトウ）  ★粳（うるち） 粘り気の少ない、ふつうに炊いて食べる米。うるちの米。うるちまい。うるしね。〈漢字ペディア〉  ●H21-2㈠,読み方をご入力ください,Text
"__蓼酢__でもいけぬ奴
関連熟語：--  ★蓼酢（たです）  1.タデの葉をすって酢ですりのばした調味料。夏、アユなどの塩焼きに用いる。  2.濃茶(ｺｲﾁｬ)。色が似ているところから。〈日本国語大辞典〉  ▼蓼酢でもいけぬ奴(ﾔﾂ)…鮎の塩焼きなどに用いる蓼酢をかけても食えないやつ。どうにも扱いに困る人。煮ても焼いても食えないやつ。〈故事俗信ことわざ大辞典〉","たです,たでず",関連熟語：--  ★蓼酢（たです）  1.タデの葉をすって酢ですりのばした調味料。夏、アユなどの塩焼きに用いる。  2.濃茶(ｺｲﾁｬ)。色が似ているところから。〈日本国語大辞典〉  ▼蓼酢でもいけぬ奴(ﾔﾂ)…鮎の塩焼きなどに用いる蓼酢をかけても食えないやつ。どうにも扱いに困る人。煮ても焼いても食えないやつ。〈故事俗信ことわざ大辞典〉,読み方をご入力ください,Text
"__薺__花咲く垣根かな
関連熟語：荼薺（トセイ）  ★薺（なずな） アブラナ科の二年草。道端に自生。春、白い小さな四弁花をつけ、三味線のばちのような形の実を結ぶ。春の七草の一つ。ペンペングサ。〈漢字ペディア〉  ●H04-1㈠",なずな,関連熟語：荼薺（トセイ）  ★薺（なずな） アブラナ科の二年草。道端に自生。春、白い小さな四弁花をつけ、三味線のばちのような形の実を結ぶ。春の七草の一つ。ペンペングサ。〈漢字ペディア〉  ●H04-1㈠,読み方をご入力ください,Text
"__薺粥__を啜り邪気をはらう
関連熟語：荼薺（トセイ）,麋粥（ビシュク）  ★薺粥（なずながゆ） 陰暦正月七日に食べる、薺などの春の七草を刻み入れた粥。〈日本国語大辞典〉  ●H04-1㈠「薺」  ●H09-1㈠／ ●H19-2㈠",なずながゆ,"関連熟語：荼薺（トセイ）,麋粥（ビシュク）  ★薺粥（なずながゆ） 陰暦正月七日に食べる、薺などの春の七草を刻み入れた粥。〈日本国語大辞典〉  ●H04-1㈠「薺」  ●H09-1㈠／ ●H19-2㈠",読み方をご入力ください,Text
"__蝗__の大群が発生した
関連熟語：蝗害（コウガイ）  ★蝗／螽／稲子（いなご） イナゴ科の昆虫の総称。緑色の体に淡褐色のはねをもつ。イネの害虫。食用になる。〈漢字ペディア〉  ●H04-1㈠",いなご,関連熟語：蝗害（コウガイ）  ★蝗／螽／稲子（いなご） イナゴ科の昆虫の総称。緑色の体に淡褐色のはねをもつ。イネの害虫。食用になる。〈漢字ペディア〉  ●H04-1㈠,読み方をご入力ください,Text
"__衵__姿の童女が現れた
関連熟語：--  ★衵（あこめ） 昔、宮廷に仕える男女が用いた丈の短い中着。〈漢字ペディア〉  ●H23-1㈠／ ●H26-1㈠／ ●H30-1㈠",あこめ,関連熟語：--  ★衵（あこめ） 昔、宮廷に仕える男女が用いた丈の短い中着。〈漢字ペディア〉  ●H23-1㈠／ ●H26-1㈠／ ●H30-1㈠,読み方をご入力ください,Text
"__褻__にも晴れにも歌一首
関連熟語：--  ▼褻にも晴れにも歌一首(ｳﾀｲｯｼｭ)…ふだん（褻）でも晴れの席の時でも同じ歌一首しかよめない。芸の少ないこと、無能無芸であることのたとえ。〈故事俗信ことわざ大辞典〉",け,関連熟語：--  ▼褻にも晴れにも歌一首(ｳﾀｲｯｼｭ)…ふだん（褻）でも晴れの席の時でも同じ歌一首しかよめない。芸の少ないこと、無能無芸であることのたとえ。〈故事俗信ことわざ大辞典〉,読み方をご入力ください,Text
"__謗__れば影指す
関連熟語：誹謗（ヒボウ）  ▼謗れば影(ｶｹﾞ)さす…人の悪口を言っていると、そこに当人がやって来るものだということ。〈漢字ペディア〉  ●H13-1㈠",そし,関連熟語：誹謗（ヒボウ）  ▼謗れば影(ｶｹﾞ)さす…人の悪口を言っていると、そこに当人がやって来るものだということ。〈漢字ペディア〉  ●H13-1㈠,読み方をご入力ください,Text
"__貂__なき森の鼬
関連熟語：貂裘（チョウキュウ）  ▼貂なき森(ﾓﾘ)の鼬(ｲﾀﾁ)…権力者がいない所では、つまらない人間が幅をきかせるたとえ。テンのいない森では、イタチが身勝手な振る舞いをする意から。〈漢字ペディア〉",てん,関連熟語：貂裘（チョウキュウ）  ▼貂なき森(ﾓﾘ)の鼬(ｲﾀﾁ)…権力者がいない所では、つまらない人間が幅をきかせるたとえ。テンのいない森では、イタチが身勝手な振る舞いをする意から。〈漢字ペディア〉,読み方をご入力ください,Text
"__踝__を強く打った
関連熟語：--  ★踝（くるぶし） 足首の内,外両側にある骨の突起。くろぶし。つぶぶし。つぶなぎ。〈漢字ペディア〉  ●H07-3㈠","くるぶし,かかと,くびす","関連熟語：--  ★踝（くるぶし） 足首の内,外両側にある骨の突起。くろぶし。つぶぶし。つぶなぎ。〈漢字ペディア〉  ●H07-3㈠",読み方をご入力ください,Text
"__踵__を接して来る
関連熟語：旋踵（センショウ）  ★踵（くびす／きびす） 足の裏の後ろの部分。かかと。〈漢字ペディア〉  ▼踵を接(ｾｯ)す…隙間なく並んだり続いたりしていることのたとえ。人々が次々と　来たり、物事が、次々に起こってくる。〈日本国語大辞典〉  ●H06-1㈠","くびす,きびす",関連熟語：旋踵（センショウ）  ★踵（くびす／きびす） 足の裏の後ろの部分。かかと。〈漢字ペディア〉  ▼踵を接(ｾｯ)す…隙間なく並んだり続いたりしていることのたとえ。人々が次々と　来たり、物事が、次々に起こってくる。〈日本国語大辞典〉  ●H06-1㈠,読み方をご入力ください,Text
"__躪__り書きの置き手紙を読んだ
関連熟語：--  ★躪り書き（にじ-り-が-き） 筆で紙を押えつけてにじるようにして拙劣な文字を書くこと。また、その書いたもの。〈漢字ペディア〉  ●H26-3㈠",にじ,関連熟語：--  ★躪り書き（にじ-り-が-き） 筆で紙を押えつけてにじるようにして拙劣な文字を書くこと。また、その書いたもの。〈漢字ペディア〉  ●H26-3㈠,読み方をご入力ください,Text
"__轅__を北にして楚にゆく
関連熟語：轅下（エンカ）  ★轅（ながえ） 牛車(ｷﾞｯｼｬ)などの前に、長くさし出した二本の棒。その先に軛(ｸﾋﾞｷ:ウシやウマの首にあてる横木)を渡してウシなどに車を引かせた。〈漢字ペディア〉  ●H14-2㈠／ ●H17-2㈠／ ●H25-1㈠",ながえ,関連熟語：轅下（エンカ）  ★轅（ながえ） 牛車(ｷﾞｯｼｬ)などの前に、長くさし出した二本の棒。その先に軛(ｸﾋﾞｷ:ウシやウマの首にあてる横木)を渡してウシなどに車を引かせた。〈漢字ペディア〉  ●H14-2㈠／ ●H17-2㈠／ ●H25-1㈠,読み方をご入力ください,Text
"__遉__に横綱の相撲は見応えがあった
関連熟語：--  ★遉／流石（さすが）  1.予想や評判どおり。やはり。思っていたとおり。  2.そうはいうものの、やはり。  3.いくら…でも、やはり。あれほどの。〈漢字ペディア〉  ●H21-3㈠／ ●H25-1㈠",さすが,関連熟語：--  ★遉／流石（さすが）  1.予想や評判どおり。やはり。思っていたとおり。  2.そうはいうものの、やはり。  3.いくら…でも、やはり。あれほどの。〈漢字ペディア〉  ●H21-3㈠／ ●H25-1㈠,読み方をご入力ください,Text
"__鄙__びた一軒家に辿り着く
関連熟語：鄙俚（ヒリ）  ★鄙びる（ひな-びる） 田舎風で、素朴な感じがする。田舎めく。〈漢字ペディア〉",ひな,関連熟語：鄙俚（ヒリ）  ★鄙びる（ひな-びる） 田舎風で、素朴な感じがする。田舎めく。〈漢字ペディア〉,読み方をご入力ください,Text
"__鉋屑__へ火が付いたように喋る
関連熟語：--  ★鉋屑（かんなくず） 鉋(かんな)で材木を削るときにできる薄い木くず。〈漢字ペディア〉  ●H13-1㈠",かんなくず,関連熟語：--  ★鉋屑（かんなくず） 鉋(かんな)で材木を削るときにできる薄い木くず。〈漢字ペディア〉  ●H13-1㈠,読み方をご入力ください,Text
"__鋺__に欠き氷を盛る
関連熟語：--  ★鋺／金鋺（かなまり） 金属製のわん。酒や水などを盛る器。〈漢字ペディア〉  ●H28-1㈠","かなまり,まり",関連熟語：--  ★鋺／金鋺（かなまり） 金属製のわん。酒や水などを盛る器。〈漢字ペディア〉  ●H28-1㈠,読み方をご入力ください,Text
"__鐚__銭を選ぶ
関連熟語：--  ★鐚銭（びたセン／びたぜに）  1.室町中期から明治初期にかけて使われた粗悪な銭貨。びた。  2.使い古した硬貨。〈漢字ペディア〉  ●H04-1㈠",びた,関連熟語：--  ★鐚銭（びたセン／びたぜに）  1.室町中期から明治初期にかけて使われた粗悪な銭貨。びた。  2.使い古した硬貨。〈漢字ペディア〉  ●H04-1㈠,読み方をご入力ください,Text
"__霤__は三途の川
関連熟語：霤槽（リュウソウ）  ★霤（あまだれ） 軒などから垂れ落ちる雨のしずく。〈漢字ペディア〉  ●H17-3㈠／ ●H21-3㈠／ ●H26-1㈠",あまだれ,関連熟語：霤槽（リュウソウ）  ★霤（あまだれ） 軒などから垂れ落ちる雨のしずく。〈漢字ペディア〉  ●H17-3㈠／ ●H21-3㈠／ ●H26-1㈠,読み方をご入力ください,Text
"__饐__えた臭気が鼻を突く
関連熟語：--  ★饐えた（す-えた） 食物が腐ってすっぱくなる。〈漢字ペディア〉  ●H18-3㈠",す,関連熟語：--  ★饐えた（す-えた） 食物が腐ってすっぱくなる。〈漢字ペディア〉  ●H18-3㈠,読み方をご入力ください,Text
"__髻__を切って聖に随った
関連熟語：椎髻（ツイケイ／スイケイ）  ★髻（もとどり） 髪の毛を集めて束ねた部分。〈漢字ペディア〉  ●H22-3㈠","もとどり,たぶさ",関連熟語：椎髻（ツイケイ／スイケイ）  ★髻（もとどり） 髪の毛を集めて束ねた部分。〈漢字ペディア〉  ●H22-3㈠,読み方をご入力ください,Text
"__鬆__が立った飯は食われぬ
関連熟語：--  ★鬆（す）  1.時期が過ぎたダイコン,ゴボウや煮過ぎた豆腐などの内側にできる、細かい穴。  2.鋳物の内側にできる空洞。〈漢字ペディア〉  ●H08-3㈠",す,"関連熟語：--  ★鬆（す）  1.時期が過ぎたダイコン,ゴボウや煮過ぎた豆腐などの内側にできる、細かい穴。  2.鋳物の内側にできる空洞。〈漢字ペディア〉  ●H08-3㈠",読み方をご入力ください,Text
"__鮠__の群れが涼しげに川底を行き来した
関連熟語：--  ★鮠（はや／はえ） コイ科の淡水魚。おもに関東ではウグイ、関西ではオイカワの別称に用いる。〈漢字ペディア〉  ●H16-1㈠","はや,はえ",関連熟語：--  ★鮠（はや／はえ） コイ科の淡水魚。おもに関東ではウグイ、関西ではオイカワの別称に用いる。〈漢字ペディア〉  ●H16-1㈠,読み方をご入力ください,Text
"__鯔背__な法被姿で練り歩く
関連熟語：--  ★鯔背（いなせ） 粋で威勢のよいこと。また、そのさま。さっぱりした気風。いさみ肌。江戸時代、江戸の日本橋魚河岸の粋で威勢のよい若者が結った、鯔背銀杏(いなせいちょう)の髪形から。〈漢字ペディア〉  ●H18-1㈠",いなせ,関連熟語：--  ★鯔背（いなせ） 粋で威勢のよいこと。また、そのさま。さっぱりした気風。いさみ肌。江戸時代、江戸の日本橋魚河岸の粋で威勢のよい若者が結った、鯔背銀杏(いなせいちょう)の髪形から。〈漢字ペディア〉  ●H18-1㈠,読み方をご入力ください,Text
"__鱶__ほど寝る
関連熟語：--  ▼鱶ほど寝る…鼾(ｲﾋﾞｷ)をかいてよく寝入る。〈故事俗信ことわざ大辞典〉",ふか,関連熟語：--  ▼鱶ほど寝る…鼾(ｲﾋﾞｷ)をかいてよく寝入る。〈故事俗信ことわざ大辞典〉,読み方をご入力ください,Text
"__鸛__は高木の樹頂に営巣する
関連熟語：--  ★鸛（こうのとり）  1.コウノトリ科の鳥。羽毛は白く翼の大部分は黒色。形はツルに似る。アジア東部にすむ。日本では特別天然記念物に指定されたが絶滅。コウヅル。  2.ベニハシコウノトリの略。くちばしが紅色の西洋のコウノトリのこと。〈漢字ペディア〉  ●H23-2㈠",こうのとり,関連熟語：--  ★鸛（こうのとり）  1.コウノトリ科の鳥。羽毛は白く翼の大部分は黒色。形はツルに似る。アジア東部にすむ。日本では特別天然記念物に指定されたが絶滅。コウヅル。  2.ベニハシコウノトリの略。くちばしが紅色の西洋のコウノトリのこと。〈漢字ペディア〉  ●H23-2㈠,読み方をご入力ください,Text
"__麩__を飼料にする
関連熟語：--  ★麩（ふすま） コムギをひいて粉にするときに残る皮のくず。洗い粉や家畜のえさにする。〈漢字ペディア〉  ●H05-1㈠",ふすま,関連熟語：--  ★麩（ふすま） コムギをひいて粉にするときに残る皮のくず。洗い粉や家畜のえさにする。〈漢字ペディア〉  ●H05-1㈠,読み方をご入力ください,Text
"あしひきの山橘を__苞__に摘み来な
関連熟語：苞苴（ホウショ）  ★苞苴／苞（つと）  1.食品を、わらなどを束ねて包んだもの。わらづと。あらまき。  2.携えていく土産。〈漢字ペディア〉  ●R02-2㈠",つと,関連熟語：苞苴（ホウショ）  ★苞苴／苞（つと）  1.食品を、わらなどを束ねて包んだもの。わらづと。あらまき。  2.携えていく土産。〈漢字ペディア〉  ●R02-2㈠,読み方をご入力ください,Text
"いささか__訝__しい点がある
関連熟語：怪訝（ケゲン／カイガ）  ★訝しい（いぶかしい） あやしい。うたがわしい。不審なさま。〈漢字ペディア〉  ●H05-2㈠",いぶか,関連熟語：怪訝（ケゲン／カイガ）  ★訝しい（いぶかしい） あやしい。うたがわしい。不審なさま。〈漢字ペディア〉  ●H05-2㈠,読み方をご入力ください,Text
"いたり飲めば__輒__ち尽くす
関連熟語：--  ★輒ち（すなわ-ち）  1.そのたびごとに。いつも。  2.たやすく。すぐに。〈漢字ペディア〉  ●H07-2㈠",すなわ,関連熟語：--  ★輒ち（すなわ-ち）  1.そのたびごとに。いつも。  2.たやすく。すぐに。〈漢字ペディア〉  ●H07-2㈠,読み方をご入力ください,Text
"かなり__踵__の高い靴をはいている
関連熟語：踵骨（ショウコツ）  ★踵（かかと）  1.足の裏の後ろの部分。くびす。  2.履物の後ろ、また、裏の後ろの部分。〈漢字ペディア〉",かかと,関連熟語：踵骨（ショウコツ）  ★踵（かかと）  1.足の裏の後ろの部分。くびす。  2.履物の後ろ、また、裏の後ろの部分。〈漢字ペディア〉,読み方をご入力ください,Text
"ことづてもなく__宛__ら春になりぬ
関連熟語：宛然（エンゼン）  ★宛ら（さなが-ら） まるで。ちょうど。あたかも。〈漢字ペディア〉  ●H08-3㈠",さなが,関連熟語：宛然（エンゼン）  ★宛ら（さなが-ら） まるで。ちょうど。あたかも。〈漢字ペディア〉  ●H08-3㈠,読み方をご入力ください,Text
"しきりに隠元豆を__挘__っている
関連熟語：--  ★毟る／挘る（むし-る）  1.物の本体に密着しているものを、むりやりに引きちぎったり、引き抜いたりする。  2.綿などをつまみ広げて、ふっくらとさせる。つばなかす。  3.身を引きちぎって細かくする。また、肉や魚の身を骨からはがしてほぐす。  4.むりやりに奪い取る。  5. (多く「口をむしる」の形で用いて) かまをかけて尋ねる。〈日本国語大辞典〉  ●H06-2㈠",むし,関連熟語：--  ★毟る／挘る（むし-る）  1.物の本体に密着しているものを、むりやりに引きちぎったり、引き抜いたりする。  2.綿などをつまみ広げて、ふっくらとさせる。つばなかす。  3.身を引きちぎって細かくする。また、肉や魚の身を骨からはがしてほぐす。  4.むりやりに奪い取る。  5. (多く「口をむしる」の形で用いて) かまをかけて尋ねる。〈日本国語大辞典〉  ●H06-2㈠,読み方をご入力ください,Text
"すでに__蛻__の殻だった
関連熟語：蟬蛻（センゼイ）  ★蛻の殻（もぬけ-の-から） ぬけがら。また、目当ての者が抜け出して、空になっている住居や寝所など。〈漢字ペディア〉  ●H07-2㈠",もぬけ,関連熟語：蟬蛻（センゼイ）  ★蛻の殻（もぬけ-の-から） ぬけがら。また、目当ての者が抜け出して、空になっている住居や寝所など。〈漢字ペディア〉  ●H07-2㈠,読み方をご入力ください,Text
"その後__恙__なくお過ごしでしょうか
関連熟語：無恙（ムヨウ）  ★恙無い（つつがな-い） 病気がない。事故などの災難や心配事がない。〈漢字ペディア〉  ●H05-2㈠／ ●H14-2㈠",つつが,関連熟語：無恙（ムヨウ）  ★恙無い（つつがな-い） 病気がない。事故などの災難や心配事がない。〈漢字ペディア〉  ●H05-2㈠／ ●H14-2㈠,読み方をご入力ください,Text
"その処断を__肯__わぬ蒙昧な人々
関連熟語：首肯（シュコウ）  ★肯う（うべな-う） もっともだと思って承知する。よいとしてうなずく。〈漢字ペディア〉",うべな,関連熟語：首肯（シュコウ）  ★肯う（うべな-う） もっともだと思って承知する。よいとしてうなずく。〈漢字ペディア〉,読み方をご入力ください,Text
"その場の誰もが口を__噤__んでいた
関連熟語：噤口（キンコウ）  ★噤む（つぐ-む） 口を閉じてものを言わない。黙る。〈漢字ペディア〉",つぐ,関連熟語：噤口（キンコウ）  ★噤む（つぐ-む） 口を閉じてものを言わない。黙る。〈漢字ペディア〉,読み方をご入力ください,Text
"それは__夥__しく存在する
関連熟語：夥多（カタ）  ★夥しい（おびただ-しい）  1.非常に多い。  2.はなはだしい。はげしい。〈漢字ペディア〉  ●H04-1㈠／ ●H06-3㈠",おびただ,関連熟語：夥多（カタ）  ★夥しい（おびただ-しい）  1.非常に多い。  2.はなはだしい。はげしい。〈漢字ペディア〉  ●H04-1㈠／ ●H06-3㈠,読み方をご入力ください,Text
"それは__迚__もできない
関連熟語：--  ★迚も（とて-も）  1.（あとに打消しの表現を伴って用いる）どのようにしても実現しない気持ちを表す。どうしても。とうてい。  2.程度のはなはだしいさま。非常に。たいへん。とっても。  3.結局は否定的な結果になるという投げやりな気持ちを表す。どうせ。しょせん。  4.よりよい内容を望む気持ちを表す。どうせ…なら。〈大辞泉〉  ●H07-3㈠",とて,関連熟語：--  ★迚も（とて-も）  1.（あとに打消しの表現を伴って用いる）どのようにしても実現しない気持ちを表す。どうしても。とうてい。  2.程度のはなはだしいさま。非常に。たいへん。とっても。  3.結局は否定的な結果になるという投げやりな気持ちを表す。どうせ。しょせん。  4.よりよい内容を望む気持ちを表す。どうせ…なら。〈大辞泉〉  ●H07-3㈠,読み方をご入力ください,Text
"それは濃緑の葉の間に__赫__いていた
関連熟語：赫灼（カクシャク）  ★赫く（かがや-く） あかあかと光る。あかく光り輝く。〈漢字ペディア〉  ●H07-1㈠",かがや,関連熟語：赫灼（カクシャク）  ★赫く（かがや-く） あかあかと光る。あかく光り輝く。〈漢字ペディア〉  ●H07-1㈠,読み方をご入力ください,Text
"それも__序__でに言って置く
関連熟語：順序（ジュンジョ）  ★序で（つい-で）  1.あることを行うとき、同時に他のこともするよい機会。  2.順序。次第。〈漢字ペディア〉  ●H07-1㈠／ ●H08-3㈠",つい,関連熟語：順序（ジュンジョ）  ★序で（つい-で）  1.あることを行うとき、同時に他のこともするよい機会。  2.順序。次第。〈漢字ペディア〉  ●H07-1㈠／ ●H08-3㈠,読み方をご入力ください,Text
"それを言っては__縺__れてしまう
関連熟語：--  ★縺れる（もつ-れる）  1.糸など線状のものがからみ合う。  2.言語や動作が自由にならない。  3.物事が混乱してこじれる。〈漢字ペディア〉  ●H08-3㈠",もつ,関連熟語：--  ★縺れる（もつ-れる）  1.糸など線状のものがからみ合う。  2.言語や動作が自由にならない。  3.物事が混乱してこじれる。〈漢字ペディア〉  ●H08-3㈠,読み方をご入力ください,Text
"とらつぐみを__鵺__ともいう
関連熟語：--  ★鵺（ぬえ）  1.伝説上の怪獣。頭はサル、手足はトラ、体はタヌキ、尾はヘビ、声はトラツグミに似るという。  2.得体の知れない人物やはっきりしない態度。  3.トラツグミの別称。〈漢字ペディア〉  ●H06-2㈠／ ●H16-2㈠",ぬえ,関連熟語：--  ★鵺（ぬえ）  1.伝説上の怪獣。頭はサル、手足はトラ、体はタヌキ、尾はヘビ、声はトラツグミに似るという。  2.得体の知れない人物やはっきりしない態度。  3.トラツグミの別称。〈漢字ペディア〉  ●H06-2㈠／ ●H16-2㈠,読み方をご入力ください,Text
"どうやら__秕__ばっかし摑まされたらしい
関連熟語：秕糠（ヒコウ）  ★秕（しいな）  1.殻ばかりで中身のない、もみ。  2.実らないまましなびた、草木の実。〈漢字ペディア〉  ●H30-1㈠",しいな,関連熟語：秕糠（ヒコウ）  ★秕（しいな）  1.殻ばかりで中身のない、もみ。  2.実らないまましなびた、草木の実。〈漢字ペディア〉  ●H30-1㈠,読み方をご入力ください,Text
"なかなか__強__かな人物である
関連熟語：--  ★強か（したた-か）  1.ひとすじなわではいかないさま。  2.ひどく。つよく。大いに。〈漢字ペディア〉  ●H06-2㈠",したた,関連熟語：--  ★強か（したた-か）  1.ひとすじなわではいかないさま。  2.ひどく。つよく。大いに。〈漢字ペディア〉  ●H06-2㈠,読み方をご入力ください,Text
"はて__扠__運の甲斐ない男だ
関連熟語：--  ★扠／扨／偖 ところで。続けてきた話の話題を変えるときに用いる語。〈漢字ペディア〉",さて,関連熟語：--  ★扠／扨／偖 ところで。続けてきた話の話題を変えるときに用いる語。〈漢字ペディア〉,読み方をご入力ください,Text
"ひどく打ち__萎__れた様子だ
関連熟語：萎靡（イビ）  ★打ち萎れる（う-ち-しお-れる）  1.しょんぼりする。生気を失ってぐったりする。  2.衣服などがぬれて萎(ﾅ)える。転じて、ぬれる。  3.草木や花などが風雨、陽光などによってしぼむ。ぐったりする。〈日本国語大辞典〉",しお,関連熟語：萎靡（イビ）  ★打ち萎れる（う-ち-しお-れる）  1.しょんぼりする。生気を失ってぐったりする。  2.衣服などがぬれて萎(ﾅ)える。転じて、ぬれる。  3.草木や花などが風雨、陽光などによってしぼむ。ぐったりする。〈日本国語大辞典〉,読み方をご入力ください,Text
"まことに__忝__く存じます
関連熟語：虚忝（キョテン）  ★忝い（かたじけな-い）  1.おそれ多い。もったいない。  2.身にしみてありがたい。〈漢字ペディア〉  ●H07-2㈠",かたじけな,関連熟語：虚忝（キョテン）  ★忝い（かたじけな-い）  1.おそれ多い。もったいない。  2.身にしみてありがたい。〈漢字ペディア〉  ●H07-2㈠,読み方をご入力ください,Text
"もみじ葉は風の__被__くる錦なりけり
関連熟語：被服（ヒフク）  ★被ける（かず-ける）  1.責任を負わせる。  2.かこつける。  3.頭にかぶらせる。また、ご祝儀や褒美として衣類を肩に掛ける。〈漢字ペディア〉  ●R02-3㈠",かず,関連熟語：被服（ヒフク）  ★被ける（かず-ける）  1.責任を負わせる。  2.かこつける。  3.頭にかぶらせる。また、ご祝儀や褒美として衣類を肩に掛ける。〈漢字ペディア〉  ●R02-3㈠,読み方をご入力ください,Text
"もらうものなら__藜__でも
関連熟語：藜羹（レイコウ）  ★藜（あかざ） アカザ科の一年草。中国原産。空き地や道端に自生。高さは一メートル以上になり、茎はかたい。葉はひし形に近い卵形。夏、小花を穂状につける。若葉は赤紫色で、食べられる。〈漢字ペディア〉  ●H09-2㈠／ ●H22-1㈠",あかざ,関連熟語：藜羹（レイコウ）  ★藜（あかざ） アカザ科の一年草。中国原産。空き地や道端に自生。高さは一メートル以上になり、茎はかたい。葉はひし形に近い卵形。夏、小花を穂状につける。若葉は赤紫色で、食べられる。〈漢字ペディア〉  ●H09-2㈠／ ●H22-1㈠,読み方をご入力ください,Text
"ゆかしさよ__樒__花咲く雨の中
関連熟語：--  ★樒／梻（しきみ） モクレン科の常緑小高木。暖地の山林に自生。春、淡黄色の花を開く。葉は長い楕円(ダエン)形で光沢と香気があり、抹香をとる。また、枝を仏前に供える。果実は有毒。シキビ。〈漢字ペディア〉  ●H13-1㈠",しきみ,関連熟語：--  ★樒／梻（しきみ） モクレン科の常緑小高木。暖地の山林に自生。春、淡黄色の花を開く。葉は長い楕円(ダエン)形で光沢と香気があり、抹香をとる。また、枝を仏前に供える。果実は有毒。シキビ。〈漢字ペディア〉  ●H13-1㈠,読み方をご入力ください,Text
"よく__鞣__してある菖蒲色の革紐
関連熟語：鞣皮（ジュウヒ）  ★鞣す（なめ-す） 動物の毛皮の毛と脂肪を取り除き、薬品で処理して柔らかくする。〈漢字ペディア〉",なめ,関連熟語：鞣皮（ジュウヒ）  ★鞣す（なめ-す） 動物の毛皮の毛と脂肪を取り除き、薬品で処理して柔らかくする。〈漢字ペディア〉,読み方をご入力ください,Text
"わざと要点を__暈__して話した
関連熟語：暈繝（ウンゲン）  ★暈す（ぼか-す）  1.色合いや線などを次第に薄くぼんやりとさせる。  2.話の内容をはっきりさせずにあいまいにする。〈漢字ペディア〉",ぼか,関連熟語：暈繝（ウンゲン）  ★暈す（ぼか-す）  1.色合いや線などを次第に薄くぼんやりとさせる。  2.話の内容をはっきりさせずにあいまいにする。〈漢字ペディア〉,読み方をご入力ください,Text
"ミネルヴァの__梟__は知恵の象徴とされる
関連熟語：鴟梟（シキョウ）  ★梟（ふくろう） フクロウ科の鳥。森林にすむ。頭は丸くて、目は大きく、くちばしが鋭い。多くは夜行性でネズミやモグラなどの小動物を捕食する。〈漢字ペディア〉  ●H15-2㈠",ふくろう,関連熟語：鴟梟（シキョウ）  ★梟（ふくろう） フクロウ科の鳥。森林にすむ。頭は丸くて、目は大きく、くちばしが鋭い。多くは夜行性でネズミやモグラなどの小動物を捕食する。〈漢字ペディア〉  ●H15-2㈠,読み方をご入力ください,Text
"悪魔主義と__看做__されている
関連熟語：--  ★見做す／看做す（みな-す） みて、そうときめる。それと判定したり仮定したりする。〈漢字ペディア〉",みな,関連熟語：--  ★見做す／看做す（みな-す） みて、そうときめる。それと判定したり仮定したりする。〈漢字ペディア〉,読み方をご入力ください,Text
"葦辺に舟が__舫__ってある
関連熟語：舫船（ホウセン）  ★舫う（もや-う）  1.船と船とを互いにつなぎ合わせる。  2.杭(ｸｲ)などに船をつなぎとめる。〈漢字ペディア〉  ●H24-2㈠",もや,関連熟語：舫船（ホウセン）  ★舫う（もや-う）  1.船と船とを互いにつなぎ合わせる。  2.杭(ｸｲ)などに船をつなぎとめる。〈漢字ペディア〉  ●H24-2㈠,読み方をご入力ください,Text
"胃が__凭__れて困る
関連熟語：凭几（ヒョウキ）  ★凭れる（もた-れる）  1.ものを支えにして体重をかける。よりかかる。  2.食べた物がよく消化されず、胃がすっきりとしない。〈漢字ペディア〉  ●H04-1㈠／ ●H08-1㈠",もた,関連熟語：凭几（ヒョウキ）  ★凭れる（もた-れる）  1.ものを支えにして体重をかける。よりかかる。  2.食べた物がよく消化されず、胃がすっきりとしない。〈漢字ペディア〉  ●H04-1㈠／ ●H08-1㈠,読み方をご入力ください,Text
"医師の忠告を__肯__じなかった
関連熟語：肯定（コウテイ）  ★肯じる（がえん-じる） 受け入れる。承知する。肯定する。〈漢字ペディア〉  ●H08-2㈠",がえん,関連熟語：肯定（コウテイ）  ★肯じる（がえん-じる） 受け入れる。承知する。肯定する。〈漢字ペディア〉  ●H08-2㈠,読み方をご入力ください,Text
"井戸茶碗の__鰄__に見処があった
関連熟語：--  ★鰄／梅花皮（かいらぎ） 南海にすむサメ類で、アカエイに似た魚の背皮。刀剣のつかやさや、装飾品などに用いる。〈漢字ペディア〉  ●H20-1㈠／ ●H29-1㈠",かいらぎ,関連熟語：--  ★鰄／梅花皮（かいらぎ） 南海にすむサメ類で、アカエイに似た魚の背皮。刀剣のつかやさや、装飾品などに用いる。〈漢字ペディア〉  ●H20-1㈠／ ●H29-1㈠,読み方をご入力ください,Text
"一気に気勢を__削__がれてしまう
関連熟語：削減（サクゲン）  ★削ぐ（そ-ぐ）  1.物の先端をとがらせるように薄く切る。  2.髪の毛の端を間引くように切り落とす。  3.減らす。弱くする。〈漢字ペディア〉",そ,関連熟語：削減（サクゲン）  ★削ぐ（そ-ぐ）  1.物の先端をとがらせるように薄く切る。  2.髪の毛の端を間引くように切り落とす。  3.減らす。弱くする。〈漢字ペディア〉,読み方をご入力ください,Text
"一向に__梲__があがらない
関連熟語：--  ★梲／卯建（うだつ／うだち） 家の梁(ﾊﾘ)の上に立て、棟木(ﾑﾅｷﾞ)を支える短い柱。〈漢字ペディア〉  ▼梲が上(ｱ)がらぬ…それなりの努力はしても運がなく、いつまでたってもよい境遇になれないこと。出世しない。〈漢字ペディア〉  ●H05-2㈠","うだつ,うだち",関連熟語：--  ★梲／卯建（うだつ／うだち） 家の梁(ﾊﾘ)の上に立て、棟木(ﾑﾅｷﾞ)を支える短い柱。〈漢字ペディア〉  ▼梲が上(ｱ)がらぬ…それなりの努力はしても運がなく、いつまでたってもよい境遇になれないこと。出世しない。〈漢字ペディア〉  ●H05-2㈠,読み方をご入力ください,Text
"一点一画__苟__もせず
関連熟語：不苟（フコウ）  ★苟も（いやしく-も）  1.かりにも。かりそめにも。  2.いいかげんに。おろそかに。「…しない」「…せず」の形で使う。〈漢字ペディア〉  ●H07-2㈠",いやしく,関連熟語：不苟（フコウ）  ★苟も（いやしく-も）  1.かりにも。かりそめにも。  2.いいかげんに。おろそかに。「…しない」「…せず」の形で使う。〈漢字ペディア〉  ●H07-2㈠,読み方をご入力ください,Text
"一匹の__鰆__を以てもてなさん
関連熟語：--  ★鰆（さわら） サバ科の海魚。各地の沿岸に分布し、特に瀬戸内海に多くすむ。形は細長く、体長約一メートル。背は淡灰青色で腹は銀灰色。冬から春に美味。〈漢字ペディア〉  ●H09-2㈠",さわら,関連熟語：--  ★鰆（さわら） サバ科の海魚。各地の沿岸に分布し、特に瀬戸内海に多くすむ。形は細長く、体長約一メートル。背は淡灰青色で腹は銀灰色。冬から春に美味。〈漢字ペディア〉  ●H09-2㈠,読み方をご入力ください,Text
"越鳥南枝に巣くい、胡馬北風に__嘶__く
関連熟語：長嘶（チョウセイ）  ★越鳥(ｴｯﾁｮｳ)南枝(ﾅﾝｼ)に巣くい、胡馬(ｺﾊﾞ)北風(ﾎｸﾌｳ)に嘶く…故郷の忘れがたいことや、故郷を恋い慕うこと。望郷の念にかられること。中国南方の越の国から渡って来た鳥は樹木の南側の枝に巣をつくり、北方の胡の国から来た馬は、北風が吹いてくると故郷をなつかしんでいななくという故事による。〈故事俗信ことわざ大辞典〉",いなな,関連熟語：長嘶（チョウセイ）  ★越鳥(ｴｯﾁｮｳ)南枝(ﾅﾝｼ)に巣くい、胡馬(ｺﾊﾞ)北風(ﾎｸﾌｳ)に嘶く…故郷の忘れがたいことや、故郷を恋い慕うこと。望郷の念にかられること。中国南方の越の国から渡って来た鳥は樹木の南側の枝に巣をつくり、北方の胡の国から来た馬は、北風が吹いてくると故郷をなつかしんでいななくという故事による。〈故事俗信ことわざ大辞典〉,読み方をご入力ください,Text
"縁が綺麗に__縢__ってある
関連熟語：--  ★縢る（かが-る） 布の縁や破れた部分を糸をからげて縫う。まつる。〈漢字ペディア〉  ●H18-3㈠／ ●H21-2㈠／ ●R02-2㈠",かが,関連熟語：--  ★縢る（かが-る） 布の縁や破れた部分を糸をからげて縫う。まつる。〈漢字ペディア〉  ●H18-3㈠／ ●H21-2㈠／ ●R02-2㈠,読み方をご入力ください,Text
"遠くなった耳で聞き、__翳__んだ目で見る
関連熟語：--  ★翳む（かす-む） 物がぼやけて見えにくくなる。〈漢字ペディア〉",かす,関連熟語：--  ★翳む（かす-む） 物がぼやけて見えにくくなる。〈漢字ペディア〉,読み方をご入力ください,Text
"遠くの方から__鬨__の声が聞こえてきた
関連熟語：鬨声（コウセイ）  ★鬨（とき） 戦場などで士気を高めるために、一斉にあげる声。〈漢字ペディア〉  ●H07-1㈠",とき,関連熟語：鬨声（コウセイ）  ★鬨（とき） 戦場などで士気を高めるために、一斉にあげる声。〈漢字ペディア〉  ●H07-1㈠,読み方をご入力ください,Text
"遠山を__銜__み長江を呑む
関連熟語：銜枚（カンバイ）  ★銜む（ふく-む）  1.口にくわえる。  2.お受けする。  3.心に留める。根にもつ。〈漢字ペディア〉  ●H08-3㈠／ ●H12-1㈠／ ●H14-3㈠／ ●H20-1㈠／ ●H22-1㈠／ ●R01-3㈠",ふく,関連熟語：銜枚（カンバイ）  ★銜む（ふく-む）  1.口にくわえる。  2.お受けする。  3.心に留める。根にもつ。〈漢字ペディア〉  ●H08-3㈠／ ●H12-1㈠／ ●H14-3㈠／ ●H20-1㈠／ ●H22-1㈠／ ●R01-3㈠,読み方をご入力ください,Text
"塩を__撮__んで火に入れる
関連熟語：撮土（サツド）  ▼塩を撮んで火(ﾋ)に入れる…塩を火にくべるとさらにはげしく燃え上がるように、勢いのあるものにさらに勢いを添えること、一段とはげしくすることのたとえ。火に油を注ぐ。〈故事俗信ことわざ大辞典〉",つま,関連熟語：撮土（サツド）  ▼塩を撮んで火(ﾋ)に入れる…塩を火にくべるとさらにはげしく燃え上がるように、勢いのあるものにさらに勢いを添えること、一段とはげしくすることのたとえ。火に油を注ぐ。〈故事俗信ことわざ大辞典〉,読み方をご入力ください,Text
"往く者には必ず__贐__を以てす
関連熟語：贐送（ジンソウ）  ★贐（はなむけ） 旅立つ人に、別れを惜しみ、また、はげますために金品などを贈ること。また、その金品など。餞別(ｾﾝﾍﾞﾂ)。〈漢字ペディア〉  ●H10-2㈠／ ●H20-3㈠／ ●H23-3㈠",はなむけ,関連熟語：贐送（ジンソウ）  ★贐（はなむけ） 旅立つ人に、別れを惜しみ、また、はげますために金品などを贈ること。また、その金品など。餞別(ｾﾝﾍﾞﾂ)。〈漢字ペディア〉  ●H10-2㈠／ ●H20-3㈠／ ●H23-3㈠,読み方をご入力ください,Text
"王子は__窶__れた姿で帰還した
関連熟語：寒窶（カンク）  ★窶れる（やつ-れる）  1.やせおとろえる。  2.みすぼらしくなる。〈漢字ペディア〉  ●H09-1㈠／ ●H11-1㈠／ ●H15-1㈠",やつ,関連熟語：寒窶（カンク）  ★窶れる（やつ-れる）  1.やせおとろえる。  2.みすぼらしくなる。〈漢字ペディア〉  ●H09-1㈠／ ●H11-1㈠／ ●H15-1㈠,読み方をご入力ください,Text
"恩師の前を__憚__らず反対論を唱える
関連熟語：忌憚（キタン）  ★憚る（はばか-る）  1.差し障りがあるとしてひかえる。遠慮する。  2.幅をきかす。のさばる。〈漢字ペディア〉  ●H08-1㈠",はばか,関連熟語：忌憚（キタン）  ★憚る（はばか-る）  1.差し障りがあるとしてひかえる。遠慮する。  2.幅をきかす。のさばる。〈漢字ペディア〉  ●H08-1㈠,読み方をご入力ください,Text
"何と__論__われても平然としている
関連熟語：討論（トウロン）  ★論う（あげつら-う） 物事の是非や善悪をあれこれ論じる。ささいなことを言い立てる。〈漢字ペディア〉  ●H10-1㈠／ ●H16-1㈠",あげつら,関連熟語：討論（トウロン）  ★論う（あげつら-う） 物事の是非や善悪をあれこれ論じる。ささいなことを言い立てる。〈漢字ペディア〉  ●H10-1㈠／ ●H16-1㈠,読み方をご入力ください,Text
"嫁と__廁__は遠いほどよい
関連熟語：上廁（ジョウシ）  ▼嫁(ﾖﾒ)と廁は遠いほどよい…便所の位置は遠いほどよいし、嫁をもらうなら実家が遠方であるほどよい。〈故事俗信ことわざ大辞典〉",かわや,関連熟語：上廁（ジョウシ）  ▼嫁(ﾖﾒ)と廁は遠いほどよい…便所の位置は遠いほどよいし、嫁をもらうなら実家が遠方であるほどよい。〈故事俗信ことわざ大辞典〉,読み方をご入力ください,Text
"果を__擲__ち車に満つ
関連熟語：投擲（トウテキ）  ▼果(ｶ)を擲ち車に満つ…中国晋代の人、潘(ﾊﾝ)安仁（潘岳）は美男子であったので、洛陽の町に出ると女たちが彼を取りまいて投じる果物で、車がいっぱいになるほどであったという故事。女が思う男に果実を投げるのは古代の遺風とされる。〈故事俗信ことわざ大辞典〉",なげう,関連熟語：投擲（トウテキ）  ▼果(ｶ)を擲ち車に満つ…中国晋代の人、潘(ﾊﾝ)安仁（潘岳）は美男子であったので、洛陽の町に出ると女たちが彼を取りまいて投じる果物で、車がいっぱいになるほどであったという故事。女が思う男に果実を投げるのは古代の遺風とされる。〈故事俗信ことわざ大辞典〉,読み方をご入力ください,Text
"火にあぶられて__燻__し銀の色に変じた
関連熟語：--  ★燻し銀（いぶ-し-ぎん）  1.硫黄でいぶして表面の光沢をくすませた銀。また、その渋みのある銀色。  2.派手さはないが、実力や実質をそなえていること。〈漢字ペディア〉",いぶ,関連熟語：--  ★燻し銀（いぶ-し-ぎん）  1.硫黄でいぶして表面の光沢をくすませた銀。また、その渋みのある銀色。  2.派手さはないが、実力や実質をそなえていること。〈漢字ペディア〉,読み方をご入力ください,Text
"火を乞うは、__燧__を取るに若かず
関連熟語：鑽燧（サンスイ）  ★燧／火打ち（ひうち／ひう-ち） 火をつける道具。石と鉄片（火打ち金(がね)）を打ち合わせて発火させるもの。〈漢字ペディア〉  ●H15-1㈠／ ●H18-3㈠／ ●H30-2㈠",ひうち,関連熟語：鑽燧（サンスイ）  ★燧／火打ち（ひうち／ひう-ち） 火をつける道具。石と鉄片（火打ち金(がね)）を打ち合わせて発火させるもの。〈漢字ペディア〉  ●H15-1㈠／ ●H18-3㈠／ ●H30-2㈠,読み方をご入力ください,Text
"火事場に__纏__を持って消し口に立つ
関連熟語：--  ★纏（まとい） . 1.昔、戦陣で大将のそばに立てた目印。さおの先に、さまざまな飾りをつけたもの。 2.江戸時代以後、火事場で使った火消しの組の目印。〈漢字ペディア〉",まとい,関連熟語：--  ★纏（まとい） . 1.昔、戦陣で大将のそばに立てた目印。さおの先に、さまざまな飾りをつけたもの。 2.江戸時代以後、火事場で使った火消しの組の目印。〈漢字ペディア〉,読み方をご入力ください,Text
"禍福は__糾__える縄の如し
関連熟語：糾合（キュウゴウ）  ★糾う（あざな-う） 糸などをより合わせる。縄をなう。〈漢字ペディア〉  ▼禍福(ｶﾌｸ)は糾える縄(ﾅﾜ)の如し…幸福とわざわいは順繰りにやってくるということ。塞翁が馬。〈漢字ペディア〉",あざな,関連熟語：糾合（キュウゴウ）  ★糾う（あざな-う） 糸などをより合わせる。縄をなう。〈漢字ペディア〉  ▼禍福(ｶﾌｸ)は糾える縄(ﾅﾜ)の如し…幸福とわざわいは順繰りにやってくるということ。塞翁が馬。〈漢字ペディア〉,読み方をご入力ください,Text
"荷花落日、紅__酣__なり
関連熟語：酣春（カンシュン）  ★酣（たけなわ） 酒宴が最高潮のとき。転じて、物事の勢いが最も盛んなとき。まっさかり。まっさいちゅう。〈漢字ペディア〉  ●H06-1㈠／ ●H15-2㈠",たけなわ,関連熟語：酣春（カンシュン）  ★酣（たけなわ） 酒宴が最高潮のとき。転じて、物事の勢いが最も盛んなとき。まっさかり。まっさいちゅう。〈漢字ペディア〉  ●H06-1㈠／ ●H15-2㈠,読み方をご入力ください,Text
"貨__悖__りて入る者はまた悖りて出づ
関連熟語：悖徳（ハイトク）  ★悖る（もと-る） 道にそむく。道理にさからう。〈漢字ペディア〉  ●H07-1㈠／ ●H18-1㈠",もと,関連熟語：悖徳（ハイトク）  ★悖る（もと-る） 道にそむく。道理にさからう。〈漢字ペディア〉  ●H07-1㈠／ ●H18-1㈠,読み方をご入力ください,Text
"我が期を__愆__らんとするにはあらず
関連熟語：愆戻（ケンレイ）  ★愆る（あやま-る） あるべきさまから外れ、くいちがう。しくじる。やりそこなう。〈漢字ペディア〉  ●H07-3㈠／ ●H24-1㈠",あやま,関連熟語：愆戻（ケンレイ）  ★愆る（あやま-る） あるべきさまから外れ、くいちがう。しくじる。やりそこなう。〈漢字ペディア〉  ●H07-3㈠／ ●H24-1㈠,読み方をご入力ください,Text
"我が身を__抓__って人の痛さを知れ
関連熟語：--  ▼我が身を抓って人の痛さを知れ…自分の体をつねってみれば、他人の苦痛がよくわかる。自分が同じ立場だったらどう感じるかを考えて、人を思いやらなくてはいけないというたとえ。〈故事俗信ことわざ大辞典〉",つね,関連熟語：--  ▼我が身を抓って人の痛さを知れ…自分の体をつねってみれば、他人の苦痛がよくわかる。自分が同じ立場だったらどう感じるかを考えて、人を思いやらなくてはいけないというたとえ。〈故事俗信ことわざ大辞典〉,読み方をご入力ください,Text
"我ひとりの手柄と__嘯__く
関連熟語：長嘯（チョウショウ）  ★嘯く（うそぶ-く）  1.とぼけて知らないさまを装う。  2.おおげさなことや偉そうなことを言う。大言壮語する。〈漢字ペディア〉  ●H09-2㈠",うそぶ,関連熟語：長嘯（チョウショウ）  ★嘯く（うそぶ-く）  1.とぼけて知らないさまを装う。  2.おおげさなことや偉そうなことを言う。大言壮語する。〈漢字ペディア〉  ●H09-2㈠,読み方をご入力ください,Text
"会の結成を__懌__ぶ
関連熟語：説懌（エツエキ）  ★懌ぶ（よろこ-ぶ） かたくなな心がほどけて気持ちがやわらぐ。〈漢字ペディア〉  ●H06-2㈠",よろこ,関連熟語：説懌（エツエキ）  ★懌ぶ（よろこ-ぶ） かたくなな心がほどけて気持ちがやわらぐ。〈漢字ペディア〉  ●H06-2㈠,読み方をご入力ください,Text
"会員たちは__一齣__議論を交わした
関連熟語：一駒（イッセキ）  ★一齣（ひとくさり） 話などのまとまったひと区切り。〈漢字ペディア〉  ●H08-3㈠／ ●H16-2㈠／ ●H21-1㈠／ ●H24-1㈠",ひとくさり,関連熟語：一駒（イッセキ）  ★一齣（ひとくさり） 話などのまとまったひと区切り。〈漢字ペディア〉  ●H08-3㈠／ ●H16-2㈠／ ●H21-1㈠／ ●H24-1㈠,読み方をご入力ください,Text
"怪獣は目が覚めると__鬣__を転じて出て行った
関連熟語：馬鬣（バリョウ）  ★鬣（たてがみ） ライオンの雄やウマなどの、首筋に生えている長い毛。〈漢字ペディア〉  ●H11-2㈠／ ●H20-2㈠",たてがみ,関連熟語：馬鬣（バリョウ）  ★鬣（たてがみ） ライオンの雄やウマなどの、首筋に生えている長い毛。〈漢字ペディア〉  ●H11-2㈠／ ●H20-2㈠,読み方をご入力ください,Text
"海で採った海苔を__漉__く
関連熟語：--  ★漉く／抄く（す-く） 紙や海苔(ﾉﾘ)などの原料を水に溶かし、簾(ｽ)などで薄く平らに広げる。〈漢字ペディア〉",す,関連熟語：--  ★漉く／抄く（す-く） 紙や海苔(ﾉﾘ)などの原料を水に溶かし、簾(ｽ)などで薄く平らに広げる。〈漢字ペディア〉,読み方をご入力ください,Text
"外国で__屢__見る庭園のようだ
関連熟語：屢次（ルジ）  ★屢／屢屢（しばしば） たびたび。しきりに。何度も。〈漢字ペディア〉  ●H06-3㈠",しばしば,関連熟語：屢次（ルジ）  ★屢／屢屢（しばしば） たびたび。しきりに。何度も。〈漢字ペディア〉  ●H06-3㈠,読み方をご入力ください,Text
"柿の実を__啄__みに小鳥たちがやってくる
関連熟語：啐啄（ソッタク）  ★啄む（ついば-む） 鳥がくちばしで物をつついて食べる。〈漢字ペディア〉  ●H07-3㈠",ついば,関連熟語：啐啄（ソッタク）  ★啄む（ついば-む） 鳥がくちばしで物をつついて食べる。〈漢字ペディア〉  ●H07-3㈠,読み方をご入力ください,Text
"柿の葉に毛虫が__蠢__いている
関連熟語：蠢動（シュンドウ）  ★蠢く（うごめ-く／おごめ-く） 虫がごそごそとはうように、全体が細かく動く。〈漢字ペディア〉  ●H05-1㈠／ ●H06-3㈠","うごめ,おごめ",関連熟語：蠢動（シュンドウ）  ★蠢く（うごめ-く／おごめ-く） 虫がごそごそとはうように、全体が細かく動く。〈漢字ペディア〉  ●H05-1㈠／ ●H06-3㈠,読み方をご入力ください,Text
"角落としに荒目の__鑢__を使う
関連熟語：--  ★鑢（やすり） のこぎりの目立てや金属の表面を平らにする工具。棒状または板状で、表面に細かい刻み目がある。〈漢字ペディア〉  ●H10-2㈠",やすり,関連熟語：--  ★鑢（やすり） のこぎりの目立てや金属の表面を平らにする工具。棒状または板状で、表面に細かい刻み目がある。〈漢字ペディア〉  ●H10-2㈠,読み方をご入力ください,Text
"学校での__苛__めが問題となっている
関連熟語：--  ★苛める（いじ-める）  1.弱いものを苦しめ、痛めつける。らく当たる。さいなむ。  2.ことさらに厳しく扱う。〈漢字ペディア〉",いじ,関連熟語：--  ★苛める（いじ-める）  1.弱いものを苦しめ、痛めつける。らく当たる。さいなむ。  2.ことさらに厳しく扱う。〈漢字ペディア〉,読み方をご入力ください,Text
"学問する人はまず__謙__るを以て基とすべし
関連熟語：謙遜（ケンソン）  ★謙る（へりくだ-る） 相手を敬い、自分を卑下する。けんそんする。〈漢字ペディア〉  ●H09-2㈠",へりくだ,関連熟語：謙遜（ケンソン）  ★謙る（へりくだ-る） 相手を敬い、自分を卑下する。けんそんする。〈漢字ペディア〉  ●H09-2㈠,読み方をご入力ください,Text
"寒風の中を__跼__って歩く
関連熟語：跼蹐（キョクセキ）  ★跼る（せぐくま-る） 体をまげてちぢこませる。背を丸くしてかがむ。〈漢字ペディア〉  ●H17-1㈠","せぐくま,せくぐま",関連熟語：跼蹐（キョクセキ）  ★跼る（せぐくま-る） 体をまげてちぢこませる。背を丸くしてかがむ。〈漢字ペディア〉  ●H17-1㈠,読み方をご入力ください,Text
"勧学院の雀は蒙求を__囀__る
関連熟語：鶯囀（オウテン）  ★囀る（さえず-る）  1.小鳥がさかんに鳴き続ける。  2.やかましくしゃべる。〈漢字ペディア〉  ▼勧学院(ｶﾝｶﾞｸｲﾝ)の雀(ｽｽﾞﾒ)は蒙求(ﾓｳｷﾞｭｳ)を囀る…勧学院にいる雀は、学生が「蒙求」を読むのを聞いておぼえ、それをさえずる。身近に見たり聞いたりしていることは、自然に習いおぼえることのたとえ。〈故事俗信ことわざ大辞典〉",さえず,関連熟語：鶯囀（オウテン）  ★囀る（さえず-る）  1.小鳥がさかんに鳴き続ける。  2.やかましくしゃべる。〈漢字ペディア〉  ▼勧学院(ｶﾝｶﾞｸｲﾝ)の雀(ｽｽﾞﾒ)は蒙求(ﾓｳｷﾞｭｳ)を囀る…勧学院にいる雀は、学生が「蒙求」を読むのを聞いておぼえ、それをさえずる。身近に見たり聞いたりしていることは、自然に習いおぼえることのたとえ。〈故事俗信ことわざ大辞典〉,読み方をご入力ください,Text
"完き__黙__しを以て雄弁に法を説く
関連熟語：--  ★黙す（もだ-す）  1.口をつぐむ。だまる。  2.そのままにしてかまわないでおく。無視する。〈大辞泉〉  ●H30-3㈠",もだ,関連熟語：--  ★黙す（もだ-す）  1.口をつぐむ。だまる。  2.そのままにしてかまわないでおく。無視する。〈大辞泉〉  ●H30-3㈠,読み方をご入力ください,Text
"干潟で__蟶貝__を採る
関連熟語：竹蟶（チクテイ）  ★蟶貝／馬刀貝／馬蛤貝（まてがい） マテガイ科の二枚貝。浅海の砂泥に垂直にすむ。殻は細長い円筒形で、長さは約一二センチメートル。穴に塩を入れると飛び出す習性がある。食用で美味。マテ。カミソリガイ。〈漢字ペディア〉  ●H25-3㈠",まてがい,関連熟語：竹蟶（チクテイ）  ★蟶貝／馬刀貝／馬蛤貝（まてがい） マテガイ科の二枚貝。浅海の砂泥に垂直にすむ。殻は細長い円筒形で、長さは約一二センチメートル。穴に塩を入れると飛び出す習性がある。食用で美味。マテ。カミソリガイ。〈漢字ペディア〉  ●H25-3㈠,読み方をご入力ください,Text
"患えは__忽__せにするところより生ず
関連熟語：忽諸（コッショ）  ★忽せにする（ゆるが-せにする） おろそかにする。いいかげんにする。ほうっておく。〈漢字ペディア〉  ●H09-3㈠",ゆるが,関連熟語：忽諸（コッショ）  ★忽せにする（ゆるが-せにする） おろそかにする。いいかげんにする。ほうっておく。〈漢字ペディア〉  ●H09-3㈠,読み方をご入力ください,Text
"眼を__瞋__らして飛び込んで来た
関連熟語：瞋目（シンモク）  ★瞋らす（いか-らす） 目を見開いてにらむ。〈漢辞海〉",いか,関連熟語：瞋目（シンモク）  ★瞋らす（いか-らす） 目を見開いてにらむ。〈漢辞海〉,読み方をご入力ください,Text
"危うく身を__躱__した
関連熟語：躱閃（タセン）  ★躱す（かわ-す） ぶつからないようにすばやく動いて避ける。また、避けて隠れる。〈漢字ペディア〉  ●H05-2㈠",かわ,関連熟語：躱閃（タセン）  ★躱す（かわ-す） ぶつからないようにすばやく動いて避ける。また、避けて隠れる。〈漢字ペディア〉  ●H05-2㈠,読み方をご入力ください,Text
"奇を__衒__った言動だ
関連熟語：衒学（ゲンガク）  ★衒う（てら-う） 知識や才能などをひけらかす。えらそうに見せかける。〈漢字ペディア〉  ●H06-1㈠",てら,関連熟語：衒学（ゲンガク）  ★衒う（てら-う） 知識や才能などをひけらかす。えらそうに見せかける。〈漢字ペディア〉  ●H06-1㈠,読み方をご入力ください,Text
"幾箇所かの__件__は想い出すことができる
関連熟語：--  ★件（くだり）  1.文章の中の行,段落,章など記述の一部分。  2.前に述べた事柄。くだん。〈漢字ペディア〉  ★件（くだん） 前に書いたり述べたりした文面や事柄。転じて「例の」の意。〈漢字ペディア〉  ●H06-3㈠","くだり,くだん","関連熟語：--  ★件（くだり）  1.文章の中の行,段落,章など記述の一部分。  2.前に述べた事柄。くだん。〈漢字ペディア〉  ★件（くだん） 前に書いたり述べたりした文面や事柄。転じて「例の」の意。〈漢字ペディア〉  ●H06-3㈠",読み方をご入力ください,Text
"機の__梭__の形に創意が窺われる
関連熟語：梭杼（サチョ）  ★梭（ひ） 機織りの道具。横糸をくぐらせて通す、舟形の管。その中に糸巻きをおさめる。〈漢字ペディア〉  ●H24-1㈠／ ●H27-3㈠",ひ,関連熟語：梭杼（サチョ）  ★梭（ひ） 機織りの道具。横糸をくぐらせて通す、舟形の管。その中に糸巻きをおさめる。〈漢字ペディア〉  ●H24-1㈠／ ●H27-3㈠,読み方をご入力ください,Text
"汽笛が朝靄を__劈__く
関連熟語：劈開（ヘキカイ）  ★劈く（つんざ-く） 手や爪で強くやぶる。転じて、激しい勢いでひきさく。〈漢字ペディア〉  ●H13-2㈠","つんざ,さ",関連熟語：劈開（ヘキカイ）  ★劈く（つんざ-く） 手や爪で強くやぶる。転じて、激しい勢いでひきさく。〈漢字ペディア〉  ●H13-2㈠,読み方をご入力ください,Text
"記憶が__褪__せる
関連熟語：褪色／退色（タイショク）  ★褪せる（あ-せる） 色,つやなどが薄くなる。さめる。また、容色などがおとろえる。〈漢字ペディア〉  ●H04-1㈠",あ,"関連熟語：褪色／退色（タイショク）  ★褪せる（あ-せる） 色,つやなどが薄くなる。さめる。また、容色などがおとろえる。〈漢字ペディア〉  ●H04-1㈠",読み方をご入力ください,Text
"急ぎ聚落へ__罷__り上る
関連熟語：--  ★罷る（まか-る）  1.高貴な人や目上の人の前から退出する。おいとまする。  2.都から地方へ下る。  3.「行く」「来る」の丁寧語。  4.「死ぬ」の丁寧語。みまかる。〈漢字ペディア〉",まか,関連熟語：--  ★罷る（まか-る）  1.高貴な人や目上の人の前から退出する。おいとまする。  2.都から地方へ下る。  3.「行く」「来る」の丁寧語。  4.「死ぬ」の丁寧語。みまかる。〈漢字ペディア〉,読み方をご入力ください,Text
"急に__転__と後ろを振り向いた
関連熟語：捻転（ネンテン）  ★転（くるり）  1.身軽く、回転するさま。  2.物事が反転したように、すっかりかわるさま。  3.まわりを取り巻くさま。丸めたり包んだりするさま。ぐるり。  4.唐棹からさおのこと。くるり棒。〈広辞苑〉",くるり,関連熟語：捻転（ネンテン）  ★転（くるり）  1.身軽く、回転するさま。  2.物事が反転したように、すっかりかわるさま。  3.まわりを取り巻くさま。丸めたり包んだりするさま。ぐるり。  4.唐棹からさおのこと。くるり棒。〈広辞苑〉,読み方をご入力ください,Text
"旧弊に__泥__まぬよう注意する
関連熟語：拘泥（コウデイ）  ★泥む（なず-む）  1.動作や状態がなかなか進行しないで停滞する。  2.なじんだものにこだわる。執着する。〈漢字ペディア〉  ●H10-2㈠",なず,関連熟語：拘泥（コウデイ）  ★泥む（なず-む）  1.動作や状態がなかなか進行しないで停滞する。  2.なじんだものにこだわる。執着する。〈漢字ペディア〉  ●H10-2㈠,読み方をご入力ください,Text
"挙国一致して軍事に__力瘤__を入れる
関連熟語：--  ▼力瘤を入れる…腕を曲げて、力瘤をつくる。転じて、熱心に力を尽くす。しきりに世話をする。〈故事俗信ことわざ大辞典〉",ちからこぶ,関連熟語：--  ▼力瘤を入れる…腕を曲げて、力瘤をつくる。転じて、熱心に力を尽くす。しきりに世話をする。〈故事俗信ことわざ大辞典〉,読み方をご入力ください,Text
"京洛の春も__闌__の頃
関連熟語：宴闌（エンラン）  ★闌（たけなわ）  1.物事が一番盛んなとき。まっさいちゅう。さなか。  2.盛りを少し過ぎたころ。〈漢字ペディア〉  ●H11-1㈠",たけなわ,関連熟語：宴闌（エンラン）  ★闌（たけなわ）  1.物事が一番盛んなとき。まっさいちゅう。さなか。  2.盛りを少し過ぎたころ。〈漢字ペディア〉  ●H11-1㈠,読み方をご入力ください,Text
"業を煮やして罎の蓋を__抉__じ開けた
関連熟語：--  ★抉じる（こ-じる） すき間や穴などに物を差しこみ強くねじる。〈漢字ペディア〉",こ,関連熟語：--  ★抉じる（こ-じる） すき間や穴などに物を差しこみ強くねじる。〈漢字ペディア〉,読み方をご入力ください,Text
"襟首に兜の__錣__ずれの痕がある
関連熟語：--  ★錣／錏（しころ） かぶとや頭巾(ズキン)から左右や後ろに垂らして、首をおおって守るもの。〈漢字ペディア〉  ●H15-1㈠",しころ,関連熟語：--  ★錣／錏（しころ） かぶとや頭巾(ズキン)から左右や後ろに垂らして、首をおおって守るもの。〈漢字ペディア〉  ●H15-1㈠,読み方をご入力ください,Text
"謹んで新年を__寿__ぐ
関連熟語：賀寿（ガジュ）  ★寿ぐ（ことほ-ぐ） 祝いの言葉を述べる。〈漢字ペディア〉  ●H06-1㈠",ことほ,関連熟語：賀寿（ガジュ）  ★寿ぐ（ことほ-ぐ） 祝いの言葉を述べる。〈漢字ペディア〉  ●H06-1㈠,読み方をご入力ください,Text
"金が尽き__搗__てて加えて病を得た
関連熟語：--  ★搗てて加えて／糅てて加えて（か-てて-くわ-えて） あることの上にさらにことを加えて。さらにその上に。おまけに。ふつう望ましくない状態が重なる場合に用いることが多い。〈日本国語大辞典〉",か,関連熟語：--  ★搗てて加えて／糅てて加えて（か-てて-くわ-えて） あることの上にさらにことを加えて。さらにその上に。おまけに。ふつう望ましくない状態が重なる場合に用いることが多い。〈日本国語大辞典〉,読み方をご入力ください,Text
"金魚の__鰓__呼吸の様子を観察する
関連熟語：鰓蓋（サイガイ）  ★鰓呼吸（えらこきゅう） 水生動物がえらによって行なう呼吸。水中に溶けている酸素を血液中に取り入れ、血液中の炭酸ガスを水とともに排出する。魚類、円口類、軟体動物の大半は終生行なうが、両生類、昆虫類などでは生育の初期に限られることが多い。⇔肺呼吸〈日本国語大辞典〉",えら,関連熟語：鰓蓋（サイガイ）  ★鰓呼吸（えらこきゅう） 水生動物がえらによって行なう呼吸。水中に溶けている酸素を血液中に取り入れ、血液中の炭酸ガスを水とともに排出する。魚類、円口類、軟体動物の大半は終生行なうが、両生類、昆虫類などでは生育の初期に限られることが多い。⇔肺呼吸〈日本国語大辞典〉,読み方をご入力ください,Text
"九齡に__垂__としてただ梨と栗とをもとむ
関連熟語：垂死（スイシ）  ★垂として（なんなん-として） まさにそうなろうとする。もう少しでなろうとしている。〈漢字ペディア〉  ●H07-3㈠",なんなん,関連熟語：垂死（スイシ）  ★垂として（なんなん-として） まさにそうなろうとする。もう少しでなろうとしている。〈漢字ペディア〉  ●H07-3㈠,読み方をご入力ください,Text
"具縛の凡衆を__誑__かす
関連熟語：誑惑（キョウワク）  ★誑かす（たぶら-かす） うまいことを言ったり、ごまかしたりしてだます。〈漢字ペディア〉",たぶら,関連熟語：誑惑（キョウワク）  ★誑かす（たぶら-かす） うまいことを言ったり、ごまかしたりしてだます。〈漢字ペディア〉,読み方をご入力ください,Text
"靴を隔てて__痒__きを搔く
関連熟語：痛痒（ツウヨウ）  ★痒い／癢い（かゆ-い） 皮膚がむずむずとして、搔きたいような感じである。〈漢字ペディア〉  ▼靴(ｸﾂ)を隔(ﾍﾀﾞ)てて痒きを搔(ｶ)く…物事が思うようにいかず、もどかしく、はがゆいことのたとえ。隔靴搔痒。〈故事俗信ことわざ大辞典〉",かゆ,関連熟語：痛痒（ツウヨウ）  ★痒い／癢い（かゆ-い） 皮膚がむずむずとして、搔きたいような感じである。〈漢字ペディア〉  ▼靴(ｸﾂ)を隔(ﾍﾀﾞ)てて痒きを搔(ｶ)く…物事が思うようにいかず、もどかしく、はがゆいことのたとえ。隔靴搔痒。〈故事俗信ことわざ大辞典〉,読み方をご入力ください,Text
"群れの__魬__で夥しく沖が光る
関連熟語：--  ★魬（はまち） ブリの幼魚の呼称。体長は四〇センチメートルくらい。おもに関西地方で用いられる。関東地方ではイナダという。〈漢字ペディア〉",はまち,関連熟語：--  ★魬（はまち） ブリの幼魚の呼称。体長は四〇センチメートルくらい。おもに関西地方で用いられる。関東地方ではイナダという。〈漢字ペディア〉,読み方をご入力ください,Text
"兄弟牆に__鬩__げども外其の務りを禦ぐ
関連熟語：鬩牆（ゲキショウ）  ★鬩ぐ（せめ-ぐ） 互いに対抗して争う。〈漢字ペディア〉  ●H15-2㈠",せめ,関連熟語：鬩牆（ゲキショウ）  ★鬩ぐ（せめ-ぐ） 互いに対抗して争う。〈漢字ペディア〉  ●H15-2㈠,読み方をご入力ください,Text
"継ぎ__接__ぎだらけの襤褸を纏う
関連熟語：--  ★継ぎ接ぎ（つ-ぎ-は-ぎ）  1.衣服の破れに別の布を当ててつくろうこと。また、その部分。  2.いろいろなものを寄せ集めて一つのものを作ること。〈漢字ペディア〉",は,関連熟語：--  ★継ぎ接ぎ（つ-ぎ-は-ぎ）  1.衣服の破れに別の布を当ててつくろうこと。また、その部分。  2.いろいろなものを寄せ集めて一つのものを作ること。〈漢字ペディア〉,読み方をご入力ください,Text
"結婚を__甲子__の歳に執り行う
関連熟語：甲子（カッシ／コウシ）  ★十干十二支。",きのえね,関連熟語：甲子（カッシ／コウシ）  ★十干十二支。,読み方をご入力ください,Text
"月と__鼈__、提灯に釣り鐘
関連熟語：月鼈（ゲツベツ）  ▼月(ﾂｷ)と鼈…二つのもののちがいが、比較にならないほどかけ離れているたとえ。月もスッポンも外形はともに丸いが、その実質はまったくちがっていることから。〈漢字ペディア〉",すっぽん,関連熟語：月鼈（ゲツベツ）  ▼月(ﾂｷ)と鼈…二つのもののちがいが、比較にならないほどかけ離れているたとえ。月もスッポンも外形はともに丸いが、その実質はまったくちがっていることから。〈漢字ペディア〉,読み方をご入力ください,Text
"月夜に背中__炙__る
関連熟語：炙背（シャハイ）  ▼月夜(ﾂｷﾖ)に背中(ｾﾅｶ)炙る…まわり遠くて効果のないことのたとえ。二階から尻炙る。〈故事俗信ことわざ大辞典〉",あぶ,関連熟語：炙背（シャハイ）  ▼月夜(ﾂｷﾖ)に背中(ｾﾅｶ)炙る…まわり遠くて効果のないことのたとえ。二階から尻炙る。〈故事俗信ことわざ大辞典〉,読み方をご入力ください,Text
"犬の子が追うて行くなり__雪礫__
関連熟語：--  ★雪礫（ゆきつぶて） 雪合戦で、雪をこぶし大ににぎり固めて作った雪のかたまり。〈漢字ペディア〉",ゆきつぶて,関連熟語：--  ★雪礫（ゆきつぶて） 雪合戦で、雪をこぶし大ににぎり固めて作った雪のかたまり。〈漢字ペディア〉,読み方をご入力ください,Text
"己を衒わず、他を__貶__めず
関連熟語：貶称（ヘンショウ）  ★貶める（おとし-める） 劣ったものとして馬鹿にする。見下げる。さげすむ。〈漢字ペディア〉",おとし,関連熟語：貶称（ヘンショウ）  ★貶める（おとし-める） 劣ったものとして馬鹿にする。見下げる。さげすむ。〈漢字ペディア〉,読み方をご入力ください,Text
"故郷の風景は一層__懶__く見えた
関連熟語：慵懶（ヨウラン）  ★懶い／嬾い（ものう-い） なんとなくおっくうで、気が進まない。心が疲れて憂鬱なさま。〈漢字ペディア〉  ●H07-3㈠","ものう,ものぐさ",関連熟語：慵懶（ヨウラン）  ★懶い／嬾い（ものう-い） なんとなくおっくうで、気が進まない。心が疲れて憂鬱なさま。〈漢字ペディア〉  ●H07-3㈠,読み方をご入力ください,Text
"胡麻は__囮__の鳥の餌用である
関連熟語：--  ★囮（おとり）  1.鳥獣をおびき寄せ、捕らえるためにつないでおく同類の鳥獣。  2.人を誘い出すために使う物や人。〈漢字ペディア〉  ●H06-2㈠",おとり,関連熟語：--  ★囮（おとり）  1.鳥獣をおびき寄せ、捕らえるためにつないでおく同類の鳥獣。  2.人を誘い出すために使う物や人。〈漢字ペディア〉  ●H06-2㈠,読み方をご入力ください,Text
"虎豹__豈__犬羊の欺きを受けんや
関連熟語：--  ▼虎豹(ｺﾋｮｳ)豈犬羊(ｹﾝﾖｳ)の欺きを受けんや…虎や豹は犬や羊などにだまされないものである。徳のある者は卑しい者にあなどられることはないというたとえ。〈故事俗信ことわざ大辞典〉",あに,関連熟語：--  ▼虎豹(ｺﾋｮｳ)豈犬羊(ｹﾝﾖｳ)の欺きを受けんや…虎や豹は犬や羊などにだまされないものである。徳のある者は卑しい者にあなどられることはないというたとえ。〈故事俗信ことわざ大辞典〉,読み方をご入力ください,Text
"五月雨に我は蓑着て__粽__哉
関連熟語：筒粽（トウソウ）  ★粽（ちまき） もちごめやくず粉などをササや竹の子の皮などで包んで蒸した餅(もち)。端午の節句に食べる。〈漢字ペディア〉  ●H09-1㈠／ ●H14-1㈠「笹粽」  ●H19-2㈠",ちまき,関連熟語：筒粽（トウソウ）  ★粽（ちまき） もちごめやくず粉などをササや竹の子の皮などで包んで蒸した餅(もち)。端午の節句に食べる。〈漢字ペディア〉  ●H09-1㈠／ ●H14-1㈠「笹粽」  ●H19-2㈠,読み方をご入力ください,Text
"互いに__鎬__をけずって戦う
関連熟語：--  ★鎬（しのぎ） 刀身の刃と峰（背）の間の盛り上がった部分。  ▼鎬を削(ｹｽﾞ)る…はげしく争うことのたとえ。鎬が削り取られるほど、はげしく斬り合うことから。〈漢字ペディア〉  ●H05-1㈠",しのぎ,関連熟語：--  ★鎬（しのぎ） 刀身の刃と峰（背）の間の盛り上がった部分。  ▼鎬を削(ｹｽﾞ)る…はげしく争うことのたとえ。鎬が削り取られるほど、はげしく斬り合うことから。〈漢字ペディア〉  ●H05-1㈠,読み方をご入力ください,Text
"後生畏るべし、来者__誣__い難し
関連熟語：誣告（ブコク／フコク）  ★誣いる（し-いる） 人を窮地に追いこむために、事実でないことを言う。偽って言う。〈漢字ペディア〉  ●H10-1㈠／ ●H30-1㈠",し,関連熟語：誣告（ブコク／フコク）  ★誣いる（し-いる） 人を窮地に追いこむために、事実でないことを言う。偽って言う。〈漢字ペディア〉  ●H10-1㈠／ ●H30-1㈠,読み方をご入力ください,Text
"御主はちと__諄__いのではないか
関連熟語：--  ★諄い（くど-い）  1.しつこくてうっとうしい。  2.味や色などが濃くてしつこい。〈漢字ペディア〉  ●R02-2㈠",くど,関連熟語：--  ★諄い（くど-い）  1.しつこくてうっとうしい。  2.味や色などが濃くてしつこい。〈漢字ペディア〉  ●R02-2㈠,読み方をご入力ください,Text
"光__清__かにして宛も東瀛を鎮するに似たり
関連熟語：--  ★清か（さや-か）  1.はっきりと澄んでいるさま。明るくよく見えるさま。  2.音,声が澄んでいてはっきりと聞こえるさま。〈漢字ペディア〉",さや,"関連熟語：--  ★清か（さや-か）  1.はっきりと澄んでいるさま。明るくよく見えるさま。  2.音,声が澄んでいてはっきりと聞こえるさま。〈漢字ペディア〉",読み方をご入力ください,Text
"光を__漲__らせた蒼い空
関連熟語：漲溢（チョウイツ）  ★漲る（みなぎ-る）  1.水の勢いが盛んになる。水が満ちてあふれる。  2.あふれるほどに満ち広がる。〈漢字ペディア〉",みなぎ,関連熟語：漲溢（チョウイツ）  ★漲る（みなぎ-る）  1.水の勢いが盛んになる。水が満ちてあふれる。  2.あふれるほどに満ち広がる。〈漢字ペディア〉,読み方をご入力ください,Text
"光清かにして、__宛__も東瀛を鎮するに似たり
関連熟語：宛然（エンゼン）  ★宛も（あたか-も） まるで。さながら。〈漢字ペディア〉",あたか,関連熟語：宛然（エンゼン）  ★宛も（あたか-も） まるで。さながら。〈漢字ペディア〉,読み方をご入力ください,Text
"口で__貶__して心で褒める
関連熟語：褒貶（ホウヘン）  ★貶す（けな-す） 悪く言う。悪いところだけを取り上げてけちをつける。そしる。〈漢字ペディア〉",けな,関連熟語：褒貶（ホウヘン）  ★貶す（けな-す） 悪く言う。悪いところだけを取り上げてけちをつける。そしる。〈漢字ペディア〉,読み方をご入力ください,Text
"好きには身を__窶__す
関連熟語：寒窶（カンク）  ★窶す（やつ-す）  1.姿をみすぼらしく、また、目立たないように変える。  2.やせるほど思い悩む。〈漢字ペディア〉  ●H13-2㈠",やつ,関連熟語：寒窶（カンク）  ★窶す（やつ-す）  1.姿をみすぼらしく、また、目立たないように変える。  2.やせるほど思い悩む。〈漢字ペディア〉  ●H13-2㈠,読み方をご入力ください,Text
"好けば痘痕も__靨__と見ゆ
関連熟語：靨笑（ヨウショウ）  ▼痘痕(ｱﾊﾞﾀ)も靨…好きになると相手のあばたでもえくぼのように見える。ほれていると相手の欠点も長所のように見える、また、ひいき目で見れば醜いものも美しく見える意にいう。〈日本国語大辞典〉",えくぼ,関連熟語：靨笑（ヨウショウ）  ▼痘痕(ｱﾊﾞﾀ)も靨…好きになると相手のあばたでもえくぼのように見える。ほれていると相手の欠点も長所のように見える、また、ひいき目で見れば醜いものも美しく見える意にいう。〈日本国語大辞典〉,読み方をご入力ください,Text
"工事は__概__ね完了した
関連熟語：概観（ガイカン）  ★概ね（おおむ-ね） だいたい。おおよそ。あらまし。〈漢字ペディア〉  ●H07-2㈠",おおむ,関連熟語：概観（ガイカン）  ★概ね（おおむ-ね） だいたい。おおよそ。あらまし。〈漢字ペディア〉  ●H07-2㈠,読み方をご入力ください,Text
"恒例の__鞴__祭りがあった
関連熟語：--  ★鞴（ふいご／ふいごう） 金属の精錬に用いる、火をおこす送風器。とってを押したり引いたりして風を出す。初期は革袋状のものが使われたが、しだいに改良されて、箱状のものや、アコーディオン状のものなどがある。ふきがわ。〈漢字ペディア〉  ●H24-2㈠","ふいご,ふいごう",関連熟語：--  ★鞴（ふいご／ふいごう） 金属の精錬に用いる、火をおこす送風器。とってを押したり引いたりして風を出す。初期は革袋状のものが使われたが、しだいに改良されて、箱状のものや、アコーディオン状のものなどがある。ふきがわ。〈漢字ペディア〉  ●H24-2㈠,読み方をご入力ください,Text
"皇子は__縊__れて果てた
関連熟語：縊死（イシ）  ★縊れる（くび-れる） 首をくくって死ぬ。首つり自殺をする。〈漢字ペディア〉  ●H27-3㈠",くび,関連熟語：縊死（イシ）  ★縊れる（くび-れる） 首をくくって死ぬ。首つり自殺をする。〈漢字ペディア〉  ●H27-3㈠,読み方をご入力ください,Text
"荒砥で__刃毀__れを直す
関連熟語：--  ★刃毀れ（はこぼ-れ） 刀や包丁などの刃が部分的に欠けること。また、その部分。〈日本国語大辞典〉  ●H16-3㈠「毀ち」",はこぼ,関連熟語：--  ★刃毀れ（はこぼ-れ） 刀や包丁などの刃が部分的に欠けること。また、その部分。〈日本国語大辞典〉  ●H16-3㈠「毀ち」,読み方をご入力ください,Text
"黒い鬣を__梳__かす
関連熟語：梳毛（ソモウ）  ★梳く（と-く） 髪にくしを入れて整える。髪の乱れを整える。髪をとかす。〈漢字ペディア〉","と,す",関連熟語：梳毛（ソモウ）  ★梳く（と-く） 髪にくしを入れて整える。髪の乱れを整える。髪をとかす。〈漢字ペディア〉,読み方をご入力ください,Text
"今後の研究に__俟__つ
関連熟語：俟望（シボウ）  ★俟つ／竢つ（ま-つ）  1.待ち受ける。  2.あてにする。期待をかける。〈漢字ペディア〉  ●H06-2㈠",ま,関連熟語：俟望（シボウ）  ★俟つ／竢つ（ま-つ）  1.待ち受ける。  2.あてにする。期待をかける。〈漢字ペディア〉  ●H06-2㈠,読み方をご入力ください,Text
"今後の生活を__熟__と思案する
関連熟語：熟考（ジュッコウ）  ★熟／熟熟（つくづく／つらつら）  1.よくよく。念を入れて。　つらつら。  2.身にしみて感じ入るさ。〈漢字ペディア〉  ●H11-1㈠","つくづく,つらつら",関連熟語：熟考（ジュッコウ）  ★熟／熟熟（つくづく／つらつら）  1.よくよく。念を入れて。　つらつら。  2.身にしみて感じ入るさ。〈漢字ペディア〉  ●H11-1㈠,読み方をご入力ください,Text
"歳暮の町に__餅搗__きの音が響き渡る
関連熟語：--  ★餅搗き／餅舂き（もちつ-き） 餅をつくこと。また、その人。〈日本国語大辞典〉","もちつ,もちづ",関連熟語：--  ★餅搗き／餅舂き（もちつ-き） 餅をつくこと。また、その人。〈日本国語大辞典〉,読み方をご入力ください,Text
"細長い鼻つきをした__瓜実顔__の輪郭であった
関連熟語：--  ★瓜実顔／瓜核顔（うりざねがお） ウリの種のように、色が白くて面長(ｵﾓﾅｶﾞ)な顔。「瓜実」はウリの種。その形が細長いことから。〈漢字ペディア〉",うりざねがお,関連熟語：--  ★瓜実顔／瓜核顔（うりざねがお） ウリの種のように、色が白くて面長(ｵﾓﾅｶﾞ)な顔。「瓜実」はウリの種。その形が細長いことから。〈漢字ペディア〉,読み方をご入力ください,Text
"財に臨みて苟も得る__毋__れ
関連熟語：--  ★毋れ（なか-れ） …するな。禁止の意を表す語。〈漢字ペディア〉",なか,関連熟語：--  ★毋れ（なか-れ） …するな。禁止の意を表す語。〈漢字ペディア〉,読み方をご入力ください,Text
"作法について__諄諄__と説明する
関連熟語：--  ★諄諄（くどくど）  1.話などをしつこくくり返して言うさま。  2.思い切りの悪いさま。〈漢字ペディア〉  ●H22-1㈠／ ●H25-2㈠",くどくど,関連熟語：--  ★諄諄（くどくど）  1.話などをしつこくくり返して言うさま。  2.思い切りの悪いさま。〈漢字ペディア〉  ●H22-1㈠／ ●H25-2㈠,読み方をご入力ください,Text
"山路の__櫨__の木が色づいてきた
関連熟語：黄櫨（コウロ）  ★櫨（はぜ） ハゼノキの別称。〈漢字ペディア〉  ●H28-2㈠",はぜ,関連熟語：黄櫨（コウロ）  ★櫨（はぜ） ハゼノキの別称。〈漢字ペディア〉  ●H28-2㈠,読み方をご入力ください,Text
"蚕が__蔟__で繭を作る
関連熟語：上蔟（ジョウゾク）  ★蚕簿／蔟（まぶし） 蚕が繭を作りやすいように工夫した道具。わら,竹,紙などで作る。〈漢字ペディア〉  ●H26-2㈠／ ●H28-1㈠",まぶし,"関連熟語：上蔟（ジョウゾク）  ★蚕簿／蔟（まぶし） 蚕が繭を作りやすいように工夫した道具。わら,竹,紙などで作る。〈漢字ペディア〉  ●H26-2㈠／ ●H28-1㈠",読み方をご入力ください,Text
"四十を__疾__うに越している年齢であった
関連熟語：--  ★疾うに（と-うに） ずっと前に。とっくに。〈漢字ペディア〉",と,関連熟語：--  ★疾うに（と-うに） ずっと前に。とっくに。〈漢字ペディア〉,読み方をご入力ください,Text
"子は__罕__に利を言う
関連熟語：罕儔（カンチュウ）  ★罕に（まれ-に） めったにないさま。ごく珍しいさま。〈漢字ペディア〉  ●H07-2㈠／ ●H16-1㈠／ ●H19-1㈠／ ●H22-3㈠",まれ,関連熟語：罕儔（カンチュウ）  ★罕に（まれ-に） めったにないさま。ごく珍しいさま。〈漢字ペディア〉  ●H07-2㈠／ ●H16-1㈠／ ●H19-1㈠／ ●H22-3㈠,読み方をご入力ください,Text
"指を__銜__えて待っている
関連熟語：鳳銜（ホウカン）  ★銜える（くわ-える） 口または歯で軽くはさんで支え保つ。〈漢字ペディア〉",くわ,関連熟語：鳳銜（ホウカン）  ★銜える（くわ-える） 口または歯で軽くはさんで支え保つ。〈漢字ペディア〉,読み方をご入力ください,Text
"枝も__撓__わに積もった雪
関連熟語：不撓（フトウ）  ★撓わ（たわ-わ） （木の枝に多くの実がなったりして）枝がしなうさま。たわ。〈日本国語大辞典〉",たわ,関連熟語：不撓（フトウ）  ★撓わ（たわ-わ） （木の枝に多くの実がなったりして）枝がしなうさま。たわ。〈日本国語大辞典〉,読み方をご入力ください,Text
"紙子着て川へ__嵌__まる
関連熟語：象嵌（ゾウガン／ゾウカン）  ▼紙子(ｶﾐｺ)着(ｷ)て川(ｶﾜ)へ嵌まる…無謀なことをして、自ら破滅を招くことのたとえ。〈大辞泉〉",は,関連熟語：象嵌（ゾウガン／ゾウカン）  ▼紙子(ｶﾐｺ)着(ｷ)て川(ｶﾜ)へ嵌まる…無謀なことをして、自ら破滅を招くことのたとえ。〈大辞泉〉,読み方をご入力ください,Text
"紫陽花の__縹色__が寺門に映える
関連熟語：縹帙（ヒョウチツ）  ★縹色（はなだいろ）  1.薄い藍色。そらいろ。  2.「縹色威（おどし）」の略。はなだいろの緒（お）を用いた鎧。〈漢字ペディア〉  ●H11-2㈠／ ●R01-1「縹」㈠",はなだいろ,関連熟語：縹帙（ヒョウチツ）  ★縹色（はなだいろ）  1.薄い藍色。そらいろ。  2.「縹色威（おどし）」の略。はなだいろの緒（お）を用いた鎧。〈漢字ペディア〉  ●H11-2㈠／ ●R01-1「縹」㈠,読み方をご入力ください,Text
"脂に画き氷に__鏤__むるがごとし
関連熟語：鏤刻（ルコク／ロウコク）  ▼脂(ｱﾌﾞﾗ)に画(ｴｶﾞ)き氷(ｺｵﾘ)に鏤む…本体がきちんとしていなければ、いくら外側を飾っても無駄であるということ。努力をしても効果がないたとえ。「鏤む」は彫刻する意。変形しやすい脂に絵を描いても、氷に彫刻してもすぐに溶けてなくなってしまう意から。〈漢字ペディア〉  ●H13-1㈠",ちりば,関連熟語：鏤刻（ルコク／ロウコク）  ▼脂(ｱﾌﾞﾗ)に画(ｴｶﾞ)き氷(ｺｵﾘ)に鏤む…本体がきちんとしていなければ、いくら外側を飾っても無駄であるということ。努力をしても効果がないたとえ。「鏤む」は彫刻する意。変形しやすい脂に絵を描いても、氷に彫刻してもすぐに溶けてなくなってしまう意から。〈漢字ペディア〉  ●H13-1㈠,読み方をご入力ください,Text
"至治の国、君は__桴__の若く、臣は鼓の若し
関連熟語：桴鼓（フコ）  ★桴／枹（ばち） 太鼓や鉦鼓(ｼｮｳｺ)などの楽器を打ち鳴らす棒。〈漢字ペディア〉  ●H10-2㈠",ばち,関連熟語：桴鼓（フコ）  ★桴／枹（ばち） 太鼓や鉦鼓(ｼｮｳｺ)などの楽器を打ち鳴らす棒。〈漢字ペディア〉  ●H10-2㈠,読み方をご入力ください,Text
"事が延びれば__尾鰭__が付く
関連熟語：--  ★尾鰭（おひれ）  1.魚の本体ではない尾とひれ。  2.本体以外に付け加わったもの。〈漢字ペディア〉",おひれ,関連熟語：--  ★尾鰭（おひれ）  1.魚の本体ではない尾とひれ。  2.本体以外に付け加わったもの。〈漢字ペディア〉,読み方をご入力ください,Text
"持ち前の冒険心が__滾__ってきた
関連熟語：滾滾（コンコン）  ★滾る（たぎ-る）  1.水しぶきがあがり、勢いよく流れる。  2.沸騰し、わき立つ。  3.感情などがわきあがる。〈漢字ペディア〉  ●H10-1㈠／ ●H16-1㈠／ ●H26-1㈠",たぎ,関連熟語：滾滾（コンコン）  ★滾る（たぎ-る）  1.水しぶきがあがり、勢いよく流れる。  2.沸騰し、わき立つ。  3.感情などがわきあがる。〈漢字ペディア〉  ●H10-1㈠／ ●H16-1㈠／ ●H26-1㈠,読み方をご入力ください,Text
"自責の念に__苛__まれる
関連熟語：--  ★苛む（さいな-む）  1.きびしくとがめてしかる。きつくせめる。  2.いじめて悩ます。苦しめる。〈漢字ペディア〉",さいな,関連熟語：--  ★苛む（さいな-む）  1.きびしくとがめてしかる。きつくせめる。  2.いじめて悩ます。苦しめる。〈漢字ペディア〉,読み方をご入力ください,Text
"自責の念は__夜毎__自らを蝕んだ
関連熟語：毎夜（マイヤ）  ★夜毎（よごと） 毎晩。よなよな。〈日本国語大辞典〉",よごと,関連熟語：毎夜（マイヤ）  ★夜毎（よごと） 毎晩。よなよな。〈日本国語大辞典〉,読み方をご入力ください,Text
"自然淘汰の__篩__に掛けられる
関連熟語：--  ▼篩に掛ける… 1.粉などを篩で選り分ける。  2.ある基準によって、多くの人,物を選び分けて、その基準に適さないものを排除する。〈日本国語大辞典〉",ふるい,"関連熟語：--  ▼篩に掛ける… 1.粉などを篩で選り分ける。  2.ある基準によって、多くの人,物を選び分けて、その基準に適さないものを排除する。〈日本国語大辞典〉",読み方をご入力ください,Text
"鹿の__韋__の鞄を誂える
関連熟語：韋編（イヘン）  ★韋（なめしがわ） 毛を取り、なめし加工をして柔らかくした獣の革。〈漢辞海〉  ●H12-2㈠",なめしがわ,関連熟語：韋編（イヘン）  ★韋（なめしがわ） 毛を取り、なめし加工をして柔らかくした獣の革。〈漢辞海〉  ●H12-2㈠,読み方をご入力ください,Text
"七年の病に三年の__艾__を求める
関連熟語：鍼艾（シンガイ）  ★艾（もぐさ）  1.ヨモギの葉を干してもみ、綿状にしたもの。灸(ｷｭｳ)に使う。  2.ヨモギの別称。〈漢字ペディア〉  ▼七年の病に三年の艾を求(ﾓﾄ)む…病気が重いのに気づいてからあわてて良薬(艾)を求める。急場に臨んでからではどんなに良い方法をとっても効果はない、平生からの心がまえが大切だというたとえ。〈故事俗信ことわざ大辞典〉  ●H06-3㈠／ ●H15-3㈠／ ●H17-3㈠",もぐさ,関連熟語：鍼艾（シンガイ）  ★艾（もぐさ）  1.ヨモギの葉を干してもみ、綿状にしたもの。灸(ｷｭｳ)に使う。  2.ヨモギの別称。〈漢字ペディア〉  ▼七年の病に三年の艾を求(ﾓﾄ)む…病気が重いのに気づいてからあわてて良薬(艾)を求める。急場に臨んでからではどんなに良い方法をとっても効果はない、平生からの心がまえが大切だというたとえ。〈故事俗信ことわざ大辞典〉  ●H06-3㈠／ ●H15-3㈠／ ●H17-3㈠,読み方をご入力ください,Text
"七輪に火を__熾__す
関連熟語：--  ★熾す（おこ-す） 炭に火を移して、炭火の勢いをさかんにする。〈漢字ペディア〉",おこ,関連熟語：--  ★熾す（おこ-す） 炭に火を移して、炭火の勢いをさかんにする。〈漢字ペディア〉,読み方をご入力ください,Text
"嫉妬心を__露__にする
関連熟語：露骨（ロコツ）  ★露／顕（あらわ）  1.はっきりと目に見えるさま。むき出しであること。  2.無遠慮なさま。露骨なさま。  3.表だったさま。公然となるさま。〈漢字ペディア〉  ●H08-1㈠",あらわ,関連熟語：露骨（ロコツ）  ★露／顕（あらわ）  1.はっきりと目に見えるさま。むき出しであること。  2.無遠慮なさま。露骨なさま。  3.表だったさま。公然となるさま。〈漢字ペディア〉  ●H08-1㈠,読み方をご入力ください,Text
"煮汁を__漉__して鍋に移す
関連熟語：--  ★漉す（こ-す） 液体状のものを砂や紙に通して、不純物やまじり物を取り除く。濾過(ﾛｶ)する。〈漢字ペディア〉  ●H06-2㈠",こ,関連熟語：--  ★漉す（こ-す） 液体状のものを砂や紙に通して、不純物やまじり物を取り除く。濾過(ﾛｶ)する。〈漢字ペディア〉  ●H06-2㈠,読み方をご入力ください,Text
"車__擡__げよ、火かかげよ
関連熟語：擡頭（タイトウ）  ★擡げる（もた-げる） もち上げる。〈漢字ペディア〉  ●H08-3㈠","もた,もちあ",関連熟語：擡頭（タイトウ）  ★擡げる（もた-げる） もち上げる。〈漢字ペディア〉  ●H08-3㈠,読み方をご入力ください,Text
"借る時の地蔵顔、__済__す時の閻魔顔
関連熟語：済美（セイビ／サイビ）  ★済す（な-す）  1.整えてなし遂げる。義務を果たす。  2.借りた金品を返す。〈漢字ペディア〉  ▼",な,関連熟語：済美（セイビ／サイビ）  ★済す（な-す）  1.整えてなし遂げる。義務を果たす。  2.借りた金品を返す。〈漢字ペディア〉  ▼,読み方をご入力ください,Text
"手に__幾緡__かの銭を握らせた
関連熟語：緡銭（ビンセン）  ★緡（さし） 穴あき銭を束ねるひも。〈漢辞海〉  ●H27-3㈠",いくさし,関連熟語：緡銭（ビンセン）  ★緡（さし） 穴あき銭を束ねるひも。〈漢辞海〉  ●H27-3㈠,読み方をご入力ください,Text
"手管を弄して老中を__誑__し込む
関連熟語：--  ★誑し込む（たら-し-こ-む） 甘言や色仕掛けで、すっかりだます。まんまとたぶらかす。うまうまとだまして自分のものとする。〈日本国語大辞典〉",たら,関連熟語：--  ★誑し込む（たら-し-こ-む） 甘言や色仕掛けで、すっかりだます。まんまとたぶらかす。うまうまとだまして自分のものとする。〈日本国語大辞典〉,読み方をご入力ください,Text
"手助けをするに__吝__かでない
関連熟語：吝嗇（リンショク）  ★吝か／悋か（やぶさ-か）  1.ものおしみするさま。けちなさま。  2.未練なさま。ためらうさま。  3.「…に―でない」の形で、…する努力をおしまない。〈漢字ペディア〉  ●H06-1㈠",やぶさ,関連熟語：吝嗇（リンショク）  ★吝か／悋か（やぶさ-か）  1.ものおしみするさま。けちなさま。  2.未練なさま。ためらうさま。  3.「…に―でない」の形で、…する努力をおしまない。〈漢字ペディア〉  ●H06-1㈠,読み方をご入力ください,Text
"朱塗りの__櫃__に経を蔵めてある
関連熟語：朱櫃（シュキ）  ★櫃／匱（ひつ）  1.ふたのある大きい箱。おもに衣服や書物を入れる。  2.めしびつ。〈漢字ペディア〉  ●H28-3㈠","ひつ,はこ",関連熟語：朱櫃（シュキ）  ★櫃／匱（ひつ）  1.ふたのある大きい箱。おもに衣服や書物を入れる。  2.めしびつ。〈漢字ペディア〉  ●H28-3㈠,読み方をご入力ください,Text
"酒の香りに__噎__んだ
関連熟語：哽噎（コウエツ）  ★噎ぶ／咽ぶ（むせ-ぶ）  1.飲食物がのどにつかえるなどして息苦しくなる。  2.喜びや悲しみで胸がいっぱいになりのどがつまる。むせび泣く。〈漢字ペディア〉  ●H10-3㈠",むせ,関連熟語：哽噎（コウエツ）  ★噎ぶ／咽ぶ（むせ-ぶ）  1.飲食物がのどにつかえるなどして息苦しくなる。  2.喜びや悲しみで胸がいっぱいになりのどがつまる。むせび泣く。〈漢字ペディア〉  ●H10-3㈠,読み方をご入力ください,Text
"酒の肴に__鯣__をあぶる
関連熟語：--  ★鯣（するめ） イカの胴を縦に開いて内臓を取り去り、広げた形で天日干しにしたもの。〈漢字ペディア〉  ●H08-2㈠",するめ,関連熟語：--  ★鯣（するめ） イカの胴を縦に開いて内臓を取り去り、広げた形で天日干しにしたもの。〈漢字ペディア〉  ●H08-2㈠,読み方をご入力ください,Text
"酒を__呷__るように飲む
関連熟語：--  ★呷る（あお-る） 酒などを一気に飲む。〈漢字ペディア〉  ●H05-1㈠",あお,関連熟語：--  ★呷る（あお-る） 酒などを一気に飲む。〈漢字ペディア〉  ●H05-1㈠,読み方をご入力ください,Text
"樹樹を__嬲__る嵐が紅葉を散らした
関連熟語：--  ★嬲る（なぶ-る）  1.おもしろ半分にからかい苦しめる。おもしろがっていじめる。  2.もてあそぶ。いじる。〈漢字ペディア〉  ●H15-3㈠",なぶ,関連熟語：--  ★嬲る（なぶ-る）  1.おもしろ半分にからかい苦しめる。おもしろがっていじめる。  2.もてあそぶ。いじる。〈漢字ペディア〉  ●H15-3㈠,読み方をご入力ください,Text
"秋__魳__は嫁に食わすな
関連熟語：--  ★魳／梭魚／梭子魚 カマス科の海魚の総称。体は細長く、口先がとがっている。干物にして食べる。〈漢字ペディア〉  ●H17-3㈠",かます,関連熟語：--  ★魳／梭魚／梭子魚 カマス科の海魚の総称。体は細長く、口先がとがっている。干物にして食べる。〈漢字ペディア〉  ●H17-3㈠,読み方をご入力ください,Text
"十五日の三毬杖に__囃__を唱える
関連熟語：--  ★囃／囃子（はやし） 歌の伴奏をする笛や太鼓などの鳴り物。また、その音曲。多く、歌舞伎や能,民族芸能などで用いる。〈漢字ペディア〉",はやし,"関連熟語：--  ★囃／囃子（はやし） 歌の伴奏をする笛や太鼓などの鳴り物。また、その音曲。多く、歌舞伎や能,民族芸能などで用いる。〈漢字ペディア〉",読み方をご入力ください,Text
"宿直して迎え__侍__りぬ君が春
関連熟語：侍医（ジイ）  ★侍る（はべ-る） 地位の高い人のそばに仕える。また、宴席などに控える。〈漢字ペディア〉",はべ,関連熟語：侍医（ジイ）  ★侍る（はべ-る） 地位の高い人のそばに仕える。また、宴席などに控える。〈漢字ペディア〉,読み方をご入力ください,Text
"熟したる__橙__の如き頰の色
関連熟語：橙黄色（トウコウショク）  ★橙／臭橙／回青橙（だいだい） ミカン科の常緑小高木。暖地で栽培。初夏、香りのある白色の花をつける。球形の果実は正月の飾りに用いる。〈漢字ペディア〉",だいだい,関連熟語：橙黄色（トウコウショク）  ★橙／臭橙／回青橙（だいだい） ミカン科の常緑小高木。暖地で栽培。初夏、香りのある白色の花をつける。球形の果実は正月の飾りに用いる。〈漢字ペディア〉,読み方をご入力ください,Text
"暑さの__砌__お変わりありませんか
関連熟語：--  ★砌（みぎり）  1.おり。時節。手紙文などで用いる。  2.軒下や階段の下の石だたみ。敷石。〈漢字ペディア〉  ●H08-2㈠",みぎり,関連熟語：--  ★砌（みぎり）  1.おり。時節。手紙文などで用いる。  2.軒下や階段の下の石だたみ。敷石。〈漢字ペディア〉  ●H08-2㈠,読み方をご入力ください,Text
"書のために__蠹__を憂える
関連熟語：蠹魚（トギョ）  ★蠹／蠹魚／衣魚（しみ） シミ科の昆虫の総称。〈漢字ペディア〉  ●H10-1㈠",しみ,関連熟語：蠹魚（トギョ）  ★蠹／蠹魚／衣魚（しみ） シミ科の昆虫の総称。〈漢字ペディア〉  ●H10-1㈠,読み方をご入力ください,Text
"女房たちは__樗__の唐衣で出仕した
関連熟語：--  ★樗／楝（おうち）  1.センダンの古名。栴檀(ｾﾝﾀﾞﾝ)。  2.襲(ｶｻﾈ)の色目。表は薄紫、裏は青。または表は紫、裏は薄紫。〈漢字ペディア〉  ●H08-2㈠",おうち,関連熟語：--  ★樗／楝（おうち）  1.センダンの古名。栴檀(ｾﾝﾀﾞﾝ)。  2.襲(ｶｻﾈ)の色目。表は薄紫、裏は青。または表は紫、裏は薄紫。〈漢字ペディア〉  ●H08-2㈠,読み方をご入力ください,Text
"宵のうちに__霙__はあがった
関連熟語：--  ★霙（みぞれ） 雨まじりの雪。氷雨（ひさめ）。  ●H06-3㈠",みぞれ,関連熟語：--  ★霙（みぞれ） 雨まじりの雪。氷雨（ひさめ）。  ●H06-3㈠,読み方をご入力ください,Text
"小樽の海に__鰊__の大群が押し寄せる
関連熟語：--  ★鰊／鯡（にしん） ニシン科の海魚。寒流性の回遊魚で、北太平洋や北大西洋に分布。全長約三〇センチメートル。背は暗青色、腹は銀白色。卵は「数の子」という。食用。カド。カドイワシ。〈漢字ペディア〉",にしん,関連熟語：--  ★鰊／鯡（にしん） ニシン科の海魚。寒流性の回遊魚で、北太平洋や北大西洋に分布。全長約三〇センチメートル。背は暗青色、腹は銀白色。卵は「数の子」という。食用。カド。カドイワシ。〈漢字ペディア〉,読み方をご入力ください,Text
"小包をひもで__紮__げる
関連熟語：結紮（ケッサツ）  ★紮げる（から-げる） まとめてしばる。しばって束にする。〈漢字ペディア〉  ●H18-1㈠／ ●H22-1㈠",から,関連熟語：結紮（ケッサツ）  ★紮げる（から-げる） まとめてしばる。しばって束にする。〈漢字ペディア〉  ●H18-1㈠／ ●H22-1㈠,読み方をご入力ください,Text
"少年の心を__弥__が上にも刺戟した
関連熟語：--  ★弥が上に（いや-が-うえ-に） なおいっそう。〈漢字ペディア〉",いや,関連熟語：--  ★弥が上に（いや-が-うえ-に） なおいっそう。〈漢字ペディア〉,読み方をご入力ください,Text
"松江の鱸を__鱠__にして賞味する
関連熟語：鱠鯉（カイリ）  ★膾／鱠（なます） 生の魚や野菜を酢であえた料理。〈漢字ペディア〉",なます,関連熟語：鱠鯉（カイリ）  ★膾／鱠（なます） 生の魚や野菜を酢であえた料理。〈漢字ペディア〉,読み方をご入力ください,Text
"樵は曲げ木の__檋__をつけて山に入った
関連熟語：--  ★檋（かんじき） 山に登るときなどに履き物の下につける、木や鉄の突起のある滑りどめ。現在のアイゼンのようなもの。〈漢字ペディア〉  ●H15-2㈠／ ●H23-1㈠／ ●H26-3㈠",かんじき,関連熟語：--  ★檋（かんじき） 山に登るときなどに履き物の下につける、木や鉄の突起のある滑りどめ。現在のアイゼンのようなもの。〈漢字ペディア〉  ●H15-2㈠／ ●H23-1㈠／ ●H26-3㈠,読み方をご入力ください,Text
"賞讃の声を__吝__しむものではない
関連熟語：吝嗇（リンショク）  ★吝しむ（お-しむ） ものおしみする。しぶる。けちけちする。〈漢字ペディア〉  ●H16-2㈠",お,関連熟語：吝嗇（リンショク）  ★吝しむ（お-しむ） ものおしみする。しぶる。けちけちする。〈漢字ペディア〉  ●H16-2㈠,読み方をご入力ください,Text
"上下__交__利をとりて国危うし
関連熟語：--  ★交／交交（こもごも） 入りまじるさま。また、かわるがわる。互いに。〈漢字ペディア〉  ●H07-3㈠",こもごも,関連熟語：--  ★交／交交（こもごも） 入りまじるさま。また、かわるがわる。互いに。〈漢字ペディア〉  ●H07-3㈠,読み方をご入力ください,Text
"場末の往来はひどく__濘__っていた
関連熟語：泥濘（デイネイ）  ★濘る（ぬか-る） 雨などで道がどろどろになる。〈漢字ペディア〉  ●H23-1㈠",ぬか,関連熟語：泥濘（デイネイ）  ★濘る（ぬか-る） 雨などで道がどろどろになる。〈漢字ペディア〉  ●H23-1㈠,読み方をご入力ください,Text
"心に__蟠__りがあり執筆が捗らない
関連熟語：蟠踞（バンキョ）  ★蟠る（わだかま-る）  1.複雑な感情が心のなかに残ってさっぱりしない。気が晴れない。  2.輪のようにうずまく。曲がりくねってとぐろをまく。〈漢字ペディア〉  ●H16-1㈠",わだかま,関連熟語：蟠踞（バンキョ）  ★蟠る（わだかま-る）  1.複雑な感情が心のなかに残ってさっぱりしない。気が晴れない。  2.輪のようにうずまく。曲がりくねってとぐろをまく。〈漢字ペディア〉  ●H16-1㈠,読み方をご入力ください,Text
"心の__掟__正しく修する
関連熟語：天掟（テンテイ）  ★掟（おきて）  1.取り決め。しきたり。多く、仲間内の決めごとをいう。  2.法律。〈漢字ペディア〉",おきて,関連熟語：天掟（テンテイ）  ★掟（おきて）  1.取り決め。しきたり。多く、仲間内の決めごとをいう。  2.法律。〈漢字ペディア〉,読み方をご入力ください,Text
"新人というには些か__薹__が立っている
関連熟語：--  ▼薹が立つ（とう-が-た-つ）… 1.野菜などの花茎が伸びてかたくなり、食用に適する時期を過ぎる。  2.盛りが過ぎる。年ごろが過ぎる。〈大辞泉〉",とう,関連熟語：--  ▼薹が立つ（とう-が-た-つ）… 1.野菜などの花茎が伸びてかたくなり、食用に適する時期を過ぎる。  2.盛りが過ぎる。年ごろが過ぎる。〈大辞泉〉,読み方をご入力ください,Text
"新知に培養__転__た深沈たり
関連熟語：--  ★転た（うた-た）  1.ますます。程度が進んでいよいよ。  2.ひどく。常とちがってはなはだしく。〈漢字ペディア〉  ●H07-3㈠／ ●H09-1㈠／ ●H27-2㈠",うた,関連熟語：--  ★転た（うた-た）  1.ますます。程度が進んでいよいよ。  2.ひどく。常とちがってはなはだしく。〈漢字ペディア〉  ●H07-3㈠／ ●H09-1㈠／ ●H27-2㈠,読み方をご入力ください,Text
"真の黄金は__鍍__せず
関連熟語：鍍金（トキン）  ★鍍／鍍金／滅金  1.金属や非金属の表面に、装飾やさびどめなどの目的で金,銀などの薄い膜をかぶせること。また、そのようにしたもの。  2.表面だけをよく見せること。また、そう見せかけたもの。〈漢字ペディア〉  ●H07-2㈠",めっき,"関連熟語：鍍金（トキン）  ★鍍／鍍金／滅金  1.金属や非金属の表面に、装飾やさびどめなどの目的で金,銀などの薄い膜をかぶせること。また、そのようにしたもの。  2.表面だけをよく見せること。また、そう見せかけたもの。〈漢字ペディア〉  ●H07-2㈠",読み方をご入力ください,Text
"真の武士は死に__阿__るを以て怯懦なりとしたり
関連熟語：阿諛（アユ）  ★阿る（おもね-る） 相手に気に入られようとして振る舞う。〈漢字ペディア〉  ●H07-1㈠",おもね,関連熟語：阿諛（アユ）  ★阿る（おもね-る） 相手に気に入られようとして振る舞う。〈漢字ペディア〉  ●H07-1㈠,読み方をご入力ください,Text
"神社の参道に__幟__が林立している
関連熟語：旗幟（キシ）  ★幟（のぼり）  1.「幟旗(のぼりばた)」の略。目じるしのために、細長い布の端に輪をつけて竿(さお)に通して立てる旗。  2.鯉のぼり。端午の節句に男児の成長を祝って立てる。〈漢字ペディア〉  ●H16-1㈠",のぼり,関連熟語：旗幟（キシ）  ★幟（のぼり）  1.「幟旗(のぼりばた)」の略。目じるしのために、細長い布の端に輪をつけて竿(さお)に通して立てる旗。  2.鯉のぼり。端午の節句に男児の成長を祝って立てる。〈漢字ペディア〉  ●H16-1㈠,読み方をご入力ください,Text
"神饌の__粢__を調える
関連熟語：粢餅（シヘイ）  ★粢（しとぎ）神前に供える、米の粉で作った卵形のもち。しとぎもち。〈漢字ペディア〉  ●H28-3㈠",しとぎ,関連熟語：粢餅（シヘイ）  ★粢（しとぎ）神前に供える、米の粉で作った卵形のもち。しとぎもち。〈漢字ペディア〉  ●H28-3㈠,読み方をご入力ください,Text
"臣、弱才を以て__叨__に非拠を窃む
関連熟語：叨恩（トウオン）  ●H11-2㈠",みだり,関連熟語：叨恩（トウオン）  ●H11-2㈠,読み方をご入力ください,Text
"親子三代、殿に__傅__き仕えた
関連熟語：傅育（フイク）  ★傅く（かしず-く） そばに付き添ってたすける。人に仕えて大切に世話をする。〈漢字ペディア〉  ●H11-2㈠",かしず,関連熟語：傅育（フイク）  ★傅く（かしず-く） そばに付き添ってたすける。人に仕えて大切に世話をする。〈漢字ペディア〉  ●H11-2㈠,読み方をご入力ください,Text
"身綺麗な__大髻__の若衆が同道した
関連熟語：--  ★大髻（おおたぶさ） 男の髪の髻(ﾓﾄﾄﾞﾘ)を大きく結ぶこと。また、そのもの。〈日本国語大辞典〉  ●H29-2㈠",おおたぶさ,関連熟語：--  ★大髻（おおたぶさ） 男の髪の髻(ﾓﾄﾄﾞﾘ)を大きく結ぶこと。また、そのもの。〈日本国語大辞典〉  ●H29-2㈠,読み方をご入力ください,Text
"進退谷まって自ら__刎__ねる
関連熟語：刎頸（フンケイ）  ★刎ねる（は-ねる） 飛ばすように切り捨てる。薙ぎ切る。〈漢字ペディア〉  ●H23-1㈠","は,くびは",関連熟語：刎頸（フンケイ）  ★刎ねる（は-ねる） 飛ばすように切り捨てる。薙ぎ切る。〈漢字ペディア〉  ●H23-1㈠,読み方をご入力ください,Text
"人々の膏血を__浚__う
関連熟語：浚渫（シュンセツ）  ★浚う（さら-う）  1.溝などの底にある土砂をすっかりすくい取る。≒濬う  2.他人の物を奪い取る。〈漢字ペディア〉  ●H05-2㈠／ ●H06-3㈠",さら,関連熟語：浚渫（シュンセツ）  ★浚う（さら-う）  1.溝などの底にある土砂をすっかりすくい取る。≒濬う  2.他人の物を奪い取る。〈漢字ペディア〉  ●H05-2㈠／ ●H06-3㈠,読み方をご入力ください,Text
"人の__褌__で相撲を取る
関連熟語：緊褌（キンコン）  ▼人(ﾋﾄ)の褌で相撲を取る…他人のものを利用して、自分のことをするずる賢いやり方のこと。 類人の牛蒡(ｺﾞﾎﾞｳ)で法事する。〈漢字ペディア〉",ふんどし,関連熟語：緊褌（キンコン）  ▼人(ﾋﾄ)の褌で相撲を取る…他人のものを利用して、自分のことをするずる賢いやり方のこと。 類人の牛蒡(ｺﾞﾎﾞｳ)で法事する。〈漢字ペディア〉,読み方をご入力ください,Text
"人を__蔑__するにも程がある
関連熟語：蔑視（ベッシ）  ★蔑する（なみ-する） ないがしろにする。あなどる。蔑視する。〈日本国語大辞典〉  ●H13-3㈠",なみ,関連熟語：蔑視（ベッシ）  ★蔑する（なみ-する） ないがしろにする。あなどる。蔑視する。〈日本国語大辞典〉  ●H13-3㈠,読み方をご入力ください,Text
"水田の底に__蜷__の這った迹が見える
関連熟語：--  ★蜷／蝸螺（にな） 細長い巻貝の総称。カワニナ,ウミニナなど。食用。〈漢字ペディア〉  ●H26-3㈠",にな,"関連熟語：--  ★蜷／蝸螺（にな） 細長い巻貝の総称。カワニナ,ウミニナなど。食用。〈漢字ペディア〉  ●H26-3㈠",読み方をご入力ください,Text
"世に寄すること__将__幾何ぞ
関連熟語：--  ★将（はた）  1.あるいは。それとも。  2.そのうえにまた。〈漢字ペディア〉  ●H08-3㈠",はた,関連熟語：--  ★将（はた）  1.あるいは。それとも。  2.そのうえにまた。〈漢字ペディア〉  ●H08-3㈠,読み方をご入力ください,Text
"清旦、方に案に__堆__し
関連熟語：堆積（タイセキ）  ★堆い（うずたか-い） 盛り上がって高い。積み重なって高い。〈漢字ペディア〉  ●H09-1㈠",うずたか,関連熟語：堆積（タイセキ）  ★堆い（うずたか-い） 盛り上がって高い。積み重なって高い。〈漢字ペディア〉  ●H09-1㈠,読み方をご入力ください,Text
"生活の記述を__蔑__ろにする
関連熟語：蔑視（べっし）  ★蔑ろ（ないがし-ろ） あなどり軽んじるさま。無視すること。〈漢字ペディア〉  ●H06-3㈠",ないがし,関連熟語：蔑視（べっし）  ★蔑ろ（ないがし-ろ） あなどり軽んじるさま。無視すること。〈漢字ペディア〉  ●H06-3㈠,読み方をご入力ください,Text
"盛栄一場の世を__儚__む
関連熟語：--  ★儚む（はかな-む） はかないと思う。〈漢字ペディア〉",はかな,関連熟語：--  ★儚む（はかな-む） はかないと思う。〈漢字ペディア〉,読み方をご入力ください,Text
"西瓜の種を__齧__っている
関連熟語：齧噬（ゲツゼイ）  ★齧る（かじ-る）  1.かたいものに歯を立てて、けずり取る。  2.物事の一部だけの知識や体験を得る。〈漢字ペディア〉",かじ,関連熟語：齧噬（ゲツゼイ）  ★齧る（かじ-る）  1.かたいものに歯を立てて、けずり取る。  2.物事の一部だけの知識や体験を得る。〈漢字ペディア〉,読み方をご入力ください,Text
"西陲の戍客、金革を__褥__とす
関連熟語：病褥（ビョウジョク）  ★褥／蓐（しとね） 寝たり座ったりするときに用いる、柔らかい敷物。また、ふとん。〈漢字ペディア〉",しとね,関連熟語：病褥（ビョウジョク）  ★褥／蓐（しとね） 寝たり座ったりするときに用いる、柔らかい敷物。また、ふとん。〈漢字ペディア〉,読み方をご入力ください,Text
"青鷺の__番__いわたるやきょうの月
関連熟語：--  ★番い（つが-い）  1.二つそろって一組になること。また、そのもの。  2.雄と雌。  3.つなぎめ。また、関節。〈漢字ペディア〉  ●H07-3㈠",つが,関連熟語：--  ★番い（つが-い）  1.二つそろって一組になること。また、そのもの。  2.雄と雌。  3.つなぎめ。また、関節。〈漢字ペディア〉  ●H07-3㈠,読み方をご入力ください,Text
"青大将が__塒__を巻いている
関連熟語：--  ★塒／蜷局（とぐろ） ヘビなどが渦巻き状に体を巻くこと。〈漢字ペディア〉",とぐろ,関連熟語：--  ★塒／蜷局（とぐろ） ヘビなどが渦巻き状に体を巻くこと。〈漢字ペディア〉,読み方をご入力ください,Text
"昔__葎__が生い茂っていた
関連熟語：--  ★葎（むぐら） ヤエムグラやカナムグラなどのつる草の総称。とげがあり、生い茂る。〈漢字ペディア〉  ●H09-1㈠",むぐら,関連熟語：--  ★葎（むぐら） ヤエムグラやカナムグラなどのつる草の総称。とげがあり、生い茂る。〈漢字ペディア〉  ●H09-1㈠,読み方をご入力ください,Text
"石に__跌__く
関連熟語：蹉跌（サテツ）  ★跌く（つまず-く）  1.足先が物にあたって、ころびそうになる。  2.途中で失敗する。〈漢字ペディア〉  ●H05-1㈠",つまず,関連熟語：蹉跌（サテツ）  ★跌く（つまず-く）  1.足先が物にあたって、ころびそうになる。  2.途中で失敗する。〈漢字ペディア〉  ●H05-1㈠,読み方をご入力ください,Text
"石畳の上に__踞__る
関連熟語：蹲踞（ソンキョ）  ★踞る（うずくま-る） ひざを曲げ、体をかがめてしゃがむ。〈漢字ペディア〉  ●H06-1㈠",うずくま,関連熟語：蹲踞（ソンキョ）  ★踞る（うずくま-る） ひざを曲げ、体をかがめてしゃがむ。〈漢字ペディア〉  ●H06-1㈠,読み方をご入力ください,Text
"折り目正しく__着熟__した
関連熟語：-- ★着熟す（きこな-す） 衣服を自分に似合うように上手に着る。〈漢字ペディア〉",きこな,関連熟語：-- ★着熟す（きこな-す） 衣服を自分に似合うように上手に着る。〈漢字ペディア〉,読み方をご入力ください,Text
"先輩に__肖__って外遊した
関連熟語：--  ★肖る（あやか-る） 好ましい状態の人やめでたいものなどの影響を受けて、同じようになる。  ●H06-2㈠",あやか,関連熟語：--  ★肖る（あやか-る） 好ましい状態の人やめでたいものなどの影響を受けて、同じようになる。  ●H06-2㈠,読み方をご入力ください,Text
"煽てと__畚__には乗りやすい
関連熟語：畚築（ホンチク）  ★畚（もっこ） 土砂や農産物などを運ぶ道具。縄などで編んだ正方形の網の四隅に綱をつけ、棒でつって使う。〈漢字ペディア〉  ▼煽てと畚には乗りやすい…人のおだてと土運びの畚には乗りやすいものだ。〈漢字ペディア〉  ●H10-2㈠",もっこ,関連熟語：畚築（ホンチク）  ★畚（もっこ） 土砂や農産物などを運ぶ道具。縄などで編んだ正方形の網の四隅に綱をつけ、棒でつって使う。〈漢字ペディア〉  ▼煽てと畚には乗りやすい…人のおだてと土運びの畚には乗りやすいものだ。〈漢字ペディア〉  ●H10-2㈠,読み方をご入力ください,Text
"船は__纜__を解き、岸を離れた
関連熟語：解纜（カイラン）  ★纜（ともづな） 船を岸などにつなぎとめる船尾の綱。もやいづな。〈漢字ペディア〉  ●H15-1㈠",ともづな,関連熟語：解纜（カイラン）  ★纜（ともづな） 船を岸などにつなぎとめる船尾の綱。もやいづな。〈漢字ペディア〉  ●H15-1㈠,読み方をご入力ください,Text
"全く__噯__にも出さなかった
関連熟語：噯気（アイキ）  ★噯／噯気／噫気（おくび） 胃の中にたまったガスが口の外へ出たもの。げっぷ。〈漢字ペディア〉  ●H11-2㈠",おくび,関連熟語：噯気（アイキ）  ★噯／噯気／噫気（おくび） 胃の中にたまったガスが口の外へ出たもの。げっぷ。〈漢字ペディア〉  ●H11-2㈠,読み方をご入力ください,Text
"組んず__解__れつの大挌闘
関連熟語：--  ★組んず解れつ（く-んず-ほぐ-れつ） 取っ組み合ったり離れたりして、激しく争うさま。〈大辞泉〉",ほぐ,関連熟語：--  ★組んず解れつ（く-んず-ほぐ-れつ） 取っ組み合ったり離れたりして、激しく争うさま。〈大辞泉〉,読み方をご入力ください,Text
"組織に__罅割__れが生じている
関連熟語：罅隙（カゲキ）  ★罅割れ（ひびわ-れ）  1.ひびが入ること。ひびが入って割れ目ができること。また、そのもの。ひび。  2.人と人の仲が不和になること。へだたりができること。〈日本国語大辞典〉  ●H18-2㈠",ひびわ,関連熟語：罅隙（カゲキ）  ★罅割れ（ひびわ-れ）  1.ひびが入ること。ひびが入って割れ目ができること。また、そのもの。ひび。  2.人と人の仲が不和になること。へだたりができること。〈日本国語大辞典〉  ●H18-2㈠,読み方をご入力ください,Text
"相手から小胆と__見縊__られている
関連熟語：--  ★見縊る（みくび-る） 相手の力を軽く見る。あなどる。見さげる。〈漢字ペディア〉",みくび,関連熟語：--  ★見縊る（みくび-る） 相手の力を軽く見る。あなどる。見さげる。〈漢字ペディア〉,読み方をご入力ください,Text
"袖口の綻びを__絎__ける
関連熟語：--  ★絎ける（く-ける） くけ縫いをする。布の端を折りこみ、表側に縫い目が見えないように縫う。〈漢字ペディア〉  ●H23-2㈠／ ●H26-2㈠／ ●R02-2㈠",く,関連熟語：--  ★絎ける（く-ける） くけ縫いをする。布の端を折りこみ、表側に縫い目が見えないように縫う。〈漢字ペディア〉  ●H23-2㈠／ ●H26-2㈠／ ●R02-2㈠,読み方をご入力ください,Text
"其の声尖く__咽__び梭を鳴らすが如し
関連熟語：嗚咽（オエツ）  ★咽ぶ（むせ-ぶ）  1.飲食物や煙などで息がつまりそうになる。  2.感情がこみ上げて声がつまる。  3.風や水の音が激しく泣くように聞こえる。〈漢字ペディア〉",むせ,関連熟語：嗚咽（オエツ）  ★咽ぶ（むせ-ぶ）  1.飲食物や煙などで息がつまりそうになる。  2.感情がこみ上げて声がつまる。  3.風や水の音が激しく泣くように聞こえる。〈漢字ペディア〉,読み方をご入力ください,Text
"体は尋常の__犢__よりも大きい
関連熟語：舐犢（シトク）  ★犢（こうし） ウシの子。〈漢字ペディア〉  ●H08-3㈠",こうし,関連熟語：舐犢（シトク）  ★犢（こうし） ウシの子。〈漢字ペディア〉  ●H08-3㈠,読み方をご入力ください,Text
"耐えがたい__癢__さに襲われた
関連熟語：痛癢（ツウヨウ）  ★癢い／痒い（かゆ-い） 皮膚がむずむずとして、搔きたい感じである。〈漢字ペディア〉  ●H26-2㈠",かゆ,関連熟語：痛癢（ツウヨウ）  ★癢い／痒い（かゆ-い） 皮膚がむずむずとして、搔きたい感じである。〈漢字ペディア〉  ●H26-2㈠,読み方をご入力ください,Text
"怠けて終日炬燵に__燻__ぶっていた
関連熟語：燻灼（クンシャク）  ★燻ぶる（くす-ぶる）  1.炎が燃え出さずに、けむる。  2.すすける。すすで黒くなる。  3.家にこもって、することもなく暮らす。  4.問題が表面化せず、はっきりと解決されないまま内部に残っている。〈漢字ペディア〉","くす,ふす",関連熟語：燻灼（クンシャク）  ★燻ぶる（くす-ぶる）  1.炎が燃え出さずに、けむる。  2.すすける。すすで黒くなる。  3.家にこもって、することもなく暮らす。  4.問題が表面化せず、はっきりと解決されないまま内部に残っている。〈漢字ペディア〉,読み方をご入力ください,Text
"代々__髢屋__を生業としている
関連熟語：施髢（シテイ）  ★髢屋（かもじや） 髢(ｶﾓｼﾞ)を作り、また、売る店。  2.婦人の髪の毛を洗う商売。湯をわかした車を引いて町中を回った。〈日本国語大辞典〉  ●H26-2㈠／ ●H29-1㈠「髢（かもじ）」",かもじや,関連熟語：施髢（シテイ）  ★髢屋（かもじや） 髢(ｶﾓｼﾞ)を作り、また、売る店。  2.婦人の髪の毛を洗う商売。湯をわかした車を引いて町中を回った。〈日本国語大辞典〉  ●H26-2㈠／ ●H29-1㈠「髢（かもじ）」,読み方をご入力ください,Text
"大きな__椈__の純林がある
関連熟語：--  ★椈／山毛欅（ぶな） ブナ科の落葉高木。温帯の山地に自生。樹皮は灰色。葉は広い卵形。実は「どんぐり」と呼ばれる。〈漢字ペディア〉",ぶな,関連熟語：--  ★椈／山毛欅（ぶな） ブナ科の落葉高木。温帯の山地に自生。樹皮は灰色。葉は広い卵形。実は「どんぐり」と呼ばれる。〈漢字ペディア〉,読み方をご入力ください,Text
"大きな__鼾__だ
関連熟語：鼾声（カンセイ）  ★鼾（いびき） 睡眠中に、呼吸とともに鼻や口から出る雑音。〈漢字ペディア〉  ●H05-1㈠",いびき,関連熟語：鼾声（カンセイ）  ★鼾（いびき） 睡眠中に、呼吸とともに鼻や口から出る雑音。〈漢字ペディア〉  ●H05-1㈠,読み方をご入力ください,Text
"大きな困難が__開__かっている
関連熟語：--  ★開かる（はだ-かる）  1.手足を大きく広げて人の前に立つ。たちふさがる。  2.着衣の合わせ目が乱れて広がり開く。はだける。〈漢字ペディア〉  ●H17-3㈠",はだ,関連熟語：--  ★開かる（はだ-かる）  1.手足を大きく広げて人の前に立つ。たちふさがる。  2.着衣の合わせ目が乱れて広がり開く。はだける。〈漢字ペディア〉  ●H17-3㈠,読み方をご入力ください,Text
"大概の事なら目を__瞑__ろう
関連熟語：瞑想（メイソウ）  ★瞑る（つぶ-る／つむ-る） 目を閉じる。ふさぐ。また、見て見ぬふりをする。〈漢字ペディア〉","つぶ,つむ",関連熟語：瞑想（メイソウ）  ★瞑る（つぶ-る／つむ-る） 目を閉じる。ふさぐ。また、見て見ぬふりをする。〈漢字ペディア〉,読み方をご入力ください,Text
"大向こうを__唸__らせる演技だ
関連熟語：--  ★唸る（うな-る）  1.苦しそうな声を出す。うめく。  2.機械が低く鈍い音を出す。  3.力を入れてのどをしぼり、長く声を出す。  4.感嘆の声を出す。  5.力や物があり余っている。〈漢字ペディア〉  ●H05-2㈠／ ●H07-1㈠",うな,関連熟語：--  ★唸る（うな-る）  1.苦しそうな声を出す。うめく。  2.機械が低く鈍い音を出す。  3.力を入れてのどをしぼり、長く声を出す。  4.感嘆の声を出す。  5.力や物があり余っている。〈漢字ペディア〉  ●H05-2㈠／ ●H07-1㈠,読み方をご入力ください,Text
"鷹居眠るとき鳥雀__喧__し
関連熟語：囂喧（ゴウケン）  ★喧しい／諠しい（かまびす-しい） やかましい。がやがやと騒がしいさま。〈漢字ペディア〉  ★喧しい（やかま-しい）  1.不快に感じるほど音が大きい。騒がしい。  2.面倒でわずらわしい。決まり事などがきびしい。  3.好みがむずかしい。  4.世間で話題になっている。〈漢字ペディア〉  ●H06-3㈠","かまびす,やかま",関連熟語：囂喧（ゴウケン）  ★喧しい／諠しい（かまびす-しい） やかましい。がやがやと騒がしいさま。〈漢字ペディア〉  ★喧しい（やかま-しい）  1.不快に感じるほど音が大きい。騒がしい。  2.面倒でわずらわしい。決まり事などがきびしい。  3.好みがむずかしい。  4.世間で話題になっている。〈漢字ペディア〉  ●H06-3㈠,読み方をご入力ください,Text
"啄木鳥の子は卵から__頷__く
関連熟語：頷首（ガンシュ）  ★頷（うなず-く） 理解,承諾の意を表すために、首をたてに動かす。〈漢字ペディア〉  ▼啄木鳥(ｷﾂﾂｷ）の子は卵から頷く…生まれながらにして、将来を思わせる才能があることのたとえ。栴檀は二葉より芳し。〈故事俗信ことわざ大辞典〉  ●H14-1㈠",うなず,"関連熟語：頷首（ガンシュ）  ★頷（うなず-く） 理解,承諾の意を表すために、首をたてに動かす。〈漢字ペディア〉  ▼啄木鳥(ｷﾂﾂｷ）の子は卵から頷く…生まれながらにして、将来を思わせる才能があることのたとえ。栴檀は二葉より芳し。〈故事俗信ことわざ大辞典〉  ●H14-1㈠",読み方をご入力ください,Text
"沢の流れで米を__精__げる
関連熟語：搗精（トウセイ）  ★精げる（しら-げる）  1.玄米をついて白くする。精米にする。  2.細工物などを磨いて仕上げる。〈漢字ペディア〉  ●H15-1㈠",しら,関連熟語：搗精（トウセイ）  ★精げる（しら-げる）  1.玄米をついて白くする。精米にする。  2.細工物などを磨いて仕上げる。〈漢字ペディア〉  ●H15-1㈠,読み方をご入力ください,Text
"壇上に向かって熾んに__捲__し立てた
関連熟語：席捲（セッケン）  ★捲し立てる（まく-し-た-てる）  1.息もつかせず、激しく言い立てる。立て続けに述べ立てる。まくしかける。  2.激しく追い立てる。あおりたてる。〈日本国語大辞典〉",まく,関連熟語：席捲（セッケン）  ★捲し立てる（まく-し-た-てる）  1.息もつかせず、激しく言い立てる。立て続けに述べ立てる。まくしかける。  2.激しく追い立てる。あおりたてる。〈日本国語大辞典〉,読み方をご入力ください,Text
"地獄の羅刹に__魘__される
関連熟語：夢魘（ムエン）  ★魘される（うな-される） 恐ろしい夢におびえて、眠ったまま苦しそうにうなる。〈漢字ペディア〉",うな,関連熟語：夢魘（ムエン）  ★魘される（うな-される） 恐ろしい夢におびえて、眠ったまま苦しそうにうなる。〈漢字ペディア〉,読み方をご入力ください,Text
"恥ずかしげに扇を__翳__す
関連熟語：掩翳（エンエイ）  ★翳す（かざ-す）  1.頭上に掲げる。  2.物の上にさしかける。  3.額のあたりにおおいかける。〈漢字ペディア〉  ●H09-3㈠／ ●H14-3㈠",かざ,関連熟語：掩翳（エンエイ）  ★翳す（かざ-す）  1.頭上に掲げる。  2.物の上にさしかける。  3.額のあたりにおおいかける。〈漢字ペディア〉  ●H09-3㈠／ ●H14-3㈠,読み方をご入力ください,Text
"中たらずと__雖__も遠からず
関連熟語：--  ★雖も（いえど-も） たとえ…であっても。…といっても。〈漢字ペディア〉  ▼中(ｱ)たらずと雖も遠(ﾄｵ)からず…何事も真心から行えば、完全とはいえないまでも、ほぼそれに近い成果をあげることができるということ。転じて、的中しないまでも、それほど見当が外れていないこと。〈漢字ペディア〉  ●H06-3㈠",いえど,関連熟語：--  ★雖も（いえど-も） たとえ…であっても。…といっても。〈漢字ペディア〉  ▼中(ｱ)たらずと雖も遠(ﾄｵ)からず…何事も真心から行えば、完全とはいえないまでも、ほぼそれに近い成果をあげることができるということ。転じて、的中しないまでも、それほど見当が外れていないこと。〈漢字ペディア〉  ●H06-3㈠,読み方をご入力ください,Text
"忠臣は其の君に__諂__わず
関連熟語：諂諛（テンユ）  ★諂う（へつら-う） 気に入られようと機嫌をとる。こびる。おもねる。〈漢字ペディア〉  ●H10-2㈠／ ●H13-3㈠",へつら,関連熟語：諂諛（テンユ）  ★諂う（へつら-う） 気に入られようと機嫌をとる。こびる。おもねる。〈漢字ペディア〉  ●H10-2㈠／ ●H13-3㈠,読み方をご入力ください,Text
"長葱を土に__埋__けて保存する
関連熟語：--  ★埋ける（い-ける）  1.炭火が消えないように、灰にうずめる。  2.土の中にうめる。〈漢字ペディア〉  ●H10-1㈠",い,関連熟語：--  ★埋ける（い-ける）  1.炭火が消えないように、灰にうずめる。  2.土の中にうめる。〈漢字ペディア〉  ●H10-1㈠,読み方をご入力ください,Text
"庭に大きな__棗__の木がある
関連熟語：梨棗（リソウ）  ★棗（なつめ）  1.クロウメモドキ科の落葉小高木。中国原産。夏、黄緑色の小花をつけ、楕円形の果実を結ぶ。果実は食用や薬用。  2.抹茶を入れる茶入れ。形が①の果実に似る。〈漢字ペディア〉",なつめ,関連熟語：梨棗（リソウ）  ★棗（なつめ）  1.クロウメモドキ科の落葉小高木。中国原産。夏、黄緑色の小花をつけ、楕円形の果実を結ぶ。果実は食用や薬用。  2.抹茶を入れる茶入れ。形が①の果実に似る。〈漢字ペディア〉,読み方をご入力ください,Text
"敵の荒肝を__拉__いでみせよう
関連熟語：拉朽（ロウサツ／ラサツ）  ★拉ぐ（ひし-ぐ）  1.押しつぶす。  2.勢いをくじく。〈漢字ペディア〉  ●H28-3㈠／ ●R01-3㈠","ひし,ひしゃ",関連熟語：拉朽（ロウサツ／ラサツ）  ★拉ぐ（ひし-ぐ）  1.押しつぶす。  2.勢いをくじく。〈漢字ペディア〉  ●H28-3㈠／ ●R01-3㈠,読み方をご入力ください,Text
"笛のような美しい声で__鷽__が囀る
関連熟語：--  ★鷽（うそ） アトリ科の小鳥。スズメよりやや大きい。背は青灰色で尾は黒く、雄のほおは紅色。口笛のような声で鳴く。〈漢字ペディア〉  ●H07-2㈠／ ●H23-1㈠",うそ,関連熟語：--  ★鷽（うそ） アトリ科の小鳥。スズメよりやや大きい。背は青灰色で尾は黒く、雄のほおは紅色。口笛のような声で鳴く。〈漢字ペディア〉  ●H07-2㈠／ ●H23-1㈠,読み方をご入力ください,Text
"天を恨みず人を__咎__めず
関連熟語：追咎（ツイキュウ）  ★天(ﾃﾝ)を恨(ｳﾗ)みず人(ﾋﾄ)を咎めず…不遇であるからといって、天を恨んだり人を咎めたりしないで、みずから修養に努める。〈日本国語大辞典〉",とが,関連熟語：追咎（ツイキュウ）  ★天(ﾃﾝ)を恨(ｳﾗ)みず人(ﾋﾄ)を咎めず…不遇であるからといって、天を恨んだり人を咎めたりしないで、みずから修養に努める。〈日本国語大辞典〉,読み方をご入力ください,Text
"都大路を__直__走る
関連熟語：--  ★直走る（ひたはし-る） ひたすら走り続ける。休むことなく一心に走る。〈漢字ペディア〉  ●H06-1㈠",ひた,関連熟語：--  ★直走る（ひたはし-る） ひたすら走り続ける。休むことなく一心に走る。〈漢字ペディア〉  ●H06-1㈠,読み方をご入力ください,Text
"冬の宿阿寒の__毬藻__のみ青く
関連熟語：--  ★毬藻（まりも） 緑藻類シオグサ科の淡水藻。湖などに自生。緑色の糸状細胞がもつれ、球形になる。阿寒湖のものは特別天然記念物。〈漢字ペディア〉",まりも,関連熟語：--  ★毬藻（まりも） 緑藻類シオグサ科の淡水藻。湖などに自生。緑色の糸状細胞がもつれ、球形になる。阿寒湖のものは特別天然記念物。〈漢字ペディア〉,読み方をご入力ください,Text
"唐詩数首を__諷__んじる
関連熟語：諷経（フギン）  ★諷んじる（そら-んじる） そら読みする。そらでうたう。また、声を出して朗読したり、節をつけてうたう。〈漢字ペディア〉  ●H22-2㈠",そら,関連熟語：諷経（フギン）  ★諷んじる（そら-んじる） そら読みする。そらでうたう。また、声を出して朗読したり、節をつけてうたう。〈漢字ペディア〉  ●H22-2㈠,読み方をご入力ください,Text
"東屋の中で煙草を__燻__らしていた
関連熟語：燻煙（クンエン）  ★燻らす（くゆ-らす） 煙をゆるやかに立てる。くゆらせる。〈漢字ペディア〉",くゆ,関連熟語：燻煙（クンエン）  ★燻らす（くゆ-らす） 煙をゆるやかに立てる。くゆらせる。〈漢字ペディア〉,読み方をご入力ください,Text
"藤蔓を__箍__とした桶を使っていた
関連熟語：--  ★箍（たが） 桶や樽の周りにはめる、竹や金属製の輪。〈漢字ペディア〉  ●H16-2㈠",たが,関連熟語：--  ★箍（たが） 桶や樽の周りにはめる、竹や金属製の輪。〈漢字ペディア〉  ●H16-2㈠,読み方をご入力ください,Text
"豆腐に__鎹__
関連熟語：--  ▼豆腐に鎹…手ごたえや効き目のないたとえ。豆腐にかすがいを打ちこんでも、豆腐がくずれるだけの意から。糠に釘。暖簾に腕押し。〈漢字ペディア〉",かすがい,関連熟語：--  ▼豆腐に鎹…手ごたえや効き目のないたとえ。豆腐にかすがいを打ちこんでも、豆腐がくずれるだけの意から。糠に釘。暖簾に腕押し。〈漢字ペディア〉,読み方をご入力ください,Text
"頭蓬たりて__梳__るに暇あらず
関連熟語：梳盥（ソカン）  ★梳る（くしけず-る） 櫛ですいて髪の毛をととのえる。けずる。とかす。すく。〈日本国語大辞典〉",くしけず,関連熟語：梳盥（ソカン）  ★梳る（くしけず-る） 櫛ですいて髪の毛をととのえる。けずる。とかす。すく。〈日本国語大辞典〉,読み方をご入力ください,Text
"頭領としての__弁__えがある
関連熟語：勘弁（カンベン）  ★弁える（わきま-える）  1.正しく判断して見きわめる。判別する。  2.物事を十分に理解している。心得る。〈漢字ペディア〉  ●H13-1㈠",わきま,関連熟語：勘弁（カンベン）  ★弁える（わきま-える）  1.正しく判断して見きわめる。判別する。  2.物事を十分に理解している。心得る。〈漢字ペディア〉  ●H13-1㈠,読み方をご入力ください,Text
"堂奥に御神体が__祀__ってある
関連熟語：合祀（ゴウシ）  ★祀る（まつ-る）  1.神霊をなぐさめ儀式を行う。  2.神としてあがめ一定の場所に安置する。〈漢字ペディア〉",まつ,関連熟語：合祀（ゴウシ）  ★祀る（まつ-る）  1.神霊をなぐさめ儀式を行う。  2.神としてあがめ一定の場所に安置する。〈漢字ペディア〉,読み方をご入力ください,Text
"道具箱から__鏝__を取り出す
関連熟語：泥鏝（デイマン）  ★鏝（こて） 壁などを塗るときに使う、鉄の平たい板に柄をつけた道具。〈漢字ペディア〉  ●H19-1㈠",こて,関連熟語：泥鏝（デイマン）  ★鏝（こて） 壁などを塗るときに使う、鉄の平たい板に柄をつけた道具。〈漢字ペディア〉  ●H19-1㈠,読み方をご入力ください,Text
"独活を__饅__にして一献ふるまう
関連熟語：--  ★饅（ぬた） 魚介類や野菜などを酢みそであえた料理。ぬたあえ。ぬたなます。〈漢字ペディア〉  ●H18-2㈠／ ●H24-2㈠／ ●H28-2㈠",ぬた,関連熟語：--  ★饅（ぬた） 魚介類や野菜などを酢みそであえた料理。ぬたあえ。ぬたなます。〈漢字ペディア〉  ●H18-2㈠／ ●H24-2㈠／ ●H28-2㈠,読み方をご入力ください,Text
"南瓜の葉や茎が__萎__びている
関連熟語：萎禾（イカ）  ★萎びる（しな-びる） 水分や生気を失いしわがよる。〈漢字ペディア〉",しな,関連熟語：萎禾（イカ）  ★萎びる（しな-びる） 水分や生気を失いしわがよる。〈漢字ペディア〉,読み方をご入力ください,Text
"二十歳は__丁未__の歳となる
関連熟語：丁未（テイビ）  ★十干十二支。",ひのとひつじ,関連熟語：丁未（テイビ）  ★十干十二支。,読み方をご入力ください,Text
"二人の足音が__谺__するばかりでした
関連熟語：--  ★谺／木霊（こだま）  1.樹木に宿る精霊。木の精。  2.声や音が山,谷などに反響すること。やまびこ。〈漢字ペディア〉  ●H09-1㈠",こだま,"関連熟語：--  ★谺／木霊（こだま）  1.樹木に宿る精霊。木の精。  2.声や音が山,谷などに反響すること。やまびこ。〈漢字ペディア〉  ●H09-1㈠",読み方をご入力ください,Text
"肉を串に刺して__榾火__で焼く
関連熟語：榾柮（コツトツ／コットツ）  ★榾火（ほたび／ほだび） 木の切れはしや枯れ枝などを燃やす火。たき火。〈漢字ペディア〉  ●H07-1㈠「榾」  ●H13-1㈠「榾」  ●H15-3㈠／ ●H19-2㈠","ほたび,ほだび",関連熟語：榾柮（コツトツ／コットツ）  ★榾火（ほたび／ほだび） 木の切れはしや枯れ枝などを燃やす火。たき火。〈漢字ペディア〉  ●H07-1㈠「榾」  ●H13-1㈠「榾」  ●H15-3㈠／ ●H19-2㈠,読み方をご入力ください,Text
"日がな一日苧を__績__む
関連熟語：紡績（ボウセキ）  ★績む（う-む） 麻などの繊維をより、つないで糸にする。つむぐ。〈漢字ペディア〉  ●H25-3㈠",う,関連熟語：紡績（ボウセキ）  ★績む（う-む） 麻などの繊維をより、つないで糸にする。つむぐ。〈漢字ペディア〉  ●H25-3㈠,読み方をご入力ください,Text
"日常生活の__一齣__を描く
関連熟語：--  ★一齣（ひとこま） 映画や演劇などの短いひと区切り。一場面。転じて、一般的なできごとの一場面。〈漢字ペディア〉  ●H07-2㈠／ ●H26-2㈠",ひとこま,関連熟語：--  ★一齣（ひとこま） 映画や演劇などの短いひと区切り。一場面。転じて、一般的なできごとの一場面。〈漢字ペディア〉  ●H07-2㈠／ ●H26-2㈠,読み方をご入力ください,Text
"熱烈な意気が彼女の心を__撼__かした
関連熟語：震撼（シンカン）  ★撼かす（うご-かす） 物や人の心に衝撃を与えて、揺り動かす。揺さぶる。〈漢字ペディア〉",うご,関連熟語：震撼（シンカン）  ★撼かす（うご-かす） 物や人の心に衝撃を与えて、揺り動かす。揺さぶる。〈漢字ペディア〉,読み方をご入力ください,Text
"濃密の花の香りに__噎__せる
関連熟語：噎嘔（エツオウ）  ★噎せる（む-せる） 煙や飲食物がのどにつかえてせきこむ。〈漢字ペディア〉  ●H30-1㈠",む,関連熟語：噎嘔（エツオウ）  ★噎せる（む-せる） 煙や飲食物がのどにつかえてせきこむ。〈漢字ペディア〉  ●H30-1㈠,読み方をご入力ください,Text
"梅は食うとも__核__食うな
関連熟語：肴核（コウカク）  ★核（さね）  1.果物の中心にある堅い部分。種(ﾀﾈ)。  2.板をつなぎ合わせるために、片方の板に作る細長い突起。〈漢字ペディア〉  ●H09-1㈠",さね,関連熟語：肴核（コウカク）  ★核（さね）  1.果物の中心にある堅い部分。種(ﾀﾈ)。  2.板をつなぎ合わせるために、片方の板に作る細長い突起。〈漢字ペディア〉  ●H09-1㈠,読み方をご入力ください,Text
"白日放歌__須__らく酒を縦にすべし
関連熟語：--  ★須らく（すべか-らく） 多くは下に「べし」を伴って、ある事をぜひともしなければならないという気持ちを表す。当然。ぜひとも。〈大辞泉〉",すべか,関連熟語：--  ★須らく（すべか-らく） 多くは下に「べし」を伴って、ある事をぜひともしなければならないという気持ちを表す。当然。ぜひとも。〈大辞泉〉,読み方をご入力ください,Text
"白布を川の流れに__醂__す
関連熟語：醂柿（リンシ）  ★醂す（さわ-す）  1.焼酎などにつけてカキの渋をぬく。あわす。  2.水につけてさらす。  3.黒い漆を、光沢の出ない程度に薄く塗る。〈漢字ペディア〉  ●H16-3㈠／ ●H23-3㈠／ ●H25-2㈠",さわ,関連熟語：醂柿（リンシ）  ★醂す（さわ-す）  1.焼酎などにつけてカキの渋をぬく。あわす。  2.水につけてさらす。  3.黒い漆を、光沢の出ない程度に薄く塗る。〈漢字ペディア〉  ●H16-3㈠／ ●H23-3㈠／ ●H25-2㈠,読み方をご入力ください,Text
"反発と憎悪を__綯__い交ぜにして睨んだ
関連熟語：索綯（サクトウ）  ★綯い交ぜ（な-い-ま-ぜ） 種類や性質の異なるものが、一つにまぜ合わさること。また、そのもの。ごちゃごちゃなもの。〈漢字ペディア〉  ●H10-3㈠／ ●H14-3㈠",な,関連熟語：索綯（サクトウ）  ★綯い交ぜ（な-い-ま-ぜ） 種類や性質の異なるものが、一つにまぜ合わさること。また、そのもの。ごちゃごちゃなもの。〈漢字ペディア〉  ●H10-3㈠／ ●H14-3㈠,読み方をご入力ください,Text
"彼の不心得を諫め__窘__めた
関連熟語：--  ★窘める（たしな-める） 言葉で穏やかに注意する。反省を促す。〈漢字ペディア〉  ●H11-3㈠",たしな,関連熟語：--  ★窘める（たしな-める） 言葉で穏やかに注意する。反省を促す。〈漢字ペディア〉  ●H11-3㈠,読み方をご入力ください,Text
"彼は名立たる棟梁の__悴__である
関連熟語：--  ★悴（せがれ）  1.自分の息子を謙遜していう語。  2.他人の息子をいやしめていう語。〈漢字ペディア〉",せがれ,関連熟語：--  ★悴（せがれ）  1.自分の息子を謙遜していう語。  2.他人の息子をいやしめていう語。〈漢字ペディア〉,読み方をご入力ください,Text
"秘伝の__釉__を調える
関連熟語：釉薬（ユウヤク）  ★釉／釉薬（うわぐすり） 素焼の陶磁器の表面に塗り、焼いてつやを出すガラス質の珪酸(ケイサン)塩化化合物を主成分とするもの。つやぐすり。〈漢字ペディア〉  ●H09-1㈠／ ●H19-1㈠",うわぐすり,関連熟語：釉薬（ユウヤク）  ★釉／釉薬（うわぐすり） 素焼の陶磁器の表面に塗り、焼いてつやを出すガラス質の珪酸(ケイサン)塩化化合物を主成分とするもの。つやぐすり。〈漢字ペディア〉  ●H09-1㈠／ ●H19-1㈠,読み方をご入力ください,Text
"秘仏を__丙寅__の年のみ開帳する
関連熟語：丙寅（ヘイイン）  ★十干十二支。",ひのえとら,関連熟語：丙寅（ヘイイン）  ★十干十二支。,読み方をご入力ください,Text
"浜辺で漁網を__結__く
関連熟語：--  ★結く（す-く）糸や縄を編んでつなげる。〈漢字ペディア〉  ●H27-1㈠",す,関連熟語：--  ★結く（す-く）糸や縄を編んでつなげる。〈漢字ペディア〉  ●H27-1㈠,読み方をご入力ください,Text
"不賛成の意を__仄__めかす
関連熟語：仄聞（ソクブン）  ★仄めかす（ほの-めかす） それとなく態度や言葉などで表す。ほのかに示す。〈漢字ペディア〉",ほの,関連熟語：仄聞（ソクブン）  ★仄めかす（ほの-めかす） それとなく態度や言葉などで表す。ほのかに示す。〈漢字ペディア〉,読み方をご入力ください,Text
"楓に__鶸色__の若葉が萌え出た
関連熟語：--  ★鶸色（ひわいろ） ヒワの羽のような黄緑色。黄色の強い萌葱(ﾓｴｷﾞ)色。〈漢字ペディア〉  ●H07-1㈠「鶸」  ●H13-1㈠／ ●H16-3㈠",ひわいろ,関連熟語：--  ★鶸色（ひわいろ） ヒワの羽のような黄緑色。黄色の強い萌葱(ﾓｴｷﾞ)色。〈漢字ペディア〉  ●H07-1㈠「鶸」  ●H13-1㈠／ ●H16-3㈠,読み方をご入力ください,Text
"風が強いので__蔀__を下ろさせた
関連熟語：蔀屋（ホウオク）  ★蔀（しとみ） 昔の建具の一つ。格子組みの裏に板を張り、上下二枚からなる戸。日光をさえぎり、風雨を防いだ。蔀戸（しとみど）。〈漢字ペディア〉  ●H12-2㈠／ ●H14-2㈠「蔀戸（しとみど）」",しとみ,関連熟語：蔀屋（ホウオク）  ★蔀（しとみ） 昔の建具の一つ。格子組みの裏に板を張り、上下二枚からなる戸。日光をさえぎり、風雨を防いだ。蔀戸（しとみど）。〈漢字ペディア〉  ●H12-2㈠／ ●H14-2㈠「蔀戸（しとみど）」,読み方をご入力ください,Text
"風に草木が__靡__く
関連熟語：風靡（フウビ）  ★靡く（なび-く）  1.風や水などの勢いによって、動いたり傾いたりする。  2.ある者の意志や威力にしたがう。また、はたらきかけられて、相手を好きになる。〈漢字ペディア〉  ●H06-1㈠",なび,関連熟語：風靡（フウビ）  ★靡く（なび-く）  1.風や水などの勢いによって、動いたり傾いたりする。  2.ある者の意志や威力にしたがう。また、はたらきかけられて、相手を好きになる。〈漢字ペディア〉  ●H06-1㈠,読み方をご入力ください,Text
"風呂敷の隅を__抓__んで丁寧に折る
関連熟語：--  ★抓む（つま-む） 指先ではさみつかむ。〈漢字ペディア〉","つま,つ",関連熟語：--  ★抓む（つま-む） 指先ではさみつかむ。〈漢字ペディア〉,読み方をご入力ください,Text
"払子の毛先を__剪__み切る
関連熟語：剪截（センセツ）  ★剪む（はさ-む） はさみで切断する。はさみきる。〈漢字ペディア〉",はさ,関連熟語：剪截（センセツ）  ★剪む（はさ-む） はさみで切断する。はさみきる。〈漢字ペディア〉,読み方をご入力ください,Text
"物を見る度に軽く眉を__皺__めている
関連熟語：皺面（シュウメン）  ★皺む（しわ-む） しわが寄る。しなびる。〈漢字ペディア〉",しわ,関連熟語：皺面（シュウメン）  ★皺む（しわ-む） しわが寄る。しなびる。〈漢字ペディア〉,読み方をご入力ください,Text
"文中、人の心を__擽__るものがあった
関連熟語：--  ★擽る（くすぐ-る）  1.皮膚を軽く刺激して、こそばゆい感じにさせる。  2.人の感情を刺激する。感じやすい心にはたらきかけて快い気分にさせる。  3.人を笑わせようとして、こっけいなことを言う。〈漢字ペディア〉  ●H07-2㈠／ ●H17-1㈠",くすぐ,関連熟語：--  ★擽る（くすぐ-る）  1.皮膚を軽く刺激して、こそばゆい感じにさせる。  2.人の感情を刺激する。感じやすい心にはたらきかけて快い気分にさせる。  3.人を笑わせようとして、こっけいなことを言う。〈漢字ペディア〉  ●H07-2㈠／ ●H17-1㈠,読み方をご入力ください,Text
"兵を起こし城を__屠__る
関連熟語：狗屠（クト/コウト）  ★屠る（ほふ-る）  1.鳥獣の体を切り裂く。 2. みなごろしにする。  3.敵を打ち破る。〈漢字ペディア〉  ●H11-3㈠",ほふ,関連熟語：狗屠（クト/コウト）  ★屠る（ほふ-る）  1.鳥獣の体を切り裂く。 2. みなごろしにする。  3.敵を打ち破る。〈漢字ペディア〉  ●H11-3㈠,読み方をご入力ください,Text
"兵馬を__小倅__などと侮っている
関連熟語：--  ★小倅（こせがれ）  1.青年をののしっていう語。こわっぱ。  2.自分または他人のむすこを卑しめていう語。〈日本国語大辞典〉",こせがれ,関連熟語：--  ★小倅（こせがれ）  1.青年をののしっていう語。こわっぱ。  2.自分または他人のむすこを卑しめていう語。〈日本国語大辞典〉,読み方をご入力ください,Text
"平生の__身嗜__みに無関心である
関連熟語：嗜好（シコウ）  ★身嗜み（みだしな-み） 衣服などを整えて、人に不快を感じさせないように、身のまわりをきちんとすること。〈漢字ペディア〉",みだしな,関連熟語：嗜好（シコウ）  ★身嗜み（みだしな-み） 衣服などを整えて、人に不快を感じさせないように、身のまわりをきちんとすること。〈漢字ペディア〉,読み方をご入力ください,Text
"柄も折れよ刃も砕けよと__抉__る
関連熟語：剔抉（テッケツ）  ★抉る／刳る（えぐ-る）  1.刃物などを突き刺して回す。  2.物事の内部を鋭く指摘する。〈漢字ペディア〉  ●H08-3㈠",えぐ,関連熟語：剔抉（テッケツ）  ★抉る／刳る（えぐ-る）  1.刃物などを突き刺して回す。  2.物事の内部を鋭く指摘する。〈漢字ペディア〉  ●H08-3㈠,読み方をご入力ください,Text
"米__搗__つ男等、恐れ惑いて蹲る
関連熟語：--  ★搗つ（か-つ）  1.搗(ﾂ)く。臼で舂(ﾂ)く。  2.たたいて落とす。〈日本国語大辞典〉  ●H23-3㈠",か,関連熟語：--  ★搗つ（か-つ）  1.搗(ﾂ)く。臼で舂(ﾂ)く。  2.たたいて落とす。〈日本国語大辞典〉  ●H23-3㈠,読み方をご入力ください,Text
"米を__舂__きながら思考する
関連熟語：舂米（ショウマイ／ショウベイ）  ★舂く（つ-く） 棒状の物で穀物などを打って押しつぶしたり、つきかためたりする。〈漢字ペディア〉","つ,うすづ",関連熟語：舂米（ショウマイ／ショウベイ）  ★舂く（つ-く） 棒状の物で穀物などを打って押しつぶしたり、つきかためたりする。〈漢字ペディア〉,読み方をご入力ください,Text
"墓木__已__に拱す
関連熟語：已往（イオウ）  ▼墓木(ﾎﾞﾎﾞｸ)已に拱(ｷｮｳ)す…墓上に植えた木がひとかかえもあるほど大きくなっている。本来ならとっくに死んでいるはずだ。相手を、死にぞこない、長生きをして邪魔だなどとののしることば。また、転じて、実際に死後長い年月が過ぎる。〈故事俗信ことわざ大辞典〉",すで,関連熟語：已往（イオウ）  ▼墓木(ﾎﾞﾎﾞｸ)已に拱(ｷｮｳ)す…墓上に植えた木がひとかかえもあるほど大きくなっている。本来ならとっくに死んでいるはずだ。相手を、死にぞこない、長生きをして邪魔だなどとののしることば。また、転じて、実際に死後長い年月が過ぎる。〈故事俗信ことわざ大辞典〉,読み方をご入力ください,Text
"蓬萊曲__将__に稿を脱せんとす
関連熟語：将来（ショウライ）  ★将に（まさ-に） これから。今にも。きっと。近い将来を表す語。〈漢字ペディア〉",まさ,関連熟語：将来（ショウライ）  ★将に（まさ-に） これから。今にも。きっと。近い将来を表す語。〈漢字ペディア〉,読み方をご入力ください,Text
"鱒専用の__筌__を仕掛ける
関連熟語：筌蹄（センテイ）  ★筌（うえ） 魚を捕る道具。細い竹を筒状または底のあいた徳利状に編み、水中に置くもの。ふせご。うけ。〈漢字ペディア〉  ●H27-2㈠",うえ,関連熟語：筌蹄（センテイ）  ★筌（うえ） 魚を捕る道具。細い竹を筒状または底のあいた徳利状に編み、水中に置くもの。ふせご。うけ。〈漢字ペディア〉  ●H27-2㈠,読み方をご入力ください,Text
"明日香の風が__采女__の袖を吹き返す
関連熟語：采女（サイジョ）  ★采女（うねめ） 昔、宮中で天皇や皇后の食事の世話などをした女官。〈漢字ペディア〉  ●H30-1㈠",うねめ,関連熟語：采女（サイジョ）  ★采女（うねめ） 昔、宮中で天皇や皇后の食事の世話などをした女官。〈漢字ペディア〉  ●H30-1㈠,読み方をご入力ください,Text
"銘木の槐を__床框__に使用している
関連熟語：--  ★床框（とこがまち） 床の間の前につけてある化粧横木。床縁(とこぶち)。〈漢字ペディア〉  ●H18-2㈠「框」",とこがまち,関連熟語：--  ★床框（とこがまち） 床の間の前につけてある化粧横木。床縁(とこぶち)。〈漢字ペディア〉  ●H18-2㈠「框」,読み方をご入力ください,Text
"鳴り物入りで__囃__す
関連熟語：--  ★囃す（はや-す）  1.声をかけたり手を打ったりして調子をとる。  2.囃子（はやし）を演奏する。  3.口をそろえてひやかしたりほめたりする。〈漢字ペディア〉  ●H06-2㈠",はや,関連熟語：--  ★囃す（はや-す）  1.声をかけたり手を打ったりして調子をとる。  2.囃子（はやし）を演奏する。  3.口をそろえてひやかしたりほめたりする。〈漢字ペディア〉  ●H06-2㈠,読み方をご入力ください,Text
"木の下に汁も__膾__も桜かな
関連熟語：魚膾（ギョカイ）  ★膾／鱠（なます） 生の魚介類や野菜を細かく刻んで酢にひたした料理。〈漢字ペディア〉",なます,関連熟語：魚膾（ギョカイ）  ★膾／鱠（なます） 生の魚介類や野菜を細かく刻んで酢にひたした料理。〈漢字ペディア〉,読み方をご入力ください,Text
"木を伐って__桴__に編む
関連熟語：桴筏（フバツ）  ★桴（いかだ） 木材や竹をつるなどでつないで、水上に浮かべるもの。〈漢字ペディア〉  ●H13-2㈠／ ●H21-2㈠",いかだ,関連熟語：桴筏（フバツ）  ★桴（いかだ） 木材や竹をつるなどでつないで、水上に浮かべるもの。〈漢字ペディア〉  ●H13-2㈠／ ●H21-2㈠,読み方をご入力ください,Text
"黙って__俯__いていた
関連熟語：俯仰（フギョウ）  ★俯く（うつむ-く） 頭を下げて顔を下に向ける。  ●H06-2㈠",うつむ,関連熟語：俯仰（フギョウ）  ★俯く（うつむ-く） 頭を下げて顔を下に向ける。  ●H06-2㈠,読み方をご入力ください,Text
"門に入りて__諱__を問う
関連熟語：偏諱（ヘンキ）  ★諱（いみな）  1.亡くなった人の生前の名。  2.死者を尊んでおくる名。諡(おくりな)。  3.身分の高い人の実名。〈漢字ペディア〉  ●H07-2㈠／ ●H19-1㈠",いみな,関連熟語：偏諱（ヘンキ）  ★諱（いみな）  1.亡くなった人の生前の名。  2.死者を尊んでおくる名。諡(おくりな)。  3.身分の高い人の実名。〈漢字ペディア〉  ●H07-2㈠／ ●H19-1㈠,読み方をご入力ください,Text
"夜の__帳__が落ちかかる
関連熟語：緞帳（ドンチョウ）  ▼夜の帳（よる-の-とばり） 夜の闇のこと。夜の幕。〈日本国語大辞典〉",とばり,関連熟語：緞帳（ドンチョウ）  ▼夜の帳（よる-の-とばり） 夜の闇のこと。夜の幕。〈日本国語大辞典〉,読み方をご入力ください,Text
"薬と鍼灸を用うるは、__已__む事を得ざる下策なり
関連熟語：生滅滅已（ショウメツメツイ）  ▼薬(ｸｽﾘ)と鍼灸(ｼﾝｷｭｳ)を用(ﾓﾁ)うるは、已む事を得(ｴ)ざる下策(ｹﾞｻｸ)なり…薬や鍼灸を用いる前に病気にならないよう、ふだんから健康に気をつけることが第一である。〈故事俗信ことわざ大辞典〉",や,関連熟語：生滅滅已（ショウメツメツイ）  ▼薬(ｸｽﾘ)と鍼灸(ｼﾝｷｭｳ)を用(ﾓﾁ)うるは、已む事を得(ｴ)ざる下策(ｹﾞｻｸ)なり…薬や鍼灸を用いる前に病気にならないよう、ふだんから健康に気をつけることが第一である。〈故事俗信ことわざ大辞典〉,読み方をご入力ください,Text
"油をしぼった残り__滓__だ
関連熟語：渣滓（サシ）  ★滓（かす）  1.液体などの底にたまるもの。おり。  2.必要な部分を取り除いたあとに残った不用物。つまらないもの。〈漢字ペディア〉  ●H05-1㈠",かす,関連熟語：渣滓（サシ）  ★滓（かす）  1.液体などの底にたまるもの。おり。  2.必要な部分を取り除いたあとに残った不用物。つまらないもの。〈漢字ペディア〉  ●H05-1㈠,読み方をご入力ください,Text
"友の便りには真情が__迸__っていた
関連熟語：迸出（ホウシュツ／ヘイシュツ）  ★迸る（ほとばし-る） 激しい勢いで飛び散る。〈漢字ペディア〉  ●H08-1㈠",ほとばし,関連熟語：迸出（ホウシュツ／ヘイシュツ）  ★迸る（ほとばし-る） 激しい勢いで飛び散る。〈漢字ペディア〉  ●H08-1㈠,読み方をご入力ください,Text
"夕顔が__仄仄__と咲いていた
関連熟語：--  ★仄仄（ほのぼの）  1.ほんのりと。かすかに。  2.心があたたまるようなさま。〈漢字ペディア〉",ほのぼの,関連熟語：--  ★仄仄（ほのぼの）  1.ほんのりと。かすかに。  2.心があたたまるようなさま。〈漢字ペディア〉,読み方をご入力ください,Text
"予想外の事態に__目眩__くような思いだ
関連熟語：瞑眩（メンゲン）  ★目眩く（めくるめ-く） 目がくらむ。目まいがする。〈漢字ペディア〉",めくるめ,関連熟語：瞑眩（メンゲン）  ★目眩く（めくるめ-く） 目がくらむ。目まいがする。〈漢字ペディア〉,読み方をご入力ください,Text
"幼気盛りの笑顔が__眩__しい
関連熟語：眩耀（ゲンヨウ）  ★眩しい（まぶ-しい） 光が強くて目をあけていられないほどだ。まばゆい。〈漢字ペディア〉",まぶ,関連熟語：眩耀（ゲンヨウ）  ★眩しい（まぶ-しい） 光が強くて目をあけていられないほどだ。まばゆい。〈漢字ペディア〉,読み方をご入力ください,Text
"幼児をなだめ__賺__す
関連熟語：啜賺（セッタン）  ★賺す（すか-す）  1.機嫌をとってなだめる。  2.言葉でだます。たぶらかす。〈漢字ペディア〉  ●H06-1㈠",すか,関連熟語：啜賺（セッタン）  ★賺す（すか-す）  1.機嫌をとってなだめる。  2.言葉でだます。たぶらかす。〈漢字ペディア〉  ●H06-1㈠,読み方をご入力ください,Text
"洋書に__栞__を挟む
関連熟語：--  ★栞（しおり）  1.読みかけの書物に目印としてはさむもの。  2.物事についての案内書。手引き。〈漢字ペディア〉",しおり,関連熟語：--  ★栞（しおり）  1.読みかけの書物に目印としてはさむもの。  2.物事についての案内書。手引き。〈漢字ペディア〉,読み方をご入力ください,Text
"慾に目が__眩__れて家産を蕩尽する
関連熟語：眩惑（ゲンワク）  ★眩れる（く-れる） 心がまどい、どうしてよいかわからない。〈漢字ペディア〉",く,関連熟語：眩惑（ゲンワク）  ★眩れる（く-れる） 心がまどい、どうしてよいかわからない。〈漢字ペディア〉,読み方をご入力ください,Text
"来年の干支は__辛巳__である
関連熟語：辛巳（シンシ）  ●H11-3㈠",かのとみ,関連熟語：辛巳（シンシ）  ●H11-3㈠,読み方をご入力ください,Text
"里人は神隠しだ__人攫__いだと噂した
関連熟語：--  ★人攫い／人掠い（ひとさら-い） 暴力で、または、だまして女子や子どもを連れ去ること。また、その人。〈日本国語大辞典〉",ひとさら,関連熟語：--  ★人攫い／人掠い（ひとさら-い） 暴力で、または、だまして女子や子どもを連れ去ること。また、その人。〈日本国語大辞典〉,読み方をご入力ください,Text
"竜躍りて淵に在り、五雲__裹__む
関連熟語：裹頭（カトウ）  ★裹む（つつ-む） くるむ。まとう。〈漢字ペディア〉  ●H09-1㈠／ ●H16-1㈠／ ●H19-1㈠",つつ,関連熟語：裹頭（カトウ）  ★裹む（つつ-む） くるむ。まとう。〈漢字ペディア〉  ●H09-1㈠／ ●H16-1㈠／ ●H19-1㈠,読み方をご入力ください,Text
"竜鱗に__攀__じ鳳翼に附す
関連熟語：登攀（トハン／トウハン）  ★攀じる（よ-じる） のぼろうとしてすがりつく。また、よじのぼる。〈漢字ペディア〉  ●H12-3㈠",よ,関連熟語：登攀（トハン／トウハン）  ★攀じる（よ-じる） のぼろうとしてすがりつく。また、よじのぼる。〈漢字ペディア〉  ●H12-3㈠,読み方をご入力ください,Text
"良き絵師といえども丹の色に__咎__あり
関連熟語：罪咎（ザイキュウ）  ▼良(ﾖ)き絵師(ｴｼ)といえども丹(ﾆ)の色(ｲﾛ)に咎あり…上手な画家でも、必ずどこかに彩色の欠点があるものである。その道に長じた人でも完璧ということはありえないというたとえ。〈故事俗信ことわざ大辞典〉",とが,関連熟語：罪咎（ザイキュウ）  ▼良(ﾖ)き絵師(ｴｼ)といえども丹(ﾆ)の色(ｲﾛ)に咎あり…上手な画家でも、必ずどこかに彩色の欠点があるものである。その道に長じた人でも完璧ということはありえないというたとえ。〈故事俗信ことわざ大辞典〉,読み方をご入力ください,Text
"良驥の足を__絆__し責む
関連熟語：羈絆（キハン）  ★絆す（ほだ-す）  1.ウシやウマを綱などでつなぎ止める。  2.人間の自由を奪う。束縛する。〈漢字ペディア〉  ●H14-1㈠／ ●H17-2㈠",ほだ,関連熟語：羈絆（キハン）  ★絆す（ほだ-す）  1.ウシやウマを綱などでつなぎ止める。  2.人間の自由を奪う。束縛する。〈漢字ペディア〉  ●H14-1㈠／ ●H17-2㈠,読み方をご入力ください,Text
"鱗を__刮__げてから筒切りにした
関連熟語：--  ★刮げる（こそ-げる） こすりけずって取る。また、表面に付着している物をかきとってはがす。〈漢字ペディア〉  ●H20-1㈠／ ●H22-1㈠／ ●H29-1㈠",こそ,関連熟語：--  ★刮げる（こそ-げる） こすりけずって取る。また、表面に付着している物をかきとってはがす。〈漢字ペディア〉  ●H20-1㈠／ ●H22-1㈠／ ●H29-1㈠,読み方をご入力ください,Text
"烈士は営みを__苟__にせず
関連熟語：苟且（コウショ）  ★苟にす（かりそめ-にす） かりそめな。いいかげんなさま。〈漢辞海〉  ●H10-2㈠",かりそめ,関連熟語：苟且（コウショ）  ★苟にす（かりそめ-にす） かりそめな。いいかげんなさま。〈漢辞海〉  ●H10-2㈠,読み方をご入力ください,Text
"蓮の花が__萼__を動かして香気を漂わす
関連熟語：萼片（ガクヘン）  ★萼（うてな） 花の最も外側にあって、花を保護し支えているもの。花のがく。〈漢字ペディア〉  ●H10-3㈠／ ●H21-2㈠","うてな,はなぶさ",関連熟語：萼片（ガクヘン）  ★萼（うてな） 花の最も外側にあって、花を保護し支えているもの。花のがく。〈漢字ペディア〉  ●H10-3㈠／ ●H21-2㈠,読み方をご入力ください,Text
"老大家に褒められて__脂下__がっている
関連熟語：--  ★脂下がる（やにさ-がる） 気取ってかまえる。いい気分になってにやにやする。キセルを吸うとき、脂(ﾔﾆ)が吸い口のほうに下がるように、雁首(ｶﾞﾝｸﾋﾞ)を上げて反り気味になる格好から。〈漢字ペディア〉",やにさ,関連熟語：--  ★脂下がる（やにさ-がる） 気取ってかまえる。いい気分になってにやにやする。キセルを吸うとき、脂(ﾔﾆ)が吸い口のほうに下がるように、雁首(ｶﾞﾝｸﾋﾞ)を上げて反り気味になる格好から。〈漢字ペディア〉,読み方をご入力ください,Text
"腕に__縒__りを掛けて料理する
関連熟語：--  ★腕(ｳﾃﾞ)に縒りを掛ける…十分に腕前を発揮しようとして意気込む。〈故事俗信ことわざ大辞典〉",よ,関連熟語：--  ★腕(ｳﾃﾞ)に縒りを掛ける…十分に腕前を発揮しようとして意気込む。〈故事俗信ことわざ大辞典〉,読み方をご入力ください,Text
"腕を__拱__きて大会に対す
関連熟語：拱手（キョウシュ）  ★拱く（こまぬ-く／こまね-く）  1.両手を重ねて胸の前に置く。腕組みをする。  2.何もしないでただ見ている。〈漢字ペディア〉  ●H13-3㈠","こまぬ,こまね",関連熟語：拱手（キョウシュ）  ★拱く（こまぬ-く／こまね-く）  1.両手を重ねて胸の前に置く。腕組みをする。  2.何もしないでただ見ている。〈漢字ペディア〉  ●H13-3㈠,読み方をご入力ください,Text
"咄嗟に__前褌__を取った
関連熟語：--br> ★前褌（まえみつ） 相撲のまわしで、体の前面の横にわたっている部分。前まわし。〈漢字ペディア〉  ●H28-3㈠",まえみつ,関連熟語：--br> ★前褌（まえみつ） 相撲のまわしで、体の前面の横にわたっている部分。前まわし。〈漢字ペディア〉  ●H28-3㈠,読み方をご入力ください,Text
"囮捜査で犯人を__誘__き出した
関連熟語：--  ★誘き出す（おび-き-だ-す） だましてさそい出す。〈大辞泉〉",おび,関連熟語：--  ★誘き出す（おび-き-だ-す） だましてさそい出す。〈大辞泉〉,読み方をご入力ください,Text
"寇に兵を藉して、盗に糧を__齎__す
関連熟語：齎糧（セイリョウ）  ★齎す（もたら-す）  1.持ってくる。また、持って行く。  2.何かの原因で、ある結果や影響が出てくる。〈漢字ペディア〉  ●H14-2㈠／ ●H20-3㈠",もたら,関連熟語：齎糧（セイリョウ）  ★齎す（もたら-す）  1.持ってくる。また、持って行く。  2.何かの原因で、ある結果や影響が出てくる。〈漢字ペディア〉  ●H14-2㈠／ ●H20-3㈠,読み方をご入力ください,Text
"揣摩臆測を__逞__しくする
関連熟語：逞志（テイシ）  ★逞しい（たくま-しい）  1.体ががっしりしている。  2.意志や勢いが盛んで力強い。〈漢字ペディア〉  ●H13-3㈠",たくま,関連熟語：逞志（テイシ）  ★逞しい（たくま-しい）  1.体ががっしりしている。  2.意志や勢いが盛んで力強い。〈漢字ペディア〉  ●H13-3㈠,読み方をご入力ください,Text
"檜の薄板を__綰__ねて円筒形の器を作る
関連熟語：--  ★綰ねる（わが-ねる） 輪の形に曲げて結ぶ。〈漢字ペディア〉  ●H16-3㈠／ ●H21-1㈠／ ●H27-1㈠",わが,関連熟語：--  ★綰ねる（わが-ねる） 輪の形に曲げて結ぶ。〈漢字ペディア〉  ●H16-3㈠／ ●H21-1㈠／ ●H27-1㈠,読み方をご入力ください,Text
"梟の__塒__を探しあてた
関連熟語：鶏塒（ケイジ／ケイシ）  ★塒（ねぐら）  1.ニワトリのねどこ。転じて、鳥の寝る所。巣。  2.人の泊まる所。〈漢字ペディア〉  ●H09-3㈠","ねぐら,とや",関連熟語：鶏塒（ケイジ／ケイシ）  ★塒（ねぐら）  1.ニワトリのねどこ。転じて、鳥の寝る所。巣。  2.人の泊まる所。〈漢字ペディア〉  ●H09-3㈠,読み方をご入力ください,Text
"罠__拵__えて首突っ込む
関連熟語：--  ▼罠(ﾜﾅ)拵えて首(ｸﾋﾞ)突っ込む…他人を陥れようとして、かえって自分自身の破滅を招くたとえ。自縄自縛。〈故事俗信ことわざ大辞典〉",こしら,関連熟語：--  ▼罠(ﾜﾅ)拵えて首(ｸﾋﾞ)突っ込む…他人を陥れようとして、かえって自分自身の破滅を招くたとえ。自縄自縛。〈故事俗信ことわざ大辞典〉,読み方をご入力ください,Text
"羝羊、__藩__に触れて進退谷まる
関連熟語：藩籬（ハンリ）  ★藩（まがき） 枝などを逆方向にそらせてからませた、生垣。垣根。〈漢字ペディア〉  ●H14-2㈠",まがき,関連熟語：藩籬（ハンリ）  ★藩（まがき） 枝などを逆方向にそらせてからませた、生垣。垣根。〈漢字ペディア〉  ●H14-2㈠,読み方をご入力ください,Text
"膠に浸した牛革を金槌で__撓__める
関連熟語：--  ★撓める（いた-める） 皮を膠(ﾆｶﾜ)の溶液に浸し、金づちなどで打ち固める。〈漢字ペディア〉  ●H25-1㈠",いた,関連熟語：--  ★撓める（いた-める） 皮を膠(ﾆｶﾜ)の溶液に浸し、金づちなどで打ち固める。〈漢字ペディア〉  ●H25-1㈠,読み方をご入力ください,Text
"臘梅の花が__萎__んでいた
関連熟語：萎縮（イシュク）  ★萎む（しぼ-む）  1.草花が水分をなくして小さくなる。  2.張りがなくなって縮む。〈漢字ペディア〉",しぼ,関連熟語：萎縮（イシュク）  ★萎む（しぼ-む）  1.草花が水分をなくして小さくなる。  2.張りがなくなって縮む。〈漢字ペディア〉,読み方をご入力ください,Text
"舳先から鯱に__銛__を射込む
関連熟語：--  ★銛（もり） 棒の先に鋭くした金属をつけ、魚などを刺して捕る道具。〈漢字ペディア〉  ●H08-2㈠",もり,関連熟語：--  ★銛（もり） 棒の先に鋭くした金属をつけ、魚などを刺して捕る道具。〈漢字ペディア〉  ●H08-2㈠,読み方をご入力ください,Text
"錺職は幾種類もの__鏨__を使う
関連熟語：--  ★鏨（たがね） 金属や石に用いるはがねで作ったのみ。〈漢字ペディア〉  ●H10-3㈠／ ●H23-2㈠／ ●H30-2㈠",たがね,関連熟語：--  ★鏨（たがね） 金属や石に用いるはがねで作ったのみ。〈漢字ペディア〉  ●H10-3㈠／ ●H23-2㈠／ ●H30-2㈠,読み方をご入力ください,Text
"髀肉の嘆を__喞__つ
関連熟語：--  ★喞つ（かこ-つ） ぐちを言ってなげく。〈漢字ペディア〉  ●H06-1㈠／ ●H11-1㈠／ ●H17-1㈠",かこ,関連熟語：--  ★喞つ（かこ-つ） ぐちを言ってなげく。〈漢字ペディア〉  ●H06-1㈠／ ●H11-1㈠／ ●H17-1㈠,読み方をご入力ください,Text
"鷁舟乍ち動き、朱鷺__徐__に鳴く
関連熟語：徐行（ジョコウ）  ★徐に（おもむろ-に） 動作がものものしくゆっくりしているさま。〈漢字ペディア〉",おもむろ,関連熟語：徐行（ジョコウ）  ★徐に（おもむろ-に） 動作がものものしくゆっくりしているさま。〈漢字ペディア〉,読み方をご入力ください,Text
"麤く__斫__られたる石にも神の定めたる運あり
関連熟語：斫断（シャクダン）  ★斫る（き-る） 斧などの刃物でたたききる。きって落とす。〈漢字ペディア〉",き,関連熟語：斫断（シャクダン）  ★斫る（き-る） 斧などの刃物でたたききる。きって落とす。〈漢字ペディア〉,読み方をご入力ください,Text
"__鶪__が枯れ枝で鋭く鳴いた
関連熟語：--  ★百舌／鶪／鴃（もず） モズ科の鳥。低山にすむ。頭と背は赤褐色。腹は白色。カエルなどを捕食。秋、「キイーキイー」と鋭い声で高鳴きする。〈漢字ペディア〉  ●H12-3㈠／ ●H17-2㈠",もず,関連熟語：--  ★百舌／鶪／鴃（もず） モズ科の鳥。低山にすむ。頭と背は赤褐色。腹は白色。カエルなどを捕食。秋、「キイーキイー」と鋭い声で高鳴きする。〈漢字ペディア〉  ●H12-3㈠／ ●H17-2㈠,読み方をご入力ください,Text
"__鼴__が石につかえたように捗らない
関連熟語：鼴鼠（エンソ）  ★鼴（もぐら） モグラ科の哺乳類。ネズミに似て地中に穴を掘って生息する。土竜。〈漢辞海〉  ●H11-3㈠","もぐら,もぐらもち",関連熟語：鼴鼠（エンソ）  ★鼴（もぐら） モグラ科の哺乳類。ネズミに似て地中に穴を掘って生息する。土竜。〈漢辞海〉  ●H11-3㈠,読み方をご入力ください,Text
"__櫱__が風雨に耐えて成長を続けた
関連熟語：萌櫱（ホウゲツ／ボウゲツ）  ★櫱（ひこばえ） 草木の切り株や根元から萌(も)え出る新芽。またばえ。〈漢字ペディア〉  ●H15-1㈠",ひこばえ,関連熟語：萌櫱（ホウゲツ／ボウゲツ）  ★櫱（ひこばえ） 草木の切り株や根元から萌(も)え出る新芽。またばえ。〈漢字ペディア〉  ●H15-1㈠,読み方をご入力ください,Text
"__衊__すべからざる神域ならん
関連熟語：汚衊（オベツ）  ★衊す（けが-す） 血でよごす。転じて、はずかしめる。〈漢字ペディア〉  ●H28-3㈠",けが,関連熟語：汚衊（オベツ）  ★衊す（けが-す） 血でよごす。転じて、はずかしめる。〈漢字ペディア〉  ●H28-3㈠,読み方をご入力ください,Text
"__鱟__の生態を調査した
関連熟語：--  ★鱟／鱟魚/兜蟹（かぶとがに） カブトガニ科の節足動物の総称。日本では瀬戸内海と博多湾に一種がすむ。全体に緑褐色。頭胸甲は半円状の兜(かぶと)をふせた形で、腹甲は五角形、尾部は剣状。古生代からの生き残りで「生きた化石」といわれる。天然記念物。〈漢字ペディア〉  ●H11-3㈠／ ●H20-1㈠",かぶとがに,関連熟語：--  ★鱟／鱟魚/兜蟹（かぶとがに） カブトガニ科の節足動物の総称。日本では瀬戸内海と博多湾に一種がすむ。全体に緑褐色。頭胸甲は半円状の兜(かぶと)をふせた形で、腹甲は五角形、尾部は剣状。古生代からの生き残りで「生きた化石」といわれる。天然記念物。〈漢字ペディア〉  ●H11-3㈠／ ●H20-1㈠,読み方をご入力ください,Text
"__萁__を燃やして煮炊きをする
関連熟語：萁稈（キカン）  ★萁（まめがら） マメの茎や枝。〈漢辞海〉  ●H15-3㈠",まめがら,関連熟語：萁稈（キカン）  ★萁（まめがら） マメの茎や枝。〈漢辞海〉  ●H15-3㈠,読み方をご入力ください,Text
"__一坏__の濁れる酒を飲むべくあるらし
関連熟語：耳坏（ジハイ）  ★坏（つき） 古代、飲食物を盛る器。初めは土器で椀(ワン)よりは浅く、皿よりは深い。高坏など。〈漢字ペディア〉  ●H30-3㈠",ひとつき,関連熟語：耳坏（ジハイ）  ★坏（つき） 古代、飲食物を盛る器。初めは土器で椀(ワン)よりは浅く、皿よりは深い。高坏など。〈漢字ペディア〉  ●H30-3㈠,読み方をご入力ください,Text
"__允__に厥の中を執る
関連熟語：允文允武（インブンインブ）  ★允に（まこと-に） 明らかに。本当に。いかにも。〈漢字ペディア〉  ●H13-2㈠",まこと,関連熟語：允文允武（インブンインブ）  ★允に（まこと-に） 明らかに。本当に。いかにも。〈漢字ペディア〉  ●H13-2㈠,読み方をご入力ください,Text
"__咽__を搤して背を拊つ
関連熟語：咽喉(インコウ／エンコウ）  ★咽（のど） 食道と気道に通じるところ。咽喉(ｲﾝｺｳ)  2.物事の重要なところ。急所。〈漢字ペディア〉",のど,関連熟語：咽喉(インコウ／エンコウ）  ★咽（のど） 食道と気道に通じるところ。咽喉(ｲﾝｺｳ)  2.物事の重要なところ。急所。〈漢字ペディア〉,読み方をご入力ください,Text
"__簡__ぶは帝の心に在り
関連熟語：料簡（リョウケン）  ★簡ぶ（なら-ぶ） 善し悪しをより分ける。すぐれてよいほうを取る。えりぬく。〈漢字ペディア〉  ●H12-3㈠／ ●H27-1㈠",えら,関連熟語：料簡（リョウケン）  ★簡ぶ（なら-ぶ） 善し悪しをより分ける。すぐれてよいほうを取る。えりぬく。〈漢字ペディア〉  ●H12-3㈠／ ●H27-1㈠,読み方をご入力ください,Text
"__稽__うる無きの言は聴くこと勿れ
関連熟語：稽古（ケイコ）  ★稽える（かんが-える） 物事をつきつめてかんがえ合わす。寄せ集めて引き比べる。〈漢字ペディア〉  ●H10-3㈠",かんが,関連熟語：稽古（ケイコ）  ★稽える（かんが-える） 物事をつきつめてかんがえ合わす。寄せ集めて引き比べる。〈漢字ペディア〉  ●H10-3㈠,読み方をご入力ください,Text
"__疾__しさの念を払拭できない
関連熟語：--  ●H17-1㈠",やま,関連熟語：--  ●H17-1㈠,読み方をご入力ください,Text
"__嘗__みにこれが為に巨鍾を撞く
関連熟語：嘗試（ショウシ）  ★嘗みる（こころ-みる） ためす。試験する。〈漢辞海〉  ●H13-2㈠",こころ,関連熟語：嘗試（ショウシ）  ★嘗みる（こころ-みる） ためす。試験する。〈漢辞海〉  ●H13-2㈠,読み方をご入力ください,Text
"__窃__かに隣国に入り込んだ
関連熟語：窃視（セッシ）  ★窃かに（ひそ-かに） 人目を盗んでするようす。こっそりと。  ●H13-3㈠",ひそ,関連熟語：窃視（セッシ）  ★窃かに（ひそ-かに） 人目を盗んでするようす。こっそりと。  ●H13-3㈠,読み方をご入力ください,Text
"__粗栲__の衣を身に纏っている
関連熟語：--  ★粗栲／荒妙（あらたえ） 織り目のあらい粗末な布。〈漢字ペディア〉  ●H21-1㈠／ ●H27-3㈠",あらたえ,関連熟語：--  ★粗栲／荒妙（あらたえ） 織り目のあらい粗末な布。〈漢字ペディア〉  ●H21-1㈠／ ●H27-3㈠,読み方をご入力ください,Text
"__朝餉__の間に上はおわします
関連熟語：--  ★朝餉（あさがれい）  1.天皇の日常の簡単な食事。  2.「朝餉の間」の略。清涼殿の天皇が食事をとる部屋。〈漢字ペディア〉  ●R01-2㈠",あさがれい,関連熟語：--  ★朝餉（あさがれい）  1.天皇の日常の簡単な食事。  2.「朝餉の間」の略。清涼殿の天皇が食事をとる部屋。〈漢字ペディア〉  ●R01-2㈠,読み方をご入力ください,Text
"__肉醬__の作り方を教わる
関連熟語：--  ★肉醬（ししびしお） 干した肉を刻み、こうじや塩をまぜて作った食品。塩辛など。〈漢字ペディア〉  ●H25-1㈠",ししびしお,関連熟語：--  ★肉醬（ししびしお） 干した肉を刻み、こうじや塩をまぜて作った食品。塩辛など。〈漢字ペディア〉  ●H25-1㈠,読み方をご入力ください,Text
"__梅醬__の作り方を伝授される
関連熟語：--  ★梅醬（うめびしお） 梅干しの肉をつぶして砂糖を入れ、まぜ合わせたもの。〈漢字ペディア〉  ●H26-3㈠",うめびしお,関連熟語：--  ★梅醬（うめびしお） 梅干しの肉をつぶして砂糖を入れ、まぜ合わせたもの。〈漢字ペディア〉  ●H26-3㈠,読み方をご入力ください,Text
"__薄穢__い笑い方をする
関連熟語：醜穢（シュウワイ）",うすぎたな,関連熟語：醜穢（シュウワイ）,読み方をご入力ください,Text
"__備__に遺留品を調査した
関連熟語：備述（ビジュツ）  ★備に（つぶさ-に） ことごとく。残らず。〈漢字ペディア〉  ●H16-3㈠／ ●H23-1㈠",つぶさ,関連熟語：備述（ビジュツ）  ★備に（つぶさ-に） ことごとく。残らず。〈漢字ペディア〉  ●H16-3㈠／ ●H23-1㈠,読み方をご入力ください,Text
"__面窶__れした頰に微笑を浮かべていた
関連熟語：寒窶（カンク）  ★面窶れ（おもやつ-れ） （病気や疲れなどのため）顔がやせ衰えること。また、以前よりも顔がやせ衰えて見えること。〈日本国語大辞典〉",おもやつ,関連熟語：寒窶（カンク）  ★面窶れ（おもやつ-れ） （病気や疲れなどのため）顔がやせ衰えること。また、以前よりも顔がやせ衰えて見えること。〈日本国語大辞典〉,読み方をご入力ください,Text
"__佯__りて北ぐるは従うなかれ
関連熟語：佯狂（ヨウキョウ）  ★佯る（いつわ-る） まねをする。ふりをする。〈漢辞海〉  ●H29-2㈠",いつわ,関連熟語：佯狂（ヨウキョウ）  ★佯る（いつわ-る） まねをする。ふりをする。〈漢辞海〉  ●H29-2㈠,読み方をご入力ください,Text
"__倩__、事件の経緯を考えてみた
関連熟語：--  ★倩（つらつら） つくづく。よくよく念を入れて。〈漢字ペディア〉  ●H17-2㈠／ ●H21-1㈠",つらつら,関連熟語：--  ★倩（つらつら） つくづく。よくよく念を入れて。〈漢字ペディア〉  ●H17-2㈠／ ●H21-1㈠,読み方をご入力ください,Text
"__儻__いは其の二心有らんことを恐る
関連熟語：儻若（トウジャク）  ★儻いは（ある-いは） ことによると。おそらく。〈漢辞海〉  ●R02-3㈠",ある,関連熟語：儻若（トウジャク）  ★儻いは（ある-いは） ことによると。おそらく。〈漢辞海〉  ●R02-3㈠,読み方をご入力ください,Text
"__儻__し他意有らば、難たること小ならず
関連熟語：儻若（トウジャク）",も,関連熟語：儻若（トウジャク）,読み方をご入力ください,Text
"__吝__い所へ皺がよる
関連熟語：吝嗇（リンショク）  ★吝い（しわ-い） けちである。しみったれている。ものおしみする性質である。〈漢字ペディア〉",しわ,関連熟語：吝嗇（リンショク）  ★吝い（しわ-い） けちである。しみったれている。ものおしみする性質である。〈漢字ペディア〉,読み方をご入力ください,Text
"__嗔__れる拳も笑う面は打たず
関連熟語：嗔恚（シンイ）  ★嗔る（いか-る） はげしくいきどおること。いかって怒鳴ること。〈漢字ペディア〉  ●H10-2㈠／ ●H26-1㈠",いか,関連熟語：嗔恚（シンイ）  ★嗔る（いか-る） はげしくいきどおること。いかって怒鳴ること。〈漢字ペディア〉  ●H10-2㈠／ ●H26-1㈠,読み方をご入力ください,Text
"__嗷__しい脣吻の音をもって絃歌講誦の声を擾す
関連熟語：嗷訴（ゴウソ）",かまびす,関連熟語：嗷訴（ゴウソ）,読み方をご入力ください,Text
"__嘴太鴉__の駆除が計画された
関連熟語：--  ★嘴太鴉（はしぶとがらす） カラス科の鳥。山林や都市にふつうに見られる。全身黒く、くちばしが太い。ヤマガラス。〈漢字ペディア〉  ●H13-2㈠",はしぶとがらす,関連熟語：--  ★嘴太鴉（はしぶとがらす） カラス科の鳥。山林や都市にふつうに見られる。全身黒く、くちばしが太い。ヤマガラス。〈漢字ペディア〉  ●H13-2㈠,読み方をご入力ください,Text
"__噫__斗筲の人、何ぞ算うるに足らん
関連熟語：噫嗚（イオ）  ★噫（ああ） 悲しみ嘆く声。おお。〈漢字ペディア〉",ああ,関連熟語：噫嗚（イオ）  ★噫（ああ） 悲しみ嘆く声。おお。〈漢字ペディア〉,読み方をご入力ください,Text
"__嚮__に催された展覧会が物議を醸した
関連熟語：嚮日（キョウジツ）  ★嚮に／向に（さき-に） 以前に。まえに。さきごろ。むかし。〈漢字ペディア〉  ●H20-2㈠／ ●H29-3㈠",さき,関連熟語：嚮日（キョウジツ）  ★嚮に／向に（さき-に） 以前に。まえに。さきごろ。むかし。〈漢字ペディア〉  ●H20-2㈠／ ●H29-3㈠,読み方をご入力ください,Text
"__囈__のように経文を唱える
関連熟語：囈語（ゲイゴ）  ★囈語／囈／譫言（うわごと）  1.熱にうなされるなどして無意識に発する言葉。  2.筋道の立たないとりとめのない言葉。たわごと。〈漢字ペディア〉  ●H17-1㈠／ ●H24-2㈠","うわごと,たわごと",関連熟語：囈語（ゲイゴ）  ★囈語／囈／譫言（うわごと）  1.熱にうなされるなどして無意識に発する言葉。  2.筋道の立たないとりとめのない言葉。たわごと。〈漢字ペディア〉  ●H17-1㈠／ ●H24-2㈠,読み方をご入力ください,Text
"__堋__に据えた的を射る
関連熟語：--  ★堋（あずち） 弓を射るとき、的を立てかけるために後ろの土を山形に盛った所。〈漢字ペディア〉  ●H24-1㈠／ ●H26-1㈠／ ●H28-2㈠",あずち,関連熟語：--  ★堋（あずち） 弓を射るとき、的を立てかけるために後ろの土を山形に盛った所。〈漢字ペディア〉  ●H24-1㈠／ ●H26-1㈠／ ●H28-2㈠,読み方をご入力ください,Text
"__壜__のまま冷蔵庫に入れよ
関連熟語：--  ★壜（びん） 液体を入れるおもに細長い容器。ガラスや陶器,金属製などがある。〈漢字ペディア〉  ●H05-2㈠",びん,"関連熟語：--  ★壜（びん） 液体を入れるおもに細長い容器。ガラスや陶器,金属製などがある。〈漢字ペディア〉  ●H05-2㈠",読み方をご入力ください,Text
"__孅__なる身に仮初め事も仮初めならず
関連熟語：孅弱（センジャク）  ★孅い（かよわ-い） ほっそりしてなよなよしたさま。たおやかで弱々しいさま。〈漢字ペディア〉  ●H29-2㈠",かよわ,関連熟語：孅弱（センジャク）  ★孅い（かよわ-い） ほっそりしてなよなよしたさま。たおやかで弱々しいさま。〈漢字ペディア〉  ●H29-2㈠,読み方をご入力ください,Text
"__寔__に寛仁大度の人物である
関連熟語：--  ★寔に（まこと-に） ほんとうに。まさしく。〈漢字ペディア〉  ●H11-2㈠／ ●H19-1㈠",まこと,関連熟語：--  ★寔に（まこと-に） ほんとうに。まさしく。〈漢字ペディア〉  ●H11-2㈠／ ●H19-1㈠,読み方をご入力ください,Text
"__悋__かなれば人離るべし
関連熟語：悋惜（リンセキ／リンシャク／リンジャク）  ★吝か／悋か（やぶさ-か）  1.ものおしみするさま。  2.ためらうさま。  3.「…に―でない」の形で、…する努力をおしまない、快く…する。〈漢字ペディア〉  ●H19-2㈠",やぶさ,関連熟語：悋惜（リンセキ／リンシャク／リンジャク）  ★吝か／悋か（やぶさ-か）  1.ものおしみするさま。  2.ためらうさま。  3.「…に―でない」の形で、…する努力をおしまない、快く…する。〈漢字ペディア〉  ●H19-2㈠,読み方をご入力ください,Text
"__愆__ちを繰り返したのを悔いた
関連熟語：愆尤（ケンユウ）  ★愆ち（あやま-ち） 心得ちがい。やりそこない。しくじり。とが。〈漢字ペディア〉  ●H16-1㈠",あやま,関連熟語：愆尤（ケンユウ）  ★愆ち（あやま-ち） 心得ちがい。やりそこない。しくじり。とが。〈漢字ペディア〉  ●H16-1㈠,読み方をご入力ください,Text
"__憔__れが目立つが品位を失わない
関連熟語：憔悴（ショウスイ）  ★憔れる（やつ-れる）  1.顔色が黄ばみ衰える。  2.疲れはてたさま。〈漢辞海〉  ●H19-2㈠",やつ,関連熟語：憔悴（ショウスイ）  ★憔れる（やつ-れる）  1.顔色が黄ばみ衰える。  2.疲れはてたさま。〈漢辞海〉  ●H19-2㈠,読み方をご入力ください,Text
"__扠__を構えて水面を見つめる
関連熟語：--  ★扠（やす） 先端が鉄製でフォーク状になった刃をもつ、長柄の漁具。〈漢辞海〉  ●H29-3㈠",やす,関連熟語：--  ★扠（やす） 先端が鉄製でフォーク状になった刃をもつ、長柄の漁具。〈漢辞海〉  ●H29-3㈠,読み方をご入力ください,Text
"__捩摺__りの名残とて方二間の石あり
関連熟語：--  ★捩摺（もじず-り） ネジバナの別称。〈漢字ペディア〉  ●R02-3㈠",もじず,関連熟語：--  ★捩摺（もじず-り） ネジバナの別称。〈漢字ペディア〉  ●R02-3㈠,読み方をご入力ください,Text
"__撓__の見本のような蕉風の句である
関連熟語：--  ★撓（しおり） 芭蕉(ﾊﾞｼｮｳ)の俳諧理念の一つ。深い愛情をもって眺める作者の心情が句の余情となってにじみ出るもの。〈漢辞海〉  ●H30-3㈠",しおり,関連熟語：--  ★撓（しおり） 芭蕉(ﾊﾞｼｮｳ)の俳諧理念の一つ。深い愛情をもって眺める作者の心情が句の余情となってにじみ出るもの。〈漢辞海〉  ●H30-3㈠,読み方をご入力ください,Text
"__曩__に話したことは確かなことです
関連熟語：曩祖（ノウソ）  ★曩に（さき-に） 以前に。かつて。〈漢字ペディア〉  ●H11-3㈠",さき,関連熟語：曩祖（ノウソ）  ★曩に（さき-に） 以前に。かつて。〈漢字ペディア〉  ●H11-3㈠,読み方をご入力ください,Text
"__柬__んで別に取り分く
関連熟語：柬擢（カンテキ）  ★柬ぶ／揀ぶ（えら-ぶ） えり分けて取り出す。より分ける。〈漢字ペディア〉  ●H26-1㈠",えら,関連熟語：柬擢（カンテキ）  ★柬ぶ／揀ぶ（えら-ぶ） えり分けて取り出す。より分ける。〈漢字ペディア〉  ●H26-1㈠,読み方をご入力ください,Text
"__楹__を鑿ちて書を納む
関連熟語：楹書（エイショ）  ★楹（はしら） 丸くて太いはしら。家屋の床から天井までまっすぐに立てられた太いはしら。〈漢字ペディア〉  ●H23-3㈠",はしら,関連熟語：楹書（エイショ）  ★楹（はしら） 丸くて太いはしら。家屋の床から天井までまっすぐに立てられた太いはしら。〈漢字ペディア〉  ●H23-3㈠,読み方をご入力ください,Text
"__楝__は夏に用いる襲の色目の一つである
関連熟語：--  ★樗／楝（おうち）  1.センダンの古名。栴檀(ｾﾝﾀﾞﾝ)。  2.襲(ｶｻﾈ)の色目。表が薄紫で裏が青。〈漢字ペディア〉  ●H15-2㈠",おうち,関連熟語：--  ★樗／楝（おうち）  1.センダンの古名。栴檀(ｾﾝﾀﾞﾝ)。  2.襲(ｶｻﾈ)の色目。表が薄紫で裏が青。〈漢字ペディア〉  ●H15-2㈠,読み方をご入力ください,Text
"__槊__を横たえて詩を賦す
関連熟語：戟槊（ゲキサク）  ★槊（ほこ） 長い柄に両刃(もろは)の剣をつけた武器。〈漢字ペディア〉  ●H12-3㈠／ ●H19-3㈠",ほこ,関連熟語：戟槊（ゲキサク）  ★槊（ほこ） 長い柄に両刃(もろは)の剣をつけた武器。〈漢字ペディア〉  ●H12-3㈠／ ●H19-3㈠,読み方をご入力ください,Text
"__榱__の年輪測定により建築年代が判明した
関連熟語：榱桷（スイカク）  ★榱（たるき） 棟から軒桁に渡して、屋根板を支える材。丸いたるき（椽）や角のたるき（桷）の総称。〈漢辞海〉  ●H21-3㈠",たるき,関連熟語：榱桷（スイカク）  ★榱（たるき） 棟から軒桁に渡して、屋根板を支える材。丸いたるき（椽）や角のたるき（桷）の総称。〈漢辞海〉  ●H21-3㈠,読み方をご入力ください,Text
"__檐端__の荻が風に揺れる
関連熟語：--  ●H30-2㈠",のきば,関連熟語：--  ●H30-2㈠,読み方をご入力ください,Text
"__檠__を用いて強弓を調える
関連熟語：--  ★檠／弓矯（ゆだめ） 曲がった弓を両側から引き締めて、ゆがみを直すこと。また、その道具。〈漢字ペディア〉  ●H25-3㈠／ ●H29-2㈠",ゆだめ,関連熟語：--  ★檠／弓矯（ゆだめ） 曲がった弓を両側から引き締めて、ゆがみを直すこと。また、その道具。〈漢字ペディア〉  ●H25-3㈠／ ●H29-2㈠,読み方をご入力ください,Text
"__櫺窓__から曙光が射し込む
関連熟語：窓櫺（ソウレイ）  ★櫺子／連子／櫺（れんじ） 窓や欄間(ランま)などに一定の間隔で取りつけた格子。〈漢字ペディア〉  ●H12-3㈠／ ●H26-1㈠",れんじまど,関連熟語：窓櫺（ソウレイ）  ★櫺子／連子／櫺（れんじ） 窓や欄間(ランま)などに一定の間隔で取りつけた格子。〈漢字ペディア〉  ●H12-3㈠／ ●H26-1㈠,読み方をご入力ください,Text
"__殃__いは池の魚にまで及ぶ
関連熟語：余殃（ヨオウ）  ★殃い（わざわ-い） 災厄。天罰。神のとがめ。〈漢字ペディア〉  ●H09-2㈠",わざわ,関連熟語：余殃（ヨオウ）  ★殃い（わざわ-い） 災厄。天罰。神のとがめ。〈漢字ペディア〉  ●H09-2㈠,読み方をご入力ください,Text
"__滾__つ瀬に紛れ現れ秋の蝶
関連熟語：滾滾（コンコン）  ★滾つ瀬（たぎ-つ-せ） 水があふれるように激しくさかまき流れる瀬。滝つ瀬。〈日本国語大辞典〉",たぎ,関連熟語：滾滾（コンコン）  ★滾つ瀬（たぎ-つ-せ） 水があふれるように激しくさかまき流れる瀬。滝つ瀬。〈日本国語大辞典〉,読み方をご入力ください,Text
"__澹__き恋慕の情を抱けり
関連熟語：澹泊（タンパク）  ★澹い（あわ-い）  1.あっさりしている。欲がなくて静か。  2.味や色、光などが濃くない。うすい。〈漢字ペディア〉  ●H27-2㈠",あわ,関連熟語：澹泊（タンパク）  ★澹い（あわ-い）  1.あっさりしている。欲がなくて静か。  2.味や色、光などが濃くない。うすい。〈漢字ペディア〉  ●H27-2㈠,読み方をご入力ください,Text
"__燠__かなれば則ち趨く
関連熟語：涼燠（リョウイク）  ★燠かい（あたた-かい） 火の熱であたたかい。暖気がこもって気持ちのよいさま。〈漢字ペディア〉  ●H20-1㈠／ ●H23-2㈠／ ●H25-2㈠／ ●H29-1㈠",あたた,関連熟語：涼燠（リョウイク）  ★燠かい（あたた-かい） 火の熱であたたかい。暖気がこもって気持ちのよいさま。〈漢字ペディア〉  ●H20-1㈠／ ●H23-2㈠／ ●H25-2㈠／ ●H29-1㈠,読み方をご入力ください,Text
"__爰__に梅の花が咲いている
関連熟語：--  ★爰に（ここ-に）  1.この場合に。この時に。  2.話題転換を示す。さて。それで。〈漢字ペディア〉  ●H09-2㈠",ここ,関連熟語：--  ★爰に（ここ-に）  1.この場合に。この時に。  2.話題転換を示す。さて。それで。〈漢字ペディア〉  ●H09-2㈠,読み方をご入力ください,Text
"__猝__かに廃太子となった
関連熟語：猝嗟（ソッサ）  ★猝か／卒か（にわ-か） だしぬけに起こるさま。不意に起こるさま。〈漢字ペディア〉  ●H12-2㈠／ ●H28-1㈠",にわ,関連熟語：猝嗟（ソッサ）  ★猝か／卒か（にわ-か） だしぬけに起こるさま。不意に起こるさま。〈漢字ペディア〉  ●H12-2㈠／ ●H28-1㈠,読み方をご入力ください,Text
"__猥__りに大臣の邸を歴訪した
関連熟語：猥多（ワイタ）  ★猥りに／妄りに／濫りに（みだ-りに） 正当な意味もなくやたらに。物事を分別もなく行うさま。〈漢字ペディア〉  ●H07-2㈠",みだ,関連熟語：猥多（ワイタ）  ★猥りに／妄りに／濫りに（みだ-りに） 正当な意味もなくやたらに。物事を分別もなく行うさま。〈漢字ペディア〉  ●H07-2㈠,読み方をご入力ください,Text
"__秣場__で一汗流した
関連熟語：--  ★秣場（まぐさば） まぐさを草生地。そのほとんどは入会地で、地域の住民が共同で利用した。秣山。草刈場。茅場。肥草山。秣刈場。〈日本国語大辞典〉  ●H21-1㈠／ ●H22-3㈠",まぐさば,関連熟語：--  ★秣場（まぐさば） まぐさを草生地。そのほとんどは入会地で、地域の住民が共同で利用した。秣山。草刈場。茅場。肥草山。秣刈場。〈日本国語大辞典〉  ●H21-1㈠／ ●H22-3㈠,読み方をご入力ください,Text
"__窶__しくして葬る能わず
関連熟語：貧窶（ヒンク） ★窶しい（まず-しい）  1.礼の格式を保てないほど財力に乏しい。  2.貧しい。貧窮したさま。〈漢辞海〉",まず,関連熟語：貧窶（ヒンク） ★窶しい（まず-しい）  1.礼の格式を保てないほど財力に乏しい。  2.貧しい。貧窮したさま。〈漢辞海〉,読み方をご入力ください,Text
"__筵旗__を立てて嗷訴に及ぶ
関連熟語：--  ★筵旗／蓆旗（むしろばた） 布帛の代わりに筵を竹竿などにつけて、旗としたもの。百姓一揆などに用いた。〈日本国語大辞典〉  ●H19-2㈠",むしろばた,関連熟語：--  ★筵旗／蓆旗（むしろばた） 布帛の代わりに筵を竹竿などにつけて、旗としたもの。百姓一揆などに用いた。〈日本国語大辞典〉  ●H19-2㈠,読み方をご入力ください,Text
"__籌__を帷幄の中に運らす
関連熟語：運籌（ウンチュウ）  ★籌（はかりごと） よく考えて練った計画。策略。〈漢字ペディア〉  ●H12-3㈠",はかりごと,関連熟語：運籌（ウンチュウ）  ★籌（はかりごと） よく考えて練った計画。策略。〈漢字ペディア〉  ●H12-3㈠,読み方をご入力ください,Text
"__粤__に起ちて自ら之を見る
関連熟語：--  ★粤に（ここ-に） 言葉や文章の言い出しに用いる語。そこで。さて。このように。〈漢字ペディア〉  ●H23-3㈠／ ●H27-1㈠",ここ,関連熟語：--  ★粤に（ここ-に） 言葉や文章の言い出しに用いる語。そこで。さて。このように。〈漢字ペディア〉  ●H23-3㈠／ ●H27-1㈠,読み方をご入力ください,Text
"__糅__てて交ぜての難儀を蒙る
関連熟語：--  ★糅てる（か-てる） 柔らかくまぜあわせる。細かくきざんでまぜる。〈漢字ペディア〉  ●H28-3㈠",か,関連熟語：--  ★糅てる（か-てる） 柔らかくまぜあわせる。細かくきざんでまぜる。〈漢字ペディア〉  ●H28-3㈠,読み方をご入力ください,Text
"__糒__と醪酒をたずさえる
関連熟語：脯糒（ホビ）  ★糒／干飯／乾飯（ほしいい） 貯蔵用に米を蒸して乾燥させたもの。湯水に浸して食べる。〈漢字ペディア〉  ●H24-3㈠","ほしいい,かれいい,ほしい",関連熟語：脯糒（ホビ）  ★糒／干飯／乾飯（ほしいい） 貯蔵用に米を蒸して乾燥させたもの。湯水に浸して食べる。〈漢字ペディア〉  ●H24-3㈠,読み方をご入力ください,Text
"__絮__い話なので聞き流す
関連熟語：絮説（ジョセツ）  ●H09-3㈠",くど,関連熟語：絮説（ジョセツ）  ●H09-3㈠,読み方をご入力ください,Text
"__纔__かに人を通せるのみ
関連熟語：--  ★纔か（わず-か） かろうじて。やっとのことで。ようやく。〈漢字ペディア〉  ●H08-2㈠／ ●H13-2㈠／ ●H16-2㈠",わず,関連熟語：--  ★纔か（わず-か） かろうじて。やっとのことで。ようやく。〈漢字ペディア〉  ●H08-2㈠／ ●H13-2㈠／ ●H16-2㈠,読み方をご入力ください,Text
"__耜__の手入れを怠らない
関連熟語：覃耜（タンシ／エンシ）  ★耜（すき） 土を掘り起こすための農具。〈漢字ペディア〉  ●H25-2㈠",すき,関連熟語：覃耜（タンシ／エンシ）  ★耜（すき） 土を掘り起こすための農具。〈漢字ペディア〉  ●H25-2㈠,読み方をご入力ください,Text
"__聊__かこれで責任を果たした
関連熟語：聊爾（リョウジ）  ★聊か（いささ-か）  1.わずかに。すこし。  2.しばらく。とりあえず。〈漢字ペディア〉  ●H06-1㈠",いささ,関連熟語：聊爾（リョウジ）  ★聊か（いささ-か）  1.わずかに。すこし。  2.しばらく。とりあえず。〈漢字ペディア〉  ●H06-1㈠,読み方をご入力ください,Text
"__肆__は軒を争い、幌は風に翻る
関連熟語：肆廛（シテン）  ★肆（みせ） 商品を並べて販売するみせ。店舗。市場。〈漢字ペディア〉",みせ,関連熟語：肆廛（シテン）  ★肆（みせ） 商品を並べて販売するみせ。店舗。市場。〈漢字ペディア〉,読み方をご入力ください,Text
"__腥__い風が吹いて来る
関連熟語：腥風（セイフウ）  ★腥い（なまぐさ-い）  1.生肉のにおいのするさま。  2.生々しく世俗的であるさま。〈漢字ペディア〉  ●H07-3㈠／ ●H16-3㈠",なまぐさ,関連熟語：腥風（セイフウ）  ★腥い（なまぐさ-い）  1.生肉のにおいのするさま。  2.生々しく世俗的であるさま。〈漢字ペディア〉  ●H07-3㈠／ ●H16-3㈠,読み方をご入力ください,Text
"__膰__とて神供の直会（なおらい）を群臣に頒かち賜う
関連熟語：膰肉（ハンニク）  ★膰（ひもろぎ） 祖先のみたまやなどの祭りに供える、火であぶった肉。〈漢字ペディア〉  ●R01-3㈠",ひもろぎ,関連熟語：膰肉（ハンニク）  ★膰（ひもろぎ） 祖先のみたまやなどの祭りに供える、火であぶった肉。〈漢字ペディア〉  ●R01-3㈠,読み方をご入力ください,Text
"__莨__にするにはまだ早い
関連熟語：莨莠（ロウユウ）  ★莨／煙草（たばこ）  1.ナス科の多年草。温帯では一年草。南米原産。葉は先のとがった卵形で大きく、ニコチンを含む。  2.タバコの葉を乾燥させてきざみ、火をつけて煙を吸う嗜好品。〈漢字ペディア〉  ●H18-1㈠／ ●H25-2㈠",たばこ,関連熟語：莨莠（ロウユウ）  ★莨／煙草（たばこ）  1.ナス科の多年草。温帯では一年草。南米原産。葉は先のとがった卵形で大きく、ニコチンを含む。  2.タバコの葉を乾燥させてきざみ、火をつけて煙を吸う嗜好品。〈漢字ペディア〉  ●H18-1㈠／ ●H25-2㈠,読み方をご入力ください,Text
"__菘__は春の七草の一つである
関連熟語：--  ★菘／鈴菜（すずな） カブの別称。春の七草の一つ。〈漢字ペディア〉  ●H14-3㈠／ ●H21-1㈠",すずな,関連熟語：--  ★菘／鈴菜（すずな） カブの別称。春の七草の一つ。〈漢字ペディア〉  ●H14-3㈠／ ●H21-1㈠,読み方をご入力ください,Text
"__萍__の生活を余儀なくされる
関連熟語：萍水（ヘイスイ）  ★浮萍／浮草／萍（うきくさ）  1.ウキクサ科の多年草。池沼などの水面に浮かぶ。三個の平らな葉状体の中央から数本のひげ根を出す。  2.水面に浮かんで生える草の総称。  3.不安定で落ち着かない生活のたとえ。〈漢字ペディア〉  ●H10-1㈠／ ●H18-3㈠",うきくさ,関連熟語：萍水（ヘイスイ）  ★浮萍／浮草／萍（うきくさ）  1.ウキクサ科の多年草。池沼などの水面に浮かぶ。三個の平らな葉状体の中央から数本のひげ根を出す。  2.水面に浮かんで生える草の総称。  3.不安定で落ち着かない生活のたとえ。〈漢字ペディア〉  ●H10-1㈠／ ●H18-3㈠,読み方をご入力ください,Text
"__謾__いて二代目を名乗る
関連熟語：欺謾（ギマン）  ★謾く（あざむ-く） だます。たぶらかす。言葉で真実を覆いかくす。〈漢字ペディア〉  ●H24-1㈠",あざむ,関連熟語：欺謾（ギマン）  ★謾く（あざむ-く） だます。たぶらかす。言葉で真実を覆いかくす。〈漢字ペディア〉  ●H24-1㈠,読み方をご入力ください,Text
"__贏__ち得たり青楼薄倖の名
関連熟語：輸贏（シュエイ／ユエイ）  ★贏つ（か-つ） 賭けや競争で相手を負かす。勝負事にかってもうける。〈漢字ペディア〉  ●H13-3㈠",か,関連熟語：輸贏（シュエイ／ユエイ）  ★贏つ（か-つ） 賭けや競争で相手を負かす。勝負事にかってもうける。〈漢字ペディア〉  ●H13-3㈠,読み方をご入力ください,Text
"__蹌__くような足どりだった
関連熟語：蹌踉（ソウロウ）  ●H05-2㈠",よろめ,関連熟語：蹌踉（ソウロウ）  ●H05-2㈠,読み方をご入力ください,Text
"__迥__かに翠黛を望む
関連熟語：迥遼（ケイリョウ）  ★迥か（はる-か） 遠く離れているさま。距離が隔たり遠いさま。道程がはるかな意を表す。〈漢字ペディア〉  ●H20-2㈠",はる,関連熟語：迥遼（ケイリョウ）  ★迥か（はる-か） 遠く離れているさま。距離が隔たり遠いさま。道程がはるかな意を表す。〈漢字ペディア〉  ●H20-2㈠,読み方をご入力ください,Text
"__遐__きに陟るに必ず邇きよりす
関連熟語：遐邇（カジ）  ★遐い（とお-い） 道のへだたりがある意で、はるか。距離がかけ離れているさま。〈漢字ペディア〉  ●H13-2㈠／ ●R01-3㈠",とお,関連熟語：遐邇（カジ）  ★遐い（とお-い） 道のへだたりがある意で、はるか。距離がかけ離れているさま。〈漢字ペディア〉  ●H13-2㈠／ ●R01-3㈠,読み方をご入力ください,Text
"__霍__かに消え失せて影も形もない
関連熟語：霍然（カクゼン）  ★霍か（にわ-か） すばやいさま。たちまち。〈漢字ペディア〉  ●H27-1㈠",にわ,関連熟語：霍然（カクゼン）  ★霍か（にわ-か） すばやいさま。たちまち。〈漢字ペディア〉  ●H27-1㈠,読み方をご入力ください,Text
"__霾__る中を夕日が没する
関連熟語：霾翳（バイエイ）  ★霾る／土降る（つちふ-る） 黄砂が降る。〈漢字ペディア〉  ●H17-2㈠／ ●H21-1㈠／ ●H22-3㈠／ ●H25-2㈠",つちふ,関連熟語：霾翳（バイエイ）  ★霾る／土降る（つちふ-る） 黄砂が降る。〈漢字ペディア〉  ●H17-2㈠／ ●H21-1㈠／ ●H22-3㈠／ ●H25-2㈠,読み方をご入力ください,Text
"__颶__が庭の木の葉を舞い上げた
関連熟語：颶風（グフウ）  ●H11-3㈠",つむじかぜ,関連熟語：颶風（グフウ）  ●H11-3㈠,読み方をご入力ください,Text
"__餽__るに砂金一封を以てす
関連熟語：餽遺（キイ）  ★餽る／饋る（おく-る） 物品をおくり供える。特に、食物をおくる。〈漢字ペディア〉  ●H21-2㈠／ ●H23-1㈠／ ●H28-2㈠",おく,関連熟語：餽遺（キイ）  ★餽る／饋る（おく-る） 物品をおくり供える。特に、食物をおくる。〈漢字ペディア〉  ●H21-2㈠／ ●H23-1㈠／ ●H28-2㈠,読み方をご入力ください,Text
"__饑神__に取り憑かれたらしい
関連熟語：--  ★饑神（ひだるがみ） 山中などで人を急に空腹にさせるという神。〈日本国語大辞典〉  ●R02-3㈠",ひだるがみ,関連熟語：--  ★饑神（ひだるがみ） 山中などで人を急に空腹にさせるという神。〈日本国語大辞典〉  ●R02-3㈠,読み方をご入力ください,Text
"__饒__かに雅味を帯びている
関連熟語：富饒（フジョウ／フウジョウ／フニョウ）  ★饒か（ゆた-か） 物が十分にあるさま。物が多く、富んでいるさま。〈漢字ペディア〉  ●H06-3㈠／ ●H14-1㈠／ ●H19-1㈠",ゆた,関連熟語：富饒（フジョウ／フウジョウ／フニョウ）  ★饒か（ゆた-か） 物が十分にあるさま。物が多く、富んでいるさま。〈漢字ペディア〉  ●H06-3㈠／ ●H14-1㈠／ ●H19-1㈠,読み方をご入力ください,Text
"__鬮__に当たった者が役に就いた
関連熟語：鬮令（キュウレイ）  ★鬮（くじ） 吉凶を占ったり、物事を決めたりする方法。または、それに用いる紙片や木片。〈漢字ペディア〉  ●H15-3㈠",くじ,関連熟語：鬮令（キュウレイ）  ★鬮（くじ） 吉凶を占ったり、物事を決めたりする方法。または、それに用いる紙片や木片。〈漢字ペディア〉  ●H15-3㈠,読み方をご入力ください,Text
"__鯢__の多くは沼沢に棲息する
関連熟語：尺沢之鯢（セキタクノゲイ）  ★山椒魚／鯢（さんしょううお） サンショウウオ科,アンビストマ科,プレソドン科の両生類の総称。形はイモリに似て、沼地や谷川にすむ。古くから薬用とした。ハタケドジョウ。ハジカミウオ。〈漢字ペディア〉  ●H19-3㈠",さんしょううお,"関連熟語：尺沢之鯢（セキタクノゲイ）  ★山椒魚／鯢（さんしょううお） サンショウウオ科,アンビストマ科,プレソドン科の両生類の総称。形はイモリに似て、沼地や谷川にすむ。古くから薬用とした。ハタケドジョウ。ハジカミウオ。〈漢字ペディア〉  ●H19-3㈠",読み方をご入力ください,Text
"__鯡__の群れが海の色を変えた
関連熟語：--  ★鰊／鯡（にしん） ニシン科の海魚。寒流性の回遊魚で、北太平洋や北大西洋に分布。全長約三〇センチメートル。背は暗青色、腹は銀白色。卵は「数の子」という。食用。カド。カドイワシ。〈漢字ペディア〉  ●H30-1㈠",にしん,関連熟語：--  ★鰊／鯡（にしん） ニシン科の海魚。寒流性の回遊魚で、北太平洋や北大西洋に分布。全長約三〇センチメートル。背は暗青色、腹は銀白色。卵は「数の子」という。食用。カド。カドイワシ。〈漢字ペディア〉  ●H30-1㈠,読み方をご入力ください,Text
"__鰮__の群れが海の色を変ずる
関連熟語：--  ★鰮／鰯（いわし） イワシ科の海魚の総称。マイワシ,カタクチイワシ,ウルメイワシなど。群れをなして海面近くを泳ぐ。〈漢字ペディア〉  ●H28-2㈠",いわし,"関連熟語：--  ★鰮／鰯（いわし） イワシ科の海魚の総称。マイワシ,カタクチイワシ,ウルメイワシなど。群れをなして海面近くを泳ぐ。〈漢字ペディア〉  ●H28-2㈠",読み方をご入力ください,Text
"ああ人__譁__しくすること無く命を聴け
関連熟語：譁笑（カショウ）  ★嘩しい／譁しい（かまびす-しい） やかましく騒ぎたてるさま。やかましい。〈漢字ペディア〉","かまびす,やかま",関連熟語：譁笑（カショウ）  ★嘩しい／譁しい（かまびす-しい） やかましく騒ぎたてるさま。やかましい。〈漢字ペディア〉,読み方をご入力ください,Text
"あけて出て入る所__閉__てぬ人いと憎し
関連熟語：--  ★閉てる（た-てる） 戸,ふすま,とびらなどをしめる。とざす。〈漢字ペディア〉  ●H29-3㈠",た,"関連熟語：--  ★閉てる（た-てる） 戸,ふすま,とびらなどをしめる。とざす。〈漢字ペディア〉  ●H29-3㈠",読み方をご入力ください,Text
"あしひきの野行き山行き__潦__川行き渡る
関連熟語：潦水（ロウスイ）  ★潦（にわたずみ） 雨が降って路上や庭などにたまった水。潦水(ﾛｳｽｲ)。〈漢字ペディア〉  ●R01-1㈠",にわたずみ,関連熟語：潦水（ロウスイ）  ★潦（にわたずみ） 雨が降って路上や庭などにたまった水。潦水(ﾛｳｽｲ)。〈漢字ペディア〉  ●R01-1㈠,読み方をご入力ください,Text
"この件が二人を結びつける__紲__になった
関連熟語：羈紲（キセツ）  ★紲（きずな）  1.牛馬などをつないでおくつな。  2.罪人や物をしばるなわ。〈漢字ペディア〉",きずな,関連熟語：羈紲（キセツ）  ★紲（きずな）  1.牛馬などをつないでおくつな。  2.罪人や物をしばるなわ。〈漢字ペディア〉,読み方をご入力ください,Text
"これで__鳧__がついた
関連熟語：--  ★鳧（けり）  1.チドリ科の鳥。日本で繁殖し、冬は南方に渡る。大きさはハトほど。背は灰褐色で、腹は白く胸に黒い帯がある。  2.物事の終わり。古語の過去の伝聞を表す助動詞「けり」からで、「鳧」を当てて用いる。〈漢字ペディア〉  ●H14-3㈠",けり,関連熟語：--  ★鳧（けり）  1.チドリ科の鳥。日本で繁殖し、冬は南方に渡る。大きさはハトほど。背は灰褐色で、腹は白く胸に黒い帯がある。  2.物事の終わり。古語の過去の伝聞を表す助動詞「けり」からで、「鳧」を当てて用いる。〈漢字ペディア〉  ●H14-3㈠,読み方をご入力ください,Text
"さかしまに__頤__わるるも吉なり
関連熟語：期頤（キイ）  ★頤う（やしな-う） 保養する。〈漢辞海〉  ●H12-2㈠",やしな,関連熟語：期頤（キイ）  ★頤う（やしな-う） 保養する。〈漢辞海〉  ●H12-2㈠,読み方をご入力ください,Text
"その大宝を__嗇__しみ、その陳を棄つ
関連熟語：吝嗇（リンショク）  ★嗇しむ（お-しむ） ものおしみする。だしおしみする。〈漢字ペディア〉",お,関連熟語：吝嗇（リンショク）  ★嗇しむ（お-しむ） ものおしみする。だしおしみする。〈漢字ペディア〉,読み方をご入力ください,Text
"その徳天の如し、__盍__ぞ石室に蔵さざらんや
関連熟語：--  ★盍ぞ（なん-ぞ） どうして…しないのか。…すればよいのに。〈漢字ペディア〉",なん,関連熟語：--  ★盍ぞ（なん-ぞ） どうして…しないのか。…すればよいのに。〈漢字ペディア〉,読み方をご入力ください,Text
"それ__逋__れ逃げ、その国に帰る
関連熟語：逋税（ホゼイ）  ★逋れる（のが-れる） 悪事をはたらいて逃げ隠れする。また、税金や借金が払えないで、逃げてゆくえをくらます。〈漢字ペディア〉  ●H27-2㈠",のが,関連熟語：逋税（ホゼイ）  ★逋れる（のが-れる） 悪事をはたらいて逃げ隠れする。また、税金や借金が払えないで、逃げてゆくえをくらます。〈漢字ペディア〉  ●H27-2㈠,読み方をご入力ください,Text
"それよりは__霎__し牙を磨こう
関連熟語：霎時（ショウジ）  ●H11-2㈠",しば,関連熟語：霎時（ショウジ）  ●H11-2㈠,読み方をご入力ください,Text
"それを__糺__すのもはばかられる
関連熟語：糺明（キュウメイ）  ★糾す／糺す（ただ-す） あやまちや罪などを問いただす。取り調べる。〈漢字ペディア〉  ●H11-1㈠",ただ,関連熟語：糺明（キュウメイ）  ★糾す／糺す（ただ-す） あやまちや罪などを問いただす。取り調べる。〈漢字ペディア〉  ●H11-1㈠,読み方をご入力ください,Text
"たくみな用兵により__亟__隣国を破った
関連熟語：亟絶（キゼツ）  ★亟（しばしば） たびたび。何度も繰り返す意。〈漢辞海〉  ●H12-3㈠／ ●H17-3㈠／ ●H19-2㈠／ ●H22-2㈠",しばしば,関連熟語：亟絶（キゼツ）  ★亟（しばしば） たびたび。何度も繰り返す意。〈漢辞海〉  ●H12-3㈠／ ●H17-3㈠／ ●H19-2㈠／ ●H22-2㈠,読み方をご入力ください,Text
"ただ__片才__を聞き伝えて心を動かす
関連熟語：--  ★片才（かたかど） 少しばかりの才能。わずかな才芸。〈漢字ペディア〉  ●R02-3㈠",かたかど,関連熟語：--  ★片才（かたかど） 少しばかりの才能。わずかな才芸。〈漢字ペディア〉  ●R02-3㈠,読み方をご入力ください,Text
"とめどなく財貨を__饕__る
関連熟語：饕餮（トウテツ）  ★饕る（むさぼ-る） 財貨,飲食などむやみに欲しがる。〈漢字ペディア〉  ●H08-2㈠／ ●H17-1㈠",むさぼ,"関連熟語：饕餮（トウテツ）  ★饕る（むさぼ-る） 財貨,飲食などむやみに欲しがる。〈漢字ペディア〉  ●H08-2㈠／ ●H17-1㈠",読み方をご入力ください,Text
"どうにも気が__餒__えてならぬ
関連熟語：凍餒（トウタイ／トウダイ）  ★餒える（う-える） 食べる物がなく、ひどく腹がすく。栄養不足でからだがぐったりとする。〈漢字ペディア〉  ●H28-2㈠",う,関連熟語：凍餒（トウタイ／トウダイ）  ★餒える（う-える） 食べる物がなく、ひどく腹がすく。栄養不足でからだがぐったりとする。〈漢字ペディア〉  ●H28-2㈠,読み方をご入力ください,Text
"なんぞ__啻__に走るのみならんや
関連熟語：--  ★啻に（ただ-に） 単に。…だけ。多く、あとに「のみならず」などの言葉をともなう。〈漢字ペディア〉  ●H08-3㈠／ ●H15-2㈠",ただ,関連熟語：--  ★啻に（ただ-に） 単に。…だけ。多く、あとに「のみならず」などの言葉をともなう。〈漢字ペディア〉  ●H08-3㈠／ ●H15-2㈠,読み方をご入力ください,Text
"ひとり__狐憑__きのような顔をしていた
関連熟語：憑依（ヒョウイ）  ★狐付き／狐憑き（きつねつ-き） キツネの霊がとりついて起こると信じられていた、精神の錯乱状態。また、その人。〈漢字ペディア〉",きつねつ,関連熟語：憑依（ヒョウイ）  ★狐付き／狐憑き（きつねつ-き） キツネの霊がとりついて起こると信じられていた、精神の錯乱状態。また、その人。〈漢字ペディア〉,読み方をご入力ください,Text
"またぞろ蕩心が__熾__んになる
関連熟語：熾昌（シショウ）  ★熾ん（さか-ん） 勢いのよいさま。〈漢字ペディア〉  ●H22-2㈠",さか,関連熟語：熾昌（シショウ）  ★熾ん（さか-ん） 勢いのよいさま。〈漢字ペディア〉  ●H22-2㈠,読み方をご入力ください,Text
"やおら__蓍__を手に取った
関連熟語：蓍亀（シキ）  ★蓍（めどぎ） 占いに用いる道具。メドハギの茎を五〇本用いて占ったが、後世は竹製の細い棒を用いる。筮竹(ｾﾞｲﾁｸ)。〈漢字ペディア〉  ★蓍／蓍萩／鉄掃箒（めどはぎ） マメ科の小低木状多年草。草原や路傍に自生。夏、紫の筋のある白い小花を開く。〈漢字ペディア〉  ●H30-1㈠","めどぎ,めどはぎ",関連熟語：蓍亀（シキ）  ★蓍（めどぎ） 占いに用いる道具。メドハギの茎を五〇本用いて占ったが、後世は竹製の細い棒を用いる。筮竹(ｾﾞｲﾁｸ)。〈漢字ペディア〉  ★蓍／蓍萩／鉄掃箒（めどはぎ） マメ科の小低木状多年草。草原や路傍に自生。夏、紫の筋のある白い小花を開く。〈漢字ペディア〉  ●H30-1㈠,読み方をご入力ください,Text
"わざと__恍__けてずるを極める
関連熟語：恍惚（コウコツ）  ★恍ける（とぼ-ける）  1.知らないふりをする。しらばくれる。  2.こっけいな言動をする。  3.頭がはたらかなくなる。ぼける。〈漢字ペディア〉",とぼ,関連熟語：恍惚（コウコツ）  ★恍ける（とぼ-ける）  1.知らないふりをする。しらばくれる。  2.こっけいな言動をする。  3.頭がはたらかなくなる。ぼける。〈漢字ペディア〉,読み方をご入力ください,Text
"悪政は世の条理を__紊__れさせる
関連熟語：紊乱（ブンラン／ビンラン）  ★紊れる（みだ-れる） さまざまに入り混じって、秩序などがなくなる。入り組んで筋道が立たなくなる。〈漢字ペディア〉  ●H15-2㈠",みだ,関連熟語：紊乱（ブンラン／ビンラン）  ★紊れる（みだ-れる） さまざまに入り混じって、秩序などがなくなる。入り組んで筋道が立たなくなる。〈漢字ペディア〉  ●H15-2㈠,読み方をご入力ください,Text
"宛も天地の如くに君を__憑__んでいた
関連熟語：憑依（ヒョウイ）  ★憑む（たの-む） たのみにする。たよる。また、よりどころとする。  ●H29-2㈠",たの,関連熟語：憑依（ヒョウイ）  ★憑む（たの-む） たのみにする。たよる。また、よりどころとする。  ●H29-2㈠,読み方をご入力ください,Text
"或いは__黜__け或いは放つ
関連熟語：黜陟（チュッチョク）  ★黜ける（しりぞ-ける） 地位や官職からはずす。官位を罷免する。〈漢字ペディア〉  ●H11-3㈠／ ●H21-1㈠",しりぞ,関連熟語：黜陟（チュッチョク）  ★黜ける（しりぞ-ける） 地位や官職からはずす。官位を罷免する。〈漢字ペディア〉  ●H11-3㈠／ ●H21-1㈠,読み方をご入力ください,Text
"或いは巾車に命じ、或いは孤舟に__棹__す
関連熟語：棹歌（トウカ）  ★棹す（さおさ-す）  1.さおで水底をついて、舟を進める。  2.時流にうまくのる。〈漢字ペディア〉",さおさ,関連熟語：棹歌（トウカ）  ★棹す（さおさ-す）  1.さおで水底をついて、舟を進める。  2.時流にうまくのる。〈漢字ペディア〉,読み方をご入力ください,Text
"或いは合いて隠れ、或いは__乖__きて顕る
関連熟語：乖離（カイリ）  ★乖く（そむ-く） 道理に反する。本来の道からそれる。逆らう。〈漢字ペディア〉  ●H12-2㈠",そむ,関連熟語：乖離（カイリ）  ★乖く（そむ-く） 道理に反する。本来の道からそれる。逆らう。〈漢字ペディア〉  ●H12-2㈠,読み方をご入力ください,Text
"安静を切に__幾__う
関連熟語：庶幾（ショキ）  ★幾う（こいねが-う） 願い望む。〈漢字ペディア〉  ●H09-2㈠",こいねが,関連熟語：庶幾（ショキ）  ★幾う（こいねが-う） 願い望む。〈漢字ペディア〉  ●H09-2㈠,読み方をご入力ください,Text
"以て不享を征するに諸侯__咸__く服せり
関連熟語：咸綏（カンスイ）  ★咸く（ことごと-く） すべて。みな。〈漢辞海〉  ●H12-1㈠／ ●R01-1㈠",ことごと,関連熟語：咸綏（カンスイ）  ★咸く（ことごと-く） すべて。みな。〈漢辞海〉  ●H12-1㈠／ ●R01-1㈠,読み方をご入力ください,Text
"伊弉諾尊乃ち大樹に向かって__溺__まる
関連熟語：溲溺（シュウニョウ／シュウジョウ）  ★溺（ゆばり／いばり） 小便。〈漢辞海〉  ●R02-2㈠","ゆばり,いばり",関連熟語：溲溺（シュウニョウ／シュウジョウ）  ★溺（ゆばり／いばり） 小便。〈漢辞海〉  ●R02-2㈠,読み方をご入力ください,Text
"夷を__攘__う騎馬車が西を目指した
関連熟語：攘夷（ジョウイ）  ★攘う（はら-う） じゃまなものをはらいのける。はらい除く。〈漢字ペディア〉  ●H16-3㈠",はら,関連熟語：攘夷（ジョウイ）  ★攘う（はら-う） じゃまなものをはらいのける。はらい除く。〈漢字ペディア〉  ●H16-3㈠,読み方をご入力ください,Text
"異国の風に__傚__う
関連熟語：傚古（コウコ）  ★傚う／効う（なら-う） すでにある先例や手本にしたがって、まねる。みならう。〈漢字ペディア〉  ●H22-3㈠",なら,関連熟語：傚古（コウコ）  ★傚う／効う（なら-う） すでにある先例や手本にしたがって、まねる。みならう。〈漢字ペディア〉  ●H22-3㈠,読み方をご入力ください,Text
"衣__嫺__やかに曳き耳目を娯します
関連熟語：嫺雅（カンガ）  ★嫺やか（みやび-やか） 動作がしとやかで美しく、上品であるさま。〈漢字ペディア〉",みやび,関連熟語：嫺雅（カンガ）  ★嫺やか（みやび-やか） 動作がしとやかで美しく、上品であるさま。〈漢字ペディア〉,読み方をご入力ください,Text
"一善自ら千災を__禳__うに足る
関連熟語：禳禱（ジョウトウ）  ★禳う（はら-う） 神仏をまつって祈り、災厄や罪などを除く。〈漢字ペディア〉  ●H22-1㈠",はら,関連熟語：禳禱（ジョウトウ）  ★禳う（はら-う） 神仏をまつって祈り、災厄や罪などを除く。〈漢字ペディア〉  ●H22-1㈠,読み方をご入力ください,Text
"一鼎の銅を__爍__かして、以て一銭の形に灌す
関連熟語：爍金（シャッキン／シャクキン）  ★鑠かす／爍かす（と-かす） 金属を熱して液体とする。〈漢字ペディア〉",と,関連熟語：爍金（シャッキン／シャクキン）  ★鑠かす／爍かす（と-かす） 金属を熱して液体とする。〈漢字ペディア〉,読み方をご入力ください,Text
"一日再び__晨__なり難し
関連熟語：早晨（ソウシン）  ★晨（あした）  1.あさ。早朝。夜明け。  2.ニワトリが夜明けを告げて鳴くこと。〈漢字ペディア〉  ▼一日(ｲﾁｼﾞﾂ)再(ﾌﾀﾀ)び晨なり難(ｶﾞﾀ)し…一日に二度と朝は来ない。時間を大切にして勉強せよという戒め。〈故事俗信ことわざ大辞典〉  ●H11-1㈠",あした,関連熟語：早晨（ソウシン）  ★晨（あした）  1.あさ。早朝。夜明け。  2.ニワトリが夜明けを告げて鳴くこと。〈漢字ペディア〉  ▼一日(ｲﾁｼﾞﾂ)再(ﾌﾀﾀ)び晨なり難(ｶﾞﾀ)し…一日に二度と朝は来ない。時間を大切にして勉強せよという戒め。〈故事俗信ことわざ大辞典〉  ●H11-1㈠,読み方をご入力ください,Text
"一頻り続いた__哢__りが止んだ
関連熟語：哢吭（ロウコウ）  ★哢る（さえず-る） 鳥が、玉をころがすように美しく鳴く。〈漢字ペディア〉  ●H20-2㈠／ ●H24-1㈠",さえず,関連熟語：哢吭（ロウコウ）  ★哢る（さえず-る） 鳥が、玉をころがすように美しく鳴く。〈漢字ペディア〉  ●H20-2㈠／ ●H24-1㈠,読み方をご入力ください,Text
"一面に__杉蘚__が生えていた
関連熟語：--  ★杉苔／杉蘚（すぎごけ） スギゴケ科のコケ植物の総称。湿地に群生。スギの小枝に似た葉を密生させる。高さ約一〇(センチメートル)。ウマスギゴケ,オオスギゴケなど。〈漢字ペディア〉  ●H18-1㈠「蘚」  ●H25-2㈠",すぎごけ,"関連熟語：--  ★杉苔／杉蘚（すぎごけ） スギゴケ科のコケ植物の総称。湿地に群生。スギの小枝に似た葉を密生させる。高さ約一〇(センチメートル)。ウマスギゴケ,オオスギゴケなど。〈漢字ペディア〉  ●H18-1㈠「蘚」  ●H25-2㈠",読み方をご入力ください,Text
"一里四方に亘って__柞原__が広がる
関連熟語：--  ★柞原（ははそはら）  1.ははその木が多く生えている原。  2.語頭の二音が同じであるところから、母にかけていう。〈日本国語大辞典〉  ●H23-3㈠／ ●H28-1㈠",ははそはら,関連熟語：--  ★柞原（ははそはら）  1.ははその木が多く生えている原。  2.語頭の二音が同じであるところから、母にかけていう。〈日本国語大辞典〉  ●H23-3㈠／ ●H28-1㈠,読み方をご入力ください,Text
"茨の芽__野鶲__きたりかくれける
関連熟語：--  ★野鶲（のびたき） ヒタキ科の小鳥。夏、日本に渡来して繁殖し、秋に東南アジアへ渡る。雄は頭,首,背が黒く、腹は白、胸は栗色。〈漢字ペディア〉",のびたき,"関連熟語：--  ★野鶲（のびたき） ヒタキ科の小鳥。夏、日本に渡来して繁殖し、秋に東南アジアへ渡る。雄は頭,首,背が黒く、腹は白、胸は栗色。〈漢字ペディア〉",読み方をご入力ください,Text
"員外の帥に__貶__とされて都を離れた
関連熟語：貶黜（ヘンチュツ／ヘンチツ）  ★貶とす（お-とす）  1.低く評価する。  2.官位を下げる。〈漢字ペディア〉",お,関連熟語：貶黜（ヘンチュツ／ヘンチツ）  ★貶とす（お-とす）  1.低く評価する。  2.官位を下げる。〈漢字ペディア〉,読み方をご入力ください,Text
"引き取って__恤__れみ育てた
関連熟語：弔恤（チョウジュツ）  ★恤れむ（あわ-れむ） 情けをかける。同情する。〈漢字ペディア〉  ●H10-2㈠",あわ,関連熟語：弔恤（チョウジュツ）  ★恤れむ（あわ-れむ） 情けをかける。同情する。〈漢字ペディア〉  ●H10-2㈠,読み方をご入力ください,Text
"飲食を__菲__くして孝を鬼神に致す
関連熟語：菲徳（ヒトク）  ★菲い（うす-い） 手軽で粗末なさま。品質や程度があまり良くない。〈漢字ペディア〉  ●H27-2㈠／ ●H29-1㈠",うす,関連熟語：菲徳（ヒトク）  ★菲い（うす-い） 手軽で粗末なさま。品質や程度があまり良くない。〈漢字ペディア〉  ●H27-2㈠／ ●H29-1㈠,読み方をご入力ください,Text
"雨を冒して韮を__翦__る
関連熟語：翦綵（センサイ）  ★翦る／剪る（き-る） はさみできりそろえる。〈漢字ペディア〉  ●H16-1㈠",き,関連熟語：翦綵（センサイ）  ★翦る／剪る（き-る） はさみできりそろえる。〈漢字ペディア〉  ●H16-1㈠,読み方をご入力ください,Text
"云い知れぬ恐怖に息を__嚥__んで身を竦める
関連熟語：嚥下（エンゲ／エンカ）  ★嚥む／咽む（の-む） つかえた物をのみくだす。のみこむ。〈漢字ペディア〉",の,関連熟語：嚥下（エンゲ／エンカ）  ★嚥む／咽む（の-む） つかえた物をのみくだす。のみこむ。〈漢字ペディア〉,読み方をご入力ください,Text
"運あしくして躬__蹙__まりなば天を恨む
関連熟語：窘蹙（キンシュク）  ●H11-1㈠",きわ,関連熟語：窘蹙（キンシュク）  ●H11-1㈠,読み方をご入力ください,Text
"雲は陽を__濾__す
関連熟語：濾過（ロカ）  ★漉す／濾す（こ-す） 液体から不純物や混じり物を取り除くために、細かい目の網や布などに通す。濾過(ﾛｶ)する。〈漢字ペディア〉",こ,関連熟語：濾過（ロカ）  ★漉す／濾す（こ-す） 液体から不純物や混じり物を取り除くために、細かい目の網や布などに通す。濾過(ﾛｶ)する。〈漢字ペディア〉,読み方をご入力ください,Text
"雲間の曙光が__眩__いまでに赫いていた
関連熟語：眩耀（ゲンヨウ）  ★目映い／眩い（まばゆ-い）  1.光が強くてまぶしい。  2.まぶしいほど光り輝くように美しい。〈漢字ペディア〉",まばゆ,関連熟語：眩耀（ゲンヨウ）  ★目映い／眩い（まばゆ-い）  1.光が強くてまぶしい。  2.まぶしいほど光り輝くように美しい。〈漢字ペディア〉,読み方をご入力ください,Text
"鋭く撓められた竹の__櫂先__
関連熟語：--  ★櫂先（かいさき）  1.櫂の先端の部分で、水をかくところ。  2.茶杓(ﾁｬｼｬｸ)の先の部分で、抹茶をすくいのせるところ。〈漢字ペディア〉",かいさき,関連熟語：--  ★櫂先（かいさき）  1.櫂の先端の部分で、水をかくところ。  2.茶杓(ﾁｬｼｬｸ)の先の部分で、抹茶をすくいのせるところ。〈漢字ペディア〉,読み方をご入力ください,Text
"宴果てて__良__久しくなりぬ
関連熟語：良久（リョウキュウ）  ★良（やや） 非常に。はなはだ。〈漢辞海〉  ●H30-2㈠",やや,関連熟語：良久（リョウキュウ）  ★良（やや） 非常に。はなはだ。〈漢辞海〉  ●H30-2㈠,読み方をご入力ください,Text
"燕燕__于__に飛び其の羽を差池す
関連熟語：于帰（ウキ）  ★于に（ここ-に） このところに。このときに。〈漢字ペディア〉  ●R01-2㈠",ここ,関連熟語：于帰（ウキ）  ★于に（ここ-に） このところに。このときに。〈漢字ペディア〉  ●R01-2㈠,読み方をご入力ください,Text
"汚い詞で王を__誚__めた
関連熟語：誚譲（ショウジョウ）  ★誚める（せ-める） 言葉でせめ、きずつける。とがめる。なじる。しかる。〈漢字ペディア〉",せ,関連熟語：誚譲（ショウジョウ）  ★誚める（せ-める） 言葉でせめ、きずつける。とがめる。なじる。しかる。〈漢字ペディア〉,読み方をご入力ください,Text
"横腹の痛くなるまで笑い__転__ける
関連熟語：転倒（テントウ）  ★転ける（こ-ける） ころぶ。倒れてころがる。転倒する。〈漢字ペディア〉",こ,関連熟語：転倒（テントウ）  ★転ける（こ-ける） ころぶ。倒れてころがる。転倒する。〈漢字ペディア〉,読み方をご入力ください,Text
"王の遺徳を称え__誄__を奉った
関連熟語：誄詞（ルイシ）  ★誄（しのびごと） 死者の生前の行いや功徳をたたえて、死をいたむ言葉。誄詞(ﾙｲｼ)。誄辞。〈漢字ペディア〉  ●H22-2㈠／ ●H30-3㈠",しのびごと,関連熟語：誄詞（ルイシ）  ★誄（しのびごと） 死者の生前の行いや功徳をたたえて、死をいたむ言葉。誄詞(ﾙｲｼ)。誄辞。〈漢字ペディア〉  ●H22-2㈠／ ●H30-3㈠,読み方をご入力ください,Text
"翁七十二に垂として__渾__て少時の如し
関連熟語：渾身（コンシン）  ★渾て（すべ-て） まったく。すっかり。残らず。みんなひっくるめて。〈漢字ペディア〉  ●H30-2㈠",すべ,関連熟語：渾身（コンシン）  ★渾て（すべ-て） まったく。すっかり。残らず。みんなひっくるめて。〈漢字ペディア〉  ●H30-2㈠,読み方をご入力ください,Text
"何か__攫__んだようだ
関連熟語：一攫千金（イッカクセンキン）  ★攫む（つか-む） わしづかみにする。つかみとる。〈漢字ペディア〉  ●H23-2㈠",つか,関連熟語：一攫千金（イッカクセンキン）  ★攫む（つか-む） わしづかみにする。つかみとる。〈漢字ペディア〉  ●H23-2㈠,読み方をご入力ください,Text
"何かにつけて__衒__らかしている
関連熟語：衒女（ゲンジョ）  ★衒らかす（ひけ-らかす） 見せびらかす。自慢して見せつける。てらう。ひけらす。〈日本国語大辞典〉",ひけ,関連熟語：衒女（ゲンジョ）  ★衒らかす（ひけ-らかす） 見せびらかす。自慢して見せつける。てらう。ひけらす。〈日本国語大辞典〉,読み方をご入力ください,Text
"嘉卉の甚だ__夥__きにや
関連熟語：夥多（カタ）",おお,関連熟語：夥多（カタ）,読み方をご入力ください,Text
"家眷__偕__に先妣の墓所に参る
関連熟語：偕老（カイロウ）  ★偕に（とも-に） みんなで一緒に。連れ立って。心を合わせて。〈漢字ペディア〉",とも,関連熟語：偕老（カイロウ）  ★偕に（とも-に） みんなで一緒に。連れ立って。心を合わせて。〈漢字ペディア〉,読み方をご入力ください,Text
"花を植うれば以て蝶を__邀__うべし
関連熟語：邀撃（ヨウゲキ）  ★邀える（むか-える） 相手の攻撃を待ち受けて、さえぎり止める。〈漢字ペディア〉  ●H10-1㈠／ ●H13-2㈠",むか,関連熟語：邀撃（ヨウゲキ）  ★邀える（むか-える） 相手の攻撃を待ち受けて、さえぎり止める。〈漢字ペディア〉  ●H10-1㈠／ ●H13-2㈠,読み方をご入力ください,Text
"荷暴を禁じて今に__訖__る
関連熟語：訖今（キッキン）  ★訖る（いた-る） 及ぶ。着く。〈漢辞海〉  ●H26-1㈠",いた,関連熟語：訖今（キッキン）  ★訖る（いた-る） 及ぶ。着く。〈漢辞海〉  ●H26-1㈠,読み方をご入力ください,Text
"過去のみを礼讃して現代を__詛__う
関連熟語：呪詛（ジュソ）  ★詛う（のろ-う）  1.恨みのある人に災いがふりかかるように祈る。  2.ひどく恨む。〈漢字ペディア〉",のろ,関連熟語：呪詛（ジュソ）  ★詛う（のろ-う）  1.恨みのある人に災いがふりかかるように祈る。  2.ひどく恨む。〈漢字ペディア〉,読み方をご入力ください,Text
"我を__屑__しとして、もちいず
関連熟語：不屑（フセツ）  ★屑い（いさぎよ-い） よいと思う。願う。〈漢辞海〉  ●H12-2㈠",いさぎよ,関連熟語：不屑（フセツ）  ★屑い（いさぎよ-い） よいと思う。願う。〈漢辞海〉  ●H12-2㈠,読み方をご入力ください,Text
"我を__謫__むる者少なからず
関連熟語：謫発（タクハツ）  ★謫める（せ-める） 相手の罪をとがめる。罪をせめて罰する。〈漢字ペディア〉  ●H28-3㈠",せ,関連熟語：謫発（タクハツ）  ★謫める（せ-める） 相手の罪をとがめる。罪をせめて罰する。〈漢字ペディア〉  ●H28-3㈠,読み方をご入力ください,Text
"雅な__玉櫛笥__を拝領した
関連熟語：--  ★玉櫛笥（たまくしげ） 美しいくしげ。〈日本国語大辞典〉  ●H24-3㈠",たまくしげ,関連熟語：--  ★玉櫛笥（たまくしげ） 美しいくしげ。〈日本国語大辞典〉  ●H24-3㈠,読み方をご入力ください,Text
"皆悉く筋__嬾__く骨弛む
関連熟語：嬾拙（ランセツ）  ★懶い／嬾い（ものう-い）心がはれやかでない。何をするのもおっくうで、気が進まない。憂鬱で、気が晴れない。〈漢字ペディア〉  ●H29-3㈠",ものう,関連熟語：嬾拙（ランセツ）  ★懶い／嬾い（ものう-い）心がはれやかでない。何をするのもおっくうで、気が進まない。憂鬱で、気が晴れない。〈漢字ペディア〉  ●H29-3㈠,読み方をご入力ください,Text
"街上の土の色は__殷__んに赤なり
関連熟語：殷賑（インシン）  ★殷ん（さか-ん） 多くて豊かなようす。中身が充実しているさま。〈漢字ペディア〉",さか,関連熟語：殷賑（インシン）  ★殷ん（さか-ん） 多くて豊かなようす。中身が充実しているさま。〈漢字ペディア〉,読み方をご入力ください,Text
"各各持する所有り、故に__乖__り合せず
関連熟語：乖背（カイハイ）  ★乖る（もと-る） 一致しないさま。〈漢辞海〉",もと,関連熟語：乖背（カイハイ）  ★乖る（もと-る） 一致しないさま。〈漢辞海〉,読み方をご入力ください,Text
"各各修業を__醇__らにせよ
関連熟語：醇正（ジュンセイ）  ★醇ら（もっぱ-ら） 純粋なさま。混じりけのないさま。〈漢辞海〉  ●H13-1㈠",もっぱ,関連熟語：醇正（ジュンセイ）  ★醇ら（もっぱ-ら） 純粋なさま。混じりけのないさま。〈漢辞海〉  ●H13-1㈠,読み方をご入力ください,Text
"核心を__刳__る意見が飛び出した
関連熟語：刳心（コシン）  ★抉る／刳る（えぐ-る）  1.刃物などを差しこみ、半円形にまわしてくりぬく。えぐりとる。  2.大事な点などを鋭く指摘する。〈漢字ペディア〉",えぐ,関連熟語：刳心（コシン）  ★抉る／刳る（えぐ-る）  1.刃物などを差しこみ、半円形にまわしてくりぬく。えぐりとる。  2.大事な点などを鋭く指摘する。〈漢字ペディア〉,読み方をご入力ください,Text
"学を以て愚を__愈__やす
関連熟語：少愈（ショウユ）  ▼学(ｶﾞｸ)を以て愚(ｸﾞ)を愈やす…食べ物で空腹を満たすように、学問によって無知を啓発する。〈故事俗信ことわざ大辞典〉",い,関連熟語：少愈（ショウユ）  ▼学(ｶﾞｸ)を以て愚(ｸﾞ)を愈やす…食べ物で空腹を満たすように、学問によって無知を啓発する。〈故事俗信ことわざ大辞典〉,読み方をご入力ください,Text
"楽しげに__哂__う
関連熟語：鼻哂（ビシン）  ★哂う（わら-う）  1.にっこりとほほえむ。微笑する。  2.そしりわらう。あざわらう。〈漢字ペディア〉  ●H05-1㈠","わら,あざわら",関連熟語：鼻哂（ビシン）  ★哂う（わら-う）  1.にっこりとほほえむ。微笑する。  2.そしりわらう。あざわらう。〈漢字ペディア〉  ●H05-1㈠,読み方をご入力ください,Text
"茅茨翦らず采椽__刮__らず
関連熟語：刮刷（カッサツ）  ★刮る（けず-る） 刃物などで少しずつそぎ取る。えぐるようにこそげる。〈漢字ペディア〉  ●R01-2㈠",けず,関連熟語：刮刷（カッサツ）  ★刮る（けず-る） 刃物などで少しずつそぎ取る。えぐるようにこそげる。〈漢字ペディア〉  ●R01-2㈠,読み方をご入力ください,Text
"漢王、食を__輟__め哺を吐く
関連熟語：輟食（テッショク）  ★輟める（や-める）  1.中止する。  2.廃止する。〈漢辞海〉  ●H24-2㈠／ ●H28-1㈠／ ●R01-2㈠","や,とど",関連熟語：輟食（テッショク）  ★輟める（や-める）  1.中止する。  2.廃止する。〈漢辞海〉  ●H24-2㈠／ ●H28-1㈠／ ●R01-2㈠,読み方をご入力ください,Text
"関市の征を__苛__しくして、以てその事を難くす
関連熟語：苛烈（カレツ）  ★苛しい（きび-しい） きびしい。むごい。〈漢辞海〉",きび,関連熟語：苛烈（カレツ）  ★苛しい（きび-しい） きびしい。むごい。〈漢辞海〉,読み方をご入力ください,Text
"岩肌を__摸__りハーケンを打ち込む
関連熟語：摸索（モサク）  ★摸る（さぐ-る） 手でなでて探す。また、探し回す。手さぐりする。〈漢字ペディア〉  ●H13-3㈠",さぐ,関連熟語：摸索（モサク）  ★摸る（さぐ-る） 手でなでて探す。また、探し回す。手さぐりする。〈漢字ペディア〉  ●H13-3㈠,読み方をご入力ください,Text
"気__霽__れて風新柳の髪を梳る
関連熟語：霽月（セイゲツ）  ★霽れる（は-れる）  1.雨や雪がやむ。雲や霧がなくなる。  2.わだかまりがとける。〈漢字ペディア〉  ●H16-2㈠",は,関連熟語：霽月（セイゲツ）  ★霽れる（は-れる）  1.雨や雪がやむ。雲や霧がなくなる。  2.わだかまりがとける。〈漢字ペディア〉  ●H16-2㈠,読み方をご入力ください,Text
"記憶の中の娘の姿は__璞__のままだ
関連熟語：璞玉（ハクギョク）  ★璞／粗玉／新玉 掘りだしたままで、みがいていない玉。〈漢字ペディア〉  ●H18-2㈠／ ●H26-1㈠",あらたま,関連熟語：璞玉（ハクギョク）  ★璞／粗玉／新玉 掘りだしたままで、みがいていない玉。〈漢字ペディア〉  ●H18-2㈠／ ●H26-1㈠,読み方をご入力ください,Text
"起こりを__糾__せば私の所業だ
関連熟語：糾明（キュウメイ）  ★糾す／糺す（ただ-す） あやまちや罪などを問いただす。取り調べる。〈漢字ペディア〉  ●H07-1㈠",ただ,関連熟語：糾明（キュウメイ）  ★糾す／糺す（ただ-す） あやまちや罪などを問いただす。取り調べる。〈漢字ペディア〉  ●H07-1㈠,読み方をご入力ください,Text
"亀を投じて天を__詬__めて呼ぶ
関連熟語：詬罵（コウバ）  ★詬める（はずかし-める）悪口を言って、はじをかかせる。侮辱する。〈漢字ペディア〉",はずかし,関連熟語：詬罵（コウバ）  ★詬める（はずかし-める）悪口を言って、はじをかかせる。侮辱する。〈漢字ペディア〉,読み方をご入力ください,Text
"宜しく__亟__やかに出で来たるべし
関連熟語：亟務（キョクム）  ★亟やか（すみ-やか） 手間取らずに急いで。あわただしく。すぐさま。〈漢字ペディア〉  ●H24-1㈠／ ●H25-3㈠",すみ,関連熟語：亟務（キョクム）  ★亟やか（すみ-やか） 手間取らずに急いで。あわただしく。すぐさま。〈漢字ペディア〉  ●H24-1㈠／ ●H25-3㈠,読み方をご入力ください,Text
"戯謔能く人の__頤__を解く
関連熟語：頤使（イシ）  ▼頤を解(ﾄ)く…あごがはずれるほど大笑いすること。〈漢字ペディア〉",おとがい,関連熟語：頤使（イシ）  ▼頤を解(ﾄ)く…あごがはずれるほど大笑いすること。〈漢字ペディア〉,読み方をご入力ください,Text
"客僧に速答を__拶__られた
関連熟語：挨拶（アイサツ）  ★拶る（せま-る） すぐそばまで近づく。すり寄せる。ぎりぎりまでおし寄せる。〈漢字ペディア〉  ●R01-1㈠",せま,関連熟語：挨拶（アイサツ）  ★拶る（せま-る） すぐそばまで近づく。すり寄せる。ぎりぎりまでおし寄せる。〈漢字ペディア〉  ●R01-1㈠,読み方をご入力ください,Text
"弓弭の__調__を献上する
関連熟語：租庸調（ソヨウチョウ）  ▼弓弭の調（ゆみはず-の-みつぎ） 上代、男子のみつぎもの。弓矢で取った鳥獣が主であったところからいう。ゆはずのみつぎ。〈日本国語大辞典〉  ●H22-3㈠／ ●H27-3㈠",みつぎ,関連熟語：租庸調（ソヨウチョウ）  ▼弓弭の調（ゆみはず-の-みつぎ） 上代、男子のみつぎもの。弓矢で取った鳥獣が主であったところからいう。ゆはずのみつぎ。〈日本国語大辞典〉  ●H22-3㈠／ ●H27-3㈠,読み方をご入力ください,Text
"旧貫に__仍__らば之をいかんせん
関連熟語：仍旧（ジョウキュウ）  ★仍る（よ-る） たよりにしてはなれない。はなれずに依存する。〈漢字ペディア〉",よ,関連熟語：仍旧（ジョウキュウ）  ★仍る（よ-る） たよりにしてはなれない。はなれずに依存する。〈漢字ペディア〉,読み方をご入力ください,Text
"巨大な__垤__が点在する
関連熟語：蟻垤（ギテツ）  ★蟻塚／垤（ありづか） アリやシロアリが地中に巣をつくるために運び出した土砂が、巣のまわりに積み上げられて塚のようになったもの。また、土や枯れ葉を積み上げてつくったアリの巣。蟻の塔。〈漢字ペディア〉  ●H26-2㈠",ありづか,関連熟語：蟻垤（ギテツ）  ★蟻塚／垤（ありづか） アリやシロアリが地中に巣をつくるために運び出した土砂が、巣のまわりに積み上げられて塚のようになったもの。また、土や枯れ葉を積み上げてつくったアリの巣。蟻の塔。〈漢字ペディア〉  ●H26-2㈠,読み方をご入力ください,Text
"虚に__馮__り風に御す
関連熟語：馮虚（ヒョウキョ）  ★憑る／馮る（よ-る） よりかかる。あてにしてたのむ。たよりとする。〈漢字ペディア〉",よ,関連熟語：馮虚（ヒョウキョ）  ★憑る／馮る（よ-る） よりかかる。あてにしてたのむ。たよりとする。〈漢字ペディア〉,読み方をご入力ください,Text
"魚戯れて__荷__は動く
関連熟語：荷露（カロ）  ★荷（はす） スイレン科の多年草。根は食物に、花と葉は観賞に供される。蓮。芙蓉。芙渠。〈漢辞海〉  ●H11-1㈠",はす,関連熟語：荷露（カロ）  ★荷（はす） スイレン科の多年草。根は食物に、花と葉は観賞に供される。蓮。芙蓉。芙渠。〈漢辞海〉  ●H11-1㈠,読み方をご入力ください,Text
"京中大いに驚き城邑併しながら__囂__し
関連熟語：喧囂（ケンゴウ）  ★囂しい（かまびす-しい） やかましい。うるさい。〈漢字ペディア〉  ★囂しい（やかま-しい） 騒がしい。〈漢辞海〉","かまびす,やかま",関連熟語：喧囂（ケンゴウ）  ★囂しい（かまびす-しい） やかましい。うるさい。〈漢字ペディア〉  ★囂しい（やかま-しい） 騒がしい。〈漢辞海〉,読み方をご入力ください,Text
"強弓は__錏__を貫き通した
関連熟語：--  ★錏／鐚（しころ） 兜や頭巾の左右,後方に垂れて首を保護している部分。〈漢字ペディア〉  ●H12-1㈠／ ●R01-3㈠",しころ,"関連熟語：--  ★錏／鐚（しころ） 兜や頭巾の左右,後方に垂れて首を保護している部分。〈漢字ペディア〉  ●H12-1㈠／ ●R01-3㈠",読み方をご入力ください,Text
"曲__訖__われば更に曲を呈す
関連熟語：終訖（シュウキツ）  ★訖わる（お-わる） おわりになる。おしまいになる。行きついてやむ。〈漢字ペディア〉  ●H19-3㈠／ ●H27-3㈠",お,関連熟語：終訖（シュウキツ）  ★訖わる（お-わる） おわりになる。おしまいになる。行きついてやむ。〈漢字ペディア〉  ●H19-3㈠／ ●H27-3㈠,読み方をご入力ください,Text
"極まって__爨__ぐ前に薪を量る
関連熟語：炊爨（スイサン）  ★爨ぐ（かし-ぐ） 飯をたく。かまどに火をおこして米をたく。〈漢字ペディア〉  ●H29-2㈠",かし,関連熟語：炊爨（スイサン）  ★爨ぐ（かし-ぐ） 飯をたく。かまどに火をおこして米をたく。〈漢字ペディア〉  ●H29-2㈠,読み方をご入力ください,Text
"玉を以て鳥に__拋__つ
関連熟語：拋擲（ホウテキ）  ★拋つ（なげう-つ）  1.投げつける。  2.惜しげもなく投げ捨てる。〈漢字ペディア〉",なげう,関連熟語：拋擲（ホウテキ）  ★拋つ（なげう-つ）  1.投げつける。  2.惜しげもなく投げ捨てる。〈漢字ペディア〉,読み方をご入力ください,Text
"衿を__斂__めて将に拝せんとす
関連熟語：苛斂（カレン）  ★斂める（おさ-める） 集めて、一か所にまとめる。また、取り入れる。しまう。〈漢字ペディア〉",おさ,関連熟語：苛斂（カレン）  ★斂める（おさ-める） 集めて、一か所にまとめる。また、取り入れる。しまう。〈漢字ペディア〉,読み方をご入力ください,Text
"近い火で手を__焙__れ
関連熟語：焙茶（ホウチャ／ハイチャ）  ▼近い火(ﾋ)で手(ﾃ)を焙れ…遠くにある火をあてにするよりは、とりあえず手近にある小さな火で手だけでも暖を取れ。遠大な利を期待するよりも、身近な小利を確実にものにせよ。また、赤の他人どうしであっても近隣とのささやかな交流を大切にせよ。〈故事俗信ことわざ大辞典〉",あぶ,関連熟語：焙茶（ホウチャ／ハイチャ）  ▼近い火(ﾋ)で手(ﾃ)を焙れ…遠くにある火をあてにするよりは、とりあえず手近にある小さな火で手だけでも暖を取れ。遠大な利を期待するよりも、身近な小利を確実にものにせよ。また、赤の他人どうしであっても近隣とのささやかな交流を大切にせよ。〈故事俗信ことわざ大辞典〉,読み方をご入力ください,Text
"金銀__汞__の三礦を産出する
関連熟語：甘汞（カンコウ）  ★汞（みずがね） 水銀。〈漢辞海〉  ●H29-2㈠",みずがね,関連熟語：甘汞（カンコウ）  ★汞（みずがね） 水銀。〈漢辞海〉  ●H29-2㈠,読み方をご入力ください,Text
"九天星辰を__輾__らす
関連熟語：輾転（テンテン）  ★輾る（めぐ-る） まわる。〈漢辞海〉  ●H28-3㈠",めぐ,関連熟語：輾転（テンテン）  ★輾る（めぐ-る） まわる。〈漢辞海〉  ●H28-3㈠,読み方をご入力ください,Text
"遇することの冷なるが為に身を室隅に__躱__けた
関連熟語：躱閃（タセン）",さ,関連熟語：躱閃（タセン）,読み方をご入力ください,Text
"屈強の者二人に__轎__を舁かせる
関連熟語：轎夫（キョウフ）  ★轎（かご） 山を越えるのに用いた乗り物。やまかご。〈漢辞海〉  ●H23-3㈠","かご,やまかご",関連熟語：轎夫（キョウフ）  ★轎（かご） 山を越えるのに用いた乗り物。やまかご。〈漢辞海〉  ●H23-3㈠,読み方をご入力ください,Text
"繰り返し指を__僂__めて確かめる
関連熟語：僂指（ルシ／ロウシ）  ★僂める（かが-める） 体をまるく曲げる。かがむ。〈漢字ペディア〉  ●H29-3㈠",かが,関連熟語：僂指（ルシ／ロウシ）  ★僂める（かが-める） 体をまるく曲げる。かがむ。〈漢字ペディア〉  ●H29-3㈠,読み方をご入力ください,Text
"君子の才華は、玉__韞__め玉蔵すが如くすべし
関連熟語：韞価（ウンカ）  ★韞める（おさ-める） 包含する。〈漢辞海〉  ●H14-1㈠",おさ,関連熟語：韞価（ウンカ）  ★韞める（おさ-める） 包含する。〈漢辞海〉  ●H14-1㈠,読み方をご入力ください,Text
"君子は其の__睹__ざる所に戒慎す
関連熟語：逆睹（ギャクト／ゲキト）  ★睹る（み-る）  1.よく見る。  2.偵察する。観察する。  3.了解する。予知する。〈漢辞海〉  ●H10-3㈠",み,関連熟語：逆睹（ギャクト／ゲキト）  ★睹る（み-る）  1.よく見る。  2.偵察する。観察する。  3.了解する。予知する。〈漢辞海〉  ●H10-3㈠,読み方をご入力ください,Text
"君子は文を__秉__る
関連熟語：秉燭（ヘイショク）  ★秉る（と-る） 手に持つ。しっかりつかんで守る。転じて、心に固く守る。〈漢字ペディア〉  ●H24-2㈠",と,関連熟語：秉燭（ヘイショク）  ★秉る（と-る） 手に持つ。しっかりつかんで守る。転じて、心に固く守る。〈漢字ペディア〉  ●H24-2㈠,読み方をご入力ください,Text
"君主安泰、民心__渝__わるところなし
関連熟語：渝盟（ユメイ）  ★渝わる（か-わる） 変化する。変質する。改まる。前とは中身が入れかわるようになる。〈漢字ペディア〉  ●H17-1㈠／ ●H20-1㈠／ ●H26-2㈠",か,関連熟語：渝盟（ユメイ）  ★渝わる（か-わる） 変化する。変質する。改まる。前とは中身が入れかわるようになる。〈漢字ペディア〉  ●H17-1㈠／ ●H20-1㈠／ ●H26-2㈠,読み方をご入力ください,Text
"君臣相顧みて尽く衣を__沾__す
関連熟語：均沾（キンテン）  ★沾す（うるお-す）  1.しだいに水分がしみいる。しめり気をおびる。ぬれる。  2.恩恵にあずかる。利益をこうむる。  3.与える。  4.感化する。〈漢辞海〉  ●H12-2㈠／ ●H13-1㈠／ ●H15-2㈠／ ●H29-3㈠",うるお,関連熟語：均沾（キンテン）  ★沾す（うるお-す）  1.しだいに水分がしみいる。しめり気をおびる。ぬれる。  2.恩恵にあずかる。利益をこうむる。  3.与える。  4.感化する。〈漢辞海〉  ●H12-2㈠／ ●H13-1㈠／ ●H15-2㈠／ ●H29-3㈠,読み方をご入力ください,Text
"群星光甚を争い__夐__かに濤声を聞く
関連熟語：夐絶（ケイゼツ）  ★夐か（はる-か） 距離が隔たって遠いさま。〈漢字ペディア〉  ●H09-3㈠／ ●R01-1㈠",はる,関連熟語：夐絶（ケイゼツ）  ★夐か（はる-か） 距離が隔たって遠いさま。〈漢字ペディア〉  ●H09-3㈠／ ●R01-1㈠,読み方をご入力ください,Text
"軍__紮__まれば幽邃も殺伐と化す
関連熟語：駐紮（チュウサツ）  ★紮まる（とど-まる） 駐在する。〈漢辞海〉",とど,関連熟語：駐紮（チュウサツ）  ★紮まる（とど-まる） 駐在する。〈漢辞海〉,読み方をご入力ください,Text
"軍功により大佐に__躋__った
関連熟語：躋攀（セイハン）  ★躋る（のぼ-る） 高いところにのぼる。〈漢字ペディア〉  ●H20-3㈠",のぼ,関連熟語：躋攀（セイハン）  ★躋る（のぼ-る） 高いところにのぼる。〈漢字ペディア〉  ●H20-3㈠,読み方をご入力ください,Text
"軍師を遣わし__冢__を修む
関連熟語：冢塋（チョウエイ）  ★塚／冢（つか） 土を高く盛って築いた墓。〈漢字ペディア〉",つか,関連熟語：冢塋（チョウエイ）  ★塚／冢（つか） 土を高く盛って築いた墓。〈漢字ペディア〉,読み方をご入力ください,Text
"兄嫁と__諧__らぎ暮らした
関連熟語：諧和（カイワ／カイカ）  ★諧らぐ（やわ-らぐ） 和合する。〈漢辞海〉  ●H13-3㈠",やわ,関連熟語：諧和（カイワ／カイカ）  ★諧らぐ（やわ-らぐ） 和合する。〈漢辞海〉  ●H13-3㈠,読み方をご入力ください,Text
"激雷の__驟__かに震うが如し
関連熟語：驟雨（シュウウ）  ★驟か（にわ-か） 突然。急であるさま。不意。〈漢字ペディア〉",にわ,関連熟語：驟雨（シュウウ）  ★驟か（にわ-か） 突然。急であるさま。不意。〈漢字ペディア〉,読み方をご入力ください,Text
"月に一鶏を__攘__み以て来年を待つ
関連熟語：攘羊（ジョウヨウ）  ★攘む（ぬす-む） 手に入ったものをこっそり自分の物として返さない。くすねる。〈漢字ペディア〉  ●H13-3㈠／ ●H28-1㈠",ぬす,関連熟語：攘羊（ジョウヨウ）  ★攘む（ぬす-む） 手に入ったものをこっそり自分の物として返さない。くすねる。〈漢字ペディア〉  ●H13-3㈠／ ●H28-1㈠,読み方をご入力ください,Text
"月に一度、墓前に__莅__む姿が見られた
関連熟語：莅職（リショク）  ★莅む（のぞ-む）  1.場に至る。  2.統治する。つかさどる。  3.その場で見る。監督する。  ●H12-3㈠／ ●H18-1㈠／ ●H20-3㈠／ ●H24-2㈠",のぞ,関連熟語：莅職（リショク）  ★莅む（のぞ-む）  1.場に至る。  2.統治する。つかさどる。  3.その場で見る。監督する。  ●H12-3㈠／ ●H18-1㈠／ ●H20-3㈠／ ●H24-2㈠,読み方をご入力ください,Text
"嫌悪と疑惑との__蹙__め顔となる
関連熟語：顰蹙（ヒンシュク）  ★蹙める（しか-める） 顔,鼻,眉毛,額などをしかめる。〈漢辞海〉",しか,"関連熟語：顰蹙（ヒンシュク）  ★蹙める（しか-める） 顔,鼻,眉毛,額などをしかめる。〈漢辞海〉",読み方をご入力ください,Text
"見事な__阿亀__の面
関連熟語：--  ★阿亀（おかめ） 額が広くて鼻が低く、下膨れの女の面。また、そのような顔立ちの女性。阿多福。〈漢字ペディア〉",おかめ,関連熟語：--  ★阿亀（おかめ） 額が広くて鼻が低く、下膨れの女の面。また、そのような顔立ちの女性。阿多福。〈漢字ペディア〉,読み方をご入力ください,Text
"険隘に局せられ、禍難身に__薄__る
関連熟語：肉薄（ニクハク）  ★薄る（せま-る） 草木が間をあけず、びっしりと生える。すきまなくくっつく。〈漢字ペディア〉",せま,関連熟語：肉薄（ニクハク）  ★薄る（せま-る） 草木が間をあけず、びっしりと生える。すきまなくくっつく。〈漢字ペディア〉,読み方をご入力ください,Text
"顕を微にして幽を__闡__く
関連熟語：闡幽（センユウ）  ★闡く（ひら-く） 大きくあけひろげる。あけすけにする。〈漢字ペディア〉  ●H14-2㈠",ひら,関連熟語：闡幽（センユウ）  ★闡く（ひら-く） 大きくあけひろげる。あけすけにする。〈漢字ペディア〉  ●H14-2㈠,読み方をご入力ください,Text
"幻の逸品を__覓__める
関連熟語：覓句（ベキク）  ★覓める（もと-める） ないものを得ようと探す。〈漢字ペディア〉  ●H14-3㈠",もと,関連熟語：覓句（ベキク）  ★覓める（もと-める） ないものを得ようと探す。〈漢字ペディア〉  ●H14-3㈠,読み方をご入力ください,Text
"言っていることは__洵__にもっともだ
関連熟語：洵美（ジュンビ）  ★洵（まこと） いつわりのないこと。実(ｼﾞﾂ)のあること。〈漢字ペディア〉  ●H10-1㈠",まこと,関連熟語：洵美（ジュンビ）  ★洵（まこと） いつわりのないこと。実(ｼﾞﾂ)のあること。〈漢字ペディア〉  ●H10-1㈠,読み方をご入力ください,Text
"言霊の八十の__衢__に夕占（ゆうけ）問う
関連熟語：四衢（シク）  ★衢／巷（ちまた） 四方に通じる大通り。よつつじ。〈漢字ペディア〉  ●H30-2㈠",ちまた,関連熟語：四衢（シク）  ★衢／巷（ちまた） 四方に通じる大通り。よつつじ。〈漢字ペディア〉  ●H30-2㈠,読み方をご入力ください,Text
"個人の愛でた梅花に涙を__濺__ぐ
関連熟語：濺涙（センルイ）  ★濺ぐ（そそ-ぐ） 水しぶきなどをふりかける。水などがふりそそぐ。〈漢字ペディア〉  ●H29-1㈠",そそ,関連熟語：濺涙（センルイ）  ★濺ぐ（そそ-ぐ） 水しぶきなどをふりかける。水などがふりそそぐ。〈漢字ペディア〉  ●H29-1㈠,読み方をご入力ください,Text
"古学に__精__しく通達する
関連熟語：精密（セイミツ）  ★精しい（くわ-しい） 細かく念入りなさま。細かい点まで完全ですぐれているさま。〈漢字ペディア〉",くわ,関連熟語：精密（セイミツ）  ★精しい（くわ-しい） 細かく念入りなさま。細かい点まで完全ですぐれているさま。〈漢字ペディア〉,読み方をご入力ください,Text
"孤魂を想うて旧宇を__眷__みる
関連熟語：眷想（ケンソウ）  ★眷みる（かえり-みる）  1.振り返って見る。  2.気づかう。心配する。また、目をかけ引き立てる。〈漢字ペディア〉",かえり,関連熟語：眷想（ケンソウ）  ★眷みる（かえり-みる）  1.振り返って見る。  2.気づかう。心配する。また、目をかけ引き立てる。〈漢字ペディア〉,読み方をご入力ください,Text
"己をもって人を__揣__る
関連熟語：揣摩（シマ）  ★揣る（はか-る）  1.長さ,深さ,高さなど寸法を調べる。  2.さぐる。おしはかる。〈漢字ペディア〉  ●H19-1㈠","はか,おしはか","関連熟語：揣摩（シマ）  ★揣る（はか-る）  1.長さ,深さ,高さなど寸法を調べる。  2.さぐる。おしはかる。〈漢字ペディア〉  ●H19-1㈠",読み方をご入力ください,Text
"故に__姑__くこれを挙げておく
関連熟語：姑息（コソク）  ★姑く（しばら-く） かりそめに。一時。とりあえず。〈漢字ペディア〉  ●H07-3㈠／ ●H10-1㈠",しばら,関連熟語：姑息（コソク）  ★姑く（しばら-く） かりそめに。一時。とりあえず。〈漢字ペディア〉  ●H07-3㈠／ ●H10-1㈠,読み方をご入力ください,Text
"故旧わすれざれば、則ち民__偸__からず
関連熟語：偸薄（トウハク）  ★偸い（うす-い） 不親切なさま。〈漢辞海〉  ●H10-2㈠",うす,関連熟語：偸薄（トウハク）  ★偸い（うす-い） 不親切なさま。〈漢辞海〉  ●H10-2㈠,読み方をご入力ください,Text
"湖上に魚を__鬻__がず
関連熟語：鬻文（イクブン）  ★鬻ぐ（ひさ-ぐ） 物を売る。商いをする。〈漢字ペディア〉",ひさ,関連熟語：鬻文（イクブン）  ★鬻ぐ（ひさ-ぐ） 物を売る。商いをする。〈漢字ペディア〉,読み方をご入力ください,Text
"虎豹の文は__田__りを来す
関連熟語：田猟（デンリョウ）  ★田り（か-り） 狩りをする。〈漢辞海〉  ●R01-1㈠",か,関連熟語：田猟（デンリョウ）  ★田り（か-り） 狩りをする。〈漢辞海〉  ●R01-1㈠,読み方をご入力ください,Text
"吾これを__售__り人これを取る
関連熟語：自售（ジシュウ）  ★售る（う-る） 物を流通させる。商いをする。〈漢字ペディア〉  ●H07-1㈠／ ●H20-3㈠",う,関連熟語：自售（ジシュウ）  ★售る（う-る） 物を流通させる。商いをする。〈漢字ペディア〉  ●H07-1㈠／ ●H20-3㈠,読み方をご入力ください,Text
"吾少くして学問を__懶__る
関連熟語：懶婦（ランプ）  ★懶る（おこた-る） 不精なさま。なまけるさま。〈漢辞海〉",おこた,関連熟語：懶婦（ランプ）  ★懶る（おこた-る） 不精なさま。なまけるさま。〈漢辞海〉,読み方をご入力ください,Text
"後のことを__恤__えるひまはないはずだ
関連熟語：銜恤（ガンジュツ／カンジュツ）  ★恤れる（うれ-える） 気を配る。心配する。〈漢字ペディア〉  ●H07-3㈠",うれ,関連熟語：銜恤（ガンジュツ／カンジュツ）  ★恤れる（うれ-える） 気を配る。心配する。〈漢字ペディア〉  ●H07-3㈠,読み方をご入力ください,Text
"公室を強め私門を__杜__ず
関連熟語：杜絶（トゼツ）  ★杜じる（と-じる）  1.閉ざす。  2.おおいふさぐ。  3.関係などを絶つ。止める。〈漢辞海〉  ●R01-2㈠",と,関連熟語：杜絶（トゼツ）  ★杜じる（と-じる）  1.閉ざす。  2.おおいふさぐ。  3.関係などを絶つ。止める。〈漢辞海〉  ●R01-2㈠,読み方をご入力ください,Text
"好事家が逸品を__餮__り見ている
関連熟語：饕餮（トウテツ）  ★餮る（むさぼ-る） むさぼり食う。〈漢辞海〉  ●H12-3㈠",むさぼ,関連熟語：饕餮（トウテツ）  ★餮る（むさぼ-る） むさぼり食う。〈漢辞海〉  ●H12-3㈠,読み方をご入力ください,Text
"巧みに__找__し難場を凌ぐ
関連熟語：--  ●H27-1㈠",さおさ,関連熟語：--  ●H27-1㈠,読み方をご入力ください,Text
"広くて__邃__い館に招じ入れられた
関連熟語：幽邃（ユウスイ）  ★邃い（おくぶか-い）  1.土地や場所が深く遠い。  2.学問や道理が深く精密である。〈漢字ペディア〉  ●H20-1㈠","おくぶか,ふか",関連熟語：幽邃（ユウスイ）  ★邃い（おくぶか-い）  1.土地や場所が深く遠い。  2.学問や道理が深く精密である。〈漢字ペディア〉  ●H20-1㈠,読み方をご入力ください,Text
"恒来第に__造__りて当主と議論す
関連熟語：造詣（ゾウケイ）  ★造る（いた-る） とどく。だんだん進み行きつく。あるところに達する。〈漢字ペディア〉  ●R01-3㈠",いた,関連熟語：造詣（ゾウケイ）  ★造る（いた-る） とどく。だんだん進み行きつく。あるところに達する。〈漢字ペディア〉  ●R01-3㈠,読み方をご入力ください,Text
"洪水、天に__滔__って禹の績あり
関連熟語：滔天（トウテン）  ★滔る（はびこ-る） 水が勢いよく広がる。水が満ちあふれる。〈漢字ペディア〉  ●H13-2㈠／ ●H18-1㈠／ ●H24-2㈠",はびこ,関連熟語：滔天（トウテン）  ★滔る（はびこ-る） 水が勢いよく広がる。水が満ちあふれる。〈漢字ペディア〉  ●H13-2㈠／ ●H18-1㈠／ ●H24-2㈠,読み方をご入力ください,Text
"甲を巻き旗を__韜__む
関連熟語：韜晦（トウカイ）  ★韜む（つつ-む） おおうようにしてなかにしまいこむ。おさめる。なかに隠す。〈漢字ペディア〉  ●H12-3㈠",つつ,関連熟語：韜晦（トウカイ）  ★韜む（つつ-む） おおうようにしてなかにしまいこむ。おさめる。なかに隠す。〈漢字ペディア〉  ●H12-3㈠,読み方をご入力ください,Text
"甲板に出て欄干に__凭__った
関連熟語：凭欄（ヒョウラン）  ★凭る（よ-る） ものを支えにして体重をかける。もたれかかる。〈漢字ペディア〉",よ,関連熟語：凭欄（ヒョウラン）  ★凭る（よ-る） ものを支えにして体重をかける。もたれかかる。〈漢字ペディア〉,読み方をご入力ください,Text
"行くときは__閾__を履まず
関連熟語：門閾（モンイキ）  ★閾（しきい／しきみ） 門の下にあって、内外を区切る横木。しきみ。〈漢字ペディア〉  ●H11-1㈠","しきい,しきみ",関連熟語：門閾（モンイキ）  ★閾（しきい／しきみ） 門の下にあって、内外を区切る横木。しきみ。〈漢字ペディア〉  ●H11-1㈠,読み方をご入力ください,Text
"香を焚いて__穢__れを祓う
関連熟語：穢土（エド）  ★穢れる（けが-れる） ごたごたしてよごれる。清いものがきたなくなる。〈漢字ペディア〉  ●H14-3㈠",けが,関連熟語：穢土（エド）  ★穢れる（けが-れる） ごたごたしてよごれる。清いものがきたなくなる。〈漢字ペディア〉  ●H14-3㈠,読み方をご入力ください,Text
"高を括って__空嘯__いていた
関連熟語：--  ★空嘯く（そらうそぶ-く）  1.知らないふりをしてとぼける。しらばっくれる。空惚(ｿﾗﾄﾎﾞ)ける。  2.相手をばかにした態度をとる。〈漢字ペディア〉  ●H30-2㈠",そらうそぶ,関連熟語：--  ★空嘯く（そらうそぶ-く）  1.知らないふりをしてとぼける。しらばっくれる。空惚(ｿﾗﾄﾎﾞ)ける。  2.相手をばかにした態度をとる。〈漢字ペディア〉  ●H30-2㈠,読み方をご入力ください,Text
"高価な牛を__悋__しんで廉価の羊と易えよ
関連熟語：悋惜（リンセキ／リンシャク／リンジャク）  ★悋しむ（お-しむ） 物惜しみする。しぶる。けちけちする。〈漢辞海〉",お,関連熟語：悋惜（リンセキ／リンシャク／リンジャク）  ★悋しむ（お-しむ） 物惜しみする。しぶる。けちけちする。〈漢辞海〉,読み方をご入力ください,Text
"高閣の簷瓦吹かれて空に__飄__る
関連熟語：蓬飄（ホウヒョウ）  ★飄る（ひるがえ-る） 風に吹かれて物がふわりと舞い上がる。ふわふわとただよう。〈漢字ペディア〉",ひるがえ,関連熟語：蓬飄（ホウヒョウ）  ★飄る（ひるがえ-る） 風に吹かれて物がふわりと舞い上がる。ふわふわとただよう。〈漢字ペディア〉,読み方をご入力ください,Text
"国として__泯__びざるはなし
関連熟語：泯滅（ビンメツ）  ★泯びる（ほろ-びる） 尽きてなくなる。つきはてる。滅亡する。〈漢字ペディア〉  ●H24-2㈠",ほろ,関連熟語：泯滅（ビンメツ）  ★泯びる（ほろ-びる） 尽きてなくなる。つきはてる。滅亡する。〈漢字ペディア〉  ●H24-2㈠,読み方をご入力ください,Text
"国を敗り民を__殄__くす
関連熟語：殄滅（テンメツ）  ★殄きる（つ-きる） 滅びる。滅び絶える。〈漢字ペディア〉  ●H15-1㈠",つ,関連熟語：殄滅（テンメツ）  ★殄きる（つ-きる） 滅びる。滅び絶える。〈漢字ペディア〉  ●H15-1㈠,読み方をご入力ください,Text
"国財を__蠹__む官人が蔓延る
関連熟語：蠹書（トショ）  ●R02-2㈠",むしば,関連熟語：蠹書（トショ）  ●R02-2㈠,読み方をご入力ください,Text
"鵠を刻して成らざるも尚__鶩__に類す
関連熟語：鶩列（ボクレツ）  ★鶩／家鴨（あひる） カモ科の鳥。マガモを家畜として改良したもの。翼が小さく飛ぶことはできないが泳ぎは巧み。卵と肉は食用。〈漢字ペディア〉  ●H14-2㈠",あひる,関連熟語：鶩列（ボクレツ）  ★鶩／家鴨（あひる） カモ科の鳥。マガモを家畜として改良したもの。翼が小さく飛ぶことはできないが泳ぎは巧み。卵と肉は食用。〈漢字ペディア〉  ●H14-2㈠,読み方をご入力ください,Text
"忽ちオペラの__俘__となった
関連熟語：俘虜（フリョ）  ★俘／俘虜（とりこ） 戦争で敵に捕らえられた者。いけどりになった人。捕虜。〈漢字ペディア〉  ●H19-2㈠",とりこ,関連熟語：俘虜（フリョ）  ★俘／俘虜（とりこ） 戦争で敵に捕らえられた者。いけどりになった人。捕虜。〈漢字ペディア〉  ●H19-2㈠,読み方をご入力ください,Text
"忽然として行方を__眩__ました
関連熟語：眩暈（ゲンウン）  ▼行方を眩ます（ゆくえ-を-くら-ます） 行く先をわからないようにする。〈日本国語大辞典〉",くら,関連熟語：眩暈（ゲンウン）  ▼行方を眩ます（ゆくえ-を-くら-ます） 行く先をわからないようにする。〈日本国語大辞典〉,読み方をご入力ください,Text
"此を懲らして彼を__警__む
関連熟語：警句（ケイク）  ★警める（いまし-める）  1.注意をする。教えさとす。  2.用心する。警戒する。〈漢字ペディア〉  ●R02-2㈠",いまし,関連熟語：警句（ケイク）  ★警める（いまし-める）  1.注意をする。教えさとす。  2.用心する。警戒する。〈漢字ペディア〉  ●R02-2㈠,読み方をご入力ください,Text
"今__暴__かに大名を得るは不祥なり
関連熟語：暴騰（ボウトウ）  ★暴か（にわ-か） たちまち。急に。〈漢辞海〉  ●H09-2㈠",にわ,関連熟語：暴騰（ボウトウ）  ★暴か（にわ-か） たちまち。急に。〈漢辞海〉  ●H09-2㈠,読み方をご入力ください,Text
"今諸君将に__妄__りに誅せんとす
関連熟語：妄信（モウシン／ボウシン）  ★猥りに／妄りに／濫りに（みだ-りに） むやみやたらに。無分別ででたらめなさま。〈漢字ペディア〉",みだ,関連熟語：妄信（モウシン／ボウシン）  ★猥りに／妄りに／濫りに（みだ-りに） むやみやたらに。無分別ででたらめなさま。〈漢字ペディア〉,読み方をご入力ください,Text
"魂は去りて__尸__は長く留まる
関連熟語：尸諫（シカン）  ★尸／屍（しかばね）  1.死人の体。なきがら。  2.漢字の部首名。人に関することを表す。しかばねかんむり。〈漢字ペディア〉","しかばね,かばね",関連熟語：尸諫（シカン）  ★尸／屍（しかばね）  1.死人の体。なきがら。  2.漢字の部首名。人に関することを表す。しかばねかんむり。〈漢字ペディア〉,読み方をご入力ください,Text
"坐を正しくして__扣__えている
関連熟語：扣除（コウジョ）  ★扣える（ひか-える） ひきとめる。抑制する。前に進むものに手をかけてひっぱる。〈漢字ペディア〉  ●H20-1㈠／ ●H23-1㈠／ ●H24-3㈠／ ●H30-2㈠",ひか,関連熟語：扣除（コウジョ）  ★扣える（ひか-える） ひきとめる。抑制する。前に進むものに手をかけてひっぱる。〈漢字ペディア〉  ●H20-1㈠／ ●H23-1㈠／ ●H24-3㈠／ ●H30-2㈠,読み方をご入力ください,Text
"細行を__矜__まずんば終に大徳を累せん
関連熟語：矜式（キョウショク）  ★矜む（つつし-む） 慎重に行う。〈漢辞海〉  ●H13-1㈠／ ●R01-3㈠",つつし,関連熟語：矜式（キョウショク）  ★矜む（つつし-む） 慎重に行う。〈漢辞海〉  ●H13-1㈠／ ●R01-3㈠,読み方をご入力ください,Text
"罪あるを罰し、虚なるを__訐__く
関連熟語：訐直（ケッチョク）  ★訐く（あば-く） 人の秘密をさぐり出し、本人にむかって言う。〈漢字ペディア〉  ●H09-1㈠／ ●H14-3㈠／ ●H17-1㈠／ ●H23-2㈠／ ●H28-2㈠",あば,関連熟語：訐直（ケッチョク）  ★訐く（あば-く） 人の秘密をさぐり出し、本人にむかって言う。〈漢字ペディア〉  ●H09-1㈠／ ●H14-3㈠／ ●H17-1㈠／ ●H23-2㈠／ ●H28-2㈠,読み方をご入力ください,Text
"雑木林に__尉鶲__の甲高い声が響く
関連熟語：--  ★尉鶲（じょうびたき） ヒタキ科の小鳥。日本に冬鳥として渡来。全長約一四センチメートル。羽に白斑(ﾊｸﾊﾝ)があることから「紋付き鳥」ともいう。雄はのどが黒、胸腹部が赤褐色で美しい。〈漢字ペディア〉  ●R02-3㈠",じょうびたき,関連熟語：--  ★尉鶲（じょうびたき） ヒタキ科の小鳥。日本に冬鳥として渡来。全長約一四センチメートル。羽に白斑(ﾊｸﾊﾝ)があることから「紋付き鳥」ともいう。雄はのどが黒、胸腹部が赤褐色で美しい。〈漢字ペディア〉  ●R02-3㈠,読み方をご入力ください,Text
"三世__爨__を一つにする
関連熟語：三世一爨（サンセイイッサン）  ★爨（かまど） 土,レンガなどで築いた、火をたいて煮炊きする設備。〈漢字ペディア〉  ●H29-2㈠",かまど,"関連熟語：三世一爨（サンセイイッサン）  ★爨（かまど） 土,レンガなどで築いた、火をたいて煮炊きする設備。〈漢字ペディア〉  ●H29-2㈠",読み方をご入力ください,Text
"山に嘉き__卉__有り
関連熟語：花卉（カキ）  ★卉（くさ） 草の総称。〈漢字ペディア〉  ●H24-1㈠",くさ,関連熟語：花卉（カキ）  ★卉（くさ） 草の総称。〈漢字ペディア〉  ●H24-1㈠,読み方をご入力ください,Text
"山に喬松有り__隰__に游竜有り
関連熟語：原隰（ゲンシツ／ゲンシュウ）  ★隰（さわ） 低くて湿り気の多い土地。低湿地。湿地帯。〈漢字ペディア〉  ●R01-2㈠",さわ,関連熟語：原隰（ゲンシツ／ゲンシュウ）  ★隰（さわ） 低くて湿り気の多い土地。低湿地。湿地帯。〈漢字ペディア〉  ●R01-2㈠,読み方をご入力ください,Text
"山海その左を__扼__えたり
関連熟語：扼腕（ヤクワン）  ★扼える（おさ-える）  1.力を加えて動けないようにする。強く手でしめつける。  2.要所を占拠して守る。〈漢字ペディア〉  ●H12-3㈠",おさ,関連熟語：扼腕（ヤクワン）  ★扼える（おさ-える）  1.力を加えて動けないようにする。強く手でしめつける。  2.要所を占拠して守る。〈漢字ペディア〉  ●H12-3㈠,読み方をご入力ください,Text
"山高ければ木__脩__し
関連熟語：脩竹（シュウチク）  ★脩い／修い（なが-い）  1.空間的に距離があるさま。  2.時間的に久しいさま。〈漢辞海〉  ●H09-1㈠",なが,関連熟語：脩竹（シュウチク）  ★脩い／修い（なが-い）  1.空間的に距離があるさま。  2.時間的に久しいさま。〈漢辞海〉  ●H09-1㈠,読み方をご入力ください,Text
"山中には霜と露の__饒__く、風気もまた先に寒し
関連熟語：饒舌（ジョウゼツ）",おお,関連熟語：饒舌（ジョウゼツ）,読み方をご入力ください,Text
"四面遊目に足りて丘壑の富を__擅__にす
関連熟語：擅権（センケン）  ★擅（ほしいまま） 自分の思うままにするさま。やりたいようにふるまうさま。〈漢字ペディア〉  ●H11-2㈠／ ●H16-2㈠／ ●H19-3㈠／ ●H24-3㈠",ほしいまま,関連熟語：擅権（センケン）  ★擅（ほしいまま） 自分の思うままにするさま。やりたいようにふるまうさま。〈漢字ペディア〉  ●H11-2㈠／ ●H16-2㈠／ ●H19-3㈠／ ●H24-3㈠,読み方をご入力ください,Text
"子は温にして__厲__し
関連熟語：厲色（レイショク）  ▼子(ｼ)は温(ｵﾝ)にして厲し…孔子の容姿は温厚な中にきびしく犯しがたいところがある。〈故事俗信ことわざ大辞典〉",はげ,関連熟語：厲色（レイショク）  ▼子(ｼ)は温(ｵﾝ)にして厲し…孔子の容姿は温厚な中にきびしく犯しがたいところがある。〈故事俗信ことわざ大辞典〉,読み方をご入力ください,Text
"子孫世に伝え、福禄__疆__りなし
関連熟語：無疆（ムキョウ）  ★疆る（かぎ-る） 境目を設ける。〈漢辞海〉  ●H14-1㈠",かぎ,関連熟語：無疆（ムキョウ）  ★疆る（かぎ-る） 境目を設ける。〈漢辞海〉  ●H14-1㈠,読み方をご入力ください,Text
"志ある者は事__竟__に成る
関連熟語：畢竟（ヒッキョウ）  ★竟に（つい-に） 最後には。結局。とうとう。〈漢字ペディア〉  ●H12-2㈠",つい,関連熟語：畢竟（ヒッキョウ）  ★竟に（つい-に） 最後には。結局。とうとう。〈漢字ペディア〉  ●H12-2㈠,読み方をご入力ください,Text
"志を同じくする__儔__ではない
関連熟語：匹儔（ヒッチュウ）  ★儔（ともがら） 仲間。同輩。たぐい。つれ。〈漢字ペディア〉  ●H21-1㈠",ともがら,関連熟語：匹儔（ヒッチュウ）  ★儔（ともがら） 仲間。同輩。たぐい。つれ。〈漢字ペディア〉  ●H21-1㈠,読み方をご入力ください,Text
"指を以て沸けるを__撓__す
関連熟語：撓乱（ドウラン）  ★撓れる（みだ-れる）  1.かきまぜる。かきまわす。  2.安定しているものをかき乱す。  3.邪魔する。妨害する。〈漢辞海〉  ●H07-1㈠",みだ,関連熟語：撓乱（ドウラン）  ★撓れる（みだ-れる）  1.かきまぜる。かきまわす。  2.安定しているものをかき乱す。  3.邪魔する。妨害する。〈漢辞海〉  ●H07-1㈠,読み方をご入力ください,Text
"獅子__吼__ゆれば百獣脳裂く
関連熟語：獅子吼（シシク）  ★吼える（ほ-える）  1.獣などが大声で鳴く。  2.大声で叫ぶ。わめきたてる。〈漢字ペディア〉",ほ,関連熟語：獅子吼（シシク）  ★吼える（ほ-える）  1.獣などが大声で鳴く。  2.大声で叫ぶ。わめきたてる。〈漢字ペディア〉,読み方をご入力ください,Text
"私心__萌__さば立ち所に神罰を受けん
関連熟語：萌芽（ホウガ）  ★萌す（きざ-す）  1.草木が芽生える。  2.物事が起ころうとする気配がある。〈漢字ペディア〉",きざ,関連熟語：萌芽（ホウガ）  ★萌す（きざ-す）  1.草木が芽生える。  2.物事が起ころうとする気配がある。〈漢字ペディア〉,読み方をご入力ください,Text
"詩文に__絶__だ才有るを見る
関連熟語：絶大（ゼツダイ）  ★絶だ（はなは-だ） 非常に。〈漢辞海〉  ●H09-3㈠",はなは,関連熟語：絶大（ゼツダイ）  ★絶だ（はなは-だ） 非常に。〈漢辞海〉  ●H09-3㈠,読み方をご入力ください,Text
"事を論うに__諧__うときは、則ち事理自ら通う
関連熟語：諧調（カイチョウ）  ★諧う（かな-う） 調和する。音楽などの調子がよくあう。〈漢字ペディア〉  ●H12-1㈠",かな,関連熟語：諧調（カイチョウ）  ★諧う（かな-う） 調和する。音楽などの調子がよくあう。〈漢字ペディア〉  ●H12-1㈠,読み方をご入力ください,Text
"耳目に__嫺__わざるを以て排斥せり
関連熟語：嫺熟（カンジュク）  ★嫺う（なら-う）  1.物事に熟達する。  2.物事になれてまごつかない。〈漢字ペディア〉  ●H17-3㈠／ ●H20-2㈠／ ●H24-3㈠／ ●H26-2㈠",なら,関連熟語：嫺熟（カンジュク）  ★嫺う（なら-う）  1.物事に熟達する。  2.物事になれてまごつかない。〈漢字ペディア〉  ●H17-3㈠／ ●H20-2㈠／ ●H24-3㈠／ ●H26-2㈠,読み方をご入力ください,Text
"自ら__矜__らず、故に長たり
関連熟語：矜恃（キョウジ／キンジ）  ★矜る（ほこ-る）  1.自分の力量を自負する。  2.他人を見下す。尊大にする。えらぶる。〈漢字ペディア〉",ほこ,関連熟語：矜恃（キョウジ／キンジ）  ★矜る（ほこ-る）  1.自分の力量を自負する。  2.他人を見下す。尊大にする。えらぶる。〈漢字ペディア〉,読み方をご入力ください,Text
"実葛の根を__臼搗__いた
関連熟語：--  ★舂く／臼搗く（うすづ-く）  1.穀物などを臼に入れて杵でつく。  2.太陽が山の端などにかかる。多く、太陽が没することをいう。〈日本国語大辞典〉",うすづ,関連熟語：--  ★舂く／臼搗く（うすづ-く）  1.穀物などを臼に入れて杵でつく。  2.太陽が山の端などにかかる。多く、太陽が没することをいう。〈日本国語大辞典〉,読み方をご入力ください,Text
"社寺建立の縁起絵巻を__繙__く
関連熟語：繙閲（ハンエツ）  ★繙く／紐解く（ひもと-く） 書物をめくり返して読む。〈漢字ペディア〉  ●H09-2㈠／ ●H29-2㈠",ひもと,関連熟語：繙閲（ハンエツ）  ★繙く／紐解く（ひもと-く） 書物をめくり返して読む。〈漢字ペディア〉  ●H09-2㈠／ ●H29-2㈠,読み方をご入力ください,Text
"車を__篷__で蔽ってあった
関連熟語：篷窓（ホウソウ）  ★篷（とま） 竹や茅(ｶﾔ)などで編み、舟や小屋などをおおって風雨を防ぐもの。〈漢字ペディア〉  ●H26-3㈠",とま,関連熟語：篷窓（ホウソウ）  ★篷（とま） 竹や茅(ｶﾔ)などで編み、舟や小屋などをおおって風雨を防ぐもの。〈漢字ペディア〉  ●H26-3㈠,読み方をご入力ください,Text
"車甚だ沢あれば、人必ず__瘁__る
関連熟語：尽瘁（ジンスイ）  ★瘁れる（つか-れる） やつれる。特に、体力が尽きて弱る。  ●H14-2㈠","つか,やつ",関連熟語：尽瘁（ジンスイ）  ★瘁れる（つか-れる） やつれる。特に、体力が尽きて弱る。  ●H14-2㈠,読み方をご入力ください,Text
"若くして極官に__陞__った
関連熟語：陞叙（ショウジョ）  ★陞る（のぼ-る）  1.高いところへのぼる。  2.官位がのぼる。また、昇格する。〈漢字ペディア〉  ●H18-3㈠／ ●H23-1㈠",のぼ,関連熟語：陞叙（ショウジョ）  ★陞る（のぼ-る）  1.高いところへのぼる。  2.官位がのぼる。また、昇格する。〈漢字ペディア〉  ●H18-3㈠／ ●H23-1㈠,読み方をご入力ください,Text
"若手研究者の独創的な学説を__詆__る
関連熟語：詆毀（テイキ）  ★詆る（そし-る） 人を悪く言う。けなしてはずかしめる。非難する。〈漢字ペディア〉  ●H26-2㈠",そし,関連熟語：詆毀（テイキ）  ★詆る（そし-る） 人を悪く言う。けなしてはずかしめる。非難する。〈漢字ペディア〉  ●H26-2㈠,読み方をご入力ください,Text
"需は__孚__あり、おおい亨る
関連熟語：感孚（カンプ）  ★孚（まこと） 誠意。〈漢辞海〉  ●H14-2㈠／ ●H27-2㈠",まこと,関連熟語：感孚（カンプ）  ★孚（まこと） 誠意。〈漢辞海〉  ●H14-2㈠／ ●H27-2㈠,読み方をご入力ください,Text
"周に大いなる__賚__あり、善人是れ富めり
関連熟語：恩賚（オンライ）  ●H11-3㈠",たまもの,関連熟語：恩賚（オンライ）  ●H11-3㈠,読み方をご入力ください,Text
"秋風が吹き__簟__を巻いて片付ける
関連熟語：枕簟（チンテン）  ★簟／竹席／竹莚（たかむしろ） 細く割った竹や籐(ﾄｳ)を編んだ敷物の総称。夏に寝るときなどに敷く竹のむしろ。竹のすのこ。〈漢字ペディア〉  ●H22-2㈠",たかむしろ,関連熟語：枕簟（チンテン）  ★簟／竹席／竹莚（たかむしろ） 細く割った竹や籐(ﾄｳ)を編んだ敷物の総称。夏に寝るときなどに敷く竹のむしろ。竹のすのこ。〈漢字ペディア〉  ●H22-2㈠,読み方をご入力ください,Text
"衆を率いて行在に__扈__う
関連熟語：扈従（コショウ／コジュウ）  ★扈う（したが-う） つき従う。護衛して従う。〈漢辞海〉","したが,つきそ",関連熟語：扈従（コショウ／コジュウ）  ★扈う（したが-う） つき従う。護衛して従う。〈漢辞海〉,読み方をご入力ください,Text
"衆口は金を__鑠__かす
関連熟語：銷鑠（ショウシャク）  ★鑠かす／爍かす（と-かす） 金属を熱して液体とする。〈漢字ペディア〉  ●H22-1㈠",と,関連熟語：銷鑠（ショウシャク）  ★鑠かす／爍かす（と-かす） 金属を熱して液体とする。〈漢字ペディア〉  ●H22-1㈠,読み方をご入力ください,Text
"住み倦めば山に__遯__るる心安さもあるべし
関連熟語：遯世（トンセイ）  ★遯れる（のが-れる） 避け逃げる。逃げ隠れる。〈漢字ペディア〉","のが,かく",関連熟語：遯世（トンセイ）  ★遯れる（のが-れる） 避け逃げる。逃げ隠れる。〈漢字ペディア〉,読み方をご入力ください,Text
"春__徂__くやまごつく旅の五六日
関連熟語：徂歳（ソサイ）  ★徂く（ゆ-く）  1.一歩ずつ進んでいく。おもむく。  2.去る。また、死ぬ。〈漢字ペディア〉",ゆ,関連熟語：徂歳（ソサイ）  ★徂く（ゆ-く）  1.一歩ずつ進んでいく。おもむく。  2.去る。また、死ぬ。〈漢字ペディア〉,読み方をご入力ください,Text
"準優勝に__慊__らず再び挑んだ
関連熟語：慊焉（ケンエン）  ★慊りる（あきた-りる） 満足する。十分であると思う。また、こころよく思う。〈漢字ペディア〉  ●H15-3㈠／ ●H17-3㈠",あきた,関連熟語：慊焉（ケンエン）  ★慊りる（あきた-りる） 満足する。十分であると思う。また、こころよく思う。〈漢字ペディア〉  ●H15-3㈠／ ●H17-3㈠,読み方をご入力ください,Text
"書を学ぶは急流に__泝__るが如し
関連熟語：泝沿（ソエン）  ★泝る／遡る（さかのぼ-る）  1.水流の方向に逆らって進む。  2.さかのぼって考える。遡及する。〈漢辞海〉",さかのぼ,関連熟語：泝沿（ソエン）  ★泝る／遡る（さかのぼ-る）  1.水流の方向に逆らって進む。  2.さかのぼって考える。遡及する。〈漢辞海〉,読み方をご入力ください,Text
"書を著し十年を__逾__ゆる
関連熟語：逾邁（ユマイ）  ★  1.通り過ぎて進む。間にある物などをまたいで、のりこえる。  2.期限や限度を過ぎる。まさる。〈漢字ペディア〉",こ,関連熟語：逾邁（ユマイ）  ★  1.通り過ぎて進む。間にある物などをまたいで、のりこえる。  2.期限や限度を過ぎる。まさる。〈漢字ペディア〉,読み方をご入力ください,Text
"諸兇すでに去るに__曁__ぶ
関連熟語：--  ★曁ぶ（およ-ぶ） ある場所や時点まで至る。また、達する。〈漢字ペディア〉  ●H18-2㈠／ ●H20-1㈠／ ●H23-3㈠／ ●H25-3㈠",およ,関連熟語：--  ★曁ぶ（およ-ぶ） ある場所や時点まで至る。また、達する。〈漢字ペディア〉  ●H18-2㈠／ ●H20-1㈠／ ●H23-3㈠／ ●H25-3㈠,読み方をご入力ください,Text
"諸人を__屛__けて偶語する
関連熟語：屛居（ヘイキョ）  ★屛ける（しりぞ-ける）  1.排除する。除く。  2.隠退する。  3.遠慮して席をはずす。  4.席をはずさせる。〈漢辞海〉  ●H29-1㈠",しりぞ,関連熟語：屛居（ヘイキョ）  ★屛ける（しりぞ-ける）  1.排除する。除く。  2.隠退する。  3.遠慮して席をはずす。  4.席をはずさせる。〈漢辞海〉  ●H29-1㈠,読み方をご入力ください,Text
"将を斬り旗を__搴__る功有り
関連熟語：搴旗（ケンキ）  ★搴る（と-る） 抜きとる。持ち上げて抜く。〈漢字ペディア〉  ●H27-2㈠",と,関連熟語：搴旗（ケンキ）  ★搴る（と-る） 抜きとる。持ち上げて抜く。〈漢字ペディア〉  ●H27-2㈠,読み方をご入力ください,Text
"将軍と力を__勠__せて秦を攻めた
関連熟語：勠力（リクリョク）  ★勠せる（あわ-せる） 力を集合させる。〈漢字ペディア〉  ●H09-2㈠",あわ,関連熟語：勠力（リクリョク）  ★勠せる（あわ-せる） 力を集合させる。〈漢字ペディア〉  ●H09-2㈠,読み方をご入力ください,Text
"将軍の__麾__く所に一糸乱れず従う
関連熟語：指麾（シキ）  ★麾く（さしまね-く） 手で指示をする。手で合図して指揮をとる。〈漢字ペディア〉  ●H07-2㈠／ ●H20-2㈠",さしまね,関連熟語：指麾（シキ）  ★麾く（さしまね-く） 手で指示をする。手で合図して指揮をとる。〈漢字ペディア〉  ●H07-2㈠／ ●H20-2㈠,読み方をご入力ください,Text
"将軍の偉略により渠帥は__殪__れた
関連熟語：殪仆（エイフ）  ★殪れる（たお-れる） 息がつまって死ぬ。たおれ死ぬ。〈漢字ペディア〉  ●H17-2㈠",たお,関連熟語：殪仆（エイフ）  ★殪れる（たお-れる） 息がつまって死ぬ。たおれ死ぬ。〈漢字ペディア〉  ●H17-2㈠,読み方をご入力ください,Text
"将軍は__絳__の衣に身を裹んだ
関連熟語：絳帳（コウチョウ）  ★絳（あか） 深いあか。濃いあか。深紅。もと、絹の染色で黒みを帯びたあか色。〈漢字ペディア〉  ●H26-3㈠",あか,関連熟語：絳帳（コウチョウ）  ★絳（あか） 深いあか。濃いあか。深紅。もと、絹の染色で黒みを帯びたあか色。〈漢字ペディア〉  ●H26-3㈠,読み方をご入力ください,Text
"小人の過ちは必ず__文__る
関連熟語：文身（ブンシン）  ★文る（かざ-る）  1.模様をつけて、美しくりっぱにする。  2.うわべをとりつくろう。見かけをりっぱに見せる。〈漢字ペディア〉  ●H15-3㈠／ ●H19-3㈠",かざ,関連熟語：文身（ブンシン）  ★文る（かざ-る）  1.模様をつけて、美しくりっぱにする。  2.うわべをとりつくろう。見かけをりっぱに見せる。〈漢字ペディア〉  ●H15-3㈠／ ●H19-3㈠,読み方をご入力ください,Text
"尚武の風が__頽__れ廃れた
関連熟語：頽唐（タイトウ）  ★頽れる（くず-れる）  1.形がくずれる。  2.おとろえる。勢いがなくなる。〈漢字ペディア〉  ●H18-1㈠／ ●H24-3㈠",くず,関連熟語：頽唐（タイトウ）  ★頽れる（くず-れる）  1.形がくずれる。  2.おとろえる。勢いがなくなる。〈漢字ペディア〉  ●H18-1㈠／ ●H24-3㈠,読み方をご入力ください,Text
"沼の上を__田鳧__が鳴きながら飛んでいる
関連熟語：--  ★田鳧／田計里（タゲリ） チドリ科の鳥。ユーラシア大陸の北部に分布。日本へは冬に渡来し、水田や湿地にすむ。頭の後ろに黒くて長い冠羽をもつ。〈漢字ペディア〉",たげり,関連熟語：--  ★田鳧／田計里（タゲリ） チドリ科の鳥。ユーラシア大陸の北部に分布。日本へは冬に渡来し、水田や湿地にすむ。頭の後ろに黒くて長い冠羽をもつ。〈漢字ペディア〉,読み方をご入力ください,Text
"笑えども__諠__しからず
関連熟語：諠譁（ケンカ）  ★喧しい／諠しい（かまびす-しい） 言葉や会話がやかましい。がやがやとうるさい。〈漢字ペディア〉","かまびす,やかま",関連熟語：諠譁（ケンカ）  ★喧しい／諠しい（かまびす-しい） 言葉や会話がやかましい。がやがやとうるさい。〈漢字ペディア〉,読み方をご入力ください,Text
"上官への__諂__りや依怙贔屭に依って保っている
関連熟語：諂諛（テンユ）",おもね,関連熟語：諂諛（テンユ）,読み方をご入力ください,Text
"上流婦人も__跣__の装いで参会する
関連熟語：跣足（センソク）  ★裸足／跣足／跣（はだし）  1.足に何もはいていないこと。また、その足。素足。  2.はだしで逃げる意から、かなわないこと。〈漢字ペディア〉  ●H29-3㈠",はだし,関連熟語：跣足（センソク）  ★裸足／跣足／跣（はだし）  1.足に何もはいていないこと。また、その足。素足。  2.はだしで逃げる意から、かなわないこと。〈漢字ペディア〉  ●H29-3㈠,読み方をご入力ください,Text
"城上、行くこと__慵__し
関連熟語：慵懶（ヨウラン）  ★慵い／物憂い（ものう-い） なんとなくけだるい。だらけてはりがない。〈漢字ペディア〉  ●H11-1㈠／ ●H28-2㈠",ものう,関連熟語：慵懶（ヨウラン）  ★慵い／物憂い（ものう-い） なんとなくけだるい。だらけてはりがない。〈漢字ペディア〉  ●H11-1㈠／ ●H28-2㈠,読み方をご入力ください,Text
"場内は興奮の__堝__と化した
関連熟語：坩堝（カンカ）  ★坩堝／堝（るつぼ）  1.金属を溶かすのに用いる耐火性の土製容器。  2.いろいろな人やものが入りまじる状態のたとえ。特に、人々が興奮し熱狂する状態のたとえ。〈漢字ペディア〉  ●H05-2㈠",るつぼ,関連熟語：坩堝（カンカ）  ★坩堝／堝（るつぼ）  1.金属を溶かすのに用いる耐火性の土製容器。  2.いろいろな人やものが入りまじる状態のたとえ。特に、人々が興奮し熱狂する状態のたとえ。〈漢字ペディア〉  ●H05-2㈠,読み方をご入力ください,Text
"燭を__剪__り机上を明るくした
関連熟語：剪定（センテイ）  ★翦る／剪る（き-る） はさみやかまできりそろえる。〈漢字ペディア〉  ●H17-3㈠",き,関連熟語：剪定（センテイ）  ★翦る／剪る（き-る） はさみやかまできりそろえる。〈漢字ペディア〉  ●H17-3㈠,読み方をご入力ください,Text
"信を講じて睦を__脩__む
関連熟語：脩文（シュウブン）  ★脩める／修める（おさ-める） すらりとした姿に整える。正しく整えてりっぱにする。〈漢字ペディア〉",おさ,関連熟語：脩文（シュウブン）  ★脩める／修める（おさ-める） すらりとした姿に整える。正しく整えてりっぱにする。〈漢字ペディア〉,読み方をご入力ください,Text
"唇を__啖__い裂くほどに咬む
関連熟語：健啖（ケンタン）  ★啖う（く-う） むさぼるように食べる。大きく口をあけてくらう。〈漢字ペディア〉  ●H08-1㈠",く,関連熟語：健啖（ケンタン）  ★啖う（く-う） むさぼるように食べる。大きく口をあけてくらう。〈漢字ペディア〉  ●H08-1㈠,読み方をご入力ください,Text
"心を繫ぐ__轄__となる
関連熟語：管轄（カンカツ）  ★轄（くさび） 車軸の先端に差しこみ、車輪がはずれないようにしたもの。〈漢字ペディア〉  ●H19-1㈠",くさび,関連熟語：管轄（カンカツ）  ★轄（くさび） 車軸の先端に差しこみ、車輪がはずれないようにしたもの。〈漢字ペディア〉  ●H19-1㈠,読み方をご入力ください,Text
"心を__原__ねて罪を定む
関連熟語：原心定罪（ゲンシンテイザイ）  ★原ねる（たず-ねる） 物事の根本を探求する。根本にさかのぼって考える。〈漢字ペディア〉  ●H15-1㈠／ ●H18-1㈠",たず,関連熟語：原心定罪（ゲンシンテイザイ）  ★原ねる（たず-ねる） 物事の根本を探求する。根本にさかのぼって考える。〈漢字ペディア〉  ●H15-1㈠／ ●H18-1㈠,読み方をご入力ください,Text
"心を__悛__めて人の道を求める
関連熟語：悔悛（カイシュン）  ★悛める（あらた-める） 過ちをやめて心を正す。〈漢字ペディア〉  ●H08-2㈠／ ●H25-3㈠",あらた,関連熟語：悔悛（カイシュン）  ★悛める（あらた-める） 過ちをやめて心を正す。〈漢字ペディア〉  ●H08-2㈠／ ●H25-3㈠,読み方をご入力ください,Text
"心広く体__胖__かなり
関連熟語：肥胖（ヒハン）  ★胖か（ゆた-か） 安らかで。のびやかなさま。大きくゆったりしたさま。〈漢辞海〉  ●H09-2㈠",ゆた,関連熟語：肥胖（ヒハン）  ★胖か（ゆた-か） 安らかで。のびやかなさま。大きくゆったりしたさま。〈漢辞海〉  ●H09-2㈠,読み方をご入力ください,Text
"心中を目顔で__愬__えている
関連熟語：讒愬（ザンソ）  ★愬える／訴える（うった-える）  1.もめごとや恨みごとを人に告げる。  2.告げ口をする。他を悪く言う。  3.思いや気持ちを告げる。〈漢字ペディア〉  ●H09-3㈠／ ●H21-3㈠",うった,関連熟語：讒愬（ザンソ）  ★愬える／訴える（うった-える）  1.もめごとや恨みごとを人に告げる。  2.告げ口をする。他を悪く言う。  3.思いや気持ちを告げる。〈漢字ペディア〉  ●H09-3㈠／ ●H21-3㈠,読み方をご入力ください,Text
"深く__罩__める雨の奥に松が見える
関連熟語：籠罩（ロウトウ）  ★罩める（こ-める） 外から包むようにおおう。〈漢辞海〉  ●H14-1㈠／ ●H29-3㈠",こ,関連熟語：籠罩（ロウトウ）  ★罩める（こ-める） 外から包むようにおおう。〈漢辞海〉  ●H14-1㈠／ ●H29-3㈠,読み方をご入力ください,Text
"真っ赤になるくらいの__猥__ら話
関連熟語：猥談（ワイダン）  ★猥ら／淫ら（みだ-ら） 男女関係がだらしないさま。性について品行が悪いさま。〈漢字ペディア〉",みだ,関連熟語：猥談（ワイダン）  ★猥ら／淫ら（みだ-ら） 男女関係がだらしないさま。性について品行が悪いさま。〈漢字ペディア〉,読み方をご入力ください,Text
"神、人に__憑__って自身の来歴を述べる
関連熟語：憑肩（ヒョウケン）  ★憑る／馮る（よ-る） たよりとする。よりかかる。たのむ。〈漢字ペディア〉","よ,かか",関連熟語：憑肩（ヒョウケン）  ★憑る／馮る（よ-る） たよりとする。よりかかる。たのむ。〈漢字ペディア〉,読み方をご入力ください,Text
"身を卑くして伏し、以て__敖__ぶ者を候う
関連熟語：敖民（ゴウミン）  ★敖ぶ／遨ぶ（あそ-ぶ） 気ままに好きなことをして楽しむ。気の向くまま自由に出歩く。〈漢字ペディア〉  ●R02-3㈠",あそ,関連熟語：敖民（ゴウミン）  ★敖ぶ／遨ぶ（あそ-ぶ） 気ままに好きなことをして楽しむ。気の向くまま自由に出歩く。〈漢字ペディア〉  ●R02-3㈠,読み方をご入力ください,Text
"人__咸__垤に躓けども、山に躓くこと莫し
関連熟語：咸寧（カンネイ）  ★咸（みな） ことごとく。おしなべて。すべて。〈漢字ペディア〉  ●H13-1㈠／ ●H22-3㈠",みな,関連熟語：咸寧（カンネイ）  ★咸（みな） ことごとく。おしなべて。すべて。〈漢字ペディア〉  ●H13-1㈠／ ●H22-3㈠,読み方をご入力ください,Text
"人に__誨__えて倦まず
関連熟語：誨淫（カイイン）  ★誨える（おし-える） 言葉でていねいにおしえさとす。わからない人にわからせる。  ●H11-2㈠／ ●H21-1㈠／ ●H28-2㈠",おし,関連熟語：誨淫（カイイン）  ★誨える（おし-える） 言葉でていねいにおしえさとす。わからない人にわからせる。  ●H11-2㈠／ ●H21-1㈠／ ●H28-2㈠,読み方をご入力ください,Text
"人の__誚__りを顧みない
関連熟語：譏誚（キショウ）  ★誚る（そし-る） 悪口を言う。〈漢辞海〉  ●H07-1㈠",そし,関連熟語：譏誚（キショウ）  ★誚る（そし-る） 悪口を言う。〈漢辞海〉  ●H07-1㈠,読み方をご入力ください,Text
"人の性は善悪__渾__じる
関連熟語：渾淆（コンコウ）  ★渾じる（ま-じる） 入りまじる。〈漢辞海〉",ま,関連熟語：渾淆（コンコウ）  ★渾じる（ま-じる） 入りまじる。〈漢辞海〉,読み方をご入力ください,Text
"人を__貶__んだような態度をとる
関連熟語：過貶（カヘン）  ★貶む（さげす-む） 能力や人格などが、劣っているとして見下す。軽蔑する。〈漢字ペディア〉  ●H20-2㈠",さげす,関連熟語：過貶（カヘン）  ★貶む（さげす-む） 能力や人格などが、劣っているとして見下す。軽蔑する。〈漢字ペディア〉  ●H20-2㈠,読み方をご入力ください,Text
"人を事うるに道を__枉__ぐ
関連熟語：枉駕（オウガ）  ★枉げる（ま-げる）  1.ゆがめる。無理に変える。  2.無理におさえる。〈漢字ペディア〉  ●H30-3㈠",ま,関連熟語：枉駕（オウガ）  ★枉げる（ま-げる）  1.ゆがめる。無理に変える。  2.無理におさえる。〈漢字ペディア〉  ●H30-3㈠,読み方をご入力ください,Text
"人格任有り、__掌__ることみだれざるべし
関連熟語：車掌（シャショウ）  ★掌る（つかさど-る）  1.職務として行う。担当する。  2.支配する。管理する。〈漢字ペディア〉  ●H12-1㈠",つかさど,関連熟語：車掌（シャショウ）  ★掌る（つかさど-る）  1.職務として行う。担当する。  2.支配する。管理する。〈漢字ペディア〉  ●H12-1㈠,読み方をご入力ください,Text
"人神の和まことに__洽__し
関連熟語：洽博（コウハク）  ★洽し（あまね-し） 全体に広々と行き渡っているようす。すみずみまで行き届くようす。〈漢字ペディア〉  ●H15-3㈠／ ●H18-1㈠",あまね,関連熟語：洽博（コウハク）  ★洽し（あまね-し） 全体に広々と行き渡っているようす。すみずみまで行き届くようす。〈漢字ペディア〉  ●H15-3㈠／ ●H18-1㈠,読み方をご入力ください,Text
"人生は行楽のみ、富貴を__須__つもいずれの時ぞ
関連熟語：須待（シュタイ）  ★須つ（ま-つ）  1.条件を満たすものを待ちのぞむ。  2.相手の動きを待ちうける。〈漢字ペディア〉  ●H07-2㈠",ま,関連熟語：須待（シュタイ）  ★須つ（ま-つ）  1.条件を満たすものを待ちのぞむ。  2.相手の動きを待ちうける。〈漢字ペディア〉  ●H07-2㈠,読み方をご入力ください,Text
"人知らずして__慍__らず
関連熟語：慍色（ウンショク／オンショク）  ★慍る（いか-る） 心中に不満がつもりつもって、むっとする。〈漢字ペディア〉  ●H21-2㈠／ ●H26-2㈠",いか,関連熟語：慍色（ウンショク／オンショク）  ★慍る（いか-る） 心中に不満がつもりつもって、むっとする。〈漢字ペディア〉  ●H21-2㈠／ ●H26-2㈠,読み方をご入力ください,Text
"数騎__銜__を駢べ鞍上に相話す
関連熟語：轡銜（ヒカン）  ★銜（くつわ） 馬の口にくわえさせて、手綱をつける金具。〈漢字ペディア〉",くつわ,関連熟語：轡銜（ヒカン）  ★銜（くつわ） 馬の口にくわえさせて、手綱をつける金具。〈漢字ペディア〉,読み方をご入力ください,Text
"澄江静かなること__練__のごとし
関連熟語：素練（ソレン）  ★練（ねりぎぬ） 灰汁で煮てから水でさらし、柔らかくした織物。〈漢辞海〉  ●H12-2㈠",ねりぎぬ,関連熟語：素練（ソレン）  ★練（ねりぎぬ） 灰汁で煮てから水でさらし、柔らかくした織物。〈漢辞海〉  ●H12-2㈠,読み方をご入力ください,Text
"世を憂しと殆厭うて__緇門__に入る
関連熟語：緇門（シモン）  ★緇門（くろかど） 仏門。黒衣を着る家の意から。〈漢字ペディア〉  ●H29-3㈠",くろかど,関連熟語：緇門（シモン）  ★緇門（くろかど） 仏門。黒衣を着る家の意から。〈漢字ペディア〉  ●H29-3㈠,読み方をご入力ください,Text
"世人交わりを結ぶに黄金を__須__う
関連熟語：必須（ヒッス／ヒッシュ）  ★須いる（もち-いる）  1.必要とする。  2.要求する。  3.採用する。〈漢辞海〉",もち,関連熟語：必須（ヒッス／ヒッシュ）  ★須いる（もち-いる）  1.必要とする。  2.要求する。  3.採用する。〈漢辞海〉,読み方をご入力ください,Text
"政局に__艱__み酒色を縦にする
関連熟語：艱苦（カンク）  ★艱む（なや-む） 困難にぶつかり、苦しむ。〈漢字ペディア〉",なや,関連熟語：艱苦（カンク）  ★艱む（なや-む） 困難にぶつかり、苦しむ。〈漢字ペディア〉,読み方をご入力ください,Text
"政敵が__遽__しい動きを見せる
関連熟語：怱遽（ソウキョ）  ★遽しい（あわただ-しい）  1.驚いてあわてるようにばたばたして落ち着かない。せき立てられるようで、せわしないさま。  2.物事や周囲の動きが激しく変化するさま。〈漢字ペディア〉  ●H12-1㈠／ ●H15-1㈠／ ●H18-2㈠／ ●H29-2㈠",あわただ,関連熟語：怱遽（ソウキョ）  ★遽しい（あわただ-しい）  1.驚いてあわてるようにばたばたして落ち着かない。せき立てられるようで、せわしないさま。  2.物事や周囲の動きが激しく変化するさま。〈漢字ペディア〉  ●H12-1㈠／ ●H15-1㈠／ ●H18-2㈠／ ●H29-2㈠,読み方をご入力ください,Text
"星を__覘__って農時を知る
関連熟語：覘候（テンコウ）  ★覘う（うかが-う） そっと様子をのぞく。狭いすきまなどから、ぬすみ見る。〈漢字ペディア〉  ●H04-1㈠／ ●H21-2㈠",うかが,関連熟語：覘候（テンコウ）  ★覘う（うかが-う） そっと様子をのぞく。狭いすきまなどから、ぬすみ見る。〈漢字ペディア〉  ●H04-1㈠／ ●H21-2㈠,読み方をご入力ください,Text
"聖人は誉れを求めず誹りを__辟__けず
関連熟語：辟易（ヘキエキ）  ★辟ける／避ける  1.かわす。のがれる。  2.はばかる。忌み避ける。〈漢辞海〉",さ,関連熟語：辟易（ヘキエキ）  ★辟ける／避ける  1.かわす。のがれる。  2.はばかる。忌み避ける。〈漢辞海〉,読み方をご入力ください,Text
"聖人は芻蕘に__詢__る
関連熟語：諮詢（シジュン）  ▼聖人(ｾｲｼﾞﾝ)は芻蕘(ｽｳｼﾞｮｳ)に詢る…聖人は身分差にこだわらず、自分の知恵に誇らず、知らないことはどんな身分の者にでもたずねる。〈故事俗信ことわざ大辞典〉 ●H29-3㈠",はか,関連熟語：諮詢（シジュン）  ▼聖人(ｾｲｼﾞﾝ)は芻蕘(ｽｳｼﾞｮｳ)に詢る…聖人は身分差にこだわらず、自分の知恵に誇らず、知らないことはどんな身分の者にでもたずねる。〈故事俗信ことわざ大辞典〉 ●H29-3㈠,読み方をご入力ください,Text
"声音吁として__怕__る可し
関連熟語：怕怯（ハキョウ）  ★怕れる（おそ-れる） 気づかい、不安がる。あやぶみ心配する。また、いやがる。〈漢字ペディア〉  ●H21-3㈠／ ●H30-1㈠",おそ,関連熟語：怕怯（ハキョウ）  ★怕れる（おそ-れる） 気づかい、不安がる。あやぶみ心配する。また、いやがる。〈漢字ペディア〉  ●H21-3㈠／ ●H30-1㈠,読み方をご入力ください,Text
"西坂より山へ登る時は身を__欹__てて歩む
関連熟語：欹危（キキ）  ●R02-2㈠",そばだ,関連熟語：欹危（キキ）  ●R02-2㈠,読み方をご入力ください,Text
"逝く者は斯くの如きか、昼夜を__舎__かず
関連熟語：--  ★舎く（お-く） 手を緩めてはなしておく。そのままにしておく。捨ておく。〈漢字ペディア〉  ▼昼夜(ﾁｭｳﾔ)を舎かず…昼夜の区別をしない。絶えず行う。昼夜を捨てず。〈日本国語大辞典〉",お,関連熟語：--  ★舎く（お-く） 手を緩めてはなしておく。そのままにしておく。捨ておく。〈漢字ペディア〉  ▼昼夜(ﾁｭｳﾔ)を舎かず…昼夜の区別をしない。絶えず行う。昼夜を捨てず。〈日本国語大辞典〉,読み方をご入力ください,Text
"石の__鏃__が大量に出土した
関連熟語：鉄鏃（テツゾク）  ★鏃／矢尻（やじり） 矢の先端につけたとがったもの。矢の根。〈漢字ペディア〉  ●H18-3㈠",やじり,関連熟語：鉄鏃（テツゾク）  ★鏃／矢尻（やじり） 矢の先端につけたとがったもの。矢の根。〈漢字ペディア〉  ●H18-3㈠,読み方をご入力ください,Text
"石は玉を__韞__みて山輝く
関連熟語：韞玉（ウンギョク）  ★韞む（つつ-む） 包含する。〈漢辞海〉  ●H08-3㈠",つつ,関連熟語：韞玉（ウンギョク）  ★韞む（つつ-む） 包含する。〈漢辞海〉  ●H08-3㈠,読み方をご入力ください,Text
"石塔の前に__俯__しになって地面に横たわる
関連熟語：俯聆（フレイ）  ★俯す（うつぶ-す） 顔や腹を地面につけて伏せる。〈漢字ペディア〉",うつぶ,関連熟語：俯聆（フレイ）  ★俯す（うつぶ-す） 顔や腹を地面につけて伏せる。〈漢字ペディア〉,読み方をご入力ください,Text
"雪花、零落すること__絮__の如し
関連熟語：柳絮（リュウジョ）  ★絮（わた）  1.まわた。繭を水にひたして作った柔らかいわた。  2.古いわた。古いまわた。「綿」と書くと新しい「わた」の意になる。〈漢字ペディア〉  ●H12-1㈠",わた,関連熟語：柳絮（リュウジョ）  ★絮（わた）  1.まわた。繭を水にひたして作った柔らかいわた。  2.古いわた。古いまわた。「綿」と書くと新しい「わた」の意になる。〈漢字ペディア〉  ●H12-1㈠,読み方をご入力ください,Text
"舌端の__孼__い楚鉄より惨し
関連熟語：妖孼（ヨウゲツ）  ★孼い（わざわ-い）天（自然）が下すわざわい。不吉な事柄。また、害悪。〈漢字ペディア〉  ●H12-1㈠／ ●H20-2㈠",わざわ,関連熟語：妖孼（ヨウゲツ）  ★孼い（わざわ-い）天（自然）が下すわざわい。不吉な事柄。また、害悪。〈漢字ペディア〉  ●H12-1㈠／ ●H20-2㈠,読み方をご入力ください,Text
"川__壅__がりて潰えれば、人を傷つくること必ず多し
関連熟語：壅塞（ヨウソク）  ★壅ぐ（ふさ-ぐ） 外からの侵入をさえぎって通じなくする。〈漢字ペディア〉",ふさ,関連熟語：壅塞（ヨウソク）  ★壅ぐ（ふさ-ぐ） 外からの侵入をさえぎって通じなくする。〈漢字ペディア〉,読み方をご入力ください,Text
"川に沿って広い__磧__が続く
関連熟語：磧礫（セキレキ）  ★磧（かわら） 川沿いの砂利の多い土地。〈漢辞海〉  ●H15-3㈠",かわら,関連熟語：磧礫（セキレキ）  ★磧（かわら） 川沿いの砂利の多い土地。〈漢辞海〉  ●H15-3㈠,読み方をご入力ください,Text
"戦血地を染め、腥風草樹を__槁__らす
関連熟語：槁木（コウボク）  ★槁れる（か-れる） 木の水分がなくなり、ひからびる。〈漢字ペディア〉",か,関連熟語：槁木（コウボク）  ★槁れる（か-れる） 木の水分がなくなり、ひからびる。〈漢字ペディア〉,読み方をご入力ください,Text
"浅ましく老いさらばえた__尨__が現れた
関連熟語：尨犬（ボウケン）  ★尨（むくいぬ） 毛深い犬。〈漢辞海〉  ●H24-1㈠",むくいぬ,関連熟語：尨犬（ボウケン）  ★尨（むくいぬ） 毛深い犬。〈漢辞海〉  ●H24-1㈠,読み方をご入力ください,Text
"箭を射掛くるに些かも__踟__わず
関連熟語：踟躊（チチュウ）  ●H30-3㈠",ためら,関連熟語：踟躊（チチュウ）  ●H30-3㈠,読み方をご入力ください,Text
"善を嘉して不能を__矜__れむ
関連熟語：矜恤（キョウジュツ）  ★矜れむ（あわ-れむ） かわいそうに思う。気の毒に思う。〈漢字ペディア〉  ●H11-1㈠",あわ,関連熟語：矜恤（キョウジュツ）  ★矜れむ（あわ-れむ） かわいそうに思う。気の毒に思う。〈漢字ペディア〉  ●H11-1㈠,読み方をご入力ください,Text
"善行蒼穹を__挌__ち天福を以て之に報ゆ
関連熟語：挌闘（カクトウ）  ★挌つ（う-つ） なぐり合う。つかみ合いなぐり合って戦う。〈漢字ペディア〉  ●H20-3㈠／ ●H30-1㈠",う,関連熟語：挌闘（カクトウ）  ★挌つ（う-つ） なぐり合う。つかみ合いなぐり合って戦う。〈漢字ペディア〉  ●H20-3㈠／ ●H30-1㈠,読み方をご入力ください,Text
"善賈を求めて諸を__沽__らんか
関連熟語：沽券（コケン）  ★沽る（う-る）  1.代金をとって売りだす。  2.手に入れるよう、はかる。広める。〈漢辞海〉  ●H22-1㈠／ ●H27-3㈠",う,関連熟語：沽券（コケン）  ★沽る（う-る）  1.代金をとって売りだす。  2.手に入れるよう、はかる。広める。〈漢辞海〉  ●H22-1㈠／ ●H27-3㈠,読み方をご入力ください,Text
"全身を__顫__わして後退りする
関連熟語：顫動（センドウ）  ★顫える（ふる-える） 寒さや恐れによって手足が小刻みに動く。〈漢字ペディア〉",ふる,関連熟語：顫動（センドウ）  ★顫える（ふる-える） 寒さや恐れによって手足が小刻みに動く。〈漢字ペディア〉,読み方をご入力ください,Text
"曽て一度水を__哈__って甘苦を知る
関連熟語：--  ★哈る（すす-る） のむ。〈漢辞海〉  ●R01-3㈠",すす,関連熟語：--  ★哈る（すす-る） のむ。〈漢辞海〉  ●R01-3㈠,読み方をご入力ください,Text
"楚の__羸__きは、それ我を誘うなり
関連熟語：老羸（ロウルイ）  ★羸い（よわ-い） 力のないさま。〈漢辞海〉  ●H14-1㈠",よわ,関連熟語：老羸（ロウルイ）  ★羸い（よわ-い） 力のないさま。〈漢辞海〉  ●H14-1㈠,読み方をご入力ください,Text
"早歳那ぞ知らん世事の__艱__きを
関連熟語：険艱（ケンカン）  ★艱い（かた-い） 困難でつらい。やりにくく、むずかしい。〈漢字ペディア〉",かた,関連熟語：険艱（ケンカン）  ★艱い（かた-い） 困難でつらい。やりにくく、むずかしい。〈漢字ペディア〉,読み方をご入力ください,Text
"相__嚮__かいて哭し、皆声を失う
関連熟語：嚮往（キョウオウ）  ★嚮かう／向かう（む-かう） 目標の方向におもむく。目指す方向にむく。さしむかう。面する。〈漢字ペディア〉",む,関連熟語：嚮往（キョウオウ）  ★嚮かう／向かう（む-かう） 目標の方向におもむく。目指す方向にむく。さしむかう。面する。〈漢字ペディア〉,読み方をご入力ください,Text
"相手を__詈__る
関連熟語：罵詈（バリ）  ★詈る（ののし-る）  1.大声で非難する。声高くしかる。  2.悪口を言い立てる。あてこすりを言う。〈漢字ペディア〉  ●H05-1㈠",ののし,関連熟語：罵詈（バリ）  ★詈る（ののし-る）  1.大声で非難する。声高くしかる。  2.悪口を言い立てる。あてこすりを言う。〈漢字ペディア〉  ●H05-1㈠,読み方をご入力ください,Text
"窓框の木材が露で__涵__う
関連熟語：涵養（カンヨウ）  ★涵す（うるお-す） 水気を含ませる。水にひたして水分をしみこませる。〈漢字ペディア〉",うるお,関連熟語：涵養（カンヨウ）  ★涵す（うるお-す） 水気を含ませる。水にひたして水分をしみこませる。〈漢字ペディア〉,読み方をご入力ください,Text
"草藜__闢__け田疇治まる
関連熟語：闔闢（コウヘキ）  ★闢く（ひら-く） 閉じていたものをあける。押しのけてひろげる。〈漢字ペディア〉  ●H10-2㈠",ひら,関連熟語：闔闢（コウヘキ）  ★闢く（ひら-く） 閉じていたものをあける。押しのけてひろげる。〈漢字ペディア〉  ●H10-2㈠,読み方をご入力ください,Text
"蔵を慢るは盗を__誨__う
関連熟語：誨淫（カイイン）  ★誨える（おし-える） 言葉でていねいにおしえさとす。わからない人にわからせる。",おし,関連熟語：誨淫（カイイン）  ★誨える（おし-える） 言葉でていねいにおしえさとす。わからない人にわからせる。,読み方をご入力ください,Text
"足下のなした赤壁の大功を__顕__す
関連熟語：顕彰（ケンショウ）  ★顕す（あらわ-す） 広く世間に知らせる。〈漢字ペディア〉",あらわ,関連熟語：顕彰（ケンショウ）  ★顕す（あらわ-す） 広く世間に知らせる。〈漢字ペディア〉,読み方をご入力ください,Text
"俗を斉え弊を__拯__い民嘉せざるなし
関連熟語：拯溺（ショウデキ／ジョウデキ）  ★拯う（すく-う） 引き上げてたすける。落ちこんだ所から引き上げてやる。〈漢字ペディア〉  ●H09-3㈠／ ●H14-2㈠／ ●H18-2㈠／ ●H23-1㈠",すく,関連熟語：拯溺（ショウデキ／ジョウデキ）  ★拯う（すく-う） 引き上げてたすける。落ちこんだ所から引き上げてやる。〈漢字ペディア〉  ●H09-3㈠／ ●H14-2㈠／ ●H18-2㈠／ ●H23-1㈠,読み方をご入力ください,Text
"卒に越を赦し、兵を__罷__めて帰る
関連熟語：罷業（ヒギョウ）  ★罷める（や-める）  1.続いていた動作や状態を中止する。  2.地位や職などからしりぞく。〈漢字ペディア〉",や,関連熟語：罷業（ヒギョウ）  ★罷める（や-める）  1.続いていた動作や状態を中止する。  2.地位や職などからしりぞく。〈漢字ペディア〉,読み方をご入力ください,Text
"其の__倨__らんより寧ろ句なれ
関連熟語：倨傲（キョゴウ）  ★倨る（おご-る） えらそうに振る舞い、威張る。横柄な態度をとる。〈漢字ペディア〉",おご,関連熟語：倨傲（キョゴウ）  ★倨る（おご-る） えらそうに振る舞い、威張る。横柄な態度をとる。〈漢字ペディア〉,読み方をご入力ください,Text
"存する者は且く生を__偸__む
関連熟語：偸盗（チュウトウ／トウトウ）  ★偸む（ぬす-む） 人に知られないよう、手に入れる。中の物をこっそり抜き取る。〈漢字ペディア〉",ぬす,関連熟語：偸盗（チュウトウ／トウトウ）  ★偸む（ぬす-む） 人に知られないよう、手に入れる。中の物をこっそり抜き取る。〈漢字ペディア〉,読み方をご入力ください,Text
"他人の助を藉ることを__允__さず
関連熟語：允可（インカ）  ★允す（ゆる-す） 相手の意見を聞き入れて認める。許可する。〈漢字ペディア〉",ゆる,関連熟語：允可（インカ）  ★允す（ゆる-す） 相手の意見を聞き入れて認める。許可する。〈漢字ペディア〉,読み方をご入力ください,Text
"怠ることなく、__懋__めて大命を建てよ
関連熟語：懋遷（ボウセン）  ★懋める（つと-める） 目標に向かって励む。困難なことにあえて挑戦する。〈漢字ペディア〉",つと,関連熟語：懋遷（ボウセン）  ★懋める（つと-める） 目標に向かって励む。困難なことにあえて挑戦する。〈漢字ペディア〉,読み方をご入力ください,Text
"大きな人声、足音__抔__が聞こえた
関連熟語：--  ★抔（など） 例を示す語。同じ種類の物があること。それに限らない気持ちを言外にこめる。〈漢字ペディア〉  ●H14-2㈠",など,関連熟語：--  ★抔（など） 例を示す語。同じ種類の物があること。それに限らない気持ちを言外にこめる。〈漢字ペディア〉  ●H14-2㈠,読み方をご入力ください,Text
"大姦の去ること__距__の斯にぬくるがごとし
関連熟語：距爪（キョソウ）  ★蹴爪／距（けづめ）  1.ニワトリなどキジ科の鳥の雄のあしの後方にある突起。攻撃に使われる。  2.ウシやウマなどのあしの後方にある突起物。〈漢辞海〉  ●H12-3㈠",けづめ,関連熟語：距爪（キョソウ）  ★蹴爪／距（けづめ）  1.ニワトリなどキジ科の鳥の雄のあしの後方にある突起。攻撃に使われる。  2.ウシやウマなどのあしの後方にある突起物。〈漢辞海〉  ●H12-3㈠,読み方をご入力ください,Text
"大車も__軛__無ければ進まず
関連熟語：羈軛（キヤク）  ★軛／頸木（くびき）  1.車の轅(ながえ)の先につけ、牛馬のくびにあてて車をひかせる横木。  2.自由を束縛するもののたとえ。〈漢字ペディア〉  ●H13-2㈠／ ●H18-3㈠",くびき,関連熟語：羈軛（キヤク）  ★軛／頸木（くびき）  1.車の轅(ながえ)の先につけ、牛馬のくびにあてて車をひかせる横木。  2.自由を束縛するもののたとえ。〈漢字ペディア〉  ●H13-2㈠／ ●H18-3㈠,読み方をご入力ください,Text
"大道は甚だ__夷__らかなり
関連熟語：坦夷（タンイ）  ●H11-1㈠",たい,関連熟語：坦夷（タンイ）  ●H11-1㈠,読み方をご入力ください,Text
"沢を__竭__くし藪を焚く
関連熟語：竭尽（ケツジン）  ★竭くす（つ-くす） ある限りを出す。出しつくす。〈漢字ペディア〉  ●H08-1㈠",つ,関連熟語：竭尽（ケツジン）  ★竭くす（つ-くす） ある限りを出す。出しつくす。〈漢字ペディア〉  ●H08-1㈠,読み方をご入力ください,Text
"只只__惘__れるばかりである
関連熟語：--  ★惘れる（あき-れる） ぼんやりする。あっけにとられる。〈漢字ペディア〉  ●H26-3㈠",あき,関連熟語：--  ★惘れる（あき-れる） ぼんやりする。あっけにとられる。〈漢字ペディア〉  ●H26-3㈠,読み方をご入力ください,Text
"知らないうちに__痂__が落ちた
関連熟語：痂皮（カヒ）  ★痂（かさぶた） 傷,できものなどが治るにつれて、その上にできるかたい皮。〈漢字ペディア〉  ●H27-1㈠",かさぶた,"関連熟語：痂皮（カヒ）  ★痂（かさぶた） 傷,できものなどが治るにつれて、その上にできるかたい皮。〈漢字ペディア〉  ●H27-1㈠",読み方をご入力ください,Text
"地を画して__趨__る
関連熟語：歩趨（ホスウ）  ★趨る（はし-る） 足早に行く。特に、貴人の前などを腰をかがめて小走りに通る。〈漢字ペディア〉  ●H15-1㈠",はし,関連熟語：歩趨（ホスウ）  ★趨る（はし-る） 足早に行く。特に、貴人の前などを腰をかがめて小走りに通る。〈漢字ペディア〉  ●H15-1㈠,読み方をご入力ください,Text
"地を鑿ちて樽とし、手を以て__抔__いて飲む
関連熟語：抔飲（ホウイン）  ★抔う（すく-う） 手のひらでくむ。すくいとる。〈漢字ペディア〉",すく,関連熟語：抔飲（ホウイン）  ★抔う（すく-う） 手のひらでくむ。すくいとる。〈漢字ペディア〉,読み方をご入力ください,Text
"竹の筒を縄で__縢__げる
関連熟語：金縢（キントウ）  ★縢げる（から-げる） 巻きつけて束ねる。〈漢辞海〉  ●H10-3㈠",から,関連熟語：金縢（キントウ）  ★縢げる（から-げる） 巻きつけて束ねる。〈漢辞海〉  ●H10-3㈠,読み方をご入力ください,Text
"着古して衣服の色が__褪__める
関連熟語：--  ★褪める（さ-める） 色が薄れる。あせる。〈漢字ペディア〉",さ,関連熟語：--  ★褪める（さ-める） 色が薄れる。あせる。〈漢字ペディア〉,読み方をご入力ください,Text
"忠臣孝子が一門に__萃__まる
関連熟語：抜萃（バッスイ）  ★萃まる（あつ-まる） 人や物などが一つにまとまる。寄りつどう。〈漢字ペディア〉  ●H19-3㈠",あつ,関連熟語：抜萃（バッスイ）  ★萃まる（あつ-まる） 人や物などが一つにまとまる。寄りつどう。〈漢字ペディア〉  ●H19-3㈠,読み方をご入力ください,Text
"昼は烽を挙げ、夜は燧を__燔__く
関連熟語：燔書（ハンショ）  ★燔く（や-く）  1.火をつけて燃やす。  2.肉を燃える火の上にかざしてやく。〈漢字ペディア〉",や,関連熟語：燔書（ハンショ）  ★燔く（や-く）  1.火をつけて燃やす。  2.肉を燃える火の上にかざしてやく。〈漢字ペディア〉,読み方をご入力ください,Text
"柱に__靠__りかかって立つ
関連熟語：靠天（コウテン）  ★靠る（よ-る） もたれかかる。依存する。頼りにする。〈漢字ペディア〉",よ,関連熟語：靠天（コウテン）  ★靠る（よ-る） もたれかかる。依存する。頼りにする。〈漢字ペディア〉,読み方をご入力ください,Text
"長い月日の病苦に__嘖__まれる
関連熟語：--  ★嘖む（さいな-む） きつくしかったりとがめたりする。他人を責めて大声でしかる。〈漢字ペディア〉",さいな,関連熟語：--  ★嘖む（さいな-む） きつくしかったりとがめたりする。他人を責めて大声でしかる。〈漢字ペディア〉,読み方をご入力ください,Text
"直きを挙げてこれをまがれるに__錯__けば則ち民服せん
関連熟語：錯辞（ソジ）  ★錯く／措く（お-く）  1.物や人の上にすえ置く。  2.施行する。  3.捨てて用いない。廃棄する。〈漢辞海〉  ●H08-2㈠",お,関連熟語：錯辞（ソジ）  ★錯く／措く（お-く）  1.物や人の上にすえ置く。  2.施行する。  3.捨てて用いない。廃棄する。〈漢辞海〉  ●H08-2㈠,読み方をご入力ください,Text
"直言讜議（とうぎ）、__諱__まず憚らず
関連熟語：不諱（フキ）  ★諱む（い-む） 口に出すのをはばかる。口に出すのを嫌って避ける。おそれ避ける。〈漢字ペディア〉",い,関連熟語：不諱（フキ）  ★諱む（い-む） 口に出すのをはばかる。口に出すのを嫌って避ける。おそれ避ける。〈漢字ペディア〉,読み方をご入力ください,Text
"蔦や__槭__が茂る山道に分け入った
関連熟語：--  ★楓／槭／槭樹／蛙手／鶏冠木（かえで） カエデ科の落葉高木の総称。葉は、カエルのてのひらに似た形で、秋に美しく紅葉するものが多い。観賞用。材は細工用。モミジ。〈漢字ペディア〉  ●H20-3㈠",かえで,関連熟語：--  ★楓／槭／槭樹／蛙手／鶏冠木（かえで） カエデ科の落葉高木の総称。葉は、カエルのてのひらに似た形で、秋に美しく紅葉するものが多い。観賞用。材は細工用。モミジ。〈漢字ペディア〉  ●H20-3㈠,読み方をご入力ください,Text
"釣果を__糶__にかける
関連熟語：糶売（チョウバイ）  ★糶（せり）  1.多くの買い手に値段をつけさせ、最高値の人に品物を売る方法。せり売り。競売。  2.競争すること。せり合いをすること。〈漢字ペディア〉  ●H11-2㈠",せり,関連熟語：糶売（チョウバイ）  ★糶（せり）  1.多くの買い手に値段をつけさせ、最高値の人に品物を売る方法。せり売り。競売。  2.競争すること。せり合いをすること。〈漢字ペディア〉  ●H11-2㈠,読み方をご入力ください,Text
"帝の__胄__の傅育にあたる
関連熟語：胄子（チュウシ）  ★胄（よつぎ） 帝王や貴族のあとつぎ。〈漢辞海〉  ★｢胄(ﾁｭｳ:よつぎ)｣は｢冑(ﾁｭｳ:かぶと)｣とは別字。  ●H28-3㈠",よつぎ,関連熟語：胄子（チュウシ）  ★胄（よつぎ） 帝王や貴族のあとつぎ。〈漢辞海〉  ★｢胄(ﾁｭｳ:よつぎ)｣は｢冑(ﾁｭｳ:かぶと)｣とは別字。  ●H28-3㈠,読み方をご入力ください,Text
"帝予に良弼を__賚__うを夢む
関連熟語：賚予（ライヨ）  ★賚う（たま-う） 褒美として授ける。〈漢辞海〉  ●H27-3㈠",たま,関連熟語：賚予（ライヨ）  ★賚う（たま-う） 褒美として授ける。〈漢辞海〉  ●H27-3㈠,読み方をご入力ください,Text
"庭に__梛筏__を植栽する
関連熟語：--  ★梛筏（なぎいかだ） ユリ科の常緑小低木。ヨーロッパ原産。葉は鱗片(ﾘﾝﾍﾟﾝ)状に退化し、枝が卵形の葉のように見える。春、葉状の枝の中央に白い小花をつけ、球形の赤い実を結ぶ。観賞用。〈漢字ペディア〉  ●H29-1㈠",なぎいかだ,関連熟語：--  ★梛筏（なぎいかだ） ユリ科の常緑小低木。ヨーロッパ原産。葉は鱗片(ﾘﾝﾍﾟﾝ)状に退化し、枝が卵形の葉のように見える。春、葉状の枝の中央に白い小花をつけ、球形の赤い実を結ぶ。観賞用。〈漢字ペディア〉  ●H29-1㈠,読み方をご入力ください,Text
"鼎を武蔵の地に__奠__む
関連熟語：奠都（テント）  ★奠める（さだ-める） すえおく。安置する。位置を決める。〈漢字ペディア〉  ●H21-2㈠／ ●H24-3㈠／ ●H27-2㈠",さだ,関連熟語：奠都（テント）  ★奠める（さだ-める） すえおく。安置する。位置を決める。〈漢字ペディア〉  ●H21-2㈠／ ●H24-3㈠／ ●H27-2㈠,読み方をご入力ください,Text
"天の暦数、爾の__躬__に在り
関連熟語：聖躬（セイキュウ）  ★躬（み） からだ。身体。特に、折りまげたりかがまったりした体。〈漢字ペディア〉  ●H25-2㈠",み,関連熟語：聖躬（セイキュウ）  ★躬（み） からだ。身体。特に、折りまげたりかがまったりした体。〈漢字ペディア〉  ●H25-2㈠,読み方をご入力ください,Text
"天は闊く地は__遐__かなり
関連熟語：遐域（カイキ）  ★遐か（はる-か） はるかに遠い。〈漢字ペディア〉",はる,関連熟語：遐域（カイキ）  ★遐か（はる-か） はるかに遠い。〈漢字ペディア〉,読み方をご入力ください,Text
"天を怨まず、人を__尤__めず
関連熟語：効尤（コウユウ）  ★尤める（とが-める） 失敗やあやまちを責める。〈漢字ペディア〉  ●H09-3㈠",とが,関連熟語：効尤（コウユウ）  ★尤める（とが-める） 失敗やあやまちを責める。〈漢字ペディア〉  ●H09-3㈠,読み方をご入力ください,Text
"天井の大きな__桷__は燻っていた
関連熟語：榱桷（スイカク）  ★桷（たるき） 屋根の棟木から軒に渡して屋根材や瓦を支える角材。〈漢辞海〉",たるき,関連熟語：榱桷（スイカク）  ★桷（たるき） 屋根の棟木から軒に渡して屋根材や瓦を支える角材。〈漢辞海〉,読み方をご入力ください,Text
"天魔の__号__びか風雨激し
関連熟語：号哭（ゴウコク）  ★号ぶ（さけ-ぶ） 大きな声を出すこと。大声で呼ぶこと。〈漢字ペディア〉  ●H08-1㈠",さけ,関連熟語：号哭（ゴウコク）  ★号ぶ（さけ-ぶ） 大きな声を出すこと。大声で呼ぶこと。〈漢字ペディア〉  ●H08-1㈠,読み方をご入力ください,Text
"土が水を__渾__している
関連熟語：渾濁（コンダク）  ★渾る（にご-る） いろいろなものが混じり合って、きたなくなる。〈漢字ペディア〉  ●H14-3㈠",にご,関連熟語：渾濁（コンダク）  ★渾る（にご-る） いろいろなものが混じり合って、きたなくなる。〈漢字ペディア〉  ●H14-3㈠,読み方をご入力ください,Text
"土を耕し、植え、__耘__り、収穫する
関連熟語：耘鋤（ウンジョ）  ★耘る（くさぎ-る） 田や畑の草を取る。除草する。〈漢字ペディア〉  ●H19-3㈠",くさぎ,関連熟語：耘鋤（ウンジョ）  ★耘る（くさぎ-る） 田や畑の草を取る。除草する。〈漢字ペディア〉  ●H19-3㈠,読み方をご入力ください,Text
"刀の__鋩__を喉元に擬する
関連熟語：鋒鋩（ホウボウ）  ★鋩（きっさき） 刀の先のとがった部分。〈漢辞海〉  ●R01-1㈠",きっさき,関連熟語：鋒鋩（ホウボウ）  ★鋩（きっさき） 刀の先のとがった部分。〈漢辞海〉  ●R01-1㈠,読み方をご入力ください,Text
"盗人に__鑰__を預ける
関連熟語：鎖鑰（サヤク）  ★鑰（かぎ）  1.出入り口の戸じまりの道具。錠前。≒錠  2.①を開閉するために錠の穴に差しこむ金具。〈漢字ペディア〉",かぎ,関連熟語：鎖鑰（サヤク）  ★鑰（かぎ）  1.出入り口の戸じまりの道具。錠前。≒錠  2.①を開閉するために錠の穴に差しこむ金具。〈漢字ペディア〉,読み方をご入力ください,Text
"当て事と__畚褌__は向こうから外れる
関連熟語：--  ▼当(ｱ)て事(ｺﾞﾄ)と畚褌は向こうから外(ﾊｽﾞ)れる…当てにしていることは先方のつごうでだめになることが多い。「畚褌」は、長方形の布片の上と下に紐を一本通し、またぐように足を通して、腰のところで紐を結ぶようにした褌。当て事と越中褌(ｴｯﾁｭｳﾌﾝﾄﾞｼ)は向こうから外れる。〈故事俗信ことわざ大辞典〉",もっこふんどし,関連熟語：--  ▼当(ｱ)て事(ｺﾞﾄ)と畚褌は向こうから外(ﾊｽﾞ)れる…当てにしていることは先方のつごうでだめになることが多い。「畚褌」は、長方形の布片の上と下に紐を一本通し、またぐように足を通して、腰のところで紐を結ぶようにした褌。当て事と越中褌(ｴｯﾁｭｳﾌﾝﾄﾞｼ)は向こうから外れる。〈故事俗信ことわざ大辞典〉,読み方をご入力ください,Text
"動もすれば旬日に__弥__る
関連熟語：弥久（ビキュウ）  ★弥る（わた-る） 充満する。広くゆきわたる。〈漢辞海〉  ●R02-3㈠",わた,関連熟語：弥久（ビキュウ）  ★弥る（わた-る） 充満する。広くゆきわたる。〈漢辞海〉  ●R02-3㈠,読み方をご入力ください,Text
"堂に__怡__ぶ燕雀、後災を知らず
関連熟語：怡楽（イラク）  ★怡ぶ（よろこ-ぶ） 心がなごみ、にこやかな顔つきで楽しむ。気持ちが和らぐ。〈漢字ペディア〉  ●H13-2㈠",よろこ,関連熟語：怡楽（イラク）  ★怡ぶ（よろこ-ぶ） 心がなごみ、にこやかな顔つきで楽しむ。気持ちが和らぐ。〈漢字ペディア〉  ●H13-2㈠,読み方をご入力ください,Text
"堂内に妖気が__漾__う
関連熟語：蕩漾（トウヨウ）  ★漾う（ただよ-う） 波がゆれ動く。水に浮かんで流れる。〈漢字ペディア〉  ●H18-1㈠",ただよ,関連熟語：蕩漾（トウヨウ）  ★漾う（ただよ-う） 波がゆれ動く。水に浮かんで流れる。〈漢字ペディア〉  ●H18-1㈠,読み方をご入力ください,Text
"導師先ず__躬__ら身を捐つる
関連熟語：躬行（キュウコウ）  ★躬ら（みずか） 自分で。自分自身で。〈漢字ペディア〉",みずか,関連熟語：躬行（キュウコウ）  ★躬ら（みずか） 自分で。自分自身で。〈漢字ペディア〉,読み方をご入力ください,Text
"洞庭__濬__しと雖も之を負む者は北（やぶ）る
関連熟語：濬壑（シュンガク）  ★濬い（ふか-い） 物や心のあり方が奥深い。〈漢辞海〉  ●H14-2㈠",ふか,関連熟語：濬壑（シュンガク）  ★濬い（ふか-い） 物や心のあり方が奥深い。〈漢辞海〉  ●H14-2㈠,読み方をご入力ください,Text
"南山の寿の如く、__騫__けず崩れず
関連熟語：騫汚（ケンオ）  ★騫ける（か-ける） 欠如する。〈漢辞海〉  ●H13-2㈠",か,関連熟語：騫汚（ケンオ）  ★騫ける（か-ける） 欠如する。〈漢辞海〉  ●H13-2㈠,読み方をご入力ください,Text
"南山を__錮__ぐと雖も猶隙有り
関連熟語：党錮（トウコ）  ★錮ぐ（ふさ-ぐ）  1.金属を溶かしてすきまをふさぐ。  2.せきとめる。〈漢辞海〉  ●H22-3㈠",ふさ,関連熟語：党錮（トウコ）  ★錮ぐ（ふさ-ぐ）  1.金属を溶かしてすきまをふさぐ。  2.せきとめる。〈漢辞海〉  ●H22-3㈠,読み方をご入力ください,Text
"難に臨んで__遽__かに兵を鋳る
関連熟語：急遽（キュウキョ）  ★遽かに（にわ-かに） 急にあわてふためいて。あわただしく。また、すみやかに。すばやく。〈漢字ペディア〉",にわ,関連熟語：急遽（キュウキョ）  ★遽かに（にわ-かに） 急にあわてふためいて。あわただしく。また、すみやかに。すばやく。〈漢字ペディア〉,読み方をご入力ください,Text
"難事業に全然の__績__を収め得る
関連熟語：功績（コウセキ）  ★績（いさお）  1.功業。業績。  2.成績。〈漢辞海〉",いさお,関連熟語：功績（コウセキ）  ★績（いさお）  1.功業。業績。  2.成績。〈漢辞海〉,読み方をご入力ください,Text
"二月新糸を売り、五月新穀を__糶__る
関連熟語：和糶（ワチョウ）  ★糶る（う-る） 米や穀物を売りに出す。〈漢辞海〉",う,関連熟語：和糶（ワチョウ）  ★糶る（う-る） 米や穀物を売りに出す。〈漢辞海〉,読み方をご入力ください,Text
"二十台の__犬橇__が氷原を走り始めた
関連熟語：--  ★犬橇（いぬそり） 犬に引かせて雪上を走るそり。〈日本国語大辞典〉","いぬそり,いぬぞり",関連熟語：--  ★犬橇（いぬそり） 犬に引かせて雪上を走るそり。〈日本国語大辞典〉,読み方をご入力ください,Text
"二十六日黄昏に至って稿を__畢__う
関連熟語：畢命（ヒツミョウ）  ★畢わる（お-わる）物事が尽きておしまいになる。すっかり済む。〈漢字ペディア〉",お,関連熟語：畢命（ヒツミョウ）  ★畢わる（お-わる）物事が尽きておしまいになる。すっかり済む。〈漢字ペディア〉,読み方をご入力ください,Text
"二女曰く、__兪__り、往きたまえ、と
関連熟語：--  ★兪り（しか-り） 承諾や同意を表す語。はい。そのとおりだ。〈漢字ペディア〉  ●H10-2㈠",しか,関連熟語：--  ★兪り（しか-り） 承諾や同意を表す語。はい。そのとおりだ。〈漢字ペディア〉  ●H10-2㈠,読み方をご入力ください,Text
"日__仄__きて乃ち罷む
関連熟語：仄日（ソクジツ）  ★仄く（かたむ-く） 片側に寄る。また、そのさま。〈漢字ペディア〉",かたむ,関連熟語：仄日（ソクジツ）  ★仄く（かたむ-く） 片側に寄る。また、そのさま。〈漢字ペディア〉,読み方をご入力ください,Text
"日__闌__けて起き出した
関連熟語：闌位（ランイ）  ●H11-1㈠",た,関連熟語：闌位（ランイ）  ●H11-1㈠,読み方をご入力ください,Text
"日は__昃__きて陰を停むる無し
関連熟語：日昃（ニッショク／ニッソク）  ★仄く／昃く（かたむ-く） 日が西方に沈みかける。〈漢字ペディア〉  ●H09-1㈠",かたむ,関連熟語：日昃（ニッショク／ニッソク）  ★仄く／昃く（かたむ-く） 日が西方に沈みかける。〈漢字ペディア〉  ●H09-1㈠,読み方をご入力ください,Text
"日を重ね月を__踰__え遠国まで旅を続けた
関連熟語：踰越（ユエツ）  ★踰える／逾える（こ-える）  1.またいで通る。のりこえる。また、わたる。  2.時間をわたる。〈漢字ペディア〉  ●H16-2㈠",こ,関連熟語：踰越（ユエツ）  ★踰える／逾える（こ-える）  1.またいで通る。のりこえる。また、わたる。  2.時間をわたる。〈漢字ペディア〉  ●H16-2㈠,読み方をご入力ください,Text
"日本画の絵絹に__絖__を用いる
関連熟語：絖本（コウホン）  ★絖（ぬめ） 生糸を用いた絹織物。薄く滑らかでつやがあり、書画や造花材料に用いる。絵絹として用いたものを絖本(ｺｳﾎﾝ)という。〈漢字ペディア〉  ●H27-2㈠／ ●R02-3㈠",ぬめ,関連熟語：絖本（コウホン）  ★絖（ぬめ） 生糸を用いた絹織物。薄く滑らかでつやがあり、書画や造花材料に用いる。絵絹として用いたものを絖本(ｺｳﾎﾝ)という。〈漢字ペディア〉  ●H27-2㈠／ ●R02-3㈠,読み方をご入力ください,Text
"年寒くして松柏の__凋__むに後るるを知る
関連熟語：後凋（コウチョウ）  ★凋む（しぼ-む）  1.草花などがしおれる。なえてちぢまる。  2.勢いが衰え、張りを失う。〈漢字ペディア〉  ▼年寒(ﾄｼｻﾑ)くして松柏(ｼｮｳﾊｸ)の凋むに後(ｵｸ)るるを知(ｼ)る…艱難にあって後、人の真の価値がはじめてわかる、また、通常の時は君子も常人と違わないが、事変にあうとその真価が現われることのたとえ。寒い冬に他の植物はしおれても松や児手柏(ｺﾉﾃｶﾞｼﾜ)は緑の色を保っている意から。〈日本国語大辞典〉",しぼ,関連熟語：後凋（コウチョウ）  ★凋む（しぼ-む）  1.草花などがしおれる。なえてちぢまる。  2.勢いが衰え、張りを失う。〈漢字ペディア〉  ▼年寒(ﾄｼｻﾑ)くして松柏(ｼｮｳﾊｸ)の凋むに後(ｵｸ)るるを知(ｼ)る…艱難にあって後、人の真の価値がはじめてわかる、また、通常の時は君子も常人と違わないが、事変にあうとその真価が現われることのたとえ。寒い冬に他の植物はしおれても松や児手柏(ｺﾉﾃｶﾞｼﾜ)は緑の色を保っている意から。〈日本国語大辞典〉,読み方をご入力ください,Text
"年寄りの言うことと牛の__鞦__は外れたことがない
関連熟語：馬鞦（バシュウ）  ★鞦／尻繫（しりがい） 馬具の名前。ウマの尻(しり)から鞍(くら)にかけるひも。〈漢字ペディア〉  ▼年寄りの言うことと牛の鞦は外れたことがない…老人が経験から将来を見通していうことばに間違いはない。老人の意見には耳を傾けるべきだ。〈故事俗信ことわざ大辞典〉  ●H14-1㈠",しりがい,関連熟語：馬鞦（バシュウ）  ★鞦／尻繫（しりがい） 馬具の名前。ウマの尻(しり)から鞍(くら)にかけるひも。〈漢字ペディア〉  ▼年寄りの言うことと牛の鞦は外れたことがない…老人が経験から将来を見通していうことばに間違いはない。老人の意見には耳を傾けるべきだ。〈故事俗信ことわざ大辞典〉  ●H14-1㈠,読み方をご入力ください,Text
"馬を__絆__ぎ留めて行かしめぬ
関連熟語：羈絆（キハン）  ★絆ぐ（つな-ぐ）  1.馬の足をつなぎとめる。  2.物をつなぎとめる。〈漢辞海〉",つな,関連熟語：羈絆（キハン）  ★絆ぐ（つな-ぐ）  1.馬の足をつなぎとめる。  2.物をつなぎとめる。〈漢辞海〉,読み方をご入力ください,Text
"馬歯__蚤__くも桑年に垂とす
関連熟語：蚤起（ソウキ）  ★蚤い／早い（はや-い） 時期がまだ早い。若い。〈漢辞海〉",はや,関連熟語：蚤起（ソウキ）  ★蚤い／早い（はや-い） 時期がまだ早い。若い。〈漢辞海〉,読み方をご入力ください,Text
"梅の花が__馥__しい
関連熟語：馥郁（フクイク）  ★馥しい（かんば-しい） 香気が盛んであるさま。香りが高い。こうばしい。〈漢字ペディア〉  ●H05-1㈠",かんば,関連熟語：馥郁（フクイク）  ★馥しい（かんば-しい） 香気が盛んであるさま。香りが高い。こうばしい。〈漢字ペディア〉  ●H05-1㈠,読み方をご入力ください,Text
"梅をして海棠を__聘__らしむ
関連熟語：--  ★聘り／娉る（めと-る） 結納をおさめて婚約する。〈漢辞海〉  ●H10-1㈠",めと,関連熟語：--  ★聘り／娉る（めと-る） 結納をおさめて婚約する。〈漢辞海〉  ●H10-1㈠,読み方をご入力ください,Text
"煤けた__龕__の中から念持仏が見つかった
関連熟語：仏龕（ブツガン）◆２  ●H11-3㈠",ずし,関連熟語：仏龕（ブツガン）◆２  ●H11-3㈠,読み方をご入力ください,Text
"博く其の可否を__詢__わんとす
関連熟語：諮詢（シジュン）  ★詢う（と-う） 意見を聞く。相談する。また、一部始終をたずねる。〈漢字ペディア〉  ●H29-3㈠",と,関連熟語：諮詢（シジュン）  ★詢う（と-う） 意見を聞く。相談する。また、一部始終をたずねる。〈漢字ペディア〉  ●H29-3㈠,読み方をご入力ください,Text
"白い霧の__帷__に包まれた
関連熟語：帷幄（イアク）  ★帷／帳（とばり） 室内を仕切るために垂れ下げる布。たれぎぬ。たれぬの。また、おおい隠すもののたとえ。〈漢字ペディア〉  ●H20-2㈠",とばり,関連熟語：帷幄（イアク）  ★帷／帳（とばり） 室内を仕切るために垂れ下げる布。たれぎぬ。たれぬの。また、おおい隠すもののたとえ。〈漢字ペディア〉  ●H20-2㈠,読み方をご入力ください,Text
"白頭にしてまた辺境を__戍__る
関連熟語：戍卒（ジュソツ）  ★戍る（まも-る）  1.辺境や故郷を防衛する。  2.駐屯して守備する。〈漢辞海〉  ●H12-2㈠／ ●H21-3㈠",まも,関連熟語：戍卒（ジュソツ）  ★戍る（まも-る）  1.辺境や故郷を防衛する。  2.駐屯して守備する。〈漢辞海〉  ●H12-2㈠／ ●H21-3㈠,読み方をご入力ください,Text
"白浪天を__掀__げ尽日風吹く
関連熟語：掀掀（キンキン）  ★掀げる（あ-げる／かか-げる）  1.手で持ち上げる。高くあげる。  2.逆巻く。〈漢辞海〉  ●H23-2㈠","あ,かか",関連熟語：掀掀（キンキン）  ★掀げる（あ-げる／かか-げる）  1.手で持ち上げる。高くあげる。  2.逆巻く。〈漢辞海〉  ●H23-2㈠,読み方をご入力ください,Text
"肌肉は充ち皮膚は__緻__かなり
関連熟語：精緻（セイチ）  ★緻かい（こま-かい） ぴったりとすき間なく、きめがつんでいるさま。緻密なさま。〈漢字ペディア〉  ●R01-2㈠",こま,関連熟語：精緻（セイチ）  ★緻かい（こま-かい） ぴったりとすき間なく、きめがつんでいるさま。緻密なさま。〈漢字ペディア〉  ●R01-2㈠,読み方をご入力ください,Text
"八たび戦い八たび__剋__つ
関連熟語：相剋（ソウコク）  ★剋つ／克つ（か-つ） 頑張って相手に打ちかつ。たえぬく。〈漢字ペディア〉",か,関連熟語：相剋（ソウコク）  ★剋つ／克つ（か-つ） 頑張って相手に打ちかつ。たえぬく。〈漢字ペディア〉,読み方をご入力ください,Text
"発酵した__醪__醬油を漉す
関連熟語：--  ★醪／諸味（もろみ） 醸造して、かすをしぼりとる前の酒や醬油。〈漢字ペディア〉  ●H12-1㈠",もろみ,関連熟語：--  ★醪／諸味（もろみ） 醸造して、かすをしぼりとる前の酒や醬油。〈漢字ペディア〉  ●H12-1㈠,読み方をご入力ください,Text
"彼の頰を__擲__りつけた
関連熟語：打擲（チョウチャク）  ★擲る（なぐ-る） 拳などで力を込めて打ちたたく。なぐりつける。〈漢字ペディア〉",なぐ,関連熟語：打擲（チョウチャク）  ★擲る（なぐ-る） 拳などで力を込めて打ちたたく。なぐりつける。〈漢字ペディア〉,読み方をご入力ください,Text
"彼の__拇__は太くて長い
関連熟語：拇指（ボシ）  ★拇（おやゆび）  1.ゆび。  2.親指。おおゆび。〈漢字ペディア〉  ●H05-1㈠／ ●H23-3㈠",おやゆび,関連熟語：拇指（ボシ）  ★拇（おやゆび）  1.ゆび。  2.親指。おおゆび。〈漢字ペディア〉  ●H05-1㈠／ ●H23-3㈠,読み方をご入力ください,Text
"被を以て面を__韜__す
関連熟語：韜晦（トウカイ）  ★韜す（かく-す） おおい隠す。秘密にする。〈漢辞海〉",かく,関連熟語：韜晦（トウカイ）  ★韜す（かく-す） おおい隠す。秘密にする。〈漢辞海〉,読み方をご入力ください,Text
"尾大__掉__わざるの憾みがある
関連熟語：掉尾（チョウビ／トウビ）  ★掉う（ふる-う） 手でゆり動かす。ゆする。〈漢字ペディア〉  ●H21-3㈠",ふる,関連熟語：掉尾（チョウビ／トウビ）  ★掉う（ふる-う） 手でゆり動かす。ゆする。〈漢字ペディア〉  ●H21-3㈠,読み方をご入力ください,Text
"眉を__攢__め月に向かいて憂う
関連熟語：攅立（サンリツ）  ★攢まる（あつ-まる） むらがりあつまる。多くの人が一か所に寄りあつまる。〈漢字ペディア〉  ●H09-3㈠",あつ,関連熟語：攅立（サンリツ）  ★攢まる（あつ-まる） むらがりあつまる。多くの人が一か所に寄りあつまる。〈漢字ペディア〉  ●H09-3㈠,読み方をご入力ください,Text
"眉目秀麗、凛として__狃__るべからず
関連熟語：狃恩（ジュウオン）  ★狃れる（な-れる） 身をすりよせて親しくする。なれなれしくする。〈漢字ペディア〉",な,関連熟語：狃恩（ジュウオン）  ★狃れる（な-れる） 身をすりよせて親しくする。なれなれしくする。〈漢字ペディア〉,読み方をご入力ください,Text
"美衣を購うに__嗇__かならず
関連熟語：吝嗇（リンショク）  ★嗇か（やぶさ-か） 思いきりの悪いさま。ものおしみするさま。〈漢字ペディア〉",やぶさ,関連熟語：吝嗇（リンショク）  ★嗇か（やぶさ-か） 思いきりの悪いさま。ものおしみするさま。〈漢字ペディア〉,読み方をご入力ください,Text
"美膳を知らぬを__愍__れむ
関連熟語：憐愍（レンビン）  ★愍れむ／閔れむ／憫れむ（あわ-れむ） 人の不幸を思いやる。不憫(ﾌﾋﾞﾝ)に思って同情する。〈漢字ペディア〉",あわ,関連熟語：憐愍（レンビン）  ★愍れむ／閔れむ／憫れむ（あわ-れむ） 人の不幸を思いやる。不憫(ﾌﾋﾞﾝ)に思って同情する。〈漢字ペディア〉,読み方をご入力ください,Text
"鼻の長さ__七咫__、背（そびら）の長さ七尺余りあり
関連熟語：--  ★咫（た／あた） 古代の長さの単位。親指と中指を開いたときの長さ。〈漢字ペディア〉  ●R01-1㈠","ななあた,ななた",関連熟語：--  ★咫（た／あた） 古代の長さの単位。親指と中指を開いたときの長さ。〈漢字ペディア〉  ●R01-1㈠,読み方をご入力ください,Text
"匹夫匹婦の__諒__をなす
関連熟語：友諒（ユウリョウ）  ★諒（まこと） 言葉や行為にうそやいつわりのないこと。明白な真実。誠実。〈漢字ペディア〉  ●H11-3㈠",まこと,関連熟語：友諒（ユウリョウ）  ★諒（まこと） 言葉や行為にうそやいつわりのないこと。明白な真実。誠実。〈漢字ペディア〉  ●H11-3㈠,読み方をご入力ください,Text
"筆の大きさ__椽__のごとし
関連熟語：采椽（サイテン）  ★椽／垂木（たるき） 棟から軒に渡し、屋根板を支える材木。〈漢字ペディア〉  ●H13-1㈠",たるき,関連熟語：采椽（サイテン）  ★椽／垂木（たるき） 棟から軒に渡し、屋根板を支える材木。〈漢字ペディア〉  ●H13-1㈠,読み方をご入力ください,Text
"百千鳥__髪梳__く女肌ぬぎに
関連熟語：梳毛（ソモウ）  ★髪梳き（かみす-き）  1.頭髪を櫛(ｸｲ)でとかすこと。くしけずること。また、それを職業とする人。  2.歌舞伎で、女が男の髪をすいてやって愛情や愁嘆を表す演出。女どうしや女一人で行う変形もある。〈大辞泉〉",かみす,関連熟語：梳毛（ソモウ）  ★髪梳き（かみす-き）  1.頭髪を櫛(ｸｲ)でとかすこと。くしけずること。また、それを職業とする人。  2.歌舞伎で、女が男の髪をすいてやって愛情や愁嘆を表す演出。女どうしや女一人で行う変形もある。〈大辞泉〉,読み方をご入力ください,Text
"百足の虫、断てども__蹶__れず
関連熟語：顚蹶（テンケツ）  ★蹶れる（たお-れる） つまずいてころぶ。足が引っ掛かってひっくり返る。〈漢字ペディア〉  ●H10-2㈠",たお,関連熟語：顚蹶（テンケツ）  ★蹶れる（たお-れる） つまずいてころぶ。足が引っ掛かってひっくり返る。〈漢字ペディア〉  ●H10-2㈠,読み方をご入力ください,Text
"百足の虫は死に至るも__僵__れず
関連熟語：僵仆（キョウフ）  ★僵れる（たお-れる） のけぞってたおれる。あお向けにひっくり返る。〈漢字ペディア〉  ●H11-1㈠／ ●H16-3㈠／ ●H21-3㈠",たお,関連熟語：僵仆（キョウフ）  ★僵れる（たお-れる） のけぞってたおれる。あお向けにひっくり返る。〈漢字ペディア〉  ●H11-1㈠／ ●H16-3㈠／ ●H21-3㈠,読み方をご入力ください,Text
"百目の聞見する所を__殫__くす
関連熟語：殫竭（タンケツ）  ★殫くす（つ-くす） なくなるまで、ある限り使う。すべて使い切る。〈漢字ペディア〉  ●H25-1㈠",つ,関連熟語：殫竭（タンケツ）  ★殫くす（つ-くす） なくなるまで、ある限り使う。すべて使い切る。〈漢字ペディア〉  ●H25-1㈠,読み方をご入力ください,Text
"氷上の穴より__罟__を入る
関連熟語：罔罟（モウコ）  ★罟（あみ） 上からかぶせて魚や動物を捕らえる大きなしかけあみ。〈漢字ペディア〉  ●H28-1㈠",あみ,関連熟語：罔罟（モウコ）  ★罟（あみ） 上からかぶせて魚や動物を捕らえる大きなしかけあみ。〈漢字ペディア〉  ●H28-1㈠,読み方をご入力ください,Text
"苗の__莠__有るが若し
関連熟語：藜莠（レイユウ）  ★莠（はぐさ） 水田に生え、イネを害する雑草。エノコログサなど。〈漢字ペディア〉  ●H18-3㈠／ ●H27-2㈠",はぐさ,関連熟語：藜莠（レイユウ）  ★莠（はぐさ） 水田に生え、イネを害する雑草。エノコログサなど。〈漢字ペディア〉  ●H18-3㈠／ ●H27-2㈠,読み方をご入力ください,Text
"貧賤にして世を軽んじ志を__肆__にせん
関連熟語：恣肆（シシ）  ★肆（ほしいまま） かってきまま。わがまま。自分の思いどおりにして遠慮がないさま。〈漢字ペディア〉  ●H10-1㈠／ ●H12-2㈠",ほしいまま,関連熟語：恣肆（シシ）  ★肆（ほしいまま） かってきまま。わがまま。自分の思いどおりにして遠慮がないさま。〈漢字ペディア〉  ●H10-1㈠／ ●H12-2㈠,読み方をご入力ください,Text
"不虞に備えずんば、以て__師__すべからず
関連熟語：師団（シダン）  ★師（いくさ） 軍隊。〈漢辞海〉  ●H13-3㈠",いくさ,関連熟語：師団（シダン）  ★師（いくさ） 軍隊。〈漢辞海〉  ●H13-3㈠,読み方をご入力ください,Text
"不調法者の__楫取__りに吝かでない
関連熟語：鼓楫（コシュウ）  ★楫取り／舵取り（かじと-り）  1.船の進行方向を決めるかじを操り、船を正しく運航すること。また、その人。  2.物事や人々をうまく進行するように導くこと。また、その人。〈漢字ペディア〉",かじと,関連熟語：鼓楫（コシュウ）  ★楫取り／舵取り（かじと-り）  1.船の進行方向を決めるかじを操り、船を正しく運航すること。また、その人。  2.物事や人々をうまく進行するように導くこと。また、その人。〈漢字ペディア〉,読み方をご入力ください,Text
"付近の浜に__赤鱏__が打ち上げられていた
関連熟語：--  ★赤鱏（あかえい） アカエイ科の海魚。本州中部以南の沿岸にすむ。体は平たくひし形。背面は暗褐色。むち状の尾に毒針がある。食用。〈漢字ペディア〉",あかえい,関連熟語：--  ★赤鱏（あかえい） アカエイ科の海魚。本州中部以南の沿岸にすむ。体は平たくひし形。背面は暗褐色。むち状の尾に毒針がある。食用。〈漢字ペディア〉,読み方をご入力ください,Text
"夫の懶惰をヒステリックに__毀__る
関連熟語：毀誉（キヨ）  ★毀る（そし-る） 他人のことを悪く言う。非難する。けなす。〈漢字ペディア〉  ●H12-1㈠／ ●H25-1㈠",そし,関連熟語：毀誉（キヨ）  ★毀る（そし-る） 他人のことを悪く言う。非難する。けなす。〈漢字ペディア〉  ●H12-1㈠／ ●H25-1㈠,読み方をご入力ください,Text
"夫子立ちて天下治まるに我なお__尸__る
関連熟語：尸盟（シメイ）  ★尸る（つかさど-る） 主となって行う。〈漢辞海〉  ●H12-2㈠",つかさど,関連熟語：尸盟（シメイ）  ★尸る（つかさど-る） 主となって行う。〈漢辞海〉  ●H12-2㈠,読み方をご入力ください,Text
"夫婦__驩__ばざるを得ず
関連熟語：交驩（コウカン）  ★驩ぶ／歓ぶ／讙ぶ（よろこ-ぶ） にぎやかにうれしがる。うれしがり声をあげて楽しむ。〈漢字ペディア〉  ●H23-2",よろこ,関連熟語：交驩（コウカン）  ★驩ぶ／歓ぶ／讙ぶ（よろこ-ぶ） にぎやかにうれしがる。うれしがり声をあげて楽しむ。〈漢字ペディア〉  ●H23-2,読み方をご入力ください,Text
"富商大利を__牟__る所なし
関連熟語：牟利（ボウリ）  ●H09-2㈠",むさぼ,関連熟語：牟利（ボウリ）  ●H09-2㈠,読み方をご入力ください,Text
"父無ければ何をか__怙__まん
関連熟語：怙恃（コジ）  ★怙む（たの-む） 頼りにする。頼れるものとして当てにする。よりどころとする。〈漢字ペディア〉  ●H25-3㈠／ ●H28-1㈠",たの,関連熟語：怙恃（コジ）  ★怙む（たの-む） 頼りにする。頼れるものとして当てにする。よりどころとする。〈漢字ペディア〉  ●H25-3㈠／ ●H28-1㈠,読み方をご入力ください,Text
"風は__恬__らかで浪は静かだ
関連熟語：恬淡（テンタン）  ●H14-1㈠",やす,関連熟語：恬淡（テンタン）  ●H14-1㈠,読み方をご入力ください,Text
"福いは__眥__に盈たず、禍いは世に溢る
関連熟語：目眥（モクシ／モクセイ）  ★眥（まなじり） めじり。〈漢字ペディア〉  ●H14-3㈠",まなじり,関連熟語：目眥（モクシ／モクセイ）  ★眥（まなじり） めじり。〈漢字ペディア〉  ●H14-3㈠,読み方をご入力ください,Text
"福は__徼__むべからず
関連熟語：徼幸（キョウコウ／ギョウコウ）  ★徼める（もと-める） めったに実現できないようなことを願う。待ちうけてねらう。〈漢字ペディア〉  ●H14-2㈠",もと,関連熟語：徼幸（キョウコウ／ギョウコウ）  ★徼める（もと-める） めったに実現できないようなことを願う。待ちうけてねらう。〈漢字ペディア〉  ●H14-2㈠,読み方をご入力ください,Text
"腹をゆするような__太棹__の音
関連熟語：--  ★太棹（ふとざお） 義太夫節(ｷﾞﾀﾞﾕｳﾌﾞｼ)に用いる、さおと弦が太い三味線。⇔細棹〈漢字ペディア〉",ふとざお,関連熟語：--  ★太棹（ふとざお） 義太夫節(ｷﾞﾀﾞﾕｳﾌﾞｼ)に用いる、さおと弦が太い三味線。⇔細棹〈漢字ペディア〉,読み方をご入力ください,Text
"覆轍を鑑みず今にして__窘__しむ
関連熟語：窘迫（キンパク）  ★窘しむ（くる-しむ） 追いつめられ、非常に困った状態になる。行きづまって動きがとれなくなる。〈漢字ペディア〉  ●H11-3㈠／ ●H14-2㈠",くる,関連熟語：窘迫（キンパク）  ★窘しむ（くる-しむ） 追いつめられ、非常に困った状態になる。行きづまって動きがとれなくなる。〈漢字ペディア〉  ●H11-3㈠／ ●H14-2㈠,読み方をご入力ください,Text
"物言えば乃ち__雍__らぐ
関連熟語：雍容（ヨウヨウ）  ★雍らぐ（やわ-らぐ）  1.やんわりと包む。  2.なごやかにむつみあう。〈漢字ペディア〉  ●H25-2㈠",やわ,関連熟語：雍容（ヨウヨウ）  ★雍らぐ（やわ-らぐ）  1.やんわりと包む。  2.なごやかにむつみあう。〈漢字ペディア〉  ●H25-2㈠,読み方をご入力ください,Text
"文と質と相適均して甚だ__斌__し
関連熟語：斌斌（ヒンピン）  ●H30-3㈠",うるわ,関連熟語：斌斌（ヒンピン）  ●H30-3㈠,読み方をご入力ください,Text
"文中に人の心弦を__扣__くものがあった
関連熟語：扣門（コウモン）  ★扣く／叩く（たた-く） 手で軽く打つ。こつこつ打つ。〈漢字ペディア〉  ●H08-3㈠",たた,関連熟語：扣門（コウモン）  ★扣く／叩く（たた-く） 手で軽く打つ。こつこつ打つ。〈漢字ペディア〉  ●H08-3㈠,読み方をご入力ください,Text
"聞きて__僉__歓喜せり
関連熟語：僉議（センギ）  ★僉（みな）  1.すべての人々。  2.人々の。〈漢辞海〉  ●H25-3㈠",みな,関連熟語：僉議（センギ）  ★僉（みな）  1.すべての人々。  2.人々の。〈漢辞海〉  ●H25-3㈠,読み方をご入力ください,Text
"兵を__犒__うために現地に赴いた
関連熟語：犒労（コウロウ）  ★犒う（ねぎら-う） 飲食物を贈って、将兵を慰労する。〈漢字ペディア〉  ●H08-1㈠／ ●H17-2㈠",ねぎら,関連熟語：犒労（コウロウ）  ★犒う（ねぎら-う） 飲食物を贈って、将兵を慰労する。〈漢字ペディア〉  ●H08-1㈠／ ●H17-2㈠,読み方をご入力ください,Text
"兵を__厲__いで馬に秣う
関連熟語：藻厲（ソウレイ）  ★厲ぐ（と-ぐ）  1.みがいて鋭くする。  2.練り上げる。〈漢辞海〉",と,関連熟語：藻厲（ソウレイ）  ★厲ぐ（と-ぐ）  1.みがいて鋭くする。  2.練り上げる。〈漢辞海〉,読み方をご入力ください,Text
"平に処れば則ち__恬__かなるは、水の性なり
関連熟語：恬熙（テンキ）  ★恬か（しず-か） 平静なさま。〈漢辞海〉",しず,関連熟語：恬熙（テンキ）  ★恬か（しず-か） 平静なさま。〈漢辞海〉,読み方をご入力ください,Text
"米を__糴__い、薪を積む
関連熟語：和糴（ワテキ）  ★糴う（か-う） 米や穀物を買い入れる。〈漢辞海〉",か,関連熟語：和糴（ワテキ）  ★糴う（か-う） 米や穀物を買い入れる。〈漢辞海〉,読み方をご入力ください,Text
"片言、獄を__折__む
関連熟語：折獄（セツゴク）  ★折める（さだ-める） 判断を下す。〈漢辞海〉  ●H13-3㈠",さだ,関連熟語：折獄（セツゴク）  ★折める（さだ-める） 判断を下す。〈漢辞海〉  ●H13-3㈠,読み方をご入力ください,Text
"母無ければ何をか__恃__まん
関連熟語：怙恃（コジ）  ★恃む（たの-む） たのみとする。たよる。当てにする。〈漢字ペディア〉",たの,関連熟語：怙恃（コジ）  ★恃む（たの-む） たのみとする。たよる。当てにする。〈漢字ペディア〉,読み方をご入力ください,Text
"法正しければ則ち民__愨__む
関連熟語：愨愿（カクゲン）  ★愨む（つつし-む） 物事をいいかげんにせず、心をかたく保つ。堅実な態度で物事を行う。〈漢字ペディア〉  ●H18-2㈠／ ●H27-1㈠",つつし,関連熟語：愨愿（カクゲン）  ★愨む（つつし-む） 物事をいいかげんにせず、心をかたく保つ。堅実な態度で物事を行う。〈漢字ペディア〉  ●H18-2㈠／ ●H27-1㈠,読み方をご入力ください,Text
"亡母遺愛の__手匣__である
関連熟語：--  ●H22-1㈠",てばこ,関連熟語：--  ●H22-1㈠,読み方をご入力ください,Text
"謀__泄__るれば事に功なし
関連熟語：漏泄（ロウセツ／ロウエイ）  ★泄れる／洩れる（も-れる） あふれ出る。しみ出る。液体,気体,感情などがすきまからこぼれ出る。〈漢字ペディア〉",も,"関連熟語：漏泄（ロウセツ／ロウエイ）  ★泄れる／洩れる（も-れる） あふれ出る。しみ出る。液体,気体,感情などがすきまからこぼれ出る。〈漢字ペディア〉",読み方をご入力ください,Text
"幕を__撥__げて場内を一瞥した
関連熟語：撥簾（ハツレン）  ★撥げる（かか-げる） 手が器具を用いて、分けひらく。かき分ける。はねる。〈漢辞海〉  ●H13-2㈠",かか,関連熟語：撥簾（ハツレン）  ★撥げる（かか-げる） 手が器具を用いて、分けひらく。かき分ける。はねる。〈漢辞海〉  ●H13-2㈠,読み方をご入力ください,Text
"末代までの__譬__え種になった
関連熟語：譬喩（ヒユ）  ★譬える（たと-える） 身近にある他の似ているものを引き合いに出して説明する。〈漢字ペディア〉  ●H25-2㈠",たと,関連熟語：譬喩（ヒユ）  ★譬える（たと-える） 身近にある他の似ているものを引き合いに出して説明する。〈漢字ペディア〉  ●H25-2㈠,読み方をご入力ください,Text
"万機を__攬__るに堪えず深く自ら愧ず
関連熟語：攬轡（ランピ）  ★攬る（と-る）  1.もつ。にぎる。つかむ。  2.つみとる。つまむ。〈漢字ペディア〉  ●H27-3㈠",と,関連熟語：攬轡（ランピ）  ★攬る（と-る）  1.もつ。にぎる。つかむ。  2.つみとる。つまむ。〈漢字ペディア〉  ●H27-3㈠,読み方をご入力ください,Text
"万葉集の名歌を__鈔__す
関連熟語：鈔本（ショウホン）  ★抄す／鈔す（うつ-す） 書きうつす。〈漢辞海〉  ●H18-2㈠",うつ,関連熟語：鈔本（ショウホン）  ★抄す／鈔す（うつ-す） 書きうつす。〈漢辞海〉  ●H18-2㈠,読み方をご入力ください,Text
"民のいまだ__贍__らざるを哀れむ
関連熟語：富贍（フセン）  ★贍りる（た-りる）  1.十分にある。  2.財がゆたかにある。〈漢字ペディア〉  ●H13-2㈠",た,関連熟語：富贍（フセン）  ★贍りる（た-りる）  1.十分にある。  2.財がゆたかにある。〈漢字ペディア〉  ●H13-2㈠,読み方をご入力ください,Text
"無間の__槍衾__を駆ける
関連熟語：--  ★槍衾（やりぶすま） 多くの者が槍を前につきだして構え、すきまなく並ぶこと。〈漢字ペディア〉",やりぶすま,関連熟語：--  ★槍衾（やりぶすま） 多くの者が槍を前につきだして構え、すきまなく並ぶこと。〈漢字ペディア〉,読み方をご入力ください,Text
"無数の恩恵を後人に__貽__る
関連熟語：贈貽（ゾウイ）  ★貽る（おく-る） 人に物を贈る。〈漢辞海〉  ●H30-2㈠",おく,関連熟語：贈貽（ゾウイ）  ★貽る（おく-る） 人に物を贈る。〈漢辞海〉  ●H30-2㈠,読み方をご入力ください,Text
"名は以て中人を__厲__ますべし
関連熟語：勖厲（キョクレイ）  ★厲ます／励ます（はげ-ます） 奨励する。〈漢辞海〉  ●H12-2㈠",はげ,関連熟語：勖厲（キョクレイ）  ★厲ます／励ます（はげ-ます） 奨励する。〈漢辞海〉  ●H12-2㈠,読み方をご入力ください,Text
"名士の急逝が世人を__駭__かした
関連熟語：震駭（シンガイ）  ★駭く（おどろ-く） びっくりしておびえる。びくっとする。〈漢字ペディア〉",おどろ,関連熟語：震駭（シンガイ）  ★駭く（おどろ-く） びっくりしておびえる。びくっとする。〈漢字ペディア〉,読み方をご入力ください,Text
"名勝りて質__孱__し
関連熟語：孱弱（センジャク）  ★孱い（よわ-い） 弱々しい。貧弱なさま。ひよわなさま。〈漢字ペディア〉  ●H24-1㈠",よわ,関連熟語：孱弱（センジャク）  ★孱い（よわ-い） 弱々しい。貧弱なさま。ひよわなさま。〈漢字ペディア〉  ●H24-1㈠,読み方をご入力ください,Text
"明主は__濫__りにその臣を富貴にせず
関連熟語：濫用（ランヨウ）br> ★猥りに／妄りに／濫りに（みだ-りに） 深い考えもなしに。分別なく。むやみに。〈漢字ペディア〉",みだ,関連熟語：濫用（ランヨウ）br> ★猥りに／妄りに／濫りに（みだ-りに） 深い考えもなしに。分別なく。むやみに。〈漢字ペディア〉,読み方をご入力ください,Text
"牝鳥の羽の間から雛の頭が__覘__いた
関連熟語：覘望（テンボウ）  ★覘く（のぞ-く） ひそかにうかがい見る。かいま見る。すきまからぬすみ見る。〈漢字ペディア〉",のぞ,関連熟語：覘望（テンボウ）  ★覘く（のぞ-く） ひそかにうかがい見る。かいま見る。すきまからぬすみ見る。〈漢字ペディア〉,読み方をご入力ください,Text
"猛き鷲は日辺に到らずしてその翼を__折__けり
関連熟語：折衝（セッショウ）  ★折く（くじ-く）  1.挫折する。敗北する。  2.なじる。非難する。責める。  3.反論する。屈服させる。〈漢辞海〉",くじ,関連熟語：折衝（セッショウ）  ★折く（くじ-く）  1.挫折する。敗北する。  2.なじる。非難する。責める。  3.反論する。屈服させる。〈漢辞海〉,読み方をご入力ください,Text
"木鐸を以て路に__徇__う
関連熟語：徇地（ジュンチ）  ★徇える（とな-える） 命令などを広く触れ知らせる。命令を告げてまわる。〈漢字ペディア〉  ●H24-1㈠／ ●H25-3㈠／ ●H28-3㈠",とな,関連熟語：徇地（ジュンチ）  ★徇える（とな-える） 命令などを広く触れ知らせる。命令を告げてまわる。〈漢字ペディア〉  ●H24-1㈠／ ●H25-3㈠／ ●H28-3㈠,読み方をご入力ください,Text
"木綿もの打ても名には__碪__哉
関連熟語：擣碪（トウチン）  ★砧／碪（きぬた） 木づちで布を打つときに用いた木や石の台。また、それを打つこと。〈漢字ペディア〉",きぬた,関連熟語：擣碪（トウチン）  ★砧／碪（きぬた） 木づちで布を打つときに用いた木や石の台。また、それを打つこと。〈漢字ペディア〉,読み方をご入力ください,Text
"木斛の木を食う__蠹__
関連熟語：蠹賊（トゾク）  ★蠹／木蠹虫／木食虫  1.キクイムシ科の甲虫の総称。樹木に穴をあけてすむ、林業の害虫。  2.キクイムシ科の甲殻類。海にすみ、杭(くい)や木造船の船底を食害する。体は円筒形で黄白色。〈漢字ペディア〉",きくいむし,関連熟語：蠹賊（トゾク）  ★蠹／木蠹虫／木食虫  1.キクイムシ科の甲虫の総称。樹木に穴をあけてすむ、林業の害虫。  2.キクイムシ科の甲殻類。海にすみ、杭(くい)や木造船の船底を食害する。体は円筒形で黄白色。〈漢字ペディア〉,読み方をご入力ください,Text
"目を遊ばす懐いを__騁__する所以なり
関連熟語：馳騁（チテイ）  ★騁せる（は-せる）  1.ウマを走らせる。まっしぐらにウマを走らせる。  2.思いのままにする。ほしいままにする。〈漢字ペディア〉  ●H14-1㈠／ ●R02-3㈠",は,関連熟語：馳騁（チテイ）  ★騁せる（は-せる）  1.ウマを走らせる。まっしぐらにウマを走らせる。  2.思いのままにする。ほしいままにする。〈漢字ペディア〉  ●H14-1㈠／ ●R02-3㈠,読み方をご入力ください,Text
"尤めを忍び__詬__を攘う
関連熟語：詬辱（コウジョク）  ★詬（はじ） はずかしめ。悪口。〈漢字ペディア〉",はじ,関連熟語：詬辱（コウジョク）  ★詬（はじ） はずかしめ。悪口。〈漢字ペディア〉,読み方をご入力ください,Text
"夜、戎衣を__擣__ちて明月に向かう
関連熟語：擣衣（トウイ）  ★擣つ（う-つ） 棒でたたく。砧(ｷﾇﾀ)をうつ。〈漢字ペディア〉",う,関連熟語：擣衣（トウイ）  ★擣つ（う-つ） 棒でたたく。砧(ｷﾇﾀ)をうつ。〈漢字ペディア〉,読み方をご入力ください,Text
"夜な夜なねぶりを__魘__いつる物ありけり
関連熟語：魘死（エンシ）  ★魘われる（おそ-われる） 恐ろしい夢を見て苦しめられる。うなされる。〈漢字ペディア〉  ●R01-1㈠",おそ,関連熟語：魘死（エンシ）  ★魘われる（おそ-われる） 恐ろしい夢を見て苦しめられる。うなされる。〈漢字ペディア〉  ●R01-1㈠,読み方をご入力ください,Text
"夜の__幄__がおりる
関連熟語：帷幄（イアク）  ★幄（とばり）  1.屋根のように上からおおった幕。  2.比喩的に用いて、ものを隔てたりおおい隠したりするもののたとえ。〈漢字ペディア〉  ●H05-1㈠",とばり,関連熟語：帷幄（イアク）  ★幄（とばり）  1.屋根のように上からおおった幕。  2.比喩的に用いて、ものを隔てたりおおい隠したりするもののたとえ。〈漢字ペディア〉  ●H05-1㈠,読み方をご入力ください,Text
"勇を好みて貧しきを__疾__むは乱る
関連熟語：疾悪（シツオ／シツアク）  ★疾む（にく-む） 深く恨む。〈漢辞海〉  ●R02-2㈠",にく,関連熟語：疾悪（シツオ／シツアク）  ★疾む（にく-む） 深く恨む。〈漢辞海〉  ●R02-2㈠,読み方をご入力ください,Text
"友と酒を酌み交わし__燕__ぐ
関連熟語：燕居（エンキョ）  ●H11-2㈠",くつろ,関連熟語：燕居（エンキョ）  ●H11-2㈠,読み方をご入力ください,Text
"友を集め一宵の酒を__斟__むこと久し
関連熟語：斟酌（シンシャク）  ★斟む（く-む）  1.水などをすくいとる。酒をくみかわす。  2.人の心中や物事の事情などをおしはかり考える。斟酌(ｼﾝｼｬｸ)する。  3.思想,流儀などを受け継ぐ。〈漢字ペディア〉",く,"関連熟語：斟酌（シンシャク）  ★斟む（く-む）  1.水などをすくいとる。酒をくみかわす。  2.人の心中や物事の事情などをおしはかり考える。斟酌(ｼﾝｼｬｸ)する。  3.思想,流儀などを受け継ぐ。〈漢字ペディア〉",読み方をご入力ください,Text
"有為の奥山、路__嶮__し
関連熟語：嶮岨（ケンソ）  ★嶮しい／険しい（けわ-しい） 登るのが困難なほど、傾斜が急なさま。〈漢字ペディア〉",けわ,関連熟語：嶮岨（ケンソ）  ★嶮しい／険しい（けわ-しい） 登るのが困難なほど、傾斜が急なさま。〈漢字ペディア〉,読み方をご入力ください,Text
"有虞氏は徳を貴び__歯__を尚ぶ
関連熟語：馬歯（バシ）  ★歯／齢（よわい）  1.年齢。とし。  2.年配。年ごろ。〈漢字ペディア〉  ●H11-2㈠",よわい,関連熟語：馬歯（バシ）  ★歯／齢（よわい）  1.年齢。とし。  2.年配。年ごろ。〈漢字ペディア〉  ●H11-2㈠,読み方をご入力ください,Text
"有司は__畢__く朝に立つ
関連熟語：畢至（ヒッシ）  ●H09-2㈠／ ●H11-3㈠",ことごと,関連熟語：畢至（ヒッシ）  ●H09-2㈠／ ●H11-3㈠,読み方をご入力ください,Text
"予定外の__需__めにそなえる
関連熟語：必需（ヒツジュ）  ★需める（もと-める） 必要なこととして要求する。あてにして待つ。〈漢字ペディア〉  ●H11-2㈠",もと,関連熟語：必需（ヒツジュ）  ★需める（もと-める） 必要なこととして要求する。あてにして待つ。〈漢字ペディア〉  ●H11-2㈠,読み方をご入力ください,Text
"予乃の徳を__懋__んにす
関連熟語：懋典（ボウテン）  ●H30-1㈠",さか,関連熟語：懋典（ボウテン）  ●H30-1㈠,読み方をご入力ください,Text
"幼なれども__肯__えて長に事えず
関連熟語：--  ★肯えて（あ-えて） よいと思って。うなずいて。自らすすんで。〈漢字ペディア〉",あ,関連熟語：--  ★肯えて（あ-えて） よいと思って。うなずいて。自らすすんで。〈漢字ペディア〉,読み方をご入力ください,Text
"幼児には常に__誑__くこと毋きを視す
関連熟語：欺誑（ギキョウ）  ●H09-2㈠",あざむ,関連熟語：欺誑（ギキョウ）  ●H09-2㈠,読み方をご入力ください,Text
"幼帝を__簇__がり擁る
関連熟語：簇生（ゾクセイ／ソウセイ）  ★簇がる（むら-がる） むらがり生える。群生する。たくさん集まる。〈漢字ペディア〉  ●H13-1㈠",むら,関連熟語：簇生（ゾクセイ／ソウセイ）  ★簇がる（むら-がる） むらがり生える。群生する。たくさん集まる。〈漢字ペディア〉  ●H13-1㈠,読み方をご入力ください,Text
"妖夫曳きて__衒__り、何ぞ市に号ぶ
関連熟語：估衒（コゲン）  ★衒る（う-る）  1.街を歩いて売り声を掛けながら売る。  2.売り出す。  3.採用されることを求めて、自分を売り込む。〈漢辞海〉",う,関連熟語：估衒（コゲン）  ★衒る（う-る）  1.街を歩いて売り声を掛けながら売る。  2.売り出す。  3.採用されることを求めて、自分を売り込む。〈漢辞海〉,読み方をご入力ください,Text
"容貌を__貶__られる謂われはない
関連熟語：褒貶（ホウヘン）  ★貶る（そし-る） けなす。さげすむ。悪い評価をする。〈漢辞海〉",そし,関連熟語：褒貶（ホウヘン）  ★貶る（そし-る） けなす。さげすむ。悪い評価をする。〈漢辞海〉,読み方をご入力ください,Text
"羊性淫にして__很__る
関連熟語：很忤（コンゴ）  ★很る／狠る（もと-る） 人の言うことを聞かないでさからう。人の言うことにそむいてあらそう。〈漢字ペディア〉",もと,関連熟語：很忤（コンゴ）  ★很る／狠る（もと-る） 人の言うことを聞かないでさからう。人の言うことにそむいてあらそう。〈漢字ペディア〉,読み方をご入力ください,Text
"羊百草を__齧__み、鶏五穀を啄む
関連熟語：蹄齧（テイゲツ）  ★齧む（か-む） 上下の歯を合わせて切れ目をつける。かみ切る。歯を立てて、物に傷をつける。〈漢字ペディア〉",か,関連熟語：蹄齧（テイゲツ）  ★齧む（か-む） 上下の歯を合わせて切れ目をつける。かみ切る。歯を立てて、物に傷をつける。〈漢字ペディア〉,読み方をご入力ください,Text
"遥かに瀑布の前川に__挂__かるを看る
関連熟語：挂冠（ケイカン／カイカン）  ★挂ける／掛ける（か-ける） 高所にひっかける。つりさげる。〈漢字ペディア〉",か,関連熟語：挂冠（ケイカン／カイカン）  ★挂ける／掛ける（か-ける） 高所にひっかける。つりさげる。〈漢字ペディア〉,読み方をご入力ください,Text
"陽炎が立ち、__土熱__れの上がる猛暑日
関連熟語：--  ★土熱れ（つちいき-れ） 夏、強い日光に照りつけられて土が熱気を発すること。また、その熱気。〈漢字ペディア〉",つちいき,関連熟語：--  ★土熱れ（つちいき-れ） 夏、強い日光に照りつけられて土が熱気を発すること。また、その熱気。〈漢字ペディア〉,読み方をご入力ください,Text
"頼政がはね箸したり__菰粽__
関連熟語：--  ★菰粽（こもちまき） 真菰(ﾏｺﾓ)の葉で包んだちまき。〈日本国語大辞典〉",こもちまき,関連熟語：--  ★菰粽（こもちまき） 真菰(ﾏｺﾓ)の葉で包んだちまき。〈日本国語大辞典〉,読み方をご入力ください,Text
"落花流水、__太__だ茫然たり
関連熟語：太古（タイコ）  ★太だ（はなは-だ） 程度が大きく、激しいさま。ひどく。〈漢字ペディア〉  ●H07-2㈠",はなは,関連熟語：太古（タイコ）  ★太だ（はなは-だ） 程度が大きく、激しいさま。ひどく。〈漢字ペディア〉  ●H07-2㈠,読み方をご入力ください,Text
"乱を__撥__め正に反す
関連熟語：撥乱（ハツラン）  ★撥める（おさ-める） 治め正す。〈漢辞海〉",おさ,関連熟語：撥乱（ハツラン）  ★撥める（おさ-める） 治め正す。〈漢辞海〉,読み方をご入力ください,Text
"糧を__贏__してこれに趣く
関連熟語：贏儲（エイチョ）  ★贏る（あま-る） 必要以上に残る。財貨がありあまる。もうけが残る。〈漢字ペディア〉  ●H13-3㈠／ ●H19-3㈠",あま,関連熟語：贏儲（エイチョ）  ★贏る（あま-る） 必要以上に残る。財貨がありあまる。もうけが残る。〈漢字ペディア〉  ●H13-3㈠／ ●H19-3㈠,読み方をご入力ください,Text
"領主は__恣__な生活を送った
関連熟語：放恣（ホウシ）  ★恣（ほしいまま） 自分勝手にするさま。わがまま。〈漢字ペディア〉  ●H17-2㈠",ほしいまま,関連熟語：放恣（ホウシ）  ★恣（ほしいまま） 自分勝手にするさま。わがまま。〈漢字ペディア〉  ●H17-2㈠,読み方をご入力ください,Text
"烈士は名に__徇__う
関連熟語：徇死（ジュンシ）  ★徇う／殉う（したが-う） あることのために身を投げ出す。また、主となるものについていく。〈漢字ペディア〉  ●H22-2㈠",したが,関連熟語：徇死（ジュンシ）  ★徇う／殉う（したが-う） あることのために身を投げ出す。また、主となるものについていく。〈漢字ペディア〉  ●H22-2㈠,読み方をご入力ください,Text
"烈風で__檣__が折れてしまった
関連熟語：船檣（センショウ）  ★檣／帆柱（ほばしら） 船の帆を張るための柱。マスト。〈漢字ペディア〉  ●H10-3㈠／ ●H17-2㈠",ほばしら,関連熟語：船檣（センショウ）  ★檣／帆柱（ほばしら） 船の帆を張るための柱。マスト。〈漢字ペディア〉  ●H10-3㈠／ ●H17-2㈠,読み方をご入力ください,Text
"恋の上荷を__撥__ねる
関連熟語：撥水（ハッスイ）  ★撥ねる（は-ねる）  1.はじきとばす。  2.基準に合わないものを取り除く。  3.かすめとる。  4.拒否する。はねつける。  5.書道で、字画の末尾の部分を筆先を払い上げるように書く。〈漢字ペディア〉  ▼恋(ｺｲ)の上荷(ｳﾜﾆ)を撥ねる…人目を忍んで他人の恋人などと通じる。「上荷を撥ねる」は、積み荷の一部を盗むこと。〈故事俗信ことわざ大辞典〉",は,関連熟語：撥水（ハッスイ）  ★撥ねる（は-ねる）  1.はじきとばす。  2.基準に合わないものを取り除く。  3.かすめとる。  4.拒否する。はねつける。  5.書道で、字画の末尾の部分を筆先を払い上げるように書く。〈漢字ペディア〉  ▼恋(ｺｲ)の上荷(ｳﾜﾆ)を撥ねる…人目を忍んで他人の恋人などと通じる。「上荷を撥ねる」は、積み荷の一部を盗むこと。〈故事俗信ことわざ大辞典〉,読み方をご入力ください,Text
"連山湖面に影を__涵__して静まっている
関連熟語：潜涵（センカン）  ★涵す（ひた-す） たっぷりと水につける。ざぶりと水に入れる。十分にうるおす。〈漢字ペディア〉  ●R01-1㈠",ひた,関連熟語：潜涵（センカン）  ★涵す（ひた-す） たっぷりと水につける。ざぶりと水に入れる。十分にうるおす。〈漢字ペディア〉  ●R01-1㈠,読み方をご入力ください,Text
"労多くして日既に__旰__る
関連熟語：旰食（カンショク）  ★旰れる（く-れる） 日が沈む。太陽が沈んであたりが暗くなる。〈漢字ペディア〉  ●H28-1㈠／ ●R01-3㈠",く,関連熟語：旰食（カンショク）  ★旰れる（く-れる） 日が沈む。太陽が沈んであたりが暗くなる。〈漢字ペディア〉  ●H28-1㈠／ ●R01-3㈠,読み方をご入力ください,Text
"老軀を__挈__げて御前試合に臨む
関連熟語：挈瓶（ケツベイ／ケッペイ／ケツペイ）  ★挈げる（ひっさ-げる）手にひっかけて持つ。〈漢字ペディア〉  ●H22-3㈠",ひっさ,関連熟語：挈瓶（ケツベイ／ケッペイ／ケツペイ）  ★挈げる（ひっさ-げる）手にひっかけて持つ。〈漢字ペディア〉  ●H22-3㈠,読み方をご入力ください,Text
"老子を__孚__みしものは当時の社会なり
関連熟語：孚育（フイク）  ★孚む（はぐく-む） 親鳥が羽で卵を抱いてかえす。また、育てる。〈漢字ペディア〉  ●H12-2㈠／ ●H23-2㈠",はぐく,関連熟語：孚育（フイク）  ★孚む（はぐく-む） 親鳥が羽で卵を抱いてかえす。また、育てる。〈漢字ペディア〉  ●H12-2㈠／ ●H23-2㈠,読み方をご入力ください,Text
"老先生鏡を覗き__鑷__を取り出ず
関連熟語：鑷子（ジョウシ／セッシ）  ★鑷（けぬき） 毛,ひげ,とげなどをはさんで抜きとる道具。〈漢字ペディア〉  ●R01-2㈠",けぬき,"関連熟語：鑷子（ジョウシ／セッシ）  ★鑷（けぬき） 毛,ひげ,とげなどをはさんで抜きとる道具。〈漢字ペディア〉  ●R01-2㈠",読み方をご入力ください,Text
"和を以て貴しとなし__忤__うることなきを宗とせよ
関連熟語：乖忤（カイゴ）  ★忤う／牾らう（さから-う／さか-らう） そむく。くいちがう。逆の方向に進む。〈漢字ペディア〉  ●H09-3㈠",さから,関連熟語：乖忤（カイゴ）  ★忤う／牾らう（さから-う／さか-らう） そむく。くいちがう。逆の方向に進む。〈漢字ペディア〉  ●H09-3㈠,読み方をご入力ください,Text
"僮僕歓び迎え、稚子門に__候__つ
関連熟語：候補（コウホ）  ★候つ（ま-つ） うかがいまつ。まちうける。まちむかえる。来るのをあてにする。〈漢字ペディア〉  ●H12-1㈠／ ●H20-1㈠",ま,関連熟語：候補（コウホ）  ★候つ（ま-つ） うかがいまつ。まちうける。まちむかえる。来るのをあてにする。〈漢字ペディア〉  ●H12-1㈠／ ●H20-1㈠,読み方をご入力ください,Text
"冢を__発__いて遺恨をはらす
関連熟語：摘発（テキハツ）  ★発く（あば-く） 土を掘りおこし、埋めた物を取り出す。外にさらけ出す。〈漢字ペディア〉  ●R01-2㈠",あば,関連熟語：摘発（テキハツ）  ★発く（あば-く） 土を掘りおこし、埋めた物を取り出す。外にさらけ出す。〈漢字ペディア〉  ●R01-2㈠,読み方をご入力ください,Text
"叺を卸して__秣__を宛がった
関連熟語：芻秣（スウマツ）  ★秣／馬草（まぐさ） ウシやウマなどの飼料にする草やわら。かいば。〈漢字ペディア〉",まぐさ,関連熟語：芻秣（スウマツ）  ★秣／馬草（まぐさ） ウシやウマなどの飼料にする草やわら。かいば。〈漢字ペディア〉,読み方をご入力ください,Text
"哭声直上して雲霄を__干__す
関連熟語：干渉（カンショウ）  ★干す（おか-す） 障害を越えて突き進む。他の領域を害する。押し掛けて求めかかわる。〈漢字ペディア〉  ●H12-2㈠",おか,関連熟語：干渉（カンショウ）  ★干す（おか-す） 障害を越えて突き進む。他の領域を害する。押し掛けて求めかかわる。〈漢字ペディア〉  ●H12-2㈠,読み方をご入力ください,Text
"哺乳類にも__蹼__をもつものがある
関連熟語：蹼足（ボクソク）  ★蹼／水搔き（みずかき／みずか-き） 水鳥や両生類のてやあしの指の間にある、薄い膜状のもの。水をかいて泳ぐ。〈漢字ペディア〉  ●H12-1㈠／ ●H17-2㈠／ ●H25-1㈠／ ●R01-3㈠",みずかき,関連熟語：蹼足（ボクソク）  ★蹼／水搔き（みずかき／みずか-き） 水鳥や両生類のてやあしの指の間にある、薄い膜状のもの。水をかいて泳ぐ。〈漢字ペディア〉  ●H12-1㈠／ ●H17-2㈠／ ●H25-1㈠／ ●R01-3㈠,読み方をご入力ください,Text
"孳孳として民を__恤__みたもう
関連熟語：救恤（キュウジュツ）  ★恤む（めぐ-む） 気の毒な人に、金品を施す。あわれに思って金品を与える。〈漢字ペディア〉",めぐ,関連熟語：救恤（キュウジュツ）  ★恤む（めぐ-む） 気の毒な人に、金品を施す。あわれに思って金品を与える。〈漢字ペディア〉,読み方をご入力ください,Text
"尸禄殃を__貽__し負乗悔を招く
関連熟語：貽厥（イケツ）  ★貽す（のこ-す） 後にのこす。〈漢辞海〉  ●H11-3㈠／ ●H19-2㈠",のこ,関連熟語：貽厥（イケツ）  ★貽す（のこ-す） 後にのこす。〈漢辞海〉  ●H11-3㈠／ ●H19-2㈠,読み方をご入力ください,Text
"彝倫の道、既に民に__浹__し
関連熟語：鬯浹（チョウショウ）  ★浹し（あまね-し） すみずみまで、広くゆきわたっているさま。〈漢字ペディア〉  ●H19-3㈠／ ●H25-1㈠",あまね,関連熟語：鬯浹（チョウショウ）  ★浹し（あまね-し） すみずみまで、広くゆきわたっているさま。〈漢字ペディア〉  ●H19-3㈠／ ●H25-1㈠,読み方をご入力ください,Text
"悵然としてピアノに__倚__れり
関連熟語：倚門（イモン）  ★倚る（よ-る） もたれる。よりかかる。体をもたせかける。〈漢字ペディア〉",よ,関連熟語：倚門（イモン）  ★倚る（よ-る） もたれる。よりかかる。体をもたせかける。〈漢字ペディア〉,読み方をご入力ください,Text
"慵い__憊__れの翳を容姿に見せる
関連熟語：困憊（コンパイ）  ★憊れる（つか-れる） 倒れるほどに弱る。力も尽きるほどにくたびれきる。〈漢字ペディア〉",つか,関連熟語：困憊（コンパイ）  ★憊れる（つか-れる） 倒れるほどに弱る。力も尽きるほどにくたびれきる。〈漢字ペディア〉,読み方をご入力ください,Text
"懺悔もし__竟__わればすなわち怡悦す
関連熟語：竟宴（キョウエン）  ★竟わる（お-わる） 最後までやりとげる。最後の境界まで行きつく。〈漢字ペディア〉",お,関連熟語：竟宴（キョウエン）  ★竟わる（お-わる） 最後までやりとげる。最後の境界まで行きつく。〈漢字ペディア〉,読み方をご入力ください,Text
"搦め手を__擣__いて陥れる
関連熟語：擣虚（トウキョ）  ★擣く／搗く（つ-く）  1.つきかためる。  2.臼でつきくだく。  3.つきさす。攻める。〈漢辞海〉  ●H28-1㈠",つ,関連熟語：擣虚（トウキョ）  ★擣く／搗く（つ-く）  1.つきかためる。  2.臼でつきくだく。  3.つきさす。攻める。〈漢辞海〉  ●H28-1㈠,読み方をご入力ください,Text
"杳として__繹__ぬべからず
関連熟語：尋繹（ジンエキ）  ★繹ねる（たず-ねる） 物事のいわれを探りたずねる。一つずつ引き出して吟味する。〈漢字ペディア〉  ●H25-1㈠",たず,関連熟語：尋繹（ジンエキ）  ★繹ねる（たず-ねる） 物事のいわれを探りたずねる。一つずつ引き出して吟味する。〈漢字ペディア〉  ●H25-1㈠,読み方をご入力ください,Text
"晨露晞きて草__馥__る
関連熟語：芳馥（ホウフク）  ★馥る（かお-る） 香り高い。かんばしい。〈漢辞海〉",かお,関連熟語：芳馥（ホウフク）  ★馥る（かお-る） 香り高い。かんばしい。〈漢辞海〉,読み方をご入力ください,Text
"朧に薄紅の螺鈿を__鐫__る
関連熟語：彫鐫（チョウセン）  ★鐫る（ほ-る／え-る） のみで刻みつける。のみで穴をあける。〈漢字ペディア〉  ●H10-1㈠／ ●H20-2㈠","ほ,え",関連熟語：彫鐫（チョウセン）  ★鐫る（ほ-る／え-る） のみで刻みつける。のみで穴をあける。〈漢字ペディア〉  ●H10-1㈠／ ●H20-2㈠,読み方をご入力ください,Text
"歉らぬ思いは__揩__うべくもない
関連熟語：浄揩（ジョウカイ）  ★揩う（ぬぐ-う） ふきとる。こすりとってきれいにする。〈漢字ペディア〉  ●H19-3㈠／ ●H21-2㈠／ ●H25-3㈠／ ●H30-3㈠",ぬぐ,関連熟語：浄揩（ジョウカイ）  ★揩う（ぬぐ-う） ふきとる。こすりとってきれいにする。〈漢字ペディア〉  ●H19-3㈠／ ●H21-2㈠／ ●H25-3㈠／ ●H30-3㈠,読み方をご入力ください,Text
"汨水の__頭__に立ち来し方行く末を惟う
関連熟語：店頭（テントウ）  ★頭（ほとり） 付近。かたわら。〈漢辞海〉  ●H30-3㈠",ほとり,関連熟語：店頭（テントウ）  ★頭（ほとり） 付近。かたわら。〈漢辞海〉  ●H30-3㈠,読み方をご入力ください,Text
"涅すれども__緇__まず
関連熟語：緇林（シリン）  ★緇む（くろ-む） くろくなる。黒く染まる。〈漢字ペディア〉  ▼涅(ﾃﾞｯ)すれども緇まず…悪い環境の中でよからぬ人物とつきあっても、それに影響されないことのたとえ。いくら黒い土で染めても黒くならない意。〈故事俗信ことわざ大辞典〉  ●H10-3㈠",くろ,関連熟語：緇林（シリン）  ★緇む（くろ-む） くろくなる。黒く染まる。〈漢字ペディア〉  ▼涅(ﾃﾞｯ)すれども緇まず…悪い環境の中でよからぬ人物とつきあっても、それに影響されないことのたとえ。いくら黒い土で染めても黒くならない意。〈故事俗信ことわざ大辞典〉  ●H10-3㈠,読み方をご入力ください,Text
"澆季の政、外患__荐__りに迫る
関連熟語：荐食（センショク）  ★荐りに（しき-りに） 重ね重ね。しばしば。〈漢字ペディア〉",しき,関連熟語：荐食（センショク）  ★荐りに（しき-りに） 重ね重ね。しばしば。〈漢字ペディア〉,読み方をご入力ください,Text
"焉んぞ殫く__籌__るべけんや
関連熟語：籌算（チュウサン）  ★籌る（はか-る） 計算する。策を練る。〈漢辞海〉  ●H12-3㈠",はか,関連熟語：籌算（チュウサン）  ★籌る（はか-る） 計算する。策を練る。〈漢辞海〉  ●H12-3㈠,読み方をご入力ください,Text
"燧を__鑽__りて火を改む
関連熟語：鑽燧（サンスイ）  ★鑽る（き-る）  1.きりもみして穴をあけたり火をおこしたりする。  2.あしきりの刑に処する。〈漢字ペディア〉  ●H20-3㈠／ ●H26-3㈠",き,関連熟語：鑽燧（サンスイ）  ★鑽る（き-る）  1.きりもみして穴をあけたり火をおこしたりする。  2.あしきりの刑に処する。〈漢字ペディア〉  ●H20-3㈠／ ●H26-3㈠,読み方をご入力ください,Text
"甎を__拋__げて玉を引く
関連熟語：拋車（ホウシャ）  ▼甎(ｶﾜﾗ)を拋げて玉を引く…自分の取るに足らない詩文や見解を示して、他人の貴重な詩文や見解を引き出すことの謙譲表現。〈漢辞海〉",な,関連熟語：拋車（ホウシャ）  ▼甎(ｶﾜﾗ)を拋げて玉を引く…自分の取るに足らない詩文や見解を示して、他人の貴重な詩文や見解を引き出すことの謙譲表現。〈漢辞海〉,読み方をご入力ください,Text
"羈旅の__羸__れたる人に親しまん
関連熟語：羸兵（ルイヘイ）  ★羸れる（つか-れる） 力がなくなってぐったりする。力がなえて衰える。弱る。〈漢字ペディア〉",つか,関連熟語：羸兵（ルイヘイ）  ★羸れる（つか-れる） 力がなくなってぐったりする。力がなえて衰える。弱る。〈漢字ペディア〉,読み方をご入力ください,Text
"膠漆相__賊__ない、氷炭相憩う
関連熟語：賊害（ゾクガイ）  ★賊なう（そこ-なう） 凶器で傷つける。殺傷、また乱暴する。害を与える。〈漢字ペディア〉  ●H10-1㈠",そこ,関連熟語：賊害（ゾクガイ）  ★賊なう（そこ-なう） 凶器で傷つける。殺傷、また乱暴する。害を与える。〈漢字ペディア〉  ●H10-1㈠,読み方をご入力ください,Text
"臂を捲り__臀__を絡げて立ち働く
関連熟語：臀部（デンブ）  ★臀（しり） 動物の肛門のそばの肉の豊かについた部分。腰の後ろ下の部分。けつ。〈漢字ペディア〉  ●H24-3㈠",しり,関連熟語：臀部（デンブ）  ★臀（しり） 動物の肛門のそばの肉の豊かについた部分。腰の後ろ下の部分。けつ。〈漢字ペディア〉  ●H24-3㈠,読み方をご入力ください,Text
"藐藐たる昊天克く__鞏__からざる無し
関連熟語：鞏固（キョウコ）  ★鞏い（かた-い） しっかりしていてゆるがない。城の守りなどが丈夫でこわれない。〈漢字ペディア〉  ●H21-1㈠／ ●H29-1㈠",かた,関連熟語：鞏固（キョウコ）  ★鞏い（かた-い） しっかりしていてゆるがない。城の守りなどが丈夫でこわれない。〈漢字ペディア〉  ●H21-1㈠／ ●H29-1㈠,読み方をご入力ください,Text
"藜の__嫩葉__を食用にする
関連熟語：嫩葉（ドンヨウ）  ★若葉／嫩葉（わかば） 芽生えたばかりのやわらかい葉。新葉。〈漢字ペディア〉  ●H27-1㈠",わかば,関連熟語：嫩葉（ドンヨウ）  ★若葉／嫩葉（わかば） 芽生えたばかりのやわらかい葉。新葉。〈漢字ペディア〉  ●H27-1㈠,読み方をご入力ください,Text
"蝨を__捫__りつぶして当世の務めを談ず
関連熟語：捫蝨（モンシツ）  ▼蝨(ｼﾗﾐ)を捫る…人前であっても、あえて礼儀作法などにこだわらない態度をとること。傍若無人。中国、晋(ｼﾝ)代の隠者王猛が桓温(ｶﾝｵﾝ)に会見したとき、蝨をつぶしながら時世や政治を論じたことから。〈漢字ペディア〉  ●H11-3㈠",ひね,関連熟語：捫蝨（モンシツ）  ▼蝨(ｼﾗﾐ)を捫る…人前であっても、あえて礼儀作法などにこだわらない態度をとること。傍若無人。中国、晋(ｼﾝ)代の隠者王猛が桓温(ｶﾝｵﾝ)に会見したとき、蝨をつぶしながら時世や政治を論じたことから。〈漢字ペディア〉  ●H11-3㈠,読み方をご入力ください,Text
"襦袢の袖振るや__嬌__かしき
関連熟語：嬌声（キョウセイ）  ★嬌かしい（なまめ-かしい） こびを含んで色っぽい。女らしさがあふれて美しい。〈漢字ペディア〉",なまめ,関連熟語：嬌声（キョウセイ）  ★嬌かしい（なまめ-かしい） こびを含んで色っぽい。女らしさがあふれて美しい。〈漢字ペディア〉,読み方をご入力ください,Text
"詭詐多きを以て深く其の人と為りを__鄙__しむ
関連熟語：鄙吝（ヒリン）  ★鄙しむ（いや-しむ） いやしい者として見下げる。さげすむ。〈漢字ペディア〉  ●H10-3㈠",いや,関連熟語：鄙吝（ヒリン）  ★鄙しむ（いや-しむ） いやしい者として見下げる。さげすむ。〈漢字ペディア〉  ●H10-3㈠,読み方をご入力ください,Text
"輻が轂に__輳__まる
関連熟語：輻輳（フクソウ）  ★輳まる（あつ-まる）  1.車輪の輻（や）が軸受け（轂）に集まる。  2.集中する。一か所に集まる。〈漢辞海〉  ●H13-3㈠",あつ,関連熟語：輻輳（フクソウ）  ★輳まる（あつ-まる）  1.車輪の輻（や）が軸受け（轂）に集まる。  2.集中する。一か所に集まる。〈漢辞海〉  ●H13-3㈠,読み方をご入力ください,Text
"逞しい__肉叢__が汗で光っている
関連熟語：--  ★肉叢（ししむら） 肉のかたまり。また、体の肉。肉体。〈漢字ペディア〉  ●H16-3㈠／ ●H26-1㈠",ししむら,関連熟語：--  ★肉叢（ししむら） 肉のかたまり。また、体の肉。肉体。〈漢字ペディア〉  ●H16-3㈠／ ●H26-1㈠,読み方をご入力ください,Text
"饑饉__仍__ねて臻る
関連熟語：仍世（ジョウセイ）",かさ,関連熟語：仍世（ジョウセイ）,読み方をご入力ください,Text
"髻に__綰__べ庭隅に下る
関連熟語：綰摂（ワンショウ／ワンセツ）  ★綰べる（す-べる）  1.長いものをぐるぐるまわして結ぶ。巻き上げる。  2.制御する。支配する。〈漢辞海〉",す,関連熟語：綰摂（ワンショウ／ワンセツ）  ★綰べる（す-べる）  1.長いものをぐるぐるまわして結ぶ。巻き上げる。  2.制御する。支配する。〈漢辞海〉,読み方をご入力ください,Text
"魴魚頳尾、王室__燬__くが如し
関連熟語：焼燬（ショウキ）  ★燬く（や-く） もやす。〈漢辞海〉",や,関連熟語：焼燬（ショウキ）  ★燬く（や-く） もやす。〈漢辞海〉,読み方をご入力ください,Text
"觥籌こもごも__錯__じる
関連熟語：交錯（コウサク）  ★錯じる（ま-じる） たてよこに入り乱れる。入れちがってそろわない。〈漢字ペディア〉",ま,関連熟語：交錯（コウサク）  ★錯じる（ま-じる） たてよこに入り乱れる。入れちがってそろわない。〈漢字ペディア〉,読み方をご入力ください,Text
"__花薄__あまりまねけばうら枯れて
関連熟語：--  ★花薄（はなすすき）  1.穂の出たススキ。尾花。  2.襲(ｶｻﾈ)の色目の一種。表は白、裏は薄い縹(ﾊﾅﾀﾞ)色。〈漢字ペディア〉",はなすすき,関連熟語：--  ★花薄（はなすすき）  1.穂の出たススキ。尾花。  2.襲(ｶｻﾈ)の色目の一種。表は白、裏は薄い縹(ﾊﾅﾀﾞ)色。〈漢字ペディア〉,読み方をご入力ください,Text
"__解__し織りの銘仙が一世を風靡した
関連熟語：--  ★解し織り（ほぐ-し-お-り） 絣(ｶｽﾘ)織物の一種。粗く練り糸を入れて仮織りした布に模様を染め、再び織機にかけて練り糸を抜き本織りしたもの。ほぐしがすり。〈漢字ペディア〉",ほぐ,関連熟語：--  ★解し織り（ほぐ-し-お-り） 絣(ｶｽﾘ)織物の一種。粗く練り糸を入れて仮織りした布に模様を染め、再び織機にかけて練り糸を抜き本織りしたもの。ほぐしがすり。〈漢字ペディア〉,読み方をご入力ください,Text
"__幾__しを知るは、其れ神か
関連熟語：幾微（キビ）  ★幾し（きざ-し）  1.かすかな前ぶれ。  2.病気の前ぶれ。〈漢辞海〉",きざ,関連熟語：幾微（キビ）  ★幾し（きざ-し）  1.かすかな前ぶれ。  2.病気の前ぶれ。〈漢辞海〉,読み方をご入力ください,Text
"__向__には括り、今や髪を被る
関連熟語：向来（キョウライ）  ★嚮に／向に（さき-に） 以前に。まえに。さきごろ。むかし。〈漢字ペディア〉",さき,関連熟語：向来（キョウライ）  ★嚮に／向に（さき-に） 以前に。まえに。さきごろ。むかし。〈漢字ペディア〉,読み方をご入力ください,Text
"__女寡__に花が咲く
関連熟語：寡婦（カフ）  ★女寡（おんなやもめ） 夫を亡くして一人でいる女性。未亡人。後家。寡婦。⇔男鰥(ｵﾄｺﾔﾓﾒ)〈日本国語大辞典〉  ▼女寡に花が咲く…女がやもめになると、かえって身の世話がいき届き、男たちからももてはやされる。〈日本国語大辞典〉",おんなやもめ,関連熟語：寡婦（カフ）  ★女寡（おんなやもめ） 夫を亡くして一人でいる女性。未亡人。後家。寡婦。⇔男鰥(ｵﾄｺﾔﾓﾒ)〈日本国語大辞典〉  ▼女寡に花が咲く…女がやもめになると、かえって身の世話がいき届き、男たちからももてはやされる。〈日本国語大辞典〉,読み方をご入力ください,Text
"__少__く両人は睨み合っていた
関連熟語：少時（ショウジ）",しばら,関連熟語：少時（ショウジ）,読み方をご入力ください,Text
"__双肌__を脱いで太い撥を握った
関連熟語：双手（ソウシュ）  ★双肌／諸肌／両肌（もろはだ） 両方の肩の肌。人の上半身の肌。⇔片肌〈漢字ペディア〉",もろはだ,関連熟語：双手（ソウシュ）  ★双肌／諸肌／両肌（もろはだ） 両方の肩の肌。人の上半身の肌。⇔片肌〈漢字ペディア〉,読み方をご入力ください,Text
"__逮__えられて将に戮せられんとす
関連熟語：逮捕（タイホ）",とら,関連熟語：逮捕（タイホ）,読み方をご入力ください,Text
"いと歯痒くて心__苛__つなるべし
関連熟語：--  ★苛つ（いら-つ）  1.気持ちが落ち着かなくいらいらする。いらだつ。  2.物事を早くするようにせきたてる。〈大辞泉〉",いら,関連熟語：--  ★苛つ（いら-つ）  1.気持ちが落ち着かなくいらいらする。いらだつ。  2.物事を早くするようにせきたてる。〈大辞泉〉,読み方をご入力ください,Text
"その源は以て觴を__濫__かぶべし
関連熟語：濫觴（ランショウ）  ★濫かべる（う-かべる） 浮かべる。〈漢辞海〉",う,関連熟語：濫觴（ランショウ）  ★濫かべる（う-かべる） 浮かべる。〈漢辞海〉,読み方をご入力ください,Text
"その像を__肖__りて之に事う
関連熟語：肖像（ショウゾウ）  ★肖る（かたど-る） 似せて絵や彫刻などにする。〈漢辞海〉",かたど,関連熟語：肖像（ショウゾウ）  ★肖る（かたど-る） 似せて絵や彫刻などにする。〈漢辞海〉,読み方をご入力ください,Text
"その輪奐の美を__討__ねて殿堂を廻る
関連熟語：検討（ケントウ）  ★討ねる（たず-ねる） 訪問する。おとずれる。〈漢辞海〉",たず,関連熟語：検討（ケントウ）  ★討ねる（たず-ねる） 訪問する。おとずれる。〈漢辞海〉,読み方をご入力ください,Text
"ただ功徳の為に幾桛と糸を__績__ぐ
関連熟語：紡績（ボウセキ）  ★績ぐ（つむ-ぐ） 麻などの繊維をつむいで糸にする。〈漢辞海〉",つむ,関連熟語：紡績（ボウセキ）  ★績ぐ（つむ-ぐ） 麻などの繊維をつむいで糸にする。〈漢辞海〉,読み方をご入力ください,Text
"ひとえ__四片__の白蓮華
関連熟語：--  ★四片（よひら） 花弁が四枚あること。また、その花弁。紫陽花の花をいう。〈日本国語大辞典〉",よひら,関連熟語：--  ★四片（よひら） 花弁が四枚あること。また、その花弁。紫陽花の花をいう。〈日本国語大辞典〉,読み方をご入力ください,Text
"一切の__罪科__もない人間を縄に掛ける
関連熟語：罪科（ザイカ）  ★罪科（つみとが）  1.つみととが。悪事と過失。その責任。罪過。  2.キリスト教で、神の意志にそむくことをいう。〈日本国語大辞典〉",つみとが,関連熟語：罪科（ザイカ）  ★罪科（つみとが）  1.つみととが。悪事と過失。その責任。罪過。  2.キリスト教で、神の意志にそむくことをいう。〈日本国語大辞典〉,読み方をご入力ください,Text
"一斗を過ぎざるに__径__ちに酔いたり
関連熟語：径行（ケイコウ）  ★径ちに（ただ-ちに）  1.直接に。真っすぐに。何かを間に介在させない意。  2.すぐに。動作や行為が時間を置くことなく発生する意。  3.任意に。思ったままに。〈漢辞海〉",ただ,関連熟語：径行（ケイコウ）  ★径ちに（ただ-ちに）  1.直接に。真っすぐに。何かを間に介在させない意。  2.すぐに。動作や行為が時間を置くことなく発生する意。  3.任意に。思ったままに。〈漢辞海〉,読み方をご入力ください,Text
"一日の敵を__縦__すは、数世の患いなり
関連熟語：擒縦（キンショウ）  ★縦す（ゆる-す） 見逃す。すておく。〈漢辞海〉",ゆる,関連熟語：擒縦（キンショウ）  ★縦す（ゆる-す） 見逃す。すておく。〈漢辞海〉,読み方をご入力ください,Text
"一觴一詠、__漢才__殊に穎れる
関連熟語：--  ★漢才（からざえ） 漢学の才能。漢学に通じること。〈漢字ペディア〉",からざえ,関連熟語：--  ★漢才（からざえ） 漢学の才能。漢学に通じること。〈漢字ペディア〉,読み方をご入力ください,Text
"雨の流れたるを凄まじき瀑と__錯__りけるなり
関連熟語：失錯（シッサク）  ★錯る（あやま-る） しそこなう。まちがえる。〈漢辞海〉",あやま,関連熟語：失錯（シッサク）  ★錯る（あやま-る） しそこなう。まちがえる。〈漢辞海〉,読み方をご入力ください,Text
"燕王__幾__ど死して幸いに逃る
関連熟語：幾望（キボウ）  ★幾ど（ほとん-ど） あと少しのところで。もう少しで。〈漢字ペディア〉",ほとん,関連熟語：幾望（キボウ）  ★幾ど（ほとん-ど） あと少しのところで。もう少しで。〈漢字ペディア〉,読み方をご入力ください,Text
"遠人と__接__わるに礼を以てす
関連熟語：面接（メンセツ）  ★接わる（まじ-わる） 触れる。〈漢辞海〉",まじ,関連熟語：面接（メンセツ）  ★接わる（まじ-わる） 触れる。〈漢辞海〉,読み方をご入力ください,Text
"何ぞ久しく天下の士を__稽__むるに足らんや
関連熟語：稽留（ケイリュウ）  ★稽まる（とど-まる） 遅延する。〈漢辞海〉",とど,関連熟語：稽留（ケイリュウ）  ★稽まる（とど-まる） 遅延する。〈漢辞海〉,読み方をご入力ください,Text
"何も言わずに__肯__いた
関連熟語：首肯（シュコウ）",うなず,関連熟語：首肯（シュコウ）,読み方をご入力ください,Text
"価を__諧__えて然るのち、去るを得
関連熟語：諧価（カイカ）  ★諧う（ととの-う） 調和する。他とうまく調子があう。他とのバランスがとれる。〈漢字ペディア〉",ととの,関連熟語：諧価（カイカ）  ★諧う（ととの-う） 調和する。他とうまく調子があう。他とのバランスがとれる。〈漢字ペディア〉,読み方をご入力ください,Text
"家を__主__り賓客を待たしむ
関連熟語：主税（シュゼイ）  ★主る（つかさど-る） リーダーとなって物事を処理する。統率する。〈漢辞海〉",つかさど,関連熟語：主税（シュゼイ）  ★主る（つかさど-る） リーダーとなって物事を処理する。統率する。〈漢辞海〉,読み方をご入力ください,Text
"禍故重畳し、凶問__累__りに集る
関連熟語：累進（ルイシン）  ★累りに（しき-りに） しばしば。〈漢辞海〉",しき,関連熟語：累進（ルイシン）  ★累りに（しき-りに） しばしば。〈漢辞海〉,読み方をご入力ください,Text
"我__親__ら千人の垢を去らん
関連熟語：親展（シンテン）  ★親ら（みずか-ら） 自分で直接に。自分から。特に、天子が直接行うときに用いる。〈漢字ペディア〉",みずか,関連熟語：親展（シンテン）  ★親ら（みずか-ら） 自分で直接に。自分から。特に、天子が直接行うときに用いる。〈漢字ペディア〉,読み方をご入力ください,Text
"皆国事を以て君を__累__わす
関連熟語：係累（ケイルイ）  ★累わす（わずら-わす）  1.面倒をかける。頼んで手数をかける。  2.迷惑をかける。  3.損なう。さまたげる。〈漢辞海〉",わずら,関連熟語：係累（ケイルイ）  ★累わす（わずら-わす）  1.面倒をかける。頼んで手数をかける。  2.迷惑をかける。  3.損なう。さまたげる。〈漢辞海〉,読み方をご入力ください,Text
"寒暄の辞を__陳__べる
関連熟語：開陳（カイチン）  ★陳べる（の-べる） 自分の考えを申し立てる。意見を展開して説き示す。〈漢字ペディア〉",の,関連熟語：開陳（カイチン）  ★陳べる（の-べる） 自分の考えを申し立てる。意見を展開して説き示す。〈漢字ペディア〉,読み方をご入力ください,Text
"寛を以て猛を__済__い、猛を以て寛を済う
関連熟語：済度（サイド）  ★済う（すく-う） 困難の場にいる人に財物などを与え、助け出す。〈漢字ペディア〉",すく,関連熟語：済度（サイド）  ★済う（すく-う） 困難の場にいる人に財物などを与え、助け出す。〈漢字ペディア〉,読み方をご入力ください,Text
"漢才__詣__りたる翁ども
関連熟語：造詣（ゾウケイ）  ★詣る（いた-る）  1.行き着く。  2.学問などが深い境地まで到達する。〈漢字ペディア〉",いた,関連熟語：造詣（ゾウケイ）  ★詣る（いた-る）  1.行き着く。  2.学問などが深い境地まで到達する。〈漢字ペディア〉,読み方をご入力ください,Text
"翰墨を以て自ら__娯__しむ
関連熟語：歓娯（カンゴ）  ★娯しむ（たの-しむ） 笑い興じて、心を慰める。心を愉快にして興じる。〈漢字ペディア〉",たの,関連熟語：歓娯（カンゴ）  ★娯しむ（たの-しむ） 笑い興じて、心を慰める。心を愉快にして興じる。〈漢字ペディア〉,読み方をご入力ください,Text
"奇策が対抗馬の力を__殺__いだ
関連熟語：減殺（ゲンサイ）  ★殺ぐ（そ-ぐ） けずるようにして量をへらす。はぶく。弱くする。くじく。〈漢字ペディア〉",そ,関連熟語：減殺（ゲンサイ）  ★殺ぐ（そ-ぐ） けずるようにして量をへらす。はぶく。弱くする。くじく。〈漢字ペディア〉,読み方をご入力ください,Text
"既に聞き__陳__した迂説である
関連熟語：陳腐（チンプ）  ★陳い（ふる-い） 時を経たさま。久しい。〈漢辞海〉",ふる,関連熟語：陳腐（チンプ）  ★陳い（ふる-い） 時を経たさま。久しい。〈漢辞海〉,読み方をご入力ください,Text
"久闊の情を__叙__べる
関連熟語：叙情（ジョジョウ）  ★叙べる（の-べる）  1.順序立てて陳述する。  2.ありのままにのべる。〈漢字ペディア〉",の,関連熟語：叙情（ジョジョウ）  ★叙べる（の-べる）  1.順序立てて陳述する。  2.ありのままにのべる。〈漢字ペディア〉,読み方をご入力ください,Text
"郷党には歯を__尚__ぶ
関連熟語：尚歯（ショウシ）  ★尚ぶ（たっと-ぶ／とうと-ぶ）  1.高い価値のあるものとして尊敬する。  2.好みあがめる。重視する。  3.助ける。〈漢辞海〉  ▼郷党(ｷｮｳﾄｳ)には歯(ﾖﾜｲ)を尚ぶ…郷里にあっては、親疎貴賤の別に従うよりも、年長者を尊ぶ。〈故事俗信ことわざ大辞典〉","たっと,とうと",関連熟語：尚歯（ショウシ）  ★尚ぶ（たっと-ぶ／とうと-ぶ）  1.高い価値のあるものとして尊敬する。  2.好みあがめる。重視する。  3.助ける。〈漢辞海〉  ▼郷党(ｷｮｳﾄｳ)には歯(ﾖﾜｲ)を尚ぶ…郷里にあっては、親疎貴賤の別に従うよりも、年長者を尊ぶ。〈故事俗信ことわざ大辞典〉,読み方をご入力ください,Text
"業を__創__め統を垂る
関連熟語：創業（ソウギョウ）  ▼業(ｷﾞｮｳ)を創め統(ﾄｳ)を垂(ﾀ)（た）る…君子が事業の基礎をかためて、それを後の世の子孫に伝える。〈故事俗信ことわざ大辞典〉",はじ,関連熟語：創業（ソウギョウ）  ▼業(ｷﾞｮｳ)を創め統(ﾄｳ)を垂(ﾀ)（た）る…君子が事業の基礎をかためて、それを後の世の子孫に伝える。〈故事俗信ことわざ大辞典〉,読み方をご入力ください,Text
"錦を衣て絅を__尚__う
関連熟語：衣錦尚絅（イキンショウケイ）  ★尚える（くわ-える） ものの上に加える。〈漢辞海〉  ▼錦(ﾆｼｷ)を衣(ｷ)て絅(ｹｲ)を尚う…美しい着物の上に薄いひとえを重ねて着る。君子が自分の美徳を他に誇らず謙虚であることのたとえ。〈故事俗信ことわざ大辞典〉",くわ,関連熟語：衣錦尚絅（イキンショウケイ）  ★尚える（くわ-える） ものの上に加える。〈漢辞海〉  ▼錦(ﾆｼｷ)を衣(ｷ)て絅(ｹｲ)を尚う…美しい着物の上に薄いひとえを重ねて着る。君子が自分の美徳を他に誇らず謙虚であることのたとえ。〈故事俗信ことわざ大辞典〉,読み方をご入力ください,Text
"金人金幣を__須__むるに千万を以て計す
関連熟語：須要（シュヨウ／スヨウ）  ★須める（もと-める）  1.必要とする。  2.要求する。  3.採用する。〈漢辞海〉",もと,関連熟語：須要（シュヨウ／スヨウ）  ★須める（もと-める）  1.必要とする。  2.要求する。  3.採用する。〈漢辞海〉,読み方をご入力ください,Text
"九層の__台__は累土より起こる
関連熟語：灯台（トウダイ）  ★台（うてな）  1.見晴らしのよい高い建物。高殿(ﾀｶﾄﾞﾉ)。  2.物をのせる台。〈漢字ペディア〉  ▼九層(ｸｿｳ)の台は累土(ﾙｲﾄﾞ)より起(ｵ)こる…九階の高層建築も最初はわずかの土を積みあげることから始まる。小さな物の積み重ねが、結局は大をなすことのたとえ。〈故事俗信ことわざ大辞典〉",うてな,関連熟語：灯台（トウダイ）  ★台（うてな）  1.見晴らしのよい高い建物。高殿(ﾀｶﾄﾞﾉ)。  2.物をのせる台。〈漢字ペディア〉  ▼九層(ｸｿｳ)の台は累土(ﾙｲﾄﾞ)より起(ｵ)こる…九階の高層建築も最初はわずかの土を積みあげることから始まる。小さな物の積み重ねが、結局は大をなすことのたとえ。〈故事俗信ことわざ大辞典〉,読み方をご入力ください,Text
"苦汁を__咽__んだような渋っ面
関連熟語：咽下（エンゲ／エンカ）  ★咽む／嚥む（の-む） かたまりなど、つかえた物をのみくだす。ぐっとのみこむ。〈漢字ペディア〉",の,関連熟語：咽下（エンゲ／エンカ）  ★咽む／嚥む（の-む） かたまりなど、つかえた物をのみくだす。ぐっとのみこむ。〈漢字ペディア〉,読み方をご入力ください,Text
"愚民の上に__苛__き政府あり
関連熟語：苛政（カセイ）  ★苛い（から-い／むご-い） きびしい。むごい。〈漢辞海〉","から,むご",関連熟語：苛政（カセイ）  ★苛い（から-い／むご-い） きびしい。むごい。〈漢辞海〉,読み方をご入力ください,Text
"君子の道は、端を夫婦に__造__す
関連熟語：造端（ゾウタン）",な,関連熟語：造端（ゾウタン）,読み方をご入力ください,Text
"君腥を賜えば必ず__熟__て之を薦む
関連熟語：半熟（ハンジュク）  ★熟る（に-る） 火を通して食べられるようにする。〈漢辞海〉",に,関連熟語：半熟（ハンジュク）  ★熟る（に-る） 火を通して食べられるようにする。〈漢辞海〉,読み方をご入力ください,Text
"軽く頰が__熱__るまで火を熾した
関連熟語：情熱（ジョウネツ）  ★熱る（ほて-る） 体や顔が熱くなる。また、そのように感じる。〈漢字ペディア〉",ほて,関連熟語：情熱（ジョウネツ）  ★熱る（ほて-る） 体や顔が熱くなる。また、そのように感じる。〈漢字ペディア〉,読み方をご入力ください,Text
"見上げし母の目は漸く娘に__転__りぬ
関連熟語：転居（テンキョ）",うつ,関連熟語：転居（テンキョ）,読み方をご入力ください,Text
"古より国家の禍いは小人に__造__まる
関連熟語：刱造（ソウゾウ）  ★造まる（はじ-まる） 開始する。起こる。〈漢辞海〉",はじ,関連熟語：刱造（ソウゾウ）  ★造まる（はじ-まる） 開始する。起こる。〈漢辞海〉,読み方をご入力ください,Text
"枯を摧き朽を__拉__く
関連熟語：拉朽（ロウキュウ）  ★拉く（くだ-く） 破壊する。砕き折る。〈漢辞海〉",くだ,関連熟語：拉朽（ロウキュウ）  ★拉く（くだ-く） 破壊する。砕き折る。〈漢辞海〉,読み方をご入力ください,Text
"吾、子を__距__ぐ所以を知る
関連熟語：距戦（キョセン）  ★距ぐ／拒ぐ（ふせ-ぐ） 抵抗する。〈漢辞海〉",ふせ,関連熟語：距戦（キョセン）  ★距ぐ／拒ぐ（ふせ-ぐ） 抵抗する。〈漢辞海〉,読み方をご入力ください,Text
"巧言を弄し世を瞞き、名を__干__め利を射る
関連熟語：干禄（カンロク）  ★干める（もと-める）  1.追求する。手に入れようとする。  2.ある目的をもって会見することを願う。〈漢辞海〉",もと,関連熟語：干禄（カンロク）  ★干める（もと-める）  1.追求する。手に入れようとする。  2.ある目的をもって会見することを願う。〈漢辞海〉,読み方をご入力ください,Text
"国には__造__があり、県には首（かばね）がある
関連熟語：--  ★造（みやつこ） 古代の姓(ｶﾊﾞﾈ)の一つ。世襲で朝廷などの部民(ﾍﾞﾐﾝ)を統率した氏族である伴造(ﾄﾓﾉﾐﾔﾂｺ)に多く与えられた。〈漢字ペディア〉",みやつこ,関連熟語：--  ★造（みやつこ） 古代の姓(ｶﾊﾞﾈ)の一つ。世襲で朝廷などの部民(ﾍﾞﾐﾝ)を統率した氏族である伴造(ﾄﾓﾉﾐﾔﾂｺ)に多く与えられた。〈漢字ペディア〉,読み方をご入力ください,Text
"財を悉くして其の口を__弥__う
関連熟語：弥縫（ビホウ）  ★弥う（つくろ-う） 綻びを縫い合わせる。やりくりして補う。〈漢辞海〉",つくろ,関連熟語：弥縫（ビホウ）  ★弥う（つくろ-う） 綻びを縫い合わせる。やりくりして補う。〈漢辞海〉,読み方をご入力ください,Text
"榊と__紙垂__を通した玉串
関連熟語：--  ★紙垂／紙四手（かみしで）  1. (「しで」は、玉串（たまぐし）や注連縄（しめなわ）などに垂れ下げるもの) 木綿四手（ゆうしで）に対して、紙で作った四手。古くは木綿（ゆう）を用いたが、後に紙で代用した。しで。  2.商品などの包装に用いる紙の紐。〈日本国語大辞典〉",かみしで,関連熟語：--  ★紙垂／紙四手（かみしで）  1. (「しで」は、玉串（たまぐし）や注連縄（しめなわ）などに垂れ下げるもの) 木綿四手（ゆうしで）に対して、紙で作った四手。古くは木綿（ゆう）を用いたが、後に紙で代用した。しで。  2.商品などの包装に用いる紙の紐。〈日本国語大辞典〉,読み方をご入力ください,Text
"山を出でて故人の家に__舎__す
関連熟語：舎営（シャエイ）  ★舎る（やど-る）  1.宿をとってくつろぐ。  2.とどまる。家を構えて住む。〈漢字ペディア〉",やど,関連熟語：舎営（シャエイ）  ★舎る（やど-る）  1.宿をとってくつろぐ。  2.とどまる。家を構えて住む。〈漢字ペディア〉,読み方をご入力ください,Text
"四瀆を撃汰して__杭__る
関連熟語：--  ★杭る／航る（わた-る） 川を渡航する。〈漢辞海〉",わた,関連熟語：--  ★杭る／航る（わた-る） 川を渡航する。〈漢辞海〉,読み方をご入力ください,Text
"四時__迭__いに起こり、万物循いて生ず
関連熟語：迭起（テッキ）  ★迭いに（たが-いに） かわるがわるに。〈漢辞海〉",たが,関連熟語：迭起（テッキ）  ★迭いに（たが-いに） かわるがわるに。〈漢辞海〉,読み方をご入力ください,Text
"疾く録すに字を__爽__えず
関連熟語：爽約（ソウヤク）  ★爽う（たが-う） 誤る。違反する。〈漢辞海〉",たが,関連熟語：爽約（ソウヤク）  ★爽う（たが-う） 誤る。違反する。〈漢辞海〉,読み方をご入力ください,Text
"酒次第に廻りて、席漸く__濫__る
関連熟語：濫政（ランセイ）  ★濫れる（みだ-れる）  1.ある範囲を超える。度が過ぎる。  2.道理にそむく。あやまちをおかす。〈漢字ペディア〉",みだ,関連熟語：濫政（ランセイ）  ★濫れる（みだ-れる）  1.ある範囲を超える。度が過ぎる。  2.道理にそむく。あやまちをおかす。〈漢字ペディア〉,読み方をご入力ください,Text
"舟を同じくして江を__済__る
関連熟語：済勝（サイショウ／セイショウ）  ★済る（わた-る） 川や障害などを無事に通り切る。〈漢字ペディア〉",わた,関連熟語：済勝（サイショウ／セイショウ）  ★済る（わた-る） 川や障害などを無事に通り切る。〈漢字ペディア〉,読み方をご入力ください,Text
"衆介皆命を__逆__えて辞せず
関連熟語：逆旅（ゲキリョ）  ★逆える（むか-える）  1.出迎える。  2.迎撃する。  3.受け取る。  4.推し量る。測る。〈漢辞海〉",むか,関連熟語：逆旅（ゲキリョ）  ★逆える（むか-える）  1.出迎える。  2.迎撃する。  3.受け取る。  4.推し量る。測る。〈漢辞海〉,読み方をご入力ください,Text
"十人を__将__い、往き掘りてその金を得
関連熟語：将帥（ショスウイ）  ★将いる（ひき-いる） 兵士を統率する。兵隊を指揮する。〈漢字ペディア〉",ひき,関連熟語：将帥（ショスウイ）  ★将いる（ひき-いる） 兵士を統率する。兵隊を指揮する。〈漢字ペディア〉,読み方をご入力ください,Text
"俊を__非__り傑を疑う
関連熟語：非難（ヒナン）  ★非る／誹る（そし-る） 人の欠点を指摘して、見下げて悪くいう。非難する。責める。〈漢字ペディア〉",そし,関連熟語：非難（ヒナン）  ★非る／誹る（そし-る） 人の欠点を指摘して、見下げて悪くいう。非難する。責める。〈漢字ペディア〉,読み方をご入力ください,Text
"諸王また__率__ね驕逸不法なり
関連熟語：大率（タイソツ）  ★率ね（おおむ-ね）  1.大概。おおよそ。ふつう。行為や状況へのかなり確かな推量を表す。  2.すべて。みな。行為や状況が一律である意。〈漢辞海〉",おおむ,関連熟語：大率（タイソツ）  ★率ね（おおむ-ね）  1.大概。おおよそ。ふつう。行為や状況へのかなり確かな推量を表す。  2.すべて。みな。行為や状況が一律である意。〈漢辞海〉,読み方をご入力ください,Text
"諸色の挙選、且く__権__に停むべし
関連熟語：権化（ゴンゲ）  ★権に（かり-に） しばらく。〈漢辞海〉",かり,関連熟語：権化（ゴンゲ）  ★権に（かり-に） しばらく。〈漢辞海〉,読み方をご入力ください,Text
"色荒を以て君を__誘__くまじ
関連熟語：--  ★誘く（おび-く） だましてさそう。あざむいて引き寄せる。〈日本国語大辞典〉",おび,関連熟語：--  ★誘く（おび-く） だましてさそう。あざむいて引き寄せる。〈日本国語大辞典〉,読み方をご入力ください,Text
"深海の底のように文目も__弁__かぬ真暗闇
関連熟語：弁別（ベンベツ）  ★弁ける（わ-ける） 見きわめる。よりわける。区別する。〈漢字ペディア〉",わ,関連熟語：弁別（ベンベツ）  ★弁ける（わ-ける） 見きわめる。よりわける。区別する。〈漢字ペディア〉,読み方をご入力ください,Text
"神の__標野__を犯す事を忌む
関連熟語：--  ★標野（しめの） 皇族や貴族が所有する野原で、一般の出入りを禁じた所。狩猟などの場とされた。≒禁野(ｷﾝﾔ)〈漢字ペディア〉",しめの,関連熟語：--  ★標野（しめの） 皇族や貴族が所有する野原で、一般の出入りを禁じた所。狩猟などの場とされた。≒禁野(ｷﾝﾔ)〈漢字ペディア〉,読み方をご入力ください,Text
"臣の明の能く__逆__め睹る所に非ず
関連熟語：逆睹（ギャクト／ゲキト）  ★逆め（あらかじ-め） 物事に先立って。前もって。〈漢辞海〉",あらかじ,関連熟語：逆睹（ギャクト／ゲキト）  ★逆め（あらかじ-め） 物事に先立って。前もって。〈漢辞海〉,読み方をご入力ください,Text
"身分に__距__たりのある男女の恋
関連熟語：距離（キョリ）  ★距てる（へだ-てる） 物と物や人と人の間をはなす。遠ざける。〈漢字ペディア〉",へだ,関連熟語：距離（キョリ）  ★距てる（へだ-てる） 物と物や人と人の間をはなす。遠ざける。〈漢字ペディア〉,読み方をご入力ください,Text
"進退ここに__谷__まる
関連熟語：--  ★谷まる（きわ-まる） 行き詰まって身動きがとれず、困りはてる。〈漢字ペディア〉",きわ,関連熟語：--  ★谷まる（きわ-まる） 行き詰まって身動きがとれず、困りはてる。〈漢字ペディア〉,読み方をご入力ください,Text
"人の短を__道__うなかれ、己の長を説くなかれ
関連熟語：言語道断（ゴンゴドウダン）  ★道う（い-う） 話す。言葉を述べる。説く。〈漢字ペディア〉",い,関連熟語：言語道断（ゴンゴドウダン）  ★道う（い-う） 話す。言葉を述べる。説く。〈漢字ペディア〉,読み方をご入力ください,Text
"人形の好醜、延寿に__逮__ばず
関連熟語：逮夜（タイヤ）  ★逮ぶ（およ-ぶ）  1.ある点に達する。とどく。  2.追いつく。〈漢字ペディア〉",およ,関連熟語：逮夜（タイヤ）  ★逮ぶ（およ-ぶ）  1.ある点に達する。とどく。  2.追いつく。〈漢字ペディア〉,読み方をご入力ください,Text
"錐刀を以て太山を__堕__たんとす
関連熟語：--  ★堕つ（こぼ-つ） こわす。やぶる。〈漢辞海〉",こぼ,関連熟語：--  ★堕つ（こぼ-つ） こわす。やぶる。〈漢辞海〉,読み方をご入力ください,Text
"世に__双__ぶ者のない穎才である
関連熟語：双璧（ソウヘキ）  ★双ぶ（なら-ぶ） 同じようなものが二つそろう。二者の才能などが匹敵する。たぐう。〈漢字ペディア〉",なら,関連熟語：双璧（ソウヘキ）  ★双ぶ（なら-ぶ） 同じようなものが二つそろう。二者の才能などが匹敵する。たぐう。〈漢字ペディア〉,読み方をご入力ください,Text
"世の飢饉に__値__い、貧窮して衣食に困しむ
関連熟語：値遇（チグウ／チグ）  ★値う（あ-う）  1.出くわす。当面する。  2.一致する。〈漢辞海〉",あ,関連熟語：値遇（チグウ／チグ）  ★値う（あ-う）  1.出くわす。当面する。  2.一致する。〈漢辞海〉,読み方をご入力ください,Text
"聖人要を執れば、四方来たりて__効__す
関連熟語：効死（コウシ）  ★効す（いた-す）  1.つくす。つとめる。はたらきかける。  2.ききめをあらわす。明らかにする。〈漢字ペディア〉",いた,関連熟語：効死（コウシ）  ★効す（いた-す）  1.つくす。つとめる。はたらきかける。  2.ききめをあらわす。明らかにする。〈漢字ペディア〉,読み方をご入力ください,Text
"先王の大物を__班__かつ
関連熟語：班田（ハンデン）  ★班ける（わ-ける）  1.物を分配する。わけ与える。  2.群れを二つにわける。〈漢字ペディア〉",わ,関連熟語：班田（ハンデン）  ★班ける（わ-ける）  1.物を分配する。わけ与える。  2.群れを二つにわける。〈漢字ペディア〉,読み方をご入力ください,Text
"先哲に__率__わず酒に荒耽す
関連熟語：率由（ソツユウ）  ★率う（したが-う）  1.ひきいる。ひきしたがえる。  2.つきしたがう。それないようにする。〈漢字ペディア〉",したが,関連熟語：率由（ソツユウ）  ★率う（したが-う）  1.ひきいる。ひきしたがえる。  2.つきしたがう。それないようにする。〈漢字ペディア〉,読み方をご入力ください,Text
"遷客騒人多く于に__会__まる
関連熟語：会計（カイケイ）  ★会まる（あつ-まる） 集合する。〈漢辞海〉",あつ,関連熟語：会計（カイケイ）  ★会まる（あつ-まる） 集合する。〈漢辞海〉,読み方をご入力ください,Text
"前帝の__禅__りを受けて南面の徳を治む
関連熟語：禅譲（ゼンジョウ）  ★禅る（ゆず-る） 天子がその位をゆずる。譲位する。〈漢字ペディア〉",ゆず,関連熟語：禅譲（ゼンジョウ）  ★禅る（ゆず-る） 天子がその位をゆずる。譲位する。〈漢字ペディア〉,読み方をご入力ください,Text
"前門に虎を__拒__いで後門に狼を進む
関連熟語：防拒（ボウキョ）  ★拒ぐ（ふせ-ぐ） こばみとどめる。そばに寄せつけないようにする。〈漢字ペディア〉",ふせ,関連熟語：防拒（ボウキョ）  ★拒ぐ（ふせ-ぐ） こばみとどめる。そばに寄せつけないようにする。〈漢字ペディア〉,読み方をご入力ください,Text
"早く永約を__訂__む
関連熟語：訂盟（テイメイ）  ★訂める（さだ-める） 話しあったうえで締結する。〈漢辞海〉",さだ,関連熟語：訂盟（テイメイ）  ★訂める（さだ-める） 話しあったうえで締結する。〈漢辞海〉,読み方をご入力ください,Text
"太守の襟韻__苦__だ超越す
関連熟語：苦寒（クカン）  ★苦だ（はなは-だ）  1.極めて。とても。…すぎる。程度が度をこえている意。  2.極力。しつこく。しきりに。ねんごろに。ある動作を力をつくして行う意。〈漢辞海〉",はなは,関連熟語：苦寒（クカン）  ★苦だ（はなは-だ）  1.極めて。とても。…すぎる。程度が度をこえている意。  2.極力。しつこく。しきりに。ねんごろに。ある動作を力をつくして行う意。〈漢辞海〉,読み方をご入力ください,Text
"太平洋を__絶__りて北米桑港に往く
関連熟語：絶海（ゼッカイ）",わた,関連熟語：絶海（ゼッカイ）,読み方をご入力ください,Text
"大かた__生熟__れの悪人なり
関連熟語：熟成（ジュクセイ）  ★生熟れ／生馴れ（なまな-れ）  1.まだその道に熟達していないこと。未熟であること。また、そのさまやその人。  2.鮒(ふな)や鮎(あゆ)などで作る熟鮨(なれずし)の、十分に熟(う)れていない半熟の状態。また、その状態で食べる鮨。一説に、早鮨(はやずし)。一夜鮨。なまなりずし。  3.果物などの、まだ十分に熟していないもの。半熟。〈日本国語大辞典〉",なまな,関連熟語：熟成（ジュクセイ）  ★生熟れ／生馴れ（なまな-れ）  1.まだその道に熟達していないこと。未熟であること。また、そのさまやその人。  2.鮒(ふな)や鮎(あゆ)などで作る熟鮨(なれずし)の、十分に熟(う)れていない半熟の状態。また、その状態で食べる鮨。一説に、早鮨(はやずし)。一夜鮨。なまなりずし。  3.果物などの、まだ十分に熟していないもの。半熟。〈日本国語大辞典〉,読み方をご入力ください,Text
"調べ高うして知音__少__なり
関連熟語：希少（キショウ）  ▼調べ高(ﾀｺ)うして知音(ﾁｲﾝ)少なり…あまりに高尚すぎる音楽には理解者が少ない。人も、あまりに気高く清廉すぎると親しまれない。〈故事俗信ことわざ大辞典〉",まれ,関連熟語：希少（キショウ）  ▼調べ高(ﾀｺ)うして知音(ﾁｲﾝ)少なり…あまりに高尚すぎる音楽には理解者が少ない。人も、あまりに気高く清廉すぎると親しまれない。〈故事俗信ことわざ大辞典〉,読み方をご入力ください,Text
"追戎は恪無く、窮寇は__格__たず
関連熟語：格闘（カクトウ）  ★格つ／挌つ（う-つ）  1.追撃する。反攻する。  2.打ち殺す。  3.たたかう。〈漢辞海〉",う,関連熟語：格闘（カクトウ）  ★格つ／挌つ（う-つ）  1.追撃する。反攻する。  2.打ち殺す。  3.たたかう。〈漢辞海〉,読み方をご入力ください,Text
"鍔迫り合いでお互い__創__を被った
関連熟語：創痍（ソウイ）  ★創（きず） 切りきず。刃物で切ったきず。〈漢字ペディア〉",きず,関連熟語：創痍（ソウイ）  ★創（きず） 切りきず。刃物で切ったきず。〈漢字ペディア〉,読み方をご入力ください,Text
"天に__法__るは天地を治むるの道なり
関連熟語：法天（ホウテン）  ★法る（のっと-る） 基準,模範として、ならいしたがう。〈漢字ペディア〉",のっと,"関連熟語：法天（ホウテン）  ★法る（のっと-る） 基準,模範として、ならいしたがう。〈漢字ペディア〉",読み方をご入力ください,Text
"天下の道あれば、道を以て身に__殉__わしむ
関連熟語：殉死（ジュンシ）  ★殉う（したが-う）  1.死んだ人を追って死ぬ。  2.あることのために身をささげる。〈漢字ペディア〉",したが,関連熟語：殉死（ジュンシ）  ★殉う（したが-う）  1.死んだ人を追って死ぬ。  2.あることのために身をささげる。〈漢字ペディア〉,読み方をご入力ください,Text
"天頻りに異を見し、地__数__震動す
関連熟語：頻数（ヒンスウ／ヒンサク）  ★数／数数（しばしば） 何度も。たびたび。〈漢字ペディア〉",しばしば,関連熟語：頻数（ヒンスウ／ヒンサク）  ★数／数数（しばしば） 何度も。たびたび。〈漢字ペディア〉,読み方をご入力ください,Text
"伝聞何ぞ__尽__く信ずべけんや
関連熟語：悉尽（シツジン）  ▼伝聞(ﾃﾞﾝﾌﾞﾝ)何ぞ尽く信ずべけんや…うわさをすべて信ずることはできない。人から伝え聞くことには誤りが多い。〈故事俗信ことわざ大辞典〉",ことごと,関連熟語：悉尽（シツジン）  ▼伝聞(ﾃﾞﾝﾌﾞﾝ)何ぞ尽く信ずべけんや…うわさをすべて信ずることはできない。人から伝え聞くことには誤りが多い。〈故事俗信ことわざ大辞典〉,読み方をご入力ください,Text
"党輩を__原__して平民と為す
関連熟語：原宥（ゲンユウ）  ★原す（ゆる-す） 赦免する。罪をゆるめる。〈漢辞海〉",ゆる,関連熟語：原宥（ゲンユウ）  ★原す（ゆる-す） 赦免する。罪をゆるめる。〈漢辞海〉,読み方をご入力ください,Text
"唐尭位を__遜__るも虞舜は怡ばず
関連熟語：遜位（ソンイ）  ★遜る（ゆず-る） 自分を差しおいて、他人を先にする。自分が後ろへ下がる。〈漢字ペディア〉",ゆず,関連熟語：遜位（ソンイ）  ★遜る（ゆず-る） 自分を差しおいて、他人を先にする。自分が後ろへ下がる。〈漢字ペディア〉,読み方をご入力ください,Text
"頭を__低__れ故郷を思う
関連熟語：低頭（テイトウ）  ★低れる（た-れる）  1.低くする。低くなる。さげる。さがる。  2.たれさがる。〈漢辞海〉",た,関連熟語：低頭（テイトウ）  ★低れる（た-れる）  1.低くする。低くなる。さげる。さがる。  2.たれさがる。〈漢辞海〉,読み方をご入力ください,Text
"道術を__展__べて政あるに施す
関連熟語：展開（テンカイ）  ★展べる（の-べる） 広げる。平面的に長くのばす。また、広く並べる。〈漢字ペディア〉",の,関連熟語：展開（テンカイ）  ★展べる（の-べる） 広げる。平面的に長くのばす。また、広く並べる。〈漢字ペディア〉,読み方をご入力ください,Text
"之を斉うるに礼を以てすれば恥有りて且つ__格__し
関連熟語：格心（カクシン）  ★格す（ただ-す） 道理や法則に合うように、行いを正しくする。あやまちを改める。〈漢字ペディア〉",ただ,関連熟語：格心（カクシン）  ★格す（ただ-す） 道理や法則に合うように、行いを正しくする。あやまちを改める。〈漢字ペディア〉,読み方をご入力ください,Text
"之を民に__暴__わして民も之を受けたり
関連熟語：暴露（バクロ）  ★暴わす（あら-わす） 表に出る。明らかになる。〈漢辞海〉",あら,関連熟語：暴露（バクロ）  ★暴わす（あら-わす） 表に出る。明らかになる。〈漢辞海〉,読み方をご入力ください,Text
"髪を攫んで__拉__き倒す
関連熟語：拉致（ラチ／ラッチ）  ★拉く（ひ-く） 引き連れる。〈漢辞海〉",ひ,関連熟語：拉致（ラチ／ラッチ）  ★拉く（ひ-く） 引き連れる。〈漢辞海〉,読み方をご入力ください,Text
"彼の寂寥に__肖__た面影を持つ人
関連熟語：不肖（フショウ）  ★肖る（に-る） 外見がもとの姿や形にそっくりである。〈漢字ペディア〉",に,関連熟語：不肖（フショウ）  ★肖る（に-る） 外見がもとの姿や形にそっくりである。〈漢字ペディア〉,読み方をご入力ください,Text
"彼方と此方とを__権__り比べる
関連熟語：権謀（ケンボウ）  ★権る（はか-る）  1.物の重さをはかる。  2.策略をめぐらす。物事の善し悪しを考えてうまくいくように手配する。〈漢字ペディア〉",はか,関連熟語：権謀（ケンボウ）  ★権る（はか-る）  1.物の重さをはかる。  2.策略をめぐらす。物事の善し悪しを考えてうまくいくように手配する。〈漢字ペディア〉,読み方をご入力ください,Text
"美酒佳肴が所狭しと__陳__なる
関連熟語：出陳（シュッチン）  ★陳ねる（つら-ねる） 列をそろえ、きちんと整えて並べる。また、平らに並べる。〈漢字ペディア〉",つら,関連熟語：出陳（シュッチン）  ★陳ねる（つら-ねる） 列をそろえ、きちんと整えて並べる。また、平らに並べる。〈漢字ペディア〉,読み方をご入力ください,Text
"貧人富みを致し、老人__少__きに還らむ
関連熟語：幼少（ヨウショウ）  ★少い（わか-い）  1.年が若い。  2.おさない。〈漢辞海〉",わか,関連熟語：幼少（ヨウショウ）  ★少い（わか-い）  1.年が若い。  2.おさない。〈漢辞海〉,読み方をご入力ください,Text
"斧や鎌を揮って六__片__分働く
関連熟語：--  ★片（ぺんす） イギリスの貨幣単位。一〇〇ペンスで一ポンド。単数形ペニーの複数形。〈漢字ペディア〉",ぺんす,関連熟語：--  ★片（ぺんす） イギリスの貨幣単位。一〇〇ペンスで一ポンド。単数形ペニーの複数形。〈漢字ペディア〉,読み方をご入力ください,Text
"武王人をして殷を__候__わしむ
関連熟語：斥候（セッコウ）  ★候う（うかが-う） さぐる。そっとようすをのぞく。〈漢字ペディア〉",うかが,関連熟語：斥候（セッコウ）  ★候う（うかが-う） さぐる。そっとようすをのぞく。〈漢字ペディア〉,読み方をご入力ください,Text
"物に__格__りて知を致す
関連熟語：格物致知（カクブツチチ）  ★格る（いた-る） 物事の本質に行き着く。きわめる。達する。〈漢字ペディア〉",いた,関連熟語：格物致知（カクブツチチ）  ★格る（いた-る） 物事の本質に行き着く。きわめる。達する。〈漢字ペディア〉,読み方をご入力ください,Text
"兵を__縦__ちて殺戮せしむること五日間なりき
関連熟語：操縦（ソウジュウ／ソウショウ）  ★縦つ（はな-つ）  1.放出する。  2.矢を射る。  3.火をつける。  4.兵を出す。  5.釈放する。  6.身をおどらせる。飛び込む。〈漢辞海〉",はな,関連熟語：操縦（ソウジュウ／ソウショウ）  ★縦つ（はな-つ）  1.放出する。  2.矢を射る。  3.火をつける。  4.兵を出す。  5.釈放する。  6.身をおどらせる。飛び込む。〈漢辞海〉,読み方をご入力ください,Text
"凡そ染は春に__暴__し練る
関連熟語：暴書（バクショ）  ★暴す（さら-す） さらけ出す。〈漢辞海〉",さら,関連熟語：暴書（バクショ）  ★暴す（さら-す） さらけ出す。〈漢辞海〉,読み方をご入力ください,Text
"毎に彼の隆準を__調__る
関連熟語：調戯（チョウギ）  ★調る（あざけ-る） 嘲笑する。からかう。〈漢辞海〉",あざけ,関連熟語：調戯（チョウギ）  ★調る（あざけ-る） 嘲笑する。からかう。〈漢辞海〉,読み方をご入力ください,Text
"毎日十里__宛__行軍した
関連熟語：--br> ★宛（ずつ）  1.同じ数を割りあてることを表す。  2.同じ数量を繰り返すことを表す。〈漢字ペディア〉",ずつ,関連熟語：--br> ★宛（ずつ）  1.同じ数を割りあてることを表す。  2.同じ数量を繰り返すことを表す。〈漢字ペディア〉,読み方をご入力ください,Text
"万金を__資__けて東のかた韓魏に遊ばしむ
関連熟語：資益（シエキ）  ★資ける（たす-ける） 元手を出してたすける。また、金品や条件を与えて援助する。〈漢字ペディア〉",たす,関連熟語：資益（シエキ）  ★資ける（たす-ける） 元手を出してたすける。また、金品や条件を与えて援助する。〈漢字ペディア〉,読み方をご入力ください,Text
"務めて自ら矯厲し、__雅__に清談を尚ぶ
関連熟語：雅意（ガイ）  ★雅（つね） 平素から。つねづね。もともと。かねがね。〈漢字ペディア〉",つね,関連熟語：雅意（ガイ）  ★雅（つね） 平素から。つねづね。もともと。かねがね。〈漢字ペディア〉,読み方をご入力ください,Text
"無恙を駕し且つ儂（わ）が春衣を__美__む
関連熟語：褒美（ホウビ）  ★美める（ほ-める） りっぱであるとたたえる。〈漢辞海〉",ほ,関連熟語：褒美（ホウビ）  ★美める（ほ-める） りっぱであるとたたえる。〈漢辞海〉,読み方をご入力ください,Text
"容姿ことごとく__暴__らかなり
関連熟語：暴虐（ボウギャク）  ★暴い（あら-い） あらあらしい。〈漢辞海〉",あら,関連熟語：暴虐（ボウギャク）  ★暴い（あら-い） あらあらしい。〈漢辞海〉,読み方をご入力ください,Text
"流民の__蒸__くして癘疫を為さん
関連熟語：蒸民（ジョウミン）  ★蒸い（おお-い） 多い。〈漢辞海〉",おお,関連熟語：蒸民（ジョウミン）  ★蒸い（おお-い） 多い。〈漢辞海〉,読み方をご入力ください,Text
"令を下して師を__班__す
関連熟語：班師（ハンシ）  ★班す（かえ-す） 軍隊をひき返す。〈漢辞海〉",かえ,関連熟語：班師（ハンシ）  ★班す（かえ-す） 軍隊をひき返す。〈漢辞海〉,読み方をご入力ください,Text
"礼楽を__説__び詩書を敦くす
関連熟語：説楽（エツラク）  ★説ぶ／悦ぶ（よろこ-ぶ） 心からうれしく思う。〈漢辞海〉",よろこ,関連熟語：説楽（エツラク）  ★説ぶ／悦ぶ（よろこ-ぶ） 心からうれしく思う。〈漢辞海〉,読み方をご入力ください,Text
"労して__罷__れ死して転（す）てらる
関連熟語：罷駑（ヒド）  ★罷れる／疲れる（つか-れる） 疲労したさま。〈漢辞海〉",つか,関連熟語：罷駑（ヒド）  ★罷れる／疲れる（つか-れる） 疲労したさま。〈漢辞海〉,読み方をご入力ください,Text
"俛焉として孳孳たるあり、斃れて__后__已む
関連熟語：午后（ゴゴ）  ▼斃(ﾀｵ)れて后已(ﾔ)む…死んだあとでやっと終わる。死ぬまで、けんめいに努力して途中でくじけない。死してのちやむ。〈故事俗信ことわざ大辞典〉",のち,関連熟語：午后（ゴゴ）  ▼斃(ﾀｵ)れて后已(ﾔ)む…死んだあとでやっと終わる。死ぬまで、けんめいに努力して途中でくじけない。死してのちやむ。〈故事俗信ことわざ大辞典〉,読み方をご入力ください,Text
"厥の佚を__淫__にし、天及び民の従うとを顧みず
関連熟語：淫蕩（イントウ）  ★淫（ほしいまま） 放縦なさま。勝手し放題であるさま。〈漢辞海〉",ほしいまま,関連熟語：淫蕩（イントウ）  ★淫（ほしいまま） 放縦なさま。勝手し放題であるさま。〈漢辞海〉,読み方をご入力ください,Text
"夸者は権に死し、品庶は生を__毎__る
関連熟語：毎生（マイセイ）  ★毎る（むさぼ-る） 執着する。〈漢辞海〉",むさぼ,関連熟語：毎生（マイセイ）  ★毎る（むさぼ-る） 執着する。〈漢辞海〉,読み方をご入力ください,Text
"烽火岡巒を__被__う
関連熟語：被膜（ヒマク）  ★被う（おお-う） 保護したり、隠したりするために上にかぶせる。〈漢字ペディア〉",おお,関連熟語：被膜（ヒマク）  ★被う（おお-う） 保護したり、隠したりするために上にかぶせる。〈漢字ペディア〉,読み方をご入力ください,Text
"蒹葭斥土に__弥__し
関連熟語：弥綸（ビリン）",あまね,関連熟語：弥綸（ビリン）,読み方をご入力ください,Text
"薑を__撤__てずして食らう
関連熟語：撤去（テッキョ）  ★撤てる（す-てる） 取り除く。のぞく。〈漢辞海〉",す,関連熟語：撤去（テッキョ）  ★撤てる（す-てる） 取り除く。のぞく。〈漢辞海〉,読み方をご入力ください,Text
"蝙蝠傘を__展__げたような雪の山
関連熟語：親展（シンテン）  ★展げる（ひろ-げる） のばし開く。広くする。〈漢字ペディア〉",ひろ,関連熟語：親展（シンテン）  ★展げる（ひろ-げる） のばし開く。広くする。〈漢字ペディア〉,読み方をご入力ください,Text
"褌を__緊__めて掛かる
関連熟語：緊褌（キンコン）  ★緊める（し-める） きつくひきしめる。〈漢字ペディア〉",し,関連熟語：緊褌（キンコン）  ★緊める（し-める） きつくひきしめる。〈漢字ペディア〉,読み方をご入力ください,Text
"驍名を謳われる__健__か者なり
関連熟語：健啖（ケンタン）  ★強か／健か（したた-か）  1.しっかりしているさま。確かなさま。  2. 分量が多いさま。おびただしいさま。たくさん。  3.程度がはなはだしいさま。大層なさま。  4.非常に強いさま。勇猛であるさま。また、容易に他に屈しないさま。  5.見かけはそうは見えないが、相当の能力をもち、簡単にはこちらの思うようにならない人のさま。多くは悪い場合にいう。一筋なわではいかないさま。〈日本国語大辞典〉",したた,関連熟語：健啖（ケンタン）  ★強か／健か（したた-か）  1.しっかりしているさま。確かなさま。  2. 分量が多いさま。おびただしいさま。たくさん。  3.程度がはなはだしいさま。大層なさま。  4.非常に強いさま。勇猛であるさま。また、容易に他に屈しないさま。  5.見かけはそうは見えないが、相当の能力をもち、簡単にはこちらの思うようにならない人のさま。多くは悪い場合にいう。一筋なわではいかないさま。〈日本国語大辞典〉,読み方をご入力ください,Text
"鷙鳥百を__累__ぬとも一鶚に如かず
関連熟語：累卵（ルイラン）  ▼鷙鳥(ｼﾁｮｳ)百(ﾋｬｸ)を累ぬとも一鶚(ｲﾁｶﾞｸ)に如(ｼ)かず…鷙鳥が百羽集まろうとも一羽の鶚には及ばない。無能な者が大勢集まっても、一人の有能な者のすることには及ばないことのたとえ。〈故事俗信ことわざ大辞典〉",かさ,関連熟語：累卵（ルイラン）  ▼鷙鳥(ｼﾁｮｳ)百(ﾋｬｸ)を累ぬとも一鶚(ｲﾁｶﾞｸ)に如(ｼ)かず…鷙鳥が百羽集まろうとも一羽の鶚には及ばない。無能な者が大勢集まっても、一人の有能な者のすることには及ばないことのたとえ。〈故事俗信ことわざ大辞典〉,読み方をご入力ください,Text
"鱓を__熬__って煮染めを重詰めにする
関連熟語：煎熬（センゴウ）  ★熬る（い-る） 水を入れずに火にかけ、動かしながら強火で水分をとばす。〈漢字ペディア〉",い,関連熟語：煎熬（センゴウ）  ★熬る（い-る） 水を入れずに火にかけ、動かしながら強火で水分をとばす。〈漢字ペディア〉,読み方をご入力ください,Text
"屛風を__摺__み、門扇を開く
関連熟語：摺扇（ショウセン）  ★摺む（たた-む） 折りたたむ。〈漢辞海〉",たた,関連熟語：摺扇（ショウセン）  ★摺む（たた-む） 折りたたむ。〈漢辞海〉,読み方をご入力ください,Text
"頰落ち__顴__出でて長鬚生う
関連熟語：顴骨（ケンコツ／カンコツ）",ほおぼね,関連熟語：顴骨（ケンコツ／カンコツ）,読み方をご入力ください,Text
"駃騠（けってい）は、その母の腹を__刳__いて生まる
関連熟語：刳磔（コタク）  ★刳く（さ-く） 切り裂く。〈漢辞海〉",さ,関連熟語：刳磔（コタク）  ★刳く（さ-く） 切り裂く。〈漢辞海〉,読み方をご入力ください,Text
"薄（いささ）か我が衣を__澣__う
関連熟語：澣衣（カンイ）  ★澣う／浣う（あら-う） 水を流して衣服や体をあらう。すすぐ。〈漢字ペディア〉",あら,関連熟語：澣衣（カンイ）  ★澣う／浣う（あら-う） 水を流して衣服や体をあらう。すすぐ。〈漢字ペディア〉,読み方をご入力ください,Text
"__梲__を揮いて狗を呼ぶ
関連熟語：梲杖（タツジョウ）  ★梲（つえ） 棒。〈漢辞海〉",つえ,関連熟語：梲杖（タツジョウ）  ★梲（つえ） 棒。〈漢辞海〉,読み方をご入力ください,Text
"__苦艾__と酒精の匂いがした
関連熟語：蘭艾（ランガイ）  ★苦艾（にがよもぎ） キク科の多年草。高さ約1メートル。全体はヨモギに似て、強いにおいがあり、白い毛で覆われる。葉は羽状に裂けている。夏、黄色い小花がつく。葉や花を健胃,駆虫薬とし、またアブサン酒作りに用いられた。ヨーロッパの原産。くがい。〈大辞泉〉",にがよもぎ,"関連熟語：蘭艾（ランガイ）  ★苦艾（にがよもぎ） キク科の多年草。高さ約1メートル。全体はヨモギに似て、強いにおいがあり、白い毛で覆われる。葉は羽状に裂けている。夏、黄色い小花がつく。葉や花を健胃,駆虫薬とし、またアブサン酒作りに用いられた。ヨーロッパの原産。くがい。〈大辞泉〉",読み方をご入力ください,Text
"__儘__く俘にする所の士民を以て奴と為す
関連熟語：--  ★儘く（ことごと-く） すべて。一つ残らず。〈漢字ペディア〉",ことごと,関連熟語：--  ★儘く（ことごと-く） すべて。一つ残らず。〈漢字ペディア〉,読み方をご入力ください,Text
"__吁__、君何ぞ見ることの晩きや
関連熟語：吁嗟（クサ／ウサ）  ★吁（ああ） なげき,驚き,疑いなどを感じたときの声。嘆声をあらわす擬声語。〈漢字ペディア〉",ああ,"関連熟語：吁嗟（クサ／ウサ）  ★吁（ああ） なげき,驚き,疑いなどを感じたときの声。嘆声をあらわす擬声語。〈漢字ペディア〉",読み方をご入力ください,Text
"__嫂__水に溺るとも手を取ってあげず
関連熟語：妻嫂（サイソウ）  ★嫂／兄嫁（あによめ） 兄の妻。〈漢字ペディア〉",あによめ,関連熟語：妻嫂（サイソウ）  ★嫂／兄嫁（あによめ） 兄の妻。〈漢字ペディア〉,読み方をご入力ください,Text
"__幃__を搴げて内を窺う
関連熟語：幃幔（イマン）  ★幃（とばり） まわりを囲んだり、空間を仕切ったりする幕。〈漢字ペディア〉",とばり,関連熟語：幃幔（イマン）  ★幃（とばり） まわりを囲んだり、空間を仕切ったりする幕。〈漢字ペディア〉,読み方をご入力ください,Text
"__徇__らすに離宮別寝を以てし、承くるに崇台間館を以てす
関連熟語：--  ★徇る（めぐ-る）  1.見回る。  2.取り囲む。〈漢辞海〉",めぐ,関連熟語：--  ★徇る（めぐ-る）  1.見回る。  2.取り囲む。〈漢辞海〉,読み方をご入力ください,Text
"__徭__を重くして賦を苛しくする
関連熟語：徭役（ヨウエキ）  ★徭（えだち） 昔、国家が人民を徴用して公の土木工事などの労働に使うこと。徭役。〈漢字ペディア〉",えだち,関連熟語：徭役（ヨウエキ）  ★徭（えだち） 昔、国家が人民を徴用して公の土木工事などの労働に使うこと。徭役。〈漢字ペディア〉,読み方をご入力ください,Text
"__敖__りは長ずべからず、欲は縦にすべからず
関連熟語：敖慢（ゴウマン）  ★敖る／傲る（おご-る） あなどる。からかう。〈漢辞海〉",おご,関連熟語：敖慢（ゴウマン）  ★敖る／傲る（おご-る） あなどる。からかう。〈漢辞海〉,読み方をご入力ください,Text
"__曷__んぞ以て七尺の軀を美しとするに足らんや
関連熟語：--  ★曷んぞ（いずく-んぞ） どうして。なんで。疑問や反語の意を表す語。〈漢字ペディア〉",いずく,関連熟語：--  ★曷んぞ（いずく-んぞ） どうして。なんで。疑問や反語の意を表す語。〈漢字ペディア〉,読み方をご入力ください,Text
"__枴__をついて天子に謁す
関連熟語：鉄枴（テッカイ）  ★枴（つえ） 体をもたせかけるような、木でできた老人のつえ。〈漢字ペディア〉",つえ,関連熟語：鉄枴（テッカイ）  ★枴（つえ） 体をもたせかけるような、木でできた老人のつえ。〈漢字ペディア〉,読み方をご入力ください,Text
"__枹__を揚げて鼓を拊つ
関連熟語：枹鼓（フコ）  ★枹／桴（ばち） 太鼓,鉦(かね)などを打って鳴らす棒。〈漢字ペディア〉",ばち,"関連熟語：枹鼓（フコ）  ★枹／桴（ばち） 太鼓,鉦(かね)などを打って鳴らす棒。〈漢字ペディア〉",読み方をご入力ください,Text
"__槎__に乗って東の海に遊ばん
関連熟語：星槎（セイサ）  ★槎（いかだ） 木や竹を並べて縄などで結びつけ、水に浮かべたもの。河川の運輸,交通に用いる。〈漢字ペディア〉",いかだ,"関連熟語：星槎（セイサ）  ★槎（いかだ） 木や竹を並べて縄などで結びつけ、水に浮かべたもの。河川の運輸,交通に用いる。〈漢字ペディア〉",読み方をご入力ください,Text
"__澹__かなること其れ海の若し
関連熟語：澹乎（タンコ）  ★澹か（しず-か） おだやか。〈漢辞海〉",しず,関連熟語：澹乎（タンコ）  ★澹か（しず-か） おだやか。〈漢辞海〉,読み方をご入力ください,Text
"__痿__えたる腕を揮わんと欲す
関連熟語：痿蹶（イケツ）  ★痿える（な-える） 力が抜ける。気力や体力を失って弱る。〈漢字ペディア〉",な,関連熟語：痿蹶（イケツ）  ★痿える（な-える） 力が抜ける。気力や体力を失って弱る。〈漢字ペディア〉,読み方をご入力ください,Text
"__縹縅__の三鍬形兜を調達する
関連熟語：縹帙（ヒョウチツ）",はなだおどし,関連熟語：縹帙（ヒョウチツ）,読み方をご入力ください,Text
"__苟__に日に新たにせば、日日に新たに、また日に新たなり
関連熟語：--  ★苟に（まこと-に） 「誠」に同じ。〈字源〉",まこと,関連熟語：--  ★苟に（まこと-に） 「誠」に同じ。〈字源〉,読み方をご入力ください,Text
"__詢__に陛下の叡旨の在る所なり
関連熟語：交詢（コウジュン）  ★詢に（まこと-に） たしかに。〈漢辞海〉",まこと,関連熟語：交詢（コウジュン）  ★詢に（まこと-に） たしかに。〈漢辞海〉,読み方をご入力ください,Text
"__賤__が伏せ屋に月もさす
関連熟語：賤女（センジョ）  ★賤（しず） いやしいこと。まずしいこと。また、その者。〈漢字ペディア〉  ▼賤が伏(ﾌ)せ屋(ﾔ)に月(ﾂｷ)もさす…身分の低いいやしい者が住むそまつな家にも、月の光はさしこむ。風流に貴賤の別はないというたとえ。〈故事俗信ことわざ大辞典〉",しず,関連熟語：賤女（センジョ）  ★賤（しず） いやしいこと。まずしいこと。また、その者。〈漢字ペディア〉  ▼賤が伏(ﾌ)せ屋(ﾔ)に月(ﾂｷ)もさす…身分の低いいやしい者が住むそまつな家にも、月の光はさしこむ。風流に貴賤の別はないというたとえ。〈故事俗信ことわざ大辞典〉,読み方をご入力ください,Text
"__鎰__の穴から天を覗く
関連熟語：--  ★鎰（かぎ）  1.戸締まりの道具。「鑰(ﾔｸ)」の誤用とされる。  2.なべ,やかんなどをかける自在かぎ。〈漢字ペディア〉",かぎ,"関連熟語：--  ★鎰（かぎ）  1.戸締まりの道具。「鑰(ﾔｸ)」の誤用とされる。  2.なべ,やかんなどをかける自在かぎ。〈漢字ペディア〉",読み方をご入力ください,Text
"ここに人有り山の__阿__に、薜茘を被て女羅を帯とす
関連熟語：山阿（サンア） ★阿／隈（くま） 山や川の曲がって入りこんでいる所。〈漢字ペディア〉",くま,関連熟語：山阿（サンア） ★阿／隈（くま） 山や川の曲がって入りこんでいる所。〈漢字ペディア〉,読み方をご入力ください,Text
"この歳に書を__刱__めて梓に上す
関連熟語：刱造（ソウゾウ）  ★≒創",はじ,関連熟語：刱造（ソウゾウ）  ★≒創,読み方をご入力ください,Text
"これを外戚に__譬__し五臓に刻せんとす
関連熟語：譬説（ヒセツ／ヒゼイ）  ★譬す（さと-す） 言い聞かせる。明らかにする。〈漢辞海〉",さと,関連熟語：譬説（ヒセツ／ヒゼイ）  ★譬す（さと-す） 言い聞かせる。明らかにする。〈漢辞海〉,読み方をご入力ください,Text
"その城に钁して__坎__を為る
関連熟語：坎穽（カンセイ）  ★坎（あな）  1.地面に掘った、くぼんだ所。  2.おとし穴。〈漢字ペディア〉",あな,関連熟語：坎穽（カンセイ）  ★坎（あな）  1.地面に掘った、くぼんだ所。  2.おとし穴。〈漢字ペディア〉,読み方をご入力ください,Text
"みな__捶__ち懲らすべき科なり
関連熟語：鞭捶（ベンスイ）","むちう,う",関連熟語：鞭捶（ベンスイ）,読み方をご入力ください,Text
"みな游覧し、__暝__れて宿に投ず
関連熟語：暝色（メイショク）  ★暝れる（く-れる） 日が暮れる。〈漢辞海〉",く,関連熟語：暝色（メイショク）  ★暝れる（く-れる） 日が暮れる。〈漢辞海〉,読み方をご入力ください,Text
"或いは十有八尺にして__贏__び、或いは十有三尺にして縮まる
関連熟語：贏縮（エイシュク）",の,関連熟語：贏縮（エイシュク）,読み方をご入力ください,Text
"胃充つれば即ち中大いに__懣__ゆ
関連熟語：忿懣（フンマン／フンモン）  ★懣える（もだ-える） 怒りのはけ口がなく、心のなかに詰まり苦しむ。いきどおる。〈漢字ペディア〉",もだ,関連熟語：忿懣（フンマン／フンモン）  ★懣える（もだ-える） 怒りのはけ口がなく、心のなかに詰まり苦しむ。いきどおる。〈漢字ペディア〉,読み方をご入力ください,Text
"一たび__晤__えば酬酢して日も旰る
関連熟語：面晤（メンゴ）  ★晤う（あ-う）  1.出会う。面会する。  2.顔と顔を向かい合わせる。対面する。〈漢辞海〉",あ,関連熟語：面晤（メンゴ）  ★晤う（あ-う）  1.出会う。面会する。  2.顔と顔を向かい合わせる。対面する。〈漢辞海〉,読み方をご入力ください,Text
"一節の詩には光明透徹して一点の__翳__あらしむべからず
関連熟語：暗翳（アンエイ）  ★翳（かげ）  1.光があたらない暗い所。かげり。くもり。  2.どこか暗い感じ。〈漢字ペディア〉",かげ,関連熟語：暗翳（アンエイ）  ★翳（かげ）  1.光があたらない暗い所。かげり。くもり。  2.どこか暗い感じ。〈漢字ペディア〉,読み方をご入力ください,Text
"允に厥の徳を__迪__む
関連熟語：哲迪（テキテツ）  ★迪む（ふ-む） ふみ従う。実行する。〈漢辞海〉",ふ,関連熟語：哲迪（テキテツ）  ★迪む（ふ-む） ふみ従う。実行する。〈漢辞海〉,読み方をご入力ください,Text
"鋭い__鴃__の鳴き声が空に響く
関連熟語：鴃舌（ゲキゼツ） ★百舌／鶪／鴃（もず） モズ科の鳥。低山にすむ。頭と背は赤褐色。腹は白色。カエルなどを捕食。秋、「キイーキイー」と鋭い声で高鳴きする。〈漢字ペディア〉",もず,関連熟語：鴃舌（ゲキゼツ） ★百舌／鶪／鴃（もず） モズ科の鳥。低山にすむ。頭と背は赤褐色。腹は白色。カエルなどを捕食。秋、「キイーキイー」と鋭い声で高鳴きする。〈漢字ペディア〉,読み方をご入力ください,Text
"於転婆娘のお__傅__に手を焼く
関連熟語：師傅（シフ）  ★傅（もり） 子どもなどに付き添って世話をする人。付き人。また、養育係。〈漢字ペディア〉",もり,関連熟語：師傅（シフ）  ★傅（もり） 子どもなどに付き添って世話をする人。付き人。また、養育係。〈漢字ペディア〉,読み方をご入力ください,Text
"翁は__儼__かに僮僕に命じた
関連熟語：儼乎（ゲンコ）  ★厳か／儼か（おごそ-か） いかめしくおもおもしいさま。がっしりと構えたようす。〈漢字ペディア〉",おごそ,関連熟語：儼乎（ゲンコ）  ★厳か／儼か（おごそ-か） いかめしくおもおもしいさま。がっしりと構えたようす。〈漢字ペディア〉,読み方をご入力ください,Text
"何を__恙__えて已まざるか
関連熟語：恙憂（ヨウユウ）  ★恙える（うれ-える） 心配する。〈漢辞海〉",うれ,関連熟語：恙憂（ヨウユウ）  ★恙える（うれ-える） 心配する。〈漢辞海〉,読み方をご入力ください,Text
"伽藍を建てて美迹を__旌__す
関連熟語：旌表（セイヒョウ）  ★旌す（あらわ-す）  1.はっきりと目立つように表彰する。  2.表示する。〈漢辞海〉",あらわ,関連熟語：旌表（セイヒョウ）  ★旌す（あらわ-す）  1.はっきりと目立つように表彰する。  2.表示する。〈漢辞海〉,読み方をご入力ください,Text
"価を誇り技巧に__慠__る
関連熟語：慠慢（ゴウマン）",おご,関連熟語：慠慢（ゴウマン）,読み方をご入力ください,Text
"嘉き名普く__曁__り、衆に欽仰せられむ
関連熟語：--",いた,関連熟語：--,読み方をご入力ください,Text
"夏は多く薪を積み、冬は則ち之を__煬__く
関連熟語：煬竈（ヨウソウ）  ★煬く（や-く） 盛んに燃やす。〈漢辞海〉",や,関連熟語：煬竈（ヨウソウ）  ★煬く（や-く） 盛んに燃やす。〈漢辞海〉,読み方をご入力ください,Text
"河漢の__冱__れども寒（こご）えしむる能はず
関連熟語：冱寒（ゴカン）  ★冱る／沍る（こお-る） 凍結する。〈漢辞海〉",こお,関連熟語：冱寒（ゴカン）  ★冱る／沍る（こお-る） 凍結する。〈漢辞海〉,読み方をご入力ください,Text
"河中より__箆撓__め形に押し流される
関連熟語：--  ★箆撓め形（のた-め-がた／のだ-め-がた）  1.ななめ。すじかい。  2.こじれていること。ひねくれていること。〈大辞泉〉  ★「篦撓め(のた-め:矢竹のそりをためなおすこと。また、そのための道具)」が、斜めに溝を彫ったものであるところから。","のた,のだ",関連熟語：--  ★箆撓め形（のた-め-がた／のだ-め-がた）  1.ななめ。すじかい。  2.こじれていること。ひねくれていること。〈大辞泉〉  ★「篦撓め(のた-め:矢竹のそりをためなおすこと。また、そのための道具)」が、斜めに溝を彫ったものであるところから。,読み方をご入力ください,Text
"火鉢の前に蹲踞して手を__煬__る
関連熟語：煬竈（ヨウソウ）  ★煬る（あぶ-る） 物を火にあててかわかす。〈漢字ペディア〉",あぶ,関連熟語：煬竈（ヨウソウ）  ★煬る（あぶ-る） 物を火にあててかわかす。〈漢字ペディア〉,読み方をご入力ください,Text
"花、紅にしてまた来たりて__覿__わん
関連熟語：私覿（シテキ）  ★覿う（あ-う） 会見する。人と面会する。まみえる。〈漢字ペディア〉",あ,関連熟語：私覿（シテキ）  ★覿う（あ-う） 会見する。人と面会する。まみえる。〈漢字ペディア〉,読み方をご入力ください,Text
"我が覃耜を以て載を南畝に__俶__む
関連熟語：俶載（シュクサイ）  ★俶めて（はじ-めて） 最初に。〈漢辞海〉",はじ,関連熟語：俶載（シュクサイ）  ★俶めて（はじ-めて） 最初に。〈漢辞海〉,読み方をご入力ください,Text
"我また__奚__をか覓めん
関連熟語：--",なに,関連熟語：--,読み方をご入力ください,Text
"画に出来ない情を__咏__う
関連熟語：--",うた,関連熟語：--,読み方をご入力ください,Text
"海は万水を__涵__れ、春は万物を育む
関連熟語：海涵（カイカン）  ★涵れる（い-れる）  1.包み込む。納める。  2.寛容にする。〈漢辞海〉",い,関連熟語：海涵（カイカン）  ★涵れる（い-れる）  1.包み込む。納める。  2.寛容にする。〈漢辞海〉,読み方をご入力ください,Text
"海図波濤に__拆__け、旧繡移りて曲折す
関連熟語：拆字（タクジ）  ★拆く（さ-く） 分ける。割ける。〈漢辞海〉",さ,関連熟語：拆字（タクジ）  ★拆く（さ-く） 分ける。割ける。〈漢辞海〉,読み方をご入力ください,Text
"海内戎服久しくして朝廷__晏__らかなり
関連熟語：晏如（アンジョ）  ★晏らか（やす-らか） 静かなさま。〈漢辞海〉",やす,関連熟語：晏如（アンジョ）  ★晏らか（やす-らか） 静かなさま。〈漢辞海〉,読み方をご入力ください,Text
"開けて見たよりも__慥__かだ
関連熟語：--  ★慥か（たし-か） おそらく。たぶん。まちがいなく。〈漢字ペディア〉",たし,関連熟語：--  ★慥か（たし-か） おそらく。たぶん。まちがいなく。〈漢字ペディア〉,読み方をご入力ください,Text
"葛の__覃__びて中谷に施（うつ）る
関連熟語：覃及（タンキュウ）",の,関連熟語：覃及（タンキュウ）,読み方をご入力ください,Text
"褐寛博と雖も吾__惴__れざらんや
関連熟語：惴慄（ズイリツ）  ★惴れる（おそ-れる） こわがってびくびくする。また、胸がどきどきする。〈漢字ペディア〉",おそ,関連熟語：惴慄（ズイリツ）  ★惴れる（おそ-れる） こわがってびくびくする。また、胸がどきどきする。〈漢字ペディア〉,読み方をご入力ください,Text
"敢えて弓を__彎__きて怨みに報いず
関連熟語：彎弓（ワンキュウ）  ★彎く（ひ-く） 矢を放つ。弓を引く。〈漢辞海〉",ひ,関連熟語：彎弓（ワンキュウ）  ★彎く（ひ-く） 矢を放つ。弓を引く。〈漢辞海〉,読み方をご入力ください,Text
"汗流れて背を__浹__す
関連熟語：濡浹（ジュショウ）  ★浹う（うるお-う） 水がしみとおる。ぬらす。〈漢辞海〉","うるお,とお",関連熟語：濡浹（ジュショウ）  ★浹う（うるお-う） 水がしみとおる。ぬらす。〈漢辞海〉,読み方をご入力ください,Text
"竿を肩にし__畚__を手にする釣客である
関連熟語：--  ★畚（ふご）  1.「畚(もっこ)」に同じ。  2.釣った魚を入れる竹かご。びく。〈漢字ペディア〉",ふご,関連熟語：--  ★畚（ふご）  1.「畚(もっこ)」に同じ。  2.釣った魚を入れる竹かご。びく。〈漢字ペディア〉,読み方をご入力ください,Text
"眼__暈__むに夜書多し
関連熟語：眩暈（ゲンウン）  ★暈む（くら-む） 目がくらむ。〈漢辞海〉",くら,関連熟語：眩暈（ゲンウン）  ★暈む（くら-む） 目がくらむ。〈漢辞海〉,読み方をご入力ください,Text
"顔色は衰え、目縁は__黝__ずんでいた
関連熟語：黯黒（アンコク）  ★黯い（くろ-い） 黒色である。きわめてくろい。まっくろ。〈漢字ペディア〉",くろ,関連熟語：黯黒（アンコク）  ★黯い（くろ-い） 黒色である。きわめてくろい。まっくろ。〈漢字ペディア〉,読み方をご入力ください,Text
"器無きも民前に__滔__まる
関連熟語：--  ★滔まる（あつ-まる） わきたつように集まる。〈漢辞海〉",あつ,関連熟語：--  ★滔まる（あつ-まる） わきたつように集まる。〈漢辞海〉,読み方をご入力ください,Text
"鬼も十八__屁屎葛__も花盛り
関連熟語：--  ★屁糞葛／屁屎葛（へくそかずら） アカネ科のつる性多年草。山野に自生。夏、ラッパ形で外が白色、中が紅紫色の小花をつけ、黄褐色の丸い実を結ぶ。ヤイトバナ。〈漢字ペディア〉",へくそかずら,関連熟語：--  ★屁糞葛／屁屎葛（へくそかずら） アカネ科のつる性多年草。山野に自生。夏、ラッパ形で外が白色、中が紅紫色の小花をつけ、黄褐色の丸い実を結ぶ。ヤイトバナ。〈漢字ペディア〉,読み方をご入力ください,Text
"杵頭降りて米穀__摏__けるなり
関連熟語：--",つ,関連熟語：--,読み方をご入力ください,Text
"玉石同じ__匱__に在り
関連熟語：金匱（キンキ）  ★匱／櫃（ひつ）  1.ふたのある大きい箱。  2.めしびつ。おひつ。おはち。〈漢字ペディア〉","ひつ,はこ",関連熟語：金匱（キンキ）  ★匱／櫃（ひつ）  1.ふたのある大きい箱。  2.めしびつ。おひつ。おはち。〈漢字ペディア〉,読み方をご入力ください,Text
"玉石同じく__糅__え、一概にして相量る
関連熟語：雑糅（ザツジュウ）  ★糅える（まじ-える） 混ぜて区別できないようにする。〈漢辞海〉",まじ,関連熟語：雑糅（ザツジュウ）  ★糅える（まじ-える） 混ぜて区別できないようにする。〈漢辞海〉,読み方をご入力ください,Text
"禁裏御用の商人たちが__掾__の名乗りを暖簾に掲げる
関連熟語：--  ★掾（じょう）  1.律令制の官職の一つ。  2.江戸時代以降、浄瑠璃の太夫(ﾀﾕｳ)に国名とともに与えられた称号。〈漢字ペディア〉",じょう,関連熟語：--  ★掾（じょう）  1.律令制の官職の一つ。  2.江戸時代以降、浄瑠璃の太夫(ﾀﾕｳ)に国名とともに与えられた称号。〈漢字ペディア〉,読み方をご入力ください,Text
"禽離れ獣__迸__る
関連熟語：奔迸（ホウヘイ）  ★迸る（はし-る） ちりぢりに逃げる。散る。〈漢辞海〉",はし,関連熟語：奔迸（ホウヘイ）  ★迸る（はし-る） ちりぢりに逃げる。散る。〈漢辞海〉,読み方をご入力ください,Text
"桑門俗を__蠹__なう
関連熟語：蠹害（トガイ）  ★蠹なう（そこ-なう） 損害を与える。やぶる。〈漢辞海〉",そこ,関連熟語：蠹害（トガイ）  ★蠹なう（そこ-なう） 損害を与える。やぶる。〈漢辞海〉,読み方をご入力ください,Text
"君に事え三たび違るも__竟__を出でず
関連熟語：越竟（エッキョウ）",さかい,関連熟語：越竟（エッキョウ）,読み方をご入力ください,Text
"軽舟川を__竟__り、江に傍い浦に依る
関連熟語：--  ★竟る（わた-る） 満ちつらなる。〈漢辞海〉",わた,関連熟語：--  ★竟る（わた-る） 満ちつらなる。〈漢辞海〉,読み方をご入力ください,Text
"血を__瀝__ぎて以て辞を書す
関連熟語：瀝血（レッケツ）",そそ,関連熟語：瀝血（レッケツ）,読み方をご入力ください,Text
"月落ち烏__啼__いて霜天に満つ
関連熟語：啼哭（テイコク）  ★啼く（な-く）  1.涙を流し、声をあげて泣き叫ぶ。  2.鳥や獣などが声を発する。〈漢字ペディア〉",な,関連熟語：啼哭（テイコク）  ★啼く（な-く）  1.涙を流し、声をあげて泣き叫ぶ。  2.鳥や獣などが声を発する。〈漢字ペディア〉,読み方をご入力ください,Text
"言を__纘__めて以て文をなす
関連熟語：纘述（サンジュツ）  ★纘める／纂める（あつ-める） 集め合わせる。編集する。〈漢辞海〉",あつ,関連熟語：纘述（サンジュツ）  ★纘める／纂める（あつ-める） 集め合わせる。編集する。〈漢辞海〉,読み方をご入力ください,Text
"古文を__撥__き詩書を焚く
関連熟語：撥去（ハッキョ）  ★撥く（のぞ-く） 排除する。払いさる。〈漢辞海〉",のぞ,関連熟語：撥去（ハッキョ）  ★撥く（のぞ-く） 排除する。払いさる。〈漢辞海〉,読み方をご入力ください,Text
"虎を暴（う）ち河を__馮__る
関連熟語：馮河（ヒョウガ）  ★馮る（かちわた-る） 川を歩いて渡る。〈漢辞海〉",かちわた,関連熟語：馮河（ヒョウガ）  ★馮る（かちわた-る） 川を歩いて渡る。〈漢辞海〉,読み方をご入力ください,Text
"五疋の__騾__を曳いて来た
関連熟語：騾馬（ラバ）",らば,関連熟語：騾馬（ラバ）,読み方をご入力ください,Text
"吾が車に膏し、吾が馬に__秣__う
関連熟語：秣馬（マツバ）  ★秣う（まぐさか-う） 馬にえさを与えて飼う。〈漢辞海〉",まぐさか,関連熟語：秣馬（マツバ）  ★秣う（まぐさか-う） 馬にえさを与えて飼う。〈漢辞海〉,読み方をご入力ください,Text
"御殿のあった__城址__は草が長じていた
関連熟語：城址（ジョウシ）  ★城跡／城址（しろあと） 昔、城のあったところ。城のあった旧跡。じょうし。〈日本国語大辞典〉",しろあと,関連熟語：城址（ジョウシ）  ★城跡／城址（しろあと） 昔、城のあったところ。城のあった旧跡。じょうし。〈日本国語大辞典〉,読み方をご入力ください,Text
"公子の__紿__くことを悪む
関連熟語：紿告（タイコク）  ★紿く／詒く（あざむ-く） だます。〈漢辞海〉",あざむ,関連熟語：紿告（タイコク）  ★紿く／詒く（あざむ-く） だます。〈漢辞海〉,読み方をご入力ください,Text
"公子商人は__驟__国に施す
関連熟語：--",しばしば,関連熟語：--,読み方をご入力ください,Text
"孝弟を__趨__し、時を以て順脩す
関連熟語：督趨（トクソク）  ★趨す（うなが-す）  1.しむける。  2.催促する。〈漢辞海〉",うなが,関連熟語：督趨（トクソク）  ★趨す（うなが-す）  1.しむける。  2.催促する。〈漢辞海〉,読み方をご入力ください,Text
"工なりと雖も__窘__る
関連熟語：艱窘（カンキン）",せま,関連熟語：艱窘（カンキン）,読み方をご入力ください,Text
"江碧にして鳥は__逾__白し
関連熟語：--  ★逾／愈（いよいよ）  1.ますます。さらにいっそう。  2.とうとう。ついに。〈漢字ペディア〉",いよいよ,関連熟語：--  ★逾／愈（いよいよ）  1.ますます。さらにいっそう。  2.とうとう。ついに。〈漢字ペディア〉,読み方をご入力ください,Text
"溝渠を__濬__えて川にいたる
関連熟語：濬川（シュンセン）  ★濬う／浚う（さら-う） 水底を搔いて泥などを取り除く。〈漢字ペディア〉",さら,関連熟語：濬川（シュンセン）  ★濬う／浚う（さら-う） 水底を搔いて泥などを取り除く。〈漢字ペディア〉,読み方をご入力ください,Text
"溝洫を__仞__り土方を物（み）る
関連熟語：--  ★仞る（はか-る） 深さを測る。〈漢辞海〉",はか,関連熟語：--  ★仞る（はか-る） 深さを測る。〈漢辞海〉,読み方をご入力ください,Text
"皇帝を__詒__き万金を貪る
関連熟語：欺詒（ギタイ）  ★詒く／紿く（あざむ-く） だます。〈漢辞海〉",あざむ,関連熟語：欺詒（ギタイ）  ★詒く／紿く（あざむ-く） だます。〈漢辞海〉,読み方をご入力ください,Text
"行色__黯__くして秋将に暮れんとす
関連熟語：黯澹（アンタン）  ★黯い（くら-い） 奥深くて表にあらわれてこない。陰気である。また、気がめいるさま。〈漢字ペディア〉",くら,関連熟語：黯澹（アンタン）  ★黯い（くら-い） 奥深くて表にあらわれてこない。陰気である。また、気がめいるさま。〈漢字ペディア〉,読み方をご入力ください,Text
"合図の__燧__が太虚へ上がる
関連熟語：烽燧（ホウスイ）  ★燧（のろし） 辺境警備において警報のために火を燃やして上げるけむり。〈漢辞海〉",のろし,関連熟語：烽燧（ホウスイ）  ★燧（のろし） 辺境警備において警報のために火を燃やして上げるけむり。〈漢辞海〉,読み方をご入力ください,Text
"国破れて心__仍__在り
関連熟語：--  ★仍（なお） 依然として。従来のまま。〈漢辞海〉",なお,関連熟語：--  ★仍（なお） 依然として。従来のまま。〈漢辞海〉,読み方をご入力ください,Text
"腰を__跼__めて恐る恐る近寄った
関連熟語：跼足（キョクソク）  ★跼む（かが-む） 足や背などを曲げ、体をちぢこませる。せぐくまる。〈漢字ペディア〉",かが,関連熟語：跼足（キョクソク）  ★跼む（かが-む） 足や背などを曲げ、体をちぢこませる。せぐくまる。〈漢字ペディア〉,読み方をご入力ください,Text
"今日まで__噫__にも出さずにいた
関連熟語：噫気（アイキ）  ★噫（おくび） 胃からのぼってくる、げっぷ。〈漢辞海〉",おくび,関連熟語：噫気（アイキ）  ★噫（おくび） 胃からのぼってくる、げっぷ。〈漢辞海〉,読み方をご入力ください,Text
"沙丘鉅鹿を去ること__斂__三百里
関連熟語：--  ★斂（ほぼ） 不足し、満たないさま。〈漢辞海〉",ほぼ,関連熟語：--  ★斂（ほぼ） 不足し、満たないさま。〈漢辞海〉,読み方をご入力ください,Text
"坐すること__尸__の如し、立つこと斉の如し
関連熟語：尸祝（シシュク）  ★尸／形代（かたしろ）  1.神を祭るとき、神霊の代わりに置くもの。  2.みそぎやおはらいのときに用いる、人の形に切り抜いた白い紙。これで人の体をなで、災いを移して川に流した。  3.身代わり。〈漢字ペディア〉",かたしろ,関連熟語：尸祝（シシュク）  ★尸／形代（かたしろ）  1.神を祭るとき、神霊の代わりに置くもの。  2.みそぎやおはらいのときに用いる、人の形に切り抜いた白い紙。これで人の体をなで、災いを移して川に流した。  3.身代わり。〈漢字ペディア〉,読み方をご入力ください,Text
"座上の__籌__紛錯として漸く杯盤狼藉となる
関連熟語：觥籌（コウチュウ）  ★籌（かずとり） 数をかぞえるときに、しるしとして使う細長い竹の棒。〈漢字ペディア〉",かずとり,関連熟語：觥籌（コウチュウ）  ★籌（かずとり） 数をかぞえるときに、しるしとして使う細長い竹の棒。〈漢字ペディア〉,読み方をご入力ください,Text
"才美後世に揚ぐ、__亶__に其れ然らんや
関連熟語：--  ★亶に（まこと-に） 本当に。強調や肯定を表す。〈漢辞海〉",まこと,関連熟語：--  ★亶に（まこと-に） 本当に。強調や肯定を表す。〈漢辞海〉,読み方をご入力ください,Text
"歳七十に垂としてその背__傴__まる
関連熟語：傴背（ウハイ）  ★傴む（かが-む） 腰が曲がり、体が前に傾く。背をまるめる。かがまる。〈漢字ペディア〉",かが,関連熟語：傴背（ウハイ）  ★傴む（かが-む） 腰が曲がり、体が前に傾く。背をまるめる。かがまる。〈漢字ペディア〉,読み方をご入力ください,Text
"細鱗群して水を__抒__み、其の胡を満たす
関連熟語：抒水（ジョスイ）  ★抒む（く-む） 汲み出す。取り出す。〈漢辞海〉",く,関連熟語：抒水（ジョスイ）  ★抒む（く-む） 汲み出す。取り出す。〈漢辞海〉,読み方をご入力ください,Text
"財貨を__邀__めず、ただ風流を慕う
関連熟語：邀名（ヨウメイ）  ★邀める（もと-める） 要求する。〈漢辞海〉",もと,関連熟語：邀名（ヨウメイ）  ★邀める（もと-める） 要求する。〈漢辞海〉,読み方をご入力ください,Text
"鷺のように足を__蹻__げては踏み込む
関連熟語：蹻足（キョウソク）  ★蹻げる（あ-げる）つま先で立つ。かかとをあげる。足を高くあげて歩く。〈漢字ペディア〉",あ,関連熟語：蹻足（キョウソク）  ★蹻げる（あ-げる）つま先で立つ。かかとをあげる。足を高くあげて歩く。〈漢字ペディア〉,読み方をご入力ください,Text
"昨日は__孀__、今日は姑
関連熟語：孀婦（ソウフ）  ★孀（やもめ） 夫と死別した妻。未亡人。また、ひとりで暮らす女性。孀婦(ｿｳﾌ)。⇔鰥(ﾔﾓｵ)〈漢字ペディア〉",やもめ,関連熟語：孀婦（ソウフ）  ★孀（やもめ） 夫と死別した妻。未亡人。また、ひとりで暮らす女性。孀婦(ｿｳﾌ)。⇔鰥(ﾔﾓｵ)〈漢字ペディア〉,読み方をご入力ください,Text
"鮭鱒の__鯡__を一腹戴いた
関連熟語：--  ★鯡（はららご） 魚類の産卵前の卵のかたまり。また、それを塩漬けなどにした食品。腹子。〈漢字ペディア〉","はららご,はらご",関連熟語：--  ★鯡（はららご） 魚類の産卵前の卵のかたまり。また、それを塩漬けなどにした食品。腹子。〈漢字ペディア〉,読み方をご入力ください,Text
"仔馬が__槲__の木蔭に身を寄せる
関連熟語：--  ★槲／柏（かしわ） ブナ科の落葉高木。山地に自生。春、黄褐色の花が咲く。樹皮はタンニンを含み染料用。材は建材,薪炭用。葉は大きく、食物を包むのに用いた。〈漢字ペディア〉",かしわ,"関連熟語：--  ★槲／柏（かしわ） ブナ科の落葉高木。山地に自生。春、黄褐色の花が咲く。樹皮はタンニンを含み染料用。材は建材,薪炭用。葉は大きく、食物を包むのに用いた。〈漢字ペディア〉",読み方をご入力ください,Text
"四体をして寒暑の変に__狃__わしむ
関連熟語：--  ★狃う（なら-う） 繰り返して習熟する。〈漢辞海〉",なら,関連熟語：--  ★狃う（なら-う） 繰り返して習熟する。〈漢辞海〉,読み方をご入力ください,Text
"士大夫の戦うこと甚だ苦しきを__閔__れむ
関連熟語：憐閔（レンビン）  ★閔れむ／愍れむ／憫れむ（あわ-れむ） 細かいところまで思いやる。同情する。気の毒に思う。〈漢字ペディア〉",あわ,関連熟語：憐閔（レンビン）  ★閔れむ／愍れむ／憫れむ（あわ-れむ） 細かいところまで思いやる。同情する。気の毒に思う。〈漢字ペディア〉,読み方をご入力ください,Text
"子__奚__ぞ政を為さざる
関連熟語：--  ★奚ぞ（なん-ぞ） どうして…か。なんで…か。疑問や反語を表す語。〈漢字ペディア〉",なん,関連熟語：--  ★奚ぞ（なん-ぞ） どうして…か。なんで…か。疑問や反語を表す語。〈漢字ペディア〉,読み方をご入力ください,Text
"思いを__覃__めて以て業を終えんとす
関連熟語：覃思（タンシ）  ★覃い（ふか-い） 深くまで入り込むさま。〈漢辞海〉",ふか,関連熟語：覃思（タンシ）  ★覃い（ふか-い） 深くまで入り込むさま。〈漢辞海〉,読み方をご入力ください,Text
"指を以て之を__揩__る
関連熟語：揩鼓（カイコ）","こす,す",関連熟語：揩鼓（カイコ）,読み方をご入力ください,Text
"死者は__殯__して屋内に在り
関連熟語：殯宮（ヒンキュウ）  ★殯する（かりもがり-する）  1.納棺して、まだ葬らないまま安置しておく。  2.浅く埋葬して改葬を待つ。仮埋葬する。〈漢辞海〉",かりもがり,関連熟語：殯宮（ヒンキュウ）  ★殯する（かりもがり-する）  1.納棺して、まだ葬らないまま安置しておく。  2.浅く埋葬して改葬を待つ。仮埋葬する。〈漢辞海〉,読み方をご入力ください,Text
"詩人を__聘__して法律を作らしめた
関連熟語：招聘（ショウヘイ）  ★聘す（め-す） 報酬や贈り物によって招く。呼び寄せる。〈漢辞海〉",め,関連熟語：招聘（ショウヘイ）  ★聘す（め-す） 報酬や贈り物によって招く。呼び寄せる。〈漢辞海〉,読み方をご入力ください,Text
"寺にて茶を乞い__餉笥__を開く
関連熟語：--  ★餉笥（かれいけ） 餉を入れる食器。破子(わりご)。〈日本国語大辞典〉",かれいけ,関連熟語：--  ★餉笥（かれいけ） 餉を入れる食器。破子(わりご)。〈日本国語大辞典〉,読み方をご入力ください,Text
"時令も乖き__狠__れるが如し
関連熟語：狠愎（コンヒョク）  ★狠る／很る（もと-る） 強情を張ってさからう。ひねくれてさからう。〈漢字ペディア〉",もと,関連熟語：狠愎（コンヒョク）  ★狠る／很る（もと-る） 強情を張ってさからう。ひねくれてさからう。〈漢字ペディア〉,読み方をご入力ください,Text
"自ら其の処を__爰__う
関連熟語：爰書（エンショ）  ★爰える（か-える） 変更する。さし換える。〈漢辞海〉",か,関連熟語：爰書（エンショ）  ★爰える（か-える） 変更する。さし換える。〈漢辞海〉,読み方をご入力ください,Text
"自然を説いて微を__拆__く
関連熟語：拆開（タクカイ）  ★拆く（ひら-く） 開ける。〈漢辞海〉",ひら,関連熟語：拆開（タクカイ）  ★拆く（ひら-く） 開ける。〈漢辞海〉,読み方をご入力ください,Text
"邪説を__闢__け壬人を難（はば）む
関連熟語：闢邪（ヘキジャ）  ★闢ける（しりぞ-ける）  1.排除する。  2.反駁する。はばむ。〈漢辞海〉",しりぞ,関連熟語：闢邪（ヘキジャ）  ★闢ける（しりぞ-ける）  1.排除する。  2.反駁する。はばむ。〈漢辞海〉,読み方をご入力ください,Text
"主臣の労を憂う、孰か祗み__懍__れざらん
関連熟語：懍慄（リンリツ）  ★懍れる（おそ-れる） 心身を引き締め、かしこまる。つつしむ。〈漢字ペディア〉",おそ,関連熟語：懍慄（リンリツ）  ★懍れる（おそ-れる） 心身を引き締め、かしこまる。つつしむ。〈漢字ペディア〉,読み方をご入力ください,Text
"手足__痿__れて起居ままならぬ
関連熟語：痿痹（イヒ）",しび,関連熟語：痿痹（イヒ）,読み方をご入力ください,Text
"手薬煉引いて__睨__め付けている
関連熟語：睨視（ゲイシ）  ★睨め付ける（ね-め-つ-ける） にらみつける。〈漢字ペディア〉",ね,関連熟語：睨視（ゲイシ）  ★睨め付ける（ね-め-つ-ける） にらみつける。〈漢字ペディア〉,読み方をご入力ください,Text
"秋の田の穂なみかがやく__百篝__
関連熟語：篝火（コウカ）  ★百篝（ももかがり） 稲妻の異名。〈日本国語大辞典〉",ももかがり,関連熟語：篝火（コウカ）  ★百篝（ももかがり） 稲妻の異名。〈日本国語大辞典〉,読み方をご入力ください,Text
"秋蘭を__紉__ぎて以て佩と為す
関連熟語：縫紉（ホウジン）",つな,関連熟語：縫紉（ホウジン）,読み方をご入力ください,Text
"終わり令くするに__俶__き有り
関連熟語：俶辰（シュクシン）  ★俶い（よ-い） 立派なさま。〈漢辞海〉",よ,関連熟語：俶辰（シュクシン）  ★俶い（よ-い） 立派なさま。〈漢辞海〉,読み方をご入力ください,Text
"重使を発して__媾__を為すに如かず
関連熟語：媾和（コウワ）  ★媾（よしみ） 互いにいつくしむこと。親しくつきあうこと。また、夫婦の交わり。〈漢字ペディア〉",よしみ,関連熟語：媾和（コウワ）  ★媾（よしみ） 互いにいつくしむこと。親しくつきあうこと。また、夫婦の交わり。〈漢字ペディア〉,読み方をご入力ください,Text
"叔向、子産に書を__詒__らしむ
関連熟語：--  ★詒る（おく-る） あたえる。〈漢辞海〉",おく,関連熟語：--  ★詒る（おく-る） あたえる。〈漢辞海〉,読み方をご入力ください,Text
"春の日に__廂__をかける
関連熟語：--  ★廂（ひさし）  1.寝殿造などで、母屋の周囲にある細長い部屋。ひさしのま。  2.建物の外側に差し出た、日差しなどを防ぐ小屋根。  3.帽子のつば。〈漢字ペディア〉",ひさし,関連熟語：--  ★廂（ひさし）  1.寝殿造などで、母屋の周囲にある細長い部屋。ひさしのま。  2.建物の外側に差し出た、日差しなどを防ぐ小屋根。  3.帽子のつば。〈漢字ペディア〉,読み方をご入力ください,Text
"旬日__畋__りして帰らず
関連熟語：畋漁（デンギョ）  ★畋り（か-り） 狩猟をすること。野生の鳥や獣を捕らえること。〈漢字ペディア〉",か,関連熟語：畋漁（デンギョ）  ★畋り（か-り） 狩猟をすること。野生の鳥や獣を捕らえること。〈漢字ペディア〉,読み方をご入力ください,Text
"諸侯の兵__竭__く至る
関連熟語：竭至（ケッシ）  ★竭く（ことごと-く） すっかり。完全に。〈漢辞海〉",ことごと,関連熟語：竭至（ケッシ）  ★竭く（ことごと-く） すっかり。完全に。〈漢辞海〉,読み方をご入力ください,Text
"諸将尽く__讙__し
関連熟語：讙呼（カンコ）  ★讙しい（かまびす-しい） やかましい。そうぞうしい。さわがしい。〈漢字ペディア〉",かまびす,関連熟語：讙呼（カンコ）  ★讙しい（かまびす-しい） やかましい。そうぞうしい。さわがしい。〈漢字ペディア〉,読み方をご入力ください,Text
"女の髪を陽の阿に__晞__かす
関連熟語：晞土（キド）  ★晞く（かわ-く） 日に当たってかわく。露や湿気などが日の光に当たって少なくなる。〈漢字ペディア〉",かわ,関連熟語：晞土（キド）  ★晞く（かわ-く） 日に当たってかわく。露や湿気などが日の光に当たって少なくなる。〈漢字ペディア〉,読み方をご入力ください,Text
"小人議を__沮__むを以て衆を出ず
関連熟語：沮止（ソシ）  ★沮む／阻む（はば-む） 相手のじゃまをする。防いで止める。〈漢字ペディア〉",はば,関連熟語：沮止（ソシ）  ★沮む／阻む（はば-む） 相手のじゃまをする。防いで止める。〈漢字ペディア〉,読み方をご入力ください,Text
"床の間から__狆潜__りへ足を掛けた
関連熟語：--  ★狆潜り（ちんくぐ-り） 床の間の横の壁の下があいているところ。犬潜り。〈日本国語大辞典〉",ちんくぐ,関連熟語：--  ★狆潜り（ちんくぐ-り） 床の間の横の壁の下があいているところ。犬潜り。〈日本国語大辞典〉,読み方をご入力ください,Text
"城廓の__角櫓__に上り万里を望む
関連熟語：--  ★角櫓／隅櫓（すみやぐら） 城郭のすみに立てた櫓。〈漢字ペディア〉",すみやぐら,関連熟語：--  ★角櫓／隅櫓（すみやぐら） 城郭のすみに立てた櫓。〈漢字ペディア〉,読み方をご入力ください,Text
"城門__噎__がり関するを得ず
関連熟語：塡噎（テンエツ）",ふさ,関連熟語：塡噎（テンエツ）,読み方をご入力ください,Text
"常に雲母紙で面を__屛__う
関連熟語：屛面（ヘイメン）  ★屛う（おお-う） おおいかくす。〈漢辞海〉",おお,関連熟語：屛面（ヘイメン）  ★屛う（おお-う） おおいかくす。〈漢辞海〉,読み方をご入力ください,Text
"色厲しくして内__荏__らかなり
関連熟語：荏弱（ジンジャク）  ★荏らか（やわ-らか） 軟弱なさま。〈漢辞海〉",やわ,関連熟語：荏弱（ジンジャク）  ★荏らか（やわ-らか） 軟弱なさま。〈漢辞海〉,読み方をご入力ください,Text
"信なる彼の南山、維れ禹之を__甸__む
関連熟語：禹甸（ウデン）  ★甸める（おさ-める） 統治する。〈漢辞海〉",おさ,関連熟語：禹甸（ウデン）  ★甸める（おさ-める） 統治する。〈漢辞海〉,読み方をご入力ください,Text
"心を__捫__でて自ら問う
関連熟語：捫着（モンチャク）  ★捫でる（な-でる） 手でさする。〈漢辞海〉",な,関連熟語：捫着（モンチャク）  ★捫でる（な-でる） 手でさする。〈漢辞海〉,読み方をご入力ください,Text
"臣社稷の削弱を__閔__う
関連熟語：覯閔（コウビン）  ★閔える／憫える（うれ-える） こまごまと気に病む。心配する。〈漢字ペディア〉",うれ,関連熟語：覯閔（コウビン）  ★閔える／憫える（うれ-える） こまごまと気に病む。心配する。〈漢字ペディア〉,読み方をご入力ください,Text
"親ら聖筆を__紆__らして碑文を為る
関連熟語：紆繞（ウジョウ）",めぐ,関連熟語：紆繞（ウジョウ）,読み方をご入力ください,Text
"身もまた稷契の列に__廁__じらんと欲す
関連熟語：間廁（カンシ）  ★廁じる（ま-じる） 身を置く。〈漢辞海〉",ま,関連熟語：間廁（カンシ）  ★廁じる（ま-じる） 身を置く。〈漢辞海〉,読み方をご入力ください,Text
"身を滄浪に__澡__う
関連熟語：澡浴（ソウヨク）  ★澡う（あら-う） あらいきよめる。こまめに、あらいすすぐ。〈漢字ペディア〉",あら,関連熟語：澡浴（ソウヨク）  ★澡う（あら-う） あらいきよめる。こまめに、あらいすすぐ。〈漢字ペディア〉,読み方をご入力ください,Text
"身体は__羸__せて疥瘡を生ず
関連熟語：羸痩（ルイソウ）  ★羸せる（や-せる） やせて虚弱なさま。〈漢辞海〉",や,関連熟語：羸痩（ルイソウ）  ★羸せる（や-せる） やせて虚弱なさま。〈漢辞海〉,読み方をご入力ください,Text
"人は栄えて__恁__かる景色の俤がなくなろうとする
関連熟語：恁地（ジンチ／インチ）  ★≒斯かる",か,関連熟語：恁地（ジンチ／インチ）  ★≒斯かる,読み方をご入力ください,Text
"人を__尹__め辟を祗むとに暇あらず
関連熟語：尹人（インジン）  ★尹める（おさ-める） つかさどる。きちんと統治する。〈漢辞海〉",おさ,関連熟語：尹人（インジン）  ★尹める（おさ-める） つかさどる。きちんと統治する。〈漢辞海〉,読み方をご入力ください,Text
"人民、生を__聊__しまず
関連熟語：無聊（ブリョウ）  ★聊しむ（たの-しむ） 心安らかに楽しむ。〈漢辞海〉",たの,関連熟語：無聊（ブリョウ）  ★聊しむ（たの-しむ） 心安らかに楽しむ。〈漢辞海〉,読み方をご入力ください,Text
"水__蹙__れば魚いよいよ躍る
関連熟語：追蹙（ツイシュク）  ★蹙る（せま-る）  1.差し迫ったさま。  2.苦しい  3.不安でおどおどしたさま。  4.分不相応で気づまりなさま。〈漢辞海〉",せま,関連熟語：追蹙（ツイシュク）  ★蹙る（せま-る）  1.差し迫ったさま。  2.苦しい  3.不安でおどおどしたさま。  4.分不相応で気づまりなさま。〈漢辞海〉,読み方をご入力ください,Text
"水の__瀝__りが咽喉を潤した
関連熟語：滴瀝（テキレキ）  ★瀝る（したた-る） 液体がしずくとなって、続いて落ちる。〈漢字ペディア〉",したた,関連熟語：滴瀝（テキレキ）  ★瀝る（したた-る） 液体がしずくとなって、続いて落ちる。〈漢字ペディア〉,読み方をご入力ください,Text
"崇臺独り出でて__崛__ち、峻秀たる北極に至る
関連熟語：崛起（クッキ）  ★崛つ（そばだ-つ） 山が高くそびえ立つ。山が高く抜きんでる。〈漢字ペディア〉",そばだ,関連熟語：崛起（クッキ）  ★崛つ（そばだ-つ） 山が高くそびえ立つ。山が高く抜きんでる。〈漢字ペディア〉,読み方をご入力ください,Text
"頗る__儼__しい八字髭の大男
関連熟語：儼乎（ゲンコ）  ★儼しい（いかめ-しい） 端正で威厳があるさま。〈漢辞海〉",いかめ,関連熟語：儼乎（ゲンコ）  ★儼しい（いかめ-しい） 端正で威厳があるさま。〈漢辞海〉,読み方をご入力ください,Text
"世の人々の御主よ、われをも__拯__け給え
関連熟語：--",たす,関連熟語：--,読み方をご入力ください,Text
"斉整として__藺莚__の上に坐す
関連熟語：--",いむしろ,関連熟語：--,読み方をご入力ください,Text
"石上に出づる泉は大旱に__竭__れず
関連熟語：枯竭（コケツ）  ★竭れる（か-れる） 水がかれたさま。〈漢辞海〉",か,関連熟語：枯竭（コケツ）  ★竭れる（か-れる） 水がかれたさま。〈漢辞海〉,読み方をご入力ください,Text
"先王の緒を__纘__ぎて天下を有てり
関連熟語：纘緒（サンショ）  ★纘ぐ（つ-ぐ） 受け継ぐ。継承する。〈漢辞海〉",つ,関連熟語：纘緒（サンショ）  ★纘ぐ（つ-ぐ） 受け継ぐ。継承する。〈漢辞海〉,読み方をご入力ください,Text
"千里を__跌__つを覚ゆるものか
関連熟語：差跌（サテツ）  ★跌つ（あやま-る） たがう。〈漢辞海〉",あやま,関連熟語：差跌（サテツ）  ★跌つ（あやま-る） たがう。〈漢辞海〉,読み方をご入力ください,Text
"専ら曩の構造を__摸__して差わない
関連熟語：模写（モシャ）",うつ,関連熟語：模写（モシャ）,読み方をご入力ください,Text
"戦わずして__耘__くより大なるは莫し
関連熟語：耘鋤（ウンジョ）  ★耘く（のぞ-く） 悪いものを取り除く。〈漢辞海〉",のぞ,関連熟語：耘鋤（ウンジョ）  ★耘く（のぞ-く） 悪いものを取り除く。〈漢辞海〉,読み方をご入力ください,Text
"泉を__雍__ぐ毋れ、糴を訖む毋れ
関連熟語：雍閼（ヨウアツ）  ★雍ぐ／壅ぐ（ふさ-ぐ） つまる。〈漢辞海〉",ふさ,関連熟語：雍閼（ヨウアツ）  ★雍ぐ／壅ぐ（ふさ-ぐ） つまる。〈漢辞海〉,読み方をご入力ください,Text
"泉を雍ぐ毋れ、糴を__訖__む毋れ
関連熟語：--",や,関連熟語：--,読み方をご入力ください,Text
"禅僧に__旛__動きけり春の風
関連熟語：纛旛（トウバン）  ★旛（はた） 長く下に垂らし下げる、しるしばた。のぼり。旗の総称。〈漢字ペディア〉",はた,関連熟語：纛旛（トウバン）  ★旛（はた） 長く下に垂らし下げる、しるしばた。のぼり。旗の総称。〈漢字ペディア〉,読み方をご入力ください,Text
"楚人固く先ず__歃__ることを請う
関連熟語：盟歃（メイソウ）  ★歃る（すす-る） すぼめた口を皿にさしこんで血をすする。〈漢字ペディア〉",すす,関連熟語：盟歃（メイソウ）  ★歃る（すす-る） すぼめた口を皿にさしこんで血をすする。〈漢字ペディア〉,読み方をご入力ください,Text
"鼠盗の__夥__を執えて戮さんとす
関連熟語：夥伴（カハン）",なかま,関連熟語：夥伴（カハン）,読み方をご入力ください,Text
"草萊を__辟__き、土地を任ず
関連熟語：墾辟（コンペキ）  ★辟く／闢く（ひら-く）  1.開墾する。  2.切り拓く。  3.開く。〈漢辞海〉",ひら,関連熟語：墾辟（コンペキ）  ★辟く／闢く（ひら-く）  1.開墾する。  2.切り拓く。  3.開く。〈漢辞海〉,読み方をご入力ください,Text
"霜雪交々下り、川池暴かに__沍__る
関連熟語：沍陰（ゴイン）  ★  ★冱る／沍る（こお-る） 凍結する。〈漢辞海〉",こお,関連熟語：沍陰（ゴイン）  ★  ★冱る／沍る（こお-る） 凍結する。〈漢辞海〉,読み方をご入力ください,Text
"足を以て路馬の芻を__蹙__れば、誅あり
関連熟語：蹙鞠（シュクキク）  ★蹙る（け-る） 足先でうつ。〈漢辞海〉",け,関連熟語：蹙鞠（シュクキク）  ★蹙る（け-る） 足先でうつ。〈漢辞海〉,読み方をご入力ください,Text
"足を重ね目を__仄__つ
関連熟語：仄目（ソクモク）",そばだ,関連熟語：仄目（ソクモク）,読み方をご入力ください,Text
"袖を巻き裳を__搴__げて箒を持つ
関連熟語：搴裳（ケンショウ）  ★搴げる（かか-げる） 高く持ち上げる。また、たくし上げる。からげる。〈漢字ペディア〉",かか,関連熟語：搴裳（ケンショウ）  ★搴げる（かか-げる） 高く持ち上げる。また、たくし上げる。からげる。〈漢字ペディア〉,読み方をご入力ください,Text
"孫王諸人色みな__遽__つ
関連熟語：遽色（キョショク）  ★遽てる（あわ-てる） うろたえ恐れる。おどろき怖がる。〈漢辞海〉",あわ,関連熟語：遽色（キョショク）  ★遽てる（あわ-てる） うろたえ恐れる。おどろき怖がる。〈漢辞海〉,読み方をご入力ください,Text
"村の附近に古刹の__墟__あり
関連熟語：廃墟（ハイキョ）  ★墟（あと） 昔あった建物などがなくなり、くぼみだけが残って荒れ果てた場所。〈漢字ペディア〉",あと,関連熟語：廃墟（ハイキョ）  ★墟（あと） 昔あった建物などがなくなり、くぼみだけが残って荒れ果てた場所。〈漢字ペディア〉,読み方をご入力ください,Text
"泰山__厲__の如し、黃河帯の如し
関連熟語：砥厲（シレイ）  ★厲／礪（といし） 粗い砥石。〈漢辞海〉",といし,関連熟語：砥厲（シレイ）  ★厲／礪（といし） 粗い砥石。〈漢辞海〉,読み方をご入力ください,Text
"大きな西瓜を一つ__饋__る
関連熟語：饋電線（キデンセン）  ★餽る／饋る（おく-る） 食物,金品をおくり届ける。食物をおくり供える。〈漢字ペディア〉",おく,"関連熟語：饋電線（キデンセン）  ★餽る／饋る（おく-る） 食物,金品をおくり届ける。食物をおくり供える。〈漢字ペディア〉",読み方をご入力ください,Text
"大学の__允__、太だ賢し
関連熟語：--  ★允（じょう） 律令(ﾘﾂﾘｮｳ制で主殿寮(とのもづかさ)などの判官。次官(すけ)の下で、公文書の審査などをつかさどった。〈漢字ペディア〉  ▼大学(ﾀﾞｲｶﾞｸ)の允…大学寮の判官（じょう）。大,少允があり、それぞれ正七位位下、従七位上相当官。定員は各一人。〈日本国語大辞典〉",じょう,"関連熟語：--  ★允（じょう） 律令(ﾘﾂﾘｮｳ制で主殿寮(とのもづかさ)などの判官。次官(すけ)の下で、公文書の審査などをつかさどった。〈漢字ペディア〉  ▼大学(ﾀﾞｲｶﾞｸ)の允…大学寮の判官（じょう）。大,少允があり、それぞれ正七位位下、従七位上相当官。定員は各一人。〈日本国語大辞典〉",読み方をご入力ください,Text
"大空に雲は__飄__い、潮分けて舟は行くなり
関連熟語：飄蕩（ヒョウトウ）",ただよ,関連熟語：飄蕩（ヒョウトウ）,読み方をご入力ください,Text
"大君の御令（みこと）畏み、天離る__鄙辺__に罷る
関連熟語：辺鄙（ヘンピ）  ★鄙辺（ひなべ） 都を遠く離れた地方。いなか。〈日本国語大辞典〉",ひなべ,関連熟語：辺鄙（ヘンピ）  ★鄙辺（ひなべ） 都を遠く離れた地方。いなか。〈日本国語大辞典〉,読み方をご入力ください,Text
"大湖を__匯__らし谿澗を作す
関連熟語：渟匯（テイカイ）  ★匯る（めぐ-る） 水が循環する。まわって集まる。〈漢辞海〉",めぐ,関連熟語：渟匯（テイカイ）  ★匯る（めぐ-る） 水が循環する。まわって集まる。〈漢辞海〉,読み方をご入力ください,Text
"大壑と沃焦とに__淙__ぐ
関連熟語：--  ★淙ぐ（そそ-ぐ） 流れ込む。〈漢辞海〉",そそ,関連熟語：--  ★淙ぐ（そそ-ぐ） 流れ込む。〈漢辞海〉,読み方をご入力ください,Text
"炭の__賤__きを憂え、天の寒きを願う
関連熟語：賤斂貴発（センレンキハツ）  ★賤い（やす-い） 値段が安い。〈漢辞海〉",やす,関連熟語：賤斂貴発（センレンキハツ）  ★賤い（やす-い） 値段が安い。〈漢辞海〉,読み方をご入力ください,Text
"地利を__壙__しくする毋れ
関連熟語：壙野（コウヤ）",むな,関連熟語：壙野（コウヤ）,読み方をご入力ください,Text
"朝夕我が眼を__礙__ぐ
関連熟語：五礙（ゴゲ）  ★礙げる（さまた-げる）  1.制止する。とどめる。  2.見えなくする。さえぎる。  3.邪魔をする。〈漢辞海〉",さまた,関連熟語：五礙（ゴゲ）  ★礙げる（さまた-げる）  1.制止する。とどめる。  2.見えなくする。さえぎる。  3.邪魔をする。〈漢辞海〉,読み方をご入力ください,Text
"長男の__娵__にと懇望された
関連熟語：--  ★娵（よめ） 結婚した女性。また、息子の妻。〈漢字ペディア〉",よめ,関連熟語：--  ★娵（よめ） 結婚した女性。また、息子の妻。〈漢字ペディア〉,読み方をご入力ください,Text
"珍羞を__陶坏__に堆く盛る
関連熟語：耳坏（ジハイ）  ★陶坏（すえつき） 陶製のつき。かわらけ。〈日本国語大辞典〉",すえつき,関連熟語：耳坏（ジハイ）  ★陶坏（すえつき） 陶製のつき。かわらけ。〈日本国語大辞典〉,読み方をご入力ください,Text
"天は玉斗を廻らして地を__暝__くする
関連熟語：暝天（メイテン）  ★暝い（くら-い） 日が暮れて物が見えにくいさま。くらがりのようす。〈漢字ペディア〉",くら,関連熟語：暝天（メイテン）  ★暝い（くら-い） 日が暮れて物が見えにくいさま。くらがりのようす。〈漢字ペディア〉,読み方をご入力ください,Text
"天狗と羽を__幷__べて象外に遊ぶ
関連熟語：幷肩（ヘイケン）  ★幷ぶ／併ぶ／並ぶ  1.二つ以上のものが隣り合って位置する。連なる。  2.同じ程度である。〈漢字ペディア〉",なら,関連熟語：幷肩（ヘイケン）  ★幷ぶ／併ぶ／並ぶ  1.二つ以上のものが隣り合って位置する。連なる。  2.同じ程度である。〈漢字ペディア〉,読み方をご入力ください,Text
"天子、春秋__鼎__に盛んなり
関連熟語：鼎盛（テイセイ）  ▼春秋(ｼｭﾝｼﾞｭｳ)鼎(ﾏｻ)に盛(ｻｶ)んなり…働き盛りの壮年である。若いさかりだ。〈日本国語大辞典〉",まさ,関連熟語：鼎盛（テイセイ）  ▼春秋(ｼｭﾝｼﾞｭｳ)鼎(ﾏｻ)に盛(ｻｶ)んなり…働き盛りの壮年である。若いさかりだ。〈日本国語大辞典〉,読み方をご入力ください,Text
"天誅を加えて橋上に__梟__す
関連熟語：梟首（キョウシュ）  ★梟す（さら-す） はねた首を民衆に示す。〈漢辞海〉",さら,関連熟語：梟首（キョウシュ）  ★梟す（さら-す） はねた首を民衆に示す。〈漢辞海〉,読み方をご入力ください,Text
"兎を得て__蹄__を忘る
関連熟語：筌蹄（センテイ）  ★蹄（わな） 足に仕掛けてウサギを捕らえる道具。〈漢辞海〉  ▼兎(ｳｻｷﾞ)を得(ｴ)て蹄を忘(ﾜｽ)る…兎を捕えてしまえば、これを捕えた蹄（わな）は無用のものになる。物事が成し遂げられれば、そのための手段は打ち捨てられていい。手段にかかずらって本質を見失ってはならないというたとえ。〈故事俗信ことわざ大辞典〉",わな,関連熟語：筌蹄（センテイ）  ★蹄（わな） 足に仕掛けてウサギを捕らえる道具。〈漢辞海〉  ▼兎(ｳｻｷﾞ)を得(ｴ)て蹄を忘(ﾜｽ)る…兎を捕えてしまえば、これを捕えた蹄（わな）は無用のものになる。物事が成し遂げられれば、そのための手段は打ち捨てられていい。手段にかかずらって本質を見失ってはならないというたとえ。〈故事俗信ことわざ大辞典〉,読み方をご入力ください,Text
"屠人是を調えて其の__胙__を東宮に奉る
関連熟語：胙余（ソヨ）  ★胙（ひもろぎ） 供物として神に供える肉。祭りが終わると分配される。〈漢字ペディア〉",ひもろぎ,関連熟語：胙余（ソヨ）  ★胙（ひもろぎ） 供物として神に供える肉。祭りが終わると分配される。〈漢字ペディア〉,読み方をご入力ください,Text
"土竜を__朸__の先で突く
関連熟語：--  ★朸（おうご） 荷物に通して肩にかつぐのに用いる棒。てんびん棒。〈漢字ペディア〉","おうご,おうこ",関連熟語：--  ★朸（おうご） 荷物に通して肩にかつぐのに用いる棒。てんびん棒。〈漢字ペディア〉,読み方をご入力ください,Text
"冬の雪中は__橇__を穿きて途を行く
関連熟語：--  ★橇（かんじき） 雪の上を歩くときに、足が埋まらないように木の枝などを楕円形にたわめて、はきものの下につける道具。〈漢字ペディア〉",かんじき,関連熟語：--  ★橇（かんじき） 雪の上を歩くときに、足が埋まらないように木の枝などを楕円形にたわめて、はきものの下につける道具。〈漢字ペディア〉,読み方をご入力ください,Text
"冬は則ち穴に宿り、夏は則ち__樔__に住む
関連熟語：--  ★樔（す）  1.鳥の巣。  2.上古、人が樹上に作ったすみか。〈漢辞海〉",す,関連熟語：--  ★樔（す）  1.鳥の巣。  2.上古、人が樹上に作ったすみか。〈漢辞海〉,読み方をご入力ください,Text
"冬枯れで__暈取__られた寒林
関連熟語：--  ★隈取る／暈取る（くまど-る）  1.陰影や濃淡などで境目をつける。また、日本画などで立体感を表わすために、墨や絵の具の濃淡で境目をぼかす。隈を取る。  2.べに、おしろいなどで、化粧をする。特に、歌舞伎俳優が、顔に隈取りをする。隈を取る。〈日本国語大辞典〉",くまど,関連熟語：--  ★隈取る／暈取る（くまど-る）  1.陰影や濃淡などで境目をつける。また、日本画などで立体感を表わすために、墨や絵の具の濃淡で境目をぼかす。隈を取る。  2.べに、おしろいなどで、化粧をする。特に、歌舞伎俳優が、顔に隈取りをする。隈を取る。〈日本国語大辞典〉,読み方をご入力ください,Text
"刀を引き自ら__剄__る
関連熟語：自剄（ジケイ）  ★剄る（くびき-る） 刀剣で首をはねる。のどくびをかき切る。〈漢字ペディア〉",くびき,関連熟語：自剄（ジケイ）  ★剄る（くびき-る） 刀剣で首をはねる。のどくびをかき切る。〈漢字ペディア〉,読み方をご入力ください,Text
"唐銅の__餌畚__を秘蔵している
関連熟語：--  ★餌畚（えふご）  1.鷹狩りの時に携行するいれもの。竹籠製という。鷹の餌や獲物を入れるのに用いた。餌袋(えぶくろ)。  2.魚を釣るときに使う餌を入れる竹かご。  3.②に似た形の水差しの一種。〈日本国語大辞典〉",えふご,関連熟語：--  ★餌畚（えふご）  1.鷹狩りの時に携行するいれもの。竹籠製という。鷹の餌や獲物を入れるのに用いた。餌袋(えぶくろ)。  2.魚を釣るときに使う餌を入れる竹かご。  3.②に似た形の水差しの一種。〈日本国語大辞典〉,読み方をご入力ください,Text
"東暾淡く未だ__熹__んならず
関連熟語：--  ★熹ん（さか-ん） 火勢や輝きなどが盛んであるさま。〈漢辞海〉",さか,関連熟語：--  ★熹ん（さか-ん） 火勢や輝きなどが盛んであるさま。〈漢辞海〉,読み方をご入力ください,Text
"頭を以て地を__搶__く
関連熟語：搶地（ソウチ／ショウチ）  ★搶く（つ-く） ぶつかる。ぶつける。〈漢辞海〉",つ,関連熟語：搶地（ソウチ／ショウチ）  ★搶く（つ-く） ぶつかる。ぶつける。〈漢辞海〉,読み方をご入力ください,Text
"突然の__黒框__葉書で胸騒ぎがする
関連熟語：--  ★黒枠／黒框（くろわく）  1.黒いわく。  2.死亡通知状や死亡広告を囲む黒いふち取りの線。〈漢字ペディア〉",くろわく,関連熟語：--  ★黒枠／黒框（くろわく）  1.黒いわく。  2.死亡通知状や死亡広告を囲む黒いふち取りの線。〈漢字ペディア〉,読み方をご入力ください,Text
"二松を対樹し、日に其の間に__哦__う
関連熟語：長哦（チョウガ）  ★哦う（うた-う） 口ずさむ。吟ずる。〈漢字ペディア〉",うた,関連熟語：長哦（チョウガ）  ★哦う（うた-う） 口ずさむ。吟ずる。〈漢字ペディア〉,読み方をご入力ください,Text
"日が西に__舂__き始める
関連熟語：下舂（カショウ）  ★舂く／臼搗く（うすづ-く）  1.穀物などを臼に入れて杵でつく。  2.太陽が山の端などにかかる。多く、太陽が没することをいう。〈日本国語大辞典〉",うすづ,関連熟語：下舂（カショウ）  ★舂く／臼搗く（うすづ-く）  1.穀物などを臼に入れて杵でつく。  2.太陽が山の端などにかかる。多く、太陽が没することをいう。〈日本国語大辞典〉,読み方をご入力ください,Text
"日の影に猫の__抓__き出す独活芽かな
関連熟語：抓破（ソウハ）  ★抓く／搔く（か-く） つめや鉤状のもので、ひっかく。〈漢辞海〉",か,関連熟語：抓破（ソウハ）  ★抓く／搔く（か-く） つめや鉤状のもので、ひっかく。〈漢辞海〉,読み方をご入力ください,Text
"日辺より来れるに逢うを__忻__ぶ
関連熟語：忻慕（キンボ）  ★忻ぶ／欣ぶ（よろこ-ぶ） 心をうきうきとはずませる。笑いよろこぶ。〈漢字ペディア〉",よろこ,関連熟語：忻慕（キンボ）  ★忻ぶ／欣ぶ（よろこ-ぶ） 心をうきうきとはずませる。笑いよろこぶ。〈漢字ペディア〉,読み方をご入力ください,Text
"年二十八にして始めて__宦__う
関連熟語：婚宦（コンカン）  ★宦える（つか-える） 役人になる。宮仕えする。〈漢辞海〉",つか,関連熟語：婚宦（コンカン）  ★宦える（つか-える） 役人になる。宮仕えする。〈漢辞海〉,読み方をご入力ください,Text
"之を毀てば則ち朝にして__堋__る
関連熟語：--  ★堋る（-る） 棺を埋葬する。〈漢辞海〉",ほうむ,関連熟語：--  ★堋る（-る） 棺を埋葬する。〈漢辞海〉,読み方をご入力ください,Text
"蚤く寝て__晏__く起きる
関連熟語：晏駕（アンガ）  ★晏い（おそ-い）  1.時刻,時期が過ぎている。時間が経過している。  2.夜が更けている。〈漢字ペディア〉",おそ,"関連熟語：晏駕（アンガ）  ★晏い（おそ-い）  1.時刻,時期が過ぎている。時間が経過している。  2.夜が更けている。〈漢字ペディア〉",読み方をご入力ください,Text
"杯の酒の余った__瀝__まで飲み尽くす
関連熟語：余瀝（ヨレキ）",しずく,関連熟語：余瀝（ヨレキ）,読み方をご入力ください,Text
"白き汗衫を__鬆__やかに身に纏う
関連熟語：軽鬆（ケイショウ）",ゆる,関連熟語：軽鬆（ケイショウ）,読み方をご入力ください,Text
"番兵を欺き塘池を__泅__ぎて人屋に入る
関連熟語：泅游（シュウユウ）  ★泅ぐ（およ-ぐ） 遊泳する。〈漢辞海〉",およ,関連熟語：泅游（シュウユウ）  ★泅ぐ（およ-ぐ） 遊泳する。〈漢辞海〉,読み方をご入力ください,Text
"皮の存せざる、毛将安にか__傅__かん
関連熟語：傅粉（フフン）  ★傅く／附く（つ-く） 付着する。〈漢辞海〉  ▼皮(ｶﾜ)の存(ｿﾝ)せざる、毛(ｹ)将(ﾊﾀ)安(ｲｽﾞｸ)にか傅かん…皮がなければ、毛のつき場所がない。根本を失っては、枝葉のことに努めても効果がないというたとえ。晋と秦の国の間には、根本的な信頼関係が失われているから、表面的な和平を講じても意味がないと主張した、晉の虢射(ｶｸｾｷ)のことば。〈故事俗信ことわざ大辞典〉",つ,関連熟語：傅粉（フフン）  ★傅く／附く（つ-く） 付着する。〈漢辞海〉  ▼皮(ｶﾜ)の存(ｿﾝ)せざる、毛(ｹ)将(ﾊﾀ)安(ｲｽﾞｸ)にか傅かん…皮がなければ、毛のつき場所がない。根本を失っては、枝葉のことに努めても効果がないというたとえ。晋と秦の国の間には、根本的な信頼関係が失われているから、表面的な和平を講じても意味がないと主張した、晉の虢射(ｶｸｾｷ)のことば。〈故事俗信ことわざ大辞典〉,読み方をご入力ください,Text
"備え無くして官弁せん者は、なお__瀋__を拾うがごとし
関連熟語：墨瀋（ボクシン）  ★瀋（しる） 液汁。〈漢辞海〉",しる,関連熟語：墨瀋（ボクシン）  ★瀋（しる） 液汁。〈漢辞海〉,読み方をご入力ください,Text
"琵琶を鼓して以て飲を__侑__む
関連熟語：侑觴（ユウショウ）  ★侑める（すす-める） 相手のそばで、飲食物を差し出して食べるように誘う。〈漢字ペディア〉",すす,関連熟語：侑觴（ユウショウ）  ★侑める（すす-める） 相手のそばで、飲食物を差し出して食べるように誘う。〈漢字ペディア〉,読み方をご入力ください,Text
"氷を__鏤__るような文章
関連熟語：鐫鏤（センロウ）  ★鏤る（え-る） 彫刻する。〈漢辞海〉",え,関連熟語：鐫鏤（センロウ）  ★鏤る（え-る） 彫刻する。〈漢辞海〉,読み方をご入力ください,Text
"貧窮を__贍__い賢能を禄す
関連熟語：貸贍（タイセン）  ★贍う（すく-う） 財物を与え救済する。〈漢辞海〉",すく,関連熟語：貸贍（タイセン）  ★贍う（すく-う） 財物を与え救済する。〈漢辞海〉,読み方をご入力ください,Text
"父兄の烈に__仗__りて割拠せり
関連熟語：仗義（ジョウギ）  ★仗る（よ-る） すがりたよる。頼む。よりどころにする。〈漢字ペディア〉",よ,関連熟語：仗義（ジョウギ）  ★仗る（よ-る） すがりたよる。頼む。よりどころにする。〈漢字ペディア〉,読み方をご入力ください,Text
"武王大義を天下に__倡__う
関連熟語：倡道（ショウドウ）  ★倡える／唱える（とな-える）  1.声を出し、節をつけて読む。うたう。  2.人に先立って声を発する。先に言い出す。〈漢字ペディア〉",とな,関連熟語：倡道（ショウドウ）  ★倡える／唱える（とな-える）  1.声を出し、節をつけて読む。うたう。  2.人に先立って声を発する。先に言い出す。〈漢字ペディア〉,読み方をご入力ください,Text
"武王邇きに__泄__れず、遠きを忘れず
関連熟語：--  ★泄れる／褻れる（な-れる） なれなれしくする。あなどる。〈漢辞海〉",な,関連熟語：--  ★泄れる／褻れる（な-れる） なれなれしくする。あなどる。〈漢辞海〉,読み方をご入力ください,Text
"風呂敷から夏蜜柑が__輾__げ出した
関連熟語：輾転（テンテン）",ころ,関連熟語：輾転（テンテン）,読み方をご入力ください,Text
"伏見の事万一__蹶__かば嘯聚賊となれ
関連熟語：顚蹶（テンケツ）  ★蹶く（つまず-く） 足を引っ掛けて、たおれそうになる。足をとられて前のめりになる。〈漢字ペディア〉",つまず,関連熟語：顚蹶（テンケツ）  ★蹶く（つまず-く） 足を引っ掛けて、たおれそうになる。足をとられて前のめりになる。〈漢字ペディア〉,読み方をご入力ください,Text
"物を__殄__ち民を害なう
関連熟語：誅殄（チュウテン）  ★殄える（た-える） 断絶する。〈漢辞海〉",た,関連熟語：誅殄（チュウテン）  ★殄える（た-える） 断絶する。〈漢辞海〉,読み方をご入力ください,Text
"物下なるも__估__高し
関連熟語：估価（コカ）  ★估（あたい） 品物の売価。物価。〈漢辞海〉",あたい,関連熟語：估価（コカ）  ★估（あたい） 品物の売価。物価。〈漢辞海〉,読み方をご入力ください,Text
"憤りを発して以て情を__抒__ぶ
関連熟語：抒情（ジョジョウ）  ★抒べる／叙べる（の-べる） 心中の思いを打ち明ける。〈漢字ペディア〉",の,関連熟語：抒情（ジョジョウ）  ★抒べる／叙べる（の-べる） 心中の思いを打ち明ける。〈漢字ペディア〉,読み方をご入力ください,Text
"文を売り、酒を__沽__う
関連熟語：沽酒（コシュ）  ★沽う（か-う） 代金を払って買い取る。〈漢辞海〉",か,関連熟語：沽酒（コシュ）  ★沽う（か-う） 代金を払って買い取る。〈漢辞海〉,読み方をご入力ください,Text
"文を舞わし巧みに__詆__う
関連熟語：詆欺（テイギ）  ★詆いる（し-いる） でたらめを言い立てる。〈漢辞海〉",し,関連熟語：詆欺（テイギ）  ★詆いる（し-いる） でたらめを言い立てる。〈漢辞海〉,読み方をご入力ください,Text
"聞いても毫も__咢__くことなし
関連熟語：咢然（ガクゼン）",おどろ,関連熟語：咢然（ガクゼン）,読み方をご入力ください,Text
"別墅を__搆__えて其の苑に花卉を植う
関連熟語：造搆（ゾウコウ）  ★搆える／構える（かま-える）  1.建物を造る。  2.生じる。引き起こす。  3.いつわり、しくむ。  4.離反させる。  5.和解する。〈漢辞海〉",かま,関連熟語：造搆（ゾウコウ）  ★搆える／構える（かま-える）  1.建物を造る。  2.生じる。引き起こす。  3.いつわり、しくむ。  4.離反させる。  5.和解する。〈漢辞海〉,読み方をご入力ください,Text
"歩兵軍後に__踵__ぐもの数十万人
関連熟語：踵武（ショウブ）  ★踵ぐ（つ-ぐ）  1.後を追う。つき従う。  2.継承する。制度などを受け継ぐ。〈漢辞海〉",つ,関連熟語：踵武（ショウブ）  ★踵ぐ（つ-ぐ）  1.後を追う。つき従う。  2.継承する。制度などを受け継ぐ。〈漢辞海〉,読み方をご入力ください,Text
"暮れ__夙__星の輝く枯れ野かな
関連熟語：--  ★暮れ夙（く-れ-まだき） 暮れるにはまだ少し間のある時分。日没前のひととき。〈日本国語大辞典〉",まだき,関連熟語：--  ★暮れ夙（く-れ-まだき） 暮れるにはまだ少し間のある時分。日没前のひととき。〈日本国語大辞典〉,読み方をご入力ください,Text
"萌えては朽ち、絶えては__孼__す
関連熟語：遺孼（イゲツ）",ひこばえ,関連熟語：遺孼（イゲツ）,読み方をご入力ください,Text
"本に背きて末に__趨__く
関連熟語：帰趨（キスウ）  ★趨く／趣く（おもむ-く） 急いで行く。また、ある目的や場所に向かって行く。〈漢字ペディア〉",おもむ,関連熟語：帰趨（キスウ）  ★趨く／趣く（おもむ-く） 急いで行く。また、ある目的や場所に向かって行く。〈漢字ペディア〉,読み方をご入力ください,Text
"凡そ設色する者は__已__だ動植に逼れり
関連熟語：已甚（イジン）  ★已だ（はなは-だ） あまりにも。非常に。程度がいちじるしく超過している意。〈漢辞海〉",はなは,関連熟語：已甚（イジン）  ★已だ（はなは-だ） あまりにも。非常に。程度がいちじるしく超過している意。〈漢辞海〉,読み方をご入力ください,Text
"麻姑を__倩__うて痒きを搔く
関連熟語：倩代（セイダイ）  ▼麻姑(ｶｺ)を倩うて痒(ｶﾕ)きを搔(ｶ)く…物事が思いのままに行きとどく、思いどおりに事が運ぶことのたとえ。麻姑搔痒。〈故事俗信ことわざ大辞典〉",やと,関連熟語：倩代（セイダイ）  ▼麻姑(ｶｺ)を倩うて痒(ｶﾕ)きを搔(ｶ)く…物事が思いのままに行きとどく、思いどおりに事が運ぶことのたとえ。麻姑搔痒。〈故事俗信ことわざ大辞典〉,読み方をご入力ください,Text
"漫ろに春衣を脱いで酒紅を__浣__う
関連熟語：浣腸（カンチョウ）  ★浣う／澣う（あら-う） 衣服や体の汚れを落とす。〈漢字ペディア〉",あら,関連熟語：浣腸（カンチョウ）  ★浣う／澣う（あら-う） 衣服や体の汚れを落とす。〈漢字ペディア〉,読み方をご入力ください,Text
"未だ其の義を__竟__むる能わず
関連熟語：窮竟（キュウキョウ）  ★竟める（きわ-める） 追究する。問い詰める。〈漢辞海〉",きわ,関連熟語：窮竟（キュウキョウ）  ★竟める（きわ-める） 追究する。問い詰める。〈漢辞海〉,読み方をご入力ください,Text
"蓑を披（き）て火を救い、瀆を__毀__りて水を止む
関連熟語：毀損（キソン）  ▼蓑(ﾐﾉ)を披(ｷ)て火を救い、瀆(ﾄｸ)を毀りて水(ﾐｽﾞ)を止(ﾄﾄﾞ)む…火のつきやすいみのを着て火を消そうとし、みぞをこわして水を止めようとする。「瀆」は、溝。すればするほどかえってわざわいを大きくすることのたとえ。〈故事俗信ことわざ大辞典〉",やぶ,関連熟語：毀損（キソン）  ▼蓑(ﾐﾉ)を披(ｷ)て火を救い、瀆(ﾄｸ)を毀りて水(ﾐｽﾞ)を止(ﾄﾄﾞ)む…火のつきやすいみのを着て火を消そうとし、みぞをこわして水を止めようとする。「瀆」は、溝。すればするほどかえってわざわいを大きくすることのたとえ。〈故事俗信ことわざ大辞典〉,読み方をご入力ください,Text
"民__殷__く国富むも存恤を知らず
関連熟語：殷富（インプ）",おお,関連熟語：殷富（インプ）,読み方をご入力ください,Text
"夢を謫して意なお__恟__る
関連熟語：恟恟（キョウキョウ）  ★恟れる（おそ-れる） おそろしくてびくびくする。恐れ心配する。〈漢字ペディア〉",おそ,関連熟語：恟恟（キョウキョウ）  ★恟れる（おそ-れる） おそろしくてびくびくする。恐れ心配する。〈漢字ペディア〉,読み方をご入力ください,Text
"命を鯨鯢の__腮__に懸く
関連熟語：上腮（ジョウサイ）  ▼命(ｲﾉﾁ)を鯨鯢(ｹｲｹﾞｲ/ｹﾞｲｹﾞｲ)の腮に懸(ｶ)く…海上に一命をかける。船板一枚の危険な生活のたとえ。〈故事俗信ことわざ大辞典〉",あぎと,関連熟語：上腮（ジョウサイ）  ▼命(ｲﾉﾁ)を鯨鯢(ｹｲｹﾞｲ/ｹﾞｲｹﾞｲ)の腮に懸(ｶ)く…海上に一命をかける。船板一枚の危険な生活のたとえ。〈故事俗信ことわざ大辞典〉,読み方をご入力ください,Text
"鳴鶴空林に__聒__し
関連熟語：噪聒（ソウカツ）  ★聒しい（かまびす-しい） やかましい。音などがうるさい。〈漢字ペディア〉",かまびす,関連熟語：噪聒（ソウカツ）  ★聒しい（かまびす-しい） やかましい。音などがうるさい。〈漢字ペディア〉,読み方をご入力ください,Text
"門に__踵__りて文公に告ぐ
関連熟語：踵門（ショウモン）  ★踵る（いた-る） 赴く。到達する。〈漢辞海〉",いた,関連熟語：踵門（ショウモン）  ★踵る（いた-る） 赴く。到達する。〈漢辞海〉,読み方をご入力ください,Text
"門の__廡__に扁額が掛かっていた
関連熟語：殿廡（デンブ）  ★廡（ひさし） のき。〈漢辞海〉",ひさし,関連熟語：殿廡（デンブ）  ★廡（ひさし） のき。〈漢辞海〉,読み方をご入力ください,Text
"門を__噤__じて啓くなきことあり
関連熟語：--  ★噤じる（と-じる） 閉める。〈漢辞海〉",と,関連熟語：--  ★噤じる（と-じる） 閉める。〈漢辞海〉,読み方をご入力ください,Text
"野人礼に__嫻__わず、妄りに猥雑の言を弄す
関連熟語：--",なら,関連熟語：--,読み方をご入力ください,Text
"憂心悄悄として群小に__慍__まる
関連熟語：憤慍（フンウン）  ★慍む（うら-む） 胸に不平不満がつかえ、怒りを感じて人をうらむ。〈漢字ペディア〉",うら,関連熟語：憤慍（フンウン）  ★慍む（うら-む） 胸に不平不満がつかえ、怒りを感じて人をうらむ。〈漢字ペディア〉,読み方をご入力ください,Text
"予これを用て天に__閔__めて民に越（ひろ）む
関連熟語：閔勉（ビンベン）  ★閔める（つと-める） 努力する。〈漢辞海〉",つと,関連熟語：閔勉（ビンベン）  ★閔める（つと-める） 努力する。〈漢辞海〉,読み方をご入力ください,Text
"予を翼け、以て__于__きて弭定す
関連熟語：于役（ウエキ）  ★于く（ゆ-く） 赴く。〈漢辞海〉",ゆ,関連熟語：于役（ウエキ）  ★于く（ゆ-く） 赴く。〈漢辞海〉,読み方をご入力ください,Text
"雷雨に因って以て恩を__覃__く
関連熟語：覃及（タンキュウ）  ★覃く（ひ-く） 蔓延する。広める。広く施す。〈漢辞海〉",ひ,関連熟語：覃及（タンキュウ）  ★覃く（ひ-く） 蔓延する。広める。広く施す。〈漢辞海〉,読み方をご入力ください,Text
"落葉が為す__飯櫃形__の褥である
関連熟語：--  ★飯櫃形／歪形（いびつなり）  1.楕円形。長円形。  2.小判形の金貨,銀貨。飯櫃(ｲｲﾋﾞﾂ:昔、ご飯を入れた容器)が楕円形であったことから。〈漢字ペディア〉","いびつなり,いいびつなり","関連熟語：--  ★飯櫃形／歪形（いびつなり）  1.楕円形。長円形。  2.小判形の金貨,銀貨。飯櫃(ｲｲﾋﾞﾂ:昔、ご飯を入れた容器)が楕円形であったことから。〈漢字ペディア〉",読み方をご入力ください,Text
"吏民車を__攀__きて之を請う
関連熟語：攀折（ハンセツ）  ★攀く（ひ-く） 引っ張る。〈漢辞海〉",ひ,関連熟語：攀折（ハンセツ）  ★攀く（ひ-く） 引っ張る。〈漢辞海〉,読み方をご入力ください,Text
"流芳未だ__歇__くるに及ばず
関連熟語：歇滅（ケツメツ）  ★歇きる（つ-きる）  1.枯れる。消えさる。  2.尽き果てる。〈漢辞海〉",つ,関連熟語：歇滅（ケツメツ）  ★歇きる（つ-きる）  1.枯れる。消えさる。  2.尽き果てる。〈漢辞海〉,読み方をご入力ください,Text
"竜を__擾__らすを名手に学ぶ
関連熟語：豢擾（カンジョウ）  ★擾らす（な-らす） ならし従わせる。なつかせる。〈漢辞海〉",な,関連熟語：豢擾（カンジョウ）  ★擾らす（な-らす） ならし従わせる。なつかせる。〈漢辞海〉,読み方をご入力ください,Text
"糧を__贏__いて景従す
関連熟語：糧贏（エイリョウ）  ★贏う（にな-う） 背負う。〈漢辞海〉",にな,関連熟語：糧贏（エイリョウ）  ★贏う（にな-う） 背負う。〈漢辞海〉,読み方をご入力ください,Text
"麗しく__冱__えたる空
関連熟語：--  ★冱える／冴える（さ-える）  1.冷え冷えとする。  2.光,音,色などが氷のように澄みわたる。  3.頭のはたらきや技術などがあざやかである。〈漢字ペディア〉",さ,"関連熟語：--  ★冱える／冴える（さ-える）  1.冷え冷えとする。  2.光,音,色などが氷のように澄みわたる。  3.頭のはたらきや技術などがあざやかである。〈漢字ペディア〉",読み方をご入力ください,Text
"連りに公府に__辟__さるるも就かず
関連熟語：三徴七辟（サンチョウシチヘキ）  ★辟す（め-す） 官職を授ける。まねく。〈漢辞海〉",め,関連熟語：三徴七辟（サンチョウシチヘキ）  ★辟す（め-す） 官職を授ける。まねく。〈漢辞海〉,読み方をご入力ください,Text
"炉端の__燠搔__きを手にする
関連熟語：--  ★燠搔き／熾搔き（おきか-き）  1.おき火、灰などをかきたて、また、かき寄せるための鉄製の道具。炭かき。火かき。  2.おき火などを持ち運ぶ、鉄製の器。木製の柄がついている。十能。〈日本国語大辞典〉",おきか,関連熟語：--  ★燠搔き／熾搔き（おきか-き）  1.おき火、灰などをかきたて、また、かき寄せるための鉄製の道具。炭かき。火かき。  2.おき火などを持ち運ぶ、鉄製の器。木製の柄がついている。十能。〈日本国語大辞典〉,読み方をご入力ください,Text
"老に漸（いた）るも一第すらなお未だ__叨__らず
関連熟語：叨貪（トウタン／トウドン）  ★叨る／饕る（むさぼ-る） 利益などを飽くなく求める。〈漢辞海〉",むさぼ,関連熟語：叨貪（トウタン／トウドン）  ★叨る／饕る（むさぼ-る） 利益などを飽くなく求める。〈漢辞海〉,読み方をご入力ください,Text
"侈れば則ち__匱__しきを恤わず
関連熟語：匱乏（キボウ）  ★匱しい（とぼ-しい） むなしい。〈漢辞海〉",とぼ,関連熟語：匱乏（キボウ）  ★匱しい（とぼ-しい） むなしい。〈漢辞海〉,読み方をご入力ください,Text
"厥の孫謀を__詒__し、以て翼子を燕（やす）んず
関連熟語：詒謀（イボウ）  ★詒す（のこ-す） つたえる。〈漢辞海〉",のこ,関連熟語：詒謀（イボウ）  ★詒す（のこ-す） つたえる。〈漢辞海〉,読み方をご入力ください,Text
"嚮かえば則ち順わず、背けば則ち之を__謾__る
関連熟語：謾罵（マンバ）  ★謾る／慢る（あなど-る） 軽んずる〈漢辞海〉","あなど,そし",関連熟語：謾罵（マンバ）  ★謾る／慢る（あなど-る） 軽んずる〈漢辞海〉,読み方をご入力ください,Text
"夬夬として叛いて還た__遘__えり
関連熟語：遘禍（コウカ）  ★遘う／覯う（あ-う） 出あう。道で互いに行きあう。〈漢字ペディア〉",あ,関連熟語：遘禍（コウカ）  ★遘う／覯う（あ-う） 出あう。道で互いに行きあう。〈漢字ペディア〉,読み方をご入力ください,Text
"夸者は権に死し、衆庶は生を__馮__む
関連熟語：馮依（ヒョウイ）  ★馮む／憑む（たの-む） たよる。依拠する。〈漢辞海〉",たの,関連熟語：馮依（ヒョウイ）  ★馮む／憑む（たの-む） たよる。依拠する。〈漢辞海〉,読み方をご入力ください,Text
"婢、__愨__を竭くして香を焚く
関連熟語：誠愨（セイカク）  ★愨（まこと） 誠実で飾り気がないこと。義理堅く、まじめなこと。〈漢字ペディア〉",まこと,関連熟語：誠愨（セイカク）  ★愨（まこと） 誠実で飾り気がないこと。義理堅く、まじめなこと。〈漢字ペディア〉,読み方をご入力ください,Text
"帷の屋を設け__幔__を引き廻らす
関連熟語：帷幔（イマン）  ★幔（まく） たれまく。ひきまく。〈漢辞海〉",まく,関連熟語：帷幔（イマン）  ★幔（まく） たれまく。ひきまく。〈漢辞海〉,読み方をご入力ください,Text
"慷慨の意が心に熟み__靡__れていた
関連熟語：萎靡（イビ）",ただ,関連熟語：萎靡（イビ）,読み方をご入力ください,Text
"攀援して登り、箕踞して__遨__ぶ
関連熟語：遨遊（ゴウユウ）  ★遨ぶ／敖ぶ（あそ-ぶ） 気ままに好きなことをして楽しむ。気ままにあそびに行く。〈漢字ペディア〉",あそ,関連熟語：遨遊（ゴウユウ）  ★遨ぶ／敖ぶ（あそ-ぶ） 気ままに好きなことをして楽しむ。気ままにあそびに行く。〈漢字ペディア〉,読み方をご入力ください,Text
"旱魃苗死し民__厲__む
関連熟語：厲民（レイミン）  ★厲む（や-む） 疫病にかかる。〈漢辞海〉",や,関連熟語：厲民（レイミン）  ★厲む（や-む） 疫病にかかる。〈漢辞海〉,読み方をご入力ください,Text
"枌楡の砌を__尸所__とす
関連熟語：--  ★屍所／尸所（かばねどころ） かばねを納める所。墓所。転じて、死に場所。〈日本国語大辞典〉",かばねどころ,関連熟語：--  ★屍所／尸所（かばねどころ） かばねを納める所。墓所。転じて、死に場所。〈日本国語大辞典〉,読み方をご入力ください,Text
"焉んぞ__殫__く籌るべけんや
関連熟語：殫見（タンケン）  ★殫く（ことごと-く） 残すことなく。あまねく。〈漢辞海〉",ことごと,関連熟語：殫見（タンケン）  ★殫く（ことごと-く） 残すことなく。あまねく。〈漢辞海〉,読み方をご入力ください,Text
"眇眇として孤舟逝き、綿綿として帰思__紆__う
関連熟語：紆繞（ウジョウ）  ★紆う（まと-う） まとわりつく。おびる。〈漢辞海〉",まと,関連熟語：紆繞（ウジョウ）  ★紆う（まと-う） まとわりつく。おびる。〈漢辞海〉,読み方をご入力ください,Text
"竈馬のふつづかに__喞__くあるのみ
関連熟語：--",な,関連熟語：--,読み方をご入力ください,Text
"筵を__肆__ね席を設く
関連熟語：肆筵（シエン）  ★肆ねる（つら-ねる） 敷き広げる。並べる。〈漢辞海〉",つら,関連熟語：肆筵（シエン）  ★肆ねる（つら-ねる） 敷き広げる。並べる。〈漢辞海〉,読み方をご入力ください,Text
"絳侯皇帝の璽を__綰__ぐ
関連熟語：綰髪（ワンパツ）  ★綰ぐ（つな-ぐ） つるす。〈漢辞海〉",つな,関連熟語：綰髪（ワンパツ）  ★綰ぐ（つな-ぐ） つるす。〈漢辞海〉,読み方をご入力ください,Text
"罔罟を為し、以て__佃__り以て漁る
関連熟語：佃漁（デンギョ）  ★佃る／畋る（か-る） 狩りをする。〈漢辞海〉",か,関連熟語：佃漁（デンギョ）  ★佃る／畋る（か-る） 狩りをする。〈漢辞海〉,読み方をご入力ください,Text
"羌虜叛きて蜀漢を__鈔__む
関連熟語：鈔盗（ショウトウ）  ★鈔める（かす-める） 略奪する。とる。〈漢辞海〉",かす,関連熟語：鈔盗（ショウトウ）  ★鈔める（かす-める） 略奪する。とる。〈漢辞海〉,読み方をご入力ください,Text
"臂の__痹__れが久しく息まなかった
関連熟語：痿痹（イヒ）  ★痹れ（しび-れ） 風や寒さ、湿気などが原因で体の関節が痛んだり、しびれたりする症状。〈漢辞海〉",しび,関連熟語：痿痹（イヒ）  ★痹れ（しび-れ） 風や寒さ、湿気などが原因で体の関節が痛んだり、しびれたりする症状。〈漢辞海〉,読み方をご入力ください,Text
"藜を蒸し黍を炊き、東の畑に__餉__る
関連熟語：餉給（ショウキュウ）  ★餉る（おく-る）  1.野良仕事している人に弁当を持って行く。  2.贈与する。  3.酒や食べ物でもてなす。〈漢辞海〉",おく,関連熟語：餉給（ショウキュウ）  ★餉る（おく-る）  1.野良仕事している人に弁当を持って行く。  2.贈与する。  3.酒や食べ物でもてなす。〈漢辞海〉,読み方をご入力ください,Text
"蘋香る蘆の影、路は__彎__がり環る
関連熟語：彎入（ワンニュウ）",ま,関連熟語：彎入（ワンニュウ）,読み方をご入力ください,Text
"蚌合わせて其の喙を__拑__む
関連熟語：拑撃（カンゲキ）  ★拑む／箝む／鉗む（はさ-む） 両側からおさえる。〈漢辞海〉",はさ,関連熟語：拑撃（カンゲキ）  ★拑む／箝む／鉗む（はさ-む） 両側からおさえる。〈漢辞海〉,読み方をご入力ください,Text
"蠎蛇が__顋__を開いたような洞穴
関連熟語：香顋（コウサイ）  ★顋（あぎと／あご） 両ほおの下の部分。〈漢辞海〉","あぎと,あご",関連熟語：香顋（コウサイ）  ★顋（あぎと／あご） 両ほおの下の部分。〈漢辞海〉,読み方をご入力ください,Text
"諫めに__愎__りて勝つことを好む
関連熟語：愎諫（フッカン／フクカン／ヒョクカン）  ★愎る（もと-る） 人の言葉に片意地を張ってそむく。人の言うことを聞かない。自信が強くて人に逆らう。〈漢字ペディア〉",もと,関連熟語：愎諫（フッカン／フクカン／ヒョクカン）  ★愎る（もと-る） 人の言葉に片意地を張ってそむく。人の言うことを聞かない。自信が強くて人に逆らう。〈漢字ペディア〉,読み方をご入力ください,Text
"讒口に係り越後に__謫__される
関連熟語：貶謫（ヘンタク）",なが,関連熟語：貶謫（ヘンタク）,読み方をご入力ください,Text
"谿陜き者は速やかに__涸__る
関連熟語：涸轍（コテツ）  ▼谿(ﾀﾆ)陜(ｾﾏ)き者は速やかに涸る…狭い谷川の水は雨が降らないとすぐにかれてしまう。君主に、民衆すべてにまで行き届く徳の大きさがなければ、万民をうるおすまでに至らず、よい政治もつづかないというたとえ。また、規模の小さいもの、ゆとりのないものは長続きしないというたとえ。〈故事俗信ことわざ大辞典〉",か,関連熟語：涸轍（コテツ）  ▼谿(ﾀﾆ)陜(ｾﾏ)き者は速やかに涸る…狭い谷川の水は雨が降らないとすぐにかれてしまう。君主に、民衆すべてにまで行き届く徳の大きさがなければ、万民をうるおすまでに至らず、よい政治もつづかないというたとえ。また、規模の小さいもの、ゆとりのないものは長続きしないというたとえ。〈故事俗信ことわざ大辞典〉,読み方をご入力ください,Text
"賈いて__贏__けんと欲す
関連熟語：贏得（エイトク）  ★贏ける（もう-ける） 利益を得る。〈漢辞海〉",もう,関連熟語：贏得（エイトク）  ★贏ける（もう-ける） 利益を得る。〈漢辞海〉,読み方をご入力ください,Text
"跫音近づきて何者か来たると__俔__いぬ
関連熟語：--  ★俔う（うかが-う） こっそりと、のぞき見る。ぬすみ見る。〈漢字ペディア〉",うかが,関連熟語：--  ★俔う（うかが-う） こっそりと、のぞき見る。ぬすみ見る。〈漢字ペディア〉,読み方をご入力ください,Text
"閔いに__覯__うこと既に多く、侮りを受くること少なからず
関連熟語：覯閔（コウビン）  ★遘う／覯う（あ-う） 出あう。道で互いに行きあう。〈漢字ペディア〉",あ,関連熟語：覯閔（コウビン）  ★遘う／覯う（あ-う） 出あう。道で互いに行きあう。〈漢字ペディア〉,読み方をご入力ください,Text
"闡く天下を__幷__す
関連熟語：幷吞（ヘイドン）  ★幷せる／併せる（あわ-せる） 一つにする。一緒にする。〈漢字ペディア〉",あわ,関連熟語：幷吞（ヘイドン）  ★幷せる／併せる（あわ-せる） 一つにする。一緒にする。〈漢字ペディア〉,読み方をご入力ください,Text
"霙が__小歇__みなく降りしきっていた
関連熟語：--  ★小止み／小歇み（こや-み） 物事の動きがしばらくやむこと。雨や雪などが少しの間降りやむこと。おやみ。〈日本国語大辞典〉",こや,関連熟語：--  ★小止み／小歇み（こや-み） 物事の動きがしばらくやむこと。雨や雪などが少しの間降りやむこと。おやみ。〈日本国語大辞典〉,読み方をご入力ください,Text
"﨟長けた顔には哀愁の__翳__りがあった
関連熟語：霾翳（バイエイ）  ★翳る（かげ-り）  1.光がさえぎられ暗くなる。かげになる。  2.夕暮れに近づき太陽が西に傾く。  3.表情がくもる。〈漢字ペディア〉",かげ,関連熟語：霾翳（バイエイ）  ★翳る（かげ-り）  1.光がさえぎられ暗くなる。かげになる。  2.夕暮れに近づき太陽が西に傾く。  3.表情がくもる。〈漢字ペディア〉,読み方をご入力ください,Text
"__往__を慕わず、来を閔えず
関連熟語：往昔（オウセキ／オウジャク）  ★往（いにしえ）  1.過去のできごと。  2.過去の時代。むかし。〈漢辞海〉",いにしえ,関連熟語：往昔（オウセキ／オウジャク）  ★往（いにしえ）  1.過去のできごと。  2.過去の時代。むかし。〈漢辞海〉,読み方をご入力ください,Text
"__玉桙__の道は遠けどはしきやし
関連熟語：--  ★玉桙／玉鉾（たまぼこ）  1.玉で飾った鉾。また、「たま」は美称で、立派な鉾。  2.道。または道中。 (枕詞「たまぼこの」から転じたもの)  2.足。または歩み。 (枕詞「たまぼこの」から転じたもの)〈日本国語大辞典〉","たまぼこ,たまほこ",関連熟語：--  ★玉桙／玉鉾（たまぼこ）  1.玉で飾った鉾。また、「たま」は美称で、立派な鉾。  2.道。または道中。 (枕詞「たまぼこの」から転じたもの)  2.足。または歩み。 (枕詞「たまぼこの」から転じたもの)〈日本国語大辞典〉,読み方をご入力ください,Text
"__嵒__に立つの一条に思いを凝らす
関連熟語：巉嵒（ザンガン）  ★嵒／岩／巌（いわ／いわお） 岩石。〈漢辞海〉","いわ,いわお",関連熟語：巉嵒（ザンガン）  ★嵒／岩／巌（いわ／いわお） 岩石。〈漢辞海〉,読み方をご入力ください,Text
"維れ此の良人、求めず__迪__まず
関連熟語：--  ★迪む（すす-む） 登用する。〈漢辞海〉",すす,関連熟語：--  ★迪む（すす-む） 登用する。〈漢辞海〉,読み方をご入力ください,Text
"宜しく素を蓄えて以て中を__弸__たす
関連熟語：--",み,関連熟語：--,読み方をご入力ください,Text
"魚の__炙__きたるを嗜好す
関連熟語：炙魚（シャギョ）",や,関連熟語：炙魚（シャギョ）,読み方をご入力ください,Text
"四尺の屛風の__中褻__れたる立てたり
関連熟語：--  ★中褻る／中馴る（なかな-る） 中くらいに古びる。ほどよい程度に古くなっている。〈大辞泉〉",なかな,関連熟語：--  ★中褻る／中馴る（なかな-る） 中くらいに古びる。ほどよい程度に古くなっている。〈大辞泉〉,読み方をご入力ください,Text
"酒の醸造には__糱__を用いる
関連熟語：麴糱（キクゲツ）  ★糱／糀／麴（こうじ） 米、麦、大豆などを蒸してからこうじ菌を繁殖させたもの。酒,醬油(ショウユ)｡味噌(ﾐｿ)などの発酵に用いる。〈漢字ペディア〉",こうじ,"関連熟語：麴糱（キクゲツ）  ★糱／糀／麴（こうじ） 米、麦、大豆などを蒸してからこうじ菌を繁殖させたもの。酒,醬油(ショウユ)｡味噌(ﾐｿ)などの発酵に用いる。〈漢字ペディア〉",読み方をご入力ください,Text
"石を鐫り蚌を__拌__き、市に伝売す
関連熟語：拌蚌（ハンホウ／ハンボウ）",さ,関連熟語：拌蚌（ハンホウ／ハンボウ）,読み方をご入力ください,Text
"泉香ばしくして酒__洌__し
関連熟語：清洌（セイレツ）  ★洌い（きよ-い）  1.水が澄んでいるさま。  2.澄みきっているさま。〈漢辞海〉",きよ,関連熟語：清洌（セイレツ）  ★洌い（きよ-い）  1.水が澄んでいるさま。  2.澄みきっているさま。〈漢辞海〉,読み方をご入力ください,Text
"調子を__低低__として謡うべし
関連熟語：--  ★低低（ひきひき） 低いさま。〈日本国語大辞典〉",ひきひき,関連熟語：--  ★低低（ひきひき） 低いさま。〈日本国語大辞典〉,読み方をご入力ください,Text
"陪臣__掫__りして淫者を弑す
関連熟語：干掫（カンソウ）",よまわ,関連熟語：干掫（カンソウ）,読み方をご入力ください,Text
"白を__鑷__きて坐ろに相看る
関連熟語：鑷白（ジョウハク）",ぬ,関連熟語：鑷白（ジョウハク）,読み方をご入力ください,Text
"煩悶を口癖にして__惓__むことを知らない
関連熟語：--  ★≒倦む",う,関連熟語：--  ★≒倦む,読み方をご入力ください,Text
"彼の風に__遡__かい、また孔だ之僾（あい）するが如し
関連熟語：遡風（ソフウ）  ★遡かう（む-かう） 直面する。さからう。〈漢辞海〉",む,関連熟語：遡風（ソフウ）  ★遡かう（む-かう） 直面する。さからう。〈漢辞海〉,読み方をご入力ください,Text
"門地の__們__神使を務む
関連熟語：--",ともがら,関連熟語：--,読み方をご入力ください,Text
"廊廟に__荐__書を上る
関連熟語：荐食（センショク）",しばしば,関連熟語：荐食（センショク）,読み方をご入力ください,Text
"倭人は__很__だ死を懼れず
関連熟語：--",はなは,関連熟語：--,読み方をご入力ください,Text
"丕顕の謨は後人を__侑__けて欠くること無し
関連熟語：侑歓（ユウカン）  ★侑ける（たす-ける） 補佐する。〈漢辞海〉",たす,関連熟語：侑歓（ユウカン）  ★侑ける（たす-ける） 補佐する。〈漢辞海〉,読み方をご入力ください,Text
"烟が椿の__弁__と蕊に絡まる
関連熟語：花弁（カベン）",はなびら,関連熟語：花弁（カベン）,読み方をご入力ください,Text
"綺語の戯れも御意に__恊__う
関連熟語：恊和（キョウワ）",かな,関連熟語：恊和（キョウワ）,読み方をご入力ください,Text