Question,Answers,Comment,Freq,Instructions,Render as
__楷__書,カイ,"［楷］二級
音: カイ／ケ 訓: 
意味: 楷木(カイボク)、楷樹(カイジュ)、カイノキ楷樹、ウルシ科カイノキ属の木、孔子コウシの弟子子貢トコウが孔子の墓に植えたとされる木、別名「ランシンボク爛心木・オウレンボク黃連木」{ランシンボク}。
世代・時代を越えて基準となる手本、倣(なら)うべき手本。
、楷書(カイショ)、漢字の書体の一つ、文字(漢字)の標準的な書体。",楷 → JPDB Kanji Freq: 3921,漢字の読みを入力してください,Text
__塑__像，彫__塑__，可__塑__性,ソ,"［塑］凖二級
音: ソ／ス 訓: 
意味: 粘土などで物の形を作る、またそれで作った像ゾウ、塑像(ソゾウ)。
軟らかく容易に変形させることができ、且つ大きな力を加えるなどをしなければそのままの状態を保つことができる性質のもの、塑性(ソセイ)。",塑 → JPDB Kanji Freq: 3855,漢字の読みを入力してください,Text
__頒__布，__頒__価,ハン,"［頒］凖二級
音: ハン／ヘン／フン／ブン 訓: わけ・る／わか・つ
意味: (多くの人に)分け与える、分賜(ブンシ)する、分配する、配布する、同「攽」。
多くの人に広める、広く行き亘(わた)らせる。
頭が大きいさま。
鬢(ビン)、顔の側面の耳際の髪。",頒 → JPDB Kanji Freq: 3638,漢字の読みを入力してください,Text
__逓__信，__逓__送，__逓__減,テイ,"［逓］凖二級
音: テイ／ダイ 訓: 
意味: 次へ次へと、代わる代わるに、次々に、順々に、順繰り(じゅんぐり)に、同「𨔛」。
次第に、だんだんに。",逓 → JPDB Kanji Freq: 3580,漢字の読みを入力してください,Text
__謄__写，__謄__本,トウ,"［謄］凖二級
音: トウ／ドウ 訓: 
意味: 書き写す、原本を他のものに書き写す。",謄 → JPDB Kanji Freq: 3481,漢字の読みを入力してください,Text
禁__錮__，党__錮__,コ,"［錮］二級
音: コ／ク 訓: 
意味: 隙間に溶かした金属を流し込んで塞(ふさ)ぐ、鋳掛(いか)ける。
堅く塞ぎ閉じ込める、禁錮(キンコ)。
堅固な、凝り固まった。",錮 → JPDB Kanji Freq: 3462,漢字の読みを入力してください,Text
__斤__量，斧__斤__,キン,"［斤］三級
音: キン／コン 訓: 
意味: 斧(おの、振り下ろして物を切る重い刃の付いた道具)や手斧(ちょうな、切り出した木から不要な枝を切り落としたり皮を削り落としたりする道具)の類、斧である程度の形にまで粗削りする、同「釿」。
重さの単位、1斤＝16両{各種単位}。
斤斤(キンキン)、細かく調べる。
きん、おの、おのづくり、部首名。",斤 → JPDB Kanji Freq: 3433,漢字の読みを入力してください,Text
定__款__，借__款__，落__款__,カン,"［款］凖二級
音: カン 訓: 
意味: 誠実なさま、真心(まごころ)がこもっているさま。
鐘ショウ(かね)や鼎(テイ、かなえ)などの器物に彫り込まれた文字、款識(カンシキ・カンシ)。
書画に書き込まれた題目や作者などの文字、落款(ラッカン)。
文書や法律の箇条カジョウ(条項・条目・項目)、また箇条にした文書。
叩(たた)く、款門(カンモン)(門を叩く)」。
金(かね)、、現款(ゲンカン)(現金)」、税款(セイカン・ゼイカン)(税金)」。",款 → JPDB Kanji Freq: 3415,漢字の読みを入力してください,Text
__丙__種，甲乙__丙__,ヘイ,"［丙］凖二級
音: ヘイ／ヒョウ 訓: ひのえ
意味: ひのえ、十干ジッカン(甲・乙・丙・丁・戊・己・庚・辛・壬・癸)の三番目、五行で「丁」と共に「火」「南」を意味する{十干}。
三、第三、三番目。",丙 → JPDB Kanji Freq: 3370,漢字の読みを入力してください,Text
肥__沃__，__沃__野,ヨク,"［沃］二級
音: オク／ヨク 訓: 
意味: 水を掛ける、水を
潤(うるお)す、潤う。
土が柔らかく肥えている。",沃 → JPDB Kanji Freq: 3344,漢字の読みを入力してください,Text
俳__諧__，__諧__調,カイ,"［諧］二級
音: カイ／ゲ 訓: 
意味: 和(なご)やかなさま、穏(おだ)やかなさま。
和やかに談笑する、場を和(なご)ませるような冗談を言う、同「詼」。
調子が合う、調和する、同「龤」。",諧 → JPDB Kanji Freq: 3341,漢字の読みを入力してください,Text
弾__劾__，__劾__奏,ガイ,"［劾］凖二級
音: カイ／ガイ 訓: 
意味: 罪を究明キュウメイする、罪状ザイジョウを明らかにする。",劾 → JPDB Kanji Freq: 3323,漢字の読みを入力してください,Text
__酪__農，乾__酪__,ラク,"［酪］凖二級
音: ラク 訓: 
意味: 牛や羊などの乳に熱を加え攪拌し、冷めるのを待って表面にできたもの(「酥」という)を取り除いて発酵させたもの、またそれを固化させたバターbutterやチーズcheeseなどの乳製品。
果物などのゼリーjelly、ゼリー状の食べ物",酪 → JPDB Kanji Freq: 3284,漢字の読みを入力してください,Text
__倹__約，節__倹__，勤__倹__,ケン,"［倹］三級
音: ケン／ゲン 訓: 
意味: 度を超(こ)えずに控え目にする、儉約(ケンヤク)。
不要な部分を省略して必要な部分だけを残す、無駄がないように簡素にする。",倹 → JPDB Kanji Freq: 3282,漢字の読みを入力してください,Text
__恣__意的，放__恣__,シ,"［恣］二級
音: シ 訓: ほしいまま
意味: 気儘(きまま)なさま、思いのままにするさま、自分勝手なさま、またそのような振る舞い。
恣睢(シスイ)、思うがままに振る舞うさま、自分勝手に振る舞うさま。",恣 → JPDB Kanji Freq: 3273,漢字の読みを入力してください,Text
__詔__勅，__詔__書,ショウ,"［詔］凖二級
音: ショウ 訓: みことのり
意味: 上位者が下位者を近くに呼び寄せて告(つ)げる、またその言葉。
助言する、教え導(みちび)く。
天子の命令、古くは「上位者が下位者に告げる」の意だったが、秦代・漢代(前221年～220年)以降は「天子のお告げ」のみを指すことになった。",詔 → JPDB Kanji Freq: 3259,漢字の読みを入力してください,Text
御__璽__，国__璽__,ジ,"［璽］凖二級
音: シ／ジ 訓: しるし
意味: 天子や諸侯の印鑑、後に天子の印鑑。
天子であることの印(しるし)。",璽 → JPDB Kanji Freq: 3228,漢字の読みを入力してください,Text
__衷__心，__微__衷，折__衷__，苦__衷__,チュウ,"［衷］凖二級
音: チュウ 訓: 
意味: 上着の下(内側)に着る衣服。
衣服を着る、(体を)包む。
包まれて外からは見えない内側、内面、中身なかみ。
心の中、真心シンシン(まごころ)、本心ホンシン。
偏(かたよ)らない、程良い、中程(なかほど)の、折衷・折中(セッチュウ)(程良いところで折り合いをつけること)」。",衷 → JPDB Kanji Freq: 3220,漢字の読みを入力してください,Text
__陪__席，__陪__食，__陪__審,バイ,"［陪］三級
音: ハイ／ベ／バイ 訓: 
意味: 土を盛る、(養分を与え生育を助けるために植物の根元に)土を重ね盛る、同「培」。
人の傍に付き従う、供(とも)をする。
主人に傍に仕える家臣カシン。",陪 → JPDB Kanji Freq: 3217,漢字の読みを入力してください,Text
種__痘__，水__痘__，天然__痘__,トウ,"［痘］三級
音: トウ／ズ 訓: もがさ
意味: 皮膚に豆粒大の水膨れ(みずぶくれ、水疱スイホウ)ができる病気、またその水膨れ。
痘瘡(トウソウ)、天然痘テンネントウ、中国では、天花(テンカ)、天然痘ウイルスにる感染症、発症すると水疱ができ、膿疱ノウホウ(水疱が化膿したもの)化し、治癒チユ後も痕(あと)が残る、この痕を、痘痕(トウコン)という。
、水痘(スイトウ)、水疱瘡(みずボウソウ)、多く小児が罹(かか)る伝染病、全身に発疹ハッシン・ホッシン・水疱ができる。",痘 → JPDB Kanji Freq: 3202,漢字の読みを入力してください,Text
__訃__報，__訃__告,フ,"［訃］二級
音: フ 訓: 
意味: 人の死を急ぎ知らせる、同「赴」。
人の死の知らせ。",訃 → JPDB Kanji Freq: 3200,漢字の読みを入力してください,Text
__儒__学，__儒__教，__儒__者,ジュ,"［儒］凖二級
音: ジュ／ニュウ 訓: 
意味: 天地人に通じた学者、人に進むべき道を説き導く人。
孔子の教え、またそれを教授する人。",儒 → JPDB Kanji Freq: 3155,漢字の読みを入力してください,Text
更__迭__,テツ,"［迭］凖二級
音: テツ／デチ 訓: 
意味: (位や任務を)代わる、抜けて空いたところに入る。
入れ替わりに、代わる代わるに。
滑(すべ)る、滑(なめら)らか、同「达」。",迭 → JPDB Kanji Freq: 3154,漢字の読みを入力してください,Text
__抄__録，__抄__本，__抄__訳,ショウ,"［抄］凖二級
音: ソウ／ショウ 訓: す・く
意味: (さっと)奪い取る、掠(かす)め取る、盗み取る、同「鈔」。
(さっと)掬(すく)い取る、掬い上げる、同「鈔」「摷」。
書き写す、謄写トウシャする、同「鈔」、抄本(ショウホン)。
一部分だけを選び書き写す、またそれを一つに纏(まと)めた書物、同「鈔」。
容量の単位、1合=10勺、1勺＝10撮、1撮＝10抄。
日紙を漉(す)く。",抄 → JPDB Kanji Freq: 3151,漢字の読みを入力してください,Text
開__墾__，未__墾__,コン,"［墾］三級
音: コン 訓: 
意味: 荒れ地を田畑にするために(新たな田畑を切り開くために)耕す。",墾 → JPDB Kanji Freq: 3144,漢字の読みを入力してください,Text
__遵__守，__遵__法,ジュン,"［遵］三級
音: シュン／ジュン 訓: したが・う
意味: 歩むべき道筋に沿って行く、先例や決まりなどの頼(たよ)りとすべきものに従う。",遵 → JPDB Kanji Freq: 3127,漢字の読みを入力してください,Text
__嘱__託，委__嘱__,ショク,"［嘱］三級
音: ショク／ソク 訓: 
意味: (自分の希望を他に、後々のことを他に)託(たく)す、頼(たの)む、同「属」、嘱託(ショクタク)(託す、頼む)」。
付ける、寄せる、、嘱咐(ショクフ)(～しなさいと言い付ける)」、嘱望(ショクボウ)(期待を寄せる)」。",嘱 → JPDB Kanji Freq: 3100,漢字の読みを入力してください,Text
憧__憬__，__憬__悟,ケイ,"［憬］二級
音: ケイ／キョウ 訓: あこが・れる
意味: 目覚める、はっきりと悟(さと)る、憬然(ケイゼン)。
遠いさま、遠く離れたものを思うさま。
憧憬(ショウケイ・ドウケイ)、遠く離れたものにあれこれと思いを巡(めぐ)らす。",憬 → JPDB Kanji Freq: 3099,漢字の読みを入力してください,Text
__堆__積，__堆__肥,タイ,"［堆］二級
音: タイ／テ／ツイ 訓: うずたか・い
意味: (土などが)積み重なる、(土などを)積み上げる、山のように積み上がる、同「㕍」。
こんもりと盛り上がった地形、(「𨸏」よりも低く小さい)小高い丘。",堆 → JPDB Kanji Freq: 3094,漢字の読みを入力してください,Text
__租__税，公__租__公課,ソ,"［租］凖二級
音: ソ／ス 訓: 
意味: 年貢、支配者に納める田畑などからの収穫物。
古代の税(租・庸・調)の一つで穀物などの収穫物、庸(ヨウ)は労役、調(チョウ)は穀物以外の布などの現物。
金銭を払って借りる。",租 → JPDB Kanji Freq: 3092,漢字の読みを入力してください,Text
__氾__濫，__氾__論,ハン,"［氾］二級
音: ハン／ホン 訓: 
意味: 溢(あふ)れ出た水が一面に広がり覆(おお)う、氾濫(ハンラン)、同「泛」。
一面に広がる、広く隅々まで行き渡る、同「汎」「泛」。",氾 → JPDB Kanji Freq: 3066,漢字の読みを入力してください,Text
__罷__業，__罷__免,ヒ,"［罷］凖二級
音: ハイ／ベ／ヒ／ビ 訓: まか・る
意味: (有能な人が網(网)にかかり)力が出ない、疲れる。
(力を発揮できずに)途中で止(や)める、停(と)まる。
役目や拘束を解(と)く、職や罪を免(めん)ずる。
日まか・る、退く。",罷 → JPDB Kanji Freq: 3059,漢字の読みを入力してください,Text
__諮__問，__諮__詢,シ,"［諮］三級
音: シ 訓: はか・る
意味: 上位者が下位者に意見や助言を求める、同「咨」、諮問(シモン)。",諮 → JPDB Kanji Freq: 3033,漢字の読みを入力してください,Text
__朕__は国家なり,チン,"［朕］凖二級
音: チン／ジン 訓: 
意味: 我(われ)、自分を指す語、古くは貴賎問わずに用いたが、秦(紀元前221年～前206年)の始皇帝シコウテイ(紀元前259年～前210年)の定めによって以降は天子だけが用いるようになった。
表に現れ出る兆(きざ)し、兆候、同「眹」。",朕 → JPDB Kanji Freq: 3013,漢字の読みを入力してください,Text
__哺__乳，類__哺__育,ホ,"［哺］二級
音: ホ／ブ 訓: 
意味: 食物(餌)を口に含む、口に入れただけで呑み込まない状態を指す、同「㕮」。
母鳥(母親)が口に含み柔らかくした餌(食べ物)を雛鳥(赤子)に口移(くちうつ)しで与える。",哺 → JPDB Kanji Freq: 2992,漢字の読みを入力してください,Text
語__彙__，辞__彙__,イ,"［彙］二級
音: イ 訓: 
意味: 針鼠(ハリネズミ)、ハリネズミ亜科の哺乳類の総称、針のように尖った毛を持つ小形の動物、同「蝟(猬)」。
類たぐい、同類(同様)のもの、またその集まり、同「類」。
同様のものが集まり一つになる、同様のものを一つに纏(まと)める、また一つに纏めたもの、同簡「汇」。",彙 → JPDB Kanji Freq: 2979,漢字の読みを入力してください,Text
__毀__損，__毀__誉,キ,"［毀］二級
音: キ 訓: こわ・す／こわ・れる／こぼ・つ
意味: 壊(こわ)す、壊れる、破(やぶ)る、破れる、欠ける、傷付ける、損(そこ)なう。
謗(そし)る、人を悪く言う、悪意を持ってあれこれと言い立てる。
悲しみや心労で衰弱する、体を壊す。",毀 → JPDB Kanji Freq: 2953,漢字の読みを入力してください,Text
__鋳__造，__鋳__鉄，改__鋳__,チュウ,"［鋳］三級
音: チュウ／シュ／ス 訓: い・る
意味: 金属を溶かし型に流し入れて目的の形に造る、鋳造(チュウゾウ)。
目的の形に(型通りに)作り上げる。",鋳 → JPDB Kanji Freq: 2909,漢字の読みを入力してください,Text
一__升__瓶，__升__平,ショウ,"［升］凖二級
音: ショウ 訓: ます
意味: 容量の単位、1升=10合{各種単位}。
容量を量る枡(ます)。
布の経糸(たていと)の数の単位、【西京雜記】によれば1升=2䌰=10絲(10本)、【儀禮】によれば1升=80縷、いずれも布幅が示されていない。
昇(のぼ)る、上の方向に行く、同「昇」。
登(のぼ)る、高い方(上の方)に進む、同「登」「陞」。
穀物が実る、また熟す、同「登」。",升 → JPDB Kanji Freq: 2876,漢字の読みを入力してください,Text
__俸__給，年__俸__，本__俸__,ホウ,"［俸］凖二級
音: ホウ／ブ 訓: 
意味: 扶持(ふち)、(特に役人の)給料。",俸 → JPDB Kanji Freq: 2866,漢字の読みを入力してください,Text
__蚕__糸，__蚕__食，養__蚕__,サン,"［蚕］五級
音: サン／ゾン 訓: かいこ
意味: 蜸蚕(ケンサン)、ミミズ蚯蚓、環形動物門貧毛綱に属する動物の総称。
カイコ蚕、カイコガ科カイコガ属の昆虫の幼虫、同「蠶」。
繁「蠶」、「蚕」は「蠶」の俗字。",蚕 → JPDB Kanji Freq: 2861,漢字の読みを入力してください,Text
__嗣__子，嫡__嗣__,シ,"［嗣］凖二級
音: シ／ジ 訓: 
意味: (家や位などを)継ぐ、(流派・系統などを)受け継ぐ。
後継コウケイ、世継ぎ、跡継ぎ。",嗣 → JPDB Kanji Freq: 2838,漢字の読みを入力してください,Text
__窯__業，__窯__変,ヨウ,"［窯］凖二級
音: ヨウ 訓: かま
意味: 陶器トウキや煉瓦レンガを焼くための土などで囲った穴。",窯 → JPDB Kanji Freq: 2798,漢字の読みを入力してください,Text
__寡__黙，__寡__婦，多__寡__,カ,"［寡］凖二級
音: カ／ケ 訓: すくな・い／やもめ
意味: すくな・い、少ない、数や度量ドリョウ(ものの多少・軽重・長短・高低・深浅・強弱など)が、あるべき(必要とする)数や度量に足りない、またそれに及ばない、同「少」、多いのは「多」。
やもめ、夫を亡くした独(ひと)り身の妻、寡婦(カフ)。
諸侯が謙(へりくだ)って自分や自分に関わる人を指す語、寡君(カクン)(わたくしの主あるじ)」。",寡 → JPDB Kanji Freq: 2776,漢字の読みを入力してください,Text
九分九__厘__，一分一__厘__,リン,"［厘］三級
音: リ／テン／デン／リン 訓: 
意味: 市廛シテン、城下の割り当てられた宅地に構えた店、その店舗兼住宅には税が課せられたが商売による利益は税が免除された。
長さの単位、重量の単位、面積の単位、百分の一、10の-2乗、センチcenti、1尺=10分=100釐(厘)、同「釐」{各種単位}{各種単位}{数字}。
繁「釐」。",厘 → JPDB Kanji Freq: 2775,漢字の読みを入力してください,Text
__舶__来，船__舶__,ハク,"［舶］凖二級
音: ハク／ビャク 訓: 
意味: 外洋を航行できる大型の船、同「艑」。",舶 → JPDB Kanji Freq: 2773,漢字の読みを入力してください,Text
土__壌__，天__壌__,ジョウ,"［壌］凖二級
音: ジョウ／ニョウ 訓: 
意味: 柔らかい土、耕(たがや)して柔らかくした土。
土地、大地。
作物が豊かに実る、同「穰」。",壌 → JPDB Kanji Freq: 2772,漢字の読みを入力してください,Text
遺__憾__,カン,"［憾］凖二級
音: カン／ゴン 訓: 
意味: 恨(うら)む、(思いの通りにならないことを、或いはならなかったことを)残念に思う、思いが満たされない、同「恨」。
遺憾(イカン)、満たされない思いが残る。",憾 → JPDB Kanji Freq: 2770,漢字の読みを入力してください,Text
凡__庸__，中__庸__,ヨウ,"［庸］凖二級
音: ヨウ／ユウ 訓: 
意味: 良いものを選び用いる、人を登用する。
報酬や手数料を払って人を用いる、人を雇う、同「傭」。
他と或いは何時もと何ら変わらない、一般的な、普通の。
古代の税「租・庸・調」の一つで一定期間の労役ロウエキ、租(ソ)は田畑などからの収穫物、調(チョウ)は穀物以外の布などの現物。",庸 → JPDB Kanji Freq: 2768,漢字の読みを入力してください,Text
疫__痢__，下__痢__，赤__痢__,リ,"［痢］凖二級
音: リ 訓: 
意味: 粘液状また液状の分泌物(柔らかい便)を伴う病気の総称、下痢(ゲリ)(柔らかい便が出ること)」、赤痢(セキリ)(激しい下痢を伴う病気)」。
、瘌痢(ラツリ)、黄癬オウセンなどの髪が抜け落ちる頭皮の皮膚病、同「鬎鬁」。",痢 → JPDB Kanji Freq: 2764,漢字の読みを入力してください,Text
__汎__用，__汎__論,ハン,"［汎］二級
音: ハン／ホン 訓: 
意味: 水面や空中に浮(う)かぶ、浮かび漂(ただよ)う、同「泛」。
(水が)一面に広がり覆(おお)う、一面に広がる、広く隅々まで行き渡る、同「氾」「泛」。",汎 → JPDB Kanji Freq: 2754,漢字の読みを入力してください,Text
__緻__密，精__緻__,チ,"［緻］二級
音: チ／ジ 訓: 
意味: 肌理(きめ)が細かい、目がぎっしりと詰まっている、またそのような布、同簡「致」。
解(ほつ)れや破れを縫(ぬ)い繕(つくろ)った衣服、継ぎ接ぎ(つきはぎ)した衣服。",緻 → JPDB Kanji Freq: 2743,漢字の読みを入力してください,Text
__濫__伐，__濫__費，__濫__用,ラン,"［濫］三級
音: ラン 訓: みだ・り／みだ・りに
意味: 水が一面に満ちて溢(あふ)れる、水が(堰や堤を越えて)外に溢(あふ)れ出る、同「灠」。
度を越えて、無闇(むやみ)に、勝手気ままな、「堰や堤のような限度や限界を越えれば制御できない、そのような振る舞い」の意。",濫 → JPDB Kanji Freq: 2741,漢字の読みを入力してください,Text
__桟__，__桟__橋,サン,"［桟］凖二級
音: サン／セン 訓: かけはし／さ
意味: 木や板を横に並べて架け渡した道、また橋、同「閣」、桟道(サンドウ)「桟橋(さんばし)」。
板を並べて作ったもの、板張りの床や簀子サクシ(すのこ)。
倉庫、宿屋、いずれも床が板敷であったことから。
(家畜を飼育するための)木や板を渡した囲い。
日屋根や床の下に張り渡す木、障子戸などの骨木、梯子の踏板、下支えしたり補強したりするための木。
日。",桟 → JPDB Kanji Freq: 2728,漢字の読みを入力してください,Text
__賦__する，__賦__役，月__賦__，天__賦__,フ,"［賦］四級
音: フ 訓: 
意味: 公(おおやけ、政府)が人民に割り当てた財物や労力を徴収・徴用する、人民が公に財物や労力を差し出す、賦税(フゼイ)(税、租税)」、賦役(フエキ)(税と労役)」。
それぞれに割り当てる。
広くそれぞれに(一人一人に)分け与える、それぞれに授(さず)ける、、賦与(フヨ)。
詩を詠(よ)む。
詩経の六義リクギ(詩の内容と表現法を「風・雅・頌」と「賦・比・興」の六つに分類したもの)の一つ。",賦 → JPDB Kanji Freq: 2725,漢字の読みを入力してください,Text
__旺__盛，__旺__然,オウ,"［旺］二級
音: オウ 訓: 
意味: 美しい光が四方に輝き広がる、同「𣇭」。
勢いがあるさま、盛んなさま、活力や気力が満ち溢れるさま。",旺 → JPDB Kanji Freq: 2723,漢字の読みを入力してください,Text
湖__畔__,ハン,"［畔］三級
音: ハン／バン 訓: あぜ
意味: 田畑の区切り(境界)、同「畦」。
水(川・海・湖・池など)と地面の境目、岸辺(きしべ)、水面よりも高くなっているところ(地面が現れているところ)、同「溿」「泮」「沜」。
自分の意に添わず離れて行く、離反する。
「畔援(ハンエン)」畔換(ハンカン)、傍若無人ボウジャクブジンなさま、勝手気ままに振る舞うさま。",畔 → JPDB Kanji Freq: 2720,漢字の読みを入力してください,Text
__吏__員，官__吏__，能__吏__,リ,"［吏］三級
音: リ 訓: 
意味: 役人、特に実務を担う下級の役人。",吏 → JPDB Kanji Freq: 2713,漢字の読みを入力してください,Text
食い__扶__持，__扶__助，__扶__養，__扶__育,フ,"［扶］凖二級
音: フ／ブ 訓: たす・ける
意味: 手を添え助ける、支え助ける、同「𢻳」。
扶桑(フソウ)東方の太陽が出るところにあるという神木、同「榑桑」東方の地日本の異称ブッソウゲ仏桑華、アオイ科フヨウ属の植物{ブッソウゲ}。
右扶風(ユウフフウ)、西漢代(前漢、前202年～9年)に首都長安チョウアン(現陝西省西安市)を中心に置かれた三つの行政区の一つ、京兆尹ケイチョウイン、左馮翊(サヒョウヨク)と合わせ、三輔(サンポ)と呼ばれた、現陝西省宝鶏市扶風フフウ県{陝西省}。",扶 → JPDB Kanji Freq: 2708,漢字の読みを入力してください,Text
__漸__次，__漸__進的，東__漸__,ゼン,"［漸］凖二級
音: セン／ゼン 訓: ようや・く
意味: 少しずつ(状態が進行する)、徐々に、じわじわと、漸進(ゼンシン)。
次第に(進む、進行する)、だんだんと、東漸(トウゼン)(次第に東に向かって進むこと、また流れること)」。
少しずつ水が浸(し)み込む、染(し)みる。
川名、現銭塘江(セントウコウ)、別名、浙江(セッコウ)、浙江省を流れ東シナ海に",漸 → JPDB Kanji Freq: 2707,漢字の読みを入力してください,Text
処方__箋__，便__箋__,セン,"［箋］二級
音: セン 訓: 
意味: 書物の表題や
手紙や詩文・書画などを書くために使われる札や用紙、同「牋」。
手紙。",箋 → JPDB Kanji Freq: 2696,漢字の読みを入力してください,Text
__脊__髄，__脊__柱,セキ,"［脊］二級
音: セキ／シャク 訓: せ／せい
意味: 背骨(せぼね)、椎骨ツイコツが連なり首から腰に至る骨、背の中央を小高く盛り上がりながら連なっている骨、頸椎(ケイツイ)、胸椎(キョウツイ)、腰椎(ヨウツイ)、仙椎(センツイ)、尾椎(ビツイ)から成る、同「呂」{人体(胴部)}。
背骨が小高く盛り上がっているところ、背骨や屋根の棟のように高みが連なっているところ。",脊 → JPDB Kanji Freq: 2685,漢字の読みを入力してください,Text
__硫__安，__硫__酸，__硫__化銀,リュウ,"［硫］凖二級
音: リュウ／ル 訓: 
意味: 硫黄(リュウオウ)(イオウ、Sulfur、S)」、元素名{硫黄}。",硫 → JPDB Kanji Freq: 2670,漢字の読みを入力してください,Text
岩__礁__，暗__礁__，さんご__礁__,ショウ,"［礁］凖二級
音: ショウ 訓: 
意味: 水面付近にまで突き出た岩。",礁 → JPDB Kanji Freq: 2668,漢字の読みを入力してください,Text
__殉__死，__殉__職，__殉__難,ジュン,"［殉］凖二級
音: シュン／ジュン 訓: 
意味: 主君の後を追って死ぬ、また死んで主君と一緒に埋葬される。
主人・使命・信仰・主義などのために命を投げ出す、またその覚悟で従う。",殉 → JPDB Kanji Freq: 2659,漢字の読みを入力してください,Text
__泌__尿器,ヒ,"［泌］三級
音: ヒツ／ビチ／ヒ 訓: 
意味: 泉から水が湧(わ)き出る、(小さい穴から、隙間から)流れ出る、同「毖」。
細々とした流れ。",泌 → JPDB Kanji Freq: 2649,漢字の読みを入力してください,Text
分__泌__,ヒツ,"［泌］三級
音: ヒツ／ビチ／ヒ 訓: 
意味: 泉から水が湧(わ)き出る、(小さい穴から、隙間から)流れ出る、同「毖」。
細々とした流れ。",泌 → JPDB Kanji Freq: 2649,漢字の読みを入力してください,Text
賄__賂__，貨__賂__,ロ,"［賂］二級
音: ロ／ル 訓: まいない
意味: 財貨、金品。
金品を人に贈る、寄贈する。
賄賂(ワイロ)、(自らの利益になるように便宜を図って貰おうという)不正な意図をもって他人に金品を贈る。",賂 → JPDB Kanji Freq: 2645,漢字の読みを入力してください,Text
__腎__臓，肝__腎__,ジン,"［腎］二級
音: シン／ジン 訓: 
意味: 尿を排泄する役目を担う臓器で五臓(心・肝・脾・肺・腎)の一つ、腰子(ヨウシ)ともいう{人体(内臓)}。
肝腎(カンジン)、(「肝」も「腎」も体にとって大切な部分の意から)物事の大切な部分、重要で欠かせない部分。",腎 → JPDB Kanji Freq: 2643,漢字の読みを入力してください,Text
__勾__配，__勾__留,コウ,"［勾］二級
音: コウ／ク 訓: 
意味: 曲がる、湾曲する、同「句」。
」Ｊ字状(鉤状)に曲がる、同「句」「鈎(鉤)」。
鉤(かぎ)状のものでひっかける、同「拘」。
言葉や文章の区切りの記号(」、閉じ鉤括弧、縦書きの場合はＬのような形で表す)や誤りであることや削除すことを示す記号(✓、チェックマーク、勾号)。",勾 → JPDB Kanji Freq: 2642,漢字の読みを入力してください,Text
__弐__万円,ニ,"［弐］四級
音: ジ／ニ 訓: 
意味: 副(そ)う、主となるものの傍に添(そ)う、副える、添える、同「副」「㒃」。
次(つ)ぐ、後(あと)に続く、後に加える。
補佐する、傍から手や力を貸して助ける、同「佐」。
二心(ふたごころ)を持つ、背(そむ)く。
(数字の)二、「二」の大写字(「一」は「壹」・「三」は「參」のような大文字のこと){数字}。",弐 → JPDB Kanji Freq: 2621,漢字の読みを入力してください,Text
__矯__正，奇__矯__,キョウ,"［矯］凖二級
音: キョウ 訓: た・める
意味: (弓のように曲がっているものの)狂いや歪(ゆが)みを調整して本来の曲がり具合にする、本来の形に整える、正しい形に直(なお)す、同「撟」、矯正(キョウセイ)。
曲げる、歪める、むやみに(故意に)歪める、同「撟」、矯命(キョウメイ)(本来の命令・指示を歪めて伝えること)」。
力強いさま、勇ましいさま。
ぐっと挙(あ)げる、反(そ)らせて曲げるように一方(片方)だけを持ち上げる、同「撟」、矯首(キョウシュ)(頭をぐいっと上げる)」。",矯 → JPDB Kanji Freq: 2604,漢字の読みを入力してください,Text
__累__計，__累__積，係__累__,ルイ,"［累］凖二級
音: ルイ 訓: 
意味: 同様のものごと(物・者や事・言など)が次へ次へと(以前のことに加えて更に同じことが)繰り返される、また積み重なる、同「纍」「絫」。
次へ次へと繋(つな)がって行く、またそのようなこと、累代(ルイダイ)(何代にも亘ること)」、連累(レンルイ)(巻き添えになること、累が及ぶこと)」。
同じようなことが何度も繰り返されて(同じようなことを何度も繰り返さなくはならず)煩(わずら)わしい。
繁「纍」。",累 → JPDB Kanji Freq: 2593,漢字の読みを入力してください,Text
進__捗__,チョク,"［捗］二級
音: ホ／ブ／チョク／チキ 訓: はかど・る
意味: 打つ。
捗攎(ホロ)、未詳、「散らばった草を拾い集める」の意か？
日はかど・る、仕事が順調に進む",捗 → JPDB Kanji Freq: 2584,漢字の読みを入力してください,Text
__墳__墓，古__墳__,フン,"［墳］三級
音: フン／ブン／ホン／ボン 訓: 
意味: 土を丸く盛り上げて造った墓、ほぼ平らか比較的低い土盛りものものは「墓」。
土を高く盛り上げたところ、堤防。
丸く盛り上がった土。
三墳(サンプン)、伏羲・神農・黄帝の書、但し異説あり。",墳 → JPDB Kanji Freq: 2582,漢字の読みを入力してください,Text
__舷__側，右__舷__,ゲン,"［舷］二級
音: ケン／ゲン 訓: ふなばた／ふなべり
意味: 船の(弓のように曲がった)側面。
船の左右の縁(へり)。",舷 → JPDB Kanji Freq: 2575,漢字の読みを入力してください,Text
__臼__歯，脱__臼__,キュウ,"［臼］二級
音: キュウ／グ 訓: うす
意味: 穀物を搗(つ)く際に穀物を入れる器、一般にはしっかりした円柱状の木や石で上部を半球形に抉(えぐ)ってあるもの、またそのような形、またそのような形のもの。
うす、部首名。",臼 → JPDB Kanji Freq: 2567,漢字の読みを入力してください,Text
__坑__道，炭__坑__，廃__坑__,コウ,"［坑］三級
音: コウ／キョウ 訓: 
意味: 底深い穴、或いは奥深い穴、同「阬」。
陥(おとしい)れる、穴に入れる。",坑 → JPDB Kanji Freq: 2566,漢字の読みを入力してください,Text
__糾__弾，紛__糾__,キュウ,"［糾］凖二級
音: キュウ 訓: あざな・う／ただ・す
意味: 何本かの糸(三本の縄)を縒(よ)り合せる、また縒り合せて紐や縄にする、同「糺」。
寄り合わせて纏(まと)める、同「糺」。
誤りや曲がりを(強く締め付けて)正す、罪を厳しく問い質(ただ)す、同「糺」。
絡(から)み付く、縺(もつ)れる、同「丩」。",糾 → JPDB Kanji Freq: 2557,漢字の読みを入力してください,Text
前立__腺__，涙__腺__,セン,"［腺］二級
音: せん 訓: 
意味: 日体内で各種の液汁を分泌する器官、汗腺(カンセン)、涙腺(ルイセン)。",腺 → JPDB Kanji Freq: 2555,漢字の読みを入力してください,Text
__穀__潰し,ゴク,"［穀］五級
音: コク 訓: 
意味: 殻の付いた実を食用とする作物の総称、同簡「谷」。
(穀物・食物を与えて)養(やしな)う。
(穀物・食物を食べて)生きる。
役人の俸禄ホウロク(給与)。
善(よ)い。",穀 → JPDB Kanji Freq: 2546,漢字の読みを入力してください,Text
__穀__物，雑__穀__，脱__穀__,コク,"［穀］五級
音: コク 訓: 
意味: 殻の付いた実を食用とする作物の総称、同簡「谷」。
(穀物・食物を与えて)養(やしな)う。
(穀物・食物を食べて)生きる。
役人の俸禄ホウロク(給与)。
善(よ)い。",穀 → JPDB Kanji Freq: 2546,漢字の読みを入力してください,Text
__叙__述，__叙__景，__叙__勲,ジョ,"［叙］凖二級
音: ショ／ジョ 訓: 
意味: 次第シダイ、順序、同「序」。
序列(ジョレツ)、位階に従った順序。
考えや思いを順序だてて述べる。
書物の端書(はしが)き、同「序」。",叙 → JPDB Kanji Freq: 2544,漢字の読みを入力してください,Text
__辣__腕，辛__辣__,ラツ,"［辣］二級
音: ラツ／ラチ 訓: 
意味: ぴりっと辛(から)い、辛くてひりひりする。
甚(はなは)だしい、きつい、度を超えている。",辣 → JPDB Kanji Freq: 2543,漢字の読みを入力してください,Text
__霜__害，晩__霜__,ソウ,"［霜］凖二級
音: ソウ／ショウ 訓: しも
意味: しも、地表付近の水蒸気が地表や物に接触して氷結したもの{霜}。
白いさま。
白く冷たいさま、汚(けが)れないさま、高潔なさま。
年とし、年数、年齢。",霜 → JPDB Kanji Freq: 2540,漢字の読みを入力してください,Text
__弔__問，__弔__辞，慶__弔__,チョウ,"［弔］凖二級
音: チョウ 訓: とむら・う
意味: 他人の苦悩や不幸に対して同情や慰めの言葉を掛ける。
亡くなった人に最後の言葉を掛ける、同「吊」、遺族に労(いた)わりや慰めの言葉を掛けるのは「唁」。
吊る、吊るす、俗「吊」",弔 → JPDB Kanji Freq: 2537,漢字の読みを入力してください,Text
比__喩__，引__喩__,ユ,"［喩］二級
音: ユ 訓: たと・える／たと・え
意味: 譬(たと)える、理解を促(うなが)すために別の同様の(或いは分かりやすい)例を挙(あ)げる、同「譬」。
理解を促(うなが)すために挙げる別の同様の例、同「譬」。
諭(さと)す、例を引いて分かりやすく説明し理解させる、同「諭」。
悦(よろこ)ぶ、心から楽しむ、同「愉」。
嗙喩(ホウユ)、蔡サイ(周代前11世紀～前221年の国名)の舞曲名、またそれを歌う声。",喩 → JPDB Kanji Freq: 2529,漢字の読みを入力してください,Text
山__麓__，岳__麓__,ロク,"［麓］二級
音: ロク 訓: ふもと
意味: (木が生えている)山裾(やますそ)。
山林を管理する役人。",麓 → JPDB Kanji Freq: 2526,漢字の読みを入力してください,Text
__窒__息，__窒__息死，__窒__素，__窒__素肥料,チツ,"［窒］三級
音: チツ／チチ／テツ／テチ 訓: 
意味: 孔(あな、反対側まで貫通している穴)が塞(ふさ)がってその先に進めない。
塞(ふさ)ぐ、隙間を埋める、塞がる、同「塞」。",窒 → JPDB Kanji Freq: 2525,漢字の読みを入力してください,Text
焼__酎__，__酎__ハイ,チュウ,"［酎］二級
音: チュウ／ジュウ 訓: 
意味: (二度三度と)繰り返し醸造ジョウゾウした濃い酒。
酎祭(チュウサイ)、皇帝が秋に執(と)り行う祭礼、費用や供物(くもつ)を諸侯に醵出キョシュツさせたという。
日、焼酎(ショウチュウ)、米・麦・芋などで醸造した酒を加熱しアルコール度を高めた蒸留酒",酎 → JPDB Kanji Freq: 2519,漢字の読みを入力してください,Text
参__詣__，造__詣__,ケイ,"［詣］二級
音: ゲイ／ゲ／ケイ 訓: もう・でる
意味: 到(いた)る、高みに行き着く。
目上の人や年長の人を訪(おとず)れる。
日もう・でる、有名な場所や建物を訪れる。",詣 → JPDB Kanji Freq: 2514,漢字の読みを入力してください,Text
__謡__曲，民__謡__，歌__謡__,ヨウ,"［謡］四級
音: ヨウ 訓: うたい／うた・う
意味: 即興で歌う、楽器などの伴奏なしに歌う、同「䚻」、楽器などの伴奏に合わせて歌うのは「歌」。
子どもや一般の人が節を付けて口遊(くちずさ)む歌。
根も葉もない噂話。",謡 → JPDB Kanji Freq: 2512,漢字の読みを入力してください,Text
__栓__，給水__栓__，消火__栓__,セン,"［栓］凖二級
音: セン 訓: 
意味: もののの口や穴をぴったりと塞ぐもの、また塞ぐように差し込むもの。
日「栓の木(センノキ)」、ハリギリ針桐の別称、ウコギ科ハリギリ属の木{ハリギリ}。",栓 → JPDB Kanji Freq: 2509,漢字の読みを入力してください,Text
__凸__る，__凸__版，__凸__レンズ，凹__凸__,トツ,"［凸］凖二級
音: トツ／トチ 訓: でこ
意味: 周囲が低く中央が突き出ている、またその形、凹(へこ)んでいるのは「凹」{筆順(凸凹)}。
突き出る。",凸 → JPDB Kanji Freq: 2508,漢字の読みを入力してください,Text
__享__有，__享__受，__享__楽,キョウ,"［享］凖二級
音: キョウ／コウ 訓: う・ける
意味: (神や目上の人から)授かる、受ける、素直に受け入れる。
(神に供物を)奉(ささ)げる、(目上の人に馳走を)差し上げる、心からもてなす。",享 → JPDB Kanji Freq: 2506,漢字の読みを入力してください,Text
__褐__色，茶__褐__色,カツ,"［褐］凖二級
音: カツ／ガチ 訓: かち
意味: 麻(アサ)の繊維などをそのまま使った目の粗い布、またそれを使った粗末な衣服。
身なりが粗末なさま、身分が低いさま、貧しいさま。
くすんだ黄色、「乾燥させたアサの茎の色」の意。
かち、(黒に近い)濃紺色。",褐 → JPDB Kanji Freq: 2503,漢字の読みを入力してください,Text
__勅__語，__勅__使，詔__勅__,チョク,"［勅］凖二級
音: チョク／チキ 訓: みことのり
意味: 戒(いまし)める、誡(いまし)める、同「飭」「𢞒」。
正(ただ)す、しっかりと整える、整理する。
天子の(誡めの)言葉、詔(みことのり)",勅 → JPDB Kanji Freq: 2502,漢字の読みを入力してください,Text
__禅__宗，__禅__寺，座__禅__,ゼン,"［禅］凖二級
音: セン／ゼン 訓: 
意味: 天子のみに執(と)り行うことが許された祭礼で、祭壇を築き天神テンシン・テンジンを祭る儀式、またその祭礼を執(と)り行う、またその祭礼を執(と)り行う特権、同「䄠」。
天子が位(くらい)や天子のみに許される特権を他に譲(ゆず)る、同「䄠」。
修行シュギョウ・シュウコウのために心身を鎮(しず)め黙考モッコウする、瞑想メイソウする、禪那(ゼンナ)。",禅 → JPDB Kanji Freq: 2494,漢字の読みを入力してください,Text
__弧__状，括__弧__，円__弧__,コ,"［弧］三級
音: コ／ゴ 訓: 
意味: 木の弓。
弓なり(弓状)に曲がった形。",弧 → JPDB Kanji Freq: 2491,漢字の読みを入力してください,Text
__繭__糸，蚕__繭__,ケン,"［繭］凖二級
音: ケン 訓: まゆ
意味: 蚕の蛹(さなぎ)を包み保護しているもの。
たこ(胼胝ヘンチ)、摩擦や刺激が繰り返されて皮膚が硬くなったもの、繭疤(ケンハ)、老繭(ロウケン)、同「𥀹」「𦢣」「𨇿」「趼」。
簡「茧」。",繭 → JPDB Kanji Freq: 2490,漢字の読みを入力してください,Text
危__惧__,グ,"［惧］二級
音: ク／グ 訓: おそ・れる
意味: 不安や恐れでびくびくする、おどおどする。
恐れる、心配する、同「恐」「怕」。",惧 → JPDB Kanji Freq: 2487,漢字の読みを入力してください,Text
駐__屯__，駐__屯__地,トン,"［屯］凖二級
音: トン／ドン／チュン 訓: たむろ・する
意味: なかなか(上に、前に)出られないさま、思うように行かないさま、停頓テイトンするさま。
同じところに留(とど)まる、人が同じところに集まり留まる。
集落、村落、同「邨」。
屯駐・屯住(トンチュウ)、駐屯(チュウトン)、ある地に留まること、軍隊がある地に駐留チュウリュウすること。
屯田(トンデン)、国が人を集め耕作させた田畑、集められた人によって「民屯(一般民)」「兵屯、軍屯(戦の際には兵として徴収する兵士)」などがあった。",屯 → JPDB Kanji Freq: 2486,漢字の読みを入力してください,Text
__悼__辞，哀__悼__，追__悼__,トウ,"［悼］凖二級
音: トウ／ドウ 訓: いた・む
意味: 死者を偲び心から悲しむ、死者に思いを致して心を痛める。",悼 → JPDB Kanji Freq: 2482,漢字の読みを入力してください,Text
__斥__候，排__斥__,セキ,"［斥］三級
音: セキ／シャク 訓: しりぞ・ける
意味: 退(しりぞ)ける、押し退(の)ける、追い遣(や)る、排斥(ハイセキ)。
押し開く、大きく広げる、斥地(セキチ)。
(誤りを)指摘する、咎(とが)める、斥責(セキセキ・チェザ)。
窺(うかが)う、探(さぐ)る、斥候(セッコウ)。
充斥(ジュウセキ)、一面に蔓延(はびこ)る、いっぱいになる。",斥 → JPDB Kanji Freq: 2480,漢字の読みを入力してください,Text
潰__瘍__，腫__瘍__,ヨウ,"［瘍］二級
音: ヨウ 訓: 
意味: 頭の傷、切り傷。
傷口が腫(は)れる、膿(うみ)を持つ。
(特に頭にできる)腫れ物、でき物、吹出物(ふきでもの)、大きいものや小さいぶつぶつまでの総称。",瘍 → JPDB Kanji Freq: 2473,漢字の読みを入力してください,Text
心筋__梗__塞，脳__梗__塞,コウ,"［梗］二級
音: コウ／キョウ 訓: 
意味: 木名、山枌楡サンフンユ、ニレ楡(ニレ科ニレ属の木)の一種{ニレ}。
木の枝や草の茎。
まっすぐなさま、梗直(コウチョク)(まっすぐなさま、堅く曲がらないさま)。
草木の棘(とげ)。
(棘が刺さっているかのように)閊(つか)える、すうっと(すんなりと)通らない、塞(ふさ)がる、、梗塞(コウソク)(塞がって滞る)」。
、梗槩・梗概(コウガイ)、あらまし、大略タイリャク。
、桔梗(キキョウ)、キキョウ科キキョウ属の草、根は生薬として利用される{キキョウ}。",梗 → JPDB Kanji Freq: 2465,漢字の読みを入力してください,Text
教__唆__，示__唆__,サ,"［唆］凖二級
音: サ 訓: そそのか・す
意味: そそのか・す、嗾(けしか)けて悪いことをさせようとする。
囉唆(ラサ)、話が回りくどい、話がくどく鬱陶ウットウしい。",唆 → JPDB Kanji Freq: 2463,漢字の読みを入力してください,Text
貨__幣__，紙__幣__，御__幣__担ぎ,ヘイ,"［幣］凖二級
音: ヘイ／ベ 訓: ぬさ／しで
意味: 神前シンゼンに供(そな)える白い絹布、同「𧝬」「𢄞」。
君主や賓客ヒンキャクへの礼物レイブツ・レイモツ(お礼の品物)。
財物ザイブツ・ザイモツ、大切な(価値のある)金銭や品物。
銭ぜに、貨幣(カヘイ)、古く絹布は高価で通貨と同じ役を果たしていたことから、同「𧸁」。
同簡「币」。
日ぬさ、紙垂(かみしで、紙などで作った垂)を棒に結(ゆ)わえた祭祀用の用具、御幣(ゴヘイ)。",幣 → JPDB Kanji Freq: 2461,漢字の読みを入力してください,Text
__惰__眠，__惰__気，怠__惰__,ダ,"［惰］凖二級
音: タ／ダ 訓: おこた・る
意味: だらだらとして何もしようとはしない、怠(なま)ける、同「媠」。
だらだらとして相手を敬う気持ちや態度に欠ける、同「伿」。",惰 → JPDB Kanji Freq: 2460,漢字の読みを入力してください,Text
一__俵__，土__俵__,ヒョウ,"［俵］五級
音: ヒョウ 訓: たわら
意味: 分け与える、分配ブンパイする、同「㧼」「䞄」。
日たわら、藁(わら)で作った穀物などを入れる袋。",俵 → JPDB Kanji Freq: 2459,漢字の読みを入力してください,Text
真__摯__，__摯__実,シ,"［摯］二級
音: シ 訓: 
意味: しっかりと手に持つ、同「執」。
面会する人(特に初対面の人)への礼物、手土産(てみやげ)、同「贄」。
誠実なさま、心がこもっているさま。
至(いた)る、それより先がない(これ以上はない)ところまで行き着く、隅々まで行き届く、同「𡠗」。
獰猛な、荒々しい、同「鷙」。",摯 → JPDB Kanji Freq: 2454,漢字の読みを入力してください,Text
__遷__延，__遷__都，変__遷__,セン,"［遷］凖二級
音: セン 訓: うつ・る／うつ・す
意味: 今の場所・地位から高い場所・地位に移る、また移す、上(のぼ)る、同「䙴」「拪」、左遷(サセン)(低い地位に移す、左は逆・下位の意)」。
今の場所から他の場所に移る、また移す、移る、、遷徙(センシ)、同「徙」「移」。
位置・場所・状況が変わる、移り変わる。",遷 → JPDB Kanji Freq: 2453,漢字の読みを入力してください,Text
__峡__谷，地__峡__，海__峡__,キョウ,"［峡］三級
音: コウ／ギョウ／キョウ 訓: 
意味: 山間(やまあい)の深い谷、山が両側から迫って狭(せば)まっているところ、同「埉」「硤」「陜」「陿」、またそこを流れる川。",峡 → JPDB Kanji Freq: 2450,漢字の読みを入力してください,Text
__渓__谷，__渓__流，雪__渓__,ケイ,"［渓］凖二級
音: ケイ／ケ 訓: 
意味: 山から湧(わ)き出た水が川となって流れる、細々と谷間を流れる川、同「𧮾」。",渓 → JPDB Kanji Freq: 2445,漢字の読みを入力してください,Text
__窃__盗，__窃__取,セツ,"［窃］凖二級
音: セツ／セチ 訓: 
意味: こっそり盗む、密(ひそ)かに奪う。
こっそりと、密かに。
浅い色、深みがなく薄めの色。
窃衣(セツイ)、オヤブジラミ雄藪蝨、セリ科ヤブジラミ属の草、別名、蘮蒘(ケイジョ){オヤブジラミ}。",窃 → JPDB Kanji Freq: 2444,漢字の読みを入力してください,Text
発__酵__，__酵__母,コウ,"［酵］三級
音: コウ／キョウ 訓: 
意味: 有機物が菌(酵母菌)の作用によって分解され変化すること、この菌はパンpão葡・酒類・ヨーグルトyoghurtなど多くの有用なもの(食用になるもの)にを作る際に利用される、酵母(コウボ)(イーストyeast)」、発酵・醗酵(ハッコウ)。
酒を作る元となるもの、酒母シュボ(日本酒の場合は麹・水・米に酵母を加え培養したもの)。",酵 → JPDB Kanji Freq: 2441,漢字の読みを入力してください,Text
__遡__及，__遡__上,ソ,"［遡］二級
音: ソ／ス 訓: さかのぼ・る
意味: 水や時間・物事などの本来の流れとは逆方向に進む、上流に向かって進む、同「溯」。
源(みなもと、流れや物事の始まるところ)に向かって行く。
訴(うった)える、告げる、同「愬」「訴」。",遡 → JPDB Kanji Freq: 2435,漢字の読みを入力してください,Text
__鯨__油，捕__鯨__,ゲイ,"［鯨］三級
音: ケイ／ギョウ／ゲイ 訓: くじら
意味: 鯨(クジラ)、クジラ目の水棲哺乳動物の総称、特に雄を指す、雌は「鯢」。",鯨 → JPDB Kanji Freq: 2432,漢字の読みを入力してください,Text
__薪__炭，__薪__水,シン,"［薪］四級
音: シン 訓: たきぎ／まき
意味: 柴(しば)、燃料などに用いる細い枝、或いは太い木を割ったもの、いずれも燃料などに用いるものをいう。",薪 → JPDB Kanji Freq: 2429,漢字の読みを入力してください,Text
__娯__楽，歓__娯__,ゴ,"［娯］三級
音: ゴ／グ 訓: 
意味: (趣味・嗜好などを)楽しむ、楽しみ。",娯 → JPDB Kanji Freq: 2428,漢字の読みを入力してください,Text
__愁__傷，哀__愁__，憂__愁__,シュウ,"［愁］凖二級
音: シュウ／ジュ 訓: うれ・える
意味: もの悲しく思う、侘びしい、秋の心情。
憂(うれ)える、あれこれと思いが巡(めぐ)り心が揺れ動く。",愁 → JPDB Kanji Freq: 2422,漢字の読みを入力してください,Text
__嫡__子，__嫡__流,チャク,"［嫡］凖二級
音: テキ／チャク 訓: 
意味: 正妻、正妻以外は「妾」。
正妻が産んだ子、妾の子は「庶」。
正妻が産んだ家系を継ぐ長子、一般には長男。
血筋の繋(つな)がった、正統な。",嫡 → JPDB Kanji Freq: 2415,漢字の読みを入力してください,Text
__斑__点，__斑__紋,ハン,"［斑］二級
音: ハン／ヘン 訓: まだら／ぶち／むら
意味: 地色に他の色が点状や縞状に散らばっているさま。
斑鳩(ハンキュウ)、ハト科キジバト属の小形のハト鳩、同、鵓鳩(ボツキュウ)、鳻鳩(ハンキュウ)、、山斑鳩(サンハンキュウ)(キジバト雉鳩)」、歐斑鳩(オウハンキュウ)(コキジバト小雉鳩)」、灰斑鳩(ハイハンキュウ)(シラコバト白子鳩)」、火斑鳩(カハンキュウ)(ベニバト紅鳩)」。",斑 → JPDB Kanji Freq: 2412,漢字の読みを入力してください,Text
脂__肪__,ボウ,"［肪］四級
音: ホウ／ボウ 訓: 
意味: 肉の脂(あぶら)。
脂肪(シボウ)、脂の塊、脂身(あぶらみ)。",肪 → JPDB Kanji Freq: 2408,漢字の読みを入力してください,Text
__醸__造，__醸__成,ジョウ,"［醸］凖二級
音: ジョウ／ニョウ 訓: かも・す
意味: 発酵作用を利用して酒・酢・醤(ひしお)などを造る、特に酒を造る。
混じり合い変化(発酵)し次第に別のものが生まれる。",醸 → JPDB Kanji Freq: 2403,漢字の読みを入力してください,Text
__酌__量，晩__酌__,シャク,"［酌］凖二級
音: シャク 訓: く・む
意味: 酒を汲(く)む、大きな容器に入っている酒を小さな器で掬(すく)う、酒を
酒を
斟酌(シンシャク)互いに酒を",酌 → JPDB Kanji Freq: 2399,漢字の読みを入力してください,Text
__堤__防，防波__堤__，__堤__防を築く,テイ,"［堤］四級
音: テイ／タイ 訓: つつみ
意味: 川・湖・海の水が溢(あふ)れ出てくることを防ぐために土や石を高く盛ったところ、土手、同「隄」「碮」、堤防(テイボウ)。
瓶ビン(かめ)などの底の平らな部分。",堤 → JPDB Kanji Freq: 2398,漢字の読みを入力してください,Text
明__瞭__，__瞭__然,リョウ,"［瞭］二級
音: リョウ 訓: あきら・か
意味: 目が良い、目が澄んでいる。
明るい、明るく遠くまではっきりと見える、同「暸」。
はっきりしている、はっきりと分かる、明らかなさま、同「了」。",瞭 → JPDB Kanji Freq: 2396,漢字の読みを入力してください,Text
__碁__石，__碁__盤，囲__碁__,ゴ,"［碁］凖二級
音: キ／ゴ／ギ 訓: 
意味: 方形の盤バン(ボードboard)を使うゲームgameの一つ、囲碁(イキ・イゴ)、囲棋(イキ)。",碁 → JPDB Kanji Freq: 2394,漢字の読みを入力してください,Text
__篤__農，危__篤__，懇__篤__,トク,"［篤］三級
音: トク 訓: あつ・い
意味: 厚いさま、厚みがあるさま、手厚いさま、心が籠(こ)もっているさま、情けが深いさま、篤実(トクジツ)、同「䈞」「竺」。
一つのことに打ち込むさま。
病気が重いさま。",篤 → JPDB Kanji Freq: 2393,漢字の読みを入力してください,Text
__循__環，因__循__,ジュン,"［循］凖二級
音: シュン／ジュン 訓: 
意味: 既に道筋が付いているものや頼りになるものに沿って行く、道形(みちなり)に進む、先例などに従う。
自ら判断・選択をせずにそこにある道や先例に従う、人の意見や指示に唯々諾々と従う。
巡(めぐ)る。",循 → JPDB Kanji Freq: 2392,漢字の読みを入力してください,Text
__肖__像，不__肖__,ショウ,"［肖］凖二級
音: ショウ 訓: に・る／あやか・る
意味: (子が親などに)似る、(姿形が)似ている、不肖(フショウ)(親に似ない、親に似ず至らない、親に似ず愚か、私の謙譲語)」。
元になるものに似せる、、肖像(ショウゾウ)。
小さい[日]あやか・る、あるものに似せる、あるものと同じようになる。",肖 → JPDB Kanji Freq: 2388,漢字の読みを入力してください,Text
__栽__培，盆__栽__,サイ,"［栽］凖二級
音: サイ 訓: 
意味: 草木を植(う)える、また手を加えて育てる、栽培(サイバイ)、同「㘽」。
牆ショウ(かき、垣かき・塀へい・壁かべ、土塁(ドルイ)などの内と外を仕切り遮さえぎる構築物)を築く。",栽 → JPDB Kanji Freq: 2384,漢字の読みを入力してください,Text
__煎__茶，二番__煎__じ,セン,"［煎］二級
音: セン 訓: い・る
意味: 全体に熱を加え(食材の)水分を飛ばす、(食材の)水分がなくなるまで熱する、一般に油は使わないか或いは焦げ付かない程度の少量で熱を加える、「炒」参照。
水に食材や薬を入れて熱し(殆ど)水がなくなるまで煮詰める、煮出す。
(燃え尽きて)消える。",煎 → JPDB Kanji Freq: 2381,漢字の読みを入力してください,Text
装__填__，補__填__,テン,"［填］二級
音: テン／デン／チン 訓: う・める／うず・める／は・める
意味: 空いているところを埋める、埋めて塞ぐ、同「窴」。
埋める、満たす、空いているところがなくなるようにする。
乱れを静める、安定させる、同「鎮」。",填 → JPDB Kanji Freq: 2380,漢字の読みを入力してください,Text
__尺__度，__尺__貫法,シャク,"［尺］五級
音: セキ／シャク 訓: 
意味: 長さの単位、時代や国によって異なるが、秦代・漢代で1尺=10寸=23.1cm、日本でも時代によって異なるが、計量法施行法に従えば1尺=30.3cm{各種単位}。
物差(ものさ)し、ものの長さを測る道具。
短いさま、僅(わず)かなさま。",尺 → JPDB Kanji Freq: 2377,漢字の読みを入力してください,Text
__賓__客，主__賓__，来__賓__,ヒン,"［賓］凖二級
音: ヒン 訓: まろうど
意味: まろうど、主人と並んで座る客人、大切にもてなすべき客人。
作法に則って客に接する、同「儐」。
主人の傍に付いて従う、主人の次に位する、またその人。",賓 → JPDB Kanji Freq: 2371,漢字の読みを入力してください,Text
__畿__内，近__畿__,キ,"［畿］二級
音: キ 訓: 
意味: 都(みやこ)から千里(或いは五百里)以内の地域、それ以遠を「鄙」、都から千里は遠近の境目とされ、近畿(キンキ)はそれに由来する、同「圻」。
国主の直轄地、国畿(コッキ)、王畿(オウキ)。
九畿(キュウキ)、国主の直轄地(都から千里以内)以遠の国主の統治権が及ぶ地、五百里毎に九つに分けたもの、同九服(キュウフク)。",畿 → JPDB Kanji Freq: 2366,漢字の読みを入力してください,Text
模__倣__,ホウ,"［倣］三級
音: ホウ 訓: なら・う
意味: 姿形(すがたかたち)や方法などの手本となるものを見て学び、それに似(に)せる、似せた形に作る、似せた方法でする、同「傚」。",倣 → JPDB Kanji Freq: 2363,漢字の読みを入力してください,Text
__騰__貴，暴__騰__，沸__騰__,トウ,"［騰］凖二級
音: トウ／ドウ 訓: あ・がる
意味: 勢いよく足を上げる、高く跳(と)び上がる、躍(おど)り上がる、同「驣」「䠮」「𦫀」。
勢いよく上がる、高く上がる。
馬を勢いよく走らせる、馬が跳(は)ねるように疾走する。",騰 → JPDB Kanji Freq: 2361,漢字の読みを入力してください,Text
__凹__凸，__凹__面鏡，__凹__レンズ,オウ,"［凹］凖二級
音: オウ／ヨウ 訓: くぼ・む／へこ・む／ぼこ
意味: 周囲が高く中央が低くなっている、また窪(くぼ)んでいる、またその形、同「窪」、突き出ているのは「凸」{筆順(凸凹)}。",凹 → JPDB Kanji Freq: 2360,漢字の読みを入力してください,Text
福__祉__,シ,"［祉］三級
音: チ／シ 訓: 
意味: 恵(めぐ)み、幸(さいわ)い、福祉(フクシ)、天祉(テンシ)(天から授かる豊かな恵み)」。",祉 → JPDB Kanji Freq: 2359,漢字の読みを入力してください,Text
__壱__万円,イチ,"［壱］
音: イチ｜常用漢字表外：「イツ」訓: 
意味: ①「もっぱら(ある一つの事に集中するさま)」(例：壱意専心)
②「ひとつ」(同意語：一)
③「ひとたび」、「一度」
④「みな」、「すべて」(例：壱是)
⑤「等しい」、「同じ」
⑥「合う」、「二つ以上のものが近寄って、一つになる」、「一致する」
⑦「集まる」",壱 → JPDB Kanji Freq: 2356,漢字の読みを入力してください,Text
__貿__易,ボウ,"［貿］六級
音: ボウ／モ／ム 訓: 
意味: 金品を交換する、売買する、交易する、またそれによって利益を得る。",貿 → JPDB Kanji Freq: 2352,漢字の読みを入力してください,Text
__迅__速，疾風__迅__雷,ジン,"［迅］凖二級
音: シュン／シン／ジン 訓: 
意味: 動きが早い、飛ぶように速い。
急激なさま、激しいさま。",迅 → JPDB Kanji Freq: 2350,漢字の読みを入力してください,Text
__碑__銘，石__碑__，記念__碑__,ヒ,"［碑］三級
音: ヒ 訓: いしぶみ
意味: 石柱セキチュウ、日時計(ひどけい)用の石柱、犠牲ギセイ(いけにえ)を繋(つな)ぐために宗廟ソウビョウの門の前に立てる石柱、棺(ひつぎ)を穴の中に降(お)ろす際に縄(なわ)を掛けたりなどする石柱。
いしぶみ、功績を称(たた)えたり記念などのために文章や文字を彫り込んで建てた板状の石。",碑 → JPDB Kanji Freq: 2348,漢字の読みを入力してください,Text
威__嚇__,カク,"［嚇］凖二級
音: カク／キャク 訓: おど・す
意味: 顔を真っ赤にして怒(いか)る。
顔を真っ赤にして怒鳴(どな)り付ける、また脅(おど)し付ける、同「哧」。",嚇 → JPDB Kanji Freq: 2345,漢字の読みを入力してください,Text
__采__配，喝__采__,サイ,"［采］二級
音: サイ 訓: 
意味: 指先で摘(つま)み取る、選び取る、同簡「採」。
彩(いろど)り、様子、姿、同「彩」。
重臣や重職に就いている者に与えられる領地、采地(サイチ)、采邑(サイユウ)、同繁「埰」、同「寀」。
喝采(カッサイ)、大きな声を出したり大げさな身振りでやんやと誉(ほ)めそやす、同「喝啋」。",采 → JPDB Kanji Freq: 2344,漢字の読みを入力してください,Text
__廉__価，清__廉__，破__廉__恥,レン,"［廉］三級
音: レン 訓: かど
意味: 建物の外と内を区切る境目、外(あちら、向こう側)と内(こちら、手前側)との区切り・境目。
建物や部屋の角(かど)また隅すみ、「向こう側と手前側の区切り・境目となるところ」の意。
けじめ、「守るべきことかどうかの区切り・境目」の意。
自らをしっかりと戒(いまし)めけじめを守る。
無闇(むやみ)に利益を追い求めない、度を越した欲がない。
日かど、限定的な或いは特定の事柄・理由。",廉 → JPDB Kanji Freq: 2342,漢字の読みを入力してください,Text
老__翁__，不倒__翁__,オウ,"［翁］凖二級
音: オウ／ウ 訓: おきな
意味: 鳥の首から胸にかけての羽、同「𩔚」。
父親、夫の父親、妻の父親。
老齢の男性に対する尊称。",翁 → JPDB Kanji Freq: 2339,漢字の読みを入力してください,Text
__藻__類，海__藻__，詞__藻__,ソウ,"［藻］凖二級
音: ソウ 訓: も
意味: 水中に生息する植物などの総称、また、藻類(ソウルイ)、海草(カイソウ)、水草(スイソウ)(みずくさ)」などの水中に生える草の総称。
色鮮やかな模様、同「繅」。
表現が巧(たく)みで美しいさま。
十二章紋の一つ、水草を象(かたど)ったもの{服飾(十二章紋)}。
色とりどりの糸を使って撚(よ)り上げた紐(ひも)、組紐、同「繅」{服飾(冕冠)}。",藻 → JPDB Kanji Freq: 2336,漢字の読みを入力してください,Text
__塀__，板__塀__,ヘイ,"［塀］凖二級
音: ヘイ 訓: 
意味: 「朱{⿰⿺辶𡩙}塀、朱邃塀シュスイヘイ」、人名、1448年～1491年、明代(1368年～1644年)の慶国ケイコク第四代国主。
日建物や土地の境界キョウカイに立てる仕切り、境界であることを示したり目隠しなどのために立てる、「板塀いたべい(板を並べ作った塀)」「土塀どべい(土塗りの塀)」「石塀いしべい(石積みの塀)」",塀 → JPDB Kanji Freq: 2326,漢字の読みを入力してください,Text
__呈__上，進__呈__，贈__呈__,テイ,"［呈］凖二級
音: テイ／ジョウ 訓: 
意味: 示(しめ)す、はっきりと分かるように広げて見せる、同「𧵋」。
まっすぐに差し出す。
下級の者が上級の者に差し出す文書。",呈 → JPDB Kanji Freq: 2314,漢字の読みを入力してください,Text
__棺__おけ，石__棺__，出__棺__,カン,"［棺］凖二級
音: カン 訓: ひつぎ
意味: 遺体を納(おさ)める箱、「棺」は箱やそれに付随するものを指し「柩」は「遺体が収められた棺」を指す。",棺 → JPDB Kanji Freq: 2311,漢字の読みを入力してください,Text
__雌__雄，__雌__伏,シ,"［雌］四級
音: シ 訓: め／めす
意味: 鳥の母性、鳥の父性は「雄(おす)」、獣の母性は「牝(めす)」、獣の父性は「牡(おす)」。
小さく弱々しいさま。",雌 → JPDB Kanji Freq: 2310,漢字の読みを入力してください,Text
__賠__償,バイ,"［賠］凖二級
音: ハイ／バイ／ベ 訓: 
意味: 欠損を埋め合わせる、補償する。",賠 → JPDB Kanji Freq: 2303,漢字の読みを入力してください,Text
実__践__，__践__祚,セン,"［践］凖二級
音: セン／ゼン 訓: ふ・む
意味: 踏む、足を地に着ける、足で押える、同「踏」。
(道を、前人が通った後を)踏んで行く、同「履」「㣤」「𧗸」。
決めた通りに(言った通りに)行う、履行リコウする。",践 → JPDB Kanji Freq: 2301,漢字の読みを入力してください,Text
__曽__祖父，__曽__孫,ソウ,"［曽］二級
音: ソウ／ソ／ゾ／ゾウ 訓: かつ・て
意味: 乃(すなわ)ち、則(すなわ)ち、即(すなわ)ち。
嘗(かつ)て、以前、以前に、以前の、未曽(ミソウ・ミゾウ)(未曾有、いまだ嘗て～ない)」、不曽(フソウ・ブゾウ)(これまでに～ない)」。
層(そう)をなす、同質のものが重(かさ)なる、また繰り返される、同「層」。
一代前また後、自分を基準にして二代前また後の親族。",曽 → JPDB Kanji Freq: 2300,漢字の読みを入力してください,Text
未__曽__有,ゾ,"［曽］二級
音: ソウ／ソ／ゾ／ゾウ 訓: かつ・て
意味: 乃(すなわ)ち、則(すなわ)ち、即(すなわ)ち。
嘗(かつ)て、以前、以前に、以前の、未曽(ミソウ・ミゾウ)(未曾有、いまだ嘗て～ない)」、不曽(フソウ・ブゾウ)(これまでに～ない)」。
層(そう)をなす、同質のものが重(かさ)なる、また繰り返される、同「層」。
一代前また後、自分を基準にして二代前また後の親族。",曽 → JPDB Kanji Freq: 2300,漢字の読みを入力してください,Text
"❶ __遍__歴，普__遍__，一__遍__
❷ 満__遍__なく
行き届かないところもなく。くまなく。 「クリームを━ぬる・━分布する」 〔連体詞の形もある。「満遍（の）ない部屋の明るさ」〕 「満遍」だけで「行き届かないところがないようす」の意味があり、「なく」は強調。","ヘン,べん","［遍］凖二級
音: ヘン 訓: あまね・く
意味: 広く隅々まで行き渡る、同「𨖠」「徧」。
あまね・く、広く漏れなく、隅々まで、同「徧」。
回数を数える語、同「徧」。",遍 → JPDB Kanji Freq: 2298,漢字の読みを入力してください,Text
__郊__外，近__郊__,コウ,"［郊］三級
音: コウ／キョウ 訓: 
意味: 都(みやこ)を囲む城壁の外に広がる地で都から百里以内の地、五十里までを「近郊」、百里までを「遠郊」といった、また「郊」の外を、野(ヤ)、その外を、林(リン)、その外を、冂(ケイ)といった。
町や村落の外の一定の地域
天地に感謝する祭礼、またその場所、冬至に南郊で天を、夏至に北郊で地を祭(まつ)った",郊 → JPDB Kanji Freq: 2297,漢字の読みを入力してください,Text
__慄__然，戦__慄__,リツ,"［慄］二級
音: リツ／リチ 訓: おのの・く
意味: 恐れや寒さで体が震える、恐れで身が竦(すく)む。
簡「栗」。",慄 → JPDB Kanji Freq: 2293,漢字の読みを入力してください,Text
僧__侶__，伴__侶__,リョ,"［侶］二級
音: リョ／ロ 訓: 
意味: 連れ立って行動する、またそのような人。",侶 → JPDB Kanji Freq: 2291,漢字の読みを入力してください,Text
__盲__点，__盲__従，文__盲__,モウ,"［盲］凖二級
音: モウ／ミョウ 訓: めくら／めしい
意味: (視力が失われて)目が見えない、またそのような人、同「盳」「𥇋」「朚」「𤷐」。
物事をはっきりと理解・判断できない、道理に暗い。
しっかりと考える(吟味する)ことなしに、盲信(モウシン)。
日管状(筒状)のものの一方が塞(ふさ)がっているさま。",盲 → JPDB Kanji Freq: 2289,漢字の読みを入力してください,Text
__餓__死，__餓__鬼，飢__餓__,ガ,"［餓］三級
音: ガ 訓: う・える
意味: 食べ物が足りず腹がすいて痩(や)せて骨ばる、飢(キ)(う・える、食べ物が足りず腹をすかす)」よりも甚(はなは)だしい状態。",餓 → JPDB Kanji Freq: 2288,漢字の読みを入力してください,Text
__淑__女，貞__淑__，私__淑__,シュク,"［淑］凖二級
音: シュク／ジュク 訓: しと・やか
意味: 善(よ)い、良い、好ましい、同「俶」。
穢(けが)れがなく透き通っているさま、慎(つつし)み深く清らかなさま、同「𣻪」。",淑 → JPDB Kanji Freq: 2287,漢字の読みを入力してください,Text
均__衡__，平__衡__，度量__衡__,コウ,"［衡］凖二級
音: コウ／ギョウ 訓: 
意味: 門や窓の上部に渡した横木。
轅エン(ながえ)や輈チュウの先端に渡した横木、これに牛馬を繋(つな)いで車を牽(ひ)かせる、同「𨏎」「輅」{乗物(馬車)}。
棹秤(さおばかり)の横棒。
横方向に伸びる、またそのようなもの。
水平になる、(左右が)釣り合う。
重さを量(はか)る。",衡 → JPDB Kanji Freq: 2286,漢字の読みを入力してください,Text
__酢__酸,サク,"［酢］凖二級
音: サク／ザク／ソ／ス 訓: す
意味: 酸(す)っぱい、酸っぱい味、酸っぱい味の飲み物、同「酸」「醋」。
接待に対する礼として客が主人に杯を返す、同「醋」、主人が客に勧めるのは「酬」。",酢 → JPDB Kanji Freq: 2283,漢字の読みを入力してください,Text
__絹__布，人__絹__,ケン,"［絹］五級
音: ケン 訓: きぬ
意味: 蚕の繭から紡いで作った生糸で織った織物。
鳥獣を捕る網。",絹 → JPDB Kanji Freq: 2279,漢字の読みを入力してください,Text
鉄__柵__，城__柵__,サク,"［柵］二級
音: サク／シャク／サン／セン 訓: しがらみ
意味: 木や竹を立て並べ卌状に組んだもの、隙間を設け通したいものだけを通るようにした仕切り。",柵 → JPDB Kanji Freq: 2271,漢字の読みを入力してください,Text
__尼__僧，修道__尼__,ニ,"［尼］凖二級
音: ジ／ニ 訓: あま
意味: あま、出家して仏門に入った女性。
比丘尼(ビクニ)、出家して仏門に入った女性、男性は「比丘」。
近(ちか)しい、親(した)しい、同「昵」。
仲尼(チュウジ)、孔子コウシ(姓は子、名は丘、前551？年～前479年)の字(あざな)。
尼丘(ジキュウ)、尼山(ジサン)、山名、山東省済寧市曲阜市、孔子の父母が祈祷キトウして孔子を授(さず)かったとされる、同「㞾丘」「屔丘」「𡲌丘」{山東省}。",尼 → JPDB Kanji Freq: 2267,漢字の読みを入力してください,Text
__准__将，批__准__,ジュン,"［准］凖二級
音: シュン／ジュン 訓: なぞら・える
意味: 許(ゆる)す、認(みと)める。
～に依(よ)る、～に依れば～。
同繁「準」。",准 → JPDB Kanji Freq: 2265,漢字の読みを入力してください,Text
__汽__車，__汽__船，__汽__笛,キ,"［汽］九級
音: キ／ケ 訓: 
意味: 蒸気、液体また固体が気化したもの。",汽 → JPDB Kanji Freq: 2258,漢字の読みを入力してください,Text
__咽__喉，__咽__頭,イン,"［咽］二級
音: エン／エツ／エチ／イン 訓: のど／むせ・ぶ／むせ・る
意味: のど、口の奥から食道の入口までの部分、「咽」の途中から分かれて気管に通じる部分を「喉」、総称して、咽喉(インコウ)。
飲み込む、同「嚥」。
むせ・ぶ、食べ物が咽喉に閊(つか)える、同「噎」。",咽 → JPDB Kanji Freq: 2257,漢字の読みを入力してください,Text
__謁__見，拝__謁__，__謁__する,エツ,"［謁］凖二級
音: エツ／オチ 訓: 
意味: 身分の高い人に面会する、また面会して申し上げる、或いは願い事をする。
名前を書いた札、名刺。",謁 → JPDB Kanji Freq: 2250,漢字の読みを入力してください,Text
訴__訟__,ショウ,"［訟］凖二級
音: ショウ／ズ／ジュ 訓: 
意味: 口々に言い合う、言い争う、同「吅」。
法廷などの公(おおやけ)の場で理非曲直(リヒキョクチョク、理に適っているかどうか、正しいかどうか)について論争する。",訟 → JPDB Kanji Freq: 2248,漢字の読みを入力してください,Text
__玩__具，愛__玩__,ガン,"［玩］二級
音: ガン 訓: もてあそ・ぶ
意味: 手の中に入れて飽(あ)きずに愛(め)でる、飽くまで手放さない、同「翫」。
(相手が嫌がるのも構わずに)むやみに手を加える、意味もなくあれやこれやに口や手を出す、弄(もてあそ)ぶ、同「弄」。",玩 → JPDB Kanji Freq: 2246,漢字の読みを入力してください,Text
__昆__虫，__昆__布,コン,"［昆］凖二級
音: コン 訓: 
意味: 兄、昆弟(コンテイ)(兄弟)」、同「晜」。
同じところに集まる、同「同」。
昆虫(コンチュウ)、節足動物のうち汎甲殻類ハンコウカクルイ六脚亜門ロッキャクアモン(三対六本の脚がある種)昆虫綱に属する虫の総称、よく群れ集まることから。
昆吾(コンゴ)、古地名、山名、現河南省濮陽市、この山からは火のように赤い銅が産出されるといい、この銅で作った剣(つるぎ)は名刀とされ、錕鋙(コンゴ)の剣」と呼ばれる。",昆 → JPDB Kanji Freq: 2241,漢字の読みを入力してください,Text
__欄__干，__欄__外，空__欄__,ラン,"［欄］四級
音: ラン 訓: 
意味: 橋の両側や廊下・窓・寝台などの縁に設ける手摺(てすり)。
区切りを示す仕切り、また囲い、枠(わく)。
新聞や雑誌などの枠などで仕切られた部分。",欄 → JPDB Kanji Freq: 2238,漢字の読みを入力してください,Text
__薫__風，__薫__陶,クン,"［薫］凖二級
音: クン 訓: かお・る／かおり
意味: 良い香り、良い香りのする草。
火にかけて良い香りを立ち昇らせる、良い香りが立ち籠(こ)める、またその香り。
良い影響を与える、また受ける、薰陶(クントウ)。",薫 → JPDB Kanji Freq: 2233,漢字の読みを入力してください,Text
__吟__じる，__吟__味，詩__吟__，苦__吟__,ギン,"［吟］凖二級
音: ギン／ゴン 訓: 
意味: 口をあまり開けずに低い声を長く伸ばす、また、そのようにして詩歌を口ずさむ、「呻」程には長く伸ばさない。
呻(うめ)きの声、歎きの声。",吟 → JPDB Kanji Freq: 2232,漢字の読みを入力してください,Text
謙__遜__，不__遜__,ソン,"［遜］二級
音: ソン 訓: へりくだ・る
意味: へりくだ・る、他を敬って自ら一歩退(ひ)く、自ら一歩退(しりぞ)き控え目に振る舞う。
自ら地位などを退(しりぞ)き他に譲る。
逃(のが)れ身を隠す、同「遁」。",遜 → JPDB Kanji Freq: 2230,漢字の読みを入力してください,Text
__胎__児，受__胎__，母__胎__,タイ,"［胎］三級
音: タイ 訓: 
意味: 懐妊カイニンして三カ月(腹が膨らみ始め胎児が動き始める頃)が経った母の体内の子、胎児(タイジ)、一カ月以内は「胚」。
胚胎(ハイタイ)身籠(みごも)る、妊娠ニンシンする物事の始まり、またその兆(きざ)し
器物の型。",胎 → JPDB Kanji Freq: 2228,漢字の読みを入力してください,Text
__措__置，__措__辞，挙__措__,ソ,"［措］三級
音: ソ／ス 訓: お・く／お・いて
意味: 置く、そのままにして置く。
刑措(ケイソ)、刑罰法は扨置(さてお)いて、それを用いないこと。
あるべき場所に置く、あるべき状態にする、安措(アンソ)。
挙措(キョソ)、立ち振る舞い、動きや行い。
日お・いて、(「～をおいて～ない」の用法で)～以外に～ない。",措 → JPDB Kanji Freq: 2226,漢字の読みを入力してください,Text
__硝__石，__硝__酸,ショウ,"［硝］凖二級
音: ショウ 訓: 
意味: 硝石(ショウセキ)、白色また白濁色の硝酸カリウムKNO3の鉱石。
硭硝(ボウショウ)、硫酸ナトリウムNa2SO4の10水和物。",硝 → JPDB Kanji Freq: 2225,漢字の読みを入力してください,Text
__洪__水，__洪__積層,コウ,"［洪］凖二級
音: コウ／グ 訓: 
意味: 水が増える、水が増え水位が上がる、増水する、大水(おおみず)。
洪水(コウズイ)、水が増え(川などから)溢(あふ)れ出る。
大きいさま、大きく膨れ上がる(盛り上がる)さま。",洪 → JPDB Kanji Freq: 2221,漢字の読みを入力してください,Text
純__朴__，素__朴__,ボク,"［朴］凖二級
音: ハク／ホク／ボク 訓: ほう
意味: 切り出されたままの手が加えられていない木、本来の姿のままで手が加えられていないさま、自然で飾り気がないさま、同繁「樸」。
厚朴(コウボク)、モクレン科モクレン属の木{コウボク}。
エノキ(榎)、朴樹(ボクジュ)、アサ科エノキ属の木、また同属の称{エノキ}。
日ホオノキ(朴の木)、モクレン科モクレン属の木{ホオノキ}。",朴 → JPDB Kanji Freq: 2216,漢字の読みを入力してください,Text
__逝__去，急__逝__，長__逝__,セイ,"［逝］凖二級
音: セイ／ゼ 訓: ゆ・く
意味: 往(ゆ)く、去って行く、遠くへ行ってしまう。
亡くなる、死ぬ。",逝 → JPDB Kanji Freq: 2215,漢字の読みを入力してください,Text
才__媛__,エン,"［媛］七級
音: エン／オン 訓: ひめ
意味: 上品で美しい女性、心が引き寄せられるように美しいさま。
引き寄せる、引き付ける、同「援」。
嬋媛(センエン)、容姿ヨウシや身のこなしが引き込まれるように美しいさま。
日ひめ、姫、貴人の娘、婦人の美称。",媛 → JPDB Kanji Freq: 2213,漢字の読みを入力してください,Text
__陳__列，__陳__謝，開__陳__,チン,"［陳］三級
音: チン／ジン 訓: の・べる
意味: 順に並べる、一列に並べる、広げ並べる、また並ぶ、同「敶」「𨸬」「𢽬」。
順を追って述べる、よく分かるように述べる、同「𨸬」「𢽬」。
古い、旧式な、長い時が経っている。
周代(西周)から春秋時代にかけての古国名、前1046年～前478年、現河南省周口市淮陽ジュンヨウ区一帯{河南省}。
南北朝時代の南朝最後の王朝、557年～589年、別名「南陳」{南北朝時代}。",陳 → JPDB Kanji Freq: 2211,漢字の読みを入力してください,Text
解__剖__，__剖__検,ボウ,"［剖］凖二級
音: ホウ／フ／ボウ 訓: 
意味: 二つに割(さ)く、二つに切り分ける。
見分ける。",剖 → JPDB Kanji Freq: 2208,漢字の読みを入力してください,Text
不__朽__，老__朽__，腐__朽__,キュウ,"［朽］四級
音: キュウ／ク 訓: くち・る
意味: 草木が腐(くさ)る。
衰える、生気がなくなる。",朽 → JPDB Kanji Freq: 2207,漢字の読みを入力してください,Text
__賜__暇，下__賜__，恩__賜__,シ,"［賜］凖二級
音: シ 訓: たま・う／たまわ・る／たまもの
意味: 上位の者が下位の者に物や位などを与える、恵(めぐ)む。
下位の者が上位の者から物や位などを頂戴する、授(さず)かりもの。",賜 → JPDB Kanji Freq: 2205,漢字の読みを入力してください,Text
歌舞__伎__,キ,"［伎］二級
音: キ／ギ 訓: 
意味: 巧(たく)みな技わざ、技量、同「技」。
巧みな技を持つ人、芸人。",伎 → JPDB Kanji Freq: 2200,漢字の読みを入力してください,Text
隠__蔽__,ヘイ,"［蔽］二級
音: ヘイ／ヘ 訓: おお・う
意味: 上から被(かぶ)せて全体を覆(おお)う、周りから見えないように覆(おお)って隠す。
遮(さえぎ)る、阻(はば)む。
全体を一つにまとめる。",蔽 → JPDB Kanji Freq: 2198,漢字の読みを入力してください,Text
__疫__病，悪__疫__，防__疫__,エキ,"［疫］凖二級
音: エキ／ヤク 訓: 
意味: 流行り病(はやりやまい)、或いは伝染病、人にうつり広がる病気、古く鬼の仕業とされた。",疫 → JPDB Kanji Freq: 2197,漢字の読みを入力してください,Text
__疫__病神,ヤク,"［疫］凖二級
音: エキ／ヤク 訓: 
意味: 流行り病(はやりやまい)、或いは伝染病、人にうつり広がる病気、古く鬼の仕業とされた。",疫 → JPDB Kanji Freq: 2197,漢字の読みを入力してください,Text
表__彰__，顕__彰__,ショウ,"［彰］凖二級
音: ショウ 訓: あきら・か
意味: くっきりとして鮮やかなさま、はっきりとしていて目立つさま。
はっきりと示す、誰の目にも明らかにする。",彰 → JPDB Kanji Freq: 2196,漢字の読みを入力してください,Text
__擁__護，__擁__立，抱__擁__,ヨウ,"［擁］三級
音: ヨウ／ユ 訓: いだ・く
意味: 抱(かか)える、抱(だ)き抱(かか)える、両手で抱(いだ)く、擁立(ヨウリツ)(抱き抱えて立たせる)」。
抱え込む、包み込む。
囲い込む、囲い込んで自分のものにする。
周(まわ)りを囲む、、擁護(ヨウゴ)(周りを囲って護まもる)」、擁蔽(ヨウヘイ)(周りを囲って覆おおう)」。",擁 → JPDB Kanji Freq: 2195,漢字の読みを入力してください,Text
__陵__墓，丘__陵__,リョウ,"［陵］三級
音: リョウ 訓: みささぎ
意味: 大きな土山つちやま。
みささぎ、高く土を盛った王の墓。
危険や困難を乗り越える、乗り越えて高みに登る、同「凌」。
ぐっと踏み付ける、踏み付けにする、上から(力ずくで)押さえ付ける、同「凌」「𠡭」。",陵 → JPDB Kanji Freq: 2194,漢字の読みを入力してください,Text
城__郭__，外__郭__，輪__郭__,カク,"［郭］三級
音: カク 訓: くるわ
意味: (日本の城下町に当たる)都市を二重に囲む高い壁のうちの外側の壁、外城ガイジョウ、またその壁で囲まれた市街、同「廓」「郛」、内側の壁を「城」という。
壁や塀などで周りが囲まれているところ、同「廓」。
中心から外方向に広げる、同「拡」。
郭公(カッコウ)、カッコウ科カッコウ属の鳥、別名、大杜鵑(タイトケン)、布穀鳥(フコクチョウ)(ふふどり)」、鳲鳩(シキュウ)、鴶鵴(カツキク)、擊穀(ゲキコク)、桑鳩(ソウキュウ)。",郭 → JPDB Kanji Freq: 2193,漢字の読みを入力してください,Text
__媒__介，__媒__体，触__媒__,バイ,"［媒］凖二級
音: バイ／マイ 訓: なかだち／なこうど
意味: 結婚の仲立ちをする、またその人、仲人(なこうど)、媒妁・媒酌(バイシャク)。
種類の違うものの間に立って引き合わせる、双方の間を取り持つ、媒介(バイカイ)。
囮(おとり)、誘(おび)き寄せるためのものや手段、触媒(ショクバイ)。",媒 → JPDB Kanji Freq: 2192,漢字の読みを入力してください,Text
水__槽__，浴__槽__,ソウ,"［槽］凖二級
音: ソウ／ゾウ 訓: 
意味: 飼葉桶(かいばおけ)、牛馬の食料を入れる桶。
水や酒を入れる比較的大きな容器。
溝、窪み。",槽 → JPDB Kanji Freq: 2186,漢字の読みを入力してください,Text
__姻__族，婚__姻__,イン,"［姻］凖二級
音: イン 訓: 
意味: 婿(むこ、娘の結婚相手の男性)の実家、嫁の実家は「婚」。
婚姻(コンイン)、結婚すること、結婚して他家と親族の関係になること、縁組(えんぐみ)。",姻 → JPDB Kanji Freq: 2183,漢字の読みを入力してください,Text
__楼__閣，鐘__楼__，望__楼__,ロウ,"［楼］三級
音: ロウ／ル 訓: 
意味: 二階建て以上の高い建物、何層にも重なっているような高い建物、階数(建物内部の床の層数)と層数(建物外観の層数)は別で、ここでは二層以上になっているものを指す。
構築物の上に建てた建物、城壁など上に建てた櫓(やぐら)。",楼 → JPDB Kanji Freq: 2182,漢字の読みを入力してください,Text
__韻__律，__韻__文，音__韻__,イン,"［韻］凖二級
音: イン／ウン 訓: 
意味: 漢字の読みの最初の子音を除いた部分、韻母(インボ)、「韻」の読みyùnの最初の子音y。",韻 → JPDB Kanji Freq: 2180,漢字の読みを入力してください,Text
お__膳__立て，配__膳__,ゼン,"［膳］二級
音: セン／ゼン 訓: 
意味: よく吟味された食材で調理された美味(おい)しい食事、また美味(おい)しい食事を調(ととの)える、また食事を勧める。
日用意した料理を載せる台。
日。",膳 → JPDB Kanji Freq: 2179,漢字の読みを入力してください,Text
__勲__功，__勲__章，殊__勲__,クン,"［勲］凖二級
音: クン 訓: いさお
意味: 国王や君主のために尽くした称賛すべき功労・功績。",勲 → JPDB Kanji Freq: 2175,漢字の読みを入力してください,Text
__猶__予，__猶__子,ユウ,"［猶］凖二級
音: ユウ／ユ 訓: なお
意味: 猿(サル)、また猿(サル)の一種、同簡「犹」。
尚(なお)、～と同じように、～でさえも、同「尚」。
(～と同じようであるばかりでなく)更に、その上に、同「尚」。",猶 → JPDB Kanji Freq: 2172,漢字の読みを入力してください,Text
恫__喝__，__喝__破，一__喝__，恐__喝__,カツ,"［喝］凖二級
音: カツ／カチ 訓: 
意味: (咽喉がかすれる程に)大きな声を出す。
「かっ」と大きな声で叱り付ける、また脅す。
(特に酒を)飲む。",喝 → JPDB Kanji Freq: 2170,漢字の読みを入力してください,Text
__耕__作，__耕__地，農__耕__,コウ,"［耕］六級
音: コウ／キョウ 訓: たがや・す
意味: 田畑の土を掘り返す、土を柔らかくすると同時に土中に空気を入れる作業をいう。
怠らず力を尽くす。",耕 → JPDB Kanji Freq: 2166,漢字の読みを入力してください,Text
収__賄__，贈__賄__,ワイ,"［賄］凖二級
音: カイ／ケ／ワイ 訓: まかな・う
意味: 財貨、金品。
金品を贈る。
賄賂(ワイロ)、(自らの利益になるように便宜を図って貰おうという)不正な意図をもって他人に金品を贈る。
日食事の支度をする、食事や生活を切り盛りする。",賄 → JPDB Kanji Freq: 2165,漢字の読みを入力してください,Text
皇__后__，皇太__后__,"コウ,ゴウ","［后］五級
音: コウ／グ／ゴ／ゴウ 訓: きさき
意味: 天子、君主。
天子や君主の妻、また正妻、同「妃」。
世継ぎ(よつぎ)、後胤コウイン。
後(あと)、後(うしろ)、同「後」
繁「後」",后 → JPDB Kanji Freq: 2159,漢字の読みを入力してください,Text
__羞__恥心,シュウ,"［羞］二級
音: シュウ／シュ 訓: は・じる
意味: ご馳走、ご馳走を進める、美味しい食事を振る舞う。
恥じる、恥じらう、きまり悪く思う。
恥ずかしい思いをさせる、辱(はずかし)める。",羞 → JPDB Kanji Freq: 2158,漢字の読みを入力してください,Text
__慨__嘆，憤__慨__，感__慨__,ガイ,"［慨］三級
音: カイ／ガイ 訓: 
意味: 心中に様々な感情(悲しみ・怒り・喜びなど)が満ちる。
思いが詰まって思わず溜息(ためいき)をつく。
「慷慨、忼慨コウガイ」、高まる、気分が高ぶる、意気が高揚する、同「慷愾」。",慨 → JPDB Kanji Freq: 2157,漢字の読みを入力してください,Text
__傲__然，__傲__慢,ゴウ,"［傲］二級
音: ゴウ 訓: おご・る
意味: (他を顧みることなく)思うがままに行動する、思い上がる、思い上がって相手を侮(あなど)り軽んずる、同「敖」。",傲 → JPDB Kanji Freq: 2156,漢字の読みを入力してください,Text
__閲__する，__閲__覧，__閲__歴，校__閲__,"エツ,けみ","［閲］三級
音: エツ／エチ 訓: けみ・する
意味: 一つ一つ数える、一つ一つ確認する。
詳しく調べる、点検する。
一つ一つ確かめながら見る、また読む。
一日一日と日を重ねる。
容(い)れる、受け入れる。
功績や手柄を記し家の門の左側の柱に掲げた札、またそれを掲げた柱、経歴を記し右側の柱に掲げた札を、またその柱を、閲(エツ)という、、閥閱(バツエツ)。",閲 → JPDB Kanji Freq: 2155,漢字の読みを入力してください,Text
__芯__，蝋燭の__芯__，鉛筆の__芯__，__芯__が強い,シン,"［芯］二級
音: シン 訓: 
意味: 燈芯・灯心(トウシン)、トウシンソウ灯心草(イグサ藺、イグサ科の草)、またその茎(くき)の外皮を取り去ったもの。
周りが覆われているものの中心部分。",芯 → JPDB Kanji Freq: 2153,漢字の読みを入力してください,Text
__甚__大，激__甚__，幸__甚__,ジン,"［甚］凖二級
音: シン／ジン 訓: はなは・だ／はなは・だしい／いた・く
意味: (本来そこまで立ち入るべきではないところにまで)深入りする、度が過ぎる。
度を超えて、非常に、極めて、とても、とっても。
なにwhat、同「什」。",甚 → JPDB Kanji Freq: 2152,漢字の読みを入力してください,Text
球__茎__，地下__茎__,ケイ,"［茎］凖二級
音: コウ／ギョウ／ケイ 訓: くき
意味: 草本の葉や花などを支える木の幹に当たる部分。
(草の茎のように)細長く伸びたもの、またそれを数える語。",茎 → JPDB Kanji Freq: 2148,漢字の読みを入力してください,Text
__訂__正，改__訂__,テイ,"［訂］三級
音: テイ／ジョウ／チョウ 訓: 
意味: 議論し意見を一つに纏(まと)める、条約・契約などを締結テイケツする。
違いや誤りを改め正す。
一つに綴(と)じる、製本する。",訂 → JPDB Kanji Freq: 2147,漢字の読みを入力してください,Text
__頓__着，整__頓__,トン,"［頓］二級
音: トン 訓: とみ・に
意味: 動作を止めて短時間(「さっと」よりも長く「ずっと」よりも短い時間)同じ状態を続ける、また留(とど)まる、「とんと突く」「とんと踏む」のような状態。
どっしりと落ち着ける。
休憩所や宿、休憩所や宿で食事を摂る、「一時(いっとき)腰を落ち着ける」の意。
頓首(トンシュ)、額(ひたい)で地をとんと叩(たた)くようにしてお辞儀をする{姿勢(拝礼)}。
とみ・に、急に、俄かに、「突然に」よりもゆっくりと「徐々に」よりも急速に。",頓 → JPDB Kanji Freq: 2144,漢字の読みを入力してください,Text
__匿__名，隠__匿__,トク,"［匿］三級
音: ジョク／ニョク／トク 訓: かくま・う／かく・す
意味: 箱などの中(上下四周が囲われていてどこからも人目に触れることがないところ)に人や物を隠す。
人の目には触れないように上下四周が囲われているところに入れる、また入る。",匿 → JPDB Kanji Freq: 2143,漢字の読みを入力してください,Text
__需__要，__需__給，必__需__品,ジュ,"［需］四級
音: シュ／ス／ジュ 訓: 
意味: (雨が止むのを)待ち望む。
欲しいものや必要なもの、またそれを得たいと思う、またそう思いながら待つ。
しっとりとして柔(やわ)らかい。",需 → JPDB Kanji Freq: 2141,漢字の読みを入力してください,Text
系__譜__，楽__譜__，年__譜__,フ,"［譜］凖二級
音: ホ／フ 訓: 
意味: 同系統の事柄を順序立てて書き綴った記録、「年譜」「家譜」「棋譜」など。
音階や歌詞を記したもの、「音譜」「楽譜」。
日「譜代ふだい」、代々引き継がれて来た家系、代々同じ君主に仕える家柄。",譜 → JPDB Kanji Freq: 2140,漢字の読みを入力してください,Text
骨__髄__，脳__髄__，真__髄__,ズイ,"［髄］三級
音: スイ／ズイ 訓: 
意味: 骨や植物の茎などの芯シンの柔らかい部分。
物事の内部(中心)にあるもの、物事の最も重要なもの、本質、核心。",髄 → JPDB Kanji Freq: 2139,漢字の読みを入力してください,Text
破__綻__,タン,"［綻］二級
音: タン／デン 訓: ほころ・ぶ／ほころ・びる
意味: 衣服が破れる、解(ほど)けて中が見える、裂けて中が露(あらわ)になる。
蕾が開く。",綻 → JPDB Kanji Freq: 2138,漢字の読みを入力してください,Text
__附__属，寄__附__,フ,"［附］凖二級
音: フ／ブ 訓: つ・く
意味: 土を持って固めた土盛り、小さな土山。
他のものにぴたりと付ける、付け加える、付け足す、添える。
ぴたりと近づく、付き添う、寄り従う。",附 → JPDB Kanji Freq: 2137,漢字の読みを入力してください,Text
__紺__青，__紺__屋，濃__紺__,コン,"［紺］三級
音: カン／コン 訓: 
意味: やや赤味がかった深い青色█。",紺 → JPDB Kanji Freq: 2135,漢字の読みを入力してください,Text
__弊__害，旧__弊__，疲__弊__,ヘイ,"［弊］凖二級
音: ヘイ／ベ 訓: 
意味: 疲れて体力や気力がなくなる、疲れてぐったりする、同「敝」。
ぴんと張り詰めていたものが弛(たる)む、弛んで解(ほつ)れぼろぼろになる。
破れたり擦(す)り切れたりする、ぼろぼろになる、同「敝」「㡀」。
(自分に関する語に冠して)拙(つたな)い、粗末な、同「敝」。",弊 → JPDB Kanji Freq: 2134,漢字の読みを入力してください,Text
__諾__否，承__諾__，快__諾__,ダク,"［諾］三級
音: ダク／ニャク 訓: うべな・う
意味: 相手の質問や依頼によく考えて応(こた)える、同意・承知・容受の意思を表す「はい」という返事、間髪を入れずに応えるのは「唯」。
うべな・う、相手の言葉を受け入れる、承知(ショウチ)する。",諾 → JPDB Kanji Freq: 2132,漢字の読みを入力してください,Text
__奨__励，__奨__学金，推__奨__,ショウ,"［奨］凖二級
音: ショウ／ソウ 訓: すす・める
意味: 褒(ほ)め励(はげ)まし奮(ふる)い立たせる、励まし促(うなが)す、励まし手助けをする、同「獎」。",奨 → JPDB Kanji Freq: 2131,漢字の読みを入力してください,Text
__拷__問,ゴウ,"［拷］凖二級
音: コウ／ゴウ 訓: 
意味: (罪を責め)打ち据(す)える、拷打(コウダ)。
鞭(むち)打つ、鞭で叩(たた)く、同「掠」。
拷問(コウモン・ゴウモン)、打ち据えて罪を問い質(ただ)す。",拷 → JPDB Kanji Freq: 2129,漢字の読みを入力してください,Text
__搾__取，圧__搾__,サク,"［搾］三級
音: サク／サ／シャ 訓: 
意味: 強く締め付けたり圧(お)し付けたりすることで液体だけを(細かい穴を通して)外に出す、絞(しぼ)り出す、滲(にじ)み出させる、液体を取り除く、中国では「榨{⿰木窄}」を用いる。",搾 → JPDB Kanji Freq: 2128,漢字の読みを入力してください,Text
__椎__輪，__椎__間板，頸__椎__，脊__椎__,ツイ,"［椎］二級
音: ツイ／ズイ／スイ 訓: つち／しい
意味: 槌つち、ものを打ちつける道具、ものを叩(たた)くための木製の頭に柄(え)を付けた道具、木製のハンマーhammer、同「槌」。
打つ、打ちつける、叩(たた)く、同「槌」。
頭から腰までを貫く骨を構成する短い骨、頭から腰にかけて順に頸椎ケイツイ、胸椎(キョウツイ)、腰椎(ヨウツイ)、仙椎(センツイ)、尾椎(ビツイ)という{人体(胴部)}。
(反応が)鈍い、堅く融通が利かない。
日シイ(椎)、ブナ科シイ属(クリガシ属)の木の総称{シイ}。",椎 → JPDB Kanji Freq: 2127,漢字の読みを入力してください,Text
__培__養，栽__培__,バイ,"［培］凖二級
音: ハイ／バイ／ベ／ホウ／ブ 訓: つちか・う
意味: 植物の根元に土を盛り上げる、よって生育を助ける。
知識や能力を養い育てる。
培塿(ハイロウ)、土を重ね盛った小さな丘、同「㟝嶁」。",培 → JPDB Kanji Freq: 2123,漢字の読みを入力してください,Text
__債__務，負__債__，公__債__,サイ,"［債］三級
音: サイ／セ 訓: 
意味: 清算すべき責(せき、果たすべきこと、為すべきこと)を負う借り貸し。
債務(サイム)、借りたものを返すべき義務。
債権(サイケン)、貸したものを返してもらう権利。",債 → JPDB Kanji Freq: 2122,漢字の読みを入力してください,Text
__挫__折，頓__挫__,ザ,"［挫］二級
音: サ／ザ 訓: くじ・く／くじ・ける
意味: 途中で折る、折れる。
途中からそれまでのように進めなくなる。",挫 → JPDB Kanji Freq: 2120,漢字の読みを入力してください,Text
__閑__静，__閑__却，繁__閑__,カン,"［閑］凖二級
音: カン／ゲン 訓: ひま／しず・か
意味: 間(あいだ)が空いているさま。
何もなくゆったりとしているさま。
(隙間のある)柵(さく)、遮(さえぎ)る。
境目、境界、区切り、けじめ。
越えてはならないこと、守るべきこと、決まり、習(なら)わし、しきたり。",閑 → JPDB Kanji Freq: 2119,漢字の読みを入力してください,Text
__諭__旨，教__諭__，説__諭__,ユ,"［諭］凖二級
音: ユ 訓: さと・す
意味: 分からない点・疑問に思っている点・誤っている点などについて(例を引いて)分かりやすく説明し理解させる、同「喩」。
譬(たと)える、理解を促(うなが)すために別の同様の例を挙げる、同「譬」「喩」。
(上位の者が下位の者に)言い聞かせる、告げる、布告する。",諭 → JPDB Kanji Freq: 2112,漢字の読みを入力してください,Text
__奔__走，__奔__放，出__奔__,ホン,"［奔］凖二級
音: ホン 訓: はし・る
意味: 勢いよく(「走」よりも速く)走る、さっと駆ける、動きに勢いがあるさまをいう、奔馳(ホンチ)、奔流(ホンリュウ)。
一斉に駆け出す、一目散(いちもくさん)に逃げ出す、同古「犇」、出奔(シュッポン)。
脇目(わきめ)も振らずに突き進む、がむしゃらに行動する、、奔走(ホンソウ)、奔放(ホンポウ)。
婚姻の際の礼儀や作法を欠いたまま男女が一緒になる、駆け落ちする、、私奔(シホン)、淫奔(インポン)。",奔 → JPDB Kanji Freq: 2110,漢字の読みを入力してください,Text
__尿__意，__尿__素，夜__尿__症,ニョウ,"［尿］三級
音: ジョウ／ニョウ 訓: ゆばり
意味: 小便、同「㞙」「溺」。",尿 → JPDB Kanji Freq: 2107,漢字の読みを入力してください,Text
__貪__欲，__貪__食，__貪__婪,ドン,"［貪］二級
音: タン／トン／ドン 訓: むさぼ・る
意味: 必要以上に(また能力以上に)ものを得ようとする、欲張(よくば)る、貪欲(ドンヨク)。
どこまでも追い求める、同「探」、貪求(タンキュウ)。",貪 → JPDB Kanji Freq: 2105,漢字の読みを入力してください,Text
統__帥__，元__帥__,スイ,"［帥］凖二級
音: スイ／ソツ／シュツ 訓: 
意味: 軍を統率・指揮する、率(ひき)いる、またその長、同「將」。
集団の長。
道を誤らないように率いる、導(みちび)く、同「率」。",帥 → JPDB Kanji Freq: 2104,漢字の読みを入力してください,Text
失__踪__，__踪__跡,ソウ,"［踪］二級
音: ソウ／ソ 訓: 
意味: 人などが通った跡(あと)、足跡ソクセキ(あしあと)、物事の痕跡コンセキ、同「蹤」。",踪 → JPDB Kanji Freq: 2101,漢字の読みを入力してください,Text
__逐__次，__逐__一，駆__逐__,チク,"［逐］凖二級
音: チク／ジク 訓: 
意味: (獲物を)追う、追い掛ける、次第次第に追い詰める。
追い払う。
一つずつ順を追って、逐次(チクジ)。",逐 → JPDB Kanji Freq: 2100,漢字の読みを入力してください,Text
__禍__福，__禍__根，災__禍__,カ,"［禍］凖二級
音: カ／ガ 訓: わざわい
意味: (神の祟りによってもたらされる)良くない出来事、思い掛けない災い。
良くないことに出会う、良くないことが起きる、災厄サイヤク(災難)に見舞われる。",禍 → JPDB Kanji Freq: 2098,漢字の読みを入力してください,Text
__蛮__行，__蛮__人，野__蛮__,バン,"［蛮］三級
音: バン／メン 訓: 
意味: 南方の異民族を指す語、南蠻(ナンバン)、東は、夷(イ)、東夷トウイ」、西は戎(ジュウ)、西戎セイジュウ」、北は狄(テキ)、北狄ホクテキ」。
自国(民族)以外の国(民族)を卑(いや)しめて呼ぶ語。
文明が開けていないさま、粗野なさま、洗練されていないさま。
、蛮蛮(バンバン)、伝説上の鳥名、姿はカモ鴨に似て一つ目で片翼、二羽が一緒になって初めて飛ぶことができるという、同「𪈿𪈿」、別名、鶼鶼(ケンケン)、比翼鳥(ヒヨクチョウ)。",蛮 → JPDB Kanji Freq: 2097,漢字の読みを入力してください,Text
__枢__軸，__枢__要，中__枢__,スウ,"［枢］凖二級
音: シュ／ス／スウ 訓: とぼそ／とまら／くるる
意味: 開き戸(押したり引いたりして開閉する戸)を開閉する際に回転軸となる部分の、扉の上(∩字状)下(∪字状)の突起(「枢、とまら」という)とその突起を差し込む穴(「枢、とぼそ」という)、またそのような扉を開閉する仕掛け(「枢、くるる」という)、戸枢(コスウ)、枢軸(スウジク)。
物事を動かす(物事の動きの)中心となるところ、要(かなめ)となる部分、、枢要(スウヨウ)、枢機(スウキ)。",枢 → JPDB Kanji Freq: 2092,漢字の読みを入力してください,Text
女__婿__，令__婿__,セイ,"［婿］三級
音: セイ／サイ 訓: むこ
意味: 娘(むすめ、自分の女の子供)の夫、同「壻」「𦕓」。",婿 → JPDB Kanji Freq: 2090,漢字の読みを入力してください,Text
__鉛__筆，亜__鉛__，黒__鉛__,エン,"［鉛］四級
音: エン 訓: なまり
意味: 金属の一種、鉛白(エンパク)(鉛を使った白色の顔料)」、鉛筆(エンピツ)(鉛粉を使って書く筆、黒鉛と粘土から作った芯を持つ筆記具)」。
鉛(Plumbum羅、Pb)、元素名{鉛}。",鉛 → JPDB Kanji Freq: 2089,漢字の読みを入力してください,Text
__畏__敬，__畏__怖,イ,"［畏］二級
音: イ／エ 訓: おそ・れる／かしこ・まる
意味: 懼(おそ)れる、恐(おそ)れる、危害や不幸が及ぶかもしれないと怯(おび)える。
力のあるものに圧倒アットウされる、威勢イセイや威嚴イゲンに気圧(けお)される。
(力があることを認めて)尊(とう)び敬(うやま)う。",畏 → JPDB Kanji Freq: 2087,漢字の読みを入力してください,Text
__冶__金，陶__冶__,ヤ,"［冶］二級
音: ヤ 訓: 
意味: 金属を溶(と)かす、また溶かして(熱して柔らかくした上で)目的の形に作る。
美しくする、美しく作る、美しく形を整える。",冶 → JPDB Kanji Freq: 2086,漢字の読みを入力してください,Text
__虜__囚，捕__虜__,リョ,"［虜］凖二級
音: ロ／ル／リョ 訓: とりこ
意味: 生きたまま捕(つかま)える、また捕まえて縄(なわ)を掛ける、生け捕り(いけどり)にする、殺して捕まえるのは「獲」。
奴隷ドレイ、使用人
敵の蔑称(ベッショウ)",虜 → JPDB Kanji Freq: 2083,漢字の読みを入力してください,Text
__拉__致，__拉__麺,ラ,"［拉］二級
音: ロウ／ラツ 訓: ひし・ぐ／ひしゃ・げる
意味: 折る、圧(へ)し折る。
引く、引っ張る、引き延ばす。
日ひし・ぐ、ひしゃ・げる、押し潰(つぶ)す、押し潰されて形が変わる。",拉 → JPDB Kanji Freq: 2082,漢字の読みを入力してください,Text
__崇__拝，__崇__高,スウ,"［崇］凖二級
音: シュウ／ズウ／スウ 訓: あが・める
意味: 山が高く大きいさま。
気高(けだか)いさま、高貴(コウキ)なさま。
あが・める、貴(たっと)ぶ、敬(うやま)い重んずる。
終える、終わる。",崇 → JPDB Kanji Freq: 2080,漢字の読みを入力してください,Text
__謹__慎，__謹__賀，__謹__呈,キン,"［謹］凖二級
音: キン／コン 訓: つつし・む
意味: 慎(つつし)む、隅々まで心を配(くば)る、気を配る、またそのように振る舞う、同「慎」。
謹慎(キンシン)、隅々まで配慮すること、細部にまで",謹 → JPDB Kanji Freq: 2079,漢字の読みを入力してください,Text
頭__巾__，雑__巾__,キン,"［巾］二級
音: キン／コン 訓: はば
意味: ものを拭(ふ)いたりするための長方形の布、手巾(シュキン)(手拭てぬぐい)」、佩巾(ハイキン)(帯に挟んで垂らす手拭)」。
(整えた髪を包むために)頭に巻く長めの布、、幘巾(サクキン)(整えた髪を包む頭巾ズキン)」。
日はば、「幅」の省画字。
はば、はばへん、部首名。",巾 → JPDB Kanji Freq: 2077,漢字の読みを入力してください,Text
__呉__服，__呉__越同舟,ゴ,"［呉］凖二級
音: ゴ／グ 訓: く・れる／くれ
意味: 人の声や物音が大きく騒々しい。
人の声や物音が大きく騒々しい。
大きい。
春秋時代(前770年～前5世紀)に現江蘇省一帯を支配した古国名、前12世紀頃～前473年、別名、句呉(コウゴ){春秋時代}{江蘇省}。
三国時代に現江蘇省を中心に中国南東部を支配した古国名、222年～280年、孫権ソンケンが建てたことから別名、孫呉(ソンゴ){三国時代}。
五代十国時代に現江蘇省揚州ヨウシュウ市を中心とした一帯を領した古国名、902年～937年、楊行密ヨウコウミツが建てたことから別名、楊呉(ヨウゴ){五代十国時代}。",呉 → JPDB Kanji Freq: 2075,漢字の読みを入力してください,Text
__傑__物，__傑__作，豪__傑__,ケツ,"［傑］凖二級
音: ケツ／ゲチ 訓: 
意味: 突出している、抜きん出ている、群を抜いて秀(ひい)でている、またそのような人、「英」は万人、「俊」は千人、「傑」は百人、「豪」は十人に一人の逸材、同簡「杰」。",傑 → JPDB Kanji Freq: 2074,漢字の読みを入力してください,Text
管__轄__，所__轄__，直__轄__,カツ,"［轄］凖二級
音: カツ／ゲチ 訓: くさび
意味: 車輪の脱落を防ぐために軎エイ(車軸両端の円筒状の部品)と車軸を固定するための楔(くさび)、同「舝」「鎋」「鍵」{乗物(車輪)}。
(緩んだり外れたりしないように)管理する、統轄(トウカツ)(束ね治める)」。
轂(こしき、車輪の中央部の部品)と車軸が擦(こす)れ合う音。",轄 → JPDB Kanji Freq: 2073,漢字の読みを入力してください,Text
__盆__栽，__盆__地，旧__盆__,ボン,"［盆］四級
音: ホン／ボン 訓: 
意味: 口が開き底が平らな容器、水を入れる鉢ハチやボウルbowlの類、形や用途はさまざま、水盆(スイボン)(水を入れる器)」、臉盆(レンボン)(洗面用の器)」、花盆(カボン)(植木鉢)」{水器(盆)}。
周りが高く中央が窪(くぼ)み底が平らな形をしたもの、、盆地(ボンチ)。
、盂蘭盆會(ウラボンエ)、七月十三日から十五日に行われる先祖の霊を供養する行事、お盆。
日料理などを乗せて運ぶ縁(ふち)の付いた浅い器、トレイtray、托盤タクバン。",盆 → JPDB Kanji Freq: 2065,漢字の読みを入力してください,Text
__襟__度，開__襟__，宸__襟__，胸__襟__,キン,"［襟］凖二級
音: キン／コン 訓: えり
意味: 衣服の体の前(胸元)を覆(おお)う部分、和服の前身頃(まえみごろ)に相当する部分の帯よりも上の部分、同「䘳」{服飾(衣服)}。
胸のうち、胸に抱(いだ)く思い。
連襟(レンキン)、相婿(あいむこ)、姉妹の夫(おっと)同士の関係。",襟 → JPDB Kanji Freq: 2060,漢字の読みを入力してください,Text
__滋__味，__滋__養,ジ,"［滋］七級
音: シ／ジ 訓: しげ・る
意味: 草木が盛んに茂る、また育つ、同「茲」「稵」。
増々ますます、益々(ますます)、同「茲」。
潤(うるお)う、潤いがあるさま。
ものを育てるための養分があるさま、栄養があるさま、滋養(ジヨウ)(人を育てるために必要な養分が豊かなさま)」、滋味(ジミ)(旨い味、栄養豊かな食べ物)」。",滋 → JPDB Kanji Freq: 2059,漢字の読みを入力してください,Text
__克__服，__克__明，__克__己,コク,"［克］三級
音: コク 訓: か・つ
意味: 背負ったもの(為すべきこと)によく耐える、耐え抜く。
(困難なことを)乗り越え成し遂げる、打ち勝つ、同「剋」。
能(よ)くする、十分に(或いは上手に)～することができる、またその能力がある。
グラムgram(gramme、g)、重量の単位{各種単位}。
繁「剋」。",克 → JPDB Kanji Freq: 2057,漢字の読みを入力してください,Text
__粛__清，静__粛__，自__粛__,シュク,"［粛］凖二級
音: シュク／スク 訓: 
意味: 身や心を引き締める、また引き締まる、肅正(シュクセイ)。
畏(おそ)れる、身を引き締めて畏(かしこ)まる。
恭(うやうや)しい、慎(つつし)み深い。
縮(ちち)む、縮こまる。",粛 → JPDB Kanji Freq: 2053,漢字の読みを入力してください,Text
__桑__園,ソウ,"［桑］三級
音: ソウ 訓: くわ
意味: 桑(クワ)、クワ科の木の総称、実は食べられ葉は蚕の餌になり根は薬になる、更に木は楽器や家具などに枝は弓に利用される{クワ}。
養蚕ヨウサンする。",桑 → JPDB Kanji Freq: 2051,漢字の読みを入力してください,Text
__恒__常，__恒__例，__恒__久,コウ,"［恒］四級
音: コウ／ゴウ 訓: つね／つね・に
意味: (過去から現在・未来に亘って長い間、端から端まで)途切れることなく連なっている、変わることなく繋(つな)がっている、同「亙」。
常に、常に一定の、変わることなく。",恒 → JPDB Kanji Freq: 2049,漢字の読みを入力してください,Text
修__繕__，営__繕__,ゼン,"［繕］三級
音: セン／ゼン 訓: つくろ・う
意味: 衣服の綻(ほころ)びなどを元通りにする、補修する、同「敾」。
間違いや欠けたところなどを補い修正しながら書き写す、同「𧭽」。",繕 → JPDB Kanji Freq: 2047,漢字の読みを入力してください,Text
__煩__雑，__煩__悶，__煩__瑣,ハン,"［煩］凖二級
音: ハン／ボン 訓: わずら・う／わずら・わしい／うるさ・い
意味: あれこれ多くの物や事が入り乱れるさま。
あれこれ多くの物や事が身に降りかかる、またそれで頭を痛める、また苛々(いらいら)する、また思い悩む、煩悶(ハンモン)。
繁多ハンタな、こまごまとして面倒な。",煩 → JPDB Kanji Freq: 2046,漢字の読みを入力してください,Text
__煩__悩,ボン,"［煩］凖二級
音: ハン／ボン 訓: わずら・う／わずら・わしい／うるさ・い
意味: あれこれ多くの物や事が入り乱れるさま。
あれこれ多くの物や事が身に降りかかる、またそれで頭を痛める、また苛々(いらいら)する、また思い悩む、煩悶(ハンモン)。
繁多ハンタな、こまごまとして面倒な。",煩 → JPDB Kanji Freq: 2046,漢字の読みを入力してください,Text
__庶__民，__庶__務,ショ,"［庶］凖二級
音: ショ 訓: 
意味: 多い、多くの、大勢の、さまざまな。
官位や爵位などがない一般の人。
妾(めかけ)などの正妻以外の女が産んだ子、庶子(ショシ)、正妻の産んだ子は「嫡」。
～に近い、ほぼ～。
庶幾(ショキ)(こいねが・う)」希(こいねが)う、強く望む希(こいねが)わくは、許されることであるなら～であって欲しい。",庶 → JPDB Kanji Freq: 2043,漢字の読みを入力してください,Text
出__藍__，伽__藍__,ラン,"［藍］二級
音: ラン 訓: あい
意味: 藍(アイ)、タデ科イヌタデ属の草、濃い青色の染料を製しインディゴ(indigo)と呼ばれる{アイ}。
濃い青色。
縁(へり)が解(ほつ)れたり破れたりした衣服、ぼろ(襤褸)、同「襤」。",藍 → JPDB Kanji Freq: 2042,漢字の読みを入力してください,Text
__紳__士，__紳__商,シン,"［紳］凖二級
音: シン 訓: 
意味: 腰に巻いて体の正中セイチュウ(真ん中)で結び、結んだ先(さき)を垂らす大帯(おおおび、礼装用の長い帯)の、その垂れた部分、また広くその長い帯。
紳士(シンシ)地方の官吏カンリ(役人)、また退官した官吏地方の有力者",紳 → JPDB Kanji Freq: 2041,漢字の読みを入力してください,Text
__簿__記，名__簿__，帳__簿__,ボ,"［簿］三級
音: ホ／ブ／ボ／ハク／バク 訓: 
意味: 竹の札(ふだ)、文書・記録などを綴(と)じたもの。
天子などが外出する際に付き従う侍従(シジュウ)。
「鹵簿(ロボ」、天子などが外出する際の儀仗(ギジョウ、武具・武器などの装具)とそれを身に着けた儀仗隊。
蚕(かいこ)を飼(か)うために竹などを網状に編んだもの、蚕箔サンパク、同「箔」。",簿 → JPDB Kanji Freq: 2039,漢字の読みを入力してください,Text
__該__当，__該__博，当__該__,ガイ,"［該］三級
音: カイ／ガイ 訓: 
意味: 軍中での取り決め、戦略、同「胲」。
隅々まで行き渡る、全体をカバーcoverする、同「賅」「晐」。
備わる、兼ね備わる、全てが揃(そろ)っている、漏れなく含む。
(前述・前段を受けて)その～(人・物・事など)、それに当たる～、それに当て嵌(は)まる～。
それが当然である。",該 → JPDB Kanji Freq: 2038,漢字の読みを入力してください,Text
__猟__師，狩__猟__，渉__猟__,リョウ,"［猟］三級
音: リョウ 訓: かり
意味: 犬を放って禽獣を追い掛け捜し出し捕える、狩りをする、「猟」は日本での「狩」と同義で「狩」は本来「冬の狩り」を指す、春は「蒐」「獀」、夏は、猫(ビョウ)、秋は、獮(セン)。
(獲物を)追い掛け捜し求める、漁(あさ)る。",猟 → JPDB Kanji Freq: 2037,漢字の読みを入力してください,Text
__軸__，車__軸__，地__軸__,ジク,"［軸］三級
音: チク／ジク 訓: 
意味: 車輪の中心に通して車輪の回転を支える棒{乗物(車輪)}。
回転するものの中心にある棒、心棒(シンボウ)。
全体の中心にあって重要な働きをするもの、中心的なもの。",軸 → JPDB Kanji Freq: 2035,漢字の読みを入力してください,Text
生__殖__，利__殖__，学__殖__,ショク,"［殖］四級
音: ショク／ジキ 訓: ふ・える／ふ・やす
意味: 種を植え生まれた芽を大きく育てる。
子(子孫)や財(財産)が増える、また増やす、繁殖(ハンショク)",殖 → JPDB Kanji Freq: 2031,漢字の読みを入力してください,Text
__俊__敏，__俊__秀，__俊__才,シュン,"［俊］凖二級
音: シュン 訓: 
意味: 才智が秀(ひい)でているさま、またそのような人、千人に一人の逸材イツザイ、同「儁」。
俊俏(シュンショウ)、姿かたちが美しいさま、同、峬峭(ホショウ)",俊 → JPDB Kanji Freq: 2028,漢字の読みを入力してください,Text
鼻__孔__，気__孔__,コウ,"［孔］三級
音: コウ／ク／クウ 訓: あな
意味: (トンネルtunnelやパイプpipeや穴明き銭のように)反対側に突き抜けている穴、行き止まりになっていたり底があるものは「穴」。
(突き抜けて向こう側に)通じる、通じている。
甚(はなは)だ、甚だしいさま。
孔子(こうし、中国春秋時代前770年～前476年の哲学者、儒家の祖、その言行や思想は「論語」に纏められている)の略称。",孔 → JPDB Kanji Freq: 2026,漢字の読みを入力してください,Text
__泰__然，__泰__斗，安__泰__,タイ,"［泰］凖二級
音: タイ 訓: 
意味: 大きくゆったりとしているさま、どっしりと落ち着いているさま。
安らかなさま。
驕(おご)る、高慢で自分勝手なさま。
甚(はなは)だしい、非常に、極めて、あまりにも～過ぎる、同「太」、「太」は「泰」の略字。
山名、泰山・岱山(タイザン)、東嶽(トウガク)、五嶽ゴガク(中国の代表的な五つの名山、「嶽」参照)の一つ、山東省泰安市{山東省}。",泰 → JPDB Kanji Freq: 2024,漢字の読みを入力してください,Text
__顕__著，__顕__彰，__顕__微鏡,ケン,"［顕］凖二級
音: ケン 訓: あらわ・れる／あきら・か
意味: 表に現れる、はっきりと見える。
はっきりと示す、明らかにする。
明らか、目立つ。
身分や地位が高い、声望が高い。",顕 → JPDB Kanji Freq: 2022,漢字の読みを入力してください,Text
門__閥__，財__閥__，派__閥__,バツ,"［閥］凖二級
音: ハツ／ボチ／バツ 訓: 
意味: 権勢を誇る家柄。
功績や手柄(てがら)。
功績や手柄を記し家の門の左側の柱に掲げた札、またそれを掲げた柱、経歴を記し右側の柱に掲げた札を、またその柱を、閲(エツ)という、、閥閱(バツエツ)。
日出身・主義主張・利害などを同じくする者の集団",閥 → JPDB Kanji Freq: 2021,漢字の読みを入力してください,Text
__剰__余，過__剰__，余__剰__,ジョウ,"［剰］凖二級
音: ショウ／ジョウ 訓: あまつさ・え／あま・る
意味: 余(あま)る、余り、必要な分を除いた後の残り、残る。
あまつさ・え、その上に。",剰 → JPDB Kanji Freq: 2019,漢字の読みを入力してください,Text
__飢__餓，__飢__渇,キ,"［飢］凖二級
音: キ 訓: う・える
意味: 食べ物が足りず腹をすかす、同「饑」、腹をすかし痩せ衰えるのは「餓」。
穀物が不作で食糧が不足する、同「饑」、穀物以外の作物が不足するのは「饉」。",飢 → JPDB Kanji Freq: 2017,漢字の読みを入力してください,Text
__赴__任，__赴__援,フ,"［赴］三級
音: フ 訓: おもむ・く
意味: 目的とする場所を目指して急ぎ行く。
駆(か)け付ける、馳(は)せ参じる。
人の死を急ぎ知らせる、同「訃」。",赴 → JPDB Kanji Freq: 2016,漢字の読みを入力してください,Text
__衰__弱，盛__衰__，老__衰__,スイ,"［衰］三級
音: スイ／サイ／セ 訓: おとろ・える
意味: 少しずつ小さくなる、大きいものが小さくなる、次第に細る、太いものが細くなる、次第に弱る、強いものが弱くなる。
蓑(みの)、背中に羽織って雨雪を防ぐ藁などで作った雨具、同「蓑」。
近しい人が亡くなった際に着用する粗い麻製の喪服の名、父や子などの場合は裾(すそ)の下縁(へり)を縫わない、斬衰・斬縗(ザンサイ)、祖父や兄弟などの場合は縁を縫う、齊衰・纃縗(シサイ)を着用する、亡くなった人の近遠の順に「斬縗・斬衰」「纃縗・齊衰」、大功(タイコウ)、小功(ショウコウ)、緦麻(シマ)があり、五服(ゴフク)と呼ばれる、同「縗」。",衰 → JPDB Kanji Freq: 2011,漢字の読みを入力してください,Text
心神__耗__弱,コウ,"［耗］凖二級
音: コウ／モウ 訓: 
意味: 繰返し使うことによって少しずつ小さくなる、また細る、また減る、また弱る、また衰(おとろ)える、同「消」「秏」。
便(たよ)り、消息ショウソク。",耗 → JPDB Kanji Freq: 2009,漢字の読みを入力してください,Text
消__耗__，摩__耗__,モウ,"［耗］凖二級
音: コウ／モウ 訓: 
意味: 繰返し使うことによって少しずつ小さくなる、また細る、また減る、また弱る、また衰(おとろ)える、同「消」「秏」。
便(たよ)り、消息ショウソク。",耗 → JPDB Kanji Freq: 2009,漢字の読みを入力してください,Text
__糧__食，__糧__道,リョウ,"［糧］三級
音: リョウ／ロウ 訓: かて
意味: 旅行や軍の遠征の際に持って行く食べ物、一般には保存ができて携帯できる穀類・豆類などの主食を指す。
主食とする穀類・豆類などの食べ物。
税として納める穀物。",糧 → JPDB Kanji Freq: 2008,漢字の読みを入力してください,Text
兵__糧__,ロウ,"［糧］三級
音: リョウ／ロウ 訓: かて
意味: 旅行や軍の遠征の際に持って行く食べ物、一般には保存ができて携帯できる穀類・豆類などの主食を指す。
主食とする穀類・豆類などの食べ物。
税として納める穀物。",糧 → JPDB Kanji Freq: 2008,漢字の読みを入力してください,Text
__堕__落，__堕__罪,ダ,"［堕］凖二級
音: タ／ダ／キ 訓: お・ちる
意味: 壊(こわ)れる、破(やぶ)れる、同「隓」。
崩(くず)れる、崩れ落ちる、同「陊」「隓」「隳」。
落ちる、落下する。
惰(おこた)る、怠(なま)ける、同「惰」「隳」。",堕 → JPDB Kanji Freq: 2007,漢字の読みを入力してください,Text
__鉢__，植木__鉢__,ハチ,"［鉢］凖二級
音: ハツ／ハチ 訓: 
意味: 僧侶が食事などに使う器{器(鉢・缽・缸)}。
口が大きく開いた陶製或いは金属製の深めの器、碗(ワン)に似る、同「盋」{器}。",鉢 → JPDB Kanji Freq: 2005,漢字の読みを入力してください,Text
衣__鉢__，托__鉢__,ハツ,"［鉢］凖二級
音: ハツ／ハチ 訓: 
意味: 僧侶が食事などに使う器{器(鉢・缽・缸)}。
口が大きく開いた陶製或いは金属製の深めの器、碗(ワン)に似る、同「盋」{器}。",鉢 → JPDB Kanji Freq: 2005,漢字の読みを入力してください,Text
__漆__器，__漆__黒，乾__漆__,シツ,"［漆］凖二級
音: シツ／シチ 訓: うるし
意味: 漆(ウルシ)、ウルシ科ウルシ属の木、またその木の樹液、その樹液を用いて作った塗料、同「桼」「柒」{ウルシ}。
(漆のように)黒い、真っ黒い、漆黒(シッコク)(漆のように光沢があり真っ黒なさま)」。
川名、陝西省宝鶏市麟游県を源として渭河イガ(渭水イスイ)に",漆 → JPDB Kanji Freq: 2001,漢字の読みを入力してください,Text
__綿__布，__綿__密，純__綿__,メン,"［綿］六級
音: ベン／メン 訓: わた
意味: 綿(ワタ)(アオイ科ワタ属の草本植物)やキワタ木棉(アオイ科キワタ属の木本植物)などの植物から採った繊維の総称、植物名のワタは中国では「棉」、日本では繭(まゆ)から採った繊維を「真綿(まわた)」と呼ぶのに対して、植物から採った繊維を「木綿・木棉(もめん)」と呼ぶ、また長い繊維を「綿」といい短いものを「絮」という{ワタ}。
(ワタの繊維のように)細く長い。
(ワタの繊維のように)細く長く(途切れずに)続く、綿綿(メンメン)。
細い、小さい。
(ワタのように)柔らかい、弱々しい。",綿 → JPDB Kanji Freq: 2000,漢字の読みを入力してください,Text
上__弦__，正__弦__,ゲン,"［弦］凖二級
音: ケン／ゲン 訓: つる
意味: 弓キュウ(ゆみ)に張る糸{武器(弓箭)}。
琴(こと)、瑟(シツ)などの弦楽器に張る糸、同「絃」。
半円形の月、旧暦八日の半月を「上弦」、旧暦二十二・二十三日の半月を「下弦」。
(字状の弓(ゆみ)のような形の先端同士を結ぶ線、直角三角形の斜辺。
脈ミャク(血液が血管を流れる際の規則的な動き)の一つ、、脈弦(ミャクゲン)。",弦 → JPDB Kanji Freq: 1999,漢字の読みを入力してください,Text
種__苗__，痘__苗__,ビョウ,"［苗］三級
音: ビョウ／ミョウ 訓: なえ
意味: 生え出たばかりの草、蒔いた種が発芽してから植え替えるまでの間の若い作物、生長させるために大切に育てられる若芽。
血筋、代々と血筋を受け継いでいく子孫。
苗族(ミャオゾク)、中国東南部からインドシナ北部の山岳地帯に住む少数民族の名。",苗 → JPDB Kanji Freq: 1995,漢字の読みを入力してください,Text
__懇__切，__懇__親会,コン,"［懇］凖二級
音: コン 訓: ねんご・ろ
意味: 真心(まごころ)がこもったさま、懇誠(コンセイ)、同「豤」「悃」。",懇 → JPDB Kanji Freq: 1993,漢字の読みを入力してください,Text
親__睦__，和__睦__,ボク,"［睦］二級
音: ボク／モク 訓: むつ・ぶ／むつ・む／むつ・まじい
意味: 互いに相手を思い仲良くする、仲が良い。
和(なご)やかに親(した)しみ合う。",睦 → JPDB Kanji Freq: 1992,漢字の読みを入力してください,Text
__肥__大，__肥__料，施__肥__,ヒ,"［肥］六級
音: ヒ／ビ 訓: こ・える／こえ／こ・やす
意味: 脂肪を多く含んだ肉が付いている、脂肪を多く含んだ肉が付いて太っている、肉付きが良い。
土がたっぷりと養分を含んでいる、地味(ちみ)が良い。
地味(ちみ)を良くするために与える養分。
たっぷりと貯(たくわ)えがあるさま、豊(ゆた)かなさま、ゆとりがあるさま。",肥 → JPDB Kanji Freq: 1991,漢字の読みを入力してください,Text
__慕__情，敬__慕__，思__慕__,ボ,"［慕］三級
音: ボ／モ 訓: した・う
意味: 大切に思っている人・憧(あこが)れている人・愛している人に思いを寄せる。",慕 → JPDB Kanji Freq: 1989,漢字の読みを入力してください,Text
__旬__，__旬__の野菜,シュン,"［旬］四級
音: シュン／ジュン 訓: 
意味: 十日間、「一旬」は十日間、「上旬」はその月の最初の十日間。
十年、年齢を数える場合は十歳、「七旬」は七十歳。
満ちる、一回りして達する、旬月(ジュンゲツ)(満一カ月)」、旬歳(ジュンサイ)(満年齢)」。
日季節ものの食材の、量が多く出回り質がよい時期。",旬 → JPDB Kanji Freq: 1988,漢字の読みを入力してください,Text
__旬__刊，上__旬__,ジュン,"［旬］四級
音: シュン／ジュン 訓: 
意味: 十日間、「一旬」は十日間、「上旬」はその月の最初の十日間。
十年、年齢を数える場合は十歳、「七旬」は七十歳。
満ちる、一回りして達する、旬月(ジュンゲツ)(満一カ月)」、旬歳(ジュンサイ)(満年齢)」。
日季節ものの食材の、量が多く出回り質がよい時期。",旬 → JPDB Kanji Freq: 1988,漢字の読みを入力してください,Text
__謙__虚，__謙__譲,ケン,"［謙］凖二級
音: ケン 訓: へりくだ・る
意味: 人を敬い譲って自分は控え目にする、慎み深い。
快いさま、心が満たされるさま、心穏やかなさま、同「慊」。",謙 → JPDB Kanji Freq: 1986,漢字の読みを入力してください,Text
__岳__父，山__岳__,ガク,"［岳］三級
音: ガク 訓: たけ
意味: 高く大きな山、高く大きく崇高スウコウな山、同「岳」。
五岳(ゴガク)、中国の代表的な五つの名山、岱山タイザン(東嶽、現泰山、山東省泰安市{山東省})、霍山カクザン(南嶽、現衡山、湖南省衡陽市{湖南省})、華山カザン(西嶽、陝西省華陰市{陝西省})、恆山コウザン(北嶽、山西省大同市渾源県{山西省})、嵩山スウザン(中嶽、河南省鄭州市登封市{河南省})。
妻の父母に対する尊称、岳父(ガクフ)(妻の父親)」、岳家(ガクカ)(妻の実家)」。",岳 → JPDB Kanji Freq: 1983,漢字の読みを入力してください,Text
__腸__炎，大__腸__，胃__腸__,チョウ,"［腸］五級
音: チョウ／ジョウ 訓: はらわた
意味: 胃から肛門までの管状の消化器官の総称、「小腸」「大腸」「直腸」から成る{人体(内臓)}。
日はらわた、腹部にある臓器、動物の内臓。",腸 → JPDB Kanji Freq: 1981,漢字の読みを入力してください,Text
__妥__当，__妥__結，__妥__協,ダ,"［妥］凖二級
音: タ／ダ 訓: 
意味: 座りがよい、落ち着く、安定している、同「綏」「𢼻」。",妥 → JPDB Kanji Freq: 1976,漢字の読みを入力してください,Text
__棋__士，__棋__譜，将__棋__,キ,"［棋］三級
音: キ／ゴ／ギ 訓: 
意味: 囲碁や将棋などの方形の盤バン(ボードboard)を使うゲームgame、またそれに使う石や駒、囲棋(イキ)(囲碁)」、棋子(キシ)(碁石や将棋・チェスchessなどの駒)」。
囲碁を打つ、将棋を指す。",棋 → JPDB Kanji Freq: 1975,漢字の読みを入力してください,Text
__隻__手，数__隻__,セキ,"［隻］三級
音: セキ／シャク 訓: ひとつ
意味: 鳥の一羽。
一つ、それだけ、同簡「只」。
対ツイ(二つで一組になるもの)の片方だけ、僅(わず)か。
鳥獣や船などを数える語。",隻 → JPDB Kanji Freq: 1974,漢字の読みを入力してください,Text
__寛__大，__寛__容，__寛__厳,カン,"［寛］凖二級
音: カン 訓: くつろ・ぐ
意味: 広々としたさま、同「𥦀」。
幅(はば)、横幅。
心が広いさま、度量が大きいさま。
ゆったりとしたさま、ゆとりがあるさま。
緩(ゆる)いさま、緩んでいるさま。",寛 → JPDB Kanji Freq: 1971,漢字の読みを入力してください,Text
__紡__績，混__紡__,ボウ,"［紡］凖二級
音: ホウ／ボウ 訓: つむ・ぐ
意味: 麻(あさ)や繭(まゆ)などから繊維を取り出し撚(よ)り合わせて糸にする。",紡 → JPDB Kanji Freq: 1966,漢字の読みを入力してください,Text
発__祥__，吉__祥__，不__祥__事,ショウ,"［祥］凖二級
音: ショウ／ゾウ 訓: 
意味: 吉凶や変異の兆し、「神の意志や意図していることが人の目の前に現れる」の意。
めでたいこと、喜ばしいこと、またその兆し。",祥 → JPDB Kanji Freq: 1964,漢字の読みを入力してください,Text
__姓__名，改__姓__，同__姓__,セイ,"［姓］四級
音: セイ／ショウ 訓: かばね
意味: かばね、祖先の名を受け継ぐ血族ケツゾク(同じ祖先から出た者)、部族(ブゾク)(同じ祖先から出て共同して生活している者の集団)、氏シ(うじ)はこの「姓」から分かれて居住地名・職名・身分名などを名乗る集団をいう、古く「姓」「氏」は上記のように別義であったが、出自シュツジを表すという点では同じことから、漢代(前202年～220年)の頃からはほぼ同義に用いられるようになったという、、複姓(フクセイ)(二字から成る姓)」。
平民、庶民。",姓 → JPDB Kanji Freq: 1963,漢字の読みを入力してください,Text
百__姓__,ショウ,"［姓］四級
音: セイ／ショウ 訓: かばね
意味: かばね、祖先の名を受け継ぐ血族ケツゾク(同じ祖先から出た者)、部族(ブゾク)(同じ祖先から出て共同して生活している者の集団)、氏シ(うじ)はこの「姓」から分かれて居住地名・職名・身分名などを名乗る集団をいう、古く「姓」「氏」は上記のように別義であったが、出自シュツジを表すという点では同じことから、漢代(前202年～220年)の頃からはほぼ同義に用いられるようになったという、、複姓(フクセイ)(二字から成る姓)」。
平民、庶民。",姓 → JPDB Kanji Freq: 1963,漢字の読みを入力してください,Text
筆__墨__，白__墨__，遺__墨__,ボク,"［墨］三級
音: ボク／モク 訓: すみ
意味: 文字や絵を書く(描く)ための黒い液体、またそれを用いて書いた(描いた)書や絵画。
松脂や菜種油などの植物性油脂を燻(くす)ぶらせ、発生した煤(すす)を採取し、これを膠(にかわ)と合わせ練り固めたもの。
黒色、黒い。
罪人(の顔)の皮膚に彫り込んだ罰を受けたことを示す印、「入れ墨」、墨を用いたことから、同「黥」。",墨 → JPDB Kanji Freq: 1962,漢字の読みを入力してください,Text
__暦__年，還__暦__，太陽__暦__,レキ,"［暦］四級
音: レキ／リャク 訓: こよみ
意味: 太陽・月・星の運行とその相互の(位置)関係を基に、月・日・季節を計算・予測すること、またその方法、曆法(レキホウ)。
(一年の)月・日・季節を記したもの、カレンダーcalendar、同「厤」。",暦 → JPDB Kanji Freq: 1960,漢字の読みを入力してください,Text
__搬__入，__搬__出，運__搬__,ハン,"［搬］四級
音: ハン／バン 訓: 
意味: 物を別の場所へ移す。",搬 → JPDB Kanji Freq: 1958,漢字の読みを入力してください,Text
__抹__殺，__抹__消，一__抹__,マツ,"［抹］凖二級
音: バツ／マツ／マチ 訓: 
意味: 手で擦(こす)るように拭(ふ)く、拭(ぬぐ)う。
刷毛(はけ)で掃(は)くように塗(ぬ)る、全体が見えなくなるように塗る。
抹摋・抹殺(マッサツ)塗って見えなくする消す、消し去る、なかったことにする。
細かくする、細かいさま。",抹 → JPDB Kanji Freq: 1957,漢字の読みを入力してください,Text
__瓦__解,ガ,"［瓦］二級
音: ガ／ゲ 訓: かわら／グラム
意味: 土を目的の形に作って焼いたものの総称。
屋根に敷き詰める波板状の素焼きの土器、またそれを敷く。
ワットwatt(W)、仕事率(工率)や電力などの単位、瓦特(ワトゥ)。
日グラムgram(gramme、g)、重量の単位、中国では「克」。
かわら、部首名。",瓦 → JPDB Kanji Freq: 1956,漢字の読みを入力してください,Text
__舟__運，__舟__艇，__舟__航,シュウ,"［舟］四級
音: シュウ／シュ 訓: ふね／ふな
意味: 川や沿岸を行き来するための船。
酒壺など下に敷く盆、(人を乗せる舟のように)上に載せたものを下で受けるもの
帯(お)びる、身に着ける。
ふね、ふねへん、部首名。",舟 → JPDB Kanji Freq: 1955,漢字の読みを入力してください,Text
__蔑__視，軽__蔑__,ベツ,"［蔑］二級
音: ベツ／メチ 訓: さげす・む／ないがし・ろ
意味: 目が充血したり腫(は)れたりして、よく見えない、殆(ほとん)ど見えない。
殆ど見ない、しっかりと
目に入らない、軽んずる、無視する。
見下す、軽く見る、軽視する。
失う、無(な)くなる。",蔑 → JPDB Kanji Freq: 1954,漢字の読みを入力してください,Text
__罵__声，__罵__倒,バ,"［罵］二級
音: バ／メ 訓: ののし・る
意味: 悪口を浴びせ掛ける、罵詈(バリ)。
刑罰の一つ、罪を厳しく責(せ)め咎(とが)める言葉を浴びせ掛ける刑罰、同「傌」。",罵 → JPDB Kanji Freq: 1953,漢字の読みを入力してください,Text
__頻__度，__頻__発，__頻__繁,ヒン,"［頻］凖二級
音: ヒン／ビン 訓: しき・り
意味: 水際、水が打ち寄せるぎりぎりの所、同「瀕」(「頻」は「瀕」の省字)。
顰(ひそ)める、不満・不快・愁嘆・心痛などで眉間や鼻などに皺を寄せる、同「顰」。
ぎりぎりまで近寄って並ぶ。
しき・り、間を置かずに繰り返すこと。",頻 → JPDB Kanji Freq: 1951,漢字の読みを入力してください,Text
断__崖__，懸__崖__,ガイ,"［崖］二級
音: ガイ 訓: がけ
意味: 厂字状に急角度で深く落ち込んでいる地形、またその縁(へり)の部分。
地の果(は)てるところ、その先に何もないところ、同「涯」。",崖 → JPDB Kanji Freq: 1948,漢字の読みを入力してください,Text
__秩__序，__秩__禄,チツ,"［秩］凖二級
音: チツ／ジチ 訓: 
意味: 刈り取った穀物を順序良く積み重ねる、同「䆅」。
順序良く並べる、順序に従って並ぶ。
並びの順序、位(くらい)の等級、同「袟」「豑」。
(位の等級によって決まる)役人の俸禄(ホウロク、職務に対して支払われる米や銭など)。
年数の単位で一秩は十年、同「袠」。",秩 → JPDB Kanji Freq: 1947,漢字の読みを入力してください,Text
"法__曹__，法__曹__界，陸__曹__
御__曹__司
①いい家柄の、男の子。
「梨園〔＝歌舞伎界〕の━」
②世間知らずの男。おぼっちゃん。","ソウ,ゾウ","［曹］凖二級
音: ソウ／ゾウ 訓: 
意味: 裁判の原告と被告、兩曹(リョウソウ)(原告と被告)」。
役所の部署、また官職。
輩(やから)、仲間、同じグループgroupに属する人の集まり、、我曹(ガソウ)(我等われら)」。
周代(西周、前11世紀～前771年)から戦国時代(前5世紀～前221年)にかけての古国名、姬キ姓を名乗った周文王ブンオウの子振鐸シンタクが封じられた国名、振鐸の子孫はその国名に因(ちな)んで氏シ(うじ)名を「曹」とした、現山東省西南部といわれる。",曹 → JPDB Kanji Freq: 1946,漢字の読みを入力してください,Text
__箇__条，__箇__所,カ,"［箇］四級
音: カ／コ 訓: 
意味: 形のあるものや一塊(ひとかたまり)になっているものの数を数える語、「一箇(個)」「二箇条」「三箇月」など、同「個」「个」。",箇 → JPDB Kanji Freq: 1945,漢字の読みを入力してください,Text
__戴__冠，頂__戴__,タイ,"［戴］二級
音: タイ 訓: いただ・く
意味: 頭などの上に載(の)せる、被(かぶ)る、身に着ける。
首(シュ、国・組織・集団の長)として高く推(お)し上げる、崇(あが)める、奉(たてまつ)る。
日人からものなどを貰(もら)う、頂(いただ)く。",戴 → JPDB Kanji Freq: 1944,漢字の読みを入力してください,Text
__啓__発，__啓__示，拝__啓__,ケイ,"［啓］三級
音: ケイ／ケ 訓: ひら・く
意味: 閉じていた戸や門を押し開く、押し広げる、覆っていたものを取り払って明け放つ、同「启」。
開(ひら)ける、明(あ)ける、明るくなる、同「启」。
覆われていて見えなかったところを開(ひら)いて見せる、知らなかったこと(ところ)を教え示す。
跪(ひざまず)いて申し上げる、謹んで申し上げる。
簡「启」。",啓 → JPDB Kanji Freq: 1943,漢字の読みを入力してください,Text
__陶__器，__陶__酔，薫__陶__,トウ,"［陶］三級
音: トウ／ドウ／ヨウ 訓: すえ
意味: 土を捏(こ)ねて形を作り焼く、またそうして作ったもの、同「匋」「𡍒」。
陶器(トウキ)、土を捏(こ)ねて形を作り焼いたものの総称、焼物(やきもの)、素焼きのものや釉薬ユウヤクを塗ったものなどを含む、ただ特に表面がガラスglas蘭質で吸水性がなく透明なものは、磁器(ジキ)という。
形作(かたちづく)る、良い形に作り上げる、教え導く。
心地よいさま、和(なご)むさま、同「㑾」、陶陶(ヨウヨウ)、陶然(トウゼン)。",陶 → JPDB Kanji Freq: 1941,漢字の読みを入力してください,Text
__悦__楽，喜__悦__,エツ,"［悦］三級
音: エツ／エチ 訓: よろこ・ぶ
意味: 喜ぶ、楽しい、心や体を煩(わずら)わせるものが何もなく安らかで快い、同「兌」。",悦 → JPDB Kanji Freq: 1938,漢字の読みを入力してください,Text
__臆__説，__臆__測，__臆__病,オク,"［臆］二級
音: ヨク／オク 訓: おく・する
意味: 胸、胸の骨。
胸の奥にある考えや気持ち、心の内を推し量る。
気後(きおく)れする、怖がる。",臆 → JPDB Kanji Freq: 1936,漢字の読みを入力してください,Text
徹__宵__，終__宵__,ショウ,"［宵］凖二級
音: ショウ 訓: よい
意味: 日が暮れて辺りがすっかり暗くなる頃。
日暮れから深夜までの間。
小さい、同「肖」。
細糸で模様を織り出した絹織物、同「綃」。",宵 → JPDB Kanji Freq: 1934,漢字の読みを入力してください,Text
__渇__望，__渇__水,カツ,"［渇］凖二級
音: カツ／カチ／ケツ／ゲチ 訓: かわ・く
意味: 水が涸(か)れる、水分がなくなる、咽喉インコウ(のど)がからからになる。
(水を)頻(しき)りに欲しがる。
急(せ)いで、慌てて、同「愒」。",渇 → JPDB Kanji Freq: 1933,漢字の読みを入力してください,Text
__某__氏，__某__国，__某__所,ボウ,"［某］三級
音: ボウ／ム 訓: それがし／なにがし
意味: なにがし、或る(人、こと、もの、ところ、とき)、そこにいる(そこにある)ことは確かだがはっきりと特定できない人や物事・場所・時などを指す語、また敢(あ)えてそれであることをはっきりさせたくないときに用いる語。
それがし、私(わたくし)、自分を指す謙称、同「厶」「私」。",某 → JPDB Kanji Freq: 1930,漢字の読みを入力してください,Text
収__穫__,カク,"［穫］三級
音: カク／ワク 訓: と・る
意味: 穀物を刈(か)り取る、刈り入れる、収穫(シュウカク)、同「耯」「劐」。
得る、手に入れる、(「収穫」「獲得」の意)、同「獲」。
簡「获」。",穫 → JPDB Kanji Freq: 1929,漢字の読みを入力してください,Text
__隆__起，__隆__盛，興__隆__,リュウ,"［隆］三級
音: リュウ／ル 訓: 
意味: (丘や山の)中央が高く盛(も)り上がる、(山のように)盛り上がる、隆起(リュウキ)。
盛(さか)んなさま、盛んになるさま、栄(さか)えるさま、隆盛(リュウセイ)。
盛(さか)り、物事が頂点にあるさま、隆冬(リュウトウ)(冬の盛り)」。
厚(あつ)いさま、手厚いさま。",隆 → JPDB Kanji Freq: 1928,漢字の読みを入力してください,Text
__墜__落，__墜__死，撃__墜__,ツイ,"［墜］三級
音: ツイ／ズイ 訓: おち・る
意味: 高い所から(ごろごろと転がりながら落ちるのではなく空中をまっすぐ下に)落ちる、落下する。",墜 → JPDB Kanji Freq: 1927,漢字の読みを入力してください,Text
__胴__体，双__胴__船,ドウ,"［胴］四級
音: トウ／ズウ／ドウ 訓: 
意味: 体の頭と手足を除いた部分{人体(胴部)}。
ものの太くまっすぐな筒状の部分、太くまっすぐなさま。",胴 → JPDB Kanji Freq: 1926,漢字の読みを入力してください,Text
皮__膚__，完__膚__,フ,"［膚］四級
音: フ 訓: はだ
意味: 肌(はだ)、皮、ものの表面を覆(おお)う薄い膜状のもの、同「膚」。
表面的な、深みがなく薄っぺらな。
大きく広がる。
(中身がぎっしりと詰まっていて)良い、優(すぐ)れている、美しい。
薄切りの(豚)肉。
古代の長さの単位、一膚＝四本の指をぴったりと付けて平らにした時の幅、指一本の幅を一寸といった。",膚 → JPDB Kanji Freq: 1924,漢字の読みを入力してください,Text
__溺__愛，__溺__死,デキ,"［溺］二級
音: デキ／ニャク／ジョウ／ニョウ 訓: おぼ・れる
意味: 水中に沈(しず)む、没ボッする、同「㲻」。
沈んで水から抜け出せなくなる。
節度を忘れて物事に耽(ふけ)る、また心を奪われそこから抜け出せなくなる。
尿ニョウ、小便、小便をする、同「尿」。",溺 → JPDB Kanji Freq: 1922,漢字の読みを入力してください,Text
__繊__細，__繊__維，化__繊__,セン,"［繊］凖二級
音: セン 訓: 
意味: 細(ほそ)い、細(こま)かい、小さい。
細い絹糸で織った薄い布。
金銭や損得に細かい。
10の-7乗{数字}。",繊 → JPDB Kanji Freq: 1919,漢字の読みを入力してください,Text
古__刹__，名__刹__,サツ,"［刹］二級
音: サツ／セチ／セツ 訓: 
意味: 仏寺ブツジ、仏塔ブットウ。
羅剎(ラセツ)、羅刹天(ラセツテン)、インド仏教の鬼神の一、rākṣasa梵の音写。",刹 → JPDB Kanji Freq: 1918,漢字の読みを入力してください,Text
__刹__那,セツ,"［刹］二級
音: サツ／セチ／セツ 訓: 
意味: 仏寺ブツジ、仏塔ブットウ。
羅剎(ラセツ)、羅刹天(ラセツテン)、インド仏教の鬼神の一、rākṣasa梵の音写。",刹 → JPDB Kanji Freq: 1918,漢字の読みを入力してください,Text
__炊__事，自__炊__，雑__炊__,スイ,"［炊］三級
音: スイ 訓: た・く／かし・ぐ
意味: 吹いて火を起こす、火を起こし食べ物に熱を加える、米を水に浸し熱を加えて柔らかくする。
食事の仕度をする。",炊 → JPDB Kanji Freq: 1917,漢字の読みを入力してください,Text
__搭__載，__搭__乗，__搭__乗券,トウ,"［搭］凖二級
音: トウ 訓: 
意味: 上に載せる、掛ける。
乗り物に乗る、また積む。
叩(たた)く、ぽんぽんと叩(たた)く。",搭 → JPDB Kanji Freq: 1916,漢字の読みを入力してください,Text
"__蜂__起，__養__蜂
大ぜいの人がいっせいに暴動・反乱を起こすこと。
「武装━」",ホウ,"［蜂］二級
音: ホウ／フ／フウ 訓: はち
意味: 蜂(ハチ)、ハチ目の昆虫の総称。
蜂起(ホウキ)夥(おびただ)しい数の蜂(ハチ)が一斉に飛び立つさま大勢が一斉に行動を起こすさま。",蜂 → JPDB Kanji Freq: 1915,漢字の読みを入力してください,Text
__肺__臓，__肺__炎，__肺__活量,ハイ,"［肺］五級
音: ハイ／ホ 訓: 
意味: 呼吸を掌(つかさど)る臓器で五臓(心・肝・脾・肺・腎)の一つ{人体(内臓)}。
盛んに生い茂るさま、肺肺(ハイハイ)。",肺 → JPDB Kanji Freq: 1914,漢字の読みを入力してください,Text
__蓄__積，__蓄__電池，貯__蓄__,チク,"［蓄］四級
音: キク／チク 訓: たくわ・える
意味: (冬に備えて野菜を)貯(たくわ)える、集めて堆(うずたか)く積む、しまっておく、備蓄(ビチク)、同「畜」「𧁃」「稸」。
飼(か)う、飼い育てる、養(やしな)う、同「畜」。",蓄 → JPDB Kanji Freq: 1911,漢字の読みを入力してください,Text
__窮__極，__窮__屈，困__窮__,キュウ,"［窮］凖二級
音: キュウ／グ／グウ 訓: きわ・まる／きわ・める
意味: 限界まで行き着く、これ以上はない(それより先はない)ところまで行き着く、極(きわ)まる。
行き詰る、行き詰まって身動きができない。",窮 → JPDB Kanji Freq: 1910,漢字の読みを入力してください,Text
__摂__取，__摂__生,セツ,"［摂］三級
音: ショウ／セツ 訓: と・る
意味: きちんと揃えて持つ、しっかりと手に持つ。
(身なりを、乱れないように)きちんと整(ととの)える。
中に取り入れる、中に収(おさ)める
一つに纏(まと)める
他に取って代(か)わる、他に成り代わって取り纏める。",摂 → JPDB Kanji Freq: 1908,漢字の読みを入力してください,Text
浄__瑠璃__，__瑠璃__,ルリ,"［瑠］二級
音: リュウ／ル 訓: 
意味: 瑠璃(ルリ)、濃く深みのある紺色の宝石の名、またその色の名、同「琉璃」。","瑠 → JPDB Kanji Freq: 1907
璃 → JPDB Kanji Freq: 1741",漢字の読みを入力してください,Text
__慶__弔，__慶__祝，__慶__賀,ケイ,"［慶］凖二級
音: ケイ／キョウ 訓: よろこ・ぶ
意味: 喜(よろこ)ばしい、めでたい、またそのようなこと、またそれを祝福(シュクフク)する。
福(フク、豊かな恵みや幸せ)、またそれを授(さず)かる。",慶 → JPDB Kanji Freq: 1904,漢字の読みを入力してください,Text
__彫__刻，__彫__塑，木__彫__,チョウ,"［彫］三級
音: チョウ 訓: ほ・る
意味: 模様や文字を刻み込む、同「雕」。
模様を刻み込んで飾り立てる。
萎(な)える、衰える、零落(おちぶ)れる、同「凋」。",彫 → JPDB Kanji Freq: 1902,漢字の読みを入力してください,Text
艦__艇__，舟__艇__，競__艇__,テイ,"［艇］凖二級
音: テイ／チョウ 訓: 
意味: 小型の船、艖(サ)よりも小さく一人二人で操船するという、同「𦨴」。",艇 → JPDB Kanji Freq: 1901,漢字の読みを入力してください,Text
生__涯__，天__涯__,ガイ,"［涯］凖二級
音: ガイ／ゲ 訓: 
意味: 水面から厂字状に切り立ったところ、汀テイ(みぎわ)のように波が寄せて引くたびに水と陸地の境目が変わるようなところではなく、水面と陸地に高低差があり(或いは仕切られていて)波が寄せて引いても、その境目が変わらないところ、同「漄」「岸」。
果(は)てる、終わる、続いていたものが絶(た)えて、その先がない。",涯 → JPDB Kanji Freq: 1900,漢字の読みを入力してください,Text
__銅__器，__銅__像，青__銅__,ドウ,"［銅］六級
音: トウ／ズウ／ドウ 訓: あかがね
意味: 金属の一種、赤金(あかがね、銅の古称)。
銅(Copper、Cu)、元素名{銅}。",銅 → JPDB Kanji Freq: 1899,漢字の読みを入力してください,Text
妊__娠__,シン,"［娠］凖二級
音: シン 訓: 
意味: 身籠(みごも)る、孕(はら)む、妊娠(ニンシン)、同「㛛」。
馬の世話や給仕をする女の召し使い、男は「厮」。",娠 → JPDB Kanji Freq: 1898,漢字の読みを入力してください,Text
__括__弧，一__括__，包__括__,カツ,"［括］凖二級
音: カツ／カチ 訓: くく・る／くび・れる
意味: 袋などの口を解(ほど)けないように縛(しば)る、また縛って閉じる。
幾つかのものを一つに纏(まと)める、纏めて束ねる。
矢を弦(つる)に番(つが)える部分、矢筈やはず{武器(弓箭)}。
日くび・れる、縛ったように途中が窄(すぼ)まる。",括 → JPDB Kanji Freq: 1897,漢字の読みを入力してください,Text
__憤__慨，義__憤__，発__憤__,フン,"［憤］凖二級
音: フン／ブン 訓: いきどお・る
意味: 心に思いが満ちる、不平や不満が鬱積ウッセキし膨(ふく)れ上がる。
内に満ちている感情を一気に吐き出す。
怒る、突然怒り出す。",憤 → JPDB Kanji Freq: 1894,漢字の読みを入力してください,Text
__帆__船，__帆__走，出__帆__,ハン,"［帆］三級
音: ハン／ボン 訓: ほ
意味: 風を受けて舟を進めるために張る布、またそれに風を受けて走るさま。",帆 → JPDB Kanji Freq: 1892,漢字の読みを入力してください,Text
__抽__出，__抽__象,チュウ,"［抽］三級
音: チュウ 訓: ぬき・んでる
意味: 中にあるものを引き出す、一部を抜き出す、抜き取る。
ぬき・んでる、多くの中でそこだけ(それだけ、一部だけ)が突き出る、秀(ひい)でる、同「𢭆」「㩅」「抜」。",抽 → JPDB Kanji Freq: 1891,漢字の読みを入力してください,Text
__拓__本，開__拓__,タク,"［拓］四級
音: タク 訓: ひら・く
意味: 切り開く、押し広げる、広げる。
凹凸があるものに紙を当て上からたんぽ(綿などを丸め棒の先に取り付け墨を含ませたもの)で叩きながら文字や絵柄を写し取る、石摺(いしずり)、同「搨」。",拓 → JPDB Kanji Freq: 1890,漢字の読みを入力してください,Text
__蛍__光灯，__蛍__光塗料,ケイ,"［蛍］凖二級
音: ケイ／ギョウ 訓: ほたる
意味: 蛍(ホタル)、ホタル科に属する昆虫。",蛍 → JPDB Kanji Freq: 1889,漢字の読みを入力してください,Text
__炉__辺，暖__炉__，原子__炉__,ロ,"［炉］三級
音: ロ／ル 訓: 
意味: 火を焚き物を温めたり焼いたりする設(しつら)え、竈(かまど)や、焜炉(コンロ)、暖炉(ダンロ)「囲炉裏(いろり)」、同「鑪」{什器(爐)}。",炉 → JPDB Kanji Freq: 1888,漢字の読みを入力してください,Text
__銘__柄，碑__銘__,メイ,"［銘］凖二級
音: メイ／ミョウ 訓: 
意味: 器や石碑に名や由来・功績などを彫り込む、またその文章、銘文(メイブン)。
忘れないように刻み込む、記(しる)して後々まで伝える、またその言葉、銘記(メイキ)。
日上等なものを意味する名、銘菓(メイカ)「銘柄(めいがら)」。",銘 → JPDB Kanji Freq: 1886,漢字の読みを入力してください,Text
__俳__優，__俳__句，__俳__味,ハイ,"［俳］五級
音: ハイ／ベ 訓: 
意味: 滑稽コッケイな、面白(おもしろ)おかしい。
戯(おど)け芝居、またその芸人、俳優(ハイユウ)(古くは戯おどけ芝居の芸人、また広く劇などを演ずる人)」。
俳佪・徘徊(ハイカイ)あてもなく歩き回る、行ったり来たりする行きつ戻りつして決め兼ねるさま、躊躇(ためら)うさま。
日「俳句(はいく)」、五音・七音・五音から成る短い詩歌。",俳 → JPDB Kanji Freq: 1885,漢字の読みを入力してください,Text
__軟__派，__軟__化，__軟__弱，硬__軟__,ナン,"［軟］凖二級
音: ゼン／ネン／ナン 訓: やわ・らか／やわ・らかい
意味: 柔(やわ)らかい、柔らかく変形し易(やす)い、硬(かた)くない、同「輭」。",軟 → JPDB Kanji Freq: 1882,漢字の読みを入力してください,Text
__錠__前，__錠__剤，手__錠__,ジョウ,"［錠］三級
音: テイ／ジョウ 訓: 
意味: 一定の形に固めた金属、また薬、地金(じがね)、鋳塊チュウカイ、インゴットingot、またそれらを数える単位。
食物などを盛る脚付きの器、同「豆」。
紡錘ボウスイ、糸を紡(つむ)ぐための道具、スピンドルspindle、紗錠(サテイ)。
日扉や戸などが開かないよう留める金具、「錠前じょうまえ」「手錠てじょう」。",錠 → JPDB Kanji Freq: 1880,漢字の読みを入力してください,Text
__恭__賀，__恭__順,キョウ,"［恭］凖二級
音: キョウ／ク 訓: うやうや・しい
意味: 敬い礼を尽くす、畏(かしこ)まり慎み深く振る舞う、敬う気持ちを「敬」といい、それを態度や行動で示すことを「恭」という。",恭 → JPDB Kanji Freq: 1879,漢字の読みを入力してください,Text
親__戚__，姻__戚__,セキ,"［戚］二級
音: セキ／シャク 訓: 
意味: 鉞エツ、斧(おの)に似た重みのある刃物、また武器、武舞ブブ(舞劇の一つで武具を持って舞うもの)の際に使われることがあるという、同「鏚」{武器(斧鉞)}。
(振り回される舞具がいかにも切れそうで)心配になる、憂える、同「慼」。
近しい、血縁関係が近い、親戚(シンセキ)。
戚施(セキシ)ヒキガエル(蟾蜍センジョ)、ヒキガエル科のカエル蛙の総称(ヒキガエルのように)背が曲がって頭を上げられない(顔が下を向いてしまう)人、同、面柔(メンジュウ)(前のものを見るときに上目遣いになることから)媚(こ)び諂(へつら)う人。",戚 → JPDB Kanji Freq: 1878,漢字の読みを入力してください,Text
細__菌__，殺__菌__，保__菌__者,キン,"［菌］凖二級
音: キン／ゴン 訓: きのこ
意味: 黴(カビ)や細菌サイキン(バクテリアbacteria)など、菌類(キンルイ)。
キノコ茸(一般に菌類のうち大形のものの俗称)、菌蕈(キンシン)。",菌 → JPDB Kanji Freq: 1876,漢字の読みを入力してください,Text
__疾__患，__疾__走，悪__疾__,シツ,"［疾］三級
音: シツ／ジチ 訓: はや・い／はや・し／と・し／と・っく
意味: 急に、速い、あっという間に、一瞬のうちに。
症状が急速に悪化する病気。
病(やまい)、病(や)む、患(わずら)う。
辛(つら)い、苦しい。
怨(うら)む、憎む、嫉(そね)む、同「嫉」。",疾 → JPDB Kanji Freq: 1875,漢字の読みを入力してください,Text
"__葛藤__
❶ふくざつな事情がいりくんだもめごと。例: 長年の親子の葛藤。
❷心の中で、どうしたらいいか迷い、なやむこと。例: 心の葛藤。
||discord, trouble||",かっとう,"［葛］二級
音: カツ／カチ 訓: くず／かずら／つづら
意味: 葛(クズ)、マメ科クズ属の蔓性の草、茎の繊維からは布や紐(ひも)などが作られ、根は、葛根(カッコン)と呼ばれ食用・薬用に利用される{クズ}。
かずら、蔓性の植物。
日つづら、蔓性の植物や細く切った竹などを編んで作った籠(かご)や箱。","葛 → JPDB Kanji Freq: 1871
藤 → JPDB Kanji Freq: 795",漢字の読みを入力してください,Text
__撲__殺，打__撲__傷，__撲__滅，打__撲__,ボク,"［撲］凖二級
音: ボク／ホク 訓: なぐ・る／う・つ／ぶ・つ
意味: なぐ・る、軽く撃つ、軽く叩(はた)く。
ぶつかる、ぶつける。
ぶつかって倒れる。
撲地(プ)ーディ」、「ぽん」「ぱっ」「ぎゅ」などという短い動きを表す副詞、例「撲地生、ぽんと生まれ出る」「撲地把、ぱっと握る」。
簡「扑」。",撲 → JPDB Kanji Freq: 1870,漢字の読みを入力してください,Text
__刷__新，印__刷__，増__刷__,サツ,"［刷］七級
音: サツ／セツ／セチ 訓: す・る／は・く
意味: さっと擦(こす)る、さっと拭(ぬぐ)う。
擦って(拭って、掃いて)きれいにする、汚れを払(はら)い除く、同「㕞」「𢼞」。
刷子(サッシ)、刷毛(はけ)、ブラシbrush。",刷 → JPDB Kanji Freq: 1868,漢字の読みを入力してください,Text
__脂__肪，油__脂__，樹__脂__,シ,"［脂］四級
音: シ 訓: あぶら／やに
意味: 動物の油性成分、脂肪(シボウ)、脂燭(シショク)(脂を燃やす照明)」。
油を塗って滑(なめ)らかにする、潤滑油、、脂轄(シカツ)(車の潤滑油)」。
(顔料などに脂を加えた)口紅や頬紅、、脂粉(シフン)。",脂 → JPDB Kanji Freq: 1867,漢字の読みを入力してください,Text
__嘲__笑，自__嘲__,チョウ,"［嘲］二級
音: トウ／チョウ 訓: あざけ・る
意味: あざけ・る、言葉で人を馬鹿にする、からかう、嘲笑(チョウショウ)(笑って馬鹿にする、馬鹿にして笑う)」。
朝に鳥が(水鳥や山鳥などを除く林野に棲む鳥が)鳴く声、夜に鳥が(水鳥が)鳴く声を「㖡」。
鳥の(「ちゅちゅ」「ちっちっ」などのような)短い音を繰り返しながら鳴く声、、嘲哳(トウタツ)",嘲 → JPDB Kanji Freq: 1866,漢字の読みを入力してください,Text
__腫__瘍,シュ,"［腫］二級
音: ショウ／シュ 訓: は・れる
意味: 体や皮膚の一部が打撲ダホク、化膿(カノウ)、炎症(エンショウ)などによって膨(ふく)れる、体の組織の一部が膨(ふく)れる、、水腫(スイシュ)、浮腫(フシュ)。",腫 → JPDB Kanji Freq: 1864,漢字の読みを入力してください,Text
__巧__拙，__巧__妙，技__巧__,コウ,"［巧］三級
音: コウ／キョウ 訓: たく・み／うま・い
意味: 技わざ、技術が秀(ひい)でているさま、器用なさま。
上手(じょうず)な、上手(うま)い。
技術、技量。",巧 → JPDB Kanji Freq: 1862,漢字の読みを入力してください,Text
__壮__大，__壮__健，強__壮__,ソウ,"［壮］凖二級
音: ソウ／ショウ 訓: さか・ん
意味: 体格が大きく立派なさま、気力が充実しているさま、逞(たくま)しいさま、同「奘」。
大きいさま、立派なさま、大きく力強いさま。
チワン族、中国南東部広西壮族自治区周辺からベトナム北部にかけて居住する民族、「壯族、壮族ソウゾク」、古くは「獞族、僮族トウゾク」と呼ばれた{広西壮族自治区}。",壮 → JPDB Kanji Freq: 1861,漢字の読みを入力してください,Text
__疎__密，__疎__外，親__疎__,ソ,"［疎］凖二級
音: ソ／ショ 訓: うと・い／まば・ら／おろそ・か
意味: 隙間があるさま、間(あいだ)が空(あ)いているさま、ぎっしりと詰まっていないさま。
間(ま)を取って深く関わろうとしない、関心や関係が薄い、よく知らない。
間が空いていて粗い、行き届かない。
間が空いていて透ける。",疎 → JPDB Kanji Freq: 1860,漢字の読みを入力してください,Text
__懲__罰，__懲__戒，__懲__役,チョウ,"［懲］凖二級
音: チョウ／ジョウ 訓: こ・らしめる／こ・りる
意味: こ・らしめる、罰を与えて(繰り返し同じような)過ちを犯さないよう改めさせる。
こ・りる、小さな過ちを悔いて大きな過ちをしないように反省し改める。",懲 → JPDB Kanji Freq: 1859,漢字の読みを入力してください,Text
__侮__辱，軽__侮__,ブ,"［侮］凖二級
音: ブ／ム 訓: あなど・る
意味: 相手を軽(かろ)んずる、相手を下に見る、見下す、同「娒」「㚢」。",侮 → JPDB Kanji Freq: 1858,漢字の読みを入力してください,Text
__捻__挫，__捻__出,ネン,"［捻］二級
音: デン／ネン／ジョウ／ニョウ 訓: ひね・る／ね・じる／ねじ・る
意味: 指で摘まんで回す、撚(よ)る。
捻子(ネンシ)、指で撚(よ)って糸状にしたもの、紙を撚(よ)ったものを「紙捻子」、日本ではこより(紙縒・紙捻・紙撚)。",捻 → JPDB Kanji Freq: 1856,漢字の読みを入力してください,Text
__喪__失，__喪__家,ソウ,"［喪］凖二級
音: ソウ 訓: も／うしな・う
意味: (そこにいた人が)いなくなる、人が亡(な)くなる、同「亡」。
失う、無(な)くす。
死者を追悼ツイトウするために家に籠(こも)って慎(つつし)む。",喪 → JPDB Kanji Freq: 1855,漢字の読みを入力してください,Text
推__薦__，自__薦__,セン,"［薦］凖二級
音: セン 訓: すす・める／こも
意味: 腰の下に莚(むしろ)や敷き草、またそれを敷く、同「荐」。
しっかりと熟したもの(十分に良い状態のもの)を神前に供える
しっかりとした人物を取り立てるよう提言する、推挙する、推薦(スイセン)
薦紳(センシン)、高位に取り立てられた人、高位の人、同「侟紳」。
進める、提供する。
重ね重ね(かさねがさね)、繰り返し、次から次に、同「荐」「洊」。
簡「荐」。",薦 → JPDB Kanji Freq: 1853,漢字の読みを入力してください,Text
__冥__加，__冥__利,ミョウ,"［冥］二級
音: メイ／ミョウ 訓: くら・い
意味: 明かりが遮(さえぎ)られて暗い、暗くてはっきり見えない、同「暝」。
奥深くて良く見えない、良く分からない。
道理に暗い、物事に通じていない。
死後の世界、あの世。",冥 → JPDB Kanji Freq: 1852,漢字の読みを入力してください,Text
__冥__福,メイ,"［冥］二級
音: メイ／ミョウ 訓: くら・い
意味: 明かりが遮(さえぎ)られて暗い、暗くてはっきり見えない、同「暝」。
奥深くて良く見えない、良く分からない。
道理に暗い、物事に通じていない。
死後の世界、あの世。",冥 → JPDB Kanji Freq: 1852,漢字の読みを入力してください,Text
__暫__時，__暫__定,ザン,"［暫］三級
音: サン／ザン 訓: しばら・く
意味: (一連の動作・行為・状態などの途中の)長くない間、少しの間、同「蹔」。
一先ず(ひとまず)、差し当たって。
日久し振りに。",暫 → JPDB Kanji Freq: 1851,漢字の読みを入力してください,Text
__肯__定，首__肯__,コウ,"［肯］凖二級
音: コウ 訓: がえん・ずる
意味: 骨に付いている肉、同「𣍟」。
がえん・ずる、同意する、承認する、承知する、頷(うなず)く、肯定(コウテイ)、首肯(シュコウ)。",肯 → JPDB Kanji Freq: 1850,漢字の読みを入力してください,Text
__粗__密，__粗__野，精__粗__,ソ,"［粗］三級
音: ソ／ス 訓: あら・い／ほぼ
意味: 脱穀したままで精白していない米、十分に磨(みが)かれていない米、同「𥼗」。
よく手が加えられていないさま、洗練されていないさま。
きれいに整えられていない(揃っていない)さま。
雑なさま、大雑把(おおざっぱ)なさま、いい加減なさま、同「觕」。
主要な部分だけで、それを構成する詳細な部分を欠いている、凡(おおよ)そ、同「觕」。",粗 → JPDB Kanji Freq: 1849,漢字の読みを入力してください,Text
__磁__石，__磁__気，陶__磁__器,ジ,"［磁］五級
音: シ／ジ 訓: 
意味: 鉄などを引き寄せる性質、またそのような性質のある石、磁石(ジシャク・ジセキ)。
表面が透明なガラスglas蘭質で吸水性がなく緻密で硬い器、磁器(ジキ)、同「瓷」。",磁 → JPDB Kanji Freq: 1846,漢字の読みを入力してください,Text
"煎__餅__，画__餅__
米やコムギの粉をこねて焼いた、かたい菓子。",ヘイ,"［餅］二級
音: ヘイ／ヒョウ 訓: もち
意味: 小麦粉や米粉など(日本では糯米)に水を加えて捏(こ)ね平らにした食べ物。
丸く平らな食べ物、丸く平らなもの。",餅 → JPDB Kanji Freq: 1845,漢字の読みを入力してください,Text
__漠__然，広__漠__，砂__漠__,バク,"［漠］凖二級
音: バク／マク 訓: 
意味: 水のない砂や石だけの広大な地、沙漠(サバク)(砂漠)」。
見渡す限り広がっているさま、際限サイゲンがないさま。
虚(うつ)ろなさま、虚ろで何もないさま、、漠漠(バクバク)。
、寂漠(ジャクバク・ジャクマク)何もなく虚ろなさまひっそりとして静かなさま。
、漠然(バクゼン)ひっそりとして静かなさまぼんやりとしたさま、ぼんやりとして捉(とら)えどころがないさま。
10の-12乗{数字}。",漠 → JPDB Kanji Freq: 1844,漢字の読みを入力してください,Text
__俗__事，風__俗__，民__俗__,ゾク,"［俗］四級
音: ショク／ゾク 訓: 
意味: 世間一般の風習・考え・行為・規範など、上流階級は「風」。
平凡な、普通の、一般の。
出家(家を出て仏門に入ること)した人以外の人、世間一般の人。",俗 → JPDB Kanji Freq: 1842,漢字の読みを入力してください,Text
__萎__縮，__萎__靡,イ,"［萎］二級
音: イ 訓: な・える／しお・れる／しぼ・む
意味: 草木が水分を失って弱る、弱って張(は)りが失われる。
病(やまい)などで弱る、活力が失われる、同「痿」。
萎蕤(イズイ)、アマドコロ甘野老、キジカクシ科アマドコロ属の草、また同属の植物の称、同「葳蕤」、別名、玉竹(ギョクチク){アマドコロ}。",萎 → JPDB Kanji Freq: 1841,漢字の読みを入力してください,Text
"__怨__恨，__怨__嗟
うらみ。
「━をいだく」",エン,"［怨］二級
音: エン／オン 訓: うら・む
意味: 恨(うら)む、(思いが満たされずに)とても残念に思う、強く不満に思う、とても腹立たしい、同「恨」。
恨み、受け入れがたいこと、仇怨(キュウエン)、怨仇(エンキュウ)。",怨 → JPDB Kanji Freq: 1839,漢字の読みを入力してください,Text
"__怨__念，__怨__敵
うらみのこもった思い。うらみに思う気持ち。",オン,"［怨］二級
音: エン／オン 訓: うら・む
意味: 恨(うら)む、(思いが満たされずに)とても残念に思う、強く不満に思う、とても腹立たしい、同「恨」。
恨み、受け入れがたいこと、仇怨(キュウエン)、怨仇(エンキュウ)。",怨 → JPDB Kanji Freq: 1839,漢字の読みを入力してください,Text
__朗__読，__朗__々と，明__朗__,ロウ,"［朗］五級
音: ロウ 訓: ほが・らか
意味: 明るい、明るく澄み渡っている、同「朤」。
明るく元気がよい、声が明るく澄んでいる。",朗 → JPDB Kanji Freq: 1838,漢字の読みを入力してください,Text
__哲__学，__哲__人，先__哲__,テツ,"［哲］三級
音: テツ／テチ 訓: 
意味: 思考や言動が明晰(メイセキ)で揺らぎや迷いがない、智慧チエがあり道理に通じている、またそのような人、同「嚞」「喆」「悊」「埑」。",哲 → JPDB Kanji Freq: 1834,漢字の読みを入力してください,Text
矛盾,ムジュン,"［矛］四級
音: ボウ／ム 訓: ほこ
意味: 両刃の剣(つるぎ)で柄(え)を取り付けられるようにしたもの、筒状の鞘(さや)を付け長柄を差し込めるようにしたもの、同「鉾」{武器(刀剣槍)}{武器(矛戈戟)}。
またそれを長柄の先に付けた槍状の武器。
ほこ、ほこへん、むのほこ、部首名。","矛 → JPDB Kanji Freq: 1832,盾 → JPDB Kanji Freq: 1253",漢字の読みを入力してください,Text
__兆__候，前__兆__，億__兆__,チョウ,"［兆］七級
音: チョウ／ジョウ 訓: きざ・す／きざ・し
意味: 亀の甲羅を焼いた時の割れ目の形、その形で吉凶を占う。
前触れや気配、ことが起こる前に表れる現象。
墓地。
日本・台湾・韓国では一億の一万倍{数字}、古くは百万(一万の百倍で「下数」と呼ばれる十進法での数){数字}。",兆 → JPDB Kanji Freq: 1831,漢字の読みを入力してください,Text
__偏__向，__偏__見，__偏__食,ヘン,"［偏］凖二級
音: ヘン 訓: かたよ・る／ひとえ・に
意味: かたよ・る、真ん中から外れてどちらか片方に寄る、片寄る、傾く、偏見(ヘンケン)(片寄った考え)」。
中央から遠く離れる、、偏僻(ヘンペキ)(都から遠く離れた地)」。
ひとえ・に、(他を顧みることなく)ひたすらに、ただそれだけ。
漢字の左側の部分、同「扁」、右は「旁(つくり)」、上は「冠(かんむり)」、下は「脚(あし)」。",偏 → JPDB Kanji Freq: 1830,漢字の読みを入力してください,Text
__蜜__，__蜜__月,ミツ,"［蜜］二級
音: ビツ／ミツ／ミチ 訓: 
意味: 蜂(ハチ)が花などから集めて巣に貯える粘性が高く甘い液体。
(蜂蜜のように)甘くねっとりとしたもの。",蜜 → JPDB Kanji Freq: 1829,漢字の読みを入力してください,Text
"年__貢__
❶むかし、土地にかけられた税。
❷むかし、地主におさめた田畑のかりちん。小作料。","ク,ぐ","［貢］凖二級
音: コウ／ク 訓: みつ・ぐ
意味: 君主に税として農作物などの生産品を差し出す。
推挙する。",貢 → JPDB Kanji Freq: 1828,漢字の読みを入力してください,Text
__貢__献，朝__貢__,コウ,"［貢］凖二級
音: コウ／ク 訓: みつ・ぐ
意味: 君主に税として農作物などの生産品を差し出す。
推挙する。",貢 → JPDB Kanji Freq: 1828,漢字の読みを入力してください,Text
直__径__，直情__径__行,ケイ,"［径］七級
音: ケイ／キョウ 訓: みち／こみち／わたり
意味: まっすぐに通じている近道、細い道、歩道、車の通れない狭い道。
円周と円の中心を結ぶ直線。
まっすぐに、直(ただ)ちに。",径 → JPDB Kanji Freq: 1827,漢字の読みを入力してください,Text
__囚__人，死刑__囚__,シュウ,"［囚］凖二級
音: シュウ／ジュ 訓: とら・える／とら・われる
意味: (罪人を)囲いの中に入れる、囲いに入れて出られないようにする、拘禁する。",囚 → JPDB Kanji Freq: 1825,漢字の読みを入力してください,Text
__宰__領，__宰__相，主__宰__,サイ,"［宰］凖二級
音: サイ 訓: つかさ／つかさど・る
意味: 肉を切り捌(さば)く、またその人、料理人。
つかさ、掌(つかさど)る、主管シュカンする、仕事の全体を主導・管理する、その官職名、「切り盛りする、またその人」の意。",宰 → JPDB Kanji Freq: 1823,漢字の読みを入力してください,Text
__稚__魚，__稚__拙，幼__稚__,チ,"［稚］三級
音: チ／ジ 訓: いとけな・い／おさ・ない／わか・い
意味: 芽生えたばかりの幼い穀物、同「䕌」「稺」「䄺」。
幼い子、稚子(チシ)
生まれたばかりでまだ小さい、幼い、若い、同「穉」「稺」",稚 → JPDB Kanji Freq: 1822,漢字の読みを入力してください,Text
稚__拙__，__拙__劣，__拙__速，巧__拙__,セツ,"［拙］凖二級
音: セツ／セチ 訓: つたな・い
意味: 下手(へた)なさま、上手(うま)くないさま、同「䂐」。
飾り気がないさま。
(語の頭に付け謙遜して)自分の。",拙 → JPDB Kanji Freq: 1820,漢字の読みを入力してください,Text
__枯__死，__枯__淡，栄__枯__,コ,"［枯］四級
音: コ／ク 訓: か・れる
意味: 草木が水分を失う、萎(しお)れる。
涸(か)れる、水がなくなる。
勢いがなくなる、衰(おとろ)える。
日年を重ねて落ち着き渋(しぶ)くなる。",枯 → JPDB Kanji Freq: 1814,漢字の読みを入力してください,Text
__賃__金，__賃__上げ，運__賃__,チン,"［賃］五級
音: ジン／ニン／チン 訓: 
意味: 金を払って人を雇う。
雇用者に支払う報酬、賃金(チンギン)。
金を払って借り貸しする。",賃 → JPDB Kanji Freq: 1812,漢字の読みを入力してください,Text
甲__殻__，地__殻__,カク,"［殻］凖二級
音: カク／コク 訓: から
意味: ものの表面を覆(おお)って中にあるものを保護している堅(かた)い外皮ガイヒ、カニ蟹やエビ海老などの甲羅コウラ、貝類や卵などの外皮、果実や実の表面の堅い外皮など、同「㱿」。
殻斗(カクト)どんぐり(団栗、ブナ科の植物の実)の椀ワン状のものブナ橅、ブナ科ブナ属の木、同、山毛﨔(サンモウキョ){ブナ}。",殻 → JPDB Kanji Freq: 1811,漢字の読みを入力してください,Text
__凡__人，__凡__百，平__凡__,ボン,"［凡］四級
音: ハン／ボン 訓: およ・そ／おおよそ
意味: (突出した物事・状態を除いた)一般的な、平均的な、ありふれた、普通の。
およ・そ、おおよそ、(特異・特殊なもの除いた)ほぼ全て、大体、押し並(な)べて。",凡 → JPDB Kanji Freq: 1809,漢字の読みを入力してください,Text
__凡__例,ハン,"［凡］四級
音: ハン／ボン 訓: およ・そ／おおよそ
意味: (突出した物事・状態を除いた)一般的な、平均的な、ありふれた、普通の。
およ・そ、おおよそ、(特異・特殊なもの除いた)ほぼ全て、大体、押し並(な)べて。",凡 → JPDB Kanji Freq: 1809,漢字の読みを入力してください,Text
__鶏__卵，__鶏__舎，養__鶏__,ケイ,"［鶏］三級
音: ケイ／ケ 訓: にわとり
意味: 鶏(ニワトリ)、家禽化されたキジ科ヤケイ属の鳥。
雉鶏(チケイ)、野鶏(ヤケイ)、キジ雉、またコウライキジ高麗雉、キジ科キジ属の鳥。",鶏 → JPDB Kanji Freq: 1808,漢字の読みを入力してください,Text
__冠__詞，王__冠__，栄__冠__,カン,"［冠］三級
音: カン 訓: かんむり
意味: 髪を整えその上に被(かぶ)る、髪が解(ほつ)れないように被る。
頭に被るものの総称、帽子状のものや細長い布を巻いて髪をまとめる頭巾ズキンなどを含む。
ものの頂や先頭を覆う。
ものの先頭にあるさま。",冠 → JPDB Kanji Freq: 1807,漢字の読みを入力してください,Text
__妨__害,ボウ,"［妨］三級
音: ホウ／ボウ 訓: さまた・げる
意味: 行(ゆ)く手を阻(はば)む、遮(さえぎ)る。
差し支(つ)える、支障や問題になるものがある、不妨(フホウ)(差し支えない、～しても問題ない)」。",妨 → JPDB Kanji Freq: 1806,漢字の読みを入力してください,Text
__怠__惰，__怠__慢,タイ,"［怠］三級
音: タイ／ダイ 訓: おこた・る／なま・ける
意味: おこた・る、緊張感がなくすべきことをしない。
なま・ける、気が緩(ゆる)んで進んでしようとしない、だらだらとして身が入らない、同「懈」。",怠 → JPDB Kanji Freq: 1805,漢字の読みを入力してください,Text
岐__阜__県,フ,"［阜］七級
音: フウ／ブ／フ 訓: おか
意味: おか、土が高く盛り上がった所、大きな丘、山よりも小さく丘よりも大きいもの。
こんもりと盛り上がっているさま、盛んなさま、豊かなさま。
おか、こざと、部首名。",阜 → JPDB Kanji Freq: 1804,漢字の読みを入力してください,Text
__扇__子，__扇__情的，__扇__風機，__扇__状地,セン,"［扇］四級
音: セン 訓: おうぎ／あお・ぐ
意味: おうぎ、羽(は)ばたかせて風を起こし涼リョウをとる道具、団扇(ダンセン)(うちわ、丸形で取っ手が付いたもの)」、扇子(センシ)(開閉できるうちわ)」、同「𥰢」。
羽ばたかせて風を起こす。
(扇いで)波風を起こす、煽(あお)り立てて事を起こさせる。
押したり引いたりして開閉する両開きの(葦製の)扉、一説に木製のものを「扉」、アシ葦などの草製のものを「扇」。",扇 → JPDB Kanji Freq: 1803,漢字の読みを入力してください,Text
__曖__昧,アイ,"［曖］二級
音: アイ／オ 訓: 
意味: 太陽の光が雲や霧などで遮(さえぎ)られ薄暗いさま、同「𣋞」。
薄暗く見分けがつきにくいさま、ぼんやりとしているさま、曖昧(アイマイ)。",曖 → JPDB Kanji Freq: 1801,漢字の読みを入力してください,Text
__勃__興，__勃__発,ボツ,"［勃］二級
音: ホツ／ボチ／ボツ 訓: 
意味: 勢いよくぐっと押し退(の)けるさま、周りのものを押し退けるように急に(ぱっと)出てきて大きくなるさま、また盛り上がるさま、また膨(ふく)れ上がるさま、同「㪍」。
物事が盛んなさま、勢いがよいさま。
急に、突然に、勃然(ボツゼン)。",勃 → JPDB Kanji Freq: 1798,漢字の読みを入力してください,Text
__醜__聞，__醜__悪，__醜__態，美__醜__,シュウ,"［醜］凖二級
音: シュウ／シュ 訓: みにく・い／しこ
意味: 容姿・有様(ありさま)・言動などが良くない、好ましくない、不快で見苦しい。
見るに堪(た)えない、みっともない、恥ずかしい。
類たぐい、～に類する。
簡「丑」。",醜 → JPDB Kanji Freq: 1796,漢字の読みを入力してください,Text
__菊__，__菊__花，白__菊__,キク,"［菊］三級
音: キク 訓: 
意味: 菊(キク)、キク科キク属の草の総称、同「𦵳」「䕮」「𧃓」「𦶗」「蘜」{キク}。",菊 → JPDB Kanji Freq: 1795,漢字の読みを入力してください,Text
__詠__嘆，__詠__草，朗__詠__,エイ,"［詠］三級
音: エイ／ヨウ 訓: よ・む
意味: 声を長く引き伸ばし抑揚をつけながら詩歌を読む。
詩歌を作る。",詠 → JPDB Kanji Freq: 1794,漢字の読みを入力してください,Text
__擬__音，__擬__人法，模__擬__,ギ,"［擬］凖二級
音: ギ／ゴ 訓: なぞら・える／もど・き
意味: どうしようかと考える、どうしたらよいかと考える。
他の物に似せる、よく似ている。
他のよく似ている物事を例レイに引く、例(たと)える。",擬 → JPDB Kanji Freq: 1792,漢字の読みを入力してください,Text
__亭__主，料__亭__,テイ,"［亭］凖二級
音: テイ／ジョウ／チン 訓: 
意味: 秦代(前221年～前207年)・漢代(前202年～220年)に置かれた駅エキ(日本でいう宿場しゅくば、宿駅シュクエキ)、十里ごとに「亭」を置き、十亭ごとに「鄕」を置いた。
停(とど)まる、同「停」。
屋根と柱だけで壁がない休息用の小さな建物、東屋あずまや、休憩所。",亭 → JPDB Kanji Freq: 1790,漢字の読みを入力してください,Text
"妖__艶__，__艶__美
〔文〕気味が悪いほどあでやかなようす。
「━な姿・━な金色の小へび」",エン,"［艶］二級
音: エン 訓: つや／あで・やか／なま・めかしい
意味: 色合い豊かで美しいさま、色鮮やかで美しいさま。
人を引き寄せるように美しいさま、色気があるさま、またそのような女性、同「𡤩」。
日男女の情事に関すること。",艶 → JPDB Kanji Freq: 1789,漢字の読みを入力してください,Text
__沸__騰，__沸__点，煮__沸__,フツ,"［沸］凖二級
音: ヒ／フツ 訓: わ・く／わ・かす
意味: 水が勢いよく湧(わ)き出る、湧き上がる、同「㵒」。
(声などが)涌(わ)き上がる。
液体に熱が加わりぼこぼこと泡が立つ状態になる。",沸 → JPDB Kanji Freq: 1787,漢字の読みを入力してください,Text
__畜__産，牧__畜__，家__畜__,チク,"［畜］三級
音: キク／チク 訓: 
意味: 人間が飼(か)い馴らした動物、同「𤛅」、家畜(カチク)。
家畜を飼(か)う、飼い育てる、養(やしな)う、同「嘼」「蓄」。
蓄(たくわ)える、同「蓄」。",畜 → JPDB Kanji Freq: 1785,漢字の読みを入力してください,Text
__礎__石，基__礎__，定__礎__,ソ,"［礎］三級
音: ソ／ショ 訓: いしずえ
意味: 建物や橋などの構築物を支えるための柱の下に敷く大きな石、同「礩」「磶」「磌」「磩」「磉」。
物事の土台(基礎、基本)となるもの。",礎 → JPDB Kanji Freq: 1784,漢字の読みを入力してください,Text
__芳__香，__芳__紀，__芳__志,ホウ,"［芳］三級
音: ホウ 訓: かんば・しい／かぐわ・しい／こう・ばしい
意味: 草花の良い香り。
香(こう)ばしい、香(かぐわ)しい、同「香」。
良い、素晴らしい、美しい、芳聲(ホウセイ)(芳しい評判)」。
人に対する敬称・美称。",芳 → JPDB Kanji Freq: 1783,漢字の読みを入力してください,Text
__郵__便，__郵__送，__郵__券,ユウ,"［郵］五級
音: ユウ／ウ 訓: 
意味: 手紙や荷物などを中継しながら運ぶ、またそのための中継所。
過ち。
役人が農作業を監視するために建てた小屋。
簡「邮」。",郵 → JPDB Kanji Freq: 1782,漢字の読みを入力してください,Text
__舗__装，店__舗__,ホ,"［舗］
音: ホ｜常用漢字表外：「フ」 訓: 
意味: ①「門環(門の前につける金属の輪)をつける金具」
②「しく(敷)」、「敷き並べる」
③「止める」
④「あまねし(すみずみまで広く行き渡るさま)」
⑤「器物の名前。頭がふくらみ脚が長い食器、たかつきのようなもの」
⑥「みせ(店)」
⑦「宿場」、「宿」",舗 → JPDB Kanji Freq: 1780,漢字の読みを入力してください,Text
__敢__然，果__敢__，勇__敢__,カン,"［敢］三級
音: カン 訓: あ・えて
意味: (不安・周りからの反対・相手への気兼ねなどの)押し止(とど)めようとするものを撥(は)ね除(の)けて思うところをする、思い切って～する。",敢 → JPDB Kanji Freq: 1779,漢字の読みを入力してください,Text
__批__判，__批__評，__批__准,ヒ,"［批］五級
音: ヘイ／ハイ／ヒ 訓: 
意味: 平手で軽く摩(さす)る、(表面を)さぁっと撫(な)でる、同「𢱧」。
良し悪(あ)しや是非を判定する。
評価や意見、またその言葉、コメントcomment。",批 → JPDB Kanji Freq: 1777,漢字の読みを入力してください,Text
__慈__愛，__慈__善，__慈__悲,ジ,"［慈］三級
音: シ／ジ 訓: いつく・しむ
意味: 母が子に対するように深い愛情を
大切にする、たっぷりの愛情を
(たっぷりの愛情を",慈 → JPDB Kanji Freq: 1776,漢字の読みを入力してください,Text
__符__号，切__符__，音__符__,フ,"［符］三級
音: フ／ブ 訓: 
意味: 真正シンセイな相手であることを確認し合うための二つに割った札(ふだ)、これを双方が持ち、当人自身が相手に会うことができないような場合に使者にこれを持たせて確認し合う、割符(カップ)(わりふ)」、符節(フセツ)。
合う、ぴったりと合う、、符合(フゴウ)。
特定の意味を持つ印しるし、記号、符瑞(フズイ)(めでたい印、めでたいことの前兆)」。",符 → JPDB Kanji Freq: 1775,漢字の読みを入力してください,Text
"化__粧__，美__粧__
❶顔におしろい・紅などを塗って美しく見えるようにすること。また、その塗ったもの。
「化粧品」
❷ものの外見を美しく飾ること。
「雪化粧」",ショウ,"［粧］凖二級
音: ソウ／ショウ 訓: 
意味: 白粉(おしろい)・頬紅(ほおべに)・黛(まゆずみ)などで装い飾る、同「妝」。",粧 → JPDB Kanji Freq: 1774,漢字の読みを入力してください,Text
__渦__中，戦__渦__,カ,"［渦］凖二級
音: カ／ワ 訓: うず
意味: 旋回しながら窪(くぼ)みに向かう水の流れ、またそれでできた窪み。
古川名、現河南省周口市付近で蒗𦿆渠ロウトウキョ(現河南省鄭州市から周口市付近に及ぶ運河)から分れ淮河ワイガに",渦 → JPDB Kanji Freq: 1773,漢字の読みを入力してください,Text
__貞__淑，__貞__操，__貞__節,テイ,"［貞］凖二級
音: テイ／ジョウ／チョウ 訓: さだ
意味: まっすぐで迷いや揺(ゆ)るぎがない、まっすぐで正しい。
守るべきものを固く守る。
占い、占う。",貞 → JPDB Kanji Freq: 1771,漢字の読みを入力してください,Text
__爽__快，颯__爽__,ソウ,"［爽］二級
音: ソウ／ショウ 訓: さわ・やか
意味: 夜が明け明るい光が差すさま。
清々(すがすが)しいさま、さらっとして心地よいさま。
さっぱりとしているさま、あれこれにごだわらず明快であるさま、粘り付いたり纏(まつ)わり付いたりして不快に感じないさまをいう。
違(たが)う、誤(あやま)つ、間違う。",爽 → JPDB Kanji Freq: 1769,漢字の読みを入力してください,Text
__錦__秋，__錦__心繍口,キン,"［錦］二級
音: キン／コン 訓: にしき
意味: 金糸銀糸やさまざまな色糸で美しく華やかな模様を織り込んだ織物。
美しく華やかなさま、きらびやかなさま、華々しいさま。",錦 → JPDB Kanji Freq: 1766,漢字の読みを入力してください,Text
乾__燥__，焦__燥__，高__燥__,ソウ,"［燥］四級
音: ソウ 訓: 
意味: 火で熱し乾(かわ)かす、乾く、水分が少なくなる。",燥 → JPDB Kanji Freq: 1765,漢字の読みを入力してください,Text
__淫__行，__淫__乱,イン,"［淫］二級
音: イン 訓: みだ・ら
意味: 異性との関係が節度を超える、またその行為、同「婬」。
物事に浸(ひた)る、また溺(おぼ)れる、また耽(ふけ)る。
恣(ほしいまま)にする、周りのことなどおかまいなしに振る舞う。
度を越す、淫邪(インジャ)。",淫 → JPDB Kanji Freq: 1764,漢字の読みを入力してください,Text
要__旨__，趣__旨__，本__旨__,シ,"［旨］四級
音: シ 訓: うま・い／むね
意味: うま・い、美味(おい)しい、甘(あま)く美味しい。
意図(イト)していること、意向イコウ、本意ホンイ。
天子や上位者の指示や命令、またその考えや意向。",旨 → JPDB Kanji Freq: 1763,漢字の読みを入力してください,Text
__披__見，__披__露，直__披__,ヒ,"［披］凖二級
音: ヒ 訓: ひら・く
意味: 開く、開いて中が見えるように広げる、披露(ヒロウ)(中のものを開いて見せる)」。
ひらひらと靡(なび)く、、披靡(ヒビ・ピミ)(風に靡く)」。
広げてひらりと上から掛ける、背や肩などに斜めに掛けて羽織る。",披 → JPDB Kanji Freq: 1762,漢字の読みを入力してください,Text
__缶__，__缶__詰，製__缶__,カン,"［缶］凖二級
音: カン／フウ／フ 訓: 
意味: 口は大きく腹が膨(ふく)らんだ容器、用途を限らず液体・粉末・固形物などを入れる、同「缻」「罐」{器(缶・罐)}。
打楽器の名、同「缻」。
容量の単位、2.5釜=1藪、2.5藪=1缶、2缶=1鍾
日円筒状の容器。
ほとぎ、部首名。",缶 → JPDB Kanji Freq: 1761,漢字の読みを入力してください,Text
__暁__天，今__暁__，通__暁__,ギョウ,"［暁］凖二級
音: キョウ／ギョウ 訓: あかつき
意味: あかつき、曙ショ(あけぼの)、夜明け、陽の光が差し始め辺りが明(あか)るくなり始める、またその頃、同「皢」。
明(あ)ける、明るくなる。
明(あき)らかになる、はっきりと分かる、悟(さと)る。
日(～した、～になった)時、「実現した暁には」「達成した暁には」。",暁 → JPDB Kanji Freq: 1760,漢字の読みを入力してください,Text
__丹__念，__丹__精,タン,"［丹］四級
音: タン 訓: に
意味: 丹砂(タンサ・タンシャ)、水銀と硫黄を含む赤い鉱物、水銀の原材料であると同時に、朱色の顔料や漢方薬にも用いられる、同、辰砂(シンシャ)、朱砂(シュシャ)。
朱色、赤い。
幾つかの原料を練った薬、丸い粒状にした薬。
真心(まごころ)、誠(まこと)。",丹 → JPDB Kanji Freq: 1759,漢字の読みを入力してください,Text
__縫__合，__縫__製，裁__縫__,ホウ,"［縫］三級
音: ホウ／ブ 訓: ぬ・う
意味: 布などを糸で繋ぎ合わせる。
繋ぎ合わせたところ、継(つ)ぎ目。",縫 → JPDB Kanji Freq: 1755,漢字の読みを入力してください,Text
__荘__厳，__荘__重，別__荘__,ソウ,"［荘］凖二級
音: ソウ／ショウ 訓: 
意味: (草が)大きく立派なさま、(姿形が)きれいに整っているさま。
厳格なさま、ゆるがせにしないさま。
君主や貴族などの別荘。
四方八方に通じる道。
田舎、田舎の家、田舎の集落、同「庄」「庒」。",荘 → JPDB Kanji Freq: 1753,漢字の読みを入力してください,Text
__孝__行，__孝__心，不__孝__,コウ,"［孝］五級
音: コウ／キョウ 訓: 
意味: 父母の言い付けに従い心を尽くして大切にする。
祖先を敬い大切にする。
喪服、喪中に着る衣服、地域により黒であったり白であったりするという、孝服(コウフク)。",孝 → JPDB Kanji Freq: 1752,漢字の読みを入力してください,Text
__綱__紀，__綱__領，大__綱__,コウ,"［綱］三級
音: コウ 訓: つな
意味: 網(あみ)が解(ほつ)れたり絡(から)まったりしないように網の周りを留める太く強い縄(なわ)、広げた網の口を締める役目も果たす。
ものを繋(つな)ぎ止めたり引いたりするための太い縄、またそれで繋ぎ止める。
全体を網羅し(口を閉じ)纏(まと)めたもの、物事の輪郭・概要・要旨・骨子、綱領(コウリョウ)、大綱(タイコウ)。
生物学上の分類の一つ、、門(モン)よりも小分類で、目(モク)よりも大分類。",綱 → JPDB Kanji Freq: 1750,漢字の読みを入力してください,Text
繁__茂__，__茂__林,モ,"［茂］四級
音: ボウ／モ／ム 訓: しげ・る
意味: 草木が枝葉を盛んに伸ばすさま。
勢いがあるさま、盛んなさま。
才能が豊かなさま。",茂 → JPDB Kanji Freq: 1749,漢字の読みを入力してください,Text
__濁__流，__濁__音，清__濁__,ダク,"［濁］四級
音: タク／ダク／ジョク 訓: にご・る
意味: 水に泥などが混じる、他のものが混じって本来の色・形・状態などではなくなる。
汚(きたな)くなる、穢(けが)れる、乱れる。
日すっきりしないさま、はっきりとしないさま。",濁 → JPDB Kanji Freq: 1748,漢字の読みを入力してください,Text
__剛__健，金__剛__力,ゴウ,"［剛］凖二級
音: コウ／ゴウ 訓: 
意味: 堅(かた)く強いさま、固く揺らがないさま、同「𠇙」。
しっかりしているさま、確かなさま。
丁度チョウド、丁度良い、たった今、～したばかり。
剛卯(ゴウウ)、腰に帯びる飾り、石製や木製で四角柱に作り各面に魔除けの文字を刻み紐(ひも)を通して帯飾りにする。",剛 → JPDB Kanji Freq: 1746,漢字の読みを入力してください,Text
__欧__文，西__欧__，渡__欧__,オウ,"［欧］三級
音: オウ／ウ 訓: 
意味: もの(食べたものなどの固形物・液状物)を声と共に口から体外に吐(は)き出す、同「嘔」。
歌(うた)う、声を出して謳(うた)う、同「謳」。",欧 → JPDB Kanji Freq: 1745,漢字の読みを入力してください,Text
__架__橋，__架__空，書__架__,カ,"［架］三級
音: カ／ケ 訓: か・ける
意味: か・ける、二本の支柱などの支えとなるものの上に、棒や板のような長い物を横に渡す。
物を載せたり掛けたり吊ったりするするために、横に渡した横木や板、またそれを支えるための縦木(支柱)や台(足)などを含めた全体を指すことがある、衣架(イカ)(衣桁イコウ、衣服を掛けるための家具)」、書架(ショカ)(書物を載せる棚、本棚)」。
、架空(カクウ)高いところに横に渡す、、高架(コウカ)空中に浮いている、根拠がない。",架 → JPDB Kanji Freq: 1744,漢字の読みを入力してください,Text
__嗅__覚，__嗅__神経,キュウ,"［嗅］二級
音: キュウ／ク 訓: か・ぐ
意味: (鼻を近づけて)臭いを感じ取る、同「㗜」「齅」。",嗅 → JPDB Kanji Freq: 1739,漢字の読みを入力してください,Text
__旋__回，__旋__律，周__旋__,セン,"［旋］凖二級
音: セン／ゼン 訓: 
意味: ぐるりと回る、渦巻く、旋回(センカイ)。
行って戻って来る、帰って来る。
人の間に立ち行き来して仲を取り持つ。
周旋(シュウセン)廻(めぐ)る、一巡イチジュンして元に戻る。
間もなく～、やがて～(状態・状況が変わることをいう)。
小便をする。",旋 → JPDB Kanji Freq: 1738,漢字の読みを入力してください,Text
__倫__理，人__倫__，絶__倫__,リン,"［倫］凖二級
音: リン 訓: 
意味: 輩ハイ(ともがら、やから)、同等・同類・同属・同世代などの同じグループgroupに属する人。
きちんとした並び順、倫序(リンジョ)。
人と人との理(リ、道理・道徳や規範など)に適(かな)った関係、倫理(リンリ)。",倫 → JPDB Kanji Freq: 1736,漢字の読みを入力してください,Text
半__鐘__，警__鐘__,ショウ,"［鐘］三級
音: ショウ／シュウ 訓: かね
意味: 叩いて鳴らす青銅製の打楽器、側面から見た場合に口は弧を成す、音律に合わせて大きさを変え組にしたものを、編鐘(ヘンショウ)といい、単独で使う大形のものを、特鐘(トクショウ)という、同「鍾」{楽器(打楽器)}{楽器(打楽器)}。
時を知らせるために鳴らす音、時計。
簡「钟」。",鐘 → JPDB Kanji Freq: 1733,漢字の読みを入力してください,Text
曖__昧__，三__昧__,マイ,"［昧］二級
音: バイ／マイ 訓: 
意味: 夜が明けようとしているがまだすっかりとは明け切らないさま。
薄暗い、はっきりとしない、ぼんやりとしている、曖昧(アイマイ)、同「昩」。
道理をよく理解できない、愚昧(グマイ)。
三昧(サンマイ)仏サマーディSamādhi梵。",昧 → JPDB Kanji Freq: 1732,漢字の読みを入力してください,Text
__羊__毛，綿__羊__，牧__羊__,ヨウ,"［羊］八級
音: ヨウ 訓: ひつじ
意味: 羊(ヒツジ)、ウシ科ヒツジ属の哺乳類。
ひつじ、ひつじへん、部首名。",羊 → JPDB Kanji Freq: 1731,漢字の読みを入力してください,Text
形__骸__化，死__骸__,ガイ,"［骸］二級
音: カイ／ガイ 訓: むくろ
意味: (毛や肉がなくなって)骨だけになった死人の体、同「𡱍」。
骨、骨格。
体、身体。
脛骨(ケイコツ){人体(下肢)}。
足の親指の毛が生えている辺りの肉、同「胲」。",骸 → JPDB Kanji Freq: 1730,漢字の読みを入力してください,Text
__冊__子，別__冊__,サツ,"［冊］五級
音: サク／シャク／サツ 訓: 
意味: 文字(文章)が記された細長い竹製・木製の札(竹簡や木簡)を順序正しく並べ綴じたもの、文書や書物。
綴じられた書物や文書を数える単位。
符命フメイ、天子の意であることの証あかし(署名や押印)のある札(ふだ)(文書)、天子が下す命令書・指示書・辞令書、特に諸侯の領土・爵位・官位などの任免の文書、同「策」。",冊 → JPDB Kanji Freq: 1729,漢字の読みを入力してください,Text
"短__冊__
和歌や俳句やねがいごと、絵などをかく、細長く切った紙",サク,"［冊］五級
音: サク／シャク／サツ 訓: 
意味: 文字(文章)が記された細長い竹製・木製の札(竹簡や木簡)を順序正しく並べ綴じたもの、文書や書物。
綴じられた書物や文書を数える単位。
符命フメイ、天子の意であることの証あかし(署名や押印)のある札(ふだ)(文書)、天子が下す命令書・指示書・辞令書、特に諸侯の領土・爵位・官位などの任免の文書、同「策」。",冊 → JPDB Kanji Freq: 1729,漢字の読みを入力してください,Text
__鉱__物，__鉱__山，鉄__鉱__,コウ,"［鉱］六級
音: コウ 訓: あらがね
意味: 掘り出したままで加工されていない有用な物質を含む天然の原石、同「礦」「磺」「𥐫」「卝」。",鉱 → JPDB Kanji Freq: 1728,漢字の読みを入力してください,Text
変__貌__，美__貌__,ボウ,"［貌］二級
音: ボウ／ミョウ 訓: かお
意味: 顔立ちや姿や立ち振る舞い、またその外見・様子。
外に現れ出た姿形・様子・状態、外見、外観。
遥(はる)か遠いさま、遠く朧(おぼろ)げなさま、同「邈」。",貌 → JPDB Kanji Freq: 1726,漢字の読みを入力してください,Text
__鎮__座，__鎮__静，重__鎮__,チン,"［鎮］三級
音: チン 訓: しず・める／しず・まる
意味: 重みをかけて抑え付ける。
力で抑え付ける、乱れを静める、安定させる。
抑えとなる軍隊、その軍隊が駐屯している所。
県の下の行政単位、比較的大きな町。
常に、何時も、づっと。",鎮 → JPDB Kanji Freq: 1725,漢字の読みを入力してください,Text
__浄__化，清__浄__，不__浄__,ジョウ,"［浄］凖二級
音: セイ／ジョウ 訓: きよ・い
意味: 清らかな、穢(けが)れない、同「凈」。
清める、汚れを取る(落とす)、同「凈」。
京劇などの戲曲で隈取(くまどり、「臉譜」という)をした人物の役をいう、役柄(「行当」という)は他に「生(男役)」「旦(女役)」「丑(道化役)」がある。",浄 → JPDB Kanji Freq: 1724,漢字の読みを入力してください,Text
__斜__面，__斜__線，傾__斜__,シャ,"［斜］四級
音: シャ／ジャ 訓: なな・め／はす
意味: 水などの液体の入った斗(ます)や杓子シャクシなどを傾(かたむ)けて中のものを出す、傾ける。
傾く、水平のものの片方が下がっている或いは上がっている、垂直のものの片方が横にずれている。",斜 → JPDB Kanji Freq: 1722,漢字の読みを入力してください,Text
巣__窟__，洞__窟__,クツ,"［窟］二級
音: コツ／コチ／クツ 訓: いわや
意味: 土や岩などを掘って造(つく)った穴、また地中に掘った土室(つちむろ)や岩などに穴を掘って造った岩屋(いわや)、同「𥧊」「堀」。",窟 → JPDB Kanji Freq: 1721,漢字の読みを入力してください,Text
気__泡__，水__泡__，発__泡__,ホウ,"［泡］凖二級
音: ホウ／ヒョウ 訓: あわ
意味: ぶくぶくと湧(わ)き上がる球状の気体。
(泡のように)ふっくらと膨(ふく)らんだもの。",泡 → JPDB Kanji Freq: 1720,漢字の読みを入力してください,Text
__膜__質，鼓__膜__，粘__膜__,マク,"［膜］三級
音: ボ／モ／バク／マク 訓: 
意味: 生物の器官を包んだり覆(おお)ったりしている薄い皮状の組織、粘膜(ネンマク)、耳膜(ジマク)(鼓膜)」。
薄い皮状のもの、フィルムfilm、、薄膜(ハクマク)。
跪(ひざまづ)き両手を額(ひたい)に当てるようにして拝礼する、、膜拝(ボハイ・モハイ)。",膜 → JPDB Kanji Freq: 1719,漢字の読みを入力してください,Text
比__較__,カク,"［較］四級
音: コウ／キョウ／カク 訓: くら・べる
意味: 車台(車の人が乗る部分)の両側の手摺(てすり)。
角(つの)を突き合わせる、競(きそ)う
突き合わせて比べる
凡(おおよ)そ、やや、割合に。
明らか。",較 → JPDB Kanji Freq: 1718,漢字の読みを入力してください,Text
__翻__意，__翻__訳，__翻__刻,ホン,"［翻］三級
音: ハン／ホン 訓: ひるがえ・る／ひるがえ・す
意味: 鳥が翼を大きく羽ばたかせながら飛ぶ。
表裏が逆になる、向きが逆になる。
翻意(ホンイ)、考えや態度をそれまでとは反対方向に変える。
翻訳(ホンヤク)、全く別の言語に置き換える。",翻 → JPDB Kanji Freq: 1717,漢字の読みを入力してください,Text
__併__合，__併__用，合__併__,ヘイ,"［併］凖二級
音: ヘイ／ヒョウ 訓: あわ・せる／しか・し
意味: あわ・せる、二つのもの(幾つかのもの)を一つにする、同「幷」。
並ぶ、並べる、同「並」。
簡「并」。
日しか・し、～ではあるけれども。",併 → JPDB Kanji Freq: 1715,漢字の読みを入力してください,Text
__斎__場，潔__斎__，書__斎__,サイ,"［斎］凖二級
音: サイ／セ 訓: 
意味: 神を迎えるために食事や身なりや行動を控(ひか)えめにして心身を慎(つつし)み清める、またそのための部屋。
酒や魚肉などを避(さ)けた簡素な食事、同「𩝦」。
僧が(午前中に)摂(と)る食事。",斎 → JPDB Kanji Freq: 1714,漢字の読みを入力してください,Text
欠__乏__，貧__乏__，耐__乏__,ボウ,"［乏］三級
音: ホウ／ボウ 訓: とぼ・しい
意味: 貯(たくわ)えが底を突く、金や物や力が尽きる、同「匱」。
空(あ)く、空(から)になる。
矢を遮(さえぎ)る盾たて、また衝立(ついたて)。",乏 → JPDB Kanji Freq: 1713,漢字の読みを入力してください,Text
老__婆__，産__婆__役,バ,"［婆］三級
音: ハ／バ 訓: ばば
意味: 年老いた女性。
夫の母、また祖母(ソボ)。
娑婆(サバ・シャバ)耐え忍ぶべき世界、現世、梵語のsahāの音写日軍隊や牢獄などの束縛されている世界から見た自由な世界。
婆娑(バサ)、ひらひらと揺れ動くさま、また舞うさま。",婆 → JPDB Kanji Freq: 1712,漢字の読みを入力してください,Text
憂__鬱__，__鬱__蒼,ウツ,"［鬱］二級
音: ウツ／ウチ 訓: 
意味: 木が辺りを塞(ふさ)ぐように生い茂るさま、同「鬰」「䖇」。
樹木の香りが辺りに立ち籠(こ)める、籠(こ)もる、周りを塞がれて行き所がなくなる、鬱陶(ウットウ)、同簡「郁」。
鬱鬯(ウッチョウ)、鬱金香(ウコンコウ)、チューリップtulip、ユリ科チューリップ属の植物{チューリップ}。",鬱 → JPDB Kanji Freq: 1711,漢字の読みを入力してください,Text
__悠__然，__悠__長，__悠__々,ユウ,"［悠］凖二級
音: ユウ 訓: 
意味: 遥(はる)か遠いさま、どこまでも(いつまでも)続くさま。
ゆったりとしたさま、長閑(のどか)なさま。",悠 → JPDB Kanji Freq: 1709,漢字の読みを入力してください,Text
__痩__身，__痩__躯,ソウ,"［痩］二級
音: ソウ／シュ 訓: や・せる／こ・ける
意味: 瘠(や)せる、瘠せ細る、同「瘠」。
細くなる、細る。
地味チミ(作物などを育てるための土壌の質)が衰(おとろ)える、同「瘠」。",痩 → JPDB Kanji Freq: 1708,漢字の読みを入力してください,Text
__顧__慮，__顧__問，回__顧__,コ,"［顧］三級
音: コ／ク 訓: かえり・みる
意味: 頭を回転させて周りを(左右や後ろを)見る、回顧(カイコ)。
後ろを振り向いて見る、(後ろを、過去を)振り返る。
周りに心を振り向ける、気配りをする。",顧 → JPDB Kanji Freq: 1706,漢字の読みを入力してください,Text
__漁__業，__漁__船，__漁__村,ギョ,"［漁］七級
音: ギョ／ゴ／リョウ 訓: あさ・る
意味: あちこち探し回って魚や貝を捕(と)る。
目ぼしいものあちこちと探し回る。",漁 → JPDB Kanji Freq: 1705,漢字の読みを入力してください,Text
__漁__師，大__漁__，不__漁__,リョウ,"［漁］七級
音: ギョ／ゴ／リョウ 訓: あさ・る
意味: あちこち探し回って魚や貝を捕(と)る。
目ぼしいものあちこちと探し回る。",漁 → JPDB Kanji Freq: 1705,漢字の読みを入力してください,Text
__詮__索，所__詮__,セン,"［詮］二級
音: セン 訓: 
意味: 物事の道理や本質などを明らかにする。
選ぶ、詳しく調べて選ぶ。
日突き詰めて考える、行き着くところまで考えを進める、詮議(センギ)。
日。",詮 → JPDB Kanji Freq: 1704,漢字の読みを入力してください,Text
__錯__誤，__錯__覚，交__錯__,サク,"［錯］三級
音: サク／ソ／ス 訓: こす・る
意味: 複雑に入り交(まじ)る、交互に入(い)り組む、きちんと揃っていない。
入れ違う、食い違う、行き違う、間違う。
砥石(といし)や鑢(やすり)などで磨く、また擦(こす)る、同「𥕉」「厝」。
鍍金(めっき)する、同「䥄」。
置く、あるべき場所に置く、あるべき状態にする、同「措」。",錯 → JPDB Kanji Freq: 1702,漢字の読みを入力してください,Text
__圏__内，__圏__外，成層__圏__,ケン,"［圏］四級
音: ケン／ゴン 訓: 
意味: 家畜を飼(か)うために柵(さく)などを巡(めぐ)らせた囲(かこ)い。
囲われたところ、領域。
周りを囲う、取り囲む。
木などを曲げて丸く作った器、同「棬」。",圏 → JPDB Kanji Freq: 1701,漢字の読みを入力してください,Text
__挿__入，__挿__話,ソウ,"［挿］凖二級
音: ソウ／ショウ 訓: さ・す
意味: 細長いもの(先が尖ったもの)を刺し入れる。
空いたところ(隙間や穴)に差し入れる。",挿 → JPDB Kanji Freq: 1700,漢字の読みを入力してください,Text
宮__廷__，法__廷__，出__廷__,テイ,"［廷］凖二級
音: テイ／ジョウ 訓: 
意味: 平らに整地されたところ、広場、同「庭」。
主権者が政(まつりごと)を行うところ、また役所、いずれも広い前庭があることから、同「庭」、朝廷(チョウテイ)(君主が政務を執るところ)」、廷臣(テイシン)(朝廷に仕える高級官吏)」、廷吏(テイリ)(役人)」。
、廷試(テイシ)、科挙カキョ(官吏登用試験)で、郷試キョウシ(地方で行う試験)、会試(カイシ)(都で行う試験)に及第キュウダイした者に天子自ら殿中で行う試験、別名、殿試(デンシ)。",廷 → JPDB Kanji Freq: 1699,漢字の読みを入力してください,Text
発__芽__，麦__芽__，肉__芽__,ガ,"［芽］七級
音: ガ／ゲ 訓: め
意味: 草木の生え出たばかりのもの。
生え出て伸びようとしている、或いは咲こうとしている、またそのような状態、またそのような状態のもの。
物事の始まる兆(きざ)し。",芽 → JPDB Kanji Freq: 1697,漢字の読みを入力してください,Text
__妊__娠，懐__妊__，不__妊__,ニン,"［妊］凖二級
音: ジン／ニン 訓: 
意味: 身籠(みごも)る、孕(はら)む、妊娠(ニンシン)、懐妊(カイニン)。",妊 → JPDB Kanji Freq: 1696,漢字の読みを入力してください,Text
__藩__主，廃__藩__,ハン,"［藩］三級
音: ハン／ホン 訓: 
意味: 柴や木を組んだ垣根(かきね)や柵(さく)、外から覗かれたり侵入されたりすることを拒(こば)むために設ける境界を示す構築物、同「蕃」「棥」「樊」。
囲い込む、周りを取り囲む。
君主を外敵から守るために四周に封された諸国、またその諸国の主。",藩 → JPDB Kanji Freq: 1693,漢字の読みを入力してください,Text
__貯__蓄，__貯__金，__貯__水池,チョ,"［貯］六級
音: チョ 訓: たくわ・える
意味: 集めて蓄(たくわ)える、集めてしまっておく、同「𡪄」、後の備えのために貯えるのは「蓄」、貯蓄(チョチク)。",貯 → JPDB Kanji Freq: 1692,漢字の読みを入力してください,Text
__忌__避，__忌__中，禁__忌__,キ,"［忌］三級
音: キ／ゴ 訓: い・まわしい／い・む／いみ
意味: 憎(にく)む、嫌(きら)う。
嫌って避ける、憚(はばか)る、忌諱(キキ)、同「誋」「𢭄」。
忌日(キジツ)、親の命日、行動や言葉を慎(つつし)む日。",忌 → JPDB Kanji Freq: 1691,漢字の読みを入力してください,Text
報__酬__，応__酬__,シュウ,"［酬］凖二級
音: シュウ／ジュ 訓: むく・い／むく・いる
意味: 来訪のお礼として主人が客に酒を勧める、手厚く報いる、客が主人に返杯するのは「酢」。
相手の行為に対し相応の金品や行為をもって返礼する、互いに返礼のやり取りをする。
ある行為が齎(もたら)す結果を身に受ける。",酬 → JPDB Kanji Freq: 1690,漢字の読みを入力してください,Text
ご無__沙汰__，__沙汰__，手持ち無__沙汰__，表__沙汰__,サタ,"［汰］二級
音: タイ／タ 訓: 
意味: たっぷりの水で濯(すす)ぐ、たっぷりの水で濯ぎ必要なもの以外を取り除く、同「汏」。
大きな波。
驕(おご)り高ぶる、同「泰」。
沙汰(サタ)水中で揺すって砂(沙)を取り除く、必要なものと不必要なものとを選り分ける日朝廷や役所の定めた決まり・指示・判定日。","汰 → JPDB Kanji Freq: 1689
沙 → JPDB Kanji Freq: 1247",漢字の読みを入力してください,Text
__憂__愁，__憂__慮，一喜一__憂__,ユウ,"［憂］三級
音: ユウ／ウ 訓: う・い／う・さ／うれ・える
意味: 心配する、あれこれと思いが巡(めぐ)り悩む、心が揺れ動く、同簡「忧」。
(特に親の)喪ソウ(も、死者を追悼するために家に籠って慎む、その一定の期間)。",憂 → JPDB Kanji Freq: 1688,漢字の読みを入力してください,Text
水__滴__，点__滴__，一__滴__,テキ,"［滴］四級
音: テキ／チャク 訓: しずく／したた・る
意味: しずく、小さな水(液体)の玉たま、水滴(スイテキ)。
したた・る、液体が小さな玉となってぽたぽたと落ちる。",滴 → JPDB Kanji Freq: 1687,漢字の読みを入力してください,Text
__邦__楽，本__邦__，連__邦__,ホウ,"［邦］三級
音: ホウ 訓: くに
意味: 君主から与えられた領土、大きいものを「邦」、小さいものは「国」。
国、国土、国家。",邦 → JPDB Kanji Freq: 1685,漢字の読みを入力してください,Text
好__餌__，食__餌__,ジ,"［餌］二級
音: ジ／ニ 訓: え／えさ
意味: 小麦粉や米粉などに水などを加え蒸して柔らかくした食べ物の総称。
米と肉を柔らかくなるまで煮込んだ食べ物。
動物に与える食べ物、鳥獣を捕(と)らえるための食べ物。
(餌で)誘(おび)き寄せる。",餌 → JPDB Kanji Freq: 1684,漢字の読みを入力してください,Text
__塁__審，敵__塁__，土__塁__,ルイ,"［塁］
音: ルイ 訓: 
意味: ①「とりで(本城の外の大事な地点に築く小規模な城、外敵の攻撃を防ぐ為の建造物)」(例：城塁)
②「積む」、「重ねる」
③「繋がる」、「続く」、「繋ぐ」、「重なる」(同意語：累)
④「野球で、走者が得点するために順に通過し、触れなければいけない地点」(例：一塁)",塁 → JPDB Kanji Freq: 1683,漢字の読みを入力してください,Text
__僚__友，官__僚__，同__僚__,リョウ,"［僚］凖二級
音: リョウ 訓: 
意味: 朋(とも、共に働いたり学んだりしている人)、同じ職位や職務に就いている人、同窓の人、同「寮」。",僚 → JPDB Kanji Freq: 1682,漢字の読みを入力してください,Text
__湾__内，__湾__入，港__湾__,ワン,"［湾］三級
音: ワン 訓: 
意味: 川が大きく弓のように曲がっているところ。
水(湖や海など)が陸地を大きく抉(えぐ)るように入り込んだところ、大きな入り江(いりえ)。",湾 → JPDB Kanji Freq: 1681,漢字の読みを入力してください,Text
__潔__白，清__潔__，純__潔__,ケツ,"［潔］六級
音: ケツ／ケチ 訓: いさぎよ・い
意味: 清(きよ)い、澄(す)んでいる、穢(けが)れがない、またそのような水或いは川、同「洁」。
余計なものが混じっていない、すっきりしている。
余計なことにこだわらない。
簡「洁」。",潔 → JPDB Kanji Freq: 1680,漢字の読みを入力してください,Text
__軌__道，広__軌__，常__軌__,キ,"［軌］三級
音: キ 訓: 
意味: 二つの車輪の間隔。
二本の轍(わだち)、筋状に続く二本の車輪の跡。
回転しながら動く車や天体の通る道筋。
一定の道筋、則るべき道筋、規範。",軌 → JPDB Kanji Freq: 1679,漢字の読みを入力してください,Text
覚__醒__，警__醒__,セイ,"［醒］二級
音: セイ／ショウ 訓: さ・める
意味: 酔ったり眠ったりして正常な認識や判断ができない状態を脱して元の状態に戻る。
目が覚(さ)める、迷いから覚めて何時もの状態に戻る。",醒 → JPDB Kanji Freq: 1678,漢字の読みを入力してください,Text
__糖__分，砂__糖__，製__糖__,トウ,"［糖］五級
音: トウ／ドウ 訓: 
意味: 米(コメ)・ムギ麦、甘蔗(カンショ)(サトウキビ砂糖黍)、甜菜(テンサイ)(ビートbeet)などから作った甘味カンミ料、、沙糖(サトウ)(砂糖、また砂糖のような甘あま味)」、同「餹」。
(砂糖のような)甘味、(砂糖などを使った)甘い食べ物、飴(あめ)。",糖 → JPDB Kanji Freq: 1675,漢字の読みを入力してください,Text
頭__蓋__骨，__蓋__世,ガイ,"［蓋］二級
音: カイ／コウ／ゴウ／ガイ 訓: おお・う／ふた／けだ・し
意味: (草を編んで作った)上からの雨や日差しを遮(さえぎ)る覆(おお)い。
雨や日差しを遮(さえぎ)るために頭の上に翳(かざ)す傘(かさ)。
全体を覆う。
(家を)造(つく)る、雨や日差しを遮(さえぎ)るための屋根を設けることから。
ふた、器の口を覆(おお)い塞(ふさ)ぐもの。
けだ・し、多分、恐らく。",蓋 → JPDB Kanji Freq: 1674,漢字の読みを入力してください,Text
__詐__欺，__詐__取，__詐__称,サ,"［詐］凖二級
音: サ／シャ 訓: いつわ・る
意味: 言葉巧みに人を騙(だま)す、作り事(つくりごと)を言って欺(あざむ)く。
～のふりをする。",詐 → JPDB Kanji Freq: 1673,漢字の読みを入力してください,Text
上__棟__，病__棟__,トウ,"［棟］凖二級
音: トウ／ツウ 訓: むね
意味: 建物の屋根の面が交わる最も高いところ。
桁コウ(けた、建物正面に向かって左右方向に渡す木)で最も高い位置にある木、「棟木むなぎ」{建物}。
建物の数を数える語。
棟梁(トウリョウ)屋根の棟木とそれを支える梁(はり)重要な人、主要な人日大工の頭かしら。",棟 → JPDB Kanji Freq: 1672,漢字の読みを入力してください,Text
__尚__早，高__尚__,ショウ,"［尚］凖二級
音: ショウ／ジョウ 訓: なお
意味: ～と同じように、～でさえも、「他の同じようなものと比べてもあまり変わり(差異)はない」の意。
(～と同じようであるばかりでなく)更に、その上に。
希(こいねが)う、「過分に或いは過分なことを願う」の意。
(尊敬すべき人や上位者など自分よりも上だと思う人を)尊(たっと)ぶ。",尚 → JPDB Kanji Freq: 1671,漢字の読みを入力してください,Text
__琴__線，木__琴__，手風__琴__,キン,"［琴］凖二級
音: キン／ゴン 訓: こと
意味: 長い板状の胴に七本(古くは五本)の弦を張った楽器、箏柱(ことじ)がなく徽キという目印を指で押さえて弾く、胴が箱状で箏柱があるものは「箏」「瑟」{楽器(弦楽器)}。
広く弦楽器を指す、胡琴(コキン)、提琴(テイキン)、風琴(フウキン)。",琴 → JPDB Kanji Freq: 1670,漢字の読みを入力してください,Text
秀__峰__，霊__峰__，連__峰__,ホウ,"［峰］四級
音: ホウ／フ 訓: みね
意味: 高く尖(とが)っている山、またその頭頂部、山の頂(いただき)。
高く突き出ているさま。
日刀の背、刀の刃の反対側で厚みのある部分。",峰 → JPDB Kanji Freq: 1669,漢字の読みを入力してください,Text
__炭__鉱，木__炭__，石__炭__,タン,"［炭］八級
音: タン 訓: すみ
意味: ものが燃えて黒化したもの、黒化した後も再び燃やすことができるもの、再び燃やすことができないものを「灰」。
木を高温で焼いて作った燃料、燃料とするもの、「石炭」「薪炭」。
塗炭(トタン)泥と炭泥や炭にまみれるさま、(泥や炭にまみれながら働かなければならない)苦しく厳しい境遇にあるさま。",炭 → JPDB Kanji Freq: 1668,漢字の読みを入力してください,Text
__珠__玉，__珠__算，真__珠__,シュ,"［珠］凖二級
音: シュ／ス 訓: たま
意味: 貝などの中にできる乳白色の丸く美しい玉たま、玉状の宝石。
珠母(シュボ)、珠シュ(真珠シンジュ)を産する貝の総称。
丸い粒つぶ、丸い粒状のもの。",珠 → JPDB Kanji Freq: 1667,漢字の読みを入力してください,Text
恥__辱__，雪__辱__，屈__辱__,ジョク,"［辱］三級
音: ジョク／ニク／ノク 訓: はずかし・める／かたじけな・い
意味: 恥(はじ)をかかせる、体面タイメンを汚(けが)す、泥(どろ)を塗(ぬ)る、恥辱(チジョク)。
忝(かたじけな)い、(恥をかかせるようなことをして下さって)申し訳なくもありがたい。
辱臨(ジョクリン)、このようなところへ恥を忍んでまで来て下さる、遜(へりくだ)って感謝の意を伝える言葉。",辱 → JPDB Kanji Freq: 1665,漢字の読みを入力してください,Text
野__猿__，類人__猿__，犬__猿__の仲,エン,"［猿］凖二級
音: エン／オン 訓: さる
意味: 目(サル)(Primates、霊長類)のうちヒト(人、Hominidae)以外の霊長類の称、同「𤠔」「𤝌」。",猿 → JPDB Kanji Freq: 1664,漢字の読みを入力してください,Text
__軒__数，一__軒__,ケン,"［軒］四級
音: ケン／コン 訓: のき
意味: 重心を後寄りにして前部が持ち上がるようにした車、大夫タイフ以上の高位の人が乗る車、重心を前寄りにして後部が持ち上がる車を「輊」。
屋根の建物から外に張り出した部分、またその先端の反(そ)り上がった部分{建物}。
反り上がる、高揚する。",軒 → JPDB Kanji Freq: 1663,漢字の読みを入力してください,Text
__牧__場，__牧__師，遊__牧__,ボク,"［牧］七級
音: ボク／モク 訓: まき
意味: 家畜を飼(か)う、家畜を養(やしな)い育てる。
人を養い育てる、人格や学識を研き高める、修養する。
人民を養い治(おさ)める。
家畜を放し飼いにするところ、都(みやこ)を囲む城壁の外に広がる地を「郊」といい、その外の地。
地方の長官",牧 → JPDB Kanji Freq: 1662,漢字の読みを入力してください,Text
__邸__宅，__邸__内，私__邸__,テイ,"［邸］凖二級
音: テイ／タイ 訓: やしき
意味: 諸侯が上京した際に宿泊する屋敷、宿舎。
高官や貴族の屋敷、立派な屋敷。
旅人が宿泊する宿屋、旅館。
停(と)まる、止(とど)まる。",邸 → JPDB Kanji Freq: 1661,漢字の読みを入力してください,Text
汽__笛__，警__笛__，牧__笛__,テキ,"［笛］八級
音: テキ／ジャク 訓: ふえ
意味: 竹などの円筒形のものに幾つかの孔(あな)をあけ、その一つから息を吹き込み、他の孔を指で押さえたり離したりすることで音階を表現する楽器の総称、同「篴」「𥴦」{楽器(管楽器)})。",笛 → JPDB Kanji Freq: 1660,漢字の読みを入力してください,Text
愚__弄__，翻__弄__,ロウ,"［弄］二級
音: ロウ／ル 訓: もてあそ・ぶ／いじ・る／いじ・くる
意味: (美しい石を)手に取り飽くことなく触れたり眺めたりする、また愛(め)でる。
楽器を奏(かな)でる、「音楽を愛でる」の意。
(相手が嫌がるのも構わずに)むやみに手を加える、意味もなくあれやこれやに手を出す。
両側に家が建ち並ぶ路地、小路。",弄 → JPDB Kanji Freq: 1659,漢字の読みを入力してください,Text
__拐__帯，誘__拐__,カイ,"［拐］凖二級
音: カイ／ゲ 訓: かどわ・かす
意味: (腕や足のように)曲がる、また曲がったところ。
かどわ・かす、騙(だま)す、騙して持ち去る。
体を支える(或いは打ち据える)木の棒、杖(つえ)、拐杖(カイジョウ)、同「枴」。",拐 → JPDB Kanji Freq: 1658,漢字の読みを入力してください,Text
__稽__古，滑__稽__,ケイ,"［稽］二級
音: ケイ／ケ 訓: 
意味: 留(とど)まる、同じ状態を続ける。
稽首(ケイシュ)、跪(ひざまず)き、膝の前で手を揃えて地に着け、頭をその手に乗せ、その状態を保つ礼、九拝(拝礼の作法)の内で最も丁寧なもの{姿勢(拝礼)}。
よく調(しら)べ考える、よく調べ吟味する、よく調べ較(くら)べ合わせる。
稽古(ケイコ)昔のことをよく調べそれに学ぶこと日学問や武芸などを習い鍛えること。",稽 → JPDB Kanji Freq: 1657,漢字の読みを入力してください,Text
__嫉__妬，__嫉__妬心,シツ,"［嫉］二級
音: シツ／ジチ 訓: ねた・む／そね・む
意味: 自分と比較して他人がより賢い・重く用いられることなどを羨(うらや)み憎(にく)らしく思う、嫉妬(シット)、同「愱」「㑵」「疾」「𧪠」。",嫉 → JPDB Kanji Freq: 1656,漢字の読みを入力してください,Text
__叱__責，__叱__咤,シツ,"［叱］二級
音: シツ／シチ 訓: しか・る
意味: 大声で言う、怒鳴(どな)る、叱咤(シッタ)、叱呵(シッカ)、同「呵」「𠮟」。
叱責(シッセキ)、大声で為(な)すべきことを為すよう強く求める。",叱 → JPDB Kanji Freq: 1653,漢字の読みを入力してください,Text
__憲__法，__憲__章，官__憲__,ケン,"［憲］五級
音: ケン／コン 訓: のり
意味: 人が則(のっと)るべき決まり、人の行為の規範。",憲 → JPDB Kanji Freq: 1652,漢字の読みを入力してください,Text
__潤__色，__潤__沢，湿__潤__,ジュン,"［潤］三級
音: ジュン／ニン 訓: うるお・い／うるお・う／うるお・す／うる・む
意味: 物の内部から余分な水分や油分が表面に染み出る。
しっとりとしている、艶々(つやつや)している、光沢がある。
(内部から表にじわりと染み出て来るような)艶を出す。
(「必要とする量以上のもの」の意から)利益、生活にゆとりができる。",潤 → JPDB Kanji Freq: 1651,漢字の読みを入力してください,Text
__胞__子，同__胞__，細__胞__,ホウ,"［胞］三級
音: ホウ／ヒョウ 訓: 
意味: 胎児を包む薄い皮膜、胞衣(ホウイ)(えな)」。
同じ父母から生まれた子、実の兄弟姉妹、同じ国で生まれた人、、同胞(ドウホウ)(同じ母親から生まれた兄弟、同郷・同国の人)」、胞兄(ホウケイ)(同じ母親から生まれた兄)」。
薄い膜で包む、また包まれたもの、、細胞(サイボウ)。",胞 → JPDB Kanji Freq: 1649,漢字の読みを入力してください,Text
__畳__語，重__畳__,ジョウ,"［畳］四級
音: チョウ／ジョウ 訓: たたみ／たた・む
意味: 薄いものが何層にも積み重なる、何度も同じことが繰り返される。
たた・む、薄いものを折って重ねる。
日たたみ、藁の床の表面にイグサ藺草の筵を張った敷物、薄い敷物を折って重ね厚くしたもの。",畳 → JPDB Kanji Freq: 1648,漢字の読みを入力してください,Text
__序__幕，順__序__，秩__序__,ジョ,"［序］六級
音: ショ／ジョ 訓: つい・で
意味: 次第シダイ、順序。
述べる。
はしがき、文書の最初に記す文章、最後に記す文章は「跋」。
端緒、物事の始め。
中庭を囲むように東西南北に家屋を配する中国の伝統的様式で東西側に建てられた家屋(「廂」という)、屋敷の東西側の塀(へい)、同「㘧」{四合院}。
(屋敷の東西側の建物で教えたことから)私立の学校、殷代(前17世紀～前11世紀)の称、夏代(約前21世紀～前16世紀)では「校」、周代(前11世紀～前3世紀)では「庠」。
日つい・で、～する際、～の機会。",序 → JPDB Kanji Freq: 1647,漢字の読みを入力してください,Text
__佳__作，__佳__人，絶__佳__,カ,"［佳］三級
音: カイ／ケ／カ 訓: よ・い
意味: 善(よ)い、良い、美しい、好(この)ましい。",佳 → JPDB Kanji Freq: 1646,漢字の読みを入力してください,Text
__掌__中，職__掌__，車__掌__,ショウ,"［掌］三級
音: ショウ 訓: たなごころ／てのひら／つかさど・る
意味: たなごころ、てのひら、手のひら、手の指を除いた部分、動物などの場合は(前)足の裏、手心(シュシン){人体(上肢)}。
つかさど・る、役目として受け持つ、受け持つ仕事の全体を主導・統括する、「役目や仕事を掌で受け持つ、制御する」の意。",掌 → JPDB Kanji Freq: 1644,漢字の読みを入力してください,Text
__朱__肉，__朱__筆，__朱__塗り,シュ,"［朱］四級
音: シュ／ス 訓: あけ
意味: くすみのない明るく濃い(深い)赤色█、丹朱(タンシュ)、同「絑」(日本で朱肉などに多く使われる色とはやや違う)。
赤心木セキシンボク、心シン(幹の芯)が赤い松マツ(マツ科の木)や柏ハク(ヒノキ科の木)などの木。",朱 → JPDB Kanji Freq: 1643,漢字の読みを入力してください,Text
__痕__跡，血__痕__,コン,"［痕］二級
音: コン／ゴン 訓: あと
意味: 傷(きず)や腫(は)れが癒(い)えた後に残る跡形(あとかた)。
ものの跡、痕跡(コンセキ)、啼痕(テイコン)(泣いた跡、泣いて目が赤味を帯びるさま)」、水痕(スイコン)(水の跡、水滴・水溜まり・流水などの跡)」。",痕 → JPDB Kanji Freq: 1642,漢字の読みを入力してください,Text
__顎__関節,ガク,"［顎］二級
音: ガク 訓: あご
意味: 口蓋コウガイ、口腔コウコウ(口の中の空洞部分)の上の部分、日本でいう上顎(うわあご)、同「齶」「腭」{人体(頭部)}。
鼻筋が高く通っているさま。
身心を引き締めて敬う、同「𩖀」。
日口の周辺の骨・筋肉・皮膚などの組織の総称、同「頜」「頤」。",顎 → JPDB Kanji Freq: 1641,漢字の読みを入力してください,Text
__塾__，私__塾__,ジュク,"［塾］凖二級
音: シュク／ジュク 訓: 
意味: 門の両側にある建物、主君に謁見する前に衣服を改めたり作法・次第などを確認するための控えの建物であったようである、同「𨷙」。
個人が自宅で教授するところ",塾 → JPDB Kanji Freq: 1640,漢字の読みを入力してください,Text
__蒸__気，__蒸__発,ジョウ,"［蒸］五級
音: ショウ／ジョウ 訓: む・す／む・らす／む・れる／ふか・す
意味: 湯気(水蒸気)が立ち昇る、同「烝」。
湯気(水蒸気)を立ち昇らせて熱する、同「烝」。
皮を取り去ったアサ麻の茎を乾燥させたもの、麻幹あさがら・おがら。
細い枝や茎、麻幹と共にいずれも薪(たきぎ)にするためのもので薪よりも細いもの。
多くの、たくさんの、同「烝」。
祖先を祀(まつ)るために冬に行われる祭礼の名、同「烝」。",蒸 → JPDB Kanji Freq: 1639,漢字の読みを入力してください,Text
__唾__液，__唾__棄,ダ,"［唾］二級
音: タ／ダ 訓: つばき／つば
意味: 口の中の消化液、またそれを吐く、唾液(ダエキ)、同「涶」。
つばき・する、つば・する、とても飲み込めるようなものではない(受け入れられない)という気持ちを表す、唾棄(ダキ)。",唾 → JPDB Kanji Freq: 1636,漢字の読みを入力してください,Text
洗__濯__,タク,"［濯］凖二級
音: タク／ダク 訓: すす・ぐ／ゆす・ぐ
意味: 揺り動かすようにして洗う。
(罪科や疑いを)払拭する。",濯 → JPDB Kanji Freq: 1635,漢字の読みを入力してください,Text
適__宜__，便__宜__,ギ,"［宜］凖二級
音: ギ 訓: よろ・しい／よろ・しく／むべ
意味: 理リに適(かな)う、適テキする、ちょうど良い、事宜(ジギ)(事をするのにちょうど良い頃合い)」。
むべ、当然な、尤(もっと)もな。
～するのがよい、～した方がよい。",宜 → JPDB Kanji Freq: 1634,漢字の読みを入力してください,Text
__緯__度，北__緯__，経__緯__,イ,"［緯］四級
音: イ 訓: よこいと
意味: よこいと、布の横方向の糸、縦糸は「経」。
東西の方向に延びる線状のもの、南北は「経」。
讖緯(シンイ)、主に漢代(前202年～220年)に広まった予言などについて述べた書。",緯 → JPDB Kanji Freq: 1633,漢字の読みを入力してください,Text
__壇__上，花__壇__，文__壇__,ダン,"［壇］三級
音: タン／ダン 訓: 
意味: 周(まわ)りよりも一段と高く土を盛り上を平らにしたところ、祭祀サイシや天子と諸侯の会見・会盟などを執(と)り行う際に上る台。
周りよりも一段と高く上が平らなところ。
同簡「坛」。",壇 → JPDB Kanji Freq: 1632,漢字の読みを入力してください,Text
土__壇__場,タン,"［壇］三級
音: タン／ダン 訓: 
意味: 周(まわ)りよりも一段と高く土を盛り上を平らにしたところ、祭祀サイシや天子と諸侯の会見・会盟などを執(と)り行う際に上る台。
周りよりも一段と高く上が平らなところ。
同簡「坛」。",壇 → JPDB Kanji Freq: 1632,漢字の読みを入力してください,Text
__遮__断，__遮__蔽,シャ,"［遮］凖二級
音: シャ 訓: さえぎ・る
意味: 寄ってくるものを止(とど)める、そこから先に行かせない、通さない。
覆って中に入ってこないようにする。",遮 → JPDB Kanji Freq: 1631,漢字の読みを入力してください,Text
__阻__止，__阻__害，険__阻__,ソ,"［阻］三級
音: ソ／ショ 訓: はば・む
意味: (山や川が)行く手を遮(さえぎ)る、立ちはだかる、(前進・進行を)妨(さまた)げる、(侵入・進行を)食(く)い止める、同「沮」。
険阻(ケンソ)、行く手を妨(さまた)げるように立ちはだかるさま、険(けわ)しいさま、同「嶮岨」。",阻 → JPDB Kanji Freq: 1630,漢字の読みを入力してください,Text
__胃__腸，__胃__酸，__胃__弱,イ,"［胃］五級
音: イ 訓: 
意味: 食道と腸の間にある消化器官{人体(内臓)}。
星名、二十八宿西方白虎ビャッコの一つ{二十八宿}。",胃 → JPDB Kanji Freq: 1629,漢字の読みを入力してください,Text
__征__服，遠__征__，出__征__,セイ,"［征］四級
音: セイ／ショウ 訓: 
意味: 目的地に向かってまっすぐに進んで行く、同「𢌛」。
敵に向かってまっすぐに攻め込む、敵を討ち滅ぼす。
(埋もれていた人物を)召(め)し出す、召し寄せる、(税などを)取り立てる、同繁「徵」。",征 → JPDB Kanji Freq: 1628,漢字の読みを入力してください,Text
花__柳__界，川__柳__,リュウ,"［柳］凖二級
音: リュウ／ル 訓: やなぎ
意味: 柳(ヤナギ)、ヤナギ科の木、一般に枝が垂れるもの、垂れないものは「ヤナギ楊」{ヤナギ}。
星名、二十八宿南方朱雀七宿の第三宿{二十八宿}。",柳 → JPDB Kanji Freq: 1626,漢字の読みを入力してください,Text
__宴__会，__宴__席，酒__宴__,エン,"［宴］三級
音: エン 訓: うたげ
意味: 人が集まり飲食しながら大いに楽しむ、またそのようなもてなし、同「醼」「讌」「燕」。
ゆったりと寛(くつろ)ぐ。",宴 → JPDB Kanji Freq: 1625,漢字の読みを入力してください,Text
"捕__捉__，把__捉__
〔文〕つかまえること。とらえること。
「レーダーで目標を━した」",ソク,"［捉］二級
音: サク／ソク 訓: とら・える／つか・まえる
意味: ぎゅっと掴(つか)まえる、掴まえて離さない、しっかりと手(や目や頭など)の中に収める。
捕(つか)まえる、搦(から)め捕(と)る。
守捉(シュソク)、唐朝(618年～907年)の国境周辺を警備する軍の組織の名。",捉 → JPDB Kanji Freq: 1623,漢字の読みを入力してください,Text
__徐__行，__徐__々に,ジョ,"［徐］三級
音: ショ／ジョ 訓: おもむろ・に
意味: ゆっくりと行く。
ゆっくりとしたさま、ゆったりとしたさま。
古国名、周代(西周、前11世紀～前771年)から春秋時代(前770年～前5世紀)にかけての諸侯国の一つ、東夷トウイ、九夷(キュウイ)の一つ、現安徽省宿州市泗県・江蘇省宿遷市泗洪県一帯を領した{安徽省}。
古州名、、徐州(ジョシュウ)、漢代(前202年～220年)以降に現江蘇省北西部・山東省南西部・安徽省北部一帯を管轄した{江蘇省}。",徐 → JPDB Kanji Freq: 1621,漢字の読みを入力してください,Text
大__胆__，落__胆__，魂__胆__,タン,"［胆］三級
音: タン 訓: きも／い
意味: 肝臓で作られる脂肪の消化吸収を助ける液体(胆汁)を貯える器官、胆嚢(タンノウ){人体(内臓)}。
気力や勇気の源(みなもと)。
ものの内部にあって、ものを入れることができもの。",胆 → JPDB Kanji Freq: 1620,漢字の読みを入力してください,Text
__堅__固，__堅__実，中__堅__,ケン,"［堅］四級
音: ケン 訓: かた・い
意味: しっかりしている、しっかりしていて揺(ゆ)るがない、また緩(ゆる)まない。",堅 → JPDB Kanji Freq: 1619,漢字の読みを入力してください,Text
"領__袖__，__袖__珍
〔文〕集団のかしら。実力者。
「派閥の━」",シュウ,"［袖］二級
音: シュウ／ジュ 訓: そで
意味: 衣服の肩から手首までの部分、衣服の腕を包む部分、またそこに物を入れる、同「褎」{服飾(衣服)}。",袖 → JPDB Kanji Freq: 1618,漢字の読みを入力してください,Text
__隔__離，__隔__月，間__隔__,カク,"［隔］三級
音: カク／キャク 訓: へだ・てる／へだ・たる
意味: 間(あいだ)を仕切る、仕切って内(手前、こちら)と外(向こう、あちら)の行き来ができないようにする。
時間や距離などの間を空(あ)ける。
他との関(かか)わりに距離を置く。",隔 → JPDB Kanji Freq: 1617,漢字の読みを入力してください,Text
__粒__子，__粒__々辛苦,リュウ,"［粒］四級
音: リュウ 訓: つぶ
意味: 穀物の実から殻(から)を取り除いたもの、特に「米粒(こめつぶ)」を指す、同「𩚷」。
飯(めし)、米飯ベイハン。
(粒のように)小さく丸みを帯びたもの、またそれを数える語。",粒 → JPDB Kanji Freq: 1616,漢字の読みを入力してください,Text
__励__行，奨__励__，精__励__,レイ,"［励］三級
音: レイ／ライ 訓: はげ・ます／はげ・む
意味: はげ・ます、元気付ける、力付ける、奮(ふる)い立たせる。
仕事などに力を",励 → JPDB Kanji Freq: 1614,漢字の読みを入力してください,Text
__網__膜，漁__網__，通信__網__,モウ,"［網］四級
音: ボウ／モウ 訓: あみ
意味: 糸や紐(ひも)を格子状に目を粗(あら)く編んだ魚や鳥獣を捕(と)らえる道具、特に魚を捕る網を指す、鳥を捕る網は「羅」、網羅(モウラ)(魚を捕る網と鳥を捕る網、残らず捕らえる)」、羅網(ラモウ)(鳥を捕る網と魚を捕る網、法の網、網に掛かる、罠に掛ける)」、同「网」。
身動きができないように網を被(かぶ)せる、同「罔」。
網の目のように縦横ジュウオウに張り巡(めぐ)らされたもの、ネットワークnetwork、同簡「网」。",網 → JPDB Kanji Freq: 1611,漢字の読みを入力してください,Text
名__誉__，栄__誉__,ヨ,"［誉］四級
音: ヨ 訓: ほま・れ／ほ・める
意味: ほま・れ、よい評判。
ほ・める、褒(ほ)める、褒(ほ)め称(たた)える。",誉 → JPDB Kanji Freq: 1608,漢字の読みを入力してください,Text
__浪__費，波__浪__，放__浪__,ロウ,"［浪］三級
音: ロウ 訓: なみ
意味: 風が吹いて石にぶつかり噴(ふ)き上がる水、波、大波。
(波に揺られるように)あっちへ行きこっちへ来るするさま、ふらふらと当てがないさま、気儘(きまま)なさま。",浪 → JPDB Kanji Freq: 1606,漢字の読みを入力してください,Text
封__筒__，水__筒__，円__筒__形,トウ,"［筒］凖二級
音: トウ／ズウ 訓: つつ
意味: 竹の茎の中空の部分、同「筩」。
細長い円柱状で内部が空洞になっている形のもの、同「筩」。",筒 → JPDB Kanji Freq: 1605,漢字の読みを入力してください,Text
__鋼__鉄，__鋼__材，製__鋼__,コウ,"［鋼］五級
音: コウ 訓: はがね
意味: 焼(やき)を入れて堅く強く鍛(きた)えた鉄、鋼鉄(コウテツ)。
堅く強いさま。",鋼 → JPDB Kanji Freq: 1604,漢字の読みを入力してください,Text
__滞__在，__滞__貨，沈__滞__,タイ,"［滞］三級
音: テイ／ダイ／タイ 訓: とどこお・る
意味: 動きが止まってなかなか流れない、止まったままなかなか動かない。",滞 → JPDB Kanji Freq: 1603,漢字の読みを入力してください,Text
"清__澄__，__澄__明
〔文〕すみきったようす。
「━な空気」",チョウ,"［澄］四級
音: チョウ／ジョウ 訓: す・む
意味: 泥などの汚(よご)れが沈んで水が透(す)き通る、同「澂」「瀓」。",澄 → JPDB Kanji Freq: 1602,漢字の読みを入力してください,Text
頻__繁__，__繁__栄，__繁__茂，__繁__華街,ハン,"［繁］四級
音: ハン／ボン 訓: しげ・る
意味: (馬の鬣たてがみの)房状の飾り、同「緐」「𥿋」。
数や回数が多いさま、夥(おびただ)しいさま。
盛んなさま、勢いや活力があるさま、繁華(ハンカ)(花が咲き乱れるさま賑にぎやかなさま)」。",繁 → JPDB Kanji Freq: 1601,漢字の読みを入力してください,Text
__沿__海，__沿__線，__沿__革,エン,"［沿］五級
音: エン 訓: そ・う
意味: 水が川筋に順(したが)って流れる、道筋に従って行く、逆方向に行くのは「溯」。
習慣や先例・指示や命令に従って行動する。
水の縁(へり)、ものの縁。",沿 → JPDB Kanji Freq: 1600,漢字の読みを入力してください,Text
拉__麺__，__麺__類,メン,"［麺］二級
音: ベン／メン 訓: 
意味: 小麦などを挽(ひ)いて粉末状にしたもの、麵粉(メンフン)、同「麪」。
小麦粉などを使った各種食品、餅状(平らに延ばしたもの)また麺状(細くしたもの)にしたものなど、同「麪」、「麺麭、麺包・面包(ミィェンバォ・メンホウ)(パンpão葡)」、湯麺・湯面(タンミィェン・タンメン)(汁そば)」。",麺 → JPDB Kanji Freq: 1599,漢字の読みを入力してください,Text
__帽__子，脱__帽__，無__帽__,ボウ,"［帽］四級
音: ボウ／モウ 訓: 
意味: 頭巾ズキン、頭に被(かぶ)るものの総称。
物の頭に被せるもの、キャップcap。",帽 → JPDB Kanji Freq: 1598,漢字の読みを入力してください,Text
__贈__与，__贈__呈，__贈__答,"ゾウ,ソウ","［贈］四級
音: ソウ／ゾウ 訓: おく・る
意味: 相手が貰って嬉しいと思うもの(相手が喜ぶもの)を送る。
死後に爵位や称号を与える。",贈 → JPDB Kanji Freq: 1597,漢字の読みを入力してください,Text
__瓶__，__瓶__詰，花__瓶__,ビン,"［瓶］凖二級
音: ヘイ／ビョウ／ビン 訓: かめ
意味: 口が小さく首が窄(すぼ)んで腹がやや膨(ふく)らんだ容器、胴回りの大きさに比べて背が高い、同「壜」{器(瓶)}{器(瓶)}。
日液体を入れる容器、同「罎」「壜」。",瓶 → JPDB Kanji Freq: 1596,漢字の読みを入力してください,Text
南無阿__弥__陀仏，__弥__陀仏，__弥__撒,ミ,"［弥］二級
音: ビ／ミ 訓: や／いや
意味: 遥(はる)か遠いさま、はるか遠くまで続いているさま。
大きく広がるさま、隅々まで広がるさま。
遠くまで、隅々まで、余すところなく、遍(あまね)く。
久しい、長い間変わることなく続いている、同「镾」。
いよいよ、益々(ますます)。
「阿彌陀佛、阿弥陀仏アミダブツ(Amitābha、Amitāyus梵)」「彌勒菩薩、弥勒菩薩ミロクボサツ(Maitreya梵。",弥 → JPDB Kanji Freq: 1594,漢字の読みを入力してください,Text
弥縫,ビ,"［弥］二級
音: ビ／ミ 訓: や／いや
意味: 遥(はる)か遠いさま、はるか遠くまで続いているさま。
大きく広がるさま、隅々まで広がるさま。
遠くまで、隅々まで、余すところなく、遍(あまね)く。
久しい、長い間変わることなく続いている、同「镾」。
いよいよ、益々(ますます)。
「阿彌陀佛、阿弥陀仏アミダブツ(Amitābha、Amitāyus梵)」「彌勒菩薩、弥勒菩薩ミロクボサツ(Maitreya梵。",弥 → JPDB Kanji Freq: 1594,漢字の読みを入力してください,Text
__妄__信，__妄__想，迷__妄__,モウ,"［妄］凖二級
音: ボウ／モウ 訓: みだ・りに
意味: 馬鹿げた、いい加減な、根拠のない、非現実的な。
みだ・り、みだ・りに、やたらに、手当たり次第に、考えもなしに。",妄 → JPDB Kanji Freq: 1591,漢字の読みを入力してください,Text
__妄__言,ボウ,"［妄］凖二級
音: ボウ／モウ 訓: みだ・りに
意味: 馬鹿げた、いい加減な、根拠のない、非現実的な。
みだ・り、みだ・りに、やたらに、手当たり次第に、考えもなしに。",妄 → JPDB Kanji Freq: 1591,漢字の読みを入力してください,Text
伯__叔__,シュク,"［叔］凖二級
音: シュク／スク 訓: 
意味: 兄弟の上から三番目、兄弟は年長者から順に「伯・仲・叔・季」といい、「叔」は上から三番目に当たる。
(妻の立場から)夫の弟。
父親の弟、兄は「伯」。
叔父(シュクフ)(おじ)」父親の弟日父母の弟、父母の妹の夫。
叔母(シュクボ)(おば)」父親の弟の妻日。",叔 → JPDB Kanji Freq: 1589,漢字の読みを入力してください,Text
乗車__券__，旅__券__，債__券__,ケン,"［券］五級
音: ケン／コン 訓: 
意味: 手形、割符、木或いは竹の札に契約(約束)内容を書きこれを半分に割って双方が持ち真正な相手の証(あかし)としたもの。
券書(ケンショ)、契約約束)の内容を書いた書類、証文。
切符、切手。",券 → JPDB Kanji Freq: 1587,漢字の読みを入力してください,Text
__愉__快，__愉__悦,ユ,"［愉］凖二級
音: ユ 訓: たの・しむ
意味: 思い悩むことも気に掛かることもなく楽しい、また楽しむ、悦(よろこ)ぶ。",愉 → JPDB Kanji Freq: 1585,漢字の読みを入力してください,Text
__虐__待，__虐__殺，残__虐__,ギャク,"［虐］三級
音: ギャク 訓: しいた・げる
意味: 酷(むご)い仕打ちをする、苛(いじめ)め苦しめる。",虐 → JPDB Kanji Freq: 1584,漢字の読みを入力してください,Text
__虎__穴，猛__虎__,コ,"［虎］二級
音: コ／ク 訓: とら
意味: 虎(トラ)、ネコ科ヒョウ属の動物の総称、同「俿」「乕」。
勇猛ユウモウなさま、猛猛(たけだけ)しいさま。
凶暴なさま。",虎 → JPDB Kanji Freq: 1583,漢字の読みを入力してください,Text
__著__名，__著__作，顕__著__,チョ,"［著］五級
音: チョ／チャク／ジャク 訓: あらわ・す／いちじる・しい
意味: 他との違い(或いは正誤)をはっきりと示す、誰の目にも明らかにする、明確にする、同「箸」「𣋐」。
(間違いや誤解がないように)文章などに書き表す、書かれた文章、同「箸」「𣋐」。
明らかなさま、他との違いがはっきり分かるさま、同「箸」「𣋐」。
着(つ)く、付く、付着する、同「着」。
着(つ)く、到着する、同「着」。
着(き)る、衣服を身に付ける、同「着」。",著 → JPDB Kanji Freq: 1582,漢字の読みを入力してください,Text
__苛__酷，__苛__烈,カ,"［苛］二級
音: カ／ガ 訓: いじ・める／さいな・む／いら
意味: 厳(きび)しいさま、過酷カコクなさま、苛政(カセイ)(民に対する厳しい政治)」。
いじ・める、さいな・む、厳しく要求して苦しめる、叱(しか)る。
細(こま)かい、細々している、、煩苛(ハンカ)(細かく煩わしいさま)」。
日いら、煩(わずら)わしくどうしてよいか分からないさま、「苛苛(いらいら)」。",苛 → JPDB Kanji Freq: 1581,漢字の読みを入力してください,Text
詐__欺__，__欺__瞞,ギ,"［欺］三級
音: キ／コ／ギ 訓: あざむ・く
意味: 偽(いつわ)る、騙(だま)す。
相手を軽(かろ)んじる、馬鹿にする。",欺 → JPDB Kanji Freq: 1580,漢字の読みを入力してください,Text
__凝__固，__凝__結，__凝__視,ギョウ,"［凝］三級
音: ギョウ 訓: こ・る／こ・らす
意味: (水が)凍る、凍って固まる。
固まって動かない、揺(ゆ)るがない。
一カ所に集める、一点に集中させる。",凝 → JPDB Kanji Freq: 1579,漢字の読みを入力してください,Text
__往__復，__往__来，既__往__症,オウ,"［往］六級
音: オウ 訓: い・く／ゆ・く
意味: 目的とする方に向かって行く、遠ざかって行く、去って行く、手前に向かって来るのは「復」。
過ぎ去る、行ってしまう。
以前、昔、嘗(かつ)て。
死ぬ、「死後の世界に行く、去って行く」の意。",往 → JPDB Kanji Freq: 1578,漢字の読みを入力してください,Text
__赦__免，大__赦__，恩__赦__,シャ,"［赦］三級
音: シャ 訓: ゆる・す
意味: そのままにしておく、捨て置く、同「舎」。
寛大に処遇する、同「宥」。
過ちを見逃(みのが)す、罪を犯したことは認められるが(情状を酌んで)罪を問わない、また減免する。",赦 → JPDB Kanji Freq: 1577,漢字の読みを入力してください,Text
__刊__行，発__刊__，週__刊__,カン,"［刊］六級
音: カン 訓: 
意味: (木などを)切る、削(そ)ぐ。
削(けず)る、削り取る。
(版木や石に文字などを)刻(きざ)み込む、彫(ほ)る、刊正(カンセイ)(誤った部分を削り取って彫り直すこと)」。",刊 → JPDB Kanji Freq: 1576,漢字の読みを入力してください,Text
__卓__越，__卓__球，食__卓__,タク,"［卓］三級
音: タク 訓: 
意味: ひときわ大きいさま、ひときわ高いさま、抜きん出ているさま。
日机、テーブルtable、中国では「桌」。",卓 → JPDB Kanji Freq: 1575,漢字の読みを入力してください,Text
__葬__儀，埋__葬__，会__葬__,ソウ,"［葬］三級
音: ソウ 訓: ほうむ・る
意味: 周りから見えないように覆(おお)い隠(かく)す。
死者を他人の目に触れないように隠(かく)す、死者を土に埋める、同「𦽱」。",葬 → JPDB Kanji Freq: 1573,漢字の読みを入力してください,Text
__駐__車，__駐__在，進__駐__,チュウ,"［駐］三級
音: チュウ 訓: 
意味: 馬また馬車を停(と)めておく。
止まって同じ場所や状態に留(とど)まる、一般には「停」よりも長期間留まることをいう。",駐 → JPDB Kanji Freq: 1572,漢字の読みを入力してください,Text
__痴__情，愚__痴__,チ,"［痴］凖二級
音: チ 訓: し・れる
意味: 無知なさま、愚かなさま、同「𠈴」。
物事の認識や判断が正常にできない、またそのような病気。
思慮シリョが足りない、またそのような振る舞い。",痴 → JPDB Kanji Freq: 1571,漢字の読みを入力してください,Text
__斉__唱，一__斉__,セイ,"［斉］凖二級
音: セイ／ザイ／サイ／セ 訓: ひと・しい／ととの・う
意味: (穀物の穂が)凸凹(でこぼこ)せずに平らに揃っている。
多くのものが凸凹せずに揃っている、偏(かたよ)らずに整(ととの)っている。
長さや重さなどが揃っている、等(ひと)しい。
ちょうどよい具合に整える、きちんと揃える。
周代(西周)から戦国時代にかけての国名、前11世紀～前221年、姜キョウ氏による「姜齊(前11世紀～前379年)」と後の田デン氏による「田齊(前386年～前221年)」とに呼び分ける{春秋時代}。
南北朝時代の王朝名、479年～502年、別名「南齊」{南北朝時代}。
南北朝時代の王朝名、550年～577年、別名「北齊」{南北朝時代}。",斉 → JPDB Kanji Freq: 1570,漢字の読みを入力してください,Text
__敏__速，機__敏__，鋭__敏__,ビン,"［敏］四級
音: ビン／ミン 訓: さと・い
意味: 速(はや)い、動作や反応が速い、理解や判断が速い。",敏 → JPDB Kanji Freq: 1568,漢字の読みを入力してください,Text
__浸__水，__浸__透,シン,"［浸］四級
音: シン 訓: ひた・す／し・みる
意味: ひた・す、ひた・る、液体の中にすっぽりと入れる、ものが水の中に隠れる、同「濅」。
し・みる、液体がじわじわと中に入り込む、滲(し)み込む、滲(し)み込ませる、同「濅」「寖」「䆮」。
じわじわと、徐々に、少しずつ、同「漸」「濅」「寖」。",浸 → JPDB Kanji Freq: 1567,漢字の読みを入力してください,Text
__洞__穴，__洞__察，空__洞__,ドウ,"［洞］凖二級
音: トウ／ズウ／ドウ 訓: ほら
意味: 奥深くにまで通ツウじているさま。
突き抜ける、通じる、貫(つらぬ)く。
洞達(ドウタツ)どこまでも通じているさま物事について奥深いところまで知り及んでいるさま。
鴻洞(コウドウ)、どこまでも途切れることなく続いている(続く)さま。
奥深くまで通じている穴、反対側まで突き抜けている穴、洞穴(ドウケツ)、同「䆚」。
洞庭(ドウテイ)大きく開けたところ、広大な庭湖南省北部にある湖名{湖南省}。",洞 → JPDB Kanji Freq: 1565,漢字の読みを入力してください,Text
__核__心，__核__反応，結__核__,カク,"［核］凖二級
音: カク／ギャク 訓: 
意味: 内果皮ナイカヒ、モモ桃やウメ梅などの果実の内部の種(たね)を包んでいる堅い殻、或いは種、同「覈」「𣝗」。
物事の心シン(中心、核心、本質、真実)、同「覈」。
調べて(堅い核を穿ち剥いで)物事の本質・真実を明らかにする、同「覈」。",核 → JPDB Kanji Freq: 1564,漢字の読みを入力してください,Text
__貼__付，__貼__用,チョウ,"［貼］二級
音: チョウ／テン 訓: は・る
意味: 接近する、ぴったりとくっつく、くっつける。
ぺったりと(点状や線状ではなく面状に)張り付く、また付着する、また張り付ける。",貼 → JPDB Kanji Freq: 1563,漢字の読みを入力してください,Text
__摩__擦，__摩__天楼,マ,"［摩］凖二級
音: バ／マ 訓: さす・る／す・る
意味: 手で押さえ撫(な)でる、軽く擦る。
擦(こす)って磨(みが)く、(知識や技能を)研(みが)く。
触れる、触れる程に間近まで迫る。",摩 → JPDB Kanji Freq: 1562,漢字の読みを入力してください,Text
諸__侯__，王__侯__,コウ,"［侯］凖二級
音: コウ／グ 訓: 
意味: 弓で矢を射るときの的(まと)、同「帿」。
君主から領地の統治を認められた領主の称号、諸侯(ショコウ)という、諸侯国(ショコウコク)、諸侯が統治する国」
爵位シャクイ(上位から「公・侯・伯・子・男」)の第二位
これ、文頭に置いて語調を整える語。",侯 → JPDB Kanji Freq: 1560,漢字の読みを入力してください,Text
__拘__束，__拘__留，__拘__置,コウ,"［拘］三級
音: コウ／ク 訓: こだわ・る／かかわ・る
意味: 「掌(てのひら)の中に入れ指を閉じて握(にぎ)る」「腕を回して抱(かか)える」のように、周りを取り囲んで押さえ自由に動けないようにする、束縛ソクバクする、拘束(コウソク)。
こだわ・る、あることに囚(とら)われる、また縛(しば)られる、固執コシツする、拘泥(コウデイ)。
不拘(フコウ)(かかわらず)」～に縛られることなく～に関係なく。",拘 → JPDB Kanji Freq: 1558,漢字の読みを入力してください,Text
__漂__着，__漂__白，__漂__流,ヒョウ,"［漂］三級
音: ヒョウ 訓: ただよ・う
意味: 水面に(或いは水中に)浮く、浮かんで流れるままにする。
風や水の流れに任せて位置を変える、思いに任せて彷徨(さまよ)う。
水中で揺らす、また揺らすようにして洗う。
(薬剤を加えた)水で濯(すす)ぐ、またそれによって不純物を取り除いたり白くしたりする。",漂 → JPDB Kanji Freq: 1557,漢字の読みを入力してください,Text
__析__出，分__析__，解__析__,セキ,"［析］凖二級
音: セキ／シャク 訓: 
意味: 裂(さ)く、切り割(さ)く。
分ける、別ける、切り分ける。
ものの本質・性質を知るためにばらばらに分ける。",析 → JPDB Kanji Freq: 1556,漢字の読みを入力してください,Text
__粘__土，__粘__液，__粘__着,ネン,"［粘］三級
音: デン／ネン 訓: ねば・る
意味: 糊のように柔らかくくっつき易い、ねばねばする、べとべとする。",粘 → JPDB Kanji Freq: 1555,漢字の読みを入力してください,Text
営__巣__，卵__巣__，病__巣__,ソウ,"［巣］七級
音: ソウ／ジョウ 訓: す
意味: 木の上に作られた栖(す、鳥の巣)、動物の凹状・穴状の住処すみか、またそれを造る。
(他からは見えにくい、探しにくい)特に悪人などの住処、隠れ家(が)。
巣菜(ソウサイ)、スズメノエンドウ雀野豌豆、マメ科ソラマメ属の草、別名、苕菜(チョウサイ){スズメノエンドウ}。",巣 → JPDB Kanji Freq: 1554,漢字の読みを入力してください,Text
__肢__体，下__肢__，選択__肢__,シ,"［肢］凖二級
音: シ 訓: 
意味: 胴から分かれ出て伸びる腕や足、四肢(シシ)(両腕と両足)」、同「𨈛」「𩨵」{人体(上肢)}{人体(下肢)}。
枝(えだ)、幹(みき)となる部分から枝状に分かれ出たもの、同「支」「枝」。",肢 → JPDB Kanji Freq: 1553,漢字の読みを入力してください,Text
__嘆__息，__嘆__願，驚__嘆__,タン,"［嘆］四級
音: タン 訓: なげ・く／なげ・かわしい
意味: 大きく息を吐(は)く、悲しんで(悲嘆ヒタン)・心を痛めて(哀嘆アイタン)・あれこれと思い煩(わずら)って(憂嘆ユウタン)・胸が詰まって(慨嘆ガイタン)・心が揺さぶられて(感嘆カンタン)・驚き感心して(驚嘆キョウタン)・褒(ほ)め称(たた)えて(賞嘆ショウタン)大きく息を吐く、同「歎」(「嘆」と「歎」は同音同義字だが、古くは「歎(喜樂の際の嘆息)」と「嘆(怒哀の際の嘆息)」とは別義であったという。",嘆 → JPDB Kanji Freq: 1552,漢字の読みを入力してください,Text
__購__入，__購__買，__購__読,コウ,"［購］凖二級
音: コウ／ク 訓: あがな・う
意味: 財貨を出して欲しいものを手に入れる、買う、購買(コウバイ)、購入(コウニュウ)。
賞金を掛け欲しいものを募(つの)る、、購募(コウボ)。
タカヨモギ高蓬、キク科ヨモギ属の草、同、蔏蔞(ショウロウ)、蔞蒿(ロウコウ){タカヨモギ}。",購 → JPDB Kanji Freq: 1551,漢字の読みを入力してください,Text
__奉__納，__奉__仕，信__奉__,ホウ,"［奉］三級
音: ホウ／ブ 訓: たてまつ・る
意味: 恭(うやうや)しく両手で捧(ささ)げ持つ、両手で捧げ持ち差し上げる、献上する、同「捧」。
身を捧げ仕える、献身的に仕える。
上位者からの授(さず)かりものや命令・意向を下位者が(ありがたく)受ける、承(うけたまわ)る、賜(たまわ)る、同「承」。
奉承(ホウショウ)、相手を持ち上げる、煽(おだ)てる。
奉行(ホウコウ・ブギョウ)、主君からの指示・命令に従う、また執(と)り行う。",奉 → JPDB Kanji Freq: 1549,漢字の読みを入力してください,Text
__奉__行,ブ,"［奉］三級
音: ホウ／ブ 訓: たてまつ・る
意味: 恭(うやうや)しく両手で捧(ささ)げ持つ、両手で捧げ持ち差し上げる、献上する、同「捧」。
身を捧げ仕える、献身的に仕える。
上位者からの授(さず)かりものや命令・意向を下位者が(ありがたく)受ける、承(うけたまわ)る、賜(たまわ)る、同「承」。
奉承(ホウショウ)、相手を持ち上げる、煽(おだ)てる。
奉行(ホウコウ・ブギョウ)、主君からの指示・命令に従う、また執(と)り行う。",奉 → JPDB Kanji Freq: 1549,漢字の読みを入力してください,Text
__喫__煙，満__喫__，__喫__する,キツ,"［喫］三級
音: ケキ／キャク／キツ／ケイ／ケ 訓: 
意味: 食べる、飲む、吸う、物を口から体の中に入れる、同「吃」。
打撃や衝撃を食(く)らう、受ける。",喫 → JPDB Kanji Freq: 1548,漢字の読みを入力してください,Text
__託__す，__託__宣，委__託__，結__託__,タク,"［託］三級
音: タク 訓: かこつ・ける
意味: 自分のものを他人(ひと)に預(あず)け、その取り扱いをその人の裁量サイリョウに委(ゆだ)ねる、信頼して任(まか)せる、安心して委(ゆだ)ねる、同「乇」「仛」「侂」「托」。
かこつ・ける、他のことを口実にする、他の物事に事寄(ことよ)せる、～を口実にして～する。",託 → JPDB Kanji Freq: 1547,漢字の読みを入力してください,Text
__寸__法，__寸__暇，一__寸__先，三__寸__,スン,"［寸］五級
音: ソン／スン 訓: 
意味: 長さの単位、1寸=10分、10寸=1尺{各種単位}。
非常に短い、(時間が、長さが)ほんの少し。
すん、すんづくり、部首名。",寸 → JPDB Kanji Freq: 1546,漢字の読みを入力してください,Text
嫉__妬__，__妬__心,ト,"［妬］二級
音: ト／ツ 訓: ねた・む
意味: 自分と比較して他人がより美しい・可愛がられる・幸せである・優れていることなどを羨(うらや)み憎(にく)らしく思う、焼餅(やきもち)を焼く(妬く)、また妻(女性)のその様子、嫉妬(シット)、妬忌(トキ)、妬媢(トボウ)。",妬 → JPDB Kanji Freq: 1545,漢字の読みを入力してください,Text
__戯__曲，遊__戯__，児__戯__,ギ,"［戯］四級
音: キ／ケ／ギ／ゲ 訓: たわむ・れる／ざ・れる／おど・ける
意味: 面白(おもしろ)おかしく遊ぶ、手に取ってしつこく触れたり眺めたりして喜ぶ、ふざける、「戯」はそうした行為を指し言葉を弄ぶのは「謔」。
舞踊や芝居、「愉快に楽しむもの」の意。
戦で指揮する大将の旗印、同「麾」。
「ああ」「はあ」という溜息。",戯 → JPDB Kanji Freq: 1544,漢字の読みを入力してください,Text
__牙__城，歯__牙__,ガ,"［牙］二級
音: ガ／ゲ 訓: きば
意味: 動物の鋭く尖った大きな歯、前歯(切歯セッシ)と奥歯(臼歯キュウシ)の間にある犬歯ケンシ。
(牙のように)尖って突き出た形のもの。
ゾウ象(ゾウ科の哺乳類)の長く伸びた門歯モンシ(切歯)、象牙(ゾウゲ)。
官庁舎・役所の古称、後には「衙」が用いられる、軍の主将の居城を、牙城(ガジョウ)、そこに掲げられる旗を、牙旗(ガキ)。
仲買人(なかがいにん)。",牙 → JPDB Kanji Freq: 1543,漢字の読みを入力してください,Text
"象__牙__
ゾウのきば。",ゲ,"［牙］二級
音: ガ／ゲ 訓: きば
意味: 動物の鋭く尖った大きな歯、前歯(切歯セッシ)と奥歯(臼歯キュウシ)の間にある犬歯ケンシ。
(牙のように)尖って突き出た形のもの。
ゾウ象(ゾウ科の哺乳類)の長く伸びた門歯モンシ(切歯)、象牙(ゾウゲ)。
官庁舎・役所の古称、後には「衙」が用いられる、軍の主将の居城を、牙城(ガジョウ)、そこに掲げられる旗を、牙旗(ガキ)。
仲買人(なかがいにん)。",牙 → JPDB Kanji Freq: 1543,漢字の読みを入力してください,Text
__惨__劇，悲__惨__，陰__惨__,サン,"［惨］四級
音: サン／ソン／ザン 訓: みじ・め／むご・い／むご・たらしい
意味: 心が痛(いた)む、心を痛める。
痛ましい、哀(あわ)れで痛々しい。
(程度が)激しい、甚(はなは)だしい、酷(ひど)い。",惨 → JPDB Kanji Freq: 1542,漢字の読みを入力してください,Text
__惨__死，__惨__殺,ザン,"［惨］四級
音: サン／ソン／ザン 訓: みじ・め／むご・い／むご・たらしい
意味: 心が痛(いた)む、心を痛める。
痛ましい、哀(あわ)れで痛々しい。
(程度が)激しい、甚(はなは)だしい、酷(ひど)い。",惨 → JPDB Kanji Freq: 1542,漢字の読みを入力してください,Text
__旗__手，__旗__艦，国__旗__,キ,"［旗］七級
音: キ／ギ 訓: はた
意味: 布や紙などを方形(四角形や長方形)に作り目印としたもの、するものの総称。
清代(1644年～1912年)の蒙古族の軍の編成単位。
内蒙古自治区(内モンゴル自治区)の行政単位{内蒙古自治区}。",旗 → JPDB Kanji Freq: 1541,漢字の読みを入力してください,Text
__傘__下，落下__傘__,サン,"［傘］凖二級
音: サン 訓: かさ
意味: 頭上に翳(かざ)し雨や日差しを遮(さえぎ)るためのもので、手で持つための柄(え)が付いているもの、同「簦」「繖」。
(傘のように)頭上を覆(おお)うもの。",傘 → JPDB Kanji Freq: 1540,漢字の読みを入力してください,Text
__陥__落，__陥__没，欠__陥__,カン,"［陥］凖二級
音: カン／ゲン 訓: おちい・る／おとしい・れる
意味: 穴、地面が落ち窪(くぼ)んだ穴、同「臽」。
落とし穴、陷阱・陷穽(カンセイ)。
穴に落ち込む、穴に填(は)まり込む。
穴や罠(わな)に落とし入れる、攻め落とす。",陥 → JPDB Kanji Freq: 1539,漢字の読みを入力してください,Text
__塊__状，山__塊__,カイ,"［塊］三級
音: カイ／ケ 訓: かたまり／くれ
意味: かたまり、土の固まり、元はばらばらなものが固まって一つになったもの、ばらばらなものが纏(まと)まって一つになったもの。
周りとはちがってそこだけ、一つだけ、一人だけ。",塊 → JPDB Kanji Freq: 1538,漢字の読みを入力してください,Text
__慰__安，__慰__問，__慰__労,イ,"［慰］三級
音: イ 訓: なぐさ・める／なぐさ・み
意味: 気持ちを安(やす)らげ和(なご)ませる、宥(なだ)め落ち着かせる。
心が安らぐ、安心する。
日心を楽しませるもの(こと)。",慰 → JPDB Kanji Freq: 1535,漢字の読みを入力してください,Text
__促__進，__促__成，催__促__,ソク,"［促］三級
音: ショク／ソク 訓: うなが・す
意味: 時間や距離の間隔が狭(せま)い、狭(せば)まる、狭める。
間を置かずに、すぐに。
うなが・す、急(せ)き立てる、急(せ)かす。
偓促(アクソク・アクセク)、同「齷齪」狭くゆとりがないさま、間(ま)がないさませかせかとしていて(こせこせとしていて)ゆとりがないさま、度量ドリョウが狭く小さいさま。",促 → JPDB Kanji Freq: 1534,漢字の読みを入力してください,Text
水__稲__，陸__稲__,トウ,"［稲］四級
音: トウ／ドウ 訓: いね／いな
意味: 稲(イネ)、イネ科イネ属の穀物、また同科同属の植物の称、その実を「米」(中国では、大米(タァミ)ー」)という{イネ}。",稲 → JPDB Kanji Freq: 1533,漢字の読みを入力してください,Text
__錬__金術，鍛__錬__，精__錬__,レン,"［錬］三級
音: レン 訓: ね・る
意味: 金属を溶かし不純物を取り除く、また不純物を取り除いて質を高める、同「煉」。
鍛(きた)える、鍛練タンレンする、修練や訓練を重ねて精神や技術を研(みが)く、同「煉」。
金属を輪状に作り繋いだ鎖(くさり)、同「鏈」。
錬𨬍(レンタ)、轂(こしき、車輪中央にある円筒形の部品)の一部である、軹端(シタン)(車輪の外側に突き出た部分)」や、賢端(ケンタン)(内側に突き出た部分)」の円筒状の部品、同「輨」「軑」{乗物(車輪)}。",錬 → JPDB Kanji Freq: 1531,漢字の読みを入力してください,Text
__勧__誘，__勧__奨，__勧__告,カン,"［勧］四級
音: ケン／コン／カン 訓: すす・める
意味: 手を貸し励(はげ)まし促(うなが)す、繰返し促す。",勧 → JPDB Kanji Freq: 1529,漢字の読みを入力してください,Text
__岐__路，分__岐__，多__岐__,キ,"［岐］七級
音: キ／ギ 訓: 
意味: 本道から枝分かれした道、同「歧」、岐路(キロ)。
もとになるものから(幾つもに)枝分かれする、離れていく、同「歧」。",岐 → JPDB Kanji Freq: 1528,漢字の読みを入力してください,Text
__斗__酒，北__斗__七星,ト,"［斗］三級
音: トウ／ツ／ト 訓: ます
意味: 液体や物を掬(すく)う柄杓(ひしゃく)、また柄杓状のもの。
容量を量るための枡(ます){新莽嘉量}{新莽嘉量}。
容量の単位、1斗=10升、約2リットル、但し時代により差がある{各種単位}。
小さい。
急に、突然に、同「陡」。
闘(たたか)う、同「鬥」。
斗栱・枓栱(トキョウ・トウキョウ)、斗形(ますがた)、方形の木材(枓)とＵ字形の木材(栱)を組み合わせ建物の柱の上端に置き、それより上部の梁(はり)や桁(けた)を支える部材{建物}。
二十八宿北方玄武ゲンブの一つ{二十八宿}。
繁「鬥」。
とます、部首名。",斗 → JPDB Kanji Freq: 1527,漢字の読みを入力してください,Text
御__仁__，__仁__義，__仁__術,ジン,"［仁］五級
音: ジン／ニン／ニ 訓: ひと
意味: 人を思い遣(や)る、また愛する、またその心持ち。
人、特に思い遣りの心のある人。
果実の核カク(果実の殻に覆われた種の中身、中心にあるもの)。",仁 → JPDB Kanji Freq: 1526,漢字の読みを入力してください,Text
__仁__王，__仁__王立ち,ニ,"［仁］五級
音: ジン／ニン／ニ 訓: ひと
意味: 人を思い遣(や)る、また愛する、またその心持ち。
人、特に思い遣りの心のある人。
果実の核カク(果実の殻に覆われた種の中身、中心にあるもの)。",仁 → JPDB Kanji Freq: 1526,漢字の読みを入力してください,Text
__丘__陵，砂__丘__,キュウ,"［丘］四級
音: キュウ／ク 訓: おか
意味: 地面から高く盛り上がった所、「山」「阜」よりも小さく低いもの。
高く土を盛り上げた墳墓。
大きいさま。
土地の広さを表す単位。",丘 → JPDB Kanji Freq: 1525,漢字の読みを入力してください,Text
__排__斥，__排__気，__排__除,ハイ,"［排］三級
音: ハイ／ベ 訓: 
意味: 閉じているものを押して開(あ)ける、両側に押し開(ひら)く。
斥(しりぞ)ける、押し退(の)ける、押し除(の)ける、追い遣(や)る、排斥(ハイセキ)。
順に並べる、きちんと並べる、排列・配列(ハイレツ)。
横方向の列レツ。
敵の進攻を防ぐために横方向に兵を配置した隊、小隊ショウタイ。",排 → JPDB Kanji Freq: 1524,漢字の読みを入力してください,Text
__僅__差,キン,"［僅］二級
音: キン／ゴン 訓: わず・か
意味: ほんの少し、ほんの少しだけ、やっと～だけ、「必要とする分にほんの少し足りない」「目的としたものにほんの少し及ばない(届かない)状態」を指す、同簡「仅」、同「㝻」。",僅 → JPDB Kanji Freq: 1523,漢字の読みを入力してください,Text
__穂__状，出__穂__期,スイ,"［穂］三級
音: スイ／ズイ 訓: ほ
意味: 長い茎(くき)の先に多数の小花・実や芒(ボウ、のぎ、細い毛状のもの)が並ぶように付いたもの、またそのような形状のもの{花序}参照。
日筆ヒツ(ふで)や槍ソウ(やり)などの尖(とが)っているものの先(さき)。",穂 → JPDB Kanji Freq: 1522,漢字の読みを入力してください,Text
__漢__字，__漢__語，門外__漢__,カン,"［漢］八級
音: カン 訓: から
意味: 陝西省漢中市西北部を源とする川名、西流し湖北省武漢市で長江に
王朝名、前202年～9年、別名「西漢」「前漢」{漢代}。
王朝名、25年～220年、別名「東漢」「後漢」{漢代}。
三国時代の古国名、221年～263年、別名「蜀漢」{三国時代}。
成漢(セイカン)、晋代の古国名、303年～349年、元「成」と称した、別名、後蜀(ゴショク){晋(東晋)代}。
五代十国時代の古国名、「南漢(917年～971年)」「後漢(947年～950年)」「北漢(951年～979年)」{五代十国時代}。
中国最大の民族の名。
男、男性。
日中国、中国に関することを指す語。",漢 → JPDB Kanji Freq: 1518,漢字の読みを入力してください,Text
__伐__採，征__伐__，殺__伐__,バツ,"［伐］三級
音: ハツ／ボチ／バツ 訓: 
意味: 叩(たた)き切る。
討(う)つ、敵を討ち破る、同「傠」
功績や手柄(てがら)を自慢・吹聴(ふいちょう)する",伐 → JPDB Kanji Freq: 1517,漢字の読みを入力してください,Text
__劣__等，卑__劣__，優__劣__,レツ,"［劣］四級
音: レツ／レチ 訓: おと・る
意味: 他のものや標準的・平均的なものと比較して(まったく欠けているわけではないが、やや)少ない、また小さい、また足りない、また及ばない、また低い、また弱い、また良くない、同「𢚃」。",劣 → JPDB Kanji Freq: 1516,漢字の読みを入力してください,Text
__履__歴，__履__行，弊__履__,リ,"［履］凖二級
音: リ 訓: は・く／くつ
意味: くつ、靴(長靴)や鞋(短靴)などの足に纏うものの総称、古くは木底や革底の履物に中敷きや刺繍などの飾りを施したものを指し、藁などで作っただけの粗末な履物(㞜)と区別した{服飾(履物)}。
は・く、足に纏う。
足で踏む、歩む。
(人としての)道を踏み行く、人として守るべきことを守る。",履 → JPDB Kanji Freq: 1515,漢字の読みを入力してください,Text
__卑__近，__卑__屈，__卑__下,ヒ,"［卑］三級
音: ヒ 訓: いや・しい／いや・しめる
意味: 下にあるさま、低いさま、高いのは「尊」。
身分や地位などが低い
下等な、下品な、劣(おと)る、賤(いや)しい、貧(まず)しい
低くする、下げる。",卑 → JPDB Kanji Freq: 1514,漢字の読みを入力してください,Text
__均__等，__均__一，平__均__,キン,"［均］六級
音: キン／イン 訓: ひとし・い／なら・す
意味: (土地を)平等に或いは公平に分配する。
どれも同じように揃っている、偏(かたより)りがない、凹凸・大小・軽重などがない。
等しく、同じように。",均 → JPDB Kanji Freq: 1511,漢字の読みを入力してください,Text
__羨__望，__羨__道,セン,"［羨］二級
音: セン／ゼン／エン 訓: うらや・む
意味: 欲しがって涎(よだれ、同「㳄」)を垂らす。
有り余る、必要とする分を除いた残り。
墓に通じる道、同「埏」。",羨 → JPDB Kanji Freq: 1510,漢字の読みを入力してください,Text
__把__握，__把__捉，__把__持，三__把__，十__把__，一__把__（ワ）,ハ,"［把］凖二級
音: ハ／ヘ 訓: たば／わ
意味: 手の中に入れてしっかりと握る、周りからしっかりと押さえる、しっかりと握って持つ。
容器や道具の握り持つ部分{農具(鋤鍬類)}。
たば、わ、束ねたものを数える語、一般には一握り分を「1把」という。
数詞の後に置いて凡その数であることを示す語、例「百把人、凡そ百人、百人ほど」。",把 → JPDB Kanji Freq: 1509,漢字の読みを入力してください,Text
__釈__明，__釈__放，解__釈__,シャク,"［釈］四級
音: セキ／シャク 訓: 
意味: 解(と)く、縛られ固定されているものの縛りを解く、締め付けていたものを外して解き放つ。
固まって動かなかったものが解(ほぐ)れて動くようになる、氷解ヒョウカイする。
疑問などを解消する、難しいものを平易にする。
釈迦(シャカ)、仏教の開祖の名、古代インド北部の部族शाक्यシャーカャの出身であることからの名で、「釋迦」はその音写、釋迦牟尼(シャカムニ)。",釈 → JPDB Kanji Freq: 1508,漢字の読みを入力してください,Text
__却__下，退__却__，売__却__,キャク,"［却］四級
音: キャク／カク 訓: かえ・って
意味: 退(しりぞ)く、後退(あとずさ)りする、退却(タイキャク)。
退ける、受け入れずに返す、向かって来るものを押し返す、返却(ヘンキャク)。
かえ・って、逆に、反対に、却是(キャクシ)(～ではなくその逆で～である)」。",却 → JPDB Kanji Freq: 1507,漢字の読みを入力してください,Text
__桃__源郷，白__桃__，桜__桃__,トウ,"［桃］四級
音: トウ／ドウ 訓: もも
意味: 桃(モモ)、バラ科モモ属の木、また同属の木の総称、またその果実{モモ}。
桃(モモ)の果実に似た形のものを形容する語、桃(モモ)の花に似た色を形容する語、桃(モモ)の花の咲く季節を指す語。",桃 → JPDB Kanji Freq: 1506,漢字の読みを入力してください,Text
__灰__仭巫覡，__灰__燼，__灰__燼に帰す__灰__白色，石__灰__,カイ,"［灰］五級
音: カイ／ケ 訓: はい／あく
意味: ものが燃え尽(つ)きて再び燃やすことができない状態のもの、再び燃やすことができるものは「炭」。
ものを高温で燃やし尽くした後に残ったものの色、黒と白の中間の色。
(燃え尽きて)勢いや元気を失う。",灰 → JPDB Kanji Freq: 1505,漢字の読みを入力してください,Text
__覇__権，__覇__者，制__覇__,ハ,"［覇］凖二級
音: ハ／ヘ／ハク／ヒャク 訓: 
意味: 武力で支配する、また権力を握る。
支配下にある(或いは同盟関係にある)諸侯の長チョウ、首領シュリョウ。
新月の後に初めて見える細い月、同「𣍸」。
月の太陽の光が当たらない(薄っすらと見える)部分、同「魄」、死霸・死魄(シハク)(新月、次第に「魄」の部分が小さくなっていくことから「死魄」)」、生霸・生魄(セイハク)(満月、次第に「魄」の部分が大きくなっていくことから「生魄」)」。",覇 → JPDB Kanji Freq: 1504,漢字の読みを入力してください,Text
"__須__臾，__須__要
短い時間。しばらくの間。ほんの少しの間。",シュ,"［須］二級
音: シュ／ス 訓: すべか・らく
意味: 顎(あご)や口周りなどの顔の毛、特に顎鬚(あごひげ)、同「鬚」。
胡須(コシュ)顎鬚(あごひげ)頭髪を除く顔の毛の総称、同「鬍鬚」胡子(コシ)。
ひげのように細いさま、須臾(シュユ)(ちょっとの間)」。
ひげのように細く柔らかく長いもの、同「鬚」、「花須(カシュ、花の蕊)」。
(人を)待つ、待ち受ける、待ち望む、同「䇓」。
是非とも思うようになって欲しいと思う、またそう思いながら待つ、同「需」。
すべか・らく、是非とも～しなければならない、、必須(ヒッス)。
越須慮(シュリョ)、船。
簡「须」",須 → JPDB Kanji Freq: 1503,漢字の読みを入力してください,Text
必__須__,ス,"［須］二級
音: シュ／ス 訓: すべか・らく
意味: 顎(あご)や口周りなどの顔の毛、特に顎鬚(あごひげ)、同「鬚」。
胡須(コシュ)顎鬚(あごひげ)頭髪を除く顔の毛の総称、同「鬍鬚」胡子(コシ)。
ひげのように細いさま、須臾(シュユ)(ちょっとの間)」。
ひげのように細く柔らかく長いもの、同「鬚」、「花須(カシュ、花の蕊)」。
(人を)待つ、待ち受ける、待ち望む、同「䇓」。
是非とも思うようになって欲しいと思う、またそう思いながら待つ、同「需」。
すべか・らく、是非とも～しなければならない、、必須(ヒッス)。
越須慮(シュリョ)、船。
簡「须」",須 → JPDB Kanji Freq: 1503,漢字の読みを入力してください,Text
薬__剤__師，錠__剤__，消化__剤__,ザイ,"［剤］四級
音: セイ／ザイ 訓: 
意味: ちょうどよい具合に整える、同「斉」。
草木を切り揃える。
薬の効果がちょうどよい具合になるように調合する。
調合された薬を数える単位、一劑＝服用一回分。
質札(しちふだ)、金銭の貸借などの契約内容を書いた札、これを半分にし証拠として双方が持つ、同「劕」。",剤 → JPDB Kanji Freq: 1502,漢字の読みを入力してください,Text
__暖__流，__暖__房，温__暖__,ダン,"［暖］五級
音: ダン／ナン／ノン 訓: あたた・かい／あたた・まる／あたた・める
意味: 日光が当たってぽかぽかと暑くもなく寒くもなく程良いさま、穏(おだ)やかな陽気であるさま、同「㬉」「暄」、「温」は液体などが程よい温度であること、「煖」は火が当たって程よい温度であること。",暖 → JPDB Kanji Freq: 1501,漢字の読みを入力してください,Text
書__籍__，戸__籍__，本__籍__,セキ,"［籍］三級
音: セキ／ジャク 訓: ふみ
意味: 書物、文書。
人(家族・家族関係・居住所など)や土地(場所・位置・所有者など)などの明細を記録した文書、所属や所有関係を記した文書。
門籍(モンセキ)、その人の血縁関係などを証する札、通行証、審査を受けたうえで発行された。
登記する、記載する
書き記(しる)す、記録する
(天子や諸侯が祭礼用の穀物を)耕す、耕作する、同「藉」。
籍田(セキデン)、天子や諸侯が祭祀の際に供える穀物を収穫するための田。",籍 → JPDB Kanji Freq: 1500,漢字の読みを入力してください,Text
__輸__出，__輸__送，運__輸__,ユ,"［輸］六級
音: シュ／ス／ユ 訓: 
意味: ものを(車に乗せて)別の場所に運ぶ、ものを送る、またその品物。
(勝負に)敗(やぶ)れる、敗(ま)ける。",輸 → JPDB Kanji Freq: 1499,漢字の読みを入力してください,Text
__献__上，__献__身的，文__献__,ケン,"［献］凖二級
音: ケン／コン 訓: たてまつ・る
意味: 神や祖先にお供えを奉(ささ)げる。
目上の人や大切な客人に品物や酒食などを差し上げる。
故事や物事によく通じる、またその人、それらを記録に留めたものが「文献」。",献 → JPDB Kanji Freq: 1498,漢字の読みを入力してください,Text
__献__立，一__献__,コン,"［献］凖二級
音: ケン／コン 訓: たてまつ・る
意味: 神や祖先にお供えを奉(ささ)げる。
目上の人や大切な客人に品物や酒食などを差し上げる。
故事や物事によく通じる、またその人、それらを記録に留めたものが「文献」。",献 → JPDB Kanji Freq: 1498,漢字の読みを入力してください,Text
__撤__去，__撤__回，__撤__兵,テツ,"［撤］凖二級
音: テツ／テチ 訓: 
意味: 取り去る、取り除く、退(ど)かす、同「徹」。",撤 → JPDB Kanji Freq: 1497,漢字の読みを入力してください,Text
__籠__城，印__籠__,ロウ,"［籠］二級
音: ロウ／ル 訓: かご／こ・める／こ・もる
意味: 竹を編んで作った入れ物(盆状・桶状・笊状・筒状のものなど)の総称、またそれに入れる。
箙えびら、矢を入れて背負う竹製筒状(箱形・筒形・袋形など)の容器。
中に入(い)れる、閉じ込める、中に入(はい)る。",籠 → JPDB Kanji Freq: 1496,漢字の読みを入力してください,Text
果__汁__，墨__汁__,ジュウ,"［汁］凖二級
音: シュウ／ジュウ 訓: しる
意味: 水以外の物質を含んだ液体。",汁 → JPDB Kanji Freq: 1494,漢字の読みを入力してください,Text
__煮__沸,シャ,"［煮］四級
音: ショ／シャ 訓: に・る／に・える
意味: 食材に湯水を加え火にかけ熱を通す。",煮 → JPDB Kanji Freq: 1493,漢字の読みを入力してください,Text
__飽__和，__飽__食,ホウ,"［飽］三級
音: ホウ／ヒョウ 訓: あ・きる／あ・く／あ・くまで
意味: 十分に食べたり飲んだりして腹がいっぱいになる、満腹になる。
満ち足りる、満足する。
十分な量や程度を超える、もうこれ以上は要(い)らないというほどになる、十分に過ぎて嫌になる。
あ・くまで、満足するまで。",飽 → JPDB Kanji Freq: 1492,漢字の読みを入力してください,Text
__熟__練，__熟__慮，成__熟__,ジュク,"［熟］五級
音: シュク／ジュク／ズク 訓: う・れる／こな・れる／こな・す
意味: 食べ頃になるまで十分に火を通す、また煮る、また焼く、同「孰」。
十分に食べ頃になる、十分に良い状態になる、十分に成長する。
十分な状態になるまで～する。",熟 → JPDB Kanji Freq: 1491,漢字の読みを入力してください,Text
__兼__用，__兼__任，__兼__職,ケン,"［兼］四級
音: ケン 訓: か・ねる
意味: 穀物を両手に握り持つ、穀物(禾)を片手だけに持つのは「秉」、これを二つ並べた「𥡝」の簡略字が「兼」。
か・ねる、幾つかの物事を併(あわ)せる、また併せ持つ。
幾つかの物事を同時にする、また受け持つ。
日か・ねる、～できない。
古「𥡝」。",兼 → JPDB Kanji Freq: 1489,漢字の読みを入力してください,Text
__帳__面，__帳__簿，通__帳__,チョウ,"［帳］八級
音: チョウ 訓: とばり
意味: 帷(とばり)、目隠しや仕切りなどのために垂らす布、同「幔」「帷」「幬」。
幕を張る。
文字を書き付けるために紙を綴じたもの、ノートnote。",帳 → JPDB Kanji Freq: 1488,漢字の読みを入力してください,Text
太__鼓__持ち，__鼓__動，__鼓__舞，太__鼓__,コ,"［鼓］四級
音: コ／ク 訓: つづみ
意味: 円筒形の胴の両側を革などを張って塞(ふさ)いだ打楽器{楽器(打楽器)}。
(鼓などを)打つ、また叩(たた)いて音を出す。
音を出して合図する、また奮(ふる)い立たせる。
つづみ、部首名。",鼓 → JPDB Kanji Freq: 1487,漢字の読みを入力してください,Text
"養__豚__
肉・皮などを取るためにブタを飼うこと。",トン,"［豚］三級
音: トン／ドン 訓: ぶた
意味: 猪(イノシシ)(イノシシ科の哺乳類)を(小形化し)家畜化した動物、同「𧱴」「𧱯」。",豚 → JPDB Kanji Freq: 1486,漢字の読みを入力してください,Text
__沼__沢，湖__沼__,ショウ,"［沼］四級
音: ショウ 訓: ぬま
意味: 水が溜(た)まっているところ、大きな水溜まり、一説に円状のものを「池」、曲線状のものを「沼」。",沼 → JPDB Kanji Freq: 1485,漢字の読みを入力してください,Text
__厄__年，災__厄__,ヤク,"［厄］凖二級
音: アク／ヤク 訓: 
意味: 行き詰まる、進退窮(きわ)まる、打つ手がなく困り果てる、同「戹」「阨」「阸」。
木の節(ふし)、「行き止まりになっている」の意、同「戹」「枙」。
日良くないこと、不吉なこと、災(わざわ)い。",厄 → JPDB Kanji Freq: 1483,漢字の読みを入力してください,Text
__墓__地，__墓__参，__墓__穴,ボ,"［墓］六級
音: ボ／モ 訓: はか
意味: はか、死者を埋葬マイソウしたところ、大きなものは、冢塚(チョウ)(つか)」。",墓 → JPDB Kanji Freq: 1481,漢字の読みを入力してください,Text
__鈍__感，__鈍__角，愚__鈍__,ドン,"［鈍］四級
音: トン／ドン 訓: にぶ・い／にぶ・る／のろ・い／なまくら
意味: 鋭くない。
刃物の切れ味が悪い、また悪くなる。
反応が遅い、また遅くなる。",鈍 → JPDB Kanji Freq: 1480,漢字の読みを入力してください,Text
__縦__横，__縦__断，操__縦__,ジュウ,"［縦］五級
音: ショウ／シュ／ジュウ 訓: ほしいまま／たて／よ・しんば
意味: 放(はな)つ、解(と)き放つ、放免(ホウメン)する、放任ホウニンする。
ほしいまま、(拘束から解き放たれて)思いのままにする、勝手気儘(きまま)にする、放縦(ホウジュウ)。
(水平に対して)垂直の方向、(左右に対して)前後の方向、(東西に対して)南北の方向、水平・左右・東西の方向を「横」。
よ・しんば、たとえ～であっても。",縦 → JPDB Kanji Freq: 1478,漢字の読みを入力してください,Text
__湧__水，__湧__出,ユウ,"［湧］二級
音: ヨウ／ユウ 訓: わ・く
意味: 水が(勢いよく)噴(ふ)き出る、同「涌」。
(それまでなかったものが)現れ出る、同「涌」。",湧 → JPDB Kanji Freq: 1477,漢字の読みを入力してください,Text
__睡__眠，熟__睡__，午__睡__,スイ,"［睡］凖二級
音: スイ／ズイ 訓: ねむ・る
意味: 目を閉じて休む、目を閉じて横になる、「瞼が垂れ下がる」の意。
転寝(うたたね、座ったり横になっているうちに眠てしまうこと)する。",睡 → JPDB Kanji Freq: 1475,漢字の読みを入力してください,Text
__剥__製，__剥__奪,ハク,"［剥］二級
音: ハク／ホク 訓: は・ぐ／は・がす／む・く
意味: 表面を覆(おお)っているものを切り取る、また切り外(はず)す、また取り去る、同「𠚩」「𠛧」。
表面を覆っているものが取れる。
身に着けているものを脱(ぬ)がす、また脱げる、与えられている役位を外す。",剥 → JPDB Kanji Freq: 1474,漢字の読みを入力してください,Text
一__隅__，辺__隅__,グウ,"［隅］凖二級
音: グ／グウ 訓: すみ
意味: ＜字状になっているところの内側、同「隈」。
奥まったところ、中心から離れた角(すみ)。",隅 → JPDB Kanji Freq: 1473,漢字の読みを入力してください,Text
生__粋__，__粋__人，純__粋__，精__粋__,スイ,"［粋］三級
音: スイ 訓: いき
意味: 他のものが全く混じっていないさま、純粋(ジュンスイ)。
日いき、身形(みなり)や立ち振る舞いが垢抜けしているさま。",粋 → JPDB Kanji Freq: 1472,漢字の読みを入力してください,Text
__拝__見，__拝__礼，崇__拝__,ハイ,"［拝］五級
音: ハイ／ヘ 訓: おが・む
意味: 対面した相手に敬意・弔意や恭順・感謝などの意を示すために、跪(ひざまず)く・頭を下げる・手を合わせるなどの動作をする、同「𣬊」「𢷎」。
上位の人から物や位や命令などを授(さず)かる(謙譲語で「いただく」、「手を頭の上に差し上げて受ける」「ありがたく頂戴する」の意)
語の頭に付けて敬意を表す語、拜会(ハイカイ)(お目にかかる)」",拝 → JPDB Kanji Freq: 1470,漢字の読みを入力してください,Text
__償__金，弁__償__，代__償__,ショウ,"［償］凖二級
音: ショウ／ジョウ 訓: つぐな・う
意味: 犯した罪・与えた損害・借りなどをそれに見合うもの(金・労役・代りの品物など)で返す、返して貸し借りがない状態に戻す。",償 → JPDB Kanji Freq: 1469,漢字の読みを入力してください,Text
__淡__水，濃__淡__，冷__淡__,タン,"［淡］四級
音: タン／ダン 訓: あわ・い
意味: 味や色などが薄い、殆ど味や色などがない。
(とろみがなく、こだわりがなく)さらっとしている、(濃厚でなく、粘り付くようなこともなく)あっさりしている。",淡 → JPDB Kanji Freq: 1468,漢字の読みを入力してください,Text
研__磨__，練__磨__,マ,"［磨］凖二級
音: バ／マ 訓: みが・く／と・ぐ／す・る
意味: 研(みが)く、擦(こす)り合わせる、石や玉ギョク(美しく高貴な石)を擦って形を整える、また表面を滑らかにする。
石臼(いしうす)、回転させながら穀物などを粉砕する道具、また石臼ですり潰す、同「磑」。
擦(す)り減る、消耗する。",磨 → JPDB Kanji Freq: 1467,漢字の読みを入力してください,Text
__湿__度，__湿__地，多__湿__,シツ,"［湿］三級
音: シツ／シュウ 訓: しめ・る
意味: 僅かに水分(液体)を含んでいるさま、水気を帯びる、水気を含んでいるが水が滲み出るほどではない状態を指す。",湿 → JPDB Kanji Freq: 1466,漢字の読みを入力してください,Text
__僧__院，高__僧__，尼__僧__,ソウ,"［僧］四級
音: ソウ 訓: 
意味: 仏門ブツモンに入り仏法を修行シュギョウしている人、またその人たち、梵語Saṃghaの音写である、僧伽(ソウギャ)の略。",僧 → JPDB Kanji Freq: 1465,漢字の読みを入力してください,Text
__股__間，__股__関節,コ,"［股］二級
音: コ／ク 訓: また／もも
意味: 腰からΛ字状に分かれ部分、大腿ダイタイ(腰の下から膝までの部分)、両大腿に挟まれる部分(内側)を「胯」{人体(下肢)}。
二つに枝分かれしたもの、Λ字状に分かれたもの。
幾つかに分かれたもの、役割毎に分けた係・担当、幾つかに別れた集団。
股肱(ココウ)、天子や君主の足(股)となり腕(肱)となり尽くしてくれる人。
直角不等辺三角形の直角を挟む二つの辺の長い方、短い方を、勾(コウ)、斜辺を、弦(ケン・ゲン)。
株(かぶ)、、股市(クゥシ)(株式市場)」。",股 → JPDB Kanji Freq: 1463,漢字の読みを入力してください,Text
__弓__道，__弓__状，洋__弓__,キュウ,"［弓］九級
音: キュウ／ク／クウ 訓: ゆみ
意味: 矢を射る道具{武器(弓箭)}。
(字状の形、半円またそれに近い形。
土地を測量する際の長さの単位。
ゆみ、部首名。",弓 → JPDB Kanji Freq: 1462,漢字の読みを入力してください,Text
同__伴__，随__伴__,ハン,"［伴］三級
音: ハン／バン 訓: ともな・う／とも
意味: 一緒に行動する二人一組の片方。
二人が一緒に行動する、二人一組になって行動する、同「㚘」。
ともな・う、付き従える、大本(おおもと)となるものに付随する。",伴 → JPDB Kanji Freq: 1461,漢字の読みを入力してください,Text
__伴__奏，__伴__食,バン,"［伴］三級
音: ハン／バン 訓: ともな・う／とも
意味: 一緒に行動する二人一組の片方。
二人が一緒に行動する、二人一組になって行動する、同「㚘」。
ともな・う、付き従える、大本(おおもと)となるものに付随する。",伴 → JPDB Kanji Freq: 1461,漢字の読みを入力してください,Text
草__稿__，原__稿__，投__稿__,コウ,"［稿］四級
音: コウ 訓: わら
意味: 藁(わら)、穀物などの穂(ほ)や葉を除いた茎、また乾燥した茎、同「藁」「槀」。
詩文などの下書き、草案ソウアン、草稿(ソウコウ)。",稿 → JPDB Kanji Freq: 1460,漢字の読みを入力してください,Text
"__伺__候
〔文〕〔身分の高い人の〕そば近くつかえること。また、参上すること。",シ,"［伺］四級
音: シ 訓: うかが・う
意味: こっそりと見る、小さい孔や隙間を通して見る、同「𥄶」「覗」。
訪ねて行って様子や機嫌を尋(たず)ねる。
様子や機会を窺(うかが)う、同「候」。
伺候(シコウ)主人の傍に仕(つか)える、他人の身の回りの世話をする様子や機嫌を尋ねる、また探(さぐ)る。
日「尋ねる」「聞く」「問う」「訪問する」の謙譲語。",伺 → JPDB Kanji Freq: 1459,漢字の読みを入力してください,Text
__潮__流，満__潮__，風__潮__,チョウ,"［潮］五級
音: チョウ／ジョウ 訓: しお／うしお
意味: 昼間(或いは朝)の太陽や月の引力によって生じる海水の定期的な満ち引き、夜(或いは夕)は、汐(セキ)(しお)」。
規則的に満ちたり引いたりすること、またそのような動きをするもの。
世の中の移り変わり、またその傾向。
海水、湿り気。",潮 → JPDB Kanji Freq: 1458,漢字の読みを入力してください,Text
__詩__情，__詩__人，__詩__歌,シ,"［詩］八級
音: シ 訓: うた
意味: 韻を踏むなどの一定の形式で思いを言葉で表現したもの、感情を表現する形式の一つ。",詩 → JPDB Kanji Freq: 1457,漢字の読みを入力してください,Text
__仏__事，__仏__像，念__仏__,ブツ,"［仏］六級
音: フツ／ブツ／ホチ 訓: ほとけ
意味: 真理に目覚めた人、悟(さと)りを開いた人、仏陀(ブッダ)buddha梵」の略。
釈迦シャカ、釈迦牟尼シャカムニ(Śākyamuni梵。",仏 → JPDB Kanji Freq: 1456,漢字の読みを入力してください,Text
__班__長，救護__班__,ハン,"［班］五級
音: ハン／ヘン 訓: 
意味: 玉(たま)を刀で半分に割る、また割って信任の印として或いは軍功の褒美として与える。
幾つかに分ける、また分け与える。
全体を(一般に同じ役割や機能を持つものごとに)幾つかに分けた時の一つのグループgroup。
順位、順序、序列、席次、またそれを決める、またそれに従って並べる。",班 → JPDB Kanji Freq: 1455,漢字の読みを入力してください,Text
支__柱__，円__柱__，電__柱__,チュウ,"［柱］八級
音: チュウ／ジュウ 訓: はしら／じ
意味: 建物上部の構造物を支える直立した木材{建物}。
上の者や物を下から支える、また支えとなるもの。
じ、箏(ショウ、こと)などの弦の途中を支えるＭ字状の具、その位置を変えることで音程を調節する。",柱 → JPDB Kanji Freq: 1453,漢字の読みを入力してください,Text
__賭__する，__賭__場，__賭__博,ト,"［賭］二級
音: ト／ツ 訓: か・ける
意味: 金品を出し合い勝負し、その結果、勝った方がそれを得る博奕(ばくち)などの遊び、また金品を出し合い博奕(ばくち)をする、博奕に金品を出す。
どうなるか分からないことに金品を",賭 → JPDB Kanji Freq: 1452,漢字の読みを入力してください,Text
__唐__変木，__唐__本，__唐__突,トウ,"［唐］四級
音: トウ／ドウ 訓: から
意味: 口を大きく開いて言う、大袈裟(おおげさ)に言う。
大きいだけで中身がないさま。
618年李淵リエン(566年～635年、唐初代皇帝)が随(581年～618年)を滅ぼし建てた王朝、907年哀帝アイテイ(892年～908年、第23代唐最後の皇帝)代に滅びた{唐代}。
五代十国時代の古国名、「後唐(923年～936年、五代の一つ)」「南唐(937年～975年、十国の一つ)」{五代十国時代}。
日外国、特に中国。",唐 → JPDB Kanji Freq: 1451,漢字の読みを入力してください,Text
__乙__種，甲__乙__,オツ,"［乙］三級
音: イツ／オツ／オチ 訓: きのと／おと
意味: きのと、十干ジッカン(甲・乙・丙・丁・戊・己・庚・辛・壬・癸)の二番目、甲乙(コウオツ)(一番目と二番目、順位や等級・優劣)」{十干}。
日幼い、若い、「乙女おとめ」。
おつ、部首名。",乙 → JPDB Kanji Freq: 1450,漢字の読みを入力してください,Text
__尉__官，一__尉__，大__尉__,イ,"［尉］凖二級
音: イ 訓: じょう
意味: 軍事や警察を担当する役人、またその官職名。
軍隊で最下級の階級、一般兵卒の上の階級。
火熨斗(ひのし)、衣服などの皺を展(の)ばす炭火を入れた底の平らな道具、アイロン、同「熨」。",尉 → JPDB Kanji Freq: 1449,漢字の読みを入力してください,Text
__紛__失，__紛__争，内__紛__,フン,"［紛］三級
音: フン 訓: まぎ・れる／まぎ・らす／まぎ・らわしい
意味: 旗などがひらひらと激しくはためくさま、馬の尾がひらひらと揺れ乱れるさま。
細かいもの(細いもの、小さいもの)が入り乱れる、乱れて絡(から)み合う、縺(もつ)れ合う。
入り乱れて(絡み合って、縺れて)どうなっているのか分からなくなる、紛糾(フンキュウ)。",紛 → JPDB Kanji Freq: 1447,漢字の読みを入力してください,Text
__翌__春，__翌__年，__翌__々日,ヨク,"［翌］五級
音: ヨク／イキ 訓: 
意味: 明日(あした)。
(日・月・年・季節・時期などの)次(つぎ)、次の。",翌 → JPDB Kanji Freq: 1445,漢字の読みを入力してください,Text
__彩__色，色__彩__，淡__彩__,サイ,"［彩］四級
音: サイ 訓: いろど・る
意味: 色の取り合わせが良いさま、また美しいさま、華やかで美しい模様、同「綵」。
色合い、色の取り合わせ、様子、姿、同「采」。
それに合った色を選び組み合わせて模様を描く、また華やかに飾る。",彩 → JPDB Kanji Freq: 1444,漢字の読みを入力してください,Text
__雇__用，__雇__員，解__雇__,コ,"［雇］三級
音: コ／グ／ゴ 訓: やと・う
意味: 賃金を支払って人を使う、同「傭」「僱」。
金を払って物や力を借りる。
渡り鳥、候鳥コウチョウ、時候の変化を感じ取ったり農作業などの目安としたりする鳥、同「鳸」。",雇 → JPDB Kanji Freq: 1443,漢字の読みを入力してください,Text
__概__念，大__概__，__概__して,ガイ,"［概］三級
音: カイ／ガイ 訓: おおむ・ね
意味: 斗掻(とかき)、枡掻(ますかき、升掻)、穀物を入れた枡(ます)から盛り上がった部分を削(けず)り落して平らにする(枡の高さと同じにする)棒、同「𣏙」。
おおむ・ね、全体を均(なら)してみると、凡(おおよ)そ。
あらまし、大略タイリャク、大率(タイソツ)、梗槩(コウガイ)。
(全体の)様子、有様(ありさま)。",概 → JPDB Kanji Freq: 1442,漢字の読みを入力してください,Text
__堪__忍，__堪__能,"カン,タン","［堪］凖二級
音: カン／コン／タン 訓: た・える／こた・える／こら・える
意味: 耐え難いこと(困難・重圧・攻撃・誘惑・欲求・苦痛など)に耐える、困難や苦難に耐えてそれを乗り越える、我慢する。
土地が高く突き出ているさま。",堪 → JPDB Kanji Freq: 1441,漢字の読みを入力してください,Text
__維__持，__維__新，繊__維__,イ,"［維］四級
音: イ／ユイ 訓: つな／これ
意味: (幕の四隅を)綱(つな)などで繋(つな)ぐ、繋ぎ止める、またその綱。
(四隅を)繋いで動いたり外れたり緩んだりしないようにする。
四維(シイ)四方(東西南北)の四隅、巽(たつみ、南東)・坤(ひつじさる、南西)・乾(いぬい、北西)・艮(うしとら、北東)国家存続の柱となるべき四つの大綱タイコウ(礼・義・廉・恥)。
これ、維新(イシン)(これ新たなり、これまでの物事を改め新しくすること)」。",維 → JPDB Kanji Freq: 1440,漢字の読みを入力してください,Text
__幽__閉，__幽__境，__幽__玄，__幽__霊,ユウ,"［幽］三級
音: ユウ 訓: かす・か
意味: かす・か、仄(ほの)かな、ぼんやりしている、物静かな。
薄暗い、暗い。
遠く離れているさま、奥深いさま、人知れないさま。
隠(かく)す、隠れる。",幽 → JPDB Kanji Freq: 1439,漢字の読みを入力してください,Text
__融__解，__融__和，金__融__,ユウ,"［融］凖二級
音: ユウ／ユ 訓: と・ける
意味: 固形のものが(熱によって)柔らかくなる、また液状になる、固かったものが柔らかくなる。
打ち解(と)ける、蟠(わだかま)りなく互いに通じ合う。",融 → JPDB Kanji Freq: 1437,漢字の読みを入力してください,Text
__掘__削，発__掘__，採__掘__,クツ,"［掘］四級
音: クツ／グチ 訓: ほ・る
意味: 穴を穿(うが)って土や岩を取り出す。
土や岩などをＵ字状(垂直方向)・⊂字状(水平方向)に穿つ、また抉(えぐ)る、同「堀」、そのようにしてできた穴、同「窟」。",掘 → JPDB Kanji Freq: 1435,漢字の読みを入力してください,Text
結__晶__，水__晶__,ショウ,"［晶］三級
音: セイ／ショウ 訓: あきら・か
意味: 汚(けが)れがなく澄(す)んだ光、それがきらきらと光る、光り輝(かがや)く。
水晶(スイショウ)の略称。",晶 → JPDB Kanji Freq: 1434,漢字の読みを入力してください,Text
__凶__悪，__凶__作，吉__凶__,キョウ,"［凶］四級
音: キョウ／ク／クウ 訓: 
意味: よくない、不吉な、忌(い)まわしい、不運な、不幸な、逆は「吉」、同「兇」「㓙」「𣧑」。
農作物のできが悪い。
酷(ひど)い、酷(むご)い、厳(きび)しい。
懼(おそ)れるようなこと、不安や恐れで怯(おび)えるようなこと、同「兇」。",凶 → JPDB Kanji Freq: 1433,漢字の読みを入力してください,Text
__掲__示，__掲__載，前__掲__,ケイ,"［掲］三級
音: ケイ／ケ／ケツ／ゲチ 訓: かか・げる
意味: 高く上げる、高く差し上げる。
(旗や目印などを付けた)棒や竿(さお)などを立てる、人の目に入るように高く上げる。
持ち上げる、(衣服の裾すそなどを)たくし上げる。",掲 → JPDB Kanji Freq: 1432,漢字の読みを入力してください,Text
__謀__略，無__謀__，首__謀__者,ボウ,"［謀］三級
音: ボウ／ム 訓: はか・る／はかりごと／たばか・る
意味: (あることについて、あることをするに先立って)どうしたらよいか思案する、あれこれと考えを巡(めぐ)らす、同「㖼」「呣」。
(あることについて、あることをするに先立って)どうしたらよいか話し合う。
図(はか)る、計画・設計する、またそのための方策ホウサクを練(ね)る。",謀 → JPDB Kanji Freq: 1431,漢字の読みを入力してください,Text
__謀__反,ム,"［謀］三級
音: ボウ／ム 訓: はか・る／はかりごと／たばか・る
意味: (あることについて、あることをするに先立って)どうしたらよいか思案する、あれこれと考えを巡(めぐ)らす、同「㖼」「呣」。
(あることについて、あることをするに先立って)どうしたらよいか話し合う。
図(はか)る、計画・設計する、またそのための方策ホウサクを練(ね)る。",謀 → JPDB Kanji Freq: 1431,漢字の読みを入力してください,Text
__憧__憬,ショウ,"［憧］二級
音: シュウ／シュ／ドウ 訓: あこが・れる
意味: (心が)揺れ動く、(気持ちが)定まらない、憧憧(ショウショウ・ドウドウ)。
憧憬(ショウケイ・ドウケイ)、遠く離れたものにあれこれと思いを巡(めぐ)らす。
愚かなさま。",憧 → JPDB Kanji Freq: 1430,漢字の読みを入力してください,Text
__隷__書，__隷__属，奴__隷__,レイ,"［隷］四級
音: レイ／ライ 訓: 
意味: ぴったりと付く、付き従う。
従う、属する、隷属(レイゾク)。
僕(しもべ)、身分の低い人、同「𨽹」。
漢字の書体の一つ、隷書(レイショ)。",隷 → JPDB Kanji Freq: 1429,漢字の読みを入力してください,Text
子__孫__，嫡__孫__,ソン,"［孫］七級
音: ソン 訓: まご
意味: 子の子。
同じ血筋の子よりも後代の者(孫・曾孫・玄孫・來孫・昆孫・仍孫・雲孫…)、子孫(シソン)
蘖(ひこばえ)、切り株から生え出た新芽
遜(へりくだ)る、自ら一歩退(しりぞ)き控え目に振る舞う、同「遜」。
公孫樹(コウソンジュ)、イチョウ銀杏、イチョウ科イチョウ属の木{イチョウ}。",孫 → JPDB Kanji Freq: 1428,漢字の読みを入力してください,Text
__寮__生，__寮__母，独身__寮__,リョウ,"［寮］凖二級
音: リョウ 訓: 
意味: 朋(とも、共に働いたり学んだりしている人)、同じ職位や職務に就いている人、同窓の人、同「僚」。
同僚が住む官舎、宿舎、小屋。
小さな窓。",寮 → JPDB Kanji Freq: 1427,漢字の読みを入力してください,Text
__枝__葉，爪楊__枝__,シ,"［枝］六級
音: シ／キ／ギ 訓: えだ
意味: 木の幹(みき)から分かれ出たもの、同「支」「肢」。
本(もと、根幹、基本、本体、主流)から分れ出たもの。",枝 → JPDB Kanji Freq: 1426,漢字の読みを入力してください,Text
__湖__水，__湖__沼，__湖__畔,コ,"［湖］八級
音: コ／グ／ゴ 訓: みずうみ
意味: 幾つかの川の水が",湖 → JPDB Kanji Freq: 1425,漢字の読みを入力してください,Text
安__寧__，丁__寧__,ネイ,"［寧］凖二級
音: ネイ／ニョウ 訓: むし・ろ
意味: 穏(おだ)やかで心安(やす)らかなさま、不安も心配もなく心が安らぐさま、同「甯」。
むし・ろ、どちらかと言うならば～、「Ａ寧Ｂ」の用法で「Ａであるよりはどちらかと言うならばＢであろう、ＡというよりもBの方が願わしい、ＡよりもＢ」、同「甯」。
どうして～であろうか、どうして～でない(～ができない、～をしない、～にならない)のであろうか。",寧 → JPDB Kanji Freq: 1423,漢字の読みを入力してください,Text
__韓__国,カン,"［韓］二級
音: カン／ガン 訓: から
意味: 現朝鮮半島南部に居住していた部族集団、馬韓(バカン)、弁韓(ベンカン)、辰韓(ベンカン)の総称、、三韓(サンカン)。
国名、現朝鮮半島を領した国、1897～1910年、朝鮮王朝(1392年～1910年)末期に「大韓帝国」と改称、「韓国」とも呼ばれた、現「大韓民国」の略称。
古国名、前403年～前230年、戦国七雄(秦・楚・斉・燕・趙・魏・韓)の一つで戦国時代に現河南省北部から山西省南部付近を領し、秦(前770年～前206年)に滅ぼされた{戦国時代}{河南省}。
井字状に木を組み上げたもの、井桁(いげた)。",韓 → JPDB Kanji Freq: 1422,漢字の読みを入力してください,Text
__零__下，__零__細，__零__落,レイ,"［零］三級
音: レイ／リョウ 訓: こぼ・れる／ぜろ
意味: 細かい雨が静かに降る、細かい水の粒がぽとぽとと滴(したた)り落ちる。
落ちる、衰える、萎(しお)れる、寂(さび)れる、無(な)くなる。
小さい、少ない、非常に小さい。
数字のゼロzero{数字}。",零 → JPDB Kanji Freq: 1421,漢字の読みを入力してください,Text
__紋__章，指__紋__，波__紋__,モン,"［紋］四級
音: モン／ブン 訓: あや
意味: 織物などの模様、龍紋(リュウモン)(龍を象った紋様)」。
ものの表面の凹凸、、水紋(スイモン)(水面の波模様)」。
日家などの目印とする図柄、、家紋(カモン)。",紋 → JPDB Kanji Freq: 1420,漢字の読みを入力してください,Text
__肝__臓，__肝__胆，__肝__要,カン,"［肝］三級
音: カン 訓: きも
意味: 五臓(心・肝・脾・肺・腎)の一つ、多機能の臓器{人体(内臓)}。
人や動物の最も大切な臓器、物事の大切なもの、根幹となるもの。
日きも、度胸、臆(おく)することない心",肝 → JPDB Kanji Freq: 1419,漢字の読みを入力してください,Text
健__康__，小__康__,コウ,"［康］七級
音: コウ 訓: やす・らか
意味: 何事もなく安らかなさま、心配するようなことが何もないさま、健康(ケンコウ)、小康(ショウコウ)(ひとまずは安定しているさま)」。
穀物の実を覆う殻から、実を除いて残る殻、籾殻(もみがら)、籾糠(もみぬか)、同「糠」「穅」。
五方に通じている道、大きな街道。",康 → JPDB Kanji Freq: 1418,漢字の読みを入力してください,Text
__爪牙__，__爪牙__に掛かる,ソウガ,"［爪］二級
音: ソウ／ショウ 訓: つめ
意味: 手足の指先の硬(かた)い部分、鳥獣の手足の先の硬い部分。
指先で掴(つか)み取る、抓(つま)み取る。
つめ、つめかんむり、つめがしら、部首名。",爪 → JPDB Kanji Freq: 1417,漢字の読みを入力してください,Text
五重の__塔__，石__塔__,トウ,"［塔］四級
音: トウ 訓: 
意味: 舎利シャリ(釈迦の遺骨)を安置するための高層の建物、仏塔(ブットウ)。
高く聳(そび)え立つ建造物。
卒塔婆(ソトバ)、塔婆(トウバ)、仏陀の遺骨などを納める土盛りまた建物、日本では多く木の板を用いた板塔婆を指す。",塔 → JPDB Kanji Freq: 1416,漢字の読みを入力してください,Text
__竹__林，破__竹__，破__竹__の勢い，__竹__馬の友，爆__竹__,チク,"［竹］十級
音: チク／シツ 訓: たけ
意味: 竹(タケ)、イネ科タケ亜科のうち稈カン(内部が空洞になっている茎)が木質化し隆起した節(ふし)のある多年生常緑木本の称。
(竹製の)笛。
竹簡(チクカン)、書簡(ショカン)、書物、古く竹を細長く割り、内側を平らに削って文章を記した。
たけ、たけかんむり、部首名。",竹 → JPDB Kanji Freq: 1415,漢字の読みを入力してください,Text
__噴__火，__噴__出，__噴__水,フン,"［噴］四級
音: ホン／フン 訓: ふ・く
意味: 勢いよく吹き出す、(水が辺りに飛び散るように)一気に吹き出す。",噴 → JPDB Kanji Freq: 1414,漢字の読みを入力してください,Text
__仙__骨，__仙__人，酒__仙__,セン,"［仙］凖二級
音: セン 訓: 
意味: 世俗を離れ山の奥深くに入りそこに住む人、不老不死で天空を駆けることができるとされる。
世俗を超越した(能力を持つ)人。
死んだ人。",仙 → JPDB Kanji Freq: 1413,漢字の読みを入力してください,Text
__還__元，生__還__，返__還__,カン,"［還］凖二級
音: カン／ゲン／セン／ゼン 訓: かえ・る／かえ・す
意味: 移動したり変化した後に同じ道筋を逆に辿(たど)って元に戻る、元と同じ状態・位置に戻る、また戻す、同「𢕼」「復」「返」。
ぐるりと廻(めぐ)って元に戻る、行って戻って来る、帰って来る、同「旋」。
元の方向にぐるっと向きを変える、振り返る。
尚(なお)、更に、再び、その上に。
簡「还」。",還 → JPDB Kanji Freq: 1412,漢字の読みを入力してください,Text
__脈__絡，動__脈__，山__脈__,ミャク,"［脈］六級
音: バク／ミャク 訓: 
意味: 動物などの体内の血が通る細く長い管(くだ)、植物などの水や養分が通る細く長い管、動脈(ドウミャク)、葉脈(ヨウミャク)。
血液が血管を流れる際の規則的な動き、、脈拍・脈搏(ミャクハク)。
血の繋(つな)がり、血統、、血脈(ケツミャク)。
細く長く途切れることなく繋がっているもの、、山脈(サンミャク)、水脈(スイミャク)。",脈 → JPDB Kanji Freq: 1411,漢字の読みを入力してください,Text
__凍__結，__凍__死，冷__凍__,トウ,"［凍］三級
音: トウ／ツウ 訓: こお・る／こご・える／い・つ
意味: 液体が個体になる、氷が張る。
寒さで体がきかなくなる、また感覚がなくなる。",凍 → JPDB Kanji Freq: 1410,漢字の読みを入力してください,Text
__幅__員，振__幅__，全__幅__，増__幅__,フク,"［幅］四級
音: フク 訓: はば
意味: 布の横方向の長さ、同「䋹」「畐」、古代中国では1幅=2尺2寸(時代や国によって異なるが、秦代・漢代で1尺=23.1cm、日本でも時代によって異なるが、計量法施行法に従えば1尺=30.3cm)。
面の横方向(短い方)の長さ
縁(へり、ふち)
書画の数の単位。
行縢コウトウ、脚絆キャハン、小腿ショウタイ(膝から足首までの部分)に巻く布、同「偪」。",幅 → JPDB Kanji Freq: 1409,漢字の読みを入力してください,Text
__蛇__の目，__蛇__腹，大__蛇__，__蛇__口,ジャ,"［蛇］凖二級
音: シャ／ジャ／イ／タ／ダ 訓: へび
意味: 蛇(ヘビ)、ヘビ亜目の爬虫類の総称。
(ヘビのように)くねくねしたさま。
委蛇・逶蛇(イイ・イタ)、緩(ゆる)やかに(まっすぐではなく)上へ下へ或いは右に左に曲がりながら続くさま、また長々と延(の)びているさま、同「逶迱」逶迤(イイ)、迤邐(イリ)、邐迤・邐迆(リイ)。",蛇 → JPDB Kanji Freq: 1408,漢字の読みを入力してください,Text
__蛇__行，__蛇__足，長__蛇__,ダ,"［蛇］凖二級
音: シャ／ジャ／イ／タ／ダ 訓: へび
意味: 蛇(ヘビ)、ヘビ亜目の爬虫類の総称。
(ヘビのように)くねくねしたさま。
委蛇・逶蛇(イイ・イタ)、緩(ゆる)やかに(まっすぐではなく)上へ下へ或いは右に左に曲がりながら続くさま、また長々と延(の)びているさま、同「逶迱」逶迤(イイ)、迤邐(イリ)、邐迤・邐迆(リイ)。",蛇 → JPDB Kanji Freq: 1408,漢字の読みを入力してください,Text
__遂__行，未__遂__，完__遂__,スイ,"［遂］三級
音: スイ／ズイ 訓: と・げる／つい・に
意味: 行き止りのところまで辿り着く。
最後までやり通す、成し終える。
思いの通りにする、思い通りになる、同「㒸」。
つい・に、とうとう、最後に。",遂 → JPDB Kanji Freq: 1407,漢字の読みを入力してください,Text
__鎖__国，連__鎖__，封__鎖__,サ,"［鎖］四級
音: サ 訓: くさり／とざ・す
意味: 金属製の環(わ)を繋(つな)いで紐(ひも)状にしたもの、チェーンchain。
(鎖で門や扉や戸などを)開かないように閉じる、閉ざす。
閉じ込める、閉じ籠(こも)る。",鎖 → JPDB Kanji Freq: 1406,漢字の読みを入力してください,Text
__猛__烈，__猛__獣，勇__猛__,モウ,"［猛］四級
音: モウ／ミョウ 訓: たけ・る
意味: 体力・気力が漲(みなぎ)っているさま、勇猛(ユウモウ)。
気性キショウや勢いが激しい、脅(おび)えや恐れを覚える程に荒々しい、猛烈(モウレツ)。",猛 → JPDB Kanji Freq: 1405,漢字の読みを入力してください,Text
__麦__芽，__麦__秋，精__麦__,バク,"［麦］九級
音: バク／ミャク 訓: むぎ
意味: 麦(ムギ)、コムギ小麦・オオムギ大麦・エンバク(燕麦)など芒(のぎ)の長いイネ科に属する穀物の総称{ムギ}。
むぎ、むぎへん、ばくにょう、部首名。",麦 → JPDB Kanji Freq: 1403,漢字の読みを入力してください,Text
__酸__味，__酸__素，辛__酸__，__酸__鼻,サン,"［酸］六級
音: サン 訓: す／す・い
意味: 酢のような味、すっぱい、五味(甘・酸・鹹・苦・辛)の一つ、同「醋」「酢」。
堪え難いさま、不快なさま。
厳しい、苦しい。
疼(うず)く、「ずきずき」「しくしく」とした(脈を打つような)痛み、同「痠」。
水に溶けた時に水素イオンを生ずる物質、酸性(サンセイ)。
酸素(サンソ)(oxygen、O)」、化学元素の一つ{酸素}。",酸 → JPDB Kanji Freq: 1401,漢字の読みを入力してください,Text
__惜__敗，痛__惜__，愛__惜__,セキ,"［惜］三級
音: セキ／シャク 訓: お・しい／お・しむ
意味: 残念に思う、心が痛む。
お・しむ、手放しがたい、手の内から離れてしまわないように大切にする。",惜 → JPDB Kanji Freq: 1400,漢字の読みを入力してください,Text
__貧__富，__貧__弱，清__貧__,ヒン,"［貧］六級
音: ヒン／ビン 訓: まず・しい
意味: 貯(たくわ)えが乏(とぼ)しい、生活するための財貨が足りていない、貧乏(ビンボウ)、貧困(ヒンコン)。
経験や知識が足りていない、、貧僧(ヒンソウ)(僧侶の謙遜の自称、「自分はまだまだ修行が足りていない」の意)」。
足りていない、欠乏ケツボウする、、貧血(ヒンケツ)。",貧 → JPDB Kanji Freq: 1399,漢字の読みを入力してください,Text
__貧__乏,ビン,"［貧］六級
音: ヒン／ビン 訓: まず・しい
意味: 貯(たくわ)えが乏(とぼ)しい、生活するための財貨が足りていない、貧乏(ビンボウ)、貧困(ヒンコン)。
経験や知識が足りていない、、貧僧(ヒンソウ)(僧侶の謙遜の自称、「自分はまだまだ修行が足りていない」の意)」。
足りていない、欠乏ケツボウする、、貧血(ヒンケツ)。",貧 → JPDB Kanji Freq: 1399,漢字の読みを入力してください,Text
__垂__直，懸__垂__，胃下__垂__,スイ,"［垂］五級
音: スイ／ズイ 訓: た・れる／なんなん・とする／し・ずる／しだ・れる
意味: (紐・糸などの線状のものや布・紙などの平面状のものの)片方がぶら下がる、繋(つな)がっているものの片方がだらりと下がる。
連(つら)なりながら下に落ちる、伝わり落ちる。
上の者(上位者・上級者・年長者など)が下の者に与える、また伝える、また継(つ)ぐ。
なんなん・とする、今にも～になりそうである。
辺境、辺遠の地、同「陲」。",垂 → JPDB Kanji Freq: 1398,漢字の読みを入力してください,Text
犠__牲__,セイ,"［牲］三級
音: セイ／ショウ 訓: 
意味: 祭礼の際に神前に生きたままの姿で供(そな)えるウシ牛などの家畜、生け贄(いけにえ、生贄)、そのうち純色のものは特に、犠(ギ)という。
三牲(サンセイ)、神前に供える牛(ウシ)・羊(ヒツジ)・豕(いのこ、ブタ豚)、因みに、六牲(ロクセイ)は牛・馬・羊・豕、犬・雞(ケイ)(ニワトリ)。
、犠牲(ギセイ)祭礼の際に神前に供える牛などの家畜他の人のために或いはある目的を達成するために自分の全てを投げ出すこと。",牲 → JPDB Kanji Freq: 1397,漢字の読みを入力してください,Text
習__癖__，病__癖__，潔__癖__,ヘキ,"［癖］三級
音: ヘキ／ヒャク 訓: くせ
意味: 偏(かたよ)った習性、偏りのある嗜好や行動。
中医チュウイで、腹の痼(しこり、長い時間がかかってできた凝り、固まり)、食癖(ショクヘキ)(食べ物が消化できずに溜まったもの)」、飲癖(インペキ)(水分が腹部に溜ったもの)」、血癖(ケツペキ)(血の固まり)」。
、癖痼(ヘキコ)、長い間治らない病(やまい)。
、痼癖(コヘキ)、長い間に染み付いた癖(くせ)。",癖 → JPDB Kanji Freq: 1396,漢字の読みを入力してください,Text
__項__目，事__項__，条__項__,コウ,"［項］四級
音: コウ／ゴウ 訓: うなじ／うな
意味: うなじ、頸(くび、頭と胴の間にあって頭を支える部分)の後ろ側(背側)、同「脖」、前側は「頸」{人体(頭部)}。
基準を定めて区分したその一つ一つ、「項目(コウモク)」。",項 → JPDB Kanji Freq: 1395,漢字の読みを入力してください,Text
__徴__収，特__徴__，象__徴__,チョウ,"［徴］四級
音: チョウ／チ 訓: しるし／しる・す／めす
意味: (埋もれていた人物を)召(め)し出す、召し寄せる、(税などを)取り立てる、同「征」。
求める、要求する。
(それまで隠れていたり目に付かないところにあったものが)表に現れる。
事が起こることを予想させる出来事、兆(きざ)し、予兆(ヨチョウ)。
五声ゴセイ(五音ゴイン、宮キュウ、商(ショウ)、角(カク)、徵(チ)、羽(ウ)、日本や中国で用いられる音階)の一つ、「ソ」に当たる音{音楽(音階)}。",徴 → JPDB Kanji Freq: 1394,漢字の読みを入力してください,Text
__閣__議，__閣__僚，内__閣__,カク,"［閣］五級
音: カク 訓: 
意味: 止(と)める、止(や)める、止めてそのままの状態を続ける、同「擱」。
門を閉じるときに扉が行き過ぎないように止めるための杭(くい)。
木を高く組んでその上に建てた建物、高殿(たかどの)。
木や板を横に並べて架け渡した道、また橋、また廊下、同「桟」。
板を渡しその上に物を置く棚。
内閣(ナイカク)の略、国政の最高機関。",閣 → JPDB Kanji Freq: 1392,漢字の読みを入力してください,Text
__犠__牲，__犠__打,ギ,"［犠］三級
音: キ／ギ 訓: 
意味: 祭礼の際に神前に生きたままの姿で供(そな)える牛などの家畜、生け贄(いけにえ)、特に純色のもの、純色でないものを含めた総称を「牲」。
犠牲(ギセイ)神前に供える生け贄他の人のために或いはある目的を達成するために穢れのない気持ちで自分の全てを投げ出すこと。",犠 → JPDB Kanji Freq: 1390,漢字の読みを入力してください,Text
羅針__盤__，基__盤__，円__盤__，碁__盤__,バン,"［盤］四級
音: ハン／バン 訓: 
意味: 浅い盆ボンや皿状の器、木製は「槃」、金属製は「鎜」{食器(盤)}。
薄く平らなもの、上部が平らな台。
大きくどっしりとした石、同「磐」。
円を描(えが)くように回る、回転する、丸く曲がる。
詳細に問い調べる、問い詰める、盤問(ハンモン・バンモン)。",盤 → JPDB Kanji Freq: 1389,漢字の読みを入力してください,Text
有__益__，利__益__，__益__する,エキ,"［益］六級
音: エキ／ヤク 訓: ま・す
意味: 加える、加わる、増える、増やす、同「㬲」。
満ちる、一杯になる、溢(あふ)れる。
手放したものの金額や価値よりも、それによって得たものの金額や価値が多い、儲(もう)かる、利益(リエキ)、有益(ユウエキ)、逆は「損」。
増々(ますます)～、更に～。
益母(エキボ)、メハジキ目弾、シソ科メハジキ属の草、また同属の草の称、別名「ヤクモソウ益母草」、茺蔚(ジュウイ){メハジキ}。",益 → JPDB Kanji Freq: 1388,漢字の読みを入力してください,Text
御利__益__,ヤク,"［益］六級
音: エキ／ヤク 訓: ま・す
意味: 加える、加わる、増える、増やす、同「㬲」。
満ちる、一杯になる、溢(あふ)れる。
手放したものの金額や価値よりも、それによって得たものの金額や価値が多い、儲(もう)かる、利益(リエキ)、有益(ユウエキ)、逆は「損」。
増々(ますます)～、更に～。
益母(エキボ)、メハジキ目弾、シソ科メハジキ属の草、また同属の草の称、別名「ヤクモソウ益母草」、茺蔚(ジュウイ){メハジキ}。",益 → JPDB Kanji Freq: 1388,漢字の読みを入力してください,Text
__裸__身，__裸__体，全__裸__，赤__裸__々,ラ,"［裸］三級
音: ラ 訓: はだか
意味: 肌が露(あら)わになっているさま、衣服をはだけて肌を露(あら)わにする、何も身に着けていない、同「躶」「倮」「𧝹」。
覆(おお)うものがなく中身が剥(む)き出しであるさま。",裸 → JPDB Kanji Freq: 1387,漢字の読みを入力してください,Text
__殊__勝，__殊__勲，特__殊__,シュ,"［殊］三級
音: シュ／ジュ／ズ 訓: こと／こと・に
意味: (罪を咎めて)切り殺す、死ぬ。
(それまで繋がっていたものやことを)断(た)つ、絶(た)つ、(それまで続いていたものやことが)絶える。
異(こと)なる、普通でない。
特に、非常に、極めて。",殊 → JPDB Kanji Freq: 1386,漢字の読みを入力してください,Text
境__遇__，待__遇__，__遇__する,グウ,"［遇］三級
音: グ／グウ 訓: あ・う
意味: 期せずして(予め示し合せることなく)出会う、偶然出会(でくわ)す、巡(めぐ)り合う、遭遇(ソウグウ)。
巡(めぐ)り合せ、機会、境遇(キョウグウ)。
相手との親疎・上下などの関係に相応(ふさわ)しい接し方をする、待遇(タイグウ)。",遇 → JPDB Kanji Freq: 1385,漢字の読みを入力してください,Text
加__盟__，同__盟__，連__盟__,メイ,"［盟］五級
音: メイ／ミョウ 訓: ちか・う／ちか・い
意味: はっきりと誓う、堅く約束する、古く犠牲ギセイ(いけにえ)の血を皿に",盟 → JPDB Kanji Freq: 1384,漢字の読みを入力してください,Text
__逮__捕，__逮__夜,タイ,"［逮］三級
音: タイ／ダイ 訓: 
意味: ～(の状態、の時刻・時期・時機)になる、～に至(いた)る、同「及」。
～(の状態、の場所、の段階)に達する、～に到(いた)る、～に届く、同「及」。
先(さき)を行くものに追い付く、目指しているものに追い付く、同「𨗻」。
～と共に、～と共に～する、with、同「與(与)」。",逮 → JPDB Kanji Freq: 1383,漢字の読みを入力してください,Text
__鑑__賞，__鑑__定，年__鑑__,カン,"［鑑］四級
音: カン／ケン 訓: かがみ／かんが・みる
意味: 大きな盆ボン(口が開き底が平らな容器){水器(鑑・洗)}。
物を映(うつ)す鏡、古くは盆に水を張り鏡(かがみ)として使ったが、後には石や金属の表面を平らに磨いて鏡とした、同「鏡」{什器(鏡)}。
水を張った盆ボンを上から覗(のぞ)き込み、そこに映ったものをよく見る、同「監」。
光を当てて見る、よく見る、
見比べる、照らし合わせる。",鑑 → JPDB Kanji Freq: 1382,漢字の読みを入力してください,Text
__昭__和,ショウ,"［昭］八級
音: ショウ 訓: あきら・か
意味: 明るい陽の光が隅々まで届いて明るい、隅々まで光が届いて陰になるところがない。
分からないことや曖昧なことがない、物事の道理に明るい、同「炤」。
始祖シソの宗廟ソウビョウの左側に建てられる廟、始祖を中央として次の代から左右左右の順に並ぶ、同「佋」、右側は「穆」。",昭 → JPDB Kanji Freq: 1381,漢字の読みを入力してください,Text
__棄__権，放__棄__，遺__棄__,キ,"［棄］三級
音: キ 訓: す・てる
意味: 捨(す)てる、投げ捨てる、放(ほう)り出す。
忘れ去る。",棄 → JPDB Kanji Freq: 1379,漢字の読みを入力してください,Text
__没__収，__没__交渉，出__没__,ボツ,"［没］三級
音: ボツ／モツ／モチ／メイ 訓: 
意味: 水中に沈む、沈んで姿が見えなくなる。
(高いところにあったものが下に落ちて)ものの陰(かげ)に隠れて見えなくなる。
なくなる、なくす。
没収(ボッシュウ)、私有財産の所有権をなくし(取り上げ)国の所有物とすること。
歿ボッする、人が死ぬ、同「歿」。
～ない(存在しない)、～がない(有していない)、～しない(為さない)、音はméiメイ、没有(メイユウ)(有していない、存在しない)」。",没 → JPDB Kanji Freq: 1378,漢字の読みを入力してください,Text
__塩__分，__塩__酸，食__塩__,エン,"［塩］七級
音: エン 訓: しお
意味: 海水などに含まれる苦く辛い成分が結晶化したもの、土中の塩分が結晶化した天然のものは「鹵」。
五味(甘・酸・鹹・苦・辛)の一つ。",塩 → JPDB Kanji Freq: 1377,漢字の読みを入力してください,Text
__絞__殺，__絞__首刑,コウ,"［絞］三級
音: コウ／キョウ 訓: しぼ・る／し・める
意味: 紐(ひも)などを交差させてその両端を引く、堅(かた)く縛(しば)る、強く締め付ける。
周りから強く押え付ける。",絞 → JPDB Kanji Freq: 1376,漢字の読みを入力してください,Text
__寿__命，長__寿__，米__寿__,ジュ,"［寿］三級
音: シュウ／ジュ 訓: ことぶき／ことほぎ／ことほ・ぐ
意味: 長く年齢を重ねる、長命、長寿(チョウジュ)。
祝福の言葉や贈り物を送り長命を祝う。
年齢、寿命(ジュミョウ)。
日めでたいこと、祝いの言葉、祝いの言葉を述べる。",寿 → JPDB Kanji Freq: 1375,漢字の読みを入力してください,Text
__侍__従，__侍__女，__侍__医,ジ,"［侍］三級
音: シ／ジ 訓: さむらい／はべ・る
意味: 主(あるじ)の近くに仕える、同「寺」。
近くに控(ひか)える。
日さむらい、武士。",侍 → JPDB Kanji Freq: 1374,漢字の読みを入力してください,Text
__飼__育，__飼__料,シ,"［飼］六級
音: シ／ジ 訓: か・う
意味: 食糧、特に動物に与える食糧。
餌(えさ)を与える、食物を与えて養う、同「飤」。",飼 → JPDB Kanji Freq: 1373,漢字の読みを入力してください,Text
__涼__味，清__涼__剤，納__涼__,リョウ,"［涼］凖二級
音: リョウ 訓: すず・しい／すず・む
意味: ひんやりする、気温が低い、やや冷たい、やや寒い。
もの寂(さび)しい。
対応が冷たい、情ジョウが薄い、思い遣(や)りが欠ける。
五胡十六国時代に中国西北部を領した古国名、「前涼(320年～376年)」{晋(東晋)代}、「後涼(386年～403年)」{晋(東晋)代}、「西涼(400年～421年)」「北涼(397年～439年)」「南涼(397年～414年)」{晋(東晋)代}。",涼 → JPDB Kanji Freq: 1372,漢字の読みを入力してください,Text
"払__拭__，__拭__浄
はらいぬぐうこと。すっかり取り除くこと。
- 偏見を払拭した。
- 古臭いイメージを払拭する。",ショク,"［拭］二級
音: ショク／シキ 訓: ぬぐ・う／ふ・く
意味: 表面をさぁっと擦(こす)るようにして汚(よご)れや濡(ぬ)れなどを取る、きれいにする。",拭 → JPDB Kanji Freq: 1371,漢字の読みを入力してください,Text
__鍛__錬，__鍛__造,タン,"［鍛］三級
音: タン 訓: きた・える
意味: 金属を(熱し)叩いて質を良くする、同「煅」。
槌(つち)などで打つ、叩いて平らにする。
修練や訓練を重ねて精神や技術を高める。",鍛 → JPDB Kanji Freq: 1370,漢字の読みを入力してください,Text
__擦__過傷，摩__擦__,サツ,"［擦］三級
音: サツ／サチ 訓: こす・る／なす・る／す・る
意味: さっと摩(さす)る、また拭(ふ)く。
拭き取る。",擦 → JPDB Kanji Freq: 1369,漢字の読みを入力してください,Text
__臨__時，__臨__床，君__臨__,リン,"［臨］五級
音: リン 訓: のぞ・む
意味: 高いところから低いところを見る、見下ろす。
高位の者が(高い席から)下位の者(低いところに控えている者)と会う、高位の者が(高いところから下に降り)一般の人のところへ出向く、或いは現場に出向く。
(人・時・事などに)面と向かう、直接向き合う。",臨 → JPDB Kanji Freq: 1367,漢字の読みを入力してください,Text
休__憩__，小__憩__,ケイ,"［憩］三級
音: ケイ／カイ 訓: いこ・う
意味: 一息(ひといき)つく、止(とど)まって一休みする、休息する、同「愒」。",憩 → JPDB Kanji Freq: 1366,漢字の読みを入力してください,Text
__募__金，__募__集，応__募__,ボ,"［募］三級
音: ボ／モ 訓: つの・る
意味: 広く呼び掛けて参加や金品を求める、募兵(ボヘイ)。
日ますます強くなる、高じる。",募 → JPDB Kanji Freq: 1364,漢字の読みを入力してください,Text
__誓__約，__誓__詞，宣__誓__,セイ,"［誓］凖二級
音: セイ／ゼ／ゼイ 訓: ちか・う／ちか・い
意味: 固く守ることを約束する、忠誠や決心などの意思を言葉にして違(たが)うことがないことを約束する。
戒(いまし)める、誡(いまし)める、間違い(手違い)がないよう約束させる。",誓 → JPDB Kanji Freq: 1363,漢字の読みを入力してください,Text
__溶__解，__溶__液，水__溶__液,ヨウ,"［溶］四級
音: ヨウ／ユウ 訓: と・ける／と・かす／と・く
意味: 固体が(液体に混じり込んで)液状になる。
溶然(ヨウゼン)、ゆったりとしたさま。
溶溶(ヨウヨウ)、水が満ちているさま、水がゆったりと流れるさま。",溶 → JPDB Kanji Freq: 1362,漢字の読みを入力してください,Text
__偵__察，探__偵__，内__偵__,テイ,"［偵］凖二級
音: テイ／チョウ 訓: 
意味: 様子を窺(うかが)う、様子を探(さぐ)る、同「遉」、偵察(テイサツ)。
密(ひそ)かに敵の様子を探(さぐ)る、またその人、スパイspy、間諜(カンチョウ)。",偵 → JPDB Kanji Freq: 1361,漢字の読みを入力してください,Text
__控__除，__控__訴,コウ,"［控］三級
音: コウ／クウ 訓: ひか・える
意味: (弦や手綱を)引く。
引いて抑(おさ)える、制御する。
差し引く、同「扣」、控除(コウジョ)。
訴え出る、控告(コウコク)。
日引いて一旦見合わせる、一歩引いてでしゃばらない。
日。",控 → JPDB Kanji Freq: 1360,漢字の読みを入力してください,Text
__慎__重，謹__慎__,シン,"［慎］四級
音: シン／ジン 訓: つつし・む
意味: 謹(つつし)む、隅々まで心を配(くば)る、気を配る、またそのように振る舞う、同「㥲」「謹」。
慎重(シンチョウ)、隅々まで配慮すること。",慎 → JPDB Kanji Freq: 1359,漢字の読みを入力してください,Text
__烈__火，壮__烈__，猛__烈__,レツ,"［烈］四級
音: レツ／レチ 訓: はげ・しい
意味: 火が激しく燃え盛るさま、火の勢いが激しいさま。
激しいさま、甚(はなは)だしいさま。
気性キショウがまっすくで信念を曲げないさま。
目を見張るような(目覚ましい)武功・功績・業績。",烈 → JPDB Kanji Freq: 1358,漢字の読みを入力してください,Text
__忠__実，__忠__勤，誠__忠__,チュウ,"［忠］五級
音: チュウ 訓: 
意味: 心からの誠意(セイイ)、私心シシンがなく偽(いつ)りのない気持ちや態度。
(主君に対し)私心を捨て一途(イチズ)に誠(まこと)を尽くす。
日律令制で弾正台(ダンジョウダイ、京内の非違や官人の綱紀粛正を司る役所)の官位(尹・弼・忠・疏)の第三位。",忠 → JPDB Kanji Freq: 1357,漢字の読みを入力してください,Text
__農__業，__農__具，酪__農__,ノウ,"［農］八級
音: ドウ／ノウ／ノ 訓: 
意味: 田畑を耕し、作物の種を播(ま)き育て収穫する、またその仕事、またそれ従事する人、農業(ノウギョウ)、農夫(ノウフ)。
神農(シンノウ)、伝承上の人で、人々に医療と農耕を教えたとされる。",農 → JPDB Kanji Freq: 1356,漢字の読みを入力してください,Text
__塗__布，__塗__装，__塗__料,ト,"［塗］三級
音: ト／ズ 訓: ぬ・る／まみ・れる
意味: 泥(どろ)。
ものの表面に泥や絵具などの粘土状のものを平らに延ばすようにして付着させる、また付着させて平らにする、また付着させて表面を覆う、同簡「涂」。
泥で汚(よご)す、汚(けが)す。
平らに均(なら)した道、同「途」。
簡「涂」。",塗 → JPDB Kanji Freq: 1355,漢字の読みを入力してください,Text
__税__金，免__税__，関__税__,ゼイ,"［税］六級
音: セイ／セ／ゼイ 訓: 
意味: 国や領主に納める収穫物や金銭、租(田畑などからの収穫物)・庸(労役)・調(穀物以外の布などの現物)の総称。
収穫物や商売などによって得た利益の一部を(税として)徴収する、また納める、また人に与える。",税 → JPDB Kanji Freq: 1354,漢字の読みを入力してください,Text
__貨__物，__貨__幣，通__貨__,カ,"［貨］七級
音: カ 訓: 
意味: 品物を買うための金銭、貨幣(カヘイ)。
金銭に交換できる(金銭と同じ価値がある)品物、財物。
商品、売り物、(金銭に変えることができる)品物。
賂(まいない)、自らの利益になるように便宜を図って貰おうという不正な意図を以って人に金銭(価値あるもの)を贈る。",貨 → JPDB Kanji Freq: 1353,漢字の読みを入力してください,Text
__岸__壁，対__岸__，彼__岸__,ガン,"［岸］八級
音: ガン 訓: きし
意味: 水面から厂字状に高く切り立っているところの水際スイサイ(みずぎわ)、水崖スイガイ、汀テイ(みぎわ)のように波が寄せて引くたびに水と陸地の境目が変わるようなところではなく、水面と陸地に高低差があり(或いは仕切られていて)波が寄せて引いても、その境目が変わらないところ、同「漄」「涯」。
高く切り立っているさま、突き出ているさま、角立っているさま。
傲岸(ゴウガン)、気位(きぐらい)が高いさま。",岸 → JPDB Kanji Freq: 1352,漢字の読みを入力してください,Text
__童__話，__童__心，児__童__,ドウ,"［童］八級
音: トウ／ズウ／ドウ 訓: わらべ／わらわ
意味: 男の奴隷ドレイや召使(めしつかい)。
幼い子ども、未成年(十五歳未満)の子ども、成人(十五歳で元服し成人となる)する前の男子。
幼いさま、童昏(ドウコン)(幼く知恵がないさま)」、童牛(ドウギュウ)(幼いウシ、角のないウシ)」、童山(ドウサン)(禿山はげやま、草木の生えていない山)」。",童 → JPDB Kanji Freq: 1351,漢字の読みを入力してください,Text
__玄__米，__玄__関，幽__玄__,ゲン,"［玄］四級
音: ゲン／ケン 訓: くろ
意味: やや赤みを帯びた黒色。
濃く深みのある(ほぼ黒に近い)色、深く暗い色、同「𢆯」。
天テン、頭上高く無限に広がる空間。
奥深いさま、遥(はる)か遠いさま。
奥深くその奥がよく見えないさま、遥か遠くその先が良く分からないさま。
か細いさま、か細く見分けにくいさま。
暗くぼんやりしているさま、何とも言い難いさま。
げん、部首名。",玄 → JPDB Kanji Freq: 1350,漢字の読みを入力してください,Text
__孤__児，__孤__独，__孤__立,コ,"［孤］三級
音: コ／ク 訓: 
意味: 幼くして父または両親を亡くした子。
独(ひと)りぼっち。
それ(そこ)だけ抜きん出ているさま。
わたし(私)、われ(我)、君主や諸侯が自分を謙遜して言う言葉。
恩義などに背く、また無にする。
周代(前11世紀～前256年)に設けられた官職名、三公サンコウ(太師・太傅・太保)に次ぐ官職で、少師・少傅・少保を総称して、三孤(サンコ)といった",孤 → JPDB Kanji Freq: 1349,漢字の読みを入力してください,Text
__沖__積層，__沖__天，__沖__する,チュウ,"［沖］七級
音: チュウ 訓: おき
意味: 水が涌(わ)き上がる、高く衝(つ)き上がる。
穏やかな。
虚(むな)しいさま、空虚なさま、同「冲」。
幼い、幼少の、同「冲」。
沖澹(チュウタン)、淡々としたさま、さっぱりとしたさま、同「祌禫」祌䄡(チュウセン)。
簡「冲」
日岸から遠く離れたところ、同「冲」",沖 → JPDB Kanji Freq: 1348,漢字の読みを入力してください,Text
__革__新，改__革__，皮__革__,カク,"［革］五級
音: カク／キャク 訓: かわ／あらた・める／あらた・まる
意味: 動物の皮を剥(は)いで毛を抜き乾かしたもの、生皮は「皮」、鞣(なめ)したものは「韋」。
改(あらた)める、改まる、革変(カクヘン)。
取り消す、取り除く、革職(カクショク)(職を解く)」。
かわ、かくのかわ、かわへん、つくりがわ、部首名。",革 → JPDB Kanji Freq: 1347,漢字の読みを入力してください,Text
__逸__話，__逸__品，常軌を__逸__する,イツ,"［逸］凖二級
音: イツ／イチ 訓: そ・れる／そ・らす／はや・る
意味: 逃(のが)れる、(指や網の隙間から、するりと)抜ける。
(収まっているべきところから、うっかり)外に出る、外(はず)れる。
枠を一段と超えている、抜きん出ている。
(枠に囚われずに)思いのままに振る舞うさま、気儘(きまま)なさま、同「劮」「𠡓」「妷」。
日はや・る、気持ちが急(せ)く。",逸 → JPDB Kanji Freq: 1345,漢字の読みを入力してください,Text
__虚__無，__虚__偽，空__虚__,キョ,"［虚］三級
音: キョ／コ 訓: うつ・ろ／むな・しい／そら
意味: 外から見える部分はそれらしく見えるが中には何もないさま、中身が空っぽなさま。
外からは見えないが内部は細り衰えているさま。
外見は立派だが中身がそれに伴わないさま。
あるべきものがなく空っぽなさま。
二十八宿北方玄武ゲンブの第四宿{二十八宿}。",虚 → JPDB Kanji Freq: 1343,漢字の読みを入力してください,Text
__虚__空，__虚__無僧,コ,"［虚］三級
音: キョ／コ 訓: うつ・ろ／むな・しい／そら
意味: 外から見える部分はそれらしく見えるが中には何もないさま、中身が空っぽなさま。
外からは見えないが内部は細り衰えているさま。
外見は立派だが中身がそれに伴わないさま。
あるべきものがなく空っぽなさま。
二十八宿北方玄武ゲンブの第四宿{二十八宿}。",虚 → JPDB Kanji Freq: 1343,漢字の読みを入力してください,Text
__哀__愁，__哀__願，悲__哀__,アイ,"［哀］三級
音: アイ 訓: あわ・れむ／あわ・れ／かな・しむ／かな・しい
意味: 心を痛める、心が締め付けられる、悲しむ。
かわいそうに思う。
悲しみ悼(いた)む。
父母の喪(も)。",哀 → JPDB Kanji Freq: 1342,漢字の読みを入力してください,Text
__賢__人，__賢__明，先__賢__,ケン,"［賢］三級
音: ケン／ゲン 訓: かしこ・い
意味: 才智に富むさま、才能豊かなさま、またそのような人。
相手(特に同輩や後輩)や相手に関することをいう語の頭に付けて敬意の意味を表す、自分に関することに謙遜の意を表すのは「愚」、相手の弟を「賢弟」、自分の弟を「愚弟」というなど。",賢 → JPDB Kanji Freq: 1341,漢字の読みを入力してください,Text
__誌__面，日__誌__，雑__誌__,シ,"［誌］五級
音: シ 訓: 
意味: 記(しる)す、書き留(と)める、またその記録、同簡「志」。",誌 → JPDB Kanji Freq: 1340,漢字の読みを入力してください,Text
__賛__成，__賛__同，称__賛__,サン,"［賛］六級
音: サン 訓: 
意味: 主人の両脇に付き添い手助けする、傍から手を貸す、手を貸して助ける。
褒め称える、同「讚」。
褒め言葉、また文章、同「讚」。",賛 → JPDB Kanji Freq: 1339,漢字の読みを入力してください,Text
冷__徹__，__徹__底，__徹__夜，貫__徹__,テツ,"［徹］凖二級
音: テツ／テチ 訓: とお・る
意味: 貫(つらぬ)く、突き通す、突き抜ける。
取り去る、取り除く、同「撤」。
周代(前11世紀～前256年)の税法、耕作地百畝からの収穫物のうち十畝分を税として徴収した、徹法(テッポウ)という。",徹 → JPDB Kanji Freq: 1338,漢字の読みを入力してください,Text
__拒__絶，__拒__否,キョ,"［拒］凖二級
音: キョ／ゴ 訓: こば・む
意味: 間隔が狭まらないように押し止める、近づこうとするものを阻(はば)む。
受け入れない。",拒 → JPDB Kanji Freq: 1337,漢字の読みを入力してください,Text
__徳__義，__徳__用，道__徳__,トク,"［徳］七級
音: トク 訓: 
意味: 生まれながらに備わっている性質、もの本来の性質、本性ホンショウ。
本来の行いや考え、人として尊(とうと)び守るべき(進むべき)道、道徳(ドウトク)。
自らは人としての道を会得エトクし、他人に恩恵オンケイを施(ほどこ)す。
恵み、恩恵
利得リトク、儲(もう)け。",徳 → JPDB Kanji Freq: 1336,漢字の読みを入力してください,Text
__羅__列，__羅__針盤，網__羅__,ラ,"［羅］凖二級
音: ラ 訓: 
意味: 鳥を捕(と)らえる網(あみ)、魚を取る網は「綱」、網羅(モウラ)(魚を捕る網と鳥を捕る網、残らず捕らえる)」、羅網(ラモウ)(鳥を捕る網と魚を捕る網、法の網、網に掛かる、罠に掛ける)」。
網で(鳥を)捕(と)らえる。
(網の目のようにぎっしりと、整然と)列を成して並ぶ、また並べる、、羅列(ラレツ)。
(網のように目が粗く透けるような)薄く軽い織物。",羅 → JPDB Kanji Freq: 1335,漢字の読みを入力してください,Text
__縄__文，自__縄__自縛,ジョウ,"［縄］七級
音: ショウ／ジョウ 訓: なわ
意味: 何本かの藁(わら)・糸・紐(ひも)などを捩(ねじ)りながら長くしたもの、ロープrope、一般には「紐」よりも太く「綱(つな)」よりも細く粗いもの。
墨糸(すみいと、墨を含ませ直線を描く糸)、大工道具の一つ、繩墨(ジョウボク)。
(直線が大工作業で規準となることから)規準、基準。
(墨繩で描かれた線のように)まっすくにする、曲がりや歪みなどを正す、誤りを糺(ただ)す。",縄 → JPDB Kanji Freq: 1334,漢字の読みを入力してください,Text
__雅__趣，優__雅__，風__雅__,ガ,"［雅］四級
音: ガ／ゲ 訓: みやび
意味: 正統な、由緒(ユイショ)正しい。
上品な、上品で優美な。
もとより、平素から。
カラス烏・鴉、カラス科カラス属の鳥、また同属の鳥の称、同「鴉」「烏」。",雅 → JPDB Kanji Freq: 1333,漢字の読みを入力してください,Text
__銭__湯，金__銭__,セン,"［銭］五級
音: セン／ゼン 訓: ぜに
意味: 貨幣、特に銅貨(価値の低い貨幣)、貨幣の総称。
重量の単位、1両=10銭、1銭=10分{各種単位}。
刃を取り付けたシャベルshovel状の農具、同「銚」。
日貨幣の単位、1銭=1/100円",銭 → JPDB Kanji Freq: 1332,漢字の読みを入力してください,Text
__膨__大,ボウ,"［膨］三級
音: ホウ／ビョウ／ボウ 訓: ふく・れる／ふく・らむ
意味: 腹が大きく突き出る、内側から外に向かって張り出す、同「𤺬」。
体積や程度が大きくなる、膨張(ボウチョウ)。",膨 → JPDB Kanji Freq: 1331,漢字の読みを入力してください,Text
__票__決，投__票__，伝__票__,ヒョウ,"［票］七級
音: ヒョウ／ビョウ 訓: 
意味: 文字や絵が描かれた札(ふだ)。
紙幣や切符などの信用できることが保証されている札、信用できることを証明する札。
「さっと」「すっと」などの軽快な動き。
さっと舞い上がる",票 → JPDB Kanji Freq: 1330,漢字の読みを入力してください,Text
__泥__土，雲__泥__，拘__泥__,デイ,"［泥］凖二級
音: デイ／ナイ 訓: どろ／なず・む
意味: 水を含んだ土、同「埿」「淖」「𥩥」。
どろっとした、どろどろした、またそのようなもの。
(泥に足を取られて)動けない、囚(とら)われて抜け出せない、拘(こだわ)る、拘泥(コウデイ)。",泥 → JPDB Kanji Freq: 1329,漢字の読みを入力してください,Text
__挟__撃，__挟__持,キョウ,"［挟］凖二級
音: キョウ／ギョウ 訓: はさ・む／はさ・まる
意味: ものを腋(わき)の下に入れ腕を降ろし脇腹との間で押さえる、両側から(落ちないように)押さえ支える、同「夾」。
両側から押え付けて動かないようにする。
両側から押え付けて身動きができないようにする、強く迫(せま)る。",挟 → JPDB Kanji Freq: 1327,漢字の読みを入力してください,Text
機__械__，器__械__,カイ,"［械］七級
音: カイ／ゲ 訓: 
意味: 枷かせ、手枷(てかせ)や足枷(あしかせ)、桎梏シッコク。
ある仕事をさせるために作られた道具、仕掛け、装置、器具、武器、器械(キカイ)(道具)」。
兵器、、軍械(グンカイ)。",械 → JPDB Kanji Freq: 1326,漢字の読みを入力してください,Text
__摘__要，__摘__発，指__摘__,テキ,"［摘］四級
音: テキ／タク／チャク 訓: つ・む／つま・む
意味: 指や箸などの先で掴(つか)む。
指や箸などの先で掴み取る、また掴んで千切(ちぎ)り取る。
一部分(或いは必要な部分)を選び取る。",摘 → JPDB Kanji Freq: 1325,漢字の読みを入力してください,Text
__亜__流，__亜__麻，__亜__熱帯,ア,"［亜］凖二級
音: ア／エ 訓: 
意味: 次ぐ、準ずる。
ほぼ同じだがやや劣る、また少ない。",亜 → JPDB Kanji Freq: 1323,漢字の読みを入力してください,Text
叙__述__，陳__述__，著__述__,ジュツ,"［述］六級
音: シュツ／ジュツ／ズチ 訓: の・べる
意味: 既に道筋が付いているものや頼りになるものに沿って行く、先例などに従う、同「循」。
先人の事績を受け継ぎ伝える、そのために文章に書き表す、或いは言葉で言い表す。
考えや思いを書き表す、或いは言い表す、同「術」「𠰲」。",述 → JPDB Kanji Freq: 1321,漢字の読みを入力してください,Text
__譲__渡，__譲__歩，謙__譲__,ジョウ,"［譲］三級
音: ジョウ／ニョウ 訓: ゆず・る
意味: 自ら退(しりぞ)き他人を先にする。
位・場所・立場などから自ら退き空いたところを人に進める、対価を求めずに人に渡す。
控え目に(他人の先に出ることがないように)振る舞う。
きつく責(せ)める、咎(とが)める。",譲 → JPDB Kanji Freq: 1320,漢字の読みを入力してください,Text
脳梗__塞__，閉__塞__,ソク,"［塞］二級
音: ソク／サイ 訓: ふさ・ぐ
意味: 隙間を埋める、空いている所に物を詰め込む、同「窒」。
ぎっしりと詰める、満たす。
隙間を埋めて行き来ができないようにする。
(道を塞いで外敵の侵入を防ぐための)砦。
険要ケンヨウの地。",塞 → JPDB Kanji Freq: 1319,漢字の読みを入力してください,Text
"要__塞__，城__塞__
敵をふせぐためにつくった軍事施設。",サイ,"［塞］二級
音: ソク／サイ 訓: ふさ・ぐ
意味: 隙間を埋める、空いている所に物を詰め込む、同「窒」。
ぎっしりと詰める、満たす。
隙間を埋めて行き来ができないようにする。
(道を塞いで外敵の侵入を防ぐための)砦。
険要ケンヨウの地。",塞 → JPDB Kanji Freq: 1319,漢字の読みを入力してください,Text
__粉__末，__粉__砕，__粉__飾,フン,"［粉］六級
音: フン 訓: こな／こ
意味: 穀物を細(こま)かく砕(くだ)いたもの、粒(リュウ)(つぶ)」よりも更に細かいもの、またそのような形状のもの。
砕いて小さく細かくする、またそのようにしたもの、、粉末(フンマツ)。
白い、また細かく(粉状の)白いもの、、白粉(ハクフン)(おしろい)」。",粉 → JPDB Kanji Freq: 1317,漢字の読みを入力してください,Text
__唱__歌，合__唱__，提__唱__,ショウ,"［唱］七級
音: ショウ 訓: とな・える
意味: (多人数で声を合わせる際に)まず一人が最初に発声する、音頭(おんど)を取る、唱和・倡和(ショウワ)(まず一人が発声し残りの者がそれに続いて声を合わせること)」、同「誯」「倡」「𪛋」。
歌う。",唱 → JPDB Kanji Freq: 1316,漢字の読みを入力してください,Text
束__縛__，捕__縛__,バク,"［縛］三級
音: ハク／バク 訓: しば・る／いまし・める
意味: ずれたり外(はず)れたり緩(ゆる)んだりしないようにぴったりと巻き付ける、またその紐や縄など。
しっかり巻き付けて動かないようにする、拘束する、束縛(ソクバク)。",縛 → JPDB Kanji Freq: 1315,漢字の読みを入力してください,Text
__卵__黄，鶏__卵__，産__卵__,ラン,"［卵］五級
音: ラン 訓: たまご
意味: 母乳で育てない動物が体外に産み出し、それが孵化 (ふか)して子になるもの。
子を産むための雌また牝の生殖細胞。
未熟なさま、「殻を破れない」「本来の姿までには成長していない」の意。",卵 → JPDB Kanji Freq: 1314,漢字の読みを入力してください,Text
__拡__大，__拡__張，__拡__声器,カク,"［拡］五級
音: カク 訓: ひろ・げる／ひろ・がる
意味: 大きく広げる、いっぱいに広げる、また広がる、一面に広がる、同「撗」「㨯」。",拡 → JPDB Kanji Freq: 1313,漢字の読みを入力してください,Text
__郡__部，○○__郡__,グン,"［郡］七級
音: クン／グン 訓: こおり
意味: 行政区画の名、周代(前11世紀～前771年)では都(みやこ)から千里以内の地を百縣に分け、縣の下に「四郡」を置いたという、後の秦代(前221年～前206年)では「郡」の下に「縣」を置いた、以降は時代によって行政区の名称や上下が変わる。
日律令制リツリョウセイでは各国の下に「郡」を置き、その下に「里」を置いた",郡 → JPDB Kanji Freq: 1312,漢字の読みを入力してください,Text
__恩__情，__恩__人，謝__恩__,オン,"［恩］五級
音: オン 訓: 
意味: 心からの情愛や配慮、恵(めぐ)み、慈(いつく)しみ。",恩 → JPDB Kanji Freq: 1311,漢字の読みを入力してください,Text
__旧__道，新__旧__，復__旧__,キュウ,"［旧］六級
音: キュウ／グ／ク 訓: ふる・い
意味: 古い、昔の、過去の、以前の。
古くからの、以前からの。
同「舊」。",旧 → JPDB Kanji Freq: 1310,漢字の読みを入力してください,Text
__曇__天，晴__曇__,ドン,"［曇］四級
音: タン／ドン 訓: くもり／くも・る
意味: 雲が広がる、空が雲に覆われる{曇}。
日日光が雲に遮られる、光が少なくはっきり見えない、ぼんやりする、すっきりしない。",曇 → JPDB Kanji Freq: 1309,漢字の読みを入力してください,Text
意気__揚__々，抑__揚__，発__揚__，掲__揚__,ヨウ,"［揚］三級
音: ヨウ 訓: あ・がる
意味: 高く上がる、高く上げる。
(気持ちや声などが)高まる、高める。
(名前や評判などが)高まり広まる、広く伝わる。
日熱した油の中に食材を入れて調理する。",揚 → JPDB Kanji Freq: 1308,漢字の読みを入力してください,Text
__是__非，__是__認，国__是__，頑__是__ない,ゼ,"［是］四級
音: シ／ゼ 訓: これ／この／ここ
意味: これ、この、ここ、this。
正しい、理に適(かな)っている、理に則(のっと)っている。
良しとして認める。
その通り、はい、同意・肯定を表す。
是非(ゼヒ)善(よ)し悪し、理に適っていることと適っていないこと、正しいか正しくないか日どうか～、どうあっても～、何卒(なにとぞ)。",是 → JPDB Kanji Freq: 1307,漢字の読みを入力してください,Text
__妃__殿下，王__妃__,ヒ,"［妃］凖二級
音: ヒ／ハイ／ヘ 訓: 
意味: 天子の正妻、同「后」。
后(きさき、正妻)の次の位の妻。
皇太子の正妻。
女神ジョシン(めがみ)、女性の神。",妃 → JPDB Kanji Freq: 1306,漢字の読みを入力してください,Text
__販__売，__販__路，市__販__,ハン,"［販］四級
音: ハン／ホン 訓: ひさ・ぐ
意味: 品物を安く買い高く売る。
市場に行って品物を売る、商売する",販 → JPDB Kanji Freq: 1305,漢字の読みを入力してください,Text
__砕__石，__砕__氷，粉__砕__,サイ,"［砕］凖二級
音: サイ 訓: くだ・く／くだ・ける
意味: 塊(かたまり)や形を成しているものが粉々に(ばらばらに)なる、また粉々にする、細かく(小さく)割る、壊して細かくする、粉砕(フンサイ)。
細々(こまごま)している、纏(まと)まりがない。
細かくて煩(わずら)わしい、くどい、くだくだしい。",砕 → JPDB Kanji Freq: 1304,漢字の読みを入力してください,Text
__罰__金，処__罰__，天__罰__,バツ,"［罰］四級
音: ハツ／ボチ／バツ／バチ 訓: 
意味: 軽い悪行に対する懲(こら)らしめ、軽い罪に対する叱責や罰金や鞭打ちなどの仕置(しおき)、重い罪に対するものを「刑」。",罰 → JPDB Kanji Freq: 1303,漢字の読みを入力してください,Text
__罰__当たり,バチ,"［罰］四級
音: ハツ／ボチ／バツ／バチ 訓: 
意味: 軽い悪行に対する懲(こら)らしめ、軽い罪に対する叱責や罰金や鞭打ちなどの仕置(しおき)、重い罪に対するものを「刑」。",罰 → JPDB Kanji Freq: 1303,漢字の読みを入力してください,Text
__亀__裂,キ,"［亀］二級
音: キ／キン／コン／キュウ／ク 訓: かめ
意味: 亀(カメ)、カメ目の動物の総称、同「𠃾」。
亀兹(キュウジ・キジ)、古国名、前3？世紀～11？世紀、現新疆ウイグル自治区庫車市一帯、同「𪚺兹」{漢(西漢、前漢)代}{新疆ウイグル自治区}。
かめ、部首名。",亀 → JPDB Kanji Freq: 1302,漢字の読みを入力してください,Text
__腐__心，__腐__敗，陳__腐__,フ,"［腐］四級
音: フ／ブ 訓: くさ・る
意味: (肉が)柔らかくなったり形が崩れたりする、また元の形でなくなる、朽(く)ちる。
食べられなくなる、用をなさなくなる。
古臭い。
男性の性器を切り落とす刑罰、宮刑(キュウケイ)。
日思うようにならず嫌になる。",腐 → JPDB Kanji Freq: 1301,漢字の読みを入力してください,Text
樹__齢__，年__齢__，妙__齢__,レイ,"［齢］四級
音: レイ／リョウ 訓: よわい
意味: 生まれてからの年(とし)の数、同「秢」。",齢 → JPDB Kanji Freq: 1300,漢字の読みを入力してください,Text
__筆__力，__筆__記，毛__筆__,ヒツ,"［筆］八級
音: ヒツ／ヒチ 訓: ふで
意味: 墨や絵の具を穂先に含ませて字を書いたり絵を描いたりする道具、またそれで字を書く、また絵を描く、またそれで書いた(描いた)字や絵。",筆 → JPDB Kanji Freq: 1299,漢字の読みを入力してください,Text
__癒__着，治__癒__，平__癒__,ユ,"［癒］凖二級
音: ユ 訓: い・える／いや・す
意味: 肉体的・精神的な病(やまい)や傷が治(なお)る、また治す、同「瘉」。",癒 → JPDB Kanji Freq: 1298,漢字の読みを入力してください,Text
__宗__教，__宗__派，改__宗__,シュウ,"［宗］五級
音: ソウ／ソ／シュウ 訓: むね
意味: 祖先を祭(まつ)るところ、「宗廟(ソウビョウ、祖先を祭る建物)」。
始祖の姓を名乗る一族、宗族(ソウゾク)、中でも「宗廟」を管理し祭祀サイシを執(と)り行う家を、宗家(ソウカ)(本家ホンケ)」。
尊(とうと)ぶ、大切にする。
むね、主旨シュシ、要旨ヨウシ。
教義の主旨、同じ教義を信奉する一団。",宗 → JPDB Kanji Freq: 1297,漢字の読みを入力してください,Text
__宗__家，__宗__匠,ソウ,"［宗］五級
音: ソウ／ソ／シュウ 訓: むね
意味: 祖先を祭(まつ)るところ、「宗廟(ソウビョウ、祖先を祭る建物)」。
始祖の姓を名乗る一族、宗族(ソウゾク)、中でも「宗廟」を管理し祭祀サイシを執(と)り行う家を、宗家(ソウカ)(本家ホンケ)」。
尊(とうと)ぶ、大切にする。
むね、主旨シュシ、要旨ヨウシ。
教義の主旨、同じ教義を信奉する一団。",宗 → JPDB Kanji Freq: 1297,漢字の読みを入力してください,Text
__典__拠，古__典__，式__典__,テン,"［典］七級
音: テン 訓: のり
意味: 古来から尊(とうと)ばれ続けている書物、行動や祭祀・儀式の規範・基準となる書物、典籍(テンセキ)(古い貴重な書物)」。
守り則(のっと)るべき手順や作法、規範、原則、、典礼(テンレイ)(儀礼の作法)」、典範(テンパン)(規範)」。
司(つかさど)る、管理・監督する、またその人、またその職、、典衣(テンイ)(君主の衣類を司る人、またその職)」、同「敟」「䓦」。
質(シチ)に入れる。",典 → JPDB Kanji Freq: 1296,漢字の読みを入力してください,Text
__豆__腐，納__豆__,トウ,"［豆］八級
音: トウ／ズ 訓: まめ
意味: 高坏たかつき、食物を盛る蓋(ふた)付き脚(あし)付きの器、同「䇺」{食器(豆・鋪)}。
マメ科の穀物の総称、またその実、またその形に似たもの。
中国戦国時代(前5世紀～前221年)の齊国(前386年～前221年)の容量の単位、1區=4豆、1豆=4升{各種単位}、但し時代によって違いがあり、西漢代(前202年～9年)では16黍=1豆、6豆=1銖。
まめ、まめへん、部首名",豆 → JPDB Kanji Freq: 1295,漢字の読みを入力してください,Text
大__豆__，伊__豆__,ズ,"［豆］八級
音: トウ／ズ 訓: まめ
意味: 高坏たかつき、食物を盛る蓋(ふた)付き脚(あし)付きの器、同「䇺」{食器(豆・鋪)}。
マメ科の穀物の総称、またその実、またその形に似たもの。
中国戦国時代(前5世紀～前221年)の齊国(前386年～前221年)の容量の単位、1區=4豆、1豆=4升{各種単位}、但し時代によって違いがあり、西漢代(前202年～9年)では16黍=1豆、6豆=1銖。
まめ、まめへん、部首名",豆 → JPDB Kanji Freq: 1295,漢字の読みを入力してください,Text
軍__靴__，製__靴__,カ,"［靴］凖二級
音: カ／ケ 訓: くつ
意味: (革製の履物で)踝(くるぶし)より上から足までを包む履物の総称、長靴、踝より上を覆わないものは「鞋」{服飾(履物)}。",靴 → JPDB Kanji Freq: 1294,漢字の読みを入力してください,Text
__免__許，__免__除，放__免__,メン,"［免］三級
音: ベン／メン 訓: まぬか・れる
意味: 取り除く、取り去る。
身に着けているものを脱(ぬ)ぐ。
逃(のが)れる、負うべき役目や義務などを負わずに済む、災いなどに遇わず済む。
許(ゆる)す、赦(ゆる)す、見逃(みのが)す、負うべき役目・義務・罪などを負わなくてよいと許す。
位階や役目を解(と)く。",免 → JPDB Kanji Freq: 1293,漢字の読みを入力してください,Text
歌__詞__，作__詞__，品__詞__,シ,"［詞］五級
音: シ／ジ 訓: ことば
意味: 単語。
思いや考えを伝えるための単語を連ねた一連の言葉(ことば)、文章(ブンショウ)。
詩歌シイカ、、歌詞(カシ)。",詞 → JPDB Kanji Freq: 1292,漢字の読みを入力してください,Text
__緩__和，__緩__解，__緩__慢，__緩__急，弛__緩__,カン,"［緩］三級
音: カン／ガン 訓: ゆる・い／ゆる・やか／ゆる・む／ゆる・める
意味: ゆったりとした、きつくない。
張り詰めていた力や締め付けていた力を抜く。
負荷を軽くする、余裕を持たす。
ゆっくりした、鈍(のろ)い。",緩 → JPDB Kanji Freq: 1291,漢字の読みを入力してください,Text
法__則__，鉄__則__，変__則__,ソク,"［則］六級
音: ソク 訓: のり／のっと・る／すなわ・ち
意味: のり、規範・基準となるもの、手本として倣(なら)うべきもの。
のっと・る、守るべき法律・規範・基準・手本などに従う。
すなわ・ち、「Ａ則Ｂ」の用法で、Ａ(原因や理由)であるならばＢ(Ａから導かれる結果や結論)、Ａ(行為など)であるならばつまりはＢ(Ａとは別の行為など)と同じ。",則 → JPDB Kanji Freq: 1290,漢字の読みを入力してください,Text
完__璧__，双__璧__，完__璧__,ヘキ,"［璧］二級
音: ヘキ／ヒャク 訓: 
意味: 中央に孔(あな)のあいた円盤状の玉ギョク(美しく高貴な石)製の礼器、玉の部分(肉)が大きく孔の部分(好)が小さいもの、肉と好がほぼ同じものを「環」、好が大きいものを「瑗」。
美しい玉ギョク(美しく高貴な石)、また玉のように美しいさま、立派なさま",璧 → JPDB Kanji Freq: 1288,漢字の読みを入力してください,Text
__机__上，__机__辺,キ,"［机］五級
音: キ 訓: つくえ
意味: つくえ、テーブルtable、同「几」。
木名、未詳、ニレ楡(ニレ科ニレ属の木)に似た木で、焼いたものを稲田の肥料にするという。
繁「機」",机 → JPDB Kanji Freq: 1287,漢字の読みを入力してください,Text
__浅__薄，__浅__学，深__浅__,セン,"［浅］七級
音: セン 訓: あさ・い
意味: 水面から底までの距離が小さい、深くない。
薄っぺらな、厚みがない、奥行きがない。
色などが薄い、或いは淡い、深みがない。
時間的に短い、あまり時間が経(た)っていない。",浅 → JPDB Kanji Freq: 1286,漢字の読みを入力してください,Text
__獲__得，捕__獲__，漁__獲__高,カク,"［獲］四級
音: カク／ワク 訓: え・る
意味: 狩りで鳥獣を殺し捕(と)る、また狩りで捕った鳥獣など、「獲物(えもの、中国では「猎物」)」、生きたまま捕(つか)まえるのは「虜」。
得る、手に入れる、獲得(カクトク)
簡「获」",獲 → JPDB Kanji Freq: 1285,漢字の読みを入力してください,Text
__釣__果，__釣__魚，__釣__艇,チョウ,"［釣］凖二級
音: チョウ 訓: つ・る／つり
意味: 鉤かぎ(先を曲げた金具)に引っ掛ける、また引っ掛けて魚を獲(と)る、同「魡」。
(餌をぶら下げて)誘(おび)き出す、誘き出して手に入れる。
吊(つ)る、吊り下げる。",釣 → JPDB Kanji Freq: 1284,漢字の読みを入力してください,Text
__渉__外，干__渉__，交__渉__,ショウ,"［渉］凖二級
音: ショウ／ジョウ 訓: わた・る
意味: 川・沼・湖・海などの水のあるところを歩いて渡る。
渡り歩く、経(へ)る、体験・経験する。
関(かか)わる、関係する。",渉 → JPDB Kanji Freq: 1283,漢字の読みを入力してください,Text
__貫__通，縦__貫__，尺__貫__法,カン,"［貫］三級
音: カン 訓: つらぬ・く／ぬき
意味: 反対側まで突き抜ける穴(孔)を開ける、穿(うが)つ。
始めから終わりまで途中で途切れることなく通す、また通っている。
途切れることなく繰り返し続いている慣(なら)わし、同「慣」。
代々住み続けている土地、出生地。
銭の孔に通す紐、紐を通して結わえた銭、銭の単位。
重量の単位{各種単位}。",貫 → JPDB Kanji Freq: 1281,漢字の読みを入力してください,Text
__誠__実，__誠__意，至__誠__,セイ,"［誠］五級
音: セイ／ジョウ 訓: まこと／まこと・に
意味: 真心(まごころ)、真実シンジツ。
言行(ゲンコウ、言葉と行為・行動)に嘘偽(うそいつわ)りがない。
真(まこと)に、本当に、嘘偽りなく。",誠 → JPDB Kanji Freq: 1279,漢字の読みを入力してください,Text
__泳__法，水__泳__，背__泳__,エイ,"［泳］八級
音: エイ／ヨウ 訓: およ・ぐ
意味: 水中に潜って進む、水の中を進む。",泳 → JPDB Kanji Freq: 1278,漢字の読みを入力してください,Text
__範__囲，師__範__，模__範__,ハン,"［範］四級
音: ハン／ボン 訓: のり
意味: 目的の形に造るための竹製の型かた、土製は「型」、金属製は「鎔」、木製は「模」、同簡「范」、同「笵」。
枠(わく)、枠で限られたところ、またその内側、範圍・範囲(ハンイ)。
型の通りにする、手本、決(きま)り。",範 → JPDB Kanji Freq: 1277,漢字の読みを入力してください,Text
__診__察，__診__療，往__診__,シン,"［診］凖二級
音: シン／チン／ジン 訓: み・る
意味: 医者が(脈ミャクを取って)病状や健康状態よく調べる、またその原因を探(さぐ)る、同「𧦜」。
(状態を)よく見る、(その原因・理由を)よく調べる、同「𧠝」「覙」。",診 → JPDB Kanji Freq: 1275,漢字の読みを入力してください,Text
電__鈴__，振__鈴__，予__鈴__,レイ,"［鈴］凖二級
音: レイ／リョウ／リン 訓: すず
意味: 鐸タクの一種で、一般には鐸よりも小形のもの、揺らすことで内部に吊るした舌ゼツ(した)が揺れ、内壁にぶつかり音が出る{楽器(打楽器)}。
(鈴のような)「りんりん」「ちりんちりん」という音、またそのような音を出すもの。",鈴 → JPDB Kanji Freq: 1274,漢字の読みを入力してください,Text
風__鈴__，呼び__鈴__,リン,"［鈴］凖二級
音: レイ／リョウ／リン 訓: すず
意味: 鐸タクの一種で、一般には鐸よりも小形のもの、揺らすことで内部に吊るした舌ゼツ(した)が揺れ、内壁にぶつかり音が出る{楽器(打楽器)}。
(鈴のような)「りんりん」「ちりんちりん」という音、またそのような音を出すもの。",鈴 → JPDB Kanji Freq: 1274,漢字の読みを入力してください,Text
__狭__量，広__狭__，偏__狭__,キョウ,"［狭］四級
音: キョウ／コウ／ギョウ 訓: せま・い／せば・まる／せば・める／さ
意味: 両側から挟(はさ)まれて空き(あき、幅、間隔)が小さい、また小さくなる、また小さくする。
心(度量)に幅がない(余裕がない)、また小さい。
幅や間隔が小さい。",狭 → JPDB Kanji Freq: 1273,漢字の読みを入力してください,Text
__狩__猟,シュ,"［狩］四級
音: シュウ／シュ 訓: かり／か・る
意味: 周りを囲って狩猟犬を放ち鳥獣を追い詰め捕(と)らえる。
(天子や領主が)冬に行う猟リョウ、春は、蒐(シュウ)、獀ソウ」、夏は猫(ビョウ)、秋は獮(セン)、単に「狩りをする」の場合は「猟」を用いる。
獲物を捕らえる、征伐セイバツする。
君主が領地を巡察すること、、巡狩(ジュンシュウ)。",狩 → JPDB Kanji Freq: 1272,漢字の読みを入力してください,Text
__築__港，建__築__，改__築__,チク,"［築］六級
音: チク 訓: きず・く／つき
意味: 土を搗(つ)き固める、しっかりした土台を造(つく)る。
しっかりした土台の上に建造物を造る、またものを作り上げる。
簡「築」。",築 → JPDB Kanji Freq: 1271,漢字の読みを入力してください,Text
憲__章__，勲__章__，文__章__,ショウ,"［章］八級
音: ショウ 訓: 
意味: 楽曲・詩文・法令などの一纏(ひとまと)まりごとに設ける区切り。
織物や刺繍などの紋様。
明らか、明らかにする、はっきりと分かる。
(はっきりと分かるようにする)印鑑やバッジなど。",章 → JPDB Kanji Freq: 1270,漢字の読みを入力してください,Text
__臣__下，君__臣__,シン,"［臣］七級
音: シン／ジン 訓: おみ
意味: 主君に仕える者、主人に仕える召使い、本来は男の奴隷のこと。
家臣の者が主君に対して謙(へりくだ)って自らをいう語。
しん、部首名。",臣 → JPDB Kanji Freq: 1269,漢字の読みを入力してください,Text
大__臣__,ジン,"［臣］七級
音: シン／ジン 訓: おみ
意味: 主君に仕える者、主人に仕える召使い、本来は男の奴隷のこと。
家臣の者が主君に対して謙(へりくだ)って自らをいう語。
しん、部首名。",臣 → JPDB Kanji Freq: 1269,漢字の読みを入力してください,Text
__添__加，__添__付，__添__削,テン,"［添］四級
音: テン 訓: そ・える
意味: 付け加える、付け足す。",添 → JPDB Kanji Freq: 1268,漢字の読みを入力してください,Text
左__翼__，尾__翼__,ヨク,"［翼］四級
音: ヨク／イキ 訓: つばさ
意味: 鳥や虫の体から左右に伸び出ている空中を飛翔するための腕状の部分、本体から左右に伸び出ているものやその形状、同「𩙺」「䋚」「𦐂」「翅」。
(鳥の翼のように左右にあって)手や力を貸して支え助ける、同「翊」。
二十八宿南方朱雀スザクの一つ{二十八宿}。",翼 → JPDB Kanji Freq: 1267,漢字の読みを入力してください,Text
__紫__紺，__紫__煙，__紫__外線,シ,"［紫］四級
音: シ 訓: むらさき
意味: 赤味がかった青色、青味がかった赤色█。",紫 → JPDB Kanji Freq: 1266,漢字の読みを入力してください,Text
__廃__止，__廃__物，荒__廃__,ハイ,"［廃］凖二級
音: ハイ／ホ 訓: すた・る
意味: 建物が傾(かたむ)き倒(たお)れる、崩(くず)れる。
(そこに住むことを)止(や)める、それまでしていたことを止める、使うことを止める。
すた・る、使えなくなる、使われなくなる、役に立たなくなる。
捨(す)てる、捨て置(お)く、放(ほう)って置く、放置ホウチする。",廃 → JPDB Kanji Freq: 1265,漢字の読みを入力してください,Text
__魅__力，__魅__惑，__魅__する,ミ,"［魅］三級
音: ビ／ミ 訓: 
意味: 人の心を引き付けて惑わす。
得体の知れない怪しいもの、物の怪(もののけ)、妖怪ヨウカイ、同「鬽」。
山林の精気から生じ人に災(わざわ)いを齎(もたら)すという妖怪ヨウカイ、魑魅(チミ)(すだま)」。",魅 → JPDB Kanji Freq: 1263,漢字の読みを入力してください,Text
__諸__君，__諸__国，__諸__般,ショ,"［諸］五級
音: ショ 訓: もろもろ／もろ
意味: 多くの、様々の。
これ、この、this、之於(シオ)、之乎(シコ)を「諸」一字で表したもの。",諸 → JPDB Kanji Freq: 1261,漢字の読みを入力してください,Text
__患__者，疾__患__,カン,"［患］凖二級
音: カン／ゲン 訓: わずら・う／うれ・える
意味: 憂(うれ)える、悩み苦しむ。
悩みや苦しみを齎(もたら)す災難、禍(わざわい)。
病(や)む、病気になる。",患 → JPDB Kanji Freq: 1260,漢字の読みを入力してください,Text
__尊__敬，__尊__大，本__尊__,ソン,"［尊］五級
音: ソン 訓: とうと・ぶ／とうと・い／たっと・ぶ／たっと・い
意味: 身分・地位が高い、またそのような人、同「貴」。
上にあるさま、高いさま、低いのは「卑」。
重んじる、敬い大切にする、尊敬(ソンケイ)
「尊者(ソンジャ)」「尊父(ソンプ)」など言葉に冠し敬意を表す語、相手を高くする(立てる)語
神や先祖を祭ったり賓客ヒンキャクをもてなす際に用いる酒器、広く酒器(酒を入れる容器)を指す、同「𢍜」「樽」「罇」「墫」「𤮐」。",尊 → JPDB Kanji Freq: 1259,漢字の読みを入力してください,Text
__航__海，__航__空，就__航__,コウ,"［航］六級
音: コウ／ゴウ 訓: 
意味: 方舟(はこぶね)、二艘ソウ(船の数の単位)の舟を並べ互いに繋ぎ合わせた舟(船首が二つあるような形の舟)、同「斻」「舫」。
船が並んで進むさま、同「𦨵」。
舟、船。
船で川や海を渡る(広く乗り物に乗って川や海を渡ることをいう)、同「斻」「杭」。",航 → JPDB Kanji Freq: 1257,漢字の読みを入力してください,Text
__縮__小，__縮__図，短__縮__,シュク,"［縮］五級
音: シュク／スク 訓: ちぢ・む／ちぢ・まる／ちぢ・こまる／ちぢ・れる／ちぢ・み
意味: 縄を巻いてぎゅっと締め付ける、周りから締め付けて小さくする、収縮(シュウシュク)。
酒の入った袋を周りから締め付けて小さくする、搾(しぼ)る。
大きく広がっているものが元の形を維持したまま小さくなる(狭まる)、窄(すぼ)まる、その結果皺ができたり密度が高くなったりする、萎縮(イシュク)(弱り小さくなる、衰え弱る)」。
足りなくなる、不足する、、贏縮・盈縮(エイシュク)(あり余り或いは足りない、大きい或いは小さい、広がり或いは狭まる、伸縮)」。",縮 → JPDB Kanji Freq: 1255,漢字の読みを入力してください,Text
遺__恨__，痛__恨__，悔__恨__,コン,"［恨］三級
音: コン／ゴン 訓: うら・む／うら・めしい
意味: (思いが満たされずに)とても残念に思う、とても腹立たしい、同「憾」「怨」。",恨 → JPDB Kanji Freq: 1254,漢字の読みを入力してください,Text
__傍__線，__傍__聴，路__傍__,ボウ,"［傍］四級
音: ホウ／ボウ 訓: かたわ・ら／そば
意味: もののすぐ近くのところ、側(そば)、同「徬」「旁」。
すぐ傍に付き添(そ)う、ぴったりと寄り添う、同「徬」「旁」。
漢字の右側の部分、同「旁」、左は「扁」「偏」。",傍 → JPDB Kanji Freq: 1252,漢字の読みを入力してください,Text
__牛__馬，__牛__乳，闘__牛__,ギュウ,"［牛］九級
音: ギュウ／グ／ゴ 訓: うし
意味: 牛(ウシ)、ウシ目の哺乳類の総称、特に家畜のウシを指す。
(牛のように)強情な、傲慢な。
二十八宿北方玄武ゲンブの第二星{二十八宿}。
牛蒡(ゴボウ)、キク科ゴボウ属の草、牛蒡子(ゴボウシ)(ゴボウの種、乾燥させて生薬として利用される)」{ゴボウ}。
紫金牛(シキンギュウ)、ヤブコウジ藪柑子、サクラソウ科ヤブコウジ属の木{ヤブコウジ}。
天牛(テンギュウ)、カミキリムシ髪切虫・天牛、カミキリムシ科の虫の総称。
うし、部首名。",牛 → JPDB Kanji Freq: 1251,漢字の読みを入力してください,Text
__律__する，__律__動，規__律__，法__律__,リツ,"［律］五級
音: リツ／リチ 訓: のり
意味: 音楽の十二の階調のうち陽の音、六音があり、六律(ロクリツ)という、また陰の、六呂(ロクリョ)と合わせて、十二律呂(ジュウニリツリョ)、律呂(リツリョ)、呂律(リョリツ)(ろれつ)」という{音楽(十二律)}。
のり、決まりごと(法)の一つ一つ(律)、定め、規則、法令、規律(キリツ)、法律(ホウリツ)。
定めに従う、規則に従う。",律 → JPDB Kanji Freq: 1250,漢字の読みを入力してください,Text
__律__儀,リチ,"［律］五級
音: リツ／リチ 訓: のり
意味: 音楽の十二の階調のうち陽の音、六音があり、六律(ロクリツ)という、また陰の、六呂(ロクリョ)と合わせて、十二律呂(ジュウニリツリョ)、律呂(リツリョ)、呂律(リョリツ)(ろれつ)」という{音楽(十二律)}。
のり、決まりごと(法)の一つ一つ(律)、定め、規則、法令、規律(キリツ)、法律(ホウリツ)。
定めに従う、規則に従う。",律 → JPDB Kanji Freq: 1250,漢字の読みを入力してください,Text
__穏__和，__穏__健，__穏__当，平__穏__,オン,"［穏］三級
音: オン 訓: おだ・やか
意味: 安らかなさま、落ち着いているさま、安隱(アンオン・アンノン)。
揺れ動くことなく安定しているさま。",穏 → JPDB Kanji Freq: 1249,漢字の読みを入力してください,Text
__豪__遊，__豪__雨，文__豪__,ゴウ,"［豪］四級
音: コウ／ゴウ 訓: えら・い
意味: 猛々(たけだけ)しく勇ましい、並外れて力がある、またそのような人。
才智や力が傑出している、ずば抜けている、またそのような人、十人に一人の逸材。
大層タイソウなさま、他に比べて一段飛び抜けているさま、豪勢(ゴウセイ)、豪華(ゴウカ)
、豪猪(ゴウチョ)(ヤマアラシ山荒らし・豪猪)」、ヤマアラシ科の哺乳類
強いさま、硬いさま。",豪 → JPDB Kanji Freq: 1248,漢字の読みを入力してください,Text
__幹__線，__幹__事，根__幹__,カン,"［幹］六級
音: カン 訓: みき
意味: 植物の枝葉を支えている太い部分。
物事の全体を支えている中心的な部分、物事の主要なまた重要な部分、同「干」。
中心となって働く、主要なまた重要な仕事を担う。
簡「干」。",幹 → JPDB Kanji Freq: 1245,漢字の読みを入力してください,Text
__偶__然，__偶__数，配__偶__者,グウ,"［偶］三級
音: ゴウ／グ／グウ／ク 訓: 
意味: 人の形に似せた人形、偶像(グウゾウ)、木偶(モクグウ)(でく)」、同「𣕃」。
夫婦などのように同等のものが対ツイ(二つで一組)になる。
2で割り切れる数、、偶数(グウスウ)、割り切れないものは「奇」。
思い掛けないさま、、偶然(グウゼン)。
期せずして(予め示し合せることなく)出会う、思い掛けず出合う、同「遇」。",偶 → JPDB Kanji Freq: 1243,漢字の読みを入力してください,Text
__霧__笛，濃__霧__，噴__霧__器,ム,"［霧］四級
音: ブ／ム 訓: きり
意味: 地表付近で空気中の水蒸気が凝結し無数の小さな水滴となって浮かんでいるもの、気象学上では視程が1km以下のもの、1km以上10km未満のものは「靄(もや)」、同「雺」{霧}。
霞(かす)んでいるさま、見通しが悪いさま。
薄暗いさま、薄暗くぼんやりしているさま、同「霿」「雺」。",霧 → JPDB Kanji Freq: 1242,漢字の読みを入力してください,Text
綿__糸__，蚕__糸__，製__糸__,シ,"［糸］十級
音: シ／ベキ／ミャク 訓: いと
意味: 蚕(かいこ)の繭(まゆ)から取り出した繊維(、忽(コツ)という)五本を縒(よ)ったもの、十本を縒ったものが、絲(シ)、中国で「縫物などに使う糸」をいう場合は、线(セン)(線)」、丝(シ)(絲)」を用いる。
綿などの繊維を縒ったもの、同「絲」
細い、細く長い、細く長く繋(つな)がる、同「絲」
弦楽器、またその弦、同「絲」。
数の単位、1毫(毛)=10糸(絲)、1糸(絲)=10忽=10-4{数字}。
いと、部首名。",糸 → JPDB Kanji Freq: 1241,漢字の読みを入力してください,Text
__喚__問，召__喚__，叫__喚__,カン,"［喚］三級
音: カン 訓: よ・ぶ／わめ・く
意味: 呼ぶ、大声で呼ぶ。
わめ・く、大声で叫ぶ。",喚 → JPDB Kanji Freq: 1240,漢字の読みを入力してください,Text
__署__名，__署__長，警察__署__,ショ,"［署］五級
音: ショ／ジョ 訓: 
意味: 役目を与えて人を配置する、部署(ブショ)。
共通の役割毎に纏(まと)めた組織、役所、役人が執務する所。
書く、書き記(しる)す、署名(ショメイ)。",署 → JPDB Kanji Freq: 1239,漢字の読みを入力してください,Text
"__幾何__，__幾何__学
数学の部門の一つ。物の形・大きさ・位置や空間の性質などを調べる学問。||geometry||",きか,"［幾］四級
音: キ／ケ 訓: いく／いく・つ／いく・らか
意味: 微(かす)か、僅(わず)か。
殆(ほとん)ど、数や程度などがほぼ等しい(それに近い)、今にも、もう少しで、もう少しのところで、同「𧰙」「危」。
いく・つ、どれ程、何度か、数や回数などが分からないがあまり多くないさまを指す、同簡「几」。","幾 → JPDB Kanji Freq: 1238
何 → JPDB Kanji Freq: 4",漢字の読みを入力してください,Text
__請__求，__請__願，申__請__,セイ,"［請］三級
音: セイ／ショウ／シン 訓: こ・う／う・ける
意味: 乞(こ)う、頼む、頼みごとをする、君主や神仏などにお願いする。
どうか(～して下さい)。
招く、招きに応(こた)えて来てくれた人を大切にもてなす。
依頼を受ける、頼みごとに応える。",請 → JPDB Kanji Freq: 1237,漢字の読みを入力してください,Text
普__請__,シン,"［請］三級
音: セイ／ショウ／シン 訓: こ・う／う・ける
意味: 乞(こ)う、頼む、頼みごとをする、君主や神仏などにお願いする。
どうか(～して下さい)。
招く、招きに応(こた)えて来てくれた人を大切にもてなす。
依頼を受ける、頼みごとに応える。",請 → JPDB Kanji Freq: 1237,漢字の読みを入力してください,Text
__誇__示，__誇__大，__誇__張,コ,"［誇］四級
音: カ／ケ／コ 訓: ほこ・る／ほこ・り
意味: 話は大きく派手だが中身がないさま、話が大袈裟なさま、同簡「夸」。
日ほこ・り、自らの誉れとすること。",誇 → JPDB Kanji Freq: 1236,漢字の読みを入力してください,Text
__唯__一，__唯__物論，__唯__美主義,ユイ,"［唯］凖二級
音: イ／ユイ 訓: ただ
意味: 只ただ、ただ～だけ。
ただひたすら。
呼び掛け・問い掛けや指示・命令などに対する「はい」という応答、敬(うやま)い慎(つつし)んで間髪を入れずに応(こた)えるさまを指す、同意・承知の「はい」は、諾(ダク)。",唯 → JPDB Kanji Freq: 1235,漢字の読みを入力してください,Text
__唯__々諾々,イ,"［唯］凖二級
音: イ／ユイ 訓: ただ
意味: 只ただ、ただ～だけ。
ただひたすら。
呼び掛け・問い掛けや指示・命令などに対する「はい」という応答、敬(うやま)い慎(つつし)んで間髪を入れずに応(こた)えるさまを指す、同意・承知の「はい」は、諾(ダク)。",唯 → JPDB Kanji Freq: 1235,漢字の読みを入力してください,Text
__紀__行，__紀__元，風__紀__,キ,"［紀］六級
音: キ／コ 訓: のり
意味: 糸口、糸や物事の端緒。
布の経糸(たていと)の数の単位、【西京雜記】によれば1紀=2𥿮=4升=8䌰=40絲(40本)、但し【儀禮】に1升=80縷とあり、いずれも布幅が示されていない。
物事の始めから順を追うための手順、決まりごと、紀律(キリツ)、綱紀(コウキ)
一巡する年代の単位、区切りとなる年代の単位、十二支では一紀=十二年、一世紀=百年。
物事の始まりから順を追って(年代順に)記す、またそのように記されたもの。",紀 → JPDB Kanji Freq: 1234,漢字の読みを入力してください,Text
__祈__願，__祈__念,キ,"［祈］四級
音: キ／ゲ／ギ 訓: いの・る
意味: 天や神仏に望みが叶うようにと、また幸せになれるようにと願い求める。",祈 → JPDB Kanji Freq: 1233,漢字の読みを入力してください,Text
"__椅__子
①人がすわるために作った、少し高さのあるもの。",イ,"［椅］二級
音: イ 訓: 
意味: イイギリ(飯桐)、ヤナギ科イイギリ属の木{イイギリ}。
背凭(せもた)れがある腰掛(こしかけ)。",椅 → JPDB Kanji Freq: 1232,漢字の読みを入力してください,Text
__漫__画，__漫__歩，散__漫__，__漫__才,マン,"［漫］四級
音: バン／マン 訓: そぞ・ろ／みだり
意味: 水が満ちる、水が一面に広がる、同「澫」「𣸞」。
だらだらとどこまでも続く。
だらだらする、怠(なま)ける。
そぞ・ろ、気儘(きまま)なさま、自らの拘(こだわ)りもなく他から制約を受けることもないさま。",漫 → JPDB Kanji Freq: 1230,漢字の読みを入力してください,Text
__講__義，__講__演，聴__講__,コウ,"［講］六級
音: コウ 訓: 
意味: 相手に分かるように説(と)く、解説・説明する。
互いに相手の立場を理解し合う、和解ワカイする、講解(コウカイ)、講和(コウワ)。",講 → JPDB Kanji Freq: 1229,漢字の読みを入力してください,Text
__滑__走，__滑__降，円__滑__，__滑__空,カツ,"［滑］三級
音: カツ／ゲチ／コツ／コチ 訓: すべ・る／なめ・らか／ぬめ・る
意味: 凹凸がなくつるつるしている、すべすべしている、ざらざらとしていない。
狡(ずる)い、すばしこい(すばしっこい)、するりと身を躱(かわ)してうまく逃(のが)れる、狡賢(ずるがしこ)い、狡猾(コウカツ)、同、狡獪(コウカイ)、同「猾」。
乱す、掻(か)き乱す、ごちゃごちゃさせる、同「猾」。
滑稽(コッケイ)流れるようによく喋(しゃべ)る面白おかしいさま。
滑石(カッセキ)、薬として利用される鉱物、英名タルクtalc、同「磆石」。",滑 → JPDB Kanji Freq: 1228,漢字の読みを入力してください,Text
__滑__稽,コツ,"［滑］三級
音: カツ／ゲチ／コツ／コチ 訓: すべ・る／なめ・らか／ぬめ・る
意味: 凹凸がなくつるつるしている、すべすべしている、ざらざらとしていない。
狡(ずる)い、すばしこい(すばしっこい)、するりと身を躱(かわ)してうまく逃(のが)れる、狡賢(ずるがしこ)い、狡猾(コウカツ)、同、狡獪(コウカイ)、同「猾」。
乱す、掻(か)き乱す、ごちゃごちゃさせる、同「猾」。
滑稽(コッケイ)流れるようによく喋(しゃべ)る面白おかしいさま。
滑石(カッセキ)、薬として利用される鉱物、英名タルクtalc、同「磆石」。",滑 → JPDB Kanji Freq: 1228,漢字の読みを入力してください,Text
__脅__迫，__脅__威,キョウ,"［脅］三級
音: キョウ／コウ 訓: おど・す／おど・かす／おび・える／おびや・かす
意味: 脇(わき)、胸の両側面の部分、上腕を垂らしたときに体の側面と合わさる部分、同「脇」「䏩」{人体(胴部)}。
両側からぐっと押え付ける、力で押え付けて迫る、また恐れさせる、威嚇イカクする、同「愶」、脅迫(キョウハク)。
(威嚇するように両肩を)聳(そび)やかす。
怯(おび)える、懼(おそ)れる、同「愶」。",脅 → JPDB Kanji Freq: 1226,漢字の読みを入力してください,Text
__喉__頭，咽__喉__,コウ,"［喉］二級
音: コウ／グ 訓: のど
意味: のど、咽イン(口の奥から食道の入口までの部分)の途中から分かれて気管に通じる部分、総称して、咽喉(インコウ)。",喉 → JPDB Kanji Freq: 1225,漢字の読みを入力してください,Text
__宣__言，__宣__誓，__宣__伝,セン,"［宣］五級
音: セン 訓: の・べる／のたま・う
意味: (天子の住む)宮殿の大きな部屋。
天子の意思や命令、またそれを広く知らしめる、宣旨(センジ)
広く伝える、広く知らせる
広める、広がる、広く漏れなく行き渡らせる、広く行き渡る。",宣 → JPDB Kanji Freq: 1224,漢字の読みを入力してください,Text
__郷__里，__郷__土，異__郷__,キョウ,"［郷］五級
音: キョウ／コウ／ゴウ 訓: さと
意味: 都から離れた土地、(特に地方の)町村、田舎。
出生地、故郷(コキョウ)(ふるさと)」。
中国周代では12。",郷 → JPDB Kanji Freq: 1223,漢字の読みを入力してください,Text
__郷__士，近__郷__，在__郷__,ゴウ,"［郷］五級
音: キョウ／コウ／ゴウ 訓: さと
意味: 都から離れた土地、(特に地方の)町村、田舎。
出生地、故郷(コキョウ)(ふるさと)」。
中国周代では12。",郷 → JPDB Kanji Freq: 1223,漢字の読みを入力してください,Text
__梅__園，__梅__雨，紅__梅__,バイ,"［梅］七級
音: バイ／マイ／メ 訓: うめ
意味: 梅(ウメ)、バラ科サクラ属の木、またその実{ウメ}。",梅 → JPDB Kanji Freq: 1222,漢字の読みを入力してください,Text
__緑__茶，__緑__陰，新__緑__,リョク,"［緑］八級
音: リョク／ロク 訓: みどり
意味: 青に黄が混じった色、草木の葉の色。
澄んだ水の深みのような濃い青色。
黒に近い深く濃い青色。",緑 → JPDB Kanji Freq: 1221,漢字の読みを入力してください,Text
__緑__青,ロク,"［緑］八級
音: リョク／ロク 訓: みどり
意味: 青に黄が混じった色、草木の葉の色。
澄んだ水の深みのような濃い青色。
黒に近い深く濃い青色。",緑 → JPDB Kanji Freq: 1221,漢字の読みを入力してください,Text
__濃__厚，__濃__紺，__濃__淡,ノウ,"［濃］四級
音: ジョウ／ニュウ／ドウ／ノウ 訓: こ・い
意味: 露(つゆ)や霧(きり)などの水滴が多いさま、濃濃(ノウノウ)、同「𩅽」。
味や色などが深い。
密度が高い。
淡くない、薄くない。",濃 → JPDB Kanji Freq: 1220,漢字の読みを入力してください,Text
__創__造，独__創__，刀__創__,ソウ,"［創］五級
音: ソウ／ショウ 訓: はじ・める
意味: 傷きず、切り傷、同「瘡」。
傷付ける、刃物で切り込みを入れる、彫(ほ)る、彫り込む、同「𠛂」。
(まず刃物で切り込みを入れるところから始めるの意で)仕事をし始める、ものを作り(造り)始める、同「刱」。
新たに作る、初めて作り出す。",創 → JPDB Kanji Freq: 1219,漢字の読みを入力してください,Text
__拾__得，収__拾__,シュウ,"［拾］八級
音: シュウ／ジュウ 訓: ひろ・う
意味: 落ちているもの(放置されてそのままになっているもの)を手で取る、また手に取って持ち上げる。
集める、集めて手に収める。
数の十、「十」の大写字(「一」は「壹」・「二」は「貳」のような大文字のこと){数字}。
弓籠手ゆごて、弾いた弓の弦(つる)が当たって傷付かないように腕に着(つ)ける革製の防具、同「韝」。",拾 → JPDB Kanji Freq: 1218,漢字の読みを入力してください,Text
__拾__万円,ジュウ,"［拾］八級
音: シュウ／ジュウ 訓: ひろ・う
意味: 落ちているもの(放置されてそのままになっているもの)を手で取る、また手に取って持ち上げる。
集める、集めて手に収める。
数の十、「十」の大写字(「一」は「壹」・「二」は「貳」のような大文字のこと){数字}。
弓籠手ゆごて、弾いた弓の弦(つる)が当たって傷付かないように腕に着(つ)ける革製の防具、同「韝」。",拾 → JPDB Kanji Freq: 1218,漢字の読みを入力してください,Text
__遭__遇，__遭__難,ソウ,"［遭］三級
音: ソウ 訓: あ・う
意味: (人や事態に)出会(でくわ)す、出合う、巡(めぐ)り合う、遭遇(ソウグウ)、同「傮」。
周(めぐ)る、一回(ひとまわ)りする、周(まわ)りをぐるりと囲む、取り囲む。",遭 → JPDB Kanji Freq: 1217,漢字の読みを入力してください,Text
紡__績__，成__績__，業__績__,セキ,"［績］六級
音: セキ／シャク 訓: う・む
意味: う・む、麻や綿などの短い繊維や生糸を継(つ)ぎながら撚(よ)って糸にする。
(細かいことを一つ一つ継ぎながら)積み重ねてきたことの結果、成果、同「勣」。
優れた働き、功績。",績 → JPDB Kanji Freq: 1216,漢字の読みを入力してください,Text
__採__集，__採__用，__採__光,サイ,"［採］六級
音: サイ 訓: と・る
意味: 指先で摘(つま)み取る、選び取る、同簡「采」。
燃料にする小さい木、大きいものは「薪」。",採 → JPDB Kanji Freq: 1215,漢字の読みを入力してください,Text
容__易__，安__易__，難__易__,イ,"［易］六級
音: エキ／ヤク／イ 訓: やさ・しい／やす・い
意味: 換(か)える、替(か)える、代(か)える、交換する。
占いの書、また占いの法、爻(コウ)と呼ばれる「陽と「陰」の並びを換えながら組み合わせた「八卦」「六十四卦」で事象を占うことから。
平らな、平穏で和(なご)やかな
平らで障害も抵抗もない、簡単な、難(むずか)しくない
軽(かろ)んずる。",易 → JPDB Kanji Freq: 1214,漢字の読みを入力してください,Text
__易__者，貿__易__，不__易__,エキ,"［易］六級
音: エキ／ヤク／イ 訓: やさ・しい／やす・い
意味: 換(か)える、替(か)える、代(か)える、交換する。
占いの書、また占いの法、爻(コウ)と呼ばれる「陽と「陰」の並びを換えながら組み合わせた「八卦」「六十四卦」で事象を占うことから。
平らな、平穏で和(なご)やかな
平らで障害も抵抗もない、簡単な、難(むずか)しくない
軽(かろ)んずる。",易 → JPDB Kanji Freq: 1214,漢字の読みを入力してください,Text
__煙__突，__煙__霧，喫__煙__,エン,"［煙］四級
音: エン 訓: けむり／けむ・る
意味: ものが燃える時に発生する気体や微粒子。
煤すす、煙の粒子が飛散せずに黒く溜(た)まったもの。
空中を大量の微粒子が浮遊することによって霞(かす)むさま、またぼんやりするさま。
アヘン阿片・鴉片・大煙、ケシ芥子・罌粟の実から作られるモルヒネmorphineなどを含む薬物(麻薬)。",煙 → JPDB Kanji Freq: 1212,漢字の読みを入力してください,Text
羅__針__盤，__針__路，運__針__，秒__針__,シン,"［針］五級
音: シン 訓: はり
意味: 裁縫などに使う細長く先が尖ったもの。
鍼(はり)治療などに使う細長い道具、針状のものや細長いメス状のものなどがある、同「鍼」。
(針のように)細長く先の尖ったもの。",針 → JPDB Kanji Freq: 1211,漢字の読みを入力してください,Text
__趣__向，__趣__味，興__趣__,シュ,"［趣］四級
音: シュ／ス／ショク／ソク 訓: おもむ・く／おもむき
意味: おもむ・く、足早あしばや(「歩」よりは速く「走」よりは遅い速さ)に行く、さっさっと(すたすたと)行く、急いで行く、同「趨」「趍」。
急がせる、促(うなが)す。
おもむき、目指す方向、目指すところ、意図するところ。
目を向ける、関心を向ける。
(人に目や関心を向けさせる)面白さ、面白み。",趣 → JPDB Kanji Freq: 1210,漢字の読みを入力してください,Text
__鋭__利，__鋭__敏，精__鋭__,エイ,"［鋭］四級
音: エイ 訓: するど・い
意味: 先端に近くなるほど細く尖(とが)るさま。
突き出ているさま、抜きん出ているさま。
動きが素早いさま、反応が速いさま。",鋭 → JPDB Kanji Freq: 1209,漢字の読みを入力してください,Text
__鮮__魚，__鮮__明，新__鮮__,セン,"［鮮］四級
音: セン 訓: あざ・やか
意味: 新たに捌いたばかりの魚や肉。
新しく瑞々(みずみず)しいさま、艶々(つやつや)として干乾(ひから)びたり腐ったりしていないさま。
くすみや汚(けが)れがないさま、他とは明らかに違ってはっきりしているさま。
稀な、極めて少ない、同「尟」。",鮮 → JPDB Kanji Freq: 1208,漢字の読みを入力してください,Text
__双__肩，__双__方，無__双__,ソウ,"［双］三級
音: ソウ 訓: ふた
意味: 対ツイ、二つで一組になるものまたそれが並んでいるさま。
対になるもの(対になって用をなすもの)を数える語。",双 → JPDB Kanji Freq: 1207,漢字の読みを入力してください,Text
__眉__目，焦__眉__,ビ,"［眉］二級
音: ビ／ミ 訓: まゆ
意味: 目の上の弓状に僅かに飛び出た部分に生える毛、同「𣮮」{毛(頭部)}。
(眉のように)隆起したところ。
(眉のような)細い弓状の形、眉月(ビゲツ)(眉のように細い弓状の月、新月)」。
ものの上端、、書眉(ショビ)(ページの上部の余白)」。
老(お)いる、、眉壽(ビジュ)(長寿)」。",眉 → JPDB Kanji Freq: 1205,漢字の読みを入力してください,Text
__眉__間,ミ,"［眉］二級
音: ビ／ミ 訓: まゆ
意味: 目の上の弓状に僅かに飛び出た部分に生える毛、同「𣮮」{毛(頭部)}。
(眉のように)隆起したところ。
(眉のような)細い弓状の形、眉月(ビゲツ)(眉のように細い弓状の月、新月)」。
ものの上端、、書眉(ショビ)(ページの上部の余白)」。
老(お)いる、、眉壽(ビジュ)(長寿)」。",眉 → JPDB Kanji Freq: 1205,漢字の読みを入力してください,Text
観__覧__，展__覧__，一__覧__,ラン,"［覧］五級
音: ラン 訓: 
意味: 見渡す、見て回る。
全体を見る、全体に目を通す。",覧 → JPDB Kanji Freq: 1204,漢字の読みを入力してください,Text
__抵__抗，__抵__触，大__抵__,テイ,"［抵］四級
音: テイ／タイ 訓: 
意味: 至る、届く、着く。
突き当たる、当たる、触れる、抵触(テイショク)、同「牴」「觝」。
当たる、相当する。
抵挡(テイトウ)、食(く)い止める、押し止(とど)める、防ぎ止める。
大抵(タイテイ)、凡(おおよ)そ、大体、ほぼ、大略タイリャク。",抵 → JPDB Kanji Freq: 1203,漢字の読みを入力してください,Text
__匹__敵，__匹__夫，馬__匹__,ヒツ,"［匹］四級
音: ヒツ／ヒチ／ヒキ 訓: 
意味: 一対ツイになる、二つで一組になる。
対になること、互いに釣り合いが取れること、匹敵(ヒッテキ)(釣り合うこと、対等であること、またその相手)」。
匹配(ヒッパイ)対になること、釣り合いが取れるように互いを組み合わせる(結び付ける)こと夫婦になること。
一対になるものの片方、相手。
匹夫・匹婦(ヒップ)一人の男性、女性一般の(庶民の)男性、女性。
動物を数える言葉、同「疋」。
布の長さの単位、1匹=4丈。",匹 → JPDB Kanji Freq: 1202,漢字の読みを入力してください,Text
__灯__火，電__灯__，点__灯__,トウ,"［灯］七級
音: テイ／チョウ／トウ 訓: ともしび／あかし／あかり／ひ
意味: 火、烈(はげ)しく燃える火。
高く掲げ暗闇を照らす明かり、明かりを灯(とも)すため照明具、同繁「燈」、本来「灯」には「明かり(燈)」の意はなく「火、烈火」の意だったが、古くから「燈」の俗用字として用いられ今に至っている{什器(照明具)}。",灯 → JPDB Kanji Freq: 1200,漢字の読みを入力してください,Text
白__刃__，凶__刃__，自__刃__,ジン,"［刃］凖二級
音: ジン／ニン 訓: は／やいば
意味: 剣(つるぎ、両刃のまっすぐな刀)や刀(かたな、片刃の刃物)などの物を切る鋭く研(と)がれた部分{武器(刀剣槍)}。
剣や刀で切る、自刃(ジジン)(自らが自らを切ること)」。",刃 → JPDB Kanji Freq: 1199,漢字の読みを入力してください,Text
__努__力,ド,"［努］七級
音: ド／ヌ 訓: つと・める／つと・めて
意味: つと・める、力を尽くす、勉(つと)める。
突き出るさま、突出するさま。
永字八法の一つ、縦画の書き方、「弩」ともいう、現代中国では「竪(しゅ)」{永字八法}。
日つと・めて、何とかして、できるだけ。",努 → JPDB Kanji Freq: 1197,漢字の読みを入力してください,Text
貯水__池__，電__池__,チ,"［池］九級
音: チ／ジ 訓: いけ
意味: 水を引き入れるための水路、また水を引き入れて溜(た)めておくところ、水溜め(みずため)。
城市ジョウシ(城壁で囲まれた町)の外側に巡(めぐ)らせた水堀(みずぼり)、空堀(からぼり)は「隍」",池 → JPDB Kanji Freq: 1196,漢字の読みを入力してください,Text
舞__踊__，__踊__躍,ヨウ,"［踊］四級
音: ヨウ／ユ／ユウ 訓: おど・る
意味: 足を屈し地を「とん」と蹴(け)り足を伸ばして飛び上がる、躍(おど)り上がる、低く飛び同じところに降りることをいう。
跳(は)ね上がる、上に向かって跳ぶ
日歌や曲に合わせて舞う",踊 → JPDB Kanji Freq: 1195,漢字の読みを入力してください,Text
__硬__度，__硬__貨，生__硬__,コウ,"［硬］三級
音: ゴウ／ギョウ／コウ 訓: かた・い
意味: ごつごつ(ごわごわ)としている、強(こわ)い、軟(やわ)らかさがない。",硬 → JPDB Kanji Freq: 1194,漢字の読みを入力してください,Text
__植__樹，__植__物，誤__植__,ショク,"［植］八級
音: ショク／ジキ 訓: う・える
意味: 草木の根を土中に埋めて茎ケイ(くき)や幹カン(みき)の部分をまっすぐに立たせる。
まっすぐに立てる、しっかりと立てる、しっかりと据(す)える、同「樹」「置」。
地中に根を張り地上に茎や幹枝カンシ(幹と枝)を伸ばすもの、植物(ショクブツ)。
根を張る、定着する、定住する。",植 → JPDB Kanji Freq: 1193,漢字の読みを入力してください,Text
__招__待，__招__致，__招__請,ショウ,"［招］六級
音: ショウ 訓: まね・く
意味: (こっちへおいでというように)手を振って人を呼び寄せる、声を掛けて呼び寄せるのは「召」。
礼を尽くして人を自分のところに呼び寄せる。
自分のところに呼び寄せる。",招 → JPDB Kanji Freq: 1192,漢字の読みを入力してください,Text
__症__状，炎__症__，重__症__,ショウ,"［症］凖二級
音: ショウ／チョウ 訓: 
意味: 病気の状態、病状。
繁「癥」。",症 → JPDB Kanji Freq: 1191,漢字の読みを入力してください,Text
__昇__降，__昇__進，上__昇__,ショウ,"［昇］三級
音: ショウ 訓: のぼ・る
意味: 太陽が上がる。
上の方向に行く、同「升」、一般に浮くようにして上がることを指し、足掛りなどを踏みながら上がるのは「登」。",昇 → JPDB Kanji Freq: 1190,漢字の読みを入力してください,Text
師__匠__，巨__匠__，意__匠__,ショウ,"［匠］三級
音: ショウ／ゾウ 訓: たくみ
意味: 木工の技術を持つ職人、(優すぐれた)手仕事の技術を持つ職人。
技芸の巧(たく)みなさま、技芸に秀(ひい)でているさま、またそのようなもの(作品)、またそのような人。",匠 → JPDB Kanji Freq: 1189,漢字の読みを入力してください,Text
__厚__情，__厚__生，濃__厚__,コウ,"［厚］六級
音: コウ／グ 訓: あつ・い
意味: 平らで広がりのあるものの表面から裏面まで(前面から背面まで)の距離が大きい、またその大きさ。
深みがある、濃い。
重い、重みがある。
心配りが行き届いているさま、丁重テイチョウ、丁寧(テイネイ)なさま。",厚 → JPDB Kanji Freq: 1188,漢字の読みを入力してください,Text
__揮__発油，指__揮__，発__揮__,キ,"［揮］五級
音: キ 訓: ふる・う
意味: (手や旗を)右に左に振る、振り回す、同「㩣」。
(手や旗を)振って指図(さしず)する、指示する、合図する、指揮(シキ)、同「撝」。
(ぱっと)手を振って拭い落とす、また撒(ま)き散らす、発散する、発揮(ハッキ)。",揮 → JPDB Kanji Freq: 1187,漢字の読みを入力してください,Text
__愚__問，__愚__鈍，暗__愚__,グ,"［愚］三級
音: グ 訓: おろ・か
意味: 智慧チエが身に付いていない、頭の働きや反応が鈍(にぶ)い、またそのような人。
自分や自分に関することを言う語の頭に付けて謙遜の意味を表す、相手に対する敬称は「賢」、自分の弟を、愚弟(グテイ)、相手の弟を、賢弟(ケンテイ)と言うなど。",愚 → JPDB Kanji Freq: 1186,漢字の読みを入力してください,Text
__奮__起，__奮__発，興__奮__,フン,"［奮］五級
音: フン 訓: ふる・う
意味: 鳥が翼を大きく羽撃(はばた)かせて飛び立つ、力強く飛ぶ、同「翬」「奞」。
(鳥が飛び立つために翼を)震(ふる)わせる、(力強く立ち上がるために気持ちを)揺(ゆ)さぶり動かす。
(鳥が翼を小さく羽搏かせながら力を溜め、ぐいと飛び立つように)力や気力を溜(た)めてすっくと立つ、力強く立ち上がる。
力強いさま。
簡「奋」。",奮 → JPDB Kanji Freq: 1185,漢字の読みを入力してください,Text
__躍__動，__躍__起，飛__躍__,ヤク,"［躍］四級
音: ヤク 訓: おど・る
意味: 高く飛び上がり離れたところに降りる、高く跳(は)ね上がる、低く飛び上がり同じところに降りるのは「踊」。
飛び跳ねるようにして走る",躍 → JPDB Kanji Freq: 1184,漢字の読みを入力してください,Text
__秀__逸，__秀__才，優__秀__,シュウ,"［秀］四級
音: シュウ／シュ 訓: ひい・でる
意味: 穀物の穂(ほ)、穂が出て花が咲く。
草木が盛んに伸び育つ。
伸び出る、突出する、群を抜く。
他よりも優(すぐ)れているさま、ひときわ美しいさま。",秀 → JPDB Kanji Freq: 1183,漢字の読みを入力してください,Text
諸__般__，一__般__，先__般__,ハン,"［般］四級
音: ハン／バン／ヘン 訓: 
意味: 巡(めぐ)る、一巡りする、一巡りして戻って来る、元に戻る。
(一巡り見渡した)辺りの様子。
～のようである、～と同様である。
運搬(ウンパン)する、物を別の場所へ運ぶ、同「搬」。",般 → JPDB Kanji Freq: 1182,漢字の読みを入力してください,Text
__災__害，__災__難，火__災__,サイ,"［災］六級
音: サイ 訓: わざわ・い
意味: 大雨・洪水・旱(ひでり)・大風や地震・火事・疫病など天が齎(もたら)す禍(わざわい)。
人に困難や不幸を齎す出来事。",災 → JPDB Kanji Freq: 1181,漢字の読みを入力してください,Text
__憎__悪，愛__憎__,ゾウ,"［憎］三級
音: ソウ／ゾウ 訓: にく・む／にく・い／にく・しみ／にく・らしい
意味: 嫌悪感ケンオカンや反感ハンカンを抱(いだ)く、嫌(きら)う。",憎 → JPDB Kanji Freq: 1180,漢字の読みを入力してください,Text
__訴__訟，告__訴__，哀__訴__,ソ,"［訴］四級
音: ソ／ス 訓: うった・える
意味: 告げる、述べる。
告訴(コクソ)事情や状態を人に告げる不当・不正なことについて上に申し出て解決・是正を求める。",訴 → JPDB Kanji Freq: 1179,漢字の読みを入力してください,Text
__催__眠，開__催__，主__催__,サイ,"［催］三級
音: サイ／セ 訓: もよお・す／もよお・し
意味: 促(うなが)す、急(せ)き立てる、催促(サイソク)。
急(せ)かされる、急き立てられる。
日もよお・す、行事などを準備し執(と)り行う。",催 → JPDB Kanji Freq: 1178,漢字の読みを入力してください,Text
選__択__，採__択__，二者__択__一,タク,"［択］三級
音: タク／ジャク 訓: えら・ぶ
意味: 仕分けて選び出す、幾つかの中から選び出す、同「睪」「𢍰」。
選(よ)り分ける。",択 → JPDB Kanji Freq: 1177,漢字の読みを入力してください,Text
__仰__視，__仰__天，__仰__角,ギョウ,"［仰］四級
音: ギョウ／ゴウ／コウ 訓: あお・ぐ／おお・せ
意味: 顔を上に向ける、高いところにあるものの方に顔を向ける、同「卬」。
慕(した)い敬(うやま)う。
頼(たよ)る。
下位の人が高位の人から受けるお言葉やご指示。
偃仰(エンギョウ)体を横たえたり起き上がったりすること、横になりたければ横になり起きたくなれば起きること世の変化・変動に任(まか)せて、それに従うさま同、偃佒(エンヨウ)。",仰 → JPDB Kanji Freq: 1176,漢字の読みを入力してください,Text
信__仰__,コウ,"［仰］四級
音: ギョウ／ゴウ／コウ 訓: あお・ぐ／おお・せ
意味: 顔を上に向ける、高いところにあるものの方に顔を向ける、同「卬」。
慕(した)い敬(うやま)う。
頼(たよ)る。
下位の人が高位の人から受けるお言葉やご指示。
偃仰(エンギョウ)体を横たえたり起き上がったりすること、横になりたければ横になり起きたくなれば起きること世の変化・変動に任(まか)せて、それに従うさま同、偃佒(エンヨウ)。",仰 → JPDB Kanji Freq: 1176,漢字の読みを入力してください,Text
__抑__圧，__抑__制，__抑__揚,ヨク,"［抑］三級
音: ヨク／オク 訓: おさ・える／そも／そもそも
意味: おさ・える、上から下の方向に押さえ付ける、押え付けて立ったり起きたり(上の方に向かう動作)や目立ったり激しい動作をしないようにする。
そもそも、文中に置いてそれまでの話を終わり(抑えて)新たな話を始める際に用いる語。
そもそも、(そういう考えもあるが、そうではなくて)本来は。",抑 → JPDB Kanji Freq: 1175,漢字の読みを入力してください,Text
__陛__下,ヘイ,"［陛］五級
音: ヘイ／バイ 訓: きざはし
意味: 階段、同「坒」「㙄」「𨹼」。
天子の宮殿の正面階段。
陛下(ヘイカ)宮殿の正面階段の下天子の尊称。",陛 → JPDB Kanji Freq: 1174,漢字の読みを入力してください,Text
__麻__薬，__麻__酔，亜__麻__,マ,"［麻］凖二級
音: バ／メ／マ 訓: あさ
意味: 麻(アサ)、アサ科アサ属の草、また同科同属の植物の称{アサ}。
苧麻(チョマ)、亜麻(アマ)、大麻(タイマ)など繊維を採(と)る植物の総称。
、胡麻(ゴマ)、ゴマ科ゴマ属の草、また同科同属の植物の称、種を搾り油を採る{ゴマ}。
痺(しび)れる、感覚が鈍くなる、或いはなくなる、、麻痺(マヒ)。
天子の綸旨リンジ、詔書ショウショ、唐代(618年～907年)に詔書・勅書に麻(アサ)で漉(す)いた紙が用いられたことから。
あさ、あさかんむり、部首名",麻 → JPDB Kanji Freq: 1173,漢字の読みを入力してください,Text
__恵__贈，__恵__与，恩__恵__,ケイ,"［恵］四級
音: ケイ／エ 訓: めぐ・む
意味: 慈(いつく)しみの心を持って金品を与える、相手に対し思いやりの気持ちを持って接する、恩惠(オンケイ)、惠風(ケイフウ)(恵みの風、穏おだやかで暖かい風)」。
聡明ソウメイなさま、、知惠・智慧(チケイ・チエ)。",恵 → JPDB Kanji Freq: 1172,漢字の読みを入力してください,Text
__恵__方参り，知__恵__,エ,"［恵］四級
音: ケイ／エ 訓: めぐ・む
意味: 慈(いつく)しみの心を持って金品を与える、相手に対し思いやりの気持ちを持って接する、恩惠(オンケイ)、惠風(ケイフウ)(恵みの風、穏おだやかで暖かい風)」。
聡明ソウメイなさま、、知惠・智慧(チケイ・チエ)。",恵 → JPDB Kanji Freq: 1172,漢字の読みを入力してください,Text
__庁__舎，官__庁__，県__庁__,チョウ,"［庁］五級
音: テイ／チョウ 訓: 
意味: 石碑などに用いる平板な石材、「𥑈」の簡略字。
役所、「庁」は「廳」の俗字、ただ現在では、ほぼ「役所」の意味でのみ用いられる、「廳」参照。",庁 → JPDB Kanji Freq: 1171,漢字の読みを入力してください,Text
__善__悪，__善__処，慈__善__,ゼン,"［善］五級
音: セン／ゼン 訓: よ・い
意味: (形・容姿・味・状態・関係・行為・技量などが)良い、優(すぐ)れている、美しい、立派である、好(この)ましい。
よくする、(時に、度々、何時も)よく～する。",善 → JPDB Kanji Freq: 1170,漢字の読みを入力してください,Text
__覆__面，転__覆__,フク,"［覆］三級
音: フク 訓: くつがえ・す／くつがえ・る／おお・う
意味: 傾けて(倒して)逆にする、傾いて(倒れて)逆になる、ひっくり返す、ひっくり返る。
ものを伏せて被(かぶ)せる、また被さる。
元の位置や状態に戻す、また戻る、同「復」、同簡「复」。",覆 → JPDB Kanji Freq: 1169,漢字の読みを入力してください,Text
__占__拠，__占__星術，独__占__,セン,"［占］四級
音: セン 訓: うらな・う／し・める
意味: 卜(うらな)う、吉凶を予想する、同「卜」。
幾つかの選択肢の中から一つを決め選ぶ。
自分のものにする、占拠(センキョ)。",占 → JPDB Kanji Freq: 1168,漢字の読みを入力してください,Text
__廊__下，回__廊__，画__廊__,ロウ,"［廊］三級
音: ロウ 訓: 
意味: 建物や部屋の間に設けた屋根のある通路。
廊廟(ロウビョウ)、政(まつりごと)を行う宮城キュウジョウ正面の建物、正殿セイデン。",廊 → JPDB Kanji Freq: 1167,漢字の読みを入力してください,Text
__季__節，四__季__，雨__季__,キ,"［季］七級
音: キ 訓: すえ
意味: 三カ月、一年を四分した春夏秋冬のそれぞれの期間(四季)、その最後の月、最初は「孟」。
時・季節・年・時代や順序の末すえ、また末期。
兄弟の中の最年少者、年長から順に「伯・仲・叔・季」。",季 → JPDB Kanji Freq: 1166,漢字の読みを入力してください,Text
一__蹴__，__蹴__球,シュウ,"［蹴］二級
音: シュク／スク／シュウ 訓: け・る
意味: 折った膝を勢いよく伸ばしたときの力で足をものに当て跳ね飛ばす。
踏む、踏み付ける。
追い掛ける、後を追う。
蹴蹴(シュクシュク)、畏(おそ)れてまた恐(おそ)れて身を縮める、同「蹙蹙」。
日け・る、拒絶する。",蹴 → JPDB Kanji Freq: 1165,漢字の読みを入力してください,Text
装__飾__，修__飾__，服__飾__,ショク,"［飾］四級
音: ショク／シキ 訓: かざ・る／かざ・り
意味: 表面(人の目に触れるところ)の汚れや不要なものを取り去って、また粗削りなところに手を加えて、美しくする、修飾(シュウショク)。
上から覆(おお)って美しく見せる、外見をよくする。",飾 → JPDB Kanji Freq: 1164,漢字の読みを入力してください,Text
__就__任，__就__寝，去__就__,シュウ,"［就］五級
音: シュウ／ジュ 訓: つ・く／つ・いて
意味: つ・く、近くまで行く、近くに付いて従う。
物事に取り掛かるための位置につく、「就任」「就職」「就寝」など。
成る、成し遂げる。
日つ・いて、～に関して、即ち。",就 → JPDB Kanji Freq: 1163,漢字の読みを入力してください,Text
"成__就__
物事を成し遂げること。また、願いなどがかなうこと。",ジュ,"［就］五級
音: シュウ／ジュ 訓: つ・く／つ・いて
意味: つ・く、近くまで行く、近くに付いて従う。
物事に取り掛かるための位置につく、「就任」「就職」「就寝」など。
成る、成し遂げる。
日つ・いて、～に関して、即ち。",就 → JPDB Kanji Freq: 1163,漢字の読みを入力してください,Text
__賀__状，祝__賀__，__賀__する,ガ,"［賀］七級
音: カ／ガ 訓: 
意味: 品物を贈り祝福する、また祝福の言葉を述べる、祝賀(シュクガ)。
荷物を馬や牛の背に載せる。",賀 → JPDB Kanji Freq: 1162,漢字の読みを入力してください,Text
__拍__手，__拍__車，一__拍__,ハク,"［拍］四級
音: ハク／ヒャク／ヒョウ 訓: 
意味: 両手を(軽く、ぱんぱんと)打ち合せる。
リズムrhythmや脈ミャクなどの波状に繰り返される高低や強弱の一周期。",拍 → JPDB Kanji Freq: 1161,漢字の読みを入力してください,Text
__拍__子,ヒョウ,"［拍］四級
音: ハク／ヒャク／ヒョウ 訓: 
意味: 両手を(軽く、ぱんぱんと)打ち合せる。
リズムrhythmや脈ミャクなどの波状に繰り返される高低や強弱の一周期。",拍 → JPDB Kanji Freq: 1161,漢字の読みを入力してください,Text
__挑__戦，__挑__発,チョウ,"［挑］凖二級
音: チョウ／トウ 訓: いど・む
意味: 煽(あお)いで騒ぎや火などの勢いを大きくする。
焚(た)きつける、そうなるように仕向ける、唆(そそのか)してその気を起こさせる、挑動(チョウドウ)、同「誂」。
突き入れて穿(ほじく)る。
担(にな)う、棒に荷を掛けて担(かつ)ぐ。
選ぶ、選り分ける。",挑 → JPDB Kanji Freq: 1160,漢字の読みを入力してください,Text
__看__護，__看__破，__看__板,カン,"［看］五級
音: カン 訓: み・る
意味: 目の上に掌(てのひら)を翳(かざ)して見る、また望む、同「𥉏」。
目を凝(こ)らして見る、
見守る、看病(カンビョウ)(病人を見守り世話をする)」。
見張る、、看守(カンシュ)(見張る、見張り番)」。
(声を出さずに)読む、、看經(カンケイ)(経文を黙読する)」。
～してみる。",看 → JPDB Kanji Freq: 1159,漢字の読みを入力してください,Text
__渋__滞，苦__渋__,ジュウ,"［渋］凖二級
音: ソウ／シュウ／ジュウ 訓: しぶ・る／しぶ・い／しぶ
意味: 流れては淀(よど)み流れては淀みする、滑(なめ)らかに進まない、すんなりといかない、同「歮」。
熟していないカキ柿(カキノキ科カキノキ属の木)の実の味、舌がざらざらするような感じの味、またその味がする。",渋 → JPDB Kanji Freq: 1158,漢字の読みを入力してください,Text
__敬__意，__敬__服，尊__敬__,ケイ,"［敬］五級
音: ケイ／キョウ 訓: うやま・う
意味: 心から大切に思う、相手を尊(とうと)び隅々まで心を配る、またそのように振る舞う、尊敬(ソンケイ)。",敬 → JPDB Kanji Freq: 1157,漢字の読みを入力してください,Text
__衆__寡，民__衆__，聴__衆__,シュウ,"［衆］五級
音: シュウ／シュ 訓: 
意味: 大勢の人、多くの人、同「乑」「𧰨」。
一般の人。
大勢の、たくさんの、多い",衆 → JPDB Kanji Freq: 1156,漢字の読みを入力してください,Text
__衆__生,シュ,"［衆］五級
音: シュウ／シュ 訓: 
意味: 大勢の人、多くの人、同「乑」「𧰨」。
一般の人。
大勢の、たくさんの、多い",衆 → JPDB Kanji Freq: 1156,漢字の読みを入力してください,Text
再__嫁__，転__嫁__，__嫁__する,カ,"［嫁］三級
音: カ／ケ 訓: よめ／とつ・ぐ
意味: 女性が自分の家を出て行く、女性が自家を出て結婚相手の男性の家に行く、またその女性。
損害や責任などを他人に押し付ける。
日よめ、息子の妻。",嫁 → JPDB Kanji Freq: 1155,漢字の読みを入力してください,Text
__祖__父，__祖__述，元__祖__,ソ,"［祖］六級
音: ソ 訓: おや
意味: 父の父、祖父(ソフ)。
代々続く家系の初代から先代までの人、特に初代の人、祖先(ソセン)、先祖(センゾ)。
物事の始まり、物事の大本おおもと、また物事を創始ソウシした人。
道(みち)の神。
祖道(ソドウ)旅に出る際に旅の安全を祈願する道の神、またその神に旅の安全を祈願すること旅立ち(たびだち)を送行ソウコウ(見送り)すること。
祖餞(ソセン)、旅立ちに際して宴(うたげ)を催(もよお)すこと。",祖 → JPDB Kanji Freq: 1154,漢字の読みを入力してください,Text
__暑__気，残__暑__，避__暑__,ショ,"［暑］八級
音: ショ 訓: あつ・い
意味: 太陽の熱によって気温が高くなる、またそのような季節、火によって温度が高くなるのは「熱」。",暑 → JPDB Kanji Freq: 1153,漢字の読みを入力してください,Text
__菓__子，製__菓__，茶__菓__,カ,"［菓］四級
音: カ 訓: 
意味: 食用となる草木の実や果実、同「果」。
日食事以外に食ショクする食べ物、「菓子(かし)」。",菓 → JPDB Kanji Freq: 1152,漢字の読みを入力してください,Text
__副__業，__副__作用，正__副__,フク,"［副］七級
音: フク 訓: そ・う／そ・える
意味: 主となるものの傍に寄り添う、付き添う。
主となるものに予備や補助などを目的として添える、補佐的な、二次的な、控え。
割(さ)く、二つに割く、同「疈」。",副 → JPDB Kanji Freq: 1151,漢字の読みを入力してください,Text
__環__状，__環__境，循__環__,カン,"［環］四級
音: カン／ゲン 訓: わ／たまき
意味: 中央に孔(あな)のあいた輪状の玉ギョク(美しく高貴な石)製の礼器、玉の部分(肉)と孔の部分(好)の大きさががほぼ同じもの、好が小さいものを「璧」、好が大きいものを「瑗」。
輪(わ、リングring)状のもの
周りを丸く(ぐるりと)取り巻く、また取り囲む",環 → JPDB Kanji Freq: 1150,漢字の読みを入力してください,Text
__契__約，__契__機，黙__契__,ケイ,"［契］三級
音: ケイ／ケ／ケツ／ケチ／セツ／セチ／キツ 訓: ちぎ・る
意味: (札に)刀で文字などを刻(きざ)み込む、また彫(ほ)る、同「㓞」「栔」。
固い約束、重要な取り決め、「違(たが)えることがないように刻み込む」の意。
割符(わりふ、一枚の札に文字などを刻み込みこれを割って互いに持ち合うもの)、割符が合う、符合する。
殷(約前17世紀～約前11世紀)の始祖の名、同「偰」「禼」。
契丹(キッタン・キタイ)、4～10世紀頃に中国北部満州付近に居住していた民族の名、同「𢍆丹」{南北朝時代}、10～12世紀頃には国名を、遼(リョウ)と称した{宋代}。",契 → JPDB Kanji Freq: 1149,漢字の読みを入力してください,Text
__林__業，__林__立，山__林__,リン,"［林］十級
音: リン 訓: はやし
意味: 木や竹が叢(むら)がって生えているところ。
同様のものがたくさん集まっているさま。
郊外(「野」という)の外側の地、都(みやこ)を囲む城壁の外に広がる地で都から百里以内の地を、郊(コウ)、その外を、野(ヤ)、その外を、林(リン)、その外を、冂(ケイ)といった。",林 → JPDB Kanji Freq: 1148,漢字の読みを入力してください,Text
__氷__点，__氷__山，結__氷__,ヒョウ,"［氷］八級
音: ヒョウ 訓: こおり／ひ
意味: 凍(こお)る、凍って固まる、同「仌」「冫」。
水が凍って固体になったもの。
(氷のように)透き通っているさま、また曇りや汚(けが)れがないさま。",氷 → JPDB Kanji Freq: 1147,漢字の読みを入力してください,Text
__伯__仲，画__伯__,ハク,"［伯］凖二級
音: ハク／ヒャク／ハ／ヘ 訓: 
意味: 兄弟の中で一番の年長者、長兄、兄弟は年長者から順に「伯・仲・叔・季」といい、「伯」は上から一番目に当たる。
父親の兄、弟は「叔」。
伯父(ハクフ)(おじ)」父親の兄日父母の兄、父母の姉の夫。
伯母(ハクボ)(おば)」父親の兄の妻日。",伯 → JPDB Kanji Freq: 1146,漢字の読みを入力してください,Text
__干__渉，__干__潮，若__干__,カン,"［干］五級
音: カン 訓: ほ・す／ひ・る
意味: 他の領域に入り込む、侵(おか)す、犯(おか)す。
求める、欲しいものを得ようとする。
相手の攻撃を防ぐ、くい止める、盾(たて)となる、盾。
欄干(ランカン)、長い横木を渡した手摺てすり、同「欄杆」<。
物事の主要なまた重要な部分、同「幹」。
十干(ジッカン)(甲・乙・丙・丁・戊・己・庚・辛・壬・癸)」、「甲乙丙丁戊己庚辛壬癸」を指し、古来、順序や順位などを表す数詞として用いられた{十干}。
ほ・す、ひ・る、乾く、日差しに当たって水分が蒸発する、同「乾」。
繁「乾」。
かん、ほす、部首名。",干 → JPDB Kanji Freq: 1145,漢字の読みを入力してください,Text
__偉__大，__偉__人，__偉__観,イ,"［偉］四級
音: イ 訓: えら・い
意味: 並外れて大きいさま、大きくて立派なさま。
奇偉(キイ)、ひときわ大きいさま、また大きくて立派なさま。",偉 → JPDB Kanji Freq: 1144,漢字の読みを入力してください,Text
__稼__業，__稼__働,カ,"［稼］凖二級
音: カ／ケ 訓: かせ・ぐ
意味: 穀物の種を蒔(ま)く。
穀物の実、穀物。
稼穡(カショウ)種を蒔き収穫すること農作業、農業。
日働いて収入(銭や物)を得る。",稼 → JPDB Kanji Freq: 1143,漢字の読みを入力してください,Text
__幻__滅，__幻__覚，夢__幻__,ゲン,"［幻］三級
音: カン／ゲン 訓: まぼろし
意味: 惑(まど)わす、迷わせ誤らせる。
まぼろし、実体がないのに、あるかのように見えるもの。",幻 → JPDB Kanji Freq: 1142,漢字の読みを入力してください,Text
__酔__漢，麻__酔__，心__酔__,スイ,"［酔］三級
音: スイ 訓: よ・う／え・い
意味: 酒を適度に(心地よく酔う程度に)飲み楽しむ。
飲み潰れる、(酒を飲んで)正常な認識や判断ができなくなる
物事に夢中になる、のめり込む
酒に漬ける、また酒漬けにしたもの、同「酻」。",酔 → JPDB Kanji Freq: 1141,漢字の読みを入力してください,Text
"間__隙__，空__隙__
①物と物との、あいだ。空間的・時間的すきま。
②人間関係の隔たり。不和。",ゲキ,"［隙］二級
音: ケキ／キャク／ゲキ 訓: ひま／すき
意味: 壁や塀などの内と外・こちらとむこうを隔(へだ)てているものに空(あ)いた孔(あな)や裂(さ)け目、空隙(クウゲキ)、間隙(カンゲキ)、同「䧍」「𧯈」「𡭴」。
ものとものとの間(あいだ)、所(ところ、場所・位置など)と所の間、時(とき、時間・時期・機会など)と時の間、事(こと、動作・現象・状態など形のないもの)と事の間、人と人・国と国などの間隔カンカク、またそこが空く、また間(ま、あいだ)が生じる。
(隙が生じて、亀裂が生じて)人と人・国と国などの関係が悪くなる。",隙 → JPDB Kanji Freq: 1140,漢字の読みを入力してください,Text
__透__写，__透__明，浸__透__,トウ,"［透］四級
音: トウ／ツ 訓: す・ける／とお・る
意味: 物を通して、また隙間を通して向こう側が見える。
(向こう側へ)通り抜ける、突き抜ける。
跳(と)ぶ、跳び上がる。",透 → JPDB Kanji Freq: 1139,漢字の読みを入力してください,Text
__歓__迎，__歓__声，交__歓__,カン,"［歓］四級
音: カン 訓: よろこ・ぶ
意味: 大いに喜び楽しむ、賑(にぎ)やかに楽しむ、また楽しませる。
相愛の二人が相手を呼ぶ語、「愛(いと)しい人」の意。",歓 → JPDB Kanji Freq: 1138,漢字の読みを入力してください,Text
__洋__楽，__洋__風，海__洋__,ヨウ,"［洋］八級
音: ヨウ 訓: 
意味: 水がどこまでも広がっているさま。
広大な、広大な海。
外国、外国の、「海を隔てた向こうの国」の意。",洋 → JPDB Kanji Freq: 1137,漢字の読みを入力してください,Text
__栄__枯，__栄__養，繁__栄__,エイ,"［栄］七級
音: エイ／ヨウ 訓: さか・える／は・える
意味: 草木が盛んに茂る、花が華やかに咲き盛る。
繁盛する。
華やかなさま、目立つさま。
軒先(のきさき)の両端の反り上がった部分。
キリ(桐)、キリ科キリ属の木、また同科同属の木の総称{キリ}",栄 → JPDB Kanji Freq: 1136,漢字の読みを入力してください,Text
__延__長，__延__期，遅__延__,エン,"［延］五級
音: エン 訓: の・びる／の・ばす／の・べる
意味: 時間や道などが途切れずに遠くまで伸びている、また続いている。
長く(広く)引き伸ばす、また伸びる。
人を招(まね)く。",延 → JPDB Kanji Freq: 1135,漢字の読みを入力してください,Text
__挨拶__,アイサツ,"［拶］二級
音: サツ／サチ 訓: 
意味: 隙間がない程までに近づく、また近くに寄せる、同「𢹵」「𥔨」。
挨拶(アイサツ)ぎっしりと詰まって押し合い圧(へ)し合いするさま日人と付き合う際の礼儀としての言葉。
拶指(サッシ)、指の間に円柱形の木の棒を挟(はさ)んで縛る刑、またその棒、本来は「桚指」、「拶指」は俗用。","拶 → JPDB Kanji Freq: 1134
挨 → JPDB Kanji Freq: 1133",漢字の読みを入力してください,Text
__損__失，欠__損__，破__損__,ソン,"［損］六級
音: ソン 訓: そこ・なう／そこ・ねる
意味: 減らす、失う、失シッする、欠ける、傷付ける、貶(おとし)める、貶(けな)す、価値が低下したり状態が悪化したりすることを指す。",損 → JPDB Kanji Freq: 1132,漢字の読みを入力してください,Text
__跳__躍，__跳__馬,チョウ,"［跳］四級
音: チョウ／ジョウ 訓: と・ぶ／は・ねる
意味: 両足が地を離れるように高く飛び上がる。
地を蹴(け)って飛び上がり離れた場所に着地する。",跳 → JPDB Kanji Freq: 1131,漢字の読みを入力してください,Text
__偽__名，真__偽__，虚__偽__,ギ,"［偽］凖二級
音: ギ 訓: いつわ・る／にせ
意味: 本物・事実・現実であるかのように装(よそお)う。
上辺(うわべ)だけを取り繕う、見せ掛ける。
本物ではない、事実ではない、実際とは違う、嘘をつく。",偽 → JPDB Kanji Freq: 1130,漢字の読みを入力してください,Text
__索__引，思__索__，鉄__索__,サク,"［索］凖二級
音: サク 訓: 
意味: ものに繋(つな)ぐ(ものを繋ぐ)太い縄(なわ)や綱(つな)、またそのような用途・形状のもの(紐・弦・鎖・ケーブルcableなど)、同「䌇」。
(手蔓てづるを頼りに)捜(さが)す、探(さが)し求める、捜索(ソウサク)、思索(シサク)。
規律を維持するための決まり、制度や規則、「縄で縛る・規制する」の意。
(繋いであったものが)解(ほど)ける、繋がりが解(と)ける、繋がりを解く。
索然(サクゼン)涙がぽとぽとと流れ落ちるさまばらばらと散るさま、散り散りになるさま散ってなくなるさま。",索 → JPDB Kanji Freq: 1129,漢字の読みを入力してください,Text
__掃__除，清__掃__，一__掃__,ソウ,"［掃］三級
音: ソウ 訓: は・く／はら・う
意味: 箒(ほうき)などで埃(ほこり)や塵(ちり)などを払(はら)う、また払ってきれいにする、同「埽」。
払い除(の)ける。",掃 → JPDB Kanji Freq: 1128,漢字の読みを入力してください,Text
__酷__似，冷__酷__，残__酷__,コク,"［酷］凖二級
音: コク 訓: ひど・い／むご・い／むご・たらしい
意味: 酒の味や臭(にお)いが濃(こ)い、また強い。
度が過ぎる、甚(はなは)だしい、極(きわ)まる、惨(むご)い、惨たらしい。
厳(きび)しくする、厳しい仕打ち(しうち)をする、虐(しいた)げる。",酷 → JPDB Kanji Freq: 1127,漢字の読みを入力してください,Text
__即__する，__即__応，__即__席，__即__興,ソク,"［即］四級
音: ショク／ソク 訓: すなわ・ち／つ・く
意味: すなわ・ち、～は(つまり、要するに)～。
すなわ・ち、～ならば(すぐに、直ちに)～、～すれば(すぐに、直ちに)～、同「則」。
ぴったりと付く、位置や位や職に就(つ)く。
もし～、もしも～。
たとえ～だとしても。",即 → JPDB Kanji Freq: 1126,漢字の読みを入力してください,Text
__雷__雨，__雷__名，魚__雷__,ライ,"［雷］四級
音: ライ 訓: かみなり／いかずち
意味: 雲の内部や雲と地表の間に発生する放電現象、それに伴う音や光{雷}。
大地や大気を激しく揺るがすような大きな音、またそのような音のするもの。",雷 → JPDB Kanji Freq: 1124,漢字の読みを入力してください,Text
__皮__膚，__皮__相，樹__皮__,ヒ,"［皮］八級
音: ヒ／ビ 訓: かわ
意味: 体の表面を覆っている膜状のもの、動物の皮を剥いで平らに延ばし乾かしたりしたものは「革」、鞣(なめ)したものは「韋」。
物事の表面を覆っている膜状のもの。
かわ、ひのかわ、けがわ、部首名。",皮 → JPDB Kanji Freq: 1123,漢字の読みを入力してください,Text
__奏__楽，演__奏__，合__奏__,ソウ,"［奏］五級
音: ソウ／ス 訓: かな・でる
意味: 進める。
物を両手に持ち前に差し出す、物を両手に捧(ささ)げ持ち神や君主に差し上げる、進献シンケンする、同「𡲯」。
下位の者が上位の者に申し上げる、進言シンゲンする、上奏(ジョウソウ)、奏上(ソウジョウ)
かな・でる、楽器を鳴らす
結果が出る、結果が現れる。",奏 → JPDB Kanji Freq: 1122,漢字の読みを入力してください,Text
__侵__入，__侵__害，不可__侵__,シン,"［侵］四級
音: シン 訓: おか・す
意味: 少しずつ(じわじわと)入り込む、また入ってくる、同「浸」。",侵 → JPDB Kanji Freq: 1120,漢字の読みを入力してください,Text
__如__実，__如__来，不__如__意,ニョ,"［如］三級
音: ジョ／ニョ 訓: ごと・く／し・く
意味: ごと・く、～のよう、～と程度や様子が同じよう、～と同じと言ってよい。
し・く、及ぶ、至る、届く、「同様、同程度」の意。",如 → JPDB Kanji Freq: 1119,漢字の読みを入力してください,Text
欠__如__，突__如__，躍__如__,ジョ,"［如］三級
音: ジョ／ニョ 訓: ごと・く／し・く
意味: ごと・く、～のよう、～と程度や様子が同じよう、～と同じと言ってよい。
し・く、及ぶ、至る、届く、「同様、同程度」の意。",如 → JPDB Kanji Freq: 1119,漢字の読みを入力してください,Text
__眺__望,チョウ,"［眺］凖二級
音: チョウ 訓: なが・める
意味: 見渡す、右を左を近くを遠くを(広い範囲を)見る、同「覜」。",眺 → JPDB Kanji Freq: 1118,漢字の読みを入力してください,Text
__複__数，__複__雑，重__複__,フク,"［複］六級
音: フク 訓: 
意味: 布を重ねて縫い上げた(裏地の付いた)衣服、袷(あわせ)、同「𧜰」。
重(かさ)なる、重ねる、同「𠣾」、同簡「复」。",複 → JPDB Kanji Freq: 1117,漢字の読みを入力してください,Text
__浴__場，海水__浴__,ヨク,"［浴］七級
音: ヨク 訓: あ・びる／あ・びせる
意味: 上から水や湯を体に流し掛ける、水や湯で体を洗う、沐浴(モクヨク)(頭から水や湯を流し掛けて髪や体を洗うこと、身体を清めること)」。
体を水や湯の中に入れる。
身に(全身に)受ける、蒙(こうむ)る。",浴 → JPDB Kanji Freq: 1116,漢字の読みを入力してください,Text
__預__金，__預__託,ヨ,"［預］五級
音: ヨ 訓: あず・ける／あず・かる
意味: 予(あらかじ)め、前もって、同「予」「豫」。
関(かか)わる、関与カンヨする、同「与」「豫」。
日事前に金や物や人を渡しておく(或いは受け取っておく)、後でそのまま引き取る(或いは引き渡す)、或いは渡しておいたものの代わりにそれに見合うものを後で受け取る(或いは受け渡す)。",預 → JPDB Kanji Freq: 1115,漢字の読みを入力してください,Text
__雰__囲気,フン,"［雰］凖二級
音: フン 訓: 
意味: 霧や雲などのような空中を漂う細かい水滴、同「氛」。
雨や雪や霧など(一つ一つは小さく見分けが難しいが、全体としてはそこにあることが分かるもの)が辺りに立ち籠(こ)めるさま。",雰 → JPDB Kanji Freq: 1113,漢字の読みを入力してください,Text
__豊__作，__豊__満，__豊__富,ホウ,"［豊］六級
音: ホウ／フ 訓: ゆた・か／とよ
意味: 豆トウ・ズ(食物を盛る蓋付き脚付きの器)に食べ物が山のように盛られているさま{食器}。
作物が大いに育つさま、穀物が多くの実を付けふっくらと膨(ふく)らんでいるさま、同「丰」。
たっぷりとあるさま、満ちているさま。
膨らんでいるさま、ふくよかなさま、ふっくらとしたさま。
周朝(紀元前11世紀～前256年)の文王ブンオウの都の名、現陝西省西安市鄠邑区付近、同「酆」{陝西省}。",豊 → JPDB Kanji Freq: 1111,漢字の読みを入力してください,Text
__戒__心，__戒__律，警__戒__,カイ,"［戒］四級
音: カイ／ケ 訓: いまし・める
意味: 気を引き締めて用心する、憂いがないように備(そな)える。
自ら言動を慎む。
誡(いまし)める、強く",戒 → JPDB Kanji Freq: 1110,漢字の読みを入力してください,Text
__随__行，__随__意，追__随__,ズイ,"［随］三級
音: スイ／ズイ 訓: したが・う
意味: 付き従う、他のものの後に付いて行く、随行(ズイコウ)。
他の者や思いや考えなどのままに任せる、成り行きに従う、随意(ズイイ)。",随 → JPDB Kanji Freq: 1109,漢字の読みを入力してください,Text
__埋__没，__埋__蔵，__埋__葬,マイ,"［埋］三級
音: バイ／マイ／メ 訓: う・める／う・まる／う・もれる／うず・める／うず・もれる
意味: ものを中に入れて塞(ふさ)ぐ、土などで覆(おお)って外から見えなくする、埋葬(マイソウ)、同「薶」。",埋 → JPDB Kanji Freq: 1108,漢字の読みを入力してください,Text
__審__判，__審__議，不__審__,シン,"［審］三級
音: シン 訓: つまび・らか
意味: 悉(ことごと)く、余すところなく、残すところなく、同「悉」。
悉(ことごと)く調べ尽くす、余すところなく知り尽くす、同「讅」。
細部まで調べ尽くして明らかにする、また明らかになる、同「讅」。",審 → JPDB Kanji Freq: 1107,漢字の読みを入力してください,Text
__乾__燥，__乾__杯，__乾__電池,カン,"［乾］四級
音: カン／ケン／ゲン 訓: かわ・く／かわ・かす／ほ・す／いぬい
意味: いぬい、八卦ハッカ(乾・兌・離・震・巽・坎・艮・坤)の一つ、方角は戌亥(いぬい、北西)、天・太陽・君(君主)・父・男性など強く盛んなものを象徴する{卦}。
太陽が高く昇る。
(高く昇った太陽の)日差しに当たって水分が蒸発する、同簡「干」。",乾 → JPDB Kanji Freq: 1106,漢字の読みを入力してください,Text
__卒__業，__卒__中，兵__卒__,ソツ,"［卒］七級
音: ソツ／ソチ／シュツ 訓: お・わる／お・える／つい・に／にわか・に
意味: 下級の兵士、歩兵、上官に付き従い身の回りの世話をする兵。
終わる、尽きる。
大夫タイフ(君主を補佐する重臣)の死、高位の人の死、同「𣨛」。
終(つい)に、最後に
俄(にわか)に、急に、突然に",卒 → JPDB Kanji Freq: 1105,漢字の読みを入力してください,Text
__召__喚，国会の__召__集,ショウ,"［召］四級
音: ショウ／ジョウ 訓: め・す
意味: 声を掛けて呼び出す、また呼び寄せる、手を振って呼び寄せるのは「招」。
招(まね)く、自分の方に向かって引き寄せる。
日～なさる、「呼び寄せる」「食べる」「着る」などの貴人の動作に尊敬の意を込めて言う語。",召 → JPDB Kanji Freq: 1104,漢字の読みを入力してください,Text
__競__争，__競__技，__競__泳,キョウ,"［競］七級
音: ケイ／ギョウ／キョウ 訓: きそ・う／せ・る
意味: 互いに勝負(かちまけ)や優劣を争い合う、張り合う。
強い、しっかりとしている、曲がったり歪(ゆが)んだり挫(くじ)けたりすることがない。",競 → JPDB Kanji Freq: 1103,漢字の読みを入力してください,Text
__競__馬，__競__輪,ケイ,"［競］七級
音: ケイ／ギョウ／キョウ 訓: きそ・う／せ・る
意味: 互いに勝負(かちまけ)や優劣を争い合う、張り合う。
強い、しっかりとしている、曲がったり歪(ゆが)んだり挫(くじ)けたりすることがない。",競 → JPDB Kanji Freq: 1103,漢字の読みを入力してください,Text
__忍__者，__忍__耐，残__忍__,ニン,"［忍］凖二級
音: ジン／ニン 訓: しの・ぶ
意味: 耐(た)える、厳しさや辛(つら)さに耐える、粘り強く持ち堪(こた)える。
残忍(ザンニン)、人に苦痛を与えても平気なさま。
日しの・ぶ、人目を避ける。",忍 → JPDB Kanji Freq: 1102,漢字の読みを入力してください,Text
__汗__顔，発__汗__,カン,"［汗］四級
音: カン／ガン 訓: あせ
意味: 体温を調節するなどのために体表から分泌される液体、物の表面に付着する水滴、またそれが出る。
蒙古モウコ、鮮卑(センピ)、柔然(ジュウゼン)など中国北方民族の長の称号、、成吉思汗(チンギスカン)(モンゴル帝国の初代皇帝)」。",汗 → JPDB Kanji Freq: 1101,漢字の読みを入力してください,Text
__脚__部，__脚__本，三__脚__,キャク,"［脚］四級
音: キャク／キャ／カク 訓: あし
意味: 膝(ひざ)から足首までの部分、小腿ショウタイ、後に膝から爪先までの部分を指すようになった、日本では腰の下の太腿(ふともも)から爪先までの部分{人体(下肢)}。
体や物体の一部で柱状・棒状に伸び地に接して体や物体を支える役目をする部分。
全体を支えるもの、基(もと)となる部分。
脚色(キャクショク)官吏に採用される際に提出する家族構成・年齢・出身地などを記した履歴書芝居や映画などの役柄(やくがら)、役所(やくどころ)日芝居や映画などを制作するために原作に手を加えること。",脚 → JPDB Kanji Freq: 1100,漢字の読みを入力してください,Text
__脚__立，行__脚__,キャ,"［脚］四級
音: キャク／キャ／カク 訓: あし
意味: 膝(ひざ)から足首までの部分、小腿ショウタイ、後に膝から爪先までの部分を指すようになった、日本では腰の下の太腿(ふともも)から爪先までの部分{人体(下肢)}。
体や物体の一部で柱状・棒状に伸び地に接して体や物体を支える役目をする部分。
全体を支えるもの、基(もと)となる部分。
脚色(キャクショク)官吏に採用される際に提出する家族構成・年齢・出身地などを記した履歴書芝居や映画などの役柄(やくがら)、役所(やくどころ)日芝居や映画などを制作するために原作に手を加えること。",脚 → JPDB Kanji Freq: 1100,漢字の読みを入力してください,Text
__舎__監，校__舎__，寄宿__舎__,シャ,"［舎］六級
音: シャ 訓: 
意味: 身体を休めるところ、家、休息や宿泊するための宿。
休息する、身体を休める。
軍隊の一日の行軍距離の単位、1舎=30里(約15km)、「一舎ごとに一宿する」ことから。
自分の住む家や身内の謙称。
捨(す)てる、手放(てばな)す、同「捨」。
財物などを他に与える、施(ほどこ)す、同「捨」。",舎 → JPDB Kanji Freq: 1098,漢字の読みを入力してください,Text
__停__止，__停__車，調__停__,テイ,"［停］六級
音: テイ／ジョウ／チョウ 訓: と・まる／と・める／とど・まる／とど・める
意味: 連続・継続する動きや流れ(道程・工程・時間・年月など)の途中で一旦(イッタン、少しの間、一時的に)同じ場所や状態に留(とど)まる、同「亭」。
止(とど)まる、止(と)まる。",停 → JPDB Kanji Freq: 1097,漢字の読みを入力してください,Text
__祝__賀，__祝__日，慶__祝__,シュク,"［祝］七級
音: シュク／シュウ 訓: はふり／いわ・う／ほ・ぐ
意味: 神前で祈祷キトウする、神に申し上げる、またその言葉、またその人。
巫祝(フシュク)、祭祀サイシなどの神事を司(つかさど)る人。
人に幸い・喜びを賜りますようにと神に願い祈る、またその言葉、災いが降りかかるようにと祈るのは「呪」。",祝 → JPDB Kanji Freq: 1096,漢字の読みを入力してください,Text
__祝__儀，__祝__言,シュウ,"［祝］七級
音: シュク／シュウ 訓: はふり／いわ・う／ほ・ぐ
意味: 神前で祈祷キトウする、神に申し上げる、またその言葉、またその人。
巫祝(フシュク)、祭祀サイシなどの神事を司(つかさど)る人。
人に幸い・喜びを賜りますようにと神に願い祈る、またその言葉、災いが降りかかるようにと祈るのは「呪」。",祝 → JPDB Kanji Freq: 1096,漢字の読みを入力してください,Text
__巡__回，__巡__業，一__巡__,ジュン,"［巡］四級
音: シュン／ジュン 訓: めぐ・る
意味: 視察しに行く、(視察地を)見て回る。
順に沿って一回りする。",巡 → JPDB Kanji Freq: 1095,漢字の読みを入力してください,Text
__億__万，一__億__,オク,"［億］七級
音: ヨク／オク 訓: 
意味: 一万の一万倍{数字}、古くは十万(一万の十倍で「下数」と呼ばれる十進法での数){数字}。
心が満たされる、心地よい、同「𢡃」。
推(お)し量る、同「臆」。
簡「亿」。",億 → JPDB Kanji Freq: 1094,漢字の読みを入力してください,Text
__露__出，__露__店，雨__露__,ロ,"［露］四級
音: ロ／ル／ロウ 訓: つゆ／あらわ／あらわ・れる／あらわ・す
意味: 大気中の水蒸気が物に付着して水滴となったもの。
屋根などの覆いがない、屋外。
覆い隠すものがなく雨や露などが直接当たる。
覆い隠すものがなく外から見える、また見えるようにする。",露 → JPDB Kanji Freq: 1093,漢字の読みを入力してください,Text
"披__露__
①手紙・文書などを開いて人に見せること。
②広く人に知らせること。世間一般に発表すること。
③意見を申し上げること。報告すること。",ロウ,"［露］四級
音: ロ／ル／ロウ 訓: つゆ／あらわ／あらわ・れる／あらわ・す
意味: 大気中の水蒸気が物に付着して水滴となったもの。
屋根などの覆いがない、屋外。
覆い隠すものがなく雨や露などが直接当たる。
覆い隠すものがなく外から見える、また見えるようにする。",露 → JPDB Kanji Freq: 1093,漢字の読みを入力してください,Text
__獄__舎，地__獄__，疑__獄__,ゴク,"［獄］三級
音: ギョク／ゴク 訓: 
意味: (二頭の犬が)互いに自分の正当性(縄張りであること)を主張する、また主張して言い争う、同「犾(㹜)」。
(どちらの主張が正当か判断してもらうために公的な機関に)訴(うった)える、訴え出る、裁判する
(中央、朝廷)の堅牢ケンロウな牢屋(ろうや)、同「𡈭」、地方の拘置所を「犴」",獄 → JPDB Kanji Freq: 1092,漢字の読みを入力してください,Text
__殴__殺，__殴__打,オウ,"［殴］三級
音: オウ／ウ 訓: なぐ・る
意味: 鞭(むち)・杖(つえ)・拳(こぶし)などで叩(たた)く、また打ち据(す)える。",殴 → JPDB Kanji Freq: 1091,漢字の読みを入力してください,Text
__砲__撃，大__砲__，鉄__砲__,ホウ,"［砲］四級
音: ホウ／ヒョウ 訓: 
意味: 大きな石を飛ばす兵器、投石器。
弾丸を飛ばす円筒形の兵器、大筒(おおづつ)、同「炮」。
火薬を用いて爆破する、炸裂する、同「炮」。
爆竹バクチク、同「炮」。",砲 → JPDB Kanji Freq: 1090,漢字の読みを入力してください,Text
__財__産，私__財__，文化__財__,ザイ,"［財］六級
音: サイ／ザイ 訓: 
意味: 金銭・品物・土地・知識・人材などの有用なもの、同「材」。
金銭・品物・土地・知識・人材などの価値のあるもの、宝、富(とみ)。
形を整える、同「裁」。
僅(わず)か、たった(やっと、ほんの)～ばかり、同「才」「纔」。",財 → JPDB Kanji Freq: 1089,漢字の読みを入力してください,Text
__財__布,サイ,"［財］六級
音: サイ／ザイ 訓: 
意味: 金銭・品物・土地・知識・人材などの有用なもの、同「材」。
金銭・品物・土地・知識・人材などの価値のあるもの、宝、富(とみ)。
形を整える、同「裁」。
僅(わず)か、たった(やっと、ほんの)～ばかり、同「才」「纔」。",財 → JPDB Kanji Freq: 1089,漢字の読みを入力してください,Text
__養__育，__養__子，休__養__,ヨウ,"［養］七級
音: ヨウ 訓: やしな・う
意味: 人・家畜・植物などが育つために必要なものを与える、また与えて大きく立派に育てる。
人が立派に育つために必要なことを教える、また教え導く。",養 → JPDB Kanji Freq: 1088,漢字の読みを入力してください,Text
__潜__入，__潜__伏，__潜__水，__潜__在的，沈__潜__,セン,"［潜］三級
音: セン／ゼン 訓: もぐ・る／ひそ・む
意味: 全体が水面より下に深く沈む、また沈んで見えなくなる。
ものの中に入り込む、また入り込んで見えなくなる。
隠れる、人に気付かれないようにする、密かに。",潜 → JPDB Kanji Freq: 1087,漢字の読みを入力してください,Text
__版__画，写真__版__，出__版__,ハン,"［版］六級
音: ハン／ヘン 訓: 
意味: 印刷する文字や絵などを彫(ほ)り込んだ板、同「板」。
印刷物用の板(版)に関する語、出版(シュッパン)(出版物の印刷が出来上がること、書籍・出版物を刊行すること)」、再版(サイハン)(同じ出版物の版を彫り直して刊行すること)」、版次(ハンジ)(版を彫り直した回数)」。
薄い木の板(いた)、同「板」「㸞」。
木の札(ふだ、薄く細長い板)、また札状のもの。
戸籍、(札に戸籍などを書いたことから)。
、版図(ハント)宮中に勤める官吏とその子の戸籍簿(版)と王や皇后や世子の居宅の位置図(図)。",版 → JPDB Kanji Freq: 1086,漢字の読みを入力してください,Text
__褒__章，__褒__美，過__褒__,ホウ,"［褒］凖二級
音: ホウ／ホ 訓: ほ・める
意味: 衣服がゆったりしているさま、褒明(ホウメイ)(ゆったりとした衣服、ゆったりと寛くつろげる衣服、普段着)」。
相手から受けた善(よ)い行いに報(むく)いるために相応ソウオウのお返しをする。
善い行いを称(たた)える、大いに称える。",褒 → JPDB Kanji Freq: 1084,漢字の読みを入力してください,Text
__冬__季，__冬__至，越__冬__,トウ,"［冬］九級
音: トウ 訓: ふゆ
意味: 四季の第四、一年の最後の季節、新しい一年が始まる前の季節、農暦ノウレキの10月から12月(太陽暦の12月頃から翌年3月頃)。",冬 → JPDB Kanji Freq: 1083,漢字の読みを入力してください,Text
"__鍵__盤，白__鍵__
①〔ピアノ・オルガンなどで〕整然と並んだ、指で鳴らす部分。キーボード。
「━楽器〔＝鍵盤を使って演奏する楽器〕」",ケン,"［鍵］二級
音: ケン／ゴン 訓: かぎ
意味: 鼎(かなえ)を持ち運ぶために両耳(∩字状の取っ手)に掛け渡す棒。
車輪の脱落を防ぐために車軸の両端に打ち込む楔(くさび)、同「轄」。
扉や戸などの戸締りをするために巻き付けた鎖サ(くさり、環を繋いで紐状にしたもの、チェーンchain)が解(ほど)けないように鎖の環(わ)に通す金棒、戸締り用の金具を固定するための棒、同「鑰」。
ピアノpianoなどのキーkey、鍵盤(ケンバン)。
日錠ジョウ(錠前)に差し込んで開け閉めするための道具。
日。",鍵 → JPDB Kanji Freq: 1082,漢字の読みを入力してください,Text
__測__量，目__測__，推__測__,ソク,"［測］六級
音: ソク／シキ 訓: はか・る
意味: 物差(ものさし)や基準となるものを基(もと)にして深さ・高さ・長さなどの度合い(長短)を調べる、測量(ソクリョウ)。
経験や知識などを基に見当をつける、推(お)し量る、推測(スイソク)。
深いさま、測恩(ソクオン)(深い恩)」。",測 → JPDB Kanji Freq: 1081,漢字の読みを入力してください,Text
__拳__銃，__拳__法,ケン,"［拳］二級
音: ケン／ゲン 訓: こぶし
意味: 全ての指を内側に折り込んで丸く握る、またその手、同「㩲」。
拳拳(ケンケン)、(拳のように)固く変わらないさま、ひたむきなさま。",拳 → JPDB Kanji Freq: 1080,漢字の読みを入力してください,Text
__拳__骨,ゲン,"［拳］二級
音: ケン／ゲン 訓: こぶし
意味: 全ての指を内側に折り込んで丸く握る、またその手、同「㩲」。
拳拳(ケンケン)、(拳のように)固く変わらないさま、ひたむきなさま。",拳 → JPDB Kanji Freq: 1080,漢字の読みを入力してください,Text
__富__強，__富__裕，貧__富__,フ,"［富］七級
音: フウ／フ 訓: と・む／とみ
意味: と・む、(蓄えが家の中)いっぱいになる、いっぱいにある、(家の中に)満ちる、同「畐」。
とみ、家の中いっぱいの財産。
もの(物や財・人材や才能・経験や知識など)が豊かなさま。",富 → JPDB Kanji Freq: 1079,漢字の読みを入力してください,Text
__富__貴,フウ,"［富］七級
音: フウ／フ 訓: と・む／とみ
意味: と・む、(蓄えが家の中)いっぱいになる、いっぱいにある、(家の中に)満ちる、同「畐」。
とみ、家の中いっぱいの財産。
もの(物や財・人材や才能・経験や知識など)が豊かなさま。",富 → JPDB Kanji Freq: 1079,漢字の読みを入力してください,Text
__訓__練，教__訓__，音__訓__,クン,"［訓］七級
音: クン／キン 訓: おし・える
意味: 分かりやすく説明し教える、順を追って教え悟らせる。
上位者の下位者に対する教えや指示。
字句の意味や読み。
日漢字の日本での読み。",訓 → JPDB Kanji Freq: 1078,漢字の読みを入力してください,Text
__博__識，__博__覧，__博__士号,ハク,"［博］七級
音: ハク／バク 訓: 
意味: 広い、多い、大きい、普(あまね)く。
知識道理に広く通じている、博識(ハクシキ)。
賭けごとをする、六博・六簙(リクハク)(盤ゲームboardgameの一種)」、博弈(バクエキ)(碁や将棋などの盤ゲームboard。",博 → JPDB Kanji Freq: 1077,漢字の読みを入力してください,Text
__博__労，__博__徒,バク,"［博］七級
音: ハク／バク 訓: 
意味: 広い、多い、大きい、普(あまね)く。
知識道理に広く通じている、博識(ハクシキ)。
賭けごとをする、六博・六簙(リクハク)(盤ゲームboardgameの一種)」、博弈(バクエキ)(碁や将棋などの盤ゲームboard。",博 → JPDB Kanji Freq: 1077,漢字の読みを入力してください,Text
__称__賛，名__称__，__称__する,ショウ,"［称］四級
音: ショウ 訓: とな・える／たた・える
意味: ものの重さを量(はか)る、同「秤」「銓」。
釣り合う、釣り合いが取れる。
挙(あ)げる、高く上げる、同「偁」。
褒(ほ)める、褒め称(たた)える、持ち上げる、同「偁」。
～と呼ぶ、～という名で呼ばれる、同「偁」。
～と言う、～と述べる、同「偁」。",称 → JPDB Kanji Freq: 1076,漢字の読みを入力してください,Text
__湯__治，熱__湯__，微温__湯__,トウ,"［湯］八級
音: トウ／タン／ショウ 訓: ゆ
意味: 温かい水、熱い水、沸騰した水。
熱いスープsoup、スープ状のもの、菜湯(サイタン)、野菜のスープ」、濃湯(ノウタン・ノンタン)、シチューstewなどのような濃いスープ」。
温泉、温かい水が湧き出るところ。
、湯湯(ショウショウ)、同「漡漡」、滔滔(トウトウ)、一面に満ちた水が勢いよく流れるさま。",湯 → JPDB Kanji Freq: 1075,漢字の読みを入力してください,Text
__障__害，__障__子，故__障__,ショウ,"［障］五級
音: ショウ 訓: さわ・る
意味: 間が仕切られている、仕切る。
仕切られていて向こう側へ行けない、仕切って行く手を遮(さえぎ)る、妨げる。
仕切って遮(さえぎ)るもの、壁や塀・障子や衝立など。
差し支(つか)える。",障 → JPDB Kanji Freq: 1074,漢字の読みを入力してください,Text
宿__泊__，停__泊__，外__泊__,ハク,"［泊］四級
音: ハク／バク／ヒャク 訓: と・まる
意味: 舟を岸に寄せて停まる、停泊(テイハク)。
宿などで休む、留(とど)まる。
湖(みずうみ)、水が打ち寄せる湖などの辺(ほとり)。
水が浅いさま、水の浅いところ、浅瀬(あさせ)、同「洦」。
薄いさま、淡白なさま、穏やかなさま。",泊 → JPDB Kanji Freq: 1073,漢字の読みを入力してください,Text
__及__第，追__及__，普__及__,キュウ,"［及］四級
音: キュウ／ゴウ 訓: およ・ぶ／およ・ぼす／およ・び
意味: ～の状態が継続してここに(今に)至る、同「迨」。
～(の状態、の時刻・時期・時機)になる、～に至(いた)る、同「迨」「逮」。
～(の状態、の場所、の段階)に達する、～に到(いた)る、～に届く、同「逮」。
並びに、～と～、and。",及 → JPDB Kanji Freq: 1070,漢字の読みを入力してください,Text
__傾__斜，__傾__倒，__傾__向,ケイ,"［傾］四級
音: ケイ／キョウ 訓: かたむ・く
意味: 斜めになる、片方に(一方に)偏(かたよ)る。
斜めにする、(器などの中身を出すように)横にし(出切らないようであれば)更に逆さにする。
(直立しているものが傾き)崩れる、倒れる。",傾 → JPDB Kanji Freq: 1069,漢字の読みを入力してください,Text
__幕__切れ，天__幕__，暗__幕__，剣__幕__,マク,"［幕］五級
音: バク／マク 訓: 
意味: 上から覆い被(かぶ)せるように張る布、周りを囲うように垂らす布は「帷」「幃」。
舞台などの左右に開閉する垂れ幕
外から中が見えないように仕切る
戦地で雨風を防ぐだめに上部と四周を覆い家屋(設営・解体が容易な仮設の家屋)のような形に作る布、テントtent。
戦地で軍将が構えるところ、幕を張り雨露を防いだことから。
軍事に関する政務を執(と)り行う役所、またその長の陣営、「幕府」。",幕 → JPDB Kanji Freq: 1068,漢字の読みを入力してください,Text
__幕__府，__幕__末，__幕__僚,バク,"［幕］五級
音: バク／マク 訓: 
意味: 上から覆い被(かぶ)せるように張る布、周りを囲うように垂らす布は「帷」「幃」。
舞台などの左右に開閉する垂れ幕
外から中が見えないように仕切る
戦地で雨風を防ぐだめに上部と四周を覆い家屋(設営・解体が容易な仮設の家屋)のような形に作る布、テントtent。
戦地で軍将が構えるところ、幕を張り雨露を防いだことから。
軍事に関する政務を執(と)り行う役所、またその長の陣営、「幕府」。",幕 → JPDB Kanji Freq: 1068,漢字の読みを入力してください,Text
__妖__怪，__妖__艶,ヨウ,"［妖］二級
音: ヨウ 訓: あや・しい
意味: 人を惑わし誘うような美しさ、艶(なま)めかしく美しいさま。
怪(あや)しいものごと、人を惑わすようなものごと、不吉なものごと、災(わざわ)い。",妖 → JPDB Kanji Freq: 1067,漢字の読みを入力してください,Text
__劇__薬，__劇__場，演__劇__,ゲキ,"［劇］五級
音: ケキ／ギャク／ゲキ 訓: 
意味: 激しい、烈(はげ)しい、甚(はなは)だしい。
忙(せわ)しい、目まぐるしい。
舞踊や芝居、同「戯」。",劇 → JPDB Kanji Freq: 1066,漢字の読みを入力してください,Text
__臭__気，悪__臭__，俗__臭__,シュウ,"［臭］凖二級
音: シュウ／シュ 訓: にお・い／くさ・い
意味: 匂(にお)い、鼻(はな)で感じ取るものの総称。
物が腐(くさ)ったような臭(にお)い、不快な匂い、嫌(いや)な匂い、同「臰」。",臭 → JPDB Kanji Freq: 1065,漢字の読みを入力してください,Text
__賊__軍，盗__賊__,ゾク,"［賊］三級
音: ソク／ゾク 訓: 
意味: 人を脅(おびや)かす、傷付ける、危害を加える、またそのような者。
人を脅かして奪う、盗む、またそのような者、盗人(ぬすっと)。
他国を侵す、国に叛(そむ)く、またそのような者。",賊 → JPDB Kanji Freq: 1064,漢字の読みを入力してください,Text
__勤__務，__勤__勉，出__勤__,キン,"［勤］五級
音: キン／ゴン 訓: つと・める／いそ・しむ
意味: すべきことに(仕事に)力を",勤 → JPDB Kanji Freq: 1063,漢字の読みを入力してください,Text
__勤__行,ゴン,"［勤］五級
音: キン／ゴン 訓: つと・める／いそ・しむ
意味: すべきことに(仕事に)力を",勤 → JPDB Kanji Freq: 1063,漢字の読みを入力してください,Text
__晩__夏，今__晩__，早__晩__,バン,"［晩］五級
音: バン／モン 訓: おそ・い／おく・れる
意味: 陽が沈み切って暗くなる、日がすっかりと暮れる、またその時刻、陽が沈み始める頃を「夕」、傍晚(ボウバン)(晚が間近の頃)」、夜晚(ヤバン)(夜、すっかり暗くなった頃)」。
おそ・い、遅(おそ)い、時刻・時期・季節などが遅い、遅(おく)れる。
一年一生(イッショウ)・時代などの終わりに近い、またその頃。",晩 → JPDB Kanji Freq: 1062,漢字の読みを入力してください,Text
__狂__気，__狂__言，熱__狂__,キョウ,"［狂］四級
音: キョウ／ゴウ 訓: くる・う／くる・おしい
意味: 常軌ジョウキを逸イッしている、正気でない、普通でない、同「𤝵」「𢙌」。
並外れている、程度が甚(はなは)だしい。
日滑稽コッケイな。",狂 → JPDB Kanji Freq: 1060,漢字の読みを入力してください,Text
__倉__庫，穀__倉__,ソウ,"［倉］七級
音: ソウ 訓: くら
意味: 穀物などを貯蔵するための屋根のある建物、特に方形の建物、円形は、囷(キン)。
物や人を収容する、またそのための建物。
慌(あわただ)しいさま、忙(せわ)しいさま、、倉猝(ソウソツ)。",倉 → JPDB Kanji Freq: 1059,漢字の読みを入力してください,Text
__紹__介，__紹__述,ショウ,"［紹］四級
音: ショウ／ジョウ 訓: 
意味: 糸と糸の端同士を繋(つな)ぐ、同「綤」。
受け継ぐ、継承ケイショウする、紹繼(ショウケイ)、同「綤」。
人と人の間に立って関係を繋ぐ、人を引き合わせて取り持つ、紹介(ショウカイ)。",紹 → JPDB Kanji Freq: 1058,漢字の読みを入力してください,Text
__候__補，気__候__，測__候__所,コウ,"［候］七級
音: コウ／グ 訓: そうろう
意味: 高いところから遠くを見やる、辺りの様子を探(さぐ)る、候望(コウボウ)。
階位や年齢が上の人を訪ねる、訪ねて様子や機嫌を伺(うかが)う、伺候(シコウ)、問候(モンコウ)。
(目上の人を)待つ、待ち受ける。
時節、季節、季節の兆(きざ)し、、気候(キコウ)。",候 → JPDB Kanji Freq: 1057,漢字の読みを入力してください,Text
__油__脂，醤__油__，__油__田，石__油__，石__油__危機,ユ,"［油］八級
音: ユウ／ユ 訓: あぶら
意味: 粘性の高い可燃性の液体、石油(セキユ)。
膏コウ(あぶら)、脂肪シボウ。
光沢コウタク、艶(つや)、同「𥑤」。
ゆったりとしたさま。",油 → JPDB Kanji Freq: 1056,漢字の読みを入力してください,Text
__尋__問，__尋__常，千__尋__,ジン,"［尋］四級
音: シン／ジン 訓: たず・ねる／つ・いで／ひろ
意味: たず・ねる、次々に辿(たど)りながら端緒(原因)を探(さが)す、訊(たず)ねる、探し求める。
次(つ)いで、続いて、～に引き続いて、同「𦅀」
ひろ、長さの単位、両手を広げた長さ、1尋=8尺、1常=2尋、尋常(ジュンジョウ)(長さの単位普通の、一般的な)」",尋 → JPDB Kanji Freq: 1055,漢字の読みを入力してください,Text
__札__入れ，表__札__，入__札__,サツ,"［札］七級
音: サツ／セチ 訓: ふだ／さね
意味: 薄く小さい木片、文字を書くための薄く細長い木片、同「扎」「劄」。
信書、手紙、文書、公文書。
日紙幣。
日。",札 → JPDB Kanji Freq: 1054,漢字の読みを入力してください,Text
__柔__軟，__柔__道，懐__柔__,ジュウ,"［柔］四級
音: ジュウ／ニュウ 訓: やわ・らか
意味: 曲げても折れないさま、しなやかなさま。
穏やかなさま、温和なさま。",柔 → JPDB Kanji Freq: 1053,漢字の読みを入力してください,Text
__柔__和，__柔__弱,ニュウ,"［柔］四級
音: ジュウ／ニュウ 訓: やわ・らか
意味: 曲げても折れないさま、しなやかなさま。
穏やかなさま、温和なさま。",柔 → JPDB Kanji Freq: 1053,漢字の読みを入力してください,Text
__黄__金，卵__黄__,オウ,"［黄］九級
音: コウ／オウ 訓: き
意味: 茶色・橙(だいだい)色を薄くした色、大地の色、金色。
(黄ばんで)熟す、枯れる。
きいろ、き、部首名。",黄 → JPDB Kanji Freq: 1052,漢字の読みを入力してください,Text
__黄__葉，__黄__道,コウ,"［黄］九級
音: コウ／オウ 訓: き
意味: 茶色・橙(だいだい)色を薄くした色、大地の色、金色。
(黄ばんで)熟す、枯れる。
きいろ、き、部首名。",黄 → JPDB Kanji Freq: 1052,漢字の読みを入力してください,Text
__倍__率，__倍__加，二__倍__,バイ,"［倍］八級
音: ハイ／バイ／ベ 訓: 
意味: ある数や量に同じ数や量を加える。
同じ数や量を繰り返し加える。
背(そむ)ける、背(せ)を向ける、背(そむ)く、同「背」。",倍 → JPDB Kanji Freq: 1051,漢字の読みを入力してください,Text
__充__実，__充__電，補__充__,ジュウ,"［充］凖二級
音: シュウ／シュ／ジュウ 訓: あ・てる／み・ちる
意味: あ・てる、足し加えて満たす、空いているところを埋める。
み・ちる、満ちる、いっぱいになる。",充 → JPDB Kanji Freq: 1050,漢字の読みを入力してください,Text
__魂__胆，霊__魂__，商__魂__,コン,"［魂］三級
音: コン／ゴン 訓: たま／たましい
意味: 陽の精気、人の思考や感情などを掌(つかさど)ると考えられたもの、死後は肉体を離れ滅びることなく存在すると考えられたもの、陰の精気で肉体を掌るのは「魄」。
心、精神。",魂 → JPDB Kanji Freq: 1049,漢字の読みを入力してください,Text
遠__慮__，考__慮__，無__慮__,リョ,"［慮］四級
音: リョ／ロ 訓: おもんぱか・る
意味: (あることについて)あれこれと思いや考えを巡(めぐ)らす。
推(お)し量(はか)る、推測する、慮外(リョガイ)(思っていたこととは違うこと、思い掛けないこと)」。",慮 → JPDB Kanji Freq: 1048,漢字の読みを入力してください,Text
__句__集，字__句__，節__句__,ク,"［句］六級
音: コウ／ク 訓: 
意味: 曲がる、湾曲ワンキョクする、同「勾」。
言葉や文章の区切り、」(閉じ鉤括弧、縦書きの場合はＬのような形で表す)、現代では、(読点トウテン、頓号トンゴウ)。",句 → JPDB Kanji Freq: 1047,漢字の読みを入力してください,Text
__源__泉，水__源__，資__源__,ゲン,"［源］五級
音: ゲン／ゴン 訓: みなもと
意味: 地下水が地表に湧(わ)き出るところ、同「厵」「原」。
物事の始まり、物事の大本おおもと、物事の根本コンポン、物事の基本、同「原」。",源 → JPDB Kanji Freq: 1046,漢字の読みを入力してください,Text
__雲__海，風__雲__，積乱__雲__,ウン,"［雲］九級
音: ウン 訓: くも
意味: 空中の細かい水滴が集まり浮かんでいるもの、水滴が大きくなり地表付近にまで落下してくるものが「雨」「雪」{雲}。
(雲のように)もやもやとしたもの、たくさん集まっているさま、天空高くにあるさま。
簡「云」。",雲 → JPDB Kanji Freq: 1045,漢字の読みを入力してください,Text
独__房__，冷__房__，僧__房__,ボウ,"［房］三級
音: ホウ／ボウ 訓: ふさ
意味: 主屋(おもや、中庭を囲むように建てられた住居の北側の建物、正房、家主の住居)の左右(東西)両側に張り出すように建てられた部屋、耳房(ジボウ){四合院}。
部屋、室シツ、房間(ボウカン)、閨房(ケイボウ)(寝室)」。
人の住む家、住まい、住居、、房屋(ボウオク)、厢房(ショウボウ)(中庭の東西側の長男・次男の住居)」、同「坊」。
二十八宿東方青龍セイリュウの第四宿{二十八宿}。
日多くの糸状・紐状のものの端(はし)を垂らしたもの。
日。",房 → JPDB Kanji Freq: 1044,漢字の読みを入力してください,Text
__蔵__書，貯__蔵__，土__蔵__,ゾウ,"［蔵］五級
音: ソウ／ゾウ 訓: くら
意味: しまう、周りが囲まれていて外からは見えないところ(箱や蔵など)に入れる、また中に入れて隠す、またそのようなところに入っているもの、またそのための建物。
内臓、同「臓」。
チベットTibet、中国南部の高原地帯、西藏(セイゾウ)(チベット)」の略称。",蔵 → JPDB Kanji Freq: 1043,漢字の読みを入力してください,Text
__永__続，__永__久，__永__遠,エイ,"［永］六級
音: エイ／ヨウ 訓: なが・い
意味: 川の水が途切れずに延々エンエンと流れるさま。
時(とき)が延々と続く、途切れずに長く続く、久(ひさ)しい。
永字八法(エイジハッポウ)、「永」を例に八つの運筆法を示したもの{永字八法}。",永 → JPDB Kanji Freq: 1042,漢字の読みを入力してください,Text
__漏__電，疎__漏__，脱__漏__，__漏__洩,ロウ,"［漏］三級
音: ロウ／ル 訓: も・る／も・れる
意味: (屋根に滲み込んだ雨が)隙間から少しずつ滴(したた)り落ちる、同「屚」。
液体や臭いや隠していることなどが隙間を抜けて少しずつ外に零(こぼ)れ出る。
水時計、小さい穴から水が零れ出ることで時間を計ったことから。
抜け落ちる。",漏 → JPDB Kanji Freq: 1039,漢字の読みを入力してください,Text
__砂__丘，__砂__糖,サ,"［砂］五級
音: サ／シャ 訓: すな
意味: 細かい粒状の石、同「沙」。
小さく硬い粒状のもの。",砂 → JPDB Kanji Freq: 1038,漢字の読みを入力してください,Text
土__砂__，土__砂__降り,シャ,"［砂］五級
音: サ／シャ 訓: すな
意味: 細かい粒状の石、同「沙」。
小さく硬い粒状のもの。",砂 → JPDB Kanji Freq: 1038,漢字の読みを入力してください,Text
"__雄__大，英__雄__，雌__雄__
__雄__牛","ユウ,オウ","［雄］四級
音: ユウ／ウ／ユ 訓: お／おす
意味: 鳥の父性、鳥の母性は「雌(めす)」、獣の父性は「牡(おす)」、獣の母性は「牝(めす)」。
大きく堂々としているさま、強く逞しいさま。",雄 → JPDB Kanji Freq: 1037,漢字の読みを入力してください,Text
__懸__垂，__懸__賞，__懸__命,ケン,"［懸］凖二級
音: ケン／ゲン／ケ 訓: か・ける
意味: 掛ける、掛けてぶら下げる、同「縣」。
長い間宙吊りのままになっている、物事が宙ぶらりんで落ち着かない。
隔(へだ)たる、同「縣」。",懸 → JPDB Kanji Freq: 1036,漢字の読みを入力してください,Text
__懸__念，__懸__想,ケ,"［懸］凖二級
音: ケン／ゲン／ケ 訓: か・ける
意味: 掛ける、掛けてぶら下げる、同「縣」。
長い間宙吊りのままになっている、物事が宙ぶらりんで落ち着かない。
隔(へだ)たる、同「縣」。",懸 → JPDB Kanji Freq: 1036,漢字の読みを入力してください,Text
__節__約，季__節__，関__節__,セツ,"［節］七級
音: セツ／セチ 訓: ふし
意味: 竹(タケ)(イネ科タケ亜科の木)の中空の茎が途中で区切られ外側に硬く盛り上がっているところ、イネ科の植物に多くみられる。
区切り、変わり目、段落、けじめ。
区切りで(節目で)一旦止める、一旦抑(おさ)える、区切りをつける。
度を越さない、度を弁(わきま)える、またそのような振る舞い。
六十四卦の一つ䷻、坎☵と兌☱を重ねた卦ケ・カ。
割符(わりふ)、一つの札を二つに割って互いに持ち合い、使いの者や代理の者を立てる際にこれを持たせ、二つの札が合うことで真正な者であることの証(あかし)とするもの、同「卩」「卪」。",節 → JPDB Kanji Freq: 1035,漢字の読みを入力してください,Text
お__節__料理,セチ,"［節］七級
音: セツ／セチ 訓: ふし
意味: 竹(タケ)(イネ科タケ亜科の木)の中空の茎が途中で区切られ外側に硬く盛り上がっているところ、イネ科の植物に多くみられる。
区切り、変わり目、段落、けじめ。
区切りで(節目で)一旦止める、一旦抑(おさ)える、区切りをつける。
度を越さない、度を弁(わきま)える、またそのような振る舞い。
六十四卦の一つ䷻、坎☵と兌☱を重ねた卦ケ・カ。
割符(わりふ)、一つの札を二つに割って互いに持ち合い、使いの者や代理の者を立てる際にこれを持たせ、二つの札が合うことで真正な者であることの証(あかし)とするもの、同「卩」「卪」。",節 → JPDB Kanji Freq: 1035,漢字の読みを入力してください,Text
横__柄__，権__柄__ずく,ヘイ,"［柄］四級
音: ヘイ／ヒョウ 訓: え／がら／つか
意味: 茎や枝から伸びて花や葉を支えている枝状の部分、花柄(カヘイ)、葉柄(ヨウヘイ)という。
器物に取り付けて手で握るための棒{農具(鋤鍬類)}。
手に握る、握って自由に操る、またその力、権力。
日がら人の品格や性格布などの模様。",柄 → JPDB Kanji Freq: 1034,漢字の読みを入力してください,Text
__斬__殺，__斬__新,ザン,"［斬］二級
音: サン／セン／ザン 訓: き・る
意味: (罪人を)切り殺す、裂(さ)き殺す。
刃物で切る、裂く。
断(た)つ、断ち切る。
絶(た)える、同「絶」。",斬 → JPDB Kanji Freq: 1033,漢字の読みを入力してください,Text
決__裂__，破__裂__，分__裂__,レツ,"［裂］三級
音: レツ／レチ 訓: きれ／さ・く
意味: きれ、裁断した後に残る布、端切れ(はぎれ)。
破(やぶ)ける、綻(ほころ)び破れる。
さ・く、二つに切り割(さ)く、裂け目が平滑ではないもの、同「列」。",裂 → JPDB Kanji Freq: 1032,漢字の読みを入力してください,Text
__標__榜，__標__準，__標__本，目__標__,ヒョウ,"［標］七級
音: ヒョウ 訓: しるし／しるべ／しめ
意味: 高く伸びた木の先の枝、梢(こずえ)。
物事の先端。
目印、場所を示す印しるし、案内や識別のための印。
高く掲(かか)げる、はっきりと目立たせる。",標 → JPDB Kanji Freq: 1031,漢字の読みを入力してください,Text
__督__促，__督__励，監__督__,トク,"［督］凖二級
音: トク 訓: 
意味: 見張る、取り締まる、不正を正(ただ)す、監督(カントク)。
集団を率(ひき)いる、統率・指揮する。
中心となって統率・指揮する、またその人、その官職名。",督 → JPDB Kanji Freq: 1030,漢字の読みを入力してください,Text
__臓__器，内__臓__，心__臓__,ゾウ,"［臓］五級
音: ソウ／ゾウ 訓: 
意味: 心・肝・脾・肺・腎の総称、「月(肉)の中に大切にしまわれている(蔵)もの」の意。",臓 → JPDB Kanji Freq: 1029,漢字の読みを入力してください,Text
__削__除，__削__減，添__削__,サク,"［削］三級
音: サク／ショウ 訓: けず・る／そ・ぐ
意味: 不要なところ(不要なもの)を切り取る、はみ出したり出っ張ったりしているところを切り取る。
薄く切り取る、少しずつ切り落とす。
次第に細くなる、また減る、また減らす。
刀の鞘(さや、刀身を納める筒状のもの)。",削 → JPDB Kanji Freq: 1028,漢字の読みを入力してください,Text
__燃__焼，__燃__料，可__燃__性,ネン,"［燃］六級
音: ゼン／ネン 訓: も・やす／も・える
意味: 火で熱せられて炎が立ち昇る、単に火で熱するのは「焼」、同「然」。",燃 → JPDB Kanji Freq: 1027,漢字の読みを入力してください,Text
__縁__故，__縁__日，血__縁__,エン,"［縁］四級
音: エン 訓: ふち／へり／えにし／ゆかり
意味: 衣服の端(はじ)。
面状のものの先端、物の周辺部、一般にはそこで途切れその先がないところを指す、その先も同じような状態で続いているものの境目は「辺」、線状・棒状のものの先端は「端」。
繋がり、繋がりを辿る。
原因となるきっかけ、そのような結果を生じさせる物事、「繋がりを頼りに原因まで辿る」の意。",縁 → JPDB Kanji Freq: 1026,漢字の読みを入力してください,Text
__清__潔，__清__算，粛__清__,セイ,"［清］七級
音: シン／セイ／ショウ 訓: きよ・い
意味: 水が青く澄みきっているさま、濁りや汚(けが)れがないさま。
曇りがないさま、すっきりしているさま、はっきりとしているさま。
私欲や邪心がないさま。
濁りや汚れを残さないように取り去ってきれいにする。
爽やかなさま、澄んでいるさま。
王朝名、1644年～1912年、中国最後の王朝{清代}。",清 → JPDB Kanji Freq: 1025,漢字の読みを入力してください,Text
六根__清__浄,ショウ,"［清］七級
音: シン／セイ／ショウ 訓: きよ・い
意味: 水が青く澄みきっているさま、濁りや汚(けが)れがないさま。
曇りがないさま、すっきりしているさま、はっきりとしているさま。
私欲や邪心がないさま。
濁りや汚れを残さないように取り去ってきれいにする。
爽やかなさま、澄んでいるさま。
王朝名、1644年～1912年、中国最後の王朝{清代}。",清 → JPDB Kanji Freq: 1025,漢字の読みを入力してください,Text
__歯__科，乳__歯__，義__歯__,シ,"［歯］八級
音: シ 訓: は／よわい
意味: ものを食べるために噛(か)むための器官、噛(か)み砕くための器官{人体(頭部)}。
牛馬の年齢、歯の本数で年齢が分かることによる。
人の年齢。
並ぶ、順に従って並ぶ。
は、はへん、部首名。",歯 → JPDB Kanji Freq: 1024,漢字の読みを入力してください,Text
__群__居，大__群__，抜__群__,グン,"［群］七級
音: クン／グン 訓: むら／むら・がる／む・れ／む・れる
意味: 同類のものが数多く集まる、またそのさま。
同類のものの集団。",群 → JPDB Kanji Freq: 1023,漢字の読みを入力してください,Text
__婦__人，夫__婦__，主__婦__,フ,"［婦］六級
音: フウ／ブ／フ 訓: 
意味: 成人した女性、既婚の女性。
自分の妻。
息子の妻、同「媳」。
女子が自分の弟の妻を呼ぶ語。",婦 → JPDB Kanji Freq: 1022,漢字の読みを入力してください,Text
__屈__辱，__屈__伸，不__屈__，理__屈__,クツ,"［屈］四級
音: クツ／クチ 訓: かが・む／こご・む／かが・める
意味: (身体を)曲げる、折り曲げる、屈伸(クッシン)(曲げ或いは伸ばす)」、屈伏(クップク)(体を折って伏せる、ひれ伏す)」。
主張や信念などを曲げる、強く迫られて折れる、挫(くじ)ける、、屈服(クップク)。",屈 → JPDB Kanji Freq: 1021,漢字の読みを入力してください,Text
__欠__乏，__欠__席，補__欠__,ケツ,"［欠］七級
音: ケツ／ケチ／ケン／コン 訓: あくび／か・ける
意味: あくび、口を大きく開けて息をすること、また息をして体を伸ばす、欠伸(ケンシン)(あくび)」。
(多く敬意を表す際に)上半身を前に少し傾ける、体を屈(かがめ)める、、欠身(ケンシン)。
一部が損(そこ)なわれる、あるべきものの一部がない、同「缺」「𡙇」。
足(た)りない、満(み)たない、同「缺」。
あくび、けんづくり、かける、けつ、部首名。",欠 → JPDB Kanji Freq: 1020,漢字の読みを入力してください,Text
__承__知，__承__諾，継__承__,ショウ,"［承］五級
音: ショウ／ジョウ 訓: うけたまわ・る／う・ける
意味: 上にあるものを掌(てのひら)で受ける。
上位者からの授(さず)かりものを下位者が恭(うやうや)しく両手で受ける、また受け取る。
上位者からの命令や意向などを受ける、また受け入れる。
(後の者が前の者の意志や言葉などを)受け継ぐ。
奉承(ホウショウ)、相手を持ち上げる、煽(おだ)てる。",承 → JPDB Kanji Freq: 1019,漢字の読みを入力してください,Text
__封__じる，__封__鎖，__封__書，密__封__,フウ,"［封］三級
音: ホウ／フウ 訓: 
意味: 君主が諸侯や重臣に領地を与える、また領有することを認める。
諸侯や重臣の領土、またその領主。
土を盛り上げる、土を盛り上げた祭壇、また墓。
塞(ふさ)ぐ、閉(と)じる、自由に出入り(また出し入れ)ができないようにする。",封 → JPDB Kanji Freq: 1018,漢字の読みを入力してください,Text
__封__建的，素__封__家,ホウ,"［封］三級
音: ホウ／フウ 訓: 
意味: 君主が諸侯や重臣に領地を与える、また領有することを認める。
諸侯や重臣の領土、またその領主。
土を盛り上げる、土を盛り上げた祭壇、また墓。
塞(ふさ)ぐ、閉(と)じる、自由に出入り(また出し入れ)ができないようにする。",封 → JPDB Kanji Freq: 1018,漢字の読みを入力してください,Text
__岩__石，__岩__塩，火成__岩__,ガン,"［岩］九級
音: ガン／ゲン 訓: いわ
意味: 山のように高く聳(そび)える石、ごつごつした大きな石、同「巖」。",岩 → JPDB Kanji Freq: 1017,漢字の読みを入力してください,Text
__執__務，__執__筆，確__執__,シツ,"［執］四級
音: シュウ／シツ 訓: と・る
意味: 手に取りしっかりと握る、しっかりと手や目や頭などの中に入れる、掴(つか)まえて離さない。
ぴったりと付く、ぴったりと付いて離れない、心が捉(とら)われる。
しっかりと握り守る。
自分のすべきことをしっかりと手に収めて行う。",執 → JPDB Kanji Freq: 1016,漢字の読みを入力してください,Text
__執__念，__執__心，我__執__,シュウ,"［執］四級
音: シュウ／シツ 訓: と・る
意味: 手に取りしっかりと握る、しっかりと手や目や頭などの中に入れる、掴(つか)まえて離さない。
ぴったりと付く、ぴったりと付いて離れない、心が捉(とら)われる。
しっかりと握り守る。
自分のすべきことをしっかりと手に収めて行う。",執 → JPDB Kanji Freq: 1016,漢字の読みを入力してください,Text
__列__外，__列__車，陳__列__,レツ,"［列］八級
音: レツ／レチ 訓: つら・なる
意味: 横方向の並び、横方向に順序に従って(重ならないように)並ぶ、同「排」、縦方向の列を「行」。
ずらりと人が居並ぶ。
裂(さ)く、二つに切り割(さ)く、同「裂」「𠜺」。",列 → JPDB Kanji Freq: 1015,漢字の読みを入力してください,Text
__便__乗，郵__便__，定期__便__,ビン,"［便］七級
音: ヘン／ベン／ビン 訓: すなわ・ち／たよ・り
意味: 安らかなさま、差し障る(さしさわる)ようなことがないさま。
都合が良いさま、ちょうど良いさま、(物事をするのに)適テキしているさま、便宜(ベンギ)、便利(ベンリ)。
平易ヘイイなさま、簡単なさま。
屎尿シニョウ、糞尿フンニョウ、、大便(ダイベン)、小便(ショウベン)。
すなわ・ち、～なので～、～であるので～、～だから～。
日たよ・り、知らせ、手紙。",便 → JPDB Kanji Freq: 1014,漢字の読みを入力してください,Text
__便__利，__便__法，簡__便__,ベン,"［便］七級
音: ヘン／ベン／ビン 訓: すなわ・ち／たよ・り
意味: 安らかなさま、差し障る(さしさわる)ようなことがないさま。
都合が良いさま、ちょうど良いさま、(物事をするのに)適テキしているさま、便宜(ベンギ)、便利(ベンリ)。
平易ヘイイなさま、簡単なさま。
屎尿シニョウ、糞尿フンニョウ、、大便(ダイベン)、小便(ショウベン)。
すなわ・ち、～なので～、～であるので～、～だから～。
日たよ・り、知らせ、手紙。",便 → JPDB Kanji Freq: 1014,漢字の読みを入力してください,Text
__党__派，政__党__，徒__党__,トウ,"［党］五級
音: トウ 訓: 
意味: 同じ目的を持った人の集まり、志を同じくする仲間。
同じ村里に居住する人々、古代中国の行政単位で五百戸を一党とした。
同じ親族の人々。",党 → JPDB Kanji Freq: 1013,漢字の読みを入力してください,Text
__健__康，__健__闘，強__健__,ケン,"［健］七級
音: ケン／ゴン 訓: すこ・やか
意味: 体力や気力がある(衰おとろえたり滞とどこおったりすることがない)さま、しっかりとしているさま、同「徤」。",健 → JPDB Kanji Freq: 1011,漢字の読みを入力してください,Text
__鏡__台，望遠__鏡__，反射__鏡__,キョウ,"［鏡］七級
音: ケイ／キョウ 訓: かがみ
意味: 光の反射を利用して像を映(うつ)し出す、またその道具、古くは盆に水を張り鏡として使ったが、後には石や金属の表面を平らに磨いて鏡とした、同「鑑」{什器(鏡)}。
(像を、姿を、有様を)映し出す。
澄み切っているさま、奥まで見通せるさま。
レンズ(lens)、(ガラスのような)透明な物質を片面或いは両面を球状にして入射した光を屈折させるもの。",鏡 → JPDB Kanji Freq: 1010,漢字の読みを入力してください,Text
__療__養，医__療__，治__療__,リョウ,"［療］四級
音: リョウ 訓: 
意味: 肉体的・精神的な病(やまい)や傷を治(なお)す、癒(いや)す。",療 → JPDB Kanji Freq: 1009,漢字の読みを入力してください,Text
__芸__術，__芸__能，文__芸__,ゲイ,"［芸］七級
音: ゲイ／ゲ／ウン 訓: 
意味: 田畑の雑草を取り除く、同「耘」。
芸香(ウンコウ)、ヘンルーダwijnruit、ミカン科ヘンルーダ属の草{ヘンルーダ}。
芸臺(ウンタイ)、書庫、「芸香」に書物を食い荒らす虫を寄せ付けない効果があることから。
芸薹(ウンタイ)、ブラッシカ・ラパBrassicarapa、アブラナ科アブラナ属の草、変種にアブラナ油菜・カブ蕪・蕪菁・ハクサイ白菜などがある、同「蕓薹」「蒷薹」。
繁「蕓」。
日。",芸 → JPDB Kanji Freq: 1008,漢字の読みを入力してください,Text
__衝__突，__衝__動，折__衝__,ショウ,"［衝］三級
音: ショウ／シュ 訓: つ・く
意味: 街を突き抜けるように通る道路、交通のための主要な通り。
大きな通りが集まっている所、要所、要点。
突き進んでぶつかる、突き当たる。
簡「冲」。",衝 → JPDB Kanji Freq: 1007,漢字の読みを入力してください,Text
__裁__縫，__裁__断，__裁__判，体__裁__,サイ,"［裁］五級
音: サイ／ザイ 訓: た・つ／さば・く
意味: 形に合わせて布(ぬの)を断(た)つ、布を断ち衣服に仕立てる、同「製」「𧚶」。
断(た)つ、切る。
切って形を整える、同「財」。
型かた、形式、様式(ヨウシキ)。
(状態や状況をよく見極め、それに合う)判断・判別・判定をする。",裁 → JPDB Kanji Freq: 1006,漢字の読みを入力してください,Text
__評__価，__評__判，定__評__,ヒョウ,"［評］六級
音: ヘイ／ビョウ／ヒョウ 訓: 
意味: 論ロンずる、意見を交(か)わし合う、議論ギロンする、評議(ヒョウギ)、評論(ヒョウロン)。
品定(しなさだ)めする、議論、吟味(ギンミ)して、また理リに沿(そ)って是非ゼヒ、良否(リョウヒ)、価値(カチ)などを判定する、、評品(ヒョウヒン)。",評 → JPDB Kanji Freq: 1005,漢字の読みを入力してください,Text
__紅__白，__紅__茶，__紅__葉,コウ,"［紅］五級
音: コウ／グ 訓: べに／くれない／あか・い
意味: (やや)白色が混じった赤色、濃いピンクpink色、赤色(淡赤から深赤まで全般を指す)。
(花や女性の)美しいさま、艶(あで)やかなさま。
女紅(ジョコウ)、女性の仕事、針仕事や糸紡(いとつむ)ぎ・機織(はたおり)など。
大紅・大功(ダイコウ)、小紅・小功(ショウコウ)、麻製の喪服の名、「功」参照。",紅 → JPDB Kanji Freq: 1004,漢字の読みを入力してください,Text
真__紅__，深__紅__,ク,"［紅］五級
音: コウ／グ 訓: べに／くれない／あか・い
意味: (やや)白色が混じった赤色、濃いピンクpink色、赤色(淡赤から深赤まで全般を指す)。
(花や女性の)美しいさま、艶(あで)やかなさま。
女紅(ジョコウ)、女性の仕事、針仕事や糸紡(いとつむ)ぎ・機織(はたおり)など。
大紅・大功(ダイコウ)、小紅・小功(ショウコウ)、麻製の喪服の名、「功」参照。",紅 → JPDB Kanji Freq: 1004,漢字の読みを入力してください,Text
__紅__蓮，__紅__蓮華 (LiSA),グ,"［紅］五級
音: コウ／グ 訓: べに／くれない／あか・い
意味: (やや)白色が混じった赤色、濃いピンクpink色、赤色(淡赤から深赤まで全般を指す)。
(花や女性の)美しいさま、艶(あで)やかなさま。
女紅(ジョコウ)、女性の仕事、針仕事や糸紡(いとつむ)ぎ・機織(はたおり)など。
大紅・大功(ダイコウ)、小紅・小功(ショウコウ)、麻製の喪服の名、「功」参照。",紅 → JPDB Kanji Freq: 1004,漢字の読みを入力してください,Text
__耐__久，__耐__火，忍__耐__,タイ,"［耐］四級
音: ダイ／ナイ／タイ 訓: た・える
意味: 粘り強く厳しさや辛(つら)さなどを我慢する、また持ち堪(こた)える。
能(よ)くする。
懲(こ)らしめのために頬髭(ほおひげ)を剃(そ)り落とす、軽い刑罰の一つ、同「耏」。",耐 → JPDB Kanji Freq: 1003,漢字の読みを入力してください,Text
__威__力，__威__圧，示__威__,イ,"［威］四級
音: イ 訓: おど・す
意味: (無言のうちに)人を圧(おさ)え畏(おそ)れさせるような強い力(圧力・気力・能力・権力など)、またその力で人を畏れ従わせる、威力(イリョク)(人を畏れ従わせる力)」、威勢(イセイ)(人を畏れ従わせる勢い)」、威嚴(イゲン)(人を畏れさせる気の力)」。",威 → JPDB Kanji Freq: 1002,漢字の読みを入力してください,Text
__儀__式，威__儀__，地球__儀__,ギ,"［儀］四級
音: ギ 訓: 
意味: 規準、規準となるもの、規準とすべきもの、兩儀(リョウギ)(宇宙の起源の二つの要素、陰・陽)」、三儀(サンギ)(宇宙を構成する三つの要素、天・地・人)」、五儀(ゴギ)(諸侯の五つの階位、公・侯・伯・子・男)」。
手本とすべき身嗜(みだしな)みや立ち振る舞い、正式な・正規の作法、またそれに則(のっと)る、、礼儀(レイギ)(正規の作法、作法に則った身嗜みや立ち振る舞い)」、威儀(イギ)(礼儀に関する規定)」、同「𥫃」。",儀 → JPDB Kanji Freq: 1001,漢字の読みを入力してください,Text
__額__縁，金__額__，前__額__部,ガク,"［額］六級
音: ガク／ギャク 訓: ひたい／ぬか
意味: 髪の生え際から眉の上まで部分、顔の目より上の部分。
建物の正面入口や門の上部中央に掲げる平板、額(ひたい、顔の上部)と同じような位置に掲げることから。
予(あらかじ)め定められている数また量。",額 → JPDB Kanji Freq: 1000,漢字の読みを入力してください,Text
積__載__，掲__載__，記__載__,サイ,"［載］四級
音: サイ／ザイ 訓: の・せる／の・る
意味: 車や船などの上に乗る、乗って行く、また積む、積んで運ぶ。
(平らなものの)上に乗る、また乗せる。
本や帳面などに書き付ける。
歳(サイ、とし)、年(ネン、とし)。
且(か)つ、～と同時に、その上に
10の44乗{数字}",載 → JPDB Kanji Freq: 999,漢字の読みを入力してください,Text
__含__有，__含__蓄，包__含__,ガン,"［含］四級
音: カン／ゴン／ガン 訓: ふく・む
意味: 中にものが入っている、中に包み入れる、中に入れたものまた入っているものを外に出さない、口に物を入れて閉じたまま噛んだり吐き出したり飲み下したりしない状態をいう。
死者を送るために口に含ませる玉ギョク(美しく高貴な石)や珠(たま、球状の真珠)、同「唅」「琀」。",含 → JPDB Kanji Freq: 998,漢字の読みを入力してください,Text
黒__板__，掲示__板__,バン,"［板］八級
音: ハン／ヘン／バン 訓: いた
意味: 薄く平らな木、薄く平らなもの。
印刷する文字や絵などを彫(ほ)り込んだ板、同「版」。
(古くは板に書かれたことから)詔書ショウショ、文書。
(板のように)堅(かた)い、動かない、変化がない、呆板(ホウハン)(融通が利かない、柔軟性がない)」
舞曲の間で取る拍子ヒョウシ、拍子を取る平たく細長い木
、老板(ラオパン)、(小規模店・個人経営店の)社長、店主、店の主人、同「老闆」、繁「闆」。",板 → JPDB Kanji Freq: 997,漢字の読みを入力してください,Text
乾__板__，鉄__板__,ハン,"［板］八級
音: ハン／ヘン／バン 訓: いた
意味: 薄く平らな木、薄く平らなもの。
印刷する文字や絵などを彫(ほ)り込んだ板、同「版」。
(古くは板に書かれたことから)詔書ショウショ、文書。
(板のように)堅(かた)い、動かない、変化がない、呆板(ホウハン)(融通が利かない、柔軟性がない)」
舞曲の間で取る拍子ヒョウシ、拍子を取る平たく細長い木
、老板(ラオパン)、(小規模店・個人経営店の)社長、店主、店の主人、同「老闆」、繁「闆」。",板 → JPDB Kanji Freq: 997,漢字の読みを入力してください,Text
__伏__線，起__伏__，潜__伏__,フク,"［伏］三級
音: フク／ブク 訓: ふ・す／ふ・せる
意味: 体を屈(かが)め頭を下げ視線を下に向ける。
腹這い(はらばい)になる。
姿勢を低くして(頭を下げて)物の下に隠れる、また隠す。
(願い事をする・目上の人に申し上げる・頷くなどの場合のように)頭を下げる。
(頭を下げることから)従う、屈服する。
三伏(サンプク)、夏の暑い時期を三つの旬に分けた初伏(夏至後の三回目の庚の日)・中伏(夏至後の四回目の庚の日)・末伏(立秋後の最初の庚の日)の総称。",伏 → JPDB Kanji Freq: 996,漢字の読みを入力してください,Text
__河__川，__河__口，運__河__,カ,"［河］六級
音: カ／ガ 訓: かわ
意味: 川、特に大河タイガ(大きな川)を指す。
黄河(コウガ)の略称、これに対し「江」は、長江(チョウコウ)を指す、このことから中国北部では川を「河」、南部では「江」と呼ぶことが多いという。",河 → JPDB Kanji Freq: 995,漢字の読みを入力してください,Text
風__袋__，郵__袋__,タイ,"［袋］三級
音: タイ／ダイ 訓: ふくろ
意味: 物を入れるための紙・布・革製の入れ物。",袋 → JPDB Kanji Freq: 994,漢字の読みを入力してください,Text
急__坂__，__坂__路,ハン,"［坂］八級
音: ハン／ホン／バン 訓: さか
意味: 傾斜した地形、傾斜した道、同「岅」「坡」「陂」「岥」。
土手、堤(つつみ)、同「坡」「陂」。",坂 → JPDB Kanji Freq: 993,漢字の読みを入力してください,Text
興味__津__々，天__津__飯,シン,"［津］凖二級
音: シン 訓: つ
意味: 人や荷物を対岸に運ぶ船の発着する所、渡し場。
唾(つば)や汗などの液体が流れ出る、湧(わ)き出る、滴(したた)る。
潤(うるお)う。
溢(あふ)れる。",津 → JPDB Kanji Freq: 992,漢字の読みを入力してください,Text
__珍__客，__珍__重，__珍__妙,チン,"［珍］四級
音: チン 訓: めずら・しい
意味: 玉ギョク(美しく高貴な石)や珠(たま、球状の真珠)などの宝石、宝物。
大変貴重なもの、貴重で大切にしているもの。
滅多にないもの、希少なもの。",珍 → JPDB Kanji Freq: 991,漢字の読みを入力してください,Text
中__央__，震__央__,オウ,"［央］八級
音: ヨウ／オウ 訓: なか・ば
意味: 円状・球状にものの中心、線状のものの半(なか)ば、真ん中。
尽(つ)きる、終わる、未央(ビオウ)(尽きない、終わらない)」。",央 → JPDB Kanji Freq: 990,漢字の読みを入力してください,Text
__乳__児，__乳__液，牛__乳__,ニュウ,"［乳］五級
音: ジュ／ニュウ 訓: ちち／ち
意味: 生まれたばかりの子を育てるために母親の体から分泌される液体、ミルクmilk、またそれに似た白くやや粘性のある液体、同「奶」「嬭」。
(母乳を必要とする)生まれたばかりの、幼い、小さい。
(乳状の)白い液体。
乳房(ニュウボウ)(ちぶさ)」、乳頭(ニュウトウ)(ちくび)」の略、またそれに似た形のもの。",乳 → JPDB Kanji Freq: 989,漢字の読みを入力してください,Text
一__旦__，元__旦__,タン,"［旦］二級
音: タン 訓: 
意味: 明け方、太陽が地平より上に出た頃、同「㫜」。
月の最初の日の明け方、月の始まりの日、朔日(ついたち)、月旦(ゲッタン)(各月の最初の日、またその日が始まる頃)」、元旦(ガンタン)(各年の最初の日、一月一日、またその日が始まる頃)」。
中国の劇で女役を演じる役者、、老旦(ロウタン)(老女役)」、小旦(ショウタン)(娘役)」、男旦(ダンタン)(女役を演じる男性の役者)」、男役は「生」。
デニールdenier(D)、繊維の太さの単位。",旦 → JPDB Kanji Freq: 988,漢字の読みを入力してください,Text
__旦__那,ダン,"［旦］二級
音: タン 訓: 
意味: 明け方、太陽が地平より上に出た頃、同「㫜」。
月の最初の日の明け方、月の始まりの日、朔日(ついたち)、月旦(ゲッタン)(各月の最初の日、またその日が始まる頃)」、元旦(ガンタン)(各年の最初の日、一月一日、またその日が始まる頃)」。
中国の劇で女役を演じる役者、、老旦(ロウタン)(老女役)」、小旦(ショウタン)(娘役)」、男旦(ダンタン)(女役を演じる男性の役者)」、男役は「生」。
デニールdenier(D)、繊維の太さの単位。",旦 → JPDB Kanji Freq: 988,漢字の読みを入力してください,Text
__陰__気，__陰__性，光__陰__,イン,"［陰］四級
音: イン／オン 訓: かげ／かげ・る
意味: 物に遮(さえぎ)られて光(日光)が届かない、日光が届かずに暗い、またそのようなところ、日光が当たるところは「陽」。
山の北側、川の南側、日光が当たらない側、逆は「陽」。
人の目に触れない側、裏側、内面、隠れて見えない側、逆は「陽」。
隠す、見えないようにする。
人(女性)の生殖器。
日時計の影、時間、光陰(コウイン)。",陰 → JPDB Kanji Freq: 987,漢字の読みを入力してください,Text
__虫__類，幼__虫__，害__虫__,チュウ,"［虫］十級
音: キ／ケ／チュウ／ジュウ 訓: むし
意味: 蝮(マムシ)、クサリヘビ科マムシ属のヘビ蛇、同「虺」「蝮」(音は「虺」と同じで「キ、ケ」)。
動物の総称、動物全体を「五虫」とし「鱗虫(外皮が鱗うろこ状の動物、魚類や爬虫類の一部)・羽虫(羽を持つ動物、鳥類)・裸虫(ヒト人、人類)・毛虫(体毛のある動物、獣類)・甲虫(外皮が堅い動物、亀類・甲殻類)」に分ける。
昆虫の総称、貝類・爬虫類なども含む脚(あし)のある(小)動物の総称、同繁「蟲」、同「䖵」。
むし、むしへん、部首名。",虫 → JPDB Kanji Freq: 986,漢字の読みを入力してください,Text
__層__雲，高__層__，断__層__,ソウ,"［層］五級
音: ソウ／ゾウ 訓: 
意味: 同質のものが積み重(かさ)なる、また繰り返される、同「曾」。
二階以上の建物、その重なった有様、同「樓」。
階級、等級。",層 → JPDB Kanji Freq: 985,漢字の読みを入力してください,Text
__聴__覚，__聴__衆，傍__聴__,チョウ,"［聴］三級
音: テイ／チョウ 訓: き・く
意味: 耳を傾けて言わんとするところをしっかりと聞く。
聞いたことを受け入れる、聞き入れる。
聞き入れてその通りにさせる、思い通りにさせる。",聴 → JPDB Kanji Freq: 984,漢字の読みを入力してください,Text
一__矢__を報いる,シ,"［矢］九級
音: シ 訓: や
意味: 弓を使って離れている獲物を仕留めるための棒状の武器、竹製の矢は特に、箭(セン)という{武器(弓箭)}。
まっすぐなさま、まっすぐに進むさま。
きっぱりと(ずばりと)言う、誓(ちか)う(「どこまでもまっすぐ」の意)。
まっすぐに並ぶさま。
糞(くそ)、大便、、馬矢(バシ)、遺矢(イシ)、同「屎」。
や、やへん、部首名。",矢 → JPDB Kanji Freq: 983,漢字の読みを入力してください,Text
__給__水，配__給__，月__給__,キュウ,"［給］七級
音: キュウ／コウ 訓: たま・う
意味: 足りていないところ(加える必要があるところ)に足して繋(つな)ぎ合わせる。
必要があるところに必要とするものを補(おぎな)う、足して足りるようにする。
上位の人(足りている人)が下位の人(足りていない人)に与える。
報酬、手当、給与(キュウヨ)。",給 → JPDB Kanji Freq: 982,漢字の読みを入力してください,Text
__焦__土，__焦__慮，__焦__心,ショウ,"［焦］三級
音: ショウ 訓: あせ・る／こ・げる／こ・がす／こ・がれる／じ・れる／じ・らす
意味: 焼けて(黒く)色が変わる、またちりちり(縮んで皴が寄るさま)になる。
焼けて臭いがする。
心中が焼けるように熱くなる、苛々(いらいら)して気ばかりが急(せ)く、先走る気持ちに体が付いて行かない。",焦 → JPDB Kanji Freq: 981,漢字の読みを入力してください,Text
__忙__殺，多__忙__，繁__忙__,ボウ,"［忙］四級
音: ボウ／モウ 訓: せわ・しい／いそが・しい
意味: あれこれとすべきことが多い、すべきことが多くゆとりがない、同「慌」「恾」。
急忙(キュウボウ・ジィマン)、慌(あわただ)しいさま、他のことは差し置いて急ぐさま。",忙 → JPDB Kanji Freq: 980,漢字の読みを入力してください,Text
__棒__グラフ，__棒__読み，鉄__棒__,ボウ,"［棒］五級
音: ホウ／ボウ 訓: 
意味: (手で握れる程度の太さのまっすぐで)丸く長い木、棍棒(コンボウ)、棒杖(ボウジョウ)、同「㭋」「棓」。
(棒で)打つ。
日(ある程度の太さのある)まっすぐな線。",棒 → JPDB Kanji Freq: 979,漢字の読みを入力してください,Text
__桜__花，観__桜__,オウ,"［桜］六級
音: オウ／ヨウ 訓: さくら
意味: 桜(サクラ)、バラ科サクラ属などの植物の称{サクラ}。
桜桃(オウトウ)、カラミザクラ唐実桜、別名シナミザクラ支那実桜、バラ科サクラ属の木、またその実(さくらんぼ・さくらんぼう桜桃・桜ん坊)、日本では果実を食用とするサクラ類の植物を指す{カラミザクラ}。
毛桜桃(モウオウトウ)、ユスラウメ山桜桃・梅桃・桜桃、バラ科スモモ属の木、またその実{ユスラウメ}。",桜 → JPDB Kanji Freq: 977,漢字の読みを入力してください,Text
__寺__院，社__寺__，末__寺__,ジ,"［寺］九級
音: シ／ジ 訓: てら
意味: 役人が執務シツムするところ、役所、その建物また部署。
主(あるじ)の近くに仕える、同「侍」。
寺人(ジジン)後宮コウキュウ(皇后や妃などが居住する館)に仕える人(古くは去勢された男子)、宦官カンガン主の近くに仕え身の回りのさまざまな用事をこなす人、使用人。
仏僧が修行や仏事を行ったり居住したりする建物。",寺 → JPDB Kanji Freq: 976,漢字の読みを入力してください,Text
__冗__談，__冗__長，__冗__費,ジョウ,"［冗］三級
音: ジョウ／ニュウ 訓: 
意味: 暇(ひま)なさま、弛(たる)むさま。
緩(ゆる)んで纏(まと)まりがないさま。
余分なさま、無駄なさま。",冗 → JPDB Kanji Freq: 975,漢字の読みを入力してください,Text
__費__用，消__費__，旅__費__,ヒ,"［費］六級
音: ヒ 訓: つい・やす／つい・える
意味: 金銭・品物・労力などを使う、時間・手間などがかかる。
ものなどを買うために用いる金銭、費用(ヒヨウ)。
使い減らす、浪費(ロウヒ)。
魯国(前11世紀～前256年)にあった古地名、現山東省済寧市魚台県付近{山東省}。
魯国にあった古地名、現山東省臨沂市費県付近、同「鄪」。",費 → JPDB Kanji Freq: 974,漢字の読みを入力してください,Text
__企__画，__企__図，__企__業,キ,"［企］三級
音: キ 訓: くわだ・てる／たくら・む
意味: 爪先立ちする、「期待していることが実現する時を今か今かと待つ」の意に用いることがある。
立つ、期待していることを実現しようとして立つ(行動を起こす)。",企 → JPDB Kanji Freq: 973,漢字の読みを入力してください,Text
__詳__細，__詳__報，未__詳__,ショウ,"［詳］四級
音: ショウ／ゾウ 訓: くわ・しい／つまび・らか
意味: 細かいことまで漏れがないさま。
細かく漏れがないように説明する、また報告する、また理解する。
漏らすことなく調べ論じて細部まで明らかにする。",詳 → JPDB Kanji Freq: 972,漢字の読みを入力してください,Text
__穴__居，墓__穴__,ケツ,"［穴］五級
音: ケツ／ゲチ 訓: あな
意味: 土や岩などの⊂字状に窪(くぼ)んだ空間、窟(いわや)、またそのような地形また形、反対側に突き抜けないもの、洞穴(ドウケツ)、突き抜けているものは「孔」。
Ｕ字状の窪み。
鍼(はり)や灸キュウのつぼ。
あな、あなかんむり、部首名。",穴 → JPDB Kanji Freq: 971,漢字の読みを入力してください,Text
起__床__，病__床__，温__床__,ショウ,"［床］四級
音: ソウ／ジョウ／ショウ 訓: とこ／ゆか／ゆか・しい
意味: 寝台や椅子、一段高く平らで横になったり座ったりできるようにしたもの、同「牀」。
一段高く平らなのところ、またそのような(台状、ベッドbed状)もの、同「牀」。
日とこ、寝るための設(しつら)えをしたところ。
日。",床 → JPDB Kanji Freq: 970,漢字の読みを入力してください,Text
__秒__針，__秒__速，寸__秒__,ビョウ,"［秒］八級
音: ビョウ／ミョウ 訓: 
意味: 芒(のぎ)、イネ稲(イネ科の穀物)などの穀物の穂の先端から伸びる細いひげ状のもの、同「𥤎」「𥢕」。
微細(ビサイ)なさま、とても小さいさま、同「杪」。
時間・角度・経緯度の単位、1分=60秒。",秒 → JPDB Kanji Freq: 969,漢字の読みを入力してください,Text
反__省__，内__省__，帰__省__,セイ,"［省］七級
音: セイ／ショウ 訓: かえり・みる／はぶ・く
意味: 目を細めて詳(くわ)しく見る、同「䚇」。
かえり・みる、これまでの自分の思いや行いなどを詳しく振り返ってみる。
はぶ・く、必要な部分だけを残して不要な部分を取り除く、本来の形を変えずに枝葉シヨウ(えだは)を切り落として簡潔カンケツな形にする。
安否や様子を細かく尋ねる、ご機嫌を伺(うかが)う。
中央の役所、同「𨵥」「𡨽」。
行政区画名、一般には「郡」「県」よりも大きい区画。",省 → JPDB Kanji Freq: 968,漢字の読みを入力してください,Text
__省__略，各__省__,ショウ,"［省］七級
音: セイ／ショウ 訓: かえり・みる／はぶ・く
意味: 目を細めて詳(くわ)しく見る、同「䚇」。
かえり・みる、これまでの自分の思いや行いなどを詳しく振り返ってみる。
はぶ・く、必要な部分だけを残して不要な部分を取り除く、本来の形を変えずに枝葉シヨウ(えだは)を切り落として簡潔カンケツな形にする。
安否や様子を細かく尋ねる、ご機嫌を伺(うかが)う。
中央の役所、同「𨵥」「𡨽」。
行政区画名、一般には「郡」「県」よりも大きい区画。",省 → JPDB Kanji Freq: 968,漢字の読みを入力してください,Text
__泉__水，源__泉__，温__泉__,セン,"［泉］五級
音: セン／ゼン 訓: いずみ
意味: 水が地表に湧(わ)き出るところ、源(みなもと)、水源スイゲン、またその水、同「𤽇」「湶」「洤」。
銭ぜに、「湧(わ)き出た水が人々を潤すように、銭は人々の生活を潤す」の意。
(地下に死者の世界があると考えたことから)死後の世界、泉下(センカ)(死後の世界、冥土メイド)」。
黄泉(コウセン)地下から水が湧き出る泉死後の世界、冥土メイド。",泉 → JPDB Kanji Freq: 967,漢字の読みを入力してください,Text
__到__着，__到__底，周__到__,トウ,"［到］四級
音: トウ 訓: いた・る
意味: 目指すところに行き着く(達する、届く)、ある時間・状態になる(達する、届く)、同「至」。
それより先がない(これ以上はない)ところまで行き着く、極まる、同「至」。",到 → JPDB Kanji Freq: 966,漢字の読みを入力してください,Text
__吉__日，__吉__例，大__吉__,キチ,"［吉］三級
音: キツ／キチ 訓: よし
意味: 善(よ)い、幸運な、喜ばしい、逆は「凶」。
良い、めでたい、好ましい。",吉 → JPDB Kanji Freq: 965,漢字の読みを入力してください,Text
__吉__報，不__吉__,キツ,"［吉］三級
音: キツ／キチ 訓: よし
意味: 善(よ)い、幸運な、喜ばしい、逆は「凶」。
良い、めでたい、好ましい。",吉 → JPDB Kanji Freq: 965,漢字の読みを入力してください,Text
__懐__中，__懐__古，述__懐__,カイ,"［懐］凖二級
音: カイ／エ 訓: ふところ／いだ・く／なつ・かしい／なつ・く
意味: 着物の前合わせ(体の前で重ね合わさったところ)や着物と下着の間、同「褱」。
周りが覆われている内側、心の中、腹の中。
包み込む、胸に抱(だ)く、心に思い抱(いだ)く。
子を孕(はら)む、妊娠する。
胸に抱(だ)いて大切にする、馴(な)れ親しむ。
なつ・かしい、慕(した)わしく思う、過去のことが胸に浮かぶ。",懐 → JPDB Kanji Freq: 964,漢字の読みを入力してください,Text
__沈__滞，__沈__黙，浮__沈__,チン,"［沈］四級
音: チン／ジン／シン 訓: しず・む
意味: ものが水中を底の方に向かって落ちて行く、全体が水面よりも下になって見えなくなる、同「沉」。
気持ちが落ち込む(沈み込む)、同「沉」。
奥深くに入り込む、深くのめり込む、同「沉」「湛」。
静かなさま、落ち着いているさま、同「沉」。
沈陽(シンヨウ)、市名、遼寧省の省都瀋陽市、繁「瀋」{遼寧省}。",沈 → JPDB Kanji Freq: 963,漢字の読みを入力してください,Text
__潰__瘍，__潰__走,カイ,"［潰］二級
音: カイ／エ 訓: つい・える／つぶ・れる／つぶ・す
意味: 堤防が崩れる、崩れて水が漏(も)れ出る。
外に溢(あふ)れ出た(漏れ出た)水が流れる、同「洚」。
崩れて元の形を成さなくなる、崩れて散り散りになる。
体の組織が爛(ただ)れる、潰瘍(カイヨウ)。
日力を加えて平らに(ぺしゃんこに)する。",潰 → JPDB Kanji Freq: 962,漢字の読みを入力してください,Text
__誤__解，正__誤__，錯__誤__,ゴ,"［誤］五級
音: ゴ／グ 訓: あやま・る
意味: 間違う、本来の仕方(しかた、やり方・方法・手段など)を違(たが)える、理解・判断・行動の際の基準(基準の選択、基準の本来の意味)を取り違える。
判断を間違う、思っていたような結果にならない。
人を惑(まど)わす、惑わし欺(あざ)く、同「悞」。",誤 → JPDB Kanji Freq: 961,漢字の読みを入力してください,Text
__裕__福，富__裕__，余__裕__,ユウ,"［裕］凖二級
音: ユ／ユウ 訓: 
意味: (衣類も穀類も)あり余るほど多いさま、豊かなさま。
大きく広くゆったりとしているさま。",裕 → JPDB Kanji Freq: 960,漢字の読みを入力してください,Text
乃__至__，__至__当，夏__至__，冬__至__,シ,"［至］五級
音: シ 訓: いた・る
意味: 目指すところに行き着く(達する、届く)、ある時間・状態になる(達する、届く)、同「到」。
自分ところに届く、やって来る。
それより先がない(これ以上はない)ところまで行き着く、極まる、同「到」。
(隅々まで、限界まで)行き届く。
極めて、非常に、この上なく。
いたる、部首名。",至 → JPDB Kanji Freq: 959,漢字の読みを入力してください,Text
__専__門，__専__属，__専__用,セン,"［専］五級
音: セン 訓: もっぱ・ら／もっぱ・らにする
意味: もっぱ・ら、ただそれだけ、ただひたすら、一途(いちず)。
もっぱ・らにする、一人でする、一人で自分の思い通りにする、同「顓」「擅」。",専 → JPDB Kanji Freq: 958,漢字の読みを入力してください,Text
__略__称，計__略__，侵__略__,リャク,"［略］六級
音: リャク／ラク 訓: 
意味: 治(おさ)める、統治する、またそのための方策、またその土地・領地、またその境界。
掠(かす)める、奪い取る、同「掠」。
主要な部分だけを残してそれ以外を省(はぶ)く。
凡(おおよ)そ、大体ダイタイ。
要約ヨウヤク、概要ガイヨウ、あらまし。",略 → JPDB Kanji Freq: 955,漢字の読みを入力してください,Text
__児__童，幼__児__，優良__児__,ジ,"［児］七級
音: ジ／ニ／ゲイ／ゲ 訓: こ
意味: 生まれたばかりの(男の)子、乳飲み子、囟シン(頭蓋の左右の骨の額から後頭部にかけての接合部分)が骨化していない2歳くらいまでの幼い子。
小さく弱々しいさま、初々しいさま、小さく可愛らしいさま。
若々しいさま、(男の)若者。
息子。",児 → JPDB Kanji Freq: 954,漢字の読みを入力してください,Text
小__児__科,ニ,"［児］七級
音: ジ／ニ／ゲイ／ゲ 訓: こ
意味: 生まれたばかりの(男の)子、乳飲み子、囟シン(頭蓋の左右の骨の額から後頭部にかけての接合部分)が骨化していない2歳くらいまでの幼い子。
小さく弱々しいさま、初々しいさま、小さく可愛らしいさま。
若々しいさま、(男の)若者。
息子。",児 → JPDB Kanji Freq: 954,漢字の読みを入力してください,Text
__賞__罰，__賞__与，懸__賞__,ショウ,"［賞］六級
音: ショウ 訓: 
意味: 優れた働きをした者を褒め称える、またその者に金品を与える。
愛(め)でる、愛(め)で楽しむ。",賞 → JPDB Kanji Freq: 953,漢字の読みを入力してください,Text
__順__序，__順__調，従__順__,ジュン,"［順］七級
音: シュン／ジュン 訓: したが・う
意味: 従うべき道筋や道理、また基準や規則。
道筋(道や道理や規則など)に沿って進む、道理や規則に沿う。
川や風の流れに逆らわずに進む、逆らわずに従う。",順 → JPDB Kanji Freq: 952,漢字の読みを入力してください,Text
__討__伐，__討__論，検__討__,トウ,"［討］五級
音: トウ 訓: う・つ
意味: 非ヒや罪ザイ(つみ)を厳(きび)しく咎(とが)める。
治(おさ)める、平(たい)らげる、攻(せ)めて敵を排除ハイジョする。
尋(たず)ねる、探(さが)す、隅々まで探し尽(つ)くす、討論(トウロン)。",討 → JPDB Kanji Freq: 951,漢字の読みを入力してください,Text
__舌__端，弁__舌__，筆__舌__,ゼツ,"［舌］五級
音: セツ／ゼチ／ゼツ 訓: した
意味: 口の中の味を感じ発音・咀嚼の助けをする器官。
言葉を話す。
扁平で先が丸く突き出ているもの、帽舌(ボウゼツ)(帽子のつば)」。
鈴レイ(すず)や鐸タクなど内部に吊るしてある錘(おもり)、これが振れて鈴や鐸などの内側に当たり音を出す{楽器(打楽器)}。
した、したへん、部首名。",舌 → JPDB Kanji Freq: 950,漢字の読みを入力してください,Text
__訪__問，来__訪__，探__訪__,ホウ,"［訪］五級
音: ホウ 訓: たず・ねる／おとず・れる
意味: あちこちに出向いて問う、尋(たず)ねる。
(尋ねるために)出向く。
日やって来る。",訪 → JPDB Kanji Freq: 949,漢字の読みを入力してください,Text
__既__成，__既__婚，__既__往症,キ,"［既］三級
音: キ／ケ 訓: すで・に／すんで・に
意味: ～し尽(つ)くす、～し終わる。
もう～、最早(もはや)～、とっくに～、終了或いは完了してしまっていることを指す。
～の上に(更に)～、～したからには～。
日すんで・に、もう少しのところで。",既 → JPDB Kanji Freq: 948,漢字の読みを入力してください,Text
__推__進，__推__薦,スイ,"［推］五級
音: スイ／タイ／ツイ 訓: お・す
意味: (前に向かって)押す、押し出す、押し開ける、押し広げる。
前に向かって進む、また進める、推移(スイイ)。
人に(人を)進める、また薦(すす)める、推挙(スイキョ)。
考えを押し広げる、押し進める。",推 → JPDB Kanji Freq: 947,漢字の読みを入力してください,Text
__委__任，__委__員，__委__細,イ,"［委］八級
音: イ 訓: ゆだ・ねる／まか・せる／くわ・しい
意味: まか・せる、人に任(まか)せる、任せて成すがままにさせる。
ゆだ・ねる、他に任せたままにする、他に任せて自らは何もしない。
曲がる、曲がったまま、きちんとしていない、「穂(禾)が弱々しく(女)垂れる、垂れたまま」の意。
曲がったものの先(さき)、「垂れた穂先」の意。
ものの末端まで詳しく、細部まで確かに、委曲(イキョク)",委 → JPDB Kanji Freq: 946,漢字の読みを入力してください,Text
隠れん__坊__，__坊__主，朝寝__坊__，赤ん__坊__,ボウ,"［坊］四級
音: ホウ／ボウ 訓: 
意味: 市街を区画クカクする道、街巷ガイコウ、里巷リコウ。
市街の道で区切られた区画。
住まい、住居、同「房」「𠩝」。
防(ふせ)ぐ、遮(さえぎ)る、同「防」。
日僧侶ソウリョ、「坊主(ぼうず)」。
日。",坊 → JPDB Kanji Freq: 945,漢字の読みを入力してください,Text
__坊__ちゃん,ボッ,"［坊］四級
音: ホウ／ボウ 訓: 
意味: 市街を区画クカクする道、街巷ガイコウ、里巷リコウ。
市街の道で区切られた区画。
住まい、住居、同「房」「𠩝」。
防(ふせ)ぐ、遮(さえぎ)る、同「防」。
日僧侶ソウリョ、「坊主(ぼうず)」。
日。",坊 → JPDB Kanji Freq: 945,漢字の読みを入力してください,Text
__寒__暑，__寒__村，厳__寒__,カン,"［寒］八級
音: カン／ガン 訓: さむ・い
意味: 凍(こご)える、冷(ひ)える、同「𣽬」。
気温が低い、空気が冷(つめ)たい。
物が乏(とぼ)しい、貧(まず)しい。",寒 → JPDB Kanji Freq: 944,漢字の読みを入力してください,Text
__施__設，__施__政，実__施__,シ,"［施］三級
音: シ／セ 訓: ほどこ・す
意味: 広げる、平らに広げる、同「𢻫」。
広く行き渡る、また行き渡らせる、広める。
広く恩恵を行き渡らせる、恵む、与える。
旗が広がり翻(ひるがえ)る。
施行(シコウ)、(一部の人が作り上げた案、紙に書かれた計画などを)実際に行う、展開する。
戚施(セキシ)ヒキガエル(蟾蜍センジョ)、ヒキガエル科のカエル蛙の総称(ヒキガエルのように)背が曲がって頭を上げられない(顔が下を向いてしまう)人、同、面柔(メンジュウ)(前のものを見るときに上目遣いになることから)媚(こ)び諂(へつら)う人。",施 → JPDB Kanji Freq: 943,漢字の読みを入力してください,Text
__施__錠，__施__主，__施__療，布__施__,セ,"［施］三級
音: シ／セ 訓: ほどこ・す
意味: 広げる、平らに広げる、同「𢻫」。
広く行き渡る、また行き渡らせる、広める。
広く恩恵を行き渡らせる、恵む、与える。
旗が広がり翻(ひるがえ)る。
施行(シコウ)、(一部の人が作り上げた案、紙に書かれた計画などを)実際に行う、展開する。
戚施(セキシ)ヒキガエル(蟾蜍センジョ)、ヒキガエル科のカエル蛙の総称(ヒキガエルのように)背が曲がって頭を上げられない(顔が下を向いてしまう)人、同、面柔(メンジュウ)(前のものを見るときに上目遣いになることから)媚(こ)び諂(へつら)う人。",施 → JPDB Kanji Freq: 943,漢字の読みを入力してください,Text
__寂__滅，静__寂__，閑__寂__,ジャク,"［寂］四級
音: セキ／ジャク 訓: さび／さび・しい／さび・れる
意味: 声や音がすることもなくひっそりとしているさま、同「諔」。
寂寥(セキリョウ)何もなく空虚なさま声や音がすることもなくひっそりとしているさま。
寂寞・寂漠(セキバク)、人の姿も声や音もなくひっそりとしているさま。
仏悟(さと)りの境地。
仏。",寂 → JPDB Kanji Freq: 942,漢字の読みを入力してください,Text
__寂__寞，__寂__寥，__寂__然，__寂__として,セキ,"［寂］四級
音: セキ／ジャク 訓: さび／さび・しい／さび・れる
意味: 声や音がすることもなくひっそりとしているさま、同「諔」。
寂寥(セキリョウ)何もなく空虚なさま声や音がすることもなくひっそりとしているさま。
寂寞・寂漠(セキバク)、人の姿も声や音もなくひっそりとしているさま。
仏悟(さと)りの境地。
仏。",寂 → JPDB Kanji Freq: 942,漢字の読みを入力してください,Text
針葉__樹__，__樹__木，__樹__立，街路__樹__,ジュ,"［樹］五級
音: シュ／ジュ 訓: き
意味: 木本モクホンの植物のうち地面から垂直に伸び立った木、立ち木、木本の植物の総称は「木」、切った木を「材」。
木を植え大きく高く育てる。
まっすぐに立てる、しっかりと立てる。",樹 → JPDB Kanji Freq: 941,漢字の読みを入力してください,Text
__港__湾，漁__港__，出__港__,コウ,"［港］八級
音: コウ 訓: みなと
意味: 船が通る水路。
多くの船が停泊する所、埠頭フトウ。",港 → JPDB Kanji Freq: 940,漢字の読みを入力してください,Text
"__九__分__九__厘，__九__月
__九__六","ク,クン","［九］十級
音: キュウ／ク 訓: ここの・つ
意味: 数の名、大写字(「一」は「壹」・「二」は「貳」のような大文字のこと)は「玖」{数字}。
数が多いさま、最も大きい数、最後の数。
最後まで行き着くさま、奥深いさま、同「究」。",九 → JPDB Kanji Freq: 938,漢字の読みを入力してください,Text
__九__百，三拝__九__拝,キュウ,"［九］十級
音: キュウ／ク 訓: ここの・つ
意味: 数の名、大写字(「一」は「壹」・「二」は「貳」のような大文字のこと)は「玖」{数字}。
数が多いさま、最も大きい数、最後の数。
最後まで行き着くさま、奥深いさま、同「究」。",九 → JPDB Kanji Freq: 938,漢字の読みを入力してください,Text
恐__慌__,コウ,"［慌］三級
音: コウ 訓: あわ・てる／あわただ・しい
意味: あわ・てる、頭が混乱して狼狽(うろた)える。
あわただ・しい、忙(せわ)しく落ち着けない、すべきことが多く忙しい、同「忙」。
ぼんやりする。",慌 → JPDB Kanji Freq: 937,漢字の読みを入力してください,Text
__算__数，計__算__，予__算__,サン,"［算］九級
音: サン／ソン 訓: 
意味: 数(かず)を数(かぞ)える、同「筭」。
数を計算する(本数や置き方によって数を表す)ための竹の棒、占いにも用いる、同「籌」、算籌(サンチュウ)(計算また占いに用いる竹の棒)」、籌算(チュウサン)(算籌を使った計算法また占い)」。
占う、予測する、凡(おおよ)そのところを見積もる。
、算命(サンメイ)、運勢を占う、運命を予測する。",算 → JPDB Kanji Freq: 936,漢字の読みを入力してください,Text
__禁__止，__禁__煙，厳__禁__,キン,"［禁］六級
音: キン／コン 訓: 
意味: 吉凶キッキョウの忌キ、忌(い)み避ける。
止(と)める、押し止(とど)める、制セイする。
戒(いまし)める、慎(つつし)む、「軽々とした行いを禁じる」の意。
天子の住むところ、禁中(キンチュウ)、「みだりに出入りすることが禁じられているところ」の意。",禁 → JPDB Kanji Freq: 935,漢字の読みを入力してください,Text
__妻__子，夫__妻__，良__妻__,サイ,"［妻］六級
音: セイ／サイ 訓: つま／めあ・わせる／めあ・わす
意味: 男子の配偶者、夫が自分の配偶者を呼ぶ語。
娘を他家に嫁(とつ)がせる、他家から娶(めと)り配偶者とする。",妻 → JPDB Kanji Freq: 934,漢字の読みを入力してください,Text
__功__名，__功__績，成__功__,コウ,"［功］七級
音: コウ／ク 訓: いさお
意味: 積み重ねて得た成果、価値のある行いやその結果。
優れた働き。
女功(ジョコウ)、女性の仕事、針仕事や糸紡(いとつむ)ぎ・機織(はたおり)など、同「女紅」。
麻製の喪服の名、従兄弟などの場合は、大功(タイコウ)、祖父母などの場合は、小功(ショウコウ)を着用する、亡くなった人の近遠の順に、斬縗・斬衰(ザンサイ)、纃縗・齊衰(シサイ)「大功」「小功」緦麻(シマ)があり、五服(ゴフク)と呼ばれる。",功 → JPDB Kanji Freq: 933,漢字の読みを入力してください,Text
__功__徳,ク,"［功］七級
音: コウ／ク 訓: いさお
意味: 積み重ねて得た成果、価値のある行いやその結果。
優れた働き。
女功(ジョコウ)、女性の仕事、針仕事や糸紡(いとつむ)ぎ・機織(はたおり)など、同「女紅」。
麻製の喪服の名、従兄弟などの場合は、大功(タイコウ)、祖父母などの場合は、小功(ショウコウ)を着用する、亡くなった人の近遠の順に、斬縗・斬衰(ザンサイ)、纃縗・齊衰(シサイ)「大功」「小功」緦麻(シマ)があり、五服(ゴフク)と呼ばれる。",功 → JPDB Kanji Freq: 933,漢字の読みを入力してください,Text
__遣__外，派__遣__，分__遣__,ケン,"［遣］四級
音: ケン 訓: つか・わす／つか・う／や・る／よこ・す
意味: 人を行かせる、差し向ける、派遣(ハケン)。
追いやる、追い払う。
人や物を送る。
死者を葬(ほうむ)る際に共に埋葬する副葬品、遣車(ケンシャ)(副葬品を載せる車)」。
～させる。",遣 → JPDB Kanji Freq: 932,漢字の読みを入力してください,Text
__魚__類，金__魚__，鮮__魚__,ギョ,"［魚］九級
音: ギョ／ゴ 訓: さかな／うお
意味: 水中に棲息し鱗(うろこ)で覆われ鰓(えら)呼吸する変温動物の総称。
うお、うおへん、部首名。",魚 → JPDB Kanji Freq: 931,漢字の読みを入力してください,Text
__菜__園，__菜__食，野__菜__,サイ,"［菜］七級
音: サイ 訓: な
意味: 食用にする草の総称。
主食に添えて出されるおかず、料理。",菜 → JPDB Kanji Freq: 930,漢字の読みを入力してください,Text
__迫__害，脅__迫__，切__迫__,ハク,"［迫］四級
音: ハク／ヒャク 訓: せま・る
意味: 間近(まじか)まで近づく、間(あいだ)が狭まる、間(ま)が詰まる、逼迫(ヒッパク)。
(身動きができないところまで)間を詰める、追い詰める、強迫(キョウハク)。",迫 → JPDB Kanji Freq: 929,漢字の読みを入力してください,Text
出__荷__，入__荷__,カ,"［荷］八級
音: カ／ガ 訓: に／にな・う
意味: 蓮(ハス)、ハス科ハス属の水草、ハスの花・実・茎・根茎など全体を指す、別名、芙蕖(フキョ)。
薄荷(ハッカ)、シソ科ハッカ属の草{ハッカ}
背や肩に物を載(の)せる、担(かつ)ぐ
(義務や責任などを)背負う。",荷 → JPDB Kanji Freq: 927,漢字の読みを入力してください,Text
__挙__手，__挙__国，壮__挙__,キョ,"［挙］七級
音: キョ／コ 訓: あ・げる／あ・がる／あ・げて／こぞ・る／こぞ・って
意味: (ものを手で頭よりも上に)持ち上げる、手を高く上げる、挙手(キョシュ)。
(問題点などを)取り上げる。
(人などを)取り立てる、推挙(スイキョ)。
事を起こす、行(おこな)う。
(国や場所を)占領する。
行い、行為。
全て、悉(ことごと)く、残らずに、挙国(キョコク)(国を挙げて、国民全て)」。",挙 → JPDB Kanji Freq: 926,漢字の読みを入力してください,Text
__秋__季，__秋__分，晩__秋__,シュウ,"［秋］九級
音: シュウ／シュ 訓: あき／とき
意味: 穀物の実が成熟して収穫する季節。
物事に取り掛かる時、機が熟す重要な時、大切な時期。",秋 → JPDB Kanji Freq: 925,漢字の読みを入力してください,Text
お風__呂__，風__呂__,ロ,"［呂］二級
音: リョ／ロ 訓: 
意味: 背骨(せぼね)、脊椎セキツイ、椎骨ツイコツが重なるように連なっている様子を象ったもの{人体(胴部)}。
音楽の十二の階調のうち陰の音律、六音があり、六呂(ロクリョ)という、また陽の、六律(ロクリツ)と合わせて、十二律呂(ジュウニリツリョ)、律呂(リツリョ)、呂律(リョリツ)(ろれつ)」という{音楽(十二律)}。",呂 → JPDB Kanji Freq: 924,漢字の読みを入力してください,Text
__貸__借，__貸__与，賃__貸__,タイ,"［貸］六級
音: タイ 訓: か・す
意味: 施(ほどこ)す、金品などを与える。
後で返してもらうことを条件に自分の所有物を人に預け用いさせる、同「貣」。
後で返すことを条件に人の所有物を別人が預かり用いる、借りる、同「借」。
猶予ユウヨする、大目に見る、許す、同「貣」。",貸 → JPDB Kanji Freq: 923,漢字の読みを入力してください,Text
口__唇__,シン,"［唇］凖二級
音: シュン／ジュン／シン 訓: くちびる
意味: 驚く、驚き口を(唇を)震わせる、同「㖘」。
口の上下にある辺縁部、同「脣」{人体(頭部)}。",唇 → JPDB Kanji Freq: 922,漢字の読みを入力してください,Text
__州__議会，六大__州__,シュウ,"［州］八級
音: シュウ／ス 訓: す
意味: 川の中にできた陸地、同「洲」。
大きな陸地、大陸。
行政区画の単位、「州(領土、支配地)」の外を、殥(イン)、その外を、紘(コウ)、更にその外を、垓(ガイ)という。",州 → JPDB Kanji Freq: 921,漢字の読みを入力してください,Text
__幼__児，__幼__虫，__幼__稚,ヨウ,"［幼］五級
音: ユウ／ヨウ 訓: おさな・い／いとけな・い
意味: 十分に年を経(へ)ていないさま。
十分な程度に達していないさま、未熟なさま。
(幼い子を大切に育てるように)たっぷりの愛情を込めて慈(いつく)しむ。",幼 → JPDB Kanji Freq: 920,漢字の読みを入力してください,Text
__陣__頭，__陣__痛，円__陣__,ジン,"［陣］四級
音: チン／ジン 訓: 
意味: 戦いのために兵や兵車を配置したところ、同「塦」。
戦いのための軍勢の隊形、また隊列。
合戦、戦い。
盛衰・進退・増減などの寄せては引くような波状の動き。
一陣(イチジン)軍勢の先頭の隊、軍勢の中の一つの隊一頻り(ひとしきり)、(勢いの強まる状態が長くはない時間続くこと)。",陣 → JPDB Kanji Freq: 919,漢字の読みを入力してください,Text
__丁__数，落__丁__，二__丁__目,チョウ,"［丁］八級
音: テイ／トウ／チョウ 訓: ひのと／あ・たる
意味: ひのと、十干ジッカン(甲・乙・丙・丁・戊・己・庚・辛・壬・癸)の四番目{十干}。
賦役フエキに徴用される年齢に達した(成年に達した)成人男性、壮年の(働き盛りの)男性。
当たる、相当する。
肉や野菜などを采の目(さいのめ、サイコロのような小さな立方体)切りにしたもの、肉丁(ジクチョウ・ロウディン)(肉を采の目切りにしたもの)」。
丁丁(チョウチョウ)、「かちかち」「かっかっ」「こつこつ」などのものが打ち当たる音の形容。
日書物の紙の枚数を数える語、表裏二頁分を一丁という。
日。",丁 → JPDB Kanji Freq: 918,漢字の読みを入力してください,Text
__丁__字路，甲乙丙__丁__,テイ,"［丁］八級
音: テイ／トウ／チョウ 訓: ひのと／あ・たる
意味: ひのと、十干ジッカン(甲・乙・丙・丁・戊・己・庚・辛・壬・癸)の四番目{十干}。
賦役フエキに徴用される年齢に達した(成年に達した)成人男性、壮年の(働き盛りの)男性。
当たる、相当する。
肉や野菜などを采の目(さいのめ、サイコロのような小さな立方体)切りにしたもの、肉丁(ジクチョウ・ロウディン)(肉を采の目切りにしたもの)」。
丁丁(チョウチョウ)、「かちかち」「かっかっ」「こつこつ」などのものが打ち当たる音の形容。
日書物の紙の枚数を数える語、表裏二頁分を一丁という。
日。",丁 → JPDB Kanji Freq: 918,漢字の読みを入力してください,Text
__汚__穢，__汚__点，__汚__物，__汚__名,オ,"［汚］四級
音: オ／ウ 訓: けが・す／けが・れる／けが・らわしい／よご・す／よご・れる／きたな・い
意味: 淀(よど)んで濁(にご)った水。
穢(けが)れる、異物が混じる。
不潔フケツなさま。
行いが正しくない。
泥を塗る、泥を塗って面目を失わせる。",汚 → JPDB Kanji Freq: 917,漢字の読みを入力してください,Text
車__窓__，同__窓__，深__窓__,ソウ,"［窓］五級
音: ソウ 訓: まど
意味: 通気や採光のために壁などに設けるもの、同「囱」「牎」{建物}。
壁など(内と外を隔てる遮蔽物)の内と外の間の開口部。",窓 → JPDB Kanji Freq: 916,漢字の読みを入力してください,Text
__宅__地，自__宅__，帰__宅__,タク,"［宅］五級
音: タク／ジャク 訓: 
意味: 身を託タクすところ、住まい、住むための建物、住居ジュウキョ。
住まう、居住キョジュウする。
落ち着く。
墓、墓地、宅兆(タクチョウ)。",宅 → JPDB Kanji Freq: 915,漢字の読みを入力してください,Text
__域__内，地__域__，区__域__,イキ,"［域］五級
音: ヨク／イキ 訓: 
意味: 境界、区切り。
境界の内側、周りを囲った内側、範囲。
邦(くに)、領土、国土。",域 → JPDB Kanji Freq: 914,漢字の読みを入力してください,Text
__策__略，政__策__，対__策__,サク,"［策］五級
音: サク／シャク 訓: 
意味: (竹製の)鞭(むち)、鞭打つ、同「敇」「箠」。
文字(文章)を記すための細長い竹製の札、竹簡チクカン。
符命フメイ、天子の意であることの証あかし(署名や押印)のある札(ふだ)(文書)、天子が下す命令書・指示書・辞令書、特に諸侯の領土・爵位・官位などの任免の文書、同「冊」。
謀はかりごと、ことを成すための方法、またそれを記した文書、計画書、同「𥮮」。
謀(はか)る、ことを成すために手を打つ、同「籌」。
筮(めどぎ)、吉凶を占う際に用いる竹や草の茎を使った細い棒、同「筮」「筴」。
永字八法の一つ、右上へ向かってのはねの書き方、現代中国では「提」「挑」{永字八法}。",策 → JPDB Kanji Freq: 913,漢字の読みを入力してください,Text
__悩__殺，苦__悩__，煩__悩__,ノウ,"［悩］四級
音: ドウ／ノウ 訓: なや・む
意味: なや・む、迷い苦しむ、心が乱れる。",悩 → JPDB Kanji Freq: 912,漢字の読みを入力してください,Text
__歴__とした，__歴__史，__歴__訪，経__歴__,レキ,"［歴］六級
音: レキ／リャク 訓: 
意味: 通過点(時・時間や場所・位置など)を通(とお)って行く、また踏み越えて行く、通り過ぎる、経(へ)る、経過ケイカする。
過ぎ去ったこと、通り過ぎたこと。
明らかなさま、はっきりしているさま、歷歷(レキレキ)、歷然(レキゼン)。",歴 → JPDB Kanji Freq: 911,漢字の読みを入力してください,Text
誘__致__，合__致__，風__致__,チ,"［致］四級
音: チ 訓: いた・す
意味: 相手方まで持って行って届ける、「送致」。
招き寄せる、こちらまで来させる、「招致」。
～に至る、～に至らしめる、「致死」。
～という結果に行く着く、～になる、「一致」。
趣(おもむき)、気持ちが行く着くところ、「筆致」。
官職を辞する。
肌理(きめ)が細かい、目がぎっしりと詰まっている、同繁「緻」。",致 → JPDB Kanji Freq: 910,漢字の読みを入力してください,Text
__辛__苦，__辛__酸，香__辛__料,シン,"［辛］三級
音: シン 訓: から・い／つら・い／かのと／かろ・うじて
意味: 舌がひりひりと痛むような味、五味(甘・酸・鹹・苦・辛)の一つ。
涙が出るような(泣き出しそうな)痛み、突き刺されるような痛み。
かのと、十干ジッカン(甲・乙・丙・丁・戊・己・庚・辛・壬・癸)の第八{十干}。
日厳(きび)しい、程度が甚(はなは)だしい。
日。",辛 → JPDB Kanji Freq: 909,漢字の読みを入力してください,Text
__才__能，__才__覚，秀__才__,サイ,"［才］九級
音: サイ／ザイ 訓: 
意味: 資質シシツ、素質ソシツ、もの本来が持つ性格や力、またそれを発揮すること、また発揮する人、才能(サイノウ)(素質と能力)」。
僅(わず)か～、ほんの少し～、たった～、やっと～したばかり、同「財」「纔」。
日歳(サイ)(とし、年齢)」の略字。",才 → JPDB Kanji Freq: 907,漢字の読みを入力してください,Text
__積__雪，蓄__積__，面__積__,セキ,"［積］七級
音: セキ／シャク 訓: つ・む
意味: (刈り取った穀物を)集めて次々に重ねて行く、上へ上へと重ねて行く。
堆(うずたか)く蓄(たくわ)える、貯(た)める。
数学で掛け算の結果。
疳積(カンシャク)、慢性的な栄養失調などにより次第に痩せて腹が出る乳幼児の胃腸の病気、同「疳癪」。",積 → JPDB Kanji Freq: 906,漢字の読みを入力してください,Text
__毒__薬，__毒__舌，中__毒__,ドク,"［毒］六級
音: トク／ドク／タイ／ダイ 訓: 
意味: 生命や健康に害を及ぼす、またそうしたもの。
禍(わざわい)や苦しみを齎(もたら)す、またそうしたもの。
酷(ひど)い。",毒 → JPDB Kanji Freq: 905,漢字の読みを入力してください,Text
刹__那__，旦__那__,ナ,"［那］二級
音: ダ／ナ 訓: 
意味: 那个(ナカ)、あの、あれ、その、それ。
那事(ナシ)、あのこと、そのこと。
那辺(ナヘン)、そこ、あそこ。
那時(ナシ)、あの時、その時。
那么・那麽(ナマ)、あのように、そのように。
那样・那樣(ナヨウ)、このような、そのような、あのような。
梵語の音「な」を表す音オン(おと)や声(こえ)などを表す音写字。
地名、未詳、同「𨙻」。",那 → JPDB Kanji Freq: 904,漢字の読みを入力してください,Text
__華__美，繁__華__，栄__華__,カ,"［華］三級
音: カ／ゲ／ケ 訓: はな／はな・やか／はな・やぐ
意味: 花(はな)、同「花」。
花が咲き開くさま。
花のように美しいさま、美しい光を放つさま、同「花」。
栄えるさま、栄華(エイガ)。
漢民族の国、中国、華夏(カカ)、中華(チュウカ)。
華山(カザン)、五岳の一つで「西嶽」ともいう、陝西省華陰市の南方、同「崋山」{陝西省}。",華 → JPDB Kanji Freq: 903,漢字の読みを入力してください,Text
香__華__，__華__厳，散__華__,ケ,"［華］三級
音: カ／ゲ／ケ 訓: はな／はな・やか／はな・やぐ
意味: 花(はな)、同「花」。
花が咲き開くさま。
花のように美しいさま、美しい光を放つさま、同「花」。
栄えるさま、栄華(エイガ)。
漢民族の国、中国、華夏(カカ)、中華(チュウカ)。
華山(カザン)、五岳の一つで「西嶽」ともいう、陝西省華陰市の南方、同「崋山」{陝西省}。",華 → JPDB Kanji Freq: 903,漢字の読みを入力してください,Text
万__華__鏡,ゲ,"［華］三級
音: カ／ゲ／ケ 訓: はな／はな・やか／はな・やぐ
意味: 花(はな)、同「花」。
花が咲き開くさま。
花のように美しいさま、美しい光を放つさま、同「花」。
栄えるさま、栄華(エイガ)。
漢民族の国、中国、華夏(カカ)、中華(チュウカ)。
華山(カザン)、五岳の一つで「西嶽」ともいう、陝西省華陰市の南方、同「崋山」{陝西省}。",華 → JPDB Kanji Freq: 903,漢字の読みを入力してください,Text
__尾__行，首__尾__，末__尾__,ビ,"［尾］四級
音: ビ／ミ 訓: お
意味: 動物の尻の辺りから後ろに細く長く突き出ているもの、しっぽ(尻尾)。
長いもの(長く続いているもの)の後ろ、末端マッタン。
孳尾(ジビ)、動物が交わり(交尾コウビして)子を生む。
二十八宿東方青龍セイリュウの第六宿{二十八宿}。
日魚を数える語。",尾 → JPDB Kanji Freq: 902,漢字の読みを入力してください,Text
土地__勘__，__勘__弁，__勘__当,カン,"［勘］三級
音: カン／コン 訓: 
意味: よく突き合わせながら考える、詳しく比べる。
(罪を)問い質(ただ)す、詳しく取り調べる。
日かん、第六感、感覚では知覚できな物事を確かに感じ知ること。",勘 → JPDB Kanji Freq: 901,漢字の読みを入力してください,Text
__編__集，__編__成，長__編__,ヘン,"［編］六級
音: ヘン 訓: あ・む
意味: 竹簡チクカンや木簡モッカンを一つの纏(まと)まった文書・記録・書物になるように順に並べ結(ゆ)わいて綴(と)じる、またそのための綴じ紐(ひも)。
ばらばらのものを集め順序立てて並べ一つのものに組み上げる。
糸や紐などを順に組みながら布を織(お)り上げる。",編 → JPDB Kanji Freq: 900,漢字の読みを入力してください,Text
__各__自，__各__種，__各__位,カク,"［各］七級
音: カク 訓: おのおの
意味: めいめい、一人一人、それぞれ、一つ一つ、別々。",各 → JPDB Kanji Freq: 899,漢字の読みを入力してください,Text
__崩__壊，__崩__落,ホウ,"［崩］三級
音: ホウ 訓: くず・れる
意味: 山が裂け土石が落下する、壊れて倒れる。
破れる、ばらばらになる、決裂する。
天子の死。",崩 → JPDB Kanji Freq: 898,漢字の読みを入力してください,Text
__輝__石，光__輝__,キ,"［輝］四級
音: キ／ケ 訓: かがや・く／かがや・き／かがや・かしい
意味: 明々とした火の光、またその光が四方に広がる、同「暉」「煇」。",輝 → JPDB Kanji Freq: 897,漢字の読みを入力してください,Text
知__己__，克__己__,キ,"［己］五級
音: キ／コ 訓: おのれ／つちのと
意味: おのれ、自分。
つちのと、十干ジッカン(甲・乙・丙・丁・戊・己・庚・辛・壬・癸)の六番目{十干}。
日おのれ、相手を罵って言う言葉。
おのれ、き、つちのと、部首名。",己 → JPDB Kanji Freq: 896,漢字の読みを入力してください,Text
自__己__，利__己__,コ,"［己］五級
音: キ／コ 訓: おのれ／つちのと
意味: おのれ、自分。
つちのと、十干ジッカン(甲・乙・丙・丁・戊・己・庚・辛・壬・癸)の六番目{十干}。
日おのれ、相手を罵って言う言葉。
おのれ、き、つちのと、部首名。",己 → JPDB Kanji Freq: 896,漢字の読みを入力してください,Text
__厳__格，__厳__重，威__厳__,ゲン,"［厳］五級
音: ゲン／ゴン 訓: おごそ・か／いか・めしい／いか・つい／きび・しい
意味: 堂々としたさま、圧倒されるさま、気圧(けお)されるさま。
妥協を許さないさま、人を寄せつけないさま。
ぴったりとして隙がないさま。
激しいさま、甚(はなは)だしいさま。",厳 → JPDB Kanji Freq: 895,漢字の読みを入力してください,Text
荘__厳__，華__厳__宗,ゴン,"［厳］五級
音: ゲン／ゴン 訓: おごそ・か／いか・めしい／いか・つい／きび・しい
意味: 堂々としたさま、圧倒されるさま、気圧(けお)されるさま。
妥協を許さないさま、人を寄せつけないさま。
ぴったりとして隙がないさま。
激しいさま、甚(はなは)だしいさま。",厳 → JPDB Kanji Freq: 895,漢字の読みを入力してください,Text
__鼻__音，__鼻__孔，酸__鼻__，耳__鼻__科,ビ,"［鼻］八級
音: ヒ／ビ 訓: はな
意味: 一般に動物(ヒト人を含む)の顔の中央にあって呼吸したり匂(にお)いを感じるための隆起リュウキした器官{人体(頭部)}。
(動物の体の先にある顔から更に突き出ていることから)端緒タンショ、最初、始まり。
自分、自(みずか)ら、古「自」。
はな、はなへん、部首名。",鼻 → JPDB Kanji Freq: 894,漢字の読みを入力してください,Text
__荒__天，__荒__廃，__荒__涼,コウ,"［荒］四級
音: コウ 訓: あら・い／あ・らす／あ・れる／すさ・む／すさ・ぶ
意味: 雑草が伸び放題なさま、人の手が入っておらず耕作や居住に向かないさま、またそのような地。
廃(すた)れる、長い間人の手が加えられた様子がないさま。
(人の手が及ばす)作物のできが悪い、作物が稔(みの)らない、同「𥡃」。
凶作、不作。
手が行き届いていない(考えが及んでいない、吟味されていない)さま、中身がないさま、虚(うつ)ろなさま。
何もなくただ広大なさま、遥(はる)か遠く人の手が及ばないさま。",荒 → JPDB Kanji Freq: 893,漢字の読みを入力してください,Text
__因__果，原__因__，要__因__,イン,"［因］六級
音: イン 訓: よ・る／ちな・む
意味: 基(もと)づく、土台となるものの上に順々に積み重なっていく。
物事がそうなるに至った理由や事情、「全て物事は基となるものに様々な物事が繋がり積み重なった結果」の意。
繋がり、縁(えん)、引き継ぐ。
ちな・む、～に依る、～に繋がる、～に関連する。",因 → JPDB Kanji Freq: 892,漢字の読みを入力してください,Text
__老__巧，__老__人，長__老__,ロウ,"［老］七級
音: ロウ 訓: お・い／お・いる／ふ・ける
意味: 年齢を重ねる、年齢を重ねて髪が白くなる、また衰(おとろ)える、またそのような人やもの。
年齢を重ねて多くの経験を積む、また積んだ人、またそのような人に対する敬称。
七十歳の人、六十歳は「耆」、八十歳或いは七十歳は「耋」。
おい、部首名",老 → JPDB Kanji Freq: 891,漢字の読みを入力してください,Text
__甲__板，__甲__高い,カン,"［甲］三級
音: コウ／キョウ／カン 訓: きのえ／かぶと／よろい
意味: きのえ、十干ジッカン(甲・乙・丙・丁・戊・己・庚・辛・壬・癸)の一番目、甲乙(コウオツ)(一番目と二番目、順位や等級・優劣)」{十干}。
序列・順序や等級の一番、一番目、、令甲(レイコウ)(天子の命令、政令)」。
身に着けて体を守るための防具、冑・兜(かぶと)や鎧(よろい)、、甲冑(カッチュウ)。
体やものを覆っている硬(かた)いもの、、龜甲・亀甲(キッコウ・キコウ)(カメの甲羅)」、指甲(シコウ)(手足の指の爪)」。
日掌(てのひら)の反対側(裏側)、足裏(あしうら)の反対側(表側)。",甲 → JPDB Kanji Freq: 890,漢字の読みを入力してください,Text
__甲__乙，装__甲__車,コウ,"［甲］三級
音: コウ／キョウ／カン 訓: きのえ／かぶと／よろい
意味: きのえ、十干ジッカン(甲・乙・丙・丁・戊・己・庚・辛・壬・癸)の一番目、甲乙(コウオツ)(一番目と二番目、順位や等級・優劣)」{十干}。
序列・順序や等級の一番、一番目、、令甲(レイコウ)(天子の命令、政令)」。
身に着けて体を守るための防具、冑・兜(かぶと)や鎧(よろい)、、甲冑(カッチュウ)。
体やものを覆っている硬(かた)いもの、、龜甲・亀甲(キッコウ・キコウ)(カメの甲羅)」、指甲(シコウ)(手足の指の爪)」。
日掌(てのひら)の反対側(裏側)、足裏(あしうら)の反対側(表側)。",甲 → JPDB Kanji Freq: 890,漢字の読みを入力してください,Text
__陸__地，__陸__橋，着__陸__,リク,"［陸］七級
音: リク／ロク 訓: おか／くが
意味: おか、くが、広い台地、土が厚く積み重なって水面より高くなったところ、水に覆われていない平らに広がる土地。
水に覆われていない土地、陸路(リクロ)。
途切れることなく次々に続く(続いている)さま、陸続(リクゾク)。
高く(高いところに)跳び上がる。
「六」の大写字(「二」は「貳」・「三」は「參」のような大文字のこと){数字}。",陸 → JPDB Kanji Freq: 889,漢字の読みを入力してください,Text
__展__示，__展__開，発__展__,テン,"［展］五級
音: テン 訓: の・べる
意味: 転(ころ)がす、巻いてあるものを転がして広げる。
巻いたり折ってあるものなどを開き広げる、そのままでは見えないもの(ものの中にあって見えないもの)を広げて見る、また見せる。
それまで知られていなかったもの(知らせなかったこと)をはっきりさせる。
見えるように広げて並べる、陳列チンレツする。",展 → JPDB Kanji Freq: 888,漢字の読みを入力してください,Text
__製__造，__製__鉄，鉄__製__,セイ,"［製］六級
音: セイ／セ 訓: 
意味: 形に合わせて布(ぬの)を断(た)つ、布を断ち衣服に仕立てる、同「裁」。
目的とする形に作る、また形を整(ととの)える、同簡「制」。",製 → JPDB Kanji Freq: 887,漢字の読みを入力してください,Text
__辞__書，__辞__職，式__辞__,ジ,"［辞］七級
音: シ／ジ 訓: ことば／や・める
意味: 説(と)く、分かるように順序立てて話す、説明する。
丁寧に分かり易く述べる、また説明する、またその言葉や文章
挨拶アイサツをして去る、暇乞(いとまご)いをする、同、辞去(ジキョ)
誘いや求めを丁寧に理由を述べて断る、、辞退(ジタイ)。",辞 → JPDB Kanji Freq: 886,漢字の読みを入力してください,Text
__諦__観，__諦__念,テイ,"［諦］二級
音: テイ／タイ 訓: あきら・める
意味: 詳細に調べる、また調べて細部まで明らかにする。
真理、物事のあるべき姿。
日あきら・める、やむを得ず途中で止(や)める。",諦 → JPDB Kanji Freq: 885,漢字の読みを入力してください,Text
__締__結，__締__約,テイ,"［締］三級
音: テイ／ダイ 訓: し・める
意味: しっかりと結ぶ、解(ほど)けたり緩(ゆる)んだりしないように結ぶ、結び合わせる。
しっかりと閉(と)じる、閉(し)める。
日すっかりおしまいにする、合計する。",締 → JPDB Kanji Freq: 884,漢字の読みを入力してください,Text
__模__範，__模__型，__模__倣,モ,"［模］五級
音: ボ／モ 訓: 
意味: 目的の形に造るための木製の型かた、土製は「型」、竹製は「範」。
手本、基本や標準となるもの。
ものの形や大きさ。
手本や基準となるものの形や大きさに似(に)せる、手本とするものに倣(なら)う。
よく見えないものを手で触れて確かめる、同「摸」。
模糊(モコ)、輪郭がぼやけてはっきりしないさま、同「糢糊」。",模 → JPDB Kanji Freq: 883,漢字の読みを入力してください,Text
規__模__,ボ,"［模］五級
音: ボ／モ 訓: 
意味: 目的の形に造るための木製の型かた、土製は「型」、竹製は「範」。
手本、基本や標準となるもの。
ものの形や大きさ。
手本や基準となるものの形や大きさに似(に)せる、手本とするものに倣(なら)う。
よく見えないものを手で触れて確かめる、同「摸」。
模糊(モコ)、輪郭がぼやけてはっきりしないさま、同「糢糊」。",模 → JPDB Kanji Freq: 883,漢字の読みを入力してください,Text
__規__則，__規__律，定__規__,"キ,ギ","［規］六級
音: キ 訓: のり
意味: ぶんまわし(規)、コンパスcompass、正しく円を描く道具、直線や角度を描く道具は「矩」。
基準・標準となるもの、基準・標準とすべき決まりごと。
基準・標準となるものに従って長さや程度など測る。
規矩(キク)コンパスcompassと物差しruler行動や判断・評価などの則(のっと)るべき基準。",規 → JPDB Kanji Freq: 882,漢字の読みを入力してください,Text
__純__真，__純__粋，不__純__,ジュン,"［純］五級
音: シュン／ジュン 訓: 
意味: 他の色が混じっていない単色の糸、単色の布や衣服。
本来のもの以外の何ものも混じっていない、本来のままで何の手も加えられていない。",純 → JPDB Kanji Freq: 881,漢字の読みを入力してください,Text
__骨__子，筋__骨__，老__骨__,コツ,"［骨］五級
音: コツ／コチ 訓: ほね
意味: 脊椎(セキツイ)動物の体の内側にあって、体の各組織の位置や形を支え、保ち、また保護する役目を担う堅い組織。
人の芯シンを貫いているもの、人となり、人としての品位や気質。
物事の内側にあって全体を支えると同時に、その位置や形を保つ役目をするもの。
日(堅く丈夫な骨が折れてしまうほどの)大変な苦労。
ほね、ほねへん、部首名。",骨 → JPDB Kanji Freq: 880,漢字の読みを入力してください,Text
__江__湖，長__江__,コウ,"［江］凖二級
音: コウ 訓: え
意味: 大きな川、大河タイガ、中国南部では大小を問わず「川」を「江」と呼ぶという。
中国最長の川である、長江(チョウコウ)の別称、これに対し「河」は黄河(コウガ)を指す
日水(海や湖)が陸地に入り込んでいるところ",江 → JPDB Kanji Freq: 879,漢字の読みを入力してください,Text
__統__一，__統__計，伝__統__,トウ,"［統］六級
音: トウ 訓: す・べる
意味: 糸口、糸や物事の端緒。
一つの糸口に繋がって伸び広がる、また続いて行く、遡れば一つの端緒に行き着く、またそのような物事。
一つの物事を端緒・頂点としてその下にばらばらになっている物事を纏める、一つに纏める。
全て、ひとまとめ。",統 → JPDB Kanji Freq: 878,漢字の読みを入力してください,Text
__凄__惨，__凄__絶，__凄__艶，__凄__烈,セイ,"［凄］二級
音: セイ／サイ 訓: すさ・まじい／すご・い
意味: 冷たく寒いさま、冷たさ寒さが甚(はなは)だしいさま、骨身にこたえるさま、同「淒」。",凄 → JPDB Kanji Freq: 877,漢字の読みを入力してください,Text
__午__前，正__午__，子__午__線,ゴ,"［午］九級
音: ゴ 訓: うま／ひる
意味: 十二支の七番目、時刻では午前十二時を中心とした二時間、動物では馬、方角では南{十二支}。
農歴ノウレキ(中国の伝統的な暦法、旧暦)の五月、午日(ゴジツ)(旧暦の五月五日)」。
縦方向(南北、上下)に交差するさま、、子午(シゴ)、旁午(ボウゴ)(縦横に交差するさま縦横に入り乱れるさま)」、午道(ゴドウ)(道が交差し四方八方に通じるさま)」。
背(そむ)く、逆(さか)らう、従(したが)わない、同「忤」「迕」。",午 → JPDB Kanji Freq: 876,漢字の読みを入力してください,Text
__宝__石，国__宝__，財__宝__,ホウ,"［宝］五級
音: ホウ／ホ 訓: たから
意味: 大切にしまっておくもの、珍しく貴重なもの、高価なもの、「宝石」「宝物」「財宝」「家宝」。
秘蔵する、大切にする、珍重する。
玉ギョク(美しく高貴な石)製の品物、玉ギョク(美しく高貴な石)製の印章。
大切なもの、尊重すべきもの、「宝典」「宝物」「重宝」。",宝 → JPDB Kanji Freq: 875,漢字の読みを入力してください,Text
__織__機，染__織__，紡__織__,ショク,"［織］六級
音: ショク／シキ／シ 訓: お・る
意味: 経糸(たていと)と緯糸(よこいと)を十状に交差させて布を作る、またそのようにして作り上げた布、「機織(はたおり)」。
幾つかのものを組み合わせて一つのものに作り上げる、幾つかのものが組み合わさって一つのものになる、組織(ソシキ)。",織 → JPDB Kanji Freq: 874,漢字の読みを入力してください,Text
組__織__,シキ,"［織］六級
音: ショク／シキ／シ 訓: お・る
意味: 経糸(たていと)と緯糸(よこいと)を十状に交差させて布を作る、またそのようにして作り上げた布、「機織(はたおり)」。
幾つかのものを組み合わせて一つのものに作り上げる、幾つかのものが組み合わさって一つのものになる、組織(ソシキ)。",織 → JPDB Kanji Freq: 874,漢字の読みを入力してください,Text
__艦__船，__艦__隊，軍__艦__,カン,"［艦］凖二級
音: カン／ゲン 訓: 
意味: 戦(いくさ)をするために攻撃や防御に重点を置いて造られた船。",艦 → JPDB Kanji Freq: 873,漢字の読みを入力してください,Text
__境__界，__境__地，逆__境__,キョウ,"［境］六級
音: ケイ／キョウ 訓: さかい
意味: 他の所有者の土地と接するところ、区切り、同「竟」「疆」。
(限られた、特定の)ところ、場所、地域。
状態、状況、様子。",境 → JPDB Kanji Freq: 872,漢字の読みを入力してください,Text
__境__内,ケイ,"［境］六級
音: ケイ／キョウ 訓: さかい
意味: 他の所有者の土地と接するところ、区切り、同「竟」「疆」。
(限られた、特定の)ところ、場所、地域。
状態、状況、様子。",境 → JPDB Kanji Freq: 872,漢字の読みを入力してください,Text
__尽__力，無__尽__蔵,ジン,"［尽］四級
音: シン／ジン 訓: つ・くす／つ・きる／ことごと・く
意味: 器の中身を空(から)にする、全てを出し切る、同「儘」。
全て終える、最後まで全(まっと)うする。
ことごと・く、全て、余すところなく、あるものを残らず。
繁「盡」。
繁「儘」。",尽 → JPDB Kanji Freq: 871,漢字の読みを入力してください,Text
__否__定，適__否__，安__否__,ヒ,"［否］五級
音: ヒ／ビ／フウ／フ 訓: いな／いや
意味: いな、いや、いいや、同意できない、認められない、受け入れられない、否定・不同意の言葉、同「不」。
然(しか)らずんば、～でなければ～、同「否」。
そうではない、他の語に続いて逆の意を表す語、然否(ゼンピ)(そうであるかそうでないか)」、存否(ソンピ)(存あるかないか)」。
悪い、良くない。
周易の六十四卦の一つ、、天地否(テンチヒ)、䷋{易経記号}。",否 → JPDB Kanji Freq: 870,漢字の読みを入力してください,Text
__誕__生，生__誕__,タン,"［誕］五級
音: タン／ダン 訓: 
意味: 話が大袈裟(おおげさ)なさま、大きいばかりで中身がないさま、同「唌」。
大きなさま、また広がりがあるさま。
生(う)まれる、生れ出る。",誕 → JPDB Kanji Freq: 869,漢字の読みを入力してください,Text
__庭__園，校__庭__，家__庭__,テイ,"［庭］八級
音: テイ／ジョウ 訓: にわ
意味: 堂ドウ(大きな建物、母屋おもや)の正面階段前の平らに整地された広場、同「廷」。
宮中、役所や裁判所(廷)、またその敷地内の平らに整地された広場、同「廷」。
広い場所。",庭 → JPDB Kanji Freq: 868,漢字の読みを入力してください,Text
__史__学，歴__史__，国__史__,シ,"［史］六級
音: シ 訓: 
意味: 記録、出来事などを記録した文書。
記録係、記録(特に歴史書)を管掌する役人、またその役職名。",史 → JPDB Kanji Freq: 867,漢字の読みを入力してください,Text
__脳__裏，__脳__髄，首__脳__，頭__脳__,ノウ,"［脳］五級
音: ドウ／ノウ 訓: 
意味: 頭蓋骨に覆われた動物の活動全般を司る中枢器官、またその機能。
ものの全体を制御・維持するために欠かせない主要なもの、またそのような人。",脳 → JPDB Kanji Freq: 866,漢字の読みを入力してください,Text
__抗__争，__抗__議，対__抗__,コウ,"［抗］四級
音: コウ 訓: あらが・う
意味: まっすぐなさま、まっすぐに立つさま、同「伉」。
正面から対する、相対する、同「伉」。
あらが・う、向かって来るものを正面から防ぎ止める、拒(こば)む。
拮抗(キッコウ)、力の差が殆(ほとん)どなく優劣つけ難いさま、互いが譲らず勝敗・優劣が決まらないさま、同、頡頏(ケッコウ)。",抗 → JPDB Kanji Freq: 865,漢字の読みを入力してください,Text
__呪__縛，__呪__文,ジュ,"［呪］二級
音: ジュ／シュ／シュウ 訓: のろ・う／まじな・い
意味: のろ・う、人に災いが降りかかるようにと神に祈る、またその祈りの言葉、喜び・幸いを願って祈るのは「祝」、古くは「呪」「祝」共に同じ「神に願い事を唱え祈る」の意。
まじな・い、仏神に願い事をする際の祈りの言葉。",呪 → JPDB Kanji Freq: 864,漢字の読みを入力してください,Text
情__操__，__操__縦，__操__作，節__操__,ソウ,"［操］五級
音: ソウ 訓: あやつ・る／みさお
意味: 手に握り持つ、しっかりと持つ。
みさお、守るべきものをしっかりと持つ、またしっかりと守る、またその行いや心掛け。
あやつ・る、人や動物・言葉や心・道具や楽器などを自分の(手で)思い通りに動かす、また働かせる。
思い通りに動かせるように訓練する。",操 → JPDB Kanji Freq: 863,漢字の読みを入力してください,Text
__距__離，測__距__儀,キョ,"［距］四級
音: キョ／ゴ 訓: けづめ
意味: 隔(へだ)たり、間隔、離れる、間を置く。
間隔が狭まらないように押し止める。
ニワトリ鶏などの蹴爪(けづめ、足首付近から後ろ向きに突き出た鋭い突起)、同「𧣒」。",距 → JPDB Kanji Freq: 862,漢字の読みを入力してください,Text
__宙__返り，宇__宙__,チュウ,"［宙］五級
音: チュウ／ジュウ 訓: そら
意味: 屋根を支える梁(はり)や棟(むね)、宇(ウ、頭上に大きく広がるもの)を支えているもの。
過去から未来に亘(わた)って途切れることなく続く時(とき)、時間的な大きな広がり、空間的な広がりは「宇」。
日空(そら)、大空
日",宙 → JPDB Kanji Freq: 861,漢字の読みを入力してください,Text
__輪__番，一__輪__，車__輪__,リン,"［輪］七級
音: リン 訓: わ
意味: 回りながら車の移動を容易にするための円形で中央部が空いている部品、丸太を輪切りにしたようなものは「輇」{乗物(車輪)}。
円形で中央部が空いている形、またそのような形のもの。
くるくると回る、同じことを繰り返す、循環する、またそのようなもの。
南北の広がり、東西は「広」。
日花を数える語、中央から輪状に広がることから。",輪 → JPDB Kanji Freq: 860,漢字の読みを入力してください,Text
"海__浜__，京__浜__
〔文〕はまべ。うみべ。",ヒン,"［浜］四級
音: ホウ／ヒョウ／ヒン 訓: はま
意味: (舟を停泊させたり航行させるための)小さな水路。
はま、水際、水が打ち寄せるぎりぎりの所、水際の陸地側、水際の近くの陸地、同「濱」。
「浜」は本来「小さな水路」の意だが「濱」「滨」の俗字として使われる。",浜 → JPDB Kanji Freq: 859,漢字の読みを入力してください,Text
開__扉__，門__扉__，鉄__扉__,ヒ,"［扉］凖二級
音: ヒ 訓: とびら
意味: 押したり引いたりして開閉する両開きの内と外との仕切り{建物}、横方向に滑らせるようにして開閉するのは「戸」、一説に木製のものを「扉」、アシ葦などの草製のものを「扇」。",扉 → JPDB Kanji Freq: 858,漢字の読みを入力してください,Text
__継__続，__継__承，中__継__,ケイ,"［継］四級
音: ケイ／ケ 訓: つ・ぐ／まま
意味: 切れている糸を繋(つな)ぐ、途切れないように前にあるものの後に続ける(続く)、同「㡭」。
前の物事を受けて続ける。
日まま、法的には親子関係であるが親と子の間に血の繋がりがない関係。",継 → JPDB Kanji Freq: 857,漢字の読みを入力してください,Text
__借__用，__借__金，貸__借__,シャク,"［借］七級
音: セキ／シャク／シャ 訓: か・りる
意味: 後で返すことを条件に人の所有物を預かり用いる、同「貣」。
後で返すことを条件に人の所有物を別人に預け用いさせる、貸す、同「貸」。
他のものや別のものを仮に用いる、仮借(カシャク)。",借 → JPDB Kanji Freq: 856,漢字の読みを入力してください,Text
__衣__服，__衣__食住，作業__衣__,イ,"［衣］七級
音: イ／エ 訓: ころも／きぬ
意味: 身に纏(まと)う着物の総称、特に上半身に纏う着物、下半身に纏う着物は「裳」。
身に纏う。
包み込む、覆う。
ころも、部首名。",衣 → JPDB Kanji Freq: 855,漢字の読みを入力してください,Text
__盗__難，__盗__用，強__盗__,トウ,"［盗］四級
音: トウ／ドウ 訓: ぬす・む
意味: 本来自分のものではないのものを(相手の許しを得ないまま、こっそりと)自分のものにする。",盗 → JPDB Kanji Freq: 854,漢字の読みを入力してください,Text
__短__歌，__短__所，長__短__,タン,"［短］八級
音: タン 訓: みじか・い
意味: 長さや時間が足りない、また足りていない、短促(タンソク)(短いさま、慌ただしいさま)」。
長くない、早い、小さい、少ない、、短世(タンセイ)(早世すること)」。
足りない、不足している、欠(か)ける、欠けている、、短乏(タンボウ)(足りないさま、乏しいさま)」。",短 → JPDB Kanji Freq: 853,漢字の読みを入力してください,Text
__七__宝，__七__五三，__七__福神,シチ,"［七］十級
音: シツ／シチ 訓: なな／なな・つ／なの
意味: 数の名、七番目{数字}。",七 → JPDB Kanji Freq: 852,漢字の読みを入力してください,Text
__皇__帝，__皇__室，__皇__后,コウ,"［皇］五級
音: コウ／オウ 訓: きみ／すめら
意味: 君主、偉大な王、天下を治める者。
大きい、偉大な、神々(こうごう)しい。
煌々コウコウと光り輝く、輝かしい、明々とした光が四方に広がる、同「煌」。
祖先に対する敬称。
日天下を治める者を指す語、「天皇」。",皇 → JPDB Kanji Freq: 850,漢字の読みを入力してください,Text
__皇__子，法__皇__,オウ,"［皇］五級
音: コウ／オウ 訓: きみ／すめら
意味: 君主、偉大な王、天下を治める者。
大きい、偉大な、神々(こうごう)しい。
煌々コウコウと光り輝く、輝かしい、明々とした光が四方に広がる、同「煌」。
祖先に対する敬称。
日天下を治める者を指す語、「天皇」。",皇 → JPDB Kanji Freq: 850,漢字の読みを入力してください,Text
__悟__性，覚__悟__，悔__悟__,ゴ,"［悟］三級
音: ゴ／グ 訓: さと・る
意味: 眠りから醒(さ)める。
それまで見えなかったものが見えるようになる、迷いから覚(さ)める、ぼんやりしていた物事をはっきりと理解する(できる)ようになる。",悟 → JPDB Kanji Freq: 849,漢字の読みを入力してください,Text
__炎__上，__炎__天，火__炎__,エン,"［炎］三級
音: エン 訓: ほのお
意味: ものが燃(も)えて明るく赤く立ち昇る部分、「火」は「ものが燃えた時に発生する光や色や炎や熱など」を総じたもの。
火が激しく燃え上がる、(炎のように)勢いよく盛んなさま。
熱い、火で焼かれているかのように熱い。
熱や激しい痛みなどを伴う病気。",炎 → JPDB Kanji Freq: 848,漢字の読みを入力してください,Text
__洗__面，__洗__練，__洗__剤,セン,"［洗］五級
音: セン／セイ／サイ 訓: あら・う
意味: 水で汚(よご)れや垢(あか)を落とす。
汚れが落ちてきれいになる。
手・指・足などの汚れを落とすために水を張る器{水器(鑑・洗)}。",洗 → JPDB Kanji Freq: 847,漢字の読みを入力してください,Text
__刑__罰，__刑__法，処__刑__,ケイ,"［刑］三級
音: ケイ／ギョウ 訓: 
意味: 重い罪に対する懲(こら)らしめ、軽い罪に対するものは「罰」。
処罰する、罰を加える、刑罰(ケイバツ)。
型かた、基本や標準になる形、同「型」。",刑 → JPDB Kanji Freq: 846,漢字の読みを入力してください,Text
__冒__険，__冒__頭，感__冒__,ボウ,"［冒］四級
音: ボウ／モウ／ボク／モク 訓: おか・す
意味: 覆(おお)う、上から覆い被(かぶ)さる。
目の前が覆われていて暗い、またはっきりと見えない。
覆っているものや目の前に立ちはだかっているものを押し除(の)ける、また突き進む。
前が(先が)見えないまま無理に突き進む、他人のことや後先(あとさき)のことを顧(かえり)みずに行動する。",冒 → JPDB Kanji Freq: 845,漢字の読みを入力してください,Text
__遺__棄，__遺__産，__遺__失,イ,"［遺］五級
音: イ／ユイ 訓: のこ・す
意味: 置いたままにする、置いたままにして去る、遺失(イシツ)。
(なくなった)後も残る、後に残る、また残す、遺産(イサン)。
取り残す、取り漏(も)らす、漏れ落ちる。
小便を漏らす。
贈る、与える。",遺 → JPDB Kanji Freq: 844,漢字の読みを入力してください,Text
__遺__言,ユイ,"［遺］五級
音: イ／ユイ 訓: のこ・す
意味: 置いたままにする、置いたままにして去る、遺失(イシツ)。
(なくなった)後も残る、後に残る、また残す、遺産(イサン)。
取り残す、取り漏(も)らす、漏れ落ちる。
小便を漏らす。
贈る、与える。",遺 → JPDB Kanji Freq: 844,漢字の読みを入力してください,Text
__毛__髪，__毛__細管，不__毛__,モウ,"［毛］九級
音: ボウ／モウ／モ 訓: け
意味: 生物の表皮に生える細長い糸状のもの。
細長いものがたくさんあるさま、細く弱々しいさま。
草木が生え出る。
草木や穀物が生える、また草木や穀物。
粗末なさま。
日千分の一、10の-3乗、ミリmilli、中国では、毫(ゴウ)が用いられる。
け、部首名。",毛 → JPDB Kanji Freq: 843,漢字の読みを入力してください,Text
__宇__宙，気__宇__，堂__宇__,ウ,"［宇］五級
音: ウ 訓: 
意味: 屋根で覆(おお)われた家、また大きな建物。
陽射しや雨を防ぐための建物から外に張り出した屋根、庇ひさし、同「㡰」「𢉠」。
天地(上下)・四方に広がる空間・世界、時間的な広がりは「宙」。
大きな広がり、広く覆う。",宇 → JPDB Kanji Freq: 842,漢字の読みを入力してください,Text
感__涙__，声__涙__，落__涙__,ルイ,"［涙］四級
音: ルイ 訓: なみだ
意味: 目から分泌される液体、またそれが流れ落ちる。
(目から涙が出るように)ぽたぽたと滲(し)み出る。",涙 → JPDB Kanji Freq: 841,漢字の読みを入力してください,Text
__管__理，__管__制，鉄__管__,カン,"［管］七級
音: カン 訓: くだ
意味: 息を吹き込んで音を出す笛(ふえ)などの細長い筒(つつ)状の楽器。
細長い円柱状で内部が空洞になっているもの、またそのような形のもの。
管鍵(カンケン)、鍵穴(かぎあな)。
中心となってことに当たる、また受け持つ、管理(カンリ)。
同「筦」。",管 → JPDB Kanji Freq: 840,漢字の読みを入力してください,Text
__液__体，__液__状，血__液__,エキ,"［液］六級
音: エキ／ヤク 訓: 
意味: 流れ動いて一定の形をしないもの。
体などから分泌(ブンピツ)される汁。
(液体に)漬(つ)かる、漬ける。
融(と)ける。",液 → JPDB Kanji Freq: 839,漢字の読みを入力してください,Text
__包__囲，__包__容力，内__包__,ホウ,"［包］七級
音: ホウ／ヒョウ 訓: つつ・む／くる・む
意味: 布や紙などの薄い膜状のもので全体を覆(おお)う、中のものを保護するように全体を覆う、含(ふく)める、同「裹」。
周りを覆う、周りを囲う。",包 → JPDB Kanji Freq: 838,漢字の読みを入力してください,Text
愛__猫__，__猫__額,ビョウ,"［猫］凖二級
音: ビョウ／ミョウ 訓: ねこ
意味: 猫(ネコ)、特にイエネコ(家猫、家畜化されたネコ、飼い猫)、ネコ科ネコ属の哺乳類、同繁「貓」。
(天子や領主が)夏に行う狩り、春は、蒐(シュウ)、獀ソウ」、秋は獮(セン)、冬は狩(シュウ)。",猫 → JPDB Kanji Freq: 837,漢字の読みを入力してください,Text
__録__音，記__録__，実__録__,ロク,"［録］七級
音: リョク／ロク 訓: 
意味: 刻む、刻み込む、彫る、彫り込む、同「彔」。
(板や金属の表面になどに)文字を刻み込む、文字を彫り込む。
書き記(しる)す、後々のために(或いは他に伝えるために)書き記す。
書き記されたもの。
採用する、選び採(と)る、選んだものを記録することから。
簡「录」。",録 → JPDB Kanji Freq: 836,漢字の読みを入力してください,Text
__照__明，__照__会，対__照__的,ショウ,"［照］七級
音: ショウ 訓: て・る／て・らす／て・れる
意味: 光が当たる、光を当てる。
明るい、光を当てて辺りを明るくする、照明(ショウメイ)。
他のものと見比べる、また見比べて確かめる、照合(ショウゴウ)「。
光を当てて像を映し出す、撮影する、照映(ショウエイ)。",照 → JPDB Kanji Freq: 835,漢字の読みを入力してください,Text
__犬__歯，愛__犬__，野__犬__,ケン,"［犬］十級
音: ケン 訓: いぬ
意味: 科(イヌ)の動物の総称、同「狗」、敢えて区分するとすれば大形のものが「犬」、小形のものが「狗」。
つまらないもの、(自らを卑下して)つまらないもの。
犬馬(ケンバ)イヌ犬とウマ馬(謙って自らを指し、犬馬のように労を厭わない)卑しい者。
いぬ、部首名。",犬 → JPDB Kanji Freq: 834,漢字の読みを入力してください,Text
__慣__例，__慣__性，習__慣__,カン,"［慣］六級
音: カン／ケン 訓: な・れ／な・れる／な・らす／な・らう／なら・わし
意味: 何度も繰り返す、何度も繰り返すことによって身に付ける、同「習」「摜」。
なら・わし、繰り返されることで身に付いたこと、普段から繰り返し行われること、同「習」。",慣 → JPDB Kanji Freq: 833,漢字の読みを入力してください,Text
__適__切，__適__度，快__適__,テキ,"［適］六級
音: テキ／セキ／シャク 訓: かな・う／あた・う
意味: (目的とする方に向かって)往く、(目的とする方に)向かう。
向かう方向が目的に合っている、意に沿(そ)っている、相応(ふさわ)しい。
(ちょうど合っていて、自分の思いの通りで)心地よい。
たまたま、思い掛けずに、偶然に。
血筋の繋(つな)がった、正統な、同「嫡」。
嫁に出る。
簡「适」。",適 → JPDB Kanji Freq: 832,漢字の読みを入力してください,Text
__薄__情，__薄__幸，__薄__謝，軽__薄__,ハク,"［薄］四級
音: ハク／バク 訓: うす・い／すすき
意味: 草木がびっしりと(隙間なく)生えているさま。
互いの間が近い、間隔が狭い
(広がりはあるが)厚みがない
(思慮・配慮や言葉などに)厚みがない、重みがない。
(味や色などに)深みがない、濃さが足りない。
(土の養分などが)少ない。
扉や窓に垂らす簾(すだれ)、同「箔」。
蚕を飼うための平らな籠(かご)、蚕箔(サンパク)、同「箔」。
日ススキ薄・芒、イネ科ススキ属の草{ススキ}。",薄 → JPDB Kanji Freq: 831,漢字の読みを入力してください,Text
__刀__剣，短__刀__，名__刀__,トウ,"［刀］九級
音: トウ／ト 訓: かたな
意味: (一般には少し反った形の)片刃の刃物の総称{武器(刀剣槍)}、両刃は「剣」。
錢(ぜに)、古く刀の形をしていたことから。
かたな、部首名。",刀 → JPDB Kanji Freq: 830,漢字の読みを入力してください,Text
__換__気，__換__算，交__換__,カン,"［換］三級
音: カン／ガン 訓: か・える
意味: 今あるものをそれまでのものとは別のものに替える。",換 → JPDB Kanji Freq: 829,漢字の読みを入力してください,Text
祝__杯__，銀__杯__，一__杯__,ハイ,"［杯］四級
音: ハイ／ヘ 訓: さかずき
意味: 酒・茶・スープsoupなどの液状の飲み物を飲むための器の総称、一般に手に持てる程度の大きさのものでやや浅めの器{食器(杯・盃)}。
液体の入った容器の数また容器に液体を満たした回数を表す語。",杯 → JPDB Kanji Freq: 828,漢字の読みを入力してください,Text
倉__庫__，文__庫__，車__庫__,コ,"［庫］八級
音: コ／ク 訓: くら
意味: 兵車ヘイシャ(軍事用の車両)を保管する建物、兵庫(ヘイコ)。
物を貯蔵・保管する建物または部屋、府庫(フコ)、倉庫(ソウコ)。",庫 → JPDB Kanji Freq: 827,漢字の読みを入力してください,Text
__庫__裏,ク,"［庫］八級
音: コ／ク 訓: くら
意味: 兵車ヘイシャ(軍事用の車両)を保管する建物、兵庫(ヘイコ)。
物を貯蔵・保管する建物または部屋、府庫(フコ)、倉庫(ソウコ)。",庫 → JPDB Kanji Freq: 827,漢字の読みを入力してください,Text
__六__月，__六__法，丈__六__,ロク,"［六］十級
音: リク／ロク 訓: む／むい／むっ・つ／む・つ
意味: 数の名、六番目の数{数字}。
工尺譜コウセキフ・コウシャクフ(楽譜の表記法の一つ)で「ソ」の音を表す{音楽(音階)}。",六 → JPDB Kanji Freq: 826,漢字の読みを入力してください,Text
__盛__大，隆__盛__，全__盛__,セイ,"［盛］五級
音: セイ／ジョウ 訓: も・る／さか・ん
意味: 器(うつわ)に山のようにものを入れる、山のように積み上げる、これ以上は入らないという程に入れる。
一杯になるさま、満ち溢(あふ)れるさま、豊かなさま。
力や勢いがあるさま。",盛 → JPDB Kanji Freq: 825,漢字の読みを入力してください,Text
"繁__盛__
〔商店などが〕にぎわって活気があること。
「商売━・━記〔＝繁盛の様子を書いた文章〕」",ジョウ,"［盛］五級
音: セイ／ジョウ 訓: も・る／さか・ん
意味: 器(うつわ)に山のようにものを入れる、山のように積み上げる、これ以上は入らないという程に入れる。
一杯になるさま、満ち溢(あふ)れるさま、豊かなさま。
力や勢いがあるさま。",盛 → JPDB Kanji Freq: 825,漢字の読みを入力してください,Text
__堂__々と，殿__堂__，母__堂__,ドウ,"［堂］六級
音: トウ／ドウ 訓: 
意味: 賓客の接待や重要な行事などに使われる最も正式な建物、高く大きな建物、重要な建物、どちらも南向きで前が大きく開けているものをいう。
政(まつりごと)や祭礼を行うための高く大きな建物、また広い部屋。
大きく立派で威厳のあるさま。
北堂(ホクドウ)母、母親、主(あるじ)は主殿(南に大きく開けた建物)に住み、母(主婦)はその北側の建物に住んだことから他人の母(はは)を指す尊敬語。
堂上(ドウジョウ)目上の人が住むところ、またそこに住む人父母が住むところ、父母日宮中で昇殿を許された人。",堂 → JPDB Kanji Freq: 824,漢字の読みを入力してください,Text
光__沢__，潤__沢__，__沢__山,タク,"［沢］四級
音: タク／ジャク 訓: さわ
意味: 水の近くの草が生い茂った湿地。
表面が滑らかできらきらと光るさま、水分を含んで艶々(つやつや)しているさま、同「㚖」。
潤(うるお)う、恵(めぐ)み、潤沢(ジュンタク)。",沢 → JPDB Kanji Freq: 823,漢字の読みを入力してください,Text
__瞳__孔,ドウ,"［瞳］二級
音: トウ／ズウ／ドウ 訓: ひとみ
意味: 目玉の中央の円(まる)い虹彩コウサイに囲まれた黒い部分、瞳子(ドウシ)。
瞳矇(ドウモウ)、ぼんやりしているさま、ものをよく見極められないさま。",瞳 → JPDB Kanji Freq: 822,漢字の読みを入力してください,Text
準__拠__，__拠__点，占__拠__，根__拠__,キョ,"［拠］四級
音: キョ／コ 訓: よ・る
意味: 依(よ)る、依據・依拠(イキョ)(よりどころとすること)」、憑據・憑拠(ヒョウコ)(証拠ショウコ、正当であることを証明するための根拠)」、同簡「据」。
、根據・根拠(コンキョ)軍隊が攻撃・守備のための基点とする場所、集団が活動の基点とする場所物事が存在する(成立する)ための基本・根本となるもの。
、據法・拠法(キョホウ)、法に則(のっと)ること、法に従うこと。",拠 → JPDB Kanji Freq: 820,漢字の読みを入力してください,Text
証__拠__,コ,"［拠］四級
音: キョ／コ 訓: よ・る
意味: 依(よ)る、依據・依拠(イキョ)(よりどころとすること)」、憑據・憑拠(ヒョウコ)(証拠ショウコ、正当であることを証明するための根拠)」、同簡「据」。
、根據・根拠(コンキョ)軍隊が攻撃・守備のための基点とする場所、集団が活動の基点とする場所物事が存在する(成立する)ための基本・根本となるもの。
、據法・拠法(キョホウ)、法に則(のっと)ること、法に従うこと。",拠 → JPDB Kanji Freq: 820,漢字の読みを入力してください,Text
__緊__張，__緊__密，__緊__急,キン,"［緊］三級
音: キン 訓: 
意味: きつく縒(よ)り合わせる。
隙間ができないように強く締める、堅く引き締める、弛(たる)みがないようにピンと張る。
隙間がないさま、余裕がないさま。",緊 → JPDB Kanji Freq: 819,漢字の読みを入力してください,Text
__固__定，__固__有，堅__固__,コ,"［固］七級
音: コ／ク 訓: かた・い／かた・まる／もと・より
意味: (周りを囲まれていて)形・位置・状態が変わらない(変えない)、同じ形・位置・状態が枠内に収まっている(収める)、固定(コテイ)。
もと・より、元来ガンライ、本来ホンライ、元々(もともと)、ことの起こりから、初めから、「同じ状態が変化せずに継続している」の意。",固 → JPDB Kanji Freq: 818,漢字の読みを入力してください,Text
__描__写，素__描__，点__描__,ビョウ,"［描］四級
音: ビョウ／ミョウ 訓: えが・く／か・く
意味: ものの姿形(すがたかたち)を手本にして画(えが)く、画(か)き写す。",描 → JPDB Kanji Freq: 817,漢字の読みを入力してください,Text
__営__業，経__営__，陣__営__,エイ,"［営］
音: エイ 訓: いとな(む)
意味: ①「いとなむ」
ア：「作る」、「ある材料を用いて、形の整ったものやある機能をもったものを作り上げる」(例：造営)
イ：「計画する」、「工夫する」(例：営利)
ウ：「治める(収納する、手に入れる、世の中や家の中等を管理(順序や決まり)の行き届いた状態にする」(例：営田)
エ：「熱心に努め励む」、「精一杯働く」、「とり行う」、「仕事する」(例：経営)
②「いとなみ」
ア：「物事をする事」、「作業」、「行為」
イ：「仕事」
ウ：「性行為」
エ：「準備」
オ：「神事・仏事を行う事」
③「めぐる」、「めぐらす」
④「まどう(どうしたら良いかわからなくなる)」、「まどわす」
⑤「乱れる」
⑥「とりで(本城の外の要所に築く小規模な城、外敵の攻撃を防ぐための建造物)」
⑦「陣屋(軍勢が駐屯して宿営している所)」(例：兵営)
⑧「組み」、「小分け」
⑨「清代の兵制の名前」
⑩「漢方医学の用語。食物から摂取するエネルギー」(例：営養)",営 → JPDB Kanji Freq: 816,漢字の読みを入力してください,Text
__英__雄，__英__断，俊__英__,エイ,"［英］七級
音: エイ／ヨウ 訓: はなぶさ
意味: 秀(ひい)でる、傑出している、またそのような人、万人に一人の逸材イツザイ、同「偀」。
華(はな)やかなさま、美しいさま
はなぶさ、花、草木の最も美しい部分",英 → JPDB Kanji Freq: 815,漢字の読みを入力してください,Text
__仮__面，__仮__定，__仮__装,カ,"［仮］六級
音: カ／ケ 訓: かり
意味: 他から(他のものを)一時的に借りる、他に一時的に貸す、同「叚」。
実際とは違うが一時的に他のものを用いる、足りないところに他のものを借りて当てる、他のもので間に合わせる。
取り敢えず～する、一時的に～する。
(実際はどうか分からないが)もしも～であるならば、もしも～とするならば、if。
暇(いとま)、(仕事などの合間の)何もすることがない時間、同「暇」。",仮 → JPDB Kanji Freq: 814,漢字の読みを入力してください,Text
__仮__病,ケ,"［仮］六級
音: カ／ケ 訓: かり
意味: 他から(他のものを)一時的に借りる、他に一時的に貸す、同「叚」。
実際とは違うが一時的に他のものを用いる、足りないところに他のものを借りて当てる、他のもので間に合わせる。
取り敢えず～する、一時的に～する。
(実際はどうか分からないが)もしも～であるならば、もしも～とするならば、if。
暇(いとま)、(仕事などの合間の)何もすることがない時間、同「暇」。",仮 → JPDB Kanji Freq: 814,漢字の読みを入力してください,Text
罵詈__雑__言，__雑__言，__雑__炊，__雑__木林，__雑__兵,ゾウ,"［雑］六級
音: ソウ／ゾウ／ザツ 訓: ま・じる／ま・ざる／ま・ぜる
意味: それぞれの性質は保ったままいろいろな物が寄せ集まる、また入り交る、入り交って元の性質が失われるのは「混」。
入り交って纏(まと)まりがないさま、きちんと整っていないさま、雑然(ザツゼン)。
本来の物事以外のさまざまなもの、雑務(ザツム)。
雑縣(ソウケン)、海鳥の名、鳳(おおとり)に似ているという、同、鶢鶋(エンキョ)。",雑 → JPDB Kanji Freq: 813,漢字の読みを入力してください,Text
__雑__談，__雑__音，混__雑__,ザツ,"［雑］六級
音: ソウ／ゾウ／ザツ 訓: ま・じる／ま・ざる／ま・ぜる
意味: それぞれの性質は保ったままいろいろな物が寄せ集まる、また入り交る、入り交って元の性質が失われるのは「混」。
入り交って纏(まと)まりがないさま、きちんと整っていないさま、雑然(ザツゼン)。
本来の物事以外のさまざまなもの、雑務(ザツム)。
雑縣(ソウケン)、海鳥の名、鳳(おおとり)に似ているという、同、鶢鶋(エンキョ)。",雑 → JPDB Kanji Freq: 813,漢字の読みを入力してください,Text
__留__意，__留__学，保__留__,リュウ,"［留］六級
音: リュウ／ル 訓: と・まる／と・める／とど・まる／とど・める
意味: 動きを止(と)める、動きを止めて同じ場所や状態に止(とど)まる。
同じ状態が残る、同じ状態で残す。",留 → JPDB Kanji Freq: 812,漢字の読みを入力してください,Text
__留守__，__留守__番,るす,"［留］六級
音: リュウ／ル 訓: と・まる／と・める／とど・まる／とど・める
意味: 動きを止(と)める、動きを止めて同じ場所や状態に止(とど)まる。
同じ状態が残る、同じ状態で残す。","留 → JPDB Kanji Freq: 812
守 → JPDB Kanji Freq: 281",漢字の読みを入力してください,Text
__枚__数，__枚__挙，大__枚__,マイ,"［枚］五級
音: バイ／マイ／メ 訓: 
意味: 杖(つえ)などに使う程度の太さの(枝よりも太い)木の幹(みき)、木の棒。
馬を打つ鞭(むち)。
馬が声を立てないようにするために口に咥(くわ)えさせる木の棒。
個数(大珠九枚、大きな珠シュが九個)」、人数(縛人者數千枚、捕縛ホバクした者が数千人)」、本数・丁数(槍二十枚、槍が二十丁)」他、同じ物を数える語、同「个」「個」「箇」。
日平たい物を数える語。
枚挙(マイキョ)、一つ一つと数え上げる。",枚 → JPDB Kanji Freq: 811,漢字の読みを入力してください,Text
__補__欠，__補__充，候__補__,ホ,"［補］五級
音: ホ／フ 訓: おぎな・う
意味: 衣服の綻(ほころ)びを繕(つくろ)う。
割れ目や欠けたところや足りないところを埋める。
力を貸し支え助ける。
数の単位、10兆=1經、10經=1垓、10垓=1補。",補 → JPDB Kanji Freq: 810,漢字の読みを入力してください,Text
__慢__性，怠__慢__，自__慢__,マン,"［慢］四級
音: バン／マン 訓: 
意味: 緩(ゆる)む、ゆっくりとしたさま、だらだらとしているさま。
鈍(のろ)い、怠(なま)ける、だらだらとして締まりがない。
気が回らない、緊張感がない、
敬う気持ちや態度に欠ける、払うべき礼を失する。
(敬意や礼を失する態度が相手を軽視しているかのように見えることから)相手を軽んじる、侮(あなど)る、人を見下(みくだ)す。",慢 → JPDB Kanji Freq: 809,漢字の読みを入力してください,Text
__悔__恨，後__悔__,カイ,"［悔］三級
音: カイ／ケ 訓: く・いる／くや・む／くや・しい
意味: 過ちや失敗を残念に思う、過ちや失敗が気になって心が沈み込む。
日くや・み、人の死を弔う。
外卦ガイカ、六つの爻(コウ、卦を表す横棒)から成る六十四卦の内の上の三つ、「𠧩」ともいう、下の三つは「貞」{易経記号}。",悔 → JPDB Kanji Freq: 807,漢字の読みを入力してください,Text
__角__度，三__角__，頭__角__,カク,"［角］九級
音: カク 訓: つの／すみ／かど
意味: つの、動物などの頭部から突き出た骨質状また角質状のもの、またそのように先が尖ったもの、またそのように先が尖った状態。
(角を突き合わせて)力を競い合う。
すみ、かど、面や線が接する所またその部分の形、隅(すみ)。
古代五音ゴインの一つ{音楽(音階)}。
中国の劇の役柄、主角(シュカク)(主役)」、旦角(タンカク)(女役)」。
二十八宿東方青龍セイリュウの一つ{二十八宿}。
つの、つのへん、かく、部首名。",角 → JPDB Kanji Freq: 806,漢字の読みを入力してください,Text
__麗__人，端__麗__，美__麗__,レイ,"［麗］四級
音: レイ／ライ／リ 訓: うるわ・しい／うら・らか
意味: 形が整い立派で美しい。
(鹿の角のように)ペアpair(対)になって並ぶ。
連なる。
日うら・らか、晴れて穏やかなさま。",麗 → JPDB Kanji Freq: 805,漢字の読みを入力してください,Text
__銃__砲，__銃__弾，小__銃__,ジュウ,"［銃］凖二級
音: シュウ／シュ／ジュウ 訓: つつ
意味: 斧(おの)に設ける柄を差し込むための孔(あな)、同「銎」。
筒(つつ)に弾丸を込(こ)めこれを発射する装置。
穴をあける工具、ポンチpunch。",銃 → JPDB Kanji Freq: 804,漢字の読みを入力してください,Text
__陽__動，__陽__光，陰__陽__，太__陽__,ヨウ,"［陽］八級
音: ヨウ 訓: ひ
意味: 日光、日光が当たって明るい、明るく暖かい、またそのようなところ、日光が当たらないところは「陰」。
山の南側、川の北側、日光が当たる側、逆は「陰」。
人の目に触れる側、表側、外面、はっきりと見える側、逆は「陰」。
男性の生殖器。
生きている、この世の。
～のふりをする、上辺(うわべ)をそれらしく装う、同「佯」。
農暦(中国の旧暦の一つ)の十月、同「霷」。",陽 → JPDB Kanji Freq: 803,漢字の読みを入力してください,Text
__奇__を衒う，__奇__襲，__奇__数，珍__奇__,キ,"［奇］四級
音: キ／ギ 訓: く・し
意味: 普通(平常、一般)とは違うさま、珍しいさま、思い掛けないさま、想像或いは予想できないさま、奇異(キイ)。
2で割り切れない数、割り切れるものは「偶」。
數奇・数奇(スウキ)、割り切れない運命ウンメイ、幸・不幸の巡り合わせが悪いこと。",奇 → JPDB Kanji Freq: 802,漢字の読みを入力してください,Text
__佐__幕，補__佐__，大__佐__,サ,"［佐］七級
音: サ 訓: すけ
意味: (左手のように力が弱い者が右手のように力が強い者の手となり足となって)助ける、同「左」「𥙀」、逆は「佑」「右」「祐」。
支える、補(おぎな)い助ける、同「左」。
日すけ、次官、長や将などの次に位する階級。",佐 → JPDB Kanji Freq: 801,漢字の読みを入力してください,Text
__条__理，__条__約，箇__条__,ジョウ,"［条］六級
音: チョウ／ジョウ 訓: 
意味: 小枝、細く長い枝、同「樤」。
細長いもの、筋(すじ)状のもの。
筋、道筋、条理(ジョウリ)(道理、筋道)」。
一纏(ひとまと)まりごとに分けて(段ごとに区切って)記述した文章、項目。
日(纏まりのある一つの事を指して)～の事。
日。",条 → JPDB Kanji Freq: 800,漢字の読みを入力してください,Text
__携__帯，必__携__，提__携__,ケイ,"［携］三級
音: ケイ／エ 訓: たずさ・える／たずさ・わる
意味: 手にぶら下げて持つ、(紐などで繋いだものをぶら下げるようにして)身に帯びる。
手を繋ぐ、手を取る、手を取り合う。
手を取って一緒に行く、引き連れる。",携 → JPDB Kanji Freq: 799,漢字の読みを入力してください,Text
__羽__毛，__羽__化，__羽__翼,ウ,"［羽］九級
音: ウ 訓: は／はね
意味: 鳥の体や翼を覆(おお)う毛状のもの、また飛ぶことができる昆虫の翼状の部分。
鳥、また鳥を数える語、羽族(ウゾク)(鳥属、鳥類)」。
羽(はね)を飾り付けたもの、、羽扇(ウセン)(羽飾りのついた扇)」、羽舞(ウブ)(羽飾りのついた舞具を持った舞)」。
古代五音ゴイン(宮・商・角・徴・羽)の一つ{音楽(音階)}。
はね、部首名。",羽 → JPDB Kanji Freq: 798,漢字の読みを入力してください,Text
__松__竹梅，白砂青__松__,ショウ,"［松］七級
音: ショウ／シュ 訓: まつ
意味: 松(マツ)、マツ科マツ属の植物の称、同「㮤」「枩」{マツ}。
緩(ゆる)い、緩やか、きつくない、ゆとりがある、詰まっていない、間(あいだ)が空(あ)いている、緩む、弛(ゆる)める、同繁「鬆」。",松 → JPDB Kanji Freq: 797,漢字の読みを入力してください,Text
__敷__設，__敷__衍,フ,"［敷］四級
音: フ 訓: し・く
意味: 一面に並べる、平らに広げる、延(の)べる。
広く漏れなく行き渡る、また行き渡らせる、同「布」。
細部にまで亘って述べる。",敷 → JPDB Kanji Freq: 796,漢字の読みを入力してください,Text
__叫__喚，絶__叫__,キョウ,"［叫］四級
音: キョウ 訓: さけ・ぶ／さけ・び
意味: 大きな声(鳴き声)、大きな声(大きな鳴き声)を張(は)り上げる、同「嘂」。
呼(よ)ぶ、呼び掛ける、呼び寄せる。
～と呼ぶ、～と呼ばれる、～と称ショウする。",叫 → JPDB Kanji Freq: 794,漢字の読みを入力してください,Text
__底__流，海__底__，到__底__,テイ,"［底］七級
音: テイ／タイ 訓: そこ
意味: ものの一番下の突き当たりの部分、井底(セイテイ)(井戸の底)」。
突き当たる、行き止まる、行き着く、、月底(ゲツテイ)(月末)」。
ものの下にあって上のものを支えている部分、ものの基(もと)にあるもの、、底細(テイセイ)(ものごとの経緯いきさつ)」。
ものの基となるもの、根拠とするもの。
(よく分からないことや人について)何、どんな。",底 → JPDB Kanji Freq: 793,漢字の読みを入力してください,Text
__絵__本，__絵__図，口__絵__,エ,"［絵］九級
音: カイ／エ 訓: 
意味: 布にさまざまな色糸を使って模様を刺繍する、また刺繍された布。
さまざまな色を使って模様を描く、また描かれたもの。",絵 → JPDB Kanji Freq: 792,漢字の読みを入力してください,Text
__絵__画,カイ,"［絵］九級
音: カイ／エ 訓: 
意味: 布にさまざまな色糸を使って模様を刺繍する、また刺繍された布。
さまざまな色を使って模様を描く、また描かれたもの。",絵 → JPDB Kanji Freq: 792,漢字の読みを入力してください,Text
__圧__力，__圧__迫，気__圧__,アツ,"［圧］六級
音: オウ／ヨウ／アツ 訓: お・す／おさ・える／へ・す
意味: 上から下に向けて押え付けるように力を加える。
力で押え付ける、押え付けて従わせる。",圧 → JPDB Kanji Freq: 791,漢字の読みを入力してください,Text
__橋__脚，鉄__橋__，歩道__橋__,キョウ,"［橋］八級
音: キョウ／ギョウ 訓: はし
意味: 川や谷などの深くＵＶ字状になっている上を横切るように板・棒・綱などを架け人が渡れるようにしたもの。
高いところに横に掛け渡した棒、またそのような形のもの。
高いさま、同「喬」。
人などを乗せる台や箱などの下に二本の棒を渡し担(かつ)ぎ上げて運ぶ乗り物、輿(こし)、同「轎」。",橋 → JPDB Kanji Freq: 790,漢字の読みを入力してください,Text
__依__頼，__依__拠，__依__然,イ,"［依］四級
音: イ／エ 訓: よ・る
意味: 寄り掛かる、凭(もた)れ掛かる。
拠(よ)る、他のものを拠りどころにする、他のものを頼りにする、依據・依拠(イキョ)(よりどころとすること)」。
従う、他のものに従う。",依 → JPDB Kanji Freq: 789,漢字の読みを入力してください,Text
__依__怙贔屓，__依__怙，帰__依__,エ,"［依］四級
音: イ／エ 訓: よ・る
意味: 寄り掛かる、凭(もた)れ掛かる。
拠(よ)る、他のものを拠りどころにする、他のものを頼りにする、依據・依拠(イキョ)(よりどころとすること)」。
従う、他のものに従う。",依 → JPDB Kanji Freq: 789,漢字の読みを入力してください,Text
__系__統，__系__列，体__系__,ケイ,"［系］五級
音: ケイ／ゲ 訓: 
意味: 切れている糸を(途切れているものを)繋(つな)ぐ、繋いで結び付ける、途切れないように継(つ)ぐ、同「繫」「係」。
関わる、関わりを持つ、繋がりを持つ、同「係」。
繁「繫」。
繁「係」。",系 → JPDB Kanji Freq: 788,漢字の読みを入力してください,Text
__担__当，__担__架，負__担__,タン,"［担］五級
音: タン 訓: かつ・ぐ／にな・う
意味: (ゴミなどを払うように)軽く叩(はた)く、叩(たた)くようにして払う、同「撣」(現在はこの意で「担」を用いることはない)。
荷を肩に載せる、背に載せるのは「負」、同「擔」。
荷や仕事を引き受ける、またその責任を負う、同「擔」。
重量の単位、同「擔」、1担(擔)=2石{各種単位}。",担 → JPDB Kanji Freq: 787,漢字の読みを入力してください,Text
追__跡__，旧__跡__，遺__跡__,セキ,"［跡］四級
音: セキ／シャク 訓: あと
意味: 歩いたところに残る足の印しるし、同簡「迹」。
嘗(かつ)て物や出来事があったところに残る印しるし、同「迹」「蹟」。",跡 → JPDB Kanji Freq: 786,漢字の読みを入力してください,Text
__希__望，__希__少，__希__薄,キ,"［希］七級
音: キ／ケ 訓: まれ／ねが・う／こいねが・う
意味: 稀(まれ)な、少ない(薄い)、めったにない(珍しい)、同「稀」。
ねが・う、こいねが・う、望む、願い望む、同「睎」。",希 → JPDB Kanji Freq: 785,漢字の読みを入力してください,Text
"__希__有
めったにないようす。非常にめずらしいようす。
「━なできごと」",ケ,"［希］七級
音: キ／ケ 訓: まれ／ねが・う／こいねが・う
意味: 稀(まれ)な、少ない(薄い)、めったにない(珍しい)、同「稀」。
ねが・う、こいねが・う、望む、願い望む、同「睎」。",希 → JPDB Kanji Freq: 785,漢字の読みを入力してください,Text
__快__活，__快__晴，明__快__,カイ,"［快］六級
音: カイ／ケ 訓: こころよ・い
意味: こころよ・い、心がすっきりする、心地がよい、気持ちがよい、爽快(ソウカイ)。
すっきりとするさま、さっぱりとしたさま、すっぱりとしたさま。
動きが速い。",快 → JPDB Kanji Freq: 784,漢字の読みを入力してください,Text
__属__性，従__属__，金__属__,ゾク,"［属］六級
音: ショク／ゾク／ソク 訓: 
意味: 関(かか)わりがある、繋(つな)がりがある、関連する。
関わりのある事柄、同じ種類のもの。
関わりのある者、関わりのある者の集まり、親属(シンゾク)(血縁や婚姻の関係にある者)」。
関りを持ちながら続く、連(つら)なる、、連属(レンゾク)(連続する)」。
他のものに連なり従う、付き従う、、従属(ジュウゾク)(他の者の下に付き従う)」。
(酒などを)
(自分の希望を他に、後々のことを他に)託(たく)す、頼(たの)む、同「嘱」。",属 → JPDB Kanji Freq: 783,漢字の読みを入力してください,Text
今__夕__，一朝一__夕__,セキ,"［夕］十級
音: セキ／ジャク 訓: ゆう／ゆう・べ
意味: 陽が沈み始める頃、日没の頃、日暮れ、傍晚ボウバン(晚が間近の頃)、陽が沈み切った頃を「晩」。
夜、同「昔」。
七夕(シチセキ)(たなばた)」、陰暦七月七日の夜。
ゆう、ゆうべ、部首名。",夕 → JPDB Kanji Freq: 782,漢字の読みを入力してください,Text
__暮__春，歳__暮__，薄__暮__,ボ,"［暮］五級
音: ボ／モ／ム 訓: くれ／く・れる／くら・す
意味: 陽の光が届かなって暗くなる、晩バン、同「莫」。
人生や月日・季節・年などが将(まさ)に尽きようとする、またその頃。
日く・れる、(暗くなって)区別や判断ができなくなる。
日。",暮 → JPDB Kanji Freq: 781,漢字の読みを入力してください,Text
__布__陣，綿__布__，分__布__,フ,"［布］六級
音: ホ／フ 訓: ぬの／きれ／し・く
意味: 経糸(よこいと)と緯糸(たていと)を十状に交差させながら織ったもの、一般にはアサ麻やワタ(綿)などの植物繊維で織ったものを指し、繭(まゆ)から紡(つむ)いだ糸で織ったものは、帛(ハク)という。
平らに敷き並べる、平面上に広く配置する。
平らに広く撒(ま)く、、散布(サンプ)、配布(ハイフ)。
広く漏れなく行き渡る、また行き渡らせる、同「佈」、布告(フコク)。",布 → JPDB Kanji Freq: 780,漢字の読みを入力してください,Text
__課__，日__課__，__課__する,カ,"［課］七級
音: カ 訓: 
意味: 成果セイカ、結果(ケッカ)がどうか(どうなるか)を調べる、試(ため)す。
官吏カンリ登用の試験シケン。
税ゼイ、国や領主に納(おさ)める金銭、収穫物・労役(ロウエキ)など、またそれを割り当てる。
為(な)すべきこと、すべきこと。
同じ仕事・役割を単位とする組織。",課 → JPDB Kanji Freq: 779,漢字の読みを入力してください,Text
__監__視，__監__督，総__監__,カン,"［監］四級
音: カン／ケン 訓: 
意味: 水を張った盆ボンを上から覗き込み、そこに映ったものをよく見る、同「鑑」。
実物を見て確認する、よく照らし合わせる、また手本にする。
常に見張り取り締まる(監督する)、またその役所名、またその役職名。
宦官カンガン、後宮コウキュウ(皇后や妃などが居住する館)に仕える去勢された男子の役人。",監 → JPDB Kanji Freq: 778,漢字の読みを入力してください,Text
__折__衷，__折__衝，屈__折__,セツ,"［折］七級
音: セツ／セチ 訓: お・る／お・れる／おり
意味: まっすぐなものや平らなものを途中からＶ字形に曲げる、また曲げて畳む、同「㪿」、単にＵ字形のように曲げるのではなく折り目が付くようにしっかりと曲げることをいう。
きっぱりと判断する。
途中で曲がってしまっている、損(そこ)なう。
まっすぐに行けない、途中で挫(くじ)ける、屈する。
若くして死ぬ、「寿命を全(まっと)うすることなくその途中で死ぬ」の意、同「歽」。
日おり、機会、時。",折 → JPDB Kanji Freq: 777,漢字の読みを入力してください,Text
__騒__動，__騒__音，物__騒__,ソウ,"［騒］四級
音: ソウ 訓: さわ・ぐ／ざわ・めく／ざわ・つく
意味: 苛立(いらだ)って落ち着きがなくなる、そわそわする。
ざわざわする、がやがやする、多くの物や事が入り乱れて秩序がなくなる。
思い煩(わずら)って落ち着かない。",騒 → JPDB Kanji Freq: 776,漢字の読みを入力してください,Text
__従__事，__従__順，服__従__,ジュウ,"［従］五級
音: ショウ／ジュウ／ジュ 訓: したが・う／したが・って
意味: 付き随(したが)う、前の人や物事の後(あと)に付いて行く、同「蹤」「䢨」「𨑢」。
考え・規則・指示・命令・前例などを受け入れる、また逆らうことなくその通りにする。
主となるものの次(つぎ)、次(つ)ぐ、後(あと)に続く。
仕事に就(つ)く。
従容(ショウヨウ)ゆったりとしたさま立ち居振る舞い(たちいふるまい)、挙動キョドウ。
～より、～から。
日したが・って、それが理由また原因で、そのために、それによって。",従 → JPDB Kanji Freq: 775,漢字の読みを入力してください,Text
"__従__○位
正の次に位する等級。
「━四位」
（↔正）",ジュ,"［従］五級
音: ショウ／ジュウ／ジュ 訓: したが・う／したが・って
意味: 付き随(したが)う、前の人や物事の後(あと)に付いて行く、同「蹤」「䢨」「𨑢」。
考え・規則・指示・命令・前例などを受け入れる、また逆らうことなくその通りにする。
主となるものの次(つぎ)、次(つ)ぐ、後(あと)に続く。
仕事に就(つ)く。
従容(ショウヨウ)ゆったりとしたさま立ち居振る舞い(たちいふるまい)、挙動キョドウ。
～より、～から。
日したが・って、それが理由また原因で、そのために、それによって。",従 → JPDB Kanji Freq: 775,漢字の読みを入力してください,Text
__従__容,ショウ,"［従］五級
音: ショウ／ジュウ／ジュ 訓: したが・う／したが・って
意味: 付き随(したが)う、前の人や物事の後(あと)に付いて行く、同「蹤」「䢨」「𨑢」。
考え・規則・指示・命令・前例などを受け入れる、また逆らうことなくその通りにする。
主となるものの次(つぎ)、次(つ)ぐ、後(あと)に続く。
仕事に就(つ)く。
従容(ショウヨウ)ゆったりとしたさま立ち居振る舞い(たちいふるまい)、挙動キョドウ。
～より、～から。
日したが・って、それが理由また原因で、そのために、それによって。",従 → JPDB Kanji Freq: 775,漢字の読みを入力してください,Text
__巨__大，__巨__匠，__巨__万,キョ,"［巨］四級
音: キョ／ゴ／コ 訓: 
意味: 非常に大きい、また多い。
偉大な。
直線や直角を正しく描くまた測るための定規、同「矩」。",巨 → JPDB Kanji Freq: 774,漢字の読みを入力してください,Text
__草__案，雑__草__，牧__草__,ソウ,"［草］十級
音: ソウ 訓: くさ
意味: (特に野生の)一年以内に枯死し茎が木質化しない植物(草本植物という)の総称。
粗い、大まかな。
(大まかな)下書き。
荒れた土地、人が足を踏み入れないところ、「草深いところ」の意。
主要な官職・地位に就いていないさま、「中央から遠く離れて草深いところに住んでいる」の意。
草書(ソウショ)、漢代に成った書体の名。
どんぐり状の堅い実。",草 → JPDB Kanji Freq: 773,漢字の読みを入力してください,Text
__亡__父，__亡__命，存__亡__,ボウ,"［亡］五級
音: ボウ／モウ 訓: ほろ・ぶ／ほろ・びる／ほろ・ぼす／な・い
意味: (そこにいた人が)逃げる、姿を消す、逃亡(トウボウ)。
(それまで生きていた人が)死ぬ、死亡(シボウ)。
(それまでそこにあったものが衰え弱り小さくなって最後には)無くなる、滅(ほろ)びる、滅亡(メツボウ)。",亡 → JPDB Kanji Freq: 772,漢字の読みを入力してください,Text
__亡__者,モウ,"［亡］五級
音: ボウ／モウ 訓: ほろ・ぶ／ほろ・びる／ほろ・ぼす／な・い
意味: (そこにいた人が)逃げる、姿を消す、逃亡(トウボウ)。
(それまで生きていた人が)死ぬ、死亡(シボウ)。
(それまでそこにあったものが衰え弱り小さくなって最後には)無くなる、滅(ほろ)びる、滅亡(メツボウ)。",亡 → JPDB Kanji Freq: 772,漢字の読みを入力してください,Text
__里__程，郷__里__，千__里__眼,リ,"［里］九級
音: リ 訓: さと
意味: (郊外の)人家が集まっている区画、また区域。
都(みやこ)から離れた田舎(いなか)、田舎のようなさま、鄙(ひな)びているさま、雅(みやび)な都とは違う(俗っぽい、世俗的な)さま、同「俚」。
戸数による行政単位、周代(前11世紀～前256年)では5家(戸)=鄰、5鄰=里、4里=酇、5酇=鄙、5鄙=縣、但し時代や国によって25家、72家、80家、100家等の違いがある。
距離の単位、時代や国によって1里=300歩、1里=360歩等の違いがある。
裏、裏側、内側、内部、繁「裏」「裡」。
さと、さとへん、部首名。",里 → JPDB Kanji Freq: 771,漢字の読みを入力してください,Text
余__暇__，休__暇__，寸__暇__,カ,"［暇］四級
音: カ／ゲ 訓: ひま／いとま
意味: (仕事などの合間の)空いた時間、何もすることがない時間、同「假」。
日いとま、職を辞(や)める、訪問先を去る。",暇 → JPDB Kanji Freq: 770,漢字の読みを入力してください,Text
__志__望，有__志__，寸__志__,シ,"［志］六級
音: シ 訓: こころざし／こころざ・す
意味: 心が指し示す方向、遂(と)げようとする思いや考え。
思いや考えを成し遂げようとする。
記(しる)す、書き留(と)める、またその記録、同繁「誌」。
日こころざし、相手(特に死者)に贈る気持。",志 → JPDB Kanji Freq: 769,漢字の読みを入力してください,Text
__納__入，__納__涼，収__納__,ノウ,"［納］五級
音: ドウ／ノウ／トウ／ナッ／ナ／ナン 訓: おさ・める／おさ・まる
意味: 外にあるものを内(うち)に入れる、建物や容器の中に入れる。
他のものを受け入れる、自分のものを他へ渡す。
ここで止(や)めて終わりにする、これまでのことを終わりにする、同「弭」。",納 → JPDB Kanji Freq: 768,漢字の読みを入力してください,Text
__納__得，__納__豆,ナッ,"［納］五級
音: ドウ／ノウ／トウ／ナッ／ナ／ナン 訓: おさ・める／おさ・まる
意味: 外にあるものを内(うち)に入れる、建物や容器の中に入れる。
他のものを受け入れる、自分のものを他へ渡す。
ここで止(や)めて終わりにする、これまでのことを終わりにする、同「弭」。",納 → JPDB Kanji Freq: 768,漢字の読みを入力してください,Text
"__出納__
〈お金／品物〉の出し入れ。
「金銭━簿・図書の━」",すいとう,"［納］五級
音: ドウ／ノウ／トウ／ナッ／ナ／ナン 訓: おさ・める／おさ・まる
意味: 外にあるものを内(うち)に入れる、建物や容器の中に入れる。
他のものを受け入れる、自分のものを他へ渡す。
ここで止(や)めて終わりにする、これまでのことを終わりにする、同「弭」。","納 → JPDB Kanji Freq: 768
出 → JPDB Kanji Freq: 8",漢字の読みを入力してください,Text
__納__屋,ナ,"［納］五級
音: ドウ／ノウ／トウ／ナッ／ナ／ナン 訓: おさ・める／おさ・まる
意味: 外にあるものを内(うち)に入れる、建物や容器の中に入れる。
他のものを受け入れる、自分のものを他へ渡す。
ここで止(や)めて終わりにする、これまでのことを終わりにする、同「弭」。",納 → JPDB Kanji Freq: 768,漢字の読みを入力してください,Text
__納__戸,ナン,"［納］五級
音: ドウ／ノウ／トウ／ナッ／ナ／ナン 訓: おさ・める／おさ・まる
意味: 外にあるものを内(うち)に入れる、建物や容器の中に入れる。
他のものを受け入れる、自分のものを他へ渡す。
ここで止(や)めて終わりにする、これまでのことを終わりにする、同「弭」。",納 → JPDB Kanji Freq: 768,漢字の読みを入力してください,Text
__奪__回，__奪__取，略__奪__，争__奪__,ダツ,"［奪］三級
音: タツ／ダチ／ダツ 訓: うば・う
意味: 手の中から(さっと、するりと)ものがなくなる、失う、脱落する。
力ずくで(無理やり)取る、取り上げる、同「敓」",奪 → JPDB Kanji Freq: 767,漢字の読みを入力してください,Text
__建__築，__建__議，封__建__的,ケン,"［建］七級
音: ケン／コン 訓: た・てる／た・つ
意味: (建造物を)しっかりと立てる、造(つく)る、作り上げる。
(法律などを)しっかりと定める。
意見を申し立てる。
北斗七星の柄(え)の指す方向、建寅(ケンイン)(夏暦・農暦・旧暦・陰暦の正月、この月には柄が寅の方向・東北東を指すことから)」。",建 → JPDB Kanji Freq: 766,漢字の読みを入力してください,Text
"__建立__
寺や塔などをたてること。",こんりゅう,"［建］七級
音: ケン／コン 訓: た・てる／た・つ
意味: (建造物を)しっかりと立てる、造(つく)る、作り上げる。
(法律などを)しっかりと定める。
意見を申し立てる。
北斗七星の柄(え)の指す方向、建寅(ケンイン)(夏暦・農暦・旧暦・陰暦の正月、この月には柄が寅の方向・東北東を指すことから)」。","建 → JPDB Kanji Freq: 766
立 → JPDB Kanji Freq: 68",漢字の読みを入力してください,Text
__鳥__類，野__鳥__，一石二__鳥__,チョウ,"［鳥］九級
音: チョウ 訓: とり
意味: 羽毛に覆(おお)われ嘴(くちばし)があり二足で卵生の動物の総称。
とり、とりへん、部首名。",鳥 → JPDB Kanji Freq: 765,漢字の読みを入力してください,Text
__米__作，__米__価，__米__食,ベイ,"［米］九級
音: ベイ／マイ 訓: こめ／よね／メートル
意味: 穀物などの実から殻(外皮)を取り除いた小さな粒、小米(シャオミ)ー」はアワ粟の実、、粟米(スゥミ)ー」はトウモロコシ玉蜀黍の実。
日イネ稲の実から殻を取り除いた小さな粒、中国では、大米(タァミ)ー」。
小さな粒状のもの。
メートルmeter(metre。",米 → JPDB Kanji Freq: 764,漢字の読みを入力してください,Text
精__米__，新__米__，白__米__,マイ,"［米］九級
音: ベイ／マイ 訓: こめ／よね／メートル
意味: 穀物などの実から殻(外皮)を取り除いた小さな粒、小米(シャオミ)ー」はアワ粟の実、、粟米(スゥミ)ー」はトウモロコシ玉蜀黍の実。
日イネ稲の実から殻を取り除いた小さな粒、中国では、大米(タァミ)ー」。
小さな粒状のもの。
メートルmeter(metre。",米 → JPDB Kanji Freq: 764,漢字の読みを入力してください,Text
__曜__日，七__曜__表，日__曜__,ヨウ,"［曜］九級
音: ヨウ 訓: 
意味: 陽の光が明るく輝(かがや)く、眩(まばゆ)く輝く。
太陽・月と水金火木土星の七つの明るく光る天体、総称して、七曜(シチヨウ)といい、これを一週間の各日に当てたものが「曜日」。",曜 → JPDB Kanji Freq: 763,漢字の読みを入力してください,Text
__春__季，立__春__，青__春__,シュン,"［春］九級
音: シュン 訓: はる
意味: 地中の草木の芽が地上に現(あらわ)れ出る季節、四季(春・夏・秋・冬)の第一、陰暦の一月から三月。
若々しく瑞々(みずみず)しいさま、生気に満ちているさま。
異性を思い慕(した)う感情、異性に対する情欲ジョウヨク。",春 → JPDB Kanji Freq: 762,漢字の読みを入力してください,Text
比__率__，能__率__，百分__率__,リツ,"［率］六級
音: ソツ／シュツ／スイ／リツ／リチ 訓: ひき・いる
意味: 鳥を捕らえるための網、一網打尽にする網。
ひき・いる、全体(集団)が乱れないよう一つに纏(まと)める、統率(トウソツ)。
従う、纏まり・基準などからはみ出ないようにする、道を誤らないように導(みちび)く、同「䢦」「𧗿」。
規範、基準。
全体として不釣り合い(不公平)にならないよう配分・配置する。
幾つかのものを比べた時のそれぞれの量、割合、比率(ヒリツ)。
あるがまま、まじけがない。",率 → JPDB Kanji Freq: 761,漢字の読みを入力してください,Text
__率__先，引__率__，軽__率__,ソツ,"［率］六級
音: ソツ／シュツ／スイ／リツ／リチ 訓: ひき・いる
意味: 鳥を捕らえるための網、一網打尽にする網。
ひき・いる、全体(集団)が乱れないよう一つに纏(まと)める、統率(トウソツ)。
従う、纏まり・基準などからはみ出ないようにする、道を誤らないように導(みちび)く、同「䢦」「𧗿」。
規範、基準。
全体として不釣り合い(不公平)にならないよう配分・配置する。
幾つかのものを比べた時のそれぞれの量、割合、比率(ヒリツ)。
あるがまま、まじけがない。",率 → JPDB Kanji Freq: 761,漢字の読みを入力してください,Text
__互__角，__互__選，相__互__,ゴ,"［互］四級
音: コ／ゴ 訓: たが・い
意味: 二つのものが逆の方向から(別の方向から)同じところで合わさる、行き来し合う、代わる代わる(かわるがわる)にする、～し合う。",互 → JPDB Kanji Freq: 760,漢字の読みを入力してください,Text
__染__色，__染__料，汚__染__,セン,"［染］五級
音: ゼン／ネン／セン 訓: そ・める／そ・まる／し・みる／し・み
意味: 液体が小さな隙間に滲(し)み込む、布などを液体に浸(ひた)して着色する、色を滲み込ませる。
色や匂いなどが付着する、またそれによってそれまでとは別のものになる、感化される。
情報や病気などが次々に移って行く。",染 → JPDB Kanji Freq: 759,漢字の読みを入力してください,Text
__爵__位,シャク,"［爵］凖二級
音: シャク／サク 訓: 
意味: 二本の柱と
「公・侯・伯・子・男」の五階級からなる貴族の位階。
雀(すずめ)。",爵 → JPDB Kanji Freq: 758,漢字の読みを入力してください,Text
__整__理，__整__列，調__整__,セイ,"［整］八級
音: セイ／ショウ 訓: ととの・える／ととの・う
意味: きちんとした状態や形にする、歪(ゆが)みや曲がりや乱れや偏(かたよ)りがないようにする、過不足がないように(凸凹がないように)する。
あるべき(本来の)状態や形にする、定めに従った状態や形にする。",整 → JPDB Kanji Freq: 757,漢字の読みを入力してください,Text
__竜__，__竜__頭蛇尾,リュウ,"［竜］凖二級
音: リョウ／リュウ／ロウ 訓: たつ
意味: 角(つの)と鬚(ひげ)を持ち体は細長く鱗(うろこ)があり、春分に天に昇り秋分に淵(ふち)に潜むという想像上の動物。
天子・君主・皇帝を指す語、龍飛(リュウヒ)(天子の即位)」、龍体(リュウタイ)(天子のお体)」。
ひときわ優れたものを指す語。
十二章紋の一つ{服飾(十二章紋)}。
背が高く(八尺以上の)大きな馬、駿馬シュンメ。",竜 → JPDB Kanji Freq: 756,漢字の読みを入力してください,Text
__奈__辺，__奈__落,ナ,"［奈］七級
音: ダイ／ナイ／ナ 訓: 
意味: 如何(いかん)、どうして、どのように、どのような、同本「柰」。",奈 → JPDB Kanji Freq: 755,漢字の読みを入力してください,Text
__勉__強，__勉__学，勤__勉__,ベン,"［勉］八級
音: ベン／メン 訓: つと・める
意味: 強(し)いる、他に強いる、強く励(はげ)ます、自らに強いる、力を尽くして励む。
勉強(ベンキョウ)足りないところ(足りないもの)を補(おぎ)おうと励む他に強いて～させる日学術や技術を習得しようと励む日。",勉 → JPDB Kanji Freq: 754,漢字の読みを入力してください,Text
__百__貨店，__百__科全書，数__百__,ヒャク,"［百］十級
音: ハク／ヒャク 訓: もも
意味: 数の名、十の十倍、ヘクトhecto{数字}。
数(数・回数・頻度・種類など)が多いさま。
多くの。",百 → JPDB Kanji Freq: 753,漢字の読みを入力してください,Text
__雪__辱，降__雪__，積__雪__,セツ,"［雪］九級
音: セツ／セチ 訓: ゆき／すす・ぐ
意味: ゆき、空中の水蒸気が結晶となって降ってくるもの{雪}。
(雪のように)白いさま。
すす・ぐ、穢れや恥を洗い清める。",雪 → JPDB Kanji Freq: 752,漢字の読みを入力してください,Text
__独__立，__独__断，単__独__,ドク,"［独］六級
音: トク／ドク 訓: ひと・り
意味: 一人、一人だけ、同「獨」。
一つ、ただ一つ、同「獨」。",独 → JPDB Kanji Freq: 751,漢字の読みを入力してください,Text
__責__務，__責__任，職__責__,セキ,"［責］六級
音: サク／シャク／サイ／セ／セキ 訓: せめ／せ・める
意味: 強く求められる務(つと)め、果たすべきこと、為(な)すべきこと。
(果たすべきことを果たすよう)強く求める、(為すべきことを為さないことを)厳(きび)しく咎(とが)める、責備(セキビ)。",責 → JPDB Kanji Freq: 750,漢字の読みを入力してください,Text
__提__供，__提__案，前__提__,テイ,"［提］六級
音: テイ／ダイ 訓: さ・げる／ちょう
意味: さ・げる、垂らすようにして持つ、下げるようにして持つ。
持ち上げる、引き上げる。
(話や課題などを)取り上げる、持ち出す、提起(テイキ)、提案(テイアン)。
差し上げる、差し出す、、提出(テイシュツ)、提示(テイジ)。
引く、引き出す。",提 → JPDB Kanji Freq: 749,漢字の読みを入力してください,Text
菩__提__，菩__提__を弔う,ダイ,"［提］六級
音: テイ／ダイ 訓: さ・げる／ちょう
意味: さ・げる、垂らすようにして持つ、下げるようにして持つ。
持ち上げる、引き上げる。
(話や課題などを)取り上げる、持ち出す、提起(テイキ)、提案(テイアン)。
差し上げる、差し出す、、提出(テイシュツ)、提示(テイジ)。
引く、引き出す。",提 → JPDB Kanji Freq: 749,漢字の読みを入力してください,Text
"提灯
明かり用の道具。竹ひごで作ったわくに紙などをはり、中にろうそくをともす。",チョウチン,"［提］六級
音: テイ／ダイ 訓: さ・げる／ちょう
意味: さ・げる、垂らすようにして持つ、下げるようにして持つ。
持ち上げる、引き上げる。
(話や課題などを)取り上げる、持ち出す、提起(テイキ)、提案(テイアン)。
差し上げる、差し出す、、提出(テイシュツ)、提示(テイジ)。
引く、引き出す。","提 → JPDB Kanji Freq: 749
灯 → JPDB Kanji Freq: 1200",漢字の読みを入力してください,Text
"__吹__聴
①言いふらすこと。
「あることないことを━する」「自慢話を━して歩く」
②〔古風〕宣伝。
「何とぞご━をおたのみ申します」",ふい,"［吹］四級
音: スイ 訓: ふ・く
意味: 息を勢いよく吐き出す、唇を窄めて風を起こすように息を吐く、ゆっくり吹くのは「嘘」。
管楽器に音を出すために息を勢いよく吐き入れる、同「龡」。
大気が流れる、風が起きる。
(息を大きく吐き出すことから)自慢げに話す。",吹 → JPDB Kanji Freq: 748,漢字の読みを入力してください,Text
__吹__奏，__吹__奏楽，__吹__鳴，鼓__吹__,スイ,"［吹］四級
音: スイ 訓: ふ・く
意味: 息を勢いよく吐き出す、唇を窄めて風を起こすように息を吐く、ゆっくり吹くのは「嘘」。
管楽器に音を出すために息を勢いよく吐き入れる、同「龡」。
大気が流れる、風が起きる。
(息を大きく吐き出すことから)自慢げに話す。",吹 → JPDB Kanji Freq: 748,漢字の読みを入力してください,Text
__弟__妹，義__弟__，子__弟__,テイ,"［弟］九級
音: テイ／ダイ／デ 訓: おとうと
意味: 同じ親を持つ自分よりも後から生まれた男子、同「𠂖」、先に生まれた男子は「兄」。
年長者や兄姉を敬い従う、同「悌」。
弟靡(テイビ)、逆らうことなく従う。
師の教えを受ける者",弟 → JPDB Kanji Freq: 746,漢字の読みを入力してください,Text
兄__弟__,ダイ,"［弟］九級
音: テイ／ダイ／デ 訓: おとうと
意味: 同じ親を持つ自分よりも後から生まれた男子、同「𠂖」、先に生まれた男子は「兄」。
年長者や兄姉を敬い従う、同「悌」。
弟靡(テイビ)、逆らうことなく従う。
師の教えを受ける者",弟 → JPDB Kanji Freq: 746,漢字の読みを入力してください,Text
__弟__子,デ,"［弟］九級
音: テイ／ダイ／デ 訓: おとうと
意味: 同じ親を持つ自分よりも後から生まれた男子、同「𠂖」、先に生まれた男子は「兄」。
年長者や兄姉を敬い従う、同「悌」。
弟靡(テイビ)、逆らうことなく従う。
師の教えを受ける者",弟 → JPDB Kanji Freq: 746,漢字の読みを入力してください,Text
__登__壇，__登__校，__登__記,トウ,"［登］八級
音: トウ／ト 訓: のぼ・る
意味: 高いところに上がる、高い方(上の方)に進む、同「陞」、一般に道や階段や梯子(はしご)などの足場を伝いながら上がることをいい、足場がなく浮くように上がるのは「昇」。
高いところに乗る、上に乗る。
高い地位に就く、高い地位に引き上げる。
書類に載(の)せる、記載する、同「載」。
穀物が実る、また熟す、同「升」。",登 → JPDB Kanji Freq: 745,漢字の読みを入力してください,Text
__登__山，__登__城,ト,"［登］八級
音: トウ／ト 訓: のぼ・る
意味: 高いところに上がる、高い方(上の方)に進む、同「陞」、一般に道や階段や梯子(はしご)などの足場を伝いながら上がることをいい、足場がなく浮くように上がるのは「昇」。
高いところに乗る、上に乗る。
高い地位に就く、高い地位に引き上げる。
書類に載(の)せる、記載する、同「載」。
穀物が実る、また熟す、同「升」。",登 → JPDB Kanji Freq: 745,漢字の読みを入力してください,Text
__比__較，__比__例，無__比__,ヒ,"［比］六級
音: ヒ／ビ 訓: くら・べる／なら・ぶ／たぐい／ころ
意味: 同様・同等のものが並ぶ、並べる、比肩(ヒケン)。
類たぐい、性格・性質が共通しているもの、またその集まり。
(同様・同等のものを)並べて大小・長短・優劣・多少などを較(くら)べる、また違いを調べる、比較(ヒカク)。
集団(同様・同等のものの集まり)の構成要素それぞれの割合(わりあい)、比率(ヒリツ)。
例(たと)える、他の同じようなものを例に挙げて譬(たと)える、比喩(ヒユ)。
頻(しき)り、同じように繰り返すこと、比比(ヒヒ)(頻りに、繰り返し)」、比年(ヒネン)(近年、毎年)」。
この頃、近頃(ちかごろ)。
くらべる、ならびひ、部首名。",比 → JPDB Kanji Freq: 744,漢字の読みを入力してください,Text
"比丘
［名］出家して定められた戒を受けた女子。尼僧。尼。
梵語の音写。",ビク,"［比］六級
音: ヒ／ビ 訓: くら・べる／なら・ぶ／たぐい／ころ
意味: 同様・同等のものが並ぶ、並べる、比肩(ヒケン)。
類たぐい、性格・性質が共通しているもの、またその集まり。
(同様・同等のものを)並べて大小・長短・優劣・多少などを較(くら)べる、また違いを調べる、比較(ヒカク)。
集団(同様・同等のものの集まり)の構成要素それぞれの割合(わりあい)、比率(ヒリツ)。
例(たと)える、他の同じようなものを例に挙げて譬(たと)える、比喩(ヒユ)。
頻(しき)り、同じように繰り返すこと、比比(ヒヒ)(頻りに、繰り返し)」、比年(ヒネン)(近年、毎年)」。
この頃、近頃(ちかごろ)。
くらべる、ならびひ、部首名。","比 → JPDB Kanji Freq: 744,丘 → JPDB Kanji Freq: 1525",漢字の読みを入力してください,Text
__造__船，__造__花，構__造__,ゾウ,"［造］六級
音: ソウ／ゾウ 訓: つく・る
意味: (素材に手を加えて、組み合わせて)作り上げる。
成(な)る、為(な)す、成し遂(と)げる。
到(いた)る、行き着く。
慌てる、慌ただしい。
造次(ゾウジ)ごく短い時間、咄嗟トッサ急いで、あたふたと。
日みやつこ、日本の上代の姓(かばね)の一つ",造 → JPDB Kanji Freq: 743,漢字の読みを入力してください,Text
__景__気，風__景__，光__景__,ケイ,"［景］七級
音: ケイ／キョウ／エイ／ヨウ 訓: かげ
意味: 光(ひかり)、光が当たることでできる影、光と影。
光と影があることで見える姿形(すがたかたち)や様子(ようす)・状態、景色(ケイショク)(けしき)」、風景(フウケイ)。
大きいさま、立派なさま、尊(とうと)いさま、、景福(ケイフク)(大きな幸い)」、景行(ケイコウ)(立派な行為尊び仰あおぐ)」、景仰(ケイギョウ)(尊び仰あおぐ)」。",景 → JPDB Kanji Freq: 742,漢字の読みを入力してください,Text
__修__飾，__修__養，改__修__,シュウ,"［修］六級
音: シュウ／シュ／ス 訓: おさ・める
意味: 荒々しいところ・ごつごつしたところを取り除いて形を整える、足りないところ・欠けているところを補いてすっきりした形にする。
足りないところ・欠けているところを補い必要なことを身に付ける、学問や技術などを学び身につける。
すらりとして長い、すらりと高い。",修 → JPDB Kanji Freq: 741,漢字の読みを入力してください,Text
__修__行,シュ,"［修］六級
音: シュウ／シュ／ス 訓: おさ・める
意味: 荒々しいところ・ごつごつしたところを取り除いて形を整える、足りないところ・欠けているところを補いてすっきりした形にする。
足りないところ・欠けているところを補い必要なことを身に付ける、学問や技術などを学び身につける。
すらりとして長い、すらりと高い。",修 → JPDB Kanji Freq: 741,漢字の読みを入力してください,Text
__避__難，逃__避__，不可__避__,ヒ,"［避］四級
音: ヒ／ビ 訓: さ・ける／よ・ける
意味: 障害となるものに当たらないような位置・場所に移動する、当たらないように身を躱(かわ)す、身を逸(そ)らす、同「辟」、迴避・回避(カイヒ)。
中心から去る、退く、遠ざかる。",避 → JPDB Kanji Freq: 740,漢字の読みを入力してください,Text
__脱__衣，__脱__出，虚__脱__,ダツ,"［脱］四級
音: タツ／ダチ／ダツ 訓: ぬ・ぐ／ぬ・け／ぬ・げる
意味: 肉から骨や皮を剥(は)ぎ取る、剥(む)き取る。
覆っているものを取り去る、覆っているものから抜け出る。
取り去る、外(はず)す。
抜(ぬ)ける、抜け落ちる、抜け出る。
もし、もしも、if。",脱 → JPDB Kanji Freq: 739,漢字の読みを入力してください,Text
__争__議，競__争__，紛__争__,ソウ,"［争］七級
音: ソウ／ショウ 訓: あらそ・う／いか・で／いか・でか
意味: 互いに取り合う、奪(うば)い合う、戦う。
諍(いさか)う、是非ゼヒ、正否(セイヒ)・優劣(ユウレツ)などについて言い合う、同「訟」「諍」。
諌(いさ)める、非(ヒ、正しくないこと)や過(あやま)ちを正すよう意見する、同「諫」「諍」。
いか・で、いか・でか、どうして～。",争 → JPDB Kanji Freq: 738,漢字の読みを入力してください,Text
__晴__天，__晴__雨，快__晴__,セイ,"［晴］九級
音: セイ／ジョウ 訓: は・れる
意味: (雨や雪が止んで)雲がなくなる、雲がなく空が澄み渡る、同「夝」「暒」{晴}。",晴 → JPDB Kanji Freq: 737,漢字の読みを入力してください,Text
__授__与，伝__授__，教__授__,ジュ,"［授］六級
音: シュウ／ジュ 訓: さず・ける／さず・かる
意味: 上位者が下位者に直接(手渡しで)与える、また教える、下位者が上位者から直接(手渡しで)賜(たまわ)る、また給(たま)わる。",授 → JPDB Kanji Freq: 736,漢字の読みを入力してください,Text
__詰__問，難__詰__，面__詰__,キツ,"［詰］四級
音: キツ／キチ 訓: なじ・る／つ・める
意味: 厳(きび)しく問い責(せ)める。
追及ツイキュウする、詰問(キツモン)(厳しく問い返事を迫る)」。
曲がる、屈(かが)む。
次の日、、詰旦(キッタン)(次の日の明け方)」、詰朝(キッチョウ)(次の日の朝)」。
日つ・める、隙間がないようにする、空いているところにぎっしりと入れて満たす。",詰 → JPDB Kanji Freq: 735,漢字の読みを入力してください,Text
__駆__使，__駆__逐，先__駆__,ク,"［駆］四級
音: ク 訓: か・ける／か・る
意味: 馬に鞭(むち)を当て走らせる。
追い立てる、急(せ)かす。
追う、追い払う、追い遣(や)る。
速く走る、疾走する。",駆 → JPDB Kanji Freq: 734,漢字の読みを入力してください,Text
動__揺__，__揺__籃,ヨウ,"［揺］三級
音: ヨウ 訓: ゆ・れる／ゆ・らぐ／ゆ・する／ゆ・さぶる
意味: 上下・左右・前後に行きつ戻りつするように動く、また動かす。",揺 → JPDB Kanji Freq: 733,漢字の読みを入力してください,Text
__混__合，__混__雑，__混__迷,コン,"［混］六級
音: コン／ゴン 訓: ま・じる／ま・ぜる／こ・む
意味: 水が滾滾、渾渾・混混(コンコン)と湧き出る。
たくさんのもの(流れ出た水)が集まり一つになる、様々なもの或いは多くのものが寄せ集まり同化する、同化してそれぞれの見分けがつかなくなる、もとの形や性質を保ったまま入り交じるのは「雑」。
見分けがつかない、はっきりしない。",混 → JPDB Kanji Freq: 732,漢字の読みを入力してください,Text
__労__働，__労__力，__労__基，疲__労__,ロウ,"［労］七級
音: ロウ 訓: いた・わる／ねぎら・う
意味: 精一杯務める、力を尽くして働く、またそのような人。
力を出し尽くして疲れる、困憊コンパイする。
いた・わる、ねぎら・う、働きや骨折り・疲れや辛苦を慰める。",労 → JPDB Kanji Freq: 731,漢字の読みを入力してください,Text
__銀__貨，__銀__行，水__銀__,ギン,"［銀］八級
音: ギン／ゴン 訓: しろがね
意味: 金属の一種、白く光沢がある、白金(しろがね、銀の古称)。
銀(Argentum羅、Ag)、元素名{銀}。
貨幣、金銭。
白く光るさま。",銀 → JPDB Kanji Freq: 729,漢字の読みを入力してください,Text
__踏__破，__踏__襲，高__踏__的,トウ,"［踏］四級
音: トウ／ドウ 訓: ふ・む
意味: 足を地に着ける、足で押える、同「踐」。",踏 → JPDB Kanji Freq: 728,漢字の読みを入力してください,Text
__狙__撃，__狙__猴,ソ,"［狙］二級
音: ショ／ソ 訓: ねら・う
意味: 猿(サル)、サルの一種。
窺(うかが)う、相手に気付かれないようにこっそりと見る、また様子を窺う。
狙詐(ソサ)、騙(だま)す。",狙 → JPDB Kanji Freq: 727,漢字の読みを入力してください,Text
__妙__案，奇__妙__，巧__妙__,ミョウ,"［妙］四級
音: ビョウ／ミョウ 訓: たえ
意味: (人の手によるものとは思われないほど)繊細なさま、精巧なさま、技が巧(たく)みなさま。
繊細で美しいさま。
年若く繊細なさま、年若く美しい人。
人の手によるものとは思われないさま、不可思議なさま。",妙 → JPDB Kanji Freq: 726,漢字の読みを入力してください,Text
__検__査，__検__討，点__検__,ケン,"［検］六級
音: ケン 訓: 
意味: 木簡・竹簡・文書箱などに貼る表題ヒョウダイを記した札(ふだ、ラベルlabel)、題簽ダイセン。
木簡・竹簡・文書箱などを紐(ひも)で縛(しば)り、その結び目に粘土で封をし(、封泥(フウデイ)という)、題簽を貼り、署名・押印すること、、檢封(ケンプウ)。
しっかりと(ぐっと)押さえ止める、抑(おさ)える、抑制ヨクセイする、、檢束(ケンソク)(身を引き締めること)」、檢制(ケンセイ)(言動を抑制すること)」。
しっかりと確認する、詳しく調べる、同「撿」。",検 → JPDB Kanji Freq: 725,漢字の読みを入力してください,Text
__材__木，__材__料，人__材__,ザイ,"［材］七級
音: サイ／ザイ 訓: 
意味: 切り出した木、立木は「樹」。
さまざまな構築物や工作物などに用いられる木、木材(モクザイ)。
ものを作り上げるための元(もと)となるもの、ものの基本・基礎となるもの。
有用なもの、有能なもの。",材 → JPDB Kanji Freq: 724,漢字の読みを入力してください,Text
__勇__敢，__勇__気，武__勇__,ユウ,"［勇］七級
音: ヨウ／ユウ／ユ 訓: いさ・ましい／いさ・む
意味: 気力が満ちているさま、気力に満ちて恐れを知らない、恐れることなく立ち向かう、逞(たくま)しく怯(ひる)まない、同「恿」。",勇 → JPDB Kanji Freq: 722,漢字の読みを入力してください,Text
__隣__室，__隣__接，近__隣__,リン,"［隣］四級
音: リン 訓: となり／とな・る
意味: 境界を共有している(同じ境界に接している)家・土地・町・国など。
すぐそばに並んでいる、すぐそばに連(つら)なっている。
周代(前11世紀～前256年)の五家を単位とする行政単位、5家(戸)=鄰、5鄰=里、4里=酇、5酇=鄙、5鄙=縣。",隣 → JPDB Kanji Freq: 721,漢字の読みを入力してください,Text
__筋__肉，__筋__骨，鉄__筋__,キン,"［筋］五級
音: キン／コン 訓: すじ
意味: 動物の肉(皮膚と骨を繋いで一定の形や位置を保つ役割を担う組織、筋肉と脂肪とからなる)を構成する伸縮性のある強靱な線状の組織。
線状のもの、線状に繋がっているもの、細く長いもの、またそのような形
日血の繋がり、血統、「血筋(ちすじ)」
日。",筋 → JPDB Kanji Freq: 720,漢字の読みを入力してください,Text
__射__撃，発__射__，日__射__病,シャ,"［射］五級
音: シャ／ジャ／ヤ／エキ／ヤク 訓: い・る
意味: 弓を引き絞って番(つが)えた矢を放つ、敵や的(まと)に向かって矢や弾(たま)などを放つ、同「䠶」「𢎤」。
弓から放たれた矢が目標に向かって一直線に高速に飛んで行く、目標に当てる。
的に当たる、まっすぐに飛んできたものが当たる。
射干(シャカン)、ヒオウギ檜扇、アヤメ科アヤメ属の草{ヒオウギ}、日本で「射干」は「シャガ」と読みアヤメ科アヤメ属の別種を指す{シャガ}。
姑射(コヤ)、仙人が住むという山の名。",射 → JPDB Kanji Freq: 719,漢字の読みを入力してください,Text
__導__入，指__導__，半__導__体,ドウ,"［導］六級
音: トウ／ドウ 訓: みちび・く／しるべ
意味: 道案内する、手引きする、行く道を誤らないように手助けする、同「道」。",導 → JPDB Kanji Freq: 718,漢字の読みを入力してください,Text
__鬼__神，__鬼__才，餓__鬼__,キ,"［鬼］四級
音: キ 訓: おに
意味: 人の死後(肉体は滅びても)滅びず彷徨(さまよ)うとされる霊魂。
(姿は見えないが)人に災いを齎(もたら)すもの。
(鬼のように)恐ろしい、無慈悲な、並外れた。
人の死後の世界。
二十八宿南方朱雀スザクの一つ{二十八宿}。
おに、きにょう、部首名。",鬼 → JPDB Kanji Freq: 717,漢字の読みを入力してください,Text
記__憶__，追__憶__,オク,"［憶］四級
音: ヨク／オク 訓: おも・う／おぼ・える
意味: おも・う、ざまざまなことに思いを馳(は)せる。
おぼ・える、忘れずに覚えている、心に留め忘れない。",憶 → JPDB Kanji Freq: 716,漢字の読みを入力してください,Text
__吐__露，__吐__血，音__吐__朗々,ト,"［吐］四級
音: ト／ツ 訓: は・く
意味: もの(食べたものなどの固形物・液状物)を口から体外に出す、一般に中医では、嘔吐物は出ずに声だけが出ることを「噦」、嘔吐物と共に声も出ることを「嘔」「歐」。
内にあるものを外に出す、考えや思いを言葉に出して言う",吐 → JPDB Kanji Freq: 715,漢字の読みを入力してください,Text
__獣__類，猛__獣__，鳥__獣__,ジュウ,"［獣］四級
音: シュウ／シュ／ジュウ 訓: けもの／けだもの
意味: (特に野生の)全身に毛がある四足の動物、二足は「禽」。
(祭祀の際に供える)干し肉。",獣 → JPDB Kanji Freq: 714,漢字の読みを入力してください,Text
__価__値，__価__格，評__価__,カ,"［価］六級
音: カ／ケ 訓: あたい
意味: ものを売り渡しても買い取っても損はないと考える値段(ねだん)、ものの値打ち。
それがどの程度であるかを評価した結果示される値(あたい)。",価 → JPDB Kanji Freq: 713,漢字の読みを入力してください,Text
__非__難，__非__常，是__非__,ヒ,"［非］六級
音: ヒ 訓: あら・ず
意味: ～ではない、否定を表す言葉、同「匪」。
～ではないだろうか。
違っている、誤っている、正しくない。
是非(ゼヒ)物事の正邪、良し悪し(都合の良し悪しに拘らず)どうしても。
あらず、部首名。",非 → JPDB Kanji Freq: 712,漢字の読みを入力してください,Text
__酒__宴，飲__酒__，洋__酒__,シュ,"［酒］八級
音: シュウ／シュ 訓: さけ／さか／き
意味: 穀物や果実などを原料として醸造ジョウゾウしたアルコールalcohol分を含む飲み物。",酒 → JPDB Kanji Freq: 711,漢字の読みを入力してください,Text
__払__暁，__払__底,フツ,"［払］四級
音: フツ／ホチ／ヒツ 訓: はら・う
意味: 取る。
手(や用具)を左右に振って不要なものや邪魔なものを他に追いやる、同「拂」、本来「拂」は別字だが古くから「拂」の異体字として「払」が用いられた。
日代金を渡す。",払 → JPDB Kanji Freq: 710,漢字の読みを入力してください,Text
__誘__惑，__誘__発，勧__誘__,ユウ,"［誘］三級
音: ユウ／ユ 訓: さそ・う／いざな・う／おび・く
意味: 道を示しながら先導する。
一緒に～するよう勧める、説いて～をさせる。
引き寄せる、引き起こす。",誘 → JPDB Kanji Freq: 709,漢字の読みを入力してください,Text
__印__刷，__印__象，調__印__,イン,"［印］七級
音: イン 訓: しるし／しる・す
意味: しるし、真正シンセイであることの証(あかし)とするもの、それであることを見分けるための標(しるし)。
判子(はんこ)、特に公的な印鑑を指す。
木や石や金属に文字や絵・紋様などを刻み込む、また彫(ほ)る、またそれを押す、また押されたもの、印章(インショウ)。
木や石に文字や絵・紋様などを彫り、それを紙などに転写する。
刻み込む。",印 → JPDB Kanji Freq: 708,漢字の読みを入力してください,Text
__協__力，__協__会，妥__協__,キョウ,"［協］七級
音: キョウ／ギョウ 訓: 
意味: 共に力を合わせる、同「劦」。
合わせる、合わさる。",協 → JPDB Kanji Freq: 707,漢字の読みを入力してください,Text
__司__会，__司__令，上__司__,シ,"［司］七級
音: シ／ス 訓: つかさど・る／つかさ
意味: 管理・監督する、主管シュカン、管掌(カンショウ)する、またその職掌ショクショウ・職務・役割、またその人。
役所、役人",司 → JPDB Kanji Freq: 706,漢字の読みを入力してください,Text
__基__礎，__基__準，__基__地,キ,"［基］六級
音: キ／コ 訓: もと／もと・づく／もとい
意味: 構築物を建てる時に最初に築く部分、構築物を支える土台。
物事の始まりとなるところ、物事の拠(よ)りどころとなるもの、物事の根本のところ。",基 → JPDB Kanji Freq: 705,漢字の読みを入力してください,Text
__玉__座，__玉__石，宝__玉__,ギョク,"［玉］十級
音: ギョク／コク 訓: たま
意味: ぎょく、光沢と透明感があり堅く色や彩(あや、いろどり)が美しく音が涼やかな最も高貴とされた宝石、特定の鉱石を指すものではなく、硬玉(コウギョク)(ジェィダイトjadeite、翡翠輝石ヒスイキセキ、略称翡翠ヒスイ)」、軟玉(ナンギョク)(ネフライトnephrite、透閃石トウセンセキ、緑閃石(リョクセンセキ)等)」などを総じて、玉(ギョク)(美しく高貴な石)」と呼んだといわれる。
たま、丸いまた円形の美しい石。
美しいさま。
高貴なさま、貴重なさま、立派なさま。
日たま、球状の、球状のもの。
たま、部首名。",玉 → JPDB Kanji Freq: 704,漢字の読みを入力してください,Text
__科__学，教__科__，罪__科__,カ,"［科］九級
音: カ 訓: しな／とが
意味: 穀物の生産量や品質の良し悪しの程度を幾つかに区分し順に並べたもの、等級。
罪の軽重に従い量刑を定める、またそれを適用する(科する)。
分類し同等のものを一つに纏(まと)める、また纏めて順に並べる。
丸い穴、窪(くぼ)み、同「坎」。
(演劇などでの)動作、仕草(しぐさ)。",科 → JPDB Kanji Freq: 703,漢字の読みを入力してください,Text
彫__刻__，時__刻__，深__刻__,コク,"［刻］五級
音: コク 訓: きざ・む
意味: (刀で)切り込みを入れる、彫(ほ)り込む。
印(しるし)をつける、目印を彫る。
(水時計や日時計の)目盛り、時間の区切り目(古く一刻は一日の百分の一、後に一時間の四分の一)。
傷付ける、痛(いた)める。
酷(むご)い、酷(ひど)い。",刻 → JPDB Kanji Freq: 702,漢字の読みを入力してください,Text
__末__代，本__末__，粉__末__,マツ,"［末］七級
音: バツ／マツ／マチ 訓: すえ
意味: 木の先(さき)の細い部分、端(はじ)、先端。
物事の最後、終わり。
細いさま、細(こま)かいさま、小さいさま。
(端の方にあって或いは細かくて)取るに足りない、些細な。",末 → JPDB Kanji Freq: 701,漢字の読みを入力してください,Text
__末__子，__末__弟,バツ,"［末］七級
音: バツ／マツ／マチ 訓: すえ
意味: 木の先(さき)の細い部分、端(はじ)、先端。
物事の最後、終わり。
細いさま、細(こま)かいさま、小さいさま。
(端の方にあって或いは細かくて)取るに足りない、些細な。",末 → JPDB Kanji Freq: 701,漢字の読みを入力してください,Text
__撮__影,サツ,"［撮］三級
音: サツ／サチ 訓: つま・む／と・る
意味: つま・む、二本(或いは三本)の指で掴(つか)む、指先や箸などの長いものを使って寄せ集めて掴み上げる、摘(つ)まむ、同「摘」「抓」。
多くのものの内から一部分或いは必要な部分だけを取り出す。
寄せ集める、多くのものが同じところに集まる、同「最」。
漢代(前202年～220年)の容量の単位、1撮=4圭=2mL{各種単位}。
日と・る、写真を写す。",撮 → JPDB Kanji Freq: 700,漢字の読みを入力してください,Text
__旅__行，__旅__情，__旅__券,リョ,"［旅］八級
音: リョ／ロ 訓: たび
意味: 兵士数を基にした軍隊の規模の単位、周朝(西周、前11世紀～前771年)では500人を単位とした。
列を成(な)して行軍する、またその軍隊
(大勢で)遠くへ出掛ける
(多くのものが)列を成なす、連(つら)なる。
供物クモツ(そなえもの)を祭壇サイダンに並べ山や川の神を祀(まつ)る祭礼、同「祣」。
周易の六十四卦の一つ、火山旅(カザンリョ)、䷷{易経記号}。
背骨(せぼね)、同「膂」。",旅 → JPDB Kanji Freq: 699,漢字の読みを入力してください,Text
__迎__合，歓__迎__，送__迎__,ゲイ,"［迎］四級
音: ゲイ／ギョウ／ゴウ 訓: むか・える
意味: 来る人を(その場で相手の到着を待つのではなく)途中まで出向いて行って逢(あ)う、別れる際に(その場で別れてしまうのではなく)途中まで同道してから別れるのは、送(ソウ)。
進んで(相手の考えなどを)受け入れる、、迎合(ゲイゴウ)。",迎 → JPDB Kanji Freq: 698,漢字の読みを入力してください,Text
原__型__，模__型__，典__型__,ケイ,"［型］六級
音: ケイ／ギョウ 訓: かた
意味: これから作ろうとする物の形に作ったもの、溶かした金属を流し入れて目的の形に造るためのもの、「鋳型(いがた)」、木製は「模」、竹製は「範」。
模範モハン、手本、基本や標準になる形、様式、タイプtype。",型 → JPDB Kanji Freq: 697,漢字の読みを入力してください,Text
価__値__，数__値__，絶対__値__,チ,"［値］五級
音: チ／ジ／チョク／ジキ 訓: あたい／ね
意味: それがどの程度であるかを評価した結果示される価(あたい)、価格カカク(物の値段、値打ち)、品位ヒンイ(人や物の値打ち)、数(かず、数えた結果得られる数値)。
相当する、合う、「値(あたい)する」の意。
当たる、当値・当直(トウチョク)。",値 → JPDB Kanji Freq: 696,漢字の読みを入力してください,Text
__究__明，研__究__，学__究__,キュウ,"［究］八級
音: キュウ／ク 訓: きわ・める
意味: 極める、奥深い穴の突き当たりまで行く、極まる、突き当たりまで行き着く。
窮(きわ)める、(奥深い穴の)隅々まで調べ尽くす。
とどのつまり、結局。",究 → JPDB Kanji Freq: 695,漢字の読みを入力してください,Text
__被__服，__被__害，__被__告,ヒ,"［被］四級
音: ヒ／ビ 訓: おお・う／かぶ・る／かぶ・せる／こうむ・る
意味: 布や衣を上から掛ける、また羽織る。
掛布団。
上から掛けて覆う。
(「被～」の形で受け身を表す語、「～」は動詞)～れる、～られる、～される、被害(ヒガイ)(害をこうむる、害を受ける)」、被告(ヒコク)(告訴される、また告訴された人)」。",被 → JPDB Kanji Freq: 694,漢字の読みを入力してください,Text
__簡__単，__簡__易，書__簡__,カン,"［簡］五級
音: カン／ケン 訓: 
意味: 文字(文章)を記すための竹製の細長い札(ふだ)、多くは一枚一行で、これを順に紐で綴じたものが一つの文書や手紙となる。
信書、手紙、文書、同「柬」。
仕分けて選び出す、選り分ける、同「柬」「揀」。
大まかな、手短(てみじか)な。",簡 → JPDB Kanji Freq: 693,漢字の読みを入力してください,Text
__刺__激，名__刺__，風__刺__,シ,"［刺］四級
音: シ 訓: さ・す／とげ
意味: さ・す、針などの細く先端が尖(とが)ったものでまっすぐに突く、また突き入れる、同「㓨」。
(痛いところを)ちくりと突く、諷刺(フウシ)、譏刺(キシ)。
棘(とげ)、細く先端が尖った形のもの、棘状・針状のもの。
(表からは窺えないものの中まで入り込んで)探(さぐ)る、、刺候(シコウ)(敵地に入り込んで敵情を探る)」、刺史(シシ)(所領地に赴いて民情を探る役人、またその官職名)」。",刺 → JPDB Kanji Freq: 692,漢字の読みを入力してください,Text
__伸__縮，屈__伸__，追__伸__,シン,"［伸］三級
音: シン 訓: の・ばす
意味: 広げ伸ばす、折れたり曲がっているものをまっすぐにする、畳んであるものを平らに広げる、同「申」。",伸 → JPDB Kanji Freq: 691,漢字の読みを入力してください,Text
交__替__，代__替__,タイ,"［替］四級
音: テイ／タイ 訓: か・える／か・わる
意味: 廃(すた)る、衰(おとろ)える、用を成(な)さなくなる、衰替(スイタイ)。
それまでのもの(今あるもの)や廃れたもの(衰えたもの、用を成さないもの)を別のものに代(か)える、交替(コウタイ)。",替 → JPDB Kanji Freq: 690,漢字の読みを入力してください,Text
__頂__上，__頂__点，絶__頂__,チョウ,"［頂］五級
音: テイ／チョウ 訓: いただき／いただ・く
意味: 頭の天辺(てっぺん、「頂辺」とも書く)、立っているものの最も高いところ、頂上(チョウジョウ)。
頭に載(の)せる、頭でものを受ける、上が平らで脚が付いているもの(Ｔ字状のもの)の上に載せる。
ものの先を当てる、また当ててぐいと押す、また当たる、また突き当たる。
(突っ支い棒や支柱などのように)ものの先を押し当て支える。
替(か)わる、取って代わる。
日いただ・く、「貰う」「食べる」などの謙譲語、「頂戴します」。",頂 → JPDB Kanji Freq: 689,漢字の読みを入力してください,Text
渓__谷__，幽__谷__,コク,"［谷］九級
音: コク 訓: たに
意味: 細く長く続く深い窪(くぼ)み、湧(わ)き出した水が流れる(山間の)窪み。
(谷に)行く手(ゆくて)を阻(はば)まれる、進退が窮(きわ)まる。
穀物コクモツ、同繁「穀」。
たに、たにへん、部首名。",谷 → JPDB Kanji Freq: 688,漢字の読みを入力してください,Text
__鉄__火場，__鉄__道，__鉄__筋，鋼__鉄__,テツ,"［鉄］八級
音: テツ／テチ 訓: くろがね
意味: 金属の一種、黒金(くろがね、鉄の古名)。
黒いさま。
堅く強いさま。
金属製の武器。
鉄(Ferrum羅、Fe)、元素名{鉄}。",鉄 → JPDB Kanji Freq: 687,漢字の読みを入力してください,Text
__波__浪，__波__及，電__波__,ハ,"［波］八級
音: ハ 訓: なみ
意味: (水が撹拌されることによって)水面が上下に揺れ動きながら(うねりながら)流れるさま、またその動き、またその形。
(波のように)起伏・強弱を繰り返しながら進むさま、また押し寄せて来るさま、またそのような事柄
(波のように)起伏・強弱を繰り返しながら次々に伝わり広がるさま、波及(ハキュウ)",波 → JPDB Kanji Freq: 686,漢字の読みを入力してください,Text
__滅__亡，消__滅__，絶__滅__,メツ,"［滅］三級
音: ベツ／メツ／メチ 訓: ほろ・びる
意味: 火や明かりが消える、消える、尽きる、なくなる、同「烕」「𤇳」。
消す、なくする、退治する、同「烕」。",滅 → JPDB Kanji Freq: 685,漢字の読みを入力してください,Text
__領__土，要__領__，大統__領__,リョウ,"［領］六級
音: レイ／リョウ 訓: えり
意味: 項(うなじ)、頸(くび、頭と胴の間にあって頭を支える部分)の後ろ側(背側)。
首、頸(くび)。
衣服の首周りの縁(へり)の部分、首元で交差させるものは、交領(コウリョウ)、衽(おくみ)の縁の部分は、衿(キン)(えり)」、日本では、襟(キン)(えり)」を用いるが、中国で「襟」は「衣服の体の前(胸元)を覆(おお)う部分」を指す{服飾(衣服)}。
大事な部分、要所、要点、、要領(ヨウリョウ)。
統(す)べる、一つに纏(まと)め率(ひき)いる、統率トウソツする、、統領(トウリョウ)。
支配する、統治トウチする。
受ける、引き受ける。
了解する、理解する、、領悟(リョウゴ)。",領 → JPDB Kanji Freq: 684,漢字の読みを入力してください,Text
__資__本，__資__格，物__資__,シ,"［資］六級
音: シ 訓: 
意味: 何かを成そうとするために必要となるもの、何かをするために先立つもの、前以(まえもっ)て備えておくもの、資財(シザイ)、資格(シカク)。
天性の(生まれつきの、生まれる前に既に備わっている)能力や性格、、天資(テンシ)、資質(シシツ)。
財貨を役立てる、財貨を提供して助ける。
意見や助言を求める、同「咨」「諮」。
、資斧(シフ)旅をするために必要な金と斧(装備)旅費。",資 → JPDB Kanji Freq: 683,漢字の読みを入力してください,Text
__援__助，応__援__，声__援__,エン,"［援］四級
音: エン／オン 訓: たす・ける
意味: 手で引く、引き寄せる、引っ張る。
引用する、他を引いて用いる、援用(エンヨウ)。
手を貸して助ける、援助(エンジョ)、援護(エンゴ)。",援 → JPDB Kanji Freq: 682,漢字の読みを入力してください,Text
__並__行，__並__列，__並__立,ヘイ,"［並］五級
音: ヘイ／ビョウ 訓: なら・ぶ／な・み
意味: 二つの同じものが隣り合って同じ方向を向く、また同じ方向を向いて立つ。
～と同様に、～と同時に。
皆と同じ、程度が普通。",並 → JPDB Kanji Freq: 681,漢字の読みを入力してください,Text
等__級__，上__級__，階__級__,キュウ,"［級］八級
音: キュウ／コウ 訓: 
意味: 品質や地位などの程度。
上下の順序、同「𨸚」「階」。
切り取った敵の首(くび)。",級 → JPDB Kanji Freq: 680,漢字の読みを入力してください,Text
__氏__名，姓__氏__，某__氏__,シ,"［氏］七級
音: シ／ジ 訓: うじ
意味: 姓(セイ)(祖先の名を受け継ぐ血族・部族)」から分かれて居住地名・職名・身分名などを名乗る集団、同「𠂩」、古く「姓」「氏」は上記のように別義であったが、出自シュツジを表すという点では同じことから、漢代(前202年～220年)の頃からはほぼ同義に用いられるようになったという、ちなみに人名は、姓氏(セイシ)(出自を表す名)」と、名(メイ)(な、同姓の人を識別するための名)」から成る。
王朝名、国名
男性に対する敬称
うじ、部首名。",氏 → JPDB Kanji Freq: 679,漢字の読みを入力してください,Text
__捜__索，__捜__査,ソウ,"［捜］凖二級
音: ソウ／シュ 訓: さが・す
意味: さが・す、隅々まで探(さぐ)る、また探(さが)し求める、丹念に調べる。",捜 → JPDB Kanji Freq: 678,漢字の読みを入力してください,Text
__昼__夜，__昼__食，白__昼__,チュウ,"［昼］九級
音: チュウ 訓: ひる
意味: 日の出から日の入りまで間、日中(ニッチュウ)、日の入りから日の出までの間を「夜」。
正午(ショウゴ)。",昼 → JPDB Kanji Freq: 677,漢字の読みを入力してください,Text
__八__月，__八__方,ハチ,"［八］十級
音: ハツ／ハチ 訓: や／やっ・つ／や・つ／よう
意味: 数の名、八番目の数{数字}。
左右に分ける、別れる、反対方向に進んで次第に遠ざかる、同「別」。
はち、部首名。",八 → JPDB Kanji Freq: 676,漢字の読みを入力してください,Text
__衛__生，護__衛__，守__衛__,エイ,"［衛］六級
音: エイ／エ 訓: 
意味: 建物の周りを見回(みまわ)る、周りを巡(めぐ)る。
見回って近づくものから中を守る、外からの侵入を防ぐ、外敵から国境を防ぎ守る、防衛(ボウエイ)。
諸侯国名、前11世紀～前209年、周朝によって河北省南部・河南省北部一帯に封ぜられた{春秋時代}{河北省}。
ロバ驢馬、ウマ科ウマ属ロバ亜属の動物、衞国に多いことからとも、衛玠エイカイ(286年～312年、西晋時代の人)が好んで乗ったことからともいわれる。",衛 → JPDB Kanji Freq: 675,漢字の読みを入力してください,Text
__秘__密，__秘__書，神__秘__,ヒ,"［秘］五級
音: ヒ 訓: ひ・める
意味: 外から見えない、人目に触れない、またそのようににする。
奥が深く人知では伺い知れない、滅多に目にすることができない。",秘 → JPDB Kanji Freq: 674,漢字の読みを入力してください,Text
__襲__撃，__襲__名，世__襲__,シュウ,"［襲］四級
音: シュウ／ジュウ 訓: おそ・う／かさね・る／かさね
意味: かさね、外衣ガイイ、衣服の上に羽織る(重ねて着る)衣服、同「褶」。
重(かさ)ねる、同じように繰り返す、それまで通りにする、受け継ぐ、引き継ぐ、襲用(シュウヨウ)(踏襲トウシュウする)」。
攻める、、襲撃(シュウゲキ)、来襲(ライシュウ)。",襲 → JPDB Kanji Freq: 673,漢字の読みを入力してください,Text
__丸__薬，弾__丸__，砲__丸__,ガン,"［丸］九級
音: カン／ガン 訓: まる／まる・い／まる・める／たま
意味: 球状または円形、またそのような形のもの、またそのような形にする。
角(かど)が尖(とが)っていない、またそのような形のもの、またそのような形にする。
球状のものを数える語。
全体、全て、すっかり。",丸 → JPDB Kanji Freq: 672,漢字の読みを入力してください,Text
__眼__球，__眼__力，主__眼__,ガン,"［眼］六級
音: ガン／ゲン 訓: め／まなこ
意味: 目玉(めだま)、目の球状(黒目くろめ、眼球ガンキュウ)の部分、「目」はこの「眼」と、白眼(ハクガン)(白目しろめ、結膜ケツマク)」・視神経などを含む、ものを見る器官全体を指す。
目が付くところ、目の付けどころ、肝心カンジンなところ、要点。
(眼窩ガンカのように)窪(くぼ)んだところ、穴(あな)。",眼 → JPDB Kanji Freq: 671,漢字の読みを入力してください,Text
"開__眼__
①〘仏〙
ⓐ仏道の真理をさとること。
ⓑ仏像・仏画ができあがったとき、霊(れい)をむかえ入れるためにおこなう供養の式。
「大仏━」",ゲン,"［眼］六級
音: ガン／ゲン 訓: め／まなこ
意味: 目玉(めだま)、目の球状(黒目くろめ、眼球ガンキュウ)の部分、「目」はこの「眼」と、白眼(ハクガン)(白目しろめ、結膜ケツマク)」・視神経などを含む、ものを見る器官全体を指す。
目が付くところ、目の付けどころ、肝心カンジンなところ、要点。
(眼窩ガンカのように)窪(くぼ)んだところ、穴(あな)。",眼 → JPDB Kanji Freq: 671,漢字の読みを入力してください,Text
__壁__面，__壁__画，岸__壁__,ヘキ,"［壁］四級
音: ヘキ／ヒャク 訓: かべ
意味: 敷地と外部・部屋と部屋などを仕切るための直立した平板状の固定式の遮蔽物(シャヘツブツ)。
敵や風などを遮(さえぎ)る構築物。
内(手前、こちら)と外(向こう、あちら)を隔てる仕切り。
行く手を遮(さえぎ)る障害物。
二十八宿北方玄武ゲンブの一つ{二十八宿}。",壁 → JPDB Kanji Freq: 670,漢字の読みを入力してください,Text
__密__約，厳__密__，秘__密__,ミツ,"［密］五級
音: ビツ／ミツ／ミチ 訓: ひそ・か
意味: ぴったりとくっついて隙間がない。
閉ざされていて或いは奥まっていて外から見えない、また窺い知れない。
広く大きく物音や人の声が届いて来ない、ひっそりとした。
山深く容易に近づけない建物、山のように大きな(大きくて内が窺い知れない)建物。",密 → JPDB Kanji Freq: 669,漢字の読みを入力してください,Text
__研__究，__研__修,ケン,"［研］八級
音: ケン／ゲン 訓: みが・く／と・ぐ
意味: (石を使って)磨(みが)く、擦(こす)って表面を平らにする、同「揅」。
硯(すずり)、硯で墨を磨(す)る。
技術や学問に磨きをかける、またより深く究める、同「揅」。",研 → JPDB Kanji Freq: 668,漢字の読みを入力してください,Text
__温__暖，__温__厚，気__温__,オン,"［温］八級
音: オン／ウン 訓: あたた・かい／あたた・まる／あたた・める／ぬく・い
意味: 熱くもなく冷たくもなく程よいさま、暖かなさま、また熱を加えてそのようにする。
穏やかなさま、柔和なさま。
(古く冷めてしまったものを温め直して)蘇(よみがえ)させる。",温 → JPDB Kanji Freq: 666,漢字の読みを入力してください,Text
__帝__王，__帝__国，皇__帝__,テイ,"［帝］三級
音: テイ／タイ 訓: みかど
意味: 天を司(つかさど)る神、天帝(テンテイ)、上帝(ジョウテイ)。
みかど、天の神の命メイを受けて国を治(おさ)める者、、皇帝(コウテイ)、帝王(テイオウ)。",帝 → JPDB Kanji Freq: 665,漢字の読みを入力してください,Text
__医__学，__医__療，名__医__,イ,"［医］八級
音: イ 訓: 
意味: 弓や弩ド(機械仕掛けの弓)の矢を入れる容器。
病気を治(なお)す、また病気を治療する人、同繁「醫」、同「毉」。",医 → JPDB Kanji Freq: 664,漢字の読みを入力してください,Text
__香__水，__香__気，線__香__,コウ,"［香］七級
音: キョウ／コウ 訓: か／かお・り／かぐわ・しい
意味: (穀物の)良い匂い、甘く芳(かぐわ)しい匂い、同「𪏽」「䅨」。
芳(かんば)しい、甘く芳(かぐわ)しい。
甘く良い匂いを発するもの。
美味(おい)しい、美味しいそうな匂い。
かおり、か、こう、部首名。",香 → JPDB Kanji Freq: 663,漢字の読みを入力してください,Text
__香__車,キョウ,"［香］七級
音: キョウ／コウ 訓: か／かお・り／かぐわ・しい
意味: (穀物の)良い匂い、甘く芳(かぐわ)しい匂い、同「𪏽」「䅨」。
芳(かんば)しい、甘く芳(かぐわ)しい。
甘く良い匂いを発するもの。
美味(おい)しい、美味しいそうな匂い。
かおり、か、こう、部首名。",香 → JPDB Kanji Freq: 663,漢字の読みを入力してください,Text
__改__造，__改__革，更__改__,カイ,"［改］七級
音: カイ 訓: あらた・める／あらた・めて
意味: 新しくなる、新しくする。
変わる、変える。
変えて新たにやり直す、よりよい状態また正しい状態に変える、誤りや過ちを正してやり直す。
新たにもう一度。",改 → JPDB Kanji Freq: 662,漢字の読みを入力してください,Text
__敗__北，腐__敗__，失__敗__,ハイ,"［敗］七級
音: ハイ／ヘ／ベ 訓: やぶ・れる
意味: (争いなどに)破れる、負ける。
うまくいかない、駄目になる。
損なわれる、壊れる、萎える、衰える。
肉が腐る、腐敗(フハイ)、魚は「餒」。",敗 → JPDB Kanji Freq: 661,漢字の読みを入力してください,Text
姉__妹__，義__妹__，令__妹__,マイ,"［妹］九級
音: バイ／マイ／メ 訓: いもうと／いも
意味: 同じ父母・父・母から生まれた自分よりも年下の女子、自分よりも年上の女子は、姉(シ)(あね)」。
自分よりも(やや)年下の女子に対する呼称、親戚の中で自分よりも年下の女子。",妹 → JPDB Kanji Freq: 660,漢字の読みを入力してください,Text
__握__手，__握__力，掌__握__,アク,"［握］四級
音: アク 訓: にぎ・る
意味: 掌(てのひら)と五本の指でしっかりと掴(つか)む。
しっかりと手の中に入れる。
一掴(ひとつか)み(片手で握った量)。",握 → JPDB Kanji Freq: 659,漢字の読みを入力してください,Text
__府__県，首__府__，政__府__,フ,"［府］七級
音: フ 訓: 
意味: 財物や文書を収蔵するところ、倉庫、府庫(フコ)。
政務を行う役所、役所があるところ。
多くの人や物が集まるところ。
高級役人の邸宅、後に一般の住宅。
人間や動物の内臓、臓器、六府・六腑(ロップ)(胆・胃・大腸、小腸・膀胱(ボウコウ)、三焦(サンショウ))」、同「腑」。",府 → JPDB Kanji Freq: 658,漢字の読みを入力してください,Text
意に__介__さない，__介__入，紹__介__，__介__する,カイ,"［介］四級
音: カイ／ケ 訓: すけ
意味: 画カクする、区切る、境さかい、境目さかいめ、境界キョウカイ、同「界」。
～の間(あいだ)、二つのものの間。
両側から挟(はさ)まれる、二つのものの(二人の)間に立つ、仲立(なかだ)ちする、紹介(ショウカイ)(両者の間に立って引き合わせる)」。
人に手を貸し助ける。
殻(から)や甲羅コウラのよう硬いもの、、介胄(カイチュウ)(甲冑カッチュウ)」。
硬(かた)いさま、堅(かた)いさま、、耿介(コウカイ)(何にも屈せず信念を貫くさま)」。
大きいさま、同「𡗦」。
一つ、一人、人数や個数などの一つ一つを指す語、、一介(イッカイ)(一人、一個)」、同「个」。
日すけ、官位の名。",介 → JPDB Kanji Freq: 657,漢字の読みを入力してください,Text
__肩__章，双__肩__，比__肩__,ケン,"［肩］
音: ケン 訓: かた
意味: ①「かた」
ア：「人の腕が胴体に接続する部分の上部、および、そこから首の付け根にかけての部分」
イ：「動物の前肢(4本足の動物の前の2本の足)や翼が胴体に接続する部分の上部」
ウ：「衣服の「ア」に当たる部分」
エ：「物の上部の角(かど)の部分」
オ：「地形・物の形などの「ア」に相当する部分」(例：山の肩、壺の肩)
カ：「球などを投げる力」
キ：「物を持ち上げて肩にのせ支える力」
ク：「背負った責任」(例：乗客の命は僕の肩にかかっている)
ケ：「新聞の一面左上端を占める記事」
コ：「運(神様の命令)」
②「荷(にな)う」
ア：「物を肩に支え持って運ぶ。かつぐ。」
イ：「自分の責任として身に引き受ける」
ウ：「頂く」
③「耐える」
④「三歳の獣」",肩 → JPDB Kanji Freq: 656,漢字の読みを入力してください,Text
__祭__礼，文化__祭__,サイ,"［祭］八級
音: セイ／サイ 訓: まつ・る／まつ・り／まつり
意味: 神(かみ)や先祖や死者に供え物(そなえもの)を捧(ささ)げる、またその儀式、祭祀(サイシ)、同「祀」。
日大勢の人が集まって行う催(もよお)し。",祭 → JPDB Kanji Freq: 655,漢字の読みを入力してください,Text
__乱__戦，混__乱__，反__乱__,ラン,"［乱］五級
音: ラン 訓: みだ・れる／みだ・す
意味: 平穏でなくなる、均衡が失われ不安定になる、秩序がなくなる、ごちゃごちゃする、同「𢿢」。
ばらばらになる、脈絡ミャクラクがなくなる、訳が分からなくなる。
縺(もつ)れる、絡(から)み合う。
(乱れているものを)秩序ある状態にする、治(おさ)める、ごちゃごちゃしているものをすっきりさせる、同「𤔔」。
楽曲の纏(まと)めとなる最後の一章節。",乱 → JPDB Kanji Freq: 654,漢字の読みを入力してください,Text
__等__分，__等__級，平__等__,トウ,"［等］八級
音: トウ 訓: ひと・しい／など／ら
意味: きちんと揃(そろ)え整(ととの)えられた竹簡(チクカン、竹の札に記された文書)。
凸凹せずにきちんと揃う、また揃える、また整える。
数・量・大きさ・程度などが同じ、どれも同じように揃っている。
天秤テンビン(ものの重さを量る道具)の分銅フンドウ(おもり、錘、重り)。
同類、同様、同種。
～など、同類・同様・同種のものを幾つか列挙する際に用いる語。
～ら、複数のものを指す語、我等(ガトウ)(われら)」、此等(シトウ)(これら)」。
待つ、待ち受ける。",等 → JPDB Kanji Freq: 653,漢字の読みを入力してください,Text
__与__党，授__与__，関__与__,ヨ,"［与］四級
音: ヨ 訓: あた・える／くみ・する／あずか・る
意味: 上位の者が下位の者に物などをやる、授(さず)ける、同、賜予(シヨ)。
同じ目的を持った仲間に加わる、また加わって共に行動する、組する、同「與」。
関(かか)わる、関与カンヨする、同「與」「預」「豫」。
～とand～、同じもの(同じ意味を持つ語)を繋(つな)ぐ語、同「與」。",与 → JPDB Kanji Freq: 652,漢字の読みを入力してください,Text
油__井__，市__井__,セイ,"［井］七級
音: セイ／ジョウ 訓: い
意味: 地面を掘り湧き出る水を汲(く)む所。
人が集まり住むところ、市井(シセイ)、水がある所に人が集まることから。
「井」状に区切られているもの、天井(テンジョウ)。
井田制(セイデンセイ)、一里四方の土地を縦横それぞれ三分して九区画に分けた耕作地、周代(前11世紀～前256年)の税法で、八戸に一区画(私田)ずつ与え、中央の一区画(公田)を八戸で共同耕作し、そこからの収穫を税とした、1井=9夫＝900畝。
二十八宿南方朱雀スザクの第一宿{二十八宿}",井 → JPDB Kanji Freq: 651,漢字の読みを入力してください,Text
天__井__,ショウ,"［井］七級
音: セイ／ジョウ 訓: い
意味: 地面を掘り湧き出る水を汲(く)む所。
人が集まり住むところ、市井(シセイ)、水がある所に人が集まることから。
「井」状に区切られているもの、天井(テンジョウ)。
井田制(セイデンセイ)、一里四方の土地を縦横それぞれ三分して九区画に分けた耕作地、周代(前11世紀～前256年)の税法で、八戸に一区画(私田)ずつ与え、中央の一区画(公田)を八戸で共同耕作し、そこからの収穫を税とした、1井=9夫＝900畝。
二十八宿南方朱雀スザクの第一宿{二十八宿}",井 → JPDB Kanji Freq: 651,漢字の読みを入力してください,Text
__喜__劇，悲__喜__，歓__喜__,キ,"［喜］六級
音: キ 訓: よろこ・ぶ
意味: 悦(よろこ)ぶ、嬉(うれ)しい、またそのような事柄。
楽しい、心が安らぐ、楽しむ。
めでたい、またそのような事柄。",喜 → JPDB Kanji Freq: 650,漢字の読みを入力してください,Text
__腰__痛，__腰__部,ヨウ,"［腰］四級
音: ヨウ 訓: こし
意味: 動物の背骨と脚(あし、四足の動物の場合は後ろ足)を繋ぐ部分、ものの上(或はい前)と下(或いは後)を繋ぐ部分{人体(全身)}。
ものの中ほどにある節目(ふしめ)、ものの中ほどの細く括(くび)れた部分。
腰子(ヨウシ)、腎臓ジンゾウ{人体(内臓)}。",腰 → JPDB Kanji Freq: 649,漢字の読みを入力してください,Text
__個__人，__個__性，一__個__,コ,"［個］六級
音: カ／コ 訓: 
意味: 形のあるものを数える語、またその一つ一つを指す語、同「个」「箇」。
簡「个」。",個 → JPDB Kanji Freq: 648,漢字の読みを入力してください,Text
__薬__剤，__薬__局，火__薬__,ヤク,"［薬］八級
音: ヤク 訓: くすり
意味: 病(やまい)や傷を治(なお)したり癒(いや)したりする効果のある物質。
病や傷を治す、癒す。
他に化学作用を及ぼす物質。
芍薬(シャクヤク)、ボタン科ボタン属の草、根は生薬として利用される{シャクヤク}。",薬 → JPDB Kanji Freq: 647,漢字の読みを入力してください,Text
__類__推，__類__型，種__類__，分__類__,ルイ,"［類］七級
音: ルイ 訓: たぐい
意味: よく似ている、よく似たもの、よく似たものの集まり。
性格・性質が共通しているもの、またその集まり。
凡そ、大体、「似たもの、似ている」の意。",類 → JPDB Kanji Freq: 646,漢字の読みを入力してください,Text
__耳__鼻科，中__耳__炎,ジ,"［耳］十級
音: ジ／ニ 訓: みみ
意味: 顔の両側にあって聴覚と平衡感覚を掌(つかさど)る器官。
(耳で)聞く、話や声や音が(耳に)届く。
～と(耳で)聞いている、～と聞いた。
(耳のように)ものの両側にあるもの、耳子(ジシ)(器などの両側にある取っ手)」、耳房(ジボウ)(母屋おもやの両隣に建てられた小部屋)」。
～のみ、～だけ。
みみ、みみへん、部首名。",耳 → JPDB Kanji Freq: 645,漢字の読みを入力してください,Text
"__弁__償，花__弁__，雄__弁__
__駄弁__る","ベン,ダベ","［弁］六級
音: ヘン／ベン 訓: わきま・える
意味: 頭に被(かぶ)る冠(かんむり)や帽子、冕ベン(高位の人の正装用の冠)なども含む、同「㝸」「𢍍」。
冠を被(かぶ)る、同「𠭛」。
元服ゲンプク(男子が成人したことを祝い示す儀式)する。
判別する、疑う余地がないようにはっきりと区別する、同「辨」。
けじめ、はっきりとした区別、同「辨」。
治(おさ)める、筋(すじ)を通す、筋が通るように正(ただ)す、同「辯」。
論ロンじる、筋が通るように(筋道を立てて)話す、同「辯」。
話の筋が通っているさま、話や話し方が巧みなさま、同「辯」。
ウリ瓜類の果実の中身、果実の中にある種と種を包んでいる柔らかい部分、同「瓣」。
花びら、花弁・花瓣(カベン)、同「瓣」。",弁 → JPDB Kanji Freq: 644,漢字の読みを入力してください,Text
__阪__神，京__阪__,ハン,"［阪］七級
音: ハン／ホン／バン 訓: さか
意味: 傾斜した地形、傾斜した道、同「岅」「坡」「陂」「岥」。
土手、堤(つつみ)、同「坡」「陂」。",阪 → JPDB Kanji Freq: 643,漢字の読みを入力してください,Text
令__嬢__，愛__嬢__，お__嬢__さん,ジョウ,"［嬢］三級
音: ジョウ／ニョウ 訓: 
意味: 母、母親、同「娘」。
娘、若い未婚の女性、少女、同「娘」。
日未婚の女性に対する敬称。",嬢 → JPDB Kanji Freq: 642,漢字の読みを入力してください,Text
__曲__線，__曲__面，名__曲__,キョク,"［曲］八級
音: キョク／コク 訓: ま・がる／くせ
意味: 真っ直(す)ぐでない、撓(たわ)む、(字形のように弧を描くように曲がることを指し〈字のように鋭角に曲がることを「折」という。
歪む、正しい状態や方向から左右・前後・上下の方向に外れる。
入り組んでいる、入り組んで奥まっている。
歌や舞の旋律、「波打つように変化する」ことから。
蚕箔サンパク、竹などを網状に編んだ蚕を飼うための平らな籠(かご)、同「筁」。
麹(こうじ)、現代中国では「麴」「麯」の代りに「曲」を用いる。",曲 → JPDB Kanji Freq: 641,漢字の読みを入力してください,Text
__減__じる，__減__少，増__減__，加__減__,ゲン,"［減］六級
音: カン／ケン／ゲン 訓: へ・る／へ・らす
意味: 少なくなる、一部がなくなる、損(そこ)なわれる、軽くなる。
元の数から一部を差し引く。",減 → JPDB Kanji Freq: 640,漢字の読みを入力してください,Text
__席__上，座__席__，出__席__,セキ,"［席］七級
音: セキ／ジャク 訓: むしろ
意味: むしろ、竹や藁(わら、乾燥させた草の茎)を並べ紐(ひも)で編んだ敷物、人が座ったり横になったりするところに敷くもの、同「蓆」。
座るところ、居並ぶ時の座る位置。
居並ぶものの中での位置、位くらい、地位、席次(セキジ)(人が並ぶ時の席の順序)」。
席捲(セッケン)、むしろ(筵・席・蓆)を巻き上げるように、端(はし)から端まで巻き上げる(手中に収める)こと。
日座布団や椅子などの座る場所を設けた会場。",席 → JPDB Kanji Freq: 639,漢字の読みを入力してください,Text
__為__政者，行__為__，人__為__的，作__為__,イ,"［為］四級
音: イ 訓: な・す／な・る／ため／たり
意味: 猿(サル)の一種、未詳、母猴(ボコウ)。
～をする、～を行う。
～に働きかける。
(～をして、～を行って)～を作る、～に作り上げる、形作る。
(～をして、～をすることで)～にする、～になる。
～になる、～となる、～に変わる。
(～のために)～する。
～のせいで、～が原因で。
(～は、～を)～とする。",為 → JPDB Kanji Freq: 638,漢字の読みを入力してください,Text
__例__外，__例__年，用__例__,レイ,"［例］七級
音: レイ／レ 訓: たと・える／たと・えば／ためし
意味: たと・える、たと・えば、同じ種類・性質のものを列挙レッキョする。
(同様のものを並べて)比べる、比例(ヒレイ)。
ためし、以前から行われていること、以前と同様のこと。",例 → JPDB Kanji Freq: 637,漢字の読みを入力してください,Text
__福__々しい，__福__祉，__福__徳，幸__福__,フク,"［福］八級
音: フク 訓: 
意味: 天や神から授(さず)かる豊かな恵み、幸せ。
満ち足りた、豊かな、ふくよかな。",福 → JPDB Kanji Freq: 636,漢字の読みを入力してください,Text
__権__利，__権__威，人__権__,ケン,"［権］五級
音: ケン／ゴン 訓: 
意味: 秤(はかり)、また秤に使う分銅フンドウ(重さの基準となる金属の塊)。
重さを量(はか)る、状況を量りそれに応じて釣り合いを取る。
釣り合いを左右することができる重み、また力、また立場。
物事を左右できる力や立場を利用して支配・指揮する。
仮の、一時的な、一時しのぎに、その場限りに、苟且コウショ。",権 → JPDB Kanji Freq: 635,漢字の読みを入力してください,Text
__権__化，__権__現,ゴン,"［権］五級
音: ケン／ゴン 訓: 
意味: 秤(はかり)、また秤に使う分銅フンドウ(重さの基準となる金属の塊)。
重さを量(はか)る、状況を量りそれに応じて釣り合いを取る。
釣り合いを左右することができる重み、また力、また立場。
物事を左右できる力や立場を利用して支配・指揮する。
仮の、一時的な、一時しのぎに、その場限りに、苟且コウショ。",権 → JPDB Kanji Freq: 635,漢字の読みを入力してください,Text
労__働__，実__働__,ドウ,"［働］七級
音: ドウ 訓: はたら・く
意味: 日仕事をする。
日。",働 → JPDB Kanji Freq: 634,漢字の読みを入力してください,Text
__館__内，旅__館__，図書__館__,カン,"［館］八級
音: カン 訓: たち／たて／やかた
意味: 公用に使う大きな建物、公衆が利用する大きな建物。
公用の人や賓客を泊めるための建物、宿。
貴人の邸宅。",館 → JPDB Kanji Freq: 633,漢字の読みを入力してください,Text
__将__来，__将__棋，大__将__,ショウ,"［将］五級
音: ショウ／ソウ 訓: ひきい・る／まさ・に／はた
意味: 軍を統帥トウスイ(統率・指揮)する、率(ひき)いる、またその長、同「帥」。
行く、率いて行く、連れて行く、送って行く。
まさ・に、今にも～しようとする(なろうとする)、～に近い状態になる。
はた、もしかしたら、或いは。",将 → JPDB Kanji Freq: 632,漢字の読みを入力してください,Text
__効__果，__効__力，時__効__,コウ,"［効］六級
音: コウ／ギョウ 訓: き・く
意味: 致(いた)す、力を尽くす、力を発揮する。
致す(力を尽くす、力を発揮する)ことによって結果・成果が現れる(得られる)。
他に致す(作用する)ことによって現れる(得られる)結果・成果、「效果、効果コウカ」。
倣(なら)う、見習う、效法(コウホウ)、同「傚」。",効 → JPDB Kanji Freq: 631,漢字の読みを入力してください,Text
__左__様，__左__右，__左__翼，__左__遷,サ,"［左］十級
音: サ 訓: ひだり
意味: 右と対ツイになる片方{筆順(左右)}。
南を向いた時の東の方向、東、東の方向、西は「右」。
(左手のように力が弱い者が右手のように力が強い者の手となり足となって)助ける、同「佐」「𥙀」、逆は「右」「佑」「祐」。
支える、補(おぎな)い助ける、同「佐」。
下(した)、下にある、低い、下位、下位のもの、上は「右」。
逸(そ)れる、正しくない、逆は「右」。
俗革新的な、急進的な。",左 → JPDB Kanji Freq: 629,漢字の読みを入力してください,Text
__森__林，__森__閑，__森__厳,シン,"［森］十級
音: シン 訓: もり
意味: たくさんの木が立ち並ぶさま、木がびっしりと生えているさま、またそのようなところ。
木が茂(しげ)って薄暗いさま。",森 → JPDB Kanji Freq: 628,漢字の読みを入力してください,Text
__暗__示，__暗__愚，明__暗__,アン,"［暗］八級
音: アン／オン 訓: くら・い
意味: 光がない、明るさがない。
光を失う、明るさや生き生きとした感じを失う。
光が届かない、明かりが届かずよく見えない、ものの陰になっていて見えない。
ぼんやりしている、考えや言っていることなどがはっきりしない。
人目に付かずに、隠れて、密かに。
暗記(アンキ)、暗唱(アンショウ)、書いてあるものなどを覚え、それを見ることなしに言う、同「諳」。",暗 → JPDB Kanji Freq: 627,漢字の読みを入力してください,Text
__昔__日，__昔__年，__昔__時,セキ,"［昔］八級
音: セキ／シャク 訓: むかし
意味: 過ぎ去った日、現在よりも前、以前。
久しく時(月日)を経(へ)ているさま。
夜、同「夕」。
干し肉、或いは肉を薄く切った後に残る肉(切り落とし肉)を干したもの、同「腊」。",昔 → JPDB Kanji Freq: 626,漢字の読みを入力してください,Text
"今__昔__
〔文〕いまとむかし（のちがい）。
「銀座の━」",シャク,"［昔］八級
音: セキ／シャク 訓: むかし
意味: 過ぎ去った日、現在よりも前、以前。
久しく時(月日)を経(へ)ているさま。
夜、同「夕」。
干し肉、或いは肉を薄く切った後に残る肉(切り落とし肉)を干したもの、同「腊」。",昔 → JPDB Kanji Freq: 626,漢字の読みを入力してください,Text
__低__級，__低__気圧，高__低__,テイ,"［低］七級
音: テイ／タイ 訓: ひく・い／ひく・める／ひく・まる
意味: 上下の方向で下の方、標準的・平均的な程度よりも下にある。
幾つかのものを比べた時に下にある、また劣っている、また卑(いや)しい。
標準・基準や想定・期待に届かない、また下回っている。
下げる、下に向ける、垂(た)れる。",低 → JPDB Kanji Freq: 625,漢字の読みを入力してください,Text
__闘__争，__闘__志，戦__闘__,トウ,"［闘］四級
音: トウ／ツ 訓: たたか・う
意味: 互いに向き合って戦う、また争う、また競う。",闘 → JPDB Kanji Freq: 624,漢字の読みを入力してください,Text
__総__合，__総__意，__総__括,ソウ,"［総］六級
音: ソウ／ス 訓: ふさ／す・べる／すべ・て
意味: 纏(まと)める、纏めて一つにする、同「總」「揔」「惣」。
すべ・て、全て、皆(みな)、遍(あまね)く、同「總」「揔」「惣」。
ふさ、長い糸や紐の一方を束ね、もう片方を垂らしたもの、束ねていない方を「房」、同「總」。
総角(ソウカク)(あげまき)」、髪を束ねて紐で結(ゆ)わえ角(つの)のように突き立てる(結わえた先が垂れない)結い方、多く男児の髪の結い方、同「總角」、同「𩮀」「𩭤」。
青黄色、緑色、またそのような色の絹織物。",総 → JPDB Kanji Freq: 623,漢字の読みを入力してください,Text
軟__派__，__派__遣，__派__生，流__派__,ハ,"［派］五級
音: ハイ／ヘ／ハ 訓: 
意味: 本流から枝分かれした流れ。
本筋の流れ(本流、主流、本家)から分かれ出たもの。
本(もと)の一部を割(さ)いて、本とは違う場所・方向に向かわせる、派遣(ハケン)。",派 → JPDB Kanji Freq: 622,漢字の読みを入力してください,Text
"一__途__
ひとすじの道。同じ道。
「増加の━をたどる〔＝ふえ続ける〕」",ズ,"［途］四級
音: ト／ズ／ド 訓: みち
意味: (途切れることなく繋がっている)道、道路、同「涂」「塗」。
(目的とするところに達するための)道、道筋。",途 → JPDB Kanji Freq: 621,漢字の読みを入力してください,Text
__途__上，帰__途__，前__途__,ト,"［途］四級
音: ト／ズ／ド 訓: みち
意味: (途切れることなく繋がっている)道、道路、同「涂」「塗」。
(目的とするところに達するための)道、道筋。",途 → JPDB Kanji Freq: 621,漢字の読みを入力してください,Text
__商__売，__商__業，貿易__商__,ショウ,"［商］八級
音: ショウ 訓: あきな・う
意味: 物を売買する、古くは「行商」を指し、市場で店を構えて商売することを「賈」といった。
(品質や条件など)さまざまなことを考え合わせて見当ケントウを付ける、推し量(はか)る、「商売をするためには欠かせない能力」であることから。
話し合う、意見を交換する。
数を割って得た値。
古代(紀元前16世紀から11世紀頃)の王朝の名、別名、殷(イン)、殷商(インショウ){商(殷)代}。
古代五音ゴイン(宮・商・角・徴・羽)の一つ{音楽(音階)}。
二十八宿東方青龍セイリュウの一つ、別名「心宿」{二十八宿}。",商 → JPDB Kanji Freq: 620,漢字の読みを入力してください,Text
__令__嬢，法__令__，命__令__,レイ,"［令］七級
音: レイ／リョウ 訓: 
意味: 神や君主などの上位者が人を集め自身の意向を伝える。
(神や君主など上位者の)言いつけ、指示、指図、命令(メイレイ)、号令(ゴウレイ)。
法律、決まりごと、、律令(リツリョウ)。
役所の長チョウ、官職の名、、縣令(ケンレイ)。
善(よ)い、美しい。
相手の親族に対する敬称、、令嬡(レイアイ)(相手の娘、ご令嬢)」。
「令A(人)B(動作)」の用法で「AをしてBさせる」「AにBをさせる」。
もし(if)。",令 → JPDB Kanji Freq: 619,漢字の読みを入力してください,Text
__図__画，__図__表，地__図__,ズ,"［図］
音: ズ(ヅ)、ト 訓: はか(る)
意味: ①「ず」
ア：「物や位置を線や点を使って表したもの」(例：地図、図面)
[絵・図の違い]「絵」⇒物や考えを色や形を使って表したもの。「図」⇒物や位置を線や点を使って表したもの。
イ：「物や位置を線や点を使って表す事」(例：縮図)
ウ：「点・線・面が集まって一つの形を構成しているもの」(例：図形)
エ：「物事の様子(状況・状態)」(例：見られた図でない)
オ：「考えてた通り(予想通り)」
カ：「計画」
キ：「十二律(中国や日本で用いる音の高さを12段階に分けたもの)の各音階の正しい音の高さを書いて表したもの」
ク：「調子(動作や進行の勢い)」(例：図に乗る)
②「と」
ア：「物や位置を線や点を使って表したもの」(例：画図)
イ：「本」(例：図書館)
ウ：「地球表面の一部または全部を縮小し、記号・文字等を用いて平面上に表したもの」(例：版図)
エ：「物事を行おうとして色々と考える」(例：意図)
オ：「計画」(例：企図)
カ：「未来記(未来に起こる事を予言した本)」(例：図讖)
③「はかる(物事を行おうとして色々と考える。計画する。)」(例：解決を図る)
④「中国古代の伝説で、竜馬が黄河から背負って出たという八卦の図(物を線や点を使って表したもの)」
※八卦とは、易で用いられる基本図像の事を言う。八卦を2つずつ組み合わせる事により六十四卦が作られる。
※易とは、中国の占いの1つ。[計・測・量・図・謀・諮の使い分け]
(はかる)
「計」・・・「数や時間を数える。まとめて考える。」(例：時計を計る、国の将来を計る)
「測」・・・「一定の基準で物の度合い(程度)を調べる」(例：距離を測る)
「量」・・・「重さや体積を度合い(程度)を調べる」(例：体重を量る)
「図」・・・「物事を行おうとして色々と考える。計画する。」(例：合理化を図る)
「謀」・・・「悪い事を行おうと計画を立てる。だます(嘘を言って、本当でないことを 本当であると思い込ませる)。」(例：脱走を謀る)
「諮」・・・「相談する。」(例：会議に諮る)",図 → JPDB Kanji Freq: 618,漢字の読みを入力してください,Text
__図__書，意__図__，壮__図__,ト,"［図］
音: ズ(ヅ)、ト 訓: はか(る)
意味: ①「ず」
ア：「物や位置を線や点を使って表したもの」(例：地図、図面)
[絵・図の違い]「絵」⇒物や考えを色や形を使って表したもの。「図」⇒物や位置を線や点を使って表したもの。
イ：「物や位置を線や点を使って表す事」(例：縮図)
ウ：「点・線・面が集まって一つの形を構成しているもの」(例：図形)
エ：「物事の様子(状況・状態)」(例：見られた図でない)
オ：「考えてた通り(予想通り)」
カ：「計画」
キ：「十二律(中国や日本で用いる音の高さを12段階に分けたもの)の各音階の正しい音の高さを書いて表したもの」
ク：「調子(動作や進行の勢い)」(例：図に乗る)
②「と」
ア：「物や位置を線や点を使って表したもの」(例：画図)
イ：「本」(例：図書館)
ウ：「地球表面の一部または全部を縮小し、記号・文字等を用いて平面上に表したもの」(例：版図)
エ：「物事を行おうとして色々と考える」(例：意図)
オ：「計画」(例：企図)
カ：「未来記(未来に起こる事を予言した本)」(例：図讖)
③「はかる(物事を行おうとして色々と考える。計画する。)」(例：解決を図る)
④「中国古代の伝説で、竜馬が黄河から背負って出たという八卦の図(物を線や点を使って表したもの)」
※八卦とは、易で用いられる基本図像の事を言う。八卦を2つずつ組み合わせる事により六十四卦が作られる。
※易とは、中国の占いの1つ。[計・測・量・図・謀・諮の使い分け]
(はかる)
「計」・・・「数や時間を数える。まとめて考える。」(例：時計を計る、国の将来を計る)
「測」・・・「一定の基準で物の度合い(程度)を調べる」(例：距離を測る)
「量」・・・「重さや体積を度合い(程度)を調べる」(例：体重を量る)
「図」・・・「物事を行おうとして色々と考える。計画する。」(例：合理化を図る)
「謀」・・・「悪い事を行おうと計画を立てる。だます(嘘を言って、本当でないことを 本当であると思い込ませる)。」(例：脱走を謀る)
「諮」・・・「相談する。」(例：会議に諮る)",図 → JPDB Kanji Freq: 618,漢字の読みを入力してください,Text
__防__備，堤__防__，予__防__,ボウ,"［防］六級
音: ホウ／ボウ 訓: ふせ・ぐ
意味: 堤(つつみ)、水が溢(あふ)れ出てくることがないように或いは流れを変えるために土や石などを高く盛って遮(さえぎ)る、堤防(テイボウ)。
災害や危険などが及ばないように備(そな)える、備え守る。",防 → JPDB Kanji Freq: 617,漢字の読みを入力してください,Text
__甘__言，__甘__受，__甘__味料,カン,"［甘］四級
音: カン 訓: あま・い／あま・える／あま・やかす／あま・んずる／うま・い
意味: あま・い、五味(甘・酸・鹹・苦・辛)の一つ、同「甜」。
あま・い、口当たりがよい。
うま・い、美味(おい)しい、味が良い。
あま・んずる、満足する、よしとする、よしとして受け入れる。
あまい、部首名。",甘 → JPDB Kanji Freq: 616,漢字の読みを入力してください,Text
__巻__頭，圧__巻__，一__巻__,カン,"［巻］五級
音: ケン／カン 訓: ま・く
意味: 膝を曲げる。
ま・く、ぐるぐると渦状に回す、周りをぐるぐると囲む、転がすようにして筒状に丸める。
書物、巻物になっていたことから。
一つの書物が幾つかの巻物(まきもの)や冊子サッシや篇ヘン(首尾が完結した文章)に分かれている時にその数を数える語。",巻 → JPDB Kanji Freq: 615,漢字の読みを入力してください,Text
__捨__象，四__捨__五入，取__捨__，喜__捨__,シャ,"［捨］五級
音: シャ 訓: す・てる
意味: 手放(てばな)す、棄(す)てる、握った手を解(と)いて手の中のものを放(ほう)る、同簡「舍」。
財物などを他に与える、施(ほどこ)す、喜捨(キシャ)、施捨(シシャ)、同「舍」。",捨 → JPDB Kanji Freq: 613,漢字の読みを入力してください,Text
__暴__言，横__暴__，乱__暴__,ボウ,"［暴］六級
音: ホウ／ボウ／ホク／ボク／バク 訓: あば・く／あば・れる
意味: 粗野な、粗野で荒々しい、同「虣」。
荒々しい、激しい、度が過ぎる。
(荒々しいことや激しいことが)突然に、不意に、同「曓」。
陽の当たる表に出す、(屋外に出して)日光や風雨などに当てる、陽に晒(さら)す、同「曝」「㬥」「晞」。",暴 → JPDB Kanji Freq: 612,漢字の読みを入力してください,Text
__暴__露,バク,"［暴］六級
音: ホウ／ボウ／ホク／ボク／バク 訓: あば・く／あば・れる
意味: 粗野な、粗野で荒々しい、同「虣」。
荒々しい、激しい、度が過ぎる。
(荒々しいことや激しいことが)突然に、不意に、同「曓」。
陽の当たる表に出す、(屋外に出して)日光や風雨などに当てる、陽に晒(さら)す、同「曝」「㬥」「晞」。",暴 → JPDB Kanji Freq: 612,漢字の読みを入力してください,Text
__救__助，__救__援，__救__急,キュウ,"［救］六級
音: キュウ／ク 訓: すく・う
意味: 止(と)める、引き止める、押し止(とど)める、同「𣪋」「𧧷」。
助ける、手を貸し助ける、同「捄」「𧧷」。",救 → JPDB Kanji Freq: 611,漢字の読みを入力してください,Text
__紙__面，用__紙__，新聞__紙__,シ,"［紙］九級
音: シ 訓: かみ
意味: 植物などの繊維を抄(す)き薄く平らにしたもの、paper。",紙 → JPDB Kanji Freq: 610,漢字の読みを入力してください,Text
__職__業，__職__務，就__職__,ショク,"［職］六級
音: ショク／シキ 訓: 
意味: 力を
一定の業務や役目を司(つかさど)る。
担当する業務や役目、またそこでの地位。",職 → JPDB Kanji Freq: 609,漢字の読みを入力してください,Text
__舞__踏，__舞__台，鼓__舞__,ブ,"［舞］四級
音: ブ／ム 訓: まい／ま・う
意味: 手足や体を動かし踊(おど)り喜怒哀楽(キドアイラク)を表現する、同「儛」「𦐀」。
(舞うように)飛ぶ、(舞うように)揺(ゆ)らす。
弄(いじ)くって変えてしまう。",舞 → JPDB Kanji Freq: 608,漢字の読みを入力してください,Text
__量__産，測__量__，度__量__,リョウ,"［量］七級
音: リョウ／ロウ 訓: かさ／はか・る
意味: 容積(体積)またその軽重・大小の程度、またそれを計測する、またそれを計測するための容器{各種単位(量)}。
ものの大きさや重さを推(お)し測る。
入れ物(いれもの)の大きさ、ものを受け入れることができる度合、能力や心の大きさ(広さ)。",量 → JPDB Kanji Freq: 607,漢字の読みを入力してください,Text
__恥__辱，無__恥__，破廉__恥__,チ,"［恥］四級
音: チ 訓: はじ／は・じる／は・じらう／は・ずかしい
意味: 面目メンモクない、顔向けできない、きまりが悪い、恥辱(チジョク)、羞恥(シュウチ)。",恥 → JPDB Kanji Freq: 606,漢字の読みを入力してください,Text
__更__新，__更__迭，変__更__,コウ,"［更］四級
音: コウ／キョウ 訓: さら・に／さら／ふ・ける
意味: それまで(これまで)続けてきたことを改(あらた)めて、それ以降も(これ以降も)続ける、それまでのものを別のものに替える。
さら・に、その上に、一段と。
さら・に、重ねて、加えて。
さら・に、その他(ほか)に。
ふ・ける、一段と時(年・時刻・季節・年齢など)が過ぎる、時を重ねる、経験を積む。
一夜を五等分した時間、五更(ゴコウ)、その時間を順に「一更(初更)・二更・三更・四更・五更」という。",更 → JPDB Kanji Freq: 605,漢字の読みを入力してください,Text
返__済__，救__済__，経__済__,サイ,"［済］五級
音: セイ／サイ 訓: な・す／すく・う／す・む／す・ます
意味: (舟で)川を渡る。
(難所を、難事を)渡り切る、(互いに手を貸しあって)乗り切る。
手を貸して救い上げる、困っている人に手を貸して(足りないものを補い合って)みなと同じ状態にまでにする、救済(キュウサイ)。
みなが揃う、きれいに揃える。
現河南省済源市を源とする古川名、古くは渤海に
日止(や)む、終わる。",済 → JPDB Kanji Freq: 604,漢字の読みを入力してください,Text
__吸__収，__吸__入，呼__吸__,キュウ,"［吸］五級
音: キュウ／コウ 訓: す・う
意味: 口や鼻から気体(空気など)や液体(液状のもの)を体の中に取り込む、同「噏」、出すのは「呼」。
吸吸(キュウキュウ)雲が動くさま。",吸 → JPDB Kanji Freq: 603,漢字の読みを入力してください,Text
__南__北，__南__端，指__南__,ナン,"［南］九級
音: ダン／ナン／ナ 訓: みなみ
意味: 東トウ(ひがし、太陽が昇る方角)を向いたときに右の方角、陽が射し込む方角、左の方角を「北」。",南 → JPDB Kanji Freq: 602,漢字の読みを入力してください,Text
__南__無,ナ,"［南］九級
音: ダン／ナン／ナ 訓: みなみ
意味: 東トウ(ひがし、太陽が昇る方角)を向いたときに右の方角、陽が射し込む方角、左の方角を「北」。",南 → JPDB Kanji Freq: 602,漢字の読みを入力してください,Text
__弱__点，__弱__小，強__弱__,ジャク,"［弱］九級
音: ジャク／ニャク 訓: よわ・い／よわ・る／よわ・まる／よわ・める
意味: (何かをするために必要な)力が十分でない、力が足りない、力が劣(おと)っている、力強さがない。
やや足りない、やや及ばない。
衰(おとろ)える、力強さがなくなる。
しなやかなさま、柔らかいさま。
若い、幼い。",弱 → JPDB Kanji Freq: 601,漢字の読みを入力してください,Text
__処__置，__処__罰，__処__女,ショ,"［処］五級
音: ショ 訓: ところ／お・る／お・く／こ
意味: 腰を落ち着ける、居(い)る、止(とど)まる、またその場所。
腰を落ち着けて留(とど)まっているさま、処士(ショシ)(能力がありながら出仕しない人)」、処女(ショジョ)(嫁がずに家にいる女性)」。
あるべきところに置く、しかるべきところに落ち着ける、、処分(ショブン)。
(場所・時・物事・状態などの)ところ。",処 → JPDB Kanji Freq: 600,漢字の読みを入力してください,Text
__霊__感，__霊__魂，__霊__長類,レイ,"［霊］三級
音: レイ／リョウ 訓: たま／たましい
意味: 直接に見たり触れたりはできないが確かに存在していることを感じられるもの、またその働き、またその働きが人間にもたらすもの、神。
神秘的な現象、不思議なはたらきをするもの。
生セイあるものの内に宿りその生長・活動などの働きを司ると考えられたもの、魂、精神。
舞いながら祈祷し神や霊のお告げを聞き、また神や霊に人の願いを伝える女性、同「巫」。",霊 → JPDB Kanji Freq: 599,漢字の読みを入力してください,Text
悪__霊__，死__霊__,リョウ,"［霊］三級
音: レイ／リョウ 訓: たま／たましい
意味: 直接に見たり触れたりはできないが確かに存在していることを感じられるもの、またその働き、またその働きが人間にもたらすもの、神。
神秘的な現象、不思議なはたらきをするもの。
生セイあるものの内に宿りその生長・活動などの働きを司ると考えられたもの、魂、精神。
舞いながら祈祷し神や霊のお告げを聞き、また神や霊に人の願いを伝える女性、同「巫」。",霊 → JPDB Kanji Freq: 599,漢字の読みを入力してください,Text
携__帯__，地__帯__，連__帯__,タイ,"［帯］七級
音: タイ 訓: おび／お・びる
意味: 衣服が開(はだ)けないように胸の下に辺りに巻いて結ぶ長く幅広の布、またそれを巻く{服飾(衣服)}。
(帯に挟んだり、帯のように巻いたり結わえたりして)身に着ける、着用する。
(帯のようにぴたりと)付く、また付き随(したが)う。
(帯のように)細く長いもの、またそのような形のもの。",帯 → JPDB Kanji Freq: 598,漢字の読みを入力してください,Text
幽__閉__，__閉__店，__閉__口，密__閉__,ヘイ,"［閉］五級
音: ヘイ／ハイ 訓: し・める／と・ざす／と・じる
意味: ものが出入りするところ(門・戸・窓・穴など)から出たり入ったりできないようにする、塞ぐ、「密閉」「閉塞」。
中に入れて外に出られないようにする、「幽閉」。
しっかりと止める、そこまでで止める、止めて動かないようにする、「閉会」「閉鎖」。",閉 → JPDB Kanji Freq: 597,漢字の読みを入力してください,Text
音__響__，影__響__，交__響__楽,キョウ,"［響］四級
音: キョウ／コウ 訓: ひび・く
意味: 声や音、声や音を立てる。
(声や音などの振動が)辺りに広がる、鳴り渡(わた)る。",響 → JPDB Kanji Freq: 596,漢字の読みを入力してください,Text
__微__塵,ミ,"［微］四級
音: ビ／ミ 訓: かす・か
意味: 非常に小さい、はっきり見えないほど小さい、同「𢼸」「𣁋」。
小さくて目立たない。
目立たないようにこっそりと、密(ひそ)かに、同「𧗬」。
身分が低い、「身分が低く目立たない」の意。
僅(わず)か、非常に少ない、また細(こま)かい、また弱い。
10の-6乗{数字}。",微 → JPDB Kanji Freq: 595,漢字の読みを入力してください,Text
__微__細，__微__笑，衰__微__,ビ,"［微］四級
音: ビ／ミ 訓: かす・か
意味: 非常に小さい、はっきり見えないほど小さい、同「𢼸」「𣁋」。
小さくて目立たない。
目立たないようにこっそりと、密(ひそ)かに、同「𧗬」。
身分が低い、「身分が低く目立たない」の意。
僅(わず)か、非常に少ない、また細(こま)かい、また弱い。
10の-6乗{数字}。",微 → JPDB Kanji Freq: 595,漢字の読みを入力してください,Text
__捕__獲，__捕__虜，逮__捕__,ホ,"［捕］四級
音: ホ／ブ 訓: つか・まえる／つか・まる／とら・える／とら・われる／と・る
意味: (逃げるものを追いかけて、或いは隠れているもの捜し出して)掴(つか)まえる、捉(つか)まえる、取り押さえる。",捕 → JPDB Kanji Freq: 594,漢字の読みを入力してください,Text
__字__画，文__字__，活__字__,ジ,"［字］十級
音: シ／ジ 訓: あざな／あざ
意味: 子を生む、生まれた子を慈(いつく)しみ育てる、同「𡥜」。
あざな、成人時に名付ける本名以外の名、男子は二十歳で成人とし初めて冠を被り、女子は許嫁(キョカ、いいなずけ、親同士が結婚の約束をすること)を以て成人とし初めて笄(こうがい、髪に刺す簪の類)を刺し、字(あざな)が与えられた、同「𡥜」。
言葉や音を表すための符号、古くは象形文字(ものの形を象った字、「宀」「子」もその一つ)や指事文字(形のないものを表す字、「一」「二」「上」「下」など)を「文」といい、それらを組み合わせたもの(「字」を例にとれば「宀」「子」)を「字」といった、後には「文」「字」の区別はなくなり「字」が用いられる
日あざ、町村の小区画。",字 → JPDB Kanji Freq: 593,漢字の読みを入力してください,Text
__騎__士，__騎__馬，一__騎__当千,キ,"［騎］三級
音: キ／ギ 訓: 
意味: (馬などの背に)両足を開き跨(またが)るようにして乗る。
兵士が(人が)跨り乗っている馬、またその頭数を表す語。",騎 → JPDB Kanji Freq: 592,漢字の読みを入力してください,Text
__求__職，要__求__，追__求__,キュウ,"［求］七級
音: キュウ／グ 訓: もと・める
意味: 探(さが)す、飽(あ)くまでも捜(さが)す。
欲しいものを何とか得ようとする、他人にものが欲しい(して欲しい)とねだる、強く乞(こ)う。",求 → JPDB Kanji Freq: 591,漢字の読みを入力してください,Text
__演__じる，__演__技，__演__奏，講__演__,エン,"［演］六級
音: エン 訓: 
意味: 水がどこまでも伸びて流れる、涴演(エンエン)(川が曲がりくねりながら延々エンエンと流れるさま)」。
広げる、行(ゆ)き渡(わた)らせる。
元(もと)となるもの・元からあるものを基(もと)にして、付け加え形を変えて広げていく、また伸ばしていく、また展開テンカイする、また実際にやってみる。",演 → JPDB Kanji Freq: 590,漢字の読みを入力してください,Text
__宿__泊，__宿__題，合__宿__,シュク,"［宿］八級
音: シュク／スク／シュウ／シュ 訓: やど・る／やど・す／やど
意味: 屋根の下(家屋の中)で一夜を過ごす、また止(とど)まって休息する。
休息したり泊まったり(宿泊したり)するところ、旅宿(リョシュク)(宿場)」、宿舍(シュクシャ)(旅館、寄宿舎)
止(とど)まる、留(とど)まる、、宿怨(シュクエン)(心に留まって去らない恨み)」、星宿(セイシュク)(同じ位置関係を保つ星座)」
日や年を跨(また)ぐ、、宿醉(シュクスイ)(酒が次の日まで残る、二日酔い)」、宿根(シュッコン)(植物の葉や茎が枯れても根は残り次の年に再び芽を出す)」。
年(や経験)を重ねる、またそのような人。",宿 → JPDB Kanji Freq: 589,漢字の読みを入力してください,Text
__了__解，完__了__，校__了__,リョウ,"［了］三級
音: リョウ 訓: 
意味: ～し終わる、～し終える、完結する。
はっきりと分かる、はっきりしている、明らかなさま、同「瞭」。
全く、すっかり。",了 → JPDB Kanji Freq: 588,漢字の読みを入力してください,Text
__政__治，行__政__，家__政__,セイ,"［政］六級
音: セイ／ショウ 訓: まつりごと
意味: 正(ただ)す、正しくする、同「正」。
社会などの秩序チツジョを公正・公平に保(たも)つこと、またその仕事、またその手順・方法、政治(セイジ)(国を治めること)」、政事(セイジ)(政治に関わる事柄)」。",政 → JPDB Kanji Freq: 587,漢字の読みを入力してください,Text
摂__政__,ショウ,"［政］六級
音: セイ／ショウ 訓: まつりごと
意味: 正(ただ)す、正しくする、同「正」。
社会などの秩序チツジョを公正・公平に保(たも)つこと、またその仕事、またその手順・方法、政治(セイジ)(国を治めること)」、政事(セイジ)(政治に関わる事柄)」。",政 → JPDB Kanji Freq: 587,漢字の読みを入力してください,Text
__種__類，人__種__，品__種__,シュ,"［種］七級
音: ショウ／シュ 訓: たね
意味: (植物が)生長し実を結ぶ元になるもの、またそれを植え付ける、またそれを蒔(ま)く。
起源を同じにするもの、共通性のあるもの、またその集まり。
簡「种」。",種 → JPDB Kanji Freq: 586,漢字の読みを入力してください,Text
"下__種__・下衆・下司
一（名）身分の低い者。
二（名・形動ダ）品性のいやしいさま。また、その人。「下種な根性」",ス,"［種］七級
音: ショウ／シュ 訓: たね
意味: (植物が)生長し実を結ぶ元になるもの、またそれを植え付ける、またそれを蒔(ま)く。
起源を同じにするもの、共通性のあるもの、またその集まり。
簡「种」。",種 → JPDB Kanji Freq: 586,漢字の読みを入力してください,Text
__興__味，__興__趣，余__興__,キョウ,"［興］六級
音: キョウ／コウ 訓: おこ・る／おこ・す／おき・る
意味: 起き上がる、すっくと立つ。
持ち上げる、高く挙(あ)げる。
高(たか)ぶる、高揚コウヨウする、盛り上がる。
盛んになる、栄える。",興 → JPDB Kanji Freq: 585,漢字の読みを入力してください,Text
__興__行，復__興__，振__興__,コウ,"［興］六級
音: キョウ／コウ 訓: おこ・る／おこ・す／おき・る
意味: 起き上がる、すっくと立つ。
持ち上げる、高く挙(あ)げる。
高(たか)ぶる、高揚コウヨウする、盛り上がる。
盛んになる、栄える。",興 → JPDB Kanji Freq: 585,漢字の読みを入力してください,Text
__象__徴，対__象__，現__象__,ショウ,"［象］六級
音: ショウ／ゾウ 訓: かたど・る／かたち
意味: 象(ゾウ)、ゾウ科の哺乳類、また同科の哺乳類の称。
もの(者や物)の姿形すがたかたち、同「像」。
もの(者や物)の姿形に似せる、また似る、また似せて作ったもの、同「像」。",象 → JPDB Kanji Freq: 584,漢字の読みを入力してください,Text
__象__眼，巨__象__,ゾウ,"［象］六級
音: ショウ／ゾウ 訓: かたど・る／かたち
意味: 象(ゾウ)、ゾウ科の哺乳類、また同科の哺乳類の称。
もの(者や物)の姿形すがたかたち、同「像」。
もの(者や物)の姿形に似せる、また似る、また似せて作ったもの、同「像」。",象 → JPDB Kanji Freq: 584,漢字の読みを入力してください,Text
__根__拠，__根__気，平方__根__,コン,"［根］八級
音: コン 訓: ね
意味: 植物の主に土中や水中にあって茎(くき)や幹(みき)を通じて枝葉シヨウ(えだは)に水分・養分を送る役割を担(にな)う部分。
物事を支える基本・基礎となる部分、元(もと)となる物事。
枝葉のように伸び広がる物事の始まり、起源キゲン。",根 → JPDB Kanji Freq: 583,漢字の読みを入力してください,Text
__極__限，終__極__，積__極__的,キョク,"［極］七級
音: キョク／ゴク 訓: きわ・み／きわ・まる／きわ・める／きわ・めて
意味: 屋根の棟(むね)、最も高いところ、またそこに渡した木、棟木(むなぎ)。
頂点、先端。
これ以上はない、それより先はない、またそこに達する。
究(きわ)まる、尽(つ)きる。
最高の、最上の。
10の48乗{数字}。
簡「极」。",極 → JPDB Kanji Freq: 582,漢字の読みを入力してください,Text
__極__上，__極__秘，至__極__,ゴク,"［極］七級
音: キョク／ゴク 訓: きわ・み／きわ・まる／きわ・める／きわ・めて
意味: 屋根の棟(むね)、最も高いところ、またそこに渡した木、棟木(むなぎ)。
頂点、先端。
これ以上はない、それより先はない、またそこに達する。
究(きわ)まる、尽(つ)きる。
最高の、最上の。
10の48乗{数字}。
簡「极」。",極 → JPDB Kanji Freq: 582,漢字の読みを入力してください,Text
__逆__上，__逆__転，順__逆__,ギャク,"［逆］六級
音: ゲキ／ギャク 訓: さか・らう
意味: →向きに進むべきものが←向きに進む、進むべき道(道理や道徳など)に反する、本来の(一般的な)方向や順序と反対向きである、逆行(ギャッコウ)、逆流(ギャクリュウ)、同「屰」。
背(そむ)く、反ハンする、従わない、、逆命(ギャクメイ)(命令に背く)」。
やって来る→人を、こちらから出向いて←迎える。
出会う、→向きに進んでいる人が、←向きに進んできた人と出会う、同「遌」。
予(あらかじ)め、前もって。",逆 → JPDB Kanji Freq: 581,漢字の読みを入力してください,Text
__逆__鱗，__逆__鱗に触れる,ゲキ,"［逆］六級
音: ゲキ／ギャク 訓: さか・らう
意味: →向きに進むべきものが←向きに進む、進むべき道(道理や道徳など)に反する、本来の(一般的な)方向や順序と反対向きである、逆行(ギャッコウ)、逆流(ギャクリュウ)、同「屰」。
背(そむ)く、反ハンする、従わない、、逆命(ギャクメイ)(命令に背く)」。
やって来る→人を、こちらから出向いて←迎える。
出会う、→向きに進んでいる人が、←向きに進んできた人と出会う、同「遌」。
予(あらかじ)め、前もって。",逆 → JPDB Kanji Freq: 581,漢字の読みを入力してください,Text
__具__体的，__具__備，道__具__,グ,"［具］八級
音: ク／グ 訓: そな・わる／そな・える／つぶさ・に
意味: そな・わる、そな・える、必要なものが揃っている、必要なものを揃える。
必要なものが身に付いている。
(食事のための器具、戦うための武具、作業するための道具などの)揃えておく必要があるもの。
つぶさ・に、漏れなく詳しく。",具 → JPDB Kanji Freq: 580,漢字の読みを入力してください,Text
__除__外，__除__数，解__除__,ジョ,"［除］五級
音: チョ／ジョ／ジ 訓: のぞ・く／の・ける／よ・ける
意味: そこにあるものを押し退(の)ける、押し退けて場所をあける。
取り払う、取り去る。
それまでの官職を解(と)いて新しい官職に就(つ)ける、除官(ジョカン)。
それまでのものに代わって新しいものになる(する)、除夕(ジョセキ)、除夜(ジョヤ)(一年の最後の日の夜、新年最初の日の前夜)」。
建物正面の(昇殿するための)階段カイダン。
数を割る、割り算。",除 → JPDB Kanji Freq: 579,漢字の読みを入力してください,Text
掃__除__,ジ,"［除］五級
音: チョ／ジョ／ジ 訓: のぞ・く／の・ける／よ・ける
意味: そこにあるものを押し退(の)ける、押し退けて場所をあける。
取り払う、取り去る。
それまでの官職を解(と)いて新しい官職に就(つ)ける、除官(ジョカン)。
それまでのものに代わって新しいものになる(する)、除夕(ジョセキ)、除夜(ジョヤ)(一年の最後の日の夜、新年最初の日の前夜)」。
建物正面の(昇殿するための)階段カイダン。
数を割る、割り算。",除 → JPDB Kanji Freq: 579,漢字の読みを入力してください,Text
__歳__末，__歳__月，二十__歳__,サイ,"［歳］四級
音: セイ／サイ 訓: とし
意味: 年とし、一年、同じ季節が一巡する期間。
年齢、年齢を数える語。
その年の穀物の収穫の具合。
木星、五星(ゴセイ、木星・土星・水星・火星・金星)の一つ。",歳 → JPDB Kanji Freq: 578,漢字の読みを入力してください,Text
__歳__暮,セイ,"［歳］四級
音: セイ／サイ 訓: とし
意味: 年とし、一年、同じ季節が一巡する期間。
年齢、年齢を数える語。
その年の穀物の収穫の具合。
木星、五星(ゴセイ、木星・土星・水星・火星・金星)の一つ。",歳 → JPDB Kanji Freq: 578,漢字の読みを入力してください,Text
__疑__念，__疑__問，容__疑__,ギ,"［疑］五級
音: ギ 訓: うたが・う
意味: ああかもしれないこうかもしれないと思いが乱れ一歩を踏み出せない、もしかしたらと惑(まど)いどちらとも決め兼ねる。
(はっきりとした根拠はないが)もしかしたらと思う、違っているのではないかと思う。
(はっきりとした根拠はないが)そうではないかと思う。",疑 → JPDB Kanji Freq: 577,漢字の読みを入力してください,Text
__罪__状，犯__罪__，謝__罪__,ザイ,"［罪］六級
音: サイ／ザイ 訓: つみ／つみ・する
意味: 魚を獲(と)るための竹製の網。
法ホウを犯す、法に反する、またそのような行為、罰せられるべき過(あやま)ち、またそのような行為をした者、またそのような者を罰する。
過失、過ち。",罪 → JPDB Kanji Freq: 576,漢字の読みを入力してください,Text
状__況__，実__況__，概__況__,キョウ,"［況］四級
音: キョウ／コウ 訓: いわ・んや／ま・してや
意味: 様子、有様(ありさま)、状態。
他と比べる、他の例を引く、譬(たと)える。
いわ・んや、ま・してや、「況～乎」の用法で「まして～は言うまでもない」
益々(ますます)。",況 → JPDB Kanji Freq: 575,漢字の読みを入力してください,Text
__工__面，細__工__，大__工__,ク,"［工］九級
音: コウ／ク 訓: たくみ
意味: 物をつくる巧(たく)みな技わざ、また物づくりが巧みなさま。
できばえが精巧セイコウなさま、同「㣉」。
匠(たくみ)、物をつくる技術・技能に秀(ひい)でた人、またそれを職業とする人、同「㣉」。
工尺(コウシャク)、工尺譜(コウシャクフ)、楽譜の表記法の一つ、音階を文字で表す{音楽(音階)}。
こう、たくみ、部首名。",工 → JPDB Kanji Freq: 574,漢字の読みを入力してください,Text
__工__場，加__工__，人__工__,コウ,"［工］九級
音: コウ／ク 訓: たくみ
意味: 物をつくる巧(たく)みな技わざ、また物づくりが巧みなさま。
できばえが精巧セイコウなさま、同「㣉」。
匠(たくみ)、物をつくる技術・技能に秀(ひい)でた人、またそれを職業とする人、同「㣉」。
工尺(コウシャク)、工尺譜(コウシャクフ)、楽譜の表記法の一つ、音階を文字で表す{音楽(音階)}。
こう、たくみ、部首名。",工 → JPDB Kanji Freq: 574,漢字の読みを入力してください,Text
__散__歩，__散__文，解__散__,サン,"［散］七級
音: サン 訓: ち・る／ち・らす／ち・らかる／ち・らばる
意味: 分け離す、固まっていたり纏(まと)まっていたりしたものをばらばらにする、同「㪔」。
束縛する力がなくなってばらばらになる、ばらばらになってあちこちに広がる。
あちこちに撒(ま)く、蒔(ま)く、ばらまく、同「撒」。
ばらばらで纏まりがない、取留(とりと)めがない。
固まっていない粉状のもの。",散 → JPDB Kanji Freq: 573,漢字の読みを入力してください,Text
__毎__度，__毎__日，__毎__々,マイ,"［毎］九級
音: バイ／マイ 訓: ごと
意味: 草が次々に生え出る。
同じようなこと(同じようなもの)が繰り返されること、またその一つ一つ、各々(おのおの)。
同じように繰り返される時は何時(いつ)も～、また常に～。",毎 → JPDB Kanji Freq: 572,漢字の読みを入力してください,Text
紙__片__，破__片__，断__片__,ヘン,"［片］五級
音: ヘン 訓: かた
意味: 切って(切り開いて、切り裂いて)薄く広げたもの、薄く平らなもの。
大きなものを小さく分けたその一つ、小さいもの。
少しであるさま、僅(わず)かなさま、片言(ヘンゲン)(簡単・簡潔な言葉)」。
日組み合わさって一つになるものの一方。
かた、かたへん、部首名。",片 → JPDB Kanji Freq: 571,漢字の読みを入力してください,Text
御__飯__，炊__飯__，赤__飯__,ハン,"［飯］七級
音: ハン／ボン 訓: めし／いい
意味: 米などの穀物を煮たり炊(た)いたりして柔らかくした(食べやすくした)もの。
(毎日定期的に摂とる)食事。
食べ物を食べる、食べ物を与える。",飯 → JPDB Kanji Freq: 570,漢字の読みを入力してください,Text
__聖__書，__聖__人，神__聖__,セイ,"［聖］五級
音: セイ／ショウ 訓: ひじり
意味: あらゆることに通じ礼に厚く情を知る人、智慧も徳もある人。
人格や技能などの最も秀でた人、崇敬すべき人。
尊く侵しがたいさま。
天子に関する事物に冠する語。
簡「圣」。",聖 → JPDB Kanji Freq: 569,漢字の読みを入力してください,Text
__惑__星，迷__惑__，誘__惑__,ワク,"［惑］四級
音: コク／ワク 訓: まど・う
意味: あれこれと心が乱れる、どうしてよいか分からずに迷う、判断や区別が定まらない。
人を迷わせる。",惑 → JPDB Kanji Freq: 568,漢字の読みを入力してください,Text
__戸__外，__戸__籍，下__戸__,コ,"［戸］九級
音: コ／グ／ゴ 訓: と／へ
意味: 開閉ができる外と内の仕切り、家や部屋の出入り口の片開きの扉、門内の建物の出入り口の扉、同「㦿」「𣥘」、大きな建物の出入り口の両開きの扉は「扉」。
人の住む家、またそれを数える言葉
日横方向に滑らせるようにして開閉する内と外との仕切り",戸 → JPDB Kanji Freq: 567,漢字の読みを入力してください,Text
__黙__殺，暗__黙__，沈__黙__,モク,"［黙］四級
音: ボク／モク 訓: だま・る
意味: (話を止めて)口を噤(つぐ)む、語(かた)らない、口を利かず静かにする。",黙 → JPDB Kanji Freq: 566,漢字の読みを入力してください,Text
__収__穫，__収__入，回__収__,シュウ,"［収］五級
音: シュウ／ス 訓: おさ・める／おさ・まる
意味: あちこちから取り集めて一カ所に纏(まと)める。
収穫したものを一カ所に集める、また役所がその一部を取り立てて公庫(政府の倉庫など)に入れる。
罪人を捕(とら)らえる、捕らえて檻などに入れる。
一つに纏める、一カ所に集める。
手の中に入れる、受け入れる、受け取る。",収 → JPDB Kanji Freq: 565,漢字の読みを入力してください,Text
__夏__季，初__夏__，盛__夏__,カ,"［夏］九級
音: カ／ゲ 訓: なつ
意味: 多くの異民族の中心にあって栄えた国、中国、また中国の人。
大きくものを覆(おお)うさま、盛んなさま。
現河南省西部・山西省南部周辺の黄河流域一帯を支配したとされる古国名、前21世紀～前17世紀{夏代}。
晋代の古国名、別名、大夏(タイカ)、407年～431年{晋(東晋)代}。
宋代の古国名、別名、西夏(セイカ)、1038年～1227年{宋代}。
四季(春・夏・秋・冬)の第二、陰暦(農暦或いは旧暦ともいう)の四月～六月(新暦では六月～八月)。",夏 → JPDB Kanji Freq: 564,漢字の読みを入力してください,Text
__夏__至,ゲ,"［夏］九級
音: カ／ゲ 訓: なつ
意味: 多くの異民族の中心にあって栄えた国、中国、また中国の人。
大きくものを覆(おお)うさま、盛んなさま。
現河南省西部・山西省南部周辺の黄河流域一帯を支配したとされる古国名、前21世紀～前17世紀{夏代}。
晋代の古国名、別名、大夏(タイカ)、407年～431年{晋(東晋)代}。
宋代の古国名、別名、西夏(セイカ)、1038年～1227年{宋代}。
四季(春・夏・秋・冬)の第二、陰暦(農暦或いは旧暦ともいう)の四月～六月(新暦では六月～八月)。",夏 → JPDB Kanji Freq: 564,漢字の読みを入力してください,Text
__右__岸，__右__折，__右__派,ウ,"［右］十級
音: ユウ／ウ 訓: みぎ
意味: 左と対ツイになる片方{筆順(左右)}。
南を向いた時の西の方向、西、西の方向、東は「左」。
上(うえ)、上にある、高い、上位、上位のもの、下は「左」。
(右手のように力が強い者が左手のように力が弱い者に手を貸し力を貸し)助ける、同「佑」「祐」、逆は「左」「佐」「𥙀」。
正しい、逆は「左」。
俗保守的な、守旧的な。",右 → JPDB Kanji Freq: 563,漢字の読みを入力してください,Text
左__右__，座__右__,ユウ,"［右］十級
音: ユウ／ウ 訓: みぎ
意味: 左と対ツイになる片方{筆順(左右)}。
南を向いた時の西の方向、西、西の方向、東は「左」。
上(うえ)、上にある、高い、上位、上位のもの、下は「左」。
(右手のように力が強い者が左手のように力が弱い者に手を貸し力を貸し)助ける、同「佑」「祐」、逆は「左」「佐」「𥙀」。
正しい、逆は「左」。
俗保守的な、守旧的な。",右 → JPDB Kanji Freq: 563,漢字の読みを入力してください,Text
__端__正，末__端__，極__端__,タン,"［端］四級
音: タン 訓: は／はし／はた
意味: 物事の始まり、最初、端緒(タンショ・タンチョ)、同「耑」。
始め(始まり)か終わりのどちらか片方、一端(イッタン)、両端(リョウタン)。
まっすぐなさま、先が(縁へりが)まっすぐに揃うさま、折り目(おりめ)正しいさま。
きちんとしているさま、均斉キンセイがとれているさま、、端正(タンセイ)。",端 → JPDB Kanji Freq: 562,漢字の読みを入力してください,Text
__門__戸，__門__下生，専__門__,モン,"［門］九級
音: ボン／モン 訓: かど
意味: 敷地の囲いの一部に設けた出入口、囲われたものの内から外へ(外から内へ)出入りするところ、同「𨳇」「閅」。
同じ入口から入って来た人、同じ囲いの中にいる人、同じ目的を持った人、同じ種類のもの。
もん、もんがまえ、かどがまえ、部首名。",門 → JPDB Kanji Freq: 561,漢字の読みを入力してください,Text
__激__動，感__激__，__激__する,ゲキ,"［激］五級
音: ケキ／キャク／ゲキ 訓: はげ・しい
意味: 水が岩などに当たりしぶきとなって高く飛び散るさま。
勢いが強いさま、猛烈なさま。
強く人の心を揺さぶるさま。",激 → JPDB Kanji Freq: 560,漢字の読みを入力してください,Text
__軽__快，__軽__薄，__軽__率,ケイ,"［軽］八級
音: ケイ／キョウ 訓: かる・い／かろ・やか
意味: 重くない、重くなく素早く動ける(車)、重くなく扱い易い(車)。
積載量が少ない、重さや程度が少ない。
重みがない、どっしりとしていない。
重要ではない。",軽 → JPDB Kanji Freq: 559,漢字の読みを入力してください,Text
__悲__喜，__悲__劇，慈__悲__,ヒ,"［悲］八級
音: ヒ 訓: かな・しい
意味: 心が深く(ひりひりと)痛む、心が締め付けられているような感じがして苦しむ、声は出るが涙は出ない状態。
仏教で人の苦しみを取り除こうとする憐れみの心、慈悲(ジヒ)",悲 → JPDB Kanji Freq: 558,漢字の読みを入力してください,Text
__復__活，往__復__，報__復__,フク,"［復］六級
音: フク／ブク 訓: かえ・る／また
意味: 来た道と同じ道を辿って帰る、引き返す。
元の位置や状態に戻す、また戻る、同「覆」、同簡「复」。
繰り返す、繰り返される。
問いに対して返答する、指示などに対してその結果を報告する。",復 → JPDB Kanji Freq: 557,漢字の読みを入力してください,Text
__割__愛，__割__拠，分__割__,カツ,"［割］五級
音: カツ／カチ 訓: さ・く／わ・る／わ・れる／わり
意味: 裂(さ)く、截(た)つ、面状(布・土地など)・立体状(石・木・家畜など)のものに切り込(こ)みを入れて分(わ)ける、切り開く、糸状・紐(ひも)状の長いもの(繋がっているもの)を途中で切って二つに離すのは「断」。
日比率の単位で全体の十分の一。
日。",割 → JPDB Kanji Freq: 556,漢字の読みを入力してください,Text
__観__察，客__観__，壮__観__,カン,"［観］七級
音: カン 訓: み・る
意味: 隅々までしっかりと見る、余すところなく見尽くす、觀察(カンサツ)(細部まで詳しく見て調べる)」。
辺りを見渡す、見回す
辺りを監視するための見張り櫓ロ(やぐら)、辺りの景色を見晴らす望楼ボウロウ
見回したときに見える景色や様相、、壯觀・壮観(ソウカン)(壮大な堂々とした眺め)」。
他に細部まで見せる、詳しく示す、、觀兵(カンペイ)(兵を揃えその威容を見せる)」。",観 → JPDB Kanji Freq: 555,漢字の読みを入力してください,Text
__路__上，道__路__,ロ,"［路］八級
音: ロ／ル 訓: みち／じ
意味: 通り道、都市内・集落内・城内・邸内などの連絡用の道。
道、人などが往来する道、道路(ドウロ)、同「道」。
行き方、方法。
天子や諸侯が乗る車、同「輅」。
宋(960年～1279年)・金(1115年～1234年)代に置かれた行政区画の名{宋代}。",路 → JPDB Kanji Freq: 554,漢字の読みを入力してください,Text
__超__越，__超__過，入__超__,チョウ,"［超］三級
音: チョウ 訓: こ・す／こ・える
意味: 跳(と)び越(こ)える、高く跳(は)ね上がってもののの上を越える、また越えてその先に出る。
抜きん出ているさま、飛び抜けているさま。",超 → JPDB Kanji Freq: 553,漢字の読みを入力してください,Text
__弾__力，__弾__圧，爆__弾__,ダン,"［弾］四級
音: タン／ダン 訓: はじ・く／ひ・く／はず・む／たま
意味: 弓の弦ゲン(つる)を大きく引き絞って矢を射(い)る、弦楽器を鳴らす、弦を引いたり引っ掛けたりしたした後にぱっと放す動き、またそれによって起こる振動や音を指す。
跳(は)ね返る。
たま、鉄砲などの玉、(弾丸のような)丸いもの。
厳しく糺(ただ)す。",弾 → JPDB Kanji Freq: 552,漢字の読みを入力してください,Text
__船__舶，乗__船__，汽__船__,セン,"［船］九級
音: セン／ゼン 訓: ふな／ふね
意味: 川や沿岸を行き来する舟、外洋に出られる大きな舟は「舶」。",船 → JPDB Kanji Freq: 551,漢字の読みを入力してください,Text
__論__じる，__論__証，__論__理，議__論__,ロン,"［論］五級
音: ロン 訓: あげつら・う
意味: 理リ(道理ドウリ、筋目すじめ)に沿って考える、理に適(かな)った考え。
きちんと筋道(すじみち、道理)に沿って(順序立てて)述べる。
道理(筋や理)に照らして物事(罪の軽重や功績の大小など)を判定する。
論語(ロンゴ)(孔子コウシの言行や高弟との問答などを記した書物)」の略。",論 → JPDB Kanji Freq: 550,漢字の読みを入力してください,Text
__増__減，__増__加，激__増__,ゾウ,"［増］六級
音: ソウ／ゾウ 訓: ふ・える／ふ・やす／ま・す
意味: 同質のものが積み重(かさ)なる、また繰り返される、同「曾」「層」。
付け加わる、大きくなる、多くなる。",増 → JPDB Kanji Freq: 549,漢字の読みを入力してください,Text
__退__却，__退__屈，進__退__,タイ,"［退］五級
音: タイ 訓: しりぞ・く／の・く／ひ・く／ど・く
意味: 後ろに向かう、後ろへ下がる、後ろ向きに進む、逆は「進」。
今いる場所から遠ざかる方に向かう、その場を立ち去る。
体を後へ引く、身を引く。
状態が悪くなる(衰える、弱まる)方に向かう、勢いがなくなる、鮮(あざ)やかさや美しさが少しずつ失われていく、同「褪」。",退 → JPDB Kanji Freq: 548,漢字の読みを入力してください,Text
__設__立，__設__備，建__設__,セツ,"［設］六級
音: セツ／セチ 訓: もう・ける／しつら・える
意味: 作る、作って据(す)える、拵(こしら)える。
据え置く、必要なものを揃えて並べ置く。
もし～、if。",設 → JPDB Kanji Freq: 547,漢字の読みを入力してください,Text
__細__心，詳__細__，零__細__,サイ,"［細］九級
音: セイ／サイ 訓: ほそ・い／ほそ・る／こま・か／こま・かい
意味: 小さい。
幅が狭い。
(細く)弱々しいさま、しなやかなさま。
(細部にまで亘って)詳(くわ)しい。",細 → JPDB Kanji Freq: 546,漢字の読みを入力してください,Text
応__接__，__接__触，__接__待，直__接__,セツ,"［接］六級
音: ショウ／セツ 訓: つ・ぐ／は・ぐ
意味: 二つのものが間近(まぢか)まで近づく、ぴったりと寄る。
交(まじ)える、触れ合わせる。
(人と)触れ合う、親しく交わる。
近くまで寄ってくるもの(寄ってきたもの)を受け入れる。",接 → JPDB Kanji Freq: 545,漢字の読みを入力してください,Text
__束__縛，結__束__，約__束__,ソク,"［束］七級
音: ショク／ソク 訓: たば／たば・ねる／つか／つか・ねる
意味: (長いものを)縛(しば)って一つにする、一つに纏(まと)める、同「捒」。
縛って一つにしたものの数を表す語。
縛る、縛ってばらばらにならないようにする、自由を制限する。
日つか、長さの単位、指四本をくっつけた時の幅。",束 → JPDB Kanji Freq: 544,漢字の読みを入力してください,Text
__準__備，__準__拠，基__準__，標__準__,ジュン,"［準］六級
音: シュン／ジュン 訓: なぞら・える
意味: 水平にする、均(なら)す。
水平かどうかを調べる道具、水準器(スイジュンキ)。
平(たいら)らな、公平な。
手本として倣(なら)うべきもの、物事の尺度となるもの、準則(ジュンソク)、標準(ヒョウジュン)。
倣(なら)う、擬(なぞら)える、他の物に似(に)せる、他の物事を例に引く。
同簡「准」。",準 → JPDB Kanji Freq: 543,漢字の読みを入力してください,Text
__階__段，__階__級，地__階__,カイ,"［階］八級
音: カイ／ケ 訓: きざはし／はし／しな
意味: 同じ高さの段ダン、上り下りするために同じ高さに揃え積み重ねたもの、階段(カイダン)。
梯子テイシ(はしご)。
高低の区切りの一つ一つ、等級。
階級(カイキュウ)階段地位・職位などの等級。
上(のぼ)る、登(のぼ)る、昇(のぼ)る、(「一段一段と段階を踏み上へ行く・前に進む」の意)。
日建物の層。",階 → JPDB Kanji Freq: 542,漢字の読みを入力してください,Text
__映__画，上__映__，反__映__,エイ,"［映］五級
音: エイ／ヨウ 訓: うつ・る／うつ・す／は・える
意味: 光が当たって明るい。
光が当たってくっきりと見える、くっきりと浮かび上がって見える。
くっきりとした陰(かげ)、くっきりとした陰ができる。",映 → JPDB Kanji Freq: 541,漢字の読みを入力してください,Text
"__越__境，超__越__，優__越__
__越__前，__越__前和紙","エツ,エチ","［越］四級
音: エツ／エチ／オチ 訓: こ・える／こ・す
意味: 行く手(ゆくて)を阻(はば)んでいるものの上を跨(また)ぐようにしてその先に行く、区切りや障害となっているものの先に行く、同「逾」。
度(ど、区切り・限度・程度・規準・規則など)の先に出る、分(ぶ、身の程、分限)を過ぎる、同「逾」。
春秋時代に現浙江省付近にあった古国名{春秋時代}。",越 → JPDB Kanji Freq: 540,漢字の読みを入力してください,Text
__謝__絶，感__謝__，陳__謝__,シャ,"［謝］六級
音: シャ／ジャ 訓: あやま・る
意味: 相手の誘いや勧(すす)めに、ありがたくは思うが、応(こた)えられない旨(感謝しつつも断りの言葉)を述べる、詫(わ)びて断る、辞退する、謝絶(シャゼツ)。
別れの言葉(一緒に過ごせたことに対する感謝と別れなければならないことに対する詫びの言葉)を告げる、辞去する。
礼を言う、詫びを言う。
お礼やお詫びの気持ちを込めて金品を贈る。
退く、去る、衰退する、謝世(シャセイ)(世を去る、死去する)」、代謝(タイシャ)(それまでのものが退き代りのものがそれに取って代わる)」。",謝 → JPDB Kanji Freq: 539,漢字の読みを入力してください,Text
__号__令，__号__外，番__号__,ゴウ,"［号］八級
音: コウ／ゴウ 訓: 
意味: 大声を出す、大声で呼ぶ、号令(ゴウレイ)、怒号(ドゴウ)。
大きな声で泣く、また鳴く、また吼(ほ)える、、号泣(ゴウキュウ)。
名付ける、正式な名前、、称号(ショウゴウ)。
正式な名前以外の呼び名、名称、記号(キゴウ)、屋号(ヤゴウ)。
数字などの後ろに添えて順番・順位を表す語、、番号(バンゴウ)、年号(ネンゴウ)。",号 → JPDB Kanji Freq: 538,漢字の読みを入力してください,Text
__怪__談，__怪__物，奇__怪__,カイ,"［怪］三級
音: カイ／ケ 訓: あや・しい／あや・しむ
意味: 普通とは違っていてるさま、これまでに見たことがないさま、譬(たと)えようががないさま。
得体が知れない、奇異な、不思議な。
不審に思う、疑わしく思う。",怪 → JPDB Kanji Freq: 537,漢字の読みを入力してください,Text
__驚__異，__驚__嘆,キョウ,"［驚］四級
音: ケイ／キョウ 訓: おどろ・く／おどろ・かす
意味: (馬が)不意のことにぎょっとする、びっくりする、同簡「惊」。",驚 → JPDB Kanji Freq: 536,漢字の読みを入力してください,Text
__住__所，安__住__，衣食__住__,ジュウ,"［住］八級
音: チュウ／ジュウ 訓: す・まい／す・まう／す・む
意味: 同じ場所に長期間に亘(わた)って留(とど)まる。
場所を定めて生活する、またその居所キョショ(いどころ)。
動詞の後に置いて「同じ場所や状態に留(とど)まる、同じ状態が続く」の意を表す。",住 → JPDB Kanji Freq: 535,漢字の読みを入力してください,Text
__若__年，__若__干，自__若__,ジャク,"［若］五級
音: ジャク／ニャク／ジャ／ニャ 訓: わか・い／も・し／も・しくは
意味: わか・い、柔(やわ)らかくしなやかなさま、生まれて間もないさま。
柔らかい(しなやかな、若い)草木。
逆(さか)らわずに従(したが)う。
もし～、仮に、或いは、もし～なら、もし～であれば。
も・しくは、～か或いは～。
～のような、～の如(ごと)く。
汝なんじ、君、あなた、おまえ。
音写字、般若(ハンニャ)(Prajñāプラジャニァ梵の音写、智慧チエ)」。
杜若(トジャク)ヤブミョウガ藪茗荷、ツユクサ科ヤブミョウガ属の草{ヤブミョウガ}日。",若 → JPDB Kanji Freq: 534,漢字の読みを入力してください,Text
老__若__,ニャク,"［若］五級
音: ジャク／ニャク／ジャ／ニャ 訓: わか・い／も・し／も・しくは
意味: わか・い、柔(やわ)らかくしなやかなさま、生まれて間もないさま。
柔らかい(しなやかな、若い)草木。
逆(さか)らわずに従(したが)う。
もし～、仮に、或いは、もし～なら、もし～であれば。
も・しくは、～か或いは～。
～のような、～の如(ごと)く。
汝なんじ、君、あなた、おまえ。
音写字、般若(ハンニャ)(Prajñāプラジャニァ梵の音写、智慧チエ)」。
杜若(トジャク)ヤブミョウガ藪茗荷、ツユクサ科ヤブミョウガ属の草{ヤブミョウガ}日。",若 → JPDB Kanji Freq: 534,漢字の読みを入力してください,Text
__案__ずる，__案__じる，__案__文，__案__内，新__案__,アン,"［案］七級
音: アン 訓: 
意味: 机、テーブルtable、方形で比較的小さなものや低いものを指す、料理を載(の)せる脚付きの台や座った時に肘(ひじ)などを載せて体を凭(もた)れ掛ける脇息(キョウソク)など、同「几」。
(机に向かって)よく考える、方策を練る。
文書、記録、特に公文書。
課題となっている事柄や事件。
日心配する、気に掛かる。",案 → JPDB Kanji Freq: 533,漢字の読みを入力してください,Text
__五__穀，__五__色，__五__目飯,ゴ,"［五］十級
音: ゴ 訓: いつ／いつ・つ
意味: 数の名、五番目の数、真ん中の数{数字}。
五人を一組とした軍隊の編成単位、同「伍」。
工尺譜コウセキフ・コウシャクフ(楽譜の表記法の一つ)で「ラ」の音を表す{音楽(音階)}。",五 → JPDB Kanji Freq: 532,漢字の読みを入力してください,Text
__示__威，__示__談，指__示__,ジ,"［示］六級
音: シ／ジ 訓: しめ・す
意味: (天上の神が地上のものに齎す物事の意思・意図を)はっきりと分かるように目の前に出して見せる、また見せて知らしめる、同「視」。
しめす、しめすへん、部首名。",示 → JPDB Kanji Freq: 531,漢字の読みを入力してください,Text
__示__唆,シ,"［示］六級
音: シ／ジ 訓: しめ・す
意味: (天上の神が地上のものに齎す物事の意思・意図を)はっきりと分かるように目の前に出して見せる、また見せて知らしめる、同「視」。
しめす、しめすへん、部首名。",示 → JPDB Kanji Freq: 531,漢字の読みを入力してください,Text
__辺__境，周__辺__，その__辺__,ヘン,"［辺］七級
音: ヘン 訓: あた・り／べ／ほとり
意味: 境界、境目さかいめ、面状のものの区切りとなるところ、一般にはその先も同じような状態で続いているものの区切りとなるところを指す、そこで途切れその先がないものは「縁」、線状・棒状のものの先端は「端」。
国が果(は)てるところ、中央から遠く離れたところ。
～の近く、付近、側(そば)、傍(かたわ)ら。",辺 → JPDB Kanji Freq: 530,漢字の読みを入力してください,Text
__焼__却，燃__焼__，全__焼__,ショウ,"［焼］七級
音: ショウ 訓: や・く／や・き／く・べる
意味: 火をつける、火つけて燃やす、火の中にものを入れて燃やす、ものが熱せられて炎や煙が立ち昇る。
日あれこれと進んで人に尽くす。",焼 → JPDB Kanji Freq: 529,漢字の読みを入力してください,Text
__週__刊，__週__末，毎__週__,シュウ,"［週］九級
音: シュウ／シュ／ス 訓: 
意味: ぐるりと廻(まわ)る。
一定の周期で廻(めぐ)って来る、またその期間。",週 → JPDB Kanji Freq: 528,漢字の読みを入力してください,Text
__壊__死,エ,"［壊］四級
音: カイ／エ 訓: こわ・れる／こわ・す
意味: 毀(こぼ)れる、崩れる、損(そこ)なう、破れる、欠ける、潰(つぶ)れる、元来ガンライの或いは本来の形や状態でなくなる。",壊 → JPDB Kanji Freq: 527,漢字の読みを入力してください,Text
__壊__滅，破__壊__，決__壊__,カイ,"［壊］四級
音: カイ／エ 訓: こわ・れる／こわ・す
意味: 毀(こぼ)れる、崩れる、損(そこ)なう、破れる、欠ける、潰(つぶ)れる、元来ガンライの或いは本来の形や状態でなくなる。",壊 → JPDB Kanji Freq: 527,漢字の読みを入力してください,Text
__雨__量，降__雨__，梅__雨__,ウ,"［雨］十級
音: ウ 訓: あめ／あま
意味: 大気中の水蒸気が集まって水滴となり、浮かんでいることができずに落下するもの{雨}。
(雨や雪が、小さなものが無数に)降る、上から下に落ちて来る。
あめ、あめかんむり、部首名。",雨 → JPDB Kanji Freq: 526,漢字の読みを入力してください,Text
__写__真，描__写__，映__写__,シャ,"［写］八級
音: シャ 訓: うつ・す／うつ・る
意味: 別の場所に移(うつ)す、他に移す。
書く、描く、「墨や絵の具を紙などに移す」の意。
元になるものに倣(なら)って別のものに書く、或いは描く。",写 → JPDB Kanji Freq: 525,漢字の読みを入力してください,Text
__投__資，__投__下，暴__投__,トウ,"［投］八級
音: トウ／ズ 訓: な・げる
意味: 持っているものを(目的とするものに向かって)放(ほう)る、投擲(トウテキ)。
放り入れる、他のものの中に入れる、また入る、投壺(トウコ)、投宿(トウシュク)。
ものを他のところに届ける、また差し出す、、投贈(トウゾウ)、投降(トウコウ)。
放り出す、持っているものを手放す、、投棄(トウキ)、投身(トウシン)。",投 → JPDB Kanji Freq: 524,漢字の読みを入力してください,Text
__邪__悪，__邪__推，正__邪__,ジャ,"［邪］三級
音: シャ／ジャ／ヤ 訓: よこしま
意味: ずれる、傾く、逸(そ)れる、片寄る、曲がる、歪(ゆが)む。
正常でない、本来の姿形や状態と違っている、本来の姿やあり方でない、同「衺」。
～か、～や、句末に付けて疑問・反語・感嘆の意を表す語、同「耶」。
琅邪(ロウヤ)、現山東省東南部から江蘇省東北部にかけての地にあった古地名、同「琅玡・琅琊・瑯琊」{山東省}。",邪 → JPDB Kanji Freq: 522,漢字の読みを入力してください,Text
__査__察，調__査__，巡__査__,サ,"［査］六級
音: サ／ジャ／シャ 訓: 
意味: 柵・欄干・堰(せき)などの木を組んで他との間を遮(さえぎ)るもの、同「柤」。
木を組んで作った筏、同「槎」。
調べる、調査(チョウサ)。
山査(サンサ)、サンザシ(山楂子)、バラ科サンザシ属の木、またその実{サンザシ}。",査 → JPDB Kanji Freq: 521,漢字の読みを入力してください,Text
新__郎__，外__郎__,ロウ,"［郎］四級
音: ロウ 訓: 
意味: 若い男性を指す語、またその美称。
妻が夫を指す語。
官名、侍郎(ジロウ)(次官・副官に相当)」、郎中(ロウジュウ)(侍郎に昇進する前の名)」、郎官(ロウカン)(侍郎・郎中などの官名・官員の称)」。
春秋時代(前770年～前5世紀)の魯国(前11世紀～前256年)にあった地名、現山東省南部。
、夜郎(ヤロウ)、戦国時代から漢代(前5世紀～220年)頃の古国名、貴州省一帯とされる{貴州省}",郎 → JPDB Kanji Freq: 520,漢字の読みを入力してください,Text
__困__難，__困__窮，貧__困__,コン,"［困］五級
音: コン 訓: こま・る
意味: 周りを囲まれていて手足の伸ばしようがない。
行き詰まる、身動きができない、苦しむ。
門や入り口の扉がそれ以上外に開かないようにするための杭(くい)、また門や入り口の地上部に渡した敷居(しきい)、同「梱」「閫」。
繁「睏」。",困 → JPDB Kanji Freq: 518,漢字の読みを入力してください,Text
__害__悪，被__害__，損__害__,ガイ,"［害］七級
音: カイ／ガイ 訓: そこな・う
意味: 状態を悪くする、損(そこ)なう、傷付ける、妨(さまた)げる、良好な状態とは逆の状態になる。
なぜ、どうして、どうして～しないのか、同「盍」。",害 → JPDB Kanji Freq: 517,漢字の読みを入力してください,Text
不__眠__，安__眠__，睡__眠__,ミン,"［眠］四級
音: ベン／メン／ミン 訓: ねむ・る／ねむ・い
意味: 目を瞑(つむ)る、体を横たえ目を瞑る、寝る。
刺激に対する反応が鈍くなり(眠ったように、死んだように)動かなくなる、活動を休止する。",眠 → JPDB Kanji Freq: 516,漢字の読みを入力してください,Text
__移__転，__移__民，推__移__,イ,"［移］六級
音: イ 訓: うつ・る／うつ・す
意味: 位置がずれる、次へ次へと位置や状況などが変わって行く。
ものを今あるところから別のところに動かす、また動く、位置を変える、位置が変わる、同「迻」「徙」「乁」。
次へ次へと回覧する文書、他に伝えるための伝言文書、移書(イショ)。",移 → JPDB Kanji Freq: 515,漢字の読みを入力してください,Text
__局__部，時__局__，結__局__,キョク,"［局］八級
音: キョク／ゴク 訓: つぼね
意味: 周りが囲まれ区切られた部分や場所。
限定された一部分、狭い範囲。
曲げる、曲げて縮こまる、「狭いところに押し込められている」の意。
将棋などの盤、また形勢・情勢、「限られた範囲での戦い」の意。
日女官の部屋、部屋を与えられている女官。",局 → JPDB Kanji Freq: 514,漢字の読みを入力してください,Text
__歌__曲，唱__歌__，短__歌__,カ,"［歌］九級
音: カ 訓: うた／うた・う
意味: 詞(ことば)を声に出し節(ふし)を付けて詠(よ)む、曲に合わせて詞を詠む、同「謌」。
楽曲、詩。",歌 → JPDB Kanji Freq: 513,漢字の読みを入力してください,Text
__故__郷，__故__意，事__故__,コ,"［故］六級
音: コ／ク 訓: ゆえ
意味: 古い、以前の、同「古」。
古くから、以前から。
古くからの～、以前からの～。
死ぬ、亡(な)くなる。
～の為に～、～という理由で～、～が原因で～。
理由、原因。
(思い掛けない、また良くない)出来事。",故 → JPDB Kanji Freq: 512,漢字の読みを入力してください,Text
__街__頭，市__街__，商店__街__,ガイ,"［街］七級
音: カイ／ケ／ガイ 訓: まち
意味: 市中シチュウの大通り、市中を区切るように通した道、四方に通じる道、街道(カイドウ)、大通りから外れた小路(こうじ)は「巷」。
その道で区切られた区画、市街(シガイ)。",街 → JPDB Kanji Freq: 511,漢字の読みを入力してください,Text
__街__道,カイ,"［街］七級
音: カイ／ケ／ガイ 訓: まち
意味: 市中シチュウの大通り、市中を区切るように通した道、四方に通じる道、街道(カイドウ)、大通りから外れた小路(こうじ)は「巷」。
その道で区切られた区画、市街(シガイ)。",街 → JPDB Kanji Freq: 511,漢字の読みを入力してください,Text
生__徒__，__徒__歩，__徒__労，信__徒__,ト,"［徒］七級
音: ト／ズ／ド 訓: かち／いたずら・に／むだ／あだ
意味: かち、乗り物に乗らず歩いて行く、同「𢓂」。
何も持たない、徒手(トシュ)(手に何も持たないこと)」。
いたずら・に、むだ、あだ、空(むな)しい、無駄に、「手に何もない」「得るものが何もない」の意。
歩兵ホヘイ、徒歩トホ(かち)の兵士。
人、輩(やから)、、惡徒(アクト)。
行動を共にする人々、、徒党(トトウ)。
同じことを(また同じ師から)学ぶ人々、弟子テイシ(でし)、、門徒(モント)。
古代の刑罰の一つ、労役の刑。
ただ、単に",徒 → JPDB Kanji Freq: 510,漢字の読みを入力してください,Text
"__産__業，生__産__，出__産__
安__産__","サン,ザン","［産］七級
音: サン／セン 訓: うぶ／う・む／う・まれる
意味: 子を生む。
生まれ。
新たに(新たなものを)生み出す、作り出す、また生み出されたもの、生産(セイサン)。
土地や財物。
音孔が三つの籥ヤク(縦笛)、籥よりも太く短いという、同「簅」。",産 → JPDB Kanji Freq: 509,漢字の読みを入力してください,Text
__西__暦，__西__部，北__西__,セイ,"［西］九級
音: セイ／サイ 訓: にし
意味: 太陽が沈む方角・方向、またその方向に向く、またその方向に向かう、昇る方角を「東」。
中国から太陽が沈む方向の地域、欧州や米州。",西 → JPDB Kanji Freq: 508,漢字の読みを入力してください,Text
__西__国，東__西__，関__西__弁,サイ,"［西］九級
音: セイ／サイ 訓: にし
意味: 太陽が沈む方角・方向、またその方向に向く、またその方向に向かう、昇る方角を「東」。
中国から太陽が沈む方向の地域、欧州や米州。",西 → JPDB Kanji Freq: 508,漢字の読みを入力してください,Text
"__西__瓜
ウリのなかま。くきが地面をはってのびる。夏にできる大きな実は、水気が多くあまい。",スイ,"［西］九級
音: セイ／サイ 訓: にし
意味: 太陽が沈む方角・方向、またその方向に向く、またその方向に向かう、昇る方角を「東」。
中国から太陽が沈む方向の地域、欧州や米州。",西 → JPDB Kanji Freq: 508,漢字の読みを入力してください,Text
__四__角，__四__季，__四__十七士,シ,"［四］十級
音: シ 訓: よ／よん／よ・つ
意味: 数の名、四番目の数{数字}。
東西南北・前後左右など周りの全て。",四 → JPDB Kanji Freq: 507,漢字の読みを入力してください,Text
__技__術，__技__師，特__技__,ギ,"［技］六級
音: キ／ギ 訓: わざ
意味: 手足を使い巧(たく)みに物を作る或いは操(あやつ)る、またその能力や方法。
藝(ゲイ、芸術、技芸)、巧みに演エンずる、またその能力や方法。",技 → JPDB Kanji Freq: 506,漢字の読みを入力してください,Text
__注__入，__注__意，発__注__,チュウ,"［注］八級
音: シュ／ス／チュウ 訓: そそ・ぐ
意味: 水を一か所に狙いを定めて流し入れる、流れを目的の方に集中するようにする。
心や力を一点に集中する。
字句の解説、また解釈を加える、同「註」。
書き記(しる)す、記載する、同「註」。
繁「註」。",注 → JPDB Kanji Freq: 505,漢字の読みを入力してください,Text
連__絡__，脈__絡__,ラク,"［絡］四級
音: ラク 訓: から・む
意味: 短い糸の繊維、同「絮」。
短い糸(或いは糸状・筋状のもの)が縺(もつ)れる、縺れ繋(つな)がる
短い糸を繋げる、次々に繋げて行く、連絡(レンラク)
細い糸を横方向に繋いで行く、横方向に繋ぎ端で折り返して今度は逆方向にを繰り返して繋いで行く、縦方向は「経」。
細い糸(或いは糸状・筋状のもの)が網状に入り組む。
経絡(ケイラク)、中国の医学で気血が体内を流れる経路、「経」は縦の脈ミャク(気血の通り道)、「絡」は横の脈。",絡 → JPDB Kanji Freq: 504,漢字の読みを入力してください,Text
__育__児，教__育__，発__育__,イク,"［育］八級
音: イク 訓: そだ・てる／はぐく・む
意味: (生まれたばかりの子「𠫓」に)栄養や知識などを与えて成長させる、養分を与えて生長させる。
古「毓」。",育 → JPDB Kanji Freq: 503,漢字の読みを入力してください,Text
__星__座，流__星__，衛__星__,セイ,"［星］九級
音: セイ／ショウ 訓: ほし
意味: 天体、天空で光る天体。
(星のように)小さい、小さい点。
ひときわ目立つ、またそのような人。
二十八宿南方朱雀スザクの一つ{二十八宿}。",星 → JPDB Kanji Freq: 502,漢字の読みを入力してください,Text
明__星__,ショウ,"［星］九級
音: セイ／ショウ 訓: ほし
意味: 天体、天空で光る天体。
(星のように)小さい、小さい点。
ひときわ目立つ、またそのような人。
二十八宿南方朱雀スザクの一つ{二十八宿}。",星 → JPDB Kanji Freq: 502,漢字の読みを入力してください,Text
__容__易，__容__器，形__容__,ヨウ,"［容］六級
音: ヨウ／ユウ 訓: い・れる／かたち
意味: ものを器(うつわ)などの周りが囲まれているものの中に入れる、またそこに入っているもの、中身なかみ。
人や意見などを受け入れる、許す、認める。
顔の表情、姿形すがたかたち、外見、様子、同「頌」。",容 → JPDB Kanji Freq: 501,漢字の読みを入力してください,Text
__迷__路，__迷__惑，低__迷__,メイ,"［迷］六級
音: ベイ／マイ／メイ 訓: まよ・う／まよ・わす
意味: どちらに行ったらよいか(どうしたらよいか)分からなくなる、戸惑(とまど)う。",迷 → JPDB Kanji Freq: 500,漢字の読みを入力してください,Text
__駄__々をこねる，__駄__菓子，__駄__作，無__駄__,ダ,"［駄］凖二級
音: タ／ダ 訓: 
意味: 牛馬などの家畜の背に荷物を載せる、同「駝」。
牛馬などに背負わせる荷物。
日あまり役に立たない、あまり値打ちがない、「荷物の運搬用にしか使えない馬」の意。",駄 → JPDB Kanji Freq: 499,漢字の読みを入力してください,Text
__震__動，__震__災，地__震__,シン,"［震］四級
音: シン 訓: ふる・える
意味: 激しい雷でものががたがたと振動するさま、怒りや恐れなどで体が小刻みに揺れ動くさま、ものが小刻みに揺れ動くさま。
八卦ハッカ(乾・兌・離・震・巽・坎・艮・坤)の一つ{卦}{方位}。",震 → JPDB Kanji Freq: 498,漢字の読みを入力してください,Text
__恋__愛，__恋__慕，失__恋__,レン,"［恋］四級
音: レン 訓: こい／こい・しい／こ・う
意味: 思いを断ち切れないさま、恋恋(レンレン)、恋慕(レンボ)(思い慕う気持ちを断ち切れないさま)」。
異性に対して抱く愛情、また愛情を抱く。",恋 → JPDB Kanji Freq: 497,漢字の読みを入力してください,Text
__球__形，__球__技，地__球__,キュウ,"［球］八級
音: キュウ／グ 訓: たま
意味: 丸いもの、毬(まり)状のもの、ボールball状のもの、同「毬」。
美しい玉ギョク(美しく高貴な石)。
玉ギョク(美しく高貴な石)製の磬(ケイ、打楽器)、同「璆」{楽器(打楽器)}。",球 → JPDB Kanji Freq: 496,漢字の読みを入力してください,Text
肖__像__，現__像__，想__像__,ゾウ,"［像］六級
音: ショウ／ゾウ 訓: 
意味: 象(かたど)る、人や物の姿形(すがたかたち)に似せる、また似る、また似せて作ったもの、同「象」。
もの(者や物)の姿形すがたかたち、また様子(ようす)、同「象」。",像 → JPDB Kanji Freq: 495,漢字の読みを入力してください,Text
__静__止，__静__穏，安__静__,セイ,"［静］七級
音: セイ／ジョウ 訓: しず・まる／しず・か
意味: 動きや乱れなどが鎮(しず)まる、治(おさ)まる。
何事もなく穏やかなさま。
しんとして音や声がしないさま、じっと動かないさま。",静 → JPDB Kanji Freq: 494,漢字の読みを入力してください,Text
__静__脈,ジョウ,"［静］七級
音: セイ／ジョウ 訓: しず・まる／しず・か
意味: 動きや乱れなどが鎮(しず)まる、治(おさ)まる。
何事もなく穏やかなさま。
しんとして音や声がしないさま、じっと動かないさま。",静 → JPDB Kanji Freq: 494,漢字の読みを入力してください,Text
__習__得，__習__慣，練__習__,シュウ,"［習］八級
音: シュウ／ジュウ 訓: なら・う／なら・わし
意味: 何度も繰り返す、何度も繰り返すことによって身に付ける、同「慣」。
なら・わし、繰り返されることで身に付いたこと、普段から繰り返し行われること、同「慣」。",習 → JPDB Kanji Freq: 493,漢字の読みを入力してください,Text
__冷__徹，__冷__却，__冷__淡，寒__冷__,レイ,"［冷］七級
音: レイ／リョウ 訓: つめ・たい／ひ・える／ひ・やす／ひや／ひや・かす／さ・ます／さ・める
意味: 気温や温度が低い、熱(ネツ)がない、ひんやりする、寒い。
熱(あつ)くない、熱気や熱意がない、関心や興味がない。
氷のように透(す)き通っている。",冷 → JPDB Kanji Freq: 492,漢字の読みを入力してください,Text
__証__拠，__証__明，免許__証__,ショウ,"［証］六級
音: セイ／ショウ 訓: あかし
意味: 諌(いさ)める、過(あやま)ちを咎(とが)め正すよう意見する。
病気の徴候や状態、症状、同「症」。
正当であること(事実であること)を根拠を示して明らかにする、また上申する、またそのための根拠となるもの、同「證」。",証 → JPDB Kanji Freq: 491,漢字の読みを入力してください,Text
__茶__道，__茶__菓，__茶__話会，喫__茶__,サ,"［茶］九級
音: タ／ジャ／サ／チャ 訓: 
意味: 茶(チャ)、チャノキ茶の木、ツバキ科ツバキ属の木{チャノキ}。
チャノキの若葉を摘(つ)み煎(せん)じて飲料用に加工したもの、遅い時期に摘み取った茶葉を使ったものは「茗」「荈」。
(チャノキに限らず)植物の葉を煎じて飲料とするもの。
渋味のある褐色。
飲茶(インチャ・ヤムチャ)、茶を飲みながら点心テンシン(つまみ、おやつ、軽食)を食べること。
山茶(サンチャ)、ヤブツバキ藪椿、ツバキ科ツバキ属の木{ヤブツバキ}。",茶 → JPDB Kanji Freq: 490,漢字の読みを入力してください,Text
__茶__色，__茶__番劇，番__茶__,チャ,"［茶］九級
音: タ／ジャ／サ／チャ 訓: 
意味: 茶(チャ)、チャノキ茶の木、ツバキ科ツバキ属の木{チャノキ}。
チャノキの若葉を摘(つ)み煎(せん)じて飲料用に加工したもの、遅い時期に摘み取った茶葉を使ったものは「茗」「荈」。
(チャノキに限らず)植物の葉を煎じて飲料とするもの。
渋味のある褐色。
飲茶(インチャ・ヤムチャ)、茶を飲みながら点心テンシン(つまみ、おやつ、軽食)を食べること。
山茶(サンチャ)、ヤブツバキ藪椿、ツバキ科ツバキ属の木{ヤブツバキ}。",茶 → JPDB Kanji Freq: 490,漢字の読みを入力してください,Text
__談__話，__談__判，相__談__,ダン,"［談］八級
音: タン／ダン 訓: 
意味: 物語、物語る、同「譚」。
寛いで話をする、盛んに語り合う。",談 → JPDB Kanji Freq: 489,漢字の読みを入力してください,Text
__爆__発，__爆__弾，原__爆__,バク,"［爆］四級
音: ハク／ホク／ホウ／ヒョウ／バク 訓: は・ぜる
意味: は・ぜる、火が弾(はじ)ける、火が勢いよく飛び散る。
(熱を加えることで)物が破裂し激しい勢いで飛び散る、炸裂(さくれつ)する。
急に膨(ふく)れる。
食材を熱い油にさっと通す調理法、炒(いた)める。",爆 → JPDB Kanji Freq: 488,漢字の読みを入力してください,Text
脳__裏__，__裏__面，表__裏__,リ,"［裏］五級
音: リ 訓: うら
意味: 衣服の内側の布、裏地(うらじ)。
内側、内部、簡「里」。",裏 → JPDB Kanji Freq: 487,漢字の読みを入力してください,Text
試__験__，経__験__，実__験__,ケン,"［験］七級
音: ゲン／ケン 訓: ため・す／しるし
意味: ため・す、どのような結果になるのかを知るために実際にやってみる、「実験」「試験」「体験」。
しるし、実際にやってみた証(あかし)、実際にやってみた結果生じるもの、「経験」「霊験」。
将来・未来(現在が続いて行ったその先)に起こること、同「籤」。",験 → JPDB Kanji Freq: 486,漢字の読みを入力してください,Text
__験__を担ぐ，__験__がある，霊__験__,ゲン,"［験］七級
音: ゲン／ケン 訓: ため・す／しるし
意味: ため・す、どのような結果になるのかを知るために実際にやってみる、「実験」「試験」「体験」。
しるし、実際にやってみた証(あかし)、実際にやってみた結果生じるもの、「経験」「霊験」。
将来・未来(現在が続いて行ったその先)に起こること、同「籤」。",験 → JPDB Kanji Freq: 486,漢字の読みを入力してください,Text
__義__理，意__義__，正__義__,ギ,"［義］六級
音: ギ 訓: 
意味: 広く良い・正しいと認められていること、また経験則(多くの経験を積むことで得られる道理)に適(かな)っていること。
人が進むべき道、則(のっと)るべき考え、義士(ギシ)(正しい道・正しいと信ずる道をかたく守り通す人)」。
多くの人と共にすること、多くの人のためにすること、、義倉(ギソウ)(作物不作などに備えるための公共の備蓄庫)」、義井(ギセイ)(共同使用の井戸)」。
良い、賢(かしこ)い。
名目メイモク上の、表向きの、仮の、、義兄(ギケイ)(血縁関係のない兄、姉の夫、配偶者の兄、強い結びつきのある年長者)」。
事象や言葉の意味、、字義(ジギ)(文字の意味)」、文義(ブンギ)(文章の意味、また意味するところ)」。",義 → JPDB Kanji Freq: 485,漢字の読みを入力してください,Text
__側__面，__側__近，__側__壁,ソク,"［側］七級
音: ソク／シキ 訓: かわ／そば
意味: (立っているものの)すぐ傍そば、傍(かたわ)ら、脇(わき)、同「旁」。
立てて片方に(一方に)寄せる、片方に寄る、偏(かたよ)る、同「仄」。
立ったものが一方に傾(かたむ)く。
永字八法の一つ、「丶てん」の書き方、現代中国では点テン{永字八法}。",側 → JPDB Kanji Freq: 484,漢字の読みを入力してください,Text
__未__来，__未__満，前代__未__聞,ミ,"［未］七級
音: ビ／ミ 訓: ひつじ／いま・だ／ま・だ
意味: 十二支の八番目、方角では南南西、時刻では午後二時を中心とした二時間、動物では「羊」を当てる{十二支}。
いま・だ、まだ～でない、まだ～しない、まだ～していない。
ない、～ではない。",未 → JPDB Kanji Freq: 483,漢字の読みを入力してください,Text
__練__習，試__練__，熟__練__,レン,"［練］八級
音: レン 訓: ね・る
意味: 生糸や絹布を灰汁(あく、草木などの灰を溶かしたアルカリ性の水)で煮て柔らかく白くする、同「湅」。
熟(こな)れていないものを繰り返し鍛(きた)える、鍛えて良いものにする。
習熟(シュウジュク)する、繰り返して(経験を積んで)上達する。",練 → JPDB Kanji Freq: 482,漢字の読みを入力してください,Text
__影__響，陰__影__，撮__影__,エイ,"［影］四級
音: エイ／ヨウ 訓: かげ
意味: 光が遮(さえぎ)られてできる像ゾウ。
鏡などに映(うつ)った像、実物と同じような姿や形。
写真、肖像、映像、映画。
日(ものの影になって)光の当たらないさま、また表に出ないさま。",影 → JPDB Kanji Freq: 481,漢字の読みを入力してください,Text
__異__論，__異__同，奇__異__,イ,"［異］五級
音: イ 訓: こと・なる
意味: こと・なる、(あれとは、これとは)別の、違った、同じでない。
普通(平常、一般)とは違っている、怪しい。
別々にする、分ける。
簡「异」。",異 → JPDB Kanji Freq: 480,漢字の読みを入力してください,Text
__質__問，__質__実，本__質__,シツ,"［質］六級
音: シツ／シチ／チ 訓: たち／ただ・す
意味: 本来の、元々(もともと)の、本質(ホンシツ)。
本来のままであるさま、素(す)のままであるさま、質素(シッソ)。
そのものが持つ本来の価値や中身、また性格や傾向、資質(シシツ)、性質(セイシツ)。
(本質が何であるかを)問う、同「儨」。
金銭を借りる際に返済が済むまでの間相手(貸手)に差し出す同等の価値を持つもの、抵当テイトウ、担保タンポ、またそれを差し出す。",質 → JPDB Kanji Freq: 479,漢字の読みを入力してください,Text
__質__屋，人__質__,シチ,"［質］六級
音: シツ／シチ／チ 訓: たち／ただ・す
意味: 本来の、元々(もともと)の、本質(ホンシツ)。
本来のままであるさま、素(す)のままであるさま、質素(シッソ)。
そのものが持つ本来の価値や中身、また性格や傾向、資質(シシツ)、性質(セイシツ)。
(本質が何であるかを)問う、同「儨」。
金銭を借りる際に返済が済むまでの間相手(貸手)に差し出す同等の価値を持つもの、抵当テイトウ、担保タンポ、またそれを差し出す。",質 → JPDB Kanji Freq: 479,漢字の読みを入力してください,Text
言__質__,チ,"［質］六級
音: シツ／シチ／チ 訓: たち／ただ・す
意味: 本来の、元々(もともと)の、本質(ホンシツ)。
本来のままであるさま、素(す)のままであるさま、質素(シッソ)。
そのものが持つ本来の価値や中身、また性格や傾向、資質(シシツ)、性質(セイシツ)。
(本質が何であるかを)問う、同「儨」。
金銭を借りる際に返済が済むまでの間相手(貸手)に差し出す同等の価値を持つもの、抵当テイトウ、担保タンポ、またそれを差し出す。",質 → JPDB Kanji Freq: 479,漢字の読みを入力してください,Text
__古__代，__古__典，太__古__,コ,"［古］九級
音: コ／ク 訓: ふる・い／ふる・す／いにしえ
意味: 以前、昔(むかし)、以前の、昔の、同「故」。
長い時を経(へ)ているさま。",古 → JPDB Kanji Freq: 478,漢字の読みを入力してください,Text
__武__力，__武__士，文__武__,ブ,"［武］六級
音: ブ／ム 訓: たけ
意味: 勇ましく猛々(たけだけ)しいさま、穏やかで洗練されているのは「文」。
戦い、戦いに長(た)けているさま。
戦闘や軍事などに関わることに使われる語。
半歩ハンポ、片足を前に踏み出して進む距離、1武=3尺、1歩=2武=6尺、同「跬」。
先に行った人が残した足跡ソクセキ(あしあと)、同「䟼」。",武 → JPDB Kanji Freq: 477,漢字の読みを入力してください,Text
__武__者人形，荒__武__者,ム,"［武］六級
音: ブ／ム 訓: たけ
意味: 勇ましく猛々(たけだけ)しいさま、穏やかで洗練されているのは「文」。
戦い、戦いに長(た)けているさま。
戦闘や軍事などに関わることに使われる語。
半歩ハンポ、片足を前に踏み出して進む距離、1武=3尺、1歩=2武=6尺、同「跬」。
先に行った人が残した足跡ソクセキ(あしあと)、同「䟼」。",武 → JPDB Kanji Freq: 477,漢字の読みを入力してください,Text
__奥__義，深__奥__,オウ,"［奥］四級
音: オウ／イク／オク 訓: 
意味: 部屋の西南の隅すみ、祭礼の際に祭壇を設ける場所で「奥」と呼ばれた、同「隩」。
深く入り込んだ部屋、また場所
外からは容易に窺(うかが)うことができないところ、深く容易に辿り着けないところ",奥 → JPDB Kanji Freq: 476,漢字の読みを入力してください,Text
__装__置，服__装__，変__装__,ソウ,"［装］五級
音: ソウ／ショウ 訓: よそお・う
意味: (包んだり覆ったりして)外側を飾る。
(衣服や装飾品などのような、上辺を繕うための)飾り。
(飾り付けをしたりして)外見を整える。
(衣服を纏ったり化粧をしたりして)身形(みなり)を整える、身支度(みじたく)をする、同「妝」。
～のふりをする、～のように振る舞う。
中に入れる、詰め込む。",装 → JPDB Kanji Freq: 475,漢字の読みを入力してください,Text
__装__束，衣__装__,ショウ,"［装］五級
音: ソウ／ショウ 訓: よそお・う
意味: (包んだり覆ったりして)外側を飾る。
(衣服や装飾品などのような、上辺を繕うための)飾り。
(飾り付けをしたりして)外見を整える。
(衣服を纏ったり化粧をしたりして)身形(みなり)を整える、身支度(みじたく)をする、同「妝」。
～のふりをする、～のように振る舞う。
中に入れる、詰め込む。",装 → JPDB Kanji Freq: 475,漢字の読みを入力してください,Text
__官__庁，__官__能，教__官__,カン,"［官］七級
音: カン 訓: つかさ
意味: つかさ、役人、役所、またその役目や役職。
政府、朝廷、国家。
役人になる、公(おおやけ、政府、朝廷、国家)の職に就(つ)く。
生物体の独立した機能を持つ(耳・目・口・鼻などの)部分。",官 → JPDB Kanji Freq: 473,漢字の読みを入力してください,Text
__土__木，国__土__，粘__土__,ド,"［土］十級
音: ト／ツ／ド 訓: つち
意味: 泥や細かい砂などから成るもの。
生セイあるものを生み出すもの。
地に根差したもの、その地に根差したもの
五行(木・火・土・金・水)の一つ{五行}
つち、部首名。",土 → JPDB Kanji Freq: 472,漢字の読みを入力してください,Text
__土__地勘，__土__地,ト,"［土］十級
音: ト／ツ／ド 訓: つち
意味: 泥や細かい砂などから成るもの。
生セイあるものを生み出すもの。
地に根差したもの、その地に根差したもの
五行(木・火・土・金・水)の一つ{五行}
つち、部首名。",土 → JPDB Kanji Freq: 472,漢字の読みを入力してください,Text
__判__定，__判__明，裁__判__,ハン,"［判］六級
音: ハン／バン 訓: わか・つ／わか・る
意味: 二つに分ける、二つに分かれる、同「牉」。
(正否・是非・真偽などを)はっきりと区別する、見分ける、判決(ハンケツ)。
はっきりとした(する)さま、はっきりと区別(見分けることが)できるさま、判然(ハンゼン)。
日印鑑、「正当なものかどうかを見分けるための印」の意。
日。",判 → JPDB Kanji Freq: 471,漢字の読みを入力してください,Text
Ａ__判__，大__判__,バン,"［判］六級
音: ハン／バン 訓: わか・つ／わか・る
意味: 二つに分ける、二つに分かれる、同「牉」。
(正否・是非・真偽などを)はっきりと区別する、見分ける、判決(ハンケツ)。
はっきりとした(する)さま、はっきりと区別(見分けることが)できるさま、判然(ハンゼン)。
日印鑑、「正当なものかどうかを見分けるための印」の意。
日。",判 → JPDB Kanji Freq: 471,漢字の読みを入力してください,Text
__鳴__動，悲__鳴__，雷__鳴__,メイ,"［鳴］九級
音: メイ／ミョウ 訓: な・く／な・る／な・らす
意味: 鳥が声を発する、またその声。
鳥・獣(けもの)・昆虫などの発する声、楽器や物などが発する音、またその音がする、またその音が伝わり聞こえて来る。",鳴 → JPDB Kanji Freq: 470,漢字の読みを入力してください,Text
__客__死，主__客__，旅__客__,カク,"［客］八級
音: カク／キャク 訓: 
意味: 他からやって来て他人の家・宿舎・旅館・店などに立ち寄る人、また身を寄せる人、主(あるじ)が自らの家などに受け入れた人、招いた人かどうかは問わない。
退く、過ぎ去る、客歳(カクサイ)(去年、昨年)」。
主客(シュカク・シュキャク)客を受け入れる主人と主人に受け入れられた客人、「シュカク」と読む主シュとなるものとそれに対するもの、他に作用を及ぼすものとその作用を受けるもの、「シュカク」と読む主賓シュヒン、主要な客人、「シュキャク」と読む。
客家(カッカ・ハッカ)、中国広東省・福建省・江西省などに住む民族の名、古く華北一帯に住んでいたが後に南下移住して来た漢族とされ、独特の言語や風習が今も残る、「客家」は「他から移って来た一族」の意、「カッカ」が標準の訓だが、客家語の訓「ハッカ」が今も使われる。",客 → JPDB Kanji Freq: 469,漢字の読みを入力してください,Text
__客__間，__客__車，乗__客__,キャク,"［客］八級
音: カク／キャク 訓: 
意味: 他からやって来て他人の家・宿舎・旅館・店などに立ち寄る人、また身を寄せる人、主(あるじ)が自らの家などに受け入れた人、招いた人かどうかは問わない。
退く、過ぎ去る、客歳(カクサイ)(去年、昨年)」。
主客(シュカク・シュキャク)客を受け入れる主人と主人に受け入れられた客人、「シュカク」と読む主シュとなるものとそれに対するもの、他に作用を及ぼすものとその作用を受けるもの、「シュカク」と読む主賓シュヒン、主要な客人、「シュキャク」と読む。
客家(カッカ・ハッカ)、中国広東省・福建省・江西省などに住む民族の名、古く華北一帯に住んでいたが後に南下移住して来た漢族とされ、独特の言語や風習が今も残る、「客家」は「他から移って来た一族」の意、「カッカ」が標準の訓だが、客家語の訓「ハッカ」が今も使われる。",客 → JPDB Kanji Freq: 469,漢字の読みを入力してください,Text
__犯__罪，共__犯__，侵__犯__,ハン,"［犯］六級
音: ハン／ボン 訓: おか・す
意味: 入るべきところではないところに入り込む、決められた範囲を越える。
守るべきことを守らない、法律や命令などを破る。",犯 → JPDB Kanji Freq: 468,漢字の読みを入力してください,Text
__傷__害，負__傷__，感__傷__,ショウ,"［傷］五級
音: ショウ 訓: きず／いた・む
意味: 体やものの一部が損(そこ)なわれる、一部が欠(か)けたり裂(さ)けたり破(やぶ)れたりする、怪我(けが)をする、またそのような箇所(カショ)。
(傷のようにずきずきと或いはひりひりと)心が痛(いた)む、心を痛める、憂える、同「慯」。",傷 → JPDB Kanji Freq: 467,漢字の読みを入力してください,Text
__護__衛，救__護__，保__護__,ゴ,"［護］六級
音: コ／ゴ 訓: まも・る
意味: 周(まわ)りを囲んで中のものを守る、庇(かば)い守る、外からの災禍サイカや危害(キガイ)などを防ぎ守る、保護(ホゴ)。",護 → JPDB Kanji Freq: 466,漢字の読みを入力してください,Text
頭__髪__，白__髪__，整__髪__,ハツ,"［髪］四級
音: ハツ／ホチ 訓: かみ
意味: 人の頭部の毛{毛(頭部)}。
(山に生える草木が頭に生える髪に似ていることから)草木。",髪 → JPDB Kanji Freq: 465,漢字の読みを入力してください,Text
__察__知，観__察__，考__察__,サツ,"［察］七級
音: サツ／セチ 訓: 
意味: 余すところなくその本質を知るために詳しく見て調べる、詳しく見調べてその本質を余すところなく明らかにする、また余すところなく知る、形勢・状態などを見極める、同「詧」。",察 → JPDB Kanji Freq: 464,漢字の読みを入力してください,Text
__御__飯，__御__用，__御__殿,ゴ,"［御］四級
音: ギョ／ゴ 訓: お／おん／み
意味: (馬などを)意のままに操(あやつ)る、またその人、同「馭」。
治(おさ)める、統治トウチする。
天子に関する言葉に付けて尊敬の意を表す語。
侍(はべ)る、天子に近くに仕える、またその人。
丁寧・尊敬の意を表す語、同「衘」。
防(ふせ)ぐ、防ぎ止める、同繁「禦」。",御 → JPDB Kanji Freq: 463,漢字の読みを入力してください,Text
__御__者，制__御__,ギョ,"［御］四級
音: ギョ／ゴ 訓: お／おん／み
意味: (馬などを)意のままに操(あやつ)る、またその人、同「馭」。
治(おさ)める、統治トウチする。
天子に関する言葉に付けて尊敬の意を表す語。
侍(はべ)る、天子に近くに仕える、またその人。
丁寧・尊敬の意を表す語、同「衘」。
防(ふせ)ぐ、防ぎ止める、同繁「禦」。",御 → JPDB Kanji Freq: 463,漢字の読みを入力してください,Text
__支__持，__支__障，__支__店,シ,"［支］六級
音: シ 訓: ささ・える／つか・える
意味: 枝(えだ)、幹(みき)となる部分から枝状に分かれ出たもの、同「枝」「肢」「𢺶」。
分かれる、分かれ出る、幹(みき)となる部分から分かれる。
ささ・える、落ちたり倒れたりしないように手や棒などを当てる、また当てて押さえる、同「𢺶」。
(資金・財源などを使途ごとに)割り当てる、また割り当てられた金を出す(支出する、支払う)、同「𢺶」。
日つか・える、閊(つか)える、差し障(さしさわ)る。
し、しにょう、部首名。",支 → JPDB Kanji Freq: 462,漢字の読みを入力してください,Text
__遅__延，__遅__刻，__遅__速,チ,"［遅］四級
音: チ／ジ 訓: おそ・い／おく・れる
意味: ゆっくりしたさま、次の動作までに時間が掛るさま。
ゆっくりと進む、鈍(のろ)い。
決まっている時間・期間の終わりの頃になる、またその頃を過ぎる。
決まっている時(瞬間・時間・時期など)に間に合わない。",遅 → JPDB Kanji Freq: 461,漢字の読みを入力してください,Text
__腹__案，空__腹__，山__腹__,フク,"［腹］五級
音: フク／ブク 訓: はら
意味: 体の前側(四足・多足の動物の場合は下側)の胸の下から骨盤までの胃や腸のある部分、同「肚」{人体(胴部)}。
ものの前面、背の反対側。
胎内、ものの内部、心の内、心の内にある考えや思い。
ものの中(なか)ほど、中ほどの膨らんだ部分。
抱(いだ)く、包み込む。",腹 → JPDB Kanji Freq: 459,漢字の読みを入力してください,Text
"__遊__戯，__遊__戯王，__遊__離，交__遊__
__遊__山","ユウ,ユ","［遊］八級
音: ユウ／ユ 訓: あそ・ぶ
意味: 同じところに留(とど)まらずにあちこち巡(めぐ)り歩く、あちこちに出向いて行く、同「游」。
気の向くままに楽しむ、同「游」。
互いに行き来して親しく交わる、同「游」、交遊(コウユウ)、同「交游」。
家を離れて他に行く(他に移り住む)、定住することなくあちこちと移り住む、同「游」、遊民・游民(ユウミン)。
これといった職や役に就(つ)かない、同「游」、遊民・游民(ユウミン)。",遊 → JPDB Kanji Freq: 458,漢字の読みを入力してください,Text
"__参__加，__参__万円，降__参__，馳せ__参__じる
新__参__，人__参__","サン,ザン,ジン","［参］七級
音: サン／ソン／シン 訓: まい・る
意味: 行く、行って加わる。
行って目見(まみ)える、拝謁ハイエツする、拝謁するために行く。
幾つものものを引き合わせて比べる。
三、「三」の大写字(「一」は「壹」・「二」は「貳」のような大文字のこと){数字}。
二十八宿西方白虎ビャッコの一つ{二十八宿}。",参 → JPDB Kanji Freq: 457,漢字の読みを入力してください,Text
__余__程，__余__剰，__余__地，残__余__,ヨ,"［余］六級
音: ヨ 訓: あま・す／あま・り
意味: われ(我)。
それ以外の、他の。
あま・す、あま・り必要な分を取り除いた後に残る、音・匂い・味・印象などがその元となるものがなくなった後も残る食べ物の量が多く食べ切れずに残る、食材が使われずに残る、同「餘」。
繁「餘」。",余 → JPDB Kanji Freq: 456,漢字の読みを入力してください,Text
__怒__号，__怒__気，激__怒__,ド,"［怒］四級
音: ド／ヌ 訓: いか・る／おこ・る
意味: 腹を立てる、憤(いきどお)る。
勢いよいさま、奮(ふる)い立つさま。",怒 → JPDB Kanji Freq: 455,漢字の読みを入力してください,Text
憤__怒__,ヌ,"［怒］四級
音: ド／ヌ 訓: いか・る／おこ・る
意味: 腹を立てる、憤(いきどお)る。
勢いよいさま、奮(ふる)い立つさま。",怒 → JPDB Kanji Freq: 455,漢字の読みを入力してください,Text
__満__月，__満__足，充__満__,マン,"［満］七級
音: バン／マン 訓: み・たす／み・ちる
意味: 余すところなく一杯になる、これ以上は(それ以上は)入らなくなる、また一杯にする。
ぎっしりと詰まる、また詰める、隙間(すきま)なく埋(う)まる、また埋める、充満(ジュウマン)。
足(た)る、これ以上は(それ以上は)ない、これ以上は(それ以上は)いらない、満足(マンゾク)、不滿(フマン)(満ち足りないさま、満たされないさま)」。",満 → JPDB Kanji Freq: 454,漢字の読みを入力してください,Text
類__似__，酷__似__，疑__似__,ジ,"［似］六級
音: シ／ジ 訓: に・る／に・せる
意味: 他と同じように見える、また見せる。
(他と)ほぼ同じ、～のよう。
継(つ)ぐ、後を継ぐ、同「嗣」(「以前と同じように後に続く」の意)。",似 → JPDB Kanji Freq: 453,漢字の読みを入力してください,Text
"__隠__居，__隠__忍，__隠__語
__隠__密","イン,オン","［隠］四級
音: イン／オン 訓: かく・す／かく・れる
意味: (逃げて或いは退いて)人目を避ける、人目を憚(はばか)る。
他から見えないようにする、また見えなくなる。
外から見えない、表に出ない。
人知れず思う、人知れない悩みや辛苦シンク。
憂える、陰(かげ)ながら心配する、相手の身になって心を痛める、同「㥯」「懚」。
依(よ)る、寄り掛かる、頼(たよ)りにする、同「𤔌」「㒚」「懚」。
威厳があるさま、重々しいさま。",隠 → JPDB Kanji Freq: 452,漢字の読みを入力してください,Text
__勢__力，優__勢__，情__勢__,セイ,"［勢］六級
音: セイ／セ／ゼイ 訓: いきお・い
意味: 他を押さえ押し退ける力が強いさま、他に大きな影響を及ぼすさま。
物事の変化の様子や程度(「情勢」「時勢」など)、変化のあるものの姿や状態(「姿勢」「形勢」など)。
兵の数、「勢力の大きさ」の意。
男性の性器。",勢 → JPDB Kanji Freq: 451,漢字の読みを入力してください,Text
__険__悪，危__険__，保__険__,ケン,"［険］六級
音: ケン 訓: けわ・しい
意味: 山が高く切り立っているさま、行く手を阻(はば)むように山が高く立ちはだかっているさま、またそのようなところ。
危(あぶ)ない、危(あや)うい状況や困難な状況に遭遇する可能性があるさま。
(地形や状況、態度や言葉などの)先が尖っているさま、とげとげしいさま。",険 → JPDB Kanji Freq: 450,漢字の読みを入力してください,Text
__胸__囲，__胸__中，度__胸__,キョウ,"［胸］五級
音: キョウ／ク 訓: むね／むな
意味: 体の前の首の下から腹の上までの部分{人体(胴部)}。
内心ナイシン、心中シンチュウ、「胸の内」の意。",胸 → JPDB Kanji Freq: 449,漢字の読みを入力してください,Text
__横__断，__横__領，専__横__,オウ,"［横］八級
音: コウ／オウ 訓: よこ
意味: (垂直に立つ柱に対して)水平に渡した木。
(垂直に対して)水平の方向、(前後に対して)左右の方向、(南北に対して)東西の方向、上下・南北・前後の方向を「縦」。
長く延(の)びているもの(線状のもの)の直角方向、横断(オウダン)。
道筋から外(はず)れる、またはみ出る、道理から外れる。
一面に広がる。",横 → JPDB Kanji Freq: 448,漢字の読みを入力してください,Text
__渡__航，__渡__河，譲__渡__,ト,"［渡］四級
音: ト／ド 訓: わた・る／わた・す
意味: 川や海などの水で隔(へだ)てられた対岸に行く、越えて行く、渡河(トカ)、渡江(トコウ)、渡水(トスイ)。
船着き場、対岸に人や物を運ぶ船が発着するところ。
日こちら側から向こう側(或いは逆)へものを移す。
日。",渡 → JPDB Kanji Freq: 447,漢字の読みを入力してください,Text
__去__年，__去__就，除__去__,キョ,"［去］八級
音: キョ／コ 訓: さ・る
意味: 今いるところから離れる、また離れて別のところへ行く。
時(時間・月日・時代など)が過ぎる、過ぎてしまった時、過去(カコ)。
今あるものを別のところに移す、また移してそこをあける、取り除く。
ものを今あるところから別のところに移す、しまう、収蔵する、同「弆」。",去 → JPDB Kanji Freq: 446,漢字の読みを入力してください,Text
過__去__,コ,"［去］八級
音: キョ／コ 訓: さ・る
意味: 今いるところから離れる、また離れて別のところへ行く。
時(時間・月日・時代など)が過ぎる、過ぎてしまった時、過去(カコ)。
今あるものを別のところに移す、また移してそこをあける、取り除く。
ものを今あるところから別のところに移す、しまう、収蔵する、同「弆」。",去 → JPDB Kanji Freq: 446,漢字の読みを入力してください,Text
緑__青__，紺__青__，群__青__,ショウ,"［青］十級
音: セイ／ショウ 訓: あお／あお・い
意味: 植物などの芽生えの時の若々しく瑞瑞(みずみず)しい色、緑(みどり)色、またその色の名。
濃い色でくすみがなく瑞瑞しい深緑(ふかみどり)、紺(コン)・藍(あい)色などの色。
瑞瑞しい、若々しい、幼い。
五色(青・赤・黄・白・黒)の一つで五行の「東」「木」に当てる{五行}。
竹簡チクカンに記された文書・記録。
あお、あおへん、部首名。",青 → JPDB Kanji Freq: 445,漢字の読みを入力してください,Text
__青__天，__青__銅，__青__年,セイ,"［青］十級
音: セイ／ショウ 訓: あお／あお・い
意味: 植物などの芽生えの時の若々しく瑞瑞(みずみず)しい色、緑(みどり)色、またその色の名。
濃い色でくすみがなく瑞瑞しい深緑(ふかみどり)、紺(コン)・藍(あい)色などの色。
瑞瑞しい、若々しい、幼い。
五色(青・赤・黄・白・黒)の一つで五行の「東」「木」に当てる{五行}。
竹簡チクカンに記された文書・記録。
あお、あおへん、部首名。",青 → JPDB Kanji Freq: 445,漢字の読みを入力してください,Text
__治__安，__治__水，自__治__,チ,"［治］七級
音: チ／ジ 訓: おさ・める／おさ・まる／なお・す／なお・る
意味: 氾濫ハンランを防いだり水を利用しやすくするために川の流れを変える、筋(すじ)を通す、同「理」。
手を加えて乱れがないようにする、また秩序ある状態にする、また安定させる、またあるべき状態にする、また元通りにする、同「乿」。
管理する、制御する、調整する。",治 → JPDB Kanji Freq: 444,漢字の読みを入力してください,Text
政__治__，療__治__,ジ,"［治］七級
音: チ／ジ 訓: おさ・める／おさ・まる／なお・す／なお・る
意味: 氾濫ハンランを防いだり水を利用しやすくするために川の流れを変える、筋(すじ)を通す、同「理」。
手を加えて乱れがないようにする、また秩序ある状態にする、また安定させる、またあるべき状態にする、また元通りにする、同「乿」。
管理する、制御する、調整する。",治 → JPDB Kanji Freq: 444,漢字の読みを入力してください,Text
__腕__章，__腕__力，敏__腕__,ワン,"［腕］四級
音: ワン 訓: うで
意味: 手首、臂(ヒ)(日本でいう「腕」)」と「手」を繋ぐ関節部分、同「𢮘」{人体(上肢)}。
技量、力量。
手腕(シュワン)手首技量、力量、能力。
日肩口から手首までの部分(「臂」という)。",腕 → JPDB Kanji Freq: 443,漢字の読みを入力してください,Text
__程__度，日__程__，過__程__,テイ,"［程］六級
音: テイ／ジョウ 訓: ほど
意味: ものの大小・長短・軽重・強弱・優劣などをはかる(測る・量る・計る)際の基準・規格。
一定の決まり・手順・方法。
定まっている基準・規格・決まり・区切り・手順・方法に則ってはかる、またその度合、程度(テイド)。
進む道の順路、一区切り(宿場から次の宿場まで)の距離、進んだ度合、行程(コウテイ)、旅程(リョテイ)。
日ほど、～くらい、凡(おおよ)そ～。",程 → JPDB Kanji Freq: 442,漢字の読みを入力してください,Text
__千__円，__千__人力，__千__差万別，__千__里眼,セン,"［千］十級
音: セン 訓: ち
意味: 百の十倍、キロkilo{数字}。
数や回数が非常に(十・百よりも)多いさま。
秋千(シュウセン)、ぶらんこ、同「鞦韆」。",千 → JPDB Kanji Freq: 441,漢字の読みを入力してください,Text
__読__書，音__読__，購__読__,ドク,"［読］九級
音: トク／ドク／トウ／ズ 訓: よ・む
意味: 文章を内容が理解しやすいように区切りながら抑揚ヨクヨウをつけながら声に出す。
文の中に置く読みの区切り、「、」で表す、コンマcomma、読点・逗点(トウテン)、文の区切りは、句点(クテン)といい「。」で表す。
日意味を理解する、推測する、察する。",読 → JPDB Kanji Freq: 440,漢字の読みを入力してください,Text
__読__点，句__読__点,トウ,"［読］九級
音: トク／ドク／トウ／ズ 訓: よ・む
意味: 文章を内容が理解しやすいように区切りながら抑揚ヨクヨウをつけながら声に出す。
文の中に置く読みの区切り、「、」で表す、コンマcomma、読点・逗点(トウテン)、文の区切りは、句点(クテン)といい「。」で表す。
日意味を理解する、推測する、察する。",読 → JPDB Kanji Freq: 440,漢字の読みを入力してください,Text
__読__本,トク,"［読］九級
音: トク／ドク／トウ／ズ 訓: よ・む
意味: 文章を内容が理解しやすいように区切りながら抑揚ヨクヨウをつけながら声に出す。
文の中に置く読みの区切り、「、」で表す、コンマcomma、読点・逗点(トウテン)、文の区切りは、句点(クテン)といい「。」で表す。
日意味を理解する、推測する、察する。",読 → JPDB Kanji Freq: 440,漢字の読みを入力してください,Text
__熱__病，__熱__湯，情__熱__,ネツ,"［熱］七級
音: ゼツ／ネツ／ネチ 訓: あつ・い
意味: 火に温められて立ち昇る温気や蒸気。
火に当たって温度が高くなる、太陽の熱によって気温が上がるのは「暑」。
火照(ほて)る。
盛んになる、夢中になる。",熱 → JPDB Kanji Freq: 439,漢字の読みを入力してください,Text
__民__族，__民__主的，国__民__,ミン,"［民］七級
音: ビン／ミン 訓: たみ
意味: (支配者層に属する人を除く)一般の人。
人(ひと)、人達(ひとたち)。",民 → JPDB Kanji Freq: 438,漢字の読みを入力してください,Text
__破__壊，__破__竹の勢い，__破__産，撃__破__，__破__棄,ハ,"［破］六級
音: ハ 訓: やぶ・る／やぶ・れる
意味: 石を砕(くだ)く。
壊(こわ)す、壊れる、本来の形や状態でなくなる。
限界(区切りとなる線や面)を突き抜ける、突いて穴をあける。
敵の防御線を突き抜ける、敵を打ち負かす。
やり抜く、やり果たす、使い果たす。",破 → JPDB Kanji Freq: 437,漢字の読みを入力してください,Text
__囲__碁，包__囲__，範__囲__,イ,"［囲］六級
音: イ／エ 訓: かこ・む／かこ・う
意味: 四周を取り巻く。
外から中に入らないように或いは中から外に出ないように周(まわ)りに設けられた区切り。
長さの単位、両手を広げた長さ、一抱(ひとかか)え。",囲 → JPDB Kanji Freq: 436,漢字の読みを入力してください,Text
__式__典，形__式__，数__式__,シキ,"［式］八級
音: ショク／シキ 訓: 
意味: 決まり、やり方、一定の方法や手順。
型かた、基本や標準になる形。
目的や作法サホウ、次第(シダイ)が決まっている行事。
数学などの解法を示したもの。
用(もち)いる。
車台(車の人が乗る部分)前部の手摺てすり、頭を下げ挨拶アイサツをする際に寄りかかる手摺、同「軾」{乗物(馬車)}。",式 → JPDB Kanji Freq: 435,漢字の読みを入力してください,Text
__城__内，__城__下町，落__城__,ジョウ,"［城］七級
音: セイ／ジョウ 訓: しろ
意味: 外敵からの攻撃を防ぐために都市(日本の城下町に当たる)を囲むように築かれた高い壁、またその壁で囲まれた都市、二重に壁を巡(めぐ)らせてある場合は、内側を「城」、外側を、郭(カク)、外城(ガイジョウ)という。
日外敵からの攻撃を防くために石垣や濠(ほり)などを廻らせた構築物、また石垣や濠(ほり)などで囲まれた一画。",城 → JPDB Kanji Freq: 434,漢字の読みを入力してください,Text
__周__知，__周__囲，円__周__,シュウ,"［周］七級
音: シュウ／シュ／ス 訓: まわ・り
意味: 囲いの境目、一回り、一回りする、一巡する。
隅々まで漏れなく行き渡る。
漏れがないさま、緻密な。
前11世紀頃から八百年以上続いた王朝、別名「西周」{周(西周)代}。
南北朝時代の王朝、別名「北周」{南北朝時代}。",周 → JPDB Kanji Freq: 433,漢字の読みを入力してください,Text
永__久__，持__久__，耐__久__,キュウ,"［久］六級
音: キュウ／ク 訓: ひさ・しい
意味: 長い時間が経っている。
長い間同じような状態で続いている。
灸を据える、同「灸」。",久 → JPDB Kanji Freq: 432,漢字の読みを入力してください,Text
"__久遠__
①仏語。長く久しいこと。遠い過去または未来。
②ある事柄がいつまでも続くこと。永遠。",くおん,"［久］六級
音: キュウ／ク 訓: ひさ・しい
意味: 長い時間が経っている。
長い間同じような状態で続いている。
灸を据える、同「灸」。","久 → JPDB Kanji Freq: 432
遠 → JPDB Kanji Freq: 348",漢字の読みを入力してください,Text
__降__雨，__降__参，下__降__,コウ,"［降］五級
音: コウ／ゴウ 訓: お・りる／お・ろす／ふ・る
意味: 下(くだ)る、高いところから低いところに移る。
下(お)りる、下りて来る、上から下に落ちる。
下(さ)げる、下(お)ろす、低くする、降伏(コウフク)(姿勢を低くし或いは盛服を脱いで相手に恭順の意を示すこと)」。
降服(コウフク)盛服セイフク(正装・盛装用の衣装)を脱(ぬ)ぐこと盛服を脱いで謝罪の意を示すこと盛服を脱ぎ素服ソフク(白或いは柄がらのない衣服、普段着)に着替えること。",降 → JPDB Kanji Freq: 431,漢字の読みを入力してください,Text
__奴__隷，農__奴__，守銭__奴__,ド,"［奴］四級
音: ド／ヌ 訓: やつ／め／やっこ
意味: 卑(いや)しい、身分が低い、同「㚢」。
やつ、め、人を卑しめて言う語。
やつがれ、自分を謙(へりくだ)って言う語。
(特に男性の)召使い、使用人、女性は「婢」。
日やっこ、武家の下僕。",奴 → JPDB Kanji Freq: 430,漢字の読みを入力してください,Text
__申__告，__申__請，内__申__書,シン,"［申］八級
音: シン 訓: さる／もう・す
意味: さる、十二支の九番目、時刻では午後四時を中心とした二時間、方角では西南西、動物ではサル猿を当てる{十二支}。
伸ばす、折れたり曲がっているものをまっすぐにする、同「伸」。
引き締める、しっかりと縛(しば)る、固く結ぶ、申命(シンメイ)(しっかりと命ずる、堅く命ずる)」。
(特に上位者に対して、身なりを整えて)述べる、説明する",申 → JPDB Kanji Freq: 429,漢字の読みを入力してください,Text
__村__長，__村__落，農__村__,ソン,"［村］十級
音: ソン 訓: むら
意味: 都から遠く離れた田舎(いなか)の集落、同「邨」「屯」。
田舎染みたさま。",村 → JPDB Kanji Freq: 428,漢字の読みを入力してください,Text
__宮__殿，__宮__廷，離__宮__,キュウ,"［宮］八級
音: キュウ／ク／グウ 訓: みや
意味: 外から見えないように周りを囲った住居、またその居室。
天子や天皇の住まい、またそこに住む人、古くは住居一般を指したが、秦の始皇帝が「宮」を高位の人の住むところに限定したという。
天子や天皇に関する物事を指す語
神殿、宗廟
古代五音ゴイン(宮・商・角・徴・羽)の一つ{音楽(音階)}。
守宮(シュキュウ)、ヤモリ守宮、ヤモリ科の爬虫類の総称、別名、蝎虎(カツコ)、壁虎(ヘキコ)。
、宮刑(キュウケイ)、男子を去勢する刑罰、同「𦞨」。",宮 → JPDB Kanji Freq: 427,漢字の読みを入力してください,Text
__宮__司，神__宮__，東__宮__,グウ,"［宮］八級
音: キュウ／ク／グウ 訓: みや
意味: 外から見えないように周りを囲った住居、またその居室。
天子や天皇の住まい、またそこに住む人、古くは住居一般を指したが、秦の始皇帝が「宮」を高位の人の住むところに限定したという。
天子や天皇に関する物事を指す語
神殿、宗廟
古代五音ゴイン(宮・商・角・徴・羽)の一つ{音楽(音階)}。
守宮(シュキュウ)、ヤモリ守宮、ヤモリ科の爬虫類の総称、別名、蝎虎(カツコ)、壁虎(ヘキコ)。
、宮刑(キュウケイ)、男子を去勢する刑罰、同「𦞨」。",宮 → JPDB Kanji Freq: 427,漢字の読みを入力してください,Text
"__宮__内庁
天皇や、皇室関係の事務をとりあつかう役所。内閣府にぞくする。",ク,"［宮］八級
音: キュウ／ク／グウ 訓: みや
意味: 外から見えないように周りを囲った住居、またその居室。
天子や天皇の住まい、またそこに住む人、古くは住居一般を指したが、秦の始皇帝が「宮」を高位の人の住むところに限定したという。
天子や天皇に関する物事を指す語
神殿、宗廟
古代五音ゴイン(宮・商・角・徴・羽)の一つ{音楽(音階)}。
守宮(シュキュウ)、ヤモリ守宮、ヤモリ科の爬虫類の総称、別名、蝎虎(カツコ)、壁虎(ヘキコ)。
、宮刑(キュウケイ)、男子を去勢する刑罰、同「𦞨」。",宮 → JPDB Kanji Freq: 427,漢字の読みを入力してください,Text
__円__卓，__円__熟，一__円__,エン,"［円］十級
音: エン 訓: まる／まる・い／まどか／まろ・やか
意味: 丸い形、中心から等距離にある全ての点を順に結んだ線が成す形。
丸い、角(かど)がない、尖(とが)ったところがない。
丸くなる、丸く纏(まと)まる、誰にとっても満足できる、どこをとっても欠けているところがない。
日日本の通貨の単位。",円 → JPDB Kanji Freq: 426,漢字の読みを入力してください,Text
__際__限，交__際__，この__際__,サイ,"［際］六級
音: セイ／サイ 訓: きわ
意味: 他と触(ふ)れ合う、付き合う、交際(コウサイ)(交わり接すること、付き合うこと)」。
他と合(あ)わさるところ、接するところ、境目、、水際(スイサイ)(みずぎわ)」、無際(ムサイ)(境目がどこか見分けがつかない、限りがない)」。
～にさい・して、～の時に、～するに当たって。",際 → JPDB Kanji Freq: 425,漢字の読みを入力してください,Text
__保__護，__保__存，担__保__,ホ,"［保］六級
音: ホウ／ホ 訓: たも・つ
意味: (子供などを)大切に守り育てる、保護(ホゴ)。
傍(そば)に付き添い助け守る、保母(ホボ)、傍に付き添いながら助言・教育する、太保(タイホ)(古代の官職名)」。
(他からの侵害や関与などを防ぎ)守る、そのままの状態を維持する、、保守(ホシュ)。
(約束などを)変えずに守る、変わらないように守る、、保証(ホショウ)。",保 → JPDB Kanji Freq: 424,漢字の読みを入力してください,Text
__病__気，__病__根，看__病__,ビョウ,"［病］八級
音: ヘイ／ビョウ 訓: や・む／やまい
意味: 体調や精神状態が正常でなくなる。
不調なさま、普段の或いは正常な状態でないさま。
体や心を痛める、憂える、苦しむ。",病 → JPDB Kanji Freq: 423,漢字の読みを入力してください,Text
"疾__病__
〘医〙病気。
「━の予防」",ヘイ,"［病］八級
音: ヘイ／ビョウ 訓: や・む／やまい
意味: 体調や精神状態が正常でなくなる。
不調なさま、普段の或いは正常な状態でないさま。
体や心を痛める、憂える、苦しむ。",病 → JPDB Kanji Freq: 423,漢字の読みを入力してください,Text
__抱__負，__抱__懐，介__抱__,ホウ,"［抱］四級
音: ホウ／ボウ 訓: かか・える／だ・く／いだ・く
意味: 腕を回し胸の中に入れる、中に包み込む。
胸に(心に)考え・思いを持つ、同「懷」。",抱 → JPDB Kanji Freq: 422,漢字の読みを入力してください,Text
__服__装，__服__従，洋__服__,フク,"［服］八級
音: フク／ブク 訓: 
意味: 命令や指示に沿い合わせる、命令や指示に従う。
自分の考えにぴったりと収まる、納得する、納得して従う。
仕事や道具などが手に合う、馴染む、慣れる。
何時もと同じようにする、また用いる。
体や用途に合わせて作った衣裳、衣裳を着る、ただ羽織るだけのものや体に巻き付けるものは「服」とはいわない。
三頭立ての馬車の中央の一頭、四頭立ての馬車の中央の二頭、「両外側からぴったりと挟まれている」の意、両外側の二頭を「騑馬」という。",服 → JPDB Kanji Freq: 421,漢字の読みを入力してください,Text
__制__度，__制__限，統__制__,セイ,"［制］六級
音: セイ／セ 訓: 
意味: 断(た)つ、切る。
断って目的とする形にする、また形を整(ととの)える、同繁「製」、同「剬」。
決まり、規則、法ホウ。
枠(わく)をはみ出さないように押さえる、勝手に動かないように抑(おさ)える。",制 → JPDB Kanji Freq: 420,漢字の読みを入力してください,Text
__難__物，__難__易，困__難__，非__難__,ナン,"［難］五級
音: ダン／ナン／ダ／ナ 訓: むずか・しい／かた・い
意味: 思いの通りにいかない(ならない)、～するのは容易でない、～しにくい、～しづらい、同「艱」。
災(わざわ)い、禍カ(わざわい)、手の施(ほどこ)しようのない(思い通りにはならない)災い。
やりにくい～、厄介ヤッカイな～、面倒な～。
(返答・対応が困難になるような)強い調子で(繰り返し)問い詰(つ)める、強く迫(せま)る、非難(ヒナン)。
鳥(とり)、鳥名、未詳、同「𪄿」「𪅀」。",難 → JPDB Kanji Freq: 419,漢字の読みを入力してください,Text
__探__求，__探__訪，__探__知,タン,"［探］五級
音: タン／トン 訓: さぐ・る／さが・す
意味: さぐ・る、奥まで手を伸ばし入れて確かめる、また調べる。
さが・す、遠くまで出かけて確かめる、また調べる。
尋(たず)ねる、尋ね求める。",探 → JPDB Kanji Freq: 418,漢字の読みを入力してください,Text
__識__別，意__識__，知__識__,シキ,"［識］六級
音: ショク／シキ／シ 訓: 
意味: 知ったことが他とどう違うのかを理解する。
他との違いをはっきりと見分ける、またその働き、またその能力、またその内容。
記(しる)す、書き記す、同「誌」。
幟(のぼり)、(旗などの)目印。",識 → JPDB Kanji Freq: 417,漢字の読みを入力してください,Text
__危__険，__危__害，安__危__,キ,"［危］五級
音: ギ／キ 訓: あぶ・ない／あや・うい／あや・うく／あや・ぶむ
意味: 高くそそり立つさま。
高くそそり立った山や崖の上から今にもものが落ちて来そうなさま、高くそそり立った山や崖から落ちそうになるさま、身に害が及ぶのではないかと不安を感じるさま。
今にも、もう少しのところで。
二十八宿北方玄武ゲンブの第五宿{二十八宿}。",危 → JPDB Kanji Freq: 416,漢字の読みを入力してください,Text
__肉__類，__肉__薄，筋__肉__,ニク,"［肉］九級
音: ジク／ニク 訓: しし
意味: 人や動物の骨・臓器などを除いた部分、果実の種などを除いた部分、ものの内部の骨・内臓・種などを厚く覆(おお)い、外的な力からそれらを保護し、同時にその形状や位置関係を維持する役割をするもの。
厚く柔らかいもの、ふくよかなもの。
体(からだ)、生きている人の体、生身(なまみ)。
環状のものの輪の幅(環の半径から孔の半径を引いたもの)、稈カン(内部が空洞になっている茎くき)の厚み{礼器(円形)}。
にく、部首名。",肉 → JPDB Kanji Freq: 415,漢字の読みを入力してください,Text
__太__陽，__太__鼓，皇__太__子,タイ,"［太］九級
音: タイ／タ／ダ 訓: ふと・い／ふと・る
意味: 大きい、同「大」。
甚(はなは)だしい、非常に、極めて、あまりにも～過ぎる、同「泰」、「太」は「泰」の略字。
日ふと・い、ふと・る、肥えている、ふっくらとしている。",太 → JPDB Kanji Freq: 414,漢字の読みを入力してください,Text
丸__太__，__太__刀，桃__太__郎電鉄,タ,"［太］九級
音: タイ／タ／ダ 訓: ふと・い／ふと・る
意味: 大きい、同「大」。
甚(はなは)だしい、非常に、極めて、あまりにも～過ぎる、同「泰」、「太」は「泰」の略字。
日ふと・い、ふと・る、肥えている、ふっくらとしている。",太 → JPDB Kanji Freq: 414,漢字の読みを入力してください,Text
__再__来年，__再__来月，__再__来週,サ,"［再］六級
音: サイ／サ 訓: ふたた・び
意味: 同じことが更にもう一度繰り返される、もう一度、二度、二回、二重。",再 → JPDB Kanji Freq: 413,漢字の読みを入力してください,Text
__再__度，__再__選，__再__出発,サイ,"［再］六級
音: サイ／サ 訓: ふたた・び
意味: 同じことが更にもう一度繰り返される、もう一度、二度、二回、二重。",再 → JPDB Kanji Freq: 413,漢字の読みを入力してください,Text
__器__量，__器__用，陶__器__,キ,"［器］
音: キ 訓: うつわ
意味: ①「うつわ」
ア：「入れ物」、「容器」
イ：「道具」、「器具」(例：武器)
ウ：「度量(能力や性質の高さ)」、「人物」、「才能」(例：器量)
エ：「1つの事には役立つが、応用のきかないものの例え」
オ：「働き」
②「キにする(入れ物にする、その人の才能に従って用いる)」
③「キとする(有用な人材として重んずる)」
[機・器の使い分け]
(キ)
「機」・・・「精密な構造を持ち、複雑な原理で動く物」(例：印刷機)
「器」・・・「単純な構造で動きのほとんどない物」(例：消火器)",器 → JPDB Kanji Freq: 412,漢字の読みを入力してください,Text
号__泣__，感__泣__,キュウ,"［泣］七級
音: キュウ／コウ 訓: な・く
意味: (嘆き・悲しみ・苦しみ・喜びなどの感情の高揚に伴って)声を出さずに(或いは細く微かな声を出しながら)涙を流す、声を張り上げて泣くのは「哭」。
涙(なみだ)",泣 → JPDB Kanji Freq: 411,漢字の読みを入力してください,Text
__居__住，__居__室，住__居__,キョ,"［居］六級
音: キョ／コ 訓: い・る／お・る
意味: 座る、腰を据(す)える、腰を落ち着ける、またその場所。
長く腰を落ち着けて住む、住まい。
一定の場所を占める、存在する。
貯(たくわ)える、得たものを置いておく。",居 → JPDB Kanji Freq: 410,漢字の読みを入力してください,Text
__恐__怖，__恐__縮，__恐__慌,キョウ,"［恐］四級
音: キョウ／ク 訓: おそ・れる／おそ・れ／おそ・らく／こわ・い
意味: おそ・れる、危害や不幸が及ぶかもしれないとびくびくする、また心配する、また不安になる。
おそ・らく、おそ・れ、多分、～となるかもしれない、好ましくない状態になる可能性がある。",恐 → JPDB Kanji Freq: 409,漢字の読みを入力してください,Text
__触__媒，__触__発，接__触__,ショク,"［触］四級
音: ショク／ソク 訓: ふ・れる／さわ・る
意味: 角(つの)の先端が当たる、尖(とが)ったものの先端が軽く当たる、同「𧢻」。
一部分(全体の中のある限られた部分、狭い部分)に当たる、また押し当てる。
法で禁じられた事項に相当する。",触 → JPDB Kanji Freq: 408,漢字の読みを入力してください,Text
__深__山，__深__夜，水__深__,シン,"［深］八級
音: シン 訓: ふか・い／み
意味: 水面から底までの距離が大きい、入口から奥までが遠い、表面から内部に大きく入り込んでいる。
基準とする時や時間から長い時や時間が経(た)つ、深夜(シンヤ)、深秋(シンシュウ)。
(色・交際・考え・意味などが)濃密な、濃い、奥行きがある。
甚(はなは)だ、非常に、とても。",深 → JPDB Kanji Freq: 407,漢字の読みを入力してください,Text
__寄__宿，__寄__贈，__寄__港,キ,"［寄］六級
音: キ 訓: よ・る／よ・せる
意味: 他のものを頼りにする、他のものに凭(もた)れ掛かる。
託(たく)する、他人(ひと)に預(あず)ける、委(ゆだ)ねる、寄託(キタク)、寄命(キメイ)(命を託す、命を預ける)」。
他家に身を預ける、住まわせてもらう、、寄居(キキョ)、寄宿(キシュク)。
送る、送り届ける、、寄書(キショ)(手紙を送る)」。
日近付く、近付ける、「近寄る」。
日。",寄 → JPDB Kanji Freq: 406,漢字の読みを入力してください,Text
__両__親，__両__立，千__両__,リョウ,"［両］八級
音: リョウ 訓: ふた／ふた・つ／もろ
意味: (対になる)二つ、またその双方、双方共に。
重量の単位、1斤=16両{各種単位}。
車の台数を表す語、同「輛」。
日貨幣の単位、金1両=銀60匁(江戸時代元禄期)。",両 → JPDB Kanji Freq: 405,漢字の読みを入力してください,Text
__共__同，__共__通，公__共__,キョウ,"［共］七級
音: キョウ／ク／クウ／グ 訓: とも／ども／とも・に
意味: 両手を胸の前で組む、同「拱」。
両手で物を捧(ささ)げ持つ、恭(うやうや)しく捧げ持つ、同「供」「恭」。
～と一緒に、～と同じに。
一緒に～する。
合わせて、全部で。",共 → JPDB Kanji Freq: 404,漢字の読みを入力してください,Text
__差__異，__差__別，誤__差__,サ,"［差］七級
音: サ／シャ／サイ／セ 訓: さ・す
意味: 𢀩。",差 → JPDB Kanji Freq: 403,漢字の読みを入力してください,Text
__町__会，市__町__村,チョウ,"［町］十級
音: テイ／チョウ 訓: まち
意味: 田畑を区切る細い道、土を盛って人が通れるように平らにした畦道(あぜみち)、同「圢」「䵺」。
町疃(テイタン)、町や村の外(はず)れで、シカ鹿などの動物が出没する普段は人が行かないようなところ、同「𤲖疃」。
日市街、「市」よりも小さく「村」よりも大きい行政上の区画。
日。",町 → JPDB Kanji Freq: 402,漢字の読みを入力してください,Text
__単__独，__単__位，簡__単__,タン,"［単］七級
音: タン／セン／ゼン 訓: ひとえ
意味: 一つ、ただ一つ、それだけ、ただそれだけ、異質のものや別物が混ざっていない状態を指す。
ひとえ重ならない、繰り返さない裏地のない衣服。",単 → JPDB Kanji Freq: 401,漢字の読みを入力してください,Text
__区__分け，__区__別，__区__々，地__区__,ク,"［区］八級
音: ク／オウ／ウ 訓: 
意味: ある大きさのものを幾つかに別(わ)ける、仕切(しき)る。
周りを仕切ったところ、他から仕切られたところ。
行政上の地域の単位。
小さいさま、細かいさま。
戦国時代(前5世紀～前221年)の齊国(前386年～前221年)の容量の単位、1区オウ=4豆=1斗4升{各種単位}。",区 → JPDB Kanji Freq: 400,漢字の読みを入力してください,Text
__段__落，階__段__，手__段__,ダン,"［段］五級
音: タン／ダン 訓: 
意味: 上へ上へと積み重なって層をなしたものの、その一つ一つ。
物事などの区切り、文章などの区切り。
階位、等級。",段 → JPDB Kanji Freq: 399,漢字の読みを入力してください,Text
__北__進，__北__方，敗__北__，__北__斗||七星||,ホク,"［北］九級
音: ホク 訓: きた
意味: 東トウ(ひがし、太陽が昇る方角)に向いたときに左の方角、右の方角を「南」。
背(そむ)ける、背(せ)を向ける、背(そむ)く、同「背」。
逃(に)げる、「敵に背を見せて走る」の意。",北 → JPDB Kanji Freq: 398,漢字の読みを入力してください,Text
__忘__却，__忘__年会，備__忘__,ボウ,"［忘］五級
音: ボウ／モウ 訓: わす・れる
意味: 知っていたこと・覚えていたこと・為すべきことを思い出せない、失念する。",忘 → JPDB Kanji Freq: 397,漢字の読みを入力してください,Text
__精__米，__精__密，__精__力,セイ,"［精］六級
音: セイ／ショウ 訓: くわ・しい
意味: 選(え)りすぐられた透き通るように真っ白な米。
選りすぐる、よいものだけを選ぶ。
瑕(きず)や汚れがない、濁りや混じり気がない。
瑕や濁りを取り去ったもの、清らかなさま、澄んでいるさま。
よく手が行き届いている(粗雑なところが取り除かれている)さま、肌理(きめ)細やかなさま、精密(セイミツ)。
細かい、詳(くわ)しい、精通(セイツウ)。
生命や活力の根源、精気(セイキ)。
(蔽っているものや汚れや傷を取り除いた)人や物の中にある本質的・中核的なもの、精神(セイシン)。
物の怪(もののけ)、妖怪、精霊(セイレイ・ショウリョウ)。",精 → JPDB Kanji Freq: 396,漢字の読みを入力してください,Text
__精__進，不__精__,ショウ,"［精］六級
音: セイ／ショウ 訓: くわ・しい
意味: 選(え)りすぐられた透き通るように真っ白な米。
選りすぐる、よいものだけを選ぶ。
瑕(きず)や汚れがない、濁りや混じり気がない。
瑕や濁りを取り去ったもの、清らかなさま、澄んでいるさま。
よく手が行き届いている(粗雑なところが取り除かれている)さま、肌理(きめ)細やかなさま、精密(セイミツ)。
細かい、詳(くわ)しい、精通(セイツウ)。
生命や活力の根源、精気(セイキ)。
(蔽っているものや汚れや傷を取り除いた)人や物の中にある本質的・中核的なもの、精神(セイシン)。
物の怪(もののけ)、妖怪、精霊(セイレイ・ショウリョウ)。",精 → JPDB Kanji Freq: 396,漢字の読みを入力してください,Text
__台__地，灯__台__，一__台__,ダイ,"［台］九級
音: タイ／ダイ 訓: うてな
意味: 我(われ)、自分を指す語、同「吾」「余」「予」。
三台星(サンタイセイ)、三台サンタイ」、紫微垣シビエン(天の北極を中心とした区画で天帝が住むとされた、「紫微」は王宮・天子・天位の意で用いられる)の傍に並ぶ三つの星、そのため天子を補佐する三公サンコウ(官職の最高位、時代により名称は異なる)を指すようになった。
(「自分より高いところの人」の意で)相手を尊び呼ぶ語、、貴台(キダイ)。
うてな、(四周を方形にして)土を盛り上げ上を平らにしたところ、周りからは一段と高く上が平らなところ、またその上に建てた建物、同「臺」。
一段高く上が平らでものが乗せられるようにしたもの、同「臺」。
繁「臺」。
繁「檯」。
繁「颱」。
日ものの基礎・基本となるもの。
日。",台 → JPDB Kanji Freq: 395,漢字の読みを入力してください,Text
__台__風，舞__台__,タイ,"［台］九級
音: タイ／ダイ 訓: うてな
意味: 我(われ)、自分を指す語、同「吾」「余」「予」。
三台星(サンタイセイ)、三台サンタイ」、紫微垣シビエン(天の北極を中心とした区画で天帝が住むとされた、「紫微」は王宮・天子・天位の意で用いられる)の傍に並ぶ三つの星、そのため天子を補佐する三公サンコウ(官職の最高位、時代により名称は異なる)を指すようになった。
(「自分より高いところの人」の意で)相手を尊び呼ぶ語、、貴台(キダイ)。
うてな、(四周を方形にして)土を盛り上げ上を平らにしたところ、周りからは一段と高く上が平らなところ、またその上に建てた建物、同「臺」。
一段高く上が平らでものが乗せられるようにしたもの、同「臺」。
繁「臺」。
繁「檯」。
繁「颱」。
日ものの基礎・基本となるもの。
日。",台 → JPDB Kanji Freq: 395,漢字の読みを入力してください,Text
事__務__，職__務__，義__務__,ム,"［務］六級
音: ブ／ム 訓: つと・め／つと・める
意味: 成すべきこと、ひたすら力を
努(つと)める、成すべきことにひたすら力を尽くす、同「敄」。
強(し)いて、押して、無理にでも。",務 → JPDB Kanji Freq: 394,漢字の読みを入力してください,Text
__院__内，議__院__，病__院__,イン,"［院］八級
音: エン／イン 訓: 
意味: 壁などで周りを囲った幾つもの建物からなる屋敷や施設。
壁や家などで周りが取り囲まれている庭、中庭、院落(インラク)、庭院(テイイン){四合院}。
(学校・病院などの)公共性のある施設。
日御所、宮殿。",院 → JPDB Kanji Freq: 393,漢字の読みを入力してください,Text
__浮__沈，__浮__力，__浮__薄,フ,"［浮］四級
音: フウ／ブ／フ 訓: う・く／う・かぶ／う・かべる／う・かれる／うわ・つく
意味: 水中にあるものが水面に出てくる、下にあるものが空中を上に移動する。
水面に留(とど)まる、空中に留まる、水面で水の流れのままに漂う、空中で空気の動き(風)のままに漂う。
普段は内側にあるものが表に現れ出る。
周りの動きに任せてふわふわと(ふらふらと)漂い定まらないさま。
ふわふわと軽々しい、頼りない。
上辺(うわべ)だけの、根拠や内容のない。
その時だけの、仮の。",浮 → JPDB Kanji Freq: 392,漢字の読みを入力してください,Text
__訳__文，翻__訳__，通__訳__,ヤク,"［訳］五級
音: エキ／ヤク 訓: わけ
意味: 言葉・文章や文字を、意味が通じるように(理解できるように、分かりやすいように)他の(別の)言葉・文章や文字に置き換える(言い換える)、またそれができる人(通訳)。
日(そうすることの)意味、(そうなった)理由や事情。",訳 → JPDB Kanji Freq: 391,漢字の読みを入力してください,Text
__試__験，__試__作，追__試__,シ,"［試］七級
音: シ 訓: こころ・みる／ため・す
意味: 先(ま)ずはしてみる、また使ってみる、試用(シヨウ)。",試 → JPDB Kanji Freq: 390,漢字の読みを入力してください,Text
__念__願，信__念__，断__念__,ネン,"［念］七級
音: デン／ネン 訓: おも・う
意味: 常に心に留めて思い考える、心の中に留まり去らない思いや考え。
口をほとんど閉じた状態で低い声を長く伸ばして読む。
二十、「廿」の大写字(「二」は「貳」、「三」は「參」のような大文字のこと){数字}。",念 → JPDB Kanji Freq: 389,漢字の読みを入力してください,Text
__押__収，__押__印，__押__韻,オウ,"［押］四級
音: オウ／ヨウ 訓: お・す／おさ・える
意味: 手で力を加える、力を加え自由に動けないようにする、勝手に動かないようにする、拘束コウソクする。
署名ショメイする、署名、自署ジショ、押署(オウショ)、花押(カオウ)(草書・崩し字・図案化した字などでの署名)」。
金銭や物品の借りる時に(清算されるまで勝手に処分できない)代わりの金銭や物品を抵当テイトウに入れる、、抵押(テイオウ)。",押 → JPDB Kanji Freq: 388,漢字の読みを入力してください,Text
__有__益，所__有__，特__有__,ユウ,"［有］八級
音: ユウ／ウ 訓: あ・る
意味: 在(あ)る、居(い)る、一定の範囲や場所に存在する、有力(ユウリョク)(力がある)」、稀有(ケウ)(稀にある、稀にしかない)」。
持っている、備わっている、、所有(ショユウ)、固有(コユウ)(本来持っている、それだけに特に備わっている)」。
起こる、生じる、、有事(ユウジ)(事がある、事が起こる)」。
ある状態になってそれが引き続いている、、保有(ホユウ)。
或る～、不特定の人や物事を指す。",有 → JPDB Kanji Freq: 387,漢字の読みを入力してください,Text
__有__無，__有__象無象,ウ,"［有］八級
音: ユウ／ウ 訓: あ・る
意味: 在(あ)る、居(い)る、一定の範囲や場所に存在する、有力(ユウリョク)(力がある)」、稀有(ケウ)(稀にある、稀にしかない)」。
持っている、備わっている、、所有(ショユウ)、固有(コユウ)(本来持っている、それだけに特に備わっている)」。
起こる、生じる、、有事(ユウジ)(事がある、事が起こる)」。
ある状態になってそれが引き続いている、、保有(ホユウ)。
或る～、不特定の人や物事を指す。",有 → JPDB Kanji Freq: 387,漢字の読みを入力してください,Text
__売__買，__売__品，商__売__,バイ,"［売］九級
音: バイ／メ／マイ 訓: う・る
意味: 相手が欲しいと思っているものを渡して金銭(対価)を得る、金銭(対価)を渡して欲しいものを得るのは「買」。",売 → JPDB Kanji Freq: 386,漢字の読みを入力してください,Text
__兵__器，__兵__隊，撤__兵__,ヘイ,"［兵］七級
音: ヘイ／ヒョウ 訓: つわもの
意味: 戦うための武器、兵器(ヘイキ)。
武器を持って戦う者、兵士(ヘイシ)、兵卒(ヘイソツ)。
軍隊、戦(いくさ)を目的として組織化された集団。
軍(いくさ)に関する物や人やこと、、兵法(ヘイホウ)。",兵 → JPDB Kanji Freq: 385,漢字の読みを入力してください,Text
__兵__糧，雑__兵__,ヒョウ,"［兵］七級
音: ヘイ／ヒョウ 訓: つわもの
意味: 戦うための武器、兵器(ヘイキ)。
武器を持って戦う者、兵士(ヘイシ)、兵卒(ヘイソツ)。
軍隊、戦(いくさ)を目的として組織化された集団。
軍(いくさ)に関する物や人やこと、、兵法(ヘイホウ)。",兵 → JPDB Kanji Freq: 385,漢字の読みを入力してください,Text
__昨__日，__昨__年，一__昨__日,サク,"［昨］七級
音: サク／ザク 訓: 
意味: 夜を挟んで一つ前の日。
一つ前の月や年。
過去、以前。",昨 → JPDB Kanji Freq: 384,漢字の読みを入力してください,Text
__疲__労，__疲__弊,ヒ,"［疲］四級
音: ヒ／ビ 訓: つか・れる
意味: くたびれる、力が出ない、気力がなくなる。",疲 → JPDB Kanji Freq: 383,漢字の読みを入力してください,Text
__速__度，敏__速__，時__速__,ソク,"［速］八級
音: ソク 訓: はや・い／はや・める／すみ・やか
意味: あっという間に、瞬(またた)く間に、間を置かずに、さっと。
疾(はや)い、あっという間に位置が変わる、また通り過ぎて行く、同「遬」。
間を置かずに動作・反応・対応する。",速 → JPDB Kanji Freq: 382,漢字の読みを入力してください,Text
__団__結，__団__地，集__団__,ダン,"［団］六級
音: タン／ダン／トン 訓: 
意味: 集まって一つになる、集まって円状の塊(かたまり)になる、一つに纏(まと)まる。
同じものが寄せ集まる、また寄せ集まって塊となったもの、「集団」「団体」。",団 → JPDB Kanji Freq: 381,漢字の読みを入力してください,Text
"布__団__
布を袋に縫い、綿などをつめたもの。寝るときや座るときに使う。「羽毛の掛け―」",トン,"［団］六級
音: タン／ダン／トン 訓: 
意味: 集まって一つになる、集まって円状の塊(かたまり)になる、一つに纏(まと)まる。
同じものが寄せ集まる、また寄せ集まって塊となったもの、「集団」「団体」。",団 → JPDB Kanji Freq: 381,漢字の読みを入力してください,Text
__役__務，使__役__，兵__役__,エキ,"［役］八級
音: エキ／ヤク 訓: 
意味: 国境や辺境の守備の任務ニンムに就(つ)かせる、戦いに兵士を招集する、また兵士を集めて戦(たたか)うこと、戦い、戦いくさ、兵役(ヘイエキ)、戦役(センエキ)。
人に厳しい労働を課カす、またそれに服フクする、またその仕事・労働、、使役(シエキ)、労役(ロウエキ)。
割り当てられた任務や職務、またそれを務(つと)める人、、役人(エキジン)。",役 → JPDB Kanji Freq: 380,漢字の読みを入力してください,Text
__役__所，__役__目，荷__役__,ヤク,"［役］八級
音: エキ／ヤク 訓: 
意味: 国境や辺境の守備の任務ニンムに就(つ)かせる、戦いに兵士を招集する、また兵士を集めて戦(たたか)うこと、戦い、戦いくさ、兵役(ヘイエキ)、戦役(センエキ)。
人に厳しい労働を課カす、またそれに服フクする、またその仕事・労働、、使役(シエキ)、労役(ロウエキ)。
割り当てられた任務や職務、またそれを務(つと)める人、、役人(エキジン)。",役 → JPDB Kanji Freq: 380,漢字の読みを入力してください,Text
__交__通，__交__番，社__交__,コウ,"［交］九級
音: コウ／キョウ 訓: か・わす／まじ・わる／ま・ざる
意味: 形や状態などが＋Ｘ字形(交差する)ような形になるさま、違う方向から進んできたものが一点で出会うさま、交叉コウサするさま、同「䢒」。
互いに行き来し合う、付き合う。
互いに遣(や)り取りする。",交 → JPDB Kanji Freq: 379,漢字の読みを入力してください,Text
__園__芸，公__園__，楽__園__,エン,"［園］九級
音: エン／オン 訓: その
意味: 周りを垣や柵などで囲った(樹木・果樹などの)畑。
周りを垣や柵などで囲った広い庭、またそのような庭のある邸宅、またそのような場所
高く土を盛った王やその家族の墓
簡「园」。",園 → JPDB Kanji Freq: 378,漢字の読みを入力してください,Text
__許__可，__許__諾，特__許__,キョ,"［許］六級
音: キョ／コ 訓: ゆる・す／もと／ばか・り
意味: ゆる・す、願いや話を聞き入れる、受け入れる。
ゆる・す、認める。
もと、～のところ(処、所)。
ばか・り、凡(おおよ)そ～、～程(ほど)。
何許(カキョ)何処(いずこ、どこ)、何処の～如何許(いかばかり)り、どれ程。
春秋時代(前770年～前5世紀)の古諸侯国名、現河南省許昌市付近、古くは「鄦」字が使われた。",許 → JPDB Kanji Freq: 377,漢字の読みを入力してください,Text
中__座__，__座__席，__座__談，星__座__,ザ,"［座］五級
音: サ／ザ 訓: すわ・る／くら
意味: 腰を据(す)える席や場所・位置、座席(ザセキ)。
ものを載せる台。
定まっている位置や場所、星座(セイザ)。
山や建物など(どっしりと据えられているもの)を数える語。
膝を折り腰を下ろす、腰を据える、本来「座」は座るための席や場所・位置を指す語で、「座る」という動作は「坐」。",座 → JPDB Kanji Freq: 376,漢字の読みを入力してください,Text
__瞬__間，__瞬__時，一__瞬__,シュン,"［瞬］四級
音: シュン 訓: まばた・く／またた・く
意味: 瞼(まぶた)を開閉する。
(まばたきすることで)意図や意思を伝える。
(まばたきのように)明かりが明滅する。
一瞬(イッシュン)、(まばたき一回程の)ほんの僅(わず)かな時間。",瞬 → JPDB Kanji Freq: 375,漢字の読みを入力してください,Text
__攻__守，__攻__撃，専__攻__,コウ,"［攻］四級
音: コウ／ク 訓: せ・める
意味: こちらから敵に突き掛かる、襲(おそ)い掛かる。
人の過失を突く、また責める。
隅々まで手を加え美しく仕上げる、深く突っ込んで学ぶ。",攻 → JPDB Kanji Freq: 374,漢字の読みを入力してください,Text
__答__弁，応__答__，問__答__,トウ,"［答］九級
音: トウ 訓: こたえ／こた・える
意味: 相手からの問い掛けや働き掛けに対して自分の意思を言葉や態度で返す、返事をする。
相手からの問い掛けや働き掛けに応対する、応(こた)える。
相手の心遣いなどに言葉や物で報(むく)いる。
答布(トウフ)、目の粗い厚手の布。",答 → JPDB Kanji Freq: 373,漢字の読みを入力してください,Text
__万__一，__万__年筆，巨__万__,マン,"［万］九級
音: バン／モン／マン／ボク／モク 訓: よろず
意味: 千の十倍{数字}。
数え切れないほど多いさま、極めて多いさま。
あらゆる、どんなものも、全て。
決して、絶対に、萬萬(バンバン)。
万俟(ボクキ)、姓、同「𢄏俟」、万俟卨(ボクキセツ)(宋代の人、1083年～1157年)」。",万 → JPDB Kanji Freq: 372,漢字の読みを入力してください,Text
__万__国，__万__端，__万__全,バン,"［万］九級
音: バン／モン／マン／ボク／モク 訓: よろず
意味: 千の十倍{数字}。
数え切れないほど多いさま、極めて多いさま。
あらゆる、どんなものも、全て。
決して、絶対に、萬萬(バンバン)。
万俟(ボクキ)、姓、同「𢄏俟」、万俟卨(ボクキセツ)(宋代の人、1083年～1157年)」。",万 → JPDB Kanji Freq: 372,漢字の読みを入力してください,Text
"__殿__堂，宮__殿__，貴__殿__
御__殿__","デン,テン","［殿］四級
音: テン／デン 訓: との／どの／しんがり
意味: 高く大きく堂々とした建物、同「壂」、同、堂堭(ドウコウ)。
天子の居住する館、宰相が執務する建物、またそこにいる人に対する敬称。
しんがり、最後尾、(特に軍が退却する際の)軍勢の最後尾。",殿 → JPDB Kanji Freq: 371,漢字の読みを入力してください,Text
__皆__無，__皆__勤，__皆__出席,カイ,"［皆］四級
音: カイ／ケ 訓: みな／みんな
意味: 揃って、一緒に、共に、同「倶」「偕」。
日みな、全て、全部。
日。",皆 → JPDB Kanji Freq: 370,漢字の読みを入力してください,Text
__隊__列，軍__隊__，部__隊__,タイ,"［隊］七級
音: タイ／ダイ／ツイ／ズイ 訓: 
意味: 同じ目的を持って行動する集団、特に軍の役割や機能ごとに組織した集団。
高い所から(ごろごろと転がりながら落ちるのではなく空中をまっすぐ下に)落ちる、落下する、同「墜」。",隊 → JPDB Kanji Freq: 369,漢字の読みを入力してください,Text
__欲__望，食__欲__，無__欲__,ヨク,"［欲］五級
音: ヨク 訓: ほ・しい／ほっ・する
意味: 望むものを得(え)たいと思う、望むようにしたい(なりたい)と思う、またそれを強く望む、貪欲・貪慾(ドンヨク)、同「慾」。
～しそうである、～になりそうである。",欲 → JPDB Kanji Freq: 368,漢字の読みを入力してください,Text
__和__解，__和__服，柔__和__,ワ,"［和］八級
音: カ／ワ／オ 訓: やわ・らぐ／なご・む／なご・やか／あ・える
意味: 大き過ぎず小さ過ぎない、硬過ぎず柔らか過ぎない、暑過ぎず寒過ぎない、釣り合いが取れてちょうどよいさま、程好(ほどよ)いさま、適度なさま。
気に掛ることも気に障ることもなく心穏やかなさま、(調和が取れて)平穏なさま、心地よいさま。
～と～、～と一緒に。
(他のものと調和するように)合わせる。
足し算の答え。
動いた時に音がするようにした飾り、軾ショク(車の前部の手摺)に付ける鈴(すず)、同「鉌」、軛(くびき、牛馬の首に掛けるへ字状の馬具)に立てるように付けた飾りを「鸞」「鑾」{乗物(馬車)}。
日本。",和 → JPDB Kanji Freq: 367,漢字の読みを入力してください,Text
__和__尚,オ,"［和］八級
音: カ／ワ／オ 訓: やわ・らぐ／なご・む／なご・やか／あ・える
意味: 大き過ぎず小さ過ぎない、硬過ぎず柔らか過ぎない、暑過ぎず寒過ぎない、釣り合いが取れてちょうどよいさま、程好(ほどよ)いさま、適度なさま。
気に掛ることも気に障ることもなく心穏やかなさま、(調和が取れて)平穏なさま、心地よいさま。
～と～、～と一緒に。
(他のものと調和するように)合わせる。
足し算の答え。
動いた時に音がするようにした飾り、軾ショク(車の前部の手摺)に付ける鈴(すず)、同「鉌」、軛(くびき、牛馬の首に掛けるへ字状の馬具)に立てるように付けた飾りを「鸞」「鑾」{乗物(馬車)}。
日本。",和 → JPDB Kanji Freq: 367,漢字の読みを入力してください,Text
__完__全，__完__成，未__完__,カン,"［完］七級
音: カン／ガン 訓: 
意味: 全(すべ)て、全(まった)く。
欠点や不足がなく全てが揃(そろ)っている、また備(そな)わっている。
全てが揃って(整って)終わる、出来上がる、やり遂(と)げる。",完 → JPDB Kanji Freq: 366,漢字の読みを入力してください,Text
__婚__約，結__婚__，新__婚__,コン,"［婚］四級
音: コン 訓: 
意味: 娶る(めとる、他家の女性を妻として迎える)、嫁ぐ(とつぐ、他家の男性のところに妻として入る)、夫婦になる、同「昏」、「女昏」は黄昏(たそがれ)時に嫁を迎えて婚礼を行ったことから。
嫁よめ(息子の結婚相手の女性)の実家、婿の実家は「姻」",婚 → JPDB Kanji Freq: 365,漢字の読みを入力してください,Text
恐__怖__，畏__怖__,フ,"［怖］四級
音: フ／ホ 訓: こわ・い／おそ・れる／お・じける
意味: (身に迫って来るものに対して)恐れる、畏(おそ)れる、おどおどする、びくびくする、身を竦(すく)ませる、同「惶」。
お・じける、恐れで身が竦む。",怖 → JPDB Kanji Freq: 364,漢字の読みを入力してください,Text
__品__評，作__品__，上__品__,ヒン,"［品］八級
音: ヒン／ホン 訓: しな
意味: 物(もの)、多くの物、様々な物。
もの(人や物)の本質・価値・程度を判断する。
ものの値打ち、また価値、また程度・等級。",品 → JPDB Kanji Freq: 363,漢字の読みを入力してください,Text
__幸__福，不__幸__，行__幸__,コウ,"［幸］八級
音: コウ／ギョウ 訓: さいわ・い／しあわ・せ／さち
意味: 凶事を免れて運が良いさま、同「倖」。
(思い掛けない)喜ばしいことや良いこと、またそれが起きること、またその状態。
願う、希望する。
天子の寵愛を受ける、「寵愛を受けられるのは幸い」の意。
天子が他の地を訪れること、「天子にのお出ましいただくのは幸い」の意。",幸 → JPDB Kanji Freq: 362,漢字の読みを入力してください,Text
__常__備，日__常__，非__常__,ジョウ,"［常］六級
音: ショウ／ジョウ 訓: つね／つね・に／とこ
意味: 何時も、何時もと変わらない。
変わることなく一定の、長い間変わることがない。
普通の、一般的な。
長さの単位、1常=2尋、1尋=8尺、「尋常」は「普通の、一般的な」の意。
五常(ゴジョウ)、人が常に重んずべき五つの徳目(仁・義・礼・智・信)。",常 → JPDB Kanji Freq: 361,漢字の読みを入力してください,Text
__議__論，会__議__，異__議__,ギ,"［議］七級
音: ギ 訓: 
意味: 互いに意見を交わし合う。
物事の是非について意見を交わし合う、またそれよって適切な結論を得る。
文章様式の一種で、物事の理非についての意見を記述したもの。",議 → JPDB Kanji Freq: 360,漢字の読みを入力してください,Text
__望__郷，希__望__，人__望__,ボウ,"［望］七級
音: ボウ／モウ 訓: のぞ・む／もち
意味: 待っている人や物事の到着をまだかまだかと待つ、期待する、そうなって欲しいと思う。
(待ち望む方を)見やる、遠くを見やる。
仰ぎ見る、他から仰ぎ見られる。
もち、陰暦の十五日、満月の日。",望 → JPDB Kanji Freq: 359,漢字の読みを入力してください,Text
所__望__，大__望__，本__望__,モウ,"［望］七級
音: ボウ／モウ 訓: のぞ・む／もち
意味: 待っている人や物事の到着をまだかまだかと待つ、期待する、そうなって欲しいと思う。
(待ち望む方を)見やる、遠くを見やる。
仰ぎ見る、他から仰ぎ見られる。
もち、陰暦の十五日、満月の日。",望 → JPDB Kanji Freq: 359,漢字の読みを入力してください,Text
__計__算，__計__画，寒暖__計__,ケイ,"［計］九級
音: ケイ／ケ 訓: はか・る／はか・らう／はか・り／ばか・り
意味: ものの大小・多少を数(かぞ)える、また測(はか)る、また見積もる、見当をつける。
謀(はか)る、(あることについて、あることをするに先立って)どうしたらよいか(どういう方法がよいか)考える。
凡(おおよ)そ、概(おおむ)ね。
日～ばかり、～だけ。",計 → JPDB Kanji Freq: 358,漢字の読みを入力してください,Text
__広__大，__広__言，__広__義,コウ,"［広］九級
音: コウ 訓: ひろ・い／ひろ・がる／ひろ・める
意味: 周りに壁がなく天井が高い大きな建物、周りに遮(さえぎ)るものがなく大きく開(ひら)けているところ。
中心から外方向に大きい、四方八方に行き渡る。
左右・東西など横方向に大きい。",広 → JPDB Kanji Freq: 357,漢字の読みを入力してください,Text
__火__災，灯__火__，発__火__,カ,"［火］十級
音: カ 訓: ひ／ほ
意味: ものが燃える時に発生する光や色や炎や熱など。
ものが赤々と燃える、また焼く。
(火が勢いよく燃えるように、また顔を紅潮させて)怒る、(火が弾けるように)突然怒り出す。
(火が激しい勢いで燃え広がるように)差し迫ったさま。
五行(木・火・土・金・水)の一つ{五行}。
十二章紋の一つ{服飾(十二章紋)}。
七曜(日月火水木金土)の一つ。
軍隊で十人の兵で組織された隊、唐代ではで一火(兵十人)ごとに隊長を置き、五火を一団とした。
ひ、部首名。",火 → JPDB Kanji Freq: 356,漢字の読みを入力してください,Text
__普__通，__普__遍，__普__請,フ,"［普］四級
音: ホ／フ 訓: あまね・く
意味: 太陽の光がどこにも一様に偏(かたよ)りなく降り
偏りがないさま、一様にどこまでも行き渡るさま。",普 → JPDB Kanji Freq: 355,漢字の読みを入力してください,Text
__石__油，__石__材，岩__石__，宝__石__,セキ,"［石］十級
音: セキ／ジャク／コク／シャク 訓: いし
意味: 地殻を構成する鉱物で硬(かた)く塊(かたまり)状をしたもの、堅く塊状をしたもの、多く岩(いわ、山のように大きな石)よりも小さく、砂(すな、小さな粒状の石)よりも大きい塊を指す。
それに文字を彫り込んだもの、碑ヒ(いしぶみ)。
またそれを使った治療用の針、砭ヘン(いしばり、石針)。
またそれを使った打楽器、磬ケイ。
硬い、使いものにならない。
容量の単位、1石=10斗{各種単位}。
重量の単位、1石=4鈞=120斤{各種単位}。
いし、いしへん、部首名。",石 → JPDB Kanji Freq: 354,漢字の読みを入力してください,Text
__石__高，千__石__船,コク,"［石］十級
音: セキ／ジャク／コク／シャク 訓: いし
意味: 地殻を構成する鉱物で硬(かた)く塊(かたまり)状をしたもの、堅く塊状をしたもの、多く岩(いわ、山のように大きな石)よりも小さく、砂(すな、小さな粒状の石)よりも大きい塊を指す。
それに文字を彫り込んだもの、碑ヒ(いしぶみ)。
またそれを使った治療用の針、砭ヘン(いしばり、石針)。
またそれを使った打楽器、磬ケイ。
硬い、使いものにならない。
容量の単位、1石=10斗{各種単位}。
重量の単位、1石=4鈞=120斤{各種単位}。
いし、いしへん、部首名。",石 → JPDB Kanji Freq: 354,漢字の読みを入力してください,Text
"磁__石__
❶鉄を引きつける性質をもつ物。
❷針の位置から南北の方角を知るのに使う道具。コンパス。",シャク,"［石］十級
音: セキ／ジャク／コク／シャク 訓: いし
意味: 地殻を構成する鉱物で硬(かた)く塊(かたまり)状をしたもの、堅く塊状をしたもの、多く岩(いわ、山のように大きな石)よりも小さく、砂(すな、小さな粒状の石)よりも大きい塊を指す。
それに文字を彫り込んだもの、碑ヒ(いしぶみ)。
またそれを使った治療用の針、砭ヘン(いしばり、石針)。
またそれを使った打楽器、磬ケイ。
硬い、使いものにならない。
容量の単位、1石=10斗{各種単位}。
重量の単位、1石=4鈞=120斤{各種単位}。
いし、いしへん、部首名。",石 → JPDB Kanji Freq: 354,漢字の読みを入力してください,Text
__赤__道，__赤__貧，発__赤__,セキ,"［赤］十級
音: セキ／シャク 訓: あか／あか・い
意味: 南方の色、赤道(セキドウ)、(「あらゆるものを焼き尽くすような太陽の強い光や熱の色」の意かと思われる)。
顔や体が火照(ほて)ったときの色、ものが焼けるときの色、血の色、紅コウ(べに、やや薄い赤色)や朱シュ(濃い赤色)など、またその濃淡色を含む色の総称。
(生まれたばかりの子が赤いことから)裸の、何も纏(まと)っていない、剥(む)き出しの。
何もない、赤地(セキチ)(焼き払ったように何もない土地、不毛の地)」。
嘘偽りがない、、赤心(セキシン)(誠まこと、真心まごころ)」。
あか、あかへん、部首名。",赤 → JPDB Kanji Freq: 353,漢字の読みを入力してください,Text
"__赤__銅
銅と金と銀とをまぜ合わせて作った金属。",シャク,"［赤］十級
音: セキ／シャク 訓: あか／あか・い
意味: 南方の色、赤道(セキドウ)、(「あらゆるものを焼き尽くすような太陽の強い光や熱の色」の意かと思われる)。
顔や体が火照(ほて)ったときの色、ものが焼けるときの色、血の色、紅コウ(べに、やや薄い赤色)や朱シュ(濃い赤色)など、またその濃淡色を含む色の総称。
(生まれたばかりの子が赤いことから)裸の、何も纏(まと)っていない、剥(む)き出しの。
何もない、赤地(セキチ)(焼き払ったように何もない土地、不毛の地)」。
嘘偽りがない、、赤心(セキシン)(誠まこと、真心まごころ)」。
あか、あかへん、部首名。",赤 → JPDB Kanji Freq: 353,漢字の読みを入力してください,Text
__黒__板，漆__黒__，暗__黒__,コク,"［黒］九級
音: コク 訓: くろ／くろ・い
意味: 煙突の中に溜(た)まる煤(すす)の色。
光りがなく暗い、暗闇。
善悪の悪、善は「白」。
くろ、くろへん、部首名。",黒 → JPDB Kanji Freq: 352,漢字の読みを入力してください,Text
__駅__長，__駅__伝，貨物__駅__,エキ,"［駅］八級
音: エキ／ヤク 訓: 
意味: 宿場しゅくば、街道の要所に置かれる旅人の宿泊所・休息所や荷物・人が乗り継ぐための人馬の手配所が設けられたところ、中継所。
宿場ごとに配置しておく乗り継ぎ用の馬、驛馬(エキマ)。
駱駅(ラクエキ)、人馬が次から次へと絶えることがないさま、同「絡繹」。",駅 → JPDB Kanji Freq: 351,漢字の読みを入力してください,Text
__礼__儀，謝__礼__，無__礼__,レイ,"［礼］八級
音: レイ／ライ 訓: 
意味: 社会生活をする上での作法や決まり事、禮儀・礼儀(レイギ)(正式な・正規の作法)」、拜禮・拝礼(ハイレイ)(お辞儀の作法)」、禮拜・礼拝(レイハイ)(作法に則ってお辞儀をすること)」、祭禮・祭礼(サイレイ)(祭りの儀式)」。
贈り物、、禮物・礼物(レイモツ)(贈り物)」",礼 → JPDB Kanji Freq: 350,漢字の読みを入力してください,Text
__礼__賛，__礼__記,ライ,"［礼］八級
音: レイ／ライ 訓: 
意味: 社会生活をする上での作法や決まり事、禮儀・礼儀(レイギ)(正式な・正規の作法)」、拜禮・拝礼(ハイレイ)(お辞儀の作法)」、禮拜・礼拝(レイハイ)(作法に則ってお辞儀をすること)」、祭禮・祭礼(サイレイ)(祭りの儀式)」。
贈り物、、禮物・礼物(レイモツ)(贈り物)」",礼 → JPDB Kanji Freq: 350,漢字の読みを入力してください,Text
__師__匠，教__師__，医__師__,シ,"［師］六級
音: シ 訓: 
意味: 兵士数を基にした軍隊の規模の単位、軍隊、周朝(西周、前11世紀～前771年)では2。",師 → JPDB Kanji Freq: 349,漢字の読みを入力してください,Text
__遠__近，永__遠__，敬__遠__,エン,"［遠］九級
音: エン／オン 訓: とお・い
意味: 場所や時間などが遥(はる)かに離れている、間(あいだ)が大きく空(あ)いている。
間を離す、大きく空ける。
関係が薄い。",遠 → JPDB Kanji Freq: 348,漢字の読みを入力してください,Text
読__経__，__経__文，お__経__，写__経__,キョウ,"［経］六級
音: ケイ／キョウ／キン 訓: たていと／へ・る／た・つ
意味: たていと、布の縦方向の糸、横は「緯」。
南北の方向、東西は「緯」。
筋道、筋が通っている。
筋が通っていて変わることがない、常に。
どんな場合も変わることがない方向や方法、道理。
筋道に従って治める、管理する。
へ・る、ある場所を通る。
た・つ、時が通り過ぎる。",経 → JPDB Kanji Freq: 347,漢字の読みを入力してください,Text
__経__費，__経__済，__経__験,ケイ,"［経］六級
音: ケイ／キョウ／キン 訓: たていと／へ・る／た・つ
意味: たていと、布の縦方向の糸、横は「緯」。
南北の方向、東西は「緯」。
筋道、筋が通っている。
筋が通っていて変わることがない、常に。
どんな場合も変わることがない方向や方法、道理。
筋道に従って治める、管理する。
へ・る、ある場所を通る。
た・つ、時が通り過ぎる。",経 → JPDB Kanji Freq: 347,漢字の読みを入力してください,Text
__剣__道，__剣__舞，刀__剣__,ケン,"［剣］四級
音: ケン／コン 訓: つるぎ
意味: 両刃(もろは)のまっすぐな刀、片刃は「刀」{武器(刀剣槍)}。",剣 → JPDB Kanji Freq: 346,漢字の読みを入力してください,Text
__血__液，__血__統，鮮__血__,ケツ,"［血］八級
音: ケツ／ケチ 訓: ち
意味: 動物の体内を循環し養分や老廃物を運ぶ役目をする液体。
同じ親を持つ人、またその人たちの代々の繋(つな)がり。
血気(ケッキ)、体を維持する血液と体を動かす気力、意気イキ盛んなさま。
(血を流すような)苦しみ、(血がにじむような)辛(つら)さや厳(きび)しさ、(血が混じるような)痛みや悲しみ。
血祭(ケッサイ)、生贄(いけにえ、犠牲ギセイとする家畜の血を供える祭礼。
ち、ちへん、部首名。",血 → JPDB Kanji Freq: 345,漢字の読みを入力してください,Text
__格__式，規__格__，性__格__,カク,"［格］六級
音: カク／キャク／コウ 訓: 
意味: 長く伸びた木の枝、その枝が交差するさま。
四角い枠(わく)、四角く枠をはめる。
ものの外枠、規則や基準。
限界(外枠)まで至る、行き着く、窮(きわ)まる、同「𢓜」。
品位、人や物の良し悪しの程度。
殴り合う、取っ組み合って殴り合う、同「挌」。",格 → JPDB Kanji Freq: 344,漢字の読みを入力してください,Text
"__格__子
❶細い木や竹を、縦横に組んで、まどや戸につけたもの。
❷縦横のすじの模様。チェック。",コウ,"［格］六級
音: カク／キャク／コウ 訓: 
意味: 長く伸びた木の枝、その枝が交差するさま。
四角い枠(わく)、四角く枠をはめる。
ものの外枠、規則や基準。
限界(外枠)まで至る、行き着く、窮(きわ)まる、同「𢓜」。
品位、人や物の良し悪しの程度。
殴り合う、取っ組み合って殴り合う、同「挌」。",格 → JPDB Kanji Freq: 344,漢字の読みを入力してください,Text
__告__示，__告__白，報__告__,コク,"［告］六級
音: コウ／コク 訓: つ・げる
意味: (下位者が上位者に、また人に)～であると(～であることを)知らせる、伝える、報告(ホウコク)、上位者が下位者に対して告げるのは「誥」。
上位者が下位者に知らしめる、また教え諭(さと)す、本来は「誥」。
役所に訴え出る、願い出る、申し出る、告訴(コクソ)。
役人が休暇などの願い事を申し出る、申請する、同「勂」。",告 → JPDB Kanji Freq: 343,漢字の読みを入力してください,Text
__仲__介，__仲__裁，伯__仲__,チュウ,"［仲］七級
音: チュウ／ジュウ 訓: なか
意味: 間(あいだ)、中なか、中間、上位と下位の間、長子と末子の間の子、上下・高低・大小などの間に位置する人、始まりと終わりの中間、同「中」。
人と人の間に立って互いの求めや言い分を取り纏(まと)める、仲介(チュウカイ)。
日人と人の関係や付き合いの程度、間柄(あいだがら)。",仲 → JPDB Kanji Freq: 342,漢字の読みを入力してください,Text
__背__後，__背__景，腹__背__,ハイ,"［背］五級
音: ハイ／ヘ 訓: そむ・く／せい／せ
意味: 体の後ろ側の肩から腰までの部分、腹の反対側、裏側、「自分からは見えない部分」をいう{人体(全身)}。
荷や仕事などを担(にな)う、負(お)う。
相手が見えない方を向く、相手が見えなくなる方に行く、(相手に背を見せて)離れて行く、気持ちが離れる。
指示や命令や期待・予想などに反する。
(書かれたものを見ずに)暗唱する。
(背骨や屋根の棟のように)高みが連なっている所。
日せい、せ、身長、高さ。",背 → JPDB Kanji Freq: 341,漢字の読みを入力してください,Text
__係__累，__係__争，関__係__,ケイ,"［係］八級
音: ケイ／ゲ 訓: かか・る／かか・わる／かかり
意味: 切れている糸を(途切れているものを)繋(つな)ぐ、繋いで結び付ける、途切れないように継(つ)ぐ、同「系」。
関わる、関わりを持つ、繋がりを持つ、同「系」。
簡「系」。
日かかり、受け持ち。",係 → JPDB Kanji Freq: 340,漢字の読みを入力してください,Text
__形__態，__形__成，図__形__,ケイ,"［形］九級
音: ケイ／ギョウ 訓: かたち／かた／なり
意味: ものの表に現れた姿、外観。
ものの表の様子、状態。
型、様式。",形 → JPDB Kanji Freq: 339,漢字の読みを入力してください,Text
__形__相，人__形__,ギョウ,"［形］九級
音: ケイ／ギョウ 訓: かたち／かた／なり
意味: ものの表に現れた姿、外観。
ものの表の様子、状態。
型、様式。",形 → JPDB Kanji Freq: 339,漢字の読みを入力してください,Text
__夢__幻，__夢__中，悪__夢__,ム,"［夢］六級
音: ボウ／ム 訓: ゆめ
意味: 睡眠中に見る幻覚・幻像、またそれを見る、同「㝱」。
ぼんやりとしてるさま
(現実のものとなるかどうか分からないが)実現させたいという思い、空想",夢 → JPDB Kanji Freq: 338,漢字の読みを入力してください,Text
__飲__料，__飲__食，痛__飲__,イン,"［飲］八級
音: イン／オン 訓: の・む
意味: 液状のもの(水・酒・汁など)を口に入れ噛(か)まずに嚥下、咽下(エンカ・エンゲ)する、またそのようにして体に取り入れる水・酒・汁など、同「㱃」、噛(か)んで胃に入れるのは「食」。
腹にしまう、腹にしまって表に出さない。",飲 → JPDB Kanji Freq: 337,漢字の読みを入力してください,Text
__料__金，__料__理，材__料__,リョウ,"［料］七級
音: リョウ 訓: 
意味: 升(ます、枡)で米などの物の嵩(かさ)を量(はか)る。
人や物の資質シシツを量る、推(お)し量る、見当を付ける。
ものを作る際に量を決めて使うもの、それを使ってものを作る。
家畜の餌(えさ)、給与、賃金、代金。
料理(リョウリ)状態を見極めてうまく調整・処置・処理すること日食材を取り揃(そろ)え調理すること、また調理した食べ物。",料 → JPDB Kanji Freq: 336,漢字の読みを入力してください,Text
__警__告，__警__戒，__警__察,ケイ,"［警］五級
音: ケイ／キョウ 訓: いまし・める
意味: 戒(いまし)める、
機警(キケイ)用心深いさま機敏キビンなさま、情況やその変化を素早く察知して対応する(知恵がある)さま。",警 → JPDB Kanji Freq: 335,漢字の読みを入力してください,Text
__語__学，新__語__，国__語__,ゴ,"［語］九級
音: ギョ／ゴ 訓: かた・る／かた・らう
意味: 他に向かって述べる、また告げる、考えや思い・言い伝えなどを話す。
意味を持つ言葉、話(はなし)。",語 → JPDB Kanji Freq: 334,漢字の読みを入力してください,Text
__休__止，__休__憩，定__休__,キュウ,"［休］十級
音: キュウ／ク 訓: やす・む／やす・み／やす・まる／やす・める
意味: 連続した動きや働きの途中で一旦その動きや働きを止(や)める、再開するために息を整えたり力を蓄(たくわ)えることをいう。
止める、止む、終わる。
(再び活動するための力を蓄えるために)寛(くつろ)ぐ、睡眠をとる
良いこと、めでたいこと、喜(よろこ)ばしいこと、「良き働きに対して報(むく)われるべきもの」の意",休 → JPDB Kanji Freq: 333,漢字の読みを入力してください,Text
__態__勢，形__態__，容__態__,タイ,"［態］六級
音: タイ 訓: わざ・と
意味: 心中の思いや考えなどが表に(体の動きになって)現れ出る、またその様子、態度(タイド)。
様子、容姿や立ち振る舞いの様子、物事の有様ありさま
日わざ・と、故意に、ことさらに",態 → JPDB Kanji Freq: 332,漢字の読みを入力してください,Text
__島__民，半__島__，列__島__,トウ,"［島］八級
音: トウ 訓: しま
意味: 海や湖などの広い水の中の陸地、同「隝」「隯」「嶹」。",島 → JPDB Kanji Freq: 331,漢字の読みを入力してください,Text
__走__行，競__走__，滑__走__,ソウ,"［走］九級
音: ソウ／ス 訓: はし・る
意味: 片足を地に着け止め、残る片足を前に運んで止める、という動作を左右の足で交互に速く繰り返す、早足(はやあし)で行く、同「趨」、ゆっくり繰り返すことを「歩」。
逃(に)げる、早足(はやあし)で逃げる。
はしる、そうにょう、部首名。",走 → JPDB Kanji Freq: 330,漢字の読みを入力してください,Text
唐変__木__，__木__石，大__木__，土__木__,ボク,"［木］十級
音: ボク／モク 訓: こ／き
意味: 植物の一分類、例外もあるが一般に表皮が硬く寒暖差などによって年輪を生ずるもの、またそれを使ったもの。
五行(水・火・木・金・土)の一つ{五行}。
自然で飾り気がないさま、同「朴」。
感覚がないさま、麻木(マボク)(麻痺マヒする)」。
き、きへん、部首名。",木 → JPDB Kanji Freq: 329,漢字の読みを入力してください,Text
__木__造，樹__木__，材__木__,モク,"［木］十級
音: ボク／モク 訓: こ／き
意味: 植物の一分類、例外もあるが一般に表皮が硬く寒暖差などによって年輪を生ずるもの、またそれを使ったもの。
五行(水・火・木・金・土)の一つ{五行}。
自然で飾り気がないさま、同「朴」。
感覚がないさま、麻木(マボク)(麻痺マヒする)」。
き、きへん、部首名。",木 → JPDB Kanji Freq: 329,漢字の読みを入力してください,Text
__説__明，小__説__，演__説__,セツ,"［説］七級
音: ゼイ／セツ／セチ／セイ／セ 訓: と・く
意味: 解き明かす、解釈する、またそれを言葉にしたもの。
あることに対する意見。
意味することが分かるように順序立てて話す。",説 → JPDB Kanji Freq: 328,漢字の読みを入力してください,Text
"遊__説__
自分の考えを説明しながら地方を回ること。
例: 首相が全国を━して歩く。",ゼイ,"［説］七級
音: ゼイ／セツ／セチ／セイ／セ 訓: と・く
意味: 解き明かす、解釈する、またそれを言葉にしたもの。
あることに対する意見。
意味することが分かるように順序立てて話す。",説 → JPDB Kanji Freq: 328,漢字の読みを入力してください,Text
__備__考，守__備__，準__備__,ビ,"［備］六級
音: ヒ／ビ 訓: そな・える／そな・わる／つぶさ・に
意味: 必要なものを用意しておく、(いざという時のために)予め揃えておく。
身に付いている、身に具(そな)わる。
つぶさ・に、必要なものは全て、ことごとく。",備 → JPDB Kanji Freq: 327,漢字の読みを入力してください,Text
__位__置，第一__位__，各__位__,イ,"［位］七級
音: イ 訓: くらい
意味: 順に並ぶ時に立つべき場所、並べて置く時の置くべき場所、並んでいるものの中での置かれている場所、位置(イチ)。
階級の中の級キュウ(順位)、席次セキジ、またその級に就(つ)くこと。
即位(ソクイ)天子の座ザに就くこと席に着(つ)くこと。
所ところ、場所。",位 → JPDB Kanji Freq: 326,漢字の読みを入力してください,Text
__限__度，制__限__，期__限__,ゲン,"［限］六級
音: カン／ゲン 訓: かぎ・る／かぎ・り／きり
意味: 内と外との区切り、境界、限界(ゲンカイ)。
境界や範囲の内側、定めた区切り以内、またその内に収める、限度(ゲンド)、限定(ゲンテイ)。
門の地上部に渡した横木、門の扉をそれ以上外に開かないように止めるためのもの、敷居(しきい)、同「䦘」「閾」。",限 → JPDB Kanji Freq: 325,漢字の読みを入力してください,Text
__花__弁，__花__壇，落__花__,カ,"［花］十級
音: カ／ケ 訓: はな／はな・やか／はな・やぐ
意味: 種子植物の生殖のための器官、雌蕊シズイ(めしべ)や雄蕊ユウズイ(おしべ)やその外側にある部分を総じた名{蕊}。
(花のように)美しいさま、華(はな)やかなさま、同「華」。
花のような形や姿。",花 → JPDB Kanji Freq: 324,漢字の読みを入力してください,Text
__供__給，提__供__，自__供__,キョウ,"［供］五級
音: キョウ／ク／グ 訓: そな・える／とも
意味: 両手で物を捧(ささ)げ持つ、恭(うやうや)しく捧げ持つ、同「龔」。
労働・金品などを差し出す、また差し出して役立てる。
供給(キョウキュウ)、必要があるところに必要とするものを足す、また差し出す。
事情を述べる。
日とも、主人に付き従う。",供 → JPDB Kanji Freq: 323,漢字の読みを入力してください,Text
__供__物，__供__養,ク,"［供］五級
音: キョウ／ク／グ 訓: そな・える／とも
意味: 両手で物を捧(ささ)げ持つ、恭(うやうや)しく捧げ持つ、同「龔」。
労働・金品などを差し出す、また差し出して役立てる。
供給(キョウキュウ)、必要があるところに必要とするものを足す、また差し出す。
事情を述べる。
日とも、主人に付き従う。",供 → JPDB Kanji Freq: 323,漢字の読みを入力してください,Text
__馬__車，競__馬__，乗__馬__,バ,"［馬］九級
音: バ／メ／マ 訓: うま
意味: 馬(ウマ)、ウマ科の哺乳類の総称。
うま、うまへん、部首名。",馬 → JPDB Kanji Freq: 322,漢字の読みを入力してください,Text
__利__益，鋭__利__，勝__利__,リ,"［利］七級
音: リ 訓: き・く
意味: 先が尖(とが)る、先が鋭(するど)く尖った刃物。
よく切れるさま、切れ味が良いさま、鋭いさま。
(よく切れる刃物のように)すぱっと、さっと、一気に。
(よく切れる刃物のように途中で引っ掛かるようなこともなく)うまく物事が運ぶさま、都合がよいさま、有利(ユウリ)。
得(とく)になる、得をする、儲(もう)かる、儲ける、利益(リエキ)。",利 → JPDB Kanji Freq: 321,漢字の読みを入力してください,Text
__送__別，放__送__，運__送__,ソウ,"［送］八級
音: ソウ／ス 訓: おく・る
意味: 行く人(別れる人、帰る人、旅立つ人、亡くなった人など)と別れる際に(その場で別れてしまうのではなく)途中まで同道してから別れる、出向いて行って迎(むか)えるのは、迎(ゲイ)。
ものを目的地へ運び届ける。
贈(おく)る、遣(つか)わす。",送 → JPDB Kanji Freq: 320,漢字の読みを入力してください,Text
__半__分，__半__面，大__半__,ハン,"［半］九級
音: ハン 訓: なか・ば
意味: 二分の一(1/2)、二つに分けたものの片方。
時間や道程ドウテイ(みちのり)などの長いものの始まりと終わりの終点の中間またその途中トチュウ、数(かず)や集団などの大小があるものの中間、「大・中・小」の「中」。
完全な状態でないさま。",半 → JPDB Kanji Freq: 319,漢字の読みを入力してください,Text
__友__好，__友__情，親__友__,ユウ,"［友］九級
音: ユウ／ウ 訓: とも
意味: 同じ思いや考えを持つ、またそのような人、「朋」は同じ師の教えを受ける人。
親しく交わる、気心が通じる、またそのような人",友 → JPDB Kanji Freq: 318,漢字の読みを入力してください,Text
__原__因，__原__理，高__原__,ゲン,"［原］九級
音: ゲン／ゴン／ガン 訓: はら／もと
意味: 源(みなもと)、地下水が地表に湧(わ)き出るところ、同「厡」「源」(「原」は、崖や岸を象った「厂」と、水が地表に湧き出る「泉」の合字)。
物事の始まり、物事の大本おおもと、物事の根本コンポン、物事の基本、同「源」。
始まりまで遡(さかのぼ)る、初め、もともと。
(事情を知るに及んで重い罪に問えないと)量刑(リョウケイ)を軽くする。
広く平らなことろ、平原、高く平らで広いところ、高原、同「邍」。",原 → JPDB Kanji Freq: 317,漢字の読みを入力してください,Text
__素__晴らしい，__素__顔，__素__手，__素__性,ス,"［素］六級
音: ソ／ス 訓: もと／もと・より／しろ
意味: 色を染める前の白い糸。
白い、無地の。
形は整えられているが、それ以上には手が加えられていない、本来の、元のままの、素質(ソシツ)。
飾らない、飾り気のない、質素(シッソ)。
何時もの通り、普段通り、平素(ヘイソ)。",素 → JPDB Kanji Freq: 316,漢字の読みを入力してください,Text
__素__っ気ない，__素__材，元__素__，平__素__,ソ,"［素］六級
音: ソ／ス 訓: もと／もと・より／しろ
意味: 色を染める前の白い糸。
白い、無地の。
形は整えられているが、それ以上には手が加えられていない、本来の、元のままの、素質(ソシツ)。
飾らない、飾り気のない、質素(シッソ)。
何時もの通り、普段通り、平素(ヘイソ)。",素 → JPDB Kanji Freq: 316,漢字の読みを入力してください,Text
"__公__平，__公__私，__公__園
公家","コウ,クゲ","［公］九級
音: コウ／ク 訓: おおやけ／きみ
意味: 私(わたくし)することなく広く平らなさま、偏(かたよ)らないさま、公平(コウヘイ)。
私・個人ではなく多くの人の集まり、社会的なこと、公共(コウキョウ)(多くが一つになるさま、多くが共にするさま)」。
国家、朝廷、政府、またそれに属する人、またそれに関すること。
最高位の官職、、三公(サンコウ)(周代前11世紀～前771年では太師・太傅・太保)」。
最も上位の爵位シャクイ(公・侯・伯・子・男)。
年長の男性に対する尊称。
牡(おす)、雄(おす)、、公牛(コウギュウ)(牡牛おうし)」。",公 → JPDB Kanji Freq: 315,漢字の読みを入力してください,Text
__組__織，__組__成，改__組__,ソ,"［組］九級
音: ソ／ス 訓: く・む／くみ
意味: 糸や紐(ひも)を編んだ紐、「組紐(くみひも)」。
幾つかのものを合わせて一つに纏(まと)める、また一つに纏まったもの。
組織(ソシキ)紐を編み糸を織ること(組み合わせて)一つに纏めること、また一つに纏まったもの同質のものの集まり(集合体・集団・団体)。",組 → JPDB Kanji Freq: 314,漢字の読みを入力してください,Text
__姉__妹，諸__姉__,シ,"［姉］九級
音: シ 訓: あね
意味: 同じ父母・父・母から生まれた自分よりも年上の女子、同「姐」、自分よりも年下の女子は、妹(マイ)(いもうと)」。
(敬意を込めて)自分よりも年長の女性に対する呼称、文語で用いられ、口語では「姐」が用いられる。",姉 → JPDB Kanji Freq: 313,漢字の読みを入力してください,Text
__軍__隊，__軍__備，空__軍__,グン,"［軍］七級
音: クン／グン 訓: いくさ
意味: 兵車で周りを取り囲む。
戦(いくさ)用の兵車。
戦うために編成された集団による戦い。
戦うために集められ訓練された兵士。
兵士数を基にした隊の規模の単位、周朝(西周、前11世紀～前771年)では12。",軍 → JPDB Kanji Freq: 312,漢字の読みを入力してください,Text
__構__造，__構__内，結__構__,コウ,"［構］六級
音: コウ／ク 訓: かま・える／かま・う
意味: 材木をしっかりと組んで建物を作る、また出来上がった建物。
(建物・作品・組織など)幾つかの素材や要素を組み合わせて作り上げる、また組み立て上がったもの。
組み立てる、成り立たせる。
簡「构」。
日かま・える、身や心の形を整える。
日。",構 → JPDB Kanji Freq: 311,漢字の読みを入力してください,Text
__首__尾，__首__席，自__首__,シュ,"［首］九級
音: シュウ／シュ 訓: くび／こうべ
意味: 頭と頭を支える部分、多く「頭を支える部分」の意で用いられるが、本来は頭と頸(くび、頭と胴の間にあって頭を支える部分)を合わせた部分を指す、首級(シュキュウ)(くび)」{人体(頭部)}。
(首が体の先頭にあることから)先頭の、第一の、一番目の。
(首が体の最も高い位置にあることから)最高の、、首座(シュザ)。
集団の長チョウ、、首相(シュショウ)、首領(シュリョウ)。
出向いて罪を告白する、、自首(ジシュ)。
詩歌数える語。
くび、部首名。",首 → JPDB Kanji Freq: 310,漢字の読みを入力してください,Text
__断__絶，裁__断__，__断__定，判__断__,ダン,"［断］六級
音: タン／ダン 訓: た・つ／ことわ・る
意味: 繋(つな)がっているものを(連続しているものを)途中で切る、切って二つに分ける、切り離す。
ぷっつりと途切れる、絶(た)える。
すっぱりと区切る、きっぱりと決める。
決して～ない、きっぱりと～する。
日ことわ・る説明して許可を得る説明して辞退・拒否する。",断 → JPDB Kanji Freq: 309,漢字の読みを入力してください,Text
__敵__，__敵__意，匹__敵__,テキ,"［敵］五級
音: テキ／ジャク 訓: かたき
意味: 正面から向き合う(向き合える)相手、釣り合いの取れた相手。
匹敵(ヒッテキ)、釣り合うこと、対等であること、またその相手。
正面から向き合う、また立ち向かう、対立する、またその相手。",敵 → JPDB Kanji Freq: 308,漢字の読みを入力してください,Text
__活__動，__活__力，生__活__,カツ,"［活］九級
音: カツ／ガチ 訓: い・きる／い・かす
意味: 水が(生きているかのように)勢いよく流れるさま、またその音、活活(カツカツ)、同「𣿛」「𣸅」。
(水しぶきが飛び散るように)生き生きとしたさま、動きが生き生きとしているさま、活動(カツドウ)。
生きる、生きている、生きて行く、生活(セイカツ)。
(他を、他人を)生かす",活 → JPDB Kanji Freq: 307,漢字の読みを入力してください,Text
__存__分，保__存__，__存__じ上げる,ゾン,"［存］五級
音: ソン／ゾン 訓: ながら･える
意味: そこに在(あ)る、そこに居(い)る、同「侟」。
ながら･える、保つ、長く保ち続ける。
生きている、存命(ゾンメイ)。
無事かどうかを問う、気に掛かっていることを(様子を気に掛けて)尋(たず)ねる。",存 → JPDB Kanji Freq: 306,漢字の読みを入力してください,Text
__存__在，__存__続，既__存__,ソン,"［存］五級
音: ソン／ゾン 訓: ながら･える
意味: そこに在(あ)る、そこに居(い)る、同「侟」。
ながら･える、保つ、長く保ち続ける。
生きている、存命(ゾンメイ)。
無事かどうかを問う、気に掛かっていることを(様子を気に掛けて)尋(たず)ねる。",存 → JPDB Kanji Freq: 306,漢字の読みを入力してください,Text
__朝__食，早__朝__，今__朝__,チョウ,"［朝］
音: チョウ｜常用漢字表外：「ジョウ」訓: あさ 
意味: ①「あさ」
ア：「太陽(日)が地上に出てから多く時間が経っていない時」
イ：「太陽(日)が地上に出てから正午(12時)頃までの間」
ウ：「(気象庁では)午前6時頃から午前9時頃までを指す」
②「あした(次の日の「①」)」
③「朝廷(天子(国を治める人)が政治を行う所)」
④「一人の君主(国を治める人)が国を治めている期間。また、ある血筋(血のつながり)の君主達の治めていた期間」(例：ヴァロワ朝、ヴィクトリア朝)
⑤「国」(例：異朝)
⑥「人の集まる所」、「街中(住宅や商店が集まっている所)」
⑦「初(はじ)め」
⑧「ある日(不特定の日)」(例：一朝)
⑨「政治(まつりごと)」、「政治を行う」
⑩「司(つかさ)」、「役所」、「官庁」
⑪「朝廷に参る」(例：朝見)
⑫「集まる」、「集める」",朝 → JPDB Kanji Freq: 305,漢字の読みを入力してください,Text
__打__撃，__打__破，乱__打__,ダ,"［打］八級
音: テイ／チョウ／ダ 訓: う・つ
意味: 撃(う)つ、手や道具を物に当てる、叩(たた)く。
～する、打消(ダショウ)(取り消す、打ち消す)」、打撃(ダゲキ)(撃つ)」、打開(ダカイ)(開ける)」、打算(ダサン)(計算する)」、打傷(ダショウ)(傷を負う、傷を負わせる)」、打倒(ダトウ)(倒す)」、打頭(ダトウ)(先頭に立つ)」。
～(場所や時間など)から、同「从」。
個数の単位、ダースdozen、1打=12個。",打 → JPDB Kanji Freq: 304,漢字の読みを入力してください,Text
打擲,チョウチャク,"［打］八級
音: テイ／チョウ／ダ 訓: う・つ
意味: 撃(う)つ、手や道具を物に当てる、叩(たた)く。
～する、打消(ダショウ)(取り消す、打ち消す)」、打撃(ダゲキ)(撃つ)」、打開(ダカイ)(開ける)」、打算(ダサン)(計算する)」、打傷(ダショウ)(傷を負う、傷を負わせる)」、打倒(ダトウ)(倒す)」、打頭(ダトウ)(先頭に立つ)」。
～(場所や時間など)から、同「从」。
個数の単位、ダースdozen、1打=12個。",打 → JPDB Kanji Freq: 304,漢字の読みを入力してください,Text
__追__跡，__追__放，訴__追__,ツイ,"［追］八級
音: ツイ 訓: お・う
意味: 先に行った者の跡を辿(たど)って行く、済んだ物事と同じ道を逆に辿る、現在(結果)に至るまでの道筋を過去(原因)に向かって遡(さかのぼ)って行く、追跡(ツイセキ)(跡を辿り追い掛けて行く)」、追念(ツイネン)(過ぎ去った時のことを思う)」、追悼(ツイトウ)(先に往ってしまった人を思い悼む)」。
後から付け加える、後から補(おぎな)う、、追記(ツイキ)。
玉ギョク(美しく高貴な石)を削ったり彫ったりして形を整える、同「𤤷」。",追 → JPDB Kanji Freq: 303,漢字の読みを入力してください,Text
__抜__刀，__抜__群，選__抜__,バツ,"［抜］四級
音: ハツ／バチ／バツ 訓: ぬ・く／ぬ・ける／ぬ・かす／ぬ・かる
意味: 多くの中で一部だけが見えているところを掴んで引っ張り出す。
多くの中から必要なもの或いは不必要なものを選んで取り出す。
多くの中でそこだけ(それだけ)が突き出ている、他よりそこだけ(それだけ)が優れている。
日肝心なところを見落とす。",抜 → JPDB Kanji Freq: 302,漢字の読みを入力してください,Text
"自__由__，理__由__，事__由__
__由__緒","ユウ,ユイ","［由］八級
音: ユウ／ユ 訓: よ・る／よし
意味: 基(もと)づく、因(よ)る、経由(ケイユ)、由来(ユライ)。
～が元(もと)で、～によって、、原由(ゲンユウ)。
(～という結果に至った)訳(わけ)、経緯ケイイ(いきさつ)、、理由(リユウ)。
、由蘖(ユウゲツ)、蘖(ひこばえ)、切り株から生え出た新芽。",由 → JPDB Kanji Freq: 301,漢字の読みを入力してください,Text
__由__来，経__由__,ユ,"［由］八級
音: ユウ／ユ 訓: よ・る／よし
意味: 基(もと)づく、因(よ)る、経由(ケイユ)、由来(ユライ)。
～が元(もと)で、～によって、、原由(ゲンユウ)。
(～という結果に至った)訳(わけ)、経緯ケイイ(いきさつ)、、理由(リユウ)。
、由蘖(ユウゲツ)、蘖(ひこばえ)、切り株から生え出た新芽。",由 → JPDB Kanji Freq: 301,漢字の読みを入力してください,Text
__転__出，回__転__，運__転__,テン,"［転］八級
音: テン 訓: ころ・がる／ころ・がす／ころ・げる／ころ・ぶ／うたた
意味: (車輪が回るように)ごろりと回る、ぐるりと回る、回転(カイテン)。
(車輪が接地する位置を変えながら転がり進んで行くように次へ次へと)位置や方向を変える、また変える、移転(イテン)。
次へ次へと運ばれて行く、次へ次へと移って行く、転移(テンイ)。
変化する、移り変わる。",転 → JPDB Kanji Freq: 300,漢字の読みを入力してください,Text
__加__入，__加__減，追__加__,カ,"［加］七級
音: カ／ケ 訓: くわ・える／くわ・わる
意味: 足(た)す、付け足す、継(つ)ぎ足す、
増(ふ)やす、増える。
その上に～、その上更に～。",加 → JPDB Kanji Freq: 299,漢字の読みを入力してください,Text
__期__間，__期__待，予__期__,キ,"［期］八級
音: キ／ゴ／コ 訓: 
意味: 予定されている(約束されている)時(とき、時期、時間)、時期(ジキ)、期間(キカン)(二つの時・時期の間、始めの時から終わりの時までの間)」。
決められた時(時期、時間)に会う。
時(時期、時間)が一巡すること、一年(例えば収穫から次の収穫まで)、また一カ月(朔日から次の朔日まで)、同「稘」「朞」。",期 → JPDB Kanji Freq: 298,漢字の読みを入力してください,Text
最__期__，この__期__に及んで,ゴ,"［期］八級
音: キ／ゴ／コ 訓: 
意味: 予定されている(約束されている)時(とき、時期、時間)、時期(ジキ)、期間(キカン)(二つの時・時期の間、始めの時から終わりの時までの間)」。
決められた時(時期、時間)に会う。
時(時期、時間)が一巡すること、一年(例えば収穫から次の収穫まで)、また一カ月(朔日から次の朔日まで)、同「稘」「朞」。",期 → JPDB Kanji Freq: 298,漢字の読みを入力してください,Text
__術__策，技__術__，芸__術__,ジュツ,"［術］六級
音: シュツ／ジュツ／ズチ 訓: すべ
意味: 市中を通る道、行き方。
やり方、方法・方策や手段、それを使いこなす能力。
取るべき道、従うべき決まり。
述べる、考えや思いを書き表す、或いは言い表す、同「述」。",術 → JPDB Kanji Freq: 297,漢字の読みを入力してください,Text
__室__内，皇__室__，居__室__,シツ,"［室］九級
音: シツ／シチ 訓: むろ
意味: 奥の部屋、堂ドウ(南側の広間)の後ろ(北側、北側中央)の部屋、家人が日常起居キキョする部屋。
部屋、房間ボウカン、屋子オクシ。
家、住居、またそこで生活を一(いつ)にする人。
妻(つま)、妻を娶(めと)る。
ものを納(おさ)めておく部屋、またそのような場所。
刀身を納める革袋、鞘さや、同「𩋡」。
二十八宿北方玄武ゲンブの一つ{二十八宿}。",室 → JPDB Kanji Freq: 296,漢字の読みを入力してください,Text
__運__動，__運__命，海__運__,ウン,"［運］八級
音: ウン 訓: はこ・ぶ
意味: 場所や位置を移し変える、移動する、移転する、運行(ウンコウ)。
止(とど)まることなく位置や状況などが移り変わる、止(と)まらないように次へ次へと場所や位置を変える、運動(ウンドウ)。
次へ次へと位置を変えて一巡イチジュン(ひとめぐ・り)する。
巡(めぐ)り合せ、定(さだ)め、命運(メイウン)(運命)」。
簡「运」。",運 → JPDB Kanji Freq: 295,漢字の読みを入力してください,Text
__任__意，__任__務，責__任__,ニン,"［任］六級
音: ジン／ニン 訓: まか・す
意味: 役目や仕事を与える、また委(ゆだ)ねる、また託(たく)す、任命(ニンメイ)。
(仕事を託し、その)扱いをその人の裁量サイリョウに委ねる、放任(ホウニン)。
仕事や役割を担当する、また引き受ける。
託した仕事、引き受けた仕事、また職務、役割、任務(ニンム)、責任(セキニン)。",任 → JPDB Kanji Freq: 294,漢字の読みを入力してください,Text
__平__面，__平__和，公__平__,ヘイ,"［平］八級
音: ヘイ／ビョウ／ヒョウ 訓: たい・ら／ひら
意味: 起伏や凹凸がない、高さが揃っている。
普段通り、何時もと変わらずあるべき状態にある。
乱れがなく穏やかなさま。
均一な、等しい、斉(ひと)しい。",平 → JPDB Kanji Freq: 293,漢字の読みを入力してください,Text
__平__等,ビョウ,"［平］八級
音: ヘイ／ビョウ／ヒョウ 訓: たい・ら／ひら
意味: 起伏や凹凸がない、高さが揃っている。
普段通り、何時もと変わらずあるべき状態にある。
乱れがなく穏やかなさま。
均一な、等しい、斉(ひと)しい。",平 → JPDB Kanji Freq: 293,漢字の読みを入力してください,Text
__川__柳，河__川__,セン,"［川］十級
音: セン 訓: かわ
意味: 水の流れる道、同「巛」。
四川省の略称{四川省}。
かわ、さんぼんがわ、部首名。",川 → JPDB Kanji Freq: 292,漢字の読みを入力してください,Text
__買__収，売__買__，購__買__,バイ,"［買］九級
音: バイ／メ 訓: か・う
意味: 金銭(対価)を渡して欲しいものを得る、相手が欲しいと思っているものを渡して金銭(対価)を得るのは「売」。
自ら招き寄せる、自ら進んで(面倒なことや良くないことを)引き寄せる。",買 → JPDB Kanji Freq: 291,漢字の読みを入力してください,Text
__苦__心，__苦__労，辛__苦__,ク,"［苦］八級
音: コ／ク 訓: にが・い／にが・る／くる・しい／くる・しむ／くる・しみ／くる・しめる
意味: 渋味やえぐ味などの不快に感じる味、五味(甘・酸・鹹・苦・辛)の一つ。
不快なことや思うようにならないことなどに困り果てる、押さえ付けられているような(重苦しい)痛み。
程度が甚(はなは)だしいさま。
乗り物酔(よ)いする、苦車・瘔車(クシャ)(車酔い)」、同「瘔」。",苦 → JPDB Kanji Freq: 290,漢字の読みを入力してください,Text
__果__実，__果__断，結__果__,カ,"［果］七級
音: カ 訓: は・たす／は・てる／は・たして
意味: 木の実、同「菓」。
は・たす、最後まで成し遂げる。
(芽を出し生長し花を咲かせ最終的には実が成ることから)物事の結末、最後まで成し遂げることによって得るもの、結果(ケッカ)、成果(セイカ)。
は・てる、それ以上は何もなくなる。
は・たして、当然そう成ることは分かっていたが案の定、(疑問の表現を伴って)一体～だろうか。
思い切って、、果敢(カカン)。",果 → JPDB Kanji Freq: 289,漢字の読みを入力してください,Text
__予__定，__予__備，猶__予__,ヨ,"［予］八級
音: ヨ 訓: あらかじ・め／かね・て
意味: 我(われ)、自分を指す語、同「余」「吾」「我」。
与える、授ける、賜予(シヨ)。
前もって、同「豫」「預」。
余裕があるさま、ゆとりがあるさま、猶予(ユウヨ)。",予 → JPDB Kanji Freq: 288,漢字の読みを入力してください,Text
__姿__勢，容__姿__，雄__姿__,シ,"［姿］五級
音: シ 訓: すがた
意味: 容貌(ヨウボウ)・体形(タイケイ)・身形(みなり)や立ち振る舞いなどの外見やその様子、ものの形や動きの様子。",姿 → JPDB Kanji Freq: 287,漢字の読みを入力してください,Text
__倒__産，圧__倒__，傾__倒__,トウ,"［倒］四級
音: トウ 訓: たお・す／たお・れる
意味: 立っているものが横になる(横にする)。
(上下や前後左右の位置関係や順序が、また意図・予想していたことと)逆(ぎゃく)になる、逆にする、逆(さか)さまになる。
器を傾けて中のものを出す、",倒 → JPDB Kanji Freq: 286,漢字の読みを入力してください,Text
__進__級，__進__言，前__進__,シン,"［進］八級
音: シン 訓: すす・む／すす・める
意味: 前に向かって動く(行く)、前に出る、登る、上に向かって動く(行く)、昇って行く、状態が良い方向に向かう、逆は「退」。
位や程度が上がる。
人にものを差し出す、また差し上げる。
中に入る、外から内側に向かって移動する。",進 → JPDB Kanji Freq: 285,漢字の読みを入力してください,Text
__認__識，承__認__，否__認__,ニン,"［認］五級
音: ジン／ニン 訓: みと・める／したた・める
意味: 見分ける、それが何かを見定める。
しっかりと見定めて受け入れる、聞き入れる、納得(ナットク)する。
日したた・める、整える、(膳を整え)食事をする。
日。",認 → JPDB Kanji Freq: 284,漢字の読みを入力してください,Text
__輩__出，同__輩__，先__輩__,ハイ,"［輩］四級
音: ハイ／ヘ 訓: ともがら／やから
意味: 車の数の単位、1輩=100輌。
車列、車が列を成すさま、輩出(ハイシュツ)(列を成して次々に現れ出るさま)」。
ともがら、やから、同等・同類・同属・同世代などの同じグループgroupに属する人、、同輩(ドウハイ)(同じ世代・地位の人)」、先輩(センパイ)(年上の人、先に勤め学び始めた人)」。",輩 → JPDB Kanji Freq: 283,漢字の読みを入力してください,Text
__反__映，__反__対，違__反__,ハン,"［反］八級
音: ハン／ホン／タン 訓: そ・る／そ・らす／かえ・る／かえ・す
意味: 覆(くつがえ)る、表裏が逆になる、ひっくり返る。
逆ギャク、逆である、反対(ハンタイ)。
背(そむ)く、背(せ)を向ける、反逆・叛逆(ハンギャク)、同「叛」
顧(かえり)みる、振り返る
反切(ハンセツ)、二つの漢字を用い、先の漢字の声母(音節の初めの子音)と、後の漢字の韻母(音節の初めの子音を除いたもの)組み合わせて音を表す、「漢」は「呼旰切」で表され、「呼」の音「hū」の「h」と「旰」の音「gàn」の「àn」を合わせ「hànカン」と発音する。
日そ・る、弓のような形に曲がる。
日。",反 → JPDB Kanji Freq: 282,漢字の読みを入力してください,Text
"__反__物，一__反__
着物にする布。とくに、大人の着物一着分ずつになっているものをいう。呉服。",タン,"［反］八級
音: ハン／ホン／タン 訓: そ・る／そ・らす／かえ・る／かえ・す
意味: 覆(くつがえ)る、表裏が逆になる、ひっくり返る。
逆ギャク、逆である、反対(ハンタイ)。
背(そむ)く、背(せ)を向ける、反逆・叛逆(ハンギャク)、同「叛」
顧(かえり)みる、振り返る
反切(ハンセツ)、二つの漢字を用い、先の漢字の声母(音節の初めの子音)と、後の漢字の韻母(音節の初めの子音を除いたもの)組み合わせて音を表す、「漢」は「呼旰切」で表され、「呼」の音「hū」の「h」と「旰」の音「gàn」の「àn」を合わせ「hànカン」と発音する。
日そ・る、弓のような形に曲がる。
日。",反 → JPDB Kanji Freq: 282,漢字の読みを入力してください,Text
"謀__反__
仕えている人や政府にそむくこと。",ホン,"［反］八級
音: ハン／ホン／タン 訓: そ・る／そ・らす／かえ・る／かえ・す
意味: 覆(くつがえ)る、表裏が逆になる、ひっくり返る。
逆ギャク、逆である、反対(ハンタイ)。
背(そむ)く、背(せ)を向ける、反逆・叛逆(ハンギャク)、同「叛」
顧(かえり)みる、振り返る
反切(ハンセツ)、二つの漢字を用い、先の漢字の声母(音節の初めの子音)と、後の漢字の韻母(音節の初めの子音を除いたもの)組み合わせて音を表す、「漢」は「呼旰切」で表され、「呼」の音「hū」の「h」と「旰」の音「gàn」の「àn」を合わせ「hànカン」と発音する。
日そ・る、弓のような形に曲がる。
日。",反 → JPDB Kanji Freq: 282,漢字の読みを入力してください,Text
__守__備，保__守__，攻__守__,シュ,"［守］八級
音: シュウ／シュ／ス 訓: まも・る／もり／かみ
意味: 古代の官名、同「𡬮」、太守(タイシュ)(郡や府の長官、地方の長官)」。
同じ状態に保(たも)つ、、守備(シュビ)(備え守る)」。
(異変がないかを)見張る、番バンをする。
(先例や決まりなどに)従う、その通りにする、、順守・遵守(ジュンシュ)。",守 → JPDB Kanji Freq: 281,漢字の読みを入力してください,Text
__約__束，__約__半分，節__約__,ヤク,"［約］七級
音: ヤク 訓: つづ・める
意味: 束ねる、纏(まと)めて束ねる、小さく纏める、同「𠣩」。
結ぶ、結び目、約定(ヤクジョウ)(互いに取り決め結び合うこと)」。
約束(ヤクソク)しっかりと縛(しば)り束ねる、ぐっと押さえ止める、抑(おさ)える互いがしっかりと守るべき取り決め。
不要な部分を省略して必要な部分だけを残す、簡略にする。
無駄がないように簡素にする。
ほぼ、凡(おおよ)そ、大体。",約 → JPDB Kanji Freq: 280,漢字の読みを入力してください,Text
__記__入，__記__号，伝__記__,キ,"［記］九級
音: キ／コ 訓: しる・す
意味: (忘れないように)覚えておく、記憶(キオク)。
(忘れないように)書き留(と)める、書き付ける、また書き留めたもの、記録(キロク)、記事(キジ)(書き記された事柄)」。
印しるし、目印。
印章インショウ、はんこ。",記 → JPDB Kanji Freq: 279,漢字の読みを入力してください,Text
__貴__重，__貴__下，騰__貴__,キ,"［貴］五級
音: キ 訓: たっと・い／たっと・ぶ／とうと・い／とうと・ぶ
意味: 品質・価値・値段が高い、低いのは「賤」。
得難(えがた)いものとして大切にする、また重視ジュウシする、同、貴重(キチョウ)。
身分・地位が高い、またそのような人、同「尊」。
相手に関する語に冠して敬意を表す語。",貴 → JPDB Kanji Freq: 278,漢字の読みを入力してください,Text
休__息__，消__息__，子__息__,ソク,"［息］八級
音: ショク／ソク 訓: いき
意味: いき、口や鼻で吐いたり吸ったりする空気。
呼吸する、一度吐いて吸うことを「一息」という。
生きている。
止(や)む、鎮(しず)まる、落ち着く、同「熄」。
休む、休憩する。
自分の(特に男の)子供。
元金から生まれた利子、「親から生まれた子供」の意。",息 → JPDB Kanji Freq: 277,漢字の読みを入力してください,Text
__消__滅，__消__極的，費__消__,ショウ,"［消］八級
音: ショウ 訓: き・える／け・す
意味: 減る、少しずつ小さくなる、また少なくなる、また細くなる、またそのようにする。
次第に小さく(細く)なってやがて姿が見えなくなる、なくなる、後に何も残らない、またそのようにする。
(次の予定までの)時間を過ごす、また時間を減らす、(空いた)時間を潰(つぶ)す。
消極(ショウキョク)、積極的に事を成そうとする意欲が次第に先細る、積極的に賛意・賛同の意思を示さない。",消 → JPDB Kanji Freq: 276,漢字の読みを入力してください,Text
__急__速，__急__務，緊__急__,キュウ,"［急］八級
音: キュウ／コウ 訓: いそ・ぐ／せ・く
意味: ゆとりがないさま、余裕がないさま、ゆったりとしていないさま。
せ・く、気持ちにゆとりがない、忙(せわ)しい。
いそ・ぐ、間マを置かずに動く、早く動く、せかせかと動く。
あっという間マに～。
(困難や危険などが)間近に迫(せま)る、差し迫る。",急 → JPDB Kanji Freq: 275,漢字の読みを入力してください,Text
__第__一，__第__三者，及__第__,ダイ,"［第］八級
音: テイ／ダイ 訓: 
意味: 階段のように段々に区切られているさま。
高低の並び、順序、順位、順番、序列、等級。
(昇進・採用のための等級ごとに行われる)試験。
大きな屋敷。",第 → JPDB Kanji Freq: 274,漢字の読みを入力してください,Text
__件__数，事__件__，条__件__,ケン,"［件］六級
音: ケン／ゲン 訓: くだん／くだり
意味: 分(わ)ける、区分(くわけ)する、区分けされているものを数える語、物や事(こと)を数える語。
事、事柄(ことがら)。
日くだん、くだり、前に取り上げた事柄。",件 → JPDB Kanji Freq: 273,漢字の読みを入力してください,Text
注__文__，__文__句，経__文__，天__文__学,モン,"［文］十級
音: ブン／モン 訓: あや／ふみ
意味: 紋様や図形、天文(テンブン・テンモン)。
多くの人にとって共通の意味を持つ紋様や図形、文字(モジ・モンジ)、古くは象形文字(ものの形を象った字、「宀」「子」もその一つ)や指事文字(形のないものを表す字、「一」「二」「上」「下」など)を「文」といい、それら(「字」を例にとれば「宀」「子」)を組み合わせたものを「字」といった、後には「文」「字」の区別はなくなり「字」が用いられる。
言葉を字で書き表したもの、文章(ブンショウ)、文書(ブンショ・モンジョ)
力に依(よ)らず穏やかで洗練されているもの、またそのさま、、文明(ブンメイ)(美しく洗練されているさま、知識や教養があるさま)」、勇ましく猛々(たけだけ)しいのは「武」
ぶん、ぶんにょう、部首名。",文 → JPDB Kanji Freq: 272,漢字の読みを入力してください,Text
__文__学，__文__化，作__文__,ブン,"［文］十級
音: ブン／モン 訓: あや／ふみ
意味: 紋様や図形、天文(テンブン・テンモン)。
多くの人にとって共通の意味を持つ紋様や図形、文字(モジ・モンジ)、古くは象形文字(ものの形を象った字、「宀」「子」もその一つ)や指事文字(形のないものを表す字、「一」「二」「上」「下」など)を「文」といい、それら(「字」を例にとれば「宀」「子」)を組み合わせたものを「字」といった、後には「文」「字」の区別はなくなり「字」が用いられる。
言葉を字で書き表したもの、文章(ブンショウ)、文書(ブンショ・モンジョ)
力に依(よ)らず穏やかで洗練されているもの、またそのさま、、文明(ブンメイ)(美しく洗練されているさま、知識や教養があるさま)」、勇ましく猛々(たけだけ)しいのは「武」
ぶん、ぶんにょう、部首名。",文 → JPDB Kanji Freq: 272,漢字の読みを入力してください,Text
__頑__強，__頑__健，__頑__固，__頑__是ない,ガン,"［頑］凖二級
音: ガン／ゲン 訓: かたくな
意味: 頭が固くやり方や考えを変えないさま、強情ゴウジョウなさま、頑固(ガンコ)。
鈍いさま、愚かなさま、「頭が固くやり方や考えを変えられない」ことから、頑迷(ガンメイ)。
固く丈夫なさま、頑強(ガンキョウ)。",頑 → JPDB Kanji Freq: 271,漢字の読みを入力してください,Text
__痛__快，苦__痛__，心__痛__,ツウ,"［痛］五級
音: トウ／ツウ 訓: いた・む
意味: 病気・傷・刺激などによって引き起こされる身体的な苦しみ。
精神的な苦しみや悲しみ。
甚(はなは)だ、非常に。",痛 → JPDB Kanji Freq: 270,漢字の読みを入力してください,Text
__十__字架，__十__文字,ジュウ,"［十］十級
音: シュウ／ジュウ 訓: とお／と
意味: 数の名、十番目{数字}。
多い。
全て、全て備わる、全て揃う。
じゅう、部首名",十 → JPDB Kanji Freq: 269,漢字の読みを入力してください,Text
__十__回,ジッ,"［十］十級
音: シュウ／ジュウ 訓: とお／と
意味: 数の名、十番目{数字}。
多い。
全て、全て備わる、全て揃う。
じゅう、部首名",十 → JPDB Kanji Freq: 269,漢字の読みを入力してください,Text
__負__担，__負__傷，勝__負__,フ,"［負］八級
音: フウ／ブ／フ 訓: お・う／ま・ける
意味: 荷を背に載(の)せる、肩は「擔」「担」。
荷や仕事や責任などを引き受ける、「重い荷を背負う」の意。
(背後にあるものを)頼る、頼りにする、当てにする。
背を向ける、背(そむ)く。
背を向けて逃げる、争って敗れる。
数(かず)で零(レイ、ゼロzero)よりも小さいこと、大きい数は「正」。",負 → JPDB Kanji Freq: 268,漢字の読みを入力してください,Text
__状__態，白__状__，免__状__,ジョウ,"［状］六級
音: ソウ／ジョウ 訓: 
意味: 形、姿形すがたかたち、有様(ありさま)、情況ジョウキョウ、様子ヨウシ(ようす)。
様子を述べる、言い表す、またその文書や手紙。",状 → JPDB Kanji Freq: 267,漢字の読みを入力してください,Text
__特__殊，__特__産，独__特__,トク,"［特］七級
音: トク／ドク 訓: 
意味: 牡牛おすうし、祭礼の際の犠牲ギセイ(生贄いけにえ)として選ばれるひときわ立派な牡牛、同「犆」「𤙰」。
際立(きわだ)っている、抜きん出ている、非常に。
それだけの、それだけのための。",特 → JPDB Kanji Freq: 266,漢字の読みを入力してください,Text
__想__像，感__想__，予__想__,ソウ,"［想］八級
音: ショウ／ソウ 訓: おも・う
意味: ～について考える、また考えを巡(めぐ)らす。
～と思う、～ではないかと思う。
～したいと思う。",想 → JPDB Kanji Freq: 265,漢字の読みを入力してください,Text
"愛__想__
①相手に好感を与える顔つきや態度。「―のよい人」",ソ,"［想］八級
音: ショウ／ソウ 訓: おも・う
意味: ～について考える、また考えを巡(めぐ)らす。
～と思う、～ではないかと思う。
～したいと思う。",想 → JPDB Kanji Freq: 265,漢字の読みを入力してください,Text
__画__期的，計__画__，区__画__,カク,"［画］九級
音: カイ／ガ／エ／カク／ワク 訓: えが・く
意味: 筆で線を引く、また線を引いて区切る、同「划」。
漢字の線や点の数(画数)を数える語。
輪郭リンカクを描く。
事に先立って案を作る、計画する、同「図」。
絵、絵を描く、輪郭を描き(画)そこに色を付ける(絵)。",画 → JPDB Kanji Freq: 264,漢字の読みを入力してください,Text
__画__家，図__画__，映__画__,ガ,"［画］九級
音: カイ／ガ／エ／カク／ワク 訓: えが・く
意味: 筆で線を引く、また線を引いて区切る、同「划」。
漢字の線や点の数(画数)を数える語。
輪郭リンカクを描く。
事に先立って案を作る、計画する、同「図」。
絵、絵を描く、輪郭を描き(画)そこに色を付ける(絵)。",画 → JPDB Kanji Freq: 264,漢字の読みを入力してください,Text
__光__線，栄__光__，観__光__,コウ,"［光］九級
音: コウ 訓: ひかり／ひか・る
意味: 明かるく輝(かがや)く、きらきらと輝(かがや)く。
辺りを明るく照らすさま、同「炚」「炛」。
(光り輝き)美しい。
景色ケシキ、風光(フウコウ)。
(四方に光を放つ)栄誉エイヨ、名誉メイヨ。
日(ひ)、時(とき)、時間、光陰(コウイン)。",光 → JPDB Kanji Freq: 263,漢字の読みを入力してください,Text
__得__意，会__得__，損__得__,トク,"［得］六級
音: トク 訓: う・る／え・る
意味: 手に入れる、手に入る、自分のものにする、自分のものになる、身に付く。
ぴったりと合う、相応(ふさわ)しい。
意に適(かな)う。
～できる。
儲(もう)かる、出て行くものより入ってくるものの方が大きい。",得 → JPDB Kanji Freq: 262,漢字の読みを入力してください,Text
__歩__道，徒__歩__，進__歩__,ホ,"［歩］九級
音: ホ／ブ／フ 訓: ある・く／あゆ・む
意味: 片足を地に着け止め、残る片足を前に運んで止める、という動作を左右の足で交互に繰り返す、この動作を速く繰り返すことを「走」。
物事が前に進む、またその進み具合。
左右の足を交互に前に踏み出して進む距離、1歩=2跬(2武)=6尺、半歩ハンポは「跬」「武」。
日六尺を一辺とする面積の単位、30歩(坪)=1畝、同「坪」{各種単位}。
日。",歩 → JPDB Kanji Freq: 261,漢字の読みを入力してください,Text
__歩__合，日__歩__,ブ,"［歩］九級
音: ホ／ブ／フ 訓: ある・く／あゆ・む
意味: 片足を地に着け止め、残る片足を前に運んで止める、という動作を左右の足で交互に繰り返す、この動作を速く繰り返すことを「走」。
物事が前に進む、またその進み具合。
左右の足を交互に前に踏み出して進む距離、1歩=2跬(2武)=6尺、半歩ハンポは「跬」「武」。
日六尺を一辺とする面積の単位、30歩(坪)=1畝、同「坪」{各種単位}。
日。",歩 → JPDB Kanji Freq: 261,漢字の読みを入力してください,Text
"歩，__歩__兵
〘将棋〙前に一つ進むだけの駒",フ,"［歩］九級
音: ホ／ブ／フ 訓: ある・く／あゆ・む
意味: 片足を地に着け止め、残る片足を前に運んで止める、という動作を左右の足で交互に繰り返す、この動作を速く繰り返すことを「走」。
物事が前に進む、またその進み具合。
左右の足を交互に前に踏み出して進む距離、1歩=2跬(2武)=6尺、半歩ハンポは「跬」「武」。
日六尺を一辺とする面積の単位、30歩(坪)=1畝、同「坪」{各種単位}。
日。",歩 → JPDB Kanji Freq: 261,漢字の読みを入力してください,Text
位__置__，放__置__，処__置__,チ,"［置］七級
音: チ 訓: お・く
意味: まっすぐに立てる、動かないように(傾いたり揺らいだり位置や状態が変わったりしないように)しっかりと据(す)える、同「寘」。
設(もう)ける、あるべきところに据える。
処理する、あるべき状態にする、同「寘」。
そのままにする、そのままにしておく。",置 → JPDB Kanji Freq: 260,漢字の読みを入力してください,Text
__題__名，問__題__，出__題__,ダイ,"［題］八級
音: テイ／ダイ 訓: 
意味: 額ひたい、おでこ、同「頟」「顁」。
ものの頭(最初、先頭)にあるもの。
初めに記される短い文章、全体を表現する簡潔な文章、問題(モンダイ)、話題(ワダイ)。
見出し、タイトルtitle、テーマthema独、、題名(ダイメイ)、表題(ヒョウダイ)。
見る、まっすぐに目を向けて見る、同「睼」「𧡨」。",題 → JPDB Kanji Freq: 259,漢字の読みを入力してください,Text
__離__別，距__離__，分__離__,リ,"［離］四級
音: リ 訓: はな・れる
意味: 間(あいだ)を空(あ)ける、隔(へだ)てる、分(わ)ける、別(わか)れる。
間が空いている、隔たっている、分かれている、別れている。
八卦ハッカ(乾・兌・離・震・巽・坎・艮・坤)の一つ{卦}。
離黃(リコウ)、コウライウグイス高麗鶯、コウライウグイス科の鳥、同「鵹黄」黄鸝(コウリ)。
同簡「离」。",離 → JPDB Kanji Freq: 258,漢字の読みを入力してください,Text
__逃__走，__逃__亡，__逃__避,トウ,"［逃］四級
音: チョウ／トウ／ドウ 訓: に・げる／のが・れる
意味: 受け入れ難い状態から抜け出る、受け入れ難い状態に陥らない方向に向かって行く、避けて遠ざかる。",逃 → JPDB Kanji Freq: 257,漢字の読みを入力してください,Text
__優__越，__優__柔，俳__優__,ユウ,"［優］五級
音: ユウ／ウ 訓: やさ・しい／すぐ・れる／まさ・る
意味: ゆったりとしている、ゆとりがある、穏(おだ)やかな、「強く締め付けられていない(制限・束縛されていない)様子や状態」を指す。
余裕があるさま、豊かなさま。
すぐ・れる、まさ・る、良(よ)い、勝(まさ)る、一般的・標準的な水準・程度を超えている、能力・知識・容姿・状態などが「良」よりも更に良い。
芝居(しばい)・歌舞(カブ)などを演じる人、役者、優俳(ユウハイ)、俳優(ハイユウ)、同「倡」。
簡「优」。",優 → JPDB Kanji Freq: 256,漢字の読みを入力してください,Text
__点__線，__点__火，採__点__,テン,"［点］九級
音: テン 訓: とも・す／つ・ける／さ・す
意味: 小さな(黒い)染(し)み・瑕きず・印しるし、またそのようなものを付ける、汚点(オテン)。
小さく狭く限られた場所・範囲・位置・事柄、地点(チテン)、時点(ジテン)。
全体の中の一部分、また限られた箇所、また特定の位置、、起点(キテン)、句点(クテン)。
ものの先でちょっと触れる、またちょっと付ける、またちょっと叩く。
とも・す、つ・ける、さ・す、火をつける、、点火(テンカ)。
筆法の一つで丶(筆を下ろし押さえた後、動かさずに筆を上げる)。",点 → JPDB Kanji Freq: 255,漢字の読みを入力してください,Text
__県__庁，__県__立，○○__県__,ケン,"［県］八級
音: ケン／ゲン 訓: あがた
意味: 懸(か)ける、掛(か)ける、掛けてぶら下げる、同「懸」。
懸け離れる、隔(へだ)たる、同「懸」。
王畿オウキ、京畿ケイキ、天子の支配が及ぶ地、同「寰」。
行政区画名、周代(前11世紀～前771年)では都(みやこ)から千里以内の地を「百縣」に分け、縣の下に四郡を置いたという、後の秦代(前221年～前206年)では「郡」の下に「縣」を置いた、以降は時代によって行政区の名称や上下が変わる
日あがた、大和朝廷時代の皇室の直轄領、地方にある領地。",県 → JPDB Kanji Freq: 254,漢字の読みを入力してください,Text
__他__国，自__他__，排__他__的,タ,"［他］八級
音: タ 訓: ほか
意味: 別の、それ以外の、よそ(余所、他所)の、other、同「它」。
自分以外の人、あの人。",他 → JPDB Kanji Freq: 253,漢字の読みを入力してください,Text
__助__力，__助__監督，救__助__,ジョ,"［助］八級
音: ソ／ジョ 訓: たす・ける／たす・かる／すけ
意味: 力や手を貸す、力や手を貸し支る、力になる。
助法(ジョホウ)、殷代(約前17世紀～約前11世紀) の税法で、土地を縦横それぞれ三分して九区画(各七十畝)に分け、八戸に一区画ずつ与え、中央の一区画を八戸で共同耕作し、そこからの収穫を税とした、周代(前11世紀～前256年)には、井田制(セイデンセイ)と呼ばれた。
田畑の土を掘り起こす、また掘り起こして雑草を取り除く、同「鋤」
日官位名、四等官シトウカン(四階級の官司)の第二位、頭(かみ、長官)に次ぐ官位",助 → JPDB Kanji Freq: 252,漢字の読みを入力してください,Text
__視__覚，__視__力，注__視__,シ,"［視］五級
音: シ／ジ 訓: み・る
意味: (自然に目に入ってきたものではなく、見ようとするものに視線を向けて)見る、よく見る、
見守る、見守り世話する。
示(しめ)す、はっきりと分かるように見せる、同「示」。
準(なぞら)える、他の物事を例に引く。",視 → JPDB Kanji Freq: 251,漢字の読みを入力してください,Text
__在__留，__在__宅，存__在__,ザイ,"［在］六級
音: サイ／ザイ 訓: あ・る／いま・す
意味: そこに居(い)る、同じ状態で一定のところに留(とど)まっている、またその場所。
～に於(お)いて、～(場所)で(at)。",在 → JPDB Kanji Freq: 250,漢字の読みを入力してください,Text
__集__合，__集__結，全__集__,シュウ,"［集］八級
音: シュウ／ジュウ 訓: あつ・まる／つど・う／あつ・める
意味: 多くのものが同じところに寄り合う、多くの人が同じところに会カイする。
多くのものが一つになる、また一つにする、また一つになったもの、また一つにしたもの。
多くのものを一つに纏(まと)める、纏まる。
(人や物が多く集まることから)定期的に立つ市(いち)。",集 → JPDB Kanji Freq: 249,漢字の読みを入力してください,Text
__寝__室，__寝__具，就__寝__,シン,"［寝］四級
音: シン 訓: ね・る
意味: 体を横にして休む、「寝台・寝床・寝室などで横になり休む」ことをいう。
体を横にして眠る。
睡眠をとるところ、ゆっくりと寛(くつろ)ぐ部屋や建物、寢殿(シンデン)(天子が起居する建物)」、燕寢(エンシン)(ゆっくりと寛いだり休んだりする部屋また建物)」。
(それまでのことを止めて)休む、止める。",寝 → JPDB Kanji Freq: 248,漢字の読みを入力してください,Text
__選__択，__選__挙，当__選__,セン,"［選］七級
音: セン 訓: えら・ぶ／え・る／よ・る
意味: 多くのものを基準に従って仕分ける、また仕分けて目的のものを抜き出す、選択(センタク)、選抜(センバツ)、同「撰」。
仕分け抜き出したものを纏(まと)めたもの、、選集(センシュウ)(幾つかの作品の中から選び纏めた書物、作品集)」。
、少選(ショウセン)、暫(しば)し、少しの間。",選 → JPDB Kanji Freq: 247,漢字の読みを入力してください,Text
__振__動，__振__興，不__振__,シン,"［振］四級
音: シン 訓: ふ・る／ふ・るう
意味: 揺(ゆ)する、揺るがす、揺り動かす。
揺すって奮(ふる)い起こす、また奮い立たせる。
励(はげ)ます、励まし救(すく)う。
盛んなさま、勢(いきお)いがあるさま、振振(シンシン)。",振 → JPDB Kanji Freq: 246,漢字の読みを入力してください,Text
一__族__，家__族__，民__族__,ゾク,"［族］八級
音: ソク／ゾク 訓: やから
意味: 同じ祖先(同じ姓、同じ起源)を持つ者の集まり、種族(シュゾク)、家族(カゾク)。
共通のもの(思考や思想、言語、性格や性質など)を持つものの集まり、同「類」。
同じところに集まる、叢(むら)がる、同「簇」。
鏃・矢尻やじり、矢柄・矢幹(やがら)の先端に取り付ける鋭く尖らせた部品、同「鏃」。",族 → JPDB Kanji Freq: 245,漢字の読みを入力してください,Text
__乗__数，__乗__車，大__乗__的,ジョウ,"［乗］八級
音: ショウ／ジョウ 訓: の・る／の・せる
意味: 高台(たかだい、周りからは一段と高く人や物が乗ることができるようなところ)に登(のぼ)る、馬や車・舟などの台ダイに上(あ)がる。
(人が乗るための)馬や車・舟など(乗り物)。
よい機会を捕(と)らえ(上に乗って)これを利用する。
掛け算をする、掛け算。
車一台を馬四頭で引く馬車、兵車(ヘイシャ)、また広く乗り物を指す、同「𨍱」「𨌤」。
四つで一組になるもの。
史書、歴史書
仏教の教えの一つ、「大乗」「小乗」",乗 → JPDB Kanji Freq: 244,漢字の読みを入力してください,Text
__放__送，__放__棄，追__放__,ホウ,"［放］八級
音: ホウ 訓: はな・す／はな・つ／はな・れる／ほう・る
意味: 制限セイゲン、束縛(ソクバク)、拘束(コウソク)され自由に動けない状態であったものを自由に動ける状態にする、制限・束縛・拘束を解(と)く、、開放(カイホウ)(閉じていたものを開け放つ、また広げる)」、放免(ホウメン)(罰を解き釈放すること)」。
制限・束縛・拘束されることなく気儘(きまま)なさま、、放縦(ホウジュウ)(気ままなさま)」、放言(ホウゲン)(気兼ねすることなく言いたいことを言う)」。
(制限・束縛・拘束が解かれ)四方に散る、散らす。
置(お)く、置いておく。",放 → JPDB Kanji Freq: 243,漢字の読みを入力してください,Text
__兄__事，父__兄__，義__兄__,ケイ,"［兄］九級
音: ケイ／キョウ 訓: あに
意味: 同じ親を持つ自分よりも先に生まれた男子、同、哥哥(カカ)、自分よりも後から生まれた男子は「弟」。
年長また同世代の男子に対する敬称。",兄 → JPDB Kanji Freq: 242,漢字の読みを入力してください,Text
__兄__弟,キョウ,"［兄］九級
音: ケイ／キョウ 訓: あに
意味: 同じ親を持つ自分よりも先に生まれた男子、同、哥哥(カカ)、自分よりも後から生まれた男子は「弟」。
年長また同世代の男子に対する敬称。",兄 → JPDB Kanji Freq: 242,漢字の読みを入力してください,Text
__嫌__悪，__嫌__疑,ケン,"［嫌］凖二級
音: ケン／ゲン 訓: いや／きら・う
意味: 好きでない、どこか意に沿わないところがある、同「慊」、嫌悪(ケンオ)。
何となく避けた方が良いような気がする、憚(はばか)る。
何かしら心に引っ掛る(ひっかかる)ものがある、疑わしい、同「慊」、嫌疑(ケンギ)。",嫌 → JPDB Kanji Freq: 241,漢字の読みを入力してください,Text
機__嫌__，機__嫌__を取る,ゲン,"［嫌］凖二級
音: ケン／ゲン 訓: いや／きら・う
意味: 好きでない、どこか意に沿わないところがある、同「慊」、嫌悪(ケンオ)。
何となく避けた方が良いような気がする、憚(はばか)る。
何かしら心に引っ掛る(ひっかかる)ものがある、疑わしい、同「慊」、嫌疑(ケンギ)。",嫌 → JPDB Kanji Freq: 241,漢字の読みを入力してください,Text
__突__然，__突__端，衝__突__,トツ,"［突］四級
音: トツ／ドチ 訓: つ・く
意味: 犬が穴から急に飛び出す、また飛び出てくる。
急に、不意に。
つ・く、撞(つ)く、(棒状のものを正面から)まっすぐに当てる。
そこだけ凸状に飛び出ているさま、またそのような形。",突 → JPDB Kanji Freq: 240,漢字の読みを入力してください,Text
__線__路，点__線__，光__線__,セン,"［線］九級
音: セン 訓: 
意味: 糸や紐(ひも)、糸や紐のように細く長いもの、同「綫」「絤」「𦇫」「綖」。
糸や紐のように途切れずに長く延びているもの、二つの点と点を結ぶもの、またその形状や状態。",線 → JPDB Kanji Freq: 239,漢字の読みを入力してください,Text
__伝__言，__伝__播，__伝__統，宣__伝__,デン,"［伝］七級
音: ウン／テン／デン 訓: つた・える／つた・わる／つた・う／つて
意味: 伝伝(ウンウン)、雲のように留(とど)まることなく漂い行くさま。
日同「傳」",伝 → JPDB Kanji Freq: 238,漢字の読みを入力してください,Text
__流__行，__流__動，電__流__,リュウ,"［流］八級
音: リュウ／ル 訓: なが・れる
意味: 水(液体)が淀(よど)まずに移動する、水に浮かんだものや水中にあるものが移動して行く。
(川の流れのように)淀みないさま。
(川の流れのように)思いのままに移り行くさま。
(川の流れのように)枝分かれしながら移動して行く、また途切れずに伝わって行く、また広まって行く。
大本(おおもと)から枝分かれしたもの、系統ケイトウ、階層や等級。
罰バツとして遠方へ移動させる、また追い出す、流刑(リュウケイ・ルケイ)。",流 → JPDB Kanji Freq: 237,漢字の読みを入力してください,Text
__流__布，__流__転，__流__浪，__流__罪,ル,"［流］八級
音: リュウ／ル 訓: なが・れる
意味: 水(液体)が淀(よど)まずに移動する、水に浮かんだものや水中にあるものが移動して行く。
(川の流れのように)淀みないさま。
(川の流れのように)思いのままに移り行くさま。
(川の流れのように)枝分かれしながら移動して行く、また途切れずに伝わって行く、また広まって行く。
大本(おおもと)から枝分かれしたもの、系統ケイトウ、階層や等級。
罰バツとして遠方へ移動させる、また追い出す、流刑(リュウケイ・ルケイ)。",流 → JPDB Kanji Freq: 237,漢字の読みを入力してください,Text
__電__気，__電__報，発__電__，__電__解質,デン,"［電］九級
音: テン／デン 訓: 
意味: 雷(かみなり)の光、稲妻(いなずま)。
光や音のように一瞬で遠くまで届くもの、また伝わるもの。",電 → JPDB Kanji Freq: 236,漢字の読みを入力してください,Text
__京__浜，__京__阪,ケイ,"［京］九級
音: ケイ／キョウ 訓: みやこ
意味: 高台(たかだい)、小高い丘。
(多く高台に宮城があったことから)首都、王宮や中央政府の所在地、都みやこ、同「亰」。
一兆の一万倍{数字}、古くは千万(一万の千倍で「下数」と呼ばれる十進法での数){数字}。",京 → JPDB Kanji Freq: 235,漢字の読みを入力してください,Text
__京__風，上__京__，帰__京__,キョウ,"［京］九級
音: ケイ／キョウ 訓: みやこ
意味: 高台(たかだい)、小高い丘。
(多く高台に宮城があったことから)首都、王宮や中央政府の所在地、都みやこ、同「亰」。
一兆の一万倍{数字}、古くは千万(一万の千倍で「下数」と呼ばれる十進法での数){数字}。",京 → JPDB Kanji Freq: 235,漢字の読みを入力してください,Text
__海__岸，__海__水浴，航__海__,カイ,"［海］九級
音: カイ 訓: うみ
意味: 大地を取り囲むように広がる深く広大な水溜まり(みずたまり)、陸地内の大きな水溜まりは「湖」。
広く大きいさま。
たくさんのものが集まっているさま。",海 → JPDB Kanji Freq: 234,漢字の読みを入力してください,Text
__応__答，__応__接，__応__用，呼__応__,オウ,"［応］六級
音: ヨウ／オウ 訓: こた・える
意味: 相手からの問い掛けや働き掛けに対して自分の意思を態度で示す、言葉で返すのは「答」。
相手の求めを受け入れる。
当然～すべき、当然～であろう。",応 → JPDB Kanji Freq: 233,漢字の読みを入力してください,Text
__夜__半，深__夜__，昼__夜__,ヤ,"［夜］九級
音: ヤ 訓: よ／よる
意味: 日没から日の出までの間、陽が沈んで暗い時間帯、日中は「昼」。",夜 → JPDB Kanji Freq: 232,漢字の読みを入力してください,Text
依__頼__，信__頼__，無__頼__漢,ライ,"［頼］四級
音: ライ 訓: たよ・る／たの・む／たの・もしい
意味: 他に任(まか)せ切りにする、他を当てにする。
仕事や責任などを他に押し付ける、他のせいにする。
無頼(ブライ)他を当てにしない嘘ばかりで狡賢(ずるがしこ)く立ち回る者ならず者、悪党。
利益、儲(もう)け。
日たの・む、他にお願いする。
日。",頼 → JPDB Kanji Freq: 231,漢字の読みを入力してください,Text
__重__量，__重__大，二__重__,ジュウ,"［重］八級
音: チョウ／ジュウ 訓: おも・い／かさ・なる／え
意味: 層になる、上に載る、下になったものに上から大きな力が掛かる、負担が大きい。
再び、繰り返して、何度も、何層にも。
何層にも心配りがされていて手厚い、丁寧な。
何層にも
非常に、甚だしい。",重 → JPDB Kanji Freq: 230,漢字の読みを入力してください,Text
__重__畳，慎__重__，貴__重__,チョウ,"［重］八級
音: チョウ／ジュウ 訓: おも・い／かさ・なる／え
意味: 層になる、上に載る、下になったものに上から大きな力が掛かる、負担が大きい。
再び、繰り返して、何度も、何層にも。
何層にも心配りがされていて手厚い、丁寧な。
何層にも
非常に、甚だしい。",重 → JPDB Kanji Freq: 230,漢字の読みを入力してください,Text
__飛__行，__飛__躍，雄__飛__,ヒ,"［飛］七級
音: ヒ 訓: と・ぶ／と・ばす
意味: 鳥や昆虫などが翼(つばさ)を羽ばたかせて空中を行く。
空中を移動する、飛語(ヒゴ)(素早く広まる話、根拠のない噂話)」。
(飛ぶように)ぱっと(速く)移動するさま、速いさま。
とぶ、部首名。",飛 → JPDB Kanji Freq: 229,漢字の読みを入力してください,Text
__報__酬，__報__告，情__報__,ホウ,"［報］六級
音: ホウ／ホ 訓: むく・い／むく・いる／しら・せ
意味: 相手から受けた物事に対して相応ソウオウの物事で返す、相手に与えた物事に対して相応の物事が返ってくる、罪科の程度に相応する罰を与える(「罪を犯せば相応の罰が返ってくる」の意)。
受けた命令や指示の結果を伝える、回答する、返答する。
しら・せ、知らせる、伝える。",報 → JPDB Kanji Freq: 228,漢字の読みを入力してください,Text
"__都__会，__都__心，首__都__
__都__々逸","ト,ド","［都］八級
音: ト／ツ 訓: みやこ
意味: 天子や天皇が主として住むところ、先君を祭る宗廟を置くところ。
国の中心的な町、人が多く集まる大きな町。
多くのものが集まる、多くのものが集まるところ。
盛んなさま、雅(みやび)やかなさま。
全て、みんな。",都 → JPDB Kanji Freq: 227,漢字の読みを入力してください,Text
__都__合，__都__度,ツ,"［都］八級
音: ト／ツ 訓: みやこ
意味: 天子や天皇が主として住むところ、先君を祭る宗廟を置くところ。
国の中心的な町、人が多く集まる大きな町。
多くのものが集まる、多くのものが集まるところ。
盛んなさま、雅(みやび)やかなさま。
全て、みんな。",都 → JPDB Kanji Freq: 227,漢字の読みを入力してください,Text
__過__度，__過__失，__過__日，通__過__,カ,"［過］六級
音: カ 訓: す・ぎる／す・ごす／よぎ・る／あやま・ち／あやま・つ
意味: 度ド(度合、節度、法度、限度、程度など)を越える(超える)。
度を越えて(超えて)しまう、誤(あやま)る。
時(とき、時代、時期、季節、月日、時間など)を通り越す、過去(カコ)。",過 → JPDB Kanji Freq: 226,漢字の読みを入力してください,Text
__天__地，__天__然，雨__天__,テン,"［天］十級
音: テン 訓: あま／あめ
意味: 軽い陽気が(上に浮き)集まるところ、重い陰気が(下に沈み)集まるところを、地(チ)。
(「地」に対する語で)上にあるもの、頭上高くに広がっているところ、地を広く覆(おお)っているもの
地に存在する万物を創造・采配するもの
自然シゼン、自然界の動きや働き、自然現象、時(とき)、季節、気候、「天が采配するもの」の意。
(天の命を受けて)人を支配する者。",天 → JPDB Kanji Freq: 225,漢字の読みを入力してください,Text
__失__明，__失__格，__失__望，__失__敗，消__失__,シツ,"［失］七級
音: シツ／シチ 訓: うしな・う／う・せる
意味: 指の間から(隙間から)するりと抜け出る、手にしていたもの(それまであったもの)をなくす。
逸イッする、なくす、なくなる。
すべきことや選ぶべき道・時などを見逃(みのが)す。
遣り損(やりそこな)う、すべきことを(うっかり)し忘れる、過(あやま)つ。",失 → JPDB Kanji Freq: 224,漢字の読みを入力してください,Text
__我__流，彼__我__，自__我__,ガ,"［我］五級
音: ガ 訓: われ／わ・が
意味: 自分の、主に所有格myや目的格meで用いられ、主格Iでは「吾」が用いられる、我見(ガケン)(私見、わたしの見解)」。
自分、自分を指す語、同「吾」「余」「予」。",我 → JPDB Kanji Freq: 223,漢字の読みを入力してください,Text
__車__輪，__車__庫，電__車__,シャ,"［車］十級
音: シャ 訓: くるま
意味: 二つの輪リン(車輪)の中心に軸(ジク、車軸)を通し、その上に人や物を乗せるための台(車台)を設(しつら)えたもの{乗物(馬車)}。
輪状・円状のものが軸を中心として回転するもの{乗物(車輪)}。
くるま、くるまへん、部首名。",車 → JPDB Kanji Freq: 222,漢字の読みを入力してください,Text
__化__膿，__化__石，__化__学，文__化__,カ,"［化］八級
音: カ／ケ 訓: ば・ける
意味: 性質・形状・状態などが元とは全く違ったものに変わる、まだ元の様子が分かる程度の変化は「変」。
他の影響を受けて、また時間を経ることによって考えや態度などが変わる。
教え導くことによって考えや態度などを変える。",化 → JPDB Kanji Freq: 221,漢字の読みを入力してください,Text
__化__粧，__化__身，権__化__,ケ,"［化］八級
音: カ／ケ 訓: ば・ける
意味: 性質・形状・状態などが元とは全く違ったものに変わる、まだ元の様子が分かる程度の変化は「変」。
他の影響を受けて、また時間を経ることによって考えや態度などが変わる。
教え導くことによって考えや態度などを変える。",化 → JPDB Kanji Freq: 221,漢字の読みを入力してください,Text
__配__分，交__配__，心__配__,ハイ,"［配］八級
音: ハイ／ヘ 訓: くば・る
意味: 釣り合いが取れるようにする、相応(ふさわ)しい形や状態にする。
幾つかのものを合わせて(結び付けて)整える、調和させる。
結婚した相手、また妻、配偶(ハイグウ)(夫婦、後に妻を指すようになった)」。
割り当てる、割り振る、振り向ける。",配 → JPDB Kanji Freq: 220,漢字の読みを入力してください,Text
__調__和，__調__査，好__調__,チョウ,"［調］八級
音: チョウ／ジョウ 訓: ととの・える／ととの・う／しら・べる
意味: 整える、釣り合いを取る、バランスbalanceを取る、不均衡・不公平などでない状態にする、不快感・違和感などを感じない状態に整える、調和(チョウワ)。
音律・音階の具合、音や声の抑揚ヨクヨウの具合、またそれを合わせる。
揃える、取り揃える。
古代の税「租・庸・調」の一つ、租ソ(穀物)、庸(ヨウ)(労役)以外の布などの現物。",調 → JPDB Kanji Freq: 219,漢字の読みを入力してください,Text
__田__地，水__田__，油__田__,デン,"［田］十級
音: テン／デン 訓: た
意味: 畦(あぜ)などで区画され平らに整地された耕作地、主に農作物を栽培する土地、同「佃」。
狩(か)り、狩りをする、田漁(デンギョ)(漁猟ギョリョウ)」、田犬(デンケン)(狩猟犬)」、同「畋」「佃」。
た、たへん、部首名。",田 → JPDB Kanji Freq: 218,漢字の読みを入力してください,Text
__野__外，__野__性，分__野__,ヤ,"［野］九級
音: ヤ 訓: の
意味: 郊外コウガイ、都(みやこ)を囲む城壁の外に広がる地で都から百里以内の地を、郊(コウ)、その外を、野(ヤ)、その外を、林(リン)、その外を、冂(ケイ)といった。
都から離れているところ、(周りに遮(さえぎ)るものがない)広々としたところ、またその区域・範囲
民間ミンカン、「都(朝廷)の外にある」の意
自然のままであるさま、田舎びたさま、洗練されていないさま。",野 → JPDB Kanji Freq: 217,漢字の読みを入力してください,Text
__起__立，__起__源，奮__起__,キ,"［起］八級
音: キ／コ 訓: お・きる／お・こす／お・こる／た・つ
意味: (横になっている状態・低い状態から上に向かって)立つ、立ち上がる、立たせる、立ち上げる。
(それまで動きのなかった物事が)動き出す、動き始める。
物事を動かす、始める、始まる、物事の始まり。",起 → JPDB Kanji Freq: 216,漢字の読みを入力してください,Text
__親__族，__親__友，肉__親__,シン,"［親］九級
音: シン 訓: おや／した・しい／した・しむ／ちか・しい
意味: 身近にいる、近しい。
関係が近い、関係が深い。
父母。
血縁・婚姻関係にある人。
深く付き合う、気兼ねなく接することができる、気の置けない。
自ら、自分で。",親 → JPDB Kanji Freq: 215,漢字の読みを入力してください,Text
__社__会，会__社__，神__社__,シャ,"［社］九級
音: シャ／ジャ 訓: やしろ
意味: 土地の神、土地の神を祀(まつ)る建物。
同種また同じ目的を持つ人から成る集まり。",社 → JPDB Kanji Freq: 214,漢字の読みを入力してください,Text
__美__醜，__美__術，賛__美__,ビ,"［美］八級
音: ビ／ミ 訓: うつく・しい
意味: 綺麗な、姿形が良い。
善(よ)い、良い、優(すぐ)れている。
美味しい、味が良い、甘い。
褒(ほ)める、称賛する。",美 → JPDB Kanji Freq: 213,漢字の読みを入力してください,Text
__呼__吸，__呼__応，点__呼__,コ,"［呼］五級
音: コ／ク 訓: よ・ぶ
意味: 大きな声を出す、呼号(コゴウ)(大声で叫ぶ、また泣く)」。
人に声を掛ける、人に声を掛け招く。
名付(なづ)ける、名前、「呼び名」、呼称(コショウ)。
大きく息を吐き出す、、呼吸(コキュウ)(息を吐き息を吸うこと)」。
「ひゅー」「ぴゅー」などの息や風が空気を震わせる音。
、嗚呼・烏乎(アア)、「ああ」「おう」というような感嘆の声、同「歍歑」。",呼 → JPDB Kanji Freq: 212,漢字の読みを入力してください,Text
__安__全，__安__価，不__安__,アン,"［安］八級
音: アン 訓: やす・らぐ／やす・い／やす・んずる／いずく・んぞ／いずく・に
意味: 心を乱すものも体を縛るものもなく穏(おだ)やかなさま、気に掛かるようなことがなくゆったりとしたさま。
揺(ゆ)らぎや乱れがないさま、落ち着くさま。
いずく・んぞ、どうして、どうして～なのか。
いずく・に、何処(どこ)に、安在(アンザイ)(何処？、何処にある？、何処に居る？)」。
日やす・い、価値相応の価格に比べて価格が低い。",安 → JPDB Kanji Freq: 211,漢字の読みを入力してください,Text
__絶__妙，__絶__食，断__絶__,ゼツ,"［絶］六級
音: セツ／ゼツ／ゼチ 訓: た・つ／た・える／た・やす
意味: (一本の糸・続いているもの・繋がっているものを途中で)断(た)ち切る、切り離す、同「𢇍」「𠤉」。
きっぱりと分(わ)かつ。
(それまで続いていたもの・繋がっていたものが)途切れる、切れてその先が続いて行かない。
(続いていたもの・繋がっていたものの)その先がない、その先には何もない。
(続いていたもの・繋がっていたものが)尽(つ)きる、滅(ほろ)ぶ。
それ以上はない、甚(はなは)だしい、非常に、極めて。",絶 → JPDB Kanji Freq: 210,漢字の読みを入力してください,Text
__風__力，__風__俗，強__風__,フウ,"［風］九級
音: ホウ／フウ／フ 訓: かぜ／かざ
意味: 大気の流れや揺らぎ{風}。
(風に乗って)どこからともなく届いて来る話や様子。
(風のように自然に広まる)一般的な習慣や傾向。
譬える、似たもの。
かぜ、部首名。",風 → JPDB Kanji Freq: 209,漢字の読みを入力してください,Text
__風__情，中__風__,フ,"［風］九級
音: ホウ／フウ／フ 訓: かぜ／かざ
意味: 大気の流れや揺らぎ{風}。
(風に乗って)どこからともなく届いて来る話や様子。
(風のように自然に広まる)一般的な習慣や傾向。
譬える、似たもの。
かぜ、部首名。",風 → JPDB Kanji Freq: 209,漢字の読みを入力してください,Text
満__員__，定__員__，社__員__,イン,"［員］八級
音: イン／ウン／エン 訓: 
意味: 限られた範囲(場所・空間など)に入っている(含まれる)人、集団に属している人、またその人数。
限られた範囲(特に国土・領土などの境界線)の大きさ、また広さ。
円(まる)い。",員 → JPDB Kanji Freq: 208,漢字の読みを入力してください,Text
__業__火，__業__病，罪__業__，自__業__自得,ゴウ,"［業］八級
音: ギョウ／ゴウ 訓: わざ
意味: 鍾ショウや磬ケイなどの打楽器を吊るすための横木(筍)の上の横板、吊るした楽器の位置が演奏中にずれないように凹みや突起がついていたという、「业」はそれを象ったもの、同「㸣」「𢄁」。
(特に生活するための)仕事、仕事をする、それによって得た財産、「産業」は中国では「資産・私有財産」のこと。
学問、技芸。
行い、行為、それによって受ける報い。
既に。",業 → JPDB Kanji Freq: 207,漢字の読みを入力してください,Text
__業__績，職__業__，卒__業__,ギョウ,"［業］八級
音: ギョウ／ゴウ 訓: わざ
意味: 鍾ショウや磬ケイなどの打楽器を吊るすための横木(筍)の上の横板、吊るした楽器の位置が演奏中にずれないように凹みや突起がついていたという、「业」はそれを象ったもの、同「㸣」「𢄁」。
(特に生活するための)仕事、仕事をする、それによって得た財産、「産業」は中国では「資産・私有財産」のこと。
学問、技芸。
行い、行為、それによって受ける報い。
既に。",業 → JPDB Kanji Freq: 207,漢字の読みを入力してください,Text
__命__令，運__命__，生__命__,メイ,"［命］八級
音: メイ／ミョウ 訓: いのち／みこと
意味: 天や神から差し遣(さしつ)わされるもの、また授(さず)かるもの、生命(セイメイ)、寿命(ジュミョウ)、運命(ウンメイ)。
身分・地位が高い人や敬うべき人からの指示や教え、、命令(メイレイ)。
名前を授かる、名付(なづ)ける、、命名(メイメイ)。
日神、神の称号。",命 → JPDB Kanji Freq: 206,漢字の読みを入力してください,Text
"寿__命__
①〔生まれたときに決まっているとされる〕命の続く期間。または、その終わり。
「これも━です」
②使える期間。
「━が切れた」",ミョウ,"［命］八級
音: メイ／ミョウ 訓: いのち／みこと
意味: 天や神から差し遣(さしつ)わされるもの、また授(さず)かるもの、生命(セイメイ)、寿命(ジュミョウ)、運命(ウンメイ)。
身分・地位が高い人や敬うべき人からの指示や教え、、命令(メイレイ)。
名前を授かる、名付(なづ)ける、、命名(メイメイ)。
日神、神の称号。",命 → JPDB Kanji Freq: 206,漢字の読みを入力してください,Text
__色__彩，__色__調，__色__欲,シキ,"［色］九級
音: ソク／シキ／ショク 訓: いろ
意味: 視覚によって認識するものの内、形状以外のもの、(特に顔の)表情、彩(いろどり)り、具合(ぐあい)、様子。
男女間の情欲ジョウヨク。
種類、二色=二種類。
いろ、部首名。",色 → JPDB Kanji Freq: 205,漢字の読みを入力してください,Text
原__色__，特__色__，物__色__,ショク,"［色］九級
音: ソク／シキ／ショク 訓: いろ
意味: 視覚によって認識するものの内、形状以外のもの、(特に顔の)表情、彩(いろどり)り、具合(ぐあい)、様子。
男女間の情欲ジョウヨク。
種類、二色=二種類。
いろ、部首名。",色 → JPDB Kanji Freq: 205,漢字の読みを入力してください,Text
__水__分，__水__陸，海__水__,スイ,"［水］十級
音: スイ 訓: みず／みな／み
意味: 器などに入れると水平になる(器に合わせて形を変える)液体、液状のもの、酸素と水素からなる液体H2O、(一般には人工的に他のものを加えていない水・澄んでいる水・常温の水を指す)。
川・沼・湖・海など(水のあるところ)を指す語、特に川・河・江(水の流れ)を指す。
汁状のもの、汁が多いもの(水っぽいもの)。
五行(木・火・土・金・水)の一つ{五行}。
日。",水 → JPDB Kanji Freq: 204,漢字の読みを入力してください,Text
下水__溝__，排水__溝__，海__溝__，側__溝__,コウ,"［溝］凖二級
音: コウ／ク 訓: みぞ
意味: 両側を木や石を組んで作った水路、用水路。
田畑の間に通した用水路、井田制(周代の税法)では「井(一里四方の土地を縦横それぞれ三分して九区画に分け、八戸に一区画ずつ与え、中央の一区画を八戸で共同耕作し、そこからの収穫を税としたもの)」の境界となる幅四尺・深さ四尺の水路「洫」参照{井田制}。
筋状に続いている窪み。
(溝を掘って)隔(へだ)てる、境界。
10の32乗{数字}。",溝 → JPDB Kanji Freq: 2095,漢字の読みを入力してください,Text
__機__械，__機__会，危__機__,キ,"［機］七級
音: キ／ケ 訓: はた
意味: 布を織る装置、機織(キショク)(はたおり)」。
ある仕事をさせる(する)ために人や部品を組み合わせて作り上げた仕組みや仕掛け(組織や装置)。
機関(キカン)ある仕事をさせる(する)ための仕組みや仕掛け、絡繰(からくり、機関)ある仕事をするために設けた組織ある目的を達するための方法を考え組み立てること、企(たくら)み。
枢機(スウキ)枢スウ(くるる、開き戸を開閉するために扉の上下に取り付けた突起)と機キ(機械仕掛けの弓の発射装置)物事の中心的・重要な部分、また重要な役職・部署。
物事が起こったり変化したりする際の要(かなめ)となる部分やタイミングtiming。
機変(キヘン)、その時や場に応じて巧(たく)みに対応すること、また対応が巧みなこと。
簡「机」。",機 → JPDB Kanji Freq: 203,漢字の読みを入力してください,Text
__数__字，__数__量，人__数__，年__数__,スウ,"［数］九級
音: ス／シュ／サク／スウ 訓: かず／かぞ・える
意味: かず、同種のもの(繰り返されるもの)の多少を表す語。
かぞ・える、一つ二つ(一回二回)と計算する、またその多少。
細かい、煩(わずら)わしい。
しばしば、同じことを何度も、度々(たびたび)。",数 → JPDB Kanji Freq: 202,漢字の読みを入力してください,Text
__三__角，__三__流，再__三__,サン,"［三］十級
音: サン 訓: み／みつ／みっ・つ
意味: 数の名、三番目{数字}。",三 → JPDB Kanji Freq: 201,漢字の読みを入力してください,Text
__残__留，__残__念，敗__残__,ザン,"［残］七級
音: サン／ザン 訓: のこ・る／のこ・り／のこ・す
意味: 傷付ける、害(ガイ)する、壊(こわ)す。
踏(ふ)み付けにする、平気で人に危害を加える。
酷(むご)い。
必要なものを取り除いた余り、必要なものを満たすために不足している分量。",残 → JPDB Kanji Freq: 200,漢字の読みを入力してください,Text
__成__功，完__成__，賛__成__,セイ,"［成］七級
音: セイ／ジョウ 訓: な・る／な・す
意味: 為(な)す、形や状態などを変えようとする、また変わろうとする。
本来の形や状態になる、目的・目標を持って働き、当初の目的・目標に達する、出来上がる、仕上がる、成就(ジョウジュ)。
積み重なる、積み重なってある形や状態になる、またある形や状態に仕上げる。
十里四方の耕作地(田畑)、一里四方の耕作地を「井」といい、1成＝100井、「井」参照{井田制}。
十分の一、1成=1割、同「𧶔」。",成 → JPDB Kanji Freq: 199,漢字の読みを入力してください,Text
__成__就，__成__仏,ジョウ,"［成］七級
音: セイ／ジョウ 訓: な・る／な・す
意味: 為(な)す、形や状態などを変えようとする、また変わろうとする。
本来の形や状態になる、目的・目標を持って働き、当初の目的・目標に達する、出来上がる、仕上がる、成就(ジョウジュ)。
積み重なる、積み重なってある形や状態になる、またある形や状態に仕上げる。
十里四方の耕作地(田畑)、一里四方の耕作地を「井」といい、1成＝100井、「井」参照{井田制}。
十分の一、1成=1割、同「𧶔」。",成 → JPDB Kanji Freq: 199,漢字の読みを入力してください,Text
__母__性，父__母__，祖__母__,ボ,"［母］九級
音: ボウ／ム／モ／ボ 訓: はは
意味: 女親(おんなおや)。
子を生み育てる性、雌性シセイ、女性。
物事を生み出す元(もと)となるもの、生まれた場所。",母 → JPDB Kanji Freq: 198,漢字の読みを入力してください,Text
__始__終，年__始__，開__始__,シ,"［始］八級
音: シ 訓: はじ・まる／はじ・め／はじ・める
意味: それ以降続く物事の最初、出だし、「始」は「物事はまず～から始める、～から始まる」、「初」は「物事はまず初めに～する、～の初め」。
初めて、～の時に至ってやっと、同「初」。",始 → JPDB Kanji Freq: 197,漢字の読みを入力してください,Text
__可__否，__可__能，許__可__,カ,"［可］六級
音: カ 訓: べ・し
意味: よい、よろしい、～してよい、同意の語。
認める、許す、許可の意を表す語。
～できる、可能性を示す語。
(当然)～すべきである、(必ず、きっと)～となるだろう。
～ばかり、凡(おおよ)そ～、～ほど。",可 → JPDB Kanji Freq: 196,漢字の読みを入力してください,Text
__多__少，__多__数，雑__多__,タ,"［多］九級
音: タ 訓: おお・い
意味: 数や度量ドリョウ(ものの多少・軽重・長短・高低・深浅・強弱など)が、あるべき(必要とする)数や度量より大きい、また余りある、またそれを超えている、少ないのは「少」「寡」。
何層にもなる、何度も繰り返される。",多 → JPDB Kanji Freq: 195,漢字の読みを入力してください,Text
__主__人，__主__権，施__主__,シュ,"［主］八級
音: シュ／ス 訓: おも・な／おも・に／ぬし／あるじ
意味: 蝋燭やランプなどの灯心、同「炷」。
多くの中で特に重要な、またそのような人。
中心となるもの、中心にあるもの、またそのような人。
司(つかさど)る、中心となって統治・統括する、またそのような人。",主 → JPDB Kanji Freq: 194,漢字の読みを入力してください,Text
法__主__，坊__主__,ス,"［主］八級
音: シュ／ス 訓: おも・な／おも・に／ぬし／あるじ
意味: 蝋燭やランプなどの灯心、同「炷」。
多くの中で特に重要な、またそのような人。
中心となるもの、中心にあるもの、またそのような人。
司(つかさど)る、中心となって統治・統括する、またそのような人。",主 → JPDB Kanji Freq: 194,漢字の読みを入力してください,Text
__戻__入，返__戻__,レイ,"［戻］凖二級
音: レイ／ライ 訓: もど・る／もと・る
意味: 車の左右側の扉。
日もど・る、元と同じ状態になる、逆方向に向かって元の場所に帰る
日",戻 → JPDB Kanji Freq: 193,漢字の読みを入力してください,Text
__止__宿，静__止__，中__止__,シ,"［止］九級
音: シ 訓: とど・まる／とど・める／と・まる／と・める／や・める／や・む／よ・す
意味: ものが動かないように(しっかりと)立つための支えとなる基(もと、土台)。
体を支える足(あし)。
同じ所に留(とど)まって動かない(「止」は止まったまま動かないことをいい、「停」は動きの途中で一時的に止まることをいう)。
動いているものを(していることを)押えて動ないようにする、また動かなくなる、動きを(していることを)終わらせる、また終わる、留める、留まる。
とめる、部首名。",止 → JPDB Kanji Freq: 192,漢字の読みを入力してください,Text
__指__示，__指__導，屈__指__,シ,"［指］八級
音: シ 訓: ゆび／ゆび・さす／さ・す
意味: ゆび、手足の先に伸び出た体の一部{人体(上肢)}。
ゆび・さす、さ・す、物事の方向を示す。
意図するところ、考え、意向、同「旨」。",指 → JPDB Kanji Freq: 191,漢字の読みを入力してください,Text
__表__面，代__表__，発__表__,ヒョウ,"［表］八級
音: ヒョウ 訓: おもて／あらわ・れる／あらわ・す
意味: 重ね着をする際に最も上(外側)に羽織(はお)る衣服、上着(うわぎ)、外衣ガイイ、本「𧘝」、同「𧞧」。
外側、外側に面した部分。
人の目に触れる、またその部分。
人の目に触れるようにする、人にはっきりと示す。
主君や役所などに意志・意見を伝えるために認(したた)めた文書。
内容がはっきりと分かるようにしたもの、分かりやすく並べたもの。
小型の時計、手表・手錶(シュヒョウ)(腕時計)」、同繁「錶」。",表 → JPDB Kanji Freq: 190,漢字の読みを入力してください,Text
__願__望，祈__願__，志__願__,ガン,"［願］七級
音: ゲン／ゴン／ガン 訓: ねが・う／ねが・い／ねが・わくは
意味: ひたすら欲しいと思う、望みが叶(かな)って欲しいとひたすら思う。
望むものが手に入るようにと希(こいねが)う、希望する。
ねが・わくは、～したい、～して欲しい、～になって(～であって)欲しい、「望んでいることは～である」の意。
頭(あたま)、同「𩕾」。
簡「愿」。",願 → JPDB Kanji Freq: 189,漢字の読みを入力してください,Text
__撃__退，攻__撃__，打__撃__,ゲキ,"［撃］四級
音: ケキ／キャク／ゲキ 訓: う・つ
意味: (軽く繰り返すのではなく一挙に)強く打つ、また撲(なぐ)る、また叩(たた)く。
相手に激しく突き掛かる。
敵を攻める、また滅ぼす。",撃 → JPDB Kanji Freq: 188,漢字の読みを入力してください,Text
__校__閲，将__校__，学__校__,コウ,"［校］十級
音: コウ／キョウ／ギョウ 訓: 
意味: 木製の枷かせ、罪人の首・手・足などに嵌(は)めて自由を奪う刑具。
(陣地の周囲に張り巡らせる、或いは狩猟の際に獲物を追い込む)格子状に組んだ柵さく。
武官の位階名、校尉(コウイ)(部隊の長、時代によって異なるが比較的下位の位階)」。
あれとこれとを突き合わる、また照合する、また比較する、同「挍」。
校正(コウセイ)馬に関する事柄を管掌カンショウ(担当)する役人、同校人(コウジン)。
やり返す、言い返す
教え学(まな)ぶところ、、学校(ガッコウ)、夏代(前21世紀～前17世紀)の称、殷代(約前17世紀～約前11世紀)では「序」、周代(前11世紀～前3世紀)では「庠」。",校 → JPDB Kanji Freq: 187,漢字の読みを入力してください,Text
__次__回，__次__元，目__次__,ジ,"［次］八級
音: シ／ジ 訓: つぎ／つ・ぐ
意味: 並びや繰り返しの先頭の後に続く二番目。
後(あと)に続く、～の後に続いて～。
順序、次第(シダイ)。
繰り返される物事の回数、また順序、数次(スウジ)(数回)」、一次(イチジ)(一回目、一度目)」。
途中で一時留(とど)まる、旅や行軍の途中で宿(やど)る、またその場所。",次 → JPDB Kanji Freq: 186,漢字の読みを入力してください,Text
__次__第,シ,"［次］八級
音: シ／ジ 訓: つぎ／つ・ぐ
意味: 並びや繰り返しの先頭の後に続く二番目。
後(あと)に続く、～の後に続いて～。
順序、次第(シダイ)。
繰り返される物事の回数、また順序、数次(スウジ)(数回)」、一次(イチジ)(一回目、一度目)」。
途中で一時留(とど)まる、旅や行軍の途中で宿(やど)る、またその場所。",次 → JPDB Kanji Freq: 186,漢字の読みを入力してください,Text
__番__人，__番__組，順__番__,バン,"［番］九級
音: ハン／ホン／バン 訓: つがい／つが・う／つが・える
意味: 順に並んでいるものを次々に入れ替えながら繰り返すこと、またその順位、またその順位に当たること、輪番(リンバン)(順番に交替しながら繰り返すこと)」、當番(トウバン)(当番、交代で務める職務に就くこと)」。
(指が放射状に伸びる)獣の足、同「𥸨」。
(四周の特に西方の異民族を指す語で)外国の、外国人、同「蕃」。
日見張り、見張り役をする。
日。",番 → JPDB Kanji Freq: 185,漢字の読みを入力してください,Text
__士__官，武__士__，紳__士__,シ,"［士］六級
音: シ／ジ 訓: 
意味: 男(おとこ)、男子。
実務を担(にな)う下級の役人、またその官職名。
学徳や知能に秀(ひい)でた人、有能な人。
兵(つわもの)、兵士(ヘイシ)、士卒(シソツ)、兵卒(ヘイソツ)。
さむらい、部首名。",士 → JPDB Kanji Freq: 184,漢字の読みを入力してください,Text
__店__舗，開__店__，本__店__,テン,"［店］九級
音: テン 訓: みせ／たな
意味: みせ、物を並べ売る建物、「一定の場所を占めて商売する屋根(广)のある所」の意。
たな、商品を並べる陳列棚、売り手と買い手を隔(へだ)てるカウンター、同「坫」。
日たな、貸家。",店 → JPDB Kanji Freq: 183,漢字の読みを入力してください,Text
__書__画，__書__籍，読__書__,ショ,"［書］九級
音: ショ 訓: か・く
意味: 文字を筆(聿)などで記(しる)す、著(あらわ)す、書物(ショモツ)、文書(ブンショ)。
手紙、、書信(ショシン)。
、書経(ショキョウ)(別名尚書ショウショ、古代の記録を年代順にまとめたもの)」のこと。
筆の使い方や字形などの文字の書き方。
、篆書(テンショ)、隷書(レイショ)、草書(ソウショ)、行書(ギョウショ)、楷書(カイショ)など文字の形を体系化したものの呼称、、書体(ショタイ)。
六書(リクショ)、漢字の作り(成り立ち)を六分類したもので、象形(ショウケイ)、會意・会意(カイイ)「轉",書 → JPDB Kanji Freq: 182,漢字の読みを入力してください,Text
__必__然，__必__死，__必__要，__必__定,ヒツ,"［必］七級
音: ヒツ／ヒチ 訓: かなら・ず
意味: かなら・ず、確実に～、間違いなく～、きっと～{筆順(必)}。",必 → JPDB Kanji Freq: 181,漢字の読みを入力してください,Text
__山__脈，高__山__，登__山__,サン,"［山］十級
音: サン／セン 訓: やま
意味: 地面が△状に高く盛り上がったところ、またその形や様子。
土を丸く盛り上げた墓。
十二章紋の一つ{服飾(十二章紋)}。
やま、やまへん、やまかんむり、部首名。",山 → JPDB Kanji Freq: 180,漢字の読みを入力してください,Text
__能__力，芸__能__，効__能__,ノウ,"［能］六級
音: ドウ／ノウ／ノ／ダイ／ナイ 訓: よ・くする／あた・う
意味: ことを成し遂(と)げる技量ギリョウや力量リキリョウ、能力(ノウリョク)、才能(サイノウ)。
十分に或いは上手にできる、～をすることができる(技能・能力がある)、～ができる(可能である)。
他に働きかける、またその力やエネルギーenergie独、、能動(ノウドウ)。
日。",能 → JPDB Kanji Freq: 179,漢字の読みを入力してください,Text
__覚__悟，知__覚__，発__覚__,カク,"［覚］七級
音: カク／コウ／キョウ 訓: おぼ・える／さ・める
意味: 目を醒(さ)ます、眠りから醒める、正常な認識や判断ができない状態から抜け出る。
迷いや暗がりから抜け出る、明るみに出る。
辺りの状況が意識・認識できるようになる、迷いがなくなる、悟(さと)る。
日記憶する。",覚 → JPDB Kanji Freq: 178,漢字の読みを入力してください,Text
__受__諾，__受__験，甘__受__,ジュ,"［受］八級
音: シュウ／ジュ 訓: う・ける／う・かる
意味: 他から渡されたものを掌(てのひら)に載(の)せる、また手に納(おさ)める。
授(さず)かる、手渡しで与えられる。
蒙(こうむ)る。
容認する。",受 → JPDB Kanji Freq: 177,漢字の読みを入力してください,Text
__問__題，__問__答，訪__問__,モン,"［問］八級
音: ブン／モン 訓: と・う
意味: 分からないことやはっきりしないことを質(ただ)す。
罪や責任などの有無について聞く。
様子などを尋ねる。",問 → JPDB Kanji Freq: 176,漢字の読みを入力してください,Text
__白__髪，紅__白__，明__白__,ハク,"［白］十級
音: ハク／ビャク 訓: しろ／しろ・い／しら
意味: 無色、雪の色、どんな色にも染まっていないさま、同「㿟」「皛」。
曇りがないさま、汚(けが)れがないさま、清(きよ)いさま。
何もないさま、あるがままであるさま、白民(ハクミン)(無位無官の人、庶民)」。
隠したり飾ったり偽ったりするところがないさま。
明らかなさま、、明白(メイハク)。
包み隠さず申し述べる、正直に報告する、、告白(コクハク)。
しろ、しろへん、部首名。",白 → JPDB Kanji Freq: 175,漢字の読みを入力してください,Text
黒__白__,ビャク,"［白］十級
音: ハク／ビャク 訓: しろ／しろ・い／しら
意味: 無色、雪の色、どんな色にも染まっていないさま、同「㿟」「皛」。
曇りがないさま、汚(けが)れがないさま、清(きよ)いさま。
何もないさま、あるがままであるさま、白民(ハクミン)(無位無官の人、庶民)」。
隠したり飾ったり偽ったりするところがないさま。
明らかなさま、、明白(メイハク)。
包み隠さず申し述べる、正直に報告する、、告白(コクハク)。
しろ、しろへん、部首名。",白 → JPDB Kanji Freq: 175,漢字の読みを入力してください,Text
__続__出，__続__行，連__続__,ゾク,"［続］七級
音: ショク／ゾク 訓: つづ・く
意味: 切れることなく繋(つな)がる、また連(つら)なる。
前との関係を保ちながら次々に繋がって行く、継続(ケイゾク)、連続(レンゾク)。
前の物事を受け、それを後の物事に継(つ)ぐ、継承する。
前の人や物や事のすぐ後に付く。",続 → JPDB Kanji Freq: 174,漢字の読みを入力してください,Text
__要__点，__要__注意，重__要__,ヨウ,"［要］七級
音: ヨウ 訓: かなめ／い・る
意味: (体の要かなめとなる)腰(こし)。
物事の中心となるところ、非常に大切なところ。
求める、強く乞(こ)う、要求(ヨウキュウ)、要請(ヨウセイ)(請い求める、強く頼む)」、同「邀」。
待ち受ける、同「邀」。
どうしてもなくてはならない、しなければならない、、必要(ヒツヨウ)。",要 → JPDB Kanji Freq: 173,漢字の読みを入力してください,Text
__緒__戦，由__緒__，端__緒__,ショ,"［緒］凖二級
音: チョ／ショ／ジョ 訓: いとぐち／お
意味: 長い糸の先端、糸口(いとぐち)、端緒(タンショ・タンチョ)。
物事などの始まり、発端ホッタン、緒言(ショゲン)。
家系などの途切れずに続く繋(つな)がり。
残余ザンヨ、余り、残り、緒風(ショフウ)(前の季節の名残りの風)」。
日お、紐(ひも)。",緒 → JPDB Kanji Freq: 172,漢字の読みを入力してください,Text
"情__緒__
①感情の動きをさそうような、気分・ふんいき。
「━ゆたか・━たっぷり」",チョ,"［緒］凖二級
音: チョ／ショ／ジョ 訓: いとぐち／お
意味: 長い糸の先端、糸口(いとぐち)、端緒(タンショ・タンチョ)。
物事などの始まり、発端ホッタン、緒言(ショゲン)。
家系などの途切れずに続く繋(つな)がり。
残余ザンヨ、余り、残り、緒風(ショフウ)(前の季節の名残りの風)」。
日お、紐(ひも)。",緒 → JPDB Kanji Freq: 172,漢字の読みを入力してください,Text
__頭__脳，__頭__上，__頭__痛,ズ,"［頭］九級
音: トウ／ズ／ト 訓: あたま／こうべ／かしら／かみ
意味: 身体の最上部(四足・多足の動物の場合は先端部)、胴体の肩よりも上(先)にある部分{人体(頭部)}。
物事の端(はじ)、物事の始まり(先端、最初)や終わり(後端、最終)、先頭(セントウ)、冒頭(ボウトウ)。
集団の最も上に立つ人、集団の長、、頭領(トウリョウ)。
家畜や大形の獣を数える語。
他の語の後に付けてさまざまな熟語を作る、、口頭(コウトウ)(口で伝える)」、心頭(シントウ)(心の内)」、念頭(ネントウ)(胸の内)」、石頭(セキトウ)(石や岩)」、街頭(ガイトウ)(大通りが交差するところ)」。",頭 → JPDB Kanji Freq: 171,漢字の読みを入力してください,Text
__頭__部，年__頭__，船__頭__,トウ,"［頭］九級
音: トウ／ズ／ト 訓: あたま／こうべ／かしら／かみ
意味: 身体の最上部(四足・多足の動物の場合は先端部)、胴体の肩よりも上(先)にある部分{人体(頭部)}。
物事の端(はじ)、物事の始まり(先端、最初)や終わり(後端、最終)、先頭(セントウ)、冒頭(ボウトウ)。
集団の最も上に立つ人、集団の長、、頭領(トウリョウ)。
家畜や大形の獣を数える語。
他の語の後に付けてさまざまな熟語を作る、、口頭(コウトウ)(口で伝える)」、心頭(シントウ)(心の内)」、念頭(ネントウ)(胸の内)」、石頭(セキトウ)(石や岩)」、街頭(ガイトウ)(大通りが交差するところ)」。",頭 → JPDB Kanji Freq: 171,漢字の読みを入力してください,Text
"音__頭__，東京音__頭__
❶多くの人がおどったり歌ったりすること。また、その歌やおどり。例: 東京音頭。
❷ほかの人の先に立って、物ごとをすること。","ト,ど","［頭］九級
音: トウ／ズ／ト 訓: あたま／こうべ／かしら／かみ
意味: 身体の最上部(四足・多足の動物の場合は先端部)、胴体の肩よりも上(先)にある部分{人体(頭部)}。
物事の端(はじ)、物事の始まり(先端、最初)や終わり(後端、最終)、先頭(セントウ)、冒頭(ボウトウ)。
集団の最も上に立つ人、集団の長、、頭領(トウリョウ)。
家畜や大形の獣を数える語。
他の語の後に付けてさまざまな熟語を作る、、口頭(コウトウ)(口で伝える)」、心頭(シントウ)(心の内)」、念頭(ネントウ)(胸の内)」、石頭(セキトウ)(石や岩)」、街頭(ガイトウ)(大通りが交差するところ)」。",頭 → JPDB Kanji Freq: 171,漢字の読みを入力してください,Text
__東__西，__東__国，以__東__,トウ,"［東］九級
音: トウ／ツウ 訓: ひがし／あずま
意味: 太陽が昇る方角、沈む方角を「西」。",東 → JPDB Kanji Freq: 170,漢字の読みを入力してください,Text
__元__祖，__元__日，__元__来,ガン,"［元］九級
音: ゲン／ゴン／ガン 訓: もと
意味: 物事の発端ホッタン、起源、始まり、元年(ガンネン)。
物事の基(もと)となるもの、根本コンポン。
物事の先頭にあるもの、頭(かしら)、元首(ゲンシュ)。
王朝名、正式名は「大元」、1271年～1368年、都を大都ダイト(現北京)に置き、現中国と現モンゴル国、現(ロシア)東部を版図とした{元代}。",元 → JPDB Kanji Freq: 169,漢字の読みを入力してください,Text
__元__素，__元__気，多__元__,ゲン,"［元］九級
音: ゲン／ゴン／ガン 訓: もと
意味: 物事の発端ホッタン、起源、始まり、元年(ガンネン)。
物事の基(もと)となるもの、根本コンポン。
物事の先頭にあるもの、頭(かしら)、元首(ゲンシュ)。
王朝名、正式名は「大元」、1271年～1368年、都を大都ダイト(現北京)に置き、現中国と現モンゴル国、現(ロシア)東部を版図とした{元代}。",元 → JPDB Kanji Freq: 169,漢字の読みを入力してください,Text
"__正__直，__正__面，__正__月
弾正台","ショウ,ジョウ","［正］十級
音: セイ／ショウ 訓: ただ・す／ただ・しい／まさ・に／まさ・しく
意味: まっすぐなさま、曲がり・歪(ゆが)み・偏(かたよ)りなどがないさま。
他のものが雑(ま)じっていないさま、また混(ま)じっていないさま、また交(ま)じっていないさま。
本来の、適切な、本来の或いは適切な形や様子であるさま。
道理や規則などに合っているさま、またそのようにする、同「政」。
ちょうど、ぴったり。
組織・役目・職務などの長チョウ。
一年の始まりの月。
数(かず)で零(レイ、ゼロzero)よりも大きいこと、小さい数は「負」。
10の40乗{数字}。",正 → JPDB Kanji Freq: 168,漢字の読みを入力してください,Text
__正__義，__正__誤，訂__正__,セイ,"［正］十級
音: セイ／ショウ 訓: ただ・す／ただ・しい／まさ・に／まさ・しく
意味: まっすぐなさま、曲がり・歪(ゆが)み・偏(かたよ)りなどがないさま。
他のものが雑(ま)じっていないさま、また混(ま)じっていないさま、また交(ま)じっていないさま。
本来の、適切な、本来の或いは適切な形や様子であるさま。
道理や規則などに合っているさま、またそのようにする、同「政」。
ちょうど、ぴったり。
組織・役目・職務などの長チョウ。
一年の始まりの月。
数(かず)で零(レイ、ゼロzero)よりも大きいこと、小さい数は「負」。
10の40乗{数字}。",正 → JPDB Kanji Freq: 168,漢字の読みを入力してください,Text
__別__離，区__別__，特__別__,ベツ,"［別］七級
音: ヘツ／ベチ／ベツ 訓: わか・れる／わか・つ／わ・ける
意味: 切って分(わ)ける、分離する、分けて離す、分けたものが繋(つな)がっていない状態にする。
分かれる、分かれ離れる。
他と繋がりがない、他とは違う、異なる。
他(ほか)の～(別の～)、～以外に(～とは別に)、その上に(～とは別に)。
俗～してはならない、～するな。",別 → JPDB Kanji Freq: 167,漢字の読みを入力してください,Text
__空__想，__空__港，上__空__,クウ,"［空］十級
音: コウ／クウ 訓: そら／から／あ・く／あ・ける／す・く／うつ・ろ／むな・しい
意味: (中に)何もない、何も含まれていない、虚(うつ)ろなさま。
何もないところ、天と地の間(あいだ)。",空 → JPDB Kanji Freq: 166,漢字の読みを入力してください,Text
__父__母，__父__兄，祖__父__,フ,"［父］九級
音: フ／ブ／ホ 訓: ちち
意味: 男親(おとこおや)、家長カチョウ。
家族・親族・種族・民族などを率(ひき)いる男性。
名前の後に付けて用いる男子の美称、同「甫」。
年長また老年の男性に対する敬称。
ちち、部首名。",父 → JPDB Kanji Freq: 165,漢字の読みを入力してください,Text
__関__節，__関__係，__関__する,カン,"［関］七級
音: カン／ケン 訓: せき／かか・わる
意味: 閂(かんぬき)、扉を閉め内側から横に渡して扉が開かないようにするための横木、同「閞」。
門を閉じる、門を閉じて閂を掛ける。
国や領地などの周りを囲った境界に設けられた出入口、その出入口に設ける構築物が「門」。
(左右の扉を閉めて閂を掛けるように)それぞれ別のものを繋(つな)ぐ、その繋ぎ目、節目。
互いに係(かかわ)りを持つ。",関 → JPDB Kanji Freq: 164,漢字の読みを入力してください,Text
__直__訴，__直__筆，正__直__,ジキ,"［直］九級
音: チョク／ジキ 訓: ただ・ちに／じか／じき／す・ぐ／なお・す／なお・る／ひた
意味: ものをまっすぐによく見る。
まっすぐなさま、曲がったり折れたり歪(ゆが)んだりしない(していない)さま、正直(ショウジキ)(まっすぐなこと、嘘や偽りがないこと)」。
まっすぐにする、曲がりや歪みや誤りなどを正(ただ)す。
当たる、担当タントウする、、当直(トウチョク)(当番、交代で務める職務の番に当たること)」。
値(あたい)、値(あたい)する、相当ソウトウする。",直 → JPDB Kanji Freq: 163,漢字の読みを入力してください,Text
__直__立，__直__接，実__直__,チョク,"［直］九級
音: チョク／ジキ 訓: ただ・ちに／じか／じき／す・ぐ／なお・す／なお・る／ひた
意味: ものをまっすぐによく見る。
まっすぐなさま、曲がったり折れたり歪(ゆが)んだりしない(していない)さま、正直(ショウジキ)(まっすぐなこと、嘘や偽りがないこと)」。
まっすぐにする、曲がりや歪みや誤りなどを正(ただ)す。
当たる、担当タントウする、、当直(トウチョク)(当番、交代で務める職務の番に当たること)」。
値(あたい)、値(あたい)する、相当ソウトウする。",直 → JPDB Kanji Freq: 163,漢字の読みを入力してください,Text
__返__却，__返__事，__返__礼,ヘン,"［返］八級
音: ハン／ホン／ヘン 訓: かえ・る／かえ・す
意味: 帰る、行った先から出発したところに戻る、同「𢓉」。
元に戻る、元に戻す。
日反対向きにする、反対向きになる。",返 → JPDB Kanji Freq: 162,漢字の読みを入力してください,Text
__殺__人，__殺__到，黙__殺__,サツ,"［殺］六級
音: サツ／セツ 訓: そ・ぐ／ころ・す
意味: ころ・す、人や動物の生命を奪う、同「𠮁」「煞」「𤋣」「𢼡」「𢿔」「𣪖」「𢽮」「𢽯」「𢽺」「𢽅」「𢾈」「𢽘」「𢽆」「𢼯」「𢼴」「𣪆」「𢁛」「𧤿」「𣀎」「𢿹」。
そ・ぐ、削(けず)る、削(そ)ぎ取る、減らす、勢いを弱める、同「煞」。
甚(はなは)だしく～、極めて～、非常に～、同「煞」。
寒々しいさま、荒(すさ)んでいるさま。",殺 → JPDB Kanji Freq: 161,漢字の読みを入力してください,Text
"相__殺__
❶貸し借り・損得などを互いに差し引きして帳消しにすること。
❷長所・利点などが互いに影響し合って効果を失うこと。",サイ,"［殺］六級
音: サツ／セツ 訓: そ・ぐ／ころ・す
意味: ころ・す、人や動物の生命を奪う、同「𠮁」「煞」「𤋣」「𢼡」「𢿔」「𣪖」「𢽮」「𢽯」「𢽺」「𢽅」「𢾈」「𢽘」「𢽆」「𢼯」「𢼴」「𣪆」「𢁛」「𧤿」「𣀎」「𢿹」。
そ・ぐ、削(けず)る、削(そ)ぎ取る、減らす、勢いを弱める、同「煞」。
甚(はなは)だしく～、極めて～、非常に～、同「煞」。
寒々しいさま、荒(すさ)んでいるさま。",殺 → JPDB Kanji Freq: 161,漢字の読みを入力してください,Text
__殺__生,セツ,"［殺］六級
音: サツ／セツ 訓: そ・ぐ／ころ・す
意味: ころ・す、人や動物の生命を奪う、同「𠮁」「煞」「𤋣」「𢼡」「𢿔」「𣪖」「𢽮」「𢽯」「𢽺」「𢽅」「𢾈」「𢽘」「𢽆」「𢼯」「𢼴」「𣪆」「𢁛」「𧤿」「𣀎」「𢿹」。
そ・ぐ、削(けず)る、削(そ)ぎ取る、減らす、勢いを弱める、同「煞」。
甚(はなは)だしく～、極めて～、非常に～、同「煞」。
寒々しいさま、荒(すさ)んでいるさま。",殺 → JPDB Kanji Freq: 161,漢字の読みを入力してください,Text
__良__好，__良__心，優__良__,リョウ,"［良］七級
音: リョウ／ロウ 訓: よ・い
意味: 自分或いは多くの人の判断基準より上である、(、優(ユウ)には及ばないが)一般的・標準的な水準・程度を超えている、善(よ)い、勝(まさ)る、好(この)ましい、多い、大きい、強い、美しい、賢(かしこ)い。
とても～、大変～、甚(はなは)だ～、自分或いは多くの人の判断基準や一般的・標準的な水準・程度との差がある。",良 → JPDB Kanji Freq: 160,漢字の読みを入力してください,Text
__法__律，文__法__，方__法__,ホウ,"［法］七級
音: ホウ 訓: のり／のっと・る
意味: 規律を維持するための決まり、守り従うべき制度や規則、私的なものではなく公(おおやけ)のものを指す。
標準的な或いは慣例となっているやり方、またそれらに従う。
基準・規準・標準・手本となるもの。
仏(ほとけ)の教え。",法 → JPDB Kanji Freq: 159,漢字の読みを入力してください,Text
"__法度__，__法被__
〘歴〙武士の時代の法律。おきて。
「武家諸━」","はっと,はっぴ","［法］七級
音: ホウ 訓: のり／のっと・る
意味: 規律を維持するための決まり、守り従うべき制度や規則、私的なものではなく公(おおやけ)のものを指す。
標準的な或いは慣例となっているやり方、またそれらに従う。
基準・規準・標準・手本となるもの。
仏(ほとけ)の教え。","法 → JPDB Kanji Freq: 159
度 → JPDB Kanji Freq: 50",漢字の読みを入力してください,Text
"__法__主，__法__相宗
〘仏〙その宗のかしら。",ホッ,"［法］七級
音: ホウ 訓: のり／のっと・る
意味: 規律を維持するための決まり、守り従うべき制度や規則、私的なものではなく公(おおやけ)のものを指す。
標準的な或いは慣例となっているやり方、またそれらに従う。
基準・規準・標準・手本となるもの。
仏(ほとけ)の教え。",法 → JPDB Kanji Freq: 159,漢字の読みを入力してください,Text
__足__跡，遠__足__，補__足__,ソク,"［足］十級
音: ショク／ソク 訓: あし／た・りる／た・す
意味: 体や物体の一部で、胴から分かれ出て伸び、地に接して体を支えたり、歩行・走行・跳躍などの運動機能を担う部分、現代の中国では「脚」。
「歩く」「走る」などの足を使った動作、遠足(エンソク)(長い道のりを歩く)」、発足(ハッソク・ホッソク)(足を踏み出す)」。
太腿(ふともも)から爪先までの部分、日本では足首から爪先までの部分{人体(下肢)}。
た・りる、十分にある。
た・す、加える。
あし、あしへん、部首名。",足 → JPDB Kanji Freq: 158,漢字の読みを入力してください,Text
__解__脱，__解__熱剤，__解__毒剤,ゲ,"［解］六級
音: カイ／ケ／ゲ 訓: ほぐ・す／ほど・く／と・く／わか・る
意味: 一つになっているもの(固まっているもの)をばらばらにする、また柔らかくする、また融(と)かす、また和(やわ)らげる、解散(カイサン)、分解(ブンカイ)。
固く縛(しば)っているものを緩(ゆる)める、また縛(しば)っている紐などを取る、、解除(カイジョ)、解放(カイホウ)。
複雑なものを細かく分ける、また分けて元の意味などを知る、また疑問や疑いなどをなくする、また答えを出す、、理解(リカイ)。",解 → JPDB Kanji Freq: 157,漢字の読みを入力してください,Text
__解__決，__解__禁，理__解__，電__解__質,カイ,"［解］六級
音: カイ／ケ／ゲ 訓: ほぐ・す／ほど・く／と・く／わか・る
意味: 一つになっているもの(固まっているもの)をばらばらにする、また柔らかくする、また融(と)かす、また和(やわ)らげる、解散(カイサン)、分解(ブンカイ)。
固く縛(しば)っているものを緩(ゆる)める、また縛(しば)っている紐などを取る、、解除(カイジョ)、解放(カイホウ)。
複雑なものを細かく分ける、また分けて元の意味などを知る、また疑問や疑いなどをなくする、また答えを出す、、理解(リカイ)。",解 → JPDB Kanji Freq: 157,漢字の読みを入力してください,Text
__現__象，__現__在，表__現__,ゲン,"［現］六級
音: ケン／ゲン 訓: あらわ・れる／あらわ・す／うつつ
意味: それまで見えなかったものが見えるようになる、隠れていたものが表に出てくる。
目の前の、目の前にある、実際の、実際にそこにある。
今の、今ここにある。",現 → JPDB Kanji Freq: 156,漢字の読みを入力してください,Text
__信__じる，__信__用，__信__頼，通__信__,シン,"［信］七級
音: シン 訓: まこと
意味: 誠実なさま、嘘偽りがないさま、言ったことを違(たが)えないさま。
確かであるとして疑わない、一点の疑いもない、「信用する」の意。
確かな、間違いない、確かに、本当に。
確かであること(約束したこと)の証(あかし)。
任せる、為(な)すがままにさせる、「行動・行為を信頼している」の意。
便(たよ)り、知らせ、音信(インシン・オンシン)。
まっすぐに伸びる、伸ばす、同「伸」。
二泊する、一泊は「宿」「舍」、信信(シンシン)(四泊する)」。",信 → JPDB Kanji Freq: 155,漢字の読みを入力してください,Text
__丈__六，__丈__夫な体,ジョウ,"［丈］四級
音: チョウ／ジョウ 訓: たけ
意味: 長さの単位、1丈=10尺{各種単位}。
年長者また老人に対する敬称、老丈(ロウジョウ)(ご老人)」。
丈夫(ジョウフ)夫(おっと)男(おとこ)、成人の男性堂々ドウドウとしたさま。
日たけ、高さ。
日。",丈 → JPDB Kanji Freq: 154,漢字の読みを入力してください,Text
"__道__路，__道__徳，報__道__
お天__道__様","ドウ,トウ","［道］九級
音: トウ／ドウ 訓: みち
意味: 出発地から目的地へ通じている路みち、人や動物などが往来する通り路、道路(ドウロ)、同「路」。
目的を達するための経路、手順や方法。
導(みちび)く、手引きする、同「導」。
人の行くべき(進むべき)方向、また採(と)るべき方法。
行政区画の名、唐代(618年～907年)には全国を十道に分け、清代(1644年～1912年)には省の下に道を置いた。
道教(ドウキョウ)、中国古来の宗教の一つ。
説(と)く、述べる、同「噵」。",道 → JPDB Kanji Freq: 153,漢字の読みを入力してください,Text
"神__道__，神__道__大教
日本にむかしからある宗教の一つ。神話にもとづく神々や先祖をまつる。",トウ,"［道］九級
音: トウ／ドウ 訓: みち
意味: 出発地から目的地へ通じている路みち、人や動物などが往来する通り路、道路(ドウロ)、同「路」。
目的を達するための経路、手順や方法。
導(みちび)く、手引きする、同「導」。
人の行くべき(進むべき)方向、また採(と)るべき方法。
行政区画の名、唐代(618年～907年)には全国を十道に分け、清代(1644年～1912年)には省の下に道を置いた。
道教(ドウキョウ)、中国古来の宗教の一つ。
説(と)く、述べる、同「噵」。",道 → JPDB Kanji Freq: 153,漢字の読みを入力してください,Text
__落__語，__落__涙，集__落__,ラク,"［落］八級
音: ラク 訓: お・ちる／お・とす
意味: 上にあったものが下に移動する、高い所から下に位置を変える、落下(ラッカ)、墜落(ツイラク)。
枯れ衰える、(枯れた葉が)地に墜ちる、、没落(ボツラク)、零落(レイラク)(おちぶ・れる)」。
腰を据(す)える、同じ土地に腰を据えて住む。
多くの人家が集まっているところ、多くのものが集まっているところ、、集落(シュウラク)、群落(グンラク)。",落 → JPDB Kanji Freq: 152,漢字の読みを入力してください,Text
__定__石，__定__紋，必__定__,ジョウ,"［定］八級
音: テイ／ジョウ 訓: さだ・まる／さだ・める／さだ・めて／さだ・か
意味: さだ・まる、動きや乱れが鎮(しず)まって変化・変動しない状態になる、平静になる、落ち着く、鎮定(チンテイ)。
さだ・める、動いたり揺らいだりしない状態にする、はっきりと決める、制定(セイテイ)、決定(ケッテイ)。
決まり、決めたこと、決まっていること(もの)、、定型(テイケイ)、定式(テイシキ・ジョウシキ)。
さだ・めて、必ず、きっと。
さだ・か、はっきりしているさま、確かなさま。",定 → JPDB Kanji Freq: 151,漢字の読みを入力してください,Text
__定__価，安__定__，決__定__,テイ,"［定］八級
音: テイ／ジョウ 訓: さだ・まる／さだ・める／さだ・めて／さだ・か
意味: さだ・まる、動きや乱れが鎮(しず)まって変化・変動しない状態になる、平静になる、落ち着く、鎮定(チンテイ)。
さだ・める、動いたり揺らいだりしない状態にする、はっきりと決める、制定(セイテイ)、決定(ケッテイ)。
決まり、決めたこと、決まっていること(もの)、、定型(テイケイ)、定式(テイシキ・ジョウシキ)。
さだ・めて、必ず、きっと。
さだ・か、はっきりしているさま、確かなさま。",定 → JPDB Kanji Freq: 151,漢字の読みを入力してください,Text
__市__民，__市__況，都__市__,シ,"［市］九級
音: シ／ジ 訓: いち
意味: 人が多く集まり物品などを売買・交換する、またその場所。
人が多く集まる所。
「町」よりも大きな行政区画。",市 → JPDB Kanji Freq: 150,漢字の読みを入力してください,Text
__終__了，__終__日，最__終__,シュウ,"［終］八級
音: シュウ／シュ 訓: お・わる／お・える／つい・に／しま・う／しま・い
意味: 途切れずに続いているものの後方の部分、始まりの部分は「始」。
続いていたものが尽きる、これから先はないところにまで到(いた)る。
最後に、ついに、しまいに、とうとう。
(高貴な)人の死、同「𣧩」、一般の人は「死」。",終 → JPDB Kanji Freq: 149,漢字の読みを入力してください,Text
__愛__情，__愛__読，恋__愛__,アイ,"［愛］七級
音: アイ／オ 訓: め・でる／いと・しい／いと・おしむ／まな
意味: 相手に心を寄せる、慕(した)う、またその気持。
心から慈(いつく)しむ、優しく大切に可愛がる。
心から好む、気に入る、気に入って手放せない。",愛 → JPDB Kanji Freq: 148,漢字の読みを入力してください,Text
__初__期，__初__心者，最__初__,ショ,"［初］七級
音: ショ／ソ 訓: はじ・め／そ・める／はつ／うい／うぶ
意味: 物事の起こり、物事の発端、「衣服を作り始める時にまず布を切る」の意、「初」は「物事はまず初めに～する、～の初め」、「始」は「物事はまず～から始める、～から始まる」。
うぶ、出産する、生まれたばかりで穢れがないさま。",初 → JPDB Kanji Freq: 147,漢字の読みを入力してください,Text
__教__育，__教__訓，宗__教__,キョウ,"［教］九級
音: コウ／キョウ 訓: おし・える／おそ・わる
意味: 自分の持つ知識・技術などをそれを持たない他の人に授(さず)ける、また見習わせる、またその内容、教えを受け見て倣い習得することを「学」。
神仏の説く道、道を示し導く。
領主の指示や命令。
～をして～せしむ、～をして～をさせる。",教 → JPDB Kanji Freq: 146,漢字の読みを入力してください,Text
当__然__，自__然__，必__然__,ゼン,"［然］七級
音: ゼン／ネン 訓: しか／しか・も／しか・り／しか・らば／しか・るに／しか・れども
意味: 燃やす、火で焼く、「イヌ犬・狗の肉(月)を燃やす(灬)」の意、同「燃」。
～のような、～のように。
しか・も、その上に、それでも。
しか・り、その通り、yes。
しか・らば、そうであるならば、そうだとしたら。
しか・るに、そうであるのに、それなのに。
しか・れども、そうではあるけれども、しかし。",然 → JPDB Kanji Freq: 145,漢字の読みを入力してください,Text
天__然__,ネン,"［然］七級
音: ゼン／ネン 訓: しか／しか・も／しか・り／しか・らば／しか・るに／しか・れども
意味: 燃やす、火で焼く、「イヌ犬・狗の肉(月)を燃やす(灬)」の意、同「燃」。
～のような、～のように。
しか・も、その上に、それでも。
しか・り、その通り、yes。
しか・らば、そうであるならば、そうだとしたら。
しか・るに、そうであるのに、それなのに。
しか・れども、そうではあるけれども、しかし。",然 → JPDB Kanji Freq: 145,漢字の読みを入力してください,Text
__代__理，世__代__，現__代__,ダイ,"［代］八級
音: タイ／ダイ 訓: か・える／か・わる／しろ／よ
意味: 替(か)える、それまでのもの(今あるもの)を別のものに替える、入れ替える、また入れ替わる。
同じ家主や国主がその地位にある期間、同じ種シュ(起源を同じにするもの)が別の種に入れ替わるまでの期間、世代(セダイ)。",代 → JPDB Kanji Freq: 144,漢字の読みを入力してください,Text
__代__謝，交__代__,タイ,"［代］八級
音: タイ／ダイ 訓: か・える／か・わる／しろ／よ
意味: 替(か)える、それまでのもの(今あるもの)を別のものに替える、入れ替える、また入れ替わる。
同じ家主や国主がその地位にある期間、同じ種シュ(起源を同じにするもの)が別の種に入れ替わるまでの期間、世代(セダイ)。",代 → JPDB Kanji Freq: 144,漢字の読みを入力してください,Text
__新__旧，__新__聞，革__新__,シン,"［新］九級
音: シン 訓: あたら・しい／あら・た／にい
意味: 切ったばかりの木、切ったばかりで何の手も加えられていない木。
それまでにはなかった形状・状態・様子・性質になるさま、それまではなかったものが初めて現れるさま。
改(あらた)まる、改める、形状・状態・様子・性質などが変わる(変える)。
改まって(或いは始まって)間もないさま。
王朝名、9年～23年、王莽オウモウが建てたことから別名「新莽」{新代}。",新 → JPDB Kanji Freq: 143,漢字の読みを入力してください,Text
__早__朝，__早__晩，__早__々に,ソウ,"［早］十級
音: ソウ 訓: はや・い／さ／わ
意味: いよいよ陽が昇り始めようとしていてまだ薄暗い頃、朝が明(あ)けようとする頃。
その時(時間、時期、頃合い)に至っていない。
本来の時よりも前に(先に)、前以って、既(すで)に。
日若い、小さい、幼(おさな)い。",早 → JPDB Kanji Freq: 142,漢字の読みを入力してください,Text
__早__速，__早__急,サッ,"［早］十級
音: ソウ 訓: はや・い／さ／わ
意味: いよいよ陽が昇り始めようとしていてまだ薄暗い頃、朝が明(あ)けようとする頃。
その時(時間、時期、頃合い)に至っていない。
本来の時よりも前に(先に)、前以って、既(すで)に。
日若い、小さい、幼(おさな)い。",早 → JPDB Kanji Freq: 142,漢字の読みを入力してください,Text
__内__外，__内__容，家__内__,ナイ,"［内］九級
音: ダイ／ナイ 訓: うち
意味: 外から中に入る、入れる。
限られた範囲・領域の中、区切りや境目の中、同「中」。
ある一定の範囲に含まれるもの、囲われたり覆われたりしていて外からは見えないもの、公(おおやけ)ではない私的なもの、またそのようなこと、またそのようなところ、逆は「外」。
内室(ナイシツ)部屋、特に奥の部屋、寝室、婦女子の居室(奥の部屋に住まうことから)妻。
宮中、朝廷。",内 → JPDB Kanji Freq: 141,漢字の読みを入力してください,Text
__内__裏，参__内__,ダイ,"［内］九級
音: ダイ／ナイ 訓: うち
意味: 外から中に入る、入れる。
限られた範囲・領域の中、区切りや境目の中、同「中」。
ある一定の範囲に含まれるもの、囲われたり覆われたりしていて外からは見えないもの、公(おおやけ)ではない私的なもの、またそのようなこと、またそのようなところ、逆は「外」。
内室(ナイシツ)部屋、特に奥の部屋、寝室、婦女子の居室(奥の部屋に住まうことから)妻。
宮中、朝廷。",内 → JPDB Kanji Freq: 141,漢字の読みを入力してください,Text
__引__力，__引__退，索__引__,イン,"［引］九級
音: イン 訓: ひ・く
意味: (弓の弦iに指を掛け、ぐいと)手前に寄せる、「向こうへぐいと押しやる」とは逆の動きをいう。
ぐいと伸ばす、引領(インレイ)(首を伸ばす、首を伸ばして待ち受ける)」。
受け入れる、「引き受ける」の意。
、導(みちび)く、「手引する、先頭に立って皆を引っ張っていく」の意。
退(しりぞ)く、「身を引く、引っ込む」の意。
長さの単位、1引=10丈=100尺=(秦代から漢代前221年～220年頃では)約23.1m{各種単位}。",引 → JPDB Kanji Freq: 140,漢字の読みを入力してください,Text
__連__合，__連__続，関__連__,レン,"［連］七級
音: レン 訓: つら・なる／つら・ねる／つ・れ／つ・れる
意味: 途切れずに続く、次々に間を置かずに続く、また繋(つな)がる。
結び付く、関わり合いを持つ。
一緒に行動する。
続々と、次々に、間を置かずに。",連 → JPDB Kanji Freq: 139,漢字の読みを入力してください,Text
__金__色，__金__剛力，黄__金__,コン,"［金］十級
音: キン／コン 訓: かね／かな
意味: 黄金・白銀・赤銅・青銅・青鉛・黒鉄などの総称、金属の総称。
(黄金のように)黄色い、輝く、美しい、貴重な、(金属のように)堅い。
金属製のもの。
銭ぜに、またその単位。
五行(万物は木・火・土・金・水の五つ基本要素から成り、それぞれが生滅・盛衰・変化を繰り返し循環するるという考え)の一つ{五行}。
金(Aurum羅、Au)、元素名{金}。
宋代の古王朝名、1115年～1234年、現黒竜江省・吉林省、遼寧省・内(モンゴル)自治区一帯を版図とした{宋(北宋)代}。",金 → JPDB Kanji Freq: 138,漢字の読みを入力してください,Text
__金__属，__金__銭，純__金__,キン,"［金］十級
音: キン／コン 訓: かね／かな
意味: 黄金・白銀・赤銅・青銅・青鉛・黒鉄などの総称、金属の総称。
(黄金のように)黄色い、輝く、美しい、貴重な、(金属のように)堅い。
金属製のもの。
銭ぜに、またその単位。
五行(万物は木・火・土・金・水の五つ基本要素から成り、それぞれが生滅・盛衰・変化を繰り返し循環するるという考え)の一つ{五行}。
金(Aurum羅、Au)、元素名{金}。
宋代の古王朝名、1115年～1234年、現黒竜江省・吉林省、遼寧省・内(モンゴル)自治区一帯を版図とした{宋(北宋)代}。",金 → JPDB Kanji Freq: 138,漢字の読みを入力してください,Text
__以__上，__以__内，__以__後,イ,"［以］七級
音: イ 訓: も・って／もち・いる
意味: 用(もち)いる、使用する、～を用いて、～を利用して。
～に依(よ)って、～に拠(よ)って
～に因(よ)って、～が原因(理由)で
(基準となる時・ところ・出来事など)から～、より～、よりも～、以上・已上(イジョウ)、以下・已下(イカ)、以前(イゼン)(已往イオウ)」、以後・已後(イゴ)、同「已」。",以 → JPDB Kanji Freq: 137,漢字の読みを入力してください,Text
境__界__，限__界__，世__界__,カイ,"［界］八級
音: カイ／ケ 訓: さかい
意味: 境さかい、境目さかいめ、区切り、同「堺」「𨺬」。
周(まわ)りが仕切られているところの内側、範囲ハンイ。",界 → JPDB Kanji Freq: 136,漢字の読みを入力してください,Text
__帰__還，__帰__納，復__帰__,キ,"［帰］九級
音: キ／ケ 訓: かえ・る／かえ・す
意味: 女性が他家に嫁(とつ)ぐ、嫁(よめ)に行く、女性を自家に迎えることを、來歸・来帰(ライキ)。
元の(本来の)状態や位置に戻る、同「皈」「𢅨」「䢜」「𣦨」。
元の(本来の)状態や位置に戻す、返(かえ)す。
最終的には～になる、結局は～ということになる、～のところに(～というところに)落ち着く。
帰蔵(キゾウ)、同「𤾤藏」、卦ケを用いた占卜(センボク)についての三つの書(三易 サンエキ )の一つ、三易  は「連山 レンザン 」「歸藏 キゾウ 」「周易 シュウエキ 」",帰 → JPDB Kanji Freq: 135,漢字の読みを入力してください,Text
__情__操，__情__報，__情__熱，人__情__,ジョウ,"［情］六級
音: セイ／ジョウ 訓: なさ・け
意味: 物事(特に他の人)からの働き掛けで起こる喜怒哀楽愛好悪欲などの心の動き、感情(カンジョウ)。
他に寄せる思い、愛情(アイジョウ)。
異性に寄せる思い、好意や欲望、情侶(ジョウリョ)(好意を寄せる異性、好意を寄せ合う男女)」。
物事の様子・状態・趣(おもむき)、、情勢(ジョウセイ)。
日なさ・け、他を思い遣(や)る気持ち、、人情(ニンジョウ)。",情 → JPDB Kanji Freq: 134,漢字の読みを入力してください,Text
風__情__,セイ,"［情］六級
音: セイ／ジョウ 訓: なさ・け
意味: 物事(特に他の人)からの働き掛けで起こる喜怒哀楽愛好悪欲などの心の動き、感情(カンジョウ)。
他に寄せる思い、愛情(アイジョウ)。
異性に寄せる思い、好意や欲望、情侶(ジョウリョ)(好意を寄せる異性、好意を寄せ合う男女)」。
物事の様子・状態・趣(おもむき)、、情勢(ジョウセイ)。
日なさ・け、他を思い遣(や)る気持ち、、人情(ニンジョウ)。",情 → JPDB Kanji Freq: 134,漢字の読みを入力してください,Text
__王__子，帝__王__,オウ,"［王］十級
音: オウ 訓: 
意味: 天下を統治する者、またその一族、「三つの横棒はそれぞれ天人地を表しそれらを纏め治める者」の意。
国を治める者、秦代以降は国の統治者を「皇帝」と呼び皇帝によって与えられた領土を治める者を「王」とした。
一族・一類に君臨する者。",王 → JPDB Kanji Freq: 133,漢字の読みを入力してください,Text
"親__王__
天皇の男の子、または孫。",ノウ,"［王］十級
音: オウ 訓: 
意味: 天下を統治する者、またその一族、「三つの横棒はそれぞれ天人地を表しそれらを纏め治める者」の意。
国を治める者、秦代以降は国の統治者を「皇帝」と呼び皇帝によって与えられた領土を治める者を「王」とした。
一族・一類に君臨する者。",王 → JPDB Kanji Freq: 133,漢字の読みを入力してください,Text
__葉__緑素，落__葉__，紅__葉__,ヨウ,"［葉］八級
音: ヨウ 訓: は
意味: 植物の茎や枝から伸び出る薄く平らなもの、主に光を受け成長に必要な養分を合成(光合成コウゴウセイ)する役割を担う。
(葉のように)薄いもの。
紙などのような薄いものを数える語、一葉(イチヨウ)(一枚、頁数では表裏で二頁分に当たる、小舟一艘)」、同「叶」。
時代、頃、「20世紀中葉(20世紀の中頃)」。
簡「叶」。",葉 → JPDB Kanji Freq: 132,漢字の読みを入力してください,Text
__楽__隊，__楽__器，音__楽__,ガク,"［楽］九級
音: ラク／ガク 訓: たの・しい／たの・しむ
意味: 音を奏(かな)でる、音楽(オンガク)。
調和が取れて心地よい、心や体を煩(わずら)わせるものが何もなく安らかで快い、悦(よろこ)ばしい。",楽 → JPDB Kanji Freq: 131,漢字の読みを入力してください,Text
__楽__園，快__楽__，娯__楽__,ラク,"［楽］九級
音: ラク／ガク 訓: たの・しい／たの・しむ
意味: 音を奏(かな)でる、音楽(オンガク)。
調和が取れて心地よい、心や体を煩(わずら)わせるものが何もなく安らかで快い、悦(よろこ)ばしい。",楽 → JPDB Kanji Freq: 131,漢字の読みを入力してください,Text
__決__裂，__決__意，解__決__,ケツ,"［決］八級
音: ケツ／ケチ 訓: き・まる／き・まり／き・まって
意味: 堤(つつみ)などが破(やぶ)れる、また(堤防などが破れて)水が流れ出る。
破る、突き破る。
(妨げとなっている物や事を突き破って、押し退けて)きっぱりと、決断(ケツダン)(すぱっと断ち切る、きっぱりと決める)」、決心(ケッシン)(きっぱりと心を決める)」。
(迷いを振り払って、迷いがないように)はっきりと、、決定(ケッテイ)(はっきりと定める)」、判決(ハンケツ)(どちらが正当なものかを見分けて決める)」。
き・まって、必ず、間違いなく。",決 → JPDB Kanji Freq: 130,漢字の読みを入力してください,Text
__張__力，拡__張__，主__張__,チョウ,"［張］六級
音: チョウ 訓: は・る
意味: 弓や弦楽器の弦ゲン(つる)を弛(たる)まないように掛ける、二点間に糸や網などを渡す。
弛(ゆる)みがないようにぴんと伸ばす、皺(しわ)にならないようにぴんと延(の)ばす。
(弦を張った弓のように)大きく膨(ふく)らむ、大きく延ばす、大きく広げる。
(強く張った弦のように)ぴんとしているさま、動作や状態がまっすぐで揺らぎがないさま。
(弓や琴、網や幕など)ぴんと伸ばした(延ばした)ものを数える語。
二十八宿南方朱雀スザクの一つ{二十八宿}。",張 → JPDB Kanji Freq: 129,漢字の読みを入力してください,Text
__近__所，__近__代，接__近__,キン,"［近］九級
音: キン／ゴン／コン 訓: ちか／ちか・い
意味: 位置・時間・関係・状態などがすぐ傍(そば)にある。
迫(せま)る、すぐ傍まで寄る、また寄せる。
親(ちか)しい、親(した)しい(間柄や関係などが近い)。
似ている(形状や様子などが近い)。
(身近で)分かり易い。",近 → JPDB Kanji Freq: 128,漢字の読みを入力してください,Text
__近衛__，__近衛__府，__近衛__兵,コノエ,"［近］九級
音: キン／ゴン／コン 訓: ちか／ちか・い
意味: 位置・時間・関係・状態などがすぐ傍(そば)にある。
迫(せま)る、すぐ傍まで寄る、また寄せる。
親(ちか)しい、親(した)しい(間柄や関係などが近い)。
似ている(形状や様子などが近い)。
(身近で)分かり易い。","近 → JPDB Kanji Freq: 128
衛 → JPDB Kanji Freq: 675",漢字の読みを入力してください,Text
__勝__敗，優__勝__，名__勝__,ショウ,"［勝］八級
音: ショウ 訓: すぐ・れる／まさ・る／か・つ
意味: 責任や任務によく耐える、また耐えることができる。
克(か)つ、克服する、(困難に耐え)乗り越え成し遂げる。
～を上回る、～より優(すぐ)れる、優れている。
相手を上回る、相手を倒す、逆は「負」。
簡「胜」。",勝 → JPDB Kanji Freq: 127,漢字の読みを入力してください,Text
__夫__妻，農__夫__，凡__夫__,フ,"［夫］七級
音: フ／フウ 訓: おっと／それ
意味: 成年の男子。
おっと、妻の配偶者、妻が配偶者を呼ぶ語。
それ、言い出しの言葉。",夫 → JPDB Kanji Freq: 126,漢字の読みを入力してください,Text
__夫__婦，工__夫__,フウ,"［夫］七級
音: フ／フウ 訓: おっと／それ
意味: 成年の男子。
おっと、妻の配偶者、妻が配偶者を呼ぶ語。
それ、言い出しの言葉。",夫 → JPDB Kanji Freq: 126,漢字の読みを入力してください,Text
__着__用，__着__手，土__着__,チャク,"［着］八級
音: チャク／ジャク 訓: つ・く／つ・ける／き・る／き・せる
意味: 目的や目標としている物事・場所などに届く、また達する、また到る、同「著」。
他のものに付く、同「著」。
き・る、衣服を身に付ける、同「著」。
火や明かりを点(つ)ける、同「著」。",着 → JPDB Kanji Freq: 125,漢字の読みを入力してください,Text
愛__着__，執__着__,"ジャク,チャク","［着］八級
音: チャク／ジャク 訓: つ・く／つ・ける／き・る／き・せる
意味: 目的や目標としている物事・場所などに届く、また達する、また到る、同「著」。
他のものに付く、同「著」。
き・る、衣服を身に付ける、同「著」。
火や明かりを点(つ)ける、同「著」。",着 → JPDB Kanji Freq: 125,漢字の読みを入力してください,Text
__真__打ち，__真__偽，写__真__，純__真__,シン,"［真］八級
音: シン 訓: ま／まこと／まこと・に
意味: 手が加えられていない、本来の、本当の、確かな、嘘(うそ)や偽(いつわ)りがない。
正しい、正当な。",真 → JPDB Kanji Freq: 124,漢字の読みを入力してください,Text
__屋__上，__屋__外，家__屋__,オク,"［屋］八級
音: オク 訓: や
意味: 日差しや雨風を遮(さえぎ)るための覆(おお)い、同「幄」。
建物の上部の日差しや雨風を遮(さえぎ)るための覆い、屋頂(オクテイ・オクチョウ)(屋根)」。
(屋根に覆われた)建物、宿舎、家屋。
建物の中の室シツ(部屋)、、屋子(オクシ)。",屋 → JPDB Kanji Freq: 123,漢字の読みを入力してください,Text
__用__意，使__用__，費__用__,ヨウ,"［用］九級
音: ヨウ／ユウ 訓: もち・いる
意味: 人や物、或いはその特性や能力を使う、また使ってあることを行う、また役立たせる。
働かせる、発揮させる、またそのために必要な特性・能力・金銭など。
以(もっ)て。
日為すべきこと。
日。",用 → JPDB Kanji Freq: 122,漢字の読みを入力してください,Text
__結__論，__結__婚，連__結__,ケツ,"［結］七級
音: ケツ／ケチ 訓: むす・ぶ／ゆ・う／ゆ・わえる
意味: 糸や紐(ひも)・縄(なわ)・綱(つな)などの両端を繋(つな)いで解(ほど)けないようにする。
解けたり緩(ゆる)んだりしないように締(し)める、しっかりと繋ぐ。
締め括(くく)る。
繋いだ部分にできる瘤(こぶ)状のもの(結び目)、固い瘤状のもの、結果(ケッカ)。
しっかりと繋ぎ合わせる、組み合わせる。",結 → JPDB Kanji Freq: 121,漢字の読みを入力してください,Text
__開__始，__開__拓，展__開__,カイ,"［開］八級
音: カイ／ケ 訓: あ・く／あ・ける／ひら・く／ひら・ける／はだ・ける
意味: 啓(ひら)く、閉じられている扉を真ん中から左右に押し除(の)ける。
仕切っているもの(塞ふさいでいるもの、妨さまたげているもの)を取る、開放(カイホウ)。
明け放つ、大きく広げる。
(閉じていた扉が開いて)間が空(あ)く。
(束縛ソクバクを解といて)動かす、動く。
簡「开」。",開 → JPDB Kanji Freq: 120,漢字の読みを入力してください,Text
__神__社，__神__宮，__神__通力,ジン,"［神］八級
音: シン／ジン 訓: かみ／かん／こう
意味: 人の力や理解が及ばない現象を引き起こすと考えられたもの、不思議なはたらきをするもの。
心こころ、魂コン(たましい、思考や感情など)。",神 → JPDB Kanji Freq: 119,漢字の読みを入力してください,Text
__神__聖，__神__経，精__神__,シン,"［神］八級
音: シン／ジン 訓: かみ／かん／こう
意味: 人の力や理解が及ばない現象を引き起こすと考えられたもの、不思議なはたらきをするもの。
心こころ、魂コン(たましい、思考や感情など)。",神 → JPDB Kanji Freq: 119,漢字の読みを入力してください,Text
__確__定，__確__認，正__確__,カク,"［確］六級
音: カク 訓: たし・か
意味: 石のように堅(かた)い、堅くしっかりとしていて揺るぎがない。
間違いない。
簡「确」。",確 → JPDB Kanji Freq: 118,漢字の読みを入力してください,Text
__仕__出かす，__仕__事，出__仕__,シ,"［仕］八級
音: シ／ジ 訓: つか・える
意味: 身分の高い人に付き従う、またその用をする。
官職に就く、またその業務や任務を担い行う。
為(な)す、為(な)すべき事。",仕 → JPDB Kanji Freq: 117,漢字の読みを入力してください,Text
"給__仕__
①食事のせわをする〈こと／人〉。
「お━する」
②もと、店や会社などで、いろいろの用事をした使用人。",ジ,"［仕］八級
音: シ／ジ 訓: つか・える
意味: 身分の高い人に付き従う、またその用をする。
官職に就く、またその業務や任務を担い行う。
為(な)す、為(な)すべき事。",仕 → JPDB Kanji Freq: 117,漢字の読みを入力してください,Text
__相__当，__相__談，真__相__,ソウ,"［相］八級
音: ショウ／ソウ 訓: あい
意味: (対象となるものを)よく見る。
互(たが)いに～(しあう)、互相(ゴソウ)(相互ソウゴ)」。
二つのものの間に起こること、また関係し合うこと、片方から他方へ働き掛ける動作。
姿形(すがたかたち)や様子・有様(ありさま)、、相貌(ソウボウ)。
二つのものの間に立って取り持つ、また助ける、「輔相(ホショウ、補佐すること)」。
官職の長、、丞相(ジョウショウ)(宰相サイショウ、君主を補佐する官吏カンリの最高位)」。",相 → JPDB Kanji Freq: 116,漢字の読みを入力してください,Text
首__相__，宰__相__,ショウ,"［相］八級
音: ショウ／ソウ 訓: あい
意味: (対象となるものを)よく見る。
互(たが)いに～(しあう)、互相(ゴソウ)(相互ソウゴ)」。
二つのものの間に起こること、また関係し合うこと、片方から他方へ働き掛ける動作。
姿形(すがたかたち)や様子・有様(ありさま)、、相貌(ソウボウ)。
二つのものの間に立って取り持つ、また助ける、「輔相(ホショウ、補佐すること)」。
官職の長、、丞相(ジョウショウ)(宰相サイショウ、君主を補佐する官吏カンリの最高位)」。",相 → JPDB Kanji Freq: 116,漢字の読みを入力してください,Text
__口__調，__口__伝，異__口__同音,ク,"［口］十級
音: コウ／ク 訓: くち
意味: 動物の食べたり声を発したりするための器官。
ものが出入りするために空(あ)けた(空いた)ところ、(口のように)全体の内の一部空いたところ。
言葉、言葉を発する、語る。
(一人或いは一頭に一つしかないことから)人や動物を数える語。
くち、くちへん、部首名。",口 → JPDB Kanji Freq: 115,漢字の読みを入力してください,Text
__口__述，人__口__，開__口__,コウ,"［口］十級
音: コウ／ク 訓: くち
意味: 動物の食べたり声を発したりするための器官。
ものが出入りするために空(あ)けた(空いた)ところ、(口のように)全体の内の一部空いたところ。
言葉、言葉を発する、語る。
(一人或いは一頭に一つしかないことから)人や動物を数える語。
くち、くちへん、部首名。",口 → JPDB Kanji Freq: 115,漢字の読みを入力してください,Text
__切__断，親__切__，__切__に,セツ,"［切］九級
音: セツ／セチ／セイ／サイ 訓: き・る／き・れる／き・り
意味: 刃物などですっと断(た)つ、裁(た)つ、割(さ)く。
ぴったりとしたさま、隙(すき)がないさま、親切(シンセツ)。
近くまで迫(せま)る、差し迫る、切近(セッキン)(接近)」。
一切(イッサイ)、全(すべ)て、押し並(な)べて。
漢字の音(オン、読み)の表し方の一つ、、反切(ハンセツ)、「切」は「千結切」で表され、、千(セン)の声母「セ」と結(ケツ・ケチ)の韻母「ツ、チ」を組み合わせて「セツ、セチ」と読む、最後の「切」は「反切」で表していることを示す。",切 → JPDB Kanji Freq: 114,漢字の読みを入力してください,Text
一__切__，合__切__,サイ,"［切］九級
音: セツ／セチ／セイ／サイ 訓: き・る／き・れる／き・り
意味: 刃物などですっと断(た)つ、裁(た)つ、割(さ)く。
ぴったりとしたさま、隙(すき)がないさま、親切(シンセツ)。
近くまで迫(せま)る、差し迫る、切近(セッキン)(接近)」。
一切(イッサイ)、全(すべ)て、押し並(な)べて。
漢字の音(オン、読み)の表し方の一つ、、反切(ハンセツ)、「切」は「千結切」で表され、、千(セン)の声母「セ」と結(ケツ・ケチ)の韻母「ツ、チ」を組み合わせて「セツ、セチ」と読む、最後の「切」は「反切」で表していることを示す。",切 → JPDB Kanji Freq: 114,漢字の読みを入力してください,Text
__面__会，顔__面__，方__面__,メン,"［面］八級
音: ベン／メン 訓: おもて／おも／つら
意味: 顔(かお)、頭の目鼻口がある側。
顔を対象タイショウ(目標や相手)に向ける、また向く。
(顔が)向いている側、向き、向いている方向。
ものの表(おもて)、前(まえ)。
顔の形に似せたもの。
平らな広がり、厚さのない広がり。
麺メン、小麦などを挽(ひ)いて粉末状にしたもの、またその粉に水などを加えて捏(こね)たもの、同「麵」。
繁「麵」。
めん、部首名。",面 → JPDB Kanji Freq: 113,漢字の読みを入力してください,Text
__発__明，__発__射，__発__揚，突__発__,ハツ,"［発］八級
音: ハツ／ホツ／ホチ 訓: た・つ／あば・く
意味: 矢を放つ、外(離れて行く方向)に向かって勢いよく飛び出る。
動いていなかったものが勢いよく動き出す、物事が動き出す、物事が始まる、行動を起こす。
隠れていたものが突然に現れ出る。
隠れていたものが表に現れ出る、現れてぱっと大きく広がる。
広く公(おおやけ)にする。",発 → JPDB Kanji Freq: 112,漢字の読みを入力してください,Text
__発__作，__発__端，__発__起,ホツ,"［発］八級
音: ハツ／ホツ／ホチ 訓: た・つ／あば・く
意味: 矢を放つ、外(離れて行く方向)に向かって勢いよく飛び出る。
動いていなかったものが勢いよく動き出す、物事が動き出す、物事が始まる、行動を起こす。
隠れていたものが突然に現れ出る。
隠れていたものが表に現れ出る、現れてぱっと大きく広がる。
広く公(おおやけ)にする。",発 → JPDB Kanji Freq: 112,漢字の読みを入力してください,Text
__小__心，大__小__，縮__小__,ショウ,"［小］十級
音: ショウ 訓: ちい・さい／お／こ
意味: 形・数・量・力・程度などが比較しようとしているもの以下である、求められる(必要とされる、必要な)形・数・量・力・程度などに及ばない(足りない)、劣(おと)る、細かい、短い、軽い、弱い、少ない、幼い、以上は「大」。
しょう、部首名。",小 → JPDB Kanji Freq: 111,漢字の読みを入力してください,Text
__性__分，相__性__，根__性__,ショウ,"［性］六級
音: セイ／ショウ 訓: さが
意味: 生まれながらに持っている能力・性格・習癖・運命などの無形のもの。
男女・雄雌の別、男女間また雄雌間の本能的な関係。
物事が具えている資質や能力。",性 → JPDB Kanji Freq: 110,漢字の読みを入力してください,Text
__誰__何,スイ,"［誰］二級
音: スイ／ズイ 訓: だれ／たれ
意味: だれ、「だれ？」「何という名の人？」「どのような人？」「どこの人？」などの人の名や素性(スジョウ)を問(と)う疑問代名詞、who。
誰何(スイカ)誰だか分からない人あなたは誰なのかと問う。
「ある人」「～の人」「だれか」などの不特定の人を表す語、someone。",誰 → JPDB Kanji Freq: 109,漢字の読みを入力してください,Text
__性__質，理__性__，男__性__,セイ,"［性］六級
音: セイ／ショウ 訓: さが
意味: 生まれながらに持っている能力・性格・習癖・運命などの無形のもの。
男女・雄雌の別、男女間また雄雌間の本能的な関係。
物事が具えている資質や能力。",性 → JPDB Kanji Freq: 110,漢字の読みを入力してください,Text
__音__楽，発__音__，騒__音__,オン,"［音］十級
音: イン／オン 訓: おと／ね
意味: 聴覚で認識できるものの総称、特に楽器のもの、高低強弱などの抑揚がある音が連続し全体として意味を持つものを「声」。
耳に届いて来るもの、便り。
日漢字の中国伝来の読みを、音(イン・オン)、日本独自の読みを、訓(クン)(おと、ね)」。
おと、おとへん、部首名。",音 → JPDB Kanji Freq: 108,漢字の読みを入力してください,Text
福__音__，母__音__,イン,"［音］十級
音: イン／オン 訓: おと／ね
意味: 聴覚で認識できるものの総称、特に楽器のもの、高低強弱などの抑揚がある音が連続し全体として意味を持つものを「声」。
耳に届いて来るもの、便り。
日漢字の中国伝来の読みを、音(イン・オン)、日本独自の読みを、訓(クン)(おと、ね)」。
おと、おとへん、部首名。",音 → JPDB Kanji Freq: 108,漢字の読みを入力してください,Text
__付__与，交__付__，給__付__,フ,"［付］七級
音: フ 訓: つ・く／つ・ける
意味: 手ずから授(さず)ける、直接手を取って与える、同「仅」。
渡し与える、渡して任せる、委(ゆだ)ねる。
日他のものに加える、また添える、また足す、同「附」。",付 → JPDB Kanji Freq: 107,漢字の読みを入力してください,Text
__強__弱，__強__要，勉__強__,キョウ,"［強］九級
音: キョウ／ゴウ 訓: つよ・い／つよ・まる／つよ・める／し・いる／こわ・い／あなが・ち
意味: 堅(かた)く曲がったり歪(ゆが)んだり弛(ゆる)んだりすることがないさま、どんな力にも揺(ゆら)らがないさま。
力や勢いがあるさま、体力・気力が漲(みなぎ)っているさま。
勤(つと)める、勉(つと)める、力を尽くす、力を出し切る、勉強(ベンキョウ)。
猛々(たけだけ)しい。
力づくで～、無理に～。
あなが・ち、必ずしも。
～に勝(まさ)る。
強䖹(キョウヨウ)、米穀類に棲(す)み付く小さな黒褐色の虫、コクゾウムシ穀象虫の類、同「蚚」蛄䗐(コシ)。",強 → JPDB Kanji Freq: 106,漢字の読みを入力してください,Text
__強__引，__強__情，__強__盗,ゴウ,"［強］九級
音: キョウ／ゴウ 訓: つよ・い／つよ・まる／つよ・める／し・いる／こわ・い／あなが・ち
意味: 堅(かた)く曲がったり歪(ゆが)んだり弛(ゆる)んだりすることがないさま、どんな力にも揺(ゆら)らがないさま。
力や勢いがあるさま、体力・気力が漲(みなぎ)っているさま。
勤(つと)める、勉(つと)める、力を尽くす、力を出し切る、勉強(ベンキョウ)。
猛々(たけだけ)しい。
力づくで～、無理に～。
あなが・ち、必ずしも。
～に勝(まさ)る。
強䖹(キョウヨウ)、米穀類に棲(す)み付く小さな黒褐色の虫、コクゾウムシ穀象虫の類、同「蚚」蛄䗐(コシ)。",強 → JPDB Kanji Freq: 106,漢字の読みを入力してください,Text
__使__役，__使__者，駆__使__,シ,"［使］八級
音: シ 訓: つか・う／つか・い／つか・わす
意味: つか・う、人や家畜を働かせる、道具などを用いる。
つか・い、用事をする。
つか・わす、用事などを伝えるために人を差し向ける。
～に～させる。
もし～、仮に～。",使 → JPDB Kanji Freq: 105,漢字の読みを入力してください,Text
__外__郎，__外__郎売り，__外__郎薬，__外__郎豆,ウイ,"［外］九級
音: ガイ／ゲ／ウイ 訓: そと／ほか／はず・れる／はず・す
意味: そと、範囲・領域・組織や区切り・境界の内(内側、内部)から出たもの、表に出ている(表に面している)もの、見えるところにあるもの、またそのようなところ、逆は「内」。
ほか、他ほか、別のもの、別のところ。
はず・れる、ある一定の範囲に含まれない、基準となるものや本来の位置から逸(そ)れる。
自分の家族以外の親族、外父(ガイフ)(妻の父)」、外家(ガイカ)(母や妻の実家)」。
日はず・す、一部を取る、また除(のぞ)く。",外 → JPDB Kanji Freq: 104,漢字の読みを入力してください,Text
__外__出，海__外__，除__外__,ガイ,"［外］九級
音: ガイ／ゲ／ウイ 訓: そと／ほか／はず・れる／はず・す
意味: そと、範囲・領域・組織や区切り・境界の内(内側、内部)から出たもの、表に出ている(表に面している)もの、見えるところにあるもの、またそのようなところ、逆は「内」。
ほか、他ほか、別のもの、別のところ。
はず・れる、ある一定の範囲に含まれない、基準となるものや本来の位置から逸(そ)れる。
自分の家族以外の親族、外父(ガイフ)(妻の父)」、外家(ガイカ)(母や妻の実家)」。
日はず・す、一部を取る、また除(のぞ)く。",外 → JPDB Kanji Freq: 104,漢字の読みを入力してください,Text
__外__科，__外__題，__外__道,ゲ,"［外］九級
音: ガイ／ゲ／ウイ 訓: そと／ほか／はず・れる／はず・す
意味: そと、範囲・領域・組織や区切り・境界の内(内側、内部)から出たもの、表に出ている(表に面している)もの、見えるところにあるもの、またそのようなところ、逆は「内」。
ほか、他ほか、別のもの、別のところ。
はず・れる、ある一定の範囲に含まれない、基準となるものや本来の位置から逸(そ)れる。
自分の家族以外の親族、外父(ガイフ)(妻の父)」、外家(ガイカ)(母や妻の実家)」。
日はず・す、一部を取る、また除(のぞ)く。",外 → JPDB Kanji Freq: 104,漢字の読みを入力してください,Text
__世__界，__世__間，出__世__,セ,"［世］八級
音: セイ／セ 訓: よ
意味: 地位や家督を継(つ)いでから次の代ダイに引き継ぐまでの期間、同「代」。
家督カトクを継(つ)ぐ。
同様の状態が続く期間、時代、特に三十年間を一区切りとした時代、世代(セイダイ・セダイ)
人などが存在・生活する空間や時間、世界(セカイ)、世間(セケン)",世 → JPDB Kanji Freq: 103,漢字の読みを入力してください,Text
__世__紀，時__世__，処__世__,セイ,"［世］八級
音: セイ／セ 訓: よ
意味: 地位や家督を継(つ)いでから次の代ダイに引き継ぐまでの期間、同「代」。
家督カトクを継(つ)ぐ。
同様の状態が続く期間、時代、特に三十年間を一区切りとした時代、世代(セイダイ・セダイ)
人などが存在・生活する空間や時間、世界(セカイ)、世間(セケン)",世 → JPDB Kanji Freq: 103,漢字の読みを入力してください,Text
__名__字，本__名__，大__名__,ミョウ,"［名］十級
音: メイ／ミョウ 訓: な
意味: 人に付ける呼称、また動物・もの・出来事などを呼んだり指し示したり識別したりするためにその各々に付ける呼称、名称(メイショウ)。
呼称を付ける、命名(メイメイ)。
広く知れ渡っているさま、評判、有名(ユウメイ)、名声(メイセイ)。",名 → JPDB Kanji Freq: 101,漢字の読みを入力してください,Text
__名__誉，氏__名__，有__名__,メイ,"［名］十級
音: メイ／ミョウ 訓: な
意味: 人に付ける呼称、また動物・もの・出来事などを呼んだり指し示したり識別したりするためにその各々に付ける呼称、名称(メイショウ)。
呼称を付ける、命名(メイメイ)。
広く知れ渡っているさま、評判、有名(ユウメイ)、名声(メイセイ)。",名 → JPDB Kanji Freq: 101,漢字の読みを入力してください,Text
__対__立，絶__対__，反__対__,タイ,"［対］八級
音: タイ／ツイ 訓: むか・う
意味: 向かい合う、向き合う。
二つで一組になるもの。
二つを並べ比較する。
問いに答える、依頼や指示に応(こた)える、相手からの働きかけに応(おう)じた結果を返す。",対 → JPDB Kanji Freq: 100,漢字の読みを入力してください,Text
__対__句，一__対__,ツイ,"［対］八級
音: タイ／ツイ 訓: むか・う
意味: 向かい合う、向き合う。
二つで一組になるもの。
二つを並べ比較する。
問いに答える、依頼や指示に応(こた)える、相手からの働きかけに応(おう)じた結果を返す。",対 → JPDB Kanji Freq: 100,漢字の読みを入力してください,Text
"__死__亡，__死__角，必__死__
不__死__身","シ,ジ","［死］八級
音: シ 訓: し・ぬ
意味: 細って尽(つ)きる。
精気セイキがなくなる。
動かなくなる、用を成(な)さなくなる。
命が尽きる、天寿テンジュ(天から授かった寿命)を全(まっと)うすることなく命を失う、天寿を全うしての死を「終」。
命を懸(か)ける、「死を賭トす」の意",死 → JPDB Kanji Freq: 99,漢字の読みを入力してください,Text
__考__慮，思__考__，参__考__,コウ,"［考］九級
音: コウ 訓: かんが・える
意味: 老いているさま、高齢なさま、壽考(ジュコウ)(長生きなさま、長生きな人)」。
亡くなった父親に対する呼称、母親は「妣」、妻は「嬪」、考妣(コウヒ)(両親、亡くなった両親)」。
終(しま)う、これから先はないところまで行き着く
突き詰める、念入りに吟味する、繰り返し探し調べ本質を追い求める。
(能力・適性を見極める)試験、官吏カンリ登用試験。
推敲スイコウする、繰り返し叩(たた)き直(なお)す、また作り上げる。",考 → JPDB Kanji Freq: 98,漢字の読みを入力してください,Text
__好__意，__好__敵手，良__好__,コウ,"［好］七級
音: コウ 訓: この・む／す・く／す・き／よ・い／よしみ
意味: 自分にとって快く受け入れることができること(事・言)やもの(物・者)、その逆が「悪」、好悪(コウオ)。
良い、善(よ)い、心地良い、丁度良い、勝手(かって、都合や利便)が良い、状態が良い、良好(リョウコウ)。
(相手の言動を受け入れ了承・同意の意で)良い、宜(よろ)しい。
容姿が良い、美しい、愛(あい)らしい。
愛する、可愛(かわい)がる、気に入る。
(互いに相手を受け入れて)仲が良い、またそのような関係、友好(ユウコウ)。
中央に孔(あな)のあいた輪状の玉器(璧ヘキ、環(カン)、瑗(エン)など)の孔{礼器(円形)}。",好 → JPDB Kanji Freq: 97,漢字の読みを入力してください,Text
__味__覚，意__味__，興__味__,ミ,"［味］八級
音: ビ／ミ 訓: あじ／あじ・わう／あじ・わい
意味: 舌で感じる、舌の感覚。
五味(ゴミ)、舌の感覚(味)を五つに大別したもの、酸(酸っぱい味)苦(苦い味)辛(辛い味)鹹(塩辛い味)甘(甘い味)。
あじ・わう、(舌で味を)感じ分ける、(味や物事の)程度や加減や具合をみる
あじ・わい、面白さ、面白み",味 → JPDB Kanji Freq: 96,漢字の読みを入力してください,Text
__所__得，住__所__，近__所__,ショ,"［所］八級
音: ソ／ショ 訓: ところ
意味: 処(ところ)、ものがある場また位置(要所・箇所など)、ことをする場また位置(住所・裁判所など)。
～のこと、所感(ショカン)(感じること)」、所存(ショゾン)(ありか、物のある場所。人のいる場所日考え思っていること)」。
～のもの、、所有(ショユウ)(持っているもの)」、所得(ショトク)(得たもの、手に入れたもの)」。
木を伐採する音、その音が発せられている所の意。",所 → JPDB Kanji Freq: 95,漢字の読みを入力してください,Text
__悪__事，__悪__意，醜__悪__,アク,"［悪］八級
音: アク／オ／ウ 訓: わる・い／あし
意味: 良くない、劣る、好ましくない。
憎む、好ましくない(良くない)感情を抱く。
不快な、不吉な。
忌(いま)まわしい、醜(みにく)い、またそのように行い。
道を誤る、道義に反する、またそのように行い。",悪 → JPDB Kanji Freq: 94,漢字の読みを入力してください,Text
__悪__寒，好__悪__，憎__悪__,オ,"［悪］八級
音: アク／オ／ウ 訓: わる・い／あし
意味: 良くない、劣る、好ましくない。
憎む、好ましくない(良くない)感情を抱く。
不快な、不吉な。
忌(いま)まわしい、醜(みにく)い、またそのように行い。
道を誤る、道義に反する、またそのように行い。",悪 → JPDB Kanji Freq: 94,漢字の読みを入力してください,Text
長__男__，美__男__，善__男__善女,ナン,"［男］十級
音: ダン／ナン 訓: おとこ／お
意味: 雄(おす)としての特性を持つ人、女(雌めすとしての特性を持つ人)と対になる性の一方、「田畑で力仕事をする人」の意。
息子(むすこ)。
親に対しての息子の自称(ジショウ、「わたし」「自分」の意)。
爵位シャクイ(上位から「公・侯・伯・子・男」)の第五位。",男 → JPDB Kanji Freq: 93,漢字の読みを入力してください,Text
__男__子，__男__女，__男__性,ダン,"［男］十級
音: ダン／ナン 訓: おとこ／お
意味: 雄(おす)としての特性を持つ人、女(雌めすとしての特性を持つ人)と対になる性の一方、「田畑で力仕事をする人」の意。
息子(むすこ)。
親に対しての息子の自称(ジショウ、「わたし」「自分」の意)。
爵位シャクイ(上位から「公・侯・伯・子・男」)の第五位。",男 → JPDB Kanji Freq: 93,漢字の読みを入力してください,Text
__高__低，__高__級，最__高__,コウ,"［高］九級
音: コウ 訓: たか・い／たか／たか・める／たか・まる
意味: 上下の方向で上の方、標準的・平均的な程度よりも上にある。
幾つかのものを比べた時に上にある、また優(すぐ)れている、また尊(とうと)い。
標準・基準や想定・期待を超えている、また上回っている。
上げる、上に向ける、昂(たかぶ)る。
たかい、部首名。",高 → JPDB Kanji Freq: 92,漢字の読みを入力してください,Text
__不__当，__不__利，__不__賛成,フ,"［不］七級
音: フウ／フ／ブ 訓: 
意味: ～でない、～ない、not、no、否定の語、同「弗」、不可(フカ)(認められない、してはならない)」、不知(フチ)(知らない)」。
否(いな)、いや、いいや、同意できない、認められない、受け入れられない、否定・不同意の言葉、同「否」。
～か？、～ではないだろうか、～であろうか、文末に付いて疑問・反問などを表す語。
然(しか)らずんば、～でなければ～、同「否」。
大きい、大きなさま、同「丕」。",不 → JPDB Kanji Freq: 91,漢字の読みを入力してください,Text
__不__作法，__不__用心,ブ,"［不］七級
音: フウ／フ／ブ 訓: 
意味: ～でない、～ない、not、no、否定の語、同「弗」、不可(フカ)(認められない、してはならない)」、不知(フチ)(知らない)」。
否(いな)、いや、いいや、同意できない、認められない、受け入れられない、否定・不同意の言葉、同「否」。
～か？、～ではないだろうか、～であろうか、文末に付いて疑問・反問などを表す語。
然(しか)らずんば、～でなければ～、同「否」。
大きい、大きなさま、同「丕」。",不 → JPDB Kanji Freq: 91,漢字の読みを入力してください,Text
"__達__する，__達__て，__達__人，調__達__，伝__達__
先__達__て","タツ,ダチ","［達］七級
音: タツ／ダチ／タチ 訓: 
意味: 道が滞(とどこお)ることなく通じる。
目的とするところまで行き着く、また届く。
目標としたことを成し遂げる。
物事の奥深くまで通じる、また理解する。
日だち、たち、同類の複数の人。
簡「达」。",達 → JPDB Kanji Freq: 90,漢字の読みを入力してください,Text
__向__上，傾__向__，趣__向__,コウ,"［向］八級
音: キョウ／コウ 訓: む・かう／む・く／むき
意味: 窓、北側に面した窓、同「郷」、「丿冂」は「宀」で「屋根のある建物」、「口」は「壁などに空いた窓」の意。
目的とするところを目指して行く、基点となるところから遠ざかる方向に進む、同「嚮」「曏」。
面する、相対アイタイする、同「嚮」「郷」、反対向きになるのは「背」。
方角、方位。
以前、現在よりも前、同「曏」。
繁「曏」。",向 → JPDB Kanji Freq: 89,漢字の読みを入力してください,Text
__月__曜，明__月__，歳__月__,ゲツ,"［月］十級
音: ゲツ／ゴチ／ガツ 訓: つき
意味: 地球の衛星の名、太陰タイイン、「日」を「太陽」というのに対して月を「太陰」という。
一年をほぼ十二等分した期間、新月(月が見えなくなる日)から次の新月までの期間。
七曜の一つ。
十二章紋の一つ{服飾(十二章紋)}。
つきへん、部首名。",月 → JPDB Kanji Freq: 88,漢字の読みを入力してください,Text
正__月__，九__月__,ガツ,"［月］十級
音: ゲツ／ゴチ／ガツ 訓: つき
意味: 地球の衛星の名、太陰タイイン、「日」を「太陽」というのに対して月を「太陰」という。
一年をほぼ十二等分した期間、新月(月が見えなくなる日)から次の新月までの期間。
七曜の一つ。
十二章紋の一つ{服飾(十二章紋)}。
つきへん、部首名。",月 → JPDB Kanji Freq: 88,漢字の読みを入力してください,Text
__的__中，目__的__，科学__的__,テキ,"［的］七級
音: テキ／チャク 訓: まと
意味: 弓で矢を射(い)る時の目標とするもの、同「㢩」「墑」。
額(ひたい)の部分だけが白い馬、またその額の白い部分、女性が額に施(ほどこ)す(赤い点状の)装飾。
(弓の的の中央は目立つように白くしてあることから)明らか(な)、はっきりと見える、はっきりしている、よく目立つ、同「旳」「𤾠」。
狙(ねら)ったところに当たる、当てる。
～の～、我的(ウォダ)(わたしの～)」、～のような～、、似的(シィダ)(～のような～、～らしい～)」、～な～、、別的(ビィェダ)(～とは別な～)」。",的 → JPDB Kanji Freq: 87,漢字の読みを入力してください,Text
__二__番目，__二__分，十__二__月,ニ,"［二］十級
音: ジ／ニ 訓: ふた／ふた・つ
意味: 数の名、(数の)一イチの次の数{数字}。
(二つに)分ける、分けて別々にする、対ツイ(二つで一組になるもの)になる。
に、部首名。",二 → JPDB Kanji Freq: 86,漢字の読みを入力してください,Text
__身__体，単__身__，等__身__大,シン,"［身］八級
音: シン 訓: み
意味: (頭部を除いた)体(からだ)、躯体クタイ、同「躯」「躬」。
中に含まれているもの、また入っているもの、本体。
人の一生、命(いのち)。
吾(われ)、我(わ)が、自分ジブン、自(みずか)ら、同「躬」。
子を孕(はら)む、懐胎カイタイする。
身毒(シンドク・イェンドゥ)、インドIndia、天竺(テンジク)の古称。
み、みへん、部首名。",身 → JPDB Kanji Freq: 85,漢字の読みを入力してください,Text
__実__力，充__実__，__実__に,ジツ,"［実］八級
音: シツ／ジﾞチ／ジツ 訓: み／みの・る／まこと・に／げ・に
意味: 蓄(たくわ)えが家に満ちているさま。
隙間なく詰まって虚(うつ)ろなところがないさま。
ぎっしりと詰まった中身、草木などの稔(みの)って中がぎっしりと詰まったもの。
まこと・に、げ・に、誠に、本当に、仮定や想像や虚偽などではないことを強調する言葉。",実 → JPDB Kanji Freq: 84,漢字の読みを入力してください,Text
__待__機，__待__遇，期__待__,タイ,"［待］八級
音: タイ／ダイ 訓: ま・つ
意味: その人・時間・機会などが来るまで(その状態になるまで)その場に止(とど)まる、同「𥩳」。
持て成す(もてなす)、準備を整えて応接する、心を尽くして応対する。
不待(フタイ)、待たない、待つまでもない、～するまでもない。",待 → JPDB Kanji Freq: 83,漢字の読みを入力してください,Text
__明__日，光__明__，灯__明__,ミョウ,"［明］九級
音: メイ／ミョウ／ミン 訓: あか・るい／あ・ける／あか・るむ／あ・かす／あ・かり／あか／あき・らか
意味: (太陽や月の)光が差す、光が当たる、光を当てる。
光が当たってはっきりと見える(分かる)、誰の目にもはっきりとしている、はっきりとさせる。
隠されたところ(陰になるところ)がない、濁りや汚(けが)れがない、隠すところ(人の目に触れさせたくないところ)がない。
新しく(次の)一日・一月・一年が始まる。
王朝名、1368年～1644年{明代}。",明 → JPDB Kanji Freq: 82,漢字の読みを入力してください,Text
__明__暗，説__明__，克__明__，鮮__明__,メイ,"［明］九級
音: メイ／ミョウ／ミン 訓: あか・るい／あ・ける／あか・るむ／あ・かす／あ・かり／あか／あき・らか
意味: (太陽や月の)光が差す、光が当たる、光を当てる。
光が当たってはっきりと見える(分かる)、誰の目にもはっきりとしている、はっきりとさせる。
隠されたところ(陰になるところ)がない、濁りや汚(けが)れがない、隠すところ(人の目に触れさせたくないところ)がない。
新しく(次の)一日・一月・一年が始まる。
王朝名、1368年～1644年{明代}。",明 → JPDB Kanji Freq: 82,漢字の読みを入力してください,Text
__国__際，__国__家，外__国__,コク,"［国］九級
音: コク 訓: くに
意味: 主権者の支配が及ぶ範囲、土地や人や政治体制などを含む概念で古くは君主から与えられた領地、「王(権力者)の勢力が及ぶ範囲(囗)」の意。",国 → JPDB Kanji Freq: 81,漢字の読みを入力してください,Text
__違__反，__違__法，相__違__,イ,"［違］四級
音: イ 訓: ちが・う／ちが・える／たが・う／たが・える
意味: 背(せ)を向ける、背を向け去る、背(そむ)く。
あるべき形や様子と異なる、また反している、また合っていない。
守るべきものを守らない、従(したが)わない。",違 → JPDB Kanji Freq: 80,漢字の読みを入力してください,Text
__作__業，__作__用，動__作__,サ,"［作］九級
音: サ／サク 訓: つく・る／な・す
意味: 働(はたらく)く、力や手を加える、為(な)す、作業(サギョウ)、作為(サクイ)。
力や手を加えることによって物事や状態を変化させる、また他に影響を与える、、作用(サヨウ)。
力や手を加えたり頭を使ったりして目的の状態にする、また目的のものに仕上げる、、作成(サクセイ)、創作(ソウサク)。
力や手を加えたり頭を使ったりすることによって出来上がったもの、、作品(サクヒン)。
物事が起きる、興(おこ)る、生じる、、発作(ホッサ)。
起き上がる、立ち上がる。",作 → JPDB Kanji Freq: 79,漢字の読みを入力してください,Text
__作__為，著__作__，豊__作__,サク,"［作］九級
音: サ／サク 訓: つく・る／な・す
意味: 働(はたらく)く、力や手を加える、為(な)す、作業(サギョウ)、作為(サクイ)。
力や手を加えることによって物事や状態を変化させる、また他に影響を与える、、作用(サヨウ)。
力や手を加えたり頭を使ったりして目的の状態にする、また目的のものに仕上げる、、作成(サクセイ)、創作(ソウサク)。
力や手を加えたり頭を使ったりすることによって出来上がったもの、、作品(サクヒン)。
物事が起きる、興(おこ)る、生じる、、発作(ホッサ)。
起き上がる、立ち上がる。",作 → JPDB Kanji Freq: 79,漢字の読みを入力してください,Text
"__通__行，__通__読，普__通__
融__通__","ツウ,ズウ","［通］九級
音: トウ／ツウ 訓: とお・る／かよ・う
意味: 途中に障害となるようなものがなく反対側・向こう側・相手方・目的地まで達する、また達している。
支障なく行き来ができる、また行き来する、また行き来ができるようにする。
(道路や手紙など)行き来するものの数を数える語、四通(シツウ)(四方に通じる、四方に達する)」。
こちらと向こうが同じである、また繋(つな)がっている。
向こうまで届く、また達する、また伝わる、また知らせる。
詳(くわ)しい、よく知っている、事情に明るい。
一般的な。",通 → JPDB Kanji Freq: 78,漢字の読みを入力してください,Text
__通__夜,ツ,"［通］九級
音: トウ／ツウ 訓: とお・る／かよ・う
意味: 途中に障害となるようなものがなく反対側・向こう側・相手方・目的地まで達する、また達している。
支障なく行き来ができる、また行き来する、また行き来ができるようにする。
(道路や手紙など)行き来するものの数を数える語、四通(シツウ)(四方に通じる、四方に達する)」。
こちらと向こうが同じである、また繋(つな)がっている。
向こうまで届く、また達する、また伝わる、また知らせる。
詳(くわ)しい、よく知っている、事情に明るい。
一般的な。",通 → JPDB Kanji Freq: 78,漢字の読みを入力してください,Text
__声__楽，__声__援，名__声__,セイ,"［声］九級
音: セイ／ショウ 訓: こえ／こわ
意味: 磬ケイ(石また玉製の打楽器)、またその音。
人や動物が口から発する音、一般には高低強弱などの抑揚がある音が連続し全体として意味を持つものを指す、意味をなさないものを「音」。
音を出して意思を伝える。
耳に届いて来る評判。
漢字の読みの最初の子音、声母(セイボ)、頭子音(トウシイン)、「聲」の読みshēngのsh。",声 → JPDB Kanji Freq: 77,漢字の読みを入力してください,Text
大音__声__,ショウ,"［声］九級
音: セイ／ショウ 訓: こえ／こわ
意味: 磬ケイ(石また玉製の打楽器)、またその音。
人や動物が口から発する音、一般には高低強弱などの抑揚がある音が連続し全体として意味を持つものを指す、意味をなさないものを「音」。
音を出して意思を伝える。
耳に届いて来る評判。
漢字の読みの最初の子音、声母(セイボ)、頭子音(トウシイン)、「聲」の読みshēngのsh。",声 → JPDB Kanji Freq: 77,漢字の読みを入力してください,Text
__家__屋，__家__庭，作__家__，隠れ__家__,カ,"［家］九級
音: カ／ケ 訓: いえ／うち／や
意味: 屋根(「宀」)があり四周が戸や壁で遮(さえぎ)られている建物、豕(いのこ、ブタ豚)などの大切な家畜を飼(か)う建物。
同じ屋根の下で親子や一族が共に生活する、人が住む、またその建物。
一族が生活するところ、国家(コッカ)。
同じ屋根(同じ流派)の下で学問・技術・芸術などを共に学び究(きわ)める、またその人達。",家 → JPDB Kanji Freq: 76,漢字の読みを入力してください,Text
__家__来，本__家__，分__家__,ケ,"［家］九級
音: カ／ケ 訓: いえ／うち／や
意味: 屋根(「宀」)があり四周が戸や壁で遮(さえぎ)られている建物、豕(いのこ、ブタ豚)などの大切な家畜を飼(か)う建物。
同じ屋根の下で親子や一族が共に生活する、人が住む、またその建物。
一族が生活するところ、国家(コッカ)。
同じ屋根(同じ流派)の下で学問・技術・芸術などを共に学び究(きわ)める、またその人達。",家 → JPDB Kanji Freq: 76,漢字の読みを入力してください,Text
__顔__面，童__顔__，厚__顔__,ガン,"［顔］九級
音: ガン／ゲン 訓: かお／かんばせ
意味: 額ひたい。
頭の前面、前に向いている面、またその容貌や表情。
様子、情景、彩(あや)、彩(いろど)り。",顔 → JPDB Kanji Freq: 75,漢字の読みを入力してください,Text
唐__変__木，__変__化，異__変__，大__変__,ヘン,"［変］七級
音: ヘン 訓: か・える／か・わる
意味: これまでとは違ったものになる、また改まる、これまでとは違ったものにする、また改める、まだ元の様子が分かる程度の変化・全体の中の一部だけの変化を指し、全く別のものに変化するのは「化」。
これまでと違う、いつもと違う、おかしい、またその状態、またそのような出来事。",変 → JPDB Kanji Freq: 74,漢字の読みを入力してください,Text
__食__事，__食__料，会__食__,ショク,"［食］九級
音: ショク／ジキ／シ／ジ／イ 訓: た・べる／く・う／く・らう／は・む
意味: (固形の食べ物を)口の中でよく噛んで胃に入れる、よく噛んで胃に入れるもの、噛まずに胃に入れるのは「飲」。
(生きていくために必要な食べ物を得るための)俸禄(ホウロク、労働などの対価として支払われる金銭や食料など)。
(虫が葉を食うように)侵(おか)されていく、少しずつ欠けていく、同「蝕」。
齧(かじ)ったように弓形に欠ける、「日食」「月食」。
飯など(食べ物)を与える、飯など(食べ物)を与えて養う、同「飼」。
しょく、部首名。",食 → JPDB Kanji Freq: 73,漢字の読みを入力してください,Text
断__食__，餌__食__,ジキ,"［食］九級
音: ショク／ジキ／シ／ジ／イ 訓: た・べる／く・う／く・らう／は・む
意味: (固形の食べ物を)口の中でよく噛んで胃に入れる、よく噛んで胃に入れるもの、噛まずに胃に入れるのは「飲」。
(生きていくために必要な食べ物を得るための)俸禄(ホウロク、労働などの対価として支払われる金銭や食料など)。
(虫が葉を食うように)侵(おか)されていく、少しずつ欠けていく、同「蝕」。
齧(かじ)ったように弓形に欠ける、「日食」「月食」。
飯など(食べ物)を与える、飯など(食べ物)を与えて養う、同「飼」。
しょく、部首名。",食 → JPDB Kanji Freq: 73,漢字の読みを入力してください,Text
__学__習，科__学__，大__学__,ガク,"［学］十級
音: カク／ガク 訓: まな・ぶ
意味: (教えを受けながら、見て倣いながら)知識や技術などを身に付ける、習得する、またその内容、知識や技術などを授(さず)けることを「教」。
教えを受け知識や技術などを習得するために設けられた場所。
知識や技術などを習得した人、また習得しようと修練している人。",学 → JPDB Kanji Freq: 72,漢字の読みを入力してください,Text
__地__鳴り，__地__酒，__地__面，__地__震，__地__元,ジ,"［地］九級
音: チ／ジ 訓: つち
意味: 重い陰気が(下に沈み)集まるところ、万物が居並ぶ(存在する)ところ、軽い陽気が(上に浮き)集まるところを、天(テン)。
(「天」に対する語で)下にあるもの、足元に広がっているところ、天に覆(おお)われているところ
ものを下から支えているもの、ものの拠(よ)りどころになるもの、またそのような場所
海や川などの水がある所を除いた部分、土が露(あら)わになっているところ(水に覆われていないところ)、陸。",地 → JPDB Kanji Freq: 71,漢字の読みを入力してください,Text
土__地__勘，__地__下，天__地__，境__地__,チ,"［地］九級
音: チ／ジ 訓: つち
意味: 重い陰気が(下に沈み)集まるところ、万物が居並ぶ(存在する)ところ、軽い陽気が(上に浮き)集まるところを、天(テン)。
(「天」に対する語で)下にあるもの、足元に広がっているところ、天に覆(おお)われているところ
ものを下から支えているもの、ものの拠(よ)りどころになるもの、またそのような場所
海や川などの水がある所を除いた部分、土が露(あら)わになっているところ(水に覆われていないところ)、陸。",地 → JPDB Kanji Freq: 71,漢字の読みを入力してください,Text
__取__捨，__取__材，聴__取__,シュ,"［取］八級
音: シュ／ス 訓: と・る
意味: 捕(つか)まえる、捕(と)らえる、縄(なわ)を掛ける。
手に入れる、手の中に収(おさ)める、手で受ける。
(多くの中から一部を、或いは一つを)選ぶ、選択する。
娶(めと)る、嫁(よめ)を貰(もら)う、同「娶」。",取 → JPDB Kanji Freq: 70,漢字の読みを入力してください,Text
__少__年，多__少__，減__少__,ショウ,"［少］九級
音: ショウ 訓: すく・ない／すこ・し
意味: 数や度量ドリョウ(ものの多少・軽重・長短・高低・深浅・強弱など)が、あるべき(必要とする)数や度量より小さい、またそれに足りない、またそれに及ばない、同「寡」、多いのは「多」。
幼い、若い。
ちょっと、僅(わず)か。",少 → JPDB Kanji Freq: 69,漢字の読みを入力してください,Text
__立__案，起__立__，独__立__,リツ,"［立］十級
音: リュウ／リツ 訓: た・つ
意味: 地チ(地面、土台、基盤)に足を着け垂直にする、また垂直になる、地から上に向かって伸ばす、また伸びる。
しっかりとした土台を築いてその上にものを作り上げて行く、また積み上げて行く、また建てる。
しっかりとした土台の上に身を置く、また居(い)る。
直(ただ)ちに、すぐさま。
たつ、たつへん、部首名。",立 → JPDB Kanji Freq: 68,漢字の読みを入力してください,Text
__回__答，転__回__，次__回__,カイ,"［回］九級
音: カイ／エ 訓: まわ・る／まわ・す／まわ・り／かえ・る／かえ・す／めぐ・る
意味: 円を描(えが)くように動く、一周して(一巡して)元に戻る、同「廻」「迴」、回復(カイフク)、回帰(カイキ)。
元に戻す、元に返す、、回答(カイトウ)。
(首を回して)振り返る、、回顧(カイコ)。
周りを囲(かこ)む。
背(せ)を向ける、背(そむ)く、違(たが)える、同「違」。
同じことが繰り返される物事の数、同「度」。",回 → JPDB Kanji Freq: 67,漢字の読みを入力してください,Text
"__回__向
〘仏〙死んだ人の幸福をいのること。追善。",エ,"［回］九級
音: カイ／エ 訓: まわ・る／まわ・す／まわ・り／かえ・る／かえ・す／めぐ・る
意味: 円を描(えが)くように動く、一周して(一巡して)元に戻る、同「廻」「迴」、回復(カイフク)、回帰(カイキ)。
元に戻す、元に返す、、回答(カイトウ)。
(首を回して)振り返る、、回顧(カイコ)。
周りを囲(かこ)む。
背(せ)を向ける、背(そむ)く、違(たが)える、同「違」。
同じことが繰り返される物事の数、同「度」。",回 → JPDB Kanji Freq: 67,漢字の読みを入力してください,Text
__戦__争，苦__戦__，論__戦__,セン,"［戦］七級
音: セン 訓: いくさ／たたか・う／おのの・く／そよ・ぐ
意味: 戈(ほこ)などの武器を持って闘(たたか)う、争(あらそ)う。
勝負・優劣を競(きそ)い合う。
懼(おそ)れる、恐れでびくびくする、戦慄(センリツ)(恐怖で体を震わすさま)」。
日そよ・ぐ、風に吹かれ震(ふる)えるような音を立てて揺れ動く。",戦 → JPDB Kanji Freq: 66,漢字の読みを入力してください,Text
__僕__，公__僕__,ボク,"［僕］凖二級
音: ホク／ボク 訓: しもべ
意味: 個人の家に仕(つか)え主(あるじ)の身の回りの世話をする男子、召し使い、同簡「仆」、君主などの大身に仕える者は「臣」。
他の家に仕え馬を御する者、御車ギョシャ(馭者)。
(男性が自らを卑下して)私、我(われ)。",僕 → JPDB Kanji Freq: 65,漢字の読みを入力してください,Text
__意__に介さない，__意__見，__意__味，決__意__,イ,"［意］八級
音: イ 訓: 
意味: 心の中にあって外(言葉や態度・行動など)には出さない思いや考え、心の動きや働き、気持ち。
物事の内にあって表には現れ出ないもの、内に込められているもの。",意 → JPDB Kanji Freq: 64,漢字の読みを入力してください,Text
__同__情，異__同__，混__同__,ドウ,"［同］九級
音: トウ／ズウ／ドウ 訓: おな・じ
意味: 一所(ひとところ)に人が集まる、一緒になる。
意見や行動などを共にする。
一様なさま、揃っているさま。
～と等しい、～と共に。
胡同(コドウ)、町中を縦横に走る道、町中の小路(こみち)、同「衚衕」、同繁「衕」。",同 → JPDB Kanji Freq: 63,漢字の読みを入力してください,Text
__君__主，__君__臨，諸__君__,クン,"［君］八級
音: クン 訓: きみ
意味: 大きな領土を有し多くの人民を統治する人、天子。
国王から諸国の領有を認められた者、国を領有している者、国主コクシュ。
きみ、あなたyou、人を尊(とうと)び敬(うやま)って呼ぶ(指す)語。",君 → JPDB Kanji Freq: 62,漢字の読みを入力してください,Text
__長__女，__長__所，成__長__,チョウ,"［長］九級
音: チョウ／ジョウ 訓: なが・い／た・ける／たけ／おさ
意味: 距離や時間などが途切れることなく連なっている、離れたところまでずぅっと続いている、途切れなく続いているものの二点(両端)が大きく隔(へだ)たっている、またその程度・大きさ。
(長い)年や時間が経(た)つ、(長い年や時間が経って)伸びる、大きくなる。
(長い)年を経(へ)ている、年を経て身の丈(たけ)が大きくなる。
最も年上の人、年を経て経験や知識が豊かな人、家族・集団・組織の最も上位の人・頭(かしら)。
優(すぐ)れる、最も優れている人。",長 → JPDB Kanji Freq: 61,漢字の読みを入力してください,Text
__魔__法，悪__魔__，邪__魔__,マ,"［魔］三級
音: バ／マ 訓: 
意味: 心を乱し惑わせ、悟りを開くための修行を妨(さまた)げようとする悪神、魔羅(マラ)(Māra梵の音写)」。
人の心に入り込み、道から外(はず)れるように誘い仕向けるもの。
人の心を惑い迷わせる怪(あや)しげなもの。",魔 → JPDB Kanji Freq: 60,漢字の読みを入力してください,Text
満__場__一致，__場__内，会__場__，入__場__,ジョウ,"［場］九級
音: チョウ／ジョウ 訓: ば
意味: (日当たりのよい、収穫した穀物の乾燥・脱穀などをする、また多くの人やものが集まる)広く平らなところ、「広場」、同「塲」。
一段と高くし上を平らに作ったところ、台状になっているところ、壇場(ダンジョウ)。
祭事や行事が行われるところ、人が集まるところ、同「㙊」、「会場」「市場」。
ところ、所、「場所」。
アリ蟻やモグラ土竜などが作った土盛り、同「𤳈」。",場 → JPDB Kanji Freq: 59,漢字の読みを入力してください,Text
新__聞__，風__聞__，見__聞__,ブン,"［聞］九級
音: ブン／モン 訓: き・く／き・こえる
意味: (声や音や噂うわさや知らせなどが)耳に届く、耳に伝わってくる。
声や音を耳で認識する(感じる)、またそれによって知る
問(と)う、訊(たず)ねる
(耳に届いて来る)評判、名声。
匂い(臭い)を嗅(か)ぐ。",聞 → JPDB Kanji Freq: 58,漢字の読みを入力してください,Text
聴__聞__，前代未__聞__,モン,"［聞］九級
音: ブン／モン 訓: き・く／き・こえる
意味: (声や音や噂うわさや知らせなどが)耳に届く、耳に伝わってくる。
声や音を耳で認識する(感じる)、またそれによって知る
問(と)う、訊(たず)ねる
(耳に届いて来る)評判、名声。
匂い(臭い)を嗅(か)ぐ。",聞 → JPDB Kanji Freq: 58,漢字の読みを入力してください,Text
__理__科，__理__由，整__理__,リ,"［理］九級
音: リ 訓: ことわり
意味: 玉ギョク(美しく高貴な石)の筋目(すじめ)、規則正しく並んだ筋目。
物事の正しい筋道。
筋道を立てる、また立っている、筋を通す、また通っている。
筋道に沿って判断する、また治める。",理 → JPDB Kanji Freq: 57,漢字の読みを入力してください,Text
__物__質，人__物__，動__物__,ブツ,"［物］八級
音: ブツ／モツ／モチ 訓: もの
意味: (天地の間に存在する)人以外の形のあるもの、人は「者」、形のないものは「事」。",物 → JPDB Kanji Freq: 56,漢字の読みを入力してください,Text
食__物__，進__物__，禁__物__,モツ,"［物］八級
音: ブツ／モツ／モチ 訓: もの
意味: (天地の間に存在する)人以外の形のあるもの、人は「者」、形のないものは「事」。",物 → JPDB Kanji Freq: 56,漢字の読みを入力してください,Text
__心__身，感__心__，中__心__,シン,"［心］九級
音: シン 訓: こころ
意味: 血液を循環させる働きをする臓器で五臓(心シン、肝(カン)、脾(ヒ)肺(ハイ)、腎(ジン))の一つ{人体(内臓)}。
ものの真(ま)ん中、真ん中(中心)にあるもの、ものの重要な部分、ものの本質。
考えや思い、魂(たましい)、精神(セイシンシ)。
二十八宿東方青龍セイリュウの一つ{二十八宿}。
こころ、部首名{筆順(心)}。",心 → JPDB Kanji Freq: 55,漢字の読みを入力してください,Text
__最__大，__最__近，__最__先端,サイ,"［最］七級
音: サイ 訓: もっと・も
意味: もっと・も、比べるものの中で一番の、第一の、極めて。
多くの(幾つかの)ものの中で先頭であるさま、一番優れているさま。
多くのものが同じところに集まる、また集める、同「冣」「撮」。",最 → JPDB Kanji Freq: 54,漢字の読みを入力してください,Text
陽__動__，__動__物，活__動__，騒__動__,ドウ,"［動］八級
音: トウ／ズウ／ドウ 訓: うご・く／やや・もすれば
意味: 位置・姿勢・感情・状態・事情などが変わる、また変える、また変わり始める、「動作」「行動」「感動」。
やや・もすれば、どうかすると(～になる、～になりやすい)。",動 → JPDB Kanji Freq: 53,漢字の読みを入力してください,Text
__感__じる，__感__心，__感__覚，直__感__,カン,"［感］八級
音: カン／コン 訓: 
意味: 外部から受けた刺激を知覚する。
外部からの刺激を受けて心や体が反応する、また動く。",感 → JPDB Kanji Freq: 52,漢字の読みを入力してください,Text
__彼__我，__彼__岸,ヒ,"［彼］四級
音: ヒ 訓: かの／かれ
意味: あの、あれ、that、近くにないものを指す語、近くのものを指す語は、此(シ)(この、これ)」。
あちらの、向こうの、、彼此(ヒシ)(あれとこれ、あちらとこちら)」。",彼 → JPDB Kanji Freq: 51,漢字の読みを入力してください,Text
__度__胸，制__度__，限__度__,ド,"［度］八級
音: ト／ド／タク／ダク 訓: はか・る／たく／たび／わた・る
意味: 長さを測(はか)る際に基準となる物差し(ものさし)、またその目盛(めもり)、度量(ドリョウ)(長さと容量、人の言動をどの程度容認できるかの大きさ)」、法度(ハット)(法律や制度、基準となる物差しを定めたもの)」。
物差し(ものさし)の目盛のどこに相当するかで、ものの長さ(や角度)を測る。
物事の全体の中で、どの位置にあるか(当たるか、相当するか)をはかる。
推察スイサツする、推(お)し量る、、忖度(ソンタク)。
(目盛のように)同じことが繰り返される物事の回数。
渡(わた)る、過ぎて行く。
仏渡る、此岸シガン(境目のこちら側、生と死を繰り返す世界、現世)から彼岸ヒガン(境目の向こう側、生と死を超越した世界、涅槃ネハン)に渡る。",度 → JPDB Kanji Freq: 50,漢字の読みを入力してください,Text
"支__度__，身支__度__
①準備。用意。
「食事の（お）━・おふろを━する・冬━」",タク,"［度］八級
音: ト／ド／タク／ダク 訓: はか・る／たく／たび／わた・る
意味: 長さを測(はか)る際に基準となる物差し(ものさし)、またその目盛(めもり)、度量(ドリョウ)(長さと容量、人の言動をどの程度容認できるかの大きさ)」、法度(ハット)(法律や制度、基準となる物差しを定めたもの)」。
物差し(ものさし)の目盛のどこに相当するかで、ものの長さ(や角度)を測る。
物事の全体の中で、どの位置にあるか(当たるか、相当するか)をはかる。
推察スイサツする、推(お)し量る、、忖度(ソンタク)。
(目盛のように)同じことが繰り返される物事の回数。
渡(わた)る、過ぎて行く。
仏渡る、此岸シガン(境目のこちら側、生と死を繰り返す世界、現世)から彼岸ヒガン(境目の向こう側、生と死を超越した世界、涅槃ネハン)に渡る。",度 → JPDB Kanji Freq: 50,漢字の読みを入力してください,Text
__持__参，__持__続，支__持__,ジ,"［持］八級
音: チ／ジ 訓: も・つ
意味: ぐっと握(にぎ)る、しっかりと掴(つか)む。
しっかりと守る、そのままの状態を保つ、持久(ジキュウ)(長く保ち続ける)」。
しっかりと支える、、支持(シジ)。
、矜持(キョウジ)堅(かた)く守る自重ジチョウする自分の力(能力や才能など)を誇(ほこ)る、自負する、自惚(うぬぼ)れる、同「矜恃」。",持 → JPDB Kanji Freq: 49,漢字の読みを入力してください,Text
__無__事，__無__礼，__無__愛想,ブ,"［無］七級
音: ブ／ム 訓: な・い
意味: ない、存在しない、有(ゆう)していない。
～ではない、～であってはならない。
簡「无」。",無 → JPDB Kanji Freq: 48,漢字の読みを入力してください,Text
__無__名，__無__理，皆__無__,ム,"［無］七級
音: ブ／ム 訓: な・い
意味: ない、存在しない、有(ゆう)していない。
～ではない、～であってはならない。
簡「无」。",無 → JPDB Kanji Freq: 48,漢字の読みを入力してください,Text
__知__識，__知__人，通__知__,チ,"［知］九級
音: チ 訓: し・る
意味: (矢のように素早く、矢が的の中央に当たるように的確に)認識する、見定める、察知(サッチ)、知識(チシキ)、「智」は「見知ったことを理解しその正邪を正しく判断すること」。
相手を深く理解し親しく交わる、、知己(チキ)(自分のことを良く知り理解してくれる人、親友、理解者)」。
司(つかさど)る、主管する、、知事(チジ)(物事を良く知る人、物事を良く知り司る人、地方行政府の長)」。",知 → JPDB Kanji Freq: 47,漢字の読みを入力してください,Text
__全__部，__全__国，完__全__,ゼン,"［全］八級
音: セン／ゼン 訓: すべ・て／まった・く／まっと・う
意味: すべ・て、欠点・瑕疵や不備・不足がない、余すところがない。
まった・く、まっと・う、余すところなく、漏れなく、残らず、すっかり。",全 → JPDB Kanji Freq: 46,漢字の読みを入力してください,Text
__下__流，__下__降，落__下__,カ,"［下］十級
音: カ／ゲ 訓: お・りる／くだ・る／さ・がる／した／しも／もと
意味: 位置・場所・地位などが低い、低い方にある。
低い方に移る、降りる、落ちる。
順序・時間などが後(あと)、後の方にある。
後の方に移る、後(うし)ろの方へ退く。
等級・品質などが低い、劣っている。
支配・管理されている状態にある、天下(テンカ)、配下(ハイカ)。
他からの影響・教授を受ける位置にいる、、門下(モンカ)。",下 → JPDB Kanji Freq: 45,漢字の読みを入力してください,Text
__下__水，__下__車，上__下__,ゲ,"［下］十級
音: カ／ゲ 訓: お・りる／くだ・る／さ・がる／した／しも／もと
意味: 位置・場所・地位などが低い、低い方にある。
低い方に移る、降りる、落ちる。
順序・時間などが後(あと)、後の方にある。
後の方に移る、後(うし)ろの方へ退く。
等級・品質などが低い、劣っている。
支配・管理されている状態にある、天下(テンカ)、配下(ハイカ)。
他からの影響・教授を受ける位置にいる、、門下(モンカ)。",下 → JPDB Kanji Freq: 45,漢字の読みを入力してください,Text
__後__刻，前__後__，午__後__,ゴ,"［後］九級
音: コウ／グ／ゴ 訓: のち／うしろ／あと／おく・れる
意味: 位置的には背の方向、時間的には未来の方向、順位・順序では下位の方向、逆は「前」「先」。
遅れる、遅れて来る。
家を継ぐ子、子孫。
簡「后」。",後 → JPDB Kanji Freq: 44,漢字の読みを入力してください,Text
__後__続，__後__悔，__後__輩,コウ,"［後］九級
音: コウ／グ／ゴ 訓: のち／うしろ／あと／おく・れる
意味: 位置的には背の方向、時間的には未来の方向、順位・順序では下位の方向、逆は「前」「先」。
遅れる、遅れて来る。
家を継ぐ子、子孫。
簡「后」。",後 → JPDB Kanji Freq: 44,漢字の読みを入力してください,Text
__部__分，全__部__，本__部__,ブ,"［部］八級
音: ホ／ブ／ホウ 訓: へ／べ
意味: 区分けしたものの一つ、「部分」「内部」。
集団を分類し同じものを一纏(ひとまと)めにしたもの、全体を構成する小さな集合体や組織、「部署」「部隊」。
書物を数える単位。",部 → JPDB Kanji Freq: 43,漢字の読みを入力してください,Text
__体__格，人__体__，主__体__,タイ,"［体］九級
音: テイ／タイ 訓: からだ
意味: 頭から足の先までの全身、ものの全部、ものの主要な部分、またその姿形や様子、身体(シンタイ)(体、肉体)」、本体(ホンタイ)(ものの本当の姿、ものの中心的部分)」。
ものを構成する部分、個々の部分の形や配置・位置関係、個々の部分が組み合わさって出来上がった全体の形や様子、形式、四体(シタイ)(両手足)」、合体(ガッタイ)(個々の部分が纏まり一つになること)」、体裁(テイサイ)(ものの外観)」。",体 → JPDB Kanji Freq: 42,漢字の読みを入力してください,Text
__体__裁，__体__たらく，風__体__，這う這うの__体__,テイ,"［体］九級
音: テイ／タイ 訓: からだ
意味: 頭から足の先までの全身、ものの全部、ものの主要な部分、またその姿形や様子、身体(シンタイ)(体、肉体)」、本体(ホンタイ)(ものの本当の姿、ものの中心的部分)」。
ものを構成する部分、個々の部分の形や配置・位置関係、個々の部分が組み合わさって出来上がった全体の形や様子、形式、四体(シタイ)(両手足)」、合体(ガッタイ)(個々の部分が纏まり一つになること)」、体裁(テイサイ)(ものの外観)」。",体 → JPDB Kanji Freq: 42,漢字の読みを入力してください,Text
__力__量，__力__作，馬__力__,リキ,"［力］十級
音: リョク／リキ 訓: ちから／つと・める
意味: ものを動かすもの、ものを動かしているもの、ものに働(はたら)くもの、強力(キョウリョク)(強い力)」。
働く、務(つと)める、勤(つと)める、、努力(ドリョク)(力を尽くすこと)」。
勢(いきお)い、、勢力(セイリョク)。
ちから、部首名。",力 → JPDB Kanji Freq: 41,漢字の読みを入力してください,Text
権__力__，努__力__，能__力__,リョク,"［力］十級
音: リョク／リキ 訓: ちから／つと・める
意味: ものを動かすもの、ものを動かしているもの、ものに働(はたら)くもの、強力(キョウリョク)(強い力)」。
働く、務(つと)める、勤(つと)める、、努力(ドリョク)(力を尽くすこと)」。
勢(いきお)い、、勢力(セイリョク)。
ちから、部首名。",力 → JPDB Kanji Freq: 41,漢字の読みを入力してください,Text
__当__惑，__当__然，妥__当__,トウ,"［当］九級
音: トウ 訓: あ・たる／あ・てる
意味: 互いの値打ち(ねうち、値段・価値・品質・数など)が合う、互いに釣り合いが取れる、相応(ふさわ)しい、相当(ソウトウ)。
あることに(あるものに)ぴったりと合う、該当(ガイトウ)。
あることに(あるものに)ぴったりと合わせる、また合う、適合テキゴウする。
あることに(あるものに)向き合う、また向かい合う。
あることを(あるものを)引き受ける。
そうするべき、そうであるべき。
これ(this)、この(this)、それ(it)、その(its)。
当たる、ぶつかる、同繁「噹」。",当 → JPDB Kanji Freq: 40,漢字の読みを入力してください,Text
__合__併，__合__宿，__合__点,ガッ,"［合］九級
音: コウ／ゴウ／ガッ／カッ 訓: あ・う／あ・わす／あわ・せる
意味: 人や物が集まって一緒になる、また一つになる。
幾つかのものを集め一緒にする、幾つかのものが集まり同じになる。
同じものを纏(まと)めた全体。
ぴったりと一致する、当て嵌(は)まる、相当する。
(蓋などを容器の口に合わせて)ぴったりと嵌める、(袋の口などを寄せ合わせて)ぴったりと閉める。
当然～である、当然～すべきである。
容量の単位、1升=10合{各種単位}。
日面積の単位、1坪=10合、1合=10勺{各種単位}。",合 → JPDB Kanji Freq: 39,漢字の読みを入力してください,Text
__合__同，__合__計，結__合__,ゴウ,"［合］九級
音: コウ／ゴウ／ガッ／カッ 訓: あ・う／あ・わす／あわ・せる
意味: 人や物が集まって一緒になる、また一つになる。
幾つかのものを集め一緒にする、幾つかのものが集まり同じになる。
同じものを纏(まと)めた全体。
ぴったりと一致する、当て嵌(は)まる、相当する。
(蓋などを容器の口に合わせて)ぴったりと嵌める、(袋の口などを寄せ合わせて)ぴったりと閉める。
当然～である、当然～すべきである。
容量の単位、1升=10合{各種単位}。
日面積の単位、1坪=10合、1合=10勺{各種単位}。",合 → JPDB Kanji Freq: 39,漢字の読みを入力してください,Text
__合__戦,カッ,"［合］九級
音: コウ／ゴウ／ガッ／カッ 訓: あ・う／あ・わす／あわ・せる
意味: 人や物が集まって一緒になる、また一つになる。
幾つかのものを集め一緒にする、幾つかのものが集まり同じになる。
同じものを纏(まと)めた全体。
ぴったりと一致する、当て嵌(は)まる、相当する。
(蓋などを容器の口に合わせて)ぴったりと嵌める、(袋の口などを寄せ合わせて)ぴったりと閉める。
当然～である、当然～すべきである。
容量の単位、1升=10合{各種単位}。
日面積の単位、1坪=10合、1合=10勺{各種単位}。",合 → JPDB Kanji Freq: 39,漢字の読みを入力してください,Text
__会__釈，__会__得，一期一__会__，一__会__，法__会__,エ,"［会］九級
音: カイ／エ 訓: あ・う
意味: 人が集まる、同じ時間や場所に(同じ目的で)集まる、会合(カイゴウ)。
多くの人が(出向いて)集まる、また集まったところ、集会(シュウカイ)、都会(トカイ)。
(出向いて)顔を合わせる、、面会(メンカイ)。
出合(であ)う、出くわす。
、機会(キカイ)時間や場所を決めて会う、またその場所や時とき物事が起こったり変化したりする際の要(かなめ)となる時(とき)丁度良いタイミングexacttiming、チャンスchance。
集めて計算を合わせる、計算が合う、、会計(カイケイ)。",会 → JPDB Kanji Freq: 38,漢字の読みを入力してください,Text
__会__話，__会__計，社__会__,カイ,"［会］九級
音: カイ／エ 訓: あ・う
意味: 人が集まる、同じ時間や場所に(同じ目的で)集まる、会合(カイゴウ)。
多くの人が(出向いて)集まる、また集まったところ、集会(シュウカイ)、都会(トカイ)。
(出向いて)顔を合わせる、、面会(メンカイ)。
出合(であ)う、出くわす。
、機会(キカイ)時間や場所を決めて会う、またその場所や時とき物事が起こったり変化したりする際の要(かなめ)となる時(とき)丁度良いタイミングexacttiming、チャンスchance。
集めて計算を合わせる、計算が合う、、会計(カイケイ)。",会 → JPDB Kanji Freq: 38,漢字の読みを入力してください,Text
医__者__，前__者__，第三__者__,シャ,"［者］八級
音: シャ 訓: もの
意味: ～の人、～する人、使者(シシャ)(使いをする人、運び届けること)」。
こと(事)、もの(物)、、再者(サイシャ)(更に付け加えること、追伸)」、前者(ゼンシャ)(前のもの)」、来者(ライシャ)(こちらに向かって来ること、また来るもの、将来、訪ねて来る人)」。
～は～、～とは～、「Ａ者Ｂ」という用法で「ＡはＢである」の意。",者 → JPDB Kanji Freq: 37,漢字の読みを入力してください,Text
__先__方，__先__生，率__先__,セン,"［先］十級
音: セン 訓: さき／ま・ず
意味: 基準になる位置や時間よりも前、同「前」、逆は「後」。
前に向かって進む、またその方向、同「前」。
以前、時間的に過去の方向。
ま・ず、最初に、～の前に。",先 → JPDB Kanji Freq: 36,漢字の読みを入力してください,Text
__入__学，侵__入__，収__入__,ニュウ,"［入］十級
音: ジュウ／ニュウ／ジュ 訓: い・る／い・れる／はい・る／しお
意味: 範囲・領域・組織や区切り・境界の外(外側、外部、表側、向こう側、公のところ)から内(内側、内部、裏側、こちら側、私的なところ)に移る、また移す、内から外へ移ることを「出」。
内に引っ込む。
他のものを加える、加わる。
日しお、物を染める際に染料に漬ける回数を表す語、「一入(ひとしお、染料に一回漬けること)」。
にゅう、部首名。",入 → JPDB Kanji Freq: 35,漢字の読みを入力してください,Text
__入__水,ジュ,"［入］十級
音: ジュウ／ニュウ／ジュ 訓: い・る／い・れる／はい・る／しお
意味: 範囲・領域・組織や区切り・境界の外(外側、外部、表側、向こう側、公のところ)から内(内側、内部、裏側、こちら側、私的なところ)に移る、また移す、内から外へ移ることを「出」。
内に引っ込む。
他のものを加える、加わる。
日しお、物を染める際に染料に漬ける回数を表す語、「一入(ひとしお、染料に一回漬けること)」。
にゅう、部首名。",入 → JPDB Kanji Freq: 35,漢字の読みを入力してください,Text
__話__題，会__話__，童__話__,ワ,"［話］九級
音: カ／エ／ワ 訓: はなし／はな・す
意味: 言葉にして言う、言葉で告げる、語(かた)る、またその言葉、同「𦧵(舙)」。
語られた(語られている)こと、物語(ものがたり)。",話 → JPDB Kanji Freq: 34,漢字の読みを入力してください,Text
__年__代，少__年__，豊__年__,ネン,"［年］十級
音: デン／ネン 訓: とし
意味: 穀物が稔(みの)る、同「秊」。
農作物を収穫してから次の収穫期までの期間、四季(二十四節気)を一巡する期間、year。
誕生してから生きてその誕生日を通り過ぎた回数、age、年齢(ネンレイ)。",年 → JPDB Kanji Freq: 33,漢字の読みを入力してください,Text
然__様__，__様__式，__様__子，模__様__,ヨウ,"［様］八級
音: ヨウ 訓: さま
意味: 物事の性格や状態、また姿や形、あり方また見掛け。
形や姿、状態やあり方、方法や方式、同「𢳌」。
形や姿・状態やあり方・方法や方式などの種類を数える語。
クヌギ櫟・椚・橡・櫪、ブナ科コナラ属の木{クヌギ}。
簡「样」。
日人に対して敬意を表す接尾語。",様 → JPDB Kanji Freq: 32,漢字の読みを入力してください,Text
__方__法，__方__角，地__方__,ホウ,"［方］九級
音: ホウ 訓: かた
意味: 四角、四角いさま、角(かど)が直角になっているさま、方形(ホウケイ)。
数学で二つの数を掛け合わせた数(正方形・長方形の一つの角を成す二辺を掛け合わせた数)=面積、平方(ヘイホウ)。
(曲がることなく)まっすぐな、正しい、方正(ホウセイ)。
前後・左右・上下などの向き、向かう先、向かう側、方向(ホウコウ)、四方(シホウ)、方面(ホウメン)。
(中心となる場所から見て)向こうにある土地、、地方(チホウ)、方言(ホウゲン)。
あるところに向かう手立て、何かを行うための手段、技わざ、術(すべ)、、方法(ホウホウ)。
他のものと比べる、、比方(ヒホウ)。
今、たった今、ちょうど今。
ほう、ほうへん、かたへん、部首名。",方 → JPDB Kanji Freq: 31,漢字の読みを入力してください,Text
__目__的，__目__前，項__目__,モク,"［目］十級
音: ボク／モク 訓: め／ま
意味: 眼(め、眼球ガンキュウ、黒目くろめ)・白目(しろめ、結膜ケツマク)・視神経などを含むものを見る器官全体、またその形状や様子や機能。
ものを見る、また見分ける。
眼を向ける、眼を引き付ける。
重要なところ、要点、要点を箇条にしたもの。
櫛状また格子状のものの隙間、またその数。
め、部首名。",目 → JPDB Kanji Freq: 30,漢字の読みを入力してください,Text
"面__目__
①人に合わせる顔。世間に対する名誉。めいぼく。めほく。②物事の様子。ありさま。例: 辛うじて父としての面目を保った。",ボク,"［目］十級
音: ボク／モク 訓: め／ま
意味: 眼(め、眼球ガンキュウ、黒目くろめ)・白目(しろめ、結膜ケツマク)・視神経などを含むものを見る器官全体、またその形状や様子や機能。
ものを見る、また見分ける。
眼を向ける、眼を引き付ける。
重要なところ、要点、要点を箇条にしたもの。
櫛状また格子状のものの隙間、またその数。
め、部首名。",目 → JPDB Kanji Freq: 30,漢字の読みを入力してください,Text
__笑__覧，微__笑__，談__笑__,ショウ,"［笑］七級
音: ショウ 訓: わら・う／え・む
意味: 喜び顔を綻(ほころ)ばせる、顔を綻ばせ歯を見せる、同「𥬇」「㗛」「咲」。
面白(おもしろ)おかしい。
侮(あなど)って小さく口を開く、嘲笑う(あざわらう)。
花が咲く、蕾(つぼみ)が綻(ほころ)ぶ、同「咲」。",笑 → JPDB Kanji Freq: 29,漢字の読みを入力してください,Text
__自__分，__自__由，各__自__,ジ,"［自］九級
音: シ／ジ 訓: みずか・ら／おの・ずから
意味: みずか・ら、己(おのれ)、己の。
おの・ずから、己ひとりで、他からの影響を受けずに、それのみの力や意志で。
～から、～より、場所や時間の起点を表す。
みずから、部首名。",自 → JPDB Kanji Freq: 28,漢字の読みを入力してください,Text
__自__然,シ,"［自］九級
音: シ／ジ 訓: みずか・ら／おの・ずから
意味: みずか・ら、己(おのれ)、己の。
おの・ずから、己ひとりで、他からの影響を受けずに、それのみの力や意志で。
～から、～より、場所や時間の起点を表す。
みずから、部首名。",自 → JPDB Kanji Freq: 28,漢字の読みを入力してください,Text
__女__人，天__女__，善男善__女__,ニョ,"［女］十級
音: ジョ／ニョ／ニョウ 訓: おんな／め
意味: 雌(めす)としての特性を持つ人、男(雄おすとしての特性を持つ人)と対になる性の一方。
娘(むすめ、若い未婚の女性)、既婚は「婦」。
妻(めあ)わせる、嫁(とつ)がせる。
あなた、同「汝」。
弱々しいさま。
二十八宿北方玄武ゲンブの第三宿{二十八宿}。
おんな、部首名。",女 → JPDB Kanji Freq: 27,漢字の読みを入力してください,Text
__女__子，__女__流，少__女__,ジョ,"［女］十級
音: ジョ／ニョ／ニョウ 訓: おんな／め
意味: 雌(めす)としての特性を持つ人、男(雄おすとしての特性を持つ人)と対になる性の一方。
娘(むすめ、若い未婚の女性)、既婚は「婦」。
妻(めあ)わせる、嫁(とつ)がせる。
あなた、同「汝」。
弱々しいさま。
二十八宿北方玄武ゲンブの第三宿{二十八宿}。
おんな、部首名。",女 → JPDB Kanji Freq: 27,漢字の読みを入力してください,Text
"__女__房
❶「妻」のくだけた言い方。
❷むかし、宮中に仕えていた女官。",ニョウ,"［女］十級
音: ジョ／ニョ／ニョウ 訓: おんな／め
意味: 雌(めす)としての特性を持つ人、男(雄おすとしての特性を持つ人)と対になる性の一方。
娘(むすめ、若い未婚の女性)、既婚は「婦」。
妻(めあ)わせる、嫁(とつ)がせる。
あなた、同「汝」。
弱々しいさま。
二十八宿北方玄武ゲンブの第三宿{二十八宿}。
おんな、部首名。",女 → JPDB Kanji Freq: 27,漢字の読みを入力してください,Text
__来__年，__来__歴，往__来__,ライ,"［来］九級
音: ライ 訓: く・る／きた・る／きた・す
意味: (人や時間や物事が)向こうからこちらに近づく、到来(トウライ)、同「倈」「徠」「逨」「𧼛」。
招き寄せる、「こちらに来させる」の意。
ある時点から今まで、今に至る、以来(イライ)。
きた・す、(～が原因・発端・理由で)～になる、由来(ユライ)。
きた・る、これから先の。",来 → JPDB Kanji Freq: 26,漢字の読みを入力してください,Text
__本__質，__本__来，資__本__,ホン,"［本］十級
音: ホン 訓: もと
意味: 木の根(ね)。
植物や物事の生まれ始まりの部分、ものの根源また起源、本来(ホンライ)(元々、初めから)」。
ものを支えているもの、基(もと)となるもの、拠(よ)りどころとなるもの。
ものの中心にあるもの、中心的なもの。
書物、、底本(テイホン)(翻訳や写本などの際にその基となる書物)」。",本 → JPDB Kanji Freq: 25,漢字の読みを入力してください,Text
__中__座，__中__央，__中__毒，胸__中__,チュウ,"［中］十級
音: チュウ 訓: なか
意味: ものとものの間にあってどちらにも偏(かたよ)らない位置。
上下・高低・大小などの間(あいだ)に位置する人や物や場所、同「仲」。
始点(出発地)から終点(目的地)までの範囲の間、半(なか)ば、途中(トチュウ)。
閉じられた範囲・領域の内側、同「内」。
ある範囲に含まれるもの、またその全て。
(物の真ん中に)当てる、当たる。",中 → JPDB Kanji Freq: 24,漢字の読みを入力してください,Text
○○__中__，世界__中__,ジュウ,"［中］十級
音: チュウ 訓: なか
意味: ものとものの間にあってどちらにも偏(かたよ)らない位置。
上下・高低・大小などの間(あいだ)に位置する人や物や場所、同「仲」。
始点(出発地)から終点(目的地)までの範囲の間、半(なか)ば、途中(トチュウ)。
閉じられた範囲・領域の内側、同「内」。
ある範囲に含まれるもの、またその全て。
(物の真ん中に)当てる、当たる。",中 → JPDB Kanji Freq: 24,漢字の読みを入力してください,Text
__時__間，__時__候，当__時__,ジ,"［時］九級
音: シ／ジ 訓: とき
意味: 一年の四分の一、季節、一時(イチジ)(三カ月、一季節)」、四時(シジ)(四つの季節、四季)」。
一日の十二分の一、現在は二十四分の一、、時刻(ジコク)。
年代、期間、、時世(ジセイ)、時期(ジキ)。
機会、頃(ころ)、頃合い、、時機(ジキ)時宜(ジギ)(都合の良い時間・時期・機会)」。",時 → JPDB Kanji Freq: 23,漢字の読みを入力してください,Text
__上__旬，__上__昇，地__上__,ジョウ,"［上］十級
音: ショウ／ジョウ 訓: あ・がる／うえ／うわ／かみ／のぼ・る
意味: 位置・場所・地位などが高い、高い方にある。
高い方に移る、昇る、登る。
順序・時間などが前、前の方にある。
前の方に移る。
等級・品質などが高い、優れている。
殿様、皇帝、君主、民(たみ)の上に立つ人。",上 → JPDB Kanji Freq: 22,漢字の読みを入力してください,Text
__上__人，身__上__を潰す,ショウ,"［上］十級
音: ショウ／ジョウ 訓: あ・がる／うえ／うわ／かみ／のぼ・る
意味: 位置・場所・地位などが高い、高い方にある。
高い方に移る、昇る、登る。
順序・時間などが前、前の方にある。
前の方に移る。
等級・品質などが高い、優れている。
殿様、皇帝、君主、民(たみ)の上に立つ人。",上 → JPDB Kanji Freq: 22,漢字の読みを入力してください,Text
__子__孫，女__子__，帽__子__,シ,"［子］十級
音: シ／ス 訓: こ／ね
意味: 母親から産まれるもの、古くは男女を問わず「子」といったが、現代中国では男の子(息子)を指す。
新しく産まれる(生まれる)ものの元となるもの、植物の種や実、動物の卵など。
元となるものから産まれる(生み出される)もの、利息リソク。
小さいものや道具など指す語、匣子(コウシ)(小箱)」、椅子(イス)、帽子(ボウシ)。
～人、～する人、、仙子(センシ)(仙人、仙女)」、舟子(シュウシ)(ふなびと、舟を操る人)」。
男性、男性に対する敬称・美称、あなた。
学徳に優(すぐ)れた人に対する敬称、、孔子(コウシ)孟子(モウシ)、老子(ロウシ)、いずれも「子」は先生の意。
五等の爵位(公・侯・伯・子・男)の第四位。
農暦11月(新暦で11月下旬～1月上旬頃)、陽気ヨウキ(万物が動き出そうとする気)の頃。
十二支の一番目、時刻では夜の十二時を中心とした二時間、方角では北、動物ではネズミ鼠",子 → JPDB Kanji Freq: 21,漢字の読みを入力してください,Text
金__子__，扇__子__，様__子__,ス,"［子］十級
音: シ／ス 訓: こ／ね
意味: 母親から産まれるもの、古くは男女を問わず「子」といったが、現代中国では男の子(息子)を指す。
新しく産まれる(生まれる)ものの元となるもの、植物の種や実、動物の卵など。
元となるものから産まれる(生み出される)もの、利息リソク。
小さいものや道具など指す語、匣子(コウシ)(小箱)」、椅子(イス)、帽子(ボウシ)。
～人、～する人、、仙子(センシ)(仙人、仙女)」、舟子(シュウシ)(ふなびと、舟を操る人)」。
男性、男性に対する敬称・美称、あなた。
学徳に優(すぐ)れた人に対する敬称、、孔子(コウシ)孟子(モウシ)、老子(ロウシ)、いずれも「子」は先生の意。
五等の爵位(公・侯・伯・子・男)の第四位。
農暦11月(新暦で11月下旬～1月上旬頃)、陽気ヨウキ(万物が動き出そうとする気)の頃。
十二支の一番目、時刻では夜の十二時を中心とした二時間、方角では北、動物ではネズミ鼠",子 → JPDB Kanji Freq: 21,漢字の読みを入力してください,Text
__生__滅，一__生__，誕__生__,ショウ,"［生］十級
音: セイ／ショウ 訓: い・きる／い・かす／う・む／う・まれる／お・う／は・える／き／なま
意味: う・まれる、それまでになかった新しいものが現れ出る、また新しいことが起こる。
い・きる、成長し活動できる状態で存在する、またその状態。
なま、現れ出た時のそのまま、手が加えられていない、熟していない、鍛えられていない。
うまれる、いきる、部首名。",生 → JPDB Kanji Freq: 20,漢字の読みを入力してください,Text
__生__活，発__生__，先__生__,セイ,"［生］十級
音: セイ／ショウ 訓: い・きる／い・かす／う・む／う・まれる／お・う／は・える／き／なま
意味: う・まれる、それまでになかった新しいものが現れ出る、また新しいことが起こる。
い・きる、成長し活動できる状態で存在する、またその状態。
なま、現れ出た時のそのまま、手が加えられていない、熟していない、鍛えられていない。
うまれる、いきる、部首名。",生 → JPDB Kanji Freq: 20,漢字の読みを入力してください,Text
"__生__粋，__生っ__粋
__生__地
①〔手を加えない〕そのものが持っている本来の性質。 「━を出す」 ②〔衣服などを作る材料としての〕布。 「上等の━を使う」","キッ,キ","［生］十級
音: セイ／ショウ 訓: い・きる／い・かす／う・む／う・まれる／お・う／は・える／き／なま
意味: う・まれる、それまでになかった新しいものが現れ出る、また新しいことが起こる。
い・きる、成長し活動できる状態で存在する、またその状態。
なま、現れ出た時のそのまま、手が加えられていない、熟していない、鍛えられていない。
うまれる、いきる、部首名。",生 → JPDB Kanji Freq: 20,漢字の読みを入力してください,Text
__間__隔，中__間__，時__間__,カン,"［間］九級
音: カン／ケン 訓: あいだ／あい／ま
意味: 両側からぴったりと閉じられずに開いているところ、(空間・時間・物事・関係などが)連続せずに途切れているところ、開いたり途切れたりして何もないところ、隙(すき)、閑(ひま)。
(空間・時間・物事・関係などの間を)開ける、隙を作る。
家の柱と柱の距離、部屋、部屋数を数える語。
日建物などの長さの単位、1間=6尺≒1.8m。",間 → JPDB Kanji Freq: 19,漢字の読みを入力してください,Text
世__間__，人__間__,ケン,"［間］九級
音: カン／ケン 訓: あいだ／あい／ま
意味: 両側からぴったりと閉じられずに開いているところ、(空間・時間・物事・関係などが)連続せずに途切れているところ、開いたり途切れたりして何もないところ、隙(すき)、閑(ひま)。
(空間・時間・物事・関係などの間を)開ける、隙を作る。
家の柱と柱の距離、部屋、部屋数を数える語。
日建物などの長さの単位、1間=6尺≒1.8m。",間 → JPDB Kanji Freq: 19,漢字の読みを入力してください,Text
__行__列，__行__政，修__行__,ギョウ,"［行］九級
音: コウ／ゴウ／ギョウ／アン 訓: い・く／ゆ・く／おこな・う
意味: 左足を前に出し(彳テキ)次に右足を前に出す(亍チョク)、足を交互に動かして前に進む。
目的とするところに向かって進む。
遠くに出掛ける、旅に出る。
道、人が往来する道路、同「𧗞」。
あることを前に進める、あることをする、行為(コウイ)。
振舞(ふるまい)、言行(ゲンコウ)(発言と行動)」。
縦方向の並び、縦方向の列レツ、横方向の列を「列」、行列(ギョウレツ)。
俗商店、同業組合。
五行(ゴギョウ)、万物は木・火・土・金・水の五つ基本要素から成り、それぞれが生滅・盛衰・変化を繰り返し循環するるという考え{五行}。
ぎょう、ぎょうがまえ、いく、ゆきがまえ、部首名。",行 → JPDB Kanji Freq: 18,漢字の読みを入力してください,Text
__行__進，__行__為，旅__行__,コウ,"［行］九級
音: コウ／ゴウ／ギョウ／アン 訓: い・く／ゆ・く／おこな・う
意味: 左足を前に出し(彳テキ)次に右足を前に出す(亍チョク)、足を交互に動かして前に進む。
目的とするところに向かって進む。
遠くに出掛ける、旅に出る。
道、人が往来する道路、同「𧗞」。
あることを前に進める、あることをする、行為(コウイ)。
振舞(ふるまい)、言行(ゲンコウ)(発言と行動)」。
縦方向の並び、縦方向の列レツ、横方向の列を「列」、行列(ギョウレツ)。
俗商店、同業組合。
五行(ゴギョウ)、万物は木・火・土・金・水の五つ基本要素から成り、それぞれが生滅・盛衰・変化を繰り返し循環するるという考え{五行}。
ぎょう、ぎょうがまえ、いく、ゆきがまえ、部首名。",行 → JPDB Kanji Freq: 18,漢字の読みを入力してください,Text
__行__脚，__行__火，__行__灯,アン,"［行］九級
音: コウ／ゴウ／ギョウ／アン 訓: い・く／ゆ・く／おこな・う
意味: 左足を前に出し(彳テキ)次に右足を前に出す(亍チョク)、足を交互に動かして前に進む。
目的とするところに向かって進む。
遠くに出掛ける、旅に出る。
道、人が往来する道路、同「𧗞」。
あることを前に進める、あることをする、行為(コウイ)。
振舞(ふるまい)、言行(ゲンコウ)(発言と行動)」。
縦方向の並び、縦方向の列レツ、横方向の列を「列」、行列(ギョウレツ)。
俗商店、同業組合。
五行(ゴギョウ)、万物は木・火・土・金・水の五つ基本要素から成り、それぞれが生滅・盛衰・変化を繰り返し循環するるという考え{五行}。
ぎょう、ぎょうがまえ、いく、ゆきがまえ、部首名。",行 → JPDB Kanji Freq: 18,漢字の読みを入力してください,Text
__事__物，無__事__，師__事__,ジ,"［事］八級
音: シ／ジ／ズ 訓: こと
意味: こと、動作・現象・状態など形のないものを指す語、形のあるものは「物」、事情(ジジョウ)(ことの様子)」、無事(ブジ)(何事もないさま)」。
職ショク、仕事や役割、業務や役目。
仕える、仕えて仕事や役目を果たす",事 → JPDB Kanji Freq: 17,漢字の読みを入力してください,Text
"好__事__家
①変わったものに興味をもつ人。もの好きな人。「競売には―が集まった」
②風流を好む人。",ズ,"［事］八級
音: シ／ジ／ズ 訓: こと
意味: こと、動作・現象・状態など形のないものを指す語、形のあるものは「物」、事情(ジジョウ)(ことの様子)」、無事(ブジ)(何事もないさま)」。
職ショク、仕事や役割、業務や役目。
仕える、仕えて仕事や役目を果たす",事 → JPDB Kanji Freq: 17,漢字の読みを入力してください,Text
__手__腕，挙__手__，選__手__,シュ,"［手］十級
音: シュウ／シュ／ス 訓: て／た
意味: 体や物体の一部で、胴から分かれ出て伸び、持つ・握る・叩く・ものを作る・操作するなどの機能を持つ部分、掌(たなごころ)と指を合わせた全体、腕の先の部分{人体(上肢)}。
自(みずか)ら、「自分の手で」「手ずから」の意。
(手を使って)ものを作る、またその使い方、またその腕前、手芸(シュゲイ)、手法(シュホウ)、上手(ジョウシュ・ジョウズ)(うわて)」。
て、部首名。",手 → JPDB Kanji Freq: 16,漢字の読みを入力してください,Text
__思__想，意__思__，相__思__,シ,"［思］九級
音: シ 訓: おも・う／おぼ・しい／おぼ・す
意味: 心の中で考える、心に浮かぶ、心に浮かべる、想(おも)う、思慮(シリョ)(あれこれと思いや考えを巡らすこと)」、相思(ソウシ)(互いに相手を思うこと、思い合うこと)」。
心に浮かべ慕(した)う、、思慕(シボ)。
、于思(ウシ)、顎鬚(あごひげ)がもじゃもじゃと生えているさま、同、䯱䰄(フシ)。
日おぼ・しい、～と考えられる。
日。",思 → JPDB Kanji Freq: 15,漢字の読みを入力してください,Text
__前__後，__前__口上，以__前__，空__前__,ゼン,"［前］九級
音: セン／ゼン 訓: まえ／さき
意味: (前に)進む、またその方向、同「先」、前途(ゼント)(目的地に向かう道のり、将来)」。
位置的には先の方向、時間的には過去の方向、順序では上位の方向、同「先」、逆は「後」。
鋏(はさみ)や鎌(かま)などで端を切り落とす、切って先端を或いは全体を整える、切り揃える、同「剪」。",前 → JPDB Kanji Freq: 13,漢字の読みを入力してください,Text
__私__立，__私__腹，公__私__,シ,"［私］五級
音: シ 訓: わたくし／わたし
意味: 自分、某(それがし)。
自分自身の、自分や自分の身内や自分の知り合いだけの、個人的な、公(おおやけ)でない。
公のことを顧(かえり)みずに自分の利益だけを優先する、利己的な。
(公に知られないように)隠れて、内緒で、こっそりと、陰私(インシ)(内緒にしていること、隠し事)」。",私 → JPDB Kanji Freq: 12,漢字の読みを入力してください,Text
__今__後，__今__日，__今__朝，__今__年,コン,"［今］九級
音: キン／コン 訓: いま
意味: 現在、この時(とき)、この時代、現在を挟んで前後に比較的短い時間また月日また時代。
すぐに、間もなく。",今 → JPDB Kanji Freq: 11,漢字の読みを入力してください,Text
"__今__上
〔文〕現在の天皇の呼び方。
「━天皇・━陛下」",キン,"［今］九級
音: キン／コン 訓: いま
意味: 現在、この時(とき)、この時代、現在を挟んで前後に比較的短い時間また月日また時代。
すぐに、間もなく。",今 → JPDB Kanji Freq: 11,漢字の読みを入力してください,Text
__気__怠い，__気__配，__気__色ばむ，火の__気__,ケ,"［気］十級
音: キ／ケ 訓: 
意味: 中国古来の考えで、天地全ての事物の基本要素、目に見えず形状は一定しない、あらゆる事物の生死・盛衰などの変化・変動はこの「気」の移動・集散によるものと考えられた。
形状が一定せず目に見えないが確かに存在しているもの、また感じ取れるもの、空気(クウキ)、雰囲気(フンイキ)。
ガスgas状のもの、、気体(キタイ)。
口から吐き出される息、、呼気(コキ)。
精神や活動の元となる力、、気力(キリョク)、元気(ゲンキ)。
天候、またその変化や様子、、天気(テンキ)、気候(キコウ)。",気 → JPDB Kanji Freq: 10,漢字の読みを入力してください,Text
__気__体，__気__候，元__気__,キ,"［気］十級
音: キ／ケ 訓: 
意味: 中国古来の考えで、天地全ての事物の基本要素、目に見えず形状は一定しない、あらゆる事物の生死・盛衰などの変化・変動はこの「気」の移動・集散によるものと考えられた。
形状が一定せず目に見えないが確かに存在しているもの、また感じ取れるもの、空気(クウキ)、雰囲気(フンイキ)。
ガスgas状のもの、、気体(キタイ)。
口から吐き出される息、、呼気(コキ)。
精神や活動の元となる力、、気力(キリョク)、元気(ゲンキ)。
天候、またその変化や様子、、天気(テンキ)、気候(キコウ)。",気 → JPDB Kanji Freq: 10,漢字の読みを入力してください,Text
__分__別，__分__銅，三十__分__,フン,"［分］九級
音: ブ／フン／ブン 訓: わ・ける／わ・かれる／わ・かつ／わ・かる
意味: 一つに纏(まと)まっているものを幾つかに切り離す、また幾つかに仕切る(区切る)、分割(ブンカツ)、切り離したものを仕分けることを「別」。
一つの纏まりから一部を切り離す、分派(ブンパ)。
幾つかに切り離した(区切られた、区画された)ものの一つ一つ、部分(ブブン)。
一つのものを何人かに与える、それぞれに与えられた役割・役目・地位など、分配(ブンパイ)、分担(ブンタン)。
それぞれに与えられた役割・役目・地位などに応じた権利や責任、またその範囲、、身分(ミブン)。
区別する、判別する。
十分の一、10の-1乗、デシdeci{数字}。
長さの単位{各種単位}。
重量の単位{各種単位}。
面積の単位{各種単位}。",分 → JPDB Kanji Freq: 9,漢字の読みを入力してください,Text
__分__解，__分__布，自__分__，水__分__,ブン,"［分］九級
音: ブ／フン／ブン 訓: わ・ける／わ・かれる／わ・かつ／わ・かる
意味: 一つに纏(まと)まっているものを幾つかに切り離す、また幾つかに仕切る(区切る)、分割(ブンカツ)、切り離したものを仕分けることを「別」。
一つの纏まりから一部を切り離す、分派(ブンパ)。
幾つかに切り離した(区切られた、区画された)ものの一つ一つ、部分(ブブン)。
一つのものを何人かに与える、それぞれに与えられた役割・役目・地位など、分配(ブンパイ)、分担(ブンタン)。
それぞれに与えられた役割・役目・地位などに応じた権利や責任、またその範囲、、身分(ミブン)。
区別する、判別する。
十分の一、10の-1乗、デシdeci{数字}。
長さの単位{各種単位}。
重量の単位{各種単位}。
面積の単位{各種単位}。",分 → JPDB Kanji Freq: 9,漢字の読みを入力してください,Text
__分__が悪い，一__分__一厘，__九__分__九__厘，五__分__,ブ,"［分］九級
音: ブ／フン／ブン 訓: わ・ける／わ・かれる／わ・かつ／わ・かる
意味: 一つに纏(まと)まっているものを幾つかに切り離す、また幾つかに仕切る(区切る)、分割(ブンカツ)、切り離したものを仕分けることを「別」。
一つの纏まりから一部を切り離す、分派(ブンパ)。
幾つかに切り離した(区切られた、区画された)ものの一つ一つ、部分(ブブン)。
一つのものを何人かに与える、それぞれに与えられた役割・役目・地位など、分配(ブンパイ)、分担(ブンタン)。
それぞれに与えられた役割・役目・地位などに応じた権利や責任、またその範囲、、身分(ミブン)。
区別する、判別する。
十分の一、10の-1乗、デシdeci{数字}。
長さの単位{各種単位}。
重量の単位{各種単位}。
面積の単位{各種単位}。",分 → JPDB Kanji Freq: 9,漢字の読みを入力してください,Text
__出__入，__出__現，提__出__,シュツ,"［出］十級
音: シュツ／スチ／スイ 訓: で・る／だ・す／い・ず
意味: 範囲・領域・組織や区切り・境界の内(内側、内部、裏側、こちら側、私的なところ)から外(外側、外部、表側、向こう側、公のところ)に移る、また移す、外から内へ移ることを「入」。
外に出っ張る。
一部を除(のぞ)く、外(はず)れる。
生まれる、産(う)まれる、それまでになかったものが形となって現れる。",出 → JPDB Kanji Freq: 8,漢字の読みを入力してください,Text
__大__衆，__大__した，__大__して,タイ,"［大］十級
音: タイ／ダイ／タ／ダ 訓: おお／おお・きい／おお・いに
意味: 形・数・量・力・程度などが比較しようとしているもの以上である、求められる(必要とされる、必要な)形・数・量・力・程度などを超(こ)えている、優(すぐ)れる、長い、重い、太い、強い、多い、以下は「小」。
優れているさま、立派なさま。
おお・いに、盛んに、非常に。
だい、部首名。",大 → JPDB Kanji Freq: 7,漢字の読みを入力してください,Text
__大__小，__大__胆，拡__大__,ダイ,"［大］十級
音: タイ／ダイ／タ／ダ 訓: おお／おお・きい／おお・いに
意味: 形・数・量・力・程度などが比較しようとしているもの以上である、求められる(必要とされる、必要な)形・数・量・力・程度などを超(こ)えている、優(すぐ)れる、長い、重い、太い、強い、多い、以下は「小」。
優れているさま、立派なさま。
おお・いに、盛んに、非常に。
だい、部首名。",大 → JPDB Kanji Freq: 7,漢字の読みを入力してください,Text
連__日__，平__日__，休__日__,ジツ,"［日］十級
音: ジツ／ニチ 訓: ひ／か
意味: 太陽。
太陽が出ている間、昼間、夜明けから日没まで。
一昼夜、朝から次の朝まで、またその繰り返し、またその繰り返しを数える語。
候コウ、時節、頃(ケイ、ころ)。
十二章紋の一つ{服飾(十二章紋)}。
ひ、ひへん、にち、にちへん、部首名。",日 → JPDB Kanji Freq: 6,漢字の読みを入力してください,Text
__日__時，__日__光，毎__日__,ニチ,"［日］十級
音: ジツ／ニチ 訓: ひ／か
意味: 太陽。
太陽が出ている間、昼間、夜明けから日没まで。
一昼夜、朝から次の朝まで、またその繰り返し、またその繰り返しを数える語。
候コウ、時節、頃(ケイ、ころ)。
十二章紋の一つ{服飾(十二章紋)}。
ひ、ひへん、にち、にちへん、部首名。",日 → JPDB Kanji Freq: 6,漢字の読みを入力してください,Text
__見__学，__見__地，意__見__,ケン,"［見］十級
音: ケン／ゲン 訓: み・る／み・える／み・せる／まみ・える
意味: 目でものや状況を認識する、目に入る。
(見たものの)認識の仕方、考え。
人と顔を合わせる、対面する。
みる、部首名。",見 → JPDB Kanji Freq: 5,漢字の読みを入力してください,Text
__一__度，__一__座，第__一__,イチ,"［一］十級
音: イチ／イツ 訓: ひと／ひと・つ
意味: 最初、最初の数、最も小さい数、同「壹」{数字}。
(幾つかあるものの内の、全体の中の)一つ、一つの、一つに、それだけ、ひたすら、同「壹」。
同じ、等しい、「同じ一つのもの」の意。
(一繋がりのものの、繋がって一つになっているものの)全て。
いち、部首名。",一 → JPDB Kanji Freq: 3,漢字の読みを入力してください,Text
__一__般，同__一__，統__一__,イツ,"［一］十級
音: イチ／イツ 訓: ひと／ひと・つ
意味: 最初、最初の数、最も小さい数、同「壹」{数字}。
(幾つかあるものの内の、全体の中の)一つ、一つの、一つに、それだけ、ひたすら、同「壹」。
同じ、等しい、「同じ一つのもの」の意。
(一繋がりのものの、繋がって一つになっているものの)全て。
いち、部首名。",一 → JPDB Kanji Freq: 3,漢字の読みを入力してください,Text
__言__行，__言__論，宣__言__,ゲン,"［言］九級
音: ゲン／ゴン 訓: い・う／こと
意味: 相手に伝えたいことを声に出してはっきりと述べる、またその内容、またそのための語ゴ(互いに意思の疎通を図るための言葉)。
字ジ、文字。
我(われ)、自分を指す語。
ことば、いう、げん、部首名。",言 → JPDB Kanji Freq: 2,漢字の読みを入力してください,Text
__言__上，伝__言__，無__言__,ゴン,"［言］九級
音: ゲン／ゴン 訓: い・う／こと
意味: 相手に伝えたいことを声に出してはっきりと述べる、またその内容、またそのための語ゴ(互いに意思の疎通を図るための言葉)。
字ジ、文字。
我(われ)、自分を指す語。
ことば、いう、げん、部首名。",言 → JPDB Kanji Freq: 2,漢字の読みを入力してください,Text
__人__道，__人__員，成__人__,ジン,"［人］十級
音: ジン／ニン 訓: ひと
意味: 霊長目ヒト科ヒト属の生物、ホモ・サピエンスHomosapiens(「知恵の人」の意)、同「儿」。
自分以外の者、人我(ジンガ)(他人と自分)」。
人の数(かず)を数(かぞ)える語。",人 → JPDB Kanji Freq: 1,漢字の読みを入力してください,Text
__人__間，__人__情，__人__形,ニン,"［人］十級
音: ジン／ニン 訓: ひと
意味: 霊長目ヒト科ヒト属の生物、ホモ・サピエンスHomosapiens(「知恵の人」の意)、同「儿」。
自分以外の者、人我(ジンガ)(他人と自分)」。
人の数(かず)を数(かぞ)える語。",人 → JPDB Kanji Freq: 1,漢字の読みを入力してください,Text
