Question,Answers,Comment,Freq,Instructions,Render as
__虞__，__虞__がある,おそれ,"［虞］凖二級
音: グ 訓: おそれ
意味: 先のことをあれこれと考える。
先のことに気をめぐらして心配する。
周代(前11世紀～前256年)の始めに設けられた山や沢(さわ)の草木・鳥獣を管理する官職名。
古朝名、舜シュン(五帝の一人)の代にあったとされる、現山西省運城市平陸県付近{山西省}
騶虞(スウグ)、獣名、姿は虎に似て体は白く黒い紋があり尾が長いという、「騶」参照",虞 → JPDB Kanji Freq: 3409,漢字の読みを入力してください,Text
"__畝__，__畝__間，__畝__織
畑の中に、細長く土をもりあげて作物を植えつける所。",うね,"［畝］凖二級
音: ボウ／ム／モ／ホ 訓: せ／うね
意味: 種や苗を植えるために筋状に土を盛り上げたところ、畎畝(ケンポ)(田畑の筋状の溝と畝、田畑、田舎いなか)」。
田畑の面積の単位、史料により異同がある、古くは1畝=100歩であったが、今(唐代の頃)は1畝=240歩。",畝 → JPDB Kanji Freq: 3334,漢字の読みを入力してください,Text
"__倹__しい
ぜいたくをせず、質素だ。「━暮らし」",つま,"［倹］三級
音: ケン／ゲン 訓: 
意味: 度を超(こ)えずに控え目にする、儉約(ケンヤク)。
不要な部分を省略して必要な部分だけを残す、無駄がないように簡素にする。",倹 → JPDB Kanji Freq: 3282,漢字の読みを入力してください,Text
__恣__にする，__恣__,ほしいまま,"［恣］二級
音: シ 訓: ほしいまま
意味: 気儘(きまま)なさま、思いのままにするさま、自分勝手なさま、またそのような振る舞い。
恣睢(シスイ)、思うがままに振る舞うさま、自分勝手に振る舞うさま。",恣 → JPDB Kanji Freq: 3273,漢字の読みを入力してください,Text
"__詔__，__詔__をたまわる
〔文〕天皇が正式にのべたことば。",みことのり,"［詔］凖二級
音: ショウ 訓: みことのり
意味: 上位者が下位者を近くに呼び寄せて告(つ)げる、またその言葉。
助言する、教え導(みちび)く。
天子の命令、古くは「上位者が下位者に告げる」の意だったが、秦代・漢代(前221年～220年)以降は「天子のお告げ」のみを指すことになった。",詔 → JPDB Kanji Freq: 3259,漢字の読みを入力してください,Text
"__堆__い
積み上がって**高い**。
「灰が堆く積もる・━書類の山」",うずたか,"［堆］二級
音: タイ／テ／ツイ 訓: うずたか・い
意味: (土などが)積み重なる、(土などを)積み上げる、山のように積み上がる、同「㕍」。
こんもりと盛り上がった地形、(「𨸏」よりも低く小さい)小高い丘。",堆 → JPDB Kanji Freq: 3094,漢字の読みを入力してください,Text
身__罷__る，__罷__り通る，__罷__り越す，__罷__り出る,まか,"［罷］凖二級
音: ハイ／ベ／ヒ／ビ 訓: まか・る
意味: (有能な人が網(网)にかかり)力が出ない、疲れる。
(力を発揮できずに)途中で止(や)める、停(と)まる。
役目や拘束を解(と)く、職や罪を免(めん)ずる。
日まか・る、退く。",罷 → JPDB Kanji Freq: 3059,漢字の読みを入力してください,Text
"__諮__る
相談をもちかけて、意見を聞く。
「委員会に諮る。」「会議に━・みなさんにお諮りいたします」",はか,"［諮］三級
音: シ 訓: はか・る
意味: 上位者が下位者に意見や助言を求める、同「咨」、諮問(シモン)。",諮 → JPDB Kanji Freq: 3033,漢字の読みを入力してください,Text
"__毀__つ，__毀__れる
〔雅〕こわす。くずす。",こぼ,"［毀］二級
音: キ 訓: こわ・す／こわ・れる／こぼ・つ
意味: 壊(こわ)す、壊れる、破(やぶ)る、破れる、欠ける、傷付ける、損(そこ)なう。
謗(そし)る、人を悪く言う、悪意を持ってあれこれと言い立てる。
悲しみや心労で衰弱する、体を壊す。",毀 → JPDB Kanji Freq: 2953,漢字の読みを入力してください,Text
"__鋳__る，__鋳__物，__鋳__型
金属をとかし、型に流しこんで物をつくる。",い,"［鋳］三級
音: チュウ／シュ／ス 訓: い・る
意味: 金属を溶かし型に流し入れて目的の形に造る、鋳造(チュウゾウ)。
目的の形に(型通りに)作り上げる。",鋳 → JPDB Kanji Freq: 2909,漢字の読みを入力してください,Text
__升__，__升__目,ます,"［升］凖二級
音: ショウ 訓: ます
意味: 容量の単位、1升=10合{各種単位}。
容量を量る枡(ます)。
布の経糸(たていと)の数の単位、【西京雜記】によれば1升=2䌰=10絲(10本)、【儀禮】によれば1升=80縷、いずれも布幅が示されていない。
昇(のぼ)る、上の方向に行く、同「昇」。
登(のぼ)る、高い方(上の方)に進む、同「登」「陞」。
穀物が実る、また熟す、同「登」。",升 → JPDB Kanji Freq: 2876,漢字の読みを入力してください,Text
__蚕__，__蚕__日待ち,かいこ,"［蚕］五級
音: サン／ゾン 訓: かいこ
意味: 蜸蚕(ケンサン)、ミミズ蚯蚓、環形動物門貧毛綱に属する動物の総称。
カイコ蚕、カイコガ科カイコガ属の昆虫の幼虫、同「蠶」。
繁「蠶」、「蚕」は「蠶」の俗字。",蚕 → JPDB Kanji Freq: 2861,漢字の読みを入力してください,Text
__窯__，石__窯__，ピザ__窯__，登り__窯__,かま,"［窯］凖二級
音: ヨウ 訓: かま
意味: 陶器トウキや煉瓦レンガを焼くための土などで囲った穴。",窯 → JPDB Kanji Freq: 2798,漢字の読みを入力してください,Text
__且__つ,か,"［且］凖二級
音: シャ／ショ／ソ 訓: か・つ
意味: ～と同時に、その上に、更に。
ひとまず、取り敢えず、間に合わせに。
将(まさ)に～せんとす、今にも～しようとする。",且 → JPDB Kanji Freq: 2792,漢字の読みを入力してください,Text
__濫__り，__濫__りがわしい，__濫__りがましい,みだ,"［濫］三級
音: ラン 訓: みだ・り／みだ・りに
意味: 水が一面に満ちて溢(あふ)れる、水が(堰や堤を越えて)外に溢(あふ)れ出る、同「灠」。
度を越えて、無闇(むやみ)に、勝手気ままな、「堰や堤のような限度や限界を越えれば制御できない、そのような振る舞い」の意。",濫 → JPDB Kanji Freq: 2741,漢字の読みを入力してください,Text
"__漸__く
__漸__との思いで，__漸__と","ようや,やっ","［漸］凖二級
音: セン／ゼン 訓: ようや・く
意味: 少しずつ(状態が進行する)、徐々に、じわじわと、漸進(ゼンシン)。
次第に(進む、進行する)、だんだんと、東漸(トウゼン)(次第に東に向かって進むこと、また流れること)」。
少しずつ水が浸(し)み込む、染(し)みる。
川名、現銭塘江(セントウコウ)、別名、浙江(セッコウ)、浙江省を流れ東シナ海に",漸 → JPDB Kanji Freq: 2707,漢字の読みを入力してください,Text
"__坪__数，建__坪__
①土地の面積の単位。一坪は六尺平方。約三・三一平方メートル。歩(ぶ)。
②墓地の面積の単位。一坪は三尺平方。「坪①」の四分の一。",つぼ,"［坪］凖二級
音: ヘイ／ビョウ 訓: つぼ
意味: (起伏のある土地でそこだけが)平らなところ、平らな土地、同「𡊞」。
日六尺を一辺とする面積の単位、30坪(歩)=1畝、同「歩」{各種単位}。",坪 → JPDB Kanji Freq: 2646,漢字の読みを入力してください,Text
__矯__める，__矯__め直す,た,"［矯］凖二級
音: キョウ 訓: た・める
意味: (弓のように曲がっているものの)狂いや歪(ゆが)みを調整して本来の曲がり具合にする、本来の形に整える、正しい形に直(なお)す、同「撟」、矯正(キョウセイ)。
曲げる、歪める、むやみに(故意に)歪める、同「撟」、矯命(キョウメイ)(本来の命令・指示を歪めて伝えること)」。
力強いさま、勇ましいさま。
ぐっと挙(あ)げる、反(そ)らせて曲げるように一方(片方)だけを持ち上げる、同「撟」、矯首(キョウシュ)(頭をぐいっと上げる)」。",矯 → JPDB Kanji Freq: 2604,漢字の読みを入力してください,Text
"__捗__る，__捗__々しい
仕事が順調にどんどん進む。","はか,はかど","［捗］二級
音: ホ／ブ／チョク／チキ 訓: はかど・る
意味: 打つ。
捗攎(ホロ)、未詳、「散らばった草を拾い集める」の意か？
日はかど・る、仕事が順調に進む",捗 → JPDB Kanji Freq: 2584,漢字の読みを入力してください,Text
"石__臼__
中にむしたもち米を入れ、そこでもちをつくための道具。杵でつく。",うす,"［臼］二級
音: キュウ／グ 訓: うす
意味: 穀物を搗(つ)く際に穀物を入れる器、一般にはしっかりした円柱状の木や石で上部を半球形に抉(えぐ)ってあるもの、またそのような形、またそのような形のもの。
うす、部首名。",臼 → JPDB Kanji Freq: 2567,漢字の読みを入力してください,Text
"__糾__す
真相を調べる。
「罪を━・理非を━」",ただ,"［糾］凖二級
音: キュウ 訓: あざな・う／ただ・す
意味: 何本かの糸(三本の縄)を縒(よ)り合せる、また縒り合せて紐や縄にする、同「糺」。
寄り合わせて纏(まと)める、同「糺」。
誤りや曲がりを(強く締め付けて)正す、罪を厳しく問い質(ただ)す、同「糺」。
絡(から)み付く、縺(もつ)れる、同「丩」。",糾 → JPDB Kanji Freq: 2557,漢字の読みを入力してください,Text
"__糾__う
糸などをより合わせる。縄をなう。「禍福は―える縄のごとし」",あざな,"［糾］凖二級
音: キュウ 訓: あざな・う／ただ・す
意味: 何本かの糸(三本の縄)を縒(よ)り合せる、また縒り合せて紐や縄にする、同「糺」。
寄り合わせて纏(まと)める、同「糺」。
誤りや曲がりを(強く締め付けて)正す、罪を厳しく問い質(ただ)す、同「糺」。
絡(から)み付く、縺(もつ)れる、同「丩」。",糾 → JPDB Kanji Freq: 2557,漢字の読みを入力してください,Text
"__霜__，__霜__柱，初__霜__
空気中の水蒸気が、冷えた地上の物にふれてこおった、白く細かい氷。",しも,"［霜］凖二級
音: ソウ／ショウ 訓: しも
意味: しも、地表付近の水蒸気が地表や物に接触して氷結したもの{霜}。
白いさま。
白く冷たいさま、汚(けが)れないさま、高潔なさま。
年とし、年数、年齢。",霜 → JPDB Kanji Freq: 2540,漢字の読みを入力してください,Text
__弔__う，__弔__い,とむら,"［弔］凖二級
音: チョウ 訓: とむら・う
意味: 他人の苦悩や不幸に対して同情や慰めの言葉を掛ける。
亡くなった人に最後の言葉を掛ける、同「吊」、遺族に労(いた)わりや慰めの言葉を掛けるのは「唁」。
吊る、吊るす、俗「吊」",弔 → JPDB Kanji Freq: 2537,漢字の読みを入力してください,Text
__卸__す,おろ,"［卸］三級
音: シャ 訓: おろ・す／おろし
意味: 馬から馬具などを解(と)いて下(お)ろす、鎧(よろい)などを脱いで下ろす。
身に纏(まと)っているものを脱ぎ下ろす、卸肩(シャケン)(肩に負っている荷を下ろす)」、卸責(シャクセキ)(責任から逃れる、責任逃れをする)」、卸粧(シャショウ)(衣裳を脱ぐ、着替える化粧を落とす)」。
日おろ・す、おろし、商品を流通上の川上(かわかみ)から仕入れて川下(かわしも)へ売り渡すこと。",卸 → JPDB Kanji Freq: 2528,漢字の読みを入力してください,Text
__卸__，__卸__商,おろし,"［卸］三級
音: シャ 訓: おろ・す／おろし
意味: 馬から馬具などを解(と)いて下(お)ろす、鎧(よろい)などを脱いで下ろす。
身に纏(まと)っているものを脱ぎ下ろす、卸肩(シャケン)(肩に負っている荷を下ろす)」、卸責(シャクセキ)(責任から逃れる、責任逃れをする)」、卸粧(シャショウ)(衣裳を脱ぐ、着替える化粧を落とす)」。
日おろ・す、おろし、商品を流通上の川上(かわかみ)から仕入れて川下(かわしも)へ売り渡すこと。",卸 → JPDB Kanji Freq: 2528,漢字の読みを入力してください,Text
"麓
山の下のほう。山のすそ。",ふもと,"［麓］二級
音: ロク 訓: ふもと
意味: (木が生えている)山裾(やますそ)。
山林を管理する役人。",麓 → JPDB Kanji Freq: 2526,漢字の読みを入力してください,Text
__詣__でる，初__詣__,"もうで,もう","［詣］二級
音: ゲイ／ゲ／ケイ 訓: もう・でる
意味: 到(いた)る、高みに行き着く。
目上の人や年長の人を訪(おとず)れる。
日もう・でる、有名な場所や建物を訪れる。",詣 → JPDB Kanji Freq: 2514,漢字の読みを入力してください,Text
__謡__う,うた,"［謡］四級
音: ヨウ 訓: うたい／うた・う
意味: 即興で歌う、楽器などの伴奏なしに歌う、同「䚻」、楽器などの伴奏に合わせて歌うのは「歌」。
子どもや一般の人が節を付けて口遊(くちずさ)む歌。
根も葉もない噂話。",謡 → JPDB Kanji Freq: 2512,漢字の読みを入力してください,Text
__謡__，素__謡__,うたい,"［謡］四級
音: ヨウ 訓: うたい／うた・う
意味: 即興で歌う、楽器などの伴奏なしに歌う、同「䚻」、楽器などの伴奏に合わせて歌うのは「歌」。
子どもや一般の人が節を付けて口遊(くちずさ)む歌。
根も葉もない噂話。",謡 → JPDB Kanji Freq: 2512,漢字の読みを入力してください,Text
__但__し，__但__し書き,ただ,"［但］凖二級
音: タン／ダン 訓: ただ／ただ・し
意味: ただ・し、補足・条件などを示す際に用いる語。
ただ、単に、それだけ、同「単」。
上着をはだけて肌を露わにする、同「袒」。",但 → JPDB Kanji Freq: 2507,漢字の読みを入力してください,Text
__繭__，__繭__玉,まゆ,"［繭］凖二級
音: ケン 訓: まゆ
意味: 蚕の蛹(さなぎ)を包み保護しているもの。
たこ(胼胝ヘンチ)、摩擦や刺激が繰り返されて皮膚が硬くなったもの、繭疤(ケンハ)、老繭(ロウケン)、同「𥀹」「𦢣」「𨇿」「趼」。
簡「茧」。",繭 → JPDB Kanji Freq: 2490,漢字の読みを入力してください,Text
"__屯__する
なんとなく集まって来てそこにいる。
「学生の━喫茶店」",たむろ,"［屯］凖二級
音: トン／ドン／チュン 訓: たむろ・する
意味: なかなか(上に、前に)出られないさま、思うように行かないさま、停頓テイトンするさま。
同じところに留(とど)まる、人が同じところに集まり留まる。
集落、村落、同「邨」。
屯駐・屯住(トンチュウ)、駐屯(チュウトン)、ある地に留まること、軍隊がある地に駐留チュウリュウすること。
屯田(トンデン)、国が人を集め耕作させた田畑、集められた人によって「民屯(一般民)」「兵屯、軍屯(戦の際には兵として徴収する兵士)」などがあった。",屯 → JPDB Kanji Freq: 2486,漢字の読みを入力してください,Text
"__悼__む
〔文〕人などの死をおしみ、静かに心を痛める。
「友の死を━・故人を━〈ことば／声〉」",いた,"［悼］凖二級
音: トウ／ドウ 訓: いた・む
意味: 死者を偲び心から悲しむ、死者に思いを致して心を痛める。",悼 → JPDB Kanji Freq: 2482,漢字の読みを入力してください,Text
__斥__ける，__斥__く,しりぞ,"［斥］三級
音: セキ／シャク 訓: しりぞ・ける
意味: 退(しりぞ)ける、押し退(の)ける、追い遣(や)る、排斥(ハイセキ)。
押し開く、大きく広げる、斥地(セキチ)。
(誤りを)指摘する、咎(とが)める、斥責(セキセキ・チェザ)。
窺(うかが)う、探(さぐ)る、斥候(セッコウ)。
充斥(ジュウセキ)、一面に蔓延(はびこ)る、いっぱいになる。",斥 → JPDB Kanji Freq: 2480,漢字の読みを入力してください,Text
"__唆__す
相手を煽てたりだましたりして、その気にさせて誘う。特に、悪いほうへ誘うときに使う。
「違法行為を―す」",そそのか,"［唆］凖二級
音: サ 訓: そそのか・す
意味: そそのか・す、嗾(けしか)けて悪いことをさせようとする。
囉唆(ラサ)、話が回りくどい、話がくどく鬱陶ウットウしい。",唆 → JPDB Kanji Freq: 2463,漢字の読みを入力してください,Text
__幣__，__幣__を奉る,ぬさ,"［幣］凖二級
音: ヘイ／ベ 訓: ぬさ／しで
意味: 神前シンゼンに供(そな)える白い絹布、同「𧝬」「𢄞」。
君主や賓客ヒンキャクへの礼物レイブツ・レイモツ(お礼の品物)。
財物ザイブツ・ザイモツ、大切な(価値のある)金銭や品物。
銭ぜに、貨幣(カヘイ)、古く絹布は高価で通貨と同じ役を果たしていたことから、同「𧸁」。
同簡「币」。
日ぬさ、紙垂(かみしで、紙などで作った垂)を棒に結(ゆ)わえた祭祀用の用具、御幣(ゴヘイ)。",幣 → JPDB Kanji Freq: 2461,漢字の読みを入力してください,Text
"__俵__，米__俵__，__俵__を割る
わら･かやなどを編んで作った、米や穀類･炭などを入れる袋。
「米―を担ぐ」",たわら,"［俵］五級
音: ヒョウ 訓: たわら
意味: 分け与える、分配ブンパイする、同「㧼」「䞄」。
日たわら、藁(わら)で作った穀物などを入れる袋。",俵 → JPDB Kanji Freq: 2459,漢字の読みを入力してください,Text
__遡__る,さかのぼ,"［遡］二級
音: ソ／ス 訓: さかのぼ・る
意味: 水や時間・物事などの本来の流れとは逆方向に進む、上流に向かって進む、同「溯」。
源(みなもと、流れや物事の始まるところ)に向かって行く。
訴(うった)える、告げる、同「愬」「訴」。",遡 → JPDB Kanji Freq: 2435,漢字の読みを入力してください,Text
鯨,くじら,"［鯨］三級
音: ケイ／ギョウ／ゲイ 訓: くじら
意味: 鯨(クジラ)、クジラ目の水棲哺乳動物の総称、特に雄を指す、雌は「鯢」。",鯨 → JPDB Kanji Freq: 2432,漢字の読みを入力してください,Text
薪（焚き木）,たきぎ,"［薪］四級
音: シン 訓: たきぎ／まき
意味: 柴(しば)、燃料などに用いる細い枝、或いは太い木を割ったもの、いずれも燃料などに用いるものをいう。",薪 → JPDB Kanji Freq: 2429,漢字の読みを入力してください,Text
__愁__える，__愁__い,うれ,"［愁］凖二級
音: シュウ／ジュ 訓: うれ・える
意味: もの悲しく思う、侘びしい、秋の心情。
憂(うれ)える、あれこれと思いが巡(めぐ)り心が揺れ動く。",愁 → JPDB Kanji Freq: 2422,漢字の読みを入力してください,Text
"__斑__，__斑__なく
__斑__たるみ","むら,まだら","［斑］二級
音: ハン／ヘン 訓: まだら／ぶち／むら
意味: 地色に他の色が点状や縞状に散らばっているさま。
斑鳩(ハンキュウ)、ハト科キジバト属の小形のハト鳩、同、鵓鳩(ボツキュウ)、鳻鳩(ハンキュウ)、、山斑鳩(サンハンキュウ)(キジバト雉鳩)」、歐斑鳩(オウハンキュウ)(コキジバト小雉鳩)」、灰斑鳩(ハイハンキュウ)(シラコバト白子鳩)」、火斑鳩(カハンキュウ)(ベニバト紅鳩)」。",斑 → JPDB Kanji Freq: 2412,漢字の読みを入力してください,Text
"__醸__す，__醸__し出す
❶米やムギなどを発酵させて、酒・しょうゆ・みそなどをつくる。醸造する。
❷気分や感じをつくる。",かも,"［醸］凖二級
音: ジョウ／ニョウ 訓: かも・す
意味: 発酵作用を利用して酒・酢・醤(ひしお)などを造る、特に酒を造る。
混じり合い変化(発酵)し次第に別のものが生まれる。",醸 → JPDB Kanji Freq: 2403,漢字の読みを入力してください,Text
__酌__む，__酌__み交わす,く,"［酌］凖二級
音: シャク 訓: く・む
意味: 酒を汲(く)む、大きな容器に入っている酒を小さな器で掬(すく)う、酒を
酒を
斟酌(シンシャク)互いに酒を",酌 → JPDB Kanji Freq: 2399,漢字の読みを入力してください,Text
__堤__，__堤__人形,つつみ,"［堤］四級
音: テイ／タイ 訓: つつみ
意味: 川・湖・海の水が溢(あふ)れ出てくることを防ぐために土や石を高く盛ったところ、土手、同「隄」「碮」、堤防(テイボウ)。
瓶ビン(かめ)などの底の平らな部分。",堤 → JPDB Kanji Freq: 2398,漢字の読みを入力してください,Text
__篤__い,あつ,"［篤］三級
音: トク 訓: あつ・い
意味: 厚いさま、厚みがあるさま、手厚いさま、心が籠(こ)もっているさま、情けが深いさま、篤実(トクジツ)、同「䈞」「竺」。
一つのことに打ち込むさま。
病気が重いさま。",篤 → JPDB Kanji Freq: 2393,漢字の読みを入力してください,Text
"__肖__る
①同じようなしあわせを受ける（ことを願う）。
「ご長寿にあやかりたい」
②それに関連づけ（て、幸運や人気を呼ぼうとす）る。
「ドラマにあやかった企画」",あやか,"［肖］凖二級
音: ショウ 訓: に・る／あやか・る
意味: (子が親などに)似る、(姿形が)似ている、不肖(フショウ)(親に似ない、親に似ず至らない、親に似ず愚か、私の謙譲語)」。
元になるものに似せる、、肖像(ショウゾウ)。
小さい[日]あやか・る、あるものに似せる、あるものと同じようになる。",肖 → JPDB Kanji Freq: 2388,漢字の読みを入力してください,Text
"__煎__る，__煎__り豆
水気がなくなるまで火にあぶってこがす。",い,"［煎］二級
音: セン 訓: い・る
意味: 全体に熱を加え(食材の)水分を飛ばす、(食材の)水分がなくなるまで熱する、一般に油は使わないか或いは焦げ付かない程度の少量で熱を加える、「炒」参照。
水に食材や薬を入れて熱し(殆ど)水がなくなるまで煮詰める、煮出す。
(燃え尽きて)消える。",煎 → JPDB Kanji Freq: 2381,漢字の読みを入力してください,Text
"__倣__う
すでにある物事をまねてそのとおりにする。手本としてまねる。",なら,"［倣］三級
音: ホウ 訓: なら・う
意味: 姿形(すがたかたち)や方法などの手本となるものを見て学び、それに似(に)せる、似せた形に作る、似せた方法でする、同「傚」。",倣 → JPDB Kanji Freq: 2363,漢字の読みを入力してください,Text
__凹__む (1 & 2),"へこ,くぼ","［凹］凖二級
音: オウ／ヨウ 訓: くぼ・む／へこ・む／ぼこ
意味: 周囲が高く中央が低くなっている、また窪(くぼ)んでいる、またその形、同「窪」、突き出ているのは「凸」{筆順(凸凹)}。",凹 → JPDB Kanji Freq: 2360,漢字の読みを入力してください,Text
__藻__掻く，__藻__，__藻__屑，__藻__塩,も,"［藻］凖二級
音: ソウ 訓: も
意味: 水中に生息する植物などの総称、また、藻類(ソウルイ)、海草(カイソウ)、水草(スイソウ)(みずくさ)」などの水中に生える草の総称。
色鮮やかな模様、同「繅」。
表現が巧(たく)みで美しいさま。
十二章紋の一つ、水草を象(かたど)ったもの{服飾(十二章紋)}。
色とりどりの糸を使って撚(よ)り上げた紐(ひも)、組紐、同「繅」{服飾(冕冠)}。",藻 → JPDB Kanji Freq: 2336,漢字の読みを入力してください,Text
"__柿__，干し__柿__，干__柿__鬼鮫 (ナルト)
〘植物名〙くだものの名。秋、赤黄色に熟す。",かき,"［柿］二級
音: シ／ジ 訓: かき
意味: 柿(カキ)、カキノキ科カキノキ属の木、またカキノキ属の木の総称、またその果実{カキ}。",柿 → JPDB Kanji Freq: 2328,漢字の読みを入力してください,Text
__雌__，__雌__犬,めす,"［雌］四級
音: シ 訓: め／めす
意味: 鳥の母性、鳥の父性は「雄(おす)」、獣の母性は「牝(めす)」、獣の父性は「牡(おす)」。
小さく弱々しいさま。",雌 → JPDB Kanji Freq: 2310,漢字の読みを入力してください,Text
__雌__花，__雌__牛，__雌__しべ,め,"［雌］四級
音: シ 訓: め／めす
意味: 鳥の母性、鳥の父性は「雄(おす)」、獣の母性は「牝(めす)」、獣の父性は「牡(おす)」。
小さく弱々しいさま。",雌 → JPDB Kanji Freq: 2310,漢字の読みを入力してください,Text
"__遍__く
広く。すみずみまで全部。
例: 月の光が遍く地上をてらす。",あまね,"［遍］凖二級
音: ヘン 訓: あまね・く
意味: 広く隅々まで行き渡る、同「𨖠」「徧」。
あまね・く、広く漏れなく、隅々まで、同「徧」。
回数を数える語、同「徧」。",遍 → JPDB Kanji Freq: 2298,漢字の読みを入力してください,Text
__慄__く,おのの,"［慄］二級
音: リツ／リチ 訓: おのの・く
意味: 恐れや寒さで体が震える、恐れで身が竦(すく)む。
簡「栗」。",慄 → JPDB Kanji Freq: 2293,漢字の読みを入力してください,Text
"__盲__いる・目強いる
〔文〕目が見えなくなる。",めし,"［盲］凖二級
音: モウ／ミョウ 訓: めくら／めしい
意味: (視力が失われて)目が見えない、またそのような人、同「盳」「𥇋」「朚」「𤷐」。
物事をはっきりと理解・判断できない、道理に暗い。
しっかりと考える(吟味する)ことなしに、盲信(モウシン)。
日管状(筒状)のものの一方が塞(ふさ)がっているさま。",盲 → JPDB Kanji Freq: 2289,漢字の読みを入力してください,Text
__餓__え，__餓__える，__餓__え死に,う,"［餓］三級
音: ガ 訓: う・える
意味: 食べ物が足りず腹がすいて痩(や)せて骨ばる、飢(キ)(う・える、食べ物が足りず腹をすかす)」よりも甚(はなは)だしい状態。",餓 → JPDB Kanji Freq: 2288,漢字の読みを入力してください,Text
__淑__やか,しと,"［淑］凖二級
音: シュク／ジュク 訓: しと・やか
意味: 善(よ)い、良い、好ましい、同「俶」。
穢(けが)れがなく透き通っているさま、慎(つつし)み深く清らかなさま、同「𣻪」。",淑 → JPDB Kanji Freq: 2287,漢字の読みを入力してください,Text
__酢__，__酢__の物,す,"［酢］凖二級
音: サク／ザク／ソ／ス 訓: す
意味: 酸(す)っぱい、酸っぱい味、酸っぱい味の飲み物、同「酸」「醋」。
接待に対する礼として客が主人に杯を返す、同「醋」、主人が客に勧めるのは「酬」。",酢 → JPDB Kanji Freq: 2283,漢字の読みを入力してください,Text
__絹__，薄__絹__,きぬ,"［絹］五級
音: ケン 訓: きぬ
意味: 蚕の繭から紡いで作った生糸で織った織物。
鳥獣を捕る網。",絹 → JPDB Kanji Freq: 2279,漢字の読みを入力してください,Text
"柵
①まとわりついてはなれない〈状態／もの〉。
「人情の━」
②〔雅〕くいを打ちならべ、これに竹や木を横にゆわえつけて水の流れをとめる設備。",しがらみ,"［柵］二級
音: サク／シャク／サン／セン 訓: しがらみ
意味: 木や竹を立て並べ卌状に組んだもの、隙間を設け通したいものだけを通るようにした仕切り。",柵 → JPDB Kanji Freq: 2279,漢字の読みを入力してください,Text
"__尼__，__尼__寺
①〘仏〙仏門にはいった女性。びくに（比丘尼）。尼法師。
「━さん」
②〘宗〙カトリックにはいって、神や病人などに奉仕(ほうし)する女性。修道女。",あま,"［尼］凖二級
音: ジ／ニ 訓: あま
意味: あま、出家して仏門に入った女性。
比丘尼(ビクニ)、出家して仏門に入った女性、男性は「比丘」。
近(ちか)しい、親(した)しい、同「昵」。
仲尼(チュウジ)、孔子コウシ(姓は子、名は丘、前551？年～前479年)の字(あざな)。
尼丘(ジキュウ)、尼山(ジサン)、山名、山東省済寧市曲阜市、孔子の父母が祈祷キトウして孔子を授(さず)かったとされる、同「㞾丘」「屔丘」「𡲌丘」{山東省}。",尼 → JPDB Kanji Freq: 2267,漢字の読みを入力してください,Text
"__咽__ぶ，__咽__せる，__咽__せっぽい
①飲食物や煙などで息がつまりそうになる。
②感情がこみ上げて声がつまる。「あまりの嬉しさに涙に―ぶ」
③風や水の音が激しく泣くように聞こえる。","む,むせ","［咽］二級
音: エン／エツ／エチ／イン 訓: のど／むせ・ぶ／むせ・る
意味: のど、口の奥から食道の入口までの部分、「咽」の途中から分かれて気管に通じる部分を「喉」、総称して、咽喉(インコウ)。
飲み込む、同「嚥」。
むせ・ぶ、食べ物が咽喉に閊(つか)える、同「噎」。",咽 → JPDB Kanji Freq: 2257,漢字の読みを入力してください,Text
"__峠__，__峠__道
❶山などの坂道を登りつめた所。
❷物ごとのいちばんさかんな時期。",とうげ,"［峠］四級
音: とうげ 訓: 
意味: 日坂道や物事などの上(のぼり)りが終わって下(くだ)り始めるその境目。",峠 → JPDB Kanji Freq: 2251,漢字の読みを入力してください,Text
小__唄__，長__唄__,うた,"［唄］二級
音: ハイ／バイ 訓: うた
意味: 仏の功徳(くどく)を褒(ほ)め称(たた)える言葉、声明ショウミョウ、またそれを抑揚をつけて唱(とな)える。
日歌、民謡や俗謡。",唄 → JPDB Kanji Freq: 2245,漢字の読みを入力してください,Text
__薫__る，__薫__り,かお,"［薫］凖二級
音: クン 訓: かお・る／かおり
意味: 良い香り、良い香りのする草。
火にかけて良い香りを立ち昇らせる、良い香りが立ち籠(こ)める、またその香り。
良い影響を与える、また受ける、薰陶(クントウ)。",薫 → JPDB Kanji Freq: 2233,漢字の読みを入力してください,Text
"__遜__る・謙る
相手に対して、自分を低いもの、価値の少ないものとして、行動する。けんそんする。
「遜った言い方」",へりくだ,"［遜］二級
音: ソン 訓: へりくだ・る
意味: へりくだ・る、他を敬って自ら一歩退(ひ)く、自ら一歩退(しりぞ)き控え目に振る舞う。
自ら地位などを退(しりぞ)き他に譲る。
逃(のが)れ身を隠す、同「遁」。",遜 → JPDB Kanji Freq: 2230,漢字の読みを入力してください,Text
__逝__く，〔文〕__逝__く,"い,ゆ","［逝］凖二級
音: セイ／ゼ 訓: ゆ・く
意味: 往(ゆ)く、去って行く、遠くへ行ってしまう。
亡くなる、死ぬ。",逝 → JPDB Kanji Freq: 2215,漢字の読みを入力してください,Text
"__陳__ねる
〔ふつう陳ね〈た／て〉〕
①古くなる。古びる。
「陳ねた（沢庵）」
②ませる。
「陳ねた子」
③〔俗〕ひねくれる。
「陳ねた性格を直したい」",ひ,"［陳］三級
音: チン／ジン 訓: の・べる
意味: 順に並べる、一列に並べる、広げ並べる、また並ぶ、同「敶」「𨸬」「𢽬」。
順を追って述べる、よく分かるように述べる、同「𨸬」「𢽬」。
古い、旧式な、長い時が経っている。
周代(西周)から春秋時代にかけての古国名、前1046年～前478年、現河南省周口市淮陽ジュンヨウ区一帯{河南省}。
南北朝時代の南朝最後の王朝、557年～589年、別名「南陳」{南北朝時代}。",陳 → JPDB Kanji Freq: 2211,漢字の読みを入力してください,Text
__朽__ちる,く,"［朽］四級
音: キュウ／ク 訓: くち・る
意味: 草木が腐(くさ)る。
衰える、生気がなくなる。",朽 → JPDB Kanji Freq: 2207,漢字の読みを入力してください,Text
__賜__う，__賜__わる,たま,"［賜］凖二級
音: シ 訓: たま・う／たまわ・る／たまもの
意味: 上位の者が下位の者に物や位などを与える、恵(めぐ)む。
下位の者が上位の者から物や位などを頂戴する、授(さず)かりもの。",賜 → JPDB Kanji Freq: 2205,漢字の読みを入力してください,Text
"__陵__
〔雅〕天皇・皇后の墓。御陵。山陵。",みささぎ,"［陵］三級
音: リョウ 訓: みささぎ
意味: 大きな土山つちやま。
みささぎ、高く土を盛った王の墓。
危険や困難を乗り越える、乗り越えて高みに登る、同「凌」。
ぐっと踏み付ける、踏み付けにする、上から(力ずくで)押さえ付ける、同「凌」「𠡭」。",陵 → JPDB Kanji Freq: 2194,漢字の読みを入力してください,Text
"__郭__
❶城などの周囲にめぐらして築いた、土や石の囲い。
❷（まわりを囲ってあったことから）遊里。遊廓。",くるわ,"［郭］三級
音: カク 訓: くるわ
意味: (日本の城下町に当たる)都市を二重に囲む高い壁のうちの外側の壁、外城ガイジョウ、またその壁で囲まれた市街、同「廓」「郛」、内側の壁を「城」という。
壁や塀などで周りが囲まれているところ、同「廓」。
中心から外方向に広げる、同「拡」。
郭公(カッコウ)、カッコウ科カッコウ属の鳥、別名、大杜鵑(タイトケン)、布穀鳥(フコクチョウ)(ふふどり)」、鳲鳩(シキュウ)、鴶鵴(カツキク)、擊穀(ゲキコク)、桑鳩(ソウキュウ)。",郭 → JPDB Kanji Freq: 2193,漢字の読みを入力してください,Text
"__耕__す
〔農作物を作るために〕田畑をほり返す。",たがや,"［耕］六級
音: コウ／キョウ 訓: たがや・す
意味: 田畑の土を掘り返す、土を柔らかくすると同時に土中に空気を入れる作業をいう。
怠らず力を尽くす。",耕 → JPDB Kanji Freq: 2166,漢字の読みを入力してください,Text
__賄__う，__賄__い,まかな,"［賄］凖二級
音: カイ／ケ／ワイ 訓: まかな・う
意味: 財貨、金品。
金品を贈る。
賄賂(ワイロ)、(自らの利益になるように便宜を図って貰おうという)不正な意図をもって他人に金品を贈る。
日食事の支度をする、食事や生活を切り盛りする。",賄 → JPDB Kanji Freq: 2165,漢字の読みを入力してください,Text
__甚__だしい，__甚__だ,はなは,"［甚］凖二級
音: シン／ジン 訓: はなは・だ／はなは・だしい／いた・く
意味: (本来そこまで立ち入るべきではないところにまで)深入りする、度が過ぎる。
度を超えて、非常に、極めて、とても、とっても。
なにwhat、同「什」。",甚 → JPDB Kanji Freq: 2152,漢字の読みを入力してください,Text
"__甚__く｟副｠
〔文〕はなはだ。非常に。たいそう。
「━感じ入る」「━感動する」",いた,"［甚］凖二級
音: シン／ジン 訓: はなは・だ／はなは・だしい／いた・く
意味: (本来そこまで立ち入るべきではないところにまで)深入りする、度が過ぎる。
度を超えて、非常に、極めて、とても、とっても。
なにwhat、同「什」。",甚 → JPDB Kanji Freq: 2152,漢字の読みを入力してください,Text
__乞__う，命__乞__い,こ,"［乞］二級
音: キツ／コツ 訓: こ・う
意味: 他人に物を請(こ)い求める。",乞 → JPDB Kanji Freq: 2150,漢字の読みを入力してください,Text
"__茎__，歯__茎__
植物のじくで、葉や花などをつける部分。水分や養分の通り道になる。",くき,"［茎］凖二級
音: コウ／ギョウ／ケイ 訓: くき
意味: 草本の葉や花などを支える木の幹に当たる部分。
(草の茎のように)細長く伸びたもの、またそれを数える語。",茎 → JPDB Kanji Freq: 2148,漢字の読みを入力してください,Text
"__頓__に
急に。にわかに。また、しきりに。めっきり。
「近ごろ―小じわが増えた」 「―力をつけた新人」",とみ,"［頓］二級
音: トン 訓: とみ・に
意味: 動作を止めて短時間(「さっと」よりも長く「ずっと」よりも短い時間)同じ状態を続ける、また留(とど)まる、「とんと突く」「とんと踏む」のような状態。
どっしりと落ち着ける。
休憩所や宿、休憩所や宿で食事を摂る、「一時(いっとき)腰を落ち着ける」の意。
頓首(トンシュ)、額(ひたい)で地をとんと叩(たた)くようにしてお辞儀をする{姿勢(拝礼)}。
とみ・に、急に、俄かに、「突然に」よりもゆっくりと「徐々に」よりも急速に。",頓 → JPDB Kanji Freq: 2144,漢字の読みを入力してください,Text
"__匿__う
〔追われている人などを〕安全な所にかくす。
「犯人を━」",かくま,"［匿］三級
音: ジョク／ニョク／トク 訓: かくま・う／かく・す
意味: 箱などの中(上下四周が囲われていてどこからも人目に触れることがないところ)に人や物を隠す。
人の目には触れないように上下四周が囲われているところに入れる、また入る。",匿 → JPDB Kanji Freq: 2143,漢字の読みを入力してください,Text
__綻__びる，__綻__ぶ,ほころ,"［綻］二級
音: タン／デン 訓: ほころ・ぶ／ほころ・びる
意味: 衣服が破れる、解(ほど)けて中が見える、裂けて中が露(あらわ)になる。
蕾が開く。",綻 → JPDB Kanji Freq: 2138,漢字の読みを入力してください,Text
"__諾__う・肯う
同意する。承諾する。",うべな,"［諾］三級
音: ダク／ニャク 訓: うべな・う
意味: 相手の質問や依頼によく考えて応(こた)える、同意・承知・容受の意思を表す「はい」という返事、間髪を入れずに応えるのは「唯」。
うべな・う、相手の言葉を受け入れる、承知(ショウチ)する。",諾 → JPDB Kanji Freq: 2132,漢字の読みを入力してください,Text
__搾__る,しぼ,"［搾］三級
音: サク／サ／シャ 訓: 
意味: 強く締め付けたり圧(お)し付けたりすることで液体だけを(細かい穴を通して)外に出す、絞(しぼ)り出す、滲(にじ)み出させる、液体を取り除く、中国では「榨{⿰木窄}」を用いる。",搾 → JPDB Kanji Freq: 2128,漢字の読みを入力してください,Text
"__培__う
①〔土を根にかけて〕草木を育てる。
②（もととなるものを）養って育てる。
「健全な精神を━」",つちか,"［培］凖二級
音: ハイ／バイ／ベ／ホウ／ブ 訓: つちか・う
意味: 植物の根元に土を盛り上げる、よって生育を助ける。
知識や能力を養い育てる。
培塿(ハイロウ)、土を重ね盛った小さな丘、同「㟝嶁」。",培 → JPDB Kanji Freq: 2123,漢字の読みを入力してください,Text
"__挫__ける，__挫__く
①関節をむりに曲げたりして、痛める。
②相手の力をおさえて、弱くする。
「弱きをたすけ、強きを━」",くじ,"［挫］二級
音: サ／ザ 訓: くじ・く／くじ・ける
意味: 途中で折る、折れる。
途中からそれまでのように進めなくなる。",挫 → JPDB Kanji Freq: 2120,漢字の読みを入力してください,Text
__諭__す，__諭__し,さと,"［諭］凖二級
音: ユ 訓: さと・す
意味: 分からない点・疑問に思っている点・誤っている点などについて(例を引いて)分かりやすく説明し理解させる、同「喩」。
譬(たと)える、理解を促(うなが)すために別の同様の例を挙げる、同「譬」「喩」。
(上位の者が下位の者に)言い聞かせる、告げる、布告する。",諭 → JPDB Kanji Freq: 2112,漢字の読みを入力してください,Text
__蚊__，__蚊__柱，やぶ__蚊__,か,"［蚊］凖二級
音: ブン／モン 訓: か
意味: 蚊(カ)、ハエ目カ科の昆虫、また同科の昆虫の称。",蚊 → JPDB Kanji Freq: 2109,漢字の読みを入力してください,Text
__貪__る,むさぼ,"［貪］二級
音: タン／トン／ドン 訓: むさぼ・る
意味: 必要以上に(また能力以上に)ものを得ようとする、欲張(よくば)る、貪欲(ドンヨク)。
どこまでも追い求める、同「探」、貪求(タンキュウ)。",貪 → JPDB Kanji Freq: 2105,漢字の読みを入力してください,Text
"釜
①飯をたいたり、湯をわかしたりする、金属の器具。
「お━・ふろ━」",かま,"［釜］二級
音: フ／ブ 訓: かま
意味: 食材を煮炊する底が丸く深い鍋(なべ){食器}。
中国戦国時代の齊国の容量の単位、1釜(フ)=6斗4升{各種単位}。",釜 → JPDB Kanji Freq: 2099,漢字の読みを入力してください,Text
"__禍__々しい
〔文〕わざわいをもたらすような感じだ。不吉だ。
①縁起が悪い。いまわしい。「―い出来事」
②にくらしい。いまいましい。",まが,"［禍］凖二級
音: カ／ガ 訓: わざわい
意味: (神の祟りによってもたらされる)良くない出来事、思い掛けない災い。
良くないことに出会う、良くないことが起きる、災厄サイヤク(災難)に見舞われる。",禍 → JPDB Kanji Freq: 2098,漢字の読みを入力してください,Text
"__溝__
①下水などを流すために地面にほった、細長い〈くぼみ／水路〉。
②細長いくぼみ。",みぞ,"［溝］凖二級
音: コウ／ク 訓: みぞ
意味: 両側を木や石を組んで作った水路、用水路。
田畑の間に通した用水路、井田制(周代の税法)では「井(一里四方の土地を縦横それぞれ三分して九区画に分け、八戸に一区画ずつ与え、中央の一区画を八戸で共同耕作し、そこからの収穫を税としたもの)」の境界となる幅四尺・深さ四尺の水路「洫」参照{井田制}。
筋状に続いている窪み。
(溝を掘って)隔(へだ)てる、境界。
10の32乗{数字}。",溝 → JPDB Kanji Freq: 2095,漢字の読みを入力してください,Text
"__婿__，花__婿__
①〔親から見た〕むすめの夫。
②〔旧民法で〕女性が親のあとをつぐときにむかえる夫。
「━を取る」
お婿さん。（↔嫁）",むこ,"［婿］三級
音: セイ／サイ 訓: むこ
意味: 娘(むすめ、自分の女の子供)の夫、同「壻」「𦕓」。",婿 → JPDB Kanji Freq: 2090,漢字の読みを入力してください,Text
__鉛__，__鉛__色,なまり,"［鉛］四級
音: エン 訓: なまり
意味: 金属の一種、鉛白(エンパク)(鉛を使った白色の顔料)」、鉛筆(エンピツ)(鉛粉を使って書く筆、黒鉛と粘土から作った芯を持つ筆記具)」。
鉛(Plumbum羅、Pb)、元素名{鉛}。",鉛 → JPDB Kanji Freq: 2089,漢字の読みを入力してください,Text
__畏__れる，__畏__れ,おそ,"［畏］二級
音: イ／エ 訓: おそ・れる／かしこ・まる
意味: 懼(おそ)れる、恐(おそ)れる、危害や不幸が及ぶかもしれないと怯(おび)える。
力のあるものに圧倒アットウされる、威勢イセイや威嚴イゲンに気圧(けお)される。
(力があることを認めて)尊(とう)び敬(うやま)う。",畏 → JPDB Kanji Freq: 2087,漢字の読みを入力してください,Text
"__畏__まる
①おそれいって、つつしんだ態度をとる。特に、正座する。「新入社員が―って座る」
②つつしんで承知する。「―りました」",かしこ,"［畏］二級
音: イ／エ 訓: おそ・れる／かしこ・まる
意味: 懼(おそ)れる、恐(おそ)れる、危害や不幸が及ぶかもしれないと怯(おび)える。
力のあるものに圧倒アットウされる、威勢イセイや威嚴イゲンに気圧(けお)される。
(力があることを認めて)尊(とう)び敬(うやま)う。",畏 → JPDB Kanji Freq: 2087,漢字の読みを入力してください,Text
"__岬__
海や湖につき出した陸地のはし。例 : 岬の灯台。",みさき,"［岬］凖二級
音: コウ／キョウ 訓: みさき
意味: 山が両側から迫(せま)っているところ、同「峽」。
みさき、海や湖などに長く突き出た陸地。",岬 → JPDB Kanji Freq: 2084,漢字の読みを入力してください,Text
"打ち__拉__ぐ，打ち__拉__がれる，__拉__ぐ，__拉__げる
①（主に受身の形で用いる）精神的な衝撃などで気力を完全になくさせる。
②武器などで相手をたたきのめす。",ひし,"［拉］二級
音: ロウ／ラツ 訓: ひし・ぐ／ひしゃ・げる
意味: 折る、圧(へ)し折る。
引く、引っ張る、引き延ばす。
日ひし・ぐ、ひしゃ・げる、押し潰(つぶ)す、押し潰されて形が変わる。",拉 → JPDB Kanji Freq: 2082,漢字の読みを入力してください,Text
"__拉__く
形をこわしたり、状態を乱したりする。
「草を踏み━」",しだ,"［拉］二級
音: ロウ／ラツ 訓: ひし・ぐ／ひしゃ・げる
意味: 折る、圧(へ)し折る。
引く、引っ張る、引き延ばす。
日ひし・ぐ、ひしゃ・げる、押し潰(つぶ)す、押し潰されて形が変わる。",拉 → JPDB Kanji Freq: 2082,漢字の読みを入力してください,Text
"__崇__める，__崇__めたてる
この上もなく価値のあるものと思って、うやまう。
「師と━」
（↔いやしめる）",あが,"［崇］凖二級
音: シュウ／ズウ／スウ 訓: あが・める
意味: 山が高く大きいさま。
気高(けだか)いさま、高貴(コウキ)なさま。
あが・める、貴(たっと)ぶ、敬(うやま)い重んずる。
終える、終わる。",崇 → JPDB Kanji Freq: 2080,漢字の読みを入力してください,Text
__謹__む，__謹__んで〔副〕,つつし,"［謹］凖二級
音: キン／コン 訓: つつし・む
意味: 慎(つつし)む、隅々まで心を配(くば)る、気を配る、またそのように振る舞う、同「慎」。
謹慎(キンシン)、隅々まで配慮すること、細部にまで",謹 → JPDB Kanji Freq: 2079,漢字の読みを入力してください,Text
__桁__違い，橋__桁__,けた,"［桁］二級
音: コウ／ギョウ／ゴウ 訓: けた
意味: 建物正面に向かって左右方向に渡した横木、同「檁」、一般に建物は柱を立て、その上に梁リョウ(はり)を渡し、その上に直角方向に桁コウ(けた)を渡す構造になる、棟木(むなぎ)は建物の屋根の最も高い位置にある桁{建物}。
支柱の上に架け渡す横木。
衣桁(イコウ)、衣服を掛けるための家具。
首枷(くびかせ)。
日算盤(そろばん)の玉を貫く棒、数の位取(くらいど)り。",桁 → JPDB Kanji Freq: 2076,漢字の読みを入力してください,Text
__呉__りゃる，__呉__る，__呉__れる,く,"［呉］凖二級
音: ゴ／グ 訓: く・れる／くれ
意味: 人の声や物音が大きく騒々しい。
人の声や物音が大きく騒々しい。
大きい。
春秋時代(前770年～前5世紀)に現江蘇省一帯を支配した古国名、前12世紀頃～前473年、別名、句呉(コウゴ){春秋時代}{江蘇省}。
三国時代に現江蘇省を中心に中国南東部を支配した古国名、222年～280年、孫権ソンケンが建てたことから別名、孫呉(ソンゴ){三国時代}。
五代十国時代に現江蘇省揚州ヨウシュウ市を中心とした一帯を領した古国名、902年～937年、楊行密ヨウコウミツが建てたことから別名、楊呉(ヨウゴ){五代十国時代}。",呉 → JPDB Kanji Freq: 2075,漢字の読みを入力してください,Text
__襟__，__襟__首,えり,"［襟］凖二級
音: キン／コン 訓: えり
意味: 衣服の体の前(胸元)を覆(おお)う部分、和服の前身頃(まえみごろ)に相当する部分の帯よりも上の部分、同「䘳」{服飾(衣服)}。
胸のうち、胸に抱(いだ)く思い。
連襟(レンキン)、相婿(あいむこ)、姉妹の夫(おっと)同士の関係。",襟 → JPDB Kanji Freq: 2060,漢字の読みを入力してください,Text
"__桑__，__桑__畑
畑に植え、葉をカイコのえさにする植物。皮は紙の原料とし、実は食べられる。",くわ,"［桑］三級
音: ソウ 訓: くわ
意味: 桑(クワ)、クワ科の木の総称、実は食べられ葉は蚕の餌になり根は薬になる、更に木は楽器や家具などに枝は弓に利用される{クワ}。
養蚕ヨウサンする。",桑 → JPDB Kanji Freq: 2051,漢字の読みを入力してください,Text
__繕__う，__繕__い,つくろ,"［繕］三級
音: セン／ゼン 訓: つくろ・う
意味: 衣服の綻(ほころ)びなどを元通りにする、補修する、同「敾」。
間違いや欠けたところなどを補い修正しながら書き写す、同「𧭽」。",繕 → JPDB Kanji Freq: 2047,漢字の読みを入力してください,Text
__煩__わす，__煩__う，__煩__い，__煩__わしい,わずら,"［煩］凖二級
音: ハン／ボン 訓: わずら・う／わずら・わしい／うるさ・い
意味: あれこれ多くの物や事が入り乱れるさま。
あれこれ多くの物や事が身に降りかかる、またそれで頭を痛める、また苛々(いらいら)する、また思い悩む、煩悶(ハンモン)。
繁多ハンタな、こまごまとして面倒な。",煩 → JPDB Kanji Freq: 2046,漢字の読みを入力してください,Text
__煩__い,うるさ,"［煩］凖二級
音: ハン／ボン 訓: わずら・う／わずら・わしい／うるさ・い
意味: あれこれ多くの物や事が入り乱れるさま。
あれこれ多くの物や事が身に降りかかる、またそれで頭を痛める、また苛々(いらいら)する、また思い悩む、煩悶(ハンモン)。
繁多ハンタな、こまごまとして面倒な。",煩 → JPDB Kanji Freq: 2046,漢字の読みを入力してください,Text
__藍__色，__藍__染め,あい,"［藍］二級
音: ラン 訓: あい
意味: 藍(アイ)、タデ科イヌタデ属の草、濃い青色の染料を製しインディゴ(indigo)と呼ばれる{アイ}。
濃い青色。
縁(へり)が解(ほつ)れたり破れたりした衣服、ぼろ(襤褸)、同「襤」。",藍 → JPDB Kanji Freq: 2042,漢字の読みを入力してください,Text
__殖__やす，__殖__える,ふ,"［殖］四級
音: ショク／ジキ 訓: ふ・える／ふ・やす
意味: 種を植え生まれた芽を大きく育てる。
子(子孫)や財(財産)が増える、また増やす、繁殖(ハンショク)",殖 → JPDB Kanji Freq: 2031,漢字の読みを入力してください,Text
__宛__てる，__宛__先,"あて,あ","［宛］二級
音: エン／オン 訓: あて・る／あたか・も／さなが・ら／あて・がう／あて
意味: 曲がる、くねる、緩(ゆる)やかに曲がる、同「惌」。
あたか・も、まるで、まるで～のよう、宛然(エンゼン)。
大宛(ダイエン)、古国名、漢代(前202年～220年)、中国西方の現ウズベキスタン共和国フェルガナFergana周辺にあった。
日あて・る、あて、当てる、当て嵌(は)める。",宛 → JPDB Kanji Freq: 2029,漢字の読みを入力してください,Text
"__宛__ら
ちょうど。まるで。そっくり。
例 本番宛らの練習。",さなが,"［宛］二級
音: エン／オン 訓: あて・る／あたか・も／さなが・ら／あて・がう／あて
意味: 曲がる、くねる、緩(ゆる)やかに曲がる、同「惌」。
あたか・も、まるで、まるで～のよう、宛然(エンゼン)。
大宛(ダイエン)、古国名、漢代(前202年～220年)、中国西方の現ウズベキスタン共和国フェルガナFergana周辺にあった。
日あて・る、あて、当てる、当て嵌(は)める。",宛 → JPDB Kanji Freq: 2029,漢字の読みを入力してください,Text
__剰__え,あまつさ,"［剰］凖二級
音: ショウ／ジョウ 訓: あまつさ・え／あま・る
意味: 余(あま)る、余り、必要な分を除いた後の残り、残る。
あまつさ・え、その上に。",剰 → JPDB Kanji Freq: 2019,漢字の読みを入力してください,Text
__飢__える，__飢__え,う,"［飢］凖二級
音: キ 訓: う・える
意味: 食べ物が足りず腹をすかす、同「饑」、腹をすかし痩せ衰えるのは「餓」。
穀物が不作で食糧が不足する、同「饑」、穀物以外の作物が不足するのは「饉」。",飢 → JPDB Kanji Freq: 2017,漢字の読みを入力してください,Text
"__赴__く
①ある方向へ行く。向かう。
「任地へ━・足の━まま」
②しだいに、その状態に向かう。
「回復に━・勢いの━ところ」",おもむ,"［赴］三級
音: フ 訓: おもむ・く
意味: 目的とする場所を目指して急ぎ行く。
駆(か)け付ける、馳(は)せ参じる。
人の死を急ぎ知らせる、同「訃」。",赴 → JPDB Kanji Freq: 2016,漢字の読みを入力してください,Text
__芋__，里__芋__，焼き__芋__,いも,"［芋］四級
音: ウ 訓: いも
意味: 澱粉などの養分を貯えて肥大した根茎、塊根カイコン、塊根を食用とする植物の総称{イモ}。
サトイモ里芋、サトイモ科サトイモ属、サトイモ科の植物、中国では、芋(ウ)或いは、芋艿(ウダイ)という{サトイモ}。
草が盛んに生い茂るさま。",芋 → JPDB Kanji Freq: 2015,漢字の読みを入力してください,Text
__栃__木県,とち,"［栃］七級
音: とち／とちのき 訓: 
意味: 日トチノキ橡・栃・栃の木、ムクロジ科トチノキ属の木、また同属の木の総称{トチノキ}。",栃 → JPDB Kanji Freq: 2012,漢字の読みを入力してください,Text
__衰__える，__衰__え,おとろ,"［衰］三級
音: スイ／サイ／セ 訓: おとろ・える
意味: 少しずつ小さくなる、大きいものが小さくなる、次第に細る、太いものが細くなる、次第に弱る、強いものが弱くなる。
蓑(みの)、背中に羽織って雨雪を防ぐ藁などで作った雨具、同「蓑」。
近しい人が亡くなった際に着用する粗い麻製の喪服の名、父や子などの場合は裾(すそ)の下縁(へり)を縫わない、斬衰・斬縗(ザンサイ)、祖父や兄弟などの場合は縁を縫う、齊衰・纃縗(シサイ)を着用する、亡くなった人の近遠の順に「斬縗・斬衰」「纃縗・齊衰」、大功(タイコウ)、小功(ショウコウ)、緦麻(シマ)があり、五服(ゴフク)と呼ばれる、同「縗」。",衰 → JPDB Kanji Freq: 2011,漢字の読みを入力してください,Text
__串__刺し，__串__焼き,くし,"［串］二級
音: セン／カン／ケン 訓: くし
意味: 反対側まで通(とお)す、貫(つらぬ)く、同「穿」。
孔(あな)の開いたものに紐(ひも)を通す。
気心が通じている、親(した)しい。
親串(シンセン)親近者、気心が通じている人親戚、関係が深い人。
一貫イッカンした、いつも同じ、「串習、慣習・習慣(カンシュウ)。
串子(センシ)、串票(センピョウ)、財貨を領収したことを記(しる)した券ケン(札)、領収書、同「賗」。",串 → JPDB Kanji Freq: 2010,漢字の読みを入力してください,Text
__糧__，心の__糧__,かて,"［糧］三級
音: リョウ／ロウ 訓: かて
意味: 旅行や軍の遠征の際に持って行く食べ物、一般には保存ができて携帯できる穀類・豆類などの主食を指す。
主食とする穀類・豆類などの食べ物。
税として納める穀物。",糧 → JPDB Kanji Freq: 2008,漢字の読みを入力してください,Text
"__堕__ろす，__堕__ちる
崩れおちる。おちぶれる。「堕落」 「地獄に堕ちる」 「俗に堕ちる」",お,"［堕］凖二級
音: タ／ダ／キ 訓: お・ちる
意味: 壊(こわ)れる、破(やぶ)れる、同「隓」。
崩(くず)れる、崩れ落ちる、同「陊」「隓」「隳」。
落ちる、落下する。
惰(おこた)る、怠(なま)ける、同「惰」「隳」。",堕 → JPDB Kanji Freq: 2007,漢字の読みを入力してください,Text
__刈__る，__刈__り入れ,か,"［刈］四級
音: ガイ／ゲ 訓: か・る
意味: 刃物で草木を切る、同「乂」「艾」「苅」。
切る、切り取る、切り払う、切り落とす。",刈 → JPDB Kanji Freq: 2004,漢字の読みを入力してください,Text
__漆__，__漆__塗り,うるし,"［漆］凖二級
音: シツ／シチ 訓: うるし
意味: 漆(ウルシ)、ウルシ科ウルシ属の木、またその木の樹液、その樹液を用いて作った塗料、同「桼」「柒」{ウルシ}。
(漆のように)黒い、真っ黒い、漆黒(シッコク)(漆のように光沢があり真っ黒なさま)」。
川名、陝西省宝鶏市麟游県を源として渭河イガ(渭水イスイ)に",漆 → JPDB Kanji Freq: 2001,漢字の読みを入力してください,Text
__綿__，真__綿__,わた,"［綿］六級
音: ベン／メン 訓: わた
意味: 綿(ワタ)(アオイ科ワタ属の草本植物)やキワタ木棉(アオイ科キワタ属の木本植物)などの植物から採った繊維の総称、植物名のワタは中国では「棉」、日本では繭(まゆ)から採った繊維を「真綿(まわた)」と呼ぶのに対して、植物から採った繊維を「木綿・木棉(もめん)」と呼ぶ、また長い繊維を「綿」といい短いものを「絮」という{ワタ}。
(ワタの繊維のように)細く長い。
(ワタの繊維のように)細く長く(途切れずに)続く、綿綿(メンメン)。
細い、小さい。
(ワタのように)柔らかい、弱々しい。",綿 → JPDB Kanji Freq: 2000,漢字の読みを入力してください,Text
"弦
弓や楽器にはる糸。",つる,"［弦］凖二級
音: ケン／ゲン 訓: つる
意味: 弓キュウ(ゆみ)に張る糸{武器(弓箭)}。
琴(こと)、瑟(シツ)などの弦楽器に張る糸、同「絃」。
半円形の月、旧暦八日の半月を「上弦」、旧暦二十二・二十三日の半月を「下弦」。
(字状の弓(ゆみ)のような形の先端同士を結ぶ線、直角三角形の斜辺。
脈ミャク(血液が血管を流れる際の規則的な動き)の一つ、、脈弦(ミャクゲン)。",弦 → JPDB Kanji Freq: 1999,漢字の読みを入力してください,Text
__苗__代,なわ,"［苗］三級
音: ビョウ／ミョウ 訓: なえ
意味: 生え出たばかりの草、蒔いた種が発芽してから植え替えるまでの間の若い作物、生長させるために大切に育てられる若芽。
血筋、代々と血筋を受け継いでいく子孫。
苗族(ミャオゾク)、中国東南部からインドシナ北部の山岳地帯に住む少数民族の名。",苗 → JPDB Kanji Freq: 1995,漢字の読みを入力してください,Text
__苗__，早__苗__，__苗__木,なえ,"［苗］三級
音: ビョウ／ミョウ 訓: なえ
意味: 生え出たばかりの草、蒔いた種が発芽してから植え替えるまでの間の若い作物、生長させるために大切に育てられる若芽。
血筋、代々と血筋を受け継いでいく子孫。
苗族(ミャオゾク)、中国東南部からインドシナ北部の山岳地帯に住む少数民族の名。",苗 → JPDB Kanji Freq: 1995,漢字の読みを入力してください,Text
"__懇__ろだ
①真心を尽くすさま。人に親切でていねいなさま。「客を―にもてなす」
②親しみ合うさま。また、男女がとてもむつまじいさま。「―な仲になる」",ねんご,"［懇］凖二級
音: コン 訓: ねんご・ろ
意味: 真心(まごころ)がこもったさま、懇誠(コンセイ)、同「豤」「悃」。",懇 → JPDB Kanji Freq: 1993,漢字の読みを入力してください,Text
"仲__睦__まじい，__睦__まじい，__睦__む
〔家族・恋人どうしなどの〕気持ちがぴったり合って、仲がいい。むつましい。
「夫婦で睦まじく過ごす・仲━」",むつ,"［睦］二級
音: ボク／モク 訓: むつ・ぶ／むつ・む／むつ・まじい
意味: 互いに相手を思い仲良くする、仲が良い。
和(なご)やかに親(した)しみ合う。",睦 → JPDB Kanji Freq: 1992,漢字の読みを入力してください,Text
__肥__，下__肥__,こえ,"［肥］六級
音: ヒ／ビ 訓: こ・える／こえ／こ・やす
意味: 脂肪を多く含んだ肉が付いている、脂肪を多く含んだ肉が付いて太っている、肉付きが良い。
土がたっぷりと養分を含んでいる、地味(ちみ)が良い。
地味(ちみ)を良くするために与える養分。
たっぷりと貯(たくわ)えがあるさま、豊(ゆた)かなさま、ゆとりがあるさま。",肥 → JPDB Kanji Freq: 1991,漢字の読みを入力してください,Text
__肥__やす，__肥__やし，__肥__える,こ,"［肥］六級
音: ヒ／ビ 訓: こ・える／こえ／こ・やす
意味: 脂肪を多く含んだ肉が付いている、脂肪を多く含んだ肉が付いて太っている、肉付きが良い。
土がたっぷりと養分を含んでいる、地味(ちみ)が良い。
地味(ちみ)を良くするために与える養分。
たっぷりと貯(たくわ)えがあるさま、豊(ゆた)かなさま、ゆとりがあるさま。",肥 → JPDB Kanji Freq: 1991,漢字の読みを入力してください,Text
__貝__，__貝__細工，ほら__貝__,かい,"［貝］十級
音: ハイ／バイ 訓: かい
意味: 殻を纏(まと)う軟体動物の総称、二枚貝や巻貝の総称、同「蛽」。
(貝の)殻。
銭、貨幣、古代貝殻を貨幣として用いたことから。
貝殻のような(貝殻のようにきらきらした)美しい模様を織り込んだ錦(にしき)、貝錦(バイキン)
かい、かいへん、部首名",貝 → JPDB Kanji Freq: 1990,漢字の読みを入力してください,Text
__慕__う，__慕__わしい,した,"［慕］三級
音: ボ／モ 訓: した・う
意味: 大切に思っている人・憧(あこが)れている人・愛している人に思いを寄せる。",慕 → JPDB Kanji Freq: 1989,漢字の読みを入力してください,Text
__謙__る,へりくだ,"［謙］凖二級
音: ケン 訓: へりくだ・る
意味: 人を敬い譲って自分は控え目にする、慎み深い。
快いさま、心が満たされるさま、心穏やかなさま、同「慊」。",謙 → JPDB Kanji Freq: 1986,漢字の読みを入力してください,Text
"○○__岳__
高く大きな山。高大な山。高山。「谷川―に登る」",たけ,"［岳］三級
音: ガク 訓: たけ
意味: 高く大きな山、高く大きく崇高スウコウな山、同「岳」。
五岳(ゴガク)、中国の代表的な五つの名山、岱山タイザン(東嶽、現泰山、山東省泰安市{山東省})、霍山カクザン(南嶽、現衡山、湖南省衡陽市{湖南省})、華山カザン(西嶽、陝西省華陰市{陝西省})、恆山コウザン(北嶽、山西省大同市渾源県{山西省})、嵩山スウザン(中嶽、河南省鄭州市登封市{河南省})。
妻の父母に対する尊称、岳父(ガクフ)(妻の父親)」、岳家(ガクカ)(妻の実家)」。",岳 → JPDB Kanji Freq: 1983,漢字の読みを入力してください,Text
__腸__，__腸__が煮えくり返る,はらわた,"［腸］五級
音: チョウ／ジョウ 訓: はらわた
意味: 胃から肛門までの管状の消化器官の総称、「小腸」「大腸」「直腸」から成る{人体(内臓)}。
日はらわた、腹部にある臓器、動物の内臓。",腸 → JPDB Kanji Freq: 1981,漢字の読みを入力してください,Text
__肘__，__肘__掛け,ひじ,"［肘］二級
音: チュウ 訓: ひじ
意味: 上臂ジョウヒ(日本でいう上腕ジョウワン、腕の肩から肘まで)と前臂ゼンヒ(日本でいう前腕ゼンワン、腕の肘から手首まで)を繋ぐ関節の部分{人体(上肢)}。",肘 → JPDB Kanji Freq: 1978,漢字の読みを入力してください,Text
__箸__，割り__箸__，菜__箸__，__箸__が進む,はし,"［箸］二級
音: チャク／ジャク／チョ／ジョ 訓: はし
意味: 食べ物を挟(はさ)んで持つための二本一組の竹製の棒、同「櫡」「筯」。
はっきりと示す、明らかにする、書き表す、明らかなさま、同「著」。
着(つ)く、到着する、同「着」。",箸 → JPDB Kanji Freq: 1972,漢字の読みを入力してください,Text
"__寛__ぐ｟自五｠
心やからだが、ゆったりして楽になる。
「わが家で━・寛いだ集まり・どうぞ、お寛ぎください」",くつろ,"［寛］凖二級
音: カン 訓: くつろ・ぐ
意味: 広々としたさま、同「𥦀」。
幅(はば)、横幅。
心が広いさま、度量が大きいさま。
ゆったりとしたさま、ゆとりがあるさま。
緩(ゆる)いさま、緩んでいるさま。",寛 → JPDB Kanji Freq: 1971,漢字の読みを入力してください,Text
__紡__ぐ,つむ,"［紡］凖二級
音: ホウ／ボウ 訓: つむ・ぐ
意味: 麻(あさ)や繭(まゆ)などから繊維を取り出し撚(よ)り合わせて糸にする。",紡 → JPDB Kanji Freq: 1966,漢字の読みを入力してください,Text
__墨__，お__墨__付き，__墨__絵，眉__墨__,すみ,"［墨］三級
音: ボク／モク 訓: すみ
意味: 文字や絵を書く(描く)ための黒い液体、またそれを用いて書いた(描いた)書や絵画。
松脂や菜種油などの植物性油脂を燻(くす)ぶらせ、発生した煤(すす)を採取し、これを膠(にかわ)と合わせ練り固めたもの。
黒色、黒い。
罪人(の顔)の皮膚に彫り込んだ罰を受けたことを示す印、「入れ墨」、墨を用いたことから、同「黥」。",墨 → JPDB Kanji Freq: 1962,漢字の読みを入力してください,Text
__暦__，花__暦__,こよみ,"［暦］四級
音: レキ／リャク 訓: こよみ
意味: 太陽・月・星の運行とその相互の(位置)関係を基に、月・日・季節を計算・予測すること、またその方法、曆法(レキホウ)。
(一年の)月・日・季節を記したもの、カレンダーcalendar、同「厤」。",暦 → JPDB Kanji Freq: 1960,漢字の読みを入力してください,Text
__瓦__，__瓦__屋根,かわら,"［瓦］二級
音: ガ／ゲ 訓: かわら／グラム
意味: 土を目的の形に作って焼いたものの総称。
屋根に敷き詰める波板状の素焼きの土器、またそれを敷く。
ワットwatt(W)、仕事率(工率)や電力などの単位、瓦特(ワトゥ)。
日グラムgram(gramme、g)、重量の単位、中国では「克」。
かわら、部首名。",瓦 → JPDB Kanji Freq: 1956,漢字の読みを入力してください,Text
__舟__，小__舟__，渡し__舟__,ふね,"［舟］四級
音: シュウ／シュ 訓: ふね／ふな
意味: 川や沿岸を行き来するための船。
酒壺など下に敷く盆、(人を乗せる舟のように)上に載せたものを下で受けるもの
帯(お)びる、身に着ける。
ふね、ふねへん、部首名。",舟 → JPDB Kanji Freq: 1955,漢字の読みを入力してください,Text
__舟__遊び，__舟__宿，__舟__歌,ふな,"［舟］四級
音: シュウ／シュ 訓: ふね／ふな
意味: 川や沿岸を行き来するための船。
酒壺など下に敷く盆、(人を乗せる舟のように)上に載せたものを下で受けるもの
帯(お)びる、身に着ける。
ふね、ふねへん、部首名。",舟 → JPDB Kanji Freq: 1955,漢字の読みを入力してください,Text
__蔑__する,なみ,"［蔑］二級
音: ベツ／メチ 訓: さげす・む／ないがし・ろ
意味: 目が充血したり腫(は)れたりして、よく見えない、殆(ほとん)ど見えない。
殆ど見ない、しっかりと
目に入らない、軽んずる、無視する。
見下す、軽く見る、軽視する。
失う、無(な)くなる。",蔑 → JPDB Kanji Freq: 1954,漢字の読みを入力してください,Text
__蔑__ろ，__蔑__ろにする,ないがし,"［蔑］二級
音: ベツ／メチ 訓: さげす・む／ないがし・ろ
意味: 目が充血したり腫(は)れたりして、よく見えない、殆(ほとん)ど見えない。
殆ど見ない、しっかりと
目に入らない、軽んずる、無視する。
見下す、軽く見る、軽視する。
失う、無(な)くなる。",蔑 → JPDB Kanji Freq: 1954,漢字の読みを入力してください,Text
"__蔑__む
相手は自分よりおとっている、価値がない、という態度を見せる。
「蔑んだ目つき」",さげす,"［蔑］二級
音: ベツ／メチ 訓: さげす・む／ないがし・ろ
意味: 目が充血したり腫(は)れたりして、よく見えない、殆(ほとん)ど見えない。
殆ど見ない、しっかりと
目に入らない、軽んずる、無視する。
見下す、軽く見る、軽視する。
失う、無(な)くなる。",蔑 → JPDB Kanji Freq: 1954,漢字の読みを入力してください,Text
__罵__る,ののし,"［罵］二級
音: バ／メ 訓: ののし・る
意味: 悪口を浴びせ掛ける、罵詈(バリ)。
刑罰の一つ、罪を厳しく責(せ)め咎(とが)める言葉を浴びせ掛ける刑罰、同「傌」。",罵 → JPDB Kanji Freq: 1953,漢字の読みを入力してください,Text
一__頻__り、__頻__る,しき,"［頻］凖二級
音: ヒン／ビン 訓: しき・り
意味: 水際、水が打ち寄せるぎりぎりの所、同「瀕」(「頻」は「瀕」の省字)。
顰(ひそ)める、不満・不快・愁嘆・心痛などで眉間や鼻などに皺を寄せる、同「顰」。
ぎりぎりまで近寄って並ぶ。
しき・り、間を置かずに繰り返すこと。",頻 → JPDB Kanji Freq: 1951,漢字の読みを入力してください,Text
__崖__下、__崖__道,がけ,"［崖］二級
音: ガイ 訓: がけ
意味: 厂字状に急角度で深く落ち込んでいる地形、またその縁(へり)の部分。
地の果(は)てるところ、その先に何もないところ、同「涯」。",崖 → JPDB Kanji Freq: 1948,漢字の読みを入力してください,Text
__戴__き，__戴__く，__戴__ける,いただ,"［戴］二級
音: タイ 訓: いただ・く
意味: 頭などの上に載(の)せる、被(かぶ)る、身に着ける。
首(シュ、国・組織・集団の長)として高く推(お)し上げる、崇(あが)める、奉(たてまつ)る。
日人からものなどを貰(もら)う、頂(いただ)く。",戴 → JPDB Kanji Freq: 1944,漢字の読みを入力してください,Text
__悦__ぶ，__悦__んで，__悦__び，__悦__ばす，__悦__ばしい,よろこ,"［悦］三級
音: エツ／エチ 訓: よろこ・ぶ
意味: 喜ぶ、楽しい、心や体を煩(わずら)わせるものが何もなく安らかで快い、同「兌」。",悦 → JPDB Kanji Freq: 1938,漢字の読みを入力してください,Text
__宵__，__宵__闇，__宵__の口,よい,"［宵］凖二級
音: ショウ 訓: よい
意味: 日が暮れて辺りがすっかり暗くなる頃。
日暮れから深夜までの間。
小さい、同「肖」。
細糸で模様を織り出した絹織物、同「綃」。",宵 → JPDB Kanji Freq: 1934,漢字の読みを入力してください,Text
__渇__く，__渇__き,かわ,"［渇］凖二級
音: カツ／カチ／ケツ／ゲチ 訓: かわ・く
意味: 水が涸(か)れる、水分がなくなる、咽喉インコウ(のど)がからからになる。
(水を)頻(しき)りに欲しがる。
急(せ)いで、慌てて、同「愒」。",渇 → JPDB Kanji Freq: 1933,漢字の読みを入力してください,Text
__溺__れる,おぼ,"［溺］二級
音: デキ／ニャク／ジョウ／ニョウ 訓: おぼ・れる
意味: 水中に沈(しず)む、没ボッする、同「㲻」。
沈んで水から抜け出せなくなる。
節度を忘れて物事に耽(ふけ)る、また心を奪われそこから抜け出せなくなる。
尿ニョウ、小便、小便をする、同「尿」。",溺 → JPDB Kanji Freq: 1922,漢字の読みを入力してください,Text
__炊__く，飯__炊__き,た,"［炊］三級
音: スイ 訓: た・く／かし・ぐ
意味: 吹いて火を起こす、火を起こし食べ物に熱を加える、米を水に浸し熱を加えて柔らかくする。
食事の仕度をする。",炊 → JPDB Kanji Freq: 1917,漢字の読みを入力してください,Text
"__炊__ぐ｟他五｠
〔雅〕ごはんをたく。",かし,"［炊］三級
音: スイ 訓: た・く／かし・ぐ
意味: 吹いて火を起こす、火を起こし食べ物に熱を加える、米を水に浸し熱を加えて柔らかくする。
食事の仕度をする。",炊 → JPDB Kanji Freq: 1917,漢字の読みを入力してください,Text
蜜__蜂__,はち,"［蜂］二級
音: ホウ／フ／フウ 訓: はち
意味: 蜂(ハチ)、ハチ目の昆虫の総称。
蜂起(ホウキ)夥(おびただ)しい数の蜂(ハチ)が一斉に飛び立つさま大勢が一斉に行動を起こすさま。",蜂 → JPDB Kanji Freq: 1915,漢字の読みを入力してください,Text
__蓄__える，__蓄__え,たくわ,"［蓄］四級
音: キク／チク 訓: たくわ・える
意味: (冬に備えて野菜を)貯(たくわ)える、集めて堆(うずたか)く積む、しまっておく、備蓄(ビチク)、同「畜」「𧁃」「稸」。
飼(か)う、飼い育てる、養(やしな)う、同「畜」。",蓄 → JPDB Kanji Freq: 1911,漢字の読みを入力してください,Text
__窮__める，__窮__まる,きわ,"［窮］凖二級
音: キュウ／グ／グウ 訓: きわ・まる／きわ・める
意味: 限界まで行き着く、これ以上はない(それより先はない)ところまで行き着く、極(きわ)まる。
行き詰る、行き詰まって身動きができない。",窮 → JPDB Kanji Freq: 1910,漢字の読みを入力してください,Text
__彫__る，木__彫__り,ほ,"［彫］三級
音: チョウ 訓: ほ・る
意味: 模様や文字を刻み込む、同「雕」。
模様を刻み込んで飾り立てる。
萎(な)える、衰える、零落(おちぶ)れる、同「凋」。",彫 → JPDB Kanji Freq: 1902,漢字の読みを入力してください,Text
"腹を__括__る，高を__括__る，一__括__り
①（中のものをまとめるために）ひもなどで巻いてとめる。
「輪ゴムで━」
②ひとまとめにする。
「雑草としてくくられる植物・数式をかっこで━」
③〔自殺するために、首を〕つる。
「首を━」",くく,"［括］凖二級
音: カツ／カチ 訓: くく・る／くび・れる
意味: 袋などの口を解(ほど)けないように縛(しば)る、また縛って閉じる。
幾つかのものを一つに纏(まと)める、纏めて束ねる。
矢を弦(つる)に番(つが)える部分、矢筈やはず{武器(弓箭)}。
日くび・れる、縛ったように途中が窄(すぼ)まる。",括 → JPDB Kanji Freq: 1897,漢字の読みを入力してください,Text
"__裾__，__裾__分け，__裾__野
①衣服の下のふち（の、足にさわる部分）。
「ズボンの━・セーターの━」
②足もとのほう。
「ふとんの━」
③ふもと。
「山の━」",すそ,"［裾］二級
音: キョ／コ 訓: すそ
意味: 丈の長い衣服の下に垂れる部分、帯よりも下の部分{服飾(衣服)}。
(裾のように広がったものの)下の部分、端の部分。
傲(おご)る、態度が尊大なさま、同「倨」。",裾 → JPDB Kanji Freq: 1895,漢字の読みを入力してください,Text
__憤__る，__憤__り,いきどお,"［憤］凖二級
音: フン／ブン 訓: いきどお・る
意味: 心に思いが満ちる、不平や不満が鬱積ウッセキし膨(ふく)れ上がる。
内に満ちている感情を一気に吐き出す。
怒る、突然怒り出す。",憤 → JPDB Kanji Freq: 1894,漢字の読みを入力してください,Text
__帆__，__帆__柱，__帆__前船,ほ,"［帆］三級
音: ハン／ボン 訓: ほ
意味: 風を受けて舟を進めるために張る布、またそれに風を受けて走るさま。",帆 → JPDB Kanji Freq: 1892,漢字の読みを入力してください,Text
"__拓__く
未開の土地を切りひらく。今までなかったことを始める。「不毛の大地を拓く」 「未来を拓く」 「運命を拓く」",ひら,"［拓］四級
音: タク 訓: ひら・く
意味: 切り開く、押し広げる、広げる。
凹凸があるものに紙を当て上からたんぽ(綿などを丸め棒の先に取り付け墨を含ませたもの)で叩きながら文字や絵柄を写し取る、石摺(いしずり)、同「搨」。",拓 → JPDB Kanji Freq: 1890,漢字の読みを入力してください,Text
__蛍__，__蛍__の光，__蛍__狩り,ほたる,"［蛍］凖二級
音: ケイ／ギョウ 訓: ほたる
意味: 蛍(ホタル)、ホタル科に属する昆虫。",蛍 → JPDB Kanji Freq: 1889,漢字の読みを入力してください,Text
__軟__らかい，__軟__らかだ,やわ,"［軟］凖二級
音: ゼン／ネン／ナン 訓: やわ・らか／やわ・らかい
意味: 柔(やわ)らかい、柔らかく変形し易(やす)い、硬(かた)くない、同「輭」。",軟 → JPDB Kanji Freq: 1882,漢字の読みを入力してください,Text
"__恭__しい
敬いつつしんで丁重なさま。
「―く頭を下げる」 「目上の人に―くふるまう」",うやうや,"［恭］凖二級
音: キョウ／ク 訓: うやうや・しい
意味: 敬い礼を尽くす、畏(かしこ)まり慎み深く振る舞う、敬う気持ちを「敬」といい、それを態度や行動で示すことを「恭」という。",恭 → JPDB Kanji Freq: 1879,漢字の読みを入力してください,Text
__疾__く，__疾__うに,と,"［疾］三級
音: シツ／ジチ 訓: はや・い／はや・し／と・し／と・っく
意味: 急に、速い、あっという間に、一瞬のうちに。
症状が急速に悪化する病気。
病(やまい)、病(や)む、患(わずら)う。
辛(つら)い、苦しい。
怨(うら)む、憎む、嫉(そね)む、同「嫉」。",疾 → JPDB Kanji Freq: 1875,漢字の読みを入力してください,Text
__漬__ける，__漬__物，__漬__かる,つ,"［漬］凖二級
音: シ／ジ 訓: つ・ける／ひた・す
意味: 液体に入れる、液体の中に全体が隠れるようにすっぽりと入れる、浸(ひた)す。
(液体の中に入れて)色や味などを染(し)み込ませる。
四足の動物の死。",漬 → JPDB Kanji Freq: 1874,漢字の読みを入力してください,Text
__虹__，__虹__の橋を渡る,にじ,"［虹］二級
音: コウ／グ 訓: にじ
意味: 大気中の水滴に光が反射・屈折して円弧を描くもの、外側が赤で内側が紫になるもを「虹」主虹(シュコウ)といい、その外側に薄くできる虹を、霓(ゲイ)、副虹(フクコウ)といい色の並びは逆になる、空を行く大蛇に見立てたことから虫偏となった。
アーチarch状の橋(はし)。",虹 → JPDB Kanji Freq: 1872,漢字の読みを入力してください,Text
__葛__，__葛__湯,くず,"［葛］二級
音: カツ／カチ 訓: くず／かずら／つづら
意味: 葛(クズ)、マメ科クズ属の蔓性の草、茎の繊維からは布や紐(ひも)などが作られ、根は、葛根(カッコン)と呼ばれ食用・薬用に利用される{クズ}。
かずら、蔓性の植物。
日つづら、蔓性の植物や細く切った竹などを編んで作った籠(かご)や箱。",葛 → JPDB Kanji Freq: 1871,漢字の読みを入力してください,Text
__葛__折り,つづら,"［葛］二級
音: カツ／カチ 訓: くず／かずら／つづら
意味: 葛(クズ)、マメ科クズ属の蔓性の草、茎の繊維からは布や紐(ひも)などが作られ、根は、葛根(カッコン)と呼ばれ食用・薬用に利用される{クズ}。
かずら、蔓性の植物。
日つづら、蔓性の植物や細く切った竹などを編んで作った籠(かご)や箱。",葛 → JPDB Kanji Freq: 1871,漢字の読みを入力してください,Text
__刷__る,す,"［刷］七級
音: サツ／セツ／セチ 訓: す・る／は・く
意味: さっと擦(こす)る、さっと拭(ぬぐ)う。
擦って(拭って、掃いて)きれいにする、汚れを払(はら)い除く、同「㕞」「𢼞」。
刷子(サッシ)、刷毛(はけ)、ブラシbrush。",刷 → JPDB Kanji Freq: 1868,漢字の読みを入力してください,Text
"__刷__く
刷毛･筆などでこする。こするように塗る。「漆を―く」「頰紅を―く」",は,"［刷］七級
音: サツ／セツ／セチ 訓: す・る／は・く
意味: さっと擦(こす)る、さっと拭(ぬぐ)う。
擦って(拭って、掃いて)きれいにする、汚れを払(はら)い除く、同「㕞」「𢼞」。
刷子(サッシ)、刷毛(はけ)、ブラシbrush。",刷 → JPDB Kanji Freq: 1868,漢字の読みを入力してください,Text
__脂__，__脂__ぎる,あぶら,"［脂］四級
音: シ 訓: あぶら／やに
意味: 動物の油性成分、脂肪(シボウ)、脂燭(シショク)(脂を燃やす照明)」。
油を塗って滑(なめ)らかにする、潤滑油、、脂轄(シカツ)(車の潤滑油)」。
(顔料などに脂を加えた)口紅や頬紅、、脂粉(シフン)。",脂 → JPDB Kanji Freq: 1867,漢字の読みを入力してください,Text
__嘲__る,あざけ,"［嘲］二級
音: トウ／チョウ 訓: あざけ・る
意味: あざけ・る、言葉で人を馬鹿にする、からかう、嘲笑(チョウショウ)(笑って馬鹿にする、馬鹿にして笑う)」。
朝に鳥が(水鳥や山鳥などを除く林野に棲む鳥が)鳴く声、夜に鳥が(水鳥が)鳴く声を「㖡」。
鳥の(「ちゅちゅ」「ちっちっ」などのような)短い音を繰り返しながら鳴く声、、嘲哳(トウタツ)",嘲 → JPDB Kanji Freq: 1866,漢字の読みを入力してください,Text
__嘲笑__う・__嘲__う,あざわら,"［嘲］二級
音: トウ／チョウ 訓: あざけ・る
意味: あざけ・る、言葉で人を馬鹿にする、からかう、嘲笑(チョウショウ)(笑って馬鹿にする、馬鹿にして笑う)」。
朝に鳥が(水鳥や山鳥などを除く林野に棲む鳥が)鳴く声、夜に鳥が(水鳥が)鳴く声を「㖡」。
鳥の(「ちゅちゅ」「ちっちっ」などのような)短い音を繰り返しながら鳴く声、、嘲哳(トウタツ)",嘲 → JPDB Kanji Freq: 1866,漢字の読みを入力してください,Text
__腫__れる，__腫__れ，__腫__らす,は,"［腫］二級
音: ショウ／シュ 訓: は・れる
意味: 体や皮膚の一部が打撲ダホク、化膿(カノウ)、炎症(エンショウ)などによって膨(ふく)れる、体の組織の一部が膨(ふく)れる、、水腫(スイシュ)、浮腫(フシュ)。",腫 → JPDB Kanji Freq: 1864,漢字の読みを入力してください,Text
__巧__みな術,たく,"［巧］三級
音: コウ／キョウ 訓: たく・み／うま・い
意味: 技わざ、技術が秀(ひい)でているさま、器用なさま。
上手(じょうず)な、上手(うま)い。
技術、技量。",巧 → JPDB Kanji Freq: 1862,漢字の読みを入力してください,Text
"__疎__ら
①間がすいてあらいようす。
「━な林」
②ちらほらしているようす。
「人かげも━だ」",まば,"［疎］凖二級
音: ソ／ショ 訓: うと・い／まば・ら／おろそ・か
意味: 隙間があるさま、間(あいだ)が空(あ)いているさま、ぎっしりと詰まっていないさま。
間(ま)を取って深く関わろうとしない、関心や関係が薄い、よく知らない。
間が空いていて粗い、行き届かない。
間が空いていて透ける。",疎 → JPDB Kanji Freq: 1860,漢字の読みを入力してください,Text
"__疎__か｟ダナ｠
〔文〕むだだ。かいがない。
「言うも━だ〔＝言うまでもない〕」
｟副｠〔←言うも疎か〕
〔…は━〕言うまでもなく。
「人は━犬の子一ぴきいない」",おろ,"［疎］凖二級
音: ソ／ショ 訓: うと・い／まば・ら／おろそ・か
意味: 隙間があるさま、間(あいだ)が空(あ)いているさま、ぎっしりと詰まっていないさま。
間(ま)を取って深く関わろうとしない、関心や関係が薄い、よく知らない。
間が空いていて粗い、行き届かない。
間が空いていて透ける。",疎 → JPDB Kanji Freq: 1860,漢字の読みを入力してください,Text
__疎__か，__疎__かにする,おろそ,"［疎］凖二級
音: ソ／ショ 訓: うと・い／まば・ら／おろそ・か
意味: 隙間があるさま、間(あいだ)が空(あ)いているさま、ぎっしりと詰まっていないさま。
間(ま)を取って深く関わろうとしない、関心や関係が薄い、よく知らない。
間が空いていて粗い、行き届かない。
間が空いていて透ける。",疎 → JPDB Kanji Freq: 1860,漢字の読みを入力してください,Text
__疎__む，__疎__ましい，__疎__い,うと,"［疎］凖二級
音: ソ／ショ 訓: うと・い／まば・ら／おろそ・か
意味: 隙間があるさま、間(あいだ)が空(あ)いているさま、ぎっしりと詰まっていないさま。
間(ま)を取って深く関わろうとしない、関心や関係が薄い、よく知らない。
間が空いていて粗い、行き届かない。
間が空いていて透ける。",疎 → JPDB Kanji Freq: 1860,漢字の読みを入力してください,Text
__懲__りる，性__懲__りもなく，__懲__らす，__懲__らしめる,こ,"［懲］凖二級
音: チョウ／ジョウ 訓: こ・らしめる／こ・りる
意味: こ・らしめる、罰を与えて(繰り返し同じような)過ちを犯さないよう改めさせる。
こ・りる、小さな過ちを悔いて大きな過ちをしないように反省し改める。",懲 → JPDB Kanji Freq: 1859,漢字の読みを入力してください,Text
"__侮__る，__侮__り
相手を軽く見てばかにする。
「侮りがたい人」",あなど,"［侮］凖二級
音: ブ／ム 訓: あなど・る
意味: 相手を軽(かろ)んずる、相手を下に見る、見下す、同「娒」「㚢」。",侮 → JPDB Kanji Freq: 1858,漢字の読みを入力してください,Text
"__捻__る
①〈指でつまんで／ねじって〉回す。
「ドアのノブを━・ガスせんを━・とり〔＝ニワトリ〕を━〔＝しめ殺す〕」
②せんを回して〈出す／止める〉。
「ガスを━」",ひね,"［捻］二級
音: デン／ネン／ジョウ／ニョウ 訓: ひね・る／ね・じる／ねじ・る
意味: 指で摘まんで回す、撚(よ)る。
捻子(ネンシ)、指で撚(よ)って糸状にしたもの、紙を撚(よ)ったものを「紙捻子」、日本ではこより(紙縒・紙捻・紙撚)。",捻 → JPDB Kanji Freq: 1856,漢字の読みを入力してください,Text
__喪__，__喪__服，__喪__主,も,"［喪］凖二級
音: ソウ 訓: も／うしな・う
意味: (そこにいた人が)いなくなる、人が亡(な)くなる、同「亡」。
失う、無(な)くす。
死者を追悼ツイトウするために家に籠(こも)って慎(つつし)む。",喪 → JPDB Kanji Freq: 1855,漢字の読みを入力してください,Text
__薦__める,すす,"［薦］凖二級
音: セン 訓: すす・める／こも
意味: 腰の下に莚(むしろ)や敷き草、またそれを敷く、同「荐」。
しっかりと熟したもの(十分に良い状態のもの)を神前に供える
しっかりとした人物を取り立てるよう提言する、推挙する、推薦(スイセン)
薦紳(センシン)、高位に取り立てられた人、高位の人、同「侟紳」。
進める、提供する。
重ね重ね(かさねがさね)、繰り返し、次から次に、同「荐」「洊」。
簡「荐」。",薦 → JPDB Kanji Freq: 1853,漢字の読みを入力してください,Text
__暫__く，__暫__し,"しばら,しば","［暫］三級
音: サン／ザン 訓: しばら・く
意味: (一連の動作・行為・状態などの途中の)長くない間、少しの間、同「蹔」。
一先ず(ひとまず)、差し当たって。
日久し振りに。",暫 → JPDB Kanji Freq: 1851,漢字の読みを入力してください,Text
__肯__く,うなず,"［肯］凖二級
音: コウ 訓: がえん・ずる
意味: 骨に付いている肉、同「𣍟」。
がえん・ずる、同意する、承認する、承知する、頷(うなず)く、肯定(コウテイ)、首肯(シュコウ)。",肯 → JPDB Kanji Freq: 1850,漢字の読みを入力してください,Text
"__肯__んじる〔おもに否定の形で〕〔文〕
①そうだと言って賛成する。
②承知してひきうける。
「就任をがえんじない」",がえ,"［肯］凖二級
音: コウ 訓: がえん・ずる
意味: 骨に付いている肉、同「𣍟」。
がえん・ずる、同意する、承認する、承知する、頷(うなず)く、肯定(コウテイ)、首肯(シュコウ)。",肯 → JPDB Kanji Freq: 1850,漢字の読みを入力してください,Text
"__粗__方，__粗__い
おおかた。だいたい。
「論点は━出つくした」",あら,"［粗］三級
音: ソ／ス 訓: あら・い／ほぼ
意味: 脱穀したままで精白していない米、十分に磨(みが)かれていない米、同「𥼗」。
よく手が加えられていないさま、洗練されていないさま。
きれいに整えられていない(揃っていない)さま。
雑なさま、大雑把(おおざっぱ)なさま、いい加減なさま、同「觕」。
主要な部分だけで、それを構成する詳細な部分を欠いている、凡(おおよ)そ、同「觕」。",粗 → JPDB Kanji Freq: 1849,漢字の読みを入力してください,Text
__餅__屋，尻__餅__,もち,"［餅］二級
音: ヘイ／ヒョウ 訓: もち
意味: 小麦粉や米粉など(日本では糯米)に水を加えて捏(こ)ね平らにした食べ物。
丸く平らな食べ物、丸く平らなもの。",餅 → JPDB Kanji Freq: 1845,漢字の読みを入力してください,Text
__萎__える,な,"［萎］二級
音: イ 訓: な・える／しお・れる／しぼ・む
意味: 草木が水分を失って弱る、弱って張(は)りが失われる。
病(やまい)などで弱る、活力が失われる、同「痿」。
萎蕤(イズイ)、アマドコロ甘野老、キジカクシ科アマドコロ属の草、また同属の植物の称、同「葳蕤」、別名、玉竹(ギョクチク){アマドコロ}。",萎 → JPDB Kanji Freq: 1841,漢字の読みを入力してください,Text
"__萎__れる
①〔草木などが〕弱って元気がなくなる。
「葉が━」
②元気をなくして、悲しそうにする。
「いやにしおれているね」",しお,"［萎］二級
音: イ 訓: な・える／しお・れる／しぼ・む
意味: 草木が水分を失って弱る、弱って張(は)りが失われる。
病(やまい)などで弱る、活力が失われる、同「痿」。
萎蕤(イズイ)、アマドコロ甘野老、キジカクシ科アマドコロ属の草、また同属の植物の称、同「葳蕤」、別名、玉竹(ギョクチク){アマドコロ}。",萎 → JPDB Kanji Freq: 1841,漢字の読みを入力してください,Text
"__萎__む
しおれ縮む。しなびる。
「朝顔の花が━」",しぼ,"［萎］二級
音: イ 訓: な・える／しお・れる／しぼ・む
意味: 草木が水分を失って弱る、弱って張(は)りが失われる。
病(やまい)などで弱る、活力が失われる、同「痿」。
萎蕤(イズイ)、アマドコロ甘野老、キジカクシ科アマドコロ属の草、また同属の植物の称、同「葳蕤」、別名、玉竹(ギョクチク){アマドコロ}。",萎 → JPDB Kanji Freq: 1841,漢字の読みを入力してください,Text
"__萎__びる
〔野菜・肌などに〕みずみずしさがなくなって、しわが寄る。",しな,"［萎］二級
音: イ 訓: な・える／しお・れる／しぼ・む
意味: 草木が水分を失って弱る、弱って張(は)りが失われる。
病(やまい)などで弱る、活力が失われる、同「痿」。
萎蕤(イズイ)、アマドコロ甘野老、キジカクシ科アマドコロ属の草、また同属の植物の称、同「葳蕤」、別名、玉竹(ギョクチク){アマドコロ}。",萎 → JPDB Kanji Freq: 1841,漢字の読みを入力してください,Text
__朗__らかだ，__朗__らかさ,ほが,"［朗］五級
音: ロウ 訓: ほが・らか
意味: 明るい、明るく澄み渡っている、同「朤」。
明るく元気がよい、声が明るく澄んでいる。",朗 → JPDB Kanji Freq: 1838,漢字の読みを入力してください,Text
__矛__，__矛__先,ほこ,"［矛］四級
音: ボウ／ム 訓: ほこ
意味: 両刃の剣(つるぎ)で柄(え)を取り付けられるようにしたもの、筒状の鞘(さや)を付け長柄を差し込めるようにしたもの、同「鉾」{武器(刀剣槍)}{武器(矛戈戟)}。
またそれを長柄の先に付けた槍状の武器。
ほこ、ほこへん、むのほこ、部首名。",矛 → JPDB Kanji Freq: 1832,漢字の読みを入力してください,Text
__兆__す，__兆__し,きざ,"［兆］七級
音: チョウ／ジョウ 訓: きざ・す／きざ・し
意味: 亀の甲羅を焼いた時の割れ目の形、その形で吉凶を占う。
前触れや気配、ことが起こる前に表れる現象。
墓地。
日本・台湾・韓国では一億の一万倍{数字}、古くは百万(一万の百倍で「下数」と呼ばれる十進法での数){数字}。",兆 → JPDB Kanji Freq: 1831,漢字の読みを入力してください,Text
__偏__る，__偏__り,かたよ,"［偏］凖二級
音: ヘン 訓: かたよ・る／ひとえ・に
意味: かたよ・る、真ん中から外れてどちらか片方に寄る、片寄る、傾く、偏見(ヘンケン)(片寄った考え)」。
中央から遠く離れる、、偏僻(ヘンペキ)(都から遠く離れた地)」。
ひとえ・に、(他を顧みることなく)ひたすらに、ただそれだけ。
漢字の左側の部分、同「扁」、右は「旁(つくり)」、上は「冠(かんむり)」、下は「脚(あし)」。",偏 → JPDB Kanji Freq: 1830,漢字の読みを入力してください,Text
"__偏__に・一重に｟副｠
〔文〕ひたすら。ただただ。まったく。もっぱら。
「━あなたのおかげです・━お願いします」",ひとえ,"［偏］凖二級
音: ヘン 訓: かたよ・る／ひとえ・に
意味: かたよ・る、真ん中から外れてどちらか片方に寄る、片寄る、傾く、偏見(ヘンケン)(片寄った考え)」。
中央から遠く離れる、、偏僻(ヘンペキ)(都から遠く離れた地)」。
ひとえ・に、(他を顧みることなく)ひたすらに、ただそれだけ。
漢字の左側の部分、同「扁」、右は「旁(つくり)」、上は「冠(かんむり)」、下は「脚(あし)」。",偏 → JPDB Kanji Freq: 1830,漢字の読みを入力してください,Text
__貢__ぐ，__貢__ぎ物,みつ,"［貢］凖二級
音: コウ／ク 訓: みつ・ぐ
意味: 君主に税として農作物などの生産品を差し出す。
推挙する。",貢 → JPDB Kanji Freq: 1828,漢字の読みを入力してください,Text
__囚__われる,とら,"［囚］凖二級
音: シュウ／ジュ 訓: とら・える／とら・われる
意味: (罪人を)囲いの中に入れる、囲いに入れて出られないようにする、拘禁する。",囚 → JPDB Kanji Freq: 1825,漢字の読みを入力してください,Text
"__稚__い
おさない。あどけない。「―い子どもの仕草」",いとけな,"［稚］三級
音: チ／ジ 訓: いとけな・い／おさ・ない／わか・い
意味: 芽生えたばかりの幼い穀物、同「䕌」「稺」「䄺」。
幼い子、稚子(チシ)
生まれたばかりでまだ小さい、幼い、若い、同「穉」「稺」",稚 → JPDB Kanji Freq: 1822,漢字の読みを入力してください,Text
__又__，__又__は,また,"［又］三級
音: ユウ／ウ 訓: また／また・は
意味: また、その上に、更に、再び、重(かさ)ねて、加えて(同じことが繰り返されること・同じことが以降も繰り返し続くことをいう)。
日また・は、Ａ或いはＢ、AかBのいずれか。
また、部首名。",又 → JPDB Kanji Freq: 1821,漢字の読みを入力してください,Text
"__拙__い
①へただ。
「拙い文章を書く。」
②運が悪い。
「武運拙く討ち死にする」",つたな,"［拙］凖二級
音: セツ／セチ 訓: つたな・い
意味: 下手(へた)なさま、上手(うま)くないさま、同「䂐」。
飾り気がないさま。
(語の頭に付け謙遜して)自分の。",拙 → JPDB Kanji Freq: 1820,漢字の読みを入力してください,Text
__堀__，置いてけ__堀__，外__堀__，釣__堀__,ほり,"［堀］凖二級
音: コツ／コチ／クツ 訓: ほり
意味: 土や岩などを⊂字状(水平方向)・Ｕ字状(垂直方向)に掘って造(つく)った穴、地中に掘った土室(つちむろ)や岩などに穴を掘って岩屋(いわや)など、同「窟」、またそのような穴を掘る、同「掘」。
日地面を掘って作った筋状の窪(くぼ)み(丸い穴ではなく長さがあるもの)。",堀 → JPDB Kanji Freq: 1818,漢字の読みを入力してください,Text
__枯__れる，__枯__れ木，__枯__らす，木__枯__らし,か,"［枯］四級
音: コ／ク 訓: か・れる
意味: 草木が水分を失う、萎(しお)れる。
涸(か)れる、水がなくなる。
勢いがなくなる、衰(おとろ)える。
日年を重ねて落ち着き渋(しぶ)くなる。",枯 → JPDB Kanji Freq: 1814,漢字の読みを入力してください,Text
__殻__，貝__殻__,から,"［殻］凖二級
音: カク／コク 訓: から
意味: ものの表面を覆(おお)って中にあるものを保護している堅(かた)い外皮ガイヒ、カニ蟹やエビ海老などの甲羅コウラ、貝類や卵などの外皮、果実や実の表面の堅い外皮など、同「㱿」。
殻斗(カクト)どんぐり(団栗、ブナ科の植物の実)の椀ワン状のものブナ橅、ブナ科ブナ属の木、同、山毛﨔(サンモウキョ){ブナ}。",殻 → JPDB Kanji Freq: 1811,漢字の読みを入力してください,Text
"__凡__そ
__凡__ゆる","およ,あら","［凡］四級
音: ハン／ボン 訓: およ・そ／おおよそ
意味: (突出した物事・状態を除いた)一般的な、平均的な、ありふれた、普通の。
およ・そ、おおよそ、(特異・特殊なもの除いた)ほぼ全て、大体、押し並(な)べて。",凡 → JPDB Kanji Freq: 1809,漢字の読みを入力してください,Text
"__鶏__
キジのなかまの鳥。",にわとり,"［鶏］三級
音: ケイ／ケ 訓: にわとり
意味: 鶏(ニワトリ)、家禽化されたキジ科ヤケイ属の鳥。
雉鶏(チケイ)、野鶏(ヤケイ)、キジ雉、またコウライキジ高麗雉、キジ科キジ属の鳥。",鶏 → JPDB Kanji Freq: 1808,漢字の読みを入力してください,Text
"冠
❶むかし、身分の高い人が頭にかぶったもの。
❷漢字の組み立てで、上につくもの。宀（ウ冠）・艹（草冠）などがある。",かんむり,"［冠］三級
音: カン 訓: かんむり
意味: 髪を整えその上に被(かぶ)る、髪が解(ほつ)れないように被る。
頭に被るものの総称、帽子状のものや細長い布を巻いて髪をまとめる頭巾ズキンなどを含む。
ものの頂や先頭を覆う。
ものの先頭にあるさま。",冠 → JPDB Kanji Freq: 1807,漢字の読みを入力してください,Text
__妨__げる，__妨__げ,さまた,"［妨］三級
音: ホウ／ボウ 訓: さまた・げる
意味: 行(ゆ)く手を阻(はば)む、遮(さえぎ)る。
差し支(つ)える、支障や問題になるものがある、不妨(フホウ)(差し支えない、～しても問題ない)」。",妨 → JPDB Kanji Freq: 1806,漢字の読みを入力してください,Text
__怠__る,おこた,"［怠］三級
音: タイ／ダイ 訓: おこた・る／なま・ける
意味: おこた・る、緊張感がなくすべきことをしない。
なま・ける、気が緩(ゆる)んで進んでしようとしない、だらだらとして身が入らない、同「懈」。",怠 → JPDB Kanji Freq: 1805,漢字の読みを入力してください,Text
__怠__ける，__怠__け者,なま,"［怠］三級
音: タイ／ダイ 訓: おこた・る／なま・ける
意味: おこた・る、緊張感がなくすべきことをしない。
なま・ける、気が緩(ゆる)んで進んでしようとしない、だらだらとして身が入らない、同「懈」。",怠 → JPDB Kanji Freq: 1805,漢字の読みを入力してください,Text
__怠__い,だる,"［怠］三級
音: タイ／ダイ 訓: おこた・る／なま・ける
意味: おこた・る、緊張感がなくすべきことをしない。
なま・ける、気が緩(ゆる)んで進んでしようとしない、だらだらとして身が入らない、同「懈」。",怠 → JPDB Kanji Freq: 1805,漢字の読みを入力してください,Text
__扇__ぐ,あお,"［扇］四級
音: セン 訓: おうぎ／あお・ぐ
意味: おうぎ、羽(は)ばたかせて風を起こし涼リョウをとる道具、団扇(ダンセン)(うちわ、丸形で取っ手が付いたもの)」、扇子(センシ)(開閉できるうちわ)」、同「𥰢」。
羽ばたかせて風を起こす。
(扇いで)波風を起こす、煽(あお)り立てて事を起こさせる。
押したり引いたりして開閉する両開きの(葦製の)扉、一説に木製のものを「扉」、アシ葦などの草製のものを「扇」。",扇 → JPDB Kanji Freq: 1803,漢字の読みを入力してください,Text
__扇__，舞__扇__,おうぎ,"［扇］四級
音: セン 訓: おうぎ／あお・ぐ
意味: おうぎ、羽(は)ばたかせて風を起こし涼リョウをとる道具、団扇(ダンセン)(うちわ、丸形で取っ手が付いたもの)」、扇子(センシ)(開閉できるうちわ)」、同「𥰢」。
羽ばたかせて風を起こす。
(扇いで)波風を起こす、煽(あお)り立てて事を起こさせる。
押したり引いたりして開閉する両開きの(葦製の)扉、一説に木製のものを「扉」、アシ葦などの草製のものを「扇」。",扇 → JPDB Kanji Freq: 1803,漢字の読みを入力してください,Text
"__勃__つ
勃起する。",た,"［勃］二級
音: ホツ／ボチ／ボツ 訓: 
意味: 勢いよくぐっと押し退(の)けるさま、周りのものを押し退けるように急に(ぱっと)出てきて大きくなるさま、また盛り上がるさま、また膨(ふく)れ上がるさま、同「㪍」。
物事が盛んなさま、勢いがよいさま。
急に、突然に、勃然(ボツゼン)。",勃 → JPDB Kanji Freq: 1798,漢字の読みを入力してください,Text
__醜__い，__醜__さ,みにく,"［醜］凖二級
音: シュウ／シュ 訓: みにく・い／しこ
意味: 容姿・有様(ありさま)・言動などが良くない、好ましくない、不快で見苦しい。
見るに堪(た)えない、みっともない、恥ずかしい。
類たぐい、～に類する。
簡「丑」。",醜 → JPDB Kanji Freq: 1796,漢字の読みを入力してください,Text
__詠__む,よ,"［詠］三級
音: エイ／ヨウ 訓: よ・む
意味: 声を長く引き伸ばし抑揚をつけながら詩歌を読む。
詩歌を作る。",詠 → JPDB Kanji Freq: 1794,漢字の読みを入力してください,Text
"__擬__き
__擬__える","もど,なぞら","［擬］凖二級
音: ギ／ゴ 訓: なぞら・える／もど・き
意味: どうしようかと考える、どうしたらよいかと考える。
他の物に似せる、よく似ている。
他のよく似ている物事を例レイに引く、例(たと)える。",擬 → JPDB Kanji Freq: 1792,漢字の読みを入力してください,Text
__艶__めかしい,なま,"［艶］二級
音: エン 訓: つや／あで・やか／なま・めかしい
意味: 色合い豊かで美しいさま、色鮮やかで美しいさま。
人を引き寄せるように美しいさま、色気があるさま、またそのような女性、同「𡤩」。
日男女の情事に関すること。",艶 → JPDB Kanji Freq: 1789,漢字の読みを入力してください,Text
__艶__，色__艶__,つや,"［艶］二級
音: エン 訓: つや／あで・やか／なま・めかしい
意味: 色合い豊かで美しいさま、色鮮やかで美しいさま。
人を引き寄せるように美しいさま、色気があるさま、またそのような女性、同「𡤩」。
日男女の情事に関すること。",艶 → JPDB Kanji Freq: 1789,漢字の読みを入力してください,Text
__艶__やか，__艶__姿,あで,"［艶］二級
音: エン 訓: つや／あで・やか／なま・めかしい
意味: 色合い豊かで美しいさま、色鮮やかで美しいさま。
人を引き寄せるように美しいさま、色気があるさま、またそのような女性、同「𡤩」。
日男女の情事に関すること。",艶 → JPDB Kanji Freq: 1789,漢字の読みを入力してください,Text
__沸__く，__沸__き上がる，__沸__かす，湯__沸__かし,わ,"［沸］凖二級
音: ヒ／フツ 訓: わ・く／わ・かす
意味: 水が勢いよく湧(わ)き出る、湧き上がる、同「㵒」。
(声などが)涌(わ)き上がる。
液体に熱が加わりぼこぼこと泡が立つ状態になる。",沸 → JPDB Kanji Freq: 1787,漢字の読みを入力してください,Text
"礎
①建物の土台石。
②ものを支える土台。
「国の━」",いしずえ,"［礎］三級
音: ソ／ショ 訓: いしずえ
意味: 建物や橋などの構築物を支えるための柱の下に敷く大きな石、同「礩」「磶」「磌」「磩」「磉」。
物事の土台(基礎、基本)となるもの。",礎 → JPDB Kanji Freq: 1784,漢字の読みを入力してください,Text
__芳__しい，__芳__しさ,かんば,"［芳］三級
音: ホウ 訓: かんば・しい／かぐわ・しい／こう・ばしい
意味: 草花の良い香り。
香(こう)ばしい、香(かぐわ)しい、同「香」。
良い、素晴らしい、美しい、芳聲(ホウセイ)(芳しい評判)」。
人に対する敬称・美称。",芳 → JPDB Kanji Freq: 1783,漢字の読みを入力してください,Text
"__敢__えて
する必要のない難しいことをわざわざすること。無理に。
「―続ける」
打ち消しの語を共に使い、全くや少しもという意味。また、とりたててや別にという意味。
「―行くほどでもない」",あ,"［敢］三級
音: カン 訓: あ・えて
意味: (不安・周りからの反対・相手への気兼ねなどの)押し止(とど)めようとするものを撥(は)ね除(の)けて思うところをする、思い切って～する。",敢 → JPDB Kanji Freq: 1779,漢字の読みを入力してください,Text
__慈__しむ，__慈__しみ,いつく,"［慈］三級
音: シ／ジ 訓: いつく・しむ
意味: 母が子に対するように深い愛情を
大切にする、たっぷりの愛情を
(たっぷりの愛情を",慈 → JPDB Kanji Freq: 1776,漢字の読みを入力してください,Text
__粧__し込む，__粧__す,めか,"［粧］凖二級
音: ソウ／ショウ 訓: 
意味: 白粉(おしろい)・頬紅(ほおべに)・黛(まゆずみ)などで装い飾る、同「妝」。",粧 → JPDB Kanji Freq: 1774,漢字の読みを入力してください,Text
__渦__，__渦__潮，__渦__巻く,うず,"［渦］凖二級
音: カ／ワ 訓: うず
意味: 旋回しながら窪(くぼ)みに向かう水の流れ、またそれでできた窪み。
古川名、現河南省周口市付近で蒗𦿆渠ロウトウキョ(現河南省鄭州市から周口市付近に及ぶ運河)から分れ淮河ワイガに",渦 → JPDB Kanji Freq: 1773,漢字の読みを入力してください,Text
__爽__やかだ,さわ,"［爽］二級
音: ソウ／ショウ 訓: さわ・やか
意味: 夜が明け明るい光が差すさま。
清々(すがすが)しいさま、さらっとして心地よいさま。
さっぱりとしているさま、あれこれにごだわらず明快であるさま、粘り付いたり纏(まつ)わり付いたりして不快に感じないさまをいう。
違(たが)う、誤(あやま)つ、間違う。",爽 → JPDB Kanji Freq: 1769,漢字の読みを入力してください,Text
"__錦__，__錦__を飾る，__錦__絵，__錦__蛇
①いろいろの色糸や金銀の糸を横糸に使い、きれいな模様を織り出した、厚い高価な織物。
②色・模様などのきれいなもの。
「もみじの━」",にしき,"［錦］二級
音: キン／コン 訓: にしき
意味: 金糸銀糸やさまざまな色糸で美しく華やかな模様を織り込んだ織物。
美しく華やかなさま、きらびやかなさま、華々しいさま。",錦 → JPDB Kanji Freq: 1766,漢字の読みを入力してください,Text
"__燥__ぐ
〔うれしいときなどに〕うきうきしてさわぐ。
「子どもが遊園地で━・優勝して━選手たち」",はしゃ,"［燥］四級
音: ソウ 訓: 
意味: 火で熱し乾(かわ)かす、乾く、水分が少なくなる。",燥 → JPDB Kanji Freq: 1765,漢字の読みを入力してください,Text
__淫__らだ,みだ,"［淫］二級
音: イン 訓: みだ・ら
意味: 異性との関係が節度を超える、またその行為、同「婬」。
物事に浸(ひた)る、また溺(おぼ)れる、また耽(ふけ)る。
恣(ほしいまま)にする、周りのことなどおかまいなしに振る舞う。
度を越す、淫邪(インジャ)。",淫 → JPDB Kanji Freq: 1764,漢字の読みを入力してください,Text
__旨__い，__旨__み,うま,"［旨］四級
音: シ 訓: うま・い／むね
意味: うま・い、美味(おい)しい、甘(あま)く美味しい。
意図(イト)していること、意向イコウ、本意ホンイ。
天子や上位者の指示や命令、またその考えや意向。",旨 → JPDB Kanji Freq: 1763,漢字の読みを入力してください,Text
__旨__，__旨__とする,むね,"［旨］四級
音: シ 訓: うま・い／むね
意味: うま・い、美味(おい)しい、甘(あま)く美味しい。
意図(イト)していること、意向イコウ、本意ホンイ。
天子や上位者の指示や命令、またその考えや意向。",旨 → JPDB Kanji Freq: 1763,漢字の読みを入力してください,Text
"__披__く
①〘能・狂言〙初演する。
「『釣狐』を━」
②⇨開く①。
「手紙を━」「披見」",ひら,"［披］凖二級
音: ヒ 訓: ひら・く
意味: 開く、開いて中が見えるように広げる、披露(ヒロウ)(中のものを開いて見せる)」。
ひらひらと靡(なび)く、、披靡(ヒビ・ピミ)(風に靡く)」。
広げてひらりと上から掛ける、背や肩などに斜めに掛けて羽織る。",披 → JPDB Kanji Freq: 1762,漢字の読みを入力してください,Text
__暁__，__暁__の空，春眠__暁__を覚えず,あかつき,"［暁］凖二級
音: キョウ／ギョウ 訓: あかつき
意味: あかつき、曙ショ(あけぼの)、夜明け、陽の光が差し始め辺りが明(あか)るくなり始める、またその頃、同「皢」。
明(あ)ける、明るくなる。
明(あき)らかになる、はっきりと分かる、悟(さと)る。
日(～した、～になった)時、「実現した暁には」「達成した暁には」。",暁 → JPDB Kanji Freq: 1760,漢字の読みを入力してください,Text
"__垣__間見る
〔「垣間」の音便〕",かい,"［垣］凖二級
音: エン／オン 訓: かき
意味: 土を高く盛って周りを囲んだ土塁ドルイ、比較的低いものを指す、高いものは「墉」。
周囲に廻(めぐ)らせた壁(かべ)や柵(さく)、同「𥥣」「𩫧」",垣 → JPDB Kanji Freq: 1756,漢字の読みを入力してください,Text
__垣__，__垣__根,かき,"［垣］凖二級
音: エン／オン 訓: かき
意味: 土を高く盛って周りを囲んだ土塁ドルイ、比較的低いものを指す、高いものは「墉」。
周囲に廻(めぐ)らせた壁(かべ)や柵(さく)、同「𥥣」「𩫧」",垣 → JPDB Kanji Freq: 1756,漢字の読みを入力してください,Text
__縫__う，__縫__い目,ぬ,"［縫］三級
音: ホウ／ブ 訓: ぬ・う
意味: 布などを糸で繋ぎ合わせる。
繋ぎ合わせたところ、継(つ)ぎ目。",縫 → JPDB Kanji Freq: 1755,漢字の読みを入力してください,Text
__綱__，横__綱__，__綱__手 (ナルト),つな,"［綱］三級
音: コウ 訓: つな
意味: 網(あみ)が解(ほつ)れたり絡(から)まったりしないように網の周りを留める太く強い縄(なわ)、広げた網の口を締める役目も果たす。
ものを繋(つな)ぎ止めたり引いたりするための太い縄、またそれで繋ぎ止める。
全体を網羅し(口を閉じ)纏(まと)めたもの、物事の輪郭・概要・要旨・骨子、綱領(コウリョウ)、大綱(タイコウ)。
生物学上の分類の一つ、、門(モン)よりも小分類で、目(モク)よりも大分類。",綱 → JPDB Kanji Freq: 1750,漢字の読みを入力してください,Text
__茂__る・繁る，__茂__み,しげ,"［茂］四級
音: ボウ／モ／ム 訓: しげ・る
意味: 草木が枝葉を盛んに伸ばすさま。
勢いがあるさま、盛んなさま。
才能が豊かなさま。",茂 → JPDB Kanji Freq: 1749,漢字の読みを入力してください,Text
__濁__る，__濁__り，__濁__す,にご,"［濁］四級
音: タク／ダク／ジョク 訓: にご・る
意味: 水に泥などが混じる、他のものが混じって本来の色・形・状態などではなくなる。
汚(きたな)くなる、穢(けが)れる、乱れる。
日すっきりしないさま、はっきりとしないさま。",濁 → JPDB Kanji Freq: 1748,漢字の読みを入力してください,Text
__架__ける，__架__かる,か,"［架］三級
音: カ／ケ 訓: か・ける
意味: か・ける、二本の支柱などの支えとなるものの上に、棒や板のような長い物を横に渡す。
物を載せたり掛けたり吊ったりするするために、横に渡した横木や板、またそれを支えるための縦木(支柱)や台(足)などを含めた全体を指すことがある、衣架(イカ)(衣桁イコウ、衣服を掛けるための家具)」、書架(ショカ)(書物を載せる棚、本棚)」。
、架空(カクウ)高いところに横に渡す、、高架(コウカ)空中に浮いている、根拠がない。",架 → JPDB Kanji Freq: 1744,漢字の読みを入力してください,Text
__鎌__，__鎌__倉時代,かま,"［鎌］二級
音: レン 訓: かま
意味: 三日月形の刃に柄が付いた草を刈る道具、一般にはΓ字形をしており引っ掛けて引き切るもの、またそのような形の武器、鐮刀(レントウ)、同「劆」。
稜リョウ、二つの面が合わさってできる線状の角(かど)。",鎌 → JPDB Kanji Freq: 1742,漢字の読みを入力してください,Text
__嗅__ぐ,か,"［嗅］二級
音: キュウ／ク 訓: か・ぐ
意味: (鼻を近づけて)臭いを感じ取る、同「㗜」「齅」。",嗅 → JPDB Kanji Freq: 1739,漢字の読みを入力してください,Text
__頰__，__頰__張る,ほお,"［頰］二級
音: キョウ 訓: ほお／ほほ
意味: 顔の両側で目尻の下から上顎(うわあご)辺りまでの部分{人体(頭部)}。",頰 → JPDB Kanji Freq: 1737,漢字の読みを入力してください,Text
__鐘__，__鐘__の音，早__鐘__を打つ,かね,"［鐘］三級
音: ショウ／シュウ 訓: かね
意味: 叩いて鳴らす青銅製の打楽器、側面から見た場合に口は弧を成す、音律に合わせて大きさを変え組にしたものを、編鐘(ヘンショウ)といい、単独で使う大形のものを、特鐘(トクショウ)という、同「鍾」{楽器(打楽器)}{楽器(打楽器)}。
時を知らせるために鳴らす音、時計。
簡「钟」。",鐘 → JPDB Kanji Freq: 1733,漢字の読みを入力してください,Text
__羊__，__羊__飼い,ひつじ,"［羊］八級
音: ヨウ 訓: ひつじ
意味: 羊(ヒツジ)、ウシ科ヒツジ属の哺乳類。
ひつじ、ひつじへん、部首名。",羊 → JPDB Kanji Freq: 1731,漢字の読みを入力してください,Text
"__骸__
〔文〕死体。なきがら。",むくろ,"［骸］二級
音: カイ／ガイ 訓: むくろ
意味: (毛や肉がなくなって)骨だけになった死人の体、同「𡱍」。
骨、骨格。
体、身体。
脛骨(ケイコツ){人体(下肢)}。
足の親指の毛が生えている辺りの肉、同「胲」。",骸 → JPDB Kanji Freq: 1730,漢字の読みを入力してください,Text
__鎮__める，__鎮__まる,しず,"［鎮］三級
音: チン 訓: しず・める／しず・まる
意味: 重みをかけて抑え付ける。
力で抑え付ける、乱れを静める、安定させる。
抑えとなる軍隊、その軍隊が駐屯している所。
県の下の行政単位、比較的大きな町。
常に、何時も、づっと。",鎮 → JPDB Kanji Freq: 1725,漢字の読みを入力してください,Text
__斜__め,なな,"［斜］四級
音: シャ／ジャ 訓: なな・め／はす
意味: 水などの液体の入った斗(ます)や杓子シャクシなどを傾(かたむ)けて中のものを出す、傾ける。
傾く、水平のものの片方が下がっている或いは上がっている、垂直のものの片方が横にずれている。",斜 → JPDB Kanji Freq: 1722,漢字の読みを入力してください,Text
__泡__，__泡__立つ,あわ,"［泡］凖二級
音: ホウ／ヒョウ 訓: あわ
意味: ぶくぶくと湧(わ)き上がる球状の気体。
(泡のように)ふっくらと膨(ふく)らんだもの。",泡 → JPDB Kanji Freq: 1720,漢字の読みを入力してください,Text
__較__べ，__較__べる，__較__べもの,くら,"［較］四級
音: コウ／キョウ／カク 訓: くら・べる
意味: 車台(車の人が乗る部分)の両側の手摺(てすり)。
角(つの)を突き合わせる、競(きそ)う
突き合わせて比べる
凡(おおよ)そ、やや、割合に。
明らか。",較 → JPDB Kanji Freq: 1718,漢字の読みを入力してください,Text
__翻__る，__翻__す,ひるがえ,"［翻］三級
音: ハン／ホン 訓: ひるがえ・る／ひるがえ・す
意味: 鳥が翼を大きく羽ばたかせながら飛ぶ。
表裏が逆になる、向きが逆になる。
翻意(ホンイ)、考えや態度をそれまでとは反対方向に変える。
翻訳(ホンヤク)、全く別の言語に置き換える。",翻 → JPDB Kanji Freq: 1717,漢字の読みを入力してください,Text
__併__せる，__併__せて〔接〕,あわ,"［併］凖二級
音: ヘイ／ヒョウ 訓: あわ・せる／しか・し
意味: あわ・せる、二つのもの(幾つかのもの)を一つにする、同「幷」。
並ぶ、並べる、同「並」。
簡「并」。
日しか・し、～ではあるけれども。",併 → JPDB Kanji Freq: 1715,漢字の読みを入力してください,Text
__乏__しい，__乏__しさ,とぼ,"［乏］三級
音: ホウ／ボウ 訓: とぼ・しい
意味: 貯(たくわ)えが底を突く、金や物や力が尽きる、同「匱」。
空(あ)く、空(から)になる。
矢を遮(さえぎ)る盾たて、また衝立(ついたて)。",乏 → JPDB Kanji Freq: 1713,漢字の読みを入力してください,Text
"__婆__くさい，__婆__あ，
__婆__さん，__婆__や，__婆__ちゃん","ばば,ばあ","［婆］三級
音: ハ／バ 訓: ばば
意味: 年老いた女性。
夫の母、また祖母(ソボ)。
娑婆(サバ・シャバ)耐え忍ぶべき世界、現世、梵語のsahāの音写日軍隊や牢獄などの束縛されている世界から見た自由な世界。
婆娑(バサ)、ひらひらと揺れ動くさま、また舞うさま。",婆 → JPDB Kanji Freq: 1712,漢字の読みを入力してください,Text
__痩__せる，__痩__せさらばえる,や,"［痩］二級
音: ソウ／シュ 訓: や・せる／こ・ける
意味: 瘠(や)せる、瘠せ細る、同「瘠」。
細くなる、細る。
地味チミ(作物などを育てるための土壌の質)が衰(おとろ)える、同「瘠」。",痩 → JPDB Kanji Freq: 1708,漢字の読みを入力してください,Text
"__痩__ける
肉がおちる。
「ほおが━・やせ━」",こ,"［痩］二級
音: ソウ／シュ 訓: や・せる／こ・ける
意味: 瘠(や)せる、瘠せ細る、同「瘠」。
細くなる、細る。
地味チミ(作物などを育てるための土壌の質)が衰(おとろ)える、同「瘠」。",痩 → JPDB Kanji Freq: 1708,漢字の読みを入力してください,Text
__枕__，__枕__営業，__枕__元,まくら,"［枕］二級
音: シン／チン 訓: まくら
意味: 身を横たえた時に頭の下に敷くもの、またそれを敷く。
ものの下に敷く、またそのための木や台。",枕 → JPDB Kanji Freq: 1707,漢字の読みを入力してください,Text
__顧__みる,かえり,"［顧］三級
音: コ／ク 訓: かえり・みる
意味: 頭を回転させて周りを(左右や後ろを)見る、回顧(カイコ)。
後ろを振り向いて見る、(後ろを、過去を)振り返る。
周りに心を振り向ける、気配りをする。",顧 → JPDB Kanji Freq: 1706,漢字の読みを入力してください,Text
"__漁__り，__漁__る
〔雅〕漁(りょう)。漁師。
漁る｟他五｠。",すなど,"［漁］七級
音: ギョ／ゴ／リョウ 訓: あさ・る
意味: あちこち探し回って魚や貝を捕(と)る。
目ぼしいものあちこちと探し回る。",漁 → JPDB Kanji Freq: 1705,漢字の読みを入力してください,Text
"読み__漁__る，__漁__る
①魚介類をとる。
②探し回る。「毎日古書を―り続ける」
③むさぼり求める。「読み―る」",あさ,"［漁］七級
音: ギョ／ゴ／リョウ 訓: あさ・る
意味: あちこち探し回って魚や貝を捕(と)る。
目ぼしいものあちこちと探し回る。",漁 → JPDB Kanji Freq: 1705,漢字の読みを入力してください,Text
__挿__す，__挿__絵，__挿__し木,さ,"［挿］凖二級
音: ソウ／ショウ 訓: さ・す
意味: 細長いもの(先が尖ったもの)を刺し入れる。
空いたところ(隙間や穴)に差し入れる。",挿 → JPDB Kanji Freq: 1700,漢字の読みを入力してください,Text
"__挿__げる
さしこむ。はめこむ。また、穴に通して結びつける。「こけしの首を―げる」「げたの鼻緒を―げる」",す,"［挿］凖二級
音: ソウ／ショウ 訓: さ・す
意味: 細長いもの(先が尖ったもの)を刺し入れる。
空いたところ(隙間や穴)に差し入れる。",挿 → JPDB Kanji Freq: 1700,漢字の読みを入力してください,Text
__芽__，__芽__生える，新__芽__,め,"［芽］七級
音: ガ／ゲ 訓: め
意味: 草木の生え出たばかりのもの。
生え出て伸びようとしている、或いは咲こうとしている、またそのような状態、またそのような状態のもの。
物事の始まる兆(きざ)し。",芽 → JPDB Kanji Freq: 1697,漢字の読みを入力してください,Text
__貯__める，__貯__まる,た,"［貯］六級
音: チョ 訓: たくわ・える
意味: 集めて蓄(たくわ)える、集めてしまっておく、同「𡪄」、後の備えのために貯えるのは「蓄」、貯蓄(チョチク)。",貯 → JPDB Kanji Freq: 1692,漢字の読みを入力してください,Text
__忌__む，__忌__まわしい,い,"［忌］三級
音: キ／ゴ 訓: い・まわしい／い・む／いみ
意味: 憎(にく)む、嫌(きら)う。
嫌って避ける、憚(はばか)る、忌諱(キキ)、同「誋」「𢭄」。
忌日(キジツ)、親の命日、行動や言葉を慎(つつし)む日。",忌 → JPDB Kanji Freq: 1691,漢字の読みを入力してください,Text
__憂__える，__憂__え，__憂__い,うれ,"［憂］三級
音: ユウ／ウ 訓: う・い／う・さ／うれ・える
意味: 心配する、あれこれと思いが巡(めぐ)り悩む、心が揺れ動く、同簡「忧」。
(特に親の)喪ソウ(も、死者を追悼するために家に籠って慎む、その一定の期間)。",憂 → JPDB Kanji Freq: 1688,漢字の読みを入力してください,Text
__憂__い，__憂__き目，物__憂__い,う,"［憂］三級
音: ユウ／ウ 訓: う・い／う・さ／うれ・える
意味: 心配する、あれこれと思いが巡(めぐ)り悩む、心が揺れ動く、同簡「忧」。
(特に親の)喪ソウ(も、死者を追悼するために家に籠って慎む、その一定の期間)。",憂 → JPDB Kanji Freq: 1688,漢字の読みを入力してください,Text
"滴
上からたれて落ちる、水や液体のつぶ。",しずく,"［滴］四級
音: テキ／チャク 訓: しずく／したた・る
意味: しずく、小さな水(液体)の玉たま、水滴(スイテキ)。
したた・る、液体が小さな玉となってぽたぽたと落ちる。",滴 → JPDB Kanji Freq: 1687,漢字の読みを入力してください,Text
__滴__る，__滴__り,したた,"［滴］四級
音: テキ／チャク 訓: しずく／したた・る
意味: しずく、小さな水(液体)の玉たま、水滴(スイテキ)。
したた・る、液体が小さな玉となってぽたぽたと落ちる。",滴 → JPDB Kanji Freq: 1687,漢字の読みを入力してください,Text
__丼__，__丼__飯,どんぶり,"［丼］二級
音: セイ／ショウ 訓: どんぶり
意味: 井戸、同「井」。
井戸の中に物を投げ入れた時の音。
日どんぶり大きめの陶製の碗、またそれにご飯を盛り具を載せた料理職人などの前掛けや腹掛けの前に付いている物入(ものいれ、ポケットpocket)。",丼 → JPDB Kanji Freq: 1686,漢字の読みを入力してください,Text
牛__丼__，天__丼__,どん,"［丼］二級
音: セイ／ショウ 訓: どんぶり
意味: 井戸、同「井」。
井戸の中に物を投げ入れた時の音。
日どんぶり大きめの陶製の碗、またそれにご飯を盛り具を載せた料理職人などの前掛けや腹掛けの前に付いている物入(ものいれ、ポケットpocket)。",丼 → JPDB Kanji Freq: 1686,漢字の読みを入力してください,Text
__餌__，__餌__場，__餌__やり,えさ,"［餌］二級
音: ジ／ニ 訓: え／えさ
意味: 小麦粉や米粉などに水などを加え蒸して柔らかくした食べ物の総称。
米と肉を柔らかくなるまで煮込んだ食べ物。
動物に与える食べ物、鳥獣を捕(と)らえるための食べ物。
(餌で)誘(おび)き寄せる。",餌 → JPDB Kanji Freq: 1684,漢字の読みを入力してください,Text
__餌__食,え,"［餌］二級
音: ジ／ニ 訓: え／えさ
意味: 小麦粉や米粉などに水などを加え蒸して柔らかくした食べ物の総称。
米と肉を柔らかくなるまで煮込んだ食べ物。
動物に与える食べ物、鳥獣を捕(と)らえるための食べ物。
(餌で)誘(おび)き寄せる。",餌 → JPDB Kanji Freq: 1684,漢字の読みを入力してください,Text
"__潔__い
①けがれがなくてりっぱだ。
「━最期」
②思い切りがいい。
「潔く降参する・━辞任」
「いさ＋清い」から。",いさぎよ,"［潔］六級
音: ケツ／ケチ 訓: いさぎよ・い
意味: 清(きよ)い、澄(す)んでいる、穢(けが)れがない、またそのような水或いは川、同「洁」。
余計なものが混じっていない、すっきりしている。
余計なことにこだわらない。
簡「洁」。",潔 → JPDB Kanji Freq: 1680,漢字の読みを入力してください,Text
__蓋__，火__蓋__,ふた,"［蓋］二級
音: カイ／コウ／ゴウ／ガイ 訓: おお・う／ふた／けだ・し
意味: (草を編んで作った)上からの雨や日差しを遮(さえぎ)る覆(おお)い。
雨や日差しを遮(さえぎ)るために頭の上に翳(かざ)す傘(かさ)。
全体を覆う。
(家を)造(つく)る、雨や日差しを遮(さえぎ)るための屋根を設けることから。
ふた、器の口を覆(おお)い塞(ふさ)ぐもの。
けだ・し、多分、恐らく。",蓋 → JPDB Kanji Freq: 1674,漢字の読みを入力してください,Text
"__蓋__し
〔文〕考えてみると。たしかに。
「━名言である」",けだ,"［蓋］二級
音: カイ／コウ／ゴウ／ガイ 訓: おお・う／ふた／けだ・し
意味: (草を編んで作った)上からの雨や日差しを遮(さえぎ)る覆(おお)い。
雨や日差しを遮(さえぎ)るために頭の上に翳(かざ)す傘(かさ)。
全体を覆う。
(家を)造(つく)る、雨や日差しを遮(さえぎ)るための屋根を設けることから。
ふた、器の口を覆(おお)い塞(ふさ)ぐもの。
けだ・し、多分、恐らく。",蓋 → JPDB Kanji Freq: 1674,漢字の読みを入力してください,Text
__棟__木，__棟__札,むな,"［棟］凖二級
音: トウ／ツウ 訓: むね
意味: 建物の屋根の面が交わる最も高いところ。
桁コウ(けた、建物正面に向かって左右方向に渡す木)で最も高い位置にある木、「棟木むなぎ」{建物}。
建物の数を数える語。
棟梁(トウリョウ)屋根の棟木とそれを支える梁(はり)重要な人、主要な人日大工の頭かしら。",棟 → JPDB Kanji Freq: 1672,漢字の読みを入力してください,Text
__棟__，別__棟__,むね,"［棟］凖二級
音: トウ／ツウ 訓: むね
意味: 建物の屋根の面が交わる最も高いところ。
桁コウ(けた、建物正面に向かって左右方向に渡す木)で最も高い位置にある木、「棟木むなぎ」{建物}。
建物の数を数える語。
棟梁(トウリョウ)屋根の棟木とそれを支える梁(はり)重要な人、主要な人日大工の頭かしら。",棟 → JPDB Kanji Freq: 1672,漢字の読みを入力してください,Text
__尚__，__尚__も，__尚__よし,なお,"［尚］凖二級
音: ショウ／ジョウ 訓: なお
意味: ～と同じように、～でさえも、「他の同じようなものと比べてもあまり変わり(差異)はない」の意。
(～と同じようであるばかりでなく)更に、その上に。
希(こいねが)う、「過分に或いは過分なことを願う」の意。
(尊敬すべき人や上位者など自分よりも上だと思う人を)尊(たっと)ぶ。",尚 → JPDB Kanji Freq: 1671,漢字の読みを入力してください,Text
__琴__，竪__琴__，__琴__座,こと,"［琴］凖二級
音: キン／ゴン 訓: こと
意味: 長い板状の胴に七本(古くは五本)の弦を張った楽器、箏柱(ことじ)がなく徽キという目印を指で押さえて弾く、胴が箱状で箏柱があるものは「箏」「瑟」{楽器(弦楽器)}。
広く弦楽器を指す、胡琴(コキン)、提琴(テイキン)、風琴(フウキン)。",琴 → JPDB Kanji Freq: 1670,漢字の読みを入力してください,Text
__峰__，剣が__峰__,みね,"［峰］四級
音: ホウ／フ 訓: みね
意味: 高く尖(とが)っている山、またその頭頂部、山の頂(いただき)。
高く突き出ているさま。
日刀の背、刀の刃の反対側で厚みのある部分。",峰 → JPDB Kanji Freq: 1669,漢字の読みを入力してください,Text
__炭__，__炭__火，消し__炭__,すみ,"［炭］八級
音: タン 訓: すみ
意味: ものが燃えて黒化したもの、黒化した後も再び燃やすことができるもの、再び燃やすことができないものを「灰」。
木を高温で焼いて作った燃料、燃料とするもの、「石炭」「薪炭」。
塗炭(トタン)泥と炭泥や炭にまみれるさま、(泥や炭にまみれながら働かなければならない)苦しく厳しい境遇にあるさま。",炭 → JPDB Kanji Freq: 1668,漢字の読みを入力してください,Text
__辱__める，__辱__め,はずかし,"［辱］三級
音: ジョク／ニク／ノク 訓: はずかし・める／かたじけな・い
意味: 恥(はじ)をかかせる、体面タイメンを汚(けが)す、泥(どろ)を塗(ぬ)る、恥辱(チジョク)。
忝(かたじけな)い、(恥をかかせるようなことをして下さって)申し訳なくもありがたい。
辱臨(ジョクリン)、このようなところへ恥を忍んでまで来て下さる、遜(へりくだ)って感謝の意を伝える言葉。",辱 → JPDB Kanji Freq: 1665,漢字の読みを入力してください,Text
__猿__，__猿__芝居，__猿__も木から落ちる，山__猿__，__猿__山，小__猿__,"さる,ましら","［猿］凖二級
音: エン／オン 訓: さる
意味: 目(サル)(Primates、霊長類)のうちヒト(人、Hominidae)以外の霊長類の称、同「𤠔」「𤝌」。",猿 → JPDB Kanji Freq: 1664,漢字の読みを入力してください,Text
__軒__，__軒__先,のき,"［軒］四級
音: ケン／コン 訓: のき
意味: 重心を後寄りにして前部が持ち上がるようにした車、大夫タイフ以上の高位の人が乗る車、重心を前寄りにして後部が持ち上がる車を「輊」。
屋根の建物から外に張り出した部分、またその先端の反(そ)り上がった部分{建物}。
反り上がる、高揚する。",軒 → JPDB Kanji Freq: 1663,漢字の読みを入力してください,Text
__牧__場,まき,"［牧］七級
音: ボク／モク 訓: まき
意味: 家畜を飼(か)う、家畜を養(やしな)い育てる。
人を養い育てる、人格や学識を研き高める、修養する。
人民を養い治(おさ)める。
家畜を放し飼いにするところ、都(みやこ)を囲む城壁の外に広がる地を「郊」といい、その外の地。
地方の長官",牧 → JPDB Kanji Freq: 1662,漢字の読みを入力してください,Text
__笛__，口__笛__,ふえ,"［笛］八級
音: テキ／ジャク 訓: ふえ
意味: 竹などの円筒形のものに幾つかの孔(あな)をあけ、その一つから息を吹き込み、他の孔を指で押さえたり離したりすることで音階を表現する楽器の総称、同「篴」「𥴦」{楽器(管楽器)})。",笛 → JPDB Kanji Freq: 1660,漢字の読みを入力してください,Text
__弄__ぶ,もてあそ,"［弄］二級
音: ロウ／ル 訓: もてあそ・ぶ／いじ・る／いじ・くる
意味: (美しい石を)手に取り飽くことなく触れたり眺めたりする、また愛(め)でる。
楽器を奏(かな)でる、「音楽を愛でる」の意。
(相手が嫌がるのも構わずに)むやみに手を加える、意味もなくあれやこれやに手を出す。
両側に家が建ち並ぶ路地、小路。",弄 → JPDB Kanji Freq: 1659,漢字の読みを入力してください,Text
"__弄__う
〘五他〙いじる。もてあそぶ。さわる。",いら,"［弄］二級
音: ロウ／ル 訓: もてあそ・ぶ／いじ・る／いじ・くる
意味: (美しい石を)手に取り飽くことなく触れたり眺めたりする、また愛(め)でる。
楽器を奏(かな)でる、「音楽を愛でる」の意。
(相手が嫌がるのも構わずに)むやみに手を加える、意味もなくあれやこれやに手を出す。
両側に家が建ち並ぶ路地、小路。",弄 → JPDB Kanji Freq: 1659,漢字の読みを入力してください,Text
__弄__る，__弄__り回す,いじ,"［弄］二級
音: ロウ／ル 訓: もてあそ・ぶ／いじ・る／いじ・くる
意味: (美しい石を)手に取り飽くことなく触れたり眺めたりする、また愛(め)でる。
楽器を奏(かな)でる、「音楽を愛でる」の意。
(相手が嫌がるのも構わずに)むやみに手を加える、意味もなくあれやこれやに手を出す。
両側に家が建ち並ぶ路地、小路。",弄 → JPDB Kanji Freq: 1659,漢字の読みを入力してください,Text
"__弄__る
手でいじる。もてあそぶ。
「手先で━」",まさぐ,"［弄］二級
音: ロウ／ル 訓: もてあそ・ぶ／いじ・る／いじ・くる
意味: (美しい石を)手に取り飽くことなく触れたり眺めたりする、また愛(め)でる。
楽器を奏(かな)でる、「音楽を愛でる」の意。
(相手が嫌がるのも構わずに)むやみに手を加える、意味もなくあれやこれやに手を出す。
両側に家が建ち並ぶ路地、小路。",弄 → JPDB Kanji Freq: 1659,漢字の読みを入力してください,Text
"__拐__かす
〔文〕〈だまして／むりやり〉つれ去る。",かどわ,"［拐］凖二級
音: カイ／ゲ 訓: かどわ・かす
意味: (腕や足のように)曲がる、また曲がったところ。
かどわ・かす、騙(だま)す、騙して持ち去る。
体を支える(或いは打ち据える)木の棒、杖(つえ)、拐杖(カイジョウ)、同「枴」。",拐 → JPDB Kanji Freq: 1658,漢字の読みを入力してください,Text
__嫉__む,そね,"［嫉］二級
音: シツ／ジチ 訓: ねた・む／そね・む
意味: 自分と比較して他人がより賢い・重く用いられることなどを羨(うらや)み憎(にく)らしく思う、嫉妬(シット)、同「愱」「㑵」「疾」「𧪠」。",嫉 → JPDB Kanji Freq: 1656,漢字の読みを入力してください,Text
__茨__城県,いばら,"［茨］七級
音: シ／ジ 訓: いばら
意味: 茅(カヤ)やアシ葦などの草の茎で屋根を葺(ふ)く、茅葺(かやぶき)屋根、茅茨(ボウシ)。
いばら、刺(とげ)のある低木の総称。
茨棘(シキョク)、同、荆棘(ケイシ)草木の刺(刺が体に突き刺さり、また刺さったような)痛み苦しむ、痛みや苦しみ、苦難。
ハマビシ浜菱、ハマビシ科の草、、蒺蔾(シツリ){ハマビシ}。
積む、積み上げる、積み上げて塞ぐ。",茨 → JPDB Kanji Freq: 1655,漢字の読みを入力してください,Text
__枠__，__枠__内，窓__枠__,わく,"［枠］凖二級
音: わく 訓: 
意味: 日ものの周りを囲(かこ)うもの、ものの形を決める(固定する)ための囲い、フレームframe、「窓枠まどわく」「型枠かたわく」。
日。",枠 → JPDB Kanji Freq: 1654,漢字の読みを入力してください,Text
__叱__る,しか,"［叱］二級
音: シツ／シチ 訓: しか・る
意味: 大声で言う、怒鳴(どな)る、叱咤(シッタ)、叱呵(シッカ)、同「呵」「𠮟」。
叱責(シッセキ)、大声で為(な)すべきことを為すよう強く求める。",叱 → JPDB Kanji Freq: 1653,漢字の読みを入力してください,Text
"__潤__む
①水気をおびて見える。
「目が━」
②かすんで見える。くもる。
「夜霧に━いさり火」
③なみだ声になる。
「声が━」",うる,"［潤］三級
音: ジュン／ニン 訓: うるお・い／うるお・う／うるお・す／うる・む
意味: 物の内部から余分な水分や油分が表面に染み出る。
しっとりとしている、艶々(つやつや)している、光沢がある。
(内部から表にじわりと染み出て来るような)艶を出す。
(「必要とする量以上のもの」の意から)利益、生活にゆとりができる。",潤 → JPDB Kanji Freq: 1651,漢字の読みを入力してください,Text
"__潤__う，喉を__潤__す，__潤__い
①水気をじゅうぶんに得る。
「草木が━」
②ゆたかになる。ゆとりができる。
「家計が━」",うるお,"［潤］三級
音: ジュン／ニン 訓: うるお・い／うるお・う／うるお・す／うる・む
意味: 物の内部から余分な水分や油分が表面に染み出る。
しっとりとしている、艶々(つやつや)している、光沢がある。
(内部から表にじわりと染み出て来るような)艶を出す。
(「必要とする量以上のもの」の意から)利益、生活にゆとりができる。",潤 → JPDB Kanji Freq: 1651,漢字の読みを入力してください,Text
"__潤__びる
｟自上一｠
〔水分をふくんで〕うるおう。やわらかになる。",ほと,"［潤］三級
音: ジュン／ニン 訓: うるお・い／うるお・う／うるお・す／うる・む
意味: 物の内部から余分な水分や油分が表面に染み出る。
しっとりとしている、艶々(つやつや)している、光沢がある。
(内部から表にじわりと染み出て来るような)艶を出す。
(「必要とする量以上のもの」の意から)利益、生活にゆとりができる。",潤 → JPDB Kanji Freq: 1651,漢字の読みを入力してください,Text
"__滝__，__滝__つぼ
水が高い所から流れ落ちている所。
「ナイアガラの滝は有名だ。」",たき,"［滝］三級
音: ロウ 訓: たき
意味: 水の流れが速いさま、急流、早瀬(はやせ)。
日高い所から川のように流れ落ちる水。",滝 → JPDB Kanji Freq: 1650,漢字の読みを入力してください,Text
__畳__む，折り__畳__み,たた,"［畳］四級
音: チョウ／ジョウ 訓: たたみ／たた・む
意味: 薄いものが何層にも積み重なる、何度も同じことが繰り返される。
たた・む、薄いものを折って重ねる。
日たたみ、藁の床の表面にイグサ藺草の筵を張った敷物、薄い敷物を折って重ね厚くしたもの。",畳 → JPDB Kanji Freq: 1648,漢字の読みを入力してください,Text
__畳__，__畳__表，青__畳__,たたみ,"［畳］四級
音: チョウ／ジョウ 訓: たたみ／たた・む
意味: 薄いものが何層にも積み重なる、何度も同じことが繰り返される。
たた・む、薄いものを折って重ねる。
日たたみ、藁の床の表面にイグサ藺草の筵を張った敷物、薄い敷物を折って重ね厚くしたもの。",畳 → JPDB Kanji Freq: 1648,漢字の読みを入力してください,Text
"__序__で
①あることを行うとき、同時に他のこともするよい機会。「それも―に言っておく」
②順序。次第。","つい,ついで","［序］六級
音: ショ／ジョ 訓: つい・で
意味: 次第シダイ、順序。
述べる。
はしがき、文書の最初に記す文章、最後に記す文章は「跋」。
端緒、物事の始め。
中庭を囲むように東西南北に家屋を配する中国の伝統的様式で東西側に建てられた家屋(「廂」という)、屋敷の東西側の塀(へい)、同「㘧」{四合院}。
(屋敷の東西側の建物で教えたことから)私立の学校、殷代(前17世紀～前11世紀)の称、夏代(約前21世紀～前16世紀)では「校」、周代(前11世紀～前3世紀)では「庠」。
日つい・で、～する際、～の機会。",序 → JPDB Kanji Freq: 1647,漢字の読みを入力してください,Text
__掌__を返す，__掌__を指す，__掌__,"たなごころ,てのひら","［掌］三級
音: ショウ 訓: たなごころ／てのひら／つかさど・る
意味: たなごころ、てのひら、手のひら、手の指を除いた部分、動物などの場合は(前)足の裏、手心(シュシン){人体(上肢)}。
つかさど・る、役目として受け持つ、受け持つ仕事の全体を主導・統括する、「役目や仕事を掌で受け持つ、制御する」の意。",掌 → JPDB Kanji Freq: 1644,漢字の読みを入力してください,Text
"__朱__に染まる，__朱__い
①まっかになる。
②血だらけになる。","あけ,あか","［朱］四級
音: シュ／ス 訓: あけ
意味: くすみのない明るく濃い(深い)赤色█、丹朱(タンシュ)、同「絑」(日本で朱肉などに多く使われる色とはやや違う)。
赤心木セキシンボク、心シン(幹の芯)が赤い松マツ(マツ科の木)や柏ハク(ヒノキ科の木)などの木。",朱 → JPDB Kanji Freq: 1643,漢字の読みを入力してください,Text
__痕__，傷__痕__,あと,"［痕］二級
音: コン／ゴン 訓: あと
意味: 傷(きず)や腫(は)れが癒(い)えた後に残る跡形(あとかた)。
ものの跡、痕跡(コンセキ)、啼痕(テイコン)(泣いた跡、泣いて目が赤味を帯びるさま)」、水痕(スイコン)(水の跡、水滴・水溜まり・流水などの跡)」。",痕 → JPDB Kanji Freq: 1642,漢字の読みを入力してください,Text
__顎__，__顎__で使う,あご,"［顎］二級
音: ガク 訓: あご
意味: 口蓋コウガイ、口腔コウコウ(口の中の空洞部分)の上の部分、日本でいう上顎(うわあご)、同「齶」「腭」{人体(頭部)}。
鼻筋が高く通っているさま。
身心を引き締めて敬う、同「𩖀」。
日口の周辺の骨・筋肉・皮膚などの組織の総称、同「頜」「頤」。",顎 → JPDB Kanji Freq: 1641,漢字の読みを入力してください,Text
__蒸__ける，__蒸__かす,ふ,"［蒸］五級
音: ショウ／ジョウ 訓: む・す／む・らす／む・れる／ふか・す
意味: 湯気(水蒸気)が立ち昇る、同「烝」。
湯気(水蒸気)を立ち昇らせて熱する、同「烝」。
皮を取り去ったアサ麻の茎を乾燥させたもの、麻幹あさがら・おがら。
細い枝や茎、麻幹と共にいずれも薪(たきぎ)にするためのもので薪よりも細いもの。
多くの、たくさんの、同「烝」。
祖先を祀(まつ)るために冬に行われる祭礼の名、同「烝」。",蒸 → JPDB Kanji Freq: 1639,漢字の読みを入力してください,Text
__蒸__れる，__蒸__らす，__蒸__す，__蒸__し暑い,む,"［蒸］五級
音: ショウ／ジョウ 訓: む・す／む・らす／む・れる／ふか・す
意味: 湯気(水蒸気)が立ち昇る、同「烝」。
湯気(水蒸気)を立ち昇らせて熱する、同「烝」。
皮を取り去ったアサ麻の茎を乾燥させたもの、麻幹あさがら・おがら。
細い枝や茎、麻幹と共にいずれも薪(たきぎ)にするためのもので薪よりも細いもの。
多くの、たくさんの、同「烝」。
祖先を祀(まつ)るために冬に行われる祭礼の名、同「烝」。",蒸 → JPDB Kanji Freq: 1639,漢字の読みを入力してください,Text
__唾__，眉__唾__,つば,"［唾］二級
音: タ／ダ 訓: つばき／つば
意味: 口の中の消化液、またそれを吐く、唾液(ダエキ)、同「涶」。
つばき・する、つば・する、とても飲み込めるようなものではない(受け入れられない)という気持ちを表す、唾棄(ダキ)。",唾 → JPDB Kanji Freq: 1636,漢字の読みを入力してください,Text
"__濯__ぐ・雪ぐ
①水で汚れをあらい落とす。ゆすぐ。
②恥や不名誉などを除き去る。そそぐ。「汚名を―ぐ」",すす,"［濯］凖二級
音: タク／ダク 訓: すす・ぐ／ゆす・ぐ
意味: 揺り動かすようにして洗う。
(罪科や疑いを)払拭する。",濯 → JPDB Kanji Freq: 1635,漢字の読みを入力してください,Text
__宜__しい，__宜__しく，__宜__しくやる,よろ,"［宜］凖二級
音: ギ 訓: よろ・しい／よろ・しく／むべ
意味: 理リに適(かな)う、適テキする、ちょうど良い、事宜(ジギ)(事をするのにちょうど良い頃合い)」。
むべ、当然な、尤(もっと)もな。
～するのがよい、～した方がよい。",宜 → JPDB Kanji Freq: 1634,漢字の読みを入力してください,Text
__宜__なるかな,むべ,"［宜］凖二級
音: ギ 訓: よろ・しい／よろ・しく／むべ
意味: 理リに適(かな)う、適テキする、ちょうど良い、事宜(ジギ)(事をするのにちょうど良い頃合い)」。
むべ、当然な、尤(もっと)もな。
～するのがよい、～した方がよい。",宜 → JPDB Kanji Freq: 1634,漢字の読みを入力してください,Text
__遮__る，話を__遮__る,さえぎ,"［遮］凖二級
音: シャ 訓: さえぎ・る
意味: 寄ってくるものを止(とど)める、そこから先に行かせない、通さない。
覆って中に入ってこないようにする。",遮 → JPDB Kanji Freq: 1631,漢字の読みを入力してください,Text
__阻__む，道を__阻__む,はば,"［阻］三級
音: ソ／ショ 訓: はば・む
意味: (山や川が)行く手を遮(さえぎ)る、立ちはだかる、(前進・進行を)妨(さまた)げる、(侵入・進行を)食(く)い止める、同「沮」。
険阻(ケンソ)、行く手を妨(さまた)げるように立ちはだかるさま、険(けわ)しいさま、同「嶮岨」。",阻 → JPDB Kanji Freq: 1630,漢字の読みを入力してください,Text
__柳__，__柳__腰,やなぎ,"［柳］凖二級
音: リュウ／ル 訓: やなぎ
意味: 柳(ヤナギ)、ヤナギ科の木、一般に枝が垂れるもの、垂れないものは「ヤナギ楊」{ヤナギ}。
星名、二十八宿南方朱雀七宿の第三宿{二十八宿}。",柳 → JPDB Kanji Freq: 1626,漢字の読みを入力してください,Text
__捉__える,とら,"［捉］二級
音: サク／ソク 訓: とら・える／つか・まえる
意味: ぎゅっと掴(つか)まえる、掴まえて離さない、しっかりと手(や目や頭など)の中に収める。
捕(つか)まえる、搦(から)め捕(と)る。
守捉(シュソク)、唐朝(618年～907年)の国境周辺を警備する軍の組織の名。",捉 → JPDB Kanji Freq: 1623,漢字の読みを入力してください,Text
__徐__に,おもむろ,"［徐］三級
音: ショ／ジョ 訓: おもむろ・に
意味: ゆっくりと行く。
ゆっくりとしたさま、ゆったりとしたさま。
古国名、周代(西周、前11世紀～前771年)から春秋時代(前770年～前5世紀)にかけての諸侯国の一つ、東夷トウイ、九夷(キュウイ)の一つ、現安徽省宿州市泗県・江蘇省宿遷市泗洪県一帯を領した{安徽省}。
古州名、、徐州(ジョシュウ)、漢代(前202年～220年)以降に現江蘇省北西部・山東省南西部・安徽省北部一帯を管轄した{江蘇省}。",徐 → JPDB Kanji Freq: 1621,漢字の読みを入力してください,Text
__堅__い,かた,"［堅］四級
音: ケン 訓: かた・い
意味: しっかりしている、しっかりしていて揺(ゆ)るがない、また緩(ゆる)まない。",堅 → JPDB Kanji Freq: 1619,漢字の読みを入力してください,Text
__袖__，半__袖__,そで,"［袖］二級
音: シュウ／ジュ 訓: そで
意味: 衣服の肩から手首までの部分、衣服の腕を包む部分、またそこに物を入れる、同「褎」{服飾(衣服)}。",袖 → JPDB Kanji Freq: 1618,漢字の読みを入力してください,Text
__隔__てる，__隔__て，__隔__たる，__隔__たり,へだ,"［隔］三級
音: カク／キャク 訓: へだ・てる／へだ・たる
意味: 間(あいだ)を仕切る、仕切って内(手前、こちら)と外(向こう、あちら)の行き来ができないようにする。
時間や距離などの間を空(あ)ける。
他との関(かか)わりに距離を置く。",隔 → JPDB Kanji Freq: 1617,漢字の読みを入力してください,Text
__粒__，豆__粒__,つぶ,"［粒］四級
音: リュウ 訓: つぶ
意味: 穀物の実から殻(から)を取り除いたもの、特に「米粒(こめつぶ)」を指す、同「𩚷」。
飯(めし)、米飯ベイハン。
(粒のように)小さく丸みを帯びたもの、またそれを数える語。",粒 → JPDB Kanji Freq: 1616,漢字の読みを入力してください,Text
__据__わる，__据__わり，__据__える，__据__え置く,す,"［据］凖二級
音: キョ／コ 訓: す・える／す・わる
意味: 拠(よ)る、他のものを拠りどころにする、依拠(イキョ)する、同繁「據」。
拮据(キッキョ)ぐっと掴(つか)む、ぐっと摘(つ)まむ遣り繰り(やりくり)する、(生活するのに)苦労する。
日す・える、動かないようにしっかりと置く、あるべき所に置く
日",据 → JPDB Kanji Freq: 1615,漢字の読みを入力してください,Text
__励__む，__励__み，__励__ます，__励__まし,はげ,"［励］三級
音: レイ／ライ 訓: はげ・ます／はげ・む
意味: はげ・ます、元気付ける、力付ける、奮(ふる)い立たせる。
仕事などに力を",励 → JPDB Kanji Freq: 1614,漢字の読みを入力してください,Text
__網__，__網__戸,あみ,"［網］四級
音: ボウ／モウ 訓: あみ
意味: 糸や紐(ひも)を格子状に目を粗(あら)く編んだ魚や鳥獣を捕(と)らえる道具、特に魚を捕る網を指す、鳥を捕る網は「羅」、網羅(モウラ)(魚を捕る網と鳥を捕る網、残らず捕らえる)」、羅網(ラモウ)(鳥を捕る網と魚を捕る網、法の網、網に掛かる、罠に掛ける)」、同「网」。
身動きができないように網を被(かぶ)せる、同「罔」。
網の目のように縦横ジュウオウに張り巡(めぐ)らされたもの、ネットワークnetwork、同簡「网」。",網 → JPDB Kanji Freq: 1611,漢字の読みを入力してください,Text
__鶴__，千羽__鶴__,つる,"［鶴］二級
音: カク 訓: つる
意味: 鶴(ツル)、ツル科の鳥、また同科の鳥の称、同「鸖」「𪈯」。
白いさま、鶴髮(カクハツ)(白髪)」、同「㿥」。
鶴書(カクショ)、有能な士を招く際の召書ショウショ、またその召書に使われた書体。",鶴 → JPDB Kanji Freq: 1610,漢字の読みを入力してください,Text
"__誉__れ
世間から、りっぱだと認められること。
「名人の━が高い・郷土の━〔＝名誉〕」",ほま,"［誉］四級
音: ヨ 訓: ほま・れ／ほ・める
意味: ほま・れ、よい評判。
ほ・める、褒(ほ)める、褒(ほ)め称(たた)える。",誉 → JPDB Kanji Freq: 1608,漢字の読みを入力してください,Text
__筒__，__筒__抜け,つつ,"［筒］凖二級
音: トウ／ズウ 訓: つつ
意味: 竹の茎の中空の部分、同「筩」。
細長い円柱状で内部が空洞になっている形のもの、同「筩」。",筒 → JPDB Kanji Freq: 1605,漢字の読みを入力してください,Text
玉__鋼__，__鋼__（刃金）,はがね,"［鋼］五級
音: コウ 訓: はがね
意味: 焼(やき)を入れて堅く強く鍛(きた)えた鉄、鋼鉄(コウテツ)。
堅く強いさま。",鋼 → JPDB Kanji Freq: 1604,漢字の読みを入力してください,Text
__滞__る,とどこお,"［滞］三級
音: テイ／ダイ／タイ 訓: とどこお・る
意味: 動きが止まってなかなか流れない、止まったままなかなか動かない。",滞 → JPDB Kanji Freq: 1603,漢字の読みを入力してください,Text
__澄__む，上__澄__み，__澄__ます，__澄__まし顔,す,"［澄］四級
音: チョウ／ジョウ 訓: す・む
意味: 泥などの汚(よご)れが沈んで水が透(す)き通る、同「澂」「瀓」。",澄 → JPDB Kanji Freq: 1602,漢字の読みを入力してください,Text
__沿__う，川__沿__い,そ,"［沿］五級
音: エン 訓: そ・う
意味: 水が川筋に順(したが)って流れる、道筋に従って行く、逆方向に行くのは「溯」。
習慣や先例・指示や命令に従って行動する。
水の縁(へり)、ものの縁。",沿 → JPDB Kanji Freq: 1600,漢字の読みを入力してください,Text
__贈__る，__贈__り物,おく,"［贈］四級
音: ソウ／ゾウ 訓: おく・る
意味: 相手が貰って嬉しいと思うもの(相手が喜ぶもの)を送る。
死後に爵位や称号を与える。",贈 → JPDB Kanji Freq: 1597,漢字の読みを入力してください,Text
持ち__駒__,こま,"［駒］二級
音: ク 訓: こま
意味: (体の小さい)二歳馬。
幼獣(ヨウジュウ)。
若く体は小さいが元気なさま、未熟だが元気な若者(わかもの)。
日将棋やチェスchessなどの盤ゲームboard。",駒 → JPDB Kanji Freq: 1595,漢字の読みを入力してください,Text
__鍋__，__鍋__料理,なべ,"［鍋］二級
音: カ 訓: なべ
意味: 食材を煮炊きするための円形の器、またそのような形をした容器、同「𩰫」。
車釭シャコウに潤滑油を供給するための容器、車釭は轂(こしき、車輪中央にある円筒形の部品)と車軸が擦(こす)れて轂が摩耗マモウしないように轂の内側に嵌(は)める筒状の金具。",鍋 → JPDB Kanji Freq: 1593,漢字の読みを入力してください,Text
__妄__り，__妄__りに，__妄__りがましい,みだ,"［妄］凖二級
音: ボウ／モウ 訓: みだ・りに
意味: 馬鹿げた、いい加減な、根拠のない、非現実的な。
みだ・り、みだ・りに、やたらに、手当たり次第に、考えもなしに。",妄 → JPDB Kanji Freq: 1591,漢字の読みを入力してください,Text
干__潟__，新__潟__県,かた,"［潟］七級
音: セキ 訓: かた
意味: 海水(塩分を含んだ水)が引いた時に現れる土地、塩分を含んだ(アルカリalkali性の)土地。
日潮チョウ(しお)が引いた時に現れる土地。",潟 → JPDB Kanji Freq: 1590,漢字の読みを入力してください,Text
__虐__げる,しいた,"［虐］三級
音: ギャク 訓: しいた・げる
意味: 酷(むご)い仕打ちをする、苛(いじめ)め苦しめる。",虐 → JPDB Kanji Freq: 1584,漢字の読みを入力してください,Text
__虎__，__虎__の子,とら,"［虎］二級
音: コ／ク 訓: とら
意味: 虎(トラ)、ネコ科ヒョウ属の動物の総称、同「俿」「乕」。
勇猛ユウモウなさま、猛猛(たけだけ)しいさま。
凶暴なさま。",虎 → JPDB Kanji Freq: 1583,漢字の読みを入力してください,Text
__著__す,あらわ,"［著］五級
音: チョ／チャク／ジャク 訓: あらわ・す／いちじる・しい
意味: 他との違い(或いは正誤)をはっきりと示す、誰の目にも明らかにする、明確にする、同「箸」「𣋐」。
(間違いや誤解がないように)文章などに書き表す、書かれた文章、同「箸」「𣋐」。
明らかなさま、他との違いがはっきり分かるさま、同「箸」「𣋐」。
着(つ)く、付く、付着する、同「着」。
着(つ)く、到着する、同「着」。
着(き)る、衣服を身に付ける、同「着」。",著 → JPDB Kanji Freq: 1582,漢字の読みを入力してください,Text
__著__しい，__著__しさ,いちじる,"［著］五級
音: チョ／チャク／ジャク 訓: あらわ・す／いちじる・しい
意味: 他との違い(或いは正誤)をはっきりと示す、誰の目にも明らかにする、明確にする、同「箸」「𣋐」。
(間違いや誤解がないように)文章などに書き表す、書かれた文章、同「箸」「𣋐」。
明らかなさま、他との違いがはっきり分かるさま、同「箸」「𣋐」。
着(つ)く、付く、付着する、同「着」。
着(つ)く、到着する、同「着」。
着(き)る、衣服を身に付ける、同「着」。",著 → JPDB Kanji Freq: 1582,漢字の読みを入力してください,Text
"__著__く
〔文〕はっきり見えるようす。
「夜目にも━見える」",しる,"［著］五級
音: チョ／チャク／ジャク 訓: あらわ・す／いちじる・しい
意味: 他との違い(或いは正誤)をはっきりと示す、誰の目にも明らかにする、明確にする、同「箸」「𣋐」。
(間違いや誤解がないように)文章などに書き表す、書かれた文章、同「箸」「𣋐」。
明らかなさま、他との違いがはっきり分かるさま、同「箸」「𣋐」。
着(つ)く、付く、付着する、同「着」。
着(つ)く、到着する、同「着」。
着(き)る、衣服を身に付ける、同「着」。",著 → JPDB Kanji Freq: 1582,漢字の読みを入力してください,Text
__苛__める,いじ,"［苛］二級
音: カ／ガ 訓: いじ・める／さいな・む／いら
意味: 厳(きび)しいさま、過酷カコクなさま、苛政(カセイ)(民に対する厳しい政治)」。
いじ・める、さいな・む、厳しく要求して苦しめる、叱(しか)る。
細(こま)かい、細々している、、煩苛(ハンカ)(細かく煩わしいさま)」。
日いら、煩(わずら)わしくどうしてよいか分からないさま、「苛苛(いらいら)」。",苛 → JPDB Kanji Freq: 1581,漢字の読みを入力してください,Text
"__苛__む，__苛__まれる
痛み・なやみなどをあたえて苦しめる。
「自分自身を━・身を苛まれる・不安に苛まれる」",さいな,"［苛］二級
音: カ／ガ 訓: いじ・める／さいな・む／いら
意味: 厳(きび)しいさま、過酷カコクなさま、苛政(カセイ)(民に対する厳しい政治)」。
いじ・める、さいな・む、厳しく要求して苦しめる、叱(しか)る。
細(こま)かい、細々している、、煩苛(ハンカ)(細かく煩わしいさま)」。
日いら、煩(わずら)わしくどうしてよいか分からないさま、「苛苛(いらいら)」。",苛 → JPDB Kanji Freq: 1581,漢字の読みを入力してください,Text
__苛__つく,いら,"［苛］二級
音: カ／ガ 訓: いじ・める／さいな・む／いら
意味: 厳(きび)しいさま、過酷カコクなさま、苛政(カセイ)(民に対する厳しい政治)」。
いじ・める、さいな・む、厳しく要求して苦しめる、叱(しか)る。
細(こま)かい、細々している、、煩苛(ハンカ)(細かく煩わしいさま)」。
日いら、煩(わずら)わしくどうしてよいか分からないさま、「苛苛(いらいら)」。",苛 → JPDB Kanji Freq: 1581,漢字の読みを入力してください,Text
__欺__く,あざむ,"［欺］三級
音: キ／コ／ギ 訓: あざむ・く
意味: 偽(いつわ)る、騙(だま)す。
相手を軽(かろ)んじる、馬鹿にする。",欺 → JPDB Kanji Freq: 1580,漢字の読みを入力してください,Text
__凝__る，__凝__り性，__凝__らす,こ,"［凝］三級
音: ギョウ 訓: こ・る／こ・らす
意味: (水が)凍る、凍って固まる。
固まって動かない、揺(ゆ)るがない。
一カ所に集める、一点に集中させる。",凝 → JPDB Kanji Freq: 1579,漢字の読みを入力してください,Text
__往__ぬ，__往__にし，__往__んじ，__往__なす，__往__き，__往__き，__往__く,"い,ゆ","［往］六級
音: オウ 訓: い・く／ゆ・く
意味: 目的とする方に向かって行く、遠ざかって行く、去って行く、手前に向かって来るのは「復」。
過ぎ去る、行ってしまう。
以前、昔、嘗(かつ)て。
死ぬ、「死後の世界に行く、去って行く」の意。",往 → JPDB Kanji Freq: 1578,漢字の読みを入力してください,Text
"__葬__る
❶死体や遺骨を土の中にうめる。墓におさめる。例 : 遺骨を葬る。
❷人に知られないようにかくす。例 : 事件をやみに葬る。",ほうむ,"［葬］三級
音: ソウ 訓: ほうむ・る
意味: 周りから見えないように覆(おお)い隠(かく)す。
死者を他人の目に触れないように隠(かく)す、死者を土に埋める、同「𦽱」。",葬 → JPDB Kanji Freq: 1573,漢字の読みを入力してください,Text
"__痴__がましい
__痴__れる
ある物事に心を奪われ、判断能力がはたらかなくなる。おろかになる。「酔い―れる」","おこ,し","［痴］凖二級
音: チ 訓: し・れる
意味: 無知なさま、愚かなさま、同「𠈴」。
物事の認識や判断が正常にできない、またそのような病気。
思慮シリョが足りない、またそのような振る舞い。",痴 → JPDB Kanji Freq: 1571,漢字の読みを入力してください,Text
__浸__かる，__浸__く,つ,"［浸］四級
音: シン 訓: ひた・す／し・みる
意味: ひた・す、ひた・る、液体の中にすっぽりと入れる、ものが水の中に隠れる、同「濅」。
し・みる、液体がじわじわと中に入り込む、滲(し)み込む、滲(し)み込ませる、同「濅」「寖」「䆮」。
じわじわと、徐々に、少しずつ、同「漸」「濅」「寖」。",浸 → JPDB Kanji Freq: 1567,漢字の読みを入力してください,Text
__浸__る，__浸__す，水__浸__し,ひた,"［浸］四級
音: シン 訓: ひた・す／し・みる
意味: ひた・す、ひた・る、液体の中にすっぽりと入れる、ものが水の中に隠れる、同「濅」。
し・みる、液体がじわじわと中に入り込む、滲(し)み込む、滲(し)み込ませる、同「濅」「寖」「䆮」。
じわじわと、徐々に、少しずつ、同「漸」「濅」「寖」。",浸 → JPDB Kanji Freq: 1567,漢字の読みを入力してください,Text
__洞__穴,ほら,"［洞］凖二級
音: トウ／ズウ／ドウ 訓: ほら
意味: 奥深くにまで通ツウじているさま。
突き抜ける、通じる、貫(つらぬ)く。
洞達(ドウタツ)どこまでも通じているさま物事について奥深いところまで知り及んでいるさま。
鴻洞(コウドウ)、どこまでも途切れることなく続いている(続く)さま。
奥深くまで通じている穴、反対側まで突き抜けている穴、洞穴(ドウケツ)、同「䆚」。
洞庭(ドウテイ)大きく開けたところ、広大な庭湖南省北部にある湖名{湖南省}。",洞 → JPDB Kanji Freq: 1565,漢字の読みを入力してください,Text
__貼__る,は,"［貼］二級
音: チョウ／テン 訓: は・る
意味: 接近する、ぴったりとくっつく、くっつける。
ぺったりと(点状や線状ではなく面状に)張り付く、また付着する、また張り付ける。",貼 → JPDB Kanji Freq: 1563,漢字の読みを入力してください,Text
"__摩__る
①（痛みがなくなるように）からだを、手で何度も軽くこする。
「背中を━」
②なでる。
「生地を━」",さす,"［摩］凖二級
音: バ／マ 訓: さす・る／す・る
意味: 手で押さえ撫(な)でる、軽く擦る。
擦(こす)って磨(みが)く、(知識や技能を)研(みが)く。
触れる、触れる程に間近まで迫る。",摩 → JPDB Kanji Freq: 1562,漢字の読みを入力してください,Text
"__拘__る
①そればかりを（いつまでも）気にする。
「お金に━・勝ち負けに━・小さいことに━」
②つきつめてよく考える。
「この点にもう少し拘ってみたい」",こだわ,"［拘］三級
音: コウ／ク 訓: こだわ・る／かかわ・る
意味: 「掌(てのひら)の中に入れ指を閉じて握(にぎ)る」「腕を回して抱(かか)える」のように、周りを取り囲んで押さえ自由に動けないようにする、束縛ソクバクする、拘束(コウソク)。
こだわ・る、あることに囚(とら)われる、また縛(しば)られる、固執コシツする、拘泥(コウデイ)。
不拘(フコウ)(かかわらず)」～に縛られることなく～に関係なく。",拘 → JPDB Kanji Freq: 1558,漢字の読みを入力してください,Text
"__拘__う
面倒ごとに関わること。また、それにこだわって離れられなくなること。",かかずら,"［拘］三級
音: コウ／ク 訓: こだわ・る／かかわ・る
意味: 「掌(てのひら)の中に入れ指を閉じて握(にぎ)る」「腕を回して抱(かか)える」のように、周りを取り囲んで押さえ自由に動けないようにする、束縛ソクバクする、拘束(コウソク)。
こだわ・る、あることに囚(とら)われる、また縛(しば)られる、固執コシツする、拘泥(コウデイ)。
不拘(フコウ)(かかわらず)」～に縛られることなく～に関係なく。",拘 → JPDB Kanji Freq: 1558,漢字の読みを入力してください,Text
__漂__う,ただよ,"［漂］三級
音: ヒョウ 訓: ただよ・う
意味: 水面に(或いは水中に)浮く、浮かんで流れるままにする。
風や水の流れに任せて位置を変える、思いに任せて彷徨(さまよ)う。
水中で揺らす、また揺らすようにして洗う。
(薬剤を加えた)水で濯(すす)ぐ、またそれによって不純物を取り除いたり白くしたりする。",漂 → JPDB Kanji Freq: 1557,漢字の読みを入力してください,Text
__粘__る，__粘__り，__粘__り強い,ねば,"［粘］三級
音: デン／ネン 訓: ねば・る
意味: 糊のように柔らかくくっつき易い、ねばねばする、べとべとする。",粘 → JPDB Kanji Freq: 1555,漢字の読みを入力してください,Text
__巣__，__巣__箱，__巣__立つ,す,"［巣］七級
音: ソウ／ジョウ 訓: す
意味: 木の上に作られた栖(す、鳥の巣)、動物の凹状・穴状の住処すみか、またそれを造る。
(他からは見えにくい、探しにくい)特に悪人などの住処、隠れ家(が)。
巣菜(ソウサイ)、スズメノエンドウ雀野豌豆、マメ科ソラマメ属の草、別名、苕菜(チョウサイ){スズメノエンドウ}。",巣 → JPDB Kanji Freq: 1554,漢字の読みを入力してください,Text
__嘆__く，__嘆__き，__嘆__かわしい,なげ,"［嘆］四級
音: タン 訓: なげ・く／なげ・かわしい
意味: 大きく息を吐(は)く、悲しんで(悲嘆ヒタン)・心を痛めて(哀嘆アイタン)・あれこれと思い煩(わずら)って(憂嘆ユウタン)・胸が詰まって(慨嘆ガイタン)・心が揺さぶられて(感嘆カンタン)・驚き感心して(驚嘆キョウタン)・褒(ほ)め称(たた)えて(賞嘆ショウタン)大きく息を吐く、同「歎」(「嘆」と「歎」は同音同義字だが、古くは「歎(喜樂の際の嘆息)」と「嘆(怒哀の際の嘆息)」とは別義であったという。",嘆 → JPDB Kanji Freq: 1552,漢字の読みを入力してください,Text
"__購__う
〔文〕買い求める。",あがな,"［購］凖二級
音: コウ／ク 訓: あがな・う
意味: 財貨を出して欲しいものを手に入れる、買う、購買(コウバイ)、購入(コウニュウ)。
賞金を掛け欲しいものを募(つの)る、、購募(コウボ)。
タカヨモギ高蓬、キク科ヨモギ属の草、同、蔏蔞(ショウロウ)、蔞蒿(ロウコウ){タカヨモギ}。",購 → JPDB Kanji Freq: 1551,漢字の読みを入力してください,Text
__杉__，__杉__並木,すぎ,"［杉］凖二級
音: サン／セン 訓: すぎ
意味: 広葉杉(コウヨウザン)、スギ科スギ属の木、同「柀」{コウヨウザン}。
日スギ杉、スギ科スギ属の木{スギ}。",杉 → JPDB Kanji Freq: 1550,漢字の読みを入力してください,Text
__奉__る,"たてまつ,まつ","［奉］三級
音: ホウ／ブ 訓: たてまつ・る
意味: 恭(うやうや)しく両手で捧(ささ)げ持つ、両手で捧げ持ち差し上げる、献上する、同「捧」。
身を捧げ仕える、献身的に仕える。
上位者からの授(さず)かりものや命令・意向を下位者が(ありがたく)受ける、承(うけたまわ)る、賜(たまわ)る、同「承」。
奉承(ホウショウ)、相手を持ち上げる、煽(おだ)てる。
奉行(ホウコウ・ブギョウ)、主君からの指示・命令に従う、また執(と)り行う。",奉 → JPDB Kanji Freq: 1549,漢字の読みを入力してください,Text
__託__け，__託__ける，__託__かる,"ことづ,かこつ","［託］三級
音: タク 訓: かこつ・ける
意味: 自分のものを他人(ひと)に預(あず)け、その取り扱いをその人の裁量サイリョウに委(ゆだ)ねる、信頼して任(まか)せる、安心して委(ゆだ)ねる、同「乇」「仛」「侂」「托」。
かこつ・ける、他のことを口実にする、他の物事に事寄(ことよ)せる、～を口実にして～する。",託 → JPDB Kanji Freq: 1547,漢字の読みを入力してください,Text
__妬__む,"ねた,そね","［妬］二級
音: ト／ツ 訓: ねた・む
意味: 自分と比較して他人がより美しい・可愛がられる・幸せである・優れていることなどを羨(うらや)み憎(にく)らしく思う、焼餅(やきもち)を焼く(妬く)、また妻(女性)のその様子、嫉妬(シット)、妬忌(トキ)、妬媢(トボウ)。",妬 → JPDB Kanji Freq: 1545,漢字の読みを入力してください,Text
"__妬__く
嫉妬する。ねたむ。
「女房の━ほど亭主もてもせず」",や,"［妬］二級
音: ト／ツ 訓: ねた・む
意味: 自分と比較して他人がより美しい・可愛がられる・幸せである・優れていることなどを羨(うらや)み憎(にく)らしく思う、焼餅(やきもち)を焼く(妬く)、また妻(女性)のその様子、嫉妬(シット)、妬忌(トキ)、妬媢(トボウ)。",妬 → JPDB Kanji Freq: 1545,漢字の読みを入力してください,Text
__戯__れる，__戯__れ,"たわむ,じゃ","［戯］四級
音: キ／ケ／ギ／ゲ 訓: たわむ・れる／ざ・れる／おど・ける
意味: 面白(おもしろ)おかしく遊ぶ、手に取ってしつこく触れたり眺めたりして喜ぶ、ふざける、「戯」はそうした行為を指し言葉を弄ぶのは「謔」。
舞踊や芝居、「愉快に楽しむもの」の意。
戦で指揮する大将の旗印、同「麾」。
「ああ」「はあ」という溜息。",戯 → JPDB Kanji Freq: 1544,漢字の読みを入力してください,Text
"__戯__け
1 ばか。愚か者。「この戯けめ」「戯け者」
2 ふざけること。浮かれ騒ぐこと。「戯けを尽くす」",たわ,"［戯］四級
音: キ／ケ／ギ／ゲ 訓: たわむ・れる／ざ・れる／おど・ける
意味: 面白(おもしろ)おかしく遊ぶ、手に取ってしつこく触れたり眺めたりして喜ぶ、ふざける、「戯」はそうした行為を指し言葉を弄ぶのは「謔」。
舞踊や芝居、「愉快に楽しむもの」の意。
戦で指揮する大将の旗印、同「麾」。
「ああ」「はあ」という溜息。",戯 → JPDB Kanji Freq: 1544,漢字の読みを入力してください,Text
"__戯__ける
あいきょうのある言い方や身ぶりで、ふざける。
「戯けたしぐさ」",おど,"［戯］四級
音: キ／ケ／ギ／ゲ 訓: たわむ・れる／ざ・れる／おど・ける
意味: 面白(おもしろ)おかしく遊ぶ、手に取ってしつこく触れたり眺めたりして喜ぶ、ふざける、「戯」はそうした行為を指し言葉を弄ぶのは「謔」。
舞踊や芝居、「愉快に楽しむもの」の意。
戦で指揮する大将の旗印、同「麾」。
「ああ」「はあ」という溜息。",戯 → JPDB Kanji Freq: 1544,漢字の読みを入力してください,Text
__牙__，__牙__を剥く,きば,"［牙］二級
音: ガ／ゲ 訓: きば
意味: 動物の鋭く尖った大きな歯、前歯(切歯セッシ)と奥歯(臼歯キュウシ)の間にある犬歯ケンシ。
(牙のように)尖って突き出た形のもの。
ゾウ象(ゾウ科の哺乳類)の長く伸びた門歯モンシ(切歯)、象牙(ゾウゲ)。
官庁舎・役所の古称、後には「衙」が用いられる、軍の主将の居城を、牙城(ガジョウ)、そこに掲げられる旗を、牙旗(ガキ)。
仲買人(なかがいにん)。",牙 → JPDB Kanji Freq: 1543,漢字の読みを入力してください,Text
"__惨__い，__惨__たらしい
見るにたえないほどいたましい。「━死に方」",むご,"［惨］四級
音: サン／ソン／ザン 訓: みじ・め／むご・い／むご・たらしい
意味: 心が痛(いた)む、心を痛める。
痛ましい、哀(あわ)れで痛々しい。
(程度が)激しい、甚(はなは)だしい、酷(ひど)い。",惨 → JPDB Kanji Freq: 1542,漢字の読みを入力してください,Text
__惨__めだ,みじ,"［惨］四級
音: サン／ソン／ザン 訓: みじ・め／むご・い／むご・たらしい
意味: 心が痛(いた)む、心を痛める。
痛ましい、哀(あわ)れで痛々しい。
(程度が)激しい、甚(はなは)だしい、酷(ひど)い。",惨 → JPDB Kanji Freq: 1542,漢字の読みを入力してください,Text
__旗__，__旗__色，手__旗__,はた,"［旗］七級
音: キ／ギ 訓: はた
意味: 布や紙などを方形(四角形や長方形)に作り目印としたもの、するものの総称。
清代(1644年～1912年)の蒙古族の軍の編成単位。
内蒙古自治区(内モンゴル自治区)の行政単位{内蒙古自治区}。",旗 → JPDB Kanji Freq: 1541,漢字の読みを入力してください,Text
__傘__，雨__傘__，日__傘__,かさ,"［傘］凖二級
音: サン 訓: かさ
意味: 頭上に翳(かざ)し雨や日差しを遮(さえぎ)るためのもので、手で持つための柄(え)が付いているもの、同「簦」「繖」。
(傘のように)頭上を覆(おお)うもの。",傘 → JPDB Kanji Freq: 1540,漢字の読みを入力してください,Text
__陥__る,おちい,"［陥］凖二級
音: カン／ゲン 訓: おちい・る／おとしい・れる
意味: 穴、地面が落ち窪(くぼ)んだ穴、同「臽」。
落とし穴、陷阱・陷穽(カンセイ)。
穴に落ち込む、穴に填(は)まり込む。
穴や罠(わな)に落とし入れる、攻め落とす。",陥 → JPDB Kanji Freq: 1539,漢字の読みを入力してください,Text
__陥__れる（落とし入れる）,おとしい,"［陥］凖二級
音: カン／ゲン 訓: おちい・る／おとしい・れる
意味: 穴、地面が落ち窪(くぼ)んだ穴、同「臽」。
落とし穴、陷阱・陷穽(カンセイ)。
穴に落ち込む、穴に填(は)まり込む。
穴や罠(わな)に落とし入れる、攻め落とす。",陥 → JPDB Kanji Freq: 1539,漢字の読みを入力してください,Text
__塊__，一__塊__,かたまり,"［塊］三級
音: カイ／ケ 訓: かたまり／くれ
意味: かたまり、土の固まり、元はばらばらなものが固まって一つになったもの、ばらばらなものが纏(まと)まって一つになったもの。
周りとはちがってそこだけ、一つだけ、一人だけ。",塊 → JPDB Kanji Freq: 1538,漢字の読みを入力してください,Text
__慰__める，__慰__め，__慰__む，__慰__み,なぐさ,"［慰］三級
音: イ 訓: なぐさ・める／なぐさ・み
意味: 気持ちを安(やす)らげ和(なご)ませる、宥(なだ)め落ち着かせる。
心が安らぐ、安心する。
日心を楽しませるもの(こと)。",慰 → JPDB Kanji Freq: 1535,漢字の読みを入力してください,Text
__促__す,うなが,"［促］三級
音: ショク／ソク 訓: うなが・す
意味: 時間や距離の間隔が狭(せま)い、狭(せば)まる、狭める。
間を置かずに、すぐに。
うなが・す、急(せ)き立てる、急(せ)かす。
偓促(アクソク・アクセク)、同「齷齪」狭くゆとりがないさま、間(ま)がないさませかせかとしていて(こせこせとしていて)ゆとりがないさま、度量ドリョウが狭く小さいさま。",促 → JPDB Kanji Freq: 1534,漢字の読みを入力してください,Text
__稲__作，__稲__穂,いな,"［稲］四級
音: トウ／ドウ 訓: いね／いな
意味: 稲(イネ)、イネ科イネ属の穀物、また同科同属の植物の称、その実を「米」(中国では、大米(タァミ)ー」)という{イネ}。",稲 → JPDB Kanji Freq: 1533,漢字の読みを入力してください,Text
__稲__，__稲__刈り,いね,"［稲］四級
音: トウ／ドウ 訓: いね／いな
意味: 稲(イネ)、イネ科イネ属の穀物、また同科同属の植物の称、その実を「米」(中国では、大米(タァミ)ー」)という{イネ}。",稲 → JPDB Kanji Freq: 1533,漢字の読みを入力してください,Text
__勧__める，__勧__め,すす,"［勧］四級
音: ケン／コン／カン 訓: すす・める
意味: 手を貸し励(はげ)まし促(うなが)す、繰返し促す。",勧 → JPDB Kanji Freq: 1529,漢字の読みを入力してください,Text
__丘__，小高い__丘__,おか,"［丘］四級
音: キュウ／ク 訓: おか
意味: 地面から高く盛り上がった所、「山」「阜」よりも小さく低いもの。
高く土を盛り上げた墳墓。
大きいさま。
土地の広さを表す単位。",丘 → JPDB Kanji Freq: 1525,漢字の読みを入力してください,Text
__僅__かだ,わず,"［僅］二級
音: キン／ゴン 訓: わず・か
意味: ほんの少し、ほんの少しだけ、やっと～だけ、「必要とする分にほんの少し足りない」「目的としたものにほんの少し及ばない(届かない)状態」を指す、同簡「仅」、同「㝻」。",僅 → JPDB Kanji Freq: 1523,漢字の読みを入力してください,Text
__穂__，稲__穂__,ほ,"［穂］三級
音: スイ／ズイ 訓: ほ
意味: 長い茎(くき)の先に多数の小花・実や芒(ボウ、のぎ、細い毛状のもの)が並ぶように付いたもの、またそのような形状のもの{花序}参照。
日筆ヒツ(ふで)や槍ソウ(やり)などの尖(とが)っているものの先(さき)。",穂 → JPDB Kanji Freq: 1522,漢字の読みを入力してください,Text
__嵐__，砂__嵐__,あらし,"［嵐］二級
音: ラン 訓: あらし
意味: 山間部に立ち籠(こ)める幾らか湿気を含んだ空気、また風、山間部に発生する靄(もや)や霧。
日あらし、激しく吹く風。",嵐 → JPDB Kanji Freq: 1520,漢字の読みを入力してください,Text
__棚__，戸__棚__，大陸__棚__,たな,"［棚］凖二級
音: ホウ／ビョウ／ボウ 訓: たな
意味: 竹や木を組んで上を覆った建物。
粗末な小屋、掘建て(ほったて)小屋。
棒や板を横に並べて架け渡した橋や道、同「桟」「閣」。
日物を載せるために横に渡した板、またそのような形のもの。",棚 → JPDB Kanji Freq: 1519,漢字の読みを入力してください,Text
__劣__る,おと,"［劣］四級
音: レツ／レチ 訓: おと・る
意味: 他のものや標準的・平均的なものと比較して(まったく欠けているわけではないが、やや)少ない、また小さい、また足りない、また及ばない、また低い、また弱い、また良くない、同「𢚃」。",劣 → JPDB Kanji Freq: 1516,漢字の読みを入力してください,Text
__履__く，__履__物,は,"［履］凖二級
音: リ 訓: は・く／くつ
意味: くつ、靴(長靴)や鞋(短靴)などの足に纏うものの総称、古くは木底や革底の履物に中敷きや刺繍などの飾りを施したものを指し、藁などで作っただけの粗末な履物(㞜)と区別した{服飾(履物)}。
は・く、足に纏う。
足で踏む、歩む。
(人としての)道を踏み行く、人として守るべきことを守る。",履 → JPDB Kanji Freq: 1515,漢字の読みを入力してください,Text
__卑__しめる，__卑__しむ，__卑__しい，__卑__しさ,いや,"［卑］三級
音: ヒ 訓: いや・しい／いや・しめる
意味: 下にあるさま、低いさま、高いのは「尊」。
身分や地位などが低い
下等な、下品な、劣(おと)る、賤(いや)しい、貧(まず)しい
低くする、下げる。",卑 → JPDB Kanji Freq: 1514,漢字の読みを入力してください,Text
"__均__す・平す
①平らにする。
「土地を━」
②平均する。
「日数でならして計算する」",なら,"［均］六級
音: キン／イン 訓: ひとし・い／なら・す
意味: (土地を)平等に或いは公平に分配する。
どれも同じように揃っている、偏(かたより)りがない、凹凸・大小・軽重などがない。
等しく、同じように。",均 → JPDB Kanji Freq: 1511,漢字の読みを入力してください,Text
__羨__む，__羨__ましい,うらや,"［羨］二級
音: セン／ゼン／エン 訓: うらや・む
意味: 欲しがって涎(よだれ、同「㳄」)を垂らす。
有り余る、必要とする分を除いた残り。
墓に通じる道、同「埏」。",羨 → JPDB Kanji Freq: 1510,漢字の読みを入力してください,Text
__却__って,かえ,"［却］四級
音: キャク／カク 訓: かえ・って
意味: 退(しりぞ)く、後退(あとずさ)りする、退却(タイキャク)。
退ける、受け入れずに返す、向かって来るものを押し返す、返却(ヘンキャク)。
かえ・って、逆に、反対に、却是(キャクシ)(～ではなくその逆で～である)」。",却 → JPDB Kanji Freq: 1507,漢字の読みを入力してください,Text
__桃__，__桃__色，__桃__太郎,もも,"［桃］四級
音: トウ／ドウ 訓: もも
意味: 桃(モモ)、バラ科モモ属の木、また同属の木の総称、またその果実{モモ}。
桃(モモ)の果実に似た形のものを形容する語、桃(モモ)の花に似た色を形容する語、桃(モモ)の花の咲く季節を指す語。",桃 → JPDB Kanji Freq: 1506,漢字の読みを入力してください,Text
__灰__，__灰__色，火山__灰__,はい,"［灰］五級
音: カイ／ケ 訓: はい／あく
意味: ものが燃え尽(つ)きて再び燃やすことができない状態のもの、再び燃やすことができるものは「炭」。
ものを高温で燃やし尽くした後に残ったものの色、黒と白の中間の色。
(燃え尽きて)勢いや元気を失う。",灰 → JPDB Kanji Freq: 1505,漢字の読みを入力してください,Text
__須__らく，__須__く,"すべから,すべか","［須］二級
音: シュ／ス 訓: すべか・らく
意味: 顎(あご)や口周りなどの顔の毛、特に顎鬚(あごひげ)、同「鬚」。
胡須(コシュ)顎鬚(あごひげ)頭髪を除く顔の毛の総称、同「鬍鬚」胡子(コシ)。
ひげのように細いさま、須臾(シュユ)(ちょっとの間)」。
ひげのように細く柔らかく長いもの、同「鬚」、「花須(カシュ、花の蕊)」。
(人を)待つ、待ち受ける、待ち望む、同「䇓」。
是非とも思うようになって欲しいと思う、またそう思いながら待つ、同「需」。
すべか・らく、是非とも～しなければならない、、必須(ヒッス)。
越須慮(シュリョ)、船。
簡「须」",須 → JPDB Kanji Freq: 1503,漢字の読みを入力してください,Text
__暖__める，__暖__まる，__暖__かい，__暖__かだ,あたた,"［暖］五級
音: ダン／ナン／ノン 訓: あたた・かい／あたた・まる／あたた・める
意味: 日光が当たってぽかぽかと暑くもなく寒くもなく程良いさま、穏(おだ)やかな陽気であるさま、同「㬉」「暄」、「温」は液体などが程よい温度であること、「煖」は火が当たって程よい温度であること。",暖 → JPDB Kanji Freq: 1501,漢字の読みを入力してください,Text
__籠__，__籠__の鳥,かご,"［籠］二級
音: ロウ／ル 訓: かご／こ・める／こ・もる
意味: 竹を編んで作った入れ物(盆状・桶状・笊状・筒状のものなど)の総称、またそれに入れる。
箙えびら、矢を入れて背負う竹製筒状(箱形・筒形・袋形など)の容器。
中に入(い)れる、閉じ込める、中に入(はい)る。",籠 → JPDB Kanji Freq: 1496,漢字の読みを入力してください,Text
__籠__もる,こ,"［籠］二級
音: ロウ／ル 訓: かご／こ・める／こ・もる
意味: 竹を編んで作った入れ物(盆状・桶状・笊状・筒状のものなど)の総称、またそれに入れる。
箙えびら、矢を入れて背負う竹製筒状(箱形・筒形・袋形など)の容器。
中に入(い)れる、閉じ込める、中に入(はい)る。",籠 → JPDB Kanji Freq: 1496,漢字の読みを入力してください,Text
__汁__，__汁__粉，味噌__汁__,しる,"［汁］凖二級
音: シュウ／ジュウ 訓: しる
意味: 水以外の物質を含んだ液体。",汁 → JPDB Kanji Freq: 1494,漢字の読みを入力してください,Text
業を__煮__やす，__煮__る，雑__煮__，__煮__える，生__煮__え,に,"［煮］四級
音: ショ／シャ 訓: に・る／に・える
意味: 食材に湯水を加え火にかけ熱を通す。",煮 → JPDB Kanji Freq: 1493,漢字の読みを入力してください,Text
__飽__きる，__飽__き，見__飽__きる，……に__飽__かして,あ,"［飽］三級
音: ホウ／ヒョウ 訓: あ・きる／あ・く／あ・くまで
意味: 十分に食べたり飲んだりして腹がいっぱいになる、満腹になる。
満ち足りる、満足する。
十分な量や程度を超える、もうこれ以上は要(い)らないというほどになる、十分に過ぎて嫌になる。
あ・くまで、満足するまで。",飽 → JPDB Kanji Freq: 1492,漢字の読みを入力してください,Text
__熟__す，__熟__れる,"こな,な","［熟］五級
音: シュク／ジュク／ズク 訓: う・れる／こな・れる／こな・す
意味: 食べ頃になるまで十分に火を通す、また煮る、また焼く、同「孰」。
十分に食べ頃になる、十分に良い状態になる、十分に成長する。
十分な状態になるまで～する。",熟 → JPDB Kanji Freq: 1491,漢字の読みを入力してください,Text
［文］__熟__れる,う,"［熟］五級
音: シュク／ジュク／ズク 訓: う・れる／こな・れる／こな・す
意味: 食べ頃になるまで十分に火を通す、また煮る、また焼く、同「孰」。
十分に食べ頃になる、十分に良い状態になる、十分に成長する。
十分な状態になるまで～する。",熟 → JPDB Kanji Freq: 1491,漢字の読みを入力してください,Text
"__兼__ねる
❶一つだけでなく、ほかのことをも合わせもつ。例 : 会長が議長を兼ねる。
❷（ことばの下について）できない。むずかしい。例 : その意見には賛成し兼ねる。",か,"［兼］四級
音: ケン 訓: か・ねる
意味: 穀物を両手に握り持つ、穀物(禾)を片手だけに持つのは「秉」、これを二つ並べた「𥡝」の簡略字が「兼」。
か・ねる、幾つかの物事を併(あわ)せる、また併せ持つ。
幾つかの物事を同時にする、また受け持つ。
日か・ねる、～できない。
古「𥡝」。",兼 → JPDB Kanji Freq: 1489,漢字の読みを入力してください,Text
__鼓__，小__鼓__,つづみ,"［鼓］四級
音: コ／ク 訓: つづみ
意味: 円筒形の胴の両側を革などを張って塞(ふさ)いだ打楽器{楽器(打楽器)}。
(鼓などを)打つ、また叩(たた)いて音を出す。
音を出して合図する、また奮(ふる)い立たせる。
つづみ、部首名。",鼓 → JPDB Kanji Freq: 1487,漢字の読みを入力してください,Text
__豚__，子__豚__,ぶた,"［豚］三級
音: トン／ドン 訓: ぶた
意味: 猪(イノシシ)(イノシシ科の哺乳類)を(小形化し)家畜化した動物、同「𧱴」「𧱯」。",豚 → JPDB Kanji Freq: 1486,漢字の読みを入力してください,Text
__沼__，__沼__地,ぬま,"［沼］四級
音: ショウ 訓: ぬま
意味: 水が溜(た)まっているところ、大きな水溜まり、一説に円状のものを「池」、曲線状のものを「沼」。",沼 → JPDB Kanji Freq: 1485,漢字の読みを入力してください,Text
__皿__，灰__皿__,さら,"［皿］八級
音: メイ／ミョウ／ベイ 訓: さら
意味: ものを盛る器(うつわ)の総称、一般的には蓋(ふた)がなく口が広がっている盤バン、盂(ウ)、盃(ハイ)、盆(ボン)などの総称。
さら、部首名。",皿 → JPDB Kanji Freq: 1482,漢字の読みを入力してください,Text
__墓__，__墓__参り,はか,"［墓］六級
音: ボ／モ 訓: はか
意味: はか、死者を埋葬マイソウしたところ、大きなものは、冢塚(チョウ)(つか)」。",墓 → JPDB Kanji Freq: 1481,漢字の読みを入力してください,Text
__鈍__る，__鈍__い，__鈍__さ,にぶ,"［鈍］四級
音: トン／ドン 訓: にぶ・い／にぶ・る／のろ・い／なまくら
意味: 鋭くない。
刃物の切れ味が悪い、また悪くなる。
反応が遅い、また遅くなる。",鈍 → JPDB Kanji Freq: 1480,漢字の読みを入力してください,Text
__縦__，首を__縦__に振る，__縦__書き,たて,"［縦］五級
音: ショウ／シュ／ジュウ 訓: ほしいまま／たて／よ・しんば
意味: 放(はな)つ、解(と)き放つ、放免(ホウメン)する、放任ホウニンする。
ほしいまま、(拘束から解き放たれて)思いのままにする、勝手気儘(きまま)にする、放縦(ホウジュウ)。
(水平に対して)垂直の方向、(左右に対して)前後の方向、(東西に対して)南北の方向、水平・左右・東西の方向を「横」。
よ・しんば、たとえ～であっても。",縦 → JPDB Kanji Freq: 1478,漢字の読みを入力してください,Text
"__縦__しんば・__縦__んば
［副］たとえそうであったとしても。かりに。「縦んば間違ったとしても心配はない」","よし,よ","［縦］五級
音: ショウ／シュ／ジュウ 訓: ほしいまま／たて／よ・しんば
意味: 放(はな)つ、解(と)き放つ、放免(ホウメン)する、放任ホウニンする。
ほしいまま、(拘束から解き放たれて)思いのままにする、勝手気儘(きまま)にする、放縦(ホウジュウ)。
(水平に対して)垂直の方向、(左右に対して)前後の方向、(東西に対して)南北の方向、水平・左右・東西の方向を「横」。
よ・しんば、たとえ～であっても。",縦 → JPDB Kanji Freq: 1478,漢字の読みを入力してください,Text
__湧__く,わ,"［湧］二級
音: ヨウ／ユウ 訓: わ・く
意味: 水が(勢いよく)噴(ふ)き出る、同「涌」。
(それまでなかったものが)現れ出る、同「涌」。",湧 → JPDB Kanji Freq: 1477,漢字の読みを入力してください,Text
__塚__，貝__塚__,つか,"［塚］凖二級
音: チョウ／チュウ 訓: つか
意味: 土を高く盛り上げた大きな墓、同「冢」。
日土を丸く盛り上げたもの、高く盛り上がったところ。",塚 → JPDB Kanji Freq: 1476,漢字の読みを入力してください,Text
__剥__き出し，__剥__く,む,"［剥］二級
音: ハク／ホク 訓: は・ぐ／は・がす／む・く
意味: 表面を覆(おお)っているものを切り取る、また切り外(はず)す、また取り去る、同「𠚩」「𠛧」。
表面を覆っているものが取れる。
身に着けているものを脱(ぬ)がす、また脱げる、与えられている役位を外す。",剥 → JPDB Kanji Freq: 1474,漢字の読みを入力してください,Text
__剥__げる，__剥__ぐ，__剥__がれる，__剥__がす,は,"［剥］二級
音: ハク／ホク 訓: は・ぐ／は・がす／む・く
意味: 表面を覆(おお)っているものを切り取る、また切り外(はず)す、また取り去る、同「𠚩」「𠛧」。
表面を覆っているものが取れる。
身に着けているものを脱(ぬ)がす、また脱げる、与えられている役位を外す。",剥 → JPDB Kanji Freq: 1474,漢字の読みを入力してください,Text
__隅__，片__隅__,すみ,"［隅］凖二級
音: グ／グウ 訓: すみ
意味: ＜字状になっているところの内側、同「隈」。
奥まったところ、中心から離れた角(すみ)。",隅 → JPDB Kanji Freq: 1473,漢字の読みを入力してください,Text
__粋__，__粋__さ,いき,"［粋］三級
音: スイ 訓: いき
意味: 他のものが全く混じっていないさま、純粋(ジュンスイ)。
日いき、身形(みなり)や立ち振る舞いが垢抜けしているさま。",粋 → JPDB Kanji Freq: 1472,漢字の読みを入力してください,Text
__拝__む，__拝__み倒す,おが,"［拝］五級
音: ハイ／ヘ 訓: おが・む
意味: 対面した相手に敬意・弔意や恭順・感謝などの意を示すために、跪(ひざまず)く・頭を下げる・手を合わせるなどの動作をする、同「𣬊」「𢷎」。
上位の人から物や位や命令などを授(さず)かる(謙譲語で「いただく」、「手を頭の上に差し上げて受ける」「ありがたく頂戴する」の意)
語の頭に付けて敬意を表す語、拜会(ハイカイ)(お目にかかる)」",拝 → JPDB Kanji Freq: 1470,漢字の読みを入力してください,Text
__償__う，__償__い,つぐな,"［償］凖二級
音: ショウ／ジョウ 訓: つぐな・う
意味: 犯した罪・与えた損害・借りなどをそれに見合うもの(金・労役・代りの品物など)で返す、返して貸し借りがない状態に戻す。",償 → JPDB Kanji Freq: 1469,漢字の読みを入力してください,Text
__淡__い，__淡__雪,あわ,"［淡］四級
音: タン／ダン 訓: あわ・い
意味: 味や色などが薄い、殆ど味や色などがない。
(とろみがなく、こだわりがなく)さらっとしている、(濃厚でなく、粘り付くようなこともなく)あっさりしている。",淡 → JPDB Kanji Freq: 1468,漢字の読みを入力してください,Text
__磨__く，__磨__き粉,みが,"［磨］凖二級
音: バ／マ 訓: みが・く／と・ぐ／す・る
意味: 研(みが)く、擦(こす)り合わせる、石や玉ギョク(美しく高貴な石)を擦って形を整える、また表面を滑らかにする。
石臼(いしうす)、回転させながら穀物などを粉砕する道具、また石臼ですり潰す、同「磑」。
擦(す)り減る、消耗する。",磨 → JPDB Kanji Freq: 1467,漢字の読みを入力してください,Text
__磨__り潰す,す,"［磨］凖二級
音: バ／マ 訓: みが・く／と・ぐ／す・る
意味: 研(みが)く、擦(こす)り合わせる、石や玉ギョク(美しく高貴な石)を擦って形を整える、また表面を滑らかにする。
石臼(いしうす)、回転させながら穀物などを粉砕する道具、また石臼ですり潰す、同「磑」。
擦(す)り減る、消耗する。",磨 → JPDB Kanji Freq: 1467,漢字の読みを入力してください,Text
__湿__る，__湿__り，__湿__す,しめ,"［湿］三級
音: シツ／シュウ 訓: しめ・る
意味: 僅かに水分(液体)を含んでいるさま、水気を帯びる、水気を含んでいるが水が滲み出るほどではない状態を指す。",湿 → JPDB Kanji Freq: 1466,漢字の読みを入力してください,Text
"内__股__，大__股__
__股__肉，太__股__","もも,また","［股］二級
音: コ／ク 訓: また／もも
意味: 腰からΛ字状に分かれ部分、大腿ダイタイ(腰の下から膝までの部分)、両大腿に挟まれる部分(内側)を「胯」{人体(下肢)}。
二つに枝分かれしたもの、Λ字状に分かれたもの。
幾つかに分かれたもの、役割毎に分けた係・担当、幾つかに別れた集団。
股肱(ココウ)、天子や君主の足(股)となり腕(肱)となり尽くしてくれる人。
直角不等辺三角形の直角を挟む二つの辺の長い方、短い方を、勾(コウ)、斜辺を、弦(ケン・ゲン)。
株(かぶ)、、股市(クゥシ)(株式市場)」。",股 → JPDB Kanji Freq: 1463,漢字の読みを入力してください,Text
__弓__，__弓__矢,ゆみ,"［弓］九級
音: キュウ／ク／クウ 訓: ゆみ
意味: 矢を射る道具{武器(弓箭)}。
(字状の形、半円またそれに近い形。
土地を測量する際の長さの単位。
ゆみ、部首名。",弓 → JPDB Kanji Freq: 1462,漢字の読みを入力してください,Text
__伴__う,ともな,"［伴］三級
音: ハン／バン 訓: ともな・う／とも
意味: 一緒に行動する二人一組の片方。
二人が一緒に行動する、二人一組になって行動する、同「㚘」。
ともな・う、付き従える、大本(おおもと)となるものに付随する。",伴 → JPDB Kanji Freq: 1461,漢字の読みを入力してください,Text
__伺__う，__伺__い,うかが,"［伺］四級
音: シ 訓: うかが・う
意味: こっそりと見る、小さい孔や隙間を通して見る、同「𥄶」「覗」。
訪ねて行って様子や機嫌を尋(たず)ねる。
様子や機会を窺(うかが)う、同「候」。
伺候(シコウ)主人の傍に仕(つか)える、他人の身の回りの世話をする様子や機嫌を尋ねる、また探(さぐ)る。
日「尋ねる」「聞く」「問う」「訪問する」の謙譲語。",伺 → JPDB Kanji Freq: 1459,漢字の読みを入力してください,Text
__潮__，__潮__時，血__潮__，__潮__風，__潮__騒,しお,"［潮］五級
音: チョウ／ジョウ 訓: しお／うしお
意味: 昼間(或いは朝)の太陽や月の引力によって生じる海水の定期的な満ち引き、夜(或いは夕)は、汐(セキ)(しお)」。
規則的に満ちたり引いたりすること、またそのような動きをするもの。
世の中の移り変わり、またその傾向。
海水、湿り気。",潮 → JPDB Kanji Freq: 1458,漢字の読みを入力してください,Text
"__潮__｟名｠〔う＝海。しお＝塩〕
①〔雅〕海水。しお。
②〘料理名〙
ⓐ__潮__汁 ⓑ__潮__煮",うしお,"［潮］五級
音: チョウ／ジョウ 訓: しお／うしお
意味: 昼間(或いは朝)の太陽や月の引力によって生じる海水の定期的な満ち引き、夜(或いは夕)は、汐(セキ)(しお)」。
規則的に満ちたり引いたりすること、またそのような動きをするもの。
世の中の移り変わり、またその傾向。
海水、湿り気。",潮 → JPDB Kanji Freq: 1458,漢字の読みを入力してください,Text
__仏__，__仏__様，生き__仏__,ほとけ,"［仏］六級
音: フツ／ブツ／ホチ 訓: ほとけ
意味: 真理に目覚めた人、悟(さと)りを開いた人、仏陀(ブッダ)buddha梵」の略。
釈迦シャカ、釈迦牟尼シャカムニ(Śākyamuni梵。",仏 → JPDB Kanji Freq: 1456,漢字の読みを入力してください,Text
__埼__玉県,さい,"［埼］七級
音: キ／ギ 訓: さき
意味: 陸地が入り組んで崖状に切り立ったところ、同「崎」「碕」。",埼 → JPDB Kanji Freq: 1454,漢字の読みを入力してください,Text
__柱__，帆__柱__，大黒__柱__,はしら,"［柱］八級
音: チュウ／ジュウ 訓: はしら／じ
意味: 建物上部の構造物を支える直立した木材{建物}。
上の者や物を下から支える、また支えとなるもの。
じ、箏(ショウ、こと)などの弦の途中を支えるＭ字状の具、その位置を変えることで音程を調節する。",柱 → JPDB Kanji Freq: 1453,漢字の読みを入力してください,Text
__賭__ける，__賭__け,か,"［賭］二級
音: ト／ツ 訓: か・ける
意味: 金品を出し合い勝負し、その結果、勝った方がそれを得る博奕(ばくち)などの遊び、また金品を出し合い博奕(ばくち)をする、博奕に金品を出す。
どうなるか分からないことに金品を",賭 → JPDB Kanji Freq: 1452,漢字の読みを入力してください,Text
__唐__織，__唐__草模様,から,"［唐］四級
音: トウ／ドウ 訓: から
意味: 口を大きく開いて言う、大袈裟(おおげさ)に言う。
大きいだけで中身がないさま。
618年李淵リエン(566年～635年、唐初代皇帝)が随(581年～618年)を滅ぼし建てた王朝、907年哀帝アイテイ(892年～908年、第23代唐最後の皇帝)代に滅びた{唐代}。
五代十国時代の古国名、「後唐(923年～936年、五代の一つ)」「南唐(937年～975年、十国の一つ)」{五代十国時代}。
日外国、特に中国。",唐 → JPDB Kanji Freq: 1451,漢字の読みを入力してください,Text
__紛__れる，__紛__れ，__紛__れもない，__紛__らわす，__紛__らわしい，__紛__らす,まぎ,"［紛］三級
音: フン 訓: まぎ・れる／まぎ・らす／まぎ・らわしい
意味: 旗などがひらひらと激しくはためくさま、馬の尾がひらひらと揺れ乱れるさま。
細かいもの(細いもの、小さいもの)が入り乱れる、乱れて絡(から)み合う、縺(もつ)れ合う。
入り乱れて(絡み合って、縺れて)どうなっているのか分からなくなる、紛糾(フンキュウ)。",紛 → JPDB Kanji Freq: 1447,漢字の読みを入力してください,Text
"__紛__れ
思いがけないよい結果。まぐれあたり。偶然。「紛れでトップになる」",まぐ,"［紛］三級
音: フン 訓: まぎ・れる／まぎ・らす／まぎ・らわしい
意味: 旗などがひらひらと激しくはためくさま、馬の尾がひらひらと揺れ乱れるさま。
細かいもの(細いもの、小さいもの)が入り乱れる、乱れて絡(から)み合う、縺(もつ)れ合う。
入り乱れて(絡み合って、縺れて)どうなっているのか分からなくなる、紛糾(フンキュウ)。",紛 → JPDB Kanji Freq: 1447,漢字の読みを入力してください,Text
"__紛__う (Eve - 巻物語)
［自五］よく似ているのでまちがえる。
「雲かと紛うばかりの桜花」
「紛う方なき正宗の銘刀」",まが,"［紛］三級
音: フン 訓: まぎ・れる／まぎ・らす／まぎ・らわしい
意味: 旗などがひらひらと激しくはためくさま、馬の尾がひらひらと揺れ乱れるさま。
細かいもの(細いもの、小さいもの)が入り乱れる、乱れて絡(から)み合う、縺(もつ)れ合う。
入り乱れて(絡み合って、縺れて)どうなっているのか分からなくなる、紛糾(フンキュウ)。",紛 → JPDB Kanji Freq: 1447,漢字の読みを入力してください,Text
__畑__，__畑__作,はた,"［畑］八級
音: はた／はたけ 訓: 
意味: 日焼畑(やきばた)、草などを焼き、その灰を肥料として農作物を栽培する耕作地。
水を張らずに(但し水やりはする)農作物を栽培する耕作地、同「畠」。
日。",畑 → JPDB Kanji Freq: 1446,漢字の読みを入力してください,Text
__畑__，__畑__違い，麦__畑__,はたけ,"［畑］八級
音: はた／はたけ 訓: 
意味: 日焼畑(やきばた)、草などを焼き、その灰を肥料として農作物を栽培する耕作地。
水を張らずに(但し水やりはする)農作物を栽培する耕作地、同「畠」。
日。",畑 → JPDB Kanji Freq: 1446,漢字の読みを入力してください,Text
__彩__る，__彩__り,いろど,"［彩］四級
音: サイ 訓: いろど・る
意味: 色の取り合わせが良いさま、また美しいさま、華やかで美しい模様、同「綵」。
色合い、色の取り合わせ、様子、姿、同「采」。
それに合った色を選び組み合わせて模様を描く、また華やかに飾る。",彩 → JPDB Kanji Freq: 1444,漢字の読みを入力してください,Text
__雇__う，日__雇__い,やと,"［雇］三級
音: コ／グ／ゴ 訓: やと・う
意味: 賃金を支払って人を使う、同「傭」「僱」。
金を払って物や力を借りる。
渡り鳥、候鳥コウチョウ、時候の変化を感じ取ったり農作業などの目安としたりする鳥、同「鳸」。",雇 → JPDB Kanji Freq: 1443,漢字の読みを入力してください,Text
"__概__ね
だいたいの主旨。大意。あらまし。
「事件の━を話す」
（副）
〔漢文訓読に用いられた語〕
細部には触れず、大づかみに物事をとらえるさま。大体。およそ。
《概》
「経過は━順調だ」
「仕事は━完了した」",おおむ,"［概］三級
音: カイ／ガイ 訓: おおむ・ね
意味: 斗掻(とかき)、枡掻(ますかき、升掻)、穀物を入れた枡(ます)から盛り上がった部分を削(けず)り落して平らにする(枡の高さと同じにする)棒、同「𣏙」。
おおむ・ね、全体を均(なら)してみると、凡(おおよ)そ。
あらまし、大略タイリャク、大率(タイソツ)、梗槩(コウガイ)。
(全体の)様子、有様(ありさま)。",概 → JPDB Kanji Freq: 1442,漢字の読みを入力してください,Text
"__堪__える
「痛み**を**堪える」など「〈名詞〉を堪える」
------
…それに値する力をもっている。「重役の任に堪える」
 「鑑賞に堪える力作」 「読むに堪えない駄作」 「見るに堪えない惨状」","こら,こた","［堪］凖二級
音: カン／コン／タン 訓: た・える／こた・える／こら・える
意味: 耐え難いこと(困難・重圧・攻撃・誘惑・欲求・苦痛など)に耐える、困難や苦難に耐えてそれを乗り越える、我慢する。
土地が高く突き出ているさま。",堪 → JPDB Kanji Freq: 1441,漢字の読みを入力してください,Text
"__堪__える
「痛み**に**堪える」など「〈名詞〉に堪える」",た,"［堪］凖二級
音: カン／コン／タン 訓: た・える／こた・える／こら・える
意味: 耐え難いこと(困難・重圧・攻撃・誘惑・欲求・苦痛など)に耐える、困難や苦難に耐えてそれを乗り越える、我慢する。
土地が高く突き出ているさま。",堪 → JPDB Kanji Freq: 1441,漢字の読みを入力してください,Text
__幽__し，__幽__き,かそけ,"［幽］三級
音: ユウ 訓: かす・か
意味: かす・か、仄(ほの)かな、ぼんやりしている、物静かな。
薄暗い、暗い。
遠く離れているさま、奥深いさま、人知れないさま。
隠(かく)す、隠れる。",幽 → JPDB Kanji Freq: 1439,漢字の読みを入力してください,Text
__融__ける，__融__かす，__融__く,と,"［融］凖二級
音: ユウ／ユ 訓: と・ける
意味: 固形のものが(熱によって)柔らかくなる、また液状になる、固かったものが柔らかくなる。
打ち解(と)ける、蟠(わだかま)りなく互いに通じ合う。",融 → JPDB Kanji Freq: 1437,漢字の読みを入力してください,Text
__芝__，__芝__居，__芝__生,しば,"［芝］四級
音: シ 訓: しば
意味: 芝草(シソウ)、霊芝(レイシ)、木霊芝(モクレイシ)、マンネンタケ万年茸、マンネンタケ科のキノコ茸、また同科のキノコの称、別名神草(シンソウ)。
日傘ひがさ、、華芝(カシ)(華やかな日傘)」、傘をキノコの傘に見立てたことから。
日シバ芝、イネ科シバ属の草。",芝 → JPDB Kanji Freq: 1436,漢字の読みを入力してください,Text
__掘__る,ほ,"［掘］四級
音: クツ／グチ 訓: ほ・る
意味: 穴を穿(うが)って土や岩を取り出す。
土や岩などをＵ字状(垂直方向)・⊂字状(水平方向)に穿つ、また抉(えぐ)る、同「堀」、そのようにしてできた穴、同「窟」。",掘 → JPDB Kanji Freq: 1435,漢字の読みを入力してください,Text
"__掲__げる
①目立つように、高くあげる。
「国旗を━・右手を掲げてあいさつする」",かか,"［掲］三級
音: ケイ／ケ／ケツ／ゲチ 訓: かか・げる
意味: 高く上げる、高く差し上げる。
(旗や目印などを付けた)棒や竿(さお)などを立てる、人の目に入るように高く上げる。
持ち上げる、(衣服の裾すそなどを)たくし上げる。",掲 → JPDB Kanji Freq: 1432,漢字の読みを入力してください,Text
"__謀__る
計略をめぐらす。
「暗殺を━」",はか,"［謀］三級
音: ボウ／ム 訓: はか・る／はかりごと／たばか・る
意味: (あることについて、あることをするに先立って)どうしたらよいか思案する、あれこれと考えを巡(めぐ)らす、同「㖼」「呣」。
(あることについて、あることをするに先立って)どうしたらよいか話し合う。
図(はか)る、計画・設計する、またそのための方策ホウサクを練(ね)る。",謀 → JPDB Kanji Freq: 1431,漢字の読みを入力してください,Text
__憧__れる，__憧__れ,あこが,"［憧］二級
音: シュウ／シュ／ドウ 訓: あこが・れる
意味: (心が)揺れ動く、(気持ちが)定まらない、憧憧(ショウショウ・ドウドウ)。
憧憬(ショウケイ・ドウケイ)、遠く離れたものにあれこれと思いを巡(めぐ)らす。
愚かなさま。",憧 → JPDB Kanji Freq: 1430,漢字の読みを入力してください,Text
__孫__，__孫__娘,まご,"［孫］七級
音: ソン 訓: まご
意味: 子の子。
同じ血筋の子よりも後代の者(孫・曾孫・玄孫・來孫・昆孫・仍孫・雲孫…)、子孫(シソン)
蘖(ひこばえ)、切り株から生え出た新芽
遜(へりくだ)る、自ら一歩退(しりぞ)き控え目に振る舞う、同「遜」。
公孫樹(コウソンジュ)、イチョウ銀杏、イチョウ科イチョウ属の木{イチョウ}。",孫 → JPDB Kanji Freq: 1428,漢字の読みを入力してください,Text
__枝__，__枝__葉，__枝__豆，__枝__振り,えだ,"［枝］六級
音: シ／キ／ギ 訓: えだ
意味: 木の幹(みき)から分かれ出たもの、同「支」「肢」。
本(もと、根幹、基本、本体、主流)から分れ出たもの。",枝 → JPDB Kanji Freq: 1426,漢字の読みを入力してください,Text
__湖__，白鳥の__湖__,みずうみ,"［湖］八級
音: コ／グ／ゴ 訓: みずうみ
意味: 幾つかの川の水が",湖 → JPDB Kanji Freq: 1425,漢字の読みを入力してください,Text
__寧__ろ,むし,"［寧］凖二級
音: ネイ／ニョウ 訓: むし・ろ
意味: 穏(おだ)やかで心安(やす)らかなさま、不安も心配もなく心が安らぐさま、同「甯」。
むし・ろ、どちらかと言うならば～、「Ａ寧Ｂ」の用法で「Ａであるよりはどちらかと言うならばＢであろう、ＡというよりもBの方が願わしい、ＡよりもＢ」、同「甯」。
どうして～であろうか、どうして～でない(～ができない、～をしない、～にならない)のであろうか。",寧 → JPDB Kanji Freq: 1423,漢字の読みを入力してください,Text
__零__れる，__零__す,こぼ,"［零］三級
音: レイ／リョウ 訓: こぼ・れる／ぜろ
意味: 細かい雨が静かに降る、細かい水の粒がぽとぽとと滴(したた)り落ちる。
落ちる、衰える、萎(しお)れる、寂(さび)れる、無(な)くなる。
小さい、少ない、非常に小さい。
数字のゼロzero{数字}。",零 → JPDB Kanji Freq: 1421,漢字の読みを入力してください,Text
__肝__，__肝__試し，__肝__っ玉,きも,"［肝］三級
音: カン 訓: きも
意味: 五臓(心・肝・脾・肺・腎)の一つ、多機能の臓器{人体(内臓)}。
人や動物の最も大切な臓器、物事の大切なもの、根幹となるもの。
日きも、度胸、臆(おく)することない心",肝 → JPDB Kanji Freq: 1419,漢字の読みを入力してください,Text
__爪__，生__爪__,つめ,"［爪］二級
音: ソウ／ショウ 訓: つめ
意味: 手足の指先の硬(かた)い部分、鳥獣の手足の先の硬い部分。
指先で掴(つか)み取る、抓(つま)み取る。
つめ、つめかんむり、つめがしら、部首名。",爪 → JPDB Kanji Freq: 1417,漢字の読みを入力してください,Text
__爪__先，__爪__弾く,つま,"［爪］二級
音: ソウ／ショウ 訓: つめ
意味: 手足の指先の硬(かた)い部分、鳥獣の手足の先の硬い部分。
指先で掴(つか)み取る、抓(つま)み取る。
つめ、つめかんむり、つめがしら、部首名。",爪 → JPDB Kanji Freq: 1417,漢字の読みを入力してください,Text
__竹__，__竹__やぶ，さお__竹__,たけ,"［竹］十級
音: チク／シツ 訓: たけ
意味: 竹(タケ)、イネ科タケ亜科のうち稈カン(内部が空洞になっている茎)が木質化し隆起した節(ふし)のある多年生常緑木本の称。
(竹製の)笛。
竹簡(チクカン)、書簡(ショカン)、書物、古く竹を細長く割り、内側を平らに削って文章を記した。
たけ、たけかんむり、部首名。",竹 → JPDB Kanji Freq: 1415,漢字の読みを入力してください,Text
__噴__く，__噴__き出す,ふ,"［噴］四級
音: ホン／フン 訓: ふ・く
意味: 勢いよく吹き出す、(水が辺りに飛び散るように)一気に吹き出す。",噴 → JPDB Kanji Freq: 1414,漢字の読みを入力してください,Text
__凍__る，__凍__り付く,こお,"［凍］三級
音: トウ／ツウ 訓: こお・る／こご・える／い・つ
意味: 液体が個体になる、氷が張る。
寒さで体がきかなくなる、また感覚がなくなる。",凍 → JPDB Kanji Freq: 1410,漢字の読みを入力してください,Text
__凍__える，__凍__え死に,こご,"［凍］三級
音: トウ／ツウ 訓: こお・る／こご・える／い・つ
意味: 液体が個体になる、氷が張る。
寒さで体がきかなくなる、また感覚がなくなる。",凍 → JPDB Kanji Freq: 1410,漢字の読みを入力してください,Text
"__凍__みる
［自上一］水などがこおりつく。また、寒気が厳しくて、こおるように感じる。
「雪が凍みる」「ひどく凍みる夜」",し,"［凍］三級
音: トウ／ツウ 訓: こお・る／こご・える／い・つ
意味: 液体が個体になる、氷が張る。
寒さで体がきかなくなる、また感覚がなくなる。",凍 → JPDB Kanji Freq: 1410,漢字の読みを入力してください,Text
"__凍__てる
（地面が）こおる。
「いてた道」",い,"［凍］三級
音: トウ／ツウ 訓: こお・る／こご・える／い・つ
意味: 液体が個体になる、氷が張る。
寒さで体がきかなくなる、また感覚がなくなる。",凍 → JPDB Kanji Freq: 1410,漢字の読みを入力してください,Text
__幅__，横__幅__,はば,"［幅］四級
音: フク 訓: はば
意味: 布の横方向の長さ、同「䋹」「畐」、古代中国では1幅=2尺2寸(時代や国によって異なるが、秦代・漢代で1尺=23.1cm、日本でも時代によって異なるが、計量法施行法に従えば1尺=30.3cm)。
面の横方向(短い方)の長さ
縁(へり、ふち)
書画の数の単位。
行縢コウトウ、脚絆キャハン、小腿ショウタイ(膝から足首までの部分)に巻く布、同「偪」。",幅 → JPDB Kanji Freq: 1409,漢字の読みを入力してください,Text
__蛇__，__蛇__の生殺し,へび,"［蛇］凖二級
音: シャ／ジャ／イ／タ／ダ 訓: へび
意味: 蛇(ヘビ)、ヘビ亜目の爬虫類の総称。
(ヘビのように)くねくねしたさま。
委蛇・逶蛇(イイ・イタ)、緩(ゆる)やかに(まっすぐではなく)上へ下へ或いは右に左に曲がりながら続くさま、また長々と延(の)びているさま、同「逶迱」逶迤(イイ)、迤邐(イリ)、邐迤・邐迆(リイ)。",蛇 → JPDB Kanji Freq: 1408,漢字の読みを入力してください,Text
__遂__げる,と,"［遂］三級
音: スイ／ズイ 訓: と・げる／つい・に
意味: 行き止りのところまで辿り着く。
最後までやり通す、成し終える。
思いの通りにする、思い通りになる、同「㒸」。
つい・に、とうとう、最後に。",遂 → JPDB Kanji Freq: 1407,漢字の読みを入力してください,Text
__遂__に,つい,"［遂］三級
音: スイ／ズイ 訓: と・げる／つい・に
意味: 行き止りのところまで辿り着く。
最後までやり通す、成し終える。
思いの通りにする、思い通りになる、同「㒸」。
つい・に、とうとう、最後に。",遂 → JPDB Kanji Freq: 1407,漢字の読みを入力してください,Text
__鎖__，__鎖__鎌，__鎖__帷子,くさり,"［鎖］四級
音: サ 訓: くさり／とざ・す
意味: 金属製の環(わ)を繋(つな)いで紐(ひも)状にしたもの、チェーンchain。
(鎖で門や扉や戸などを)開かないように閉じる、閉ざす。
閉じ込める、閉じ籠(こも)る。",鎖 → JPDB Kanji Freq: 1406,漢字の読みを入力してください,Text
"__鎖__す
〔文〕とじる。しめる。
「木戸を━」",さ,"［鎖］四級
音: サ 訓: くさり／とざ・す
意味: 金属製の環(わ)を繋(つな)いで紐(ひも)状にしたもの、チェーンchain。
(鎖で門や扉や戸などを)開かないように閉じる、閉ざす。
閉じ込める、閉じ籠(こも)る。",鎖 → JPDB Kanji Freq: 1406,漢字の読みを入力してください,Text
__猛__る，__猛__々しい,たけ,"［猛］四級
音: モウ／ミョウ 訓: たけ・る
意味: 体力・気力が漲(みなぎ)っているさま、勇猛(ユウモウ)。
気性キショウや勢いが激しい、脅(おび)えや恐れを覚える程に荒々しい、猛烈(モウレツ)。",猛 → JPDB Kanji Freq: 1405,漢字の読みを入力してください,Text
__麦__，__麦__粉，小__麦__,むぎ,"［麦］九級
音: バク／ミャク 訓: むぎ
意味: 麦(ムギ)、コムギ小麦・オオムギ大麦・エンバク(燕麦)など芒(のぎ)の長いイネ科に属する穀物の総称{ムギ}。
むぎ、むぎへん、ばくにょう、部首名。",麦 → JPDB Kanji Freq: 1403,漢字の読みを入力してください,Text
__酸__い，__酸__っぱい,す,"［酸］六級
音: サン 訓: す／す・い
意味: 酢のような味、すっぱい、五味(甘・酸・鹹・苦・辛)の一つ、同「醋」「酢」。
堪え難いさま、不快なさま。
厳しい、苦しい。
疼(うず)く、「ずきずき」「しくしく」とした(脈を打つような)痛み、同「痠」。
水に溶けた時に水素イオンを生ずる物質、酸性(サンセイ)。
酸素(サンソ)(oxygen、O)」、化学元素の一つ{酸素}。",酸 → JPDB Kanji Freq: 1401,漢字の読みを入力してください,Text
__惜__しむ，負け__惜__しみ，__惜__しい,お,"［惜］三級
音: セキ／シャク 訓: お・しい／お・しむ
意味: 残念に思う、心が痛む。
お・しむ、手放しがたい、手の内から離れてしまわないように大切にする。",惜 → JPDB Kanji Freq: 1400,漢字の読みを入力してください,Text
__貧__しい，__貧__しさ,まず,"［貧］六級
音: ヒン／ビン 訓: まず・しい
意味: 貯(たくわ)えが乏(とぼ)しい、生活するための財貨が足りていない、貧乏(ビンボウ)、貧困(ヒンコン)。
経験や知識が足りていない、、貧僧(ヒンソウ)(僧侶の謙遜の自称、「自分はまだまだ修行が足りていない」の意)」。
足りていない、欠乏ケツボウする、、貧血(ヒンケツ)。",貧 → JPDB Kanji Freq: 1399,漢字の読みを入力してください,Text
ブー__垂__れる，__垂__れる，雨__垂__れ，__垂__らす,た,"［垂］五級
音: スイ／ズイ 訓: た・れる／なんなん・とする／し・ずる／しだ・れる
意味: (紐・糸などの線状のものや布・紙などの平面状のものの)片方がぶら下がる、繋(つな)がっているものの片方がだらりと下がる。
連(つら)なりながら下に落ちる、伝わり落ちる。
上の者(上位者・上級者・年長者など)が下の者に与える、また伝える、また継(つ)ぐ。
なんなん・とする、今にも～になりそうである。
辺境、辺遠の地、同「陲」。",垂 → JPDB Kanji Freq: 1398,漢字の読みを入力してください,Text
"__垂__とする
まさにそうなろうとする。もう少しでなろうとしている。「百歳に―する老人」 「観客は五万に―する」
参考「なりなんとする」の転じたもの。",なんなん,"［垂］五級
音: スイ／ズイ 訓: た・れる／なんなん・とする／し・ずる／しだ・れる
意味: (紐・糸などの線状のものや布・紙などの平面状のものの)片方がぶら下がる、繋(つな)がっているものの片方がだらりと下がる。
連(つら)なりながら下に落ちる、伝わり落ちる。
上の者(上位者・上級者・年長者など)が下の者に与える、また伝える、また継(つ)ぐ。
なんなん・とする、今にも～になりそうである。
辺境、辺遠の地、同「陲」。",垂 → JPDB Kanji Freq: 1398,漢字の読みを入力してください,Text
__癖__，口__癖__,くせ,"［癖］三級
音: ヘキ／ヒャク 訓: くせ
意味: 偏(かたよ)った習性、偏りのある嗜好や行動。
中医チュウイで、腹の痼(しこり、長い時間がかかってできた凝り、固まり)、食癖(ショクヘキ)(食べ物が消化できずに溜まったもの)」、飲癖(インペキ)(水分が腹部に溜ったもの)」、血癖(ケツペキ)(血の固まり)」。
、癖痼(ヘキコ)、長い間治らない病(やまい)。
、痼癖(コヘキ)、長い間に染み付いた癖(くせ)。",癖 → JPDB Kanji Freq: 1396,漢字の読みを入力してください,Text
"__項__垂れる，__項__
〔失望・悲しみ・恥ずかしさなどのために〕首を前へ垂れる。
《「（項）しり（後）」の略か》首の後ろ。襟首。","うな,うなじ","［項］四級
音: コウ／ゴウ 訓: うなじ／うな
意味: うなじ、頸(くび、頭と胴の間にあって頭を支える部分)の後ろ側(背側)、同「脖」、前側は「頸」{人体(頭部)}。
基準を定めて区分したその一つ一つ、「項目(コウモク)」。",項 → JPDB Kanji Freq: 1395,漢字の読みを入力してください,Text
__浦__，__浦__島坂田船，津々__浦__々,うら,"［浦］凖二級
音: ホ／フ 訓: うら
意味: 海・川・湖などの水辺(みずべ)、水際スイサイ(みずぎわ)。
川が合流するところ、川が合流して海などに
日海や湖などが陸地に入りり込んだところ。",浦 → JPDB Kanji Freq: 1393,漢字の読みを入力してください,Text
__梨__，山__梨__県,なし,"［梨］七級
音: リ 訓: なし
意味: 梨(ナシ)、バラ科ナシ属の木の総称、またその実、同「棃」{ナシ}。",梨 → JPDB Kanji Freq: 1391,漢字の読みを入力してください,Text
__裸__，丸__裸__,はだか,"［裸］三級
音: ラ 訓: はだか
意味: 肌が露(あら)わになっているさま、衣服をはだけて肌を露(あら)わにする、何も身に着けていない、同「躶」「倮」「𧝹」。
覆(おお)うものがなく中身が剥(む)き出しであるさま。",裸 → JPDB Kanji Freq: 1387,漢字の読みを入力してください,Text
__殊__に，__殊__の外，__殊__更,こと,"［殊］三級
音: シュ／ジュ／ズ 訓: こと／こと・に
意味: (罪を咎めて)切り殺す、死ぬ。
(それまで繋がっていたものやことを)断(た)つ、絶(た)つ、(それまで続いていたものやことが)絶える。
異(こと)なる、普通でない。
特に、非常に、極めて。",殊 → JPDB Kanji Freq: 1386,漢字の読みを入力してください,Text
"__遇__う
①応対する。もてなす。
②〔客を〕（いいかげんに）あつかう。
「鼻で━」
③とりあわせる。
「〔生け花で〕松にユリを━」",あしら,"［遇］三級
音: グ／グウ 訓: あ・う
意味: 期せずして(予め示し合せることなく)出会う、偶然出会(でくわ)す、巡(めぐ)り合う、遭遇(ソウグウ)。
巡(めぐ)り合せ、機会、境遇(キョウグウ)。
相手との親疎・上下などの関係に相応(ふさわ)しい接し方をする、待遇(タイグウ)。",遇 → JPDB Kanji Freq: 1385,漢字の読みを入力してください,Text
__鑑__みる,かんが,"［鑑］四級
音: カン／ケン 訓: かがみ／かんが・みる
意味: 大きな盆ボン(口が開き底が平らな容器){水器(鑑・洗)}。
物を映(うつ)す鏡、古くは盆に水を張り鏡(かがみ)として使ったが、後には石や金属の表面を平らに磨いて鏡とした、同「鏡」{什器(鏡)}。
水を張った盆ボンを上から覗(のぞ)き込み、そこに映ったものをよく見る、同「監」。
光を当てて見る、よく見る、
見比べる、照らし合わせる。",鑑 → JPDB Kanji Freq: 1382,漢字の読みを入力してください,Text
__脇__腹，両__脇__,わき,"［脇］二級
音: キョウ／コウ 訓: わき
意味: 胸の両側面の部分、上腕を垂らしたときに体の側面と合わさる部分、同「脅」{人体(胴部)}。
向かって左右(側面)の傍そば、傍(かたわ)ら。
両側からぐっと押え付ける、締め付ける、力で押さえ込んで迫る、同「脅」。",脇 → JPDB Kanji Freq: 1380,漢字の読みを入力してください,Text
__塩__，__塩__辛い,しお,"［塩］七級
音: エン 訓: しお
意味: 海水などに含まれる苦く辛い成分が結晶化したもの、土中の塩分が結晶化した天然のものは「鹵」。
五味(甘・酸・鹹・苦・辛)の一つ。",塩 → JPDB Kanji Freq: 1377,漢字の読みを入力してください,Text
__絞__める，__絞__まる，__絞__る，__絞__り上げる，__絞__り,し,"［絞］三級
音: コウ／キョウ 訓: しぼ・る／し・める
意味: 紐(ひも)などを交差させてその両端を引く、堅(かた)く縛(しば)る、強く締め付ける。
周りから強く押え付ける。",絞 → JPDB Kanji Freq: 1376,漢字の読みを入力してください,Text
"__寿__ぐ・言祝ぐ
〔文〕喜びを言う。いわう。
「平和を━」",ことほ,"［寿］三級
音: シュウ／ジュ 訓: ことぶき／ことほぎ／ことほ・ぐ
意味: 長く年齢を重ねる、長命、長寿(チョウジュ)。
祝福の言葉や贈り物を送り長命を祝う。
年齢、寿命(ジュミョウ)。
日めでたいこと、祝いの言葉、祝いの言葉を述べる。",寿 → JPDB Kanji Freq: 1375,漢字の読みを入力してください,Text
"__寿__，__寿__退社
女性が結婚に伴い退職すること。寿退職。",ことぶき,"［寿］三級
音: シュウ／ジュ 訓: ことぶき／ことほぎ／ことほ・ぐ
意味: 長く年齢を重ねる、長命、長寿(チョウジュ)。
祝福の言葉や贈り物を送り長命を祝う。
年齢、寿命(ジュミョウ)。
日めでたいこと、祝いの言葉、祝いの言葉を述べる。",寿 → JPDB Kanji Freq: 1375,漢字の読みを入力してください,Text
__侍__，若__侍__，__侍__大将，田舎__侍__,さむらい,"［侍］三級
音: シ／ジ 訓: さむらい／はべ・る
意味: 主(あるじ)の近くに仕える、同「寺」。
近くに控(ひか)える。
日さむらい、武士。",侍 → JPDB Kanji Freq: 1374,漢字の読みを入力してください,Text
"__侍__る
〔身分の高い人の〕そばにひかえている。
「客の席に━・美女を侍らせる」",はべ,"［侍］三級
音: シ／ジ 訓: さむらい／はべ・る
意味: 主(あるじ)の近くに仕える、同「寺」。
近くに控(ひか)える。
日さむらい、武士。",侍 → JPDB Kanji Freq: 1374,漢字の読みを入力してください,Text
__飼__う,か,"［飼］六級
音: シ／ジ 訓: か・う
意味: 食糧、特に動物に与える食糧。
餌(えさ)を与える、食物を与えて養う、同「飤」。",飼 → JPDB Kanji Freq: 1373,漢字の読みを入力してください,Text
__涼__む，夕__涼__み，__涼__しい，__涼__しさ,すず,"［涼］凖二級
音: リョウ 訓: すず・しい／すず・む
意味: ひんやりする、気温が低い、やや冷たい、やや寒い。
もの寂(さび)しい。
対応が冷たい、情ジョウが薄い、思い遣(や)りが欠ける。
五胡十六国時代に中国西北部を領した古国名、「前涼(320年～376年)」{晋(東晋)代}、「後涼(386年～403年)」{晋(東晋)代}、「西涼(400年～421年)」「北涼(397年～439年)」「南涼(397年～414年)」{晋(東晋)代}。",涼 → JPDB Kanji Freq: 1372,漢字の読みを入力してください,Text
__拭__く,ふ,"［拭］二級
音: ショク／シキ 訓: ぬぐ・う／ふ・く
意味: 表面をさぁっと擦(こす)るようにして汚(よご)れや濡(ぬ)れなどを取る、きれいにする。",拭 → JPDB Kanji Freq: 1371,漢字の読みを入力してください,Text
"__拭__う，__拭__えない
①ふいて、よごれや水分を取る。
「手を━」
②取り去る。
「おかしい、という印象を拭いきれない」",ぬぐ,"［拭］二級
音: ショク／シキ 訓: ぬぐ・う／ふ・く
意味: 表面をさぁっと擦(こす)るようにして汚(よご)れや濡(ぬ)れなどを取る、きれいにする。",拭 → JPDB Kanji Freq: 1371,漢字の読みを入力してください,Text
__鍛__える，__鍛__え方,きた,"［鍛］三級
音: タン 訓: きた・える
意味: 金属を(熱し)叩いて質を良くする、同「煅」。
槌(つち)などで打つ、叩いて平らにする。
修練や訓練を重ねて精神や技術を高める。",鍛 → JPDB Kanji Freq: 1370,漢字の読みを入力してください,Text
__擦__れる，靴__擦__れ，__擦__る，__擦__り傷,す,"［擦］三級
音: サツ／サチ 訓: こす・る／なす・る／す・る
意味: さっと摩(さす)る、また拭(ふ)く。
拭き取る。",擦 → JPDB Kanji Freq: 1369,漢字の読みを入力してください,Text
"__擦__る｟他五｠
強くおしつけた状態で、表面に沿って（何度も）動かす。
「手をこすりあわせる・車を━〔＝接触事故を起こす〕・からだをこすりつける」",こす,"［擦］三級
音: サツ／サチ 訓: こす・る／なす・る／す・る
意味: さっと摩(さす)る、また拭(ふ)く。
拭き取る。",擦 → JPDB Kanji Freq: 1369,漢字の読みを入力してください,Text
"__擦__る｟他五｠
①液体・粉などを、指などでものの表面におし当てて、きたならしくつける。
「傷口につばを━」
②むりやりに負わせる。「罪を━」",なす,"［擦］三級
音: サツ／サチ 訓: こす・る／なす・る／す・る
意味: さっと摩(さす)る、また拭(ふ)く。
拭き取る。",擦 → JPDB Kanji Freq: 1369,漢字の読みを入力してください,Text
"__擦__る，__擦__れる
①ものの表面を、少しだけこすって通過する。
「バットがボール〈に／を〉━」
②近いところまで行く。
「正解にかすりもしない・〔宝くじで〕一等にかすった」",かす,"［擦］三級
音: サツ／サチ 訓: こす・る／なす・る／す・る
意味: さっと摩(さす)る、また拭(ふ)く。
拭き取る。",擦 → JPDB Kanji Freq: 1369,漢字の読みを入力してください,Text
__臨__む,のぞ,"［臨］五級
音: リン 訓: のぞ・む
意味: 高いところから低いところを見る、見下ろす。
高位の者が(高い席から)下位の者(低いところに控えている者)と会う、高位の者が(高いところから下に降り)一般の人のところへ出向く、或いは現場に出向く。
(人・時・事などに)面と向かう、直接向き合う。",臨 → JPDB Kanji Freq: 1367,漢字の読みを入力してください,Text
__憩__う，__憩__い,いこ,"［憩］三級
音: ケイ／カイ 訓: いこ・う
意味: 一息(ひといき)つく、止(とど)まって一休みする、休息する、同「愒」。",憩 → JPDB Kanji Freq: 1366,漢字の読みを入力してください,Text
"__募__る
①ますます激しくなる。こうじる。
②広い範囲に呼びかけて集める。募集する。",つの,"［募］三級
音: ボ／モ 訓: つの・る
意味: 広く呼び掛けて参加や金品を求める、募兵(ボヘイ)。
日ますます強くなる、高じる。",募 → JPDB Kanji Freq: 1364,漢字の読みを入力してください,Text
__誓__う，__誓__い,ちか,"［誓］凖二級
音: セイ／ゼ／ゼイ 訓: ちか・う／ちか・い
意味: 固く守ることを約束する、忠誠や決心などの意思を言葉にして違(たが)うことがないことを約束する。
戒(いまし)める、誡(いまし)める、間違い(手違い)がないよう約束させる。",誓 → JPDB Kanji Freq: 1363,漢字の読みを入力してください,Text
__溶__ける，__溶__く，__溶__かす,と,"［溶］四級
音: ヨウ／ユウ 訓: と・ける／と・かす／と・く
意味: 固体が(液体に混じり込んで)液状になる。
溶然(ヨウゼン)、ゆったりとしたさま。
溶溶(ヨウヨウ)、水が満ちているさま、水がゆったりと流れるさま。",溶 → JPDB Kanji Freq: 1362,漢字の読みを入力してください,Text
__控__える，__控__え,ひか,"［控］三級
音: コウ／クウ 訓: ひか・える
意味: (弦や手綱を)引く。
引いて抑(おさ)える、制御する。
差し引く、同「扣」、控除(コウジョ)。
訴え出る、控告(コウコク)。
日引いて一旦見合わせる、一歩引いてでしゃばらない。
日。",控 → JPDB Kanji Freq: 1360,漢字の読みを入力してください,Text
__慎__む，__慎__み,つつし,"［慎］四級
音: シン／ジン 訓: つつし・む
意味: 謹(つつし)む、隅々まで心を配(くば)る、気を配る、またそのように振る舞う、同「㥲」「謹」。
慎重(シンチョウ)、隅々まで配慮すること。",慎 → JPDB Kanji Freq: 1359,漢字の読みを入力してください,Text
__慎__ましい,つつ,"［慎］四級
音: シン／ジン 訓: つつし・む
意味: 謹(つつし)む、隅々まで心を配(くば)る、気を配る、またそのように振る舞う、同「㥲」「謹」。
慎重(シンチョウ)、隅々まで配慮すること。",慎 → JPDB Kanji Freq: 1359,漢字の読みを入力してください,Text
"__塗__れる
①〔血・あせ・どろ・ほこりなどが〕いちめんについて表面をおおった状態になる。
「どろに━」
②のぞましくないものに身をおおわれる。
「借金に━・汚辱に━」",まみ,"［塗］三級
音: ト／ズ 訓: ぬ・る／まみ・れる
意味: 泥(どろ)。
ものの表面に泥や絵具などの粘土状のものを平らに延ばすようにして付着させる、また付着させて平らにする、また付着させて表面を覆う、同簡「涂」。
泥で汚(よご)す、汚(けが)す。
平らに均(なら)した道、同「途」。
簡「涂」。",塗 → JPDB Kanji Freq: 1355,漢字の読みを入力してください,Text
__塗__る，__塗__り,ぬ,"［塗］三級
音: ト／ズ 訓: ぬ・る／まみ・れる
意味: 泥(どろ)。
ものの表面に泥や絵具などの粘土状のものを平らに延ばすようにして付着させる、また付着させて平らにする、また付着させて表面を覆う、同簡「涂」。
泥で汚(よご)す、汚(けが)す。
平らに均(なら)した道、同「途」。
簡「涂」。",塗 → JPDB Kanji Freq: 1355,漢字の読みを入力してください,Text
__塗__す,まぶ,"［塗］三級
音: ト／ズ 訓: ぬ・る／まみ・れる
意味: 泥(どろ)。
ものの表面に泥や絵具などの粘土状のものを平らに延ばすようにして付着させる、また付着させて平らにする、また付着させて表面を覆う、同簡「涂」。
泥で汚(よご)す、汚(けが)す。
平らに均(なら)した道、同「途」。
簡「涂」。",塗 → JPDB Kanji Freq: 1355,漢字の読みを入力してください,Text
__岸__，向こう__岸__,きし,"［岸］八級
音: ガン 訓: きし
意味: 水面から厂字状に高く切り立っているところの水際スイサイ(みずぎわ)、水崖スイガイ、汀テイ(みぎわ)のように波が寄せて引くたびに水と陸地の境目が変わるようなところではなく、水面と陸地に高低差があり(或いは仕切られていて)波が寄せて引いても、その境目が変わらないところ、同「漄」「涯」。
高く切り立っているさま、突き出ているさま、角立っているさま。
傲岸(ゴウガン)、気位(きぐらい)が高いさま。",岸 → JPDB Kanji Freq: 1352,漢字の読みを入力してください,Text
__童__，__童__歌,わらべ,"［童］八級
音: トウ／ズウ／ドウ 訓: わらべ／わらわ
意味: 男の奴隷ドレイや召使(めしつかい)。
幼い子ども、未成年(十五歳未満)の子ども、成人(十五歳で元服し成人となる)する前の男子。
幼いさま、童昏(ドウコン)(幼く知恵がないさま)」、童牛(ドウギュウ)(幼いウシ、角のないウシ)」、童山(ドウサン)(禿山はげやま、草木の生えていない山)」。",童 → JPDB Kanji Freq: 1351,漢字の読みを入力してください,Text
__沖__，__沖__縄県，__沖__合い,おき,"［沖］七級
音: チュウ 訓: おき
意味: 水が涌(わ)き上がる、高く衝(つ)き上がる。
穏やかな。
虚(むな)しいさま、空虚なさま、同「冲」。
幼い、幼少の、同「冲」。
沖澹(チュウタン)、淡々としたさま、さっぱりとしたさま、同「祌禫」祌䄡(チュウセン)。
簡「冲」
日岸から遠く離れたところ、同「冲」",沖 → JPDB Kanji Freq: 1348,漢字の読みを入力してください,Text
__革__，__革__ジャン，__革__靴,かわ,"［革］五級
音: カク／キャク 訓: かわ／あらた・める／あらた・まる
意味: 動物の皮を剥(は)いで毛を抜き乾かしたもの、生皮は「皮」、鞣(なめ)したものは「韋」。
改(あらた)める、改まる、革変(カクヘン)。
取り消す、取り除く、革職(カクショク)(職を解く)」。
かわ、かくのかわ、かわへん、つくりがわ、部首名。",革 → JPDB Kanji Freq: 1347,漢字の読みを入力してください,Text
__熊__，__熊__本，小__熊__，__熊__手，子__熊__,くま,"［熊］七級
音: ユウ／ウ 訓: くま
意味: 熊(クマ)、クマ科の哺乳類。",熊 → JPDB Kanji Freq: 1346,漢字の読みを入力してください,Text
"__逸__る
〔そのことをはやくしたくて〕興奮状態になる。
「━〔＝走り出そうと興奮する〕馬・━心をしずめる・〘野球〙打ち気に━」",はや,"［逸］凖二級
音: イツ／イチ 訓: そ・れる／そ・らす／はや・る
意味: 逃(のが)れる、(指や網の隙間から、するりと)抜ける。
(収まっているべきところから、うっかり)外に出る、外(はず)れる。
枠を一段と超えている、抜きん出ている。
(枠に囚われずに)思いのままに振る舞うさま、気儘(きまま)なさま、同「劮」「𠡓」「妷」。
日はや・る、気持ちが急(せ)く。",逸 → JPDB Kanji Freq: 1345,漢字の読みを入力してください,Text
目を__逸__らす，__逸__れる,そ,"［逸］凖二級
音: イツ／イチ 訓: そ・れる／そ・らす／はや・る
意味: 逃(のが)れる、(指や網の隙間から、するりと)抜ける。
(収まっているべきところから、うっかり)外に出る、外(はず)れる。
枠を一段と超えている、抜きん出ている。
(枠に囚われずに)思いのままに振る舞うさま、気儘(きまま)なさま、同「劮」「𠡓」「妷」。
日はや・る、気持ちが急(せ)く。",逸 → JPDB Kanji Freq: 1345,漢字の読みを入力してください,Text
"__逸__れる
①連れの人を見失って離れ離れになる。「親に逸れる」
②（動詞の連用形の下に付いて）…しそこなう。…しそびれる。「食い逸れる」",はぐ,"［逸］凖二級
音: イツ／イチ 訓: そ・れる／そ・らす／はや・る
意味: 逃(のが)れる、(指や網の隙間から、するりと)抜ける。
(収まっているべきところから、うっかり)外に出る、外(はず)れる。
枠を一段と超えている、抜きん出ている。
(枠に囚われずに)思いのままに振る舞うさま、気儘(きまま)なさま、同「劮」「𠡓」「妷」。
日はや・る、気持ちが急(せ)く。",逸 → JPDB Kanji Freq: 1345,漢字の読みを入力してください,Text
"__虚__しい・空しい
①ものごとがむだに〈なって／思われて〉、さびしく、つまらない気持ちだ。
「今まで何をしてきたのかとむなしくなる」
②むだだ。（やるだけの）意味がない。
「━努力・善戦むなしく敗れる・時間だけがむなしく過ぎる」",むな,"［虚］三級
音: キョ／コ 訓: うつ・ろ／むな・しい／そら
意味: 外から見える部分はそれらしく見えるが中には何もないさま、中身が空っぽなさま。
外からは見えないが内部は細り衰えているさま。
外見は立派だが中身がそれに伴わないさま。
あるべきものがなく空っぽなさま。
二十八宿北方玄武ゲンブの第四宿{二十八宿}。",虚 → JPDB Kanji Freq: 1343,漢字の読みを入力してください,Text
__虚__ける，__虚__ろ・空ろ,うつ,"［虚］三級
音: キョ／コ 訓: うつ・ろ／むな・しい／そら
意味: 外から見える部分はそれらしく見えるが中には何もないさま、中身が空っぽなさま。
外からは見えないが内部は細り衰えているさま。
外見は立派だが中身がそれに伴わないさま。
あるべきものがなく空っぽなさま。
二十八宿北方玄武ゲンブの第四宿{二十八宿}。",虚 → JPDB Kanji Freq: 1343,漢字の読みを入力してください,Text
__哀__れむ，__哀__れみ，__哀__れ，__哀__れな話，__哀__れがる,あわ,"［哀］三級
音: アイ 訓: あわ・れむ／あわ・れ／かな・しむ／かな・しい
意味: 心を痛める、心が締め付けられる、悲しむ。
かわいそうに思う。
悲しみ悼(いた)む。
父母の喪(も)。",哀 → JPDB Kanji Freq: 1342,漢字の読みを入力してください,Text
__賢__い,かしこ,"［賢］三級
音: ケン／ゲン 訓: かしこ・い
意味: 才智に富むさま、才能豊かなさま、またそのような人。
相手(特に同輩や後輩)や相手に関することをいう語の頭に付けて敬意の意味を表す、自分に関することに謙遜の意を表すのは「愚」、相手の弟を「賢弟」、自分の弟を「愚弟」というなど。",賢 → JPDB Kanji Freq: 1341,漢字の読みを入力してください,Text
小__賢__しい，__賢__しい,さか,"［賢］三級
音: ケン／ゲン 訓: かしこ・い
意味: 才智に富むさま、才能豊かなさま、またそのような人。
相手(特に同輩や後輩)や相手に関することをいう語の頭に付けて敬意の意味を表す、自分に関することに謙遜の意を表すのは「愚」、相手の弟を「賢弟」、自分の弟を「愚弟」というなど。",賢 → JPDB Kanji Freq: 1341,漢字の読みを入力してください,Text
__徹__す,とお,"［徹］凖二級
音: テツ／テチ 訓: とお・る
意味: 貫(つらぬ)く、突き通す、突き抜ける。
取り去る、取り除く、同「撤」。
周代(前11世紀～前256年)の税法、耕作地百畝からの収穫物のうち十畝分を税として徴収した、徹法(テッポウ)という。",徹 → JPDB Kanji Freq: 1338,漢字の読みを入力してください,Text
"__拒__む
求められても受け入れない気持ちをあらわす。ことわる。
「申し出を━・受け取りを━」",こば,"［拒］凖二級
音: キョ／ゴ 訓: こば・む
意味: 間隔が狭まらないように押し止める、近づこうとするものを阻(はば)む。
受け入れない。",拒 → JPDB Kanji Freq: 1337,漢字の読みを入力してください,Text
__縄__，__縄__張,なわ,"［縄］七級
音: ショウ／ジョウ 訓: なわ
意味: 何本かの藁(わら)・糸・紐(ひも)などを捩(ねじ)りながら長くしたもの、ロープrope、一般には「紐」よりも太く「綱(つな)」よりも細く粗いもの。
墨糸(すみいと、墨を含ませ直線を描く糸)、大工道具の一つ、繩墨(ジョウボク)。
(直線が大工作業で規準となることから)規準、基準。
(墨繩で描かれた線のように)まっすくにする、曲がりや歪みなどを正す、誤りを糺(ただ)す。",縄 → JPDB Kanji Freq: 1334,漢字の読みを入力してください,Text
__雅__，__雅__やか,みやび,"［雅］四級
音: ガ／ゲ 訓: みやび
意味: 正統な、由緒(ユイショ)正しい。
上品な、上品で優美な。
もとより、平素から。
カラス烏・鴉、カラス科カラス属の鳥、また同属の鳥の称、同「鴉」「烏」。",雅 → JPDB Kanji Freq: 1333,漢字の読みを入力してください,Text
__銭__，__銭__入れ，小__銭__,ぜに,"［銭］五級
音: セン／ゼン 訓: ぜに
意味: 貨幣、特に銅貨(価値の低い貨幣)、貨幣の総称。
重量の単位、1両=10銭、1銭=10分{各種単位}。
刃を取り付けたシャベルshovel状の農具、同「銚」。
日貨幣の単位、1銭=1/100円",銭 → JPDB Kanji Freq: 1332,漢字の読みを入力してください,Text
__膨__れる，__膨__よか，青__膨__れ，__膨__らむ，__膨__らみ,ふく,"［膨］三級
音: ホウ／ビョウ／ボウ 訓: ふく・れる／ふく・らむ
意味: 腹が大きく突き出る、内側から外に向かって張り出す、同「𤺬」。
体積や程度が大きくなる、膨張(ボウチョウ)。",膨 → JPDB Kanji Freq: 1331,漢字の読みを入力してください,Text
__泥__，__泥__沼，__泥__棒,どろ,"［泥］凖二級
音: デイ／ナイ 訓: どろ／なず・む
意味: 水を含んだ土、同「埿」「淖」「𥩥」。
どろっとした、どろどろした、またそのようなもの。
(泥に足を取られて)動けない、囚(とら)われて抜け出せない、拘(こだわ)る、拘泥(コウデイ)。",泥 → JPDB Kanji Freq: 1329,漢字の読みを入力してください,Text
"__泥__む｟自五｠，暮れ__泥__む
〔文〕①こだわる。ひっかかる。
「旧習に━」
②さまたげられて進まない。とどこおる。☞暮れなずむ。
③なれ親しむ。なじむ。",なず,"［泥］凖二級
音: デイ／ナイ 訓: どろ／なず・む
意味: 水を含んだ土、同「埿」「淖」「𥩥」。
どろっとした、どろどろした、またそのようなもの。
(泥に足を取られて)動けない、囚(とら)われて抜け出せない、拘(こだわ)る、拘泥(コウデイ)。",泥 → JPDB Kanji Freq: 1329,漢字の読みを入力してください,Text
__挟__む，__挟__まる,はさ,"［挟］凖二級
音: キョウ／ギョウ 訓: はさ・む／はさ・まる
意味: ものを腋(わき)の下に入れ腕を降ろし脇腹との間で押さえる、両側から(落ちないように)押さえ支える、同「夾」。
両側から押え付けて動かないようにする。
両側から押え付けて身動きができないようにする、強く迫(せま)る。",挟 → JPDB Kanji Freq: 1327,漢字の読みを入力してください,Text
"__摘__む，__摘__み草
❶ 指先などでつまんで取る。例: 花を摘む。
❷ はさみなどで切る。例: かみの毛を摘む。",つ,"［摘］四級
音: テキ／タク／チャク 訓: つ・む／つま・む
意味: 指や箸などの先で掴(つか)む。
指や箸などの先で掴み取る、また掴んで千切(ちぎ)り取る。
一部分(或いは必要な部分)を選び取る。",摘 → JPDB Kanji Freq: 1325,漢字の読みを入力してください,Text
"__摘__む，掻い__摘__む
❶ 指先ではさむ。例: 鼻を摘む。
❷ たいせつな部分をとり出す。例: ニュースの要点を摘んで話す。
❸ 取って食べる。例: すしを摘む。",つま,"［摘］四級
音: テキ／タク／チャク 訓: つ・む／つま・む
意味: 指や箸などの先で掴(つか)む。
指や箸などの先で掴み取る、また掴んで千切(ちぎ)り取る。
一部分(或いは必要な部分)を選び取る。",摘 → JPDB Kanji Freq: 1325,漢字の読みを入力してください,Text
__述__べる,の,"［述］六級
音: シュツ／ジュツ／ズチ 訓: の・べる
意味: 既に道筋が付いているものや頼りになるものに沿って行く、先例などに従う、同「循」。
先人の事績を受け継ぎ伝える、そのために文章に書き表す、或いは言葉で言い表す。
考えや思いを書き表す、或いは言い表す、同「術」「𠰲」。",述 → JPDB Kanji Freq: 1321,漢字の読みを入力してください,Text
__譲__る，親__譲__り,ゆず,"［譲］三級
音: ジョウ／ニョウ 訓: ゆず・る
意味: 自ら退(しりぞ)き他人を先にする。
位・場所・立場などから自ら退き空いたところを人に進める、対価を求めずに人に渡す。
控え目に(他人の先に出ることがないように)振る舞う。
きつく責(せ)める、咎(とが)める。",譲 → JPDB Kanji Freq: 1320,漢字の読みを入力してください,Text
__塞__ぐ，__塞__がる,ふさ,"［塞］二級
音: ソク／サイ 訓: ふさ・ぐ
意味: 隙間を埋める、空いている所に物を詰め込む、同「窒」。
ぎっしりと詰める、満たす。
隙間を埋めて行き来ができないようにする。
(道を塞いで外敵の侵入を防ぐための)砦。
険要ケンヨウの地。",塞 → JPDB Kanji Freq: 1319,漢字の読みを入力してください,Text
"__塞__く・堰く，__塞__き止める
〔流れなどを〕さえぎり止める。
「今まで心地よく流れていた談話が急に塞き止められた」
「伝染病の蔓延を━」",せ,"［塞］二級
音: ソク／サイ 訓: ふさ・ぐ
意味: 隙間を埋める、空いている所に物を詰め込む、同「窒」。
ぎっしりと詰める、満たす。
隙間を埋めて行き来ができないようにする。
(道を塞いで外敵の侵入を防ぐための)砦。
険要ケンヨウの地。",塞 → JPDB Kanji Freq: 1319,漢字の読みを入力してください,Text
__粉__，__粉__雪,こな,"［粉］六級
音: フン 訓: こな／こ
意味: 穀物を細(こま)かく砕(くだ)いたもの、粒(リュウ)(つぶ)」よりも更に細かいもの、またそのような形状のもの。
砕いて小さく細かくする、またそのようにしたもの、、粉末(フンマツ)。
白い、また細かく(粉状の)白いもの、、白粉(ハクフン)(おしろい)」。",粉 → JPDB Kanji Freq: 1317,漢字の読みを入力してください,Text
__粉__，小麦__粉__,こ,"［粉］六級
音: フン 訓: こな／こ
意味: 穀物を細(こま)かく砕(くだ)いたもの、粒(リュウ)(つぶ)」よりも更に細かいもの、またそのような形状のもの。
砕いて小さく細かくする、またそのようにしたもの、、粉末(フンマツ)。
白い、また細かく(粉状の)白いもの、、白粉(ハクフン)(おしろい)」。",粉 → JPDB Kanji Freq: 1317,漢字の読みを入力してください,Text
__唱__える,とな,"［唱］七級
音: ショウ 訓: とな・える
意味: (多人数で声を合わせる際に)まず一人が最初に発声する、音頭(おんど)を取る、唱和・倡和(ショウワ)(まず一人が発声し残りの者がそれに続いて声を合わせること)」、同「誯」「倡」「𪛋」。
歌う。",唱 → JPDB Kanji Freq: 1316,漢字の読みを入力してください,Text
__縛__る，金__縛__り,しば,"［縛］三級
音: ハク／バク 訓: しば・る／いまし・める
意味: ずれたり外(はず)れたり緩(ゆる)んだりしないようにぴったりと巻き付ける、またその紐や縄など。
しっかり巻き付けて動かないようにする、拘束する、束縛(ソクバク)。",縛 → JPDB Kanji Freq: 1315,漢字の読みを入力してください,Text
__卵__，__卵__焼き，ゆで__卵__，生__卵__，__卵__の殻,たまご,"［卵］五級
音: ラン 訓: たまご
意味: 母乳で育てない動物が体外に産み出し、それが孵化 (ふか)して子になるもの。
子を産むための雌また牝の生殖細胞。
未熟なさま、「殻を破れない」「本来の姿までには成長していない」の意。",卵 → JPDB Kanji Freq: 1314,漢字の読みを入力してください,Text
__曇__る，__曇__り,くも,"［曇］四級
音: タン／ドン 訓: くもり／くも・る
意味: 雲が広がる、空が雲に覆われる{曇}。
日日光が雲に遮られる、光が少なくはっきり見えない、ぼんやりする、すっきりしない。",曇 → JPDB Kanji Freq: 1309,漢字の読みを入力してください,Text
__揚__げる，荷__揚__げ，__揚__がる,あ,"［揚］三級
音: ヨウ 訓: あ・がる
意味: 高く上がる、高く上げる。
(気持ちや声などが)高まる、高める。
(名前や評判などが)高まり広まる、広く伝わる。
日熱した油の中に食材を入れて調理する。",揚 → JPDB Kanji Freq: 1308,漢字の読みを入力してください,Text
__砕__ける，__砕__く,くだ,"［砕］凖二級
音: サイ 訓: くだ・く／くだ・ける
意味: 塊(かたまり)や形を成しているものが粉々に(ばらばらに)なる、また粉々にする、細かく(小さく)割る、壊して細かくする、粉砕(フンサイ)。
細々(こまごま)している、纏(まと)まりがない。
細かくて煩(わずら)わしい、くどい、くだくだしい。",砕 → JPDB Kanji Freq: 1304,漢字の読みを入力してください,Text
__亀__，海__亀__，出歯__亀__,かめ,"［亀］二級
音: キ／キン／コン／キュウ／ク 訓: かめ
意味: 亀(カメ)、カメ目の動物の総称、同「𠃾」。
亀兹(キュウジ・キジ)、古国名、前3？世紀～11？世紀、現新疆ウイグル自治区庫車市一帯、同「𪚺兹」{漢(西漢、前漢)代}{新疆ウイグル自治区}。
かめ、部首名。",亀 → JPDB Kanji Freq: 1302,漢字の読みを入力してください,Text
__腐__れ縁，後__腐__れ，ふて__腐__れる，__腐__る，__腐__らす,くさ,"［腐］四級
音: フ／ブ 訓: くさ・る
意味: (肉が)柔らかくなったり形が崩れたりする、また元の形でなくなる、朽(く)ちる。
食べられなくなる、用をなさなくなる。
古臭い。
男性の性器を切り落とす刑罰、宮刑(キュウケイ)。
日思うようにならず嫌になる。",腐 → JPDB Kanji Freq: 1301,漢字の読みを入力してください,Text
__齢__を重ねる,よわい,"［齢］四級
音: レイ／リョウ 訓: よわい
意味: 生まれてからの年(とし)の数、同「秢」。",齢 → JPDB Kanji Freq: 1300,漢字の読みを入力してください,Text
__筆__，__筆__先,ふで,"［筆］八級
音: ヒツ／ヒチ 訓: ふで
意味: 墨や絵の具を穂先に含ませて字を書いたり絵を描いたりする道具、またそれで字を書く、また絵を描く、またそれで書いた(描いた)字や絵。",筆 → JPDB Kanji Freq: 1299,漢字の読みを入力してください,Text
__癒__やす，__癒__える,い,"［癒］凖二級
音: ユ 訓: い・える／いや・す
意味: 肉体的・精神的な病(やまい)や傷が治(なお)る、また治す、同「瘉」。",癒 → JPDB Kanji Freq: 1298,漢字の読みを入力してください,Text
__豆__，__豆__粒，煮__豆__,まめ,"［豆］八級
音: トウ／ズ 訓: まめ
意味: 高坏たかつき、食物を盛る蓋(ふた)付き脚(あし)付きの器、同「䇺」{食器(豆・鋪)}。
マメ科の穀物の総称、またその実、またその形に似たもの。
中国戦国時代(前5世紀～前221年)の齊国(前386年～前221年)の容量の単位、1區=4豆、1豆=4升{各種単位}、但し時代によって違いがあり、西漢代(前202年～9年)では16黍=1豆、6豆=1銖。
まめ、まめへん、部首名",豆 → JPDB Kanji Freq: 1295,漢字の読みを入力してください,Text
__靴__，__靴__下，革__靴__,くつ,"［靴］凖二級
音: カ／ケ 訓: くつ
意味: (革製の履物で)踝(くるぶし)より上から足までを包む履物の総称、長靴、踝より上を覆わないものは「鞋」{服飾(履物)}。",靴 → JPDB Kanji Freq: 1294,漢字の読みを入力してください,Text
__免__れる,"まぬが,まぬか","［免］三級
音: ベン／メン 訓: まぬか・れる
意味: 取り除く、取り去る。
身に着けているものを脱(ぬ)ぐ。
逃(のが)れる、負うべき役目や義務などを負わずに済む、災いなどに遇わず済む。
許(ゆる)す、赦(ゆる)す、見逃(みのが)す、負うべき役目・義務・罪などを負わなくてよいと許す。
位階や役目を解(と)く。",免 → JPDB Kanji Freq: 1293,漢字の読みを入力してください,Text
__緩__やかだ，__緩__める，__緩__む，__緩__み，__緩__い,ゆる,"［緩］三級
音: カン／ガン 訓: ゆる・い／ゆる・やか／ゆる・む／ゆる・める
意味: ゆったりとした、きつくない。
張り詰めていた力や締め付けていた力を抜く。
負荷を軽くする、余裕を持たす。
ゆっくりした、鈍(のろ)い。",緩 → JPDB Kanji Freq: 1291,漢字の読みを入力してください,Text
"__則__る
〔文〕法則・手本としてしたがう。
「故実に━・先例に━」",のっと,"［則］六級
音: ソク 訓: のり／のっと・る／すなわ・ち
意味: のり、規範・基準となるもの、手本として倣(なら)うべきもの。
のっと・る、守るべき法律・規範・基準・手本などに従う。
すなわ・ち、「Ａ則Ｂ」の用法で、Ａ(原因や理由)であるならばＢ(Ａから導かれる結果や結論)、Ａ(行為など)であるならばつまりはＢ(Ａとは別の行為など)と同じ。",則 → JPDB Kanji Freq: 1290,漢字の読みを入力してください,Text
__机__，勉強__机__,つくえ,"［机］五級
音: キ 訓: つくえ
意味: つくえ、テーブルtable、同「几」。
木名、未詳、ニレ楡(ニレ科ニレ属の木)に似た木で、焼いたものを稲田の肥料にするという。
繁「機」",机 → JPDB Kanji Freq: 1287,漢字の読みを入力してください,Text
__浅__い，__浅__はか，__浅__瀬，遠__浅__,あさ,"［浅］七級
音: セン 訓: あさ・い
意味: 水面から底までの距離が小さい、深くない。
薄っぺらな、厚みがない、奥行きがない。
色などが薄い、或いは淡い、深みがない。
時間的に短い、あまり時間が経(た)っていない。",浅 → JPDB Kanji Freq: 1286,漢字の読みを入力してください,Text
__獲__る，__獲__物,え,"［獲］四級
音: カク／ワク 訓: え・る
意味: 狩りで鳥獣を殺し捕(と)る、また狩りで捕った鳥獣など、「獲物(えもの、中国では「猎物」)」、生きたまま捕(つか)まえるのは「虜」。
得る、手に入れる、獲得(カクトク)
簡「获」",獲 → JPDB Kanji Freq: 1285,漢字の読みを入力してください,Text
__釣__る，__釣__り，__釣__り合い,つ,"［釣］凖二級
音: チョウ 訓: つ・る／つり
意味: 鉤かぎ(先を曲げた金具)に引っ掛ける、また引っ掛けて魚を獲(と)る、同「魡」。
(餌をぶら下げて)誘(おび)き出す、誘き出して手に入れる。
吊(つ)る、吊り下げる。",釣 → JPDB Kanji Freq: 1284,漢字の読みを入力してください,Text
__貫__く,つらぬ,"［貫］三級
音: カン 訓: つらぬ・く／ぬき
意味: 反対側まで突き抜ける穴(孔)を開ける、穿(うが)つ。
始めから終わりまで途中で途切れることなく通す、また通っている。
途切れることなく繰り返し続いている慣(なら)わし、同「慣」。
代々住み続けている土地、出生地。
銭の孔に通す紐、紐を通して結わえた銭、銭の単位。
重量の単位{各種単位}。",貫 → JPDB Kanji Freq: 1281,漢字の読みを入力してください,Text
__誠__，__誠__に,まこと,"［誠］五級
音: セイ／ジョウ 訓: まこと／まこと・に
意味: 真心(まごころ)、真実シンジツ。
言行(ゲンコウ、言葉と行為・行動)に嘘偽(うそいつわ)りがない。
真(まこと)に、本当に、嘘偽りなく。",誠 → JPDB Kanji Freq: 1279,漢字の読みを入力してください,Text
__泳__ぐ，__泳__ぎ,およ,"［泳］八級
音: エイ／ヨウ 訓: およ・ぐ
意味: 水中に潜って進む、水の中を進む。",泳 → JPDB Kanji Freq: 1278,漢字の読みを入力してください,Text
__診__る,み,"［診］凖二級
音: シン／チン／ジン 訓: み・る
意味: 医者が(脈ミャクを取って)病状や健康状態よく調べる、またその原因を探(さぐ)る、同「𧦜」。
(状態を)よく見る、(その原因・理由を)よく調べる、同「𧠝」「覙」。",診 → JPDB Kanji Freq: 1275,漢字の読みを入力してください,Text
__鈴__，__鈴__を転がすよう，__鈴__木愛理,すず,"［鈴］凖二級
音: レイ／リョウ／リン 訓: すず
意味: 鐸タクの一種で、一般には鐸よりも小形のもの、揺らすことで内部に吊るした舌ゼツ(した)が揺れ、内壁にぶつかり音が出る{楽器(打楽器)}。
(鈴のような)「りんりん」「ちりんちりん」という音、またそのような音を出すもの。",鈴 → JPDB Kanji Freq: 1274,漢字の読みを入力してください,Text
__狭__める，__狭__まる,せば,"［狭］四級
音: キョウ／コウ／ギョウ 訓: せま・い／せば・まる／せば・める／さ
意味: 両側から挟(はさ)まれて空き(あき、幅、間隔)が小さい、また小さくなる、また小さくする。
心(度量)に幅がない(余裕がない)、また小さい。
幅や間隔が小さい。",狭 → JPDB Kanji Freq: 1273,漢字の読みを入力してください,Text
__狭__い，__狭__苦しい,せま,"［狭］四級
音: キョウ／コウ／ギョウ 訓: せま・い／せば・まる／せば・める／さ
意味: 両側から挟(はさ)まれて空き(あき、幅、間隔)が小さい、また小さくなる、また小さくする。
心(度量)に幅がない(余裕がない)、また小さい。
幅や間隔が小さい。",狭 → JPDB Kanji Freq: 1273,漢字の読みを入力してください,Text
__狩__る，__狩__り込み，__狩__り，ぶどう__狩__り,か,"［狩］四級
音: シュウ／シュ 訓: かり／か・る
意味: 周りを囲って狩猟犬を放ち鳥獣を追い詰め捕(と)らえる。
(天子や領主が)冬に行う猟リョウ、春は、蒐(シュウ)、獀ソウ」、夏は猫(ビョウ)、秋は獮(セン)、単に「狩りをする」の場合は「猟」を用いる。
獲物を捕らえる、征伐セイバツする。
君主が領地を巡察すること、、巡狩(ジュンシュウ)。",狩 → JPDB Kanji Freq: 1272,漢字の読みを入力してください,Text
__築__く，__築__き上げる,きず,"［築］六級
音: チク 訓: きず・く／つき
意味: 土を搗(つ)き固める、しっかりした土台を造(つく)る。
しっかりした土台の上に建造物を造る、またものを作り上げる。
簡「築」。",築 → JPDB Kanji Freq: 1271,漢字の読みを入力してください,Text
__添__える，__添__え手紙，__添__う，付き__添__う,そ,"［添］四級
音: テン 訓: そ・える
意味: 付け加える、付け足す。",添 → JPDB Kanji Freq: 1268,漢字の読みを入力してください,Text
__翼__，__翼__を広げる,つばさ,"［翼］四級
音: ヨク／イキ 訓: つばさ
意味: 鳥や虫の体から左右に伸び出ている空中を飛翔するための腕状の部分、本体から左右に伸び出ているものやその形状、同「𩙺」「䋚」「𦐂」「翅」。
(鳥の翼のように左右にあって)手や力を貸して支え助ける、同「翊」。
二十八宿南方朱雀スザクの一つ{二十八宿}。",翼 → JPDB Kanji Freq: 1267,漢字の読みを入力してください,Text
__紫__，__紫__色,むらさき,"［紫］四級
音: シ 訓: むらさき
意味: 赤味がかった青色、青味がかった赤色█。",紫 → JPDB Kanji Freq: 1266,漢字の読みを入力してください,Text
__廃__れる，__廃__る，はやり__廃__り,すた,"［廃］凖二級
音: ハイ／ホ 訓: すた・る
意味: 建物が傾(かたむ)き倒(たお)れる、崩(くず)れる。
(そこに住むことを)止(や)める、それまでしていたことを止める、使うことを止める。
すた・る、使えなくなる、使われなくなる、役に立たなくなる。
捨(す)てる、捨て置(お)く、放(ほう)って置く、放置ホウチする。",廃 → JPDB Kanji Freq: 1265,漢字の読みを入力してください,Text
__謎__，__謎__解き，__謎__掛け,なぞ,"［謎］二級
音: ベイ／マイ／メイ 訓: なぞ
意味: なぞなぞ、なぞなぞ遊び。
人を迷(まよ)わせる言葉、またそのようなこと。
どいう意味か(どう理解してよいか)分からないようなこと。",謎 → JPDB Kanji Freq: 1264,漢字の読みを入力してください,Text
__諸__々,もろ,"［諸］五級
音: ショ 訓: もろもろ／もろ
意味: 多くの、様々の。
これ、この、this、之於(シオ)、之乎(シコ)を「諸」一字で表したもの。",諸 → JPDB Kanji Freq: 1261,漢字の読みを入力してください,Text
__患__う，長__患__い,わずら,"［患］凖二級
音: カン／ゲン 訓: わずら・う／うれ・える
意味: 憂(うれ)える、悩み苦しむ。
悩みや苦しみを齎(もたら)す災難、禍(わざわい)。
病(や)む、病気になる。",患 → JPDB Kanji Freq: 1260,漢字の読みを入力してください,Text
__尊__ぶ，__尊__い,とうと,"［尊］五級
音: ソン 訓: とうと・ぶ／とうと・い／たっと・ぶ／たっと・い
意味: 身分・地位が高い、またそのような人、同「貴」。
上にあるさま、高いさま、低いのは「卑」。
重んじる、敬い大切にする、尊敬(ソンケイ)
「尊者(ソンジャ)」「尊父(ソンプ)」など言葉に冠し敬意を表す語、相手を高くする(立てる)語
神や先祖を祭ったり賓客ヒンキャクをもてなす際に用いる酒器、広く酒器(酒を入れる容器)を指す、同「𢍜」「樽」「罇」「墫」「𤮐」。",尊 → JPDB Kanji Freq: 1259,漢字の読みを入力してください,Text
〔文〕__尊__ぶ，__尊__い,たっと,"［尊］五級
音: ソン 訓: とうと・ぶ／とうと・い／たっと・ぶ／たっと・い
意味: 身分・地位が高い、またそのような人、同「貴」。
上にあるさま、高いさま、低いのは「卑」。
重んじる、敬い大切にする、尊敬(ソンケイ)
「尊者(ソンジャ)」「尊父(ソンプ)」など言葉に冠し敬意を表す語、相手を高くする(立てる)語
神や先祖を祭ったり賓客ヒンキャクをもてなす際に用いる酒器、広く酒器(酒を入れる容器)を指す、同「𢍜」「樽」「罇」「墫」「𤮐」。",尊 → JPDB Kanji Freq: 1259,漢字の読みを入力してください,Text
__縮__れる，__縮__れ毛，__縮__らす，__縮__める，__縮__む，伸び__縮__み，__縮__まる,ちぢ,"［縮］五級
音: シュク／スク 訓: ちぢ・む／ちぢ・まる／ちぢ・こまる／ちぢ・れる／ちぢ・み
意味: 縄を巻いてぎゅっと締め付ける、周りから締め付けて小さくする、収縮(シュウシュク)。
酒の入った袋を周りから締め付けて小さくする、搾(しぼ)る。
大きく広がっているものが元の形を維持したまま小さくなる(狭まる)、窄(すぼ)まる、その結果皺ができたり密度が高くなったりする、萎縮(イシュク)(弱り小さくなる、衰え弱る)」。
足りなくなる、不足する、、贏縮・盈縮(エイシュク)(あり余り或いは足りない、大きい或いは小さい、広がり或いは狭まる、伸縮)」。",縮 → JPDB Kanji Freq: 1255,漢字の読みを入力してください,Text
__恨__めしい，__恨__む，__恨__み,うら,"［恨］三級
音: コン／ゴン 訓: うら・む／うら・めしい
意味: (思いが満たされずに)とても残念に思う、とても腹立たしい、同「憾」「怨」。",恨 → JPDB Kanji Freq: 1254,漢字の読みを入力してください,Text
__盾__，後ろ__盾__,たて,"［盾］四級
音: シュン／ジュン／トン／ドン 訓: たて
意味: 刀や矢による攻撃から顔や体を護(まも)るための防具、盾牌(ジュンパイ)、同「瞂」「楯」。",盾 → JPDB Kanji Freq: 1253,漢字の読みを入力してください,Text
__傍__目,はた,"［傍］四級
音: ホウ／ボウ 訓: かたわ・ら／そば
意味: もののすぐ近くのところ、側(そば)、同「徬」「旁」。
すぐ傍に付き添(そ)う、ぴったりと寄り添う、同「徬」「旁」。
漢字の右側の部分、同「旁」、左は「扁」「偏」。",傍 → JPDB Kanji Freq: 1252,漢字の読みを入力してください,Text
__傍__ら,かたわ,"［傍］四級
音: ホウ／ボウ 訓: かたわ・ら／そば
意味: もののすぐ近くのところ、側(そば)、同「徬」「旁」。
すぐ傍に付き添(そ)う、ぴったりと寄り添う、同「徬」「旁」。
漢字の右側の部分、同「旁」、左は「扁」「偏」。",傍 → JPDB Kanji Freq: 1252,漢字の読みを入力してください,Text
"牛
家畜。力が強く、田や畑をたがやしたり、荷物を運ぶのに使う。肉やちちを食用にし、皮でいろいろな物を作る。",うし,"［牛］九級
音: ギュウ／グ／ゴ 訓: うし
意味: 牛(ウシ)、ウシ目の哺乳類の総称、特に家畜のウシを指す。
(牛のように)強情な、傲慢な。
二十八宿北方玄武ゲンブの第二星{二十八宿}。
牛蒡(ゴボウ)、キク科ゴボウ属の草、牛蒡子(ゴボウシ)(ゴボウの種、乾燥させて生薬として利用される)」{ゴボウ}。
紫金牛(シキンギュウ)、ヤブコウジ藪柑子、サクラソウ科ヤブコウジ属の木{ヤブコウジ}。
天牛(テンギュウ)、カミキリムシ髪切虫・天牛、カミキリムシ科の虫の総称。
うし、部首名。",牛 → JPDB Kanji Freq: 1251,漢字の読みを入力してください,Text
__穏__やかだ,おだ,"［穏］三級
音: オン 訓: おだ・やか
意味: 安らかなさま、落ち着いているさま、安隱(アンオン・アンノン)。
揺れ動くことなく安定しているさま。",穏 → JPDB Kanji Freq: 1249,漢字の読みを入力してください,Text
__株__，__株__式,かぶ,"［株］五級
音: チュウ／シュ 訓: かぶ
意味: 草木を切った後の地上に出ている部分。
草木の根を単位とした数を数える語、同「棵」。
日分相応な権利や役目、また身分や地位。",株 → JPDB Kanji Freq: 1246,漢字の読みを入力してください,Text
"__幹__
①木の、根から上のほうにのびて、枝・葉を出す太い部分。
②ものごとの、だいじな部分。根幹。",みき,"［幹］六級
音: カン 訓: みき
意味: 植物の枝葉を支えている太い部分。
物事の全体を支えている中心的な部分、物事の主要なまた重要な部分、同「干」。
中心となって働く、主要なまた重要な仕事を担う。
簡「干」。",幹 → JPDB Kanji Freq: 1245,漢字の読みを入力してください,Text
__咲__く，遅__咲__き,さ,"［咲］四級
音: ショウ 訓: さ・く
意味: 笑う、喜び顔を綻(ほころ)ばせる、古同「笑」。
さ・く、蕾(つぼみ)が綻(ほころ)ぶ、花が開く、同「笑」。",咲 → JPDB Kanji Freq: 1244,漢字の読みを入力してください,Text
__偶__さか，__偶__に,たま,"［偶］三級
音: ゴウ／グ／グウ／ク 訓: 
意味: 人の形に似せた人形、偶像(グウゾウ)、木偶(モクグウ)(でく)」、同「𣕃」。
夫婦などのように同等のものが対ツイ(二つで一組)になる。
2で割り切れる数、、偶数(グウスウ)、割り切れないものは「奇」。
思い掛けないさま、、偶然(グウゼン)。
期せずして(予め示し合せることなく)出会う、思い掛けず出合う、同「遇」。",偶 → JPDB Kanji Freq: 1243,漢字の読みを入力してください,Text
__霧__，__霧__雨，朝__霧__,きり,"［霧］四級
音: ブ／ム 訓: きり
意味: 地表付近で空気中の水蒸気が凝結し無数の小さな水滴となって浮かんでいるもの、気象学上では視程が1km以下のもの、1km以上10km未満のものは「靄(もや)」、同「雺」{霧}。
霞(かす)んでいるさま、見通しが悪いさま。
薄暗いさま、薄暗くぼんやりしているさま、同「霿」「雺」。",霧 → JPDB Kanji Freq: 1242,漢字の読みを入力してください,Text
__糸__，__糸__目，毛__糸__,いと,"［糸］十級
音: シ／ベキ／ミャク 訓: いと
意味: 蚕(かいこ)の繭(まゆ)から取り出した繊維(、忽(コツ)という)五本を縒(よ)ったもの、十本を縒ったものが、絲(シ)、中国で「縫物などに使う糸」をいう場合は、线(セン)(線)」、丝(シ)(絲)」を用いる。
綿などの繊維を縒ったもの、同「絲」
細い、細く長い、細く長く繋(つな)がる、同「絲」
弦楽器、またその弦、同「絲」。
数の単位、1毫(毛)=10糸(絲)、1糸(絲)=10忽=10-4{数字}。
いと、部首名。",糸 → JPDB Kanji Freq: 1241,漢字の読みを入力してください,Text
__喚__く,わめ,"［喚］三級
音: カン 訓: よ・ぶ／わめ・く
意味: 呼ぶ、大声で呼ぶ。
わめ・く、大声で叫ぶ。",喚 → JPDB Kanji Freq: 1240,漢字の読みを入力してください,Text
__幾__つ，__幾__ら，__幾__日,いく,"［幾］四級
音: キ／ケ 訓: いく／いく・つ／いく・らか
意味: 微(かす)か、僅(わず)か。
殆(ほとん)ど、数や程度などがほぼ等しい(それに近い)、今にも、もう少しで、もう少しのところで、同「𧰙」「危」。
いく・つ、どれ程、何度か、数や回数などが分からないがあまり多くないさまを指す、同簡「几」。",幾 → JPDB Kanji Freq: 1238,漢字の読みを入力してください,Text
"__請__う
〔文〕ほしいと言う。たのむ。
「教えを━・助力を━」
〔音便の形は「請うた」 「請うて」〕",こ,"［請］三級
音: セイ／ショウ／シン 訓: こ・う／う・ける
意味: 乞(こ)う、頼む、頼みごとをする、君主や神仏などにお願いする。
どうか(～して下さい)。
招く、招きに応(こた)えて来てくれた人を大切にもてなす。
依頼を受ける、頼みごとに応える。",請 → JPDB Kanji Freq: 1237,漢字の読みを入力してください,Text
__請__ける，__請__負，下__請__け,う,"［請］三級
音: セイ／ショウ／シン 訓: こ・う／う・ける
意味: 乞(こ)う、頼む、頼みごとをする、君主や神仏などにお願いする。
どうか(～して下さい)。
招く、招きに応(こた)えて来てくれた人を大切にもてなす。
依頼を受ける、頼みごとに応える。",請 → JPDB Kanji Freq: 1237,漢字の読みを入力してください,Text
__誇__る，__誇__り，__誇__らしい,ほこ,"［誇］四級
音: カ／ケ／コ 訓: ほこ・る／ほこ・り
意味: 話は大きく派手だが中身がないさま、話が大袈裟なさま、同簡「夸」。
日ほこ・り、自らの誉れとすること。",誇 → JPDB Kanji Freq: 1236,漢字の読みを入力してください,Text
__唯__さえ，__唯__でさえ，__唯__に,ただ,"［唯］凖二級
音: イ／ユイ 訓: ただ
意味: 只ただ、ただ～だけ。
ただひたすら。
呼び掛け・問い掛けや指示・命令などに対する「はい」という応答、敬(うやま)い慎(つつし)んで間髪を入れずに応(こた)えるさまを指す、同意・承知の「はい」は、諾(ダク)。",唯 → JPDB Kanji Freq: 1235,漢字の読みを入力してください,Text
__祈__る，__祈__り,いの,"［祈］四級
音: キ／ゲ／ギ 訓: いの・る
意味: 天や神仏に望みが叶うようにと、また幸せになれるようにと願い求める。",祈 → JPDB Kanji Freq: 1233,漢字の読みを入力してください,Text
__漫__ろ，__漫__ろ歩く,そぞ,"［漫］四級
音: バン／マン 訓: そぞ・ろ／みだり
意味: 水が満ちる、水が一面に広がる、同「澫」「𣸞」。
だらだらとどこまでも続く。
だらだらする、怠(なま)ける。
そぞ・ろ、気儘(きまま)なさま、自らの拘(こだわ)りもなく他から制約を受けることもないさま。",漫 → JPDB Kanji Freq: 1230,漢字の読みを入力してください,Text
__滑__らかだ,なめ,"［滑］三級
音: カツ／ゲチ／コツ／コチ 訓: すべ・る／なめ・らか／ぬめ・る
意味: 凹凸がなくつるつるしている、すべすべしている、ざらざらとしていない。
狡(ずる)い、すばしこい(すばしっこい)、するりと身を躱(かわ)してうまく逃(のが)れる、狡賢(ずるがしこ)い、狡猾(コウカツ)、同、狡獪(コウカイ)、同「猾」。
乱す、掻(か)き乱す、ごちゃごちゃさせる、同「猾」。
滑稽(コッケイ)流れるようによく喋(しゃべ)る面白おかしいさま。
滑石(カッセキ)、薬として利用される鉱物、英名タルクtalc、同「磆石」。",滑 → JPDB Kanji Freq: 1228,漢字の読みを入力してください,Text
__滑__る，__滑__り,すべ,"［滑］三級
音: カツ／ゲチ／コツ／コチ 訓: すべ・る／なめ・らか／ぬめ・る
意味: 凹凸がなくつるつるしている、すべすべしている、ざらざらとしていない。
狡(ずる)い、すばしこい(すばしっこい)、するりと身を躱(かわ)してうまく逃(のが)れる、狡賢(ずるがしこ)い、狡猾(コウカツ)、同、狡獪(コウカイ)、同「猾」。
乱す、掻(か)き乱す、ごちゃごちゃさせる、同「猾」。
滑稽(コッケイ)流れるようによく喋(しゃべ)る面白おかしいさま。
滑石(カッセキ)、薬として利用される鉱物、英名タルクtalc、同「磆石」。",滑 → JPDB Kanji Freq: 1228,漢字の読みを入力してください,Text
"__滑__る
〘五自〙濡れてぬるぬるとすべる。ぬらぬらする。",ぬめ,"［滑］三級
音: カツ／ゲチ／コツ／コチ 訓: すべ・る／なめ・らか／ぬめ・る
意味: 凹凸がなくつるつるしている、すべすべしている、ざらざらとしていない。
狡(ずる)い、すばしこい(すばしっこい)、するりと身を躱(かわ)してうまく逃(のが)れる、狡賢(ずるがしこ)い、狡猾(コウカツ)、同、狡獪(コウカイ)、同「猾」。
乱す、掻(か)き乱す、ごちゃごちゃさせる、同「猾」。
滑稽(コッケイ)流れるようによく喋(しゃべ)る面白おかしいさま。
滑石(カッセキ)、薬として利用される鉱物、英名タルクtalc、同「磆石」。",滑 → JPDB Kanji Freq: 1228,漢字の読みを入力してください,Text
__脅__かす「首位の座を━かす」「平和を━かす」,おびや,"［脅］三級
音: キョウ／コウ 訓: おど・す／おど・かす／おび・える／おびや・かす
意味: 脇(わき)、胸の両側面の部分、上腕を垂らしたときに体の側面と合わさる部分、同「脇」「䏩」{人体(胴部)}。
両側からぐっと押え付ける、力で押え付けて迫る、また恐れさせる、威嚇イカクする、同「愶」、脅迫(キョウハク)。
(威嚇するように両肩を)聳(そび)やかす。
怯(おび)える、懼(おそ)れる、同「愶」。",脅 → JPDB Kanji Freq: 1226,漢字の読みを入力してください,Text
__脅__す，__脅__し，__脅__し文句，__脅__かす,おど,"［脅］三級
音: キョウ／コウ 訓: おど・す／おど・かす／おび・える／おびや・かす
意味: 脇(わき)、胸の両側面の部分、上腕を垂らしたときに体の側面と合わさる部分、同「脇」「䏩」{人体(胴部)}。
両側からぐっと押え付ける、力で押え付けて迫る、また恐れさせる、威嚇イカクする、同「愶」、脅迫(キョウハク)。
(威嚇するように両肩を)聳(そび)やかす。
怯(おび)える、懼(おそ)れる、同「愶」。",脅 → JPDB Kanji Freq: 1226,漢字の読みを入力してください,Text
__喉__，__喉__元,のど,"［喉］二級
音: コウ／グ 訓: のど
意味: のど、咽イン(口の奥から食道の入口までの部分)の途中から分かれて気管に通じる部分、総称して、咽喉(インコウ)。",喉 → JPDB Kanji Freq: 1225,漢字の読みを入力してください,Text
"__宣__う
①〔文〕「言う」の尊敬語。おっしゃる。
「わが師の━には…」
②「言う」の、皮肉やからかいをこめた言い方。
「むすこは平然とそうのたまった」",のたま,"［宣］五級
音: セン 訓: の・べる／のたま・う
意味: (天子の住む)宮殿の大きな部屋。
天子の意思や命令、またそれを広く知らしめる、宣旨(センジ)
広く伝える、広く知らせる
広める、広がる、広く漏れなく行き渡らせる、広く行き渡る。",宣 → JPDB Kanji Freq: 1224,漢字の読みを入力してください,Text
__梅__，__梅__見，__梅__酒,うめ,"［梅］七級
音: バイ／マイ／メ 訓: うめ
意味: 梅(ウメ)、バラ科サクラ属の木、またその実{ウメ}。",梅 → JPDB Kanji Freq: 1222,漢字の読みを入力してください,Text
__緑__，薄__緑__,みどり,"［緑］八級
音: リョク／ロク 訓: みどり
意味: 青に黄が混じった色、草木の葉の色。
澄んだ水の深みのような濃い青色。
黒に近い深く濃い青色。",緑 → JPDB Kanji Freq: 1221,漢字の読みを入力してください,Text
__濃__い，__濃__さ,こ,"［濃］四級
音: ジョウ／ニュウ／ドウ／ノウ 訓: こ・い
意味: 露(つゆ)や霧(きり)などの水滴が多いさま、濃濃(ノウノウ)、同「𩅽」。
味や色などが深い。
密度が高い。
淡くない、薄くない。",濃 → JPDB Kanji Freq: 1220,漢字の読みを入力してください,Text
__創__る,つく,"［創］五級
音: ソウ／ショウ 訓: はじ・める
意味: 傷きず、切り傷、同「瘡」。
傷付ける、刃物で切り込みを入れる、彫(ほ)る、彫り込む、同「𠛂」。
(まず刃物で切り込みを入れるところから始めるの意で)仕事をし始める、ものを作り(造り)始める、同「刱」。
新たに作る、初めて作り出す。",創 → JPDB Kanji Freq: 1219,漢字の読みを入力してください,Text
__拾__う，__拾__い物,ひろ,"［拾］八級
音: シュウ／ジュウ 訓: ひろ・う
意味: 落ちているもの(放置されてそのままになっているもの)を手で取る、また手に取って持ち上げる。
集める、集めて手に収める。
数の十、「十」の大写字(「一」は「壹」・「二」は「貳」のような大文字のこと){数字}。
弓籠手ゆごて、弾いた弓の弦(つる)が当たって傷付かないように腕に着(つ)ける革製の防具、同「韝」。",拾 → JPDB Kanji Freq: 1218,漢字の読みを入力してください,Text
__遭__う,あ,"［遭］三級
音: ソウ 訓: あ・う
意味: (人や事態に)出会(でくわ)す、出合う、巡(めぐ)り合う、遭遇(ソウグウ)、同「傮」。
周(めぐ)る、一回(ひとまわ)りする、周(まわ)りをぐるりと囲む、取り囲む。",遭 → JPDB Kanji Freq: 1217,漢字の読みを入力してください,Text
"__績__む
〔古風〕麻・苧麻などの繊維をより合わせて糸にする。糸をよる。
「麻を績む」",う,"［績］六級
音: セキ／シャク 訓: う・む
意味: う・む、麻や綿などの短い繊維や生糸を継(つ)ぎながら撚(よ)って糸にする。
(細かいことを一つ一つ継ぎながら)積み重ねてきたことの結果、成果、同「勣」。
優れた働き、功績。",績 → JPDB Kanji Freq: 1216,漢字の読みを入力してください,Text
__採__る,と,"［採］六級
音: サイ 訓: と・る
意味: 指先で摘(つま)み取る、選び取る、同簡「采」。
燃料にする小さい木、大きいものは「薪」。",採 → JPDB Kanji Freq: 1215,漢字の読みを入力してください,Text
__易__しい，__易__しさ,やさ,"［易］六級
音: エキ／ヤク／イ 訓: やさ・しい／やす・い
意味: 換(か)える、替(か)える、代(か)える、交換する。
占いの書、また占いの法、爻(コウ)と呼ばれる「陽と「陰」の並びを換えながら組み合わせた「八卦」「六十四卦」で事象を占うことから。
平らな、平穏で和(なご)やかな
平らで障害も抵抗もない、簡単な、難(むずか)しくない
軽(かろ)んずる。",易 → JPDB Kanji Freq: 1214,漢字の読みを入力してください,Text
__易__い,やす,"［易］六級
音: エキ／ヤク／イ 訓: やさ・しい／やす・い
意味: 換(か)える、替(か)える、代(か)える、交換する。
占いの書、また占いの法、爻(コウ)と呼ばれる「陽と「陰」の並びを換えながら組み合わせた「八卦」「六十四卦」で事象を占うことから。
平らな、平穏で和(なご)やかな
平らで障害も抵抗もない、簡単な、難(むずか)しくない
軽(かろ)んずる。",易 → JPDB Kanji Freq: 1214,漢字の読みを入力してください,Text
__煙__る，煙，__煙__い，__煙__たい，__煙__たがる,けむ,"［煙］四級
音: エン 訓: けむり／けむ・る
意味: ものが燃える時に発生する気体や微粒子。
煤すす、煙の粒子が飛散せずに黒く溜(た)まったもの。
空中を大量の微粒子が浮遊することによって霞(かす)むさま、またぼんやりするさま。
アヘン阿片・鴉片・大煙、ケシ芥子・罌粟の実から作られるモルヒネmorphineなどを含む薬物(麻薬)。",煙 → JPDB Kanji Freq: 1212,漢字の読みを入力してください,Text
__針__，__針__金,はり,"［針］五級
音: シン 訓: はり
意味: 裁縫などに使う細長く先が尖ったもの。
鍼(はり)治療などに使う細長い道具、針状のものや細長いメス状のものなどがある、同「鍼」。
(針のように)細長く先の尖ったもの。",針 → JPDB Kanji Freq: 1211,漢字の読みを入力してください,Text
__趣__く，(__趣__き（⚠），__趣__（★）),おもむ,"［趣］四級
音: シュ／ス／ショク／ソク 訓: おもむ・く／おもむき
意味: おもむ・く、足早あしばや(「歩」よりは速く「走」よりは遅い速さ)に行く、さっさっと(すたすたと)行く、急いで行く、同「趨」「趍」。
急がせる、促(うなが)す。
おもむき、目指す方向、目指すところ、意図するところ。
目を向ける、関心を向ける。
(人に目や関心を向けさせる)面白さ、面白み。",趣 → JPDB Kanji Freq: 1210,漢字の読みを入力してください,Text
__鋭__い，__鋭__さ,するど,"［鋭］四級
音: エイ 訓: するど・い
意味: 先端に近くなるほど細く尖(とが)るさま。
突き出ているさま、抜きん出ているさま。
動きが素早いさま、反応が速いさま。",鋭 → JPDB Kanji Freq: 1209,漢字の読みを入力してください,Text
__鮮__やかだ,あざ,"［鮮］四級
音: セン 訓: あざ・やか
意味: 新たに捌いたばかりの魚や肉。
新しく瑞々(みずみず)しいさま、艶々(つやつや)として干乾(ひから)びたり腐ったりしていないさま。
くすみや汚(けが)れがないさま、他とは明らかに違ってはっきりしているさま。
稀な、極めて少ない、同「尟」。",鮮 → JPDB Kanji Freq: 1208,漢字の読みを入力してください,Text
__双__子，__双__葉,ふた,"［双］三級
音: ソウ 訓: ふた
意味: 対ツイ、二つで一組になるものまたそれが並んでいるさま。
対になるもの(対になって用をなすもの)を数える語。",双 → JPDB Kanji Freq: 1207,漢字の読みを入力してください,Text
__眉__毛,まゆ,"［眉］二級
音: ビ／ミ 訓: まゆ
意味: 目の上の弓状に僅かに飛び出た部分に生える毛、同「𣮮」{毛(頭部)}。
(眉のように)隆起したところ。
(眉のような)細い弓状の形、眉月(ビゲツ)(眉のように細い弓状の月、新月)」。
ものの上端、、書眉(ショビ)(ページの上部の余白)」。
老(お)いる、、眉壽(ビジュ)(長寿)」。",眉 → JPDB Kanji Freq: 1205,漢字の読みを入力してください,Text
数__匹__,ひき,"［匹］四級
音: ヒツ／ヒチ／ヒキ 訓: 
意味: 一対ツイになる、二つで一組になる。
対になること、互いに釣り合いが取れること、匹敵(ヒッテキ)(釣り合うこと、対等であること、またその相手)」。
匹配(ヒッパイ)対になること、釣り合いが取れるように互いを組み合わせる(結び付ける)こと夫婦になること。
一対になるものの片方、相手。
匹夫・匹婦(ヒップ)一人の男性、女性一般の(庶民の)男性、女性。
動物を数える言葉、同「疋」。
布の長さの単位、1匹=4丈。",匹 → JPDB Kanji Freq: 1202,漢字の読みを入力してください,Text
__灯__る，__灯__す,とも,"［灯］七級
音: テイ／チョウ／トウ 訓: ともしび／あかし／あかり／ひ
意味: 火、烈(はげ)しく燃える火。
高く掲げ暗闇を照らす明かり、明かりを灯(とも)すため照明具、同繁「燈」、本来「灯」には「明かり(燈)」の意はなく「火、烈火」の意だったが、古くから「燈」の俗用字として用いられ今に至っている{什器(照明具)}。",灯 → JPDB Kanji Freq: 1200,漢字の読みを入力してください,Text
__灯__，__灯__の海，__灯__が入る，__灯__を消す，__灯__を絶やす,ひ,"［灯］七級
音: テイ／チョウ／トウ 訓: ともしび／あかし／あかり／ひ
意味: 火、烈(はげ)しく燃える火。
高く掲げ暗闇を照らす明かり、明かりを灯(とも)すため照明具、同繁「燈」、本来「灯」には「明かり(燈)」の意はなく「火、烈火」の意だったが、古くから「燈」の俗用字として用いられ今に至っている{什器(照明具)}。",灯 → JPDB Kanji Freq: 1200,漢字の読みを入力してください,Text
__刃__，__刃__物，両__刃__,は,"［刃］凖二級
音: ジン／ニン 訓: は／やいば
意味: 剣(つるぎ、両刃のまっすぐな刀)や刀(かたな、片刃の刃物)などの物を切る鋭く研(と)がれた部分{武器(刀剣槍)}。
剣や刀で切る、自刃(ジジン)(自らが自らを切ること)」。",刃 → JPDB Kanji Freq: 1199,漢字の読みを入力してください,Text
鬼滅の__刃__,やいば,"［刃］凖二級
音: ジン／ニン 訓: は／やいば
意味: 剣(つるぎ、両刃のまっすぐな刀)や刀(かたな、片刃の刃物)などの物を切る鋭く研(と)がれた部分{武器(刀剣槍)}。
剣や刀で切る、自刃(ジジン)(自らが自らを切ること)」。",刃 → JPDB Kanji Freq: 1199,漢字の読みを入力してください,Text
__膝__，__膝__頭,ひざ,"［膝］二級
音: シツ／シチ 訓: ひざ
意味: 足の大腿ダイタイ(腰の下から膝までの部分)と小腿ショウタイ(膝から足首までの部分)を繋ぐ関節の部分{人体(下肢)}。",膝 → JPDB Kanji Freq: 1198,漢字の読みを入力してください,Text
__努__める，__努__めて〔副〕,つと,"［努］七級
音: ド／ヌ 訓: つと・める／つと・めて
意味: つと・める、力を尽くす、勉(つと)める。
突き出るさま、突出するさま。
永字八法の一つ、縦画の書き方、「弩」ともいう、現代中国では「竪(しゅ)」{永字八法}。
日つと・めて、何とかして、できるだけ。",努 → JPDB Kanji Freq: 1197,漢字の読みを入力してください,Text
"__努__々
（あとに禁止の語を伴って）決して決して。断じて。
「―忘れるな」
（あとに打ち消しの語を伴って）少しも。全く。
「―思わなかった」",ゆめ,"［努］七級
音: ド／ヌ 訓: つと・める／つと・めて
意味: つと・める、力を尽くす、勉(つと)める。
突き出るさま、突出するさま。
永字八法の一つ、縦画の書き方、「弩」ともいう、現代中国では「竪(しゅ)」{永字八法}。
日つと・めて、何とかして、できるだけ。",努 → JPDB Kanji Freq: 1197,漢字の読みを入力してください,Text
__池__，古__池__,いけ,"［池］九級
音: チ／ジ 訓: いけ
意味: 水を引き入れるための水路、また水を引き入れて溜(た)めておくところ、水溜め(みずため)。
城市ジョウシ(城壁で囲まれた町)の外側に巡(めぐ)らせた水堀(みずぼり)、空堀(からぼり)は「隍」",池 → JPDB Kanji Freq: 1196,漢字の読みを入力してください,Text
__踊__る，__踊__り,おど,"［踊］四級
音: ヨウ／ユ／ユウ 訓: おど・る
意味: 足を屈し地を「とん」と蹴(け)り足を伸ばして飛び上がる、躍(おど)り上がる、低く飛び同じところに降りることをいう。
跳(は)ね上がる、上に向かって跳ぶ
日歌や曲に合わせて舞う",踊 → JPDB Kanji Freq: 1195,漢字の読みを入力してください,Text
__硬__い，__硬__さ,かた,"［硬］三級
音: ゴウ／ギョウ／コウ 訓: かた・い
意味: ごつごつ(ごわごわ)としている、強(こわ)い、軟(やわ)らかさがない。",硬 → JPDB Kanji Freq: 1194,漢字の読みを入力してください,Text
__植__える，__植__木，__植__わる,"う,うえ","［植］八級
音: ショク／ジキ 訓: う・える
意味: 草木の根を土中に埋めて茎ケイ(くき)や幹カン(みき)の部分をまっすぐに立たせる。
まっすぐに立てる、しっかりと立てる、しっかりと据(す)える、同「樹」「置」。
地中に根を張り地上に茎や幹枝カンシ(幹と枝)を伸ばすもの、植物(ショクブツ)。
根を張る、定着する、定住する。",植 → JPDB Kanji Freq: 1193,漢字の読みを入力してください,Text
__招__く，__招__き,まね,"［招］六級
音: ショウ 訓: まね・く
意味: (こっちへおいでというように)手を振って人を呼び寄せる、声を掛けて呼び寄せるのは「召」。
礼を尽くして人を自分のところに呼び寄せる。
自分のところに呼び寄せる。",招 → JPDB Kanji Freq: 1192,漢字の読みを入力してください,Text
__昇__る,のぼ,"［昇］三級
音: ショウ 訓: のぼ・る
意味: 太陽が上がる。
上の方向に行く、同「升」、一般に浮くようにして上がることを指し、足掛りなどを踏みながら上がるのは「登」。",昇 → JPDB Kanji Freq: 1190,漢字の読みを入力してください,Text
__厚__い，__厚__み,あつ,"［厚］六級
音: コウ／グ 訓: あつ・い
意味: 平らで広がりのあるものの表面から裏面まで(前面から背面まで)の距離が大きい、またその大きさ。
深みがある、濃い。
重い、重みがある。
心配りが行き届いているさま、丁重テイチョウ、丁寧(テイネイ)なさま。",厚 → JPDB Kanji Freq: 1188,漢字の読みを入力してください,Text
"__揮__う
思いのままに使う。
「筆を━・熱弁を━・権力を━・暴力を━」",ふる,"［揮］五級
音: キ 訓: ふる・う
意味: (手や旗を)右に左に振る、振り回す、同「㩣」。
(手や旗を)振って指図(さしず)する、指示する、合図する、指揮(シキ)、同「撝」。
(ぱっと)手を振って拭い落とす、また撒(ま)き散らす、発散する、発揮(ハッキ)。",揮 → JPDB Kanji Freq: 1187,漢字の読みを入力してください,Text
__愚__かだ，__愚__かしい,おろ,"［愚］三級
音: グ 訓: おろ・か
意味: 智慧チエが身に付いていない、頭の働きや反応が鈍(にぶ)い、またそのような人。
自分や自分に関することを言う語の頭に付けて謙遜の意味を表す、相手に対する敬称は「賢」、自分の弟を、愚弟(グテイ)、相手の弟を、賢弟(ケンテイ)と言うなど。",愚 → JPDB Kanji Freq: 1186,漢字の読みを入力してください,Text
__奮__う，__奮__い立つ，__奮__って〔副〕,ふる,"［奮］五級
音: フン 訓: ふる・う
意味: 鳥が翼を大きく羽撃(はばた)かせて飛び立つ、力強く飛ぶ、同「翬」「奞」。
(鳥が飛び立つために翼を)震(ふる)わせる、(力強く立ち上がるために気持ちを)揺(ゆ)さぶり動かす。
(鳥が翼を小さく羽搏かせながら力を溜め、ぐいと飛び立つように)力や気力を溜(た)めてすっくと立つ、力強く立ち上がる。
力強いさま。
簡「奋」。",奮 → JPDB Kanji Freq: 1185,漢字の読みを入力してください,Text
__躍__る，__躍__り上がる,おど,"［躍］四級
音: ヤク 訓: おど・る
意味: 高く飛び上がり離れたところに降りる、高く跳(は)ね上がる、低く飛び上がり同じところに降りるのは「踊」。
飛び跳ねるようにして走る",躍 → JPDB Kanji Freq: 1184,漢字の読みを入力してください,Text
"__秀__でる
〔文〕①すぐれる。ぬきんでる。
「語学に━・秀でた才能」
②強く印象づけられる。
「まゆが━」",ひい,"［秀］四級
音: シュウ／シュ 訓: ひい・でる
意味: 穀物の穂(ほ)、穂が出て花が咲く。
草木が盛んに伸び育つ。
伸び出る、突出する、群を抜く。
他よりも優(すぐ)れているさま、ひときわ美しいさま。",秀 → JPDB Kanji Freq: 1183,漢字の読みを入力してください,Text
__災__い,わざわ,"［災］六級
音: サイ 訓: わざわ・い
意味: 大雨・洪水・旱(ひでり)・大風や地震・火事・疫病など天が齎(もたら)す禍(わざわい)。
人に困難や不幸を齎す出来事。",災 → JPDB Kanji Freq: 1181,漢字の読みを入力してください,Text
__憎__らしい，__憎__む，__憎__しみ，__憎__い，__憎__さ,にく,"［憎］三級
音: ソウ／ゾウ 訓: にく・む／にく・い／にく・しみ／にく・らしい
意味: 嫌悪感ケンオカンや反感ハンカンを抱(いだ)く、嫌(きら)う。",憎 → JPDB Kanji Freq: 1180,漢字の読みを入力してください,Text
__訴__える，__訴__え,うった,"［訴］四級
音: ソ／ス 訓: うった・える
意味: 告げる、述べる。
告訴(コクソ)事情や状態を人に告げる不当・不正なことについて上に申し出て解決・是正を求める。",訴 → JPDB Kanji Freq: 1179,漢字の読みを入力してください,Text
"__催__す，__催__し
__催__い，__催__う
① 準備をすること。用意を整えること。多く、名詞の下に付けて用いる。「船催い」","もよお,もよ","［催］三級
音: サイ／セ 訓: もよお・す／もよお・し
意味: 促(うなが)す、急(せ)き立てる、催促(サイソク)。
急(せ)かされる、急き立てられる。
日もよお・す、行事などを準備し執(と)り行う。",催 → JPDB Kanji Freq: 1178,漢字の読みを入力してください,Text
__仰__せ,おお,"［仰］四級
音: ギョウ／ゴウ／コウ 訓: あお・ぐ／おお・せ
意味: 顔を上に向ける、高いところにあるものの方に顔を向ける、同「卬」。
慕(した)い敬(うやま)う。
頼(たよ)る。
下位の人が高位の人から受けるお言葉やご指示。
偃仰(エンギョウ)体を横たえたり起き上がったりすること、横になりたければ横になり起きたくなれば起きること世の変化・変動に任(まか)せて、それに従うさま同、偃佒(エンヨウ)。",仰 → JPDB Kanji Freq: 1176,漢字の読みを入力してください,Text
__仰__ぐ,あお,"［仰］四級
音: ギョウ／ゴウ／コウ 訓: あお・ぐ／おお・せ
意味: 顔を上に向ける、高いところにあるものの方に顔を向ける、同「卬」。
慕(した)い敬(うやま)う。
頼(たよ)る。
下位の人が高位の人から受けるお言葉やご指示。
偃仰(エンギョウ)体を横たえたり起き上がったりすること、横になりたければ横になり起きたくなれば起きること世の変化・変動に任(まか)せて、それに従うさま同、偃佒(エンヨウ)。",仰 → JPDB Kanji Freq: 1176,漢字の読みを入力してください,Text
__仰__け反る,の,"［仰］四級
音: ギョウ／ゴウ／コウ 訓: あお・ぐ／おお・せ
意味: 顔を上に向ける、高いところにあるものの方に顔を向ける、同「卬」。
慕(した)い敬(うやま)う。
頼(たよ)る。
下位の人が高位の人から受けるお言葉やご指示。
偃仰(エンギョウ)体を横たえたり起き上がったりすること、横になりたければ横になり起きたくなれば起きること世の変化・変動に任(まか)せて、それに従うさま同、偃佒(エンヨウ)。",仰 → JPDB Kanji Freq: 1176,漢字の読みを入力してください,Text
__抑__・抑々,そもそも,"［仰］四級
音: ギョウ／ゴウ／コウ 訓: あお・ぐ／おお・せ
意味: 顔を上に向ける、高いところにあるものの方に顔を向ける、同「卬」。
慕(した)い敬(うやま)う。
頼(たよ)る。
下位の人が高位の人から受けるお言葉やご指示。
偃仰(エンギョウ)体を横たえたり起き上がったりすること、横になりたければ横になり起きたくなれば起きること世の変化・変動に任(まか)せて、それに従うさま同、偃佒(エンヨウ)。",仰 → JPDB Kanji Freq: 1176,漢字の読みを入力してください,Text
__抑__える，__抑__え,おさ,"［抑］三級
音: ヨク／オク 訓: おさ・える／そも／そもそも
意味: おさ・える、上から下の方向に押さえ付ける、押え付けて立ったり起きたり(上の方に向かう動作)や目立ったり激しい動作をしないようにする。
そもそも、文中に置いてそれまでの話を終わり(抑えて)新たな話を始める際に用いる語。
そもそも、(そういう考えもあるが、そうではなくて)本来は。",抑 → JPDB Kanji Freq: 1175,漢字の読みを入力してください,Text
__麻__，__麻__のごとく乱れる,あさ,"［麻］凖二級
音: バ／メ／マ 訓: あさ
意味: 麻(アサ)、アサ科アサ属の草、また同科同属の植物の称{アサ}。
苧麻(チョマ)、亜麻(アマ)、大麻(タイマ)など繊維を採(と)る植物の総称。
、胡麻(ゴマ)、ゴマ科ゴマ属の草、また同科同属の植物の称、種を搾り油を採る{ゴマ}。
痺(しび)れる、感覚が鈍くなる、或いはなくなる、、麻痺(マヒ)。
天子の綸旨リンジ、詔書ショウショ、唐代(618年～907年)に詔書・勅書に麻(アサ)で漉(す)いた紙が用いられたことから。
あさ、あさかんむり、部首名",麻 → JPDB Kanji Freq: 1173,漢字の読みを入力してください,Text
__恵__む，__恵__み,めぐ,"［恵］四級
音: ケイ／エ 訓: めぐ・む
意味: 慈(いつく)しみの心を持って金品を与える、相手に対し思いやりの気持ちを持って接する、恩惠(オンケイ)、惠風(ケイフウ)(恵みの風、穏おだやかで暖かい風)」。
聡明ソウメイなさま、、知惠・智慧(チケイ・チエ)。",恵 → JPDB Kanji Freq: 1172,漢字の読みを入力してください,Text
独り__善__がり，__善__い,よ,"［善］五級
音: セン／ゼン 訓: よ・い
意味: (形・容姿・味・状態・関係・行為・技量などが)良い、優(すぐ)れている、美しい、立派である、好(この)ましい。
よくする、(時に、度々、何時も)よく～する。",善 → JPDB Kanji Freq: 1170,漢字の読みを入力してください,Text
__覆__る，__覆__す,くつがえ,"［覆］三級
音: フク 訓: くつがえ・す／くつがえ・る／おお・う
意味: 傾けて(倒して)逆にする、傾いて(倒れて)逆になる、ひっくり返す、ひっくり返る。
ものを伏せて被(かぶ)せる、また被さる。
元の位置や状態に戻す、また戻る、同「復」、同簡「复」。",覆 → JPDB Kanji Freq: 1169,漢字の読みを入力してください,Text
__覆__う，__覆__い,おお,"［覆］三級
音: フク 訓: くつがえ・す／くつがえ・る／おお・う
意味: 傾けて(倒して)逆にする、傾いて(倒れて)逆になる、ひっくり返す、ひっくり返る。
ものを伏せて被(かぶ)せる、また被さる。
元の位置や状態に戻す、また戻る、同「復」、同簡「复」。",覆 → JPDB Kanji Freq: 1169,漢字の読みを入力してください,Text
__占__う，__占__い,うらな,"［占］四級
音: セン 訓: うらな・う／し・める
意味: 卜(うらな)う、吉凶を予想する、同「卜」。
幾つかの選択肢の中から一つを決め選ぶ。
自分のものにする、占拠(センキョ)。",占 → JPDB Kanji Freq: 1168,漢字の読みを入力してください,Text
__占__める，買い__占__め,し,"［占］四級
音: セン 訓: うらな・う／し・める
意味: 卜(うらな)う、吉凶を予想する、同「卜」。
幾つかの選択肢の中から一つを決め選ぶ。
自分のものにする、占拠(センキョ)。",占 → JPDB Kanji Freq: 1168,漢字の読みを入力してください,Text
__蹴__る，__蹴__散らす,け,"［蹴］二級
音: シュク／スク／シュウ 訓: け・る
意味: 折った膝を勢いよく伸ばしたときの力で足をものに当て跳ね飛ばす。
踏む、踏み付ける。
追い掛ける、後を追う。
蹴蹴(シュクシュク)、畏(おそ)れてまた恐(おそ)れて身を縮める、同「蹙蹙」。
日け・る、拒絶する。",蹴 → JPDB Kanji Freq: 1165,漢字の読みを入力してください,Text
__飾__る，__飾__り,かざ,"［飾］四級
音: ショク／シキ 訓: かざ・る／かざ・り
意味: 表面(人の目に触れるところ)の汚れや不要なものを取り去って、また粗削りなところに手を加えて、美しくする、修飾(シュウショク)。
上から覆(おお)って美しく見せる、外見をよくする。",飾 → JPDB Kanji Freq: 1164,漢字の読みを入力してください,Text
__就__ける，__就__く,つ,"［就］五級
音: シュウ／ジュ 訓: つ・く／つ・いて
意味: つ・く、近くまで行く、近くに付いて従う。
物事に取り掛かるための位置につく、「就任」「就職」「就寝」など。
成る、成し遂げる。
日つ・いて、～に関して、即ち。",就 → JPDB Kanji Freq: 1163,漢字の読みを入力してください,Text
__挑__む,いど,"［挑］凖二級
音: チョウ／トウ 訓: いど・む
意味: 煽(あお)いで騒ぎや火などの勢いを大きくする。
焚(た)きつける、そうなるように仕向ける、唆(そそのか)してその気を起こさせる、挑動(チョウドウ)、同「誂」。
突き入れて穿(ほじく)る。
担(にな)う、棒に荷を掛けて担(かつ)ぐ。
選ぶ、選り分ける。",挑 → JPDB Kanji Freq: 1160,漢字の読みを入力してください,Text
"__看__る，__看__取る
そばにいて世話をする。「病人を看る」 「乳児を看る」 「老後の面倒を看る」",み,"［看］五級
音: カン 訓: み・る
意味: 目の上に掌(てのひら)を翳(かざ)して見る、また望む、同「𥉏」。
目を凝(こ)らして見る、
見守る、看病(カンビョウ)(病人を見守り世話をする)」。
見張る、、看守(カンシュ)(見張る、見張り番)」。
(声を出さずに)読む、、看經(カンケイ)(経文を黙読する)」。
～してみる。",看 → JPDB Kanji Freq: 1159,漢字の読みを入力してください,Text
__渋__る，__渋__い，__渋__さ，__渋__み，__渋__，__渋__紙,しぶ,"［渋］凖二級
音: ソウ／シュウ／ジュウ 訓: しぶ・る／しぶ・い／しぶ
意味: 流れては淀(よど)み流れては淀みする、滑(なめ)らかに進まない、すんなりといかない、同「歮」。
熟していないカキ柿(カキノキ科カキノキ属の木)の実の味、舌がざらざらするような感じの味、またその味がする。",渋 → JPDB Kanji Freq: 1158,漢字の読みを入力してください,Text
__敬__う,うやま,"［敬］五級
音: ケイ／キョウ 訓: うやま・う
意味: 心から大切に思う、相手を尊(とうと)び隅々まで心を配る、またそのように振る舞う、尊敬(ソンケイ)。",敬 → JPDB Kanji Freq: 1157,漢字の読みを入力してください,Text
__嫁__，花__嫁__,よめ,"［嫁］三級
音: カ／ケ 訓: よめ／とつ・ぐ
意味: 女性が自分の家を出て行く、女性が自家を出て結婚相手の男性の家に行く、またその女性。
損害や責任などを他人に押し付ける。
日よめ、息子の妻。",嫁 → JPDB Kanji Freq: 1155,漢字の読みを入力してください,Text
__嫁__ぐ，__嫁__ぎ先,とつ,"［嫁］三級
音: カ／ケ 訓: よめ／とつ・ぐ
意味: 女性が自分の家を出て行く、女性が自家を出て結婚相手の男性の家に行く、またその女性。
損害や責任などを他人に押し付ける。
日よめ、息子の妻。",嫁 → JPDB Kanji Freq: 1155,漢字の読みを入力してください,Text
__暑__い，__暑__さ,あつ,"［暑］八級
音: ショ 訓: あつ・い
意味: 太陽の熱によって気温が高くなる、またそのような季節、火によって温度が高くなるのは「熱」。",暑 → JPDB Kanji Freq: 1153,漢字の読みを入力してください,Text
__副__う，__副__える,そ,"［副］七級
音: フク 訓: そ・う／そ・える
意味: 主となるものの傍に寄り添う、付き添う。
主となるものに予備や補助などを目的として添える、補佐的な、二次的な、控え。
割(さ)く、二つに割く、同「疈」。",副 → JPDB Kanji Freq: 1151,漢字の読みを入力してください,Text
__契__る，__契__り,ちぎ,"［契］三級
音: ケイ／ケ／ケツ／ケチ／セツ／セチ／キツ 訓: ちぎ・る
意味: (札に)刀で文字などを刻(きざ)み込む、また彫(ほ)る、同「㓞」「栔」。
固い約束、重要な取り決め、「違(たが)えることがないように刻み込む」の意。
割符(わりふ、一枚の札に文字などを刻み込みこれを割って互いに持ち合うもの)、割符が合う、符合する。
殷(約前17世紀～約前11世紀)の始祖の名、同「偰」「禼」。
契丹(キッタン・キタイ)、4～10世紀頃に中国北部満州付近に居住していた民族の名、同「𢍆丹」{南北朝時代}、10～12世紀頃には国名を、遼(リョウ)と称した{宋代}。",契 → JPDB Kanji Freq: 1149,漢字の読みを入力してください,Text
__林__，松__林__,はやし,"［林］十級
音: リン 訓: はやし
意味: 木や竹が叢(むら)がって生えているところ。
同様のものがたくさん集まっているさま。
郊外(「野」という)の外側の地、都(みやこ)を囲む城壁の外に広がる地で都から百里以内の地を、郊(コウ)、その外を、野(ヤ)、その外を、林(リン)、その外を、冂(ケイ)といった。",林 → JPDB Kanji Freq: 1148,漢字の読みを入力してください,Text
"氷
①水がひえてかたまった、つめたいもの。
「━が張る・━詰(づ)め・━のような〔＝つめたい〕視線」",こおり,"［氷］八級
音: ヒョウ 訓: こおり／ひ
意味: 凍(こお)る、凍って固まる、同「仌」「冫」。
水が凍って固体になったもの。
(氷のように)透き通っているさま、また曇りや汚(けが)れがないさま。",氷 → JPDB Kanji Freq: 1147,漢字の読みを入力してください,Text
__氷__雨,ひ,"［氷］八級
音: ヒョウ 訓: こおり／ひ
意味: 凍(こお)る、凍って固まる、同「仌」「冫」。
水が凍って固体になったもの。
(氷のように)透き通っているさま、また曇りや汚(けが)れがないさま。",氷 → JPDB Kanji Freq: 1147,漢字の読みを入力してください,Text
__干__す，__干__し物,ほ,"［干］五級
音: カン 訓: ほ・す／ひ・る
意味: 他の領域に入り込む、侵(おか)す、犯(おか)す。
求める、欲しいものを得ようとする。
相手の攻撃を防ぐ、くい止める、盾(たて)となる、盾。
欄干(ランカン)、長い横木を渡した手摺てすり、同「欄杆」<。
物事の主要なまた重要な部分、同「幹」。
十干(ジッカン)(甲・乙・丙・丁・戊・己・庚・辛・壬・癸)」、「甲乙丙丁戊己庚辛壬癸」を指し、古来、順序や順位などを表す数詞として用いられた{十干}。
ほ・す、ひ・る、乾く、日差しに当たって水分が蒸発する、同「乾」。
繁「乾」。
かん、ほす、部首名。",干 → JPDB Kanji Freq: 1145,漢字の読みを入力してください,Text
__干__上がる，__干__物，潮__干__狩り，__干__る,ひ,"［干］五級
音: カン 訓: ほ・す／ひ・る
意味: 他の領域に入り込む、侵(おか)す、犯(おか)す。
求める、欲しいものを得ようとする。
相手の攻撃を防ぐ、くい止める、盾(たて)となる、盾。
欄干(ランカン)、長い横木を渡した手摺てすり、同「欄杆」<。
物事の主要なまた重要な部分、同「幹」。
十干(ジッカン)(甲・乙・丙・丁・戊・己・庚・辛・壬・癸)」、「甲乙丙丁戊己庚辛壬癸」を指し、古来、順序や順位などを表す数詞として用いられた{十干}。
ほ・す、ひ・る、乾く、日差しに当たって水分が蒸発する、同「乾」。
繁「乾」。
かん、ほす、部首名。",干 → JPDB Kanji Freq: 1145,漢字の読みを入力してください,Text
__偉__い，__偉__ぶる,えら,"［偉］四級
音: イ 訓: えら・い
意味: 並外れて大きいさま、大きくて立派なさま。
奇偉(キイ)、ひときわ大きいさま、また大きくて立派なさま。",偉 → JPDB Kanji Freq: 1144,漢字の読みを入力してください,Text
__稼__ぐ，__稼__ぎ,かせ,"［稼］凖二級
音: カ／ケ 訓: かせ・ぐ
意味: 穀物の種を蒔(ま)く。
穀物の実、穀物。
稼穡(カショウ)種を蒔き収穫すること農作業、農業。
日働いて収入(銭や物)を得る。",稼 → JPDB Kanji Freq: 1143,漢字の読みを入力してください,Text
__幻__，夢__幻__,まぼろし,"［幻］三級
音: カン／ゲン 訓: まぼろし
意味: 惑(まど)わす、迷わせ誤らせる。
まぼろし、実体がないのに、あるかのように見えるもの。",幻 → JPDB Kanji Freq: 1142,漢字の読みを入力してください,Text
__酔__う，__酔__い，二日__酔__い,よ,"［酔］三級
音: スイ 訓: よ・う／え・い
意味: 酒を適度に(心地よく酔う程度に)飲み楽しむ。
飲み潰れる、(酒を飲んで)正常な認識や判断ができなくなる
物事に夢中になる、のめり込む
酒に漬ける、また酒漬けにしたもの、同「酻」。",酔 → JPDB Kanji Freq: 1141,漢字の読みを入力してください,Text
"__隙__間
①細くあいだがあいている部分。透いている部分。
「━だらけの家」
②あいた時間。ひま。
「勉強の━をみて手伝う・━時間の活用」",すき,"［隙］二級
音: ケキ／キャク／ゲキ 訓: ひま／すき
意味: 壁や塀などの内と外・こちらとむこうを隔(へだ)てているものに空(あ)いた孔(あな)や裂(さ)け目、空隙(クウゲキ)、間隙(カンゲキ)、同「䧍」「𧯈」「𡭴」。
ものとものとの間(あいだ)、所(ところ、場所・位置など)と所の間、時(とき、時間・時期・機会など)と時の間、事(こと、動作・現象・状態など形のないもの)と事の間、人と人・国と国などの間隔カンカク、またそこが空く、また間(ま、あいだ)が生じる。
(隙が生じて、亀裂が生じて)人と人・国と国などの関係が悪くなる。",隙 → JPDB Kanji Freq: 1140,漢字の読みを入力してください,Text
__透__ける，__透__く，__透__かす，__透__かし,す,"［透］四級
音: トウ／ツ 訓: す・ける／とお・る
意味: 物を通して、また隙間を通して向こう側が見える。
(向こう側へ)通り抜ける、突き抜ける。
跳(と)ぶ、跳び上がる。",透 → JPDB Kanji Freq: 1139,漢字の読みを入力してください,Text
__栄__える，__栄__え,さか,"［栄］七級
音: エイ／ヨウ 訓: さか・える／は・える
意味: 草木が盛んに茂る、花が華やかに咲き盛る。
繁盛する。
華やかなさま、目立つさま。
軒先(のきさき)の両端の反り上がった部分。
キリ(桐)、キリ科キリ属の木、また同科同属の木の総称{キリ}",栄 → JPDB Kanji Freq: 1136,漢字の読みを入力してください,Text
__栄__える，__栄__えある，見__栄__え，出来__栄__え,は,"［栄］七級
音: エイ／ヨウ 訓: さか・える／は・える
意味: 草木が盛んに茂る、花が華やかに咲き盛る。
繁盛する。
華やかなさま、目立つさま。
軒先(のきさき)の両端の反り上がった部分。
キリ(桐)、キリ科キリ属の木、また同科同属の木の総称{キリ}",栄 → JPDB Kanji Freq: 1136,漢字の読みを入力してください,Text
__延__べる，__延__べ，__延__びる，__延__ばす,の,"［延］五級
音: エン 訓: の・びる／の・ばす／の・べる
意味: 時間や道などが途切れずに遠くまで伸びている、また続いている。
長く(広く)引き伸ばす、また伸びる。
人を招(まね)く。",延 → JPDB Kanji Freq: 1135,漢字の読みを入力してください,Text
__損__ねる，__損__なう，見__損__なう,そこ,"［損］六級
音: ソン 訓: そこ・なう／そこ・ねる
意味: 減らす、失う、失シッする、欠ける、傷付ける、貶(おとし)める、貶(けな)す、価値が低下したり状態が悪化したりすることを指す。",損 → JPDB Kanji Freq: 1132,漢字の読みを入力してください,Text
__跳__ねる,は,"［跳］四級
音: チョウ／ジョウ 訓: と・ぶ／は・ねる
意味: 両足が地を離れるように高く飛び上がる。
地を蹴(け)って飛び上がり離れた場所に着地する。",跳 → JPDB Kanji Freq: 1131,漢字の読みを入力してください,Text
__跳__ぶ，縄__跳__び,と,"［跳］四級
音: チョウ／ジョウ 訓: と・ぶ／は・ねる
意味: 両足が地を離れるように高く飛び上がる。
地を蹴(け)って飛び上がり離れた場所に着地する。",跳 → JPDB Kanji Freq: 1131,漢字の読みを入力してください,Text
__偽__る，__偽__り,いつわ,"［偽］凖二級
音: ギ 訓: いつわ・る／にせ
意味: 本物・事実・現実であるかのように装(よそお)う。
上辺(うわべ)だけを取り繕う、見せ掛ける。
本物ではない、事実ではない、実際とは違う、嘘をつく。",偽 → JPDB Kanji Freq: 1130,漢字の読みを入力してください,Text
__偽__，__偽__物，__偽__札,にせ,"［偽］凖二級
音: ギ 訓: いつわ・る／にせ
意味: 本物・事実・現実であるかのように装(よそお)う。
上辺(うわべ)だけを取り繕う、見せ掛ける。
本物ではない、事実ではない、実際とは違う、嘘をつく。",偽 → JPDB Kanji Freq: 1130,漢字の読みを入力してください,Text
"__掃__く
ほうきなどを使って、ごみを取りのける。
「ゆかを━・落ち葉を━」",は,"［掃］三級
音: ソウ 訓: は・く／はら・う
意味: 箒(ほうき)などで埃(ほこり)や塵(ちり)などを払(はら)う、また払ってきれいにする、同「埽」。
払い除(の)ける。",掃 → JPDB Kanji Freq: 1128,漢字の読みを入力してください,Text
__酷__い,ひど,"［酷］凖二級
音: コク 訓: ひど・い／むご・い／むご・たらしい
意味: 酒の味や臭(にお)いが濃(こ)い、また強い。
度が過ぎる、甚(はなは)だしい、極(きわ)まる、惨(むご)い、惨たらしい。
厳(きび)しくする、厳しい仕打ち(しうち)をする、虐(しいた)げる。",酷 → JPDB Kanji Freq: 1127,漢字の読みを入力してください,Text
__即__ち,すなわ,"［即］四級
音: ショク／ソク 訓: すなわ・ち／つ・く
意味: すなわ・ち、～は(つまり、要するに)～。
すなわ・ち、～ならば(すぐに、直ちに)～、～すれば(すぐに、直ちに)～、同「則」。
ぴったりと付く、位置や位や職に就(つ)く。
もし～、もしも～。
たとえ～だとしても。",即 → JPDB Kanji Freq: 1126,漢字の読みを入力してください,Text
__雷__，__雷__を落とす,"かみなり,いかずち","［雷］四級
音: ライ 訓: かみなり／いかずち
意味: 雲の内部や雲と地表の間に発生する放電現象、それに伴う音や光{雷}。
大地や大気を激しく揺るがすような大きな音、またそのような音のするもの。",雷 → JPDB Kanji Freq: 1124,漢字の読みを入力してください,Text
__皮__，毛__皮__,かわ,"［皮］八級
音: ヒ／ビ 訓: かわ
意味: 体の表面を覆っている膜状のもの、動物の皮を剥いで平らに延ばし乾かしたりしたものは「革」、鞣(なめ)したものは「韋」。
物事の表面を覆っている膜状のもの。
かわ、ひのかわ、けがわ、部首名。",皮 → JPDB Kanji Freq: 1123,漢字の読みを入力してください,Text
__奏__でる,かな,"［奏］五級
音: ソウ／ス 訓: かな・でる
意味: 進める。
物を両手に持ち前に差し出す、物を両手に捧(ささ)げ持ち神や君主に差し上げる、進献シンケンする、同「𡲯」。
下位の者が上位の者に申し上げる、進言シンゲンする、上奏(ジョウソウ)、奏上(ソウジョウ)
かな・でる、楽器を鳴らす
結果が出る、結果が現れる。",奏 → JPDB Kanji Freq: 1122,漢字の読みを入力してください,Text
"__侵__す
①ほかの領分に、むりやりはいりこむ。
「国境を━〔＝こえて攻め入る〕・他国に市場を侵される」
②ほかのものの権利・権威をそこなう。
「プライバシーを━・司法の独立を━・人間の尊厳を━」",おか,"［侵］四級
音: シン 訓: おか・す
意味: 少しずつ(じわじわと)入り込む、また入ってくる、同「浸」。",侵 → JPDB Kanji Freq: 1120,漢字の読みを入力してください,Text
"__如__く
①たとえをあらわす。
「風の━（に）現れる・眠る（が）━死んだ・今さらの━おどろいた」
②例示をあらわす。
「東京、大阪の━人口の多い都市は」",ごと,"［如］三級
音: ジョ／ニョ 訓: ごと・く／し・く
意味: ごと・く、～のよう、～と程度や様子が同じよう、～と同じと言ってよい。
し・く、及ぶ、至る、届く、「同様、同程度」の意。",如 → JPDB Kanji Freq: 1119,漢字の読みを入力してください,Text
"__如__く
およぶ。匹敵する。下に打ち消しや反語を伴う。「これに―くものはなし」",し,"［如］三級
音: ジョ／ニョ 訓: ごと・く／し・く
意味: ごと・く、～のよう、～と程度や様子が同じよう、～と同じと言ってよい。
し・く、及ぶ、至る、届く、「同様、同程度」の意。",如 → JPDB Kanji Freq: 1119,漢字の読みを入力してください,Text
__眺__める，__眺__め,なが,"［眺］凖二級
音: チョウ 訓: なが・める
意味: 見渡す、右を左を近くを遠くを(広い範囲を)見る、同「覜」。",眺 → JPDB Kanji Freq: 1118,漢字の読みを入力してください,Text
__浴__びる，水__浴__び，__浴__びせる,あ,"［浴］七級
音: ヨク 訓: あ・びる／あ・びせる
意味: 上から水や湯を体に流し掛ける、水や湯で体を洗う、沐浴(モクヨク)(頭から水や湯を流し掛けて髪や体を洗うこと、身体を清めること)」。
体を水や湯の中に入れる。
身に(全身に)受ける、蒙(こうむ)る。",浴 → JPDB Kanji Freq: 1116,漢字の読みを入力してください,Text
__預__ける，__預__かる，__預__かり,あず,"［預］五級
音: ヨ 訓: あず・ける／あず・かる
意味: 予(あらかじ)め、前もって、同「予」「豫」。
関(かか)わる、関与カンヨする、同「与」「豫」。
日事前に金や物や人を渡しておく(或いは受け取っておく)、後でそのまま引き取る(或いは引き渡す)、或いは渡しておいたものの代わりにそれに見合うものを後で受け取る(或いは受け渡す)。",預 → JPDB Kanji Freq: 1115,漢字の読みを入力してください,Text
__瀬__，浅__瀬__，立つ__瀬__,せ,"［瀬］三級
音: ライ 訓: せ
意味: 水底に砂や石が堆積して浅くなったところ、「浅瀬(あさせ)」、同「磧」。
川や海の浅くなって流れが速いところ、「早瀬(はやせ)」、同「湍」。
日立場、場所。",瀬 → JPDB Kanji Freq: 1112,漢字の読みを入力してください,Text
"__豊__かだ
__豊__田","とよ,ゆた","［豊］六級
音: ホウ／フ 訓: ゆた・か／とよ
意味: 豆トウ・ズ(食物を盛る蓋付き脚付きの器)に食べ物が山のように盛られているさま{食器}。
作物が大いに育つさま、穀物が多くの実を付けふっくらと膨(ふく)らんでいるさま、同「丰」。
たっぷりとあるさま、満ちているさま。
膨らんでいるさま、ふくよかなさま、ふっくらとしたさま。
周朝(紀元前11世紀～前256年)の文王ブンオウの都の名、現陝西省西安市鄠邑区付近、同「酆」{陝西省}。",豊 → JPDB Kanji Freq: 1111,漢字の読みを入力してください,Text
"__戒__める，__戒__め
①〔してはいけない行動を〕やめさせる。禁じる。
「非行を━・みずからを━」
②〔目下の者のおこないについて〕してはいけないことをしないように、注意する。
「将来を━」
③警戒する。
「身辺を━・夜を━〔＝戸じまりや火の用心を呼びかける〕」",いまし,"［戒］四級
音: カイ／ケ 訓: いまし・める
意味: 気を引き締めて用心する、憂いがないように備(そな)える。
自ら言動を慎む。
誡(いまし)める、強く",戒 → JPDB Kanji Freq: 1110,漢字の読みを入力してください,Text
__随__に,まにま,"［随］三級
音: スイ／ズイ 訓: したが・う
意味: 付き従う、他のものの後に付いて行く、随行(ズイコウ)。
他の者や思いや考えなどのままに任せる、成り行きに従う、随意(ズイイ)。",随 → JPDB Kanji Freq: 1109,漢字の読みを入力してください,Text
__埋__もれる，__埋__もれ木，__埋__める，__埋__め立て，穴__埋__め，__埋__まる,う,"［埋］三級
音: バイ／マイ／メ 訓: う・める／う・まる／う・もれる／うず・める／うず・もれる
意味: ものを中に入れて塞(ふさ)ぐ、土などで覆(おお)って外から見えなくする、埋葬(マイソウ)、同「薶」。",埋 → JPDB Kanji Freq: 1108,漢字の読みを入力してください,Text
"__埋__ける〔古風〕
①炭火を（灰の中に）うめる。
②地面にうめ（て立て）る。",い,"［埋］三級
音: バイ／マイ／メ 訓: う・める／う・まる／う・もれる／うず・める／うず・もれる
意味: ものを中に入れて塞(ふさ)ぐ、土などで覆(おお)って外から見えなくする、埋葬(マイソウ)、同「薶」。",埋 → JPDB Kanji Freq: 1108,漢字の読みを入力してください,Text
__審__らか，__審__らか,つまび,"［審］三級
音: シン 訓: つまび・らか
意味: 悉(ことごと)く、余すところなく、残すところなく、同「悉」。
悉(ことごと)く調べ尽くす、余すところなく知り尽くす、同「讅」。
細部まで調べ尽くして明らかにする、また明らかになる、同「讅」。",審 → JPDB Kanji Freq: 1107,漢字の読みを入力してください,Text
__乾__く，__乾__かす,かわ,"［乾］四級
音: カン／ケン／ゲン 訓: かわ・く／かわ・かす／ほ・す／いぬい
意味: いぬい、八卦ハッカ(乾・兌・離・震・巽・坎・艮・坤)の一つ、方角は戌亥(いぬい、北西)、天・太陽・君(君主)・父・男性など強く盛んなものを象徴する{卦}。
太陽が高く昇る。
(高く昇った太陽の)日差しに当たって水分が蒸発する、同簡「干」。",乾 → JPDB Kanji Freq: 1106,漢字の読みを入力してください,Text
__召__す，__召__し上がる,め,"［召］四級
音: ショウ／ジョウ 訓: め・す
意味: 声を掛けて呼び出す、また呼び寄せる、手を振って呼び寄せるのは「招」。
招(まね)く、自分の方に向かって引き寄せる。
日～なさる、「呼び寄せる」「食べる」「着る」などの貴人の動作に尊敬の意を込めて言う語。",召 → JPDB Kanji Freq: 1104,漢字の読みを入力してください,Text
__競__う,きそ,"［競］七級
音: ケイ／ギョウ／キョウ 訓: きそ・う／せ・る
意味: 互いに勝負(かちまけ)や優劣を争い合う、張り合う。
強い、しっかりとしている、曲がったり歪(ゆが)んだり挫(くじ)けたりすることがない。",競 → JPDB Kanji Freq: 1103,漢字の読みを入力してください,Text
__競__る，__競__り合う,せ,"［競］七級
音: ケイ／ギョウ／キョウ 訓: きそ・う／せ・る
意味: 互いに勝負(かちまけ)や優劣を争い合う、張り合う。
強い、しっかりとしている、曲がったり歪(ゆが)んだり挫(くじ)けたりすることがない。",競 → JPDB Kanji Freq: 1103,漢字の読みを入力してください,Text
__忍__ぶ，__忍__び足，__忍__びやかだ，__忍__ばせる,しの,"［忍］凖二級
音: ジン／ニン 訓: しの・ぶ
意味: 耐(た)える、厳しさや辛(つら)さに耐える、粘り強く持ち堪(こた)える。
残忍(ザンニン)、人に苦痛を与えても平気なさま。
日しの・ぶ、人目を避ける。",忍 → JPDB Kanji Freq: 1102,漢字の読みを入力してください,Text
__汗__，__汗__ばむ,あせ,"［汗］四級
音: カン／ガン 訓: あせ
意味: 体温を調節するなどのために体表から分泌される液体、物の表面に付着する水滴、またそれが出る。
蒙古モウコ、鮮卑(センピ)、柔然(ジュウゼン)など中国北方民族の長の称号、、成吉思汗(チンギスカン)(モンゴル帝国の初代皇帝)」。",汗 → JPDB Kanji Freq: 1101,漢字の読みを入力してください,Text
__脚__，机の__脚__,あし,"［脚］四級
音: キャク／キャ／カク 訓: あし
意味: 膝(ひざ)から足首までの部分、小腿ショウタイ、後に膝から爪先までの部分を指すようになった、日本では腰の下の太腿(ふともも)から爪先までの部分{人体(下肢)}。
体や物体の一部で柱状・棒状に伸び地に接して体や物体を支える役目をする部分。
全体を支えるもの、基(もと)となる部分。
脚色(キャクショク)官吏に採用される際に提出する家族構成・年齢・出身地などを記した履歴書芝居や映画などの役柄(やくがら)、役所(やくどころ)日芝居や映画などを制作するために原作に手を加えること。",脚 → JPDB Kanji Freq: 1100,漢字の読みを入力してください,Text
"__停__まる，__停__める
一か所にとどまる。動作を中止する。「車が停まる」 「特急が停まる駅」",と,"［停］六級
音: テイ／ジョウ／チョウ 訓: と・まる／と・める／とど・まる／とど・める
意味: 連続・継続する動きや流れ(道程・工程・時間・年月など)の途中で一旦(イッタン、少しの間、一時的に)同じ場所や状態に留(とど)まる、同「亭」。
止(とど)まる、止(と)まる。",停 → JPDB Kanji Freq: 1097,漢字の読みを入力してください,Text
__祝__う,いわ,"［祝］七級
音: シュク／シュウ 訓: はふり／いわ・う／ほ・ぐ
意味: 神前で祈祷キトウする、神に申し上げる、またその言葉、またその人。
巫祝(フシュク)、祭祀サイシなどの神事を司(つかさど)る人。
人に幸い・喜びを賜りますようにと神に願い祈る、またその言葉、災いが降りかかるようにと祈るのは「呪」。",祝 → JPDB Kanji Freq: 1096,漢字の読みを入力してください,Text
__巡__る，__巡__り歩く,めぐ,"［巡］四級
音: シュン／ジュン 訓: めぐ・る
意味: 視察しに行く、(視察地を)見て回る。
順に沿って一回りする。",巡 → JPDB Kanji Freq: 1095,漢字の読みを入力してください,Text
__露__，__露__わ，__露__わにする,"あらわ,あら","［露］四級
音: ロ／ル／ロウ 訓: つゆ／あらわ／あらわ・れる／あらわ・す
意味: 大気中の水蒸気が物に付着して水滴となったもの。
屋根などの覆いがない、屋外。
覆い隠すものがなく雨や露などが直接当たる。
覆い隠すものがなく外から見える、また見えるようにする。",露 → JPDB Kanji Freq: 1093,漢字の読みを入力してください,Text
__露__程も，__露__払い，__露__，夜__露__,つゆ,"［露］四級
音: ロ／ル／ロウ 訓: つゆ／あらわ／あらわ・れる／あらわ・す
意味: 大気中の水蒸気が物に付着して水滴となったもの。
屋根などの覆いがない、屋外。
覆い隠すものがなく雨や露などが直接当たる。
覆い隠すものがなく外から見える、また見えるようにする。",露 → JPDB Kanji Freq: 1093,漢字の読みを入力してください,Text
__殴__る,なぐ,"［殴］三級
音: オウ／ウ 訓: なぐ・る
意味: 鞭(むち)・杖(つえ)・拳(こぶし)などで叩(たた)く、また打ち据(す)える。",殴 → JPDB Kanji Freq: 1091,漢字の読みを入力してください,Text
__養__う,やしな,"［養］七級
音: ヨウ 訓: やしな・う
意味: 人・家畜・植物などが育つために必要なものを与える、また与えて大きく立派に育てる。
人が立派に育つために必要なことを教える、また教え導く。",養 → JPDB Kanji Freq: 1088,漢字の読みを入力してください,Text
__潜__む,ひそ,"［潜］三級
音: セン／ゼン 訓: もぐ・る／ひそ・む
意味: 全体が水面より下に深く沈む、また沈んで見えなくなる。
ものの中に入り込む、また入り込んで見えなくなる。
隠れる、人に気付かれないようにする、密かに。",潜 → JPDB Kanji Freq: 1087,漢字の読みを入力してください,Text
"__潜__る
①（身をかがめて）物の下や穴などを通りぬける。「門を潜る」
②水中にもぐる。「水の中を潜る」
③危険なところをなんとか切りぬける。すきをねらって事をする。「戦火を潜る」「法の網を潜る」",くぐ,"［潜］三級
音: セン／ゼン 訓: もぐ・る／ひそ・む
意味: 全体が水面より下に深く沈む、また沈んで見えなくなる。
ものの中に入り込む、また入り込んで見えなくなる。
隠れる、人に気付かれないようにする、密かに。",潜 → JPDB Kanji Freq: 1087,漢字の読みを入力してください,Text
__潜__る，__潜__り込む,もぐ,"［潜］三級
音: セン／ゼン 訓: もぐ・る／ひそ・む
意味: 全体が水面より下に深く沈む、また沈んで見えなくなる。
ものの中に入り込む、また入り込んで見えなくなる。
隠れる、人に気付かれないようにする、密かに。",潜 → JPDB Kanji Freq: 1087,漢字の読みを入力してください,Text
__匂__う，__匂__い,にお,"［匂］二級
音: にお・い／にお・う 訓: 
意味: 日よい香り、よい香りがする、よい香りが届いて来る。
日。",匂 → JPDB Kanji Freq: 1085,漢字の読みを入力してください,Text
__褒__める,ほ,"［褒］凖二級
音: ホウ／ホ 訓: ほ・める
意味: 衣服がゆったりしているさま、褒明(ホウメイ)(ゆったりとした衣服、ゆったりと寛くつろげる衣服、普段着)」。
相手から受けた善(よ)い行いに報(むく)いるために相応ソウオウのお返しをする。
善い行いを称(たた)える、大いに称える。",褒 → JPDB Kanji Freq: 1084,漢字の読みを入力してください,Text
__冬__，__冬__枯れ,ふゆ,"［冬］九級
音: トウ 訓: ふゆ
意味: 四季の第四、一年の最後の季節、新しい一年が始まる前の季節、農暦ノウレキの10月から12月(太陽暦の12月頃から翌年3月頃)。",冬 → JPDB Kanji Freq: 1083,漢字の読みを入力してください,Text
__鍵__，__鍵__穴,かぎ,"［鍵］二級
音: ケン／ゴン 訓: かぎ
意味: 鼎(かなえ)を持ち運ぶために両耳(∩字状の取っ手)に掛け渡す棒。
車輪の脱落を防ぐために車軸の両端に打ち込む楔(くさび)、同「轄」。
扉や戸などの戸締りをするために巻き付けた鎖サ(くさり、環を繋いで紐状にしたもの、チェーンchain)が解(ほど)けないように鎖の環(わ)に通す金棒、戸締り用の金具を固定するための棒、同「鑰」。
ピアノpianoなどのキーkey、鍵盤(ケンバン)。
日錠ジョウ(錠前)に差し込んで開け閉めするための道具。
日。",鍵 → JPDB Kanji Freq: 1082,漢字の読みを入力してください,Text
__測__る,はか,"［測］六級
音: ソク／シキ 訓: はか・る
意味: 物差(ものさし)や基準となるものを基(もと)にして深さ・高さ・長さなどの度合い(長短)を調べる、測量(ソクリョウ)。
経験や知識などを基に見当をつける、推(お)し量る、推測(スイソク)。
深いさま、測恩(ソクオン)(深い恩)」。",測 → JPDB Kanji Freq: 1081,漢字の読みを入力してください,Text
__拳__，握り__拳__,こぶし,"［拳］二級
音: ケン／ゲン 訓: こぶし
意味: 全ての指を内側に折り込んで丸く握る、またその手、同「㩲」。
拳拳(ケンケン)、(拳のように)固く変わらないさま、ひたむきなさま。",拳 → JPDB Kanji Freq: 1080,漢字の読みを入力してください,Text
__富__む，__富__み栄える，(__富__み（⚠），__富__（★）),と,"［富］七級
音: フウ／フ 訓: と・む／とみ
意味: と・む、(蓄えが家の中)いっぱいになる、いっぱいにある、(家の中に)満ちる、同「畐」。
とみ、家の中いっぱいの財産。
もの(物や財・人材や才能・経験や知識など)が豊かなさま。",富 → JPDB Kanji Freq: 1079,漢字の読みを入力してください,Text
"__称__える
ほめそやす。ほめあげる。称賛する。「相手の健闘を―える」",たた,"［称］四級
音: ショウ 訓: とな・える／たた・える
意味: ものの重さを量(はか)る、同「秤」「銓」。
釣り合う、釣り合いが取れる。
挙(あ)げる、高く上げる、同「偁」。
褒(ほ)める、褒め称(たた)える、持ち上げる、同「偁」。
～と呼ぶ、～という名で呼ばれる、同「偁」。
～と言う、～と述べる、同「偁」。",称 → JPDB Kanji Freq: 1076,漢字の読みを入力してください,Text
"__称__える
…と、名を言う。名づけて呼ぶ。
「お狐さまと称えてまつっている」",とな,"［称］四級
音: ショウ 訓: とな・える／たた・える
意味: ものの重さを量(はか)る、同「秤」「銓」。
釣り合う、釣り合いが取れる。
挙(あ)げる、高く上げる、同「偁」。
褒(ほ)める、褒め称(たた)える、持ち上げる、同「偁」。
～と呼ぶ、～という名で呼ばれる、同「偁」。
～と言う、～と述べる、同「偁」。",称 → JPDB Kanji Freq: 1076,漢字の読みを入力してください,Text
__湯__，白__湯__，__湯__水，煮え__湯__,ゆ,"［湯］八級
音: トウ／タン／ショウ 訓: ゆ
意味: 温かい水、熱い水、沸騰した水。
熱いスープsoup、スープ状のもの、菜湯(サイタン)、野菜のスープ」、濃湯(ノウタン・ノンタン)、シチューstewなどのような濃いスープ」。
温泉、温かい水が湧き出るところ。
、湯湯(ショウショウ)、同「漡漡」、滔滔(トウトウ)、一面に満ちた水が勢いよく流れるさま。",湯 → JPDB Kanji Freq: 1075,漢字の読みを入力してください,Text
__障__る，差し__障__り,さわ,"［障］五級
音: ショウ 訓: さわ・る
意味: 間が仕切られている、仕切る。
仕切られていて向こう側へ行けない、仕切って行く手を遮(さえぎ)る、妨げる。
仕切って遮(さえぎ)るもの、壁や塀・障子や衝立など。
差し支(つか)える。",障 → JPDB Kanji Freq: 1074,漢字の読みを入力してください,Text
__泊__める，__泊__まる，__泊__まり,と,"［泊］四級
音: ハク／バク／ヒャク 訓: と・まる
意味: 舟を岸に寄せて停まる、停泊(テイハク)。
宿などで休む、留(とど)まる。
湖(みずうみ)、水が打ち寄せる湖などの辺(ほとり)。
水が浅いさま、水の浅いところ、浅瀬(あさせ)、同「洦」。
薄いさま、淡白なさま、穏やかなさま。",泊 → JPDB Kanji Freq: 1073,漢字の読みを入力してください,Text
__及__ぼす，__及__ぶ，__及__び腰，__及__び〔接〕,およ,"［及］四級
音: キュウ／ゴウ 訓: およ・ぶ／およ・ぼす／およ・び
意味: ～の状態が継続してここに(今に)至る、同「迨」。
～(の状態、の時刻・時期・時機)になる、～に至(いた)る、同「迨」「逮」。
～(の状態、の場所、の段階)に達する、～に到(いた)る、～に届く、同「逮」。
並びに、～と～、and。",及 → JPDB Kanji Freq: 1070,漢字の読みを入力してください,Text
__傾__れる・雪崩れる,なだ,"［傾］四級
音: ケイ／キョウ 訓: かたむ・く
意味: 斜めになる、片方に(一方に)偏(かたよ)る。
斜めにする、(器などの中身を出すように)横にし(出切らないようであれば)更に逆さにする。
(直立しているものが傾き)崩れる、倒れる。",傾 → JPDB Kanji Freq: 1069,漢字の読みを入力してください,Text
__傾__ける，__傾__く，__傾__き,かたむ,"［傾］四級
音: ケイ／キョウ 訓: かたむ・く
意味: 斜めになる、片方に(一方に)偏(かたよ)る。
斜めにする、(器などの中身を出すように)横にし(出切らないようであれば)更に逆さにする。
(直立しているものが傾き)崩れる、倒れる。",傾 → JPDB Kanji Freq: 1069,漢字の読みを入力してください,Text
"__傾__げる，__傾__ぐ
かたむける。横へ曲げる。",かし,"［傾］四級
音: ケイ／キョウ 訓: かたむ・く
意味: 斜めになる、片方に(一方に)偏(かたよ)る。
斜めにする、(器などの中身を出すように)横にし(出切らないようであれば)更に逆さにする。
(直立しているものが傾き)崩れる、倒れる。",傾 → JPDB Kanji Freq: 1069,漢字の読みを入力してください,Text
__妖__しい,あや,"［妖］二級
音: ヨウ 訓: あや・しい
意味: 人を惑わし誘うような美しさ、艶(なま)めかしく美しいさま。
怪(あや)しいものごと、人を惑わすようなものごと、不吉なものごと、災(わざわ)い。",妖 → JPDB Kanji Freq: 1067,漢字の読みを入力してください,Text
__臭__う，__臭__い,にお,"［臭］凖二級
音: シュウ／シュ 訓: にお・い／くさ・い
意味: 匂(にお)い、鼻(はな)で感じ取るものの総称。
物が腐(くさ)ったような臭(にお)い、不快な匂い、嫌(いや)な匂い、同「臰」。",臭 → JPDB Kanji Freq: 1065,漢字の読みを入力してください,Text
__臭__い，きな__臭__い，水__臭__い，__臭__み，__臭__さ,くさ,"［臭］凖二級
音: シュウ／シュ 訓: にお・い／くさ・い
意味: 匂(にお)い、鼻(はな)で感じ取るものの総称。
物が腐(くさ)ったような臭(にお)い、不快な匂い、嫌(いや)な匂い、同「臰」。",臭 → JPDB Kanji Freq: 1065,漢字の読みを入力してください,Text
__勤__める，__勤__め，__勤__まる,つと,"［勤］五級
音: キン／ゴン 訓: つと・める／いそ・しむ
意味: すべきことに(仕事に)力を",勤 → JPDB Kanji Freq: 1063,漢字の読みを入力してください,Text
"__勤__しむ
精を出してはげむ。
「仕事に━・勉学に━」",いそ,"［勤］五級
音: キン／ゴン 訓: つと・める／いそ・しむ
意味: すべきことに(仕事に)力を",勤 → JPDB Kanji Freq: 1063,漢字の読みを入力してください,Text
__肌__，__肌__色，地__肌__,はだ,"［肌］凖二級
音: キ 訓: はだ
意味: 皮膚や肉や筋肉など人や動物の骨を除いた部分、肌肉(キニク)(筋肉)」、肌膚(キフ)(肉と皮膚)」、肌骨(キコツ)(肉と骨、骨身)」。
肉の表面、皮膚。
日はだ、ものの表面。",肌 → JPDB Kanji Freq: 1061,漢字の読みを入力してください,Text
__狂__おしい，__狂__う,くる,"［狂］四級
音: キョウ／ゴウ 訓: くる・う／くる・おしい
意味: 常軌ジョウキを逸イッしている、正気でない、普通でない、同「𤝵」「𢙌」。
並外れている、程度が甚(はなは)だしい。
日滑稽コッケイな。",狂 → JPDB Kanji Freq: 1060,漢字の読みを入力してください,Text
"__狂__れる
精神状態がふつうでなくなる。くるう。「気が―れる」",ふ,"［狂］四級
音: キョウ／ゴウ 訓: くる・う／くる・おしい
意味: 常軌ジョウキを逸イッしている、正気でない、普通でない、同「𤝵」「𢙌」。
並外れている、程度が甚(はなは)だしい。
日滑稽コッケイな。",狂 → JPDB Kanji Freq: 1060,漢字の読みを入力してください,Text
__倉__，__倉__敷料,くら,"［倉］七級
音: ソウ 訓: くら
意味: 穀物などを貯蔵するための屋根のある建物、特に方形の建物、円形は、囷(キン)。
物や人を収容する、またそのための建物。
慌(あわただ)しいさま、忙(せわ)しいさま、、倉猝(ソウソツ)。",倉 → JPDB Kanji Freq: 1059,漢字の読みを入力してください,Text
"又__候__
〔よくないことについて〕またしても。▽「またに候そうろう」の転。望ましくない場合に言う。
「━批判が起こりそうだ」",ぞろ,"［候］七級
音: コウ／グ 訓: そうろう
意味: 高いところから遠くを見やる、辺りの様子を探(さぐ)る、候望(コウボウ)。
階位や年齢が上の人を訪ねる、訪ねて様子や機嫌を伺(うかが)う、伺候(シコウ)、問候(モンコウ)。
(目上の人を)待つ、待ち受ける。
時節、季節、季節の兆(きざ)し、、気候(キコウ)。",候 → JPDB Kanji Freq: 1057,漢字の読みを入力してください,Text
__候__文，居__候__,そうろう,"［候］七級
音: コウ／グ 訓: そうろう
意味: 高いところから遠くを見やる、辺りの様子を探(さぐ)る、候望(コウボウ)。
階位や年齢が上の人を訪ねる、訪ねて様子や機嫌を伺(うかが)う、伺候(シコウ)、問候(モンコウ)。
(目上の人を)待つ、待ち受ける。
時節、季節、季節の兆(きざ)し、、気候(キコウ)。",候 → JPDB Kanji Freq: 1057,漢字の読みを入力してください,Text
__油__，__油__絵，水__油__,あぶら,"［油］八級
音: ユウ／ユ 訓: あぶら
意味: 粘性の高い可燃性の液体、石油(セキユ)。
膏コウ(あぶら)、脂肪シボウ。
光沢コウタク、艶(つや)、同「𥑤」。
ゆったりとしたさま。",油 → JPDB Kanji Freq: 1056,漢字の読みを入力してください,Text
__尋__ねる，__尋__ね人,たず,"［尋］四級
音: シン／ジン 訓: たず・ねる／つ・いで／ひろ
意味: たず・ねる、次々に辿(たど)りながら端緒(原因)を探(さが)す、訊(たず)ねる、探し求める。
次(つ)いで、続いて、～に引き続いて、同「𦅀」
ひろ、長さの単位、両手を広げた長さ、1尋=8尺、1常=2尋、尋常(ジュンジョウ)(長さの単位普通の、一般的な)」",尋 → JPDB Kanji Freq: 1055,漢字の読みを入力してください,Text
千と千__尋__の神隠し,ひろ,"［尋］四級
音: シン／ジン 訓: たず・ねる／つ・いで／ひろ
意味: たず・ねる、次々に辿(たど)りながら端緒(原因)を探(さが)す、訊(たず)ねる、探し求める。
次(つ)いで、続いて、～に引き続いて、同「𦅀」
ひろ、長さの単位、両手を広げた長さ、1尋=8尺、1常=2尋、尋常(ジュンジョウ)(長さの単位普通の、一般的な)」",尋 → JPDB Kanji Freq: 1055,漢字の読みを入力してください,Text
__札__，名__札__，切り__札__,ふだ,"［札］七級
音: サツ／セチ 訓: ふだ／さね
意味: 薄く小さい木片、文字を書くための薄く細長い木片、同「扎」「劄」。
信書、手紙、文書、公文書。
日紙幣。
日。",札 → JPDB Kanji Freq: 1054,漢字の読みを入力してください,Text
__柔__らかい，__柔__らかだ,やわ,"［柔］四級
音: ジュウ／ニュウ 訓: やわ・らか
意味: 曲げても折れないさま、しなやかなさま。
穏やかなさま、温和なさま。",柔 → JPDB Kanji Freq: 1053,漢字の読みを入力してください,Text
__黄__金,こ,"［黄］九級
音: コウ／オウ 訓: き
意味: 茶色・橙(だいだい)色を薄くした色、大地の色、金色。
(黄ばんで)熟す、枯れる。
きいろ、き、部首名。",黄 → JPDB Kanji Freq: 1052,漢字の読みを入力してください,Text
__黄__，__黄__色い，__黄__ばむ,き,"［黄］九級
音: コウ／オウ 訓: き
意味: 茶色・橙(だいだい)色を薄くした色、大地の色、金色。
(黄ばんで)熟す、枯れる。
きいろ、き、部首名。",黄 → JPDB Kanji Freq: 1052,漢字の読みを入力してください,Text
__充__てる,あ,"［充］凖二級
音: シュウ／シュ／ジュウ 訓: あ・てる／み・ちる
意味: あ・てる、足し加えて満たす、空いているところを埋める。
み・ちる、満ちる、いっぱいになる。",充 → JPDB Kanji Freq: 1050,漢字の読みを入力してください,Text
__魂__，負けじ__魂__,たましい,"［魂］三級
音: コン／ゴン 訓: たま／たましい
意味: 陽の精気、人の思考や感情などを掌(つかさど)ると考えられたもの、死後は肉体を離れ滅びることなく存在すると考えられたもの、陰の精気で肉体を掌るのは「魄」。
心、精神。",魂 → JPDB Kanji Freq: 1049,漢字の読みを入力してください,Text
人__魂__,だま,"［魂］三級
音: コン／ゴン 訓: たま／たましい
意味: 陽の精気、人の思考や感情などを掌(つかさど)ると考えられたもの、死後は肉体を離れ滅びることなく存在すると考えられたもの、陰の精気で肉体を掌るのは「魄」。
心、精神。",魂 → JPDB Kanji Freq: 1049,漢字の読みを入力してください,Text
"__慮__る・思ひ量る（おもひ｜はかる）
深く思案する。よくよく考える。「相手の体面を―るべきだ」",おもんぱか,"［慮］四級
音: リョ／ロ 訓: おもんぱか・る
意味: (あることについて)あれこれと思いや考えを巡(めぐ)らす。
推(お)し量(はか)る、推測する、慮外(リョガイ)(思っていたこととは違うこと、思い掛けないこと)」。",慮 → JPDB Kanji Freq: 1048,漢字の読みを入力してください,Text
__源__，噂の__源__を調べる,みなもと,"［源］五級
音: ゲン／ゴン 訓: みなもと
意味: 地下水が地表に湧(わ)き出るところ、同「厵」「原」。
物事の始まり、物事の大本おおもと、物事の根本コンポン、物事の基本、同「原」。",源 → JPDB Kanji Freq: 1046,漢字の読みを入力してください,Text
__雲__，__雲__隠れ,くも,"［雲］九級
音: ウン 訓: くも
意味: 空中の細かい水滴が集まり浮かんでいるもの、水滴が大きくなり地表付近にまで落下してくるものが「雨」「雪」{雲}。
(雲のように)もやもやとしたもの、たくさん集まっているさま、天空高くにあるさま。
簡「云」。",雲 → JPDB Kanji Freq: 1045,漢字の読みを入力してください,Text
__房__，一__房__，乳__房__,ふさ,"［房］三級
音: ホウ／ボウ 訓: ふさ
意味: 主屋(おもや、中庭を囲むように建てられた住居の北側の建物、正房、家主の住居)の左右(東西)両側に張り出すように建てられた部屋、耳房(ジボウ){四合院}。
部屋、室シツ、房間(ボウカン)、閨房(ケイボウ)(寝室)」。
人の住む家、住まい、住居、、房屋(ボウオク)、厢房(ショウボウ)(中庭の東西側の長男・次男の住居)」、同「坊」。
二十八宿東方青龍セイリュウの第四宿{二十八宿}。
日多くの糸状・紐状のものの端(はし)を垂らしたもの。
日。",房 → JPDB Kanji Freq: 1044,漢字の読みを入力してください,Text
__蔵__，酒__蔵__,くら,"［蔵］五級
音: ソウ／ゾウ 訓: くら
意味: しまう、周りが囲まれていて外からは見えないところ(箱や蔵など)に入れる、また中に入れて隠す、またそのようなところに入っているもの、またそのための建物。
内臓、同「臓」。
チベットTibet、中国南部の高原地帯、西藏(セイゾウ)(チベット)」の略称。",蔵 → JPDB Kanji Freq: 1043,漢字の読みを入力してください,Text
__永__い，日__永__,なが,"［永］六級
音: エイ／ヨウ 訓: なが・い
意味: 川の水が途切れずに延々エンエンと流れるさま。
時(とき)が延々と続く、途切れずに長く続く、久(ひさ)しい。
永字八法(エイジハッポウ)、「永」を例に八つの運筆法を示したもの{永字八法}。",永 → JPDB Kanji Freq: 1042,漢字の読みを入力してください,Text
__漏__れる・洩れる，__漏__る，雨__漏__り，__漏__らす,も,"［漏］三級
音: ロウ／ル 訓: も・る／も・れる
意味: (屋根に滲み込んだ雨が)隙間から少しずつ滴(したた)り落ちる、同「屚」。
液体や臭いや隠していることなどが隙間を抜けて少しずつ外に零(こぼ)れ出る。
水時計、小さい穴から水が零れ出ることで時間を計ったことから。
抜け落ちる。",漏 → JPDB Kanji Freq: 1039,漢字の読みを入力してください,Text
__砂__，__砂__場,すな,"［砂］五級
音: サ／シャ 訓: すな
意味: 細かい粒状の石、同「沙」。
小さく硬い粒状のもの。",砂 → JPDB Kanji Freq: 1038,漢字の読みを入力してください,Text
__雄__，__雄__犬,おす,"［雄］四級
音: ユウ／ウ／ユ 訓: お／おす
意味: 鳥の父性、鳥の母性は「雌(めす)」、獣の父性は「牡(おす)」、獣の母性は「牝(めす)」。
大きく堂々としているさま、強く逞しいさま。",雄 → JPDB Kanji Freq: 1037,漢字の読みを入力してください,Text
__雄__しべ，__雄__牛，__雄__々しい,お,"［雄］四級
音: ユウ／ウ／ユ 訓: お／おす
意味: 鳥の父性、鳥の母性は「雌(めす)」、獣の父性は「牡(おす)」、獣の母性は「牝(めす)」。
大きく堂々としているさま、強く逞しいさま。",雄 → JPDB Kanji Freq: 1037,漢字の読みを入力してください,Text
__懸__ける，命__懸__け，__懸__かる,か,"［懸］凖二級
音: ケン／ゲン／ケ 訓: か・ける
意味: 掛ける、掛けてぶら下げる、同「縣」。
長い間宙吊りのままになっている、物事が宙ぶらりんで落ち着かない。
隔(へだ)たる、同「縣」。",懸 → JPDB Kanji Freq: 1036,漢字の読みを入力してください,Text
__節__，__節__穴,ふし,"［節］七級
音: セツ／セチ 訓: ふし
意味: 竹(タケ)(イネ科タケ亜科の木)の中空の茎が途中で区切られ外側に硬く盛り上がっているところ、イネ科の植物に多くみられる。
区切り、変わり目、段落、けじめ。
区切りで(節目で)一旦止める、一旦抑(おさ)える、区切りをつける。
度を越さない、度を弁(わきま)える、またそのような振る舞い。
六十四卦の一つ䷻、坎☵と兌☱を重ねた卦ケ・カ。
割符(わりふ)、一つの札を二つに割って互いに持ち合い、使いの者や代理の者を立てる際にこれを持たせ、二つの札が合うことで真正な者であることの証(あかし)とするもの、同「卩」「卪」。",節 → JPDB Kanji Freq: 1035,漢字の読みを入力してください,Text
__柄__，__柄__のない所に柄をすげる,え,"［柄］四級
音: ヘイ／ヒョウ 訓: え／がら／つか
意味: 茎や枝から伸びて花や葉を支えている枝状の部分、花柄(カヘイ)、葉柄(ヨウヘイ)という。
器物に取り付けて手で握るための棒{農具(鋤鍬類)}。
手に握る、握って自由に操る、またその力、権力。
日がら人の品格や性格布などの模様。",柄 → JPDB Kanji Freq: 1034,漢字の読みを入力してください,Text
__柄__，家__柄__，身__柄__,がら,"［柄］四級
音: ヘイ／ヒョウ 訓: え／がら／つか
意味: 茎や枝から伸びて花や葉を支えている枝状の部分、花柄(カヘイ)、葉柄(ヨウヘイ)という。
器物に取り付けて手で握るための棒{農具(鋤鍬類)}。
手に握る、握って自由に操る、またその力、権力。
日がら人の品格や性格布などの模様。",柄 → JPDB Kanji Freq: 1034,漢字の読みを入力してください,Text
__柄__頭,つか,"［柄］四級
音: ヘイ／ヒョウ 訓: え／がら／つか
意味: 茎や枝から伸びて花や葉を支えている枝状の部分、花柄(カヘイ)、葉柄(ヨウヘイ)という。
器物に取り付けて手で握るための棒{農具(鋤鍬類)}。
手に握る、握って自由に操る、またその力、権力。
日がら人の品格や性格布などの模様。",柄 → JPDB Kanji Freq: 1034,漢字の読みを入力してください,Text
__斬__る,き,"［斬］二級
音: サン／セン／ザン 訓: き・る
意味: (罪人を)切り殺す、裂(さ)き殺す。
刃物で切る、裂く。
断(た)つ、断ち切る。
絶(た)える、同「絶」。",斬 → JPDB Kanji Freq: 1033,漢字の読みを入力してください,Text
__裂__ける，__裂__け目，__裂__く，八つ__裂__き,さ,"［裂］三級
音: レツ／レチ 訓: きれ／さ・く
意味: きれ、裁断した後に残る布、端切れ(はぎれ)。
破(やぶ)ける、綻(ほころ)び破れる。
さ・く、二つに切り割(さ)く、裂け目が平滑ではないもの、同「列」。",裂 → JPDB Kanji Freq: 1032,漢字の読みを入力してください,Text
"__削__る
①刃物などで少しずつそぎ取る。「鉛筆を―る」 「鰹節(かつおぶし)を―る」
②減らす。「予算を大幅に―る」
③一部分を取り去る。「論文の第三章を―る」",けず,"［削］三級
音: サク／ショウ 訓: けず・る／そ・ぐ
意味: 不要なところ(不要なもの)を切り取る、はみ出したり出っ張ったりしているところを切り取る。
薄く切り取る、少しずつ切り落とす。
次第に細くなる、また減る、また減らす。
刀の鞘(さや、刀身を納める筒状のもの)。",削 → JPDB Kanji Freq: 1028,漢字の読みを入力してください,Text
"__削__る
①金属や材木などの表面を少しずつけずって取る。「柱の面を―る」
②皮をはぐ。",はつ,"［削］三級
音: サク／ショウ 訓: けず・る／そ・ぐ
意味: 不要なところ(不要なもの)を切り取る、はみ出したり出っ張ったりしているところを切り取る。
薄く切り取る、少しずつ切り落とす。
次第に細くなる、また減る、また減らす。
刀の鞘(さや、刀身を納める筒状のもの)。",削 → JPDB Kanji Freq: 1028,漢字の読みを入力してください,Text
"__削__ぐ・殺ぐ，__削__ぎ落とす
①〔勢いを〕へらす。
「気勢を削がれる」
②うすく切る。
③〈先のほう／出っぱったところ〉を（ななめに）切って落とす。
「竹を━・耳を━」",そ,"［削］三級
音: サク／ショウ 訓: けず・る／そ・ぐ
意味: 不要なところ(不要なもの)を切り取る、はみ出したり出っ張ったりしているところを切り取る。
薄く切り取る、少しずつ切り落とす。
次第に細くなる、また減る、また減らす。
刀の鞘(さや、刀身を納める筒状のもの)。",削 → JPDB Kanji Freq: 1028,漢字の読みを入力してください,Text
__燃__やす，__燃__す，__燃__える，__燃__え尽きる,も,"［燃］六級
音: ゼン／ネン 訓: も・やす／も・える
意味: 火で熱せられて炎が立ち昇る、単に火で熱するのは「焼」、同「然」。",燃 → JPDB Kanji Freq: 1027,漢字の読みを入力してください,Text
__縁__，__縁__取り，額__縁__,ふち,"［縁］四級
音: エン 訓: ふち／へり／えにし／ゆかり
意味: 衣服の端(はじ)。
面状のものの先端、物の周辺部、一般にはそこで途切れその先がないところを指す、その先も同じような状態で続いているものの境目は「辺」、線状・棒状のものの先端は「端」。
繋がり、繋がりを辿る。
原因となるきっかけ、そのような結果を生じさせる物事、「繋がりを頼りに原因まで辿る」の意。",縁 → JPDB Kanji Freq: 1026,漢字の読みを入力してください,Text
"__縁__・所縁
なんらかの関わり合い。因縁。「文豪ゆかりの地」「縁もゆかりもない」",ゆかり,"［縁］四級
音: エン 訓: ふち／へり／えにし／ゆかり
意味: 衣服の端(はじ)。
面状のものの先端、物の周辺部、一般にはそこで途切れその先がないところを指す、その先も同じような状態で続いているものの境目は「辺」、線状・棒状のものの先端は「端」。
繋がり、繋がりを辿る。
原因となるきっかけ、そのような結果を生じさせる物事、「繋がりを頼りに原因まで辿る」の意。",縁 → JPDB Kanji Freq: 1026,漢字の読みを入力してください,Text
"__清__々しい
さっぱりして気持ちがよい。さわやかだ。",すが,"［清］七級
音: シン／セイ／ショウ 訓: きよ・い
意味: 水が青く澄みきっているさま、濁りや汚(けが)れがないさま。
曇りがないさま、すっきりしているさま、はっきりとしているさま。
私欲や邪心がないさま。
濁りや汚れを残さないように取り去ってきれいにする。
爽やかなさま、澄んでいるさま。
王朝名、1644年～1912年、中国最後の王朝{清代}。",清 → JPDB Kanji Freq: 1025,漢字の読みを入力してください,Text
__清__める，__清__まる，__清__い，__清__らかだ,きよ,"［清］七級
音: シン／セイ／ショウ 訓: きよ・い
意味: 水が青く澄みきっているさま、濁りや汚(けが)れがないさま。
曇りがないさま、すっきりしているさま、はっきりとしているさま。
私欲や邪心がないさま。
濁りや汚れを残さないように取り去ってきれいにする。
爽やかなさま、澄んでいるさま。
王朝名、1644年～1912年、中国最後の王朝{清代}。",清 → JPDB Kanji Freq: 1025,漢字の読みを入力してください,Text
__歯__，入れ__歯__,は,"［歯］八級
音: シ 訓: は／よわい
意味: ものを食べるために噛(か)むための器官、噛(か)み砕くための器官{人体(頭部)}。
牛馬の年齢、歯の本数で年齢が分かることによる。
人の年齢。
並ぶ、順に従って並ぶ。
は、はへん、部首名。",歯 → JPDB Kanji Freq: 1024,漢字の読みを入力してください,Text
__群__れる，__群__れ,む,"［群］七級
音: クン／グン 訓: むら／むら・がる／む・れ／む・れる
意味: 同類のものが数多く集まる、またそのさま。
同類のものの集団。",群 → JPDB Kanji Freq: 1023,漢字の読みを入力してください,Text
__群__すずめ，__群__千鳥，__群__がる,むら,"［群］七級
音: クン／グン 訓: むら／むら・がる／む・れ／む・れる
意味: 同類のものが数多く集まる、またそのさま。
同類のものの集団。",群 → JPDB Kanji Freq: 1023,漢字の読みを入力してください,Text
"__屈__める，__屈__む
①かがんだ状態にする。
「身を━・腰を━」
②腰やひざを折り曲げて低い姿勢をとる。
「ひざを━」",かが,"［屈］四級
音: クツ／クチ 訓: かが・む／こご・む／かが・める
意味: (身体を)曲げる、折り曲げる、屈伸(クッシン)(曲げ或いは伸ばす)」、屈伏(クップク)(体を折って伏せる、ひれ伏す)」。
主張や信念などを曲げる、強く迫られて折れる、挫(くじ)ける、、屈服(クップク)。",屈 → JPDB Kanji Freq: 1021,漢字の読みを入力してください,Text
__欠__ける，__欠__く,か,"［欠］七級
音: ケツ／ケチ／ケン／コン 訓: あくび／か・ける
意味: あくび、口を大きく開けて息をすること、また息をして体を伸ばす、欠伸(ケンシン)(あくび)」。
(多く敬意を表す際に)上半身を前に少し傾ける、体を屈(かがめ)める、、欠身(ケンシン)。
一部が損(そこ)なわれる、あるべきものの一部がない、同「缺」「𡙇」。
足(た)りない、満(み)たない、同「缺」。
あくび、けんづくり、かける、けつ、部首名。",欠 → JPDB Kanji Freq: 1020,漢字の読みを入力してください,Text
__承__る,うけたまわ,"［承］五級
音: ショウ／ジョウ 訓: うけたまわ・る／う・ける
意味: 上にあるものを掌(てのひら)で受ける。
上位者からの授(さず)かりものを下位者が恭(うやうや)しく両手で受ける、また受け取る。
上位者からの命令や意向などを受ける、また受け入れる。
(後の者が前の者の意志や言葉などを)受け継ぐ。
奉承(ホウショウ)、相手を持ち上げる、煽(おだ)てる。",承 → JPDB Kanji Freq: 1019,漢字の読みを入力してください,Text
__岩__，__岩__場,いわ,"［岩］九級
音: ガン／ゲン 訓: いわ
意味: 山のように高く聳(そび)える石、ごつごつした大きな石、同「巖」。",岩 → JPDB Kanji Freq: 1017,漢字の読みを入力してください,Text
__執__る,と,"［執］四級
音: シュウ／シツ 訓: と・る
意味: 手に取りしっかりと握る、しっかりと手や目や頭などの中に入れる、掴(つか)まえて離さない。
ぴったりと付く、ぴったりと付いて離れない、心が捉(とら)われる。
しっかりと握り守る。
自分のすべきことをしっかりと手に収めて行う。",執 → JPDB Kanji Freq: 1016,漢字の読みを入力してください,Text
__列__なる，__列__ねる,つら,"［列］八級
音: レツ／レチ 訓: つら・なる
意味: 横方向の並び、横方向に順序に従って(重ならないように)並ぶ、同「排」、縦方向の列を「行」。
ずらりと人が居並ぶ。
裂(さ)く、二つに切り割(さ)く、同「裂」「𠜺」。",列 → JPDB Kanji Freq: 1015,漢字の読みを入力してください,Text
__便__り，初__便__り，花__便__り,たよ,"［便］七級
音: ヘン／ベン／ビン 訓: すなわ・ち／たよ・り
意味: 安らかなさま、差し障る(さしさわる)ようなことがないさま。
都合が良いさま、ちょうど良いさま、(物事をするのに)適テキしているさま、便宜(ベンギ)、便利(ベンリ)。
平易ヘイイなさま、簡単なさま。
屎尿シニョウ、糞尿フンニョウ、、大便(ダイベン)、小便(ショウベン)。
すなわ・ち、～なので～、～であるので～、～だから～。
日たよ・り、知らせ、手紙。",便 → JPDB Kanji Freq: 1014,漢字の読みを入力してください,Text
__健__やかだ,すこ,"［健］七級
音: ケン／ゴン 訓: すこ・やか
意味: 体力や気力がある(衰おとろえたり滞とどこおったりすることがない)さま、しっかりとしているさま、同「徤」。",健 → JPDB Kanji Freq: 1011,漢字の読みを入力してください,Text
__健__気,けな,"［健］七級
音: ケン／ゴン 訓: すこ・やか
意味: 体力や気力がある(衰おとろえたり滞とどこおったりすることがない)さま、しっかりとしているさま、同「徤」。",健 → JPDB Kanji Freq: 1011,漢字の読みを入力してください,Text
__鏡__，__鏡__に映る,かがみ,"［鏡］七級
音: ケイ／キョウ 訓: かがみ
意味: 光の反射を利用して像を映(うつ)し出す、またその道具、古くは盆に水を張り鏡として使ったが、後には石や金属の表面を平らに磨いて鏡とした、同「鑑」{什器(鏡)}。
(像を、姿を、有様を)映し出す。
澄み切っているさま、奥まで見通せるさま。
レンズ(lens)、(ガラスのような)透明な物質を片面或いは両面を球状にして入射した光を屈折させるもの。",鏡 → JPDB Kanji Freq: 1010,漢字の読みを入力してください,Text
"__衝__く
相手の欠点などを攻撃する。強く刺激する。障害を乗り越えて進む。「敵の虚を衝く」 「核心を衝いた攻撃」 「読者の意表を衝く出版」 「腐臭が鼻を衝く」 「暴風雨を衝いて出発する」 「意気天を衝く」",つ,"［衝］三級
音: ショウ／シュ 訓: つ・く
意味: 街を突き抜けるように通る道路、交通のための主要な通り。
大きな通りが集まっている所、要所、要点。
突き進んでぶつかる、突き当たる。
簡「冲」。",衝 → JPDB Kanji Freq: 1007,漢字の読みを入力してください,Text
__裁__く，__裁__き,さば,"［裁］五級
音: サイ／ザイ 訓: た・つ／さば・く
意味: 形に合わせて布(ぬの)を断(た)つ、布を断ち衣服に仕立てる、同「製」「𧚶」。
断(た)つ、切る。
切って形を整える、同「財」。
型かた、形式、様式(ヨウシキ)。
(状態や状況をよく見極め、それに合う)判断・判別・判定をする。",裁 → JPDB Kanji Freq: 1006,漢字の読みを入力してください,Text
__裁__つ，__裁__ち物,た,"［裁］五級
音: サイ／ザイ 訓: た・つ／さば・く
意味: 形に合わせて布(ぬの)を断(た)つ、布を断ち衣服に仕立てる、同「製」「𧚶」。
断(た)つ、切る。
切って形を整える、同「財」。
型かた、形式、様式(ヨウシキ)。
(状態や状況をよく見極め、それに合う)判断・判別・判定をする。",裁 → JPDB Kanji Freq: 1006,漢字の読みを入力してください,Text
__紅__，__紅__の色,くれない,"［紅］五級
音: コウ／グ 訓: べに／くれない／あか・い
意味: (やや)白色が混じった赤色、濃いピンクpink色、赤色(淡赤から深赤まで全般を指す)。
(花や女性の)美しいさま、艶(あで)やかなさま。
女紅(ジョコウ)、女性の仕事、針仕事や糸紡(いとつむ)ぎ・機織(はたおり)など。
大紅・大功(ダイコウ)、小紅・小功(ショウコウ)、麻製の喪服の名、「功」参照。",紅 → JPDB Kanji Freq: 1004,漢字の読みを入力してください,Text
__紅__，口__紅__,べに,"［紅］五級
音: コウ／グ 訓: べに／くれない／あか・い
意味: (やや)白色が混じった赤色、濃いピンクpink色、赤色(淡赤から深赤まで全般を指す)。
(花や女性の)美しいさま、艶(あで)やかなさま。
女紅(ジョコウ)、女性の仕事、針仕事や糸紡(いとつむ)ぎ・機織(はたおり)など。
大紅・大功(ダイコウ)、小紅・小功(ショウコウ)、麻製の喪服の名、「功」参照。",紅 → JPDB Kanji Freq: 1004,漢字の読みを入力してください,Text
__耐__える,た,"［耐］四級
音: ダイ／ナイ／タイ 訓: た・える
意味: 粘り強く厳しさや辛(つら)さなどを我慢する、また持ち堪(こた)える。
能(よ)くする。
懲(こ)らしめのために頬髭(ほおひげ)を剃(そ)り落とす、軽い刑罰の一つ、同「耏」。",耐 → JPDB Kanji Freq: 1003,漢字の読みを入力してください,Text
"__額__ずく
〔文〕①頭を地につけて礼をする。「神前に━」
②ていねいに礼をする。「額ずいてあやまる」",ぬか,"［額］六級
音: ガク／ギャク 訓: ひたい／ぬか
意味: 髪の生え際から眉の上まで部分、顔の目より上の部分。
建物の正面入口や門の上部中央に掲げる平板、額(ひたい、顔の上部)と同じような位置に掲げることから。
予(あらかじ)め定められている数また量。",額 → JPDB Kanji Freq: 1000,漢字の読みを入力してください,Text
__額__，__額__に汗する，__額__を集める,ひたい,"［額］六級
音: ガク／ギャク 訓: ひたい／ぬか
意味: 髪の生え際から眉の上まで部分、顔の目より上の部分。
建物の正面入口や門の上部中央に掲げる平板、額(ひたい、顔の上部)と同じような位置に掲げることから。
予(あらかじ)め定められている数また量。",額 → JPDB Kanji Freq: 1000,漢字の読みを入力してください,Text
__載__る，__載__せる,の,"［載］四級
音: サイ／ザイ 訓: の・せる／の・る
意味: 車や船などの上に乗る、乗って行く、また積む、積んで運ぶ。
(平らなものの)上に乗る、また乗せる。
本や帳面などに書き付ける。
歳(サイ、とし)、年(ネン、とし)。
且(か)つ、～と同時に、その上に
10の44乗{数字}",載 → JPDB Kanji Freq: 999,漢字の読みを入力してください,Text
__含__める，__含__む，__含__み,ふく,"［含］四級
音: カン／ゴン／ガン 訓: ふく・む
意味: 中にものが入っている、中に包み入れる、中に入れたものまた入っているものを外に出さない、口に物を入れて閉じたまま噛んだり吐き出したり飲み下したりしない状態をいう。
死者を送るために口に含ませる玉ギョク(美しく高貴な石)や珠(たま、球状の真珠)、同「唅」「琀」。",含 → JPDB Kanji Freq: 998,漢字の読みを入力してください,Text
__板__，__板__前,いた,"［板］八級
音: ハン／ヘン／バン 訓: いた
意味: 薄く平らな木、薄く平らなもの。
印刷する文字や絵などを彫(ほ)り込んだ板、同「版」。
(古くは板に書かれたことから)詔書ショウショ、文書。
(板のように)堅(かた)い、動かない、変化がない、呆板(ホウハン)(融通が利かない、柔軟性がない)」
舞曲の間で取る拍子ヒョウシ、拍子を取る平たく細長い木
、老板(ラオパン)、(小規模店・個人経営店の)社長、店主、店の主人、同「老闆」、繁「闆」。",板 → JPDB Kanji Freq: 997,漢字の読みを入力してください,Text
__伏__せる，うつ__伏__せ，__伏__す，__伏__し拝む,ふ,"［伏］三級
音: フク／ブク 訓: ふ・す／ふ・せる
意味: 体を屈(かが)め頭を下げ視線を下に向ける。
腹這い(はらばい)になる。
姿勢を低くして(頭を下げて)物の下に隠れる、また隠す。
(願い事をする・目上の人に申し上げる・頷くなどの場合のように)頭を下げる。
(頭を下げることから)従う、屈服する。
三伏(サンプク)、夏の暑い時期を三つの旬に分けた初伏(夏至後の三回目の庚の日)・中伏(夏至後の四回目の庚の日)・末伏(立秋後の最初の庚の日)の総称。",伏 → JPDB Kanji Freq: 996,漢字の読みを入力してください,Text
__河__，__河__原，三__河__,かわ,"［河］六級
音: カ／ガ 訓: かわ
意味: 川、特に大河タイガ(大きな川)を指す。
黄河(コウガ)の略称、これに対し「江」は、長江(チョウコウ)を指す、このことから中国北部では川を「河」、南部では「江」と呼ぶことが多いという。",河 → JPDB Kanji Freq: 995,漢字の読みを入力してください,Text
__袋__，__袋__小路，紙__袋__,ふくろ,"［袋］三級
音: タイ／ダイ 訓: ふくろ
意味: 物を入れるための紙・布・革製の入れ物。",袋 → JPDB Kanji Freq: 994,漢字の読みを入力してください,Text
__坂__，__坂__道，下り__坂__,さか,"［坂］八級
音: ハン／ホン／バン 訓: さか
意味: 傾斜した地形、傾斜した道、同「岅」「坡」「陂」「岥」。
土手、堤(つつみ)、同「坡」「陂」。",坂 → JPDB Kanji Freq: 993,漢字の読みを入力してください,Text
__津__波，__津__々浦々,つ,"［津］凖二級
音: シン 訓: つ
意味: 人や荷物を対岸に運ぶ船の発着する所、渡し場。
唾(つば)や汗などの液体が流れ出る、湧(わ)き出る、滴(したた)る。
潤(うるお)う。
溢(あふ)れる。",津 → JPDB Kanji Freq: 992,漢字の読みを入力してください,Text
__珍__しい，__珍__しさ，__珍__しがる,めずら,"［珍］四級
音: チン 訓: めずら・しい
意味: 玉ギョク(美しく高貴な石)や珠(たま、球状の真珠)などの宝石、宝物。
大変貴重なもの、貴重で大切にしているもの。
滅多にないもの、希少なもの。",珍 → JPDB Kanji Freq: 991,漢字の読みを入力してください,Text
__乳__，__乳__搾り,ちち,"［乳］五級
音: ジュ／ニュウ 訓: ちち／ち
意味: 生まれたばかりの子を育てるために母親の体から分泌される液体、ミルクmilk、またそれに似た白くやや粘性のある液体、同「奶」「嬭」。
(母乳を必要とする)生まれたばかりの、幼い、小さい。
(乳状の)白い液体。
乳房(ニュウボウ)(ちぶさ)」、乳頭(ニュウトウ)(ちくび)」の略、またそれに似た形のもの。",乳 → JPDB Kanji Freq: 989,漢字の読みを入力してください,Text
__乳__首，__乳__飲み子,ち,"［乳］五級
音: ジュ／ニュウ 訓: ちち／ち
意味: 生まれたばかりの子を育てるために母親の体から分泌される液体、ミルクmilk、またそれに似た白くやや粘性のある液体、同「奶」「嬭」。
(母乳を必要とする)生まれたばかりの、幼い、小さい。
(乳状の)白い液体。
乳房(ニュウボウ)(ちぶさ)」、乳頭(ニュウトウ)(ちくび)」の略、またそれに似た形のもの。",乳 → JPDB Kanji Freq: 989,漢字の読みを入力してください,Text
__陰__る，__陰__り，__陰__，日__陰__,かげ,"［陰］四級
音: イン／オン 訓: かげ／かげ・る
意味: 物に遮(さえぎ)られて光(日光)が届かない、日光が届かずに暗い、またそのようなところ、日光が当たるところは「陽」。
山の北側、川の南側、日光が当たらない側、逆は「陽」。
人の目に触れない側、裏側、内面、隠れて見えない側、逆は「陽」。
隠す、見えないようにする。
人(女性)の生殖器。
日時計の影、時間、光陰(コウイン)。",陰 → JPDB Kanji Freq: 987,漢字の読みを入力してください,Text
__虫__，毛__虫__,むし,"［虫］十級
音: キ／ケ／チュウ／ジュウ 訓: むし
意味: 蝮(マムシ)、クサリヘビ科マムシ属のヘビ蛇、同「虺」「蝮」(音は「虺」と同じで「キ、ケ」)。
動物の総称、動物全体を「五虫」とし「鱗虫(外皮が鱗うろこ状の動物、魚類や爬虫類の一部)・羽虫(羽を持つ動物、鳥類)・裸虫(ヒト人、人類)・毛虫(体毛のある動物、獣類)・甲虫(外皮が堅い動物、亀類・甲殻類)」に分ける。
昆虫の総称、貝類・爬虫類なども含む脚(あし)のある(小)動物の総称、同繁「蟲」、同「䖵」。
むし、むしへん、部首名。",虫 → JPDB Kanji Freq: 986,漢字の読みを入力してください,Text
__聴__く,き,"［聴］三級
音: テイ／チョウ 訓: き・く
意味: 耳を傾けて言わんとするところをしっかりと聞く。
聞いたことを受け入れる、聞き入れる。
聞き入れてその通りにさせる、思い通りにさせる。",聴 → JPDB Kanji Freq: 984,漢字の読みを入力してください,Text
__矢__，__矢__印，__矢__面,や,"［矢］九級
音: シ 訓: や
意味: 弓を使って離れている獲物を仕留めるための棒状の武器、竹製の矢は特に、箭(セン)という{武器(弓箭)}。
まっすぐなさま、まっすぐに進むさま。
きっぱりと(ずばりと)言う、誓(ちか)う(「どこまでもまっすぐ」の意)。
まっすぐに並ぶさま。
糞(くそ)、大便、、馬矢(バシ)、遺矢(イシ)、同「屎」。
や、やへん、部首名。",矢 → JPDB Kanji Freq: 983,漢字の読みを入力してください,Text
"__給__う・賜う
〔古風〕〔他人の行為を尊敬して〕お…になる。
「立ち━・心配し━な」",たま,"［給］七級
音: キュウ／コウ 訓: たま・う
意味: 足りていないところ(加える必要があるところ)に足して繋(つな)ぎ合わせる。
必要があるところに必要とするものを補(おぎな)う、足して足りるようにする。
上位の人(足りている人)が下位の人(足りていない人)に与える。
報酬、手当、給与(キュウヨ)。",給 → JPDB Kanji Freq: 982,漢字の読みを入力してください,Text
__焦__る，__焦__り,あせ,"［焦］三級
音: ショウ 訓: あせ・る／こ・げる／こ・がす／こ・がれる／じ・れる／じ・らす
意味: 焼けて(黒く)色が変わる、またちりちり(縮んで皴が寄るさま)になる。
焼けて臭いがする。
心中が焼けるように熱くなる、苛々(いらいら)して気ばかりが急(せ)く、先走る気持ちに体が付いて行かない。",焦 → JPDB Kanji Freq: 981,漢字の読みを入力してください,Text
"__焦__れる，__焦__らす
不安に思って心がせく。いらだつ。",じ,"［焦］三級
音: ショウ 訓: あせ・る／こ・げる／こ・がす／こ・がれる／じ・れる／じ・らす
意味: 焼けて(黒く)色が変わる、またちりちり(縮んで皴が寄るさま)になる。
焼けて臭いがする。
心中が焼けるように熱くなる、苛々(いらいら)して気ばかりが急(せ)く、先走る気持ちに体が付いて行かない。",焦 → JPDB Kanji Freq: 981,漢字の読みを入力してください,Text
__焦__げる，黒__焦__げ，__焦__がれる，__焦__がす,こ,"［焦］三級
音: ショウ 訓: あせ・る／こ・げる／こ・がす／こ・がれる／じ・れる／じ・らす
意味: 焼けて(黒く)色が変わる、またちりちり(縮んで皴が寄るさま)になる。
焼けて臭いがする。
心中が焼けるように熱くなる、苛々(いらいら)して気ばかりが急(せ)く、先走る気持ちに体が付いて行かない。",焦 → JPDB Kanji Freq: 981,漢字の読みを入力してください,Text
__忙__しい，__忙__しさ,いそが,"［忙］四級
音: ボウ／モウ 訓: せわ・しい／いそが・しい
意味: あれこれとすべきことが多い、すべきことが多くゆとりがない、同「慌」「恾」。
急忙(キュウボウ・ジィマン)、慌(あわただ)しいさま、他のことは差し置いて急ぐさま。",忙 → JPDB Kanji Freq: 980,漢字の読みを入力してください,Text
"__忙__しない，__忙__しい
①いそがしさなどのため、気持ちが落ち着かない。
「━日常」
②じっとしていなかったり、次々に変わったりして、見ていて落ち着かない。
「忙しなく歩き回る」",せわ,"［忙］四級
音: ボウ／モウ 訓: せわ・しい／いそが・しい
意味: あれこれとすべきことが多い、すべきことが多くゆとりがない、同「慌」「恾」。
急忙(キュウボウ・ジィマン)、慌(あわただ)しいさま、他のことは差し置いて急ぐさま。",忙 → JPDB Kanji Freq: 980,漢字の読みを入力してください,Text
__箱__，__箱__庭，小__箱__,はこ,"［箱］八級
音: ソウ／ショウ 訓: はこ
意味: ものを収納(収蔵)する方形の入れ物、四周が囲われ上面・下面が塞(ふさ)がれているもの、小形のものは、篋(キョウ)(はこ)」、またそのような形のもの。
人や物を入れる車台上の室シツ、屋根があり四周が囲われているもの。
母屋(おもや)の左右(東西)に建てられた部屋、同「廂」。",箱 → JPDB Kanji Freq: 978,漢字の読みを入力してください,Text
__桜__，__桜__色，葉__桜__,さくら,"［桜］六級
音: オウ／ヨウ 訓: さくら
意味: 桜(サクラ)、バラ科サクラ属などの植物の称{サクラ}。
桜桃(オウトウ)、カラミザクラ唐実桜、別名シナミザクラ支那実桜、バラ科サクラ属の木、またその実(さくらんぼ・さくらんぼう桜桃・桜ん坊)、日本では果実を食用とするサクラ類の植物を指す{カラミザクラ}。
毛桜桃(モウオウトウ)、ユスラウメ山桜桃・梅桃・桜桃、バラ科スモモ属の木、またその実{ユスラウメ}。",桜 → JPDB Kanji Freq: 977,漢字の読みを入力してください,Text
__寺__，尼__寺__,てら,"［寺］九級
音: シ／ジ 訓: てら
意味: 役人が執務シツムするところ、役所、その建物また部署。
主(あるじ)の近くに仕える、同「侍」。
寺人(ジジン)後宮コウキュウ(皇后や妃などが居住する館)に仕える人(古くは去勢された男子)、宦官カンガン主の近くに仕え身の回りのさまざまな用事をこなす人、使用人。
仏僧が修行や仏事を行ったり居住したりする建物。",寺 → JPDB Kanji Freq: 976,漢字の読みを入力してください,Text
__費__やす，__費__える，__費__え,つい,"［費］六級
音: ヒ 訓: つい・やす／つい・える
意味: 金銭・品物・労力などを使う、時間・手間などがかかる。
ものなどを買うために用いる金銭、費用(ヒヨウ)。
使い減らす、浪費(ロウヒ)。
魯国(前11世紀～前256年)にあった古地名、現山東省済寧市魚台県付近{山東省}。
魯国にあった古地名、現山東省臨沂市費県付近、同「鄪」。",費 → JPDB Kanji Freq: 974,漢字の読みを入力してください,Text
__企__てる，__企__て,くわだ,"［企］三級
音: キ 訓: くわだ・てる／たくら・む
意味: 爪先立ちする、「期待していることが実現する時を今か今かと待つ」の意に用いることがある。
立つ、期待していることを実現しようとして立つ(行動を起こす)。",企 → JPDB Kanji Freq: 973,漢字の読みを入力してください,Text
__企__む,たくら,"［企］三級
音: キ 訓: くわだ・てる／たくら・む
意味: 爪先立ちする、「期待していることが実現する時を今か今かと待つ」の意に用いることがある。
立つ、期待していることを実現しようとして立つ(行動を起こす)。",企 → JPDB Kanji Freq: 973,漢字の読みを入力してください,Text
"__詳__らか・__審__らか
〔文〕くわしいようす。事細かなようす。
「事情を━にする」",つまび,"［詳］四級
音: ショウ／ゾウ 訓: くわ・しい／つまび・らか
意味: 細かいことまで漏れがないさま。
細かく漏れがないように説明する、また報告する、また理解する。
漏らすことなく調べ論じて細部まで明らかにする。","詳 → JPDB Kanji Freq: 972
審 → JPDB Kanji Freq: 1107",漢字の読みを入力してください,Text
__詳__しい，__詳__しさ,くわ,"［詳］四級
音: ショウ／ゾウ 訓: くわ・しい／つまび・らか
意味: 細かいことまで漏れがないさま。
細かく漏れがないように説明する、また報告する、また理解する。
漏らすことなく調べ論じて細部まで明らかにする。",詳 → JPDB Kanji Freq: 972,漢字の読みを入力してください,Text
__穴__，抜け__穴__，__穴__が開く，節__穴__,あな,"［穴］五級
音: ケツ／ゲチ 訓: あな
意味: 土や岩などの⊂字状に窪(くぼ)んだ空間、窟(いわや)、またそのような地形また形、反対側に突き抜けないもの、洞穴(ドウケツ)、突き抜けているものは「孔」。
Ｕ字状の窪み。
鍼(はり)や灸キュウのつぼ。
あな、あなかんむり、部首名。",穴 → JPDB Kanji Freq: 971,漢字の読みを入力してください,Text
__床__， __床__しい，__床__下,ゆか,"［床］四級
音: ソウ／ジョウ／ショウ 訓: とこ／ゆか／ゆか・しい
意味: 寝台や椅子、一段高く平らで横になったり座ったりできるようにしたもの、同「牀」。
一段高く平らなのところ、またそのような(台状、ベッドbed状)もの、同「牀」。
日とこ、寝るための設(しつら)えをしたところ。
日。",床 → JPDB Kanji Freq: 970,漢字の読みを入力してください,Text
__床__，__床__の間，寝__床__,とこ,"［床］四級
音: ソウ／ジョウ／ショウ 訓: とこ／ゆか／ゆか・しい
意味: 寝台や椅子、一段高く平らで横になったり座ったりできるようにしたもの、同「牀」。
一段高く平らなのところ、またそのような(台状、ベッドbed状)もの、同「牀」。
日とこ、寝るための設(しつら)えをしたところ。
日。",床 → JPDB Kanji Freq: 970,漢字の読みを入力してください,Text
__省__く,はぶ,"［省］七級
音: セイ／ショウ 訓: かえり・みる／はぶ・く
意味: 目を細めて詳(くわ)しく見る、同「䚇」。
かえり・みる、これまでの自分の思いや行いなどを詳しく振り返ってみる。
はぶ・く、必要な部分だけを残して不要な部分を取り除く、本来の形を変えずに枝葉シヨウ(えだは)を切り落として簡潔カンケツな形にする。
安否や様子を細かく尋ねる、ご機嫌を伺(うかが)う。
中央の役所、同「𨵥」「𡨽」。
行政区画名、一般には「郡」「県」よりも大きい区画。",省 → JPDB Kanji Freq: 968,漢字の読みを入力してください,Text
__省__みる,かえり,"［省］七級
音: セイ／ショウ 訓: かえり・みる／はぶ・く
意味: 目を細めて詳(くわ)しく見る、同「䚇」。
かえり・みる、これまでの自分の思いや行いなどを詳しく振り返ってみる。
はぶ・く、必要な部分だけを残して不要な部分を取り除く、本来の形を変えずに枝葉シヨウ(えだは)を切り落として簡潔カンケツな形にする。
安否や様子を細かく尋ねる、ご機嫌を伺(うかが)う。
中央の役所、同「𨵥」「𡨽」。
行政区画名、一般には「郡」「県」よりも大きい区画。",省 → JPDB Kanji Freq: 968,漢字の読みを入力してください,Text
__泉__，知識の__泉__,いずみ,"［泉］五級
音: セン／ゼン 訓: いずみ
意味: 水が地表に湧(わ)き出るところ、源(みなもと)、水源スイゲン、またその水、同「𤽇」「湶」「洤」。
銭ぜに、「湧(わ)き出た水が人々を潤すように、銭は人々の生活を潤す」の意。
(地下に死者の世界があると考えたことから)死後の世界、泉下(センカ)(死後の世界、冥土メイド)」。
黄泉(コウセン)地下から水が湧き出る泉死後の世界、冥土メイド。",泉 → JPDB Kanji Freq: 967,漢字の読みを入力してください,Text
__懐__，__懐__手，内__懐__,ふところ,"［懐］凖二級
音: カイ／エ 訓: ふところ／いだ・く／なつ・かしい／なつ・く
意味: 着物の前合わせ(体の前で重ね合わさったところ)や着物と下着の間、同「褱」。
周りが覆われている内側、心の中、腹の中。
包み込む、胸に抱(だ)く、心に思い抱(いだ)く。
子を孕(はら)む、妊娠する。
胸に抱(だ)いて大切にする、馴(な)れ親しむ。
なつ・かしい、慕(した)わしく思う、過去のことが胸に浮かぶ。",懐 → JPDB Kanji Freq: 964,漢字の読みを入力してください,Text
__懐__ける，__懐__く，__懐__かしむ，__懐__かしい,なつ,"［懐］凖二級
音: カイ／エ 訓: ふところ／いだ・く／なつ・かしい／なつ・く
意味: 着物の前合わせ(体の前で重ね合わさったところ)や着物と下着の間、同「褱」。
周りが覆われている内側、心の中、腹の中。
包み込む、胸に抱(だ)く、心に思い抱(いだ)く。
子を孕(はら)む、妊娠する。
胸に抱(だ)いて大切にする、馴(な)れ親しむ。
なつ・かしい、慕(した)わしく思う、過去のことが胸に浮かぶ。",懐 → JPDB Kanji Freq: 964,漢字の読みを入力してください,Text
__沈__める，__沈__む，浮き__沈__み,しず,"［沈］四級
音: チン／ジン／シン 訓: しず・む
意味: ものが水中を底の方に向かって落ちて行く、全体が水面よりも下になって見えなくなる、同「沉」。
気持ちが落ち込む(沈み込む)、同「沉」。
奥深くに入り込む、深くのめり込む、同「沉」「湛」。
静かなさま、落ち着いているさま、同「沉」。
沈陽(シンヨウ)、市名、遼寧省の省都瀋陽市、繁「瀋」{遼寧省}。",沈 → JPDB Kanji Freq: 963,漢字の読みを入力してください,Text
__潰__れる，__潰__す,つぶ,"［潰］二級
音: カイ／エ 訓: つい・える／つぶ・れる／つぶ・す
意味: 堤防が崩れる、崩れて水が漏(も)れ出る。
外に溢(あふ)れ出た(漏れ出た)水が流れる、同「洚」。
崩れて元の形を成さなくなる、崩れて散り散りになる。
体の組織が爛(ただ)れる、潰瘍(カイヨウ)。
日力を加えて平らに(ぺしゃんこに)する。",潰 → JPDB Kanji Freq: 962,漢字の読みを入力してください,Text
"__潰__える
〔文〕①くずれて、こわれる。
②負ける。「二回戦で━」",つい,"［潰］二級
音: カイ／エ 訓: つい・える／つぶ・れる／つぶ・す
意味: 堤防が崩れる、崩れて水が漏(も)れ出る。
外に溢(あふ)れ出た(漏れ出た)水が流れる、同「洚」。
崩れて元の形を成さなくなる、崩れて散り散りになる。
体の組織が爛(ただ)れる、潰瘍(カイヨウ)。
日力を加えて平らに(ぺしゃんこに)する。",潰 → JPDB Kanji Freq: 962,漢字の読みを入力してください,Text
__誤__る，__誤__り,あやま,"［誤］五級
音: ゴ／グ 訓: あやま・る
意味: 間違う、本来の仕方(しかた、やり方・方法・手段など)を違(たが)える、理解・判断・行動の際の基準(基準の選択、基準の本来の意味)を取り違える。
判断を間違う、思っていたような結果にならない。
人を惑(まど)わす、惑わし欺(あざ)く、同「悞」。",誤 → JPDB Kanji Freq: 961,漢字の読みを入力してください,Text
__至__る，__至__って〔副〕,いた,"［至］五級
音: シ 訓: いた・る
意味: 目指すところに行き着く(達する、届く)、ある時間・状態になる(達する、届く)、同「到」。
自分ところに届く、やって来る。
それより先がない(これ以上はない)ところまで行き着く、極まる、同「到」。
(隅々まで、限界まで)行き届く。
極めて、非常に、この上なく。
いたる、部首名。",至 → JPDB Kanji Freq: 959,漢字の読みを入力してください,Text
__専__ら,もっぱ,"［専］五級
音: セン 訓: もっぱ・ら／もっぱ・らにする
意味: もっぱ・ら、ただそれだけ、ただひたすら、一途(いちず)。
もっぱ・らにする、一人でする、一人で自分の思い通りにする、同「顓」「擅」。",専 → JPDB Kanji Freq: 958,漢字の読みを入力してください,Text
__尻__，__尻__込み，目__尻__,しり,"［尻］二級
音: コウ 訓: しり
意味: 胴体の最下部で、座った時に下になり(地に接して)上半身を支える部分、同「𡱂」「𦞠」{人体(全身)}。
ものの尽きる(果てる)ところ、最後尾サイコウビ、器物などの底部。",尻 → JPDB Kanji Freq: 956,漢字の読みを入力してください,Text
__討__つ，敵__討__ち,う,"［討］五級
音: トウ 訓: う・つ
意味: 非ヒや罪ザイ(つみ)を厳(きび)しく咎(とが)める。
治(おさ)める、平(たい)らげる、攻(せ)めて敵を排除ハイジョする。
尋(たず)ねる、探(さが)す、隅々まで探し尽(つ)くす、討論(トウロン)。",討 → JPDB Kanji Freq: 951,漢字の読みを入力してください,Text
__舌__，猫__舌__，二枚__舌__,した,"［舌］五級
音: セツ／ゼチ／ゼツ 訓: した
意味: 口の中の味を感じ発音・咀嚼の助けをする器官。
言葉を話す。
扁平で先が丸く突き出ているもの、帽舌(ボウゼツ)(帽子のつば)」。
鈴レイ(すず)や鐸タクなど内部に吊るしてある錘(おもり)、これが振れて鈴や鐸などの内側に当たり音を出す{楽器(打楽器)}。
した、したへん、部首名。",舌 → JPDB Kanji Freq: 950,漢字の読みを入力してください,Text
__訪__ねる,たず,"［訪］五級
音: ホウ 訓: たず・ねる／おとず・れる
意味: あちこちに出向いて問う、尋(たず)ねる。
(尋ねるために)出向く。
日やって来る。",訪 → JPDB Kanji Freq: 949,漢字の読みを入力してください,Text
"__訪__れる，__訪__れ
__訪__う","おとず,おとな","［訪］五級
音: ホウ 訓: たず・ねる／おとず・れる
意味: あちこちに出向いて問う、尋(たず)ねる。
(尋ねるために)出向く。
日やって来る。",訪 → JPDB Kanji Freq: 949,漢字の読みを入力してください,Text
__既__に,すで,"［既］三級
音: キ／ケ 訓: すで・に／すんで・に
意味: ～し尽(つ)くす、～し終わる。
もう～、最早(もはや)～、とっくに～、終了或いは完了してしまっていることを指す。
～の上に(更に)～、～したからには～。
日すんで・に、もう少しのところで。",既 → JPDB Kanji Freq: 948,漢字の読みを入力してください,Text
__推__す,お,"［推］五級
音: スイ／タイ／ツイ 訓: お・す
意味: (前に向かって)押す、押し出す、押し開ける、押し広げる。
前に向かって進む、また進める、推移(スイイ)。
人に(人を)進める、また薦(すす)める、推挙(スイキョ)。
考えを押し広げる、押し進める。",推 → JPDB Kanji Freq: 947,漢字の読みを入力してください,Text
"__委__ねる
①（すっかり）人にまかせる。
「事業を━・結論は読者に━」
②ささげる。
「教育に身を━」",ゆだ,"［委］八級
音: イ 訓: ゆだ・ねる／まか・せる／くわ・しい
意味: まか・せる、人に任(まか)せる、任せて成すがままにさせる。
ゆだ・ねる、他に任せたままにする、他に任せて自らは何もしない。
曲がる、曲がったまま、きちんとしていない、「穂(禾)が弱々しく(女)垂れる、垂れたまま」の意。
曲がったものの先(さき)、「垂れた穂先」の意。
ものの末端まで詳しく、細部まで確かに、委曲(イキョク)",委 → JPDB Kanji Freq: 946,漢字の読みを入力してください,Text
__寒__い，__寒__がる，__寒__空,さむ,"［寒］八級
音: カン／ガン 訓: さむ・い
意味: 凍(こご)える、冷(ひ)える、同「𣽬」。
気温が低い、空気が冷(つめ)たい。
物が乏(とぼ)しい、貧(まず)しい。",寒 → JPDB Kanji Freq: 944,漢字の読みを入力してください,Text
__施__す，__施__し,ほどこ,"［施］三級
音: シ／セ 訓: ほどこ・す
意味: 広げる、平らに広げる、同「𢻫」。
広く行き渡る、また行き渡らせる、広める。
広く恩恵を行き渡らせる、恵む、与える。
旗が広がり翻(ひるがえ)る。
施行(シコウ)、(一部の人が作り上げた案、紙に書かれた計画などを)実際に行う、展開する。
戚施(セキシ)ヒキガエル(蟾蜍センジョ)、ヒキガエル科のカエル蛙の総称(ヒキガエルのように)背が曲がって頭を上げられない(顔が下を向いてしまう)人、同、面柔(メンジュウ)(前のものを見るときに上目遣いになることから)媚(こ)び諂(へつら)う人。",施 → JPDB Kanji Freq: 943,漢字の読みを入力してください,Text
__寂__れる，__寂__しい，__寂__しがる，寂,さび,"［寂］四級
音: セキ／ジャク 訓: さび／さび・しい／さび・れる
意味: 声や音がすることもなくひっそりとしているさま、同「諔」。
寂寥(セキリョウ)何もなく空虚なさま声や音がすることもなくひっそりとしているさま。
寂寞・寂漠(セキバク)、人の姿も声や音もなくひっそりとしているさま。
仏悟(さと)りの境地。
仏。",寂 → JPDB Kanji Freq: 942,漢字の読みを入力してください,Text
__港__，__港__町,みなと,"［港］八級
音: コウ 訓: みなと
意味: 船が通る水路。
多くの船が停泊する所、埠頭フトウ。",港 → JPDB Kanji Freq: 940,漢字の読みを入力してください,Text
__九__つ，__九__日，__九__重,ここの,"［九］十級
音: キュウ／ク 訓: ここの・つ
意味: 数の名、大写字(「一」は「壹」・「二」は「貳」のような大文字のこと)は「玖」{数字}。
数が多いさま、最も大きい数、最後の数。
最後まで行き着くさま、奥深いさま、同「究」。",九 → JPDB Kanji Freq: 938,漢字の読みを入力してください,Text
__慌__てる，大__慌__て，__慌__ただしい，__慌__ただしさ,あわ,"［慌］三級
音: コウ 訓: あわ・てる／あわただ・しい
意味: あわ・てる、頭が混乱して狼狽(うろた)える。
あわただ・しい、忙(せわ)しく落ち着けない、すべきことが多く忙しい、同「忙」。
ぼんやりする。",慌 → JPDB Kanji Freq: 937,漢字の読みを入力してください,Text
__妻__，人__妻__,つま,"［妻］六級
音: セイ／サイ 訓: つま／めあ・わせる／めあ・わす
意味: 男子の配偶者、夫が自分の配偶者を呼ぶ語。
娘を他家に嫁(とつ)がせる、他家から娶(めと)り配偶者とする。",妻 → JPDB Kanji Freq: 934,漢字の読みを入力してください,Text
__遣__わす，__遣__う，金__遣__い,つか,"［遣］四級
音: ケン 訓: つか・わす／つか・う／や・る／よこ・す
意味: 人を行かせる、差し向ける、派遣(ハケン)。
追いやる、追い払う。
人や物を送る。
死者を葬(ほうむ)る際に共に埋葬する副葬品、遣車(ケンシャ)(副葬品を載せる車)」。
～させる。",遣 → JPDB Kanji Freq: 932,漢字の読みを入力してください,Text
__遣__る,や,"［遣］四級
音: ケン 訓: つか・わす／つか・う／や・る／よこ・す
意味: 人を行かせる、差し向ける、派遣(ハケン)。
追いやる、追い払う。
人や物を送る。
死者を葬(ほうむ)る際に共に埋葬する副葬品、遣車(ケンシャ)(副葬品を載せる車)」。
～させる。",遣 → JPDB Kanji Freq: 932,漢字の読みを入力してください,Text
__魚__，__魚__市場,うお,"［魚］九級
音: ギョ／ゴ 訓: さかな／うお
意味: 水中に棲息し鱗(うろこ)で覆われ鰓(えら)呼吸する変温動物の総称。
うお、うおへん、部首名。",魚 → JPDB Kanji Freq: 931,漢字の読みを入力してください,Text
__魚__，__魚__屋，煮__魚__,さかな,"［魚］九級
音: ギョ／ゴ 訓: さかな／うお
意味: 水中に棲息し鱗(うろこ)で覆われ鰓(えら)呼吸する変温動物の総称。
うお、うおへん、部首名。",魚 → JPDB Kanji Freq: 931,漢字の読みを入力してください,Text
__菜__，青__菜__，青__菜__に塩,な,"［菜］七級
音: サイ 訓: な
意味: 食用にする草の総称。
主食に添えて出されるおかず、料理。",菜 → JPDB Kanji Freq: 930,漢字の読みを入力してください,Text
__迫__る,せま,"［迫］四級
音: ハク／ヒャク 訓: せま・る
意味: 間近(まじか)まで近づく、間(あいだ)が狭まる、間(ま)が詰まる、逼迫(ヒッパク)。
(身動きができないところまで)間を詰める、追い詰める、強迫(キョウハク)。",迫 → JPDB Kanji Freq: 929,漢字の読みを入力してください,Text
__迫__り上がる，__迫__り出す,せ,"［迫］四級
音: ハク／ヒャク 訓: せま・る
意味: 間近(まじか)まで近づく、間(あいだ)が狭まる、間(ま)が詰まる、逼迫(ヒッパク)。
(身動きができないところまで)間を詰める、追い詰める、強迫(キョウハク)。",迫 → JPDB Kanji Freq: 929,漢字の読みを入力してください,Text
"__扱__く
①（一方の手でにぎり、他方の）手で、強くこするようにして引く。
「あごひげを━・やり（槍）を━〔＝勢いよく手前に引く〕」
②きびしく訓練する。
「選手を━」",しご,"［扱］四級
音: ソウ／ショウ／キュウ／コウ 訓: しご・く／こ・く／あつか・う
意味: 挟(はさ)む、狭いところに差し入れる、同「插(挿)」。
引く、手前に引く、引き上げる。
搔(か)き集める、一カ所に集める、また集め取る、集めて片付ける。
拝礼して手を地に着ける
日しご・く、こ・く長いものを片手でぐっと握(にぎ)り、他方の手でそれを引く厳(きび)しく訓練する
日。",扱 → JPDB Kanji Freq: 928,漢字の読みを入力してください,Text
"__扱__く
［他五］他の物にはさんで、むしるようにして落とす。しごく。
「稲をこく」",こ,"［扱］四級
音: ソウ／ショウ／キュウ／コウ 訓: しご・く／こ・く／あつか・う
意味: 挟(はさ)む、狭いところに差し入れる、同「插(挿)」。
引く、手前に引く、引き上げる。
搔(か)き集める、一カ所に集める、また集め取る、集めて片付ける。
拝礼して手を地に着ける
日しご・く、こ・く長いものを片手でぐっと握(にぎ)り、他方の手でそれを引く厳(きび)しく訓練する
日。",扱 → JPDB Kanji Freq: 928,漢字の読みを入力してください,Text
__扱__う，__扱__い，客__扱__い,あつか,"［扱］四級
音: ソウ／ショウ／キュウ／コウ 訓: しご・く／こ・く／あつか・う
意味: 挟(はさ)む、狭いところに差し入れる、同「插(挿)」。
引く、手前に引く、引き上げる。
搔(か)き集める、一カ所に集める、また集め取る、集めて片付ける。
拝礼して手を地に着ける
日しご・く、こ・く長いものを片手でぐっと握(にぎ)り、他方の手でそれを引く厳(きび)しく訓練する
日。",扱 → JPDB Kanji Freq: 928,漢字の読みを入力してください,Text
__荷__，__荷__物，初__荷__,に,"［荷］八級
音: カ／ガ 訓: に／にな・う
意味: 蓮(ハス)、ハス科ハス属の水草、ハスの花・実・茎・根茎など全体を指す、別名、芙蕖(フキョ)。
薄荷(ハッカ)、シソ科ハッカ属の草{ハッカ}
背や肩に物を載(の)せる、担(かつ)ぐ
(義務や責任などを)背負う。",荷 → JPDB Kanji Freq: 927,漢字の読みを入力してください,Text
__挙__げる，__挙__げて〔副〕，__挙__がる,あ,"［挙］七級
音: キョ／コ 訓: あ・げる／あ・がる／あ・げて／こぞ・る／こぞ・って
意味: (ものを手で頭よりも上に)持ち上げる、手を高く上げる、挙手(キョシュ)。
(問題点などを)取り上げる。
(人などを)取り立てる、推挙(スイキョ)。
事を起こす、行(おこな)う。
(国や場所を)占領する。
行い、行為。
全て、悉(ことごと)く、残らずに、挙国(キョコク)(国を挙げて、国民全て)」。",挙 → JPDB Kanji Freq: 926,漢字の読みを入力してください,Text
"__挙__って，__挙__る
〔文〕人々がすべて参加するようす。残らず。みな。
「━参加する」",こぞ,"［挙］七級
音: キョ／コ 訓: あ・げる／あ・がる／あ・げて／こぞ・る／こぞ・って
意味: (ものを手で頭よりも上に)持ち上げる、手を高く上げる、挙手(キョシュ)。
(問題点などを)取り上げる。
(人などを)取り立てる、推挙(スイキョ)。
事を起こす、行(おこな)う。
(国や場所を)占領する。
行い、行為。
全て、悉(ことごと)く、残らずに、挙国(キョコク)(国を挙げて、国民全て)」。",挙 → JPDB Kanji Freq: 926,漢字の読みを入力してください,Text
__秋__，__秋__葉原,あき,"［秋］九級
音: シュウ／シュ 訓: あき／とき
意味: 穀物の実が成熟して収穫する季節。
物事に取り掛かる時、機が熟す重要な時、大切な時期。",秋 → JPDB Kanji Freq: 925,漢字の読みを入力してください,Text
__貸__す，__貸__し,か,"［貸］六級
音: タイ 訓: か・す
意味: 施(ほどこ)す、金品などを与える。
後で返してもらうことを条件に自分の所有物を人に預け用いさせる、同「貣」。
後で返すことを条件に人の所有物を別人が預かり用いる、借りる、同「借」。
猶予ユウヨする、大目に見る、許す、同「貣」。",貸 → JPDB Kanji Freq: 923,漢字の読みを入力してください,Text
__唇__，下__唇__，上__唇__,くちびる,"［唇］凖二級
音: シュン／ジュン／シン 訓: くちびる
意味: 驚く、驚き口を(唇を)震わせる、同「㖘」。
口の上下にある辺縁部、同「脣」{人体(頭部)}。",唇 → JPDB Kanji Freq: 922,漢字の読みを入力してください,Text
__州__，中__州__，三角__州__,す,"［州］八級
音: シュウ／ス 訓: す
意味: 川の中にできた陸地、同「洲」。
大きな陸地、大陸。
行政区画の単位、「州(領土、支配地)」の外を、殥(イン)、その外を、紘(コウ)、更にその外を、垓(ガイ)という。",州 → JPDB Kanji Freq: 921,漢字の読みを入力してください,Text
__幼__い，__幼__友達,おさな,"［幼］五級
音: ユウ／ヨウ 訓: おさな・い／いとけな・い
意味: 十分に年を経(へ)ていないさま。
十分な程度に達していないさま、未熟なさま。
(幼い子を大切に育てるように)たっぷりの愛情を込めて慈(いつく)しむ。",幼 → JPDB Kanji Freq: 920,漢字の読みを入力してください,Text
__汚__い，__汚__らしい,きたな,"［汚］四級
音: オ／ウ 訓: けが・す／けが・れる／けが・らわしい／よご・す／よご・れる／きたな・い
意味: 淀(よど)んで濁(にご)った水。
穢(けが)れる、異物が混じる。
不潔フケツなさま。
行いが正しくない。
泥を塗る、泥を塗って面目を失わせる。",汚 → JPDB Kanji Freq: 917,漢字の読みを入力してください,Text
"__汚__れる，__汚__れ，__汚__らわしい，__汚__す
①いやだ、ふれたくないと感じるものが、ついたり、まざったりする。 「そんな本を読んだら目が━・汚れた世の中」 ②〔とうとさ・名誉が〕そこなわれる。 「家名が━」",けが,"［汚］四級
音: オ／ウ 訓: けが・す／けが・れる／けが・らわしい／よご・す／よご・れる／きたな・い
意味: 淀(よど)んで濁(にご)った水。
穢(けが)れる、異物が混じる。
不潔フケツなさま。
行いが正しくない。
泥を塗る、泥を塗って面目を失わせる。",汚 → JPDB Kanji Freq: 917,漢字の読みを入力してください,Text
__汚__れる，__汚__れ，__汚__れ物，__汚__す，口__汚__し,よご,"［汚］四級
音: オ／ウ 訓: けが・す／けが・れる／けが・らわしい／よご・す／よご・れる／きたな・い
意味: 淀(よど)んで濁(にご)った水。
穢(けが)れる、異物が混じる。
不潔フケツなさま。
行いが正しくない。
泥を塗る、泥を塗って面目を失わせる。",汚 → JPDB Kanji Freq: 917,漢字の読みを入力してください,Text
__窓__，__窓__口，出__窓__,まど,"［窓］五級
音: ソウ 訓: まど
意味: 通気や採光のために壁などに設けるもの、同「囱」「牎」{建物}。
壁など(内と外を隔てる遮蔽物)の内と外の間の開口部。",窓 → JPDB Kanji Freq: 916,漢字の読みを入力してください,Text
__悩__む，__悩__み，__悩__ましい，__悩__ます,なや,"［悩］四級
音: ドウ／ノウ 訓: なや・む
意味: なや・む、迷い苦しむ、心が乱れる。",悩 → JPDB Kanji Freq: 912,漢字の読みを入力してください,Text
__致__す,いた,"［致］四級
音: チ 訓: いた・す
意味: 相手方まで持って行って届ける、「送致」。
招き寄せる、こちらまで来させる、「招致」。
～に至る、～に至らしめる、「致死」。
～という結果に行く着く、～になる、「一致」。
趣(おもむき)、気持ちが行く着くところ、「筆致」。
官職を辞する。
肌理(きめ)が細かい、目がぎっしりと詰まっている、同繁「緻」。",致 → JPDB Kanji Freq: 910,漢字の読みを入力してください,Text
"__辛__い
❶ がまんできないくらい苦しい。例: 歩くのが辛い。
❷ 人に対してつめたい。例: 辛いしうちを受ける。",つら,"［辛］三級
音: シン 訓: から・い／つら・い／かのと／かろ・うじて
意味: 舌がひりひりと痛むような味、五味(甘・酸・鹹・苦・辛)の一つ。
涙が出るような(泣き出しそうな)痛み、突き刺されるような痛み。
かのと、十干ジッカン(甲・乙・丙・丁・戊・己・庚・辛・壬・癸)の第八{十干}。
日厳(きび)しい、程度が甚(はなは)だしい。
日。",辛 → JPDB Kanji Freq: 909,漢字の読みを入力してください,Text
__辛__い，__辛__み，__辛__うじて,から,"［辛］三級
音: シン 訓: から・い／つら・い／かのと／かろ・うじて
意味: 舌がひりひりと痛むような味、五味(甘・酸・鹹・苦・辛)の一つ。
涙が出るような(泣き出しそうな)痛み、突き刺されるような痛み。
かのと、十干ジッカン(甲・乙・丙・丁・戊・己・庚・辛・壬・癸)の第八{十干}。
日厳(きび)しい、程度が甚(はなは)だしい。
日。",辛 → JPDB Kanji Freq: 909,漢字の読みを入力してください,Text
__繰__る，__繰__り返す,く,"［繰］四級
音: ソウ 訓: く・る
意味: 繭(まゆ)から糸を引き出す、同「繅」。
色とりどりの糸を使って撚(よ)り上げた紐(ひも)、組紐、同「繅」。
経糸(たていと)と緯糸(よこいと)を二本ずつにして織った目の非常に細かい絹布、同「縑」。
日く・る、右手と左手を交互に使って引く、途切れないように順々に(次々に)同じ動作をする。",繰 → JPDB Kanji Freq: 908,漢字の読みを入力してください,Text
__積__もる，見__積__書，__積__む，下__積__み,つ,"［積］七級
音: セキ／シャク 訓: つ・む
意味: (刈り取った穀物を)集めて次々に重ねて行く、上へ上へと重ねて行く。
堆(うずたか)く蓄(たくわ)える、貯(た)める。
数学で掛け算の結果。
疳積(カンシャク)、慢性的な栄養失調などにより次第に痩せて腹が出る乳幼児の胃腸の病気、同「疳癪」。",積 → JPDB Kanji Freq: 906,漢字の読みを入力してください,Text
__華__やかだ，__華__やぐ，__華__々しい,はな,"［華］三級
音: カ／ゲ／ケ 訓: はな／はな・やか／はな・やぐ
意味: 花(はな)、同「花」。
花が咲き開くさま。
花のように美しいさま、美しい光を放つさま、同「花」。
栄えるさま、栄華(エイガ)。
漢民族の国、中国、華夏(カカ)、中華(チュウカ)。
華山(カザン)、五岳の一つで「西嶽」ともいう、陝西省華陰市の南方、同「崋山」{陝西省}。",華 → JPDB Kanji Freq: 903,漢字の読みを入力してください,Text
__尾__，__尾__頭付き，__尾__根,お,"［尾］四級
音: ビ／ミ 訓: お
意味: 動物の尻の辺りから後ろに細く長く突き出ているもの、しっぽ(尻尾)。
長いもの(長く続いているもの)の後ろ、末端マッタン。
孳尾(ジビ)、動物が交わり(交尾コウビして)子を生む。
二十八宿東方青龍セイリュウの第六宿{二十八宿}。
日魚を数える語。",尾 → JPDB Kanji Freq: 902,漢字の読みを入力してください,Text
__編__む，手__編__み,あ,"［編］六級
音: ヘン 訓: あ・む
意味: 竹簡チクカンや木簡モッカンを一つの纏(まと)まった文書・記録・書物になるように順に並べ結(ゆ)わいて綴(と)じる、またそのための綴じ紐(ひも)。
ばらばらのものを集め順序立てて並べ一つのものに組み上げる。
糸や紐などを順に組みながら布を織(お)り上げる。",編 → JPDB Kanji Freq: 900,漢字の読みを入力してください,Text
各，各々（★）,おのおの,"［各］七級
音: カク 訓: おのおの
意味: めいめい、一人一人、それぞれ、一つ一つ、別々。",各 → JPDB Kanji Freq: 899,漢字の読みを入力してください,Text
__崩__れる，山__崩__れ，__崩__す,くず,"［崩］三級
音: ホウ 訓: くず・れる
意味: 山が裂け土石が落下する、壊れて倒れる。
破れる、ばらばらになる、決裂する。
天子の死。",崩 → JPDB Kanji Freq: 898,漢字の読みを入力してください,Text
__輝__く，__輝__き，__輝__かしい,かがや,"［輝］四級
音: キ／ケ 訓: かがや・く／かがや・き／かがや・かしい
意味: 明々とした火の光、またその光が四方に広がる、同「暉」「煇」。",輝 → JPDB Kanji Freq: 897,漢字の読みを入力してください,Text
__己__，__己__顔，__己__やれ,おのれ,"［己］五級
音: キ／コ 訓: おのれ／つちのと
意味: おのれ、自分。
つちのと、十干ジッカン(甲・乙・丙・丁・戊・己・庚・辛・壬・癸)の六番目{十干}。
日おのれ、相手を罵って言う言葉。
おのれ、き、つちのと、部首名。",己 → JPDB Kanji Freq: 896,漢字の読みを入力してください,Text
__厳__かだ,おごそ,"［厳］五級
音: ゲン／ゴン 訓: おごそ・か／いか・めしい／いか・つい／きび・しい
意味: 堂々としたさま、圧倒されるさま、気圧(けお)されるさま。
妥協を許さないさま、人を寄せつけないさま。
ぴったりとして隙がないさま。
激しいさま、甚(はなは)だしいさま。",厳 → JPDB Kanji Freq: 895,漢字の読みを入力してください,Text
__厳__しい，__厳__しさ,きび,"［厳］五級
音: ゲン／ゴン 訓: おごそ・か／いか・めしい／いか・つい／きび・しい
意味: 堂々としたさま、圧倒されるさま、気圧(けお)されるさま。
妥協を許さないさま、人を寄せつけないさま。
ぴったりとして隙がないさま。
激しいさま、甚(はなは)だしいさま。",厳 → JPDB Kanji Freq: 895,漢字の読みを入力してください,Text
"__厳__つい
〔からだつき・顔つきなどが〕ごつごつしてがんじょうそう（で、おそろしい感じ）だ。
「━肩」",いか,"［厳］五級
音: ゲン／ゴン 訓: おごそ・か／いか・めしい／いか・つい／きび・しい
意味: 堂々としたさま、圧倒されるさま、気圧(けお)されるさま。
妥協を許さないさま、人を寄せつけないさま。
ぴったりとして隙がないさま。
激しいさま、甚(はなは)だしいさま。",厳 → JPDB Kanji Freq: 895,漢字の読みを入力してください,Text
__鼻__，__鼻__血，__鼻__白む，小__鼻__,はな,"［鼻］八級
音: ヒ／ビ 訓: はな
意味: 一般に動物(ヒト人を含む)の顔の中央にあって呼吸したり匂(にお)いを感じるための隆起リュウキした器官{人体(頭部)}。
(動物の体の先にある顔から更に突き出ていることから)端緒タンショ、最初、始まり。
自分、自(みずか)ら、古「自」。
はな、はなへん、部首名。",鼻 → JPDB Kanji Freq: 894,漢字の読みを入力してください,Text
__荒__い，__荒__波，__荒__々しい,あら,"［荒］四級
音: コウ 訓: あら・い／あ・らす／あ・れる／すさ・む／すさ・ぶ
意味: 雑草が伸び放題なさま、人の手が入っておらず耕作や居住に向かないさま、またそのような地。
廃(すた)れる、長い間人の手が加えられた様子がないさま。
(人の手が及ばす)作物のできが悪い、作物が稔(みの)らない、同「𥡃」。
凶作、不作。
手が行き届いていない(考えが及んでいない、吟味されていない)さま、中身がないさま、虚(うつ)ろなさま。
何もなくただ広大なさま、遥(はる)か遠く人の手が及ばないさま。",荒 → JPDB Kanji Freq: 893,漢字の読みを入力してください,Text
__荒__れる，__荒__れ地，大__荒__れ，__荒__らす，倉庫__荒__らし,あ,"［荒］四級
音: コウ 訓: あら・い／あ・らす／あ・れる／すさ・む／すさ・ぶ
意味: 雑草が伸び放題なさま、人の手が入っておらず耕作や居住に向かないさま、またそのような地。
廃(すた)れる、長い間人の手が加えられた様子がないさま。
(人の手が及ばす)作物のできが悪い、作物が稔(みの)らない、同「𥡃」。
凶作、不作。
手が行き届いていない(考えが及んでいない、吟味されていない)さま、中身がないさま、虚(うつ)ろなさま。
何もなくただ広大なさま、遥(はる)か遠く人の手が及ばないさま。",荒 → JPDB Kanji Freq: 893,漢字の読みを入力してください,Text
吹き__荒__ぶ，__荒__ぶ,すさ,"［荒］四級
音: コウ 訓: あら・い／あ・らす／あ・れる／すさ・む／すさ・ぶ
意味: 雑草が伸び放題なさま、人の手が入っておらず耕作や居住に向かないさま、またそのような地。
廃(すた)れる、長い間人の手が加えられた様子がないさま。
(人の手が及ばす)作物のできが悪い、作物が稔(みの)らない、同「𥡃」。
凶作、不作。
手が行き届いていない(考えが及んでいない、吟味されていない)さま、中身がないさま、虚(うつ)ろなさま。
何もなくただ広大なさま、遥(はる)か遠く人の手が及ばないさま。",荒 → JPDB Kanji Freq: 893,漢字の読みを入力してください,Text
__因__む，__因__みに，に__因__んで,ちな,"［因］六級
音: イン 訓: よ・る／ちな・む
意味: 基(もと)づく、土台となるものの上に順々に積み重なっていく。
物事がそうなるに至った理由や事情、「全て物事は基となるものに様々な物事が繋がり積み重なった結果」の意。
繋がり、縁(えん)、引き継ぐ。
ちな・む、～に依る、～に繋がる、～に関連する。",因 → JPDB Kanji Freq: 892,漢字の読みを入力してください,Text
__因__る，……に__因__る,よ,"［因］六級
音: イン 訓: よ・る／ちな・む
意味: 基(もと)づく、土台となるものの上に順々に積み重なっていく。
物事がそうなるに至った理由や事情、「全て物事は基となるものに様々な物事が繋がり積み重なった結果」の意。
繋がり、縁(えん)、引き継ぐ。
ちな・む、～に依る、～に繋がる、～に関連する。",因 → JPDB Kanji Freq: 892,漢字の読みを入力してください,Text
__老__いる，__老__い,お,"［老］七級
音: ロウ 訓: お・い／お・いる／ふ・ける
意味: 年齢を重ねる、年齢を重ねて髪が白くなる、また衰(おとろ)える、またそのような人やもの。
年齢を重ねて多くの経験を積む、また積んだ人、またそのような人に対する敬称。
七十歳の人、六十歳は「耆」、八十歳或いは七十歳は「耋」。
おい、部首名",老 → JPDB Kanji Freq: 891,漢字の読みを入力してください,Text
__老__ける，__老__け役,ふ,"［老］七級
音: ロウ 訓: お・い／お・いる／ふ・ける
意味: 年齢を重ねる、年齢を重ねて髪が白くなる、また衰(おとろ)える、またそのような人やもの。
年齢を重ねて多くの経験を積む、また積んだ人、またそのような人に対する敬称。
七十歳の人、六十歳は「耆」、八十歳或いは七十歳は「耋」。
おい、部首名",老 → JPDB Kanji Freq: 891,漢字の読みを入力してください,Text
__辞__める,や,"［辞］七級
音: シ／ジ 訓: ことば／や・める
意味: 説(と)く、分かるように順序立てて話す、説明する。
丁寧に分かり易く述べる、また説明する、またその言葉や文章
挨拶アイサツをして去る、暇乞(いとまご)いをする、同、辞去(ジキョ)
誘いや求めを丁寧に理由を述べて断る、、辞退(ジタイ)。",辞 → JPDB Kanji Freq: 886,漢字の読みを入力してください,Text
__諦__める,あきら,"［諦］二級
音: テイ／タイ 訓: あきら・める
意味: 詳細に調べる、また調べて細部まで明らかにする。
真理、物事のあるべき姿。
日あきら・める、やむを得ず途中で止(や)める。",諦 → JPDB Kanji Freq: 885,漢字の読みを入力してください,Text
__締__める，__締__め切る，引き__締__め，__締__まる，__締__まり,し,"［締］三級
音: テイ／ダイ 訓: し・める
意味: しっかりと結ぶ、解(ほど)けたり緩(ゆる)んだりしないように結ぶ、結び合わせる。
しっかりと閉(と)じる、閉(し)める。
日すっかりおしまいにする、合計する。",締 → JPDB Kanji Freq: 884,漢字の読みを入力してください,Text
__骨__，__骨__折り,ほね,"［骨］五級
音: コツ／コチ 訓: ほね
意味: 脊椎(セキツイ)動物の体の内側にあって、体の各組織の位置や形を支え、保ち、また保護する役目を担う堅い組織。
人の芯シンを貫いているもの、人となり、人としての品位や気質。
物事の内側にあって全体を支えると同時に、その位置や形を保つ役目をするもの。
日(堅く丈夫な骨が折れてしまうほどの)大変な苦労。
ほね、ほねへん、部首名。",骨 → JPDB Kanji Freq: 880,漢字の読みを入力してください,Text
入り__江__，__江__戸時代,え,"［江］凖二級
音: コウ 訓: え
意味: 大きな川、大河タイガ、中国南部では大小を問わず「川」を「江」と呼ぶという。
中国最長の川である、長江(チョウコウ)の別称、これに対し「河」は黄河(コウガ)を指す
日水(海や湖)が陸地に入り込んでいるところ",江 → JPDB Kanji Freq: 879,漢字の読みを入力してください,Text
__統__べる,す,"［統］六級
音: トウ 訓: す・べる
意味: 糸口、糸や物事の端緒。
一つの糸口に繋がって伸び広がる、また続いて行く、遡れば一つの端緒に行き着く、またそのような物事。
一つの物事を端緒・頂点としてその下にばらばらになっている物事を纏める、一つに纏める。
全て、ひとまとめ。",統 → JPDB Kanji Freq: 878,漢字の読みを入力してください,Text
__凄__む，__凄__い,すご,"［凄］二級
音: セイ／サイ 訓: すさ・まじい／すご・い
意味: 冷たく寒いさま、冷たさ寒さが甚(はなは)だしいさま、骨身にこたえるさま、同「淒」。",凄 → JPDB Kanji Freq: 877,漢字の読みを入力してください,Text
"__凄__まじい
①ふつうでなく、おそろしい。
「━形相(ぎょうそう)」
②はげしさが感じられて、おそろしい。
「━事故現場・━戦い・━いじめ」",すさ,"［凄］二級
音: セイ／サイ 訓: すさ・まじい／すご・い
意味: 冷たく寒いさま、冷たさ寒さが甚(はなは)だしいさま、骨身にこたえるさま、同「淒」。",凄 → JPDB Kanji Freq: 877,漢字の読みを入力してください,Text
__宝__，__宝__船，子__宝__,たから,"［宝］五級
音: ホウ／ホ 訓: たから
意味: 大切にしまっておくもの、珍しく貴重なもの、高価なもの、「宝石」「宝物」「財宝」「家宝」。
秘蔵する、大切にする、珍重する。
玉ギョク(美しく高貴な石)製の品物、玉ギョク(美しく高貴な石)製の印章。
大切なもの、尊重すべきもの、「宝典」「宝物」「重宝」。",宝 → JPDB Kanji Freq: 875,漢字の読みを入力してください,Text
__織__る，__織__物,お,"［織］六級
音: ショク／シキ／シ 訓: お・る
意味: 経糸(たていと)と緯糸(よこいと)を十状に交差させて布を作る、またそのようにして作り上げた布、「機織(はたおり)」。
幾つかのものを組み合わせて一つのものに作り上げる、幾つかのものが組み合わさって一つのものになる、組織(ソシキ)。",織 → JPDB Kanji Freq: 874,漢字の読みを入力してください,Text
__境__，__境__目,さかい,"［境］六級
音: ケイ／キョウ 訓: さかい
意味: 他の所有者の土地と接するところ、区切り、同「竟」「疆」。
(限られた、特定の)ところ、場所、地域。
状態、状況、様子。",境 → JPDB Kanji Freq: 872,漢字の読みを入力してください,Text
__尽__くす，心__尽__くし，__尽__きる，愛想を__尽__かす,つ,"［尽］四級
音: シン／ジン 訓: つ・くす／つ・きる／ことごと・く
意味: 器の中身を空(から)にする、全てを出し切る、同「儘」。
全て終える、最後まで全(まっと)うする。
ことごと・く、全て、余すところなく、あるものを残らず。
繁「盡」。
繁「儘」。",尽 → JPDB Kanji Freq: 871,漢字の読みを入力してください,Text
__否__，__否__めない,"いな,いや","［否］五級
音: ヒ／ビ／フウ／フ 訓: いな／いや
意味: いな、いや、いいや、同意できない、認められない、受け入れられない、否定・不同意の言葉、同「不」。
然(しか)らずんば、～でなければ～、同「否」。
そうではない、他の語に続いて逆の意を表す語、然否(ゼンピ)(そうであるかそうでないか)」、存否(ソンピ)(存あるかないか)」。
悪い、良くない。
周易の六十四卦の一つ、、天地否(テンチヒ)、䷋{易経記号}。",否 → JPDB Kanji Freq: 870,漢字の読みを入力してください,Text
__庭__，__庭__先,にわ,"［庭］八級
音: テイ／ジョウ 訓: にわ
意味: 堂ドウ(大きな建物、母屋おもや)の正面階段前の平らに整地された広場、同「廷」。
宮中、役所や裁判所(廷)、またその敷地内の平らに整地された広場、同「廷」。
広い場所。",庭 → JPDB Kanji Freq: 868,漢字の読みを入力してください,Text
__抗__う,あらが,"［抗］四級
音: コウ 訓: あらが・う
意味: まっすぐなさま、まっすぐに立つさま、同「伉」。
正面から対する、相対する、同「伉」。
あらが・う、向かって来るものを正面から防ぎ止める、拒(こば)む。
拮抗(キッコウ)、力の差が殆(ほとん)どなく優劣つけ難いさま、互いが譲らず勝敗・優劣が決まらないさま、同、頡頏(ケッコウ)。",抗 → JPDB Kanji Freq: 865,漢字の読みを入力してください,Text
お__呪__い，__呪__い師，__呪__いをかける,まじな,"［呪］二級
音: ジュ／シュ／シュウ 訓: のろ・う／まじな・い
意味: のろ・う、人に災いが降りかかるようにと神に祈る、またその祈りの言葉、喜び・幸いを願って祈るのは「祝」、古くは「呪」「祝」共に同じ「神に願い事を唱え祈る」の意。
まじな・い、仏神に願い事をする際の祈りの言葉。",呪 → JPDB Kanji Freq: 864,漢字の読みを入力してください,Text
__呪__う，__呪__い,のろ,"［呪］二級
音: ジュ／シュ／シュウ 訓: のろ・う／まじな・い
意味: のろ・う、人に災いが降りかかるようにと神に祈る、またその祈りの言葉、喜び・幸いを願って祈るのは「祝」、古くは「呪」「祝」共に同じ「神に願い事を唱え祈る」の意。
まじな・い、仏神に願い事をする際の祈りの言葉。",呪 → JPDB Kanji Freq: 864,漢字の読みを入力してください,Text
__操__，__操__を立てる，__操__を守る,みさお,"［操］五級
音: ソウ 訓: あやつ・る／みさお
意味: 手に握り持つ、しっかりと持つ。
みさお、守るべきものをしっかりと持つ、またしっかりと守る、またその行いや心掛け。
あやつ・る、人や動物・言葉や心・道具や楽器などを自分の(手で)思い通りに動かす、また働かせる。
思い通りに動かせるように訓練する。",操 → JPDB Kanji Freq: 863,漢字の読みを入力してください,Text
__操__る，__操__り人形,あやつ,"［操］五級
音: ソウ 訓: あやつ・る／みさお
意味: 手に握り持つ、しっかりと持つ。
みさお、守るべきものをしっかりと持つ、またしっかりと守る、またその行いや心掛け。
あやつ・る、人や動物・言葉や心・道具や楽器などを自分の(手で)思い通りに動かす、また働かせる。
思い通りに動かせるように訓練する。",操 → JPDB Kanji Freq: 863,漢字の読みを入力してください,Text
__輪__，__輪__切り，首__輪__,わ,"［輪］七級
音: リン 訓: わ
意味: 回りながら車の移動を容易にするための円形で中央部が空いている部品、丸太を輪切りにしたようなものは「輇」{乗物(車輪)}。
円形で中央部が空いている形、またそのような形のもの。
くるくると回る、同じことを繰り返す、循環する、またそのようなもの。
南北の広がり、東西は「広」。
日花を数える語、中央から輪状に広がることから。",輪 → JPDB Kanji Freq: 860,漢字の読みを入力してください,Text
__浜__，__浜__辺，砂__浜__,はま,"［浜］四級
音: ホウ／ヒョウ／ヒン 訓: はま
意味: (舟を停泊させたり航行させるための)小さな水路。
はま、水際、水が打ち寄せるぎりぎりの所、水際の陸地側、水際の近くの陸地、同「濱」。
「浜」は本来「小さな水路」の意だが「濱」「滨」の俗字として使われる。",浜 → JPDB Kanji Freq: 859,漢字の読みを入力してください,Text
__扉__，__扉__絵，ガラス__扉__,とびら,"［扉］凖二級
音: ヒ 訓: とびら
意味: 押したり引いたりして開閉する両開きの内と外との仕切り{建物}、横方向に滑らせるようにして開閉するのは「戸」、一説に木製のものを「扉」、アシ葦などの草製のものを「扇」。",扉 → JPDB Kanji Freq: 858,漢字の読みを入力してください,Text
__継__ぐ，__継__ぎ,つ,"［継］四級
音: ケイ／ケ 訓: つ・ぐ／まま
意味: 切れている糸を繋(つな)ぐ、途切れないように前にあるものの後に続ける(続く)、同「㡭」。
前の物事を受けて続ける。
日まま、法的には親子関係であるが親と子の間に血の繋がりがない関係。",継 → JPDB Kanji Freq: 857,漢字の読みを入力してください,Text
__借__りる，__借__り,か,"［借］七級
音: セキ／シャク／シャ 訓: か・りる
意味: 後で返すことを条件に人の所有物を預かり用いる、同「貣」。
後で返すことを条件に人の所有物を別人に預け用いさせる、貸す、同「貸」。
他のものや別のものを仮に用いる、仮借(カシャク)。",借 → JPDB Kanji Freq: 856,漢字の読みを入力してください,Text
__衣__，羽__衣__,ころも,"［衣］七級
音: イ／エ 訓: ころも／きぬ
意味: 身に纏(まと)う着物の総称、特に上半身に纏う着物、下半身に纏う着物は「裳」。
身に纏う。
包み込む、覆う。
ころも、部首名。",衣 → JPDB Kanji Freq: 855,漢字の読みを入力してください,Text
濡れ__衣__，濡れ__衣__を着せる,きぬ,"［衣］七級
音: イ／エ 訓: ころも／きぬ
意味: 身に纏(まと)う着物の総称、特に上半身に纏う着物、下半身に纏う着物は「裳」。
身に纏う。
包み込む、覆う。
ころも、部首名。",衣 → JPDB Kanji Freq: 855,漢字の読みを入力してください,Text
__盗__む，__盗__み,ぬす,"［盗］四級
音: トウ／ドウ 訓: ぬす・む
意味: 本来自分のものではないのものを(相手の許しを得ないまま、こっそりと)自分のものにする。",盗 → JPDB Kanji Freq: 854,漢字の読みを入力してください,Text
__短__い,みじか,"［短］八級
音: タン 訓: みじか・い
意味: 長さや時間が足りない、また足りていない、短促(タンソク)(短いさま、慌ただしいさま)」。
長くない、早い、小さい、少ない、、短世(タンセイ)(早世すること)」。
足りない、不足している、欠(か)ける、欠けている、、短乏(タンボウ)(足りないさま、乏しいさま)」。",短 → JPDB Kanji Freq: 853,漢字の読みを入力してください,Text
__七__日,なの,"［七］十級
音: シツ／シチ 訓: なな／なな・つ／なの
意味: 数の名、七番目{数字}。",七 → JPDB Kanji Freq: 852,漢字の読みを入力してください,Text
__七__つの大罪，__七__つ,なな,"［七］十級
音: シツ／シチ 訓: なな／なな・つ／なの
意味: 数の名、七番目{数字}。",七 → JPDB Kanji Freq: 852,漢字の読みを入力してください,Text
__悟__る，__悟__り,さと,"［悟］三級
音: ゴ／グ 訓: さと・る
意味: 眠りから醒(さ)める。
それまで見えなかったものが見えるようになる、迷いから覚(さ)める、ぼんやりしていた物事をはっきりと理解する(できる)ようになる。",悟 → JPDB Kanji Freq: 849,漢字の読みを入力してください,Text
__炎__，蠟燭の__炎__，__炎__に包まれる,ほのお,"［炎］三級
音: エン 訓: ほのお
意味: ものが燃(も)えて明るく赤く立ち昇る部分、「火」は「ものが燃えた時に発生する光や色や炎や熱など」を総じたもの。
火が激しく燃え上がる、(炎のように)勢いよく盛んなさま。
熱い、火で焼かれているかのように熱い。
熱や激しい痛みなどを伴う病気。",炎 → JPDB Kanji Freq: 848,漢字の読みを入力してください,Text
__洗__う,あら,"［洗］五級
音: セン／セイ／サイ 訓: あら・う
意味: 水で汚(よご)れや垢(あか)を落とす。
汚れが落ちてきれいになる。
手・指・足などの汚れを落とすために水を張る器{水器(鑑・洗)}。",洗 → JPDB Kanji Freq: 847,漢字の読みを入力してください,Text
__冒__す,おか,"［冒］四級
音: ボウ／モウ／ボク／モク 訓: おか・す
意味: 覆(おお)う、上から覆い被(かぶ)さる。
目の前が覆われていて暗い、またはっきりと見えない。
覆っているものや目の前に立ちはだかっているものを押し除(の)ける、また突き進む。
前が(先が)見えないまま無理に突き進む、他人のことや後先(あとさき)のことを顧(かえり)みずに行動する。",冒 → JPDB Kanji Freq: 845,漢字の読みを入力してください,Text
"__遺__す，__遺__る
①あとにつたえる。死後にとどめる。「かずかずの名曲を━」
②後世にまで伝える。「後世に―す」",のこ,"［遺］五級
音: イ／ユイ 訓: のこ・す
意味: 置いたままにする、置いたままにして去る、遺失(イシツ)。
(なくなった)後も残る、後に残る、また残す、遺産(イサン)。
取り残す、取り漏(も)らす、漏れ落ちる。
小便を漏らす。
贈る、与える。",遺 → JPDB Kanji Freq: 844,漢字の読みを入力してください,Text
__毛__，__毛__糸，抜け__毛__,け,"［毛］九級
音: ボウ／モウ／モ 訓: け
意味: 生物の表皮に生える細長い糸状のもの。
細長いものがたくさんあるさま、細く弱々しいさま。
草木が生え出る。
草木や穀物が生える、また草木や穀物。
粗末なさま。
日千分の一、10の-3乗、ミリmilli、中国では、毫(ゴウ)が用いられる。
け、部首名。",毛 → JPDB Kanji Freq: 843,漢字の読みを入力してください,Text
__涙__，__涙__ぐむ，__涙__ぐましい,なみだ,"［涙］四級
音: ルイ 訓: なみだ
意味: 目から分泌される液体、またそれが流れ落ちる。
(目から涙が出るように)ぽたぽたと滲(し)み出る。",涙 → JPDB Kanji Freq: 841,漢字の読みを入力してください,Text
__管__，ゴムの__管__，__管__を巻く,くだ,"［管］七級
音: カン 訓: くだ
意味: 息を吹き込んで音を出す笛(ふえ)などの細長い筒(つつ)状の楽器。
細長い円柱状で内部が空洞になっているもの、またそのような形のもの。
管鍵(カンケン)、鍵穴(かぎあな)。
中心となってことに当たる、また受け持つ、管理(カンリ)。
同「筦」。",管 → JPDB Kanji Freq: 840,漢字の読みを入力してください,Text
__包__まる,くる,"［包］七級
音: ホウ／ヒョウ 訓: つつ・む／くる・む
意味: 布や紙などの薄い膜状のもので全体を覆(おお)う、中のものを保護するように全体を覆う、含(ふく)める、同「裹」。
周りを覆う、周りを囲う。",包 → JPDB Kanji Freq: 838,漢字の読みを入力してください,Text
__包__む，__包__み，小__包__,つつ,"［包］七級
音: ホウ／ヒョウ 訓: つつ・む／くる・む
意味: 布や紙などの薄い膜状のもので全体を覆(おお)う、中のものを保護するように全体を覆う、含(ふく)める、同「裹」。
周りを覆う、周りを囲う。",包 → JPDB Kanji Freq: 838,漢字の読みを入力してください,Text
招き__猫__，__猫__ (天鯖のメンバー),ねこ,"［猫］凖二級
音: ビョウ／ミョウ 訓: ねこ
意味: 猫(ネコ)、特にイエネコ(家猫、家畜化されたネコ、飼い猫)、ネコ科ネコ属の哺乳類、同繁「貓」。
(天子や領主が)夏に行う狩り、春は、蒐(シュウ)、獀ソウ」、秋は獮(セン)、冬は狩(シュウ)。",猫 → JPDB Kanji Freq: 837,漢字の読みを入力してください,Text
__照__れる，__照__る，日__照__り，__照__らす,て,"［照］七級
音: ショウ 訓: て・る／て・らす／て・れる
意味: 光が当たる、光を当てる。
明るい、光を当てて辺りを明るくする、照明(ショウメイ)。
他のものと見比べる、また見比べて確かめる、照合(ショウゴウ)「。
光を当てて像を映し出す、撮影する、照映(ショウエイ)。",照 → JPDB Kanji Freq: 835,漢字の読みを入力してください,Text
__犬__，負け__犬__，子__犬__,いぬ,"［犬］十級
音: ケン 訓: いぬ
意味: 科(イヌ)の動物の総称、同「狗」、敢えて区分するとすれば大形のものが「犬」、小形のものが「狗」。
つまらないもの、(自らを卑下して)つまらないもの。
犬馬(ケンバ)イヌ犬とウマ馬(謙って自らを指し、犬馬のように労を厭わない)卑しい者。
いぬ、部首名。",犬 → JPDB Kanji Freq: 834,漢字の読みを入力してください,Text
__慣__れる，__慣__れ，__慣__らす,な,"［慣］六級
音: カン／ケン 訓: な・れ／な・れる／な・らす／な・らう／なら・わし
意味: 何度も繰り返す、何度も繰り返すことによって身に付ける、同「習」「摜」。
なら・わし、繰り返されることで身に付いたこと、普段から繰り返し行われること、同「習」。",慣 → JPDB Kanji Freq: 833,漢字の読みを入力してください,Text
"__適__う
あてはまる。あう。
「条件に適わない・理に━」",かな,"［適］六級
音: テキ／セキ／シャク 訓: かな・う／あた・う
意味: (目的とする方に向かって)往く、(目的とする方に)向かう。
向かう方向が目的に合っている、意に沿(そ)っている、相応(ふさわ)しい。
(ちょうど合っていて、自分の思いの通りで)心地よい。
たまたま、思い掛けずに、偶然に。
血筋の繋(つな)がった、正統な、同「嫡」。
嫁に出る。
簡「适」。",適 → JPDB Kanji Freq: 832,漢字の読みを入力してください,Text
__薄__れる，__薄__らぐ，__薄__める，__薄__まる，__薄__い，__薄__着，品__薄__,うす,"［薄］四級
音: ハク／バク 訓: うす・い／すすき
意味: 草木がびっしりと(隙間なく)生えているさま。
互いの間が近い、間隔が狭い
(広がりはあるが)厚みがない
(思慮・配慮や言葉などに)厚みがない、重みがない。
(味や色などに)深みがない、濃さが足りない。
(土の養分などが)少ない。
扉や窓に垂らす簾(すだれ)、同「箔」。
蚕を飼うための平らな籠(かご)、蚕箔(サンパク)、同「箔」。
日ススキ薄・芒、イネ科ススキ属の草{ススキ}。",薄 → JPDB Kanji Freq: 831,漢字の読みを入力してください,Text
__刀__，__刀__鍛冶,かたな,"［刀］九級
音: トウ／ト 訓: かたな
意味: (一般には少し反った形の)片刃の刃物の総称{武器(刀剣槍)}、両刃は「剣」。
錢(ぜに)、古く刀の形をしていたことから。
かたな、部首名。",刀 → JPDB Kanji Freq: 830,漢字の読みを入力してください,Text
__換__わる，__換__える,か,"［換］三級
音: カン／ガン 訓: か・える
意味: 今あるものをそれまでのものとは別のものに替える。",換 → JPDB Kanji Freq: 829,漢字の読みを入力してください,Text
__杯__，__杯__を含む,さかずき,"［杯］四級
音: ハイ／ヘ 訓: さかずき
意味: 酒・茶・スープsoupなどの液状の飲み物を飲むための器の総称、一般に手に持てる程度の大きさのものでやや浅めの器{食器(杯・盃)}。
液体の入った容器の数また容器に液体を満たした回数を表す語。",杯 → JPDB Kanji Freq: 828,漢字の読みを入力してください,Text
__六__日,むい,"［六］十級
音: リク／ロク 訓: む／むい／むっ・つ／む・つ
意味: 数の名、六番目の数{数字}。
工尺譜コウセキフ・コウシャクフ(楽譜の表記法の一つ)で「ソ」の音を表す{音楽(音階)}。",六 → JPDB Kanji Freq: 826,漢字の読みを入力してください,Text
__六つ__，__六つ__切り,"むっつ,むつ","［六］十級
音: リク／ロク 訓: む／むい／むっ・つ／む・つ
意味: 数の名、六番目の数{数字}。
工尺譜コウセキフ・コウシャクフ(楽譜の表記法の一つ)で「ソ」の音を表す{音楽(音階)}。",六 → JPDB Kanji Freq: 826,漢字の読みを入力してください,Text
__盛__る，__盛__り上がる,も,"［盛］五級
音: セイ／ジョウ 訓: も・る／さか・ん
意味: 器(うつわ)に山のようにものを入れる、山のように積み上げる、これ以上は入らないという程に入れる。
一杯になるさま、満ち溢(あふ)れるさま、豊かなさま。
力や勢いがあるさま。",盛 → JPDB Kanji Freq: 825,漢字の読みを入力してください,Text
__盛__んだ，__盛__んに，燃え__盛__る，__盛__り，花__盛__り,さか,"［盛］五級
音: セイ／ジョウ 訓: も・る／さか・ん
意味: 器(うつわ)に山のようにものを入れる、山のように積み上げる、これ以上は入らないという程に入れる。
一杯になるさま、満ち溢(あふ)れるさま、豊かなさま。
力や勢いがあるさま。",盛 → JPDB Kanji Freq: 825,漢字の読みを入力してください,Text
__沢__，宮__沢__氷魚,さわ,"［沢］四級
音: タク／ジャク 訓: さわ
意味: 水の近くの草が生い茂った湿地。
表面が滑らかできらきらと光るさま、水分を含んで艶々(つやつや)しているさま、同「㚖」。
潤(うるお)う、恵(めぐ)み、潤沢(ジュンタク)。",沢 → JPDB Kanji Freq: 823,漢字の読みを入力してください,Text
__瞳__，__瞳__を凝らす,ひとみ,"［瞳］二級
音: トウ／ズウ／ドウ 訓: ひとみ
意味: 目玉の中央の円(まる)い虹彩コウサイに囲まれた黒い部分、瞳子(ドウシ)。
瞳矇(ドウモウ)、ぼんやりしているさま、ものをよく見極められないさま。",瞳 → JPDB Kanji Freq: 822,漢字の読みを入力してください,Text
__固__める，__固__め，__固__まる，__固__まり，__固__い，__固__さ,かた,"［固］七級
音: コ／ク 訓: かた・い／かた・まる／もと・より
意味: (周りを囲まれていて)形・位置・状態が変わらない(変えない)、同じ形・位置・状態が枠内に収まっている(収める)、固定(コテイ)。
もと・より、元来ガンライ、本来ホンライ、元々(もともと)、ことの起こりから、初めから、「同じ状態が変化せずに継続している」の意。",固 → JPDB Kanji Freq: 818,漢字の読みを入力してください,Text
__描__く，絵__描__き,か,"［描］四級
音: ビョウ／ミョウ 訓: えが・く／か・く
意味: ものの姿形(すがたかたち)を手本にして画(えが)く、画(か)き写す。",描 → JPDB Kanji Freq: 817,漢字の読みを入力してください,Text
__描__く，__描__き出す,えが,"［描］四級
音: ビョウ／ミョウ 訓: えが・く／か・く
意味: ものの姿形(すがたかたち)を手本にして画(えが)く、画(か)き写す。",描 → JPDB Kanji Freq: 817,漢字の読みを入力してください,Text
__営__む，__営__み,いとな,"［営］
音:  訓: 
意味: ",営 → JPDB Kanji Freq: 816,漢字の読みを入力してください,Text
"__仮__の住まい，__仮__に，__仮__処分
__仮__す｟他五｠
〔文〕かりにあたえる。
「時を━」","か,かり","［仮］六級
音: カ／ケ 訓: かり
意味: 他から(他のものを)一時的に借りる、他に一時的に貸す、同「叚」。
実際とは違うが一時的に他のものを用いる、足りないところに他のものを借りて当てる、他のもので間に合わせる。
取り敢えず～する、一時的に～する。
(実際はどうか分からないが)もしも～であるならば、もしも～とするならば、if。
暇(いとま)、(仕事などの合間の)何もすることがない時間、同「暇」。",仮 → JPDB Kanji Freq: 814,漢字の読みを入力してください,Text
__留__める，帯__留__め，__留__まる，歩__留__まり,と,"［留］六級
音: リュウ／ル 訓: と・まる／と・める／とど・まる／とど・める
意味: 動きを止(と)める、動きを止めて同じ場所や状態に止(とど)まる。
同じ状態が残る、同じ状態で残す。",留 → JPDB Kanji Freq: 812,漢字の読みを入力してください,Text
"一__枚__・一__片__
〔文〕平らでうすく、かろやかなもの〈一つ／一枚〉。
「━の雲・━の花びら」","ひとひら,ひら","［枚］五級
音: バイ／マイ／メ 訓: 
意味: 杖(つえ)などに使う程度の太さの(枝よりも太い)木の幹(みき)、木の棒。
馬を打つ鞭(むち)。
馬が声を立てないようにするために口に咥(くわ)えさせる木の棒。
個数(大珠九枚、大きな珠シュが九個)」、人数(縛人者數千枚、捕縛ホバクした者が数千人)」、本数・丁数(槍二十枚、槍が二十丁)」他、同じ物を数える語、同「个」「個」「箇」。
日平たい物を数える語。
枚挙(マイキョ)、一つ一つと数え上げる。",枚 → JPDB Kanji Freq: 811,漢字の読みを入力してください,Text
__補__う，__補__い,おぎな,"［補］五級
音: ホ／フ 訓: おぎな・う
意味: 衣服の綻(ほころ)びを繕(つくろ)う。
割れ目や欠けたところや足りないところを埋める。
力を貸し支え助ける。
数の単位、10兆=1經、10經=1垓、10垓=1補。",補 → JPDB Kanji Freq: 810,漢字の読みを入力してください,Text
__闇__夜，暗__闇__,やみ,"［闇］二級
音: アン／オン 訓: やみ
意味: 門を閉める。
暗い、薄暗い、ぼんやりしている、「門が閉じられ光りが遮られる」ことから。
よく見えない、訳が分からない、ものの道理が分からない「門が閉じられ外の様子が見えない」「暗くぼんやりしている」ことから。",闇 → JPDB Kanji Freq: 808,漢字の読みを入力してください,Text
__悔__いる，__悔__い,く,"［悔］三級
音: カイ／ケ 訓: く・いる／くや・む／くや・しい
意味: 過ちや失敗を残念に思う、過ちや失敗が気になって心が沈み込む。
日くや・み、人の死を弔う。
外卦ガイカ、六つの爻(コウ、卦を表す横棒)から成る六十四卦の内の上の三つ、「𠧩」ともいう、下の三つは「貞」{易経記号}。",悔 → JPDB Kanji Freq: 807,漢字の読みを入力してください,Text
__悔__やむ，お__悔__やみ，__悔__しい，__悔__しがる,くや,"［悔］三級
音: カイ／ケ 訓: く・いる／くや・む／くや・しい
意味: 過ちや失敗を残念に思う、過ちや失敗が気になって心が沈み込む。
日くや・み、人の死を弔う。
外卦ガイカ、六つの爻(コウ、卦を表す横棒)から成る六十四卦の内の上の三つ、「𠧩」ともいう、下の三つは「貞」{易経記号}。",悔 → JPDB Kanji Freq: 807,漢字の読みを入力してください,Text
"__角__，__角__笛
動物の角で作った笛。猟師や牧童などが用いる。",つの,"［角］九級
音: カク 訓: つの／すみ／かど
意味: つの、動物などの頭部から突き出た骨質状また角質状のもの、またそのように先が尖ったもの、またそのように先が尖った状態。
(角を突き合わせて)力を競い合う。
すみ、かど、面や線が接する所またその部分の形、隅(すみ)。
古代五音ゴインの一つ{音楽(音階)}。
中国の劇の役柄、主角(シュカク)(主役)」、旦角(タンカク)(女役)」。
二十八宿東方青龍セイリュウの一つ{二十八宿}。
つの、つのへん、かく、部首名。",角 → JPDB Kanji Freq: 806,漢字の読みを入力してください,Text
__角__，街__角__，四つ__角__,かど,"［角］九級
音: カク 訓: つの／すみ／かど
意味: つの、動物などの頭部から突き出た骨質状また角質状のもの、またそのように先が尖ったもの、またそのように先が尖った状態。
(角を突き合わせて)力を競い合う。
すみ、かど、面や線が接する所またその部分の形、隅(すみ)。
古代五音ゴインの一つ{音楽(音階)}。
中国の劇の役柄、主角(シュカク)(主役)」、旦角(タンカク)(女役)」。
二十八宿東方青龍セイリュウの一つ{二十八宿}。
つの、つのへん、かく、部首名。",角 → JPDB Kanji Freq: 806,漢字の読みを入力してください,Text
__麗__しい，__麗__しさ,うるわ,"［麗］四級
音: レイ／ライ／リ 訓: うるわ・しい／うら・らか
意味: 形が整い立派で美しい。
(鹿の角のように)ペアpair(対)になって並ぶ。
連なる。
日うら・らか、晴れて穏やかなさま。",麗 → JPDB Kanji Freq: 805,漢字の読みを入力してください,Text
"__麗__らか，__麗__ら
〔雅〕①天気がよく、あたたかで、おだやかな（春の）ようす。
②おだやかで明るいようす。「ヒバリの━な声」",うら,"［麗］四級
音: レイ／ライ／リ 訓: うるわ・しい／うら・らか
意味: 形が整い立派で美しい。
(鹿の角のように)ペアpair(対)になって並ぶ。
連なる。
日うら・らか、晴れて穏やかなさま。",麗 → JPDB Kanji Freq: 805,漢字の読みを入力してください,Text
__陽__，__陽__だまり,ひ,"［陽］八級
音: ヨウ 訓: ひ
意味: 日光、日光が当たって明るい、明るく暖かい、またそのようなところ、日光が当たらないところは「陰」。
山の南側、川の北側、日光が当たる側、逆は「陰」。
人の目に触れる側、表側、外面、はっきりと見える側、逆は「陰」。
男性の生殖器。
生きている、この世の。
～のふりをする、上辺(うわべ)をそれらしく装う、同「佯」。
農暦(中国の旧暦の一つ)の十月、同「霷」。",陽 → JPDB Kanji Freq: 803,漢字の読みを入力してください,Text
__奇__しき，__奇__しくも,く,"［奇］四級
音: キ／ギ 訓: く・し
意味: 普通(平常、一般)とは違うさま、珍しいさま、思い掛けないさま、想像或いは予想できないさま、奇異(キイ)。
2で割り切れない数、割り切れるものは「偶」。
數奇・数奇(スウキ)、割り切れない運命ウンメイ、幸・不幸の巡り合わせが悪いこと。",奇 → JPDB Kanji Freq: 802,漢字の読みを入力してください,Text
__携__わる，__携__える,たずさ,"［携］三級
音: ケイ／エ 訓: たずさ・える／たずさ・わる
意味: 手にぶら下げて持つ、(紐などで繋いだものをぶら下げるようにして)身に帯びる。
手を繋ぐ、手を取る、手を取り合う。
手を取って一緒に行く、引き連れる。",携 → JPDB Kanji Freq: 799,漢字の読みを入力してください,Text
__羽__，__羽__飾り,はね,"［羽］九級
音: ウ 訓: は／はね
意味: 鳥の体や翼を覆(おお)う毛状のもの、また飛ぶことができる昆虫の翼状の部分。
鳥、また鳥を数える語、羽族(ウゾク)(鳥属、鳥類)」。
羽(はね)を飾り付けたもの、、羽扇(ウセン)(羽飾りのついた扇)」、羽舞(ウブ)(羽飾りのついた舞具を持った舞)」。
古代五音ゴイン(宮・商・角・徴・羽)の一つ{音楽(音階)}。
はね、部首名。",羽 → JPDB Kanji Freq: 798,漢字の読みを入力してください,Text
白__羽__の矢，一__羽__（わ），三羽,は,"［羽］九級
音: ウ 訓: は／はね
意味: 鳥の体や翼を覆(おお)う毛状のもの、また飛ぶことができる昆虫の翼状の部分。
鳥、また鳥を数える語、羽族(ウゾク)(鳥属、鳥類)」。
羽(はね)を飾り付けたもの、、羽扇(ウセン)(羽飾りのついた扇)」、羽舞(ウブ)(羽飾りのついた舞具を持った舞)」。
古代五音ゴイン(宮・商・角・徴・羽)の一つ{音楽(音階)}。
はね、部首名。",羽 → JPDB Kanji Freq: 798,漢字の読みを入力してください,Text
__松__，__松__原，門__松__,まつ,"［松］七級
音: ショウ／シュ 訓: まつ
意味: 松(マツ)、マツ科マツ属の植物の称、同「㮤」「枩」{マツ}。
緩(ゆる)い、緩やか、きつくない、ゆとりがある、詰まっていない、間(あいだ)が空(あ)いている、緩む、弛(ゆる)める、同繁「鬆」。",松 → JPDB Kanji Freq: 797,漢字の読みを入力してください,Text
__敷__く，__敷__石，屋__敷__,し,"［敷］四級
音: フ 訓: し・く
意味: 一面に並べる、平らに広げる、延(の)べる。
広く漏れなく行き渡る、また行き渡らせる、同「布」。
細部にまで亘って述べる。",敷 → JPDB Kanji Freq: 796,漢字の読みを入力してください,Text
__藤__，__藤__色,ふじ,"［藤］二級
音: トウ／ドウ 訓: ふじ
意味: 蔓性の植物、またその幹また枝、柔軟で器や家具などに加工される、同「籐」。
日マメ科フジ属の木の総称{フジ}。",藤 → JPDB Kanji Freq: 795,漢字の読みを入力してください,Text
__叫__ぶ，__叫__び,さけ,"［叫］四級
音: キョウ 訓: さけ・ぶ／さけ・び
意味: 大きな声(鳴き声)、大きな声(大きな鳴き声)を張(は)り上げる、同「嘂」。
呼(よ)ぶ、呼び掛ける、呼び寄せる。
～と呼ぶ、～と呼ばれる、～と称ショウする。",叫 → JPDB Kanji Freq: 794,漢字の読みを入力してください,Text
雄__叫__び,たけ,"［叫］四級
音: キョウ 訓: さけ・ぶ／さけ・び
意味: 大きな声(鳴き声)、大きな声(大きな鳴き声)を張(は)り上げる、同「嘂」。
呼(よ)ぶ、呼び掛ける、呼び寄せる。
～と呼ぶ、～と呼ばれる、～と称ショウする。",叫 → JPDB Kanji Freq: 794,漢字の読みを入力してください,Text
__底__，奥__底__,そこ,"［底］七級
音: テイ／タイ 訓: そこ
意味: ものの一番下の突き当たりの部分、井底(セイテイ)(井戸の底)」。
突き当たる、行き止まる、行き着く、、月底(ゲツテイ)(月末)」。
ものの下にあって上のものを支えている部分、ものの基(もと)にあるもの、、底細(テイセイ)(ものごとの経緯いきさつ)」。
ものの基となるもの、根拠とするもの。
(よく分からないことや人について)何、どんな。",底 → JPDB Kanji Freq: 793,漢字の読みを入力してください,Text
"__圧__し折る，押し合い__圧__し合い
おしつぶすようにして折る。
「うでを━」",へ,"［圧］六級
音: オウ／ヨウ／アツ 訓: お・す／おさ・える／へ・す
意味: 上から下に向けて押え付けるように力を加える。
力で押え付ける、押え付けて従わせる。",圧 → JPDB Kanji Freq: 790,漢字の読みを入力してください,Text
__圧__す，気__圧__される,お,"［圧］六級
音: オウ／ヨウ／アツ 訓: お・す／おさ・える／へ・す
意味: 上から下に向けて押え付けるように力を加える。
力で押え付ける、押え付けて従わせる。",圧 → JPDB Kanji Freq: 790,漢字の読みを入力してください,Text
__橋__，丸木__橋__,はし,"［橋］八級
音: キョウ／ギョウ 訓: はし
意味: 川や谷などの深くＵＶ字状になっている上を横切るように板・棒・綱などを架け人が渡れるようにしたもの。
高いところに横に掛け渡した棒、またそのような形のもの。
高いさま、同「喬」。
人などを乗せる台や箱などの下に二本の棒を渡し担(かつ)ぎ上げて運ぶ乗り物、輿(こし)、同「轎」。",橋 → JPDB Kanji Freq: 791,漢字の読みを入力してください,Text
__依__りて，__依__る，__依__って,よ,"［依］四級
音: イ／エ 訓: よ・る
意味: 寄り掛かる、凭(もた)れ掛かる。
拠(よ)る、他のものを拠りどころにする、他のものを頼りにする、依據・依拠(イキョ)(よりどころとすること)」。
従う、他のものに従う。",依 → JPDB Kanji Freq: 789,漢字の読みを入力してください,Text
__担__ぐ,かつ,"［担］五級
音: タン 訓: かつ・ぐ／にな・う
意味: (ゴミなどを払うように)軽く叩(はた)く、叩(たた)くようにして払う、同「撣」(現在はこの意で「担」を用いることはない)。
荷を肩に載せる、背に載せるのは「負」、同「擔」。
荷や仕事を引き受ける、またその責任を負う、同「擔」。
重量の単位、同「擔」、1担(擔)=2石{各種単位}。",担 → JPDB Kanji Freq: 787,漢字の読みを入力してください,Text
__担__う,にな,"［担］五級
音: タン 訓: かつ・ぐ／にな・う
意味: (ゴミなどを払うように)軽く叩(はた)く、叩(たた)くようにして払う、同「撣」(現在はこの意で「担」を用いることはない)。
荷を肩に載せる、背に載せるのは「負」、同「擔」。
荷や仕事を引き受ける、またその責任を負う、同「擔」。
重量の単位、同「擔」、1担(擔)=2石{各種単位}。",担 → JPDB Kanji Freq: 787,漢字の読みを入力してください,Text
__跡__，足__跡__，屋敷__跡__,あと,"［跡］四級
音: セキ／シャク 訓: あと
意味: 歩いたところに残る足の印しるし、同簡「迹」。
嘗(かつ)て物や出来事があったところに残る印しるし、同「迹」「蹟」。",跡 → JPDB Kanji Freq: 786,漢字の読みを入力してください,Text
"__希__う・乞い願う
〔文〕願いのぞむ。",こいねが,"［希］七級
音: キ／ケ 訓: まれ／ねが・う／こいねが・う
意味: 稀(まれ)な、少ない(薄い)、めったにない(珍しい)、同「稀」。
ねが・う、こいねが・う、望む、願い望む、同「睎」。",希 → JPDB Kanji Freq: 785,漢字の読みを入力してください,Text
__快__い,こころよ,"［快］六級
音: カイ／ケ 訓: こころよ・い
意味: こころよ・い、心がすっきりする、心地がよい、気持ちがよい、爽快(ソウカイ)。
すっきりとするさま、さっぱりとしたさま、すっぱりとしたさま。
動きが速い。",快 → JPDB Kanji Freq: 784,漢字の読みを入力してください,Text
__夕__方，__夕__日，__夕__べ,ゆう,"［夕］十級
音: セキ／ジャク 訓: ゆう／ゆう・べ
意味: 陽が沈み始める頃、日没の頃、日暮れ、傍晚ボウバン(晚が間近の頃)、陽が沈み切った頃を「晩」。
夜、同「昔」。
七夕(シチセキ)(たなばた)」、陰暦七月七日の夜。
ゆう、ゆうべ、部首名。",夕 → JPDB Kanji Freq: 782,漢字の読みを入力してください,Text
__暮__れる，__暮__れ，__暮__らす，__暮__らし,く,"［暮］五級
音: ボ／モ／ム 訓: くれ／く・れる／くら・す
意味: 陽の光が届かなって暗くなる、晩バン、同「莫」。
人生や月日・季節・年などが将(まさ)に尽きようとする、またその頃。
日く・れる、(暗くなって)区別や判断ができなくなる。
日。",暮 → JPDB Kanji Freq: 781,漢字の読みを入力してください,Text
__布__，__布__地，__布__目,ぬの,"［布］六級
音: ホ／フ 訓: ぬの／きれ／し・く
意味: 経糸(よこいと)と緯糸(たていと)を十状に交差させながら織ったもの、一般にはアサ麻やワタ(綿)などの植物繊維で織ったものを指し、繭(まゆ)から紡(つむ)いだ糸で織ったものは、帛(ハク)という。
平らに敷き並べる、平面上に広く配置する。
平らに広く撒(ま)く、、散布(サンプ)、配布(ハイフ)。
広く漏れなく行き渡る、また行き渡らせる、同「佈」、布告(フコク)。",布 → JPDB Kanji Freq: 780,漢字の読みを入力してください,Text
__折__れる，名__折__れ，__折__る，__折__り紙，__折__り箱，__折__，……する__折__,お,"［折］七級
音: セツ／セチ 訓: お・る／お・れる／おり
意味: まっすぐなものや平らなものを途中からＶ字形に曲げる、また曲げて畳む、同「㪿」、単にＵ字形のように曲げるのではなく折り目が付くようにしっかりと曲げることをいう。
きっぱりと判断する。
途中で曲がってしまっている、損(そこ)なう。
まっすぐに行けない、途中で挫(くじ)ける、屈する。
若くして死ぬ、「寿命を全(まっと)うすることなくその途中で死ぬ」の意、同「歽」。
日おり、機会、時。",折 → JPDB Kanji Freq: 777,漢字の読みを入力してください,Text
__騒__ぐ，__騒__ぎ，__騒__がしい,さわ,"［騒］四級
音: ソウ 訓: さわ・ぐ／ざわ・めく／ざわ・つく
意味: 苛立(いらだ)って落ち着きがなくなる、そわそわする。
ざわざわする、がやがやする、多くの物や事が入り乱れて秩序がなくなる。
思い煩(わずら)って落ち着かない。",騒 → JPDB Kanji Freq: 776,漢字の読みを入力してください,Text
"__騒__く
［自五］〔古風〕浮かれさわぐ。また、ひやかして歩く。
「花見客が騒く」",ぞめ,"［騒］四級
音: ソウ 訓: さわ・ぐ／ざわ・めく／ざわ・つく
意味: 苛立(いらだ)って落ち着きがなくなる、そわそわする。
ざわざわする、がやがやする、多くの物や事が入り乱れて秩序がなくなる。
思い煩(わずら)って落ち着かない。",騒 → JPDB Kanji Freq: 776,漢字の読みを入力してください,Text
"潮__騒__
①潮のさすときに、波が音を立てること。波が高くて音を立てる〈こと／ひびき〉。しおざい。
「━を聞く」
②波の音。",さい,"［騒］四級
音: ソウ 訓: さわ・ぐ／ざわ・めく／ざわ・つく
意味: 苛立(いらだ)って落ち着きがなくなる、そわそわする。
ざわざわする、がやがやする、多くの物や事が入り乱れて秩序がなくなる。
思い煩(わずら)って落ち着かない。",騒 → JPDB Kanji Freq: 776,漢字の読みを入力してください,Text
__従__える・随える，__従__う・随う,したが,"［従］五級
音: ショウ／ジュウ／ジュ 訓: したが・う／したが・って
意味: 付き随(したが)う、前の人や物事の後(あと)に付いて行く、同「蹤」「䢨」「𨑢」。
考え・規則・指示・命令・前例などを受け入れる、また逆らうことなくその通りにする。
主となるものの次(つぎ)、次(つ)ぐ、後(あと)に続く。
仕事に就(つ)く。
従容(ショウヨウ)ゆったりとしたさま立ち居振る舞い(たちいふるまい)、挙動キョドウ。
～より、～から。
日したが・って、それが理由また原因で、そのために、それによって。",従 → JPDB Kanji Freq: 775,漢字の読みを入力してください,Text
__草__，__草__花，語り__草__,くさ,"［草］十級
音: ソウ 訓: くさ
意味: (特に野生の)一年以内に枯死し茎が木質化しない植物(草本植物という)の総称。
粗い、大まかな。
(大まかな)下書き。
荒れた土地、人が足を踏み入れないところ、「草深いところ」の意。
主要な官職・地位に就いていないさま、「中央から遠く離れて草深いところに住んでいる」の意。
草書(ソウショ)、漢代に成った書体の名。
どんぐり状の堅い実。",草 → JPDB Kanji Freq: 773,漢字の読みを入力してください,Text
__亡__い，__亡__き人，__亡__くす，__亡__くなる,な,"［亡］五級
音: ボウ／モウ 訓: ほろ・ぶ／ほろ・びる／ほろ・ぼす／な・い
意味: (そこにいた人が)逃げる、姿を消す、逃亡(トウボウ)。
(それまで生きていた人が)死ぬ、死亡(シボウ)。
(それまでそこにあったものが衰え弱り小さくなって最後には)無くなる、滅(ほろ)びる、滅亡(メツボウ)。",亡 → JPDB Kanji Freq: 772,漢字の読みを入力してください,Text
__里__，__里__心，村__里__,さと,"［里］九級
音: リ 訓: さと
意味: (郊外の)人家が集まっている区画、また区域。
都(みやこ)から離れた田舎(いなか)、田舎のようなさま、鄙(ひな)びているさま、雅(みやび)な都とは違う(俗っぽい、世俗的な)さま、同「俚」。
戸数による行政単位、周代(前11世紀～前256年)では5家(戸)=鄰、5鄰=里、4里=酇、5酇=鄙、5鄙=縣、但し時代や国によって25家、72家、80家、100家等の違いがある。
距離の単位、時代や国によって1里=300歩、1里=360歩等の違いがある。
裏、裏側、内側、内部、繁「裏」「裡」。
さと、さとへん、部首名。",里 → JPDB Kanji Freq: 771,漢字の読みを入力してください,Text
"お__暇__，枚挙に__暇__がない，応接に__暇__がない，__暇__乞い
たずねていった家から立ち去ること。例 そろそろお暇します。",いとま,"［暇］四級
音: カ／ゲ 訓: ひま／いとま
意味: (仕事などの合間の)空いた時間、何もすることがない時間、同「假」。
日いとま、職を辞(や)める、訪問先を去る。",暇 → JPDB Kanji Freq: 770,漢字の読みを入力してください,Text
__暇__，__暇__な時,ひま,"［暇］四級
音: カ／ゲ 訓: ひま／いとま
意味: (仕事などの合間の)空いた時間、何もすることがない時間、同「假」。
日いとま、職を辞(や)める、訪問先を去る。",暇 → JPDB Kanji Freq: 770,漢字の読みを入力してください,Text
__志__，__志__ある者は事竟に成る,こころざし,"［志］六級
音: シ 訓: こころざし／こころざ・す
意味: 心が指し示す方向、遂(と)げようとする思いや考え。
思いや考えを成し遂げようとする。
記(しる)す、書き留(と)める、またその記録、同繁「誌」。
日こころざし、相手(特に死者)に贈る気持。",志 → JPDB Kanji Freq: 769,漢字の読みを入力してください,Text
__志__す,こころざ,"［志］六級
音: シ 訓: こころざし／こころざ・す
意味: 心が指し示す方向、遂(と)げようとする思いや考え。
思いや考えを成し遂げようとする。
記(しる)す、書き留(と)める、またその記録、同繁「誌」。
日こころざし、相手(特に死者)に贈る気持。",志 → JPDB Kanji Freq: 769,漢字の読みを入力してください,Text
__納__める，御用__納__め，__納__まる，__納__まり,おさ,"［納］五級
音: ドウ／ノウ／トウ／ナッ／ナ／ナン 訓: おさ・める／おさ・まる
意味: 外にあるものを内(うち)に入れる、建物や容器の中に入れる。
他のものを受け入れる、自分のものを他へ渡す。
ここで止(や)めて終わりにする、これまでのことを終わりにする、同「弭」。",納 → JPDB Kanji Freq: 768,漢字の読みを入力してください,Text
__奪__う，__奪__い取る,うば,"［奪］三級
音: タツ／ダチ／ダツ 訓: うば・う
意味: 手の中から(さっと、するりと)ものがなくなる、失う、脱落する。
力ずくで(無理やり)取る、取り上げる、同「敓」",奪 → JPDB Kanji Freq: 767,漢字の読みを入力してください,Text
__建__てる，__建__物，二階__建__て，__建__つ，一戸__建__ち,た,"［建］七級
音: ケン／コン 訓: た・てる／た・つ
意味: (建造物を)しっかりと立てる、造(つく)る、作り上げる。
(法律などを)しっかりと定める。
意見を申し立てる。
北斗七星の柄(え)の指す方向、建寅(ケンイン)(夏暦・農暦・旧暦・陰暦の正月、この月には柄が寅の方向・東北東を指すことから)」。",建 → JPDB Kanji Freq: 766,漢字の読みを入力してください,Text
__鳥__，__鳥__居，小__鳥__,とり,"［鳥］九級
音: チョウ 訓: とり
意味: 羽毛に覆(おお)われ嘴(くちばし)があり二足で卵生の動物の総称。
とり、とりへん、部首名。",鳥 → JPDB Kanji Freq: 765,漢字の読みを入力してください,Text
__米__，__米__粒,こめ,"［米］九級
音: ベイ／マイ 訓: こめ／よね／メートル
意味: 穀物などの実から殻(外皮)を取り除いた小さな粒、小米(シャオミ)ー」はアワ粟の実、、粟米(スゥミ)ー」はトウモロコシ玉蜀黍の実。
日イネ稲の実から殻を取り除いた小さな粒、中国では、大米(タァミ)ー」。
小さな粒状のもの。
メートルmeter(metre。",米 → JPDB Kanji Freq: 764,漢字の読みを入力してください,Text
__春__，__春__めく,はる,"［春］九級
音: シュン 訓: はる
意味: 地中の草木の芽が地上に現(あらわ)れ出る季節、四季(春・夏・秋・冬)の第一、陰暦の一月から三月。
若々しく瑞々(みずみず)しいさま、生気に満ちているさま。
異性を思い慕(した)う感情、異性に対する情欲ジョウヨク。",春 → JPDB Kanji Freq: 762,漢字の読みを入力してください,Text
__率__いる,ひき,"［率］六級
音: ソツ／シュツ／スイ／リツ／リチ 訓: ひき・いる
意味: 鳥を捕らえるための網、一網打尽にする網。
ひき・いる、全体(集団)が乱れないよう一つに纏(まと)める、統率(トウソツ)。
従う、纏まり・基準などからはみ出ないようにする、道を誤らないように導(みちび)く、同「䢦」「𧗿」。
規範、基準。
全体として不釣り合い(不公平)にならないよう配分・配置する。
幾つかのものを比べた時のそれぞれの量、割合、比率(ヒリツ)。
あるがまま、まじけがない。",率 → JPDB Kanji Freq: 761,漢字の読みを入力してください,Text
__互__い，__互__いに，__互__い違い,たが,"［互］四級
音: コ／ゴ 訓: たが・い
意味: 二つのものが逆の方向から(別の方向から)同じところで合わさる、行き来し合う、代わる代わる(かわるがわる)にする、～し合う。",互 → JPDB Kanji Freq: 760,漢字の読みを入力してください,Text
"__互__に
〔雅〕たがいに。
「━思う」",かたみ,"［互］四級
音: コ／ゴ 訓: たが・い
意味: 二つのものが逆の方向から(別の方向から)同じところで合わさる、行き来し合う、代わる代わる(かわるがわる)にする、～し合う。",互 → JPDB Kanji Freq: 760,漢字の読みを入力してください,Text
__染__める，__染__め物，__染__まる,そ,"［染］五級
音: ゼン／ネン／セン 訓: そ・める／そ・まる／し・みる／し・み
意味: 液体が小さな隙間に滲(し)み込む、布などを液体に浸(ひた)して着色する、色を滲み込ませる。
色や匂いなどが付着する、またそれによってそれまでとは別のものになる、感化される。
情報や病気などが次々に移って行く。",染 → JPDB Kanji Freq: 759,漢字の読みを入力してください,Text
__染__みる，油__染__みる，__染__み，__染__み抜き,し,"［染］五級
音: ゼン／ネン／セン 訓: そ・める／そ・まる／し・みる／し・み
意味: 液体が小さな隙間に滲(し)み込む、布などを液体に浸(ひた)して着色する、色を滲み込ませる。
色や匂いなどが付着する、またそれによってそれまでとは別のものになる、感化される。
情報や病気などが次々に移って行く。",染 → JPDB Kanji Freq: 759,漢字の読みを入力してください,Text
__整__える，__整__う,ととの,"［整］八級
音: セイ／ショウ 訓: ととの・える／ととの・う
意味: きちんとした状態や形にする、歪(ゆが)みや曲がりや乱れや偏(かたよ)りがないようにする、過不足がないように(凸凹がないように)する。
あるべき(本来の)状態や形にする、定めに従った状態や形にする。",整 → JPDB Kanji Freq: 757,漢字の読みを入力してください,Text
__竜__巻,たつ,"［竜］凖二級
音: リョウ／リュウ／ロウ 訓: たつ
意味: 角(つの)と鬚(ひげ)を持ち体は細長く鱗(うろこ)があり、春分に天に昇り秋分に淵(ふち)に潜むという想像上の動物。
天子・君主・皇帝を指す語、龍飛(リュウヒ)(天子の即位)」、龍体(リュウタイ)(天子のお体)」。
ひときわ優れたものを指す語。
十二章紋の一つ{服飾(十二章紋)}。
背が高く(八尺以上の)大きな馬、駿馬シュンメ。",竜 → JPDB Kanji Freq: 756,漢字の読みを入力してください,Text
"__雪__，__雪__解け，初__雪__
吹__雪__
①風にふかれて〈雪が乱れ飛ぶこと／乱れ飛ぶ雪〉。
②乱れ飛ぶものをたとえたことば。","ゆき,ぶき","［雪］九級
音: セツ／セチ 訓: ゆき／すす・ぐ
意味: ゆき、空中の水蒸気が結晶となって降ってくるもの{雪}。
(雪のように)白いさま。
すす・ぐ、穢れや恥を洗い清める。",雪 → JPDB Kanji Freq: 752,漢字の読みを入力してください,Text
__独__り，__独__り善がり，__独__り者,ひと,"［独］六級
音: トク／ドク 訓: ひと・り
意味: 一人、一人だけ、同「獨」。
一つ、ただ一つ、同「獨」。",独 → JPDB Kanji Freq: 751,漢字の読みを入力してください,Text
__責__める，__責__め，__責__っ付く,せ,"［責］六級
音: サク／シャク／サイ／セ／セキ 訓: せめ／せ・める
意味: 強く求められる務(つと)め、果たすべきこと、為(な)すべきこと。
(果たすべきことを果たすよう)強く求める、(為すべきことを為さないことを)厳(きび)しく咎(とが)める、責備(セキビ)。",責 → JPDB Kanji Freq: 750,漢字の読みを入力してください,Text
__提__げる，手__提__げ,さ,"［提］六級
音: テイ／ダイ 訓: さ・げる／ちょう
意味: さ・げる、垂らすようにして持つ、下げるようにして持つ。
持ち上げる、引き上げる。
(話や課題などを)取り上げる、持ち出す、提起(テイキ)、提案(テイアン)。
差し上げる、差し出す、、提出(テイシュツ)、提示(テイジ)。
引く、引き出す。",提 → JPDB Kanji Freq: 749,漢字の読みを入力してください,Text
__吹__く,ふ,"［吹］四級
音: スイ 訓: ふ・く
意味: 息を勢いよく吐き出す、唇を窄めて風を起こすように息を吐く、ゆっくり吹くのは「嘘」。
管楽器に音を出すために息を勢いよく吐き入れる、同「龡」。
大気が流れる、風が起きる。
(息を大きく吐き出すことから)自慢げに話す。",吹 → JPDB Kanji Freq: 748,漢字の読みを入力してください,Text
宮__崎__，○○__崎__,さき,"［崎］七級
音: キ 訓: さき
意味: (山や山道が)起伏・凸凹・傾斜・蛇行して、なだらかでないさま、険しいさま、思うように進めないさま、思うようにならないさま、崎嶇(キク)、同「陭䧢」。
日陸地が入り組んで崖状に切り立ったところ、同「埼」「碕」。",崎 → JPDB Kanji Freq: 747,漢字の読みを入力してください,Text
__弟__，__弟__直し，__弟__分,おとうと,"［弟］九級
音: テイ／ダイ／デ 訓: おとうと
意味: 同じ親を持つ自分よりも後から生まれた男子、同「𠂖」、先に生まれた男子は「兄」。
年長者や兄姉を敬い従う、同「悌」。
弟靡(テイビ)、逆らうことなく従う。
師の教えを受ける者",弟 → JPDB Kanji Freq: 746,漢字の読みを入力してください,Text
__登__る，山__登__り,のぼ,"［登］八級
音: トウ／ト 訓: のぼ・る
意味: 高いところに上がる、高い方(上の方)に進む、同「陞」、一般に道や階段や梯子(はしご)などの足場を伝いながら上がることをいい、足場がなく浮くように上がるのは「昇」。
高いところに乗る、上に乗る。
高い地位に就く、高い地位に引き上げる。
書類に載(の)せる、記載する、同「載」。
穀物が実る、また熟す、同「升」。",登 → JPDB Kanji Freq: 745,漢字の読みを入力してください,Text
__比__べる，背__比__べ,くら,"［比］六級
音: ヒ／ビ 訓: くら・べる／なら・ぶ／たぐい／ころ
意味: 同様・同等のものが並ぶ、並べる、比肩(ヒケン)。
類たぐい、性格・性質が共通しているもの、またその集まり。
(同様・同等のものを)並べて大小・長短・優劣・多少などを較(くら)べる、また違いを調べる、比較(ヒカク)。
集団(同様・同等のものの集まり)の構成要素それぞれの割合(わりあい)、比率(ヒリツ)。
例(たと)える、他の同じようなものを例に挙げて譬(たと)える、比喩(ヒユ)。
頻(しき)り、同じように繰り返すこと、比比(ヒヒ)(頻りに、繰り返し)」、比年(ヒネン)(近年、毎年)」。
この頃、近頃(ちかごろ)。
くらべる、ならびひ、部首名。",比 → JPDB Kanji Freq: 744,漢字の読みを入力してください,Text
__造__る,つく,"［造］六級
音: ソウ／ゾウ 訓: つく・る
意味: (素材に手を加えて、組み合わせて)作り上げる。
成(な)る、為(な)す、成し遂(と)げる。
到(いた)る、行き着く。
慌てる、慌ただしい。
造次(ゾウジ)ごく短い時間、咄嗟トッサ急いで、あたふたと。
日みやつこ、日本の上代の姓(かばね)の一つ",造 → JPDB Kanji Freq: 743,漢字の読みを入力してください,Text
__修__める，__修__まる,おさ,"［修］六級
音: シュウ／シュ／ス 訓: おさ・める
意味: 荒々しいところ・ごつごつしたところを取り除いて形を整える、足りないところ・欠けているところを補いてすっきりした形にする。
足りないところ・欠けているところを補い必要なことを身に付ける、学問や技術などを学び身につける。
すらりとして長い、すらりと高い。",修 → JPDB Kanji Freq: 741,漢字の読みを入力してください,Text
"__避__ける
なるべく遠くはなれるの",さ,"［避］四級
音: ヒ／ビ 訓: さ・ける／よ・ける
意味: 障害となるものに当たらないような位置・場所に移動する、当たらないように身を躱(かわ)す、身を逸(そ)らす、同「辟」、迴避・回避(カイヒ)。
中心から去る、退く、遠ざかる。",避 → JPDB Kanji Freq: 740,漢字の読みを入力してください,Text
"__避__ける
近づいてもよく、ただしそれに当たらないように進路や位置を変える。",よ,"［避］四級
音: ヒ／ビ 訓: さ・ける／よ・ける
意味: 障害となるものに当たらないような位置・場所に移動する、当たらないように身を躱(かわ)す、身を逸(そ)らす、同「辟」、迴避・回避(カイヒ)。
中心から去る、退く、遠ざかる。",避 → JPDB Kanji Freq: 740,漢字の読みを入力してください,Text
__脱__げる，__脱__ぐ,ぬ,"［脱］四級
音: タツ／ダチ／ダツ 訓: ぬ・ぐ／ぬ・け／ぬ・げる
意味: 肉から骨や皮を剥(は)ぎ取る、剥(む)き取る。
覆っているものを取り去る、覆っているものから抜け出る。
取り去る、外(はず)す。
抜(ぬ)ける、抜け落ちる、抜け出る。
もし、もしも、if。",脱 → JPDB Kanji Freq: 739,漢字の読みを入力してください,Text
__争__う，__争__い,あらそ,"［争］七級
音: ソウ／ショウ 訓: あらそ・う／いか・で／いか・でか
意味: 互いに取り合う、奪(うば)い合う、戦う。
諍(いさか)う、是非ゼヒ、正否(セイヒ)・優劣(ユウレツ)などについて言い合う、同「訟」「諍」。
諌(いさ)める、非(ヒ、正しくないこと)や過(あやま)ちを正すよう意見する、同「諫」「諍」。
いか・で、いか・でか、どうして～。",争 → JPDB Kanji Freq: 738,漢字の読みを入力してください,Text
__晴__れる，__晴__れ，__晴__れやかだ，__晴__らす，気__晴__らし,は,"［晴］九級
音: セイ／ジョウ 訓: は・れる
意味: (雨や雪が止んで)雲がなくなる、雲がなく空が澄み渡る、同「夝」「暒」{晴}。",晴 → JPDB Kanji Freq: 737,漢字の読みを入力してください,Text
__授__ける，__授__かる,さず,"［授］六級
音: シュウ／ジュ 訓: さず・ける／さず・かる
意味: 上位者が下位者に直接(手渡しで)与える、また教える、下位者が上位者から直接(手渡しで)賜(たまわ)る、また給(たま)わる。",授 → JPDB Kanji Freq: 736,漢字の読みを入力してください,Text
__詰__める，__詰__め物，__詰__む，__詰__み，__詰__まる，行き__詰__まる,つ,"［詰］四級
音: キツ／キチ 訓: なじ・る／つ・める
意味: 厳(きび)しく問い責(せ)める。
追及ツイキュウする、詰問(キツモン)(厳しく問い返事を迫る)」。
曲がる、屈(かが)む。
次の日、、詰旦(キッタン)(次の日の明け方)」、詰朝(キッチョウ)(次の日の朝)」。
日つ・める、隙間がないようにする、空いているところにぎっしりと入れて満たす。",詰 → JPDB Kanji Freq: 735,漢字の読みを入力してください,Text
"__詰__る
ひどいではないかと、とがめて責める。
「約束を破ったことを━」",なじ,"［詰］四級
音: キツ／キチ 訓: なじ・る／つ・める
意味: 厳(きび)しく問い責(せ)める。
追及ツイキュウする、詰問(キツモン)(厳しく問い返事を迫る)」。
曲がる、屈(かが)む。
次の日、、詰旦(キッタン)(次の日の明け方)」、詰朝(キッチョウ)(次の日の朝)」。
日つ・める、隙間がないようにする、空いているところにぎっしりと入れて満たす。",詰 → JPDB Kanji Freq: 735,漢字の読みを入力してください,Text
__駆__る，__駆__り立てる，__駆__ける，抜け__駆__け,か,"［駆］四級
音: ク 訓: か・ける／か・る
意味: 馬に鞭(むち)を当て走らせる。
追い立てる、急(せ)かす。
追う、追い払う、追い遣(や)る。
速く走る、疾走する。",駆 → JPDB Kanji Freq: 734,漢字の読みを入力してください,Text
__揺__れる，__揺__れ，__揺__るぐ，__揺__るぎない，__揺__り返し，__揺__り籠，__揺__らぐ，__揺__する，貧乏__揺__すり，__揺__すぶる，__揺__さぶる,ゆ,"［揺］三級
音: ヨウ 訓: ゆ・れる／ゆ・らぐ／ゆ・する／ゆ・さぶる
意味: 上下・左右・前後に行きつ戻りつするように動く、また動かす。",揺 → JPDB Kanji Freq: 733,漢字の読みを入力してください,Text
__混__む，__混__み合う，人__混__み,こ,"［混］六級
音: コン／ゴン 訓: ま・じる／ま・ぜる／こ・む
意味: 水が滾滾、渾渾・混混(コンコン)と湧き出る。
たくさんのもの(流れ出た水)が集まり一つになる、様々なもの或いは多くのものが寄せ集まり同化する、同化してそれぞれの見分けがつかなくなる、もとの形や性質を保ったまま入り交じるのは「雑」。
見分けがつかない、はっきりしない。",混 → JPDB Kanji Freq: 732,漢字の読みを入力してください,Text
__混__ぜる，__混__ぜ物，__混__じる，__混__じり物，__混__ざる,ま,"［混］六級
音: コン／ゴン 訓: ま・じる／ま・ぜる／こ・む
意味: 水が滾滾、渾渾・混混(コンコン)と湧き出る。
たくさんのもの(流れ出た水)が集まり一つになる、様々なもの或いは多くのものが寄せ集まり同化する、同化してそれぞれの見分けがつかなくなる、もとの形や性質を保ったまま入り交じるのは「雑」。
見分けがつかない、はっきりしない。",混 → JPDB Kanji Freq: 732,漢字の読みを入力してください,Text
__労__う,ねぎら,"［労］七級
音: ロウ 訓: いた・わる／ねぎら・う
意味: 精一杯務める、力を尽くして働く、またそのような人。
力を出し尽くして疲れる、困憊コンパイする。
いた・わる、ねぎら・う、働きや骨折り・疲れや辛苦を慰める。",労 → JPDB Kanji Freq: 731,漢字の読みを入力してください,Text
"__労__る
①弱い立場の人をやさしく親切にあつかう。
「年寄りを━・からだを━〔＝大事にする〕」
②苦労を認め、ことばをかけたりする。
「選手を━」",いたわ,"［労］七級
音: ロウ 訓: いた・わる／ねぎら・う
意味: 精一杯務める、力を尽くして働く、またそのような人。
力を出し尽くして疲れる、困憊コンパイする。
いた・わる、ねぎら・う、働きや骨折り・疲れや辛苦を慰める。",労 → JPDB Kanji Freq: 731,漢字の読みを入力してください,Text
__踏__む，足__踏__み，__踏__まえる,ふ,"［踏］四級
音: トウ／ドウ 訓: ふ・む
意味: 足を地に着ける、足で押える、同「踐」。",踏 → JPDB Kanji Freq: 728,漢字の読みを入力してください,Text
__狙__う，__狙__い,ねら,"［狙］二級
音: ショ／ソ 訓: ねら・う
意味: 猿(サル)、サルの一種。
窺(うかが)う、相手に気付かれないようにこっそりと見る、また様子を窺う。
狙詐(ソサ)、騙(だま)す。",狙 → JPDB Kanji Freq: 727,漢字の読みを入力してください,Text
"__妙__なる
〔文〕言いようのないほど、すぐれているようす。
「━楽の音」",たえ,"［妙］四級
音: ビョウ／ミョウ 訓: たえ
意味: (人の手によるものとは思われないほど)繊細なさま、精巧なさま、技が巧(たく)みなさま。
繊細で美しいさま。
年若く繊細なさま、年若く美しい人。
人の手によるものとは思われないさま、不可思議なさま。",妙 → JPDB Kanji Freq: 726,漢字の読みを入力してください,Text
__鹿__，__鹿__の角を蜂が刺す,しか,"［鹿］七級
音: ロク 訓: しか／か
意味: 鹿(シカ)、シカ科の哺乳類の総称。
権力またその地位。
穀物などを貯蔵するための方形の倉庫、円形は「囷」。
しか、しかへん、部首名。",鹿 → JPDB Kanji Freq: 723,漢字の読みを入力してください,Text
馬__鹿__，馬__鹿__らしい，__鹿__の子,か,"［鹿］七級
音: ロク 訓: しか／か
意味: 鹿(シカ)、シカ科の哺乳類の総称。
権力またその地位。
穀物などを貯蔵するための方形の倉庫、円形は「囷」。
しか、しかへん、部首名。",鹿 → JPDB Kanji Freq: 723,漢字の読みを入力してください,Text
__勇__む，__勇__み足，__勇__ましい,いさ,"［勇］七級
音: ヨウ／ユウ／ユ 訓: いさ・ましい／いさ・む
意味: 気力が満ちているさま、気力に満ちて恐れを知らない、恐れることなく立ち向かう、逞(たくま)しく怯(ひる)まない、同「恿」。",勇 → JPDB Kanji Freq: 722,漢字の読みを入力してください,Text
__隣__，両__隣__,となり,"［隣］四級
音: リン 訓: となり／とな・る
意味: 境界を共有している(同じ境界に接している)家・土地・町・国など。
すぐそばに並んでいる、すぐそばに連(つら)なっている。
周代(前11世紀～前256年)の五家を単位とする行政単位、5家(戸)=鄰、5鄰=里、4里=酇、5酇=鄙、5鄙=縣。",隣 → JPDB Kanji Freq: 721,漢字の読みを入力してください,Text
__隣__り合う，__隣__る,とな,"［隣］四級
音: リン 訓: となり／とな・る
意味: 境界を共有している(同じ境界に接している)家・土地・町・国など。
すぐそばに並んでいる、すぐそばに連(つら)なっている。
周代(前11世紀～前256年)の五家を単位とする行政単位、5家(戸)=鄰、5鄰=里、4里=酇、5酇=鄙、5鄙=縣。",隣 → JPDB Kanji Freq: 721,漢字の読みを入力してください,Text
__筋__，__筋__金入り，一__筋__縄，__筋__書，大__筋__,すじ,"［筋］五級
音: キン／コン 訓: すじ
意味: 動物の肉(皮膚と骨を繋いで一定の形や位置を保つ役割を担う組織、筋肉と脂肪とからなる)を構成する伸縮性のある強靱な線状の組織。
線状のもの、線状に繋がっているもの、細く長いもの、またそのような形
日血の繋がり、血統、「血筋(ちすじ)」
日。",筋 → JPDB Kanji Freq: 720,漢字の読みを入力してください,Text
__射__る,い,"［射］五級
音: シャ／ジャ／ヤ／エキ／ヤク 訓: い・る
意味: 弓を引き絞って番(つが)えた矢を放つ、敵や的(まと)に向かって矢や弾(たま)などを放つ、同「䠶」「𢎤」。
弓から放たれた矢が目標に向かって一直線に高速に飛んで行く、目標に当てる。
的に当たる、まっすぐに飛んできたものが当たる。
射干(シャカン)、ヒオウギ檜扇、アヤメ科アヤメ属の草{ヒオウギ}、日本で「射干」は「シャガ」と読みアヤメ科アヤメ属の別種を指す{シャガ}。
姑射(コヤ)、仙人が住むという山の名。",射 → JPDB Kanji Freq: 719,漢字の読みを入力してください,Text
"__射__す
光が照って当たる。「朝日が射しこむ」 「光明が射す」 「後光が射す」",さ,"［射］五級
音: シャ／ジャ／ヤ／エキ／ヤク 訓: い・る
意味: 弓を引き絞って番(つが)えた矢を放つ、敵や的(まと)に向かって矢や弾(たま)などを放つ、同「䠶」「𢎤」。
弓から放たれた矢が目標に向かって一直線に高速に飛んで行く、目標に当てる。
的に当たる、まっすぐに飛んできたものが当たる。
射干(シャカン)、ヒオウギ檜扇、アヤメ科アヤメ属の草{ヒオウギ}、日本で「射干」は「シャガ」と読みアヤメ科アヤメ属の別種を指す{シャガ}。
姑射(コヤ)、仙人が住むという山の名。",射 → JPDB Kanji Freq: 719,漢字の読みを入力してください,Text
__導__く，__導__き,みちび,"［導］六級
音: トウ／ドウ 訓: みちび・く／しるべ
意味: 道案内する、手引きする、行く道を誤らないように手助けする、同「道」。",導 → JPDB Kanji Freq: 718,漢字の読みを入力してください,Text
__導__・知る辺,しるべ,"［導］六級
音: トウ／ドウ 訓: みちび・く／しるべ
意味: 道案内する、手引きする、行く道を誤らないように手助けする、同「道」。",導 → JPDB Kanji Freq: 718,漢字の読みを入力してください,Text
__鬼__，__鬼__ごっこ，赤__鬼__,おに,"［鬼］四級
音: キ 訓: おに
意味: 人の死後(肉体は滅びても)滅びず彷徨(さまよ)うとされる霊魂。
(姿は見えないが)人に災いを齎(もたら)すもの。
(鬼のように)恐ろしい、無慈悲な、並外れた。
人の死後の世界。
二十八宿南方朱雀スザクの一つ{二十八宿}。
おに、きにょう、部首名。",鬼 → JPDB Kanji Freq: 717,漢字の読みを入力してください,Text
__吐__く，__吐__き気,は,"［吐］四級
音: ト／ツ 訓: は・く
意味: もの(食べたものなどの固形物・液状物)を口から体外に出す、一般に中医では、嘔吐物は出ずに声だけが出ることを「噦」、嘔吐物と共に声も出ることを「嘔」「歐」。
内にあるものを外に出す、考えや思いを言葉に出して言う",吐 → JPDB Kanji Freq: 715,漢字の読みを入力してください,Text
"__吐__く
①〔息を〕出す。
「ため息を━」
②言う。
「うそを━」",つ,"［吐］四級
音: ト／ツ 訓: は・く
意味: もの(食べたものなどの固形物・液状物)を口から体外に出す、一般に中医では、嘔吐物は出ずに声だけが出ることを「噦」、嘔吐物と共に声も出ることを「嘔」「歐」。
内にあるものを外に出す、考えや思いを言葉に出して言う",吐 → JPDB Kanji Freq: 715,漢字の読みを入力してください,Text
__獣__，__獣__道,"けだもの,けもの","［獣］四級
音: シュウ／シュ／ジュウ 訓: けもの／けだもの
意味: (特に野生の)全身に毛がある四足の動物、二足は「禽」。
(祭祀の際に供える)干し肉。",獣 → JPDB Kanji Freq: 714,漢字の読みを入力してください,Text
"価
物の値段。「商品に―をつける」 「値」と書けば、物の値打ち･数量の意。",あたい,"［価］六級
音: カ／ケ 訓: あたい
意味: ものを売り渡しても買い取っても損はないと考える値段(ねだん)、ものの値打ち。
それがどの程度であるかを評価した結果示される値(あたい)。",価 → JPDB Kanji Freq: 713,漢字の読みを入力してください,Text
__非__ず，__非__ずんば，__非__ざる，__非__がある,あら,"［非］六級
音: ヒ 訓: あら・ず
意味: ～ではない、否定を表す言葉、同「匪」。
～ではないだろうか。
違っている、誤っている、正しくない。
是非(ゼヒ)物事の正邪、良し悪し(都合の良し悪しに拘らず)どうしても。
あらず、部首名。",非 → JPDB Kanji Freq: 712,漢字の読みを入力してください,Text
__酒__，__酒__好き，甘__酒__,さけ,"［酒］八級
音: シュウ／シュ 訓: さけ／さか／き
意味: 穀物や果実などを原料として醸造ジョウゾウしたアルコールalcohol分を含む飲み物。",酒 → JPDB Kanji Freq: 711,漢字の読みを入力してください,Text
__酒__屋，__酒__場，__酒__盛り,さか,"［酒］八級
音: シュウ／シュ 訓: さけ／さか／き
意味: 穀物や果実などを原料として醸造ジョウゾウしたアルコールalcohol分を含む飲み物。",酒 → JPDB Kanji Freq: 711,漢字の読みを入力してください,Text
露__払__い，__払__う，__払__い，月__払__い,はら,"［払］四級
音: フツ／ホチ／ヒツ 訓: はら・う
意味: 取る。
手(や用具)を左右に振って不要なものや邪魔なものを他に追いやる、同「拂」、本来「拂」は別字だが古くから「拂」の異体字として「払」が用いられた。
日代金を渡す。",払 → JPDB Kanji Freq: 710,漢字の読みを入力してください,Text
"__誘__き出す
〘他五〙だましたり挑発したりして誘い出す。「おとりを使って―・す」",おび,"［誘］三級
音: ユウ／ユ 訓: さそ・う／いざな・う／おび・く
意味: 道を示しながら先導する。
一緒に～するよう勧める、説いて～をさせる。
引き寄せる、引き起こす。",誘 → JPDB Kanji Freq: 709,漢字の読みを入力してください,Text
"__誘__う，__誘__い水
__誘__う｟他五｠
〔文〕勧誘する。すすめる。
「旅に━」","さそ,いざな","［誘］三級
音: ユウ／ユ 訓: さそ・う／いざな・う／おび・く
意味: 道を示しながら先導する。
一緒に～するよう勧める、説いて～をさせる。
引き寄せる、引き起こす。",誘 → JPDB Kanji Freq: 709,漢字の読みを入力してください,Text
__印__す，__印__，目__印__，矢__印__,"しる,しるし","［印］七級
音: イン 訓: しるし／しる・す
意味: しるし、真正シンセイであることの証(あかし)とするもの、それであることを見分けるための標(しるし)。
判子(はんこ)、特に公的な印鑑を指す。
木や石や金属に文字や絵・紋様などを刻み込む、また彫(ほ)る、またそれを押す、また押されたもの、印章(インショウ)。
木や石に文字や絵・紋様などを彫り、それを紙などに転写する。
刻み込む。",印 → JPDB Kanji Freq: 708,漢字の読みを入力してください,Text
"__司__る・官取る
役目として、その〈仕事／はたらき〉をする。
「会計を━・呼吸を━器官」",つかさど,"［司］七級
音: シ／ス 訓: つかさど・る／つかさ
意味: 管理・監督する、主管シュカン、管掌(カンショウ)する、またその職掌ショクショウ・職務・役割、またその人。
役所、役人",司 → JPDB Kanji Freq: 706,漢字の読みを入力してください,Text
__基__，__基__づく,もと,"［基］六級
音: キ／コ 訓: もと／もと・づく／もとい
意味: 構築物を建てる時に最初に築く部分、構築物を支える土台。
物事の始まりとなるところ、物事の拠(よ)りどころとなるもの、物事の根本のところ。",基 → JPDB Kanji Freq: 705,漢字の読みを入力してください,Text
__玉__，目__玉__,たま,"［玉］十級
音: ギョク／コク 訓: たま
意味: ぎょく、光沢と透明感があり堅く色や彩(あや、いろどり)が美しく音が涼やかな最も高貴とされた宝石、特定の鉱石を指すものではなく、硬玉(コウギョク)(ジェィダイトjadeite、翡翠輝石ヒスイキセキ、略称翡翠ヒスイ)」、軟玉(ナンギョク)(ネフライトnephrite、透閃石トウセンセキ、緑閃石(リョクセンセキ)等)」などを総じて、玉(ギョク)(美しく高貴な石)」と呼んだといわれる。
たま、丸いまた円形の美しい石。
美しいさま。
高貴なさま、貴重なさま、立派なさま。
日たま、球状の、球状のもの。
たま、部首名。",玉 → JPDB Kanji Freq: 704,漢字の読みを入力してください,Text
"__科__を作る
① なまめかしいしぐさをする。女性が男性の気を引く艶めかしい仕草や態度を見せること。「―・ってにっこり笑いかける」
② 上品そうなようすをする。体裁を整える。",しな,"［科］九級
音: カ 訓: しな／とが
意味: 穀物の生産量や品質の良し悪しの程度を幾つかに区分し順に並べたもの、等級。
罪の軽重に従い量刑を定める、またそれを適用する(科する)。
分類し同等のものを一つに纏(まと)める、また纏めて順に並べる。
丸い穴、窪(くぼ)み、同「坎」。
(演劇などでの)動作、仕草(しぐさ)。",科 → JPDB Kanji Freq: 703,漢字の読みを入力してください,Text
__刻__む，__刻__み,きざ,"［刻］五級
音: コク 訓: きざ・む
意味: (刀で)切り込みを入れる、彫(ほ)り込む。
印(しるし)をつける、目印を彫る。
(水時計や日時計の)目盛り、時間の区切り目(古く一刻は一日の百分の一、後に一時間の四分の一)。
傷付ける、痛(いた)める。
酷(むご)い、酷(ひど)い。",刻 → JPDB Kanji Freq: 702,漢字の読みを入力してください,Text
__末__，場__末__，__末__っ子，__末__頼もしい,すえ,"［末］七級
音: バツ／マツ／マチ 訓: すえ
意味: 木の先(さき)の細い部分、端(はじ)、先端。
物事の最後、終わり。
細いさま、細(こま)かいさま、小さいさま。
(端の方にあって或いは細かくて)取るに足りない、些細な。",末 → JPDB Kanji Freq: 701,漢字の読みを入力してください,Text
__撮__る,と,"［撮］三級
音: サツ／サチ 訓: つま・む／と・る
意味: つま・む、二本(或いは三本)の指で掴(つか)む、指先や箸などの長いものを使って寄せ集めて掴み上げる、摘(つ)まむ、同「摘」「抓」。
多くのものの内から一部分或いは必要な部分だけを取り出す。
寄せ集める、多くのものが同じところに集まる、同「最」。
漢代(前202年～220年)の容量の単位、1撮=4圭=2mL{各種単位}。
日と・る、写真を写す。",撮 → JPDB Kanji Freq: 700,漢字の読みを入力してください,Text
__旅__，__旅__先，船__旅__,たび,"［旅］八級
音: リョ／ロ 訓: たび
意味: 兵士数を基にした軍隊の規模の単位、周朝(西周、前11世紀～前771年)では500人を単位とした。
列を成(な)して行軍する、またその軍隊
(大勢で)遠くへ出掛ける
(多くのものが)列を成なす、連(つら)なる。
供物クモツ(そなえもの)を祭壇サイダンに並べ山や川の神を祀(まつ)る祭礼、同「祣」。
周易の六十四卦の一つ、火山旅(カザンリョ)、䷷{易経記号}。
背骨(せぼね)、同「膂」。",旅 → JPDB Kanji Freq: 699,漢字の読みを入力してください,Text
__迎__える，出__迎__え,むか,"［迎］四級
音: ゲイ／ギョウ／ゴウ 訓: むか・える
意味: 来る人を(その場で相手の到着を待つのではなく)途中まで出向いて行って逢(あ)う、別れる際に(その場で別れてしまうのではなく)途中まで同道してから別れるのは、送(ソウ)。
進んで(相手の考えなどを)受け入れる、、迎合(ゲイゴウ)。",迎 → JPDB Kanji Freq: 698,漢字の読みを入力してください,Text
__型__，__型__紙，血液__型__,かた,"［型］六級
音: ケイ／ギョウ 訓: かた
意味: これから作ろうとする物の形に作ったもの、溶かした金属を流し入れて目的の形に造るためのもの、「鋳型(いがた)」、木製は「模」、竹製は「範」。
模範モハン、手本、基本や標準になる形、様式、タイプtype。",型 → JPDB Kanji Freq: 697,漢字の読みを入力してください,Text
__値__，__値__段,ね,"［値］五級
音: チ／ジ／チョク／ジキ 訓: あたい／ね
意味: それがどの程度であるかを評価した結果示される価(あたい)、価格カカク(物の値段、値打ち)、品位ヒンイ(人や物の値打ち)、数(かず、数えた結果得られる数値)。
相当する、合う、「値(あたい)する」の意。
当たる、当値・当直(トウチョク)。",値 → JPDB Kanji Freq: 696,漢字の読みを入力してください,Text
__値__，__値__する,あたい,"［値］五級
音: チ／ジ／チョク／ジキ 訓: あたい／ね
意味: それがどの程度であるかを評価した結果示される価(あたい)、価格カカク(物の値段、値打ち)、品位ヒンイ(人や物の値打ち)、数(かず、数えた結果得られる数値)。
相当する、合う、「値(あたい)する」の意。
当たる、当値・当直(トウチョク)。",値 → JPDB Kanji Freq: 696,漢字の読みを入力してください,Text
__究__める,きわ,"［究］八級
音: キュウ／ク 訓: きわ・める
意味: 極める、奥深い穴の突き当たりまで行く、極まる、突き当たりまで行き着く。
窮(きわ)める、(奥深い穴の)隅々まで調べ尽くす。
とどのつまり、結局。",究 → JPDB Kanji Freq: 695,漢字の読みを入力してください,Text
"__被__る
①〔頭の上に〕のせる。上からかけて、おおう。
「帽子(ぼうし)を━・ふとんを頭から━」
②水などを、頭の上からあびる。
「しぶきを━」
③他人の罪や責任を引き受ける。
「私がすべて━」",かぶ,"［被］四級
音: ヒ／ビ 訓: おお・う／かぶ・る／かぶ・せる／こうむ・る
意味: 布や衣を上から掛ける、また羽織る。
掛布団。
上から掛けて覆う。
(「被～」の形で受け身を表す語、「～」は動詞)～れる、～られる、～される、被害(ヒガイ)(害をこうむる、害を受ける)」、被告(ヒコク)(告訴される、また告訴された人)」。",被 → JPDB Kanji Freq: 694,漢字の読みを入力してください,Text
"__被__る
①〔被害・おかげなどを〕受ける。
「損害を━・重傷を━〔＝負う〕・恩恵を━」
②そうすることを許していただく。
「ご免を━」",こうむ,"［被］四級
音: ヒ／ビ 訓: おお・う／かぶ・る／かぶ・せる／こうむ・る
意味: 布や衣を上から掛ける、また羽織る。
掛布団。
上から掛けて覆う。
(「被～」の形で受け身を表す語、「～」は動詞)～れる、～られる、～される、被害(ヒガイ)(害をこうむる、害を受ける)」、被告(ヒコク)(告訴される、また告訴された人)」。",被 → JPDB Kanji Freq: 694,漢字の読みを入力してください,Text
"__被__ける
〔古風〕
①かぶせる。
「罪を━」
②かこつける。
「病気にかずけて休む」",かず,"［被］四級
音: ヒ／ビ 訓: おお・う／かぶ・る／かぶ・せる／こうむ・る
意味: 布や衣を上から掛ける、また羽織る。
掛布団。
上から掛けて覆う。
(「被～」の形で受け身を表す語、「～」は動詞)～れる、～られる、～される、被害(ヒガイ)(害をこうむる、害を受ける)」、被告(ヒコク)(告訴される、また告訴された人)」。",被 → JPDB Kanji Freq: 694,漢字の読みを入力してください,Text
__刺__す，__刺__し殺す，__刺__さる,さ,"［刺］四級
音: シ 訓: さ・す／とげ
意味: さ・す、針などの細く先端が尖(とが)ったものでまっすぐに突く、また突き入れる、同「㓨」。
(痛いところを)ちくりと突く、諷刺(フウシ)、譏刺(キシ)。
棘(とげ)、細く先端が尖った形のもの、棘状・針状のもの。
(表からは窺えないものの中まで入り込んで)探(さぐ)る、、刺候(シコウ)(敵地に入り込んで敵情を探る)」、刺史(シシ)(所領地に赴いて民情を探る役人、またその官職名)」。",刺 → JPDB Kanji Freq: 692,漢字の読みを入力してください,Text
"__刺__
①植物の茎や葉などにある針のような突起。「バラの―」
②木や竹の、そげて先端がとがっているもの。また、魚の小骨。「指に―がささる」
③人の心を刺すようなもの。「―のある言葉」",とげ,"［刺］四級
音: シ 訓: さ・す／とげ
意味: さ・す、針などの細く先端が尖(とが)ったものでまっすぐに突く、また突き入れる、同「㓨」。
(痛いところを)ちくりと突く、諷刺(フウシ)、譏刺(キシ)。
棘(とげ)、細く先端が尖った形のもの、棘状・針状のもの。
(表からは窺えないものの中まで入り込んで)探(さぐ)る、、刺候(シコウ)(敵地に入り込んで敵情を探る)」、刺史(シシ)(所領地に赴いて民情を探る役人、またその官職名)」。",刺 → JPDB Kanji Freq: 692,漢字の読みを入力してください,Text
__伸__し掛かる，__伸__るか反るか，__伸__べる，__伸__びる，背__伸__び，__伸__ばす,の,"［伸］三級
音: シン 訓: の・ばす
意味: 広げ伸ばす、折れたり曲がっているものをまっすぐにする、畳んであるものを平らに広げる、同「申」。",伸 → JPDB Kanji Freq: 691,漢字の読みを入力してください,Text
__替__わる，__替__える，両__替__,か,"［替］四級
音: テイ／タイ 訓: か・える／か・わる
意味: 廃(すた)る、衰(おとろ)える、用を成(な)さなくなる、衰替(スイタイ)。
それまでのもの(今あるもの)や廃れたもの(衰えたもの、用を成さないもの)を別のものに代(か)える、交替(コウタイ)。",替 → JPDB Kanji Freq: 690,漢字の読みを入力してください,Text
頂,いただき,"［頂］五級
音: テイ／チョウ 訓: いただき／いただ・く
意味: 頭の天辺(てっぺん、「頂辺」とも書く)、立っているものの最も高いところ、頂上(チョウジョウ)。
頭に載(の)せる、頭でものを受ける、上が平らで脚が付いているもの(Ｔ字状のもの)の上に載せる。
ものの先を当てる、また当ててぐいと押す、また当たる、また突き当たる。
(突っ支い棒や支柱などのように)ものの先を押し当て支える。
替(か)わる、取って代わる。
日いただ・く、「貰う」「食べる」などの謙譲語、「頂戴します」。",頂 → JPDB Kanji Freq: 689,漢字の読みを入力してください,Text
__頂__く，__頂__き物,いただ,"［頂］五級
音: テイ／チョウ 訓: いただき／いただ・く
意味: 頭の天辺(てっぺん、「頂辺」とも書く)、立っているものの最も高いところ、頂上(チョウジョウ)。
頭に載(の)せる、頭でものを受ける、上が平らで脚が付いているもの(Ｔ字状のもの)の上に載せる。
ものの先を当てる、また当ててぐいと押す、また当たる、また突き当たる。
(突っ支い棒や支柱などのように)ものの先を押し当て支える。
替(か)わる、取って代わる。
日いただ・く、「貰う」「食べる」などの謙譲語、「頂戴します」。",頂 → JPDB Kanji Freq: 689,漢字の読みを入力してください,Text
__谷__，__谷__川,たに,"［谷］九級
音: コク 訓: たに
意味: 細く長く続く深い窪(くぼ)み、湧(わ)き出した水が流れる(山間の)窪み。
(谷に)行く手(ゆくて)を阻(はば)まれる、進退が窮(きわ)まる。
穀物コクモツ、同繁「穀」。
たに、たにへん、部首名。",谷 → JPDB Kanji Freq: 688,漢字の読みを入力してください,Text
__波__，__波__立つ，荒__波__,なみ,"［波］八級
音: ハ 訓: なみ
意味: (水が撹拌されることによって)水面が上下に揺れ動きながら(うねりながら)流れるさま、またその動き、またその形。
(波のように)起伏・強弱を繰り返しながら進むさま、また押し寄せて来るさま、またそのような事柄
(波のように)起伏・強弱を繰り返しながら次々に伝わり広がるさま、波及(ハキュウ)",波 → JPDB Kanji Freq: 686,漢字の読みを入力してください,Text
__滅__ぼす，__滅__びる,ほろ,"［滅］三級
音: ベツ／メツ／メチ 訓: ほろ・びる
意味: 火や明かりが消える、消える、尽きる、なくなる、同「烕」「𤇳」。
消す、なくする、退治する、同「烕」。",滅 → JPDB Kanji Freq: 685,漢字の読みを入力してください,Text
__並__の品，__並__木，足__並__み,なみ,"［並］五級
音: ヘイ／ビョウ 訓: なら・ぶ／な・み
意味: 二つの同じものが隣り合って同じ方向を向く、また同じ方向を向いて立つ。
～と同様に、～と同時に。
皆と同じ、程度が普通。",並 → JPDB Kanji Freq: 681,漢字の読みを入力してください,Text
__並__べる，五目__並__べ，__並__ぶ，__並__び，__並__びに,なら,"［並］五級
音: ヘイ／ビョウ 訓: なら・ぶ／な・み
意味: 二つの同じものが隣り合って同じ方向を向く、また同じ方向を向いて立つ。
～と同様に、～と同時に。
皆と同じ、程度が普通。",並 → JPDB Kanji Freq: 681,漢字の読みを入力してください,Text
__氏__，__氏__神,うじ,"［氏］七級
音: シ／ジ 訓: うじ
意味: 姓(セイ)(祖先の名を受け継ぐ血族・部族)」から分かれて居住地名・職名・身分名などを名乗る集団、同「𠂩」、古く「姓」「氏」は上記のように別義であったが、出自シュツジを表すという点では同じことから、漢代(前202年～220年)の頃からはほぼ同義に用いられるようになったという、ちなみに人名は、姓氏(セイシ)(出自を表す名)」と、名(メイ)(な、同姓の人を識別するための名)」から成る。
王朝名、国名
男性に対する敬称
うじ、部首名。",氏 → JPDB Kanji Freq: 679,漢字の読みを入力してください,Text
__捜__す,さが,"［捜］凖二級
音: ソウ／シュ 訓: さが・す
意味: さが・す、隅々まで探(さぐ)る、また探(さが)し求める、丹念に調べる。",捜 → JPDB Kanji Freq: 678,漢字の読みを入力してください,Text
__昼__，__昼__寝，真__昼__,ひる,"［昼］九級
音: チュウ 訓: ひる
意味: 日の出から日の入りまで間、日中(ニッチュウ)、日の入りから日の出までの間を「夜」。
正午(ショウゴ)。",昼 → JPDB Kanji Freq: 677,漢字の読みを入力してください,Text
__八__日,よう,"［八］十級
音: ハツ／ハチ 訓: や／やっ・つ／や・つ／よう
意味: 数の名、八番目の数{数字}。
左右に分ける、別れる、反対方向に進んで次第に遠ざかる、同「別」。
はち、部首名。",八 → JPDB Kanji Freq: 676,漢字の読みを入力してください,Text
"お__八つ__，__八つ__
__八つ__当たり","やっつ,やつ","［八］十級
音: ハツ／ハチ 訓: や／やっ・つ／や・つ／よう
意味: 数の名、八番目の数{数字}。
左右に分ける、別れる、反対方向に進んで次第に遠ざかる、同「別」。
はち、部首名。",八 → JPDB Kanji Freq: 676,漢字の読みを入力してください,Text
__八__重桜,や,"［八］十級
音: ハツ／ハチ 訓: や／やっ・つ／や・つ／よう
意味: 数の名、八番目の数{数字}。
左右に分ける、別れる、反対方向に進んで次第に遠ざかる、同「別」。
はち、部首名。",八 → JPDB Kanji Freq: 676,漢字の読みを入力してください,Text
__秘__める,ひ,"［秘］五級
音: ヒ 訓: ひ・める
意味: 外から見えない、人目に触れない、またそのようににする。
奥が深く人知では伺い知れない、滅多に目にすることができない。",秘 → JPDB Kanji Freq: 674,漢字の読みを入力してください,Text
__襲__う,おそ,"［襲］四級
音: シュウ／ジュウ 訓: おそ・う／かさね・る／かさね
意味: かさね、外衣ガイイ、衣服の上に羽織る(重ねて着る)衣服、同「褶」。
重(かさ)ねる、同じように繰り返す、それまで通りにする、受け継ぐ、引き継ぐ、襲用(シュウヨウ)(踏襲トウシュウする)」。
攻める、、襲撃(シュウゲキ)、来襲(ライシュウ)。",襲 → JPDB Kanji Freq: 673,漢字の読みを入力してください,Text
__丸__める，__丸__い，__丸__み，__丸__さ，__丸__，__丸__太，__丸__洗い,まる,"［丸］九級
音: カン／ガン 訓: まる／まる・い／まる・める／たま
意味: 球状または円形、またそのような形のもの、またそのような形にする。
角(かど)が尖(とが)っていない、またそのような形のもの、またそのような形にする。
球状のものを数える語。
全体、全て、すっかり。",丸 → JPDB Kanji Freq: 672,漢字の読みを入力してください,Text
__眼__，どんぐり__眼__，血__眼__,まなこ,"［眼］六級
音: ガン／ゲン 訓: め／まなこ
意味: 目玉(めだま)、目の球状(黒目くろめ、眼球ガンキュウ)の部分、「目」はこの「眼」と、白眼(ハクガン)(白目しろめ、結膜ケツマク)」・視神経などを含む、ものを見る器官全体を指す。
目が付くところ、目の付けどころ、肝心カンジンなところ、要点。
(眼窩ガンカのように)窪(くぼ)んだところ、穴(あな)。",眼 → JPDB Kanji Freq: 671,漢字の読みを入力してください,Text
__壁__，__壁__土，白__壁__,かべ,"［壁］四級
音: ヘキ／ヒャク 訓: かべ
意味: 敷地と外部・部屋と部屋などを仕切るための直立した平板状の固定式の遮蔽物(シャヘツブツ)。
敵や風などを遮(さえぎ)る構築物。
内(手前、こちら)と外(向こう、あちら)を隔てる仕切り。
行く手を遮(さえぎ)る障害物。
二十八宿北方玄武ゲンブの一つ{二十八宿}。",壁 → JPDB Kanji Freq: 670,漢字の読みを入力してください,Text
__密__やか，__密__か,ひそ,"［密］五級
音: ビツ／ミツ／ミチ 訓: ひそ・か
意味: ぴったりとくっついて隙間がない。
閉ざされていて或いは奥まっていて外から見えない、また窺い知れない。
広く大きく物音や人の声が届いて来ない、ひっそりとした。
山深く容易に近づけない建物、山のように大きな(大きくて内が窺い知れない)建物。",密 → JPDB Kanji Freq: 669,漢字の読みを入力してください,Text
__研__ぐ,と,"［研］八級
音: ケン／ゲン 訓: みが・く／と・ぐ
意味: (石を使って)磨(みが)く、擦(こす)って表面を平らにする、同「揅」。
硯(すずり)、硯で墨を磨(す)る。
技術や学問に磨きをかける、またより深く究める、同「揅」。",研 → JPDB Kanji Freq: 668,漢字の読みを入力してください,Text
__姫__，__姫__松,ひめ,"［姫］三級
音: キ／シン 訓: ひめ
意味: 慎(つつし)む、慎み深い。
日ひめ、貴人の娘、婦人の美称、天子や君主の妾(ショウ、めかけ、側室)(本来は「姬」だが、日本では慣用字として「姫」を用いる)。",姫 → JPDB Kanji Freq: 667,漢字の読みを入力してください,Text
__温__める，__温__まる，__温__かい，__温__かだ,あたた,"［温］八級
音: オン／ウン 訓: あたた・かい／あたた・まる／あたた・める／ぬく・い
意味: 熱くもなく冷たくもなく程よいさま、暖かなさま、また熱を加えてそのようにする。
穏やかなさま、柔和なさま。
(古く冷めてしまったものを温め直して)蘇(よみがえ)させる。",温 → JPDB Kanji Freq: 666,漢字の読みを入力してください,Text
__温__もり,ぬく,"［温］八級
音: オン／ウン 訓: あたた・かい／あたた・まる／あたた・める／ぬく・い
意味: 熱くもなく冷たくもなく程よいさま、暖かなさま、また熱を加えてそのようにする。
穏やかなさま、柔和なさま。
(古く冷めてしまったものを温め直して)蘇(よみがえ)させる。",温 → JPDB Kanji Freq: 666,漢字の読みを入力してください,Text
__温__い，__温__める,ぬる,"［温］八級
音: オン／ウン 訓: あたた・かい／あたた・まる／あたた・める／ぬく・い
意味: 熱くもなく冷たくもなく程よいさま、暖かなさま、また熱を加えてそのようにする。
穏やかなさま、柔和なさま。
(古く冷めてしまったものを温め直して)蘇(よみがえ)させる。",温 → JPDB Kanji Freq: 666,漢字の読みを入力してください,Text
"__香__しい・芳しい・馨しい［形］
❶よいにおいがするさま。香り高い。
「香しいバラの花」
❷香気を放つような美しさがあるさま。
「香しい乙女」
「香＋くわしい（細やかで美しい）」から。",かぐわ,"［香］七級
音: キョウ／コウ 訓: か／かお・り／かぐわ・しい
意味: (穀物の)良い匂い、甘く芳(かぐわ)しい匂い、同「𪏽」「䅨」。
芳(かんば)しい、甘く芳(かぐわ)しい。
甘く良い匂いを発するもの。
美味(おい)しい、美味しいそうな匂い。
かおり、か、こう、部首名。",香 → JPDB Kanji Freq: 663,漢字の読みを入力してください,Text
__香__る，__香__り,かお,"［香］七級
音: キョウ／コウ 訓: か／かお・り／かぐわ・しい
意味: (穀物の)良い匂い、甘く芳(かぐわ)しい匂い、同「𪏽」「䅨」。
芳(かんば)しい、甘く芳(かぐわ)しい。
甘く良い匂いを発するもの。
美味(おい)しい、美味しいそうな匂い。
かおり、か、こう、部首名。",香 → JPDB Kanji Freq: 663,漢字の読みを入力してください,Text
__香__，色__香__，移り__香__,か,"［香］七級
音: キョウ／コウ 訓: か／かお・り／かぐわ・しい
意味: (穀物の)良い匂い、甘く芳(かぐわ)しい匂い、同「𪏽」「䅨」。
芳(かんば)しい、甘く芳(かぐわ)しい。
甘く良い匂いを発するもの。
美味(おい)しい、美味しいそうな匂い。
かおり、か、こう、部首名。",香 → JPDB Kanji Freq: 663,漢字の読みを入力してください,Text
__改__める・検める，__改__めて〔副〕，__改__まる,あらた,"［改］七級
音: カイ 訓: あらた・める／あらた・めて
意味: 新しくなる、新しくする。
変わる、変える。
変えて新たにやり直す、よりよい状態また正しい状態に変える、誤りや過ちを正してやり直す。
新たにもう一度。",改 → JPDB Kanji Freq: 662,漢字の読みを入力してください,Text
__敗__れる,やぶ,"［敗］七級
音: ハイ／ヘ／ベ 訓: やぶ・れる
意味: (争いなどに)破れる、負ける。
うまくいかない、駄目になる。
損なわれる、壊れる、萎える、衰える。
肉が腐る、腐敗(フハイ)、魚は「餒」。",敗 → JPDB Kanji Freq: 661,漢字の読みを入力してください,Text
妹,いもうと,"［妹］九級
音: バイ／マイ／メ 訓: いもうと／いも
意味: 同じ父母・父・母から生まれた自分よりも年下の女子、自分よりも年上の女子は、姉(シ)(あね)」。
自分よりも(やや)年下の女子に対する呼称、親戚の中で自分よりも年下の女子。",妹 → JPDB Kanji Freq: 660,漢字の読みを入力してください,Text
__握__る，__握__り，一__握__り,にぎ,"［握］四級
音: アク 訓: にぎ・る
意味: 掌(てのひら)と五本の指でしっかりと掴(つか)む。
しっかりと手の中に入れる。
一掴(ひとつか)み(片手で握った量)。",握 → JPDB Kanji Freq: 659,漢字の読みを入力してください,Text
肩,かた,"［肩］
音:  訓: 
意味: ",肩 → JPDB Kanji Freq: 656,漢字の読みを入力してください,Text
__祭__る，__祭__り上げる，__祭__り，秋__祭__り,まつ,"［祭］八級
音: セイ／サイ 訓: まつ・る／まつ・り／まつり
意味: 神(かみ)や先祖や死者に供え物(そなえもの)を捧(ささ)げる、またその儀式、祭祀(サイシ)、同「祀」。
日大勢の人が集まって行う催(もよお)し。",祭 → JPDB Kanji Freq: 655,漢字の読みを入力してください,Text
__乱__れる，__乱__れ，__乱__す,みだ,"［乱］五級
音: ラン 訓: みだ・れる／みだ・す
意味: 平穏でなくなる、均衡が失われ不安定になる、秩序がなくなる、ごちゃごちゃする、同「𢿢」。
ばらばらになる、脈絡ミャクラクがなくなる、訳が分からなくなる。
縺(もつ)れる、絡(から)み合う。
(乱れているものを)秩序ある状態にする、治(おさ)める、ごちゃごちゃしているものをすっきりさせる、同「𤔔」。
楽曲の纏(まと)めとなる最後の一章節。",乱 → JPDB Kanji Freq: 654,漢字の読みを入力してください,Text
__等__しい,ひと,"［等］八級
音: トウ 訓: ひと・しい／など／ら
意味: きちんと揃(そろ)え整(ととの)えられた竹簡(チクカン、竹の札に記された文書)。
凸凹せずにきちんと揃う、また揃える、また整える。
数・量・大きさ・程度などが同じ、どれも同じように揃っている。
天秤テンビン(ものの重さを量る道具)の分銅フンドウ(おもり、錘、重り)。
同類、同様、同種。
～など、同類・同様・同種のものを幾つか列挙する際に用いる語。
～ら、複数のものを指す語、我等(ガトウ)(われら)」、此等(シトウ)(これら)」。
待つ、待ち受ける。",等 → JPDB Kanji Freq: 653,漢字の読みを入力してください,Text
"__等__
❶ 例をならべて、ほかにもまだあることを表す。例: 月や星等の天体。
❷ 例をあげて、やわらかくあいてにしめす。例: お茶等いかがですか。
❸ けいべつやへりくだる気持ちを表す。例: ぼく等とてもだめです。
❹ 打ち消す気持ちを強めて表す。例: うそ等つかないよ。",など,"［等］八級
音: トウ 訓: ひと・しい／など／ら
意味: きちんと揃(そろ)え整(ととの)えられた竹簡(チクカン、竹の札に記された文書)。
凸凹せずにきちんと揃う、また揃える、また整える。
数・量・大きさ・程度などが同じ、どれも同じように揃っている。
天秤テンビン(ものの重さを量る道具)の分銅フンドウ(おもり、錘、重り)。
同類、同様、同種。
～など、同類・同様・同種のものを幾つか列挙する際に用いる語。
～ら、複数のものを指す語、我等(ガトウ)(われら)」、此等(シトウ)(これら)」。
待つ、待ち受ける。",等 → JPDB Kanji Freq: 653,漢字の読みを入力してください,Text
"__等__，奴__等__，彼__等__
❶人を表す名詞や代名詞、または指示代名詞に付いて、複数であること、他にも同類があることを表す。たち。
「子供等」
「鈴木君等一行」
「これ等」",ら,"［等］八級
音: トウ 訓: ひと・しい／など／ら
意味: きちんと揃(そろ)え整(ととの)えられた竹簡(チクカン、竹の札に記された文書)。
凸凹せずにきちんと揃う、また揃える、また整える。
数・量・大きさ・程度などが同じ、どれも同じように揃っている。
天秤テンビン(ものの重さを量る道具)の分銅フンドウ(おもり、錘、重り)。
同類、同様、同種。
～など、同類・同様・同種のものを幾つか列挙する際に用いる語。
～ら、複数のものを指す語、我等(ガトウ)(われら)」、此等(シトウ)(これら)」。
待つ、待ち受ける。",等 → JPDB Kanji Freq: 653,漢字の読みを入力してください,Text
"__与__する・組する，__与__し易い
〔文〕同意して、同じなかまになる。味方する。くみす。
「専務派に━」",くみ,"［与］四級
音: ヨ 訓: あた・える／くみ・する／あずか・る
意味: 上位の者が下位の者に物などをやる、授(さず)ける、同、賜予(シヨ)。
同じ目的を持った仲間に加わる、また加わって共に行動する、組する、同「與」。
関(かか)わる、関与カンヨする、同「與」「預」「豫」。
～とand～、同じもの(同じ意味を持つ語)を繋(つな)ぐ語、同「與」。",与 → JPDB Kanji Freq: 652,漢字の読みを入力してください,Text
__与__り知らない，__与__り知る，__与__る,あずか,"［与］四級
音: ヨ 訓: あた・える／くみ・する／あずか・る
意味: 上位の者が下位の者に物などをやる、授(さず)ける、同、賜予(シヨ)。
同じ目的を持った仲間に加わる、また加わって共に行動する、組する、同「與」。
関(かか)わる、関与カンヨする、同「與」「預」「豫」。
～とand～、同じもの(同じ意味を持つ語)を繋(つな)ぐ語、同「與」。",与 → JPDB Kanji Freq: 652,漢字の読みを入力してください,Text
__与__える,あた,"［与］四級
音: ヨ 訓: あた・える／くみ・する／あずか・る
意味: 上位の者が下位の者に物などをやる、授(さず)ける、同、賜予(シヨ)。
同じ目的を持った仲間に加わる、また加わって共に行動する、組する、同「與」。
関(かか)わる、関与カンヨする、同「與」「預」「豫」。
～とand～、同じもの(同じ意味を持つ語)を繋(つな)ぐ語、同「與」。",与 → JPDB Kanji Freq: 652,漢字の読みを入力してください,Text
__井__戸,い,"［井］七級
音: セイ／ジョウ 訓: い
意味: 地面を掘り湧き出る水を汲(く)む所。
人が集まり住むところ、市井(シセイ)、水がある所に人が集まることから。
「井」状に区切られているもの、天井(テンジョウ)。
井田制(セイデンセイ)、一里四方の土地を縦横それぞれ三分して九区画に分けた耕作地、周代(前11世紀～前256年)の税法で、八戸に一区画(私田)ずつ与え、中央の一区画(公田)を八戸で共同耕作し、そこからの収穫を税とした、1井=9夫＝900畝。
二十八宿南方朱雀スザクの第一宿{二十八宿}",井 → JPDB Kanji Freq: 651,漢字の読みを入力してください,Text
__喜__ぶ，__喜__び，__喜__ばしい,よろこ,"［喜］六級
音: キ 訓: よろこ・ぶ
意味: 悦(よろこ)ぶ、嬉(うれ)しい、またそのような事柄。
楽しい、心が安らぐ、楽しむ。
めでたい、またそのような事柄。",喜 → JPDB Kanji Freq: 650,漢字の読みを入力してください,Text
__腰__，__腰__だめ，物__腰__,こし,"［腰］四級
音: ヨウ 訓: こし
意味: 動物の背骨と脚(あし、四足の動物の場合は後ろ足)を繋ぐ部分、ものの上(或はい前)と下(或いは後)を繋ぐ部分{人体(全身)}。
ものの中ほどにある節目(ふしめ)、ものの中ほどの細く括(くび)れた部分。
腰子(ヨウシ)、腎臓ジンゾウ{人体(内臓)}。",腰 → JPDB Kanji Freq: 649,漢字の読みを入力してください,Text
__薬__，飲み__薬__,くすり,"［薬］八級
音: ヤク 訓: くすり
意味: 病(やまい)や傷を治(なお)したり癒(いや)したりする効果のある物質。
病や傷を治す、癒す。
他に化学作用を及ぼす物質。
芍薬(シャクヤク)、ボタン科ボタン属の草、根は生薬として利用される{シャクヤク}。",薬 → JPDB Kanji Freq: 647,漢字の読みを入力してください,Text
__類__い，○○の__類__い,たぐ,"［類］七級
音: ルイ 訓: たぐい
意味: よく似ている、よく似たもの、よく似たものの集まり。
性格・性質が共通しているもの、またその集まり。
凡そ、大体、「似たもの、似ている」の意。",類 → JPDB Kanji Freq: 646,漢字の読みを入力してください,Text
__耳__，早__耳__,みみ,"［耳］十級
音: ジ／ニ 訓: みみ
意味: 顔の両側にあって聴覚と平衡感覚を掌(つかさど)る器官。
(耳で)聞く、話や声や音が(耳に)届く。
～と(耳で)聞いている、～と聞いた。
(耳のように)ものの両側にあるもの、耳子(ジシ)(器などの両側にある取っ手)」、耳房(ジボウ)(母屋おもやの両隣に建てられた小部屋)」。
～のみ、～だけ。
みみ、みみへん、部首名。",耳 → JPDB Kanji Freq: 645,漢字の読みを入力してください,Text
"__弁__える
①ちがいを見分ける。
「善悪を━」
②心得る。知る。
「礼儀を━」",わきま,"［弁］六級
音: ヘン／ベン 訓: わきま・える
意味: 頭に被(かぶ)る冠(かんむり)や帽子、冕ベン(高位の人の正装用の冠)なども含む、同「㝸」「𢍍」。
冠を被(かぶ)る、同「𠭛」。
元服ゲンプク(男子が成人したことを祝い示す儀式)する。
判別する、疑う余地がないようにはっきりと区別する、同「辨」。
けじめ、はっきりとした区別、同「辨」。
治(おさ)める、筋(すじ)を通す、筋が通るように正(ただ)す、同「辯」。
論ロンじる、筋が通るように(筋道を立てて)話す、同「辯」。
話の筋が通っているさま、話や話し方が巧みなさま、同「辯」。
ウリ瓜類の果実の中身、果実の中にある種と種を包んでいる柔らかい部分、同「瓣」。
花びら、花弁・花瓣(カベン)、同「瓣」。",弁 → JPDB Kanji Freq: 644,漢字の読みを入力してください,Text
__曲__げる，__曲__がる,ま,"［曲］八級
音: キョク／コク 訓: ま・がる／くせ
意味: 真っ直(す)ぐでない、撓(たわ)む、(字形のように弧を描くように曲がることを指し〈字のように鋭角に曲がることを「折」という。
歪む、正しい状態や方向から左右・前後・上下の方向に外れる。
入り組んでいる、入り組んで奥まっている。
歌や舞の旋律、「波打つように変化する」ことから。
蚕箔サンパク、竹などを網状に編んだ蚕を飼うための平らな籠(かご)、同「筁」。
麹(こうじ)、現代中国では「麴」「麯」の代りに「曲」を用いる。",曲 → JPDB Kanji Freq: 641,漢字の読みを入力してください,Text
__減__る，目__減__り，__減__らす，人__減__らし,へ,"［減］六級
音: カン／ケン／ゲン 訓: へ・る／へ・らす
意味: 少なくなる、一部がなくなる、損(そこ)なわれる、軽くなる。
元の数から一部を差し引く。",減 → JPDB Kanji Freq: 640,漢字の読みを入力してください,Text
"__減__り込む
重みなどで深く入りこむ。「ぬかるみに―む」",め,"［減］六級
音: カン／ケン／ゲン 訓: へ・る／へ・らす
意味: 少なくなる、一部がなくなる、損(そこ)なわれる、軽くなる。
元の数から一部を差し引く。",減 → JPDB Kanji Freq: 640,漢字の読みを入力してください,Text
__為__さる，__為__す,な,"［為］四級
音: イ 訓: な・す／な・る／ため／たり
意味: 猿(サル)の一種、未詳、母猴(ボコウ)。
～をする、～を行う。
～に働きかける。
(～をして、～を行って)～を作る、～に作り上げる、形作る。
(～をして、～をすることで)～にする、～になる。
～になる、～となる、～に変わる。
(～のために)～する。
～のせいで、～が原因で。
(～は、～を)～とする。",為 → JPDB Kanji Freq: 638,漢字の読みを入力してください,Text
__為__る,す,"［為］四級
音: イ 訓: な・す／な・る／ため／たり
意味: 猿(サル)の一種、未詳、母猴(ボコウ)。
～をする、～を行う。
～に働きかける。
(～をして、～を行って)～を作る、～に作り上げる、形作る。
(～をして、～をすることで)～にする、～になる。
～になる、～となる、～に変わる。
(～のために)～する。
～のせいで、～が原因で。
(～は、～を)～とする。",為 → JPDB Kanji Freq: 638,漢字の読みを入力してください,Text
__例__える・喩える，__例__え，__例__えば,たと,"［例］七級
音: レイ／レ 訓: たと・える／たと・えば／ためし
意味: たと・える、たと・えば、同じ種類・性質のものを列挙レッキョする。
(同様のものを並べて)比べる、比例(ヒレイ)。
ためし、以前から行われていること、以前と同様のこと。",例 → JPDB Kanji Freq: 637,漢字の読みを入力してください,Text
__働__く，__働__き,はたら,"［働］七級
音: ドウ 訓: はたら・く
意味: 日仕事をする。
日。",働 → JPDB Kanji Freq: 634,漢字の読みを入力してください,Text
__館__ (屋形),やかた,"［館］八級
音: カン 訓: たち／たて／やかた
意味: 公用に使う大きな建物、公衆が利用する大きな建物。
公用の人や賓客を泊めるための建物、宿。
貴人の邸宅。",館 → JPDB Kanji Freq: 633,漢字の読みを入力してください,Text
__将__又,はた,"［将］五級
音: ショウ／ソウ 訓: ひきい・る／まさ・に／はた
意味: 軍を統帥トウスイ(統率・指揮)する、率(ひき)いる、またその長、同「帥」。
行く、率いて行く、連れて行く、送って行く。
まさ・に、今にも～しようとする(なろうとする)、～に近い状態になる。
はた、もしかしたら、或いは。",将 → JPDB Kanji Freq: 632,漢字の読みを入力してください,Text
__効__く，__効__き目,き,"［効］六級
音: コウ／ギョウ 訓: き・く
意味: 致(いた)す、力を尽くす、力を発揮する。
致す(力を尽くす、力を発揮する)ことによって結果・成果が現れる(得られる)。
他に致す(作用する)ことによって現れる(得られる)結果・成果、「效果、効果コウカ」。
倣(なら)う、見習う、效法(コウホウ)、同「傚」。",効 → JPDB Kanji Freq: 631,漢字の読みを入力してください,Text
__岡__惚れ，__岡__山県，静__岡__県，福__岡__県,おか,"［岡］七級
音: コウ 訓: おか
意味: 土地が小高くなっている所。
山の尾根、高みが連なっているところ、同「堽」。",岡 → JPDB Kanji Freq: 630,漢字の読みを入力してください,Text
__左__，__左__利き,ひだり,"［左］十級
音: サ 訓: ひだり
意味: 右と対ツイになる片方{筆順(左右)}。
南を向いた時の東の方向、東、東の方向、西は「右」。
(左手のように力が弱い者が右手のように力が強い者の手となり足となって)助ける、同「佐」「𥙀」、逆は「右」「佑」「祐」。
支える、補(おぎな)い助ける、同「佐」。
下(した)、下にある、低い、下位、下位のもの、上は「右」。
逸(そ)れる、正しくない、逆は「右」。
俗革新的な、急進的な。",左 → JPDB Kanji Freq: 629,漢字の読みを入力してください,Text
森,もり,"［森］十級
音: シン 訓: もり
意味: たくさんの木が立ち並ぶさま、木がびっしりと生えているさま、またそのようなところ。
木が茂(しげ)って薄暗いさま。",森 → JPDB Kanji Freq: 628,漢字の読みを入力してください,Text
__暗__い，__暗__がり,くら,"［暗］八級
音: アン／オン 訓: くら・い
意味: 光がない、明るさがない。
光を失う、明るさや生き生きとした感じを失う。
光が届かない、明かりが届かずよく見えない、ものの陰になっていて見えない。
ぼんやりしている、考えや言っていることなどがはっきりしない。
人目に付かずに、隠れて、密かに。
暗記(アンキ)、暗唱(アンショウ)、書いてあるものなどを覚え、それを見ることなしに言う、同「諳」。",暗 → JPDB Kanji Freq: 627,漢字の読みを入力してください,Text
__昔__，__昔__話,むかし,"［昔］八級
音: セキ／シャク 訓: むかし
意味: 過ぎ去った日、現在よりも前、以前。
久しく時(月日)を経(へ)ているさま。
夜、同「夕」。
干し肉、或いは肉を薄く切った後に残る肉(切り落とし肉)を干したもの、同「腊」。",昔 → JPDB Kanji Freq: 626,漢字の読みを入力してください,Text
__低__める，__低__まる，__低__い，__低__さ,ひく,"［低］七級
音: テイ／タイ 訓: ひく・い／ひく・める／ひく・まる
意味: 上下の方向で下の方、標準的・平均的な程度よりも下にある。
幾つかのものを比べた時に下にある、また劣っている、また卑(いや)しい。
標準・基準や想定・期待に届かない、また下回っている。
下げる、下に向ける、垂(た)れる。",低 → JPDB Kanji Freq: 625,漢字の読みを入力してください,Text
__闘__う，__闘__い,たたか,"［闘］四級
音: トウ／ツ 訓: たたか・う
意味: 互いに向き合って戦う、また争う、また競う。",闘 → JPDB Kanji Freq: 624,漢字の読みを入力してください,Text
__商__う，__商__い,あきな,"［商］八級
音: ショウ 訓: あきな・う
意味: 物を売買する、古くは「行商」を指し、市場で店を構えて商売することを「賈」といった。
(品質や条件など)さまざまなことを考え合わせて見当ケントウを付ける、推し量(はか)る、「商売をするためには欠かせない能力」であることから。
話し合う、意見を交換する。
数を割って得た値。
古代(紀元前16世紀から11世紀頃)の王朝の名、別名、殷(イン)、殷商(インショウ){商(殷)代}。
古代五音ゴイン(宮・商・角・徴・羽)の一つ{音楽(音階)}。
二十八宿東方青龍セイリュウの一つ、別名「心宿」{二十八宿}。",商 → JPDB Kanji Freq: 620,漢字の読みを入力してください,Text
__図__る,はか,"［図］
音:  訓: 
意味: ",図 → JPDB Kanji Freq: 618,漢字の読みを入力してください,Text
__防__ぐ，__防__ぎ,ふせ,"［防］六級
音: ホウ／ボウ 訓: ふせ・ぐ
意味: 堤(つつみ)、水が溢(あふ)れ出てくることがないように或いは流れを変えるために土や石などを高く盛って遮(さえぎ)る、堤防(テイボウ)。
災害や危険などが及ばないように備(そな)える、備え守る。",防 → JPDB Kanji Freq: 617,漢字の読みを入力してください,Text
__甘__やかす，__甘__える，__甘__い，__甘__み,あま,"［甘］四級
音: カン 訓: あま・い／あま・える／あま・やかす／あま・んずる／うま・い
意味: あま・い、五味(甘・酸・鹹・苦・辛)の一つ、同「甜」。
あま・い、口当たりがよい。
うま・い、美味(おい)しい、味が良い。
あま・んずる、満足する、よしとする、よしとして受け入れる。
あまい、部首名。",甘 → JPDB Kanji Freq: 616,漢字の読みを入力してください,Text
__巻__の一,まき,"［巻］五級
音: ケン／カン 訓: ま・く
意味: 膝を曲げる。
ま・く、ぐるぐると渦状に回す、周りをぐるぐると囲む、転がすようにして筒状に丸める。
書物、巻物になっていたことから。
一つの書物が幾つかの巻物(まきもの)や冊子サッシや篇ヘン(首尾が完結した文章)に分かれている時にその数を数える語。",巻 → JPDB Kanji Freq: 615,漢字の読みを入力してください,Text
__巻__く，__巻__き貝,ま,"［巻］五級
音: ケン／カン 訓: ま・く
意味: 膝を曲げる。
ま・く、ぐるぐると渦状に回す、周りをぐるぐると囲む、転がすようにして筒状に丸める。
書物、巻物になっていたことから。
一つの書物が幾つかの巻物(まきもの)や冊子サッシや篇ヘン(首尾が完結した文章)に分かれている時にその数を数える語。",巻 → JPDB Kanji Freq: 615,漢字の読みを入力してください,Text
__届__ける，__届__け，__届__く，行き__届__く,とど,"［届］五級
音: カイ／ケ 訓: とど・く／とど・け
意味: 目標・目的とした場所や時間に行き着く、到(いた)る、達する。
日とど・け、監督者に提出する申請・報告などの文書。",届 → JPDB Kanji Freq: 614,漢字の読みを入力してください,Text
__捨__てる，__捨__て子,す,"［捨］五級
音: シャ 訓: す・てる
意味: 手放(てばな)す、棄(す)てる、握った手を解(と)いて手の中のものを放(ほう)る、同簡「舍」。
財物などを他に与える、施(ほどこ)す、喜捨(キシャ)、施捨(シシャ)、同「舍」。",捨 → JPDB Kanji Freq: 613,漢字の読みを入力してください,Text
__暴__れる，大__暴__れ，__暴__く，__暴__き出す,あば,"［暴］六級
音: ホウ／ボウ／ホク／ボク／バク 訓: あば・く／あば・れる
意味: 粗野な、粗野で荒々しい、同「虣」。
荒々しい、激しい、度が過ぎる。
(荒々しいことや激しいことが)突然に、不意に、同「曓」。
陽の当たる表に出す、(屋外に出して)日光や風雨などに当てる、陽に晒(さら)す、同「曝」「㬥」「晞」。",暴 → JPDB Kanji Freq: 612,漢字の読みを入力してください,Text
__救__う，__救__い,すく,"［救］六級
音: キュウ／ク 訓: すく・う
意味: 止(と)める、引き止める、押し止(とど)める、同「𣪋」「𧧷」。
助ける、手を貸し助ける、同「捄」「𧧷」。",救 → JPDB Kanji Freq: 611,漢字の読みを入力してください,Text
__紙__，__紙__くず，厚__紙__,かみ,"［紙］九級
音: シ 訓: かみ
意味: 植物などの繊維を抄(す)き薄く平らにしたもの、paper。",紙 → JPDB Kanji Freq: 610,漢字の読みを入力してください,Text
__舞__，__舞__扇,まい,"［舞］四級
音: ブ／ム 訓: まい／ま・う
意味: 手足や体を動かし踊(おど)り喜怒哀楽(キドアイラク)を表現する、同「儛」「𦐀」。
(舞うように)飛ぶ、(舞うように)揺(ゆ)らす。
弄(いじ)くって変えてしまう。",舞 → JPDB Kanji Freq: 608,漢字の読みを入力してください,Text
__舞__う，__舞__い上がる,ま,"［舞］四級
音: ブ／ム 訓: まい／ま・う
意味: 手足や体を動かし踊(おど)り喜怒哀楽(キドアイラク)を表現する、同「儛」「𦐀」。
(舞うように)飛ぶ、(舞うように)揺(ゆ)らす。
弄(いじ)くって変えてしまう。",舞 → JPDB Kanji Freq: 608,漢字の読みを入力してください,Text
__量__る,はか,"［量］七級
音: リョウ／ロウ 訓: かさ／はか・る
意味: 容積(体積)またその軽重・大小の程度、またそれを計測する、またそれを計測するための容器{各種単位(量)}。
ものの大きさや重さを推(お)し測る。
入れ物(いれもの)の大きさ、ものを受け入れることができる度合、能力や心の大きさ(広さ)。",量 → JPDB Kanji Freq: 607,漢字の読みを入力してください,Text
__恥__，生き__恥__,はじ,"［恥］四級
音: チ 訓: はじ／は・じる／は・じらう／は・ずかしい
意味: 面目メンモクない、顔向けできない、きまりが悪い、恥辱(チジョク)、羞恥(シュウチ)。",恥 → JPDB Kanji Freq: 606,漢字の読みを入力してください,Text
__恥__ずかしい，__恥__じる，__恥__じ入る，__恥__じらう，__恥__じらい,は,"［恥］四級
音: チ 訓: はじ／は・じる／は・じらう／は・ずかしい
意味: 面目メンモクない、顔向けできない、きまりが悪い、恥辱(チジョク)、羞恥(シュウチ)。",恥 → JPDB Kanji Freq: 606,漢字の読みを入力してください,Text
__更__に，今__更__,さら,"［更］四級
音: コウ／キョウ 訓: さら・に／さら／ふ・ける
意味: それまで(これまで)続けてきたことを改(あらた)めて、それ以降も(これ以降も)続ける、それまでのものを別のものに替える。
さら・に、その上に、一段と。
さら・に、重ねて、加えて。
さら・に、その他(ほか)に。
ふ・ける、一段と時(年・時刻・季節・年齢など)が過ぎる、時を重ねる、経験を積む。
一夜を五等分した時間、五更(ゴコウ)、その時間を順に「一更(初更)・二更・三更・四更・五更」という。",更 → JPDB Kanji Freq: 605,漢字の読みを入力してください,Text
__更__ける，夜__更__け，__更__かす，夜__更__かし,ふ,"［更］四級
音: コウ／キョウ 訓: さら・に／さら／ふ・ける
意味: それまで(これまで)続けてきたことを改(あらた)めて、それ以降も(これ以降も)続ける、それまでのものを別のものに替える。
さら・に、その上に、一段と。
さら・に、重ねて、加えて。
さら・に、その他(ほか)に。
ふ・ける、一段と時(年・時刻・季節・年齢など)が過ぎる、時を重ねる、経験を積む。
一夜を五等分した時間、五更(ゴコウ)、その時間を順に「一更(初更)・二更・三更・四更・五更」という。",更 → JPDB Kanji Freq: 605,漢字の読みを入力してください,Text
__済__む，使用__済__み，__済__ます,す,"［済］五級
音: セイ／サイ 訓: な・す／すく・う／す・む／す・ます
意味: (舟で)川を渡る。
(難所を、難事を)渡り切る、(互いに手を貸しあって)乗り切る。
手を貸して救い上げる、困っている人に手を貸して(足りないものを補い合って)みなと同じ状態にまでにする、救済(キュウサイ)。
みなが揃う、きれいに揃える。
現河南省済源市を源とする古川名、古くは渤海に
日止(や)む、終わる。",済 → JPDB Kanji Freq: 604,漢字の読みを入力してください,Text
"__済__し崩し，__済__す〔東京などの方言〕
借りたものを返す。
「借金を━・この本、なしといて」",な,"［済］五級
音: セイ／サイ 訓: な・す／すく・う／す・む／す・ます
意味: (舟で)川を渡る。
(難所を、難事を)渡り切る、(互いに手を貸しあって)乗り切る。
手を貸して救い上げる、困っている人に手を貸して(足りないものを補い合って)みなと同じ状態にまでにする、救済(キュウサイ)。
みなが揃う、きれいに揃える。
現河南省済源市を源とする古川名、古くは渤海に
日止(や)む、終わる。",済 → JPDB Kanji Freq: 604,漢字の読みを入力してください,Text
__吸__う,す,"［吸］五級
音: キュウ／コウ 訓: す・う
意味: 口や鼻から気体(空気など)や液体(液状のもの)を体の中に取り込む、同「噏」、出すのは「呼」。
吸吸(キュウキュウ)雲が動くさま。",吸 → JPDB Kanji Freq: 603,漢字の読みを入力してください,Text
__南__，__南__向き,みなみ,"［南］九級
音: ダン／ナン／ナ 訓: みなみ
意味: 東トウ(ひがし、太陽が昇る方角)を向いたときに右の方角、陽が射し込む方角、左の方角を「北」。",南 → JPDB Kanji Freq: 602,漢字の読みを入力してください,Text
住__処__，在り__処__，奥__処__,か,"［処］五級
音: ショ 訓: ところ／お・る／お・く／こ
意味: 腰を落ち着ける、居(い)る、止(とど)まる、またその場所。
腰を落ち着けて留(とど)まっているさま、処士(ショシ)(能力がありながら出仕しない人)」、処女(ショジョ)(嫁がずに家にいる女性)」。
あるべきところに置く、しかるべきところに落ち着ける、、処分(ショブン)。
(場所・時・物事・状態などの)ところ。",処 → JPDB Kanji Freq: 600,漢字の読みを入力してください,Text
此__処__，何__処__,こ,"［処］五級
音: ショ 訓: ところ／お・る／お・く／こ
意味: 腰を落ち着ける、居(い)る、止(とど)まる、またその場所。
腰を落ち着けて留(とど)まっているさま、処士(ショシ)(能力がありながら出仕しない人)」、処女(ショジョ)(嫁がずに家にいる女性)」。
あるべきところに置く、しかるべきところに落ち着ける、、処分(ショブン)。
(場所・時・物事・状態などの)ところ。",処 → JPDB Kanji Freq: 600,漢字の読みを入力してください,Text
__弱__る，__弱__める，__弱__まる，__弱__い，__弱__虫，足__弱__,よわ,"［弱］九級
音: ジャク／ニャク 訓: よわ・い／よわ・る／よわ・まる／よわ・める
意味: (何かをするために必要な)力が十分でない、力が足りない、力が劣(おと)っている、力強さがない。
やや足りない、やや及ばない。
衰(おとろ)える、力強さがなくなる。
しなやかなさま、柔らかいさま。
若い、幼い。",弱 → JPDB Kanji Freq: 601,漢字の読みを入力してください,Text
__霊__，__霊__屋，木__霊__,たま,"［霊］三級
音: レイ／リョウ 訓: たま／たましい
意味: 直接に見たり触れたりはできないが確かに存在していることを感じられるもの、またその働き、またその働きが人間にもたらすもの、神。
神秘的な現象、不思議なはたらきをするもの。
生セイあるものの内に宿りその生長・活動などの働きを司ると考えられたもの、魂、精神。
舞いながら祈祷し神や霊のお告げを聞き、また神や霊に人の願いを伝える女性、同「巫」。",霊 → JPDB Kanji Freq: 599,漢字の読みを入力してください,Text
__帯__びる，__帯__，角__帯__,"おび,お","［帯］七級
音: タイ 訓: おび／お・びる
意味: 衣服が開(はだ)けないように胸の下に辺りに巻いて結ぶ長く幅広の布、またそれを巻く{服飾(衣服)}。
(帯に挟んだり、帯のように巻いたり結わえたりして)身に着ける、着用する。
(帯のようにぴたりと)付く、また付き随(したが)う。
(帯のように)細く長いもの、またそのような形のもの。",帯 → JPDB Kanji Freq: 598,漢字の読みを入力してください,Text
__閉__める，__閉__まる,し,"［閉］五級
音: ヘイ／ハイ 訓: し・める／と・ざす／と・じる
意味: ものが出入りするところ(門・戸・窓・穴など)から出たり入ったりできないようにする、塞ぐ、「密閉」「閉塞」。
中に入れて外に出られないようにする、「幽閉」。
しっかりと止める、そこまでで止める、止めて動かないようにする、「閉会」「閉鎖」。",閉 → JPDB Kanji Freq: 597,漢字の読みを入力してください,Text
__閉__じる，__閉__じ込める，__閉__ざす,と,"［閉］五級
音: ヘイ／ハイ 訓: し・める／と・ざす／と・じる
意味: ものが出入りするところ(門・戸・窓・穴など)から出たり入ったりできないようにする、塞ぐ、「密閉」「閉塞」。
中に入れて外に出られないようにする、「幽閉」。
しっかりと止める、そこまでで止める、止めて動かないようにする、「閉会」「閉鎖」。",閉 → JPDB Kanji Freq: 597,漢字の読みを入力してください,Text
__響__む，__響__めき，__響動__めく，__響__く,"どよ,どよめ","［響］四級
音: キョウ／コウ 訓: ひび・く
意味: 声や音、声や音を立てる。
(声や音などの振動が)辺りに広がる、鳴り渡(わた)る。",響 → JPDB Kanji Freq: 596,漢字の読みを入力してください,Text
__響__く，__響__き,ひび,"［響］四級
音: キョウ／コウ 訓: ひび・く
意味: 声や音、声や音を立てる。
(声や音などの振動が)辺りに広がる、鳴り渡(わた)る。",響 → JPDB Kanji Freq: 596,漢字の読みを入力してください,Text
"__微__酔い
酒を飲んで、少しよっているようす。例: 微酔い気分。",ほろ,"［微］四級
音: ビ／ミ 訓: かす・か
意味: 非常に小さい、はっきり見えないほど小さい、同「𢼸」「𣁋」。
小さくて目立たない。
目立たないようにこっそりと、密(ひそ)かに、同「𧗬」。
身分が低い、「身分が低く目立たない」の意。
僅(わず)か、非常に少ない、また細(こま)かい、また弱い。
10の-6乗{数字}。",微 → JPDB Kanji Freq: 595,漢字の読みを入力してください,Text
"__微__か
①よく注意して、やっと認められるようす。ほのか。
「━に聞こえる・━な音」
②弱々しいようす。
「━な声」",かす,"［微］四級
音: ビ／ミ 訓: かす・か
意味: 非常に小さい、はっきり見えないほど小さい、同「𢼸」「𣁋」。
小さくて目立たない。
目立たないようにこっそりと、密(ひそ)かに、同「𧗬」。
身分が低い、「身分が低く目立たない」の意。
僅(わず)か、非常に少ない、また細(こま)かい、また弱い。
10の-6乗{数字}。",微 → JPDB Kanji Freq: 595,漢字の読みを入力してください,Text
__微笑__む，__微笑__ましい，__微笑__み,ほほえ,"［微］四級
音: ビ／ミ 訓: かす・か
意味: 非常に小さい、はっきり見えないほど小さい、同「𢼸」「𣁋」。
小さくて目立たない。
目立たないようにこっそりと、密(ひそ)かに、同「𧗬」。
身分が低い、「身分が低く目立たない」の意。
僅(わず)か、非常に少ない、また細(こま)かい、また弱い。
10の-6乗{数字}。",微 → JPDB Kanji Freq: 595,漢字の読みを入力してください,Text
__捕__まる，__捕__まえる,つか,"［捕］四級
音: ホ／ブ 訓: つか・まえる／つか・まる／とら・える／とら・われる／と・る
意味: (逃げるものを追いかけて、或いは隠れているもの捜し出して)掴(つか)まえる、捉(つか)まえる、取り押さえる。",捕 → JPDB Kanji Freq: 594,漢字の読みを入力してください,Text
__捕__る，__捕__り物，__捕__らわれる，__捕__らえる,と,"［捕］四級
音: ホ／ブ 訓: つか・まえる／つか・まる／とら・える／とら・われる／と・る
意味: (逃げるものを追いかけて、或いは隠れているもの捜し出して)掴(つか)まえる、捉(つか)まえる、取り押さえる。",捕 → JPDB Kanji Freq: 594,漢字の読みを入力してください,Text
__字__，大__字__,あざ,"［字］十級
音: シ／ジ 訓: あざな／あざ
意味: 子を生む、生まれた子を慈(いつく)しみ育てる、同「𡥜」。
あざな、成人時に名付ける本名以外の名、男子は二十歳で成人とし初めて冠を被り、女子は許嫁(キョカ、いいなずけ、親同士が結婚の約束をすること)を以て成人とし初めて笄(こうがい、髪に刺す簪の類)を刺し、字(あざな)が与えられた、同「𡥜」。
言葉や音を表すための符号、古くは象形文字(ものの形を象った字、「宀」「子」もその一つ)や指事文字(形のないものを表す字、「一」「二」「上」「下」など)を「文」といい、それらを組み合わせたもの(「字」を例にとれば「宀」「子」)を「字」といった、後には「文」「字」の区別はなくなり「字」が用いられる
日あざ、町村の小区画。",字 → JPDB Kanji Freq: 593,漢字の読みを入力してください,Text
__求__める，__求__め,もと,"［求］七級
音: キュウ／グ 訓: もと・める
意味: 探(さが)す、飽(あ)くまでも捜(さが)す。
欲しいものを何とか得ようとする、他人にものが欲しい(して欲しい)とねだる、強く乞(こ)う。",求 → JPDB Kanji Freq: 591,漢字の読みを入力してください,Text
"__演__る
__演__う","おこな,や","［演］六級
音: エン 訓: 
意味: 水がどこまでも伸びて流れる、涴演(エンエン)(川が曲がりくねりながら延々エンエンと流れるさま)」。
広げる、行(ゆ)き渡(わた)らせる。
元(もと)となるもの・元からあるものを基(もと)にして、付け加え形を変えて広げていく、また伸ばしていく、また展開テンカイする、また実際にやってみる。",演 → JPDB Kanji Freq: 590,漢字の読みを入力してください,Text
__宿__る，雨__宿__り，__宿__す，__宿__，__宿__屋,やど,"［宿］八級
音: シュク／スク／シュウ／シュ 訓: やど・る／やど・す／やど
意味: 屋根の下(家屋の中)で一夜を過ごす、また止(とど)まって休息する。
休息したり泊まったり(宿泊したり)するところ、旅宿(リョシュク)(宿場)」、宿舍(シュクシャ)(旅館、寄宿舎)
止(とど)まる、留(とど)まる、、宿怨(シュクエン)(心に留まって去らない恨み)」、星宿(セイシュク)(同じ位置関係を保つ星座)」
日や年を跨(また)ぐ、、宿醉(シュクスイ)(酒が次の日まで残る、二日酔い)」、宿根(シュッコン)(植物の葉や茎が枯れても根は残り次の年に再び芽を出す)」。
年(や経験)を重ねる、またそのような人。",宿 → JPDB Kanji Freq: 589,漢字の読みを入力してください,Text
"__了__う，__了__い
__了__える","しま,お","［了］三級
音: リョウ 訓: 
意味: ～し終わる、～し終える、完結する。
はっきりと分かる、はっきりしている、明らかなさま、同「瞭」。
全く、すっかり。",了 → JPDB Kanji Freq: 588,漢字の読みを入力してください,Text
政 (◇「祭り事」の意),まつりごと,"［政］六級
音: セイ／ショウ 訓: まつりごと
意味: 正(ただ)す、正しくする、同「正」。
社会などの秩序チツジョを公正・公平に保(たも)つこと、またその仕事、またその手順・方法、政治(セイジ)(国を治めること)」、政事(セイジ)(政治に関わる事柄)」。",政 → JPDB Kanji Freq: 587,漢字の読みを入力してください,Text
__種__，菜__種__，一粒__種__,たね,"［種］七級
音: ショウ／シュ 訓: たね
意味: (植物が)生長し実を結ぶ元になるもの、またそれを植え付ける、またそれを蒔(ま)く。
起源を同じにするもの、共通性のあるもの、またその集まり。
簡「种」。",種 → JPDB Kanji Freq: 586,漢字の読みを入力してください,Text
__興__る，__興__す,おこ,"［興］六級
音: キョウ／コウ 訓: おこ・る／おこ・す／おき・る
意味: 起き上がる、すっくと立つ。
持ち上げる、高く挙(あ)げる。
高(たか)ぶる、高揚コウヨウする、盛り上がる。
盛んになる、栄える。",興 → JPDB Kanji Freq: 585,漢字の読みを入力してください,Text
__象__る,かたど,"［象］六級
音: ショウ／ゾウ 訓: かたど・る／かたち
意味: 象(ゾウ)、ゾウ科の哺乳類、また同科の哺乳類の称。
もの(者や物)の姿形すがたかたち、同「像」。
もの(者や物)の姿形に似せる、また似る、また似せて作ったもの、同「像」。",象 → JPDB Kanji Freq: 584,漢字の読みを入力してください,Text
__根__，__根__強い，屋__根__,ね,"［根］八級
音: コン 訓: ね
意味: 植物の主に土中や水中にあって茎(くき)や幹(みき)を通じて枝葉シヨウ(えだは)に水分・養分を送る役割を担(にな)う部分。
物事を支える基本・基礎となる部分、元(もと)となる物事。
枝葉のように伸び広がる物事の始まり、起源キゲン。",根 → JPDB Kanji Freq: 583,漢字の読みを入力してください,Text
__極__める，__極__め付き，__極__み，__極__まる，__極__まり,きわ,"［極］七級
音: キョク／ゴク 訓: きわ・み／きわ・まる／きわ・める／きわ・めて
意味: 屋根の棟(むね)、最も高いところ、またそこに渡した木、棟木(むなぎ)。
頂点、先端。
これ以上はない、それより先はない、またそこに達する。
究(きわ)まる、尽(つ)きる。
最高の、最上の。
10の48乗{数字}。
簡「极」。",極 → JPDB Kanji Freq: 582,漢字の読みを入力してください,Text
__逆__らう，__逆__立つ，__逆__さ，__逆__さま,さか,"［逆］六級
音: ゲキ／ギャク 訓: さか・らう
意味: →向きに進むべきものが←向きに進む、進むべき道(道理や道徳など)に反する、本来の(一般的な)方向や順序と反対向きである、逆行(ギャッコウ)、逆流(ギャクリュウ)、同「屰」。
背(そむ)く、反ハンする、従わない、、逆命(ギャクメイ)(命令に背く)」。
やって来る→人を、こちらから出向いて←迎える。
出会う、→向きに進んでいる人が、←向きに進んできた人と出会う、同「遌」。
予(あらかじ)め、前もって。",逆 → JPDB Kanji Freq: 581,漢字の読みを入力してください,Text
__具__に,つぶさ,"［具］八級
音: ク／グ 訓: そな・わる／そな・える／つぶさ・に
意味: そな・わる、そな・える、必要なものが揃っている、必要なものを揃える。
必要なものが身に付いている。
(食事のための器具、戦うための武具、作業するための道具などの)揃えておく必要があるもの。
つぶさ・に、漏れなく詳しく。",具 → JPDB Kanji Freq: 580,漢字の読みを入力してください,Text
__具__わる,そな,"［具］八級
音: ク／グ 訓: そな・わる／そな・える／つぶさ・に
意味: そな・わる、そな・える、必要なものが揃っている、必要なものを揃える。
必要なものが身に付いている。
(食事のための器具、戦うための武具、作業するための道具などの)揃えておく必要があるもの。
つぶさ・に、漏れなく詳しく。",具 → JPDB Kanji Freq: 580,漢字の読みを入力してください,Text
__除__く,のぞ,"［除］五級
音: チョ／ジョ／ジ 訓: のぞ・く／の・ける／よ・ける
意味: そこにあるものを押し退(の)ける、押し退けて場所をあける。
取り払う、取り去る。
それまでの官職を解(と)いて新しい官職に就(つ)ける、除官(ジョカン)。
それまでのものに代わって新しいものになる(する)、除夕(ジョセキ)、除夜(ジョヤ)(一年の最後の日の夜、新年最初の日の前夜)」。
建物正面の(昇殿するための)階段カイダン。
数を割る、割り算。",除 → JPDB Kanji Freq: 579,漢字の読みを入力してください,Text
"雪__除__け，雨__除__け
① 積もった雪を取り除くこと。除雪。
② 道路・鉄道や家の周囲などの雪害を防ぐためのおおい。雪囲い。",よ,"［除］五級
音: チョ／ジョ／ジ 訓: のぞ・く／の・ける／よ・ける
意味: そこにあるものを押し退(の)ける、押し退けて場所をあける。
取り払う、取り去る。
それまでの官職を解(と)いて新しい官職に就(つ)ける、除官(ジョカン)。
それまでのものに代わって新しいものになる(する)、除夕(ジョセキ)、除夜(ジョヤ)(一年の最後の日の夜、新年最初の日の前夜)」。
建物正面の(昇殿するための)階段カイダン。
数を割る、割り算。",除 → JPDB Kanji Freq: 579,漢字の読みを入力してください,Text
__歳__，__歳__とる,とし,"［歳］四級
音: セイ／サイ 訓: とし
意味: 年とし、一年、同じ季節が一巡する期間。
年齢、年齢を数える語。
その年の穀物の収穫の具合。
木星、五星(ゴセイ、木星・土星・水星・火星・金星)の一つ。",歳 → JPDB Kanji Freq: 578,漢字の読みを入力してください,Text
"__疑__う，__疑__い，__疑__わしい
__疑__る〔話〕〔気をまわして〕疑う。","うたぐ,うたが","［疑］五級
音: ギ 訓: うたが・う
意味: ああかもしれないこうかもしれないと思いが乱れ一歩を踏み出せない、もしかしたらと惑(まど)いどちらとも決め兼ねる。
(はっきりとした根拠はないが)もしかしたらと思う、違っているのではないかと思う。
(はっきりとした根拠はないが)そうではないかと思う。",疑 → JPDB Kanji Freq: 577,漢字の読みを入力してください,Text
罪,つみ,"［罪］六級
音: サイ／ザイ 訓: つみ／つみ・する
意味: 魚を獲(と)るための竹製の網。
法ホウを犯す、法に反する、またそのような行為、罰せられるべき過(あやま)ち、またそのような行為をした者、またそのような者を罰する。
過失、過ち。",罪 → JPDB Kanji Freq: 576,漢字の読みを入力してください,Text
"__況__して，__況__してや
__況__や
まして…はなおさらだ。「大人が持っても重い、―子どもにおいてをや」
参考: 一般には「況んや…をや」と接続する。","ま,いわん","［況］四級
音: キョウ／コウ 訓: いわ・んや／ま・してや
意味: 様子、有様(ありさま)、状態。
他と比べる、他の例を引く、譬(たと)える。
いわ・んや、ま・してや、「況～乎」の用法で「まして～は言うまでもない」
益々(ますます)。",況 → JPDB Kanji Freq: 575,漢字の読みを入力してください,Text
__散__る，__散__り__散__りに，__散__らす，__散__らかる，__散__らかす,ち,"［散］七級
音: サン 訓: ち・る／ち・らす／ち・らかる／ち・らばる
意味: 分け離す、固まっていたり纏(まと)まっていたりしたものをばらばらにする、同「㪔」。
束縛する力がなくなってばらばらになる、ばらばらになってあちこちに広がる。
あちこちに撒(ま)く、蒔(ま)く、ばらまく、同「撒」。
ばらばらで纏まりがない、取留(とりと)めがない。
固まっていない粉状のもの。",散 → JPDB Kanji Freq: 573,漢字の読みを入力してください,Text
"__散__，__散__蒔く
① もともと、ひとまとまりとして扱われていた物が、一つ一つ別になった状態。また、そのもの。「散で売る」「散にする」
② 「散銭」の略。",ばら,"［散］七級
音: サン 訓: ち・る／ち・らす／ち・らかる／ち・らばる
意味: 分け離す、固まっていたり纏(まと)まっていたりしたものをばらばらにする、同「㪔」。
束縛する力がなくなってばらばらになる、ばらばらになってあちこちに広がる。
あちこちに撒(ま)く、蒔(ま)く、ばらまく、同「撒」。
ばらばらで纏まりがない、取留(とりと)めがない。
固まっていない粉状のもの。",散 → JPDB Kanji Freq: 573,漢字の読みを入力してください,Text
__毎__，__毎__に,ごと,"［毎］九級
音: バイ／マイ 訓: ごと
意味: 草が次々に生え出る。
同じようなこと(同じようなもの)が繰り返されること、またその一つ一つ、各々(おのおの)。
同じように繰り返される時は何時(いつ)も～、また常に～。",毎 → JPDB Kanji Freq: 572,漢字の読みを入力してください,Text
__片__や，__片__方，__片__手間，__片__一方,かた,"［片］五級
音: ヘン 訓: かた
意味: 切って(切り開いて、切り裂いて)薄く広げたもの、薄く平らなもの。
大きなものを小さく分けたその一つ、小さいもの。
少しであるさま、僅(わず)かなさま、片言(ヘンゲン)(簡単・簡潔な言葉)」。
日組み合わさって一つになるものの一方。
かた、かたへん、部首名。",片 → JPDB Kanji Freq: 571,漢字の読みを入力してください,Text
"__片__，一__片__
〔文〕うすく切ったもの、平たくて小さいものなどを数えることば。
「ひと━の雲」",ひら,"［片］五級
音: ヘン 訓: かた
意味: 切って(切り開いて、切り裂いて)薄く広げたもの、薄く平らなもの。
大きなものを小さく分けたその一つ、小さいもの。
少しであるさま、僅(わず)かなさま、片言(ヘンゲン)(簡単・簡潔な言葉)」。
日組み合わさって一つになるものの一方。
かた、かたへん、部首名。",片 → JPDB Kanji Freq: 571,漢字の読みを入力してください,Text
__飯__，__飯__粒，五目__飯__,めし,"［飯］七級
音: ハン／ボン 訓: めし／いい
意味: 米などの穀物を煮たり炊(た)いたりして柔らかくした(食べやすくした)もの。
(毎日定期的に摂とる)食事。
食べ物を食べる、食べ物を与える。",飯 → JPDB Kanji Freq: 570,漢字の読みを入力してください,Text
__惑__う，__惑__い,まど,"［惑］四級
音: コク／ワク 訓: まど・う
意味: あれこれと心が乱れる、どうしてよいか分からずに迷う、判断や区別が定まらない。
人を迷わせる。",惑 → JPDB Kanji Freq: 568,漢字の読みを入力してください,Text
__戸__，雨__戸__,と,"［戸］九級
音: コ／グ／ゴ 訓: と／へ
意味: 開閉ができる外と内の仕切り、家や部屋の出入り口の片開きの扉、門内の建物の出入り口の扉、同「㦿」「𣥘」、大きな建物の出入り口の両開きの扉は「扉」。
人の住む家、またそれを数える言葉
日横方向に滑らせるようにして開閉する内と外との仕切り",戸 → JPDB Kanji Freq: 567,漢字の読みを入力してください,Text
"__黙__る，__黙__り込む
__黙__り","だま,だんま","［黙］四級
音: ボク／モク 訓: だま・る
意味: (話を止めて)口を噤(つぐ)む、語(かた)らない、口を利かず静かにする。",黙 → JPDB Kanji Freq: 566,漢字の読みを入力してください,Text
__黙__し難い，__黙__す,もだ,"［黙］四級
音: ボク／モク 訓: だま・る
意味: (話を止めて)口を噤(つぐ)む、語(かた)らない、口を利かず静かにする。",黙 → JPDB Kanji Freq: 566,漢字の読みを入力してください,Text
__収__める，__収__まる,おさ,"［収］五級
音: シュウ／ス 訓: おさ・める／おさ・まる
意味: あちこちから取り集めて一カ所に纏(まと)める。
収穫したものを一カ所に集める、また役所がその一部を取り立てて公庫(政府の倉庫など)に入れる。
罪人を捕(とら)らえる、捕らえて檻などに入れる。
一つに纏める、一カ所に集める。
手の中に入れる、受け入れる、受け取る。",収 → JPDB Kanji Freq: 565,漢字の読みを入力してください,Text
__夏__，__夏__服，真__夏__,なつ,"［夏］九級
音: カ／ゲ 訓: なつ
意味: 多くの異民族の中心にあって栄えた国、中国、また中国の人。
大きくものを覆(おお)うさま、盛んなさま。
現河南省西部・山西省南部周辺の黄河流域一帯を支配したとされる古国名、前21世紀～前17世紀{夏代}。
晋代の古国名、別名、大夏(タイカ)、407年～431年{晋(東晋)代}。
宋代の古国名、別名、西夏(セイカ)、1038年～1227年{宋代}。
四季(春・夏・秋・冬)の第二、陰暦(農暦或いは旧暦ともいう)の四月～六月(新暦では六月～八月)。",夏 → JPDB Kanji Freq: 564,漢字の読みを入力してください,Text
__右__，__右__手,みぎ,"［右］十級
音: ユウ／ウ 訓: みぎ
意味: 左と対ツイになる片方{筆順(左右)}。
南を向いた時の西の方向、西、西の方向、東は「左」。
上(うえ)、上にある、高い、上位、上位のもの、下は「左」。
(右手のように力が強い者が左手のように力が弱い者に手を貸し力を貸し)助ける、同「佑」「祐」、逆は「左」「佐」「𥙀」。
正しい、逆は「左」。
俗保守的な、守旧的な。",右 → JPDB Kanji Freq: 563,漢字の読みを入力してください,Text
__端__，__端__たない，片__端__,はし,"［端］四級
音: タン 訓: は／はし／はた
意味: 物事の始まり、最初、端緒(タンショ・タンチョ)、同「耑」。
始め(始まり)か終わりのどちらか片方、一端(イッタン)、両端(リョウタン)。
まっすぐなさま、先が(縁へりが)まっすぐに揃うさま、折り目(おりめ)正しいさま。
きちんとしているさま、均斉キンセイがとれているさま、、端正(タンセイ)。",端 → JPDB Kanji Freq: 562,漢字の読みを入力してください,Text
"__端__，__端__金
❶［形動］ある数量を基準として計算・計量したときの過不足の数量。
「端が出る」
❷「端金」の略。",はした,"［端］四級
音: タン 訓: は／はし／はた
意味: 物事の始まり、最初、端緒(タンショ・タンチョ)、同「耑」。
始め(始まり)か終わりのどちらか片方、一端(イッタン)、両端(リョウタン)。
まっすぐなさま、先が(縁へりが)まっすぐに揃うさま、折り目(おりめ)正しいさま。
きちんとしているさま、均斉キンセイがとれているさま、、端正(タンセイ)。",端 → JPDB Kanji Freq: 562,漢字の読みを入力してください,Text
__端__，川__端__，道__端__,はた,"［端］四級
音: タン 訓: は／はし／はた
意味: 物事の始まり、最初、端緒(タンショ・タンチョ)、同「耑」。
始め(始まり)か終わりのどちらか片方、一端(イッタン)、両端(リョウタン)。
まっすぐなさま、先が(縁へりが)まっすぐに揃うさま、折り目(おりめ)正しいさま。
きちんとしているさま、均斉キンセイがとれているさま、、端正(タンセイ)。",端 → JPDB Kanji Freq: 562,漢字の読みを入力してください,Text
口の__端__，__端__数，半__端__，軒__端__,は,"［端］四級
音: タン 訓: は／はし／はた
意味: 物事の始まり、最初、端緒(タンショ・タンチョ)、同「耑」。
始め(始まり)か終わりのどちらか片方、一端(イッタン)、両端(リョウタン)。
まっすぐなさま、先が(縁へりが)まっすぐに揃うさま、折り目(おりめ)正しいさま。
きちんとしているさま、均斉キンセイがとれているさま、、端正(タンセイ)。",端 → JPDB Kanji Freq: 562,漢字の読みを入力してください,Text
初っ__端__,はな,"［端］四級
音: タン 訓: は／はし／はた
意味: 物事の始まり、最初、端緒(タンショ・タンチョ)、同「耑」。
始め(始まり)か終わりのどちらか片方、一端(イッタン)、両端(リョウタン)。
まっすぐなさま、先が(縁へりが)まっすぐに揃うさま、折り目(おりめ)正しいさま。
きちんとしているさま、均斉キンセイがとれているさま、、端正(タンセイ)。",端 → JPDB Kanji Freq: 562,漢字の読みを入力してください,Text
__門__，__門__口，__門__松,かど,"［門］九級
音: ボン／モン 訓: かど
意味: 敷地の囲いの一部に設けた出入口、囲われたものの内から外へ(外から内へ)出入りするところ、同「𨳇」「閅」。
同じ入口から入って来た人、同じ囲いの中にいる人、同じ目的を持った人、同じ種類のもの。
もん、もんがまえ、かどがまえ、部首名。",門 → JPDB Kanji Freq: 561,漢字の読みを入力してください,Text
__激__しい，__激__しさ,はげ,"［激］五級
音: ケキ／キャク／ゲキ 訓: はげ・しい
意味: 水が岩などに当たりしぶきとなって高く飛び散るさま。
勢いが強いさま、猛烈なさま。
強く人の心を揺さぶるさま。",激 → JPDB Kanji Freq: 560,漢字の読みを入力してください,Text
__軽__やかだ,かろ,"［軽］八級
音: ケイ／キョウ 訓: かる・い／かろ・やか
意味: 重くない、重くなく素早く動ける(車)、重くなく扱い易い(車)。
積載量が少ない、重さや程度が少ない。
重みがない、どっしりとしていない。
重要ではない。",軽 → JPDB Kanji Freq: 559,漢字の読みを入力してください,Text
__軽__い，__軽__はずみ，__軽__々と，手__軽__だ,かる,"［軽］八級
音: ケイ／キョウ 訓: かる・い／かろ・やか
意味: 重くない、重くなく素早く動ける(車)、重くなく扱い易い(車)。
積載量が少ない、重さや程度が少ない。
重みがない、どっしりとしていない。
重要ではない。",軽 → JPDB Kanji Freq: 559,漢字の読みを入力してください,Text
__悲__しむ，__悲__しみ，__悲__しい，__悲__しがる,かな,"［悲］八級
音: ヒ 訓: かな・しい
意味: 心が深く(ひりひりと)痛む、心が締め付けられているような感じがして苦しむ、声は出るが涙は出ない状態。
仏教で人の苦しみを取り除こうとする憐れみの心、慈悲(ジヒ)",悲 → JPDB Kanji Freq: 558,漢字の読みを入力してください,Text
__割__く,さ,"［割］五級
音: カツ／カチ 訓: さ・く／わ・る／わ・れる／わり
意味: 裂(さ)く、截(た)つ、面状(布・土地など)・立体状(石・木・家畜など)のものに切り込(こ)みを入れて分(わ)ける、切り開く、糸状・紐(ひも)状の長いもの(繋がっているもの)を途中で切って二つに離すのは「断」。
日比率の単位で全体の十分の一。
日。",割 → JPDB Kanji Freq: 556,漢字の読みを入力してください,Text
__割__れる，ひび__割__れ，__割__る,わ,"［割］五級
音: カツ／カチ 訓: さ・く／わ・る／わ・れる／わり
意味: 裂(さ)く、截(た)つ、面状(布・土地など)・立体状(石・木・家畜など)のものに切り込(こ)みを入れて分(わ)ける、切り開く、糸状・紐(ひも)状の長いもの(繋がっているもの)を途中で切って二つに離すのは「断」。
日比率の単位で全体の十分の一。
日。",割 → JPDB Kanji Freq: 556,漢字の読みを入力してください,Text
__割__に，__割__がいい，__割__合，五__割__,わり,"［割］五級
音: カツ／カチ 訓: さ・く／わ・る／わ・れる／わり
意味: 裂(さ)く、截(た)つ、面状(布・土地など)・立体状(石・木・家畜など)のものに切り込(こ)みを入れて分(わ)ける、切り開く、糸状・紐(ひも)状の長いもの(繋がっているもの)を途中で切って二つに離すのは「断」。
日比率の単位で全体の十分の一。
日。",割 → JPDB Kanji Freq: 556,漢字の読みを入力してください,Text
"__観__る
遠くから眺める。見物する。「野球を観る」 「演劇を観る」 「菊の花を観る」",み,"［観］七級
音: カン 訓: み・る
意味: 隅々までしっかりと見る、余すところなく見尽くす、觀察(カンサツ)(細部まで詳しく見て調べる)」。
辺りを見渡す、見回す
辺りを監視するための見張り櫓ロ(やぐら)、辺りの景色を見晴らす望楼ボウロウ
見回したときに見える景色や様相、、壯觀・壮観(ソウカン)(壮大な堂々とした眺め)」。
他に細部まで見せる、詳しく示す、、觀兵(カンペイ)(兵を揃えその威容を見せる)」。",観 → JPDB Kanji Freq: 555,漢字の読みを入力してください,Text
袋小__路__，家__路__，旅__路__，山__路__,じ,"［路］八級
音: ロ／ル 訓: みち／じ
意味: 通り道、都市内・集落内・城内・邸内などの連絡用の道。
道、人などが往来する道、道路(ドウロ)、同「道」。
行き方、方法。
天子や諸侯が乗る車、同「輅」。
宋(960年～1279年)・金(1115年～1234年)代に置かれた行政区画の名{宋代}。",路 → JPDB Kanji Freq: 554,漢字の読みを入力してください,Text
__超__す，__超__える,こ,"［超］三級
音: チョウ 訓: こ・す／こ・える
意味: 跳(と)び越(こ)える、高く跳(は)ね上がってもののの上を越える、また越えてその先に出る。
抜きん出ているさま、飛び抜けているさま。",超 → JPDB Kanji Freq: 553,漢字の読みを入力してください,Text
"弾
鉄砲やピストルなどの弾丸。",たま,"［弾］四級
音: タン／ダン 訓: はじ・く／ひ・く／はず・む／たま
意味: 弓の弦ゲン(つる)を大きく引き絞って矢を射(い)る、弦楽器を鳴らす、弦を引いたり引っ掛けたりしたした後にぱっと放す動き、またそれによって起こる振動や音を指す。
跳(は)ね返る。
たま、鉄砲などの玉、(弾丸のような)丸いもの。
厳しく糺(ただ)す。",弾 → JPDB Kanji Freq: 552,漢字の読みを入力してください,Text
"__弾__く，__弾__ける
❶ はね返す。はねとばす。例: 指先でおはじきを弾く。
❷ はねてよせつけない。例: 油は水を弾く。
❸ そろばんの玉を動かす。例: そろばんを弾く。",はじ,"［弾］四級
音: タン／ダン 訓: はじ・く／ひ・く／はず・む／たま
意味: 弓の弦ゲン(つる)を大きく引き絞って矢を射(い)る、弦楽器を鳴らす、弦を引いたり引っ掛けたりしたした後にぱっと放す動き、またそれによって起こる振動や音を指す。
跳(は)ね返る。
たま、鉄砲などの玉、(弾丸のような)丸いもの。
厳しく糺(ただ)す。",弾 → JPDB Kanji Freq: 552,漢字の読みを入力してください,Text
__弾__む，__弾__み,はず,"［弾］四級
音: タン／ダン 訓: はじ・く／ひ・く／はず・む／たま
意味: 弓の弦ゲン(つる)を大きく引き絞って矢を射(い)る、弦楽器を鳴らす、弦を引いたり引っ掛けたりしたした後にぱっと放す動き、またそれによって起こる振動や音を指す。
跳(は)ね返る。
たま、鉄砲などの玉、(弾丸のような)丸いもの。
厳しく糺(ただ)す。",弾 → JPDB Kanji Freq: 552,漢字の読みを入力してください,Text
__弾__く，__弾__き手,ひ,"［弾］四級
音: タン／ダン 訓: はじ・く／ひ・く／はず・む／たま
意味: 弓の弦ゲン(つる)を大きく引き絞って矢を射(い)る、弦楽器を鳴らす、弦を引いたり引っ掛けたりしたした後にぱっと放す動き、またそれによって起こる振動や音を指す。
跳(は)ね返る。
たま、鉄砲などの玉、(弾丸のような)丸いもの。
厳しく糺(ただ)す。",弾 → JPDB Kanji Freq: 552,漢字の読みを入力してください,Text
__船__旅，__船__賃,ふな,"［船］九級
音: セン／ゼン 訓: ふな／ふね
意味: 川や沿岸を行き来する舟、外洋に出られる大きな舟は「舶」。",船 → JPDB Kanji Freq: 551,漢字の読みを入力してください,Text
__船__，大__船__，親__船__,ふね,"［船］九級
音: セン／ゼン 訓: ふな／ふね
意味: 川や沿岸を行き来する舟、外洋に出られる大きな舟は「舶」。",船 → JPDB Kanji Freq: 551,漢字の読みを入力してください,Text
"__論__う
〔おもに批判する気持ちで、また細かなことを取り上げて〕議論する。
「欠点を━・ささいなことを━」",あげつら,"［論］五級
音: ロン 訓: あげつら・う
意味: 理リ(道理ドウリ、筋目すじめ)に沿って考える、理に適(かな)った考え。
きちんと筋道(すじみち、道理)に沿って(順序立てて)述べる。
道理(筋や理)に照らして物事(罪の軽重や功績の大小など)を判定する。
論語(ロンゴ)(孔子コウシの言行や高弟との問答などを記した書物)」の略。",論 → JPDB Kanji Freq: 550,漢字の読みを入力してください,Text
__増__す，水__増__し,ま,"［増］六級
音: ソウ／ゾウ 訓: ふ・える／ふ・やす／ま・す
意味: 同質のものが積み重(かさ)なる、また繰り返される、同「曾」「層」。
付け加わる、大きくなる、多くなる。",増 → JPDB Kanji Freq: 549,漢字の読みを入力してください,Text
__増__やす，__増__える,ふ,"［増］六級
音: ソウ／ゾウ 訓: ふ・える／ふ・やす／ま・す
意味: 同質のものが積み重(かさ)なる、また繰り返される、同「曾」「層」。
付け加わる、大きくなる、多くなる。",増 → JPDB Kanji Freq: 549,漢字の読みを入力してください,Text
"__退__る
〔文〕前を向いたまま、あとへ下がる。しざる。すさる。",しさ,"［退］五級
音: タイ 訓: しりぞ・く／の・く／ひ・く／ど・く
意味: 後ろに向かう、後ろへ下がる、後ろ向きに進む、逆は「進」。
今いる場所から遠ざかる方に向かう、その場を立ち去る。
体を後へ引く、身を引く。
状態が悪くなる(衰える、弱まる)方に向かう、勢いがなくなる、鮮(あざ)やかさや美しさが少しずつ失われていく、同「褪」。",退 → JPDB Kanji Freq: 548,漢字の読みを入力してください,Text
"__退__く，__退__ける
①その位置よりも後ろに動く。下がる。
「一歩━」
（↔進む）
②えらい人のところから帰る。下がる。
「御前を━」
③〔ある仕事や地位から〕はなれる。
「第一線を━」
④〔試合などで〕負けて引きさがる。敗退する。
「一回戦で━」",しりぞ,"［退］五級
音: タイ 訓: しりぞ・く／の・く／ひ・く／ど・く
意味: 後ろに向かう、後ろへ下がる、後ろ向きに進む、逆は「進」。
今いる場所から遠ざかる方に向かう、その場を立ち去る。
体を後へ引く、身を引く。
状態が悪くなる(衰える、弱まる)方に向かう、勢いがなくなる、鮮(あざ)やかさや美しさが少しずつ失われていく、同「褪」。",退 → JPDB Kanji Freq: 548,漢字の読みを入力してください,Text
"__退__く，__退__ける
〘濁音減価〙じゃまにならないように、別な所へからだを動かす。のく。
「そこを退け！」",ど,"［退］五級
音: タイ 訓: しりぞ・く／の・く／ひ・く／ど・く
意味: 後ろに向かう、後ろへ下がる、後ろ向きに進む、逆は「進」。
今いる場所から遠ざかる方に向かう、その場を立ち去る。
体を後へ引く、身を引く。
状態が悪くなる(衰える、弱まる)方に向かう、勢いがなくなる、鮮(あざ)やかさや美しさが少しずつ失われていく、同「褪」。",退 → JPDB Kanji Freq: 548,漢字の読みを入力してください,Text
"遠__退__く，__退__く〔古風／方〕
①どく。
「ちょっとのいてくれ」
②脱退する。
「会を━」",の,"［退］五級
音: タイ 訓: しりぞ・く／の・く／ひ・く／ど・く
意味: 後ろに向かう、後ろへ下がる、後ろ向きに進む、逆は「進」。
今いる場所から遠ざかる方に向かう、その場を立ち去る。
体を後へ引く、身を引く。
状態が悪くなる(衰える、弱まる)方に向かう、勢いがなくなる、鮮(あざ)やかさや美しさが少しずつ失われていく、同「褪」。",退 → JPDB Kanji Freq: 548,漢字の読みを入力してください,Text
"__退__ける・除ける
❶別の所へうつす。どかす。例 : つくえを退けてそうじする。
❷取り去って別にする。例 : くさったリンゴを退ける。
❸（ことばの下について、やりにくいことを思いきって、また、みごとに）「してしまう」という意味を表す。例 : うまくやって退ける。",の,"［退］五級
音: タイ 訓: しりぞ・く／の・く／ひ・く／ど・く
意味: 後ろに向かう、後ろへ下がる、後ろ向きに進む、逆は「進」。
今いる場所から遠ざかる方に向かう、その場を立ち去る。
体を後へ引く、身を引く。
状態が悪くなる(衰える、弱まる)方に向かう、勢いがなくなる、鮮(あざ)やかさや美しさが少しずつ失われていく、同「褪」。",退 → JPDB Kanji Freq: 548,漢字の読みを入力してください,Text
"__退__く，__退__ける
後ろに下がる。退却する。
「兵を退いて機を待つ」 「一歩退いて形勢を窺う」 
「現役を退く」 「身を退く」 「退き際が良い」 「潮が退く」",ひ,"［退］五級
音: タイ 訓: しりぞ・く／の・く／ひ・く／ど・く
意味: 後ろに向かう、後ろへ下がる、後ろ向きに進む、逆は「進」。
今いる場所から遠ざかる方に向かう、その場を立ち去る。
体を後へ引く、身を引く。
状態が悪くなる(衰える、弱まる)方に向かう、勢いがなくなる、鮮(あざ)やかさや美しさが少しずつ失われていく、同「褪」。",退 → JPDB Kanji Freq: 548,漢字の読みを入力してください,Text
__設__ける,もう,"［設］六級
音: セツ／セチ 訓: もう・ける／しつら・える
意味: 作る、作って据(す)える、拵(こしら)える。
据え置く、必要なものを揃えて並べ置く。
もし～、if。",設 → JPDB Kanji Freq: 547,漢字の読みを入力してください,Text
"__設__える，__設__い
〈用意／設備〉する。
「テーブルを━」",しつら,"［設］六級
音: セツ／セチ 訓: もう・ける／しつら・える
意味: 作る、作って据(す)える、拵(こしら)える。
据え置く、必要なものを揃えて並べ置く。
もし～、if。",設 → JPDB Kanji Freq: 547,漢字の読みを入力してください,Text
__細__かい，__細__かだ,こま,"［細］九級
音: セイ／サイ 訓: ほそ・い／ほそ・る／こま・か／こま・かい
意味: 小さい。
幅が狭い。
(細く)弱々しいさま、しなやかなさま。
(細部にまで亘って)詳(くわ)しい。",細 → JPDB Kanji Freq: 546,漢字の読みを入力してください,Text
"__細__やか
__細__波","ささ,さざ","［細］九級
音: セイ／サイ 訓: ほそ・い／ほそ・る／こま・か／こま・かい
意味: 小さい。
幅が狭い。
(細く)弱々しいさま、しなやかなさま。
(細部にまで亘って)詳(くわ)しい。",細 → JPDB Kanji Freq: 546,漢字の読みを入力してください,Text
__細__る，__細__い，__細__腕，心__細__い,ほそ,"［細］九級
音: セイ／サイ 訓: ほそ・い／ほそ・る／こま・か／こま・かい
意味: 小さい。
幅が狭い。
(細く)弱々しいさま、しなやかなさま。
(細部にまで亘って)詳(くわ)しい。",細 → JPDB Kanji Freq: 546,漢字の読みを入力してください,Text
__接__ぐ，__接__ぎ木，骨__接__ぎ,つ,"［接］六級
音: ショウ／セツ 訓: つ・ぐ／は・ぐ
意味: 二つのものが間近(まぢか)まで近づく、ぴったりと寄る。
交(まじ)える、触れ合わせる。
(人と)触れ合う、親しく交わる。
近くまで寄ってくるもの(寄ってきたもの)を受け入れる。",接 → JPDB Kanji Freq: 545,漢字の読みを入力してください,Text
"継ぎ__接__ぎ，__接__ぐ
ぬいあわせて、つなぐ。
「接ぎあわせる」",は,"［接］六級
音: ショウ／セツ 訓: つ・ぐ／は・ぐ
意味: 二つのものが間近(まぢか)まで近づく、ぴったりと寄る。
交(まじ)える、触れ合わせる。
(人と)触れ合う、親しく交わる。
近くまで寄ってくるもの(寄ってきたもの)を受け入れる。",接 → JPDB Kanji Freq: 545,漢字の読みを入力してください,Text
__束__，花__束__，__束__ねる,"たば,つか","［束］七級
音: ショク／ソク 訓: たば／たば・ねる／つか／つか・ねる
意味: (長いものを)縛(しば)って一つにする、一つに纏(まと)める、同「捒」。
縛って一つにしたものの数を表す語。
縛る、縛ってばらばらにならないようにする、自由を制限する。
日つか、長さの単位、指四本をくっつけた時の幅。",束 → JPDB Kanji Freq: 544,漢字の読みを入力してください,Text
"__準__える・擬える
〔文〕ほかの似たものにくらべて〈みる／考える〉。見立てる。
「人生を船旅に━」",なぞら,"［準］六級
音: シュン／ジュン 訓: なぞら・える
意味: 水平にする、均(なら)す。
水平かどうかを調べる道具、水準器(スイジュンキ)。
平(たいら)らな、公平な。
手本として倣(なら)うべきもの、物事の尺度となるもの、準則(ジュンソク)、標準(ヒョウジュン)。
倣(なら)う、擬(なぞら)える、他の物に似(に)せる、他の物事を例に引く。
同簡「准」。",準 → JPDB Kanji Freq: 543,漢字の読みを入力してください,Text
"__映__える，夕__映__え
面__映__ゆい","は,ば","［映］五級
音: エイ／ヨウ 訓: うつ・る／うつ・す／は・える
意味: 光が当たって明るい。
光が当たってくっきりと見える、くっきりと浮かび上がって見える。
くっきりとした陰(かげ)、くっきりとした陰ができる。",映 → JPDB Kanji Freq: 541,漢字の読みを入力してください,Text
"__映__える
〔俗〕〔写真などが〈ＳＮＳで／ＳＮＳに投稿したくなるほど〉〕きれいで目立つ。はえる。景色・場面・人物・料理等が、思わず人に見せたくなるほど印象的に見える。
「京都の街路に━・えるファッション」「━カフェ」「インスタ映えする」",ば,"［映］五級
音: エイ／ヨウ 訓: うつ・る／うつ・す／は・える
意味: 光が当たって明るい。
光が当たってくっきりと見える、くっきりと浮かび上がって見える。
くっきりとした陰(かげ)、くっきりとした陰ができる。",映 → JPDB Kanji Freq: 541,漢字の読みを入力してください,Text
__映__る，__映__り，__映__す,うつ,"［映］五級
音: エイ／ヨウ 訓: うつ・る／うつ・す／は・える
意味: 光が当たって明るい。
光が当たってくっきりと見える、くっきりと浮かび上がって見える。
くっきりとした陰(かげ)、くっきりとした陰ができる。",映 → JPDB Kanji Freq: 541,漢字の読みを入力してください,Text
__越__す，年__越__し，__越__える，山__越__え,こ,"［越］四級
音: エツ／エチ／オチ 訓: こ・える／こ・す
意味: 行く手(ゆくて)を阻(はば)んでいるものの上を跨(また)ぐようにしてその先に行く、区切りや障害となっているものの先に行く、同「逾」。
度(ど、区切り・限度・程度・規準・規則など)の先に出る、分(ぶ、身の程、分限)を過ぎる、同「逾」。
春秋時代に現浙江省付近にあった古国名{春秋時代}。",越 → JPDB Kanji Freq: 540,漢字の読みを入力してください,Text
__謝__る，平__謝__り,あやま,"［謝］六級
音: シャ／ジャ 訓: あやま・る
意味: 相手の誘いや勧(すす)めに、ありがたくは思うが、応(こた)えられない旨(感謝しつつも断りの言葉)を述べる、詫(わ)びて断る、辞退する、謝絶(シャゼツ)。
別れの言葉(一緒に過ごせたことに対する感謝と別れなければならないことに対する詫びの言葉)を告げる、辞去する。
礼を言う、詫びを言う。
お礼やお詫びの気持ちを込めて金品を贈る。
退く、去る、衰退する、謝世(シャセイ)(世を去る、死去する)」、代謝(タイシャ)(それまでのものが退き代りのものがそれに取って代わる)」。",謝 → JPDB Kanji Freq: 539,漢字の読みを入力してください,Text
__怪__しむ，__怪__しい，__怪__しげだ,あや,"［怪］三級
音: カイ／ケ 訓: あや・しい／あや・しむ
意味: 普通とは違っていてるさま、これまでに見たことがないさま、譬(たと)えようががないさま。
得体が知れない、奇異な、不思議な。
不審に思う、疑わしく思う。",怪 → JPDB Kanji Freq: 537,漢字の読みを入力してください,Text
"__怪__しからん，物の__怪__，__怪__訝
［連語］道理・礼儀などにはずれていて許しがたい。ふとどきだ。
「挨拶にも来ないとは怪しからん」",け,"［怪］三級
音: カイ／ケ 訓: あや・しい／あや・しむ
意味: 普通とは違っていてるさま、これまでに見たことがないさま、譬(たと)えようががないさま。
得体が知れない、奇異な、不思議な。
不審に思う、疑わしく思う。",怪 → JPDB Kanji Freq: 537,漢字の読みを入力してください,Text
__驚__く，__驚__き，__驚__かす,おどろ,"［驚］四級
音: ケイ／キョウ 訓: おどろ・く／おどろ・かす
意味: (馬が)不意のことにぎょっとする、びっくりする、同簡「惊」。",驚 → JPDB Kanji Freq: 536,漢字の読みを入力してください,Text
__住__む，__住__まう，__住__まい,す,"［住］八級
音: チュウ／ジュウ 訓: す・まい／す・まう／す・む
意味: 同じ場所に長期間に亘(わた)って留(とど)まる。
場所を定めて生活する、またその居所キョショ(いどころ)。
動詞の後に置いて「同じ場所や状態に留(とど)まる、同じ状態が続く」の意を表す。",住 → JPDB Kanji Freq: 535,漢字の読みを入力してください,Text
__若__しくは,も,"［若］五級
音: ジャク／ニャク／ジャ／ニャ 訓: わか・い／も・し／も・しくは
意味: わか・い、柔(やわ)らかくしなやかなさま、生まれて間もないさま。
柔らかい(しなやかな、若い)草木。
逆(さか)らわずに従(したが)う。
もし～、仮に、或いは、もし～なら、もし～であれば。
も・しくは、～か或いは～。
～のような、～の如(ごと)く。
汝なんじ、君、あなた、おまえ。
音写字、般若(ハンニャ)(Prajñāプラジャニァ梵の音写、智慧チエ)」。
杜若(トジャク)ヤブミョウガ藪茗荷、ツユクサ科ヤブミョウガ属の草{ヤブミョウガ}日。",若 → JPDB Kanji Freq: 534,漢字の読みを入力してください,Text
__若__い，__若__者，__若__々しい,わか,"［若］五級
音: ジャク／ニャク／ジャ／ニャ 訓: わか・い／も・し／も・しくは
意味: わか・い、柔(やわ)らかくしなやかなさま、生まれて間もないさま。
柔らかい(しなやかな、若い)草木。
逆(さか)らわずに従(したが)う。
もし～、仮に、或いは、もし～なら、もし～であれば。
も・しくは、～か或いは～。
～のような、～の如(ごと)く。
汝なんじ、君、あなた、おまえ。
音写字、般若(ハンニャ)(Prajñāプラジャニァ梵の音写、智慧チエ)」。
杜若(トジャク)ヤブミョウガ藪茗荷、ツユクサ科ヤブミョウガ属の草{ヤブミョウガ}日。",若 → JPDB Kanji Freq: 534,漢字の読みを入力してください,Text
__五__つ，__五__日,いつ,"［五］十級
音: ゴ 訓: いつ／いつ・つ
意味: 数の名、五番目の数、真ん中の数{数字}。
五人を一組とした軍隊の編成単位、同「伍」。
工尺譜コウセキフ・コウシャクフ(楽譜の表記法の一つ)で「ラ」の音を表す{音楽(音階)}。",五 → JPDB Kanji Freq: 532,漢字の読みを入力してください,Text
__示__す，__示__し,しめ,"［示］六級
音: シ／ジ 訓: しめ・す
意味: (天上の神が地上のものに齎す物事の意思・意図を)はっきりと分かるように目の前に出して見せる、また見せて知らしめる、同「視」。
しめす、しめすへん、部首名。",示 → JPDB Kanji Freq: 531,漢字の読みを入力してください,Text
__辺__り,あた,"［辺］七級
音: ヘン 訓: あた・り／べ／ほとり
意味: 境界、境目さかいめ、面状のものの区切りとなるところ、一般にはその先も同じような状態で続いているものの区切りとなるところを指す、そこで途切れその先がないものは「縁」、線状・棒状のものの先端は「端」。
国が果(は)てるところ、中央から遠く離れたところ。
～の近く、付近、側(そば)、傍(かたわ)ら。",辺 → JPDB Kanji Freq: 530,漢字の読みを入力してください,Text
海__辺__，岸__辺__,べ,"［辺］七級
音: ヘン 訓: あた・り／べ／ほとり
意味: 境界、境目さかいめ、面状のものの区切りとなるところ、一般にはその先も同じような状態で続いているものの区切りとなるところを指す、そこで途切れその先がないものは「縁」、線状・棒状のものの先端は「端」。
国が果(は)てるところ、中央から遠く離れたところ。
～の近く、付近、側(そば)、傍(かたわ)ら。",辺 → JPDB Kanji Freq: 530,漢字の読みを入力してください,Text
__焼__ける，夕__焼__け，__焼__く，炭__焼__き,や,"［焼］七級
音: ショウ 訓: や・く／や・き／く・べる
意味: 火をつける、火つけて燃やす、火の中にものを入れて燃やす、ものが熱せられて炎や煙が立ち昇る。
日あれこれと進んで人に尽くす。",焼 → JPDB Kanji Freq: 529,漢字の読みを入力してください,Text
"__焼__べる
燃やすために火の中に入れる。 「ストーブに石炭を焼べる」",く,"［焼］七級
音: ショウ 訓: や・く／や・き／く・べる
意味: 火をつける、火つけて燃やす、火の中にものを入れて燃やす、ものが熱せられて炎や煙が立ち昇る。
日あれこれと進んで人に尽くす。",焼 → JPDB Kanji Freq: 529,漢字の読みを入力してください,Text
__壊__れる，__壊__す,こわ,"［壊］四級
音: カイ／エ 訓: こわ・れる／こわ・す
意味: 毀(こぼ)れる、崩れる、損(そこ)なう、破れる、欠ける、潰(つぶ)れる、元来ガンライの或いは本来の形や状態でなくなる。",壊 → JPDB Kanji Freq: 527,漢字の読みを入力してください,Text
__雨__，大__雨__,あめ,"［雨］十級
音: ウ 訓: あめ／あま
意味: 大気中の水蒸気が集まって水滴となり、浮かんでいることができずに落下するもの{雨}。
(雨や雪が、小さなものが無数に)降る、上から下に落ちて来る。
あめ、あめかんむり、部首名。",雨 → JPDB Kanji Freq: 526,漢字の読みを入力してください,Text
__雨__雲，__雨__戸，__雨__具,あま,"［雨］十級
音: ウ 訓: あめ／あま
意味: 大気中の水蒸気が集まって水滴となり、浮かんでいることができずに落下するもの{雨}。
(雨や雪が、小さなものが無数に)降る、上から下に落ちて来る。
あめ、あめかんむり、部首名。",雨 → JPDB Kanji Freq: 526,漢字の読みを入力してください,Text
__写__る，__写__り，__写__す，__写__し,うつ,"［写］八級
音: シャ 訓: うつ・す／うつ・る
意味: 別の場所に移(うつ)す、他に移す。
書く、描く、「墨や絵の具を紙などに移す」の意。
元になるものに倣(なら)って別のものに書く、或いは描く。",写 → JPDB Kanji Freq: 525,漢字の読みを入力してください,Text
__投__げる，身__投__げ,な,"［投］八級
音: トウ／ズ 訓: な・げる
意味: 持っているものを(目的とするものに向かって)放(ほう)る、投擲(トウテキ)。
放り入れる、他のものの中に入れる、また入る、投壺(トウコ)、投宿(トウシュク)。
ものを他のところに届ける、また差し出す、、投贈(トウゾウ)、投降(トウコウ)。
放り出す、持っているものを手放す、、投棄(トウキ)、投身(トウシン)。",投 → JPDB Kanji Freq: 524,漢字の読みを入力してください,Text
__娘__，__娘__心，小__娘__,むすめ,"［娘］四級
音: ジョウ／ニョウ 訓: むすめ
意味: むすめ、若い未婚の女性、少女、同「孃」。
母、母親、同「孃」。",娘 → JPDB Kanji Freq: 523,漢字の読みを入力してください,Text
"__邪__
正しくないこと。不正。例: 邪な考え方。",よこしま,"［邪］三級
音: シャ／ジャ／ヤ 訓: よこしま
意味: ずれる、傾く、逸(そ)れる、片寄る、曲がる、歪(ゆが)む。
正常でない、本来の姿形や状態と違っている、本来の姿やあり方でない、同「衺」。
～か、～や、句末に付けて疑問・反語・感嘆の意を表す語、同「耶」。
琅邪(ロウヤ)、現山東省東南部から江蘇省東北部にかけての地にあった古地名、同「琅玡・琅琊・瑯琊」{山東省}。",邪 → JPDB Kanji Freq: 522,漢字の読みを入力してください,Text
__困__る,こま,"［困］五級
音: コン 訓: こま・る
意味: 周りを囲まれていて手足の伸ばしようがない。
行き詰まる、身動きができない、苦しむ。
門や入り口の扉がそれ以上外に開かないようにするための杭(くい)、また門や入り口の地上部に渡した敷居(しきい)、同「梱」「閫」。
繁「睏」。",困 → JPDB Kanji Freq: 518,漢字の読みを入力してください,Text
__眠__る，__眠__り，__眠__い，__眠__たい，__眠__気,ねむ,"［眠］四級
音: ベン／メン／ミン 訓: ねむ・る／ねむ・い
意味: 目を瞑(つむ)る、体を横たえ目を瞑る、寝る。
刺激に対する反応が鈍くなり(眠ったように、死んだように)動かなくなる、活動を休止する。",眠 → JPDB Kanji Freq: 516,漢字の読みを入力してください,Text
__移__る，__移__り変わり，__移__す,うつ,"［移］六級
音: イ 訓: うつ・る／うつ・す
意味: 位置がずれる、次へ次へと位置や状況などが変わって行く。
ものを今あるところから別のところに動かす、また動く、位置を変える、位置が変わる、同「迻」「徙」「乁」。
次へ次へと回覧する文書、他に伝えるための伝言文書、移書(イショ)。",移 → JPDB Kanji Freq: 515,漢字の読みを入力してください,Text
__歌__う，歌,うた,"［歌］九級
音: カ 訓: うた／うた・う
意味: 詞(ことば)を声に出し節(ふし)を付けて詠(よ)む、曲に合わせて詞を詠む、同「謌」。
楽曲、詩。",歌 → JPDB Kanji Freq: 513,漢字の読みを入力してください,Text
__故__，__故__に,ゆえ,"［故］六級
音: コ／ク 訓: ゆえ
意味: 古い、以前の、同「古」。
古くから、以前から。
古くからの～、以前からの～。
死ぬ、亡(な)くなる。
～の為に～、～という理由で～、～が原因で～。
理由、原因。
(思い掛けない、また良くない)出来事。",故 → JPDB Kanji Freq: 512,漢字の読みを入力してください,Text
__街__，__街__角,まち,"［街］七級
音: カイ／ケ／ガイ 訓: まち
意味: 市中シチュウの大通り、市中を区切るように通した道、四方に通じる道、街道(カイドウ)、大通りから外れた小路(こうじ)は「巷」。
その道で区切られた区画、市街(シガイ)。",街 → JPDB Kanji Freq: 511,漢字の読みを入力してください,Text
"__徒__，__徒__に
〘ダナ〙無益なさま。幾らしても、実りのないさま。「―に時間を費やす」",いたずら,"［徒］七級
音: ト／ズ／ド 訓: かち／いたずら・に／むだ／あだ
意味: かち、乗り物に乗らず歩いて行く、同「𢓂」。
何も持たない、徒手(トシュ)(手に何も持たないこと)」。
いたずら・に、むだ、あだ、空(むな)しい、無駄に、「手に何もない」「得るものが何もない」の意。
歩兵ホヘイ、徒歩トホ(かち)の兵士。
人、輩(やから)、、惡徒(アクト)。
行動を共にする人々、、徒党(トトウ)。
同じことを(また同じ師から)学ぶ人々、弟子テイシ(でし)、、門徒(モント)。
古代の刑罰の一つ、労役の刑。
ただ、単に",徒 → JPDB Kanji Freq: 510,漢字の読みを入力してください,Text
"__徒__花，__徒__となる
__徒__ならぬ","あだ,ただ","［徒］七級
音: ト／ズ／ド 訓: かち／いたずら・に／むだ／あだ
意味: かち、乗り物に乗らず歩いて行く、同「𢓂」。
何も持たない、徒手(トシュ)(手に何も持たないこと)」。
いたずら・に、むだ、あだ、空(むな)しい、無駄に、「手に何もない」「得るものが何もない」の意。
歩兵ホヘイ、徒歩トホ(かち)の兵士。
人、輩(やから)、、惡徒(アクト)。
行動を共にする人々、、徒党(トトウ)。
同じことを(また同じ師から)学ぶ人々、弟子テイシ(でし)、、門徒(モント)。
古代の刑罰の一つ、労役の刑。
ただ、単に",徒 → JPDB Kanji Freq: 510,漢字の読みを入力してください,Text
"__徒__・徒士
①乗り物に乗らず歩いていくこと。とほ。
②江戸時代、騎乗を許されなかった下級の武士。",かち,"［徒］七級
音: ト／ズ／ド 訓: かち／いたずら・に／むだ／あだ
意味: かち、乗り物に乗らず歩いて行く、同「𢓂」。
何も持たない、徒手(トシュ)(手に何も持たないこと)」。
いたずら・に、むだ、あだ、空(むな)しい、無駄に、「手に何もない」「得るものが何もない」の意。
歩兵ホヘイ、徒歩トホ(かち)の兵士。
人、輩(やから)、、惡徒(アクト)。
行動を共にする人々、、徒党(トトウ)。
同じことを(また同じ師から)学ぶ人々、弟子テイシ(でし)、、門徒(モント)。
古代の刑罰の一つ、労役の刑。
ただ、単に",徒 → JPDB Kanji Freq: 510,漢字の読みを入力してください,Text
__産__む，__産__み月，__産__まれる，__産__湯，__産__着，__産__毛,う,"［産］七級
音: サン／セン 訓: うぶ／う・む／う・まれる
意味: 子を生む。
生まれ。
新たに(新たなものを)生み出す、作り出す、また生み出されたもの、生産(セイサン)。
土地や財物。
音孔が三つの籥ヤク(縦笛)、籥よりも太く短いという、同「簅」。",産 → JPDB Kanji Freq: 509,漢字の読みを入力してください,Text
__西__，__西__日,にし,"［西］九級
音: セイ／サイ 訓: にし
意味: 太陽が沈む方角・方向、またその方向に向く、またその方向に向かう、昇る方角を「東」。
中国から太陽が沈む方向の地域、欧州や米州。",西 → JPDB Kanji Freq: 508,漢字の読みを入力してください,Text
"__四つ__，__四日__
__四つ__角","よつ,よっつ,よっか","［四］十級
音: シ 訓: よ／よん／よ・つ
意味: 数の名、四番目の数{数字}。
東西南北・前後左右など周りの全て。",四 → JPDB Kanji Freq: 507,漢字の読みを入力してください,Text
"「数字の__四__・__四__羽・十__四__階・__四__世紀・__四__グラム」
「||よん||」は、多く単独で、またはいろいろな助数詞などをつけて使う。",よん,"［四］十級
音: シ 訓: よ／よん／よ・つ
意味: 数の名、四番目の数{数字}。
東西南北・前後左右など周りの全て。",四 → JPDB Kanji Freq: 507,漢字の読みを入力してください,Text
"「__四__年・__四__人・__４__条」
「||よ||」は、多く決まったことばだけに使う。",よ,"［四］十級
音: シ 訓: よ／よん／よ・つ
意味: 数の名、四番目の数{数字}。
東西南北・前後左右など周りの全て。",四 → JPDB Kanji Freq: 507,漢字の読みを入力してください,Text
__技__，必殺__技__,わざ,"［技］六級
音: キ／ギ 訓: わざ
意味: 手足を使い巧(たく)みに物を作る或いは操(あやつ)る、またその能力や方法。
藝(ゲイ、芸術、技芸)、巧みに演エンずる、またその能力や方法。",技 → JPDB Kanji Freq: 506,漢字の読みを入力してください,Text
__注__ぐ，__注__ぎ足す,"そそ,つ","［注］八級
音: シュ／ス／チュウ 訓: そそ・ぐ
意味: 水を一か所に狙いを定めて流し入れる、流れを目的の方に集中するようにする。
心や力を一点に集中する。
字句の解説、また解釈を加える、同「註」。
書き記(しる)す、記載する、同「註」。
繁「註」。",注 → JPDB Kanji Freq: 505,漢字の読みを入力してください,Text
__絡__める，__絡__む，__絡__み付く，__絡__まる,から,"［絡］四級
音: ラク 訓: から・む
意味: 短い糸の繊維、同「絮」。
短い糸(或いは糸状・筋状のもの)が縺(もつ)れる、縺れ繋(つな)がる
短い糸を繋げる、次々に繋げて行く、連絡(レンラク)
細い糸を横方向に繋いで行く、横方向に繋ぎ端で折り返して今度は逆方向にを繰り返して繋いで行く、縦方向は「経」。
細い糸(或いは糸状・筋状のもの)が網状に入り組む。
経絡(ケイラク)、中国の医学で気血が体内を流れる経路、「経」は縦の脈ミャク(気血の通り道)、「絡」は横の脈。",絡 → JPDB Kanji Freq: 504,漢字の読みを入力してください,Text
"__育__む
気をつけてそだてる。養いそだてる。
「ひなを━・両親の愛情に育まれる・民主主義を━社会」",はぐく,"［育］八級
音: イク 訓: そだ・てる／はぐく・む
意味: (生まれたばかりの子「𠫓」に)栄養や知識などを与えて成長させる、養分を与えて生長させる。
古「毓」。",育 → JPDB Kanji Freq: 503,漢字の読みを入力してください,Text
__育__てる，__育__て親，__育__つ，__育__ち,そだ,"［育］八級
音: イク 訓: そだ・てる／はぐく・む
意味: (生まれたばかりの子「𠫓」に)栄養や知識などを与えて成長させる、養分を与えて生長させる。
古「毓」。",育 → JPDB Kanji Freq: 503,漢字の読みを入力してください,Text
__星__，本__星__，黒__星__,ほし,"［星］九級
音: セイ／ショウ 訓: ほし
意味: 天体、天空で光る天体。
(星のように)小さい、小さい点。
ひときわ目立つ、またそのような人。
二十八宿南方朱雀スザクの一つ{二十八宿}。",星 → JPDB Kanji Freq: 502,漢字の読みを入力してください,Text
"__迷__う，__迷__い
世__迷__い言","まよ,ま","［迷］六級
音: ベイ／マイ／メイ 訓: まよ・う／まよ・わす
意味: どちらに行ったらよいか(どうしたらよいか)分からなくなる、戸惑(とまど)う。",迷 → JPDB Kanji Freq: 500,漢字の読みを入力してください,Text
__震__える，__震__え，__震__う，身__震__い,ふる,"［震］四級
音: シン 訓: ふる・える
意味: 激しい雷でものががたがたと振動するさま、怒りや恐れなどで体が小刻みに揺れ動くさま、ものが小刻みに揺れ動くさま。
八卦ハッカ(乾・兌・離・震・巽・坎・艮・坤)の一つ{卦}{方位}。",震 → JPDB Kanji Freq: 498,漢字の読みを入力してください,Text
__恋__い慕う，__恋__い焦がれる，__恋__しい，__恋__しがる，__恋__，初__恋__，__恋__する,"こ,こい","［恋］四級
音: レン 訓: こい／こい・しい／こ・う
意味: 思いを断ち切れないさま、恋恋(レンレン)、恋慕(レンボ)(思い慕う気持ちを断ち切れないさま)」。
異性に対して抱く愛情、また愛情を抱く。",恋 → JPDB Kanji Freq: 497,漢字の読みを入力してください,Text
球,たま,"［球］八級
音: キュウ／グ 訓: たま
意味: 丸いもの、毬(まり)状のもの、ボールball状のもの、同「毬」。
美しい玉ギョク(美しく高貴な石)。
玉ギョク(美しく高貴な石)製の磬(ケイ、打楽器)、同「璆」{楽器(打楽器)}。",球 → JPDB Kanji Freq: 496,漢字の読みを入力してください,Text
__静__める，__静__まる，__静__かだ，__静__々と，__静__けさ,しず,"［静］七級
音: セイ／ジョウ 訓: しず・まる／しず・か
意味: 動きや乱れなどが鎮(しず)まる、治(おさ)まる。
何事もなく穏やかなさま。
しんとして音や声がしないさま、じっと動かないさま。",静 → JPDB Kanji Freq: 494,漢字の読みを入力してください,Text
__習__う，手__習__い,なら,"［習］八級
音: シュウ／ジュウ 訓: なら・う／なら・わし
意味: 何度も繰り返す、何度も繰り返すことによって身に付ける、同「慣」。
なら・わし、繰り返されることで身に付いたこと、普段から繰り返し行われること、同「慣」。",習 → JPDB Kanji Freq: 493,漢字の読みを入力してください,Text
__冷__たい，__冷__たさ,つめ,"［冷］七級
音: レイ／リョウ 訓: つめ・たい／ひ・える／ひ・やす／ひや／ひや・かす／さ・ます／さ・める
意味: 気温や温度が低い、熱(ネツ)がない、ひんやりする、寒い。
熱(あつ)くない、熱気や熱意がない、関心や興味がない。
氷のように透(す)き通っている。",冷 → JPDB Kanji Freq: 492,漢字の読みを入力してください,Text
__冷__める，__冷__ます，湯__冷__まし,さ,"［冷］七級
音: レイ／リョウ 訓: つめ・たい／ひ・える／ひ・やす／ひや／ひや・かす／さ・ます／さ・める
意味: 気温や温度が低い、熱(ネツ)がない、ひんやりする、寒い。
熱(あつ)くない、熱気や熱意がない、関心や興味がない。
氷のように透(す)き通っている。",冷 → JPDB Kanji Freq: 492,漢字の読みを入力してください,Text
__冷__やす，__冷__やかす，__冷__やかし，__冷__や，__冷__や汗，__冷__ややかだ，__冷__える，底__冷__え,ひ,"［冷］七級
音: レイ／リョウ 訓: つめ・たい／ひ・える／ひ・やす／ひや／ひや・かす／さ・ます／さ・める
意味: 気温や温度が低い、熱(ネツ)がない、ひんやりする、寒い。
熱(あつ)くない、熱気や熱意がない、関心や興味がない。
氷のように透(す)き通っている。",冷 → JPDB Kanji Freq: 492,漢字の読みを入力してください,Text
証||し||，__証__す,"あかし,あか","［証］六級
音: セイ／ショウ 訓: あかし
意味: 諌(いさ)める、過(あやま)ちを咎(とが)め正すよう意見する。
病気の徴候や状態、症状、同「症」。
正当であること(事実であること)を根拠を示して明らかにする、また上申する、またそのための根拠となるもの、同「證」。",証 → JPDB Kanji Freq: 491,漢字の読みを入力してください,Text
__爆__ぜる,は,"［爆］四級
音: ハク／ホク／ホウ／ヒョウ／バク 訓: は・ぜる
意味: は・ぜる、火が弾(はじ)ける、火が勢いよく飛び散る。
(熱を加えることで)物が破裂し激しい勢いで飛び散る、炸裂(さくれつ)する。
急に膨(ふく)れる。
食材を熱い油にさっと通す調理法、炒(いた)める。",爆 → JPDB Kanji Freq: 488,漢字の読みを入力してください,Text
__裏__，__裏__口,うら,"［裏］五級
音: リ 訓: うら
意味: 衣服の内側の布、裏地(うらじ)。
内側、内部、簡「里」。",裏 → JPDB Kanji Freq: 487,漢字の読みを入力してください,Text
__側__，裏__側__，片__側__,がわ,"［側］七級
音: ソク／シキ 訓: かわ／そば
意味: (立っているものの)すぐ傍そば、傍(かたわ)ら、脇(わき)、同「旁」。
立てて片方に(一方に)寄せる、片方に寄る、偏(かたよ)る、同「仄」。
立ったものが一方に傾(かたむ)く。
永字八法の一つ、「丶てん」の書き方、現代中国では点テン{永字八法}。",側 → JPDB Kanji Freq: 484,漢字の読みを入力してください,Text
"__側__，すぐ__側__
①近くの所。付近。かたわら。わき。「側にいる人」
②（動詞に付いて「…そばから」の形で）その動作が行われてから間をおかないこと。…するとすぐに。「習う側から忘れる」
参考「側」は片寄った所の意。「傍」は人のそば近く仕える意。",そば,"［側］七級
音: ソク／シキ 訓: かわ／そば
意味: (立っているものの)すぐ傍そば、傍(かたわ)ら、脇(わき)、同「旁」。
立てて片方に(一方に)寄せる、片方に寄る、偏(かたよ)る、同「仄」。
立ったものが一方に傾(かたむ)く。
永字八法の一つ、「丶てん」の書き方、現代中国では点テン{永字八法}。",側 → JPDB Kanji Freq: 484,漢字の読みを入力してください,Text
"__未__だに
__未__だ，__未__だしも","いま,ま","［未］七級
音: ビ／ミ 訓: ひつじ／いま・だ／ま・だ
意味: 十二支の八番目、方角では南南西、時刻では午後二時を中心とした二時間、動物では「羊」を当てる{十二支}。
いま・だ、まだ～でない、まだ～しない、まだ～していない。
ない、～ではない。",未 → JPDB Kanji Freq: 483,漢字の読みを入力してください,Text
__練__る，__練__り直す,ね,"［練］八級
音: レン 訓: ね・る
意味: 生糸や絹布を灰汁(あく、草木などの灰を溶かしたアルカリ性の水)で煮て柔らかく白くする、同「湅」。
熟(こな)れていないものを繰り返し鍛(きた)える、鍛えて良いものにする。
習熟(シュウジュク)する、繰り返して(経験を積んで)上達する。",練 → JPDB Kanji Freq: 482,漢字の読みを入力してください,Text
__影__，__影__絵，人__影__,かげ,"［影］四級
音: エイ／ヨウ 訓: かげ
意味: 光が遮(さえぎ)られてできる像ゾウ。
鏡などに映(うつ)った像、実物と同じような姿や形。
写真、肖像、映像、映画。
日(ものの影になって)光の当たらないさま、また表に出ないさま。",影 → JPDB Kanji Freq: 481,漢字の読みを入力してください,Text
__異__にする，__異__なる,こと,"［異］五級
音: イ 訓: こと・なる
意味: こと・なる、(あれとは、これとは)別の、違った、同じでない。
普通(平常、一般)とは違っている、怪しい。
別々にする、分ける。
簡「异」。",異 → JPDB Kanji Freq: 480,漢字の読みを入力してください,Text
"__質__が悪い，__質__
①〔めいわくになるかどうかで見た〕性質。
「━の悪い〈いたずら／できもの〉」
②［：体質］〔人の〕性質。体質。
「遠慮深い━・本が捨てられない━」",たち,"［質］六級
音: シツ／シチ／チ 訓: たち／ただ・す
意味: 本来の、元々(もともと)の、本質(ホンシツ)。
本来のままであるさま、素(す)のままであるさま、質素(シッソ)。
そのものが持つ本来の価値や中身、また性格や傾向、資質(シシツ)、性質(セイシツ)。
(本質が何であるかを)問う、同「儨」。
金銭を借りる際に返済が済むまでの間相手(貸手)に差し出す同等の価値を持つもの、抵当テイトウ、担保タンポ、またそれを差し出す。",質 → JPDB Kanji Freq: 479,漢字の読みを入力してください,Text
"__質__，人__質__，__質__に入れる，__質__物
①〔約束の〕保証としてあずけておくもの。
「人━」
②〔←質物(しちもつ)〕借金の担保として、期限を決めてあずける品物。
「━に入れる・━に置く」",しち,"［質］六級
音: シツ／シチ／チ 訓: たち／ただ・す
意味: 本来の、元々(もともと)の、本質(ホンシツ)。
本来のままであるさま、素(す)のままであるさま、質素(シッソ)。
そのものが持つ本来の価値や中身、また性格や傾向、資質(シシツ)、性質(セイシツ)。
(本質が何であるかを)問う、同「儨」。
金銭を借りる際に返済が済むまでの間相手(貸手)に差し出す同等の価値を持つもの、抵当テイトウ、担保タンポ、またそれを差し出す。",質 → JPDB Kanji Freq: 479,漢字の読みを入力してください,Text
__質__す,ただ,"［質］六級
音: シツ／シチ／チ 訓: たち／ただ・す
意味: 本来の、元々(もともと)の、本質(ホンシツ)。
本来のままであるさま、素(す)のままであるさま、質素(シッソ)。
そのものが持つ本来の価値や中身、また性格や傾向、資質(シシツ)、性質(セイシツ)。
(本質が何であるかを)問う、同「儨」。
金銭を借りる際に返済が済むまでの間相手(貸手)に差し出す同等の価値を持つもの、抵当テイトウ、担保タンポ、またそれを差し出す。",質 → JPDB Kanji Freq: 479,漢字の読みを入力してください,Text
"__古__
「むかし」の古い言い方。「━の奈良の都」",いにしえ,"［古］九級
音: コ／ク 訓: ふる・い／ふる・す／いにしえ
意味: 以前、昔(むかし)、以前の、昔の、同「故」。
長い時を経(へ)ているさま。",古 → JPDB Kanji Freq: 478,漢字の読みを入力してください,Text
__古__い，__古__株，__古__びる，使い__古__す,ふる,"［古］九級
音: コ／ク 訓: ふる・い／ふる・す／いにしえ
意味: 以前、昔(むかし)、以前の、昔の、同「故」。
長い時を経(へ)ているさま。",古 → JPDB Kanji Freq: 478,漢字の読みを入力してください,Text
__奥__，__奥__底，__奥__さん,おく,"［奥］四級
音: オウ／イク／オク 訓: 
意味: 部屋の西南の隅すみ、祭礼の際に祭壇を設ける場所で「奥」と呼ばれた、同「隩」。
深く入り込んだ部屋、また場所
外からは容易に窺(うかが)うことができないところ、深く容易に辿り着けないところ",奥 → JPDB Kanji Freq: 476,漢字の読みを入力してください,Text
__装__う，__装__い,よそお,"［装］五級
音: ソウ／ショウ 訓: よそお・う
意味: (包んだり覆ったりして)外側を飾る。
(衣服や装飾品などのような、上辺を繕うための)飾り。
(飾り付けをしたりして)外見を整える。
(衣服を纏ったり化粧をしたりして)身形(みなり)を整える、身支度(みじたく)をする、同「妝」。
～のふりをする、～のように振る舞う。
中に入れる、詰め込む。",装 → JPDB Kanji Freq: 475,漢字の読みを入力してください,Text
__頃__，日__頃__,ころ,"［頃］二級
音: ケイ／キョウ 訓: ころ
意味: 頭を傾(かたむ)ける、頭を傾(かし)げる、同「傾」。
傾く、斜めになる、片方に(一方に)偏(かたよ)る、同「傾」。
僅(わず)かな時間、頃刻(ケイコク)(僅かな間、片時)」。
過去の凡そ(およそ、おおよそ)の時、、頃年(ケイネン)(近頃)」。
(田畑の)面積の単位、1頃=100畝{各種単位}。",頃 → JPDB Kanji Freq: 474,漢字の読みを入力してください,Text
__土__，赤__土__,つち,"［土］十級
音: ト／ツ／ド 訓: つち
意味: 泥や細かい砂などから成るもの。
生セイあるものを生み出すもの。
地に根差したもの、その地に根差したもの
五行(木・火・土・金・水)の一つ{五行}
つち、部首名。",土 → JPDB Kanji Freq: 472,漢字の読みを入力してください,Text
__判__る,わか,"［判］六級
音: ハン／バン 訓: わか・つ／わか・る
意味: 二つに分ける、二つに分かれる、同「牉」。
(正否・是非・真偽などを)はっきりと区別する、見分ける、判決(ハンケツ)。
はっきりとした(する)さま、はっきりと区別(見分けることが)できるさま、判然(ハンゼン)。
日印鑑、「正当なものかどうかを見分けるための印」の意。
日。",判 → JPDB Kanji Freq: 471,漢字の読みを入力してください,Text
__鳴__る，耳__鳴__り，__鳴__らす，__鳴__く，__鳴__き声,な,"［鳴］九級
音: メイ／ミョウ 訓: な・く／な・る／な・らす
意味: 鳥が声を発する、またその声。
鳥・獣(けもの)・昆虫などの発する声、楽器や物などが発する音、またその音がする、またその音が伝わり聞こえて来る。",鳴 → JPDB Kanji Freq: 470,漢字の読みを入力してください,Text
"__犯__す
①まちがったことをする。規則や道徳にそむいたことをする。
「誤りを━・過失を━・罪を━・法を━」
②強姦する。はずかしめる。
「女性を━」",おか,"［犯］六級
音: ハン／ボン 訓: おか・す
意味: 入るべきところではないところに入り込む、決められた範囲を越える。
守るべきことを守らない、法律や命令などを破る。",犯 → JPDB Kanji Freq: 468,漢字の読みを入力してください,Text
__傷__める，__傷__む,いた,"［傷］五級
音: ショウ 訓: きず／いた・む
意味: 体やものの一部が損(そこ)なわれる、一部が欠(か)けたり裂(さ)けたり破(やぶ)れたりする、怪我(けが)をする、またそのような箇所(カショ)。
(傷のようにずきずきと或いはひりひりと)心が痛(いた)む、心を痛める、憂える、同「慯」。",傷 → JPDB Kanji Freq: 467,漢字の読みを入力してください,Text
__傷__，古__傷__，__傷__つく,きず,"［傷］五級
音: ショウ 訓: きず／いた・む
意味: 体やものの一部が損(そこ)なわれる、一部が欠(か)けたり裂(さ)けたり破(やぶ)れたりする、怪我(けが)をする、またそのような箇所(カショ)。
(傷のようにずきずきと或いはひりひりと)心が痛(いた)む、心を痛める、憂える、同「慯」。",傷 → JPDB Kanji Freq: 467,漢字の読みを入力してください,Text
__髪__，__髪__結い，日本__髪__,かみ,"［髪］四級
音: ハツ／ホチ 訓: かみ
意味: 人の頭部の毛{毛(頭部)}。
(山に生える草木が頭に生える髪に似ていることから)草木。",髪 → JPDB Kanji Freq: 465,漢字の読みを入力してください,Text
御手洗,みたらし,"［御］四級
音: ギョ／ゴ 訓: お／おん／み
意味: (馬などを)意のままに操(あやつ)る、またその人、同「馭」。
治(おさ)める、統治トウチする。
天子に関する言葉に付けて尊敬の意を表す語。
侍(はべ)る、天子に近くに仕える、またその人。
丁寧・尊敬の意を表す語、同「衘」。
防(ふせ)ぐ、防ぎ止める、同繁「禦」。","御 → JPDB Kanji Freq: 463,洗 → JPDB Kanji Freq: 847,手 → JPDB Kanji Freq: 16",漢字の読みを入力してください,Text
__御__中，__御__曹司，__御__礼,おん,"［御］四級
音: ギョ／ゴ 訓: お／おん／み
意味: (馬などを)意のままに操(あやつ)る、またその人、同「馭」。
治(おさ)める、統治トウチする。
天子に関する言葉に付けて尊敬の意を表す語。
侍(はべ)る、天子に近くに仕える、またその人。
丁寧・尊敬の意を表す語、同「衘」。
防(ふせ)ぐ、防ぎ止める、同繁「禦」。",御 → JPDB Kanji Freq: 463,漢字の読みを入力してください,Text
__支__える，__支__え,ささ,"［支］六級
音: シ 訓: ささ・える／つか・える
意味: 枝(えだ)、幹(みき)となる部分から枝状に分かれ出たもの、同「枝」「肢」「𢺶」。
分かれる、分かれ出る、幹(みき)となる部分から分かれる。
ささ・える、落ちたり倒れたりしないように手や棒などを当てる、また当てて押さえる、同「𢺶」。
(資金・財源などを使途ごとに)割り当てる、また割り当てられた金を出す(支出する、支払う)、同「𢺶」。
日つか・える、閊(つか)える、差し障(さしさわ)る。
し、しにょう、部首名。",支 → JPDB Kanji Freq: 462,漢字の読みを入力してください,Text
差し__支__える，__支__える,つか,"［支］六級
音: シ 訓: ささ・える／つか・える
意味: 枝(えだ)、幹(みき)となる部分から枝状に分かれ出たもの、同「枝」「肢」「𢺶」。
分かれる、分かれ出る、幹(みき)となる部分から分かれる。
ささ・える、落ちたり倒れたりしないように手や棒などを当てる、また当てて押さえる、同「𢺶」。
(資金・財源などを使途ごとに)割り当てる、また割り当てられた金を出す(支出する、支払う)、同「𢺶」。
日つか・える、閊(つか)える、差し障(さしさわ)る。
し、しにょう、部首名。",支 → JPDB Kanji Freq: 462,漢字の読みを入力してください,Text
"__支__う｟他五｠
①間に当てがって、支えにする。
「しんばり棒を━」
②〔話〕〔かぎなどを〕かける。ロックする。",か,"［支］六級
音: シ 訓: ささ・える／つか・える
意味: 枝(えだ)、幹(みき)となる部分から枝状に分かれ出たもの、同「枝」「肢」「𢺶」。
分かれる、分かれ出る、幹(みき)となる部分から分かれる。
ささ・える、落ちたり倒れたりしないように手や棒などを当てる、また当てて押さえる、同「𢺶」。
(資金・財源などを使途ごとに)割り当てる、また割り当てられた金を出す(支出する、支払う)、同「𢺶」。
日つか・える、閊(つか)える、差し障(さしさわ)る。
し、しにょう、部首名。",支 → JPDB Kanji Freq: 462,漢字の読みを入力してください,Text
__遅__い，__遅__咲き,おそ,"［遅］四級
音: チ／ジ 訓: おそ・い／おく・れる
意味: ゆっくりしたさま、次の動作までに時間が掛るさま。
ゆっくりと進む、鈍(のろ)い。
決まっている時間・期間の終わりの頃になる、またその頃を過ぎる。
決まっている時(瞬間・時間・時期など)に間に合わない。",遅 → JPDB Kanji Freq: 461,漢字の読みを入力してください,Text
__遅__れる，__遅__れ，__遅__らす,おく,"［遅］四級
音: チ／ジ 訓: おそ・い／おく・れる
意味: ゆっくりしたさま、次の動作までに時間が掛るさま。
ゆっくりと進む、鈍(のろ)い。
決まっている時間・期間の終わりの頃になる、またその頃を過ぎる。
決まっている時(瞬間・時間・時期など)に間に合わない。",遅 → JPDB Kanji Freq: 461,漢字の読みを入力してください,Text
__掛__ける，__掛__かる，掛,か,"［掛］三級
音: カイ／ケ／カ 訓: か・ける
意味: 引っ懸(か)ける、ものの上に置いて両方また片方を垂らす、ぶら下げる、同「挂」。
引っ懸かる、気になって心に(目に)止まる。
簡「挂」。
日体や物を斜めにしてその一方また一部を他の物に預(あず)ける。
日。",掛 → JPDB Kanji Freq: 460,漢字の読みを入力してください,Text
__腹__，__腹__黒い，__腹__芸，太っ__腹__,はら,"［腹］五級
音: フク／ブク 訓: はら
意味: 体の前側(四足・多足の動物の場合は下側)の胸の下から骨盤までの胃や腸のある部分、同「肚」{人体(胴部)}。
ものの前面、背の反対側。
胎内、ものの内部、心の内、心の内にある考えや思い。
ものの中(なか)ほど、中ほどの膨らんだ部分。
抱(いだ)く、包み込む。",腹 → JPDB Kanji Freq: 459,漢字の読みを入力してください,Text
お__腹__がすく,なか,"［腹］五級
音: フク／ブク 訓: はら
意味: 体の前側(四足・多足の動物の場合は下側)の胸の下から骨盤までの胃や腸のある部分、同「肚」{人体(胴部)}。
ものの前面、背の反対側。
胎内、ものの内部、心の内、心の内にある考えや思い。
ものの中(なか)ほど、中ほどの膨らんだ部分。
抱(いだ)く、包み込む。",腹 → JPDB Kanji Freq: 459,漢字の読みを入力してください,Text
__遊__ぶ，__遊__び,あそ,"［遊］八級
音: ユウ／ユ 訓: あそ・ぶ
意味: 同じところに留(とど)まらずにあちこち巡(めぐ)り歩く、あちこちに出向いて行く、同「游」。
気の向くままに楽しむ、同「游」。
互いに行き来して親しく交わる、同「游」、交遊(コウユウ)、同「交游」。
家を離れて他に行く(他に移り住む)、定住することなくあちこちと移り住む、同「游」、遊民・游民(ユウミン)。
これといった職や役に就(つ)かない、同「游」、遊民・游民(ユウミン)。",遊 → JPDB Kanji Freq: 458,漢字の読みを入力してください,Text
__参__る，寺__参__り,まい,"［参］七級
音: サン／ソン／シン 訓: まい・る
意味: 行く、行って加わる。
行って目見(まみ)える、拝謁ハイエツする、拝謁するために行く。
幾つものものを引き合わせて比べる。
三、「三」の大写字(「一」は「壹」・「二」は「貳」のような大文字のこと){数字}。
二十八宿西方白虎ビャッコの一つ{二十八宿}。",参 → JPDB Kanji Freq: 457,漢字の読みを入力してください,Text
__余__る，__余__り，__余__す,あま,"［余］六級
音: ヨ 訓: あま・す／あま・り
意味: われ(我)。
それ以外の、他の。
あま・す、あま・り必要な分を取り除いた後に残る、音・匂い・味・印象などがその元となるものがなくなった後も残る食べ物の量が多く食べ切れずに残る、食材が使われずに残る、同「餘」。
繁「餘」。",余 → JPDB Kanji Freq: 456,漢字の読みを入力してください,Text
__怒__る，__怒__れる,おこ,"［怒］四級
音: ド／ヌ 訓: いか・る／おこ・る
意味: 腹を立てる、憤(いきどお)る。
勢いよいさま、奮(ふる)い立つさま。",怒 → JPDB Kanji Freq: 455,漢字の読みを入力してください,Text
"__怒__る，__怒__り，__怒__り狂う
「怒る」よりも「おこる」のほうが話しことば的。「怒る」は、その感情を持つことに重点があり、「おこる」は、どなったりだまりこんだりして、感情を相手に示すことに重点がある。",いか,"［怒］四級
音: ド／ヌ 訓: いか・る／おこ・る
意味: 腹を立てる、憤(いきどお)る。
勢いよいさま、奮(ふる)い立つさま。",怒 → JPDB Kanji Freq: 455,漢字の読みを入力してください,Text
__満__ちる，__満__ち潮，__満__たす,み,"［満］七級
音: バン／マン 訓: み・たす／み・ちる
意味: 余すところなく一杯になる、これ以上は(それ以上は)入らなくなる、また一杯にする。
ぎっしりと詰まる、また詰める、隙間(すきま)なく埋(う)まる、また埋める、充満(ジュウマン)。
足(た)る、これ以上は(それ以上は)ない、これ以上は(それ以上は)いらない、満足(マンゾク)、不滿(フマン)(満ち足りないさま、満たされないさま)」。",満 → JPDB Kanji Freq: 454,漢字の読みを入力してください,Text
__似__る，__似__顔,に,"［似］六級
音: シ／ジ 訓: に・る／に・せる
意味: 他と同じように見える、また見せる。
(他と)ほぼ同じ、～のよう。
継(つ)ぐ、後を継ぐ、同「嗣」(「以前と同じように後に続く」の意)。",似 → JPDB Kanji Freq: 453,漢字の読みを入力してください,Text
__隠__れる，雲__隠__れ，__隠__す,かく,"［隠］四級
音: イン／オン 訓: かく・す／かく・れる
意味: (逃げて或いは退いて)人目を避ける、人目を憚(はばか)る。
他から見えないようにする、また見えなくなる。
外から見えない、表に出ない。
人知れず思う、人知れない悩みや辛苦シンク。
憂える、陰(かげ)ながら心配する、相手の身になって心を痛める、同「㥯」「懚」。
依(よ)る、寄り掛かる、頼(たよ)りにする、同「𤔌」「㒚」「懚」。
威厳があるさま、重々しいさま。",隠 → JPDB Kanji Freq: 452,漢字の読みを入力してください,Text
__勢__い,いきお,"［勢］六級
音: セイ／セ／ゼイ 訓: いきお・い
意味: 他を押さえ押し退ける力が強いさま、他に大きな影響を及ぼすさま。
物事の変化の様子や程度(「情勢」「時勢」など)、変化のあるものの姿や状態(「姿勢」「形勢」など)。
兵の数、「勢力の大きさ」の意。
男性の性器。",勢 → JPDB Kanji Freq: 451,漢字の読みを入力してください,Text
__険__しい，__険__しさ,けわ,"［険］六級
音: ケン 訓: けわ・しい
意味: 山が高く切り立っているさま、行く手を阻(はば)むように山が高く立ちはだかっているさま、またそのようなところ。
危(あぶ)ない、危(あや)うい状況や困難な状況に遭遇する可能性があるさま。
(地形や状況、態度や言葉などの)先が尖っているさま、とげとげしいさま。",険 → JPDB Kanji Freq: 450,漢字の読みを入力してください,Text
__胸__，__胸__が躍る，__胸__が騒ぐ,むね,"［胸］五級
音: キョウ／ク 訓: むね／むな
意味: 体の前の首の下から腹の上までの部分{人体(胴部)}。
内心ナイシン、心中シンチュウ、「胸の内」の意。",胸 → JPDB Kanji Freq: 449,漢字の読みを入力してください,Text
__胸__板，__胸__糞，__胸__毛，__胸__騒ぎ,むな,"［胸］五級
音: キョウ／ク 訓: むね／むな
意味: 体の前の首の下から腹の上までの部分{人体(胴部)}。
内心ナイシン、心中シンチュウ、「胸の内」の意。",胸 → JPDB Kanji Freq: 449,漢字の読みを入力してください,Text
__横__，__横__流し，__横__顔，__横__たわる,よこ,"［横］八級
音: コウ／オウ 訓: よこ
意味: (垂直に立つ柱に対して)水平に渡した木。
(垂直に対して)水平の方向、(前後に対して)左右の方向、(南北に対して)東西の方向、上下・南北・前後の方向を「縦」。
長く延(の)びているもの(線状のもの)の直角方向、横断(オウダン)。
道筋から外(はず)れる、またはみ出る、道理から外れる。
一面に広がる。",横 → JPDB Kanji Freq: 448,漢字の読みを入力してください,Text
__渡__る，__渡__り，__渡__す，__渡__し,わた,"［渡］四級
音: ト／ド 訓: わた・る／わた・す
意味: 川や海などの水で隔(へだ)てられた対岸に行く、越えて行く、渡河(トカ)、渡江(トコウ)、渡水(トスイ)。
船着き場、対岸に人や物を運ぶ船が発着するところ。
日こちら側から向こう側(或いは逆)へものを移す。
日。",渡 → JPDB Kanji Freq: 447,漢字の読みを入力してください,Text
__去__る，__去__る○日,さ,"［去］八級
音: キョ／コ 訓: さ・る
意味: 今いるところから離れる、また離れて別のところへ行く。
時(時間・月日・時代など)が過ぎる、過ぎてしまった時、過去(カコ)。
今あるものを別のところに移す、また移してそこをあける、取り除く。
ものを今あるところから別のところに移す、しまう、収蔵する、同「弆」。",去 → JPDB Kanji Freq: 446,漢字の読みを入力してください,Text
__青__い，__青__さ，__青__，__青__ざめる,あお,"［青］十級
音: セイ／ショウ 訓: あお／あお・い
意味: 植物などの芽生えの時の若々しく瑞瑞(みずみず)しい色、緑(みどり)色、またその色の名。
濃い色でくすみがなく瑞瑞しい深緑(ふかみどり)、紺(コン)・藍(あい)色などの色。
瑞瑞しい、若々しい、幼い。
五色(青・赤・黄・白・黒)の一つで五行の「東」「木」に当てる{五行}。
竹簡チクカンに記された文書・記録。
あお、あおへん、部首名。",青 → JPDB Kanji Freq: 445,漢字の読みを入力してください,Text
__治__る，__治__す,なお,"［治］七級
音: チ／ジ 訓: おさ・める／おさ・まる／なお・す／なお・る
意味: 氾濫ハンランを防いだり水を利用しやすくするために川の流れを変える、筋(すじ)を通す、同「理」。
手を加えて乱れがないようにする、また秩序ある状態にする、また安定させる、またあるべき状態にする、また元通りにする、同「乿」。
管理する、制御する、調整する。",治 → JPDB Kanji Freq: 444,漢字の読みを入力してください,Text
__治__める，__治__まる,おさ,"［治］七級
音: チ／ジ 訓: おさ・める／おさ・まる／なお・す／なお・る
意味: 氾濫ハンランを防いだり水を利用しやすくするために川の流れを変える、筋(すじ)を通す、同「理」。
手を加えて乱れがないようにする、また秩序ある状態にする、また安定させる、またあるべき状態にする、また元通りにする、同「乿」。
管理する、制御する、調整する。",治 → JPDB Kanji Freq: 444,漢字の読みを入力してください,Text
"__腕__，__腕__前，細__腕__
__腕__を返す","うで,かいな","［腕］四級
音: ワン 訓: うで
意味: 手首、臂(ヒ)(日本でいう「腕」)」と「手」を繋ぐ関節部分、同「𢮘」{人体(上肢)}。
技量、力量。
手腕(シュワン)手首技量、力量、能力。
日肩口から手首までの部分(「臂」という)。",腕 → JPDB Kanji Freq: 443,漢字の読みを入力してください,Text
__程__，成る__程__，__程__遠い，身の__程__,ほど,"［程］六級
音: テイ／ジョウ 訓: ほど
意味: ものの大小・長短・軽重・強弱・優劣などをはかる(測る・量る・計る)際の基準・規格。
一定の決まり・手順・方法。
定まっている基準・規格・決まり・区切り・手順・方法に則ってはかる、またその度合、程度(テイド)。
進む道の順路、一区切り(宿場から次の宿場まで)の距離、進んだ度合、行程(コウテイ)、旅程(リョテイ)。
日ほど、～くらい、凡(おおよ)そ～。",程 → JPDB Kanji Freq: 442,漢字の読みを入力してください,Text
__千__草，__千__々に,ち,"［千］十級
音: セン 訓: ち
意味: 百の十倍、キロkilo{数字}。
数や回数が非常に(十・百よりも)多いさま。
秋千(シュウセン)、ぶらんこ、同「鞦韆」。",千 → JPDB Kanji Freq: 441,漢字の読みを入力してください,Text
__読__む，__読__み,よ,"［読］九級
音: トク／ドク／トウ／ズ 訓: よ・む
意味: 文章を内容が理解しやすいように区切りながら抑揚ヨクヨウをつけながら声に出す。
文の中に置く読みの区切り、「、」で表す、コンマcomma、読点・逗点(トウテン)、文の区切りは、句点(クテン)といい「。」で表す。
日意味を理解する、推測する、察する。",読 → JPDB Kanji Freq: 440,漢字の読みを入力してください,Text
__熱__い，__熱__さ,あつ,"［熱］七級
音: ゼツ／ネツ／ネチ 訓: あつ・い
意味: 火に温められて立ち昇る温気や蒸気。
火に当たって温度が高くなる、太陽の熱によって気温が上がるのは「暑」。
火照(ほて)る。
盛んになる、夢中になる。",熱 → JPDB Kanji Freq: 439,漢字の読みを入力してください,Text
"__熱__り立つ
〘自五〙激しく怒って興奮する。「不公平判定に―・つ」",いき,"［熱］七級
音: ゼツ／ネツ／ネチ 訓: あつ・い
意味: 火に温められて立ち昇る温気や蒸気。
火に当たって温度が高くなる、太陽の熱によって気温が上がるのは「暑」。
火照(ほて)る。
盛んになる、夢中になる。",熱 → JPDB Kanji Freq: 439,漢字の読みを入力してください,Text
"民，無辜の__民__
〔文〕（世の中のふつうの）人々。
「遊牧の━」",たみ,"［民］七級
音: ビン／ミン 訓: たみ
意味: (支配者層に属する人を除く)一般の人。
人(ひと)、人達(ひとたち)。",民 → JPDB Kanji Freq: 438,漢字の読みを入力してください,Text
__破__れる，__破__れ，__破__る，型__破__り,やぶ,"［破］六級
音: ハ 訓: やぶ・る／やぶ・れる
意味: 石を砕(くだ)く。
壊(こわ)す、壊れる、本来の形や状態でなくなる。
限界(区切りとなる線や面)を突き抜ける、突いて穴をあける。
敵の防御線を突き抜ける、敵を打ち負かす。
やり抜く、やり果たす、使い果たす。",破 → JPDB Kanji Freq: 437,漢字の読みを入力してください,Text
__囲__む，__囲__み，__囲__う，__囲__い,かこ,"［囲］六級
音: イ／エ 訓: かこ・む／かこ・う
意味: 四周を取り巻く。
外から中に入らないように或いは中から外に出ないように周(まわ)りに設けられた区切り。
長さの単位、両手を広げた長さ、一抱(ひとかか)え。",囲 → JPDB Kanji Freq: 436,漢字の読みを入力してください,Text
__城__，__城__跡,しろ,"［城］七級
音: セイ／ジョウ 訓: しろ
意味: 外敵からの攻撃を防ぐために都市(日本の城下町に当たる)を囲むように築かれた高い壁、またその壁で囲まれた都市、二重に壁を巡(めぐ)らせてある場合は、内側を「城」、外側を、郭(カク)、外城(ガイジョウ)という。
日外敵からの攻撃を防くために石垣や濠(ほり)などを廻らせた構築物、また石垣や濠(ほり)などで囲まれた一画。",城 → JPDB Kanji Freq: 434,漢字の読みを入力してください,Text
__周__り,まわ,"［周］七級
音: シュウ／シュ／ス 訓: まわ・り
意味: 囲いの境目、一回り、一回りする、一巡する。
隅々まで漏れなく行き渡る。
漏れがないさま、緻密な。
前11世紀頃から八百年以上続いた王朝、別名「西周」{周(西周)代}。
南北朝時代の王朝、別名「北周」{南北朝時代}。",周 → JPDB Kanji Freq: 433,漢字の読みを入力してください,Text
__久__しい，__久__々,ひさ,"［久］六級
音: キュウ／ク 訓: ひさ・しい
意味: 長い時間が経っている。
長い間同じような状態で続いている。
灸を据える、同「灸」。",久 → JPDB Kanji Freq: 432,漢字の読みを入力してください,Text
__降__る，大__降__り,ふ,"［降］五級
音: コウ／ゴウ 訓: お・りる／お・ろす／ふ・る
意味: 下(くだ)る、高いところから低いところに移る。
下(お)りる、下りて来る、上から下に落ちる。
下(さ)げる、下(お)ろす、低くする、降伏(コウフク)(姿勢を低くし或いは盛服を脱いで相手に恭順の意を示すこと)」。
降服(コウフク)盛服セイフク(正装・盛装用の衣装)を脱(ぬ)ぐこと盛服を脱いで謝罪の意を示すこと盛服を脱ぎ素服ソフク(白或いは柄がらのない衣服、普段着)に着替えること。",降 → JPDB Kanji Freq: 431,漢字の読みを入力してください,Text
__降__ろす，__降__りる，乗り__降__り,お,"［降］五級
音: コウ／ゴウ 訓: お・りる／お・ろす／ふ・る
意味: 下(くだ)る、高いところから低いところに移る。
下(お)りる、下りて来る、上から下に落ちる。
下(さ)げる、下(お)ろす、低くする、降伏(コウフク)(姿勢を低くし或いは盛服を脱いで相手に恭順の意を示すこと)」。
降服(コウフク)盛服セイフク(正装・盛装用の衣装)を脱(ぬ)ぐこと盛服を脱いで謝罪の意を示すこと盛服を脱ぎ素服ソフク(白或いは柄がらのない衣服、普段着)に着替えること。",降 → JPDB Kanji Freq: 431,漢字の読みを入力してください,Text
"__奴__め，__奴__ら，__奴__め，__奴__ばら
__奴__だこ，__奴__さん","やつ,やっこ","［奴］四級
音: ド／ヌ 訓: やつ／め／やっこ
意味: 卑(いや)しい、身分が低い、同「㚢」。
やつ、め、人を卑しめて言う語。
やつがれ、自分を謙(へりくだ)って言う語。
(特に男性の)召使い、使用人、女性は「婢」。
日やっこ、武家の下僕。",奴 → JPDB Kanji Freq: 430,漢字の読みを入力してください,Text
__申__す，__申__し上げる,もう,"［申］八級
音: シン 訓: さる／もう・す
意味: さる、十二支の九番目、時刻では午後四時を中心とした二時間、方角では西南西、動物ではサル猿を当てる{十二支}。
伸ばす、折れたり曲がっているものをまっすぐにする、同「伸」。
引き締める、しっかりと縛(しば)る、固く結ぶ、申命(シンメイ)(しっかりと命ずる、堅く命ずる)」。
(特に上位者に対して、身なりを整えて)述べる、説明する",申 → JPDB Kanji Freq: 429,漢字の読みを入力してください,Text
__村__，__村__里，__村__芝居,むら,"［村］十級
音: ソン 訓: むら
意味: 都から遠く離れた田舎(いなか)の集落、同「邨」「屯」。
田舎染みたさま。",村 → JPDB Kanji Freq: 428,漢字の読みを入力してください,Text
__宮__，__宮__様，__宮__城,みや,"［宮］八級
音: キュウ／ク／グウ 訓: みや
意味: 外から見えないように周りを囲った住居、またその居室。
天子や天皇の住まい、またそこに住む人、古くは住居一般を指したが、秦の始皇帝が「宮」を高位の人の住むところに限定したという。
天子や天皇に関する物事を指す語
神殿、宗廟
古代五音ゴイン(宮・商・角・徴・羽)の一つ{音楽(音階)}。
守宮(シュキュウ)、ヤモリ守宮、ヤモリ科の爬虫類の総称、別名、蝎虎(カツコ)、壁虎(ヘキコ)。
、宮刑(キュウケイ)、男子を去勢する刑罰、同「𦞨」。",宮 → JPDB Kanji Freq: 427,漢字の読みを入力してください,Text
__円__やか，__円__か,"まろ,まど","［円］十級
音: エン 訓: まる／まる・い／まどか／まろ・やか
意味: 丸い形、中心から等距離にある全ての点を順に結んだ線が成す形。
丸い、角(かど)がない、尖(とが)ったところがない。
丸くなる、丸く纏(まと)まる、誰にとっても満足できる、どこをとっても欠けているところがない。
日日本の通貨の単位。",円 → JPDB Kanji Freq: 426,漢字の読みを入力してください,Text
__円__い，__円__さ，__円__み,まる,"［円］十級
音: エン 訓: まる／まる・い／まどか／まろ・やか
意味: 丸い形、中心から等距離にある全ての点を順に結んだ線が成す形。
丸い、角(かど)がない、尖(とが)ったところがない。
丸くなる、丸く纏(まと)まる、誰にとっても満足できる、どこをとっても欠けているところがない。
日日本の通貨の単位。",円 → JPDB Kanji Freq: 426,漢字の読みを入力してください,Text
__際__，__際__立つ，窓__際__,きわ,"［際］六級
音: セイ／サイ 訓: きわ
意味: 他と触(ふ)れ合う、付き合う、交際(コウサイ)(交わり接すること、付き合うこと)」。
他と合(あ)わさるところ、接するところ、境目、、水際(スイサイ)(みずぎわ)」、無際(ムサイ)(境目がどこか見分けがつかない、限りがない)」。
～にさい・して、～の時に、～するに当たって。",際 → JPDB Kanji Freq: 425,漢字の読みを入力してください,Text
今__際__，今__際__の際，今__際__の国のアリス,わ,"［際］六級
音: セイ／サイ 訓: きわ
意味: 他と触(ふ)れ合う、付き合う、交際(コウサイ)(交わり接すること、付き合うこと)」。
他と合(あ)わさるところ、接するところ、境目、、水際(スイサイ)(みずぎわ)」、無際(ムサイ)(境目がどこか見分けがつかない、限りがない)」。
～にさい・して、～の時に、～するに当たって。",際 → JPDB Kanji Freq: 425,漢字の読みを入力してください,Text
__保__つ,たも,"［保］六級
音: ホウ／ホ 訓: たも・つ
意味: (子供などを)大切に守り育てる、保護(ホゴ)。
傍(そば)に付き添い助け守る、保母(ホボ)、傍に付き添いながら助言・教育する、太保(タイホ)(古代の官職名)」。
(他からの侵害や関与などを防ぎ)守る、そのままの状態を維持する、、保守(ホシュ)。
(約束などを)変えずに守る、変わらないように守る、、保証(ホショウ)。",保 → JPDB Kanji Freq: 424,漢字の読みを入力してください,Text
__病__，__病__は気から，__病__膏肓に入る,やまい,"［病］八級
音: ヘイ／ビョウ 訓: や・む／やまい
意味: 体調や精神状態が正常でなくなる。
不調なさま、普段の或いは正常な状態でないさま。
体や心を痛める、憂える、苦しむ。",病 → JPDB Kanji Freq: 423,漢字の読みを入力してください,Text
__病__む，__病__み付き,や,"［病］八級
音: ヘイ／ビョウ 訓: や・む／やまい
意味: 体調や精神状態が正常でなくなる。
不調なさま、普段の或いは正常な状態でないさま。
体や心を痛める、憂える、苦しむ。",病 → JPDB Kanji Freq: 423,漢字の読みを入力してください,Text
〔雅〕__抱__く,いだ,"［抱］四級
音: ホウ／ボウ 訓: かか・える／だ・く／いだ・く
意味: 腕を回し胸の中に入れる、中に包み込む。
胸に(心に)考え・思いを持つ、同「懷」。",抱 → JPDB Kanji Freq: 422,漢字の読みを入力してください,Text
__抱__く,だ,"［抱］四級
音: ホウ／ボウ 訓: かか・える／だ・く／いだ・く
意味: 腕を回し胸の中に入れる、中に包み込む。
胸に(心に)考え・思いを持つ、同「懷」。",抱 → JPDB Kanji Freq: 422,漢字の読みを入力してください,Text
__抱__える，一__抱__え,かか,"［抱］四級
音: ホウ／ボウ 訓: かか・える／だ・く／いだ・く
意味: 腕を回し胸の中に入れる、中に包み込む。
胸に(心に)考え・思いを持つ、同「懷」。",抱 → JPDB Kanji Freq: 422,漢字の読みを入力してください,Text
__難__い，見__難__い,にく,"［難］五級
音: ダン／ナン／ダ／ナ 訓: むずか・しい／かた・い
意味: 思いの通りにいかない(ならない)、～するのは容易でない、～しにくい、～しづらい、同「艱」。
災(わざわ)い、禍カ(わざわい)、手の施(ほどこ)しようのない(思い通りにはならない)災い。
やりにくい～、厄介ヤッカイな～、面倒な～。
(返答・対応が困難になるような)強い調子で(繰り返し)問い詰(つ)める、強く迫(せま)る、非難(ヒナン)。
鳥(とり)、鳥名、未詳、同「𪄿」「𪅀」。",難 → JPDB Kanji Freq: 419,漢字の読みを入力してください,Text
__難__しい，__難__しさ,"むずか,むつか","［難］五級
音: ダン／ナン／ダ／ナ 訓: むずか・しい／かた・い
意味: 思いの通りにいかない(ならない)、～するのは容易でない、～しにくい、～しづらい、同「艱」。
災(わざわ)い、禍カ(わざわい)、手の施(ほどこ)しようのない(思い通りにはならない)災い。
やりにくい～、厄介ヤッカイな～、面倒な～。
(返答・対応が困難になるような)強い調子で(繰り返し)問い詰(つ)める、強く迫(せま)る、非難(ヒナン)。
鳥(とり)、鳥名、未詳、同「𪄿」「𪅀」。",難 → JPDB Kanji Freq: 419,漢字の読みを入力してください,Text
許し__難__い，有り__難__い,かた,"［難］五級
音: ダン／ナン／ダ／ナ 訓: むずか・しい／かた・い
意味: 思いの通りにいかない(ならない)、～するのは容易でない、～しにくい、～しづらい、同「艱」。
災(わざわ)い、禍カ(わざわい)、手の施(ほどこ)しようのない(思い通りにはならない)災い。
やりにくい～、厄介ヤッカイな～、面倒な～。
(返答・対応が困難になるような)強い調子で(繰り返し)問い詰(つ)める、強く迫(せま)る、非難(ヒナン)。
鳥(とり)、鳥名、未詳、同「𪄿」「𪅀」。",難 → JPDB Kanji Freq: 419,漢字の読みを入力してください,Text
__探__す,さが,"［探］五級
音: タン／トン 訓: さぐ・る／さが・す
意味: さぐ・る、奥まで手を伸ばし入れて確かめる、また調べる。
さが・す、遠くまで出かけて確かめる、また調べる。
尋(たず)ねる、尋ね求める。",探 → JPDB Kanji Freq: 418,漢字の読みを入力してください,Text
__探__る，__探__り,さぐ,"［探］五級
音: タン／トン 訓: さぐ・る／さが・す
意味: さぐ・る、奥まで手を伸ばし入れて確かめる、また調べる。
さが・す、遠くまで出かけて確かめる、また調べる。
尋(たず)ねる、尋ね求める。",探 → JPDB Kanji Freq: 418,漢字の読みを入力してください,Text
__危__ない，__危__ながる,あぶ,"［危］五級
音: ギ／キ 訓: あぶ・ない／あや・うい／あや・うく／あや・ぶむ
意味: 高くそそり立つさま。
高くそそり立った山や崖の上から今にもものが落ちて来そうなさま、高くそそり立った山や崖から落ちそうになるさま、身に害が及ぶのではないかと不安を感じるさま。
今にも、もう少しのところで。
二十八宿北方玄武ゲンブの第五宿{二十八宿}。",危 → JPDB Kanji Freq: 416,漢字の読みを入力してください,Text
__危__ぶむ，__危__うい，__危__うく,あや,"［危］五級
音: ギ／キ 訓: あぶ・ない／あや・うい／あや・うく／あや・ぶむ
意味: 高くそそり立つさま。
高くそそり立った山や崖の上から今にもものが落ちて来そうなさま、高くそそり立った山や崖から落ちそうになるさま、身に害が及ぶのではないかと不安を感じるさま。
今にも、もう少しのところで。
二十八宿北方玄武ゲンブの第五宿{二十八宿}。",危 → JPDB Kanji Freq: 416,漢字の読みを入力してください,Text
"__太々__しい
堂々と、〈無礼／反抗的〉にふるまうようすだ。
「━態度」",ふて,"［太］九級
音: タイ／タ／ダ 訓: ふと・い／ふと・る
意味: 大きい、同「大」。
甚(はなは)だしい、非常に、極めて、あまりにも～過ぎる、同「泰」、「太」は「泰」の略字。
日ふと・い、ふと・る、肥えている、ふっくらとしている。",太 → JPDB Kanji Freq: 414,漢字の読みを入力してください,Text
__太__る，__太__い,ふと,"［太］九級
音: タイ／タ／ダ 訓: ふと・い／ふと・る
意味: 大きい、同「大」。
甚(はなは)だしい、非常に、極めて、あまりにも～過ぎる、同「泰」、「太」は「泰」の略字。
日ふと・い、ふと・る、肥えている、ふっくらとしている。",太 → JPDB Kanji Freq: 414,漢字の読みを入力してください,Text
__再__び,ふたた,"［再］六級
音: サイ／サ 訓: ふたた・び
意味: 同じことが更にもう一度繰り返される、もう一度、二度、二回、二重。",再 → JPDB Kanji Freq: 413,漢字の読みを入力してください,Text
__器__，__器__の大きい,うつわ,"［器］
音:  訓: 
意味: ",器 → JPDB Kanji Freq: 412,漢字の読みを入力してください,Text
__泣__く，__泣__き沈む,な,"［泣］七級
音: キュウ／コウ 訓: な・く
意味: (嘆き・悲しみ・苦しみ・喜びなどの感情の高揚に伴って)声を出さずに(或いは細く微かな声を出しながら)涙を流す、声を張り上げて泣くのは「哭」。
涙(なみだ)",泣 → JPDB Kanji Freq: 411,漢字の読みを入力してください,Text
__居__る，芝__居__,"い,お","［居］六級
音: キョ／コ 訓: い・る／お・る
意味: 座る、腰を据(す)える、腰を落ち着ける、またその場所。
長く腰を落ち着けて住む、住まい。
一定の場所を占める、存在する。
貯(たくわ)える、得たものを置いておく。",居 → JPDB Kanji Freq: 410,漢字の読みを入力してください,Text
__恐__ろしい，__恐__れる，__恐__れ，__恐__らく,おそ,"［恐］四級
音: キョウ／ク 訓: おそ・れる／おそ・れ／おそ・らく／こわ・い
意味: おそ・れる、危害や不幸が及ぶかもしれないとびくびくする、また心配する、また不安になる。
おそ・らく、おそ・れ、多分、～となるかもしれない、好ましくない状態になる可能性がある。",恐 → JPDB Kanji Freq: 409,漢字の読みを入力してください,Text
__触__る,さわ,"［触］四級
音: ショク／ソク 訓: ふ・れる／さわ・る
意味: 角(つの)の先端が当たる、尖(とが)ったものの先端が軽く当たる、同「𧢻」。
一部分(全体の中のある限られた部分、狭い部分)に当たる、また押し当てる。
法で禁じられた事項に相当する。",触 → JPDB Kanji Freq: 408,漢字の読みを入力してください,Text
__触__れる,ふ,"［触］四級
音: ショク／ソク 訓: ふ・れる／さわ・る
意味: 角(つの)の先端が当たる、尖(とが)ったものの先端が軽く当たる、同「𧢻」。
一部分(全体の中のある限られた部分、狭い部分)に当たる、また押し当てる。
法で禁じられた事項に相当する。",触 → JPDB Kanji Freq: 408,漢字の読みを入力してください,Text
__深__める，__深__まる，__深__い，__深__入り，__深__み,ふか,"［深］八級
音: シン 訓: ふか・い／み
意味: 水面から底までの距離が大きい、入口から奥までが遠い、表面から内部に大きく入り込んでいる。
基準とする時や時間から長い時や時間が経(た)つ、深夜(シンヤ)、深秋(シンシュウ)。
(色・交際・考え・意味などが)濃密な、濃い、奥行きがある。
甚(はなは)だ、非常に、とても。",深 → JPDB Kanji Freq: 407,漢字の読みを入力してください,Text
"__深__山
①山を美しく言うことば。
②ふかい山。",み,"［深］八級
音: シン 訓: ふか・い／み
意味: 水面から底までの距離が大きい、入口から奥までが遠い、表面から内部に大きく入り込んでいる。
基準とする時や時間から長い時や時間が経(た)つ、深夜(シンヤ)、深秋(シンシュウ)。
(色・交際・考え・意味などが)濃密な、濃い、奥行きがある。
甚(はなは)だ、非常に、とても。",深 → JPDB Kanji Freq: 407,漢字の読みを入力してください,Text
__寄__る，近__寄__る，身__寄__り，__寄__せる，人__寄__せ,よ,"［寄］六級
音: キ 訓: よ・る／よ・せる
意味: 他のものを頼りにする、他のものに凭(もた)れ掛かる。
託(たく)する、他人(ひと)に預(あず)ける、委(ゆだ)ねる、寄託(キタク)、寄命(キメイ)(命を託す、命を預ける)」。
他家に身を預ける、住まわせてもらう、、寄居(キキョ)、寄宿(キシュク)。
送る、送り届ける、、寄書(キショ)(手紙を送る)」。
日近付く、近付ける、「近寄る」。
日。",寄 → JPDB Kanji Freq: 406,漢字の読みを入力してください,Text
__共__に，__共__々，__共__食い,とも,"［共］七級
音: キョウ／ク／クウ／グ 訓: とも／ども／とも・に
意味: 両手を胸の前で組む、同「拱」。
両手で物を捧(ささ)げ持つ、恭(うやうや)しく捧げ持つ、同「供」「恭」。
～と一緒に、～と同じに。
一緒に～する。
合わせて、全部で。",共 → JPDB Kanji Freq: 404,漢字の読みを入力してください,Text
__差__す,さ,"［差］七級
音: サ／シャ／サイ／セ 訓: さ・す
意味: 𢀩。",差 → JPDB Kanji Freq: 403,漢字の読みを入力してください,Text
__町__，__町__外れ,まち,"［町］十級
音: テイ／チョウ 訓: まち
意味: 田畑を区切る細い道、土を盛って人が通れるように平らにした畦道(あぜみち)、同「圢」「䵺」。
町疃(テイタン)、町や村の外(はず)れで、シカ鹿などの動物が出没する普段は人が行かないようなところ、同「𤲖疃」。
日市街、「市」よりも小さく「村」よりも大きい行政上の区画。
日。",町 → JPDB Kanji Freq: 402,漢字の読みを入力してください,Text
__北__，__北__風，__北__半球,きた,"［北］九級
音: ホク 訓: きた
意味: 東トウ(ひがし、太陽が昇る方角)に向いたときに左の方角、右の方角を「南」。
背(そむ)ける、背(せ)を向ける、背(そむ)く、同「背」。
逃(に)げる、「敵に背を見せて走る」の意。",北 → JPDB Kanji Freq: 398,漢字の読みを入力してください,Text
__忘__れる，物__忘__れ,わす,"［忘］五級
音: ボウ／モウ 訓: わす・れる
意味: 知っていたこと・覚えていたこと・為すべきことを思い出せない、失念する。",忘 → JPDB Kanji Freq: 397,漢字の読みを入力してください,Text
"__精__げる
〔古風〕〔玄米などを〕ついて白くする。精白する。
「米を━」",しら,"［精］六級
音: セイ／ショウ 訓: くわ・しい
意味: 選(え)りすぐられた透き通るように真っ白な米。
選りすぐる、よいものだけを選ぶ。
瑕(きず)や汚れがない、濁りや混じり気がない。
瑕や濁りを取り去ったもの、清らかなさま、澄んでいるさま。
よく手が行き届いている(粗雑なところが取り除かれている)さま、肌理(きめ)細やかなさま、精密(セイミツ)。
細かい、詳(くわ)しい、精通(セイツウ)。
生命や活力の根源、精気(セイキ)。
(蔽っているものや汚れや傷を取り除いた)人や物の中にある本質的・中核的なもの、精神(セイシン)。
物の怪(もののけ)、妖怪、精霊(セイレイ・ショウリョウ)。",精 → JPDB Kanji Freq: 397,漢字の読みを入力してください,Text
__務__める，__務__め，__務__まる,つと,"［務］六級
音: ブ／ム 訓: つと・め／つと・める
意味: 成すべきこと、ひたすら力を
努(つと)める、成すべきことにひたすら力を尽くす、同「敄」。
強(し)いて、押して、無理にでも。",務 → JPDB Kanji Freq: 394,漢字の読みを入力してください,Text
__浮__く，__浮__き，__浮__世絵，__浮__かれる，__浮__かべる，__浮__かぶ,う,"［浮］四級
音: フウ／ブ／フ 訓: う・く／う・かぶ／う・かべる／う・かれる／うわ・つく
意味: 水中にあるものが水面に出てくる、下にあるものが空中を上に移動する。
水面に留(とど)まる、空中に留まる、水面で水の流れのままに漂う、空中で空気の動き(風)のままに漂う。
普段は内側にあるものが表に現れ出る。
周りの動きに任せてふわふわと(ふらふらと)漂い定まらないさま。
ふわふわと軽々しい、頼りない。
上辺(うわべ)だけの、根拠や内容のない。
その時だけの、仮の。",浮 → JPDB Kanji Freq: 392,漢字の読みを入力してください,Text
__訳__，内__訳__，申し__訳__,わけ,"［訳］五級
音: エキ／ヤク 訓: わけ
意味: 言葉・文章や文字を、意味が通じるように(理解できるように、分かりやすいように)他の(別の)言葉・文章や文字に置き換える(言い換える)、またそれができる人(通訳)。
日(そうすることの)意味、(そうなった)理由や事情。",訳 → JPDB Kanji Freq: 391,漢字の読みを入力してください,Text
__試__す，肝__試__し，__試__し,ため,"［試］七級
音: シ 訓: こころ・みる／ため・す
意味: 先(ま)ずはしてみる、また使ってみる、試用(シヨウ)。",試 → JPDB Kanji Freq: 390,漢字の読みを入力してください,Text
__試__みる，__試__み,こころ,"［試］七級
音: シ 訓: こころ・みる／ため・す
意味: 先(ま)ずはしてみる、また使ってみる、試用(シヨウ)。",試 → JPDB Kanji Freq: 390,漢字の読みを入力してください,Text
__押__す，__押__し，__押__さえる，__押__さえ,お,"［押］四級
音: オウ／ヨウ 訓: お・す／おさ・える
意味: 手で力を加える、力を加え自由に動けないようにする、勝手に動かないようにする、拘束コウソクする。
署名ショメイする、署名、自署ジショ、押署(オウショ)、花押(カオウ)(草書・崩し字・図案化した字などでの署名)」。
金銭や物品の借りる時に(清算されるまで勝手に処分できない)代わりの金銭や物品を抵当テイトウに入れる、、抵押(テイオウ)。",押 → JPDB Kanji Freq: 388,漢字の読みを入力してください,Text
__有__る，__有__り金,あ,"［有］八級
音: ユウ／ウ 訓: あ・る
意味: 在(あ)る、居(い)る、一定の範囲や場所に存在する、有力(ユウリョク)(力がある)」、稀有(ケウ)(稀にある、稀にしかない)」。
持っている、備わっている、、所有(ショユウ)、固有(コユウ)(本来持っている、それだけに特に備わっている)」。
起こる、生じる、、有事(ユウジ)(事がある、事が起こる)」。
ある状態になってそれが引き続いている、、保有(ホユウ)。
或る～、不特定の人や物事を指す。",有 → JPDB Kanji Freq: 387,漢字の読みを入力してください,Text
__売__れる，__売__れ行き，__売__る，__売__り出す,う,"［売］九級
音: バイ／メ／マイ 訓: う・る
意味: 相手が欲しいと思っているものを渡して金銭(対価)を得る、金銭(対価)を渡して欲しいものを得るのは「買」。",売 → JPDB Kanji Freq: 386,漢字の読みを入力してください,Text
__疲__れる，__疲__れ,つか,"［疲］四級
音: ヒ／ビ 訓: つか・れる
意味: くたびれる、力が出ない、気力がなくなる。",疲 → JPDB Kanji Freq: 383,漢字の読みを入力してください,Text
__速__やかだ,すみ,"［速］八級
音: ソク 訓: はや・い／はや・める／すみ・やか
意味: あっという間に、瞬(またた)く間に、間を置かずに、さっと。
疾(はや)い、あっという間に位置が変わる、また通り過ぎて行く、同「遬」。
間を置かずに動作・反応・対応する。",速 → JPDB Kanji Freq: 382,漢字の読みを入力してください,Text
__速__める，__速__まる，__速__い，__速__さ,はや,"［速］八級
音: ソク 訓: はや・い／はや・める／すみ・やか
意味: あっという間に、瞬(またた)く間に、間を置かずに、さっと。
疾(はや)い、あっという間に位置が変わる、また通り過ぎて行く、同「遬」。
間を置かずに動作・反応・対応する。",速 → JPDB Kanji Freq: 382,漢字の読みを入力してください,Text
__交__わす，飛び__交__う,か,"［交］九級
音: コウ／キョウ 訓: か・わす／まじ・わる／ま・ざる
意味: 形や状態などが＋Ｘ字形(交差する)ような形になるさま、違う方向から進んできたものが一点で出会うさま、交叉コウサするさま、同「䢒」。
互いに行き来し合う、付き合う。
互いに遣(や)り取りする。",交 → JPDB Kanji Freq: 379,漢字の読みを入力してください,Text
__交__わる，__交__わり，__交__える,まじ,"［交］九級
音: コウ／キョウ 訓: か・わす／まじ・わる／ま・ざる
意味: 形や状態などが＋Ｘ字形(交差する)ような形になるさま、違う方向から進んできたものが一点で出会うさま、交叉コウサするさま、同「䢒」。
互いに行き来し合う、付き合う。
互いに遣(や)り取りする。",交 → JPDB Kanji Freq: 379,漢字の読みを入力してください,Text
__交__ぜる，__交__ぜ織り，__交__じる，__交__ざる,ま,"［交］九級
音: コウ／キョウ 訓: か・わす／まじ・わる／ま・ざる
意味: 形や状態などが＋Ｘ字形(交差する)ような形になるさま、違う方向から進んできたものが一点で出会うさま、交叉コウサするさま、同「䢒」。
互いに行き来し合う、付き合う。
互いに遣(や)り取りする。",交 → JPDB Kanji Freq: 379,漢字の読みを入力してください,Text
"__交__々，__交__｟副｠
①〔文〕入れかわり立ちかわり。かわるがわる。
「万感━・━語る」
②〔俗〕正反対のものが入りまじったようす。
「賛否━の意見」","こもごも,こも","［交］九級
音: コウ／キョウ 訓: か・わす／まじ・わる／ま・ざる
意味: 形や状態などが＋Ｘ字形(交差する)ような形になるさま、違う方向から進んできたものが一点で出会うさま、交叉コウサするさま、同「䢒」。
互いに行き来し合う、付き合う。
互いに遣(や)り取りする。",交 → JPDB Kanji Freq: 379,漢字の読みを入力してください,Text
"学びの__園__，花__園__
〔文〕①野菜や花などを植える、ひとくぎりの〈地面／場所〉。
②場所。
「学びの━」",その,"［園］九級
音: エン／オン 訓: その
意味: 周りを垣や柵などで囲った(樹木・果樹などの)畑。
周りを垣や柵などで囲った広い庭、またそのような庭のある邸宅、またそのような場所
高く土を盛った王やその家族の墓
簡「园」。",園 → JPDB Kanji Freq: 378,漢字の読みを入力してください,Text
__許__す，__許__し,ゆる,"［許］六級
音: キョ／コ 訓: ゆる・す／もと／ばか・り
意味: ゆる・す、願いや話を聞き入れる、受け入れる。
ゆる・す、認める。
もと、～のところ(処、所)。
ばか・り、凡(おおよ)そ～、～程(ほど)。
何許(カキョ)何処(いずこ、どこ)、何処の～如何許(いかばかり)り、どれ程。
春秋時代(前770年～前5世紀)の古諸侯国名、現河南省許昌市付近、古くは「鄦」字が使われた。",許 → JPDB Kanji Freq: 377,漢字の読みを入力してください,Text
__許__り,ばか,"［許］六級
音: キョ／コ 訓: ゆる・す／もと／ばか・り
意味: ゆる・す、願いや話を聞き入れる、受け入れる。
ゆる・す、認める。
もと、～のところ(処、所)。
ばか・り、凡(おおよ)そ～、～程(ほど)。
何許(カキョ)何処(いずこ、どこ)、何処の～如何許(いかばかり)り、どれ程。
春秋時代(前770年～前5世紀)の古諸侯国名、現河南省許昌市付近、古くは「鄦」字が使われた。",許 → JPDB Kanji Freq: 377,漢字の読みを入力してください,Text
__座__る，__座__り込み,すわ,"［座］五級
音: サ／ザ 訓: すわ・る／くら
意味: 腰を据(す)える席や場所・位置、座席(ザセキ)。
ものを載せる台。
定まっている位置や場所、星座(セイザ)。
山や建物など(どっしりと据えられているもの)を数える語。
膝を折り腰を下ろす、腰を据える、本来「座」は座るための席や場所・位置を指す語で、「座る」という動作は「坐」。",座 → JPDB Kanji Freq: 376,漢字の読みを入力してください,Text
__瞬__く，__瞬__き,"またた,まばた,しばたた","［瞬］四級
音: シュン 訓: まばた・く／またた・く
意味: 瞼(まぶた)を開閉する。
(まばたきすることで)意図や意思を伝える。
(まばたきのように)明かりが明滅する。
一瞬(イッシュン)、(まばたき一回程の)ほんの僅(わず)かな時間。",瞬 → JPDB Kanji Freq: 375,漢字の読みを入力してください,Text
"__瞬__ぐ｟自五｠
〔文〕まばたきをする。
「━もせずに見つめる」",まじろ,"［瞬］四級
音: シュン 訓: まばた・く／またた・く
意味: 瞼(まぶた)を開閉する。
(まばたきすることで)意図や意思を伝える。
(まばたきのように)明かりが明滅する。
一瞬(イッシュン)、(まばたき一回程の)ほんの僅(わず)かな時間。",瞬 → JPDB Kanji Freq: 375,漢字の読みを入力してください,Text
__攻__める,せ,"［攻］四級
音: コウ／ク 訓: せ・める
意味: こちらから敵に突き掛かる、襲(おそ)い掛かる。
人の過失を突く、また責める。
隅々まで手を加え美しく仕上げる、深く突っ込んで学ぶ。",攻 → JPDB Kanji Freq: 374,漢字の読みを入力してください,Text
__答__える，__答__え,こた,"［答］九級
音: トウ 訓: こたえ／こた・える
意味: 相手からの問い掛けや働き掛けに対して自分の意思を言葉や態度で返す、返事をする。
相手からの問い掛けや働き掛けに応対する、応(こた)える。
相手の心遣いなどに言葉や物で報(むく)いる。
答布(トウフ)、目の粗い厚手の布。",答 → JPDB Kanji Freq: 373,漢字の読みを入力してください,Text
"千__万__
〔雅〕限りなく多いこと。せんまん。
「━の民」",よろず,"［万］九級
音: バン／モン／マン／ボク／モク 訓: よろず
意味: 千の十倍{数字}。
数え切れないほど多いさま、極めて多いさま。
あらゆる、どんなものも、全て。
決して、絶対に、萬萬(バンバン)。
万俟(ボクキ)、姓、同「𢄏俟」、万俟卨(ボクキセツ)(宋代の人、1083年～1157年)」。",万 → JPDB Kanji Freq: 372,漢字の読みを入力してください,Text
"__殿__
①〔文〕軍隊の列の最後にある部隊。
②列のいちばんうしろ。
「━をつとめる・━人気の〔＝いちばん人気がない〕競走馬」",しんがり,"［殿］四級
音: テン／デン 訓: との／どの／しんがり
意味: 高く大きく堂々とした建物、同「壂」、同、堂堭(ドウコウ)。
天子の居住する館、宰相が執務する建物、またそこにいる人に対する敬称。
しんがり、最後尾、(特に軍が退却する際の)軍勢の最後尾。",殿 → JPDB Kanji Freq: 371,漢字の読みを入力してください,Text
○○__殿__,どの,"［殿］四級
音: テン／デン 訓: との／どの／しんがり
意味: 高く大きく堂々とした建物、同「壂」、同、堂堭(ドウコウ)。
天子の居住する館、宰相が執務する建物、またそこにいる人に対する敬称。
しんがり、最後尾、(特に軍が退却する際の)軍勢の最後尾。",殿 → JPDB Kanji Freq: 371,漢字の読みを入力してください,Text
__殿__様，__殿__方,との,"［殿］四級
音: テン／デン 訓: との／どの／しんがり
意味: 高く大きく堂々とした建物、同「壂」、同、堂堭(ドウコウ)。
天子の居住する館、宰相が執務する建物、またそこにいる人に対する敬称。
しんがり、最後尾、(特に軍が退却する際の)軍勢の最後尾。",殿 → JPDB Kanji Freq: 371,漢字の読みを入力してください,Text
__皆__，__皆__さん,みな,"［皆］四級
音: カイ／ケ 訓: みな／みんな
意味: 揃って、一緒に、共に、同「倶」「偕」。
日みな、全て、全部。
日。",皆 → JPDB Kanji Freq: 370,漢字の読みを入力してください,Text
__欲__する,ほっ,"［欲］五級
音: ヨク 訓: ほ・しい／ほっ・する
意味: 望むものを得(え)たいと思う、望むようにしたい(なりたい)と思う、またそれを強く望む、貪欲・貪慾(ドンヨク)、同「慾」。
～しそうである、～になりそうである。",欲 → JPDB Kanji Freq: 368,漢字の読みを入力してください,Text
__欲__しい，__欲__しがる,ほ,"［欲］五級
音: ヨク 訓: ほ・しい／ほっ・する
意味: 望むものを得(え)たいと思う、望むようにしたい(なりたい)と思う、またそれを強く望む、貪欲・貪慾(ドンヨク)、同「慾」。
～しそうである、～になりそうである。",欲 → JPDB Kanji Freq: 368,漢字の読みを入力してください,Text
"__和__やかだ，__和__む
①おだやかになる。なぐ。
「心が━・寒さが━」
②仲よくする。
「妻と━」
③〔俗〕〔「心が」などをともなわない形で〕気持ちがおだやかになる。また、くつろぐ。
「ネコを見ていると━・カフェで━」",なご,"［和］八級
音: カ／ワ／オ 訓: やわ・らぐ／なご・む／なご・やか／あ・える
意味: 大き過ぎず小さ過ぎない、硬過ぎず柔らか過ぎない、暑過ぎず寒過ぎない、釣り合いが取れてちょうどよいさま、程好(ほどよ)いさま、適度なさま。
気に掛ることも気に障ることもなく心穏やかなさま、(調和が取れて)平穏なさま、心地よいさま。
～と～、～と一緒に。
(他のものと調和するように)合わせる。
足し算の答え。
動いた時に音がするようにした飾り、軾ショク(車の前部の手摺)に付ける鈴(すず)、同「鉌」、軛(くびき、牛馬の首に掛けるへ字状の馬具)に立てるように付けた飾りを「鸞」「鑾」{乗物(馬車)}。
日本。",和 → JPDB Kanji Freq: 367,漢字の読みを入力してください,Text
__和__らげる，__和__らぐ,やわ,"［和］八級
音: カ／ワ／オ 訓: やわ・らぐ／なご・む／なご・やか／あ・える
意味: 大き過ぎず小さ過ぎない、硬過ぎず柔らか過ぎない、暑過ぎず寒過ぎない、釣り合いが取れてちょうどよいさま、程好(ほどよ)いさま、適度なさま。
気に掛ることも気に障ることもなく心穏やかなさま、(調和が取れて)平穏なさま、心地よいさま。
～と～、～と一緒に。
(他のものと調和するように)合わせる。
足し算の答え。
動いた時に音がするようにした飾り、軾ショク(車の前部の手摺)に付ける鈴(すず)、同「鉌」、軛(くびき、牛馬の首に掛けるへ字状の馬具)に立てるように付けた飾りを「鸞」「鑾」{乗物(馬車)}。
日本。",和 → JPDB Kanji Freq: 367,漢字の読みを入力してください,Text
"__和__える
野菜・貝・魚などにみそ・ゴマ・酢などをまぜて、料理する。
例: ワカメを酢みそで和える。",あ,"［和］八級
音: カ／ワ／オ 訓: やわ・らぐ／なご・む／なご・やか／あ・える
意味: 大き過ぎず小さ過ぎない、硬過ぎず柔らか過ぎない、暑過ぎず寒過ぎない、釣り合いが取れてちょうどよいさま、程好(ほどよ)いさま、適度なさま。
気に掛ることも気に障ることもなく心穏やかなさま、(調和が取れて)平穏なさま、心地よいさま。
～と～、～と一緒に。
(他のものと調和するように)合わせる。
足し算の答え。
動いた時に音がするようにした飾り、軾ショク(車の前部の手摺)に付ける鈴(すず)、同「鉌」、軛(くびき、牛馬の首に掛けるへ字状の馬具)に立てるように付けた飾りを「鸞」「鑾」{乗物(馬車)}。
日本。",和 → JPDB Kanji Freq: 367,漢字の読みを入力してください,Text
__怖__気，__怖__じける，__怖__気づく，__怖__ず__怖__ず,"おじ,お","［怖］四級
音: フ／ホ 訓: こわ・い／おそ・れる／お・じける
意味: (身に迫って来るものに対して)恐れる、畏(おそ)れる、おどおどする、びくびくする、身を竦(すく)ませる、同「惶」。
お・じける、恐れで身が竦む。",怖 → JPDB Kanji Freq: 364,漢字の読みを入力してください,Text
__怖__い，__怖__がる,こわ,"［怖］四級
音: フ／ホ 訓: こわ・い／おそ・れる／お・じける
意味: (身に迫って来るものに対して)恐れる、畏(おそ)れる、おどおどする、びくびくする、身を竦(すく)ませる、同「惶」。
お・じける、恐れで身が竦む。",怖 → JPDB Kanji Freq: 364,漢字の読みを入力してください,Text
__品__，__品__物，手__品__,しな,"［品］八級
音: ヒン／ホン 訓: しな
意味: 物(もの)、多くの物、様々な物。
もの(人や物)の本質・価値・程度を判断する。
ものの値打ち、また価値、また程度・等級。",品 → JPDB Kanji Freq: 363,漢字の読みを入力してください,Text
__幸__，__幸__あれ,さち,"［幸］八級
音: コウ／ギョウ 訓: さいわ・い／しあわ・せ／さち
意味: 凶事を免れて運が良いさま、同「倖」。
(思い掛けない)喜ばしいことや良いこと、またそれが起きること、またその状態。
願う、希望する。
天子の寵愛を受ける、「寵愛を受けられるのは幸い」の意。
天子が他の地を訪れること、「天子にのお出ましいただくのは幸い」の意。",幸 → JPDB Kanji Freq: 362,漢字の読みを入力してください,Text
__幸__せ，__幸__せな人,しあわ,"［幸］八級
音: コウ／ギョウ 訓: さいわ・い／しあわ・せ／さち
意味: 凶事を免れて運が良いさま、同「倖」。
(思い掛けない)喜ばしいことや良いこと、またそれが起きること、またその状態。
願う、希望する。
天子の寵愛を受ける、「寵愛を受けられるのは幸い」の意。
天子が他の地を訪れること、「天子にのお出ましいただくのは幸い」の意。",幸 → JPDB Kanji Freq: 362,漢字の読みを入力してください,Text
__幸__い，__幸__いな事,さいわ,"［幸］八級
音: コウ／ギョウ 訓: さいわ・い／しあわ・せ／さち
意味: 凶事を免れて運が良いさま、同「倖」。
(思い掛けない)喜ばしいことや良いこと、またそれが起きること、またその状態。
願う、希望する。
天子の寵愛を受ける、「寵愛を受けられるのは幸い」の意。
天子が他の地を訪れること、「天子にのお出ましいただくのは幸い」の意。",幸 → JPDB Kanji Freq: 362,漢字の読みを入力してください,Text
__常__夏，__常__しえ,とこ,"［常］六級
音: ショウ／ジョウ 訓: つね／つね・に／とこ
意味: 何時も、何時もと変わらない。
変わることなく一定の、長い間変わることがない。
普通の、一般的な。
長さの単位、1常=2尋、1尋=8尺、「尋常」は「普通の、一般的な」の意。
五常(ゴジョウ)、人が常に重んずべき五つの徳目(仁・義・礼・智・信)。",常 → JPDB Kanji Freq: 361,漢字の読みを入力してください,Text
__常__，__常__に，__常__々,つね,"［常］六級
音: ショウ／ジョウ 訓: つね／つね・に／とこ
意味: 何時も、何時もと変わらない。
変わることなく一定の、長い間変わることがない。
普通の、一般的な。
長さの単位、1常=2尋、1尋=8尺、「尋常」は「普通の、一般的な」の意。
五常(ゴジョウ)、人が常に重んずべき五つの徳目(仁・義・礼・智・信)。",常 → JPDB Kanji Freq: 361,漢字の読みを入力してください,Text
__望__む，__望__み，__望__ましい,のぞ,"［望］七級
音: ボウ／モウ 訓: のぞ・む／もち
意味: 待っている人や物事の到着をまだかまだかと待つ、期待する、そうなって欲しいと思う。
(待ち望む方を)見やる、遠くを見やる。
仰ぎ見る、他から仰ぎ見られる。
もち、陰暦の十五日、満月の日。",望 → JPDB Kanji Freq: 359,漢字の読みを入力してください,Text
__計__る，__計__らう，__計__らい,はか,"［計］九級
音: ケイ／ケ 訓: はか・る／はか・らう／はか・り／ばか・り
意味: ものの大小・多少を数(かぞ)える、また測(はか)る、また見積もる、見当をつける。
謀(はか)る、(あることについて、あることをするに先立って)どうしたらよいか(どういう方法がよいか)考える。
凡(おおよ)そ、概(おおむ)ね。
日～ばかり、～だけ。",計 → JPDB Kanji Freq: 358,漢字の読みを入力してください,Text
__広__い，__広__がる・拡がる，__広__げる,ひろ,"［広］九級
音: コウ 訓: ひろ・い／ひろ・がる／ひろ・める
意味: 周りに壁がなく天井が高い大きな建物、周りに遮(さえぎ)るものがなく大きく開(ひら)けているところ。
中心から外方向に大きい、四方八方に行き渡る。
左右・東西など横方向に大きい。",広 → JPDB Kanji Freq: 357,漢字の読みを入力してください,Text
__火__影，__火__照る,ほ,"［火］十級
音: カ 訓: ひ／ほ
意味: ものが燃える時に発生する光や色や炎や熱など。
ものが赤々と燃える、また焼く。
(火が勢いよく燃えるように、また顔を紅潮させて)怒る、(火が弾けるように)突然怒り出す。
(火が激しい勢いで燃え広がるように)差し迫ったさま。
五行(木・火・土・金・水)の一つ{五行}。
十二章紋の一つ{服飾(十二章紋)}。
七曜(日月火水木金土)の一つ。
軍隊で十人の兵で組織された隊、唐代ではで一火(兵十人)ごとに隊長を置き、五火を一団とした。
ひ、部首名。",火 → JPDB Kanji Freq: 356,漢字の読みを入力してください,Text
__火__，__火__花，炭__火__,ひ,"［火］十級
音: カ 訓: ひ／ほ
意味: ものが燃える時に発生する光や色や炎や熱など。
ものが赤々と燃える、また焼く。
(火が勢いよく燃えるように、また顔を紅潮させて)怒る、(火が弾けるように)突然怒り出す。
(火が激しい勢いで燃え広がるように)差し迫ったさま。
五行(木・火・土・金・水)の一つ{五行}。
十二章紋の一つ{服飾(十二章紋)}。
七曜(日月火水木金土)の一つ。
軍隊で十人の兵で組織された隊、唐代ではで一火(兵十人)ごとに隊長を置き、五火を一団とした。
ひ、部首名。",火 → JPDB Kanji Freq: 356,漢字の読みを入力してください,Text
__普__く,あまね,"［普］四級
音: ホ／フ 訓: あまね・く
意味: 太陽の光がどこにも一様に偏(かたよ)りなく降り
偏りがないさま、一様にどこまでも行き渡るさま。",普 → JPDB Kanji Freq: 355,漢字の読みを入力してください,Text
__石__，小__石__,いし,"［石］十級
音: セキ／ジャク／コク／シャク 訓: いし
意味: 地殻を構成する鉱物で硬(かた)く塊(かたまり)状をしたもの、堅く塊状をしたもの、多く岩(いわ、山のように大きな石)よりも小さく、砂(すな、小さな粒状の石)よりも大きい塊を指す。
それに文字を彫り込んだもの、碑ヒ(いしぶみ)。
またそれを使った治療用の針、砭ヘン(いしばり、石針)。
またそれを使った打楽器、磬ケイ。
硬い、使いものにならない。
容量の単位、1石=10斗{各種単位}。
重量の単位、1石=4鈞=120斤{各種単位}。
いし、いしへん、部首名。",石 → JPDB Kanji Freq: 354,漢字の読みを入力してください,Text
__赤__らめる，__赤__らむ，__赤__い，__赤__，__赤__字，__赤__ん坊,あか,"［赤］十級
音: セキ／シャク 訓: あか／あか・い
意味: 南方の色、赤道(セキドウ)、(「あらゆるものを焼き尽くすような太陽の強い光や熱の色」の意かと思われる)。
顔や体が火照(ほて)ったときの色、ものが焼けるときの色、血の色、紅コウ(べに、やや薄い赤色)や朱シュ(濃い赤色)など、またその濃淡色を含む色の総称。
(生まれたばかりの子が赤いことから)裸の、何も纏(まと)っていない、剥(む)き出しの。
何もない、赤地(セキチ)(焼き払ったように何もない土地、不毛の地)」。
嘘偽りがない、、赤心(セキシン)(誠まこと、真心まごころ)」。
あか、あかへん、部首名。",赤 → JPDB Kanji Freq: 353,漢字の読みを入力してください,Text
__黒__い，腹__黒__い，__黒__，真っ__黒__，白__黒__,くろ,"［黒］九級
音: コク 訓: くろ／くろ・い
意味: 煙突の中に溜(た)まる煤(すす)の色。
光りがなく暗い、暗闇。
善悪の悪、善は「白」。
くろ、くろへん、部首名。",黒 → JPDB Kanji Freq: 352,漢字の読みを入力してください,Text
__遠__い，__遠__出，__遠__ざかる,とお,"［遠］九級
音: エン／オン 訓: とお・い
意味: 場所や時間などが遥(はる)かに離れている、間(あいだ)が大きく空(あ)いている。
間を離す、大きく空ける。
関係が薄い。",遠 → JPDB Kanji Freq: 348,漢字の読みを入力してください,Text
__経__る,へ,"［経］六級
音: ケイ／キョウ／キン 訓: たていと／へ・る／た・つ
意味: たていと、布の縦方向の糸、横は「緯」。
南北の方向、東西は「緯」。
筋道、筋が通っている。
筋が通っていて変わることがない、常に。
どんな場合も変わることがない方向や方法、道理。
筋道に従って治める、管理する。
へ・る、ある場所を通る。
た・つ、時が通り過ぎる。",経 → JPDB Kanji Freq: 347,漢字の読みを入力してください,Text
"__経__つ
時が過ぎる。「一時間━・月日が━」",た,"［経］六級
音: ケイ／キョウ／キン 訓: たていと／へ・る／た・つ
意味: たていと、布の縦方向の糸、横は「緯」。
南北の方向、東西は「緯」。
筋道、筋が通っている。
筋が通っていて変わることがない、常に。
どんな場合も変わることがない方向や方法、道理。
筋道に従って治める、管理する。
へ・る、ある場所を通る。
た・つ、時が通り過ぎる。",経 → JPDB Kanji Freq: 347,漢字の読みを入力してください,Text
__剣__，__剣__の山,つるぎ,"［剣］四級
音: ケン／コン 訓: つるぎ
意味: 両刃(もろは)のまっすぐな刀、片刃は「刀」{武器(刀剣槍)}。",剣 → JPDB Kanji Freq: 346,漢字の読みを入力してください,Text
__血__，__血__潮，鼻__血__,ち,"［血］八級
音: ケツ／ケチ 訓: ち
意味: 動物の体内を循環し養分や老廃物を運ぶ役目をする液体。
同じ親を持つ人、またその人たちの代々の繋(つな)がり。
血気(ケッキ)、体を維持する血液と体を動かす気力、意気イキ盛んなさま。
(血を流すような)苦しみ、(血がにじむような)辛(つら)さや厳(きび)しさ、(血が混じるような)痛みや悲しみ。
血祭(ケッサイ)、生贄(いけにえ、犠牲ギセイとする家畜の血を供える祭礼。
ち、ちへん、部首名。",血 → JPDB Kanji Freq: 345,漢字の読みを入力してください,Text
__告__げる,つ,"［告］六級
音: コウ／コク 訓: つ・げる
意味: (下位者が上位者に、また人に)～であると(～であることを)知らせる、伝える、報告(ホウコク)、上位者が下位者に対して告げるのは「誥」。
上位者が下位者に知らしめる、また教え諭(さと)す、本来は「誥」。
役所に訴え出る、願い出る、申し出る、告訴(コクソ)。
役人が休暇などの願い事を申し出る、申請する、同「勂」。",告 → JPDB Kanji Freq: 343,漢字の読みを入力してください,Text
__仲__，__仲__間,なか,"［仲］七級
音: チュウ／ジュウ 訓: なか
意味: 間(あいだ)、中なか、中間、上位と下位の間、長子と末子の間の子、上下・高低・大小などの間に位置する人、始まりと終わりの中間、同「中」。
人と人の間に立って互いの求めや言い分を取り纏(まと)める、仲介(チュウカイ)。
日人と人の関係や付き合いの程度、間柄(あいだがら)。",仲 → JPDB Kanji Freq: 342,漢字の読みを入力してください,Text
__背__，上__背__,せい,"［背］五級
音: ハイ／ヘ 訓: そむ・く／せい／せ
意味: 体の後ろ側の肩から腰までの部分、腹の反対側、裏側、「自分からは見えない部分」をいう{人体(全身)}。
荷や仕事などを担(にな)う、負(お)う。
相手が見えない方を向く、相手が見えなくなる方に行く、(相手に背を見せて)離れて行く、気持ちが離れる。
指示や命令や期待・予想などに反する。
(書かれたものを見ずに)暗唱する。
(背骨や屋根の棟のように)高みが連なっている所。
日せい、せ、身長、高さ。",背 → JPDB Kanji Freq: 341,漢字の読みを入力してください,Text
__背__ける，__背__く,そむ,"［背］五級
音: ハイ／ヘ 訓: そむ・く／せい／せ
意味: 体の後ろ側の肩から腰までの部分、腹の反対側、裏側、「自分からは見えない部分」をいう{人体(全身)}。
荷や仕事などを担(にな)う、負(お)う。
相手が見えない方を向く、相手が見えなくなる方に行く、(相手に背を見せて)離れて行く、気持ちが離れる。
指示や命令や期待・予想などに反する。
(書かれたものを見ずに)暗唱する。
(背骨や屋根の棟のように)高みが連なっている所。
日せい、せ、身長、高さ。",背 → JPDB Kanji Freq: 341,漢字の読みを入力してください,Text
__背__，__背__丈，__背__中,せ,"［背］五級
音: ハイ／ヘ 訓: そむ・く／せい／せ
意味: 体の後ろ側の肩から腰までの部分、腹の反対側、裏側、「自分からは見えない部分」をいう{人体(全身)}。
荷や仕事などを担(にな)う、負(お)う。
相手が見えない方を向く、相手が見えなくなる方に行く、(相手に背を見せて)離れて行く、気持ちが離れる。
指示や命令や期待・予想などに反する。
(書かれたものを見ずに)暗唱する。
(背骨や屋根の棟のように)高みが連なっている所。
日せい、せ、身長、高さ。",背 → JPDB Kanji Freq: 341,漢字の読みを入力してください,Text
"__係__る
①関係する。
「安危に━」
②（意味が）あとの語句につながる。",かか,"［係］八級
音: ケイ／ゲ 訓: かか・る／かか・わる／かかり
意味: 切れている糸を(途切れているものを)繋(つな)ぐ、繋いで結び付ける、途切れないように継(つ)ぐ、同「系」。
関わる、関わりを持つ、繋がりを持つ、同「系」。
簡「系」。
日かかり、受け持ち。",係 → JPDB Kanji Freq: 340,漢字の読みを入力してください,Text
__係__，__係__員，庶務__係__,かかり,"［係］八級
音: ケイ／ゲ 訓: かか・る／かか・わる／かかり
意味: 切れている糸を(途切れているものを)繋(つな)ぐ、繋いで結び付ける、途切れないように継(つ)ぐ、同「系」。
関わる、関わりを持つ、繋がりを持つ、同「系」。
簡「系」。
日かかり、受け持ち。",係 → JPDB Kanji Freq: 340,漢字の読みを入力してください,Text
__形__，__形__作る,かたち,"［形］九級
音: ケイ／ギョウ 訓: かたち／かた／なり
意味: ものの表に現れた姿、外観。
ものの表の様子、状態。
型、様式。",形 → JPDB Kanji Freq: 339,漢字の読みを入力してください,Text
"__形__，道__形__，二__形__
［接尾］
❶《名詞に付いて》…のような形の意。
「弓形に反る」
「山形のスローボール」
もとの用字は「▽形」。
❷《体言や形容詞連体形に付いて》それにふさわしい、それに即応したの意。…相応。
「子供形に理屈が通っている」
「私形に努力する」
「道形に行く」
「下手は下手形に頑張ればよい」
❸《動詞連用形（や連体形）に付いて》…するままに従う",なり,"［形］九級
音: ケイ／ギョウ 訓: かたち／かた／なり
意味: ものの表に現れた姿、外観。
ものの表の様子、状態。
型、様式。",形 → JPDB Kanji Freq: 339,漢字の読みを入力してください,Text
__形__，__形__取る，__形__見，手__形__,かた,"［形］九級
音: ケイ／ギョウ 訓: かたち／かた／なり
意味: ものの表に現れた姿、外観。
ものの表の様子、状態。
型、様式。",形 → JPDB Kanji Freq: 339,漢字の読みを入力してください,Text
__夢__，__夢__見る，初__夢__,ゆめ,"［夢］六級
音: ボウ／ム 訓: ゆめ
意味: 睡眠中に見る幻覚・幻像、またそれを見る、同「㝱」。
ぼんやりとしてるさま
(現実のものとなるかどうか分からないが)実現させたいという思い、空想",夢 → JPDB Kanji Freq: 338,漢字の読みを入力してください,Text
__飲__む，__飲__み水,の,"［飲］八級
音: イン／オン 訓: の・む
意味: 液状のもの(水・酒・汁など)を口に入れ噛(か)まずに嚥下、咽下(エンカ・エンゲ)する、またそのようにして体に取り入れる水・酒・汁など、同「㱃」、噛(か)んで胃に入れるのは「食」。
腹にしまう、腹にしまって表に出さない。",飲 → JPDB Kanji Freq: 337,漢字の読みを入力してください,Text
__語__らう，__語__る，物__語__，__語__らい,かた,"［語］九級
音: ギョ／ゴ 訓: かた・る／かた・らう
意味: 他に向かって述べる、また告げる、考えや思い・言い伝えなどを話す。
意味を持つ言葉、話(はなし)。",語 → JPDB Kanji Freq: 334,漢字の読みを入力してください,Text
__休__める，気__休__め，__休__む，__休__み，__休__まる,やす,"［休］十級
音: キュウ／ク 訓: やす・む／やす・み／やす・まる／やす・める
意味: 連続した動きや働きの途中で一旦その動きや働きを止(や)める、再開するために息を整えたり力を蓄(たくわ)えることをいう。
止める、止む、終わる。
(再び活動するための力を蓄えるために)寛(くつろ)ぐ、睡眠をとる
良いこと、めでたいこと、喜(よろこ)ばしいこと、「良き働きに対して報(むく)われるべきもの」の意",休 → JPDB Kanji Freq: 333,漢字の読みを入力してください,Text
__態__と，__態__とらしい,わざ,"［態］六級
音: タイ 訓: わざ・と
意味: 心中の思いや考えなどが表に(体の動きになって)現れ出る、またその様子、態度(タイド)。
様子、容姿や立ち振る舞いの様子、物事の有様ありさま
日わざ・と、故意に、ことさらに",態 → JPDB Kanji Freq: 332,漢字の読みを入力してください,Text
__島__，__島__国，離れ__島__,しま,"［島］八級
音: トウ 訓: しま
意味: 海や湖などの広い水の中の陸地、同「隝」「隯」「嶹」。",島 → JPDB Kanji Freq: 331,漢字の読みを入力してください,Text
__走__る，た__走__る，先__走__る,はし,"［走］九級
音: ソウ／ス 訓: はし・る
意味: 片足を地に着け止め、残る片足を前に運んで止める、という動作を左右の足で交互に速く繰り返す、早足(はやあし)で行く、同「趨」、ゆっくり繰り返すことを「歩」。
逃(に)げる、早足(はやあし)で逃げる。
はしる、そうにょう、部首名。",走 → JPDB Kanji Freq: 330,漢字の読みを入力してください,Text
__木__立，__木__漏れ日，__木__陰，__木__霊,こ,"［木］十級
音: ボク／モク 訓: こ／き
意味: 植物の一分類、例外もあるが一般に表皮が硬く寒暖差などによって年輪を生ずるもの、またそれを使ったもの。
五行(水・火・木・金・土)の一つ{五行}。
自然で飾り気がないさま、同「朴」。
感覚がないさま、麻木(マボク)(麻痺マヒする)」。
き、きへん、部首名。",木 → JPDB Kanji Freq: 329,漢字の読みを入力してください,Text
__木__，並__木__，拍子__木__,き,"［木］十級
音: ボク／モク 訓: こ／き
意味: 植物の一分類、例外もあるが一般に表皮が硬く寒暖差などによって年輪を生ずるもの、またそれを使ったもの。
五行(水・火・木・金・土)の一つ{五行}。
自然で飾り気がないさま、同「朴」。
感覚がないさま、麻木(マボク)(麻痺マヒする)」。
き、きへん、部首名。",木 → JPDB Kanji Freq: 329,漢字の読みを入力してください,Text
__説__く,と,"［説］七級
音: ゼイ／セツ／セチ／セイ／セ 訓: と・く
意味: 解き明かす、解釈する、またそれを言葉にしたもの。
あることに対する意見。
意味することが分かるように順序立てて話す。",説 → JPDB Kanji Freq: 328,漢字の読みを入力してください,Text
__備__わる，__備__える，__備__え,そな,"［備］六級
音: ヒ／ビ 訓: そな・える／そな・わる／つぶさ・に
意味: 必要なものを用意しておく、(いざという時のために)予め揃えておく。
身に付いている、身に具(そな)わる。
つぶさ・に、必要なものは全て、ことごとく。",備 → JPDB Kanji Freq: 327,漢字の読みを入力してください,Text
__位__，__位__取り，__位__する,くらい,"［位］七級
音: イ 訓: くらい
意味: 順に並ぶ時に立つべき場所、並べて置く時の置くべき場所、並んでいるものの中での置かれている場所、位置(イチ)。
階級の中の級キュウ(順位)、席次セキジ、またその級に就(つ)くこと。
即位(ソクイ)天子の座ザに就くこと席に着(つ)くこと。
所ところ、場所。",位 → JPDB Kanji Freq: 326,漢字の読みを入力してください,Text
__限__る，__限__り,かぎ,"［限］六級
音: カン／ゲン 訓: かぎ・る／かぎ・り／きり
意味: 内と外との区切り、境界、限界(ゲンカイ)。
境界や範囲の内側、定めた区切り以内、またその内に収める、限度(ゲンド)、限定(ゲンテイ)。
門の地上部に渡した横木、門の扉をそれ以上外に開かないように止めるためのもの、敷居(しきい)、同「䦘」「閾」。",限 → JPDB Kanji Freq: 325,漢字の読みを入力してください,Text
__花__，__花__火，草__花__,はな,"［花］十級
音: カ／ケ 訓: はな／はな・やか／はな・やぐ
意味: 種子植物の生殖のための器官、雌蕊シズイ(めしべ)や雄蕊ユウズイ(おしべ)やその外側にある部分を総じた名{蕊}。
(花のように)美しいさま、華(はな)やかなさま、同「華」。
花のような形や姿。",花 → JPDB Kanji Freq: 324,漢字の読みを入力してください,Text
__供__，子__供__,とも,"［供］五級
音: キョウ／ク／グ 訓: そな・える／とも
意味: 両手で物を捧(ささ)げ持つ、恭(うやうや)しく捧げ持つ、同「龔」。
労働・金品などを差し出す、また差し出して役立てる。
供給(キョウキュウ)、必要があるところに必要とするものを足す、また差し出す。
事情を述べる。
日とも、主人に付き従う。",供 → JPDB Kanji Freq: 323,漢字の読みを入力してください,Text
__供__える，お__供__え,そな,"［供］五級
音: キョウ／ク／グ 訓: そな・える／とも
意味: 両手で物を捧(ささ)げ持つ、恭(うやうや)しく捧げ持つ、同「龔」。
労働・金品などを差し出す、また差し出して役立てる。
供給(キョウキュウ)、必要があるところに必要とするものを足す、また差し出す。
事情を述べる。
日とも、主人に付き従う。",供 → JPDB Kanji Freq: 323,漢字の読みを入力してください,Text
__馬__子，絵__馬__,ま,"［馬］九級
音: バ／メ／マ 訓: うま
意味: 馬(ウマ)、ウマ科の哺乳類の総称。
うま、うまへん、部首名。",馬 → JPDB Kanji Freq: 322,漢字の読みを入力してください,Text
__馬__，__馬__小屋,うま,"［馬］九級
音: バ／メ／マ 訓: うま
意味: 馬(ウマ)、ウマ科の哺乳類の総称。
うま、うまへん、部首名。",馬 → JPDB Kanji Freq: 322,漢字の読みを入力してください,Text
__利__く，__利__かん気，左__利__き，口__利__き,き,"［利］七級
音: リ 訓: き・く
意味: 先が尖(とが)る、先が鋭(するど)く尖った刃物。
よく切れるさま、切れ味が良いさま、鋭いさま。
(よく切れる刃物のように)すぱっと、さっと、一気に。
(よく切れる刃物のように途中で引っ掛かるようなこともなく)うまく物事が運ぶさま、都合がよいさま、有利(ユウリ)。
得(とく)になる、得をする、儲(もう)かる、儲ける、利益(リエキ)。",利 → JPDB Kanji Freq: 321,漢字の読みを入力してください,Text
__送__る，見__送__り,おく,"［送］八級
音: ソウ／ス 訓: おく・る
意味: 行く人(別れる人、帰る人、旅立つ人、亡くなった人など)と別れる際に(その場で別れてしまうのではなく)途中まで同道してから別れる、出向いて行って迎(むか)えるのは、迎(ゲイ)。
ものを目的地へ運び届ける。
贈(おく)る、遣(つか)わす。",送 → JPDB Kanji Freq: 320,漢字の読みを入力してください,Text
__半__ば,なか,"［半］九級
音: ハン 訓: なか・ば
意味: 二分の一(1/2)、二つに分けたものの片方。
時間や道程ドウテイ(みちのり)などの長いものの始まりと終わりの終点の中間またその途中トチュウ、数(かず)や集団などの大小があるものの中間、「大・中・小」の「中」。
完全な状態でないさま。",半 → JPDB Kanji Freq: 319,漢字の読みを入力してください,Text
__友__，__友__達,とも,"［友］九級
音: ユウ／ウ 訓: とも
意味: 同じ思いや考えを持つ、またそのような人、「朋」は同じ師の教えを受ける人。
親しく交わる、気心が通じる、またそのような人",友 → JPDB Kanji Freq: 318,漢字の読みを入力してください,Text
__原__，野__原__，松__原__,はら,"［原］九級
音: ゲン／ゴン／ガン 訓: はら／もと
意味: 源(みなもと)、地下水が地表に湧(わ)き出るところ、同「厡」「源」(「原」は、崖や岸を象った「厂」と、水が地表に湧き出る「泉」の合字)。
物事の始まり、物事の大本おおもと、物事の根本コンポン、物事の基本、同「源」。
始まりまで遡(さかのぼ)る、初め、もともと。
(事情を知るに及んで重い罪に問えないと)量刑(リョウケイ)を軽くする。
広く平らなことろ、平原、高く平らで広いところ、高原、同「邍」。",原 → JPDB Kanji Freq: 317,漢字の読みを入力してください,Text
__公__，__公__の機関,おおやけ,"［公］九級
音: コウ／ク 訓: おおやけ／きみ
意味: 私(わたくし)することなく広く平らなさま、偏(かたよ)らないさま、公平(コウヘイ)。
私・個人ではなく多くの人の集まり、社会的なこと、公共(コウキョウ)(多くが一つになるさま、多くが共にするさま)」。
国家、朝廷、政府、またそれに属する人、またそれに関すること。
最高位の官職、、三公(サンコウ)(周代前11世紀～前771年では太師・太傅・太保)」。
最も上位の爵位シャクイ(公・侯・伯・子・男)。
年長の男性に対する尊称。
牡(おす)、雄(おす)、、公牛(コウギュウ)(牡牛おうし)」。",公 → JPDB Kanji Freq: 315,漢字の読みを入力してください,Text
__組__む，__組__み込む，__組__，__組__長，赤__組__,く,"［組］九級
音: ソ／ス 訓: く・む／くみ
意味: 糸や紐(ひも)を編んだ紐、「組紐(くみひも)」。
幾つかのものを合わせて一つに纏(まと)める、また一つに纏まったもの。
組織(ソシキ)紐を編み糸を織ること(組み合わせて)一つに纏めること、また一つに纏まったもの同質のものの集まり(集合体・集団・団体)。",組 → JPDB Kanji Freq: 314,漢字の読みを入力してください,Text
__姉__，__姉__上,あね,"［姉］九級
音: シ 訓: あね
意味: 同じ父母・父・母から生まれた自分よりも年上の女子、同「姐」、自分よりも年下の女子は、妹(マイ)(いもうと)」。
(敬意を込めて)自分よりも年長の女性に対する呼称、文語で用いられ、口語では「姐」が用いられる。",姉 → JPDB Kanji Freq: 313,漢字の読みを入力してください,Text
__構__える，__構__え，__構__う，__構__わない,かま,"［構］六級
音: コウ／ク 訓: かま・える／かま・う
意味: 材木をしっかりと組んで建物を作る、また出来上がった建物。
(建物・作品・組織など)幾つかの素材や要素を組み合わせて作り上げる、また組み立て上がったもの。
組み立てる、成り立たせる。
簡「构」。
日かま・える、身や心の形を整える。
日。",構 → JPDB Kanji Freq: 311,漢字の読みを入力してください,Text
__首__，__首__飾り,くび,"［首］九級
音: シュウ／シュ 訓: くび／こうべ
意味: 頭と頭を支える部分、多く「頭を支える部分」の意で用いられるが、本来は頭と頸(くび、頭と胴の間にあって頭を支える部分)を合わせた部分を指す、首級(シュキュウ)(くび)」{人体(頭部)}。
(首が体の先頭にあることから)先頭の、第一の、一番目の。
(首が体の最も高い位置にあることから)最高の、、首座(シュザ)。
集団の長チョウ、、首相(シュショウ)、首領(シュリョウ)。
出向いて罪を告白する、、自首(ジシュ)。
詩歌数える語。
くび、部首名。",首 → JPDB Kanji Freq: 310,漢字の読みを入力してください,Text
__断__る，__断__り,ことわ,"［断］六級
音: タン／ダン 訓: た・つ／ことわ・る
意味: 繋(つな)がっているものを(連続しているものを)途中で切る、切って二つに分ける、切り離す。
ぷっつりと途切れる、絶(た)える。
すっぱりと区切る、きっぱりと決める。
決して～ない、きっぱりと～する。
日ことわ・る説明して許可を得る説明して辞退・拒否する。",断 → JPDB Kanji Freq: 309,漢字の読みを入力してください,Text
__断__つ，塩__断__ち,た,"［断］六級
音: タン／ダン 訓: た・つ／ことわ・る
意味: 繋(つな)がっているものを(連続しているものを)途中で切る、切って二つに分ける、切り離す。
ぷっつりと途切れる、絶(た)える。
すっぱりと区切る、きっぱりと決める。
決して～ない、きっぱりと～する。
日ことわ・る説明して許可を得る説明して辞退・拒否する。",断 → JPDB Kanji Freq: 309,漢字の読みを入力してください,Text
__敵__，__敵__役，商売__敵__,かたき,"［敵］五級
音: テキ／ジャク 訓: かたき
意味: 正面から向き合う(向き合える)相手、釣り合いの取れた相手。
匹敵(ヒッテキ)、釣り合うこと、対等であること、またその相手。
正面から向き合う、また立ち向かう、対立する、またその相手。",敵 → JPDB Kanji Freq: 308,漢字の読みを入力してください,Text
__活__ける，__活__かす，__活__かる,い,"［活］九級
音: カツ／ガチ 訓: い・きる／い・かす
意味: 水が(生きているかのように)勢いよく流れるさま、またその音、活活(カツカツ)、同「𣿛」「𣸅」。
(水しぶきが飛び散るように)生き生きとしたさま、動きが生き生きとしているさま、活動(カツドウ)。
生きる、生きている、生きて行く、生活(セイカツ)。
(他を、他人を)生かす",活 → JPDB Kanji Freq: 307,漢字の読みを入力してください,Text
__朝__，__朝__日，毎__朝__,あさ,"［朝］
音: チョウ 訓: あさ
意味: ①「あさ」
ア：「太陽(日)が地上に出てから多く時間が経っていない時」
イ：「太陽(日)が地上に出てから正午(12時)頃までの間」
ウ：「(気象庁では)午前6時頃から午前9時頃までを指す」
②「あした(次の日の「①」)」
③「朝廷(天子(国を治める人)が政治を行う所)」
④「一人の君主(国を治める人)が国を治めている期間。また、ある血筋(血のつながり)の君主達の治めていた期間」(例：ヴァロワ朝、ヴィクトリア朝)
⑤「国」(例：異朝)
⑥「人の集まる所」、「街中(住宅や商店が集まっている所)」
⑦「初(はじ)め」
⑧「ある日(不特定の日)」(例：一朝)
⑨「政治(まつりごと)」、「政治を行う」
⑩「司(つかさ)」、「役所」、「官庁」
⑪「朝廷に参る」(例：朝見)
⑫「集まる」、「集める」",朝 → JPDB Kanji Freq: 305,漢字の読みを入力してください,Text
真__打__ち，__打__ちのめす，__打__つ，__打__つかる，__打__ち明ける (略)，__打__っ付け本番,"う,ぶ","［打］八級
音: テイ／チョウ／ダ 訓: う・つ
意味: 撃(う)つ、手や道具を物に当てる、叩(たた)く。
～する、打消(ダショウ)(取り消す、打ち消す)」、打撃(ダゲキ)(撃つ)」、打開(ダカイ)(開ける)」、打算(ダサン)(計算する)」、打傷(ダショウ)(傷を負う、傷を負わせる)」、打倒(ダトウ)(倒す)」、打頭(ダトウ)(先頭に立つ)」。
～(場所や時間など)から、同「从」。
個数の単位、ダースdozen、1打=12個。",打 → JPDB Kanji Freq: 304,漢字の読みを入力してください,Text
__追__う,お,"［追］八級
音: ツイ 訓: お・う
意味: 先に行った者の跡を辿(たど)って行く、済んだ物事と同じ道を逆に辿る、現在(結果)に至るまでの道筋を過去(原因)に向かって遡(さかのぼ)って行く、追跡(ツイセキ)(跡を辿り追い掛けて行く)」、追念(ツイネン)(過ぎ去った時のことを思う)」、追悼(ツイトウ)(先に往ってしまった人を思い悼む)」。
後から付け加える、後から補(おぎな)う、、追記(ツイキ)。
玉ギョク(美しく高貴な石)を削ったり彫ったりして形を整える、同「𤤷」。",追 → JPDB Kanji Freq: 303,漢字の読みを入力してください,Text
__抜__きん出る・抽んでる，__抜__ける，気__抜__け，__抜__く，くぎ__抜__き，__抜__かる，__抜__かりない，__抜__かす,ぬ,"［抜］四級
音: ハツ／バチ／バツ 訓: ぬ・く／ぬ・ける／ぬ・かす／ぬ・かる
意味: 多くの中で一部だけが見えているところを掴んで引っ張り出す。
多くの中から必要なもの或いは不必要なものを選んで取り出す。
多くの中でそこだけ(それだけ)が突き出ている、他よりそこだけ(それだけ)が優れている。
日肝心なところを見落とす。",抜 → JPDB Kanji Freq: 302,漢字の読みを入力してください,Text
……の__由__，知る__由__もない,よし,"［由］八級
音: ユウ／ユ 訓: よ・る／よし
意味: 基(もと)づく、因(よ)る、経由(ケイユ)、由来(ユライ)。
～が元(もと)で、～によって、、原由(ゲンユウ)。
(～という結果に至った)訳(わけ)、経緯ケイイ(いきさつ)、、理由(リユウ)。
、由蘖(ユウゲツ)、蘖(ひこばえ)、切り株から生え出た新芽。",由 → JPDB Kanji Freq: 301,漢字の読みを入力してください,Text
__転__ける,こ,"［転］八級
音: テン 訓: ころ・がる／ころ・がす／ころ・げる／ころ・ぶ／うたた
意味: (車輪が回るように)ごろりと回る、ぐるりと回る、回転(カイテン)。
(車輪が接地する位置を変えながら転がり進んで行くように次へ次へと)位置や方向を変える、また変える、移転(イテン)。
次へ次へと運ばれて行く、次へ次へと移って行く、転移(テンイ)。
変化する、移り変わる。",転 → JPDB Kanji Freq: 300,漢字の読みを入力してください,Text
"__転__ぶ｟自五｠
〔雅〕ころがる。
「豆が━・倒けつ転びつ」",まろ,"［転］八級
音: テン 訓: ころ・がる／ころ・がす／ころ・げる／ころ・ぶ／うたた
意味: (車輪が回るように)ごろりと回る、ぐるりと回る、回転(カイテン)。
(車輪が接地する位置を変えながら転がり進んで行くように次へ次へと)位置や方向を変える、また変える、移転(イテン)。
次へ次へと運ばれて行く、次へ次へと移って行く、転移(テンイ)。
変化する、移り変わる。",転 → JPDB Kanji Freq: 300,漢字の読みを入力してください,Text
__転__ぶ，__転__げる，__転__がる，__転__がす,ころ,"［転］八級
音: テン 訓: ころ・がる／ころ・がす／ころ・げる／ころ・ぶ／うたた
意味: (車輪が回るように)ごろりと回る、ぐるりと回る、回転(カイテン)。
(車輪が接地する位置を変えながら転がり進んで行くように次へ次へと)位置や方向を変える、また変える、移転(イテン)。
次へ次へと運ばれて行く、次へ次へと移って行く、転移(テンイ)。
変化する、移り変わる。",転 → JPDB Kanji Freq: 300,漢字の読みを入力してください,Text
"__転__た
〔文〕いっそう。ますます。
「月日の流れを思うと、━感慨に堪えない」",うた,"［転］八級
音: テン 訓: ころ・がる／ころ・がす／ころ・げる／ころ・ぶ／うたた
意味: (車輪が回るように)ごろりと回る、ぐるりと回る、回転(カイテン)。
(車輪が接地する位置を変えながら転がり進んで行くように次へ次へと)位置や方向を変える、また変える、移転(イテン)。
次へ次へと運ばれて行く、次へ次へと移って行く、転移(テンイ)。
変化する、移り変わる。",転 → JPDB Kanji Freq: 300,漢字の読みを入力してください,Text
__加__わる，__加__える,くわ,"［加］七級
音: カ／ケ 訓: くわ・える／くわ・わる
意味: 足(た)す、付け足す、継(つ)ぎ足す、
増(ふ)やす、増える。
その上に～、その上更に～。",加 → JPDB Kanji Freq: 299,漢字の読みを入力してください,Text
"__術__
しかた。手段。
「なす━もない」",すべ,"［術］六級
音: シュツ／ジュツ／ズチ 訓: すべ
意味: 市中を通る道、行き方。
やり方、方法・方策や手段、それを使いこなす能力。
取るべき道、従うべき決まり。
述べる、考えや思いを書き表す、或いは言い表す、同「述」。",術 → JPDB Kanji Freq: 297,漢字の読みを入力してください,Text
__室__，__室__咲き,むろ,"［室］九級
音: シツ／シチ 訓: むろ
意味: 奥の部屋、堂ドウ(南側の広間)の後ろ(北側、北側中央)の部屋、家人が日常起居キキョする部屋。
部屋、房間ボウカン、屋子オクシ。
家、住居、またそこで生活を一(いつ)にする人。
妻(つま)、妻を娶(めと)る。
ものを納(おさ)めておく部屋、またそのような場所。
刀身を納める革袋、鞘さや、同「𩋡」。
二十八宿北方玄武ゲンブの一つ{二十八宿}。",室 → JPDB Kanji Freq: 296,漢字の読みを入力してください,Text
__運__ぶ,はこ,"［運］八級
音: ウン 訓: はこ・ぶ
意味: 場所や位置を移し変える、移動する、移転する、運行(ウンコウ)。
止(とど)まることなく位置や状況などが移り変わる、止(と)まらないように次へ次へと場所や位置を変える、運動(ウンドウ)。
次へ次へと位置を変えて一巡イチジュン(ひとめぐ・り)する。
巡(めぐ)り合せ、定(さだ)め、命運(メイウン)(運命)」。
簡「运」。",運 → JPDB Kanji Freq: 295,漢字の読みを入力してください,Text
__任__せる，人__任__せ，__任__す,まか,"［任］六級
音: ジン／ニン 訓: まか・す
意味: 役目や仕事を与える、また委(ゆだ)ねる、また託(たく)す、任命(ニンメイ)。
(仕事を託し、その)扱いをその人の裁量サイリョウに委ねる、放任(ホウニン)。
仕事や役割を担当する、また引き受ける。
託した仕事、引き受けた仕事、また職務、役割、任務(ニンム)、責任(セキニン)。",任 → JPDB Kanji Freq: 294,漢字の読みを入力してください,Text
__平__らな土地，__平__らげる,たい,"［平］八級
音: ヘイ／ビョウ／ヒョウ 訓: たい・ら／ひら
意味: 起伏や凹凸がない、高さが揃っている。
普段通り、何時もと変わらずあるべき状態にある。
乱れがなく穏やかなさま。
均一な、等しい、斉(ひと)しい。",平 → JPDB Kanji Freq: 293,漢字の読みを入力してください,Text
__平__手，__平__謝り，__平__たい,ひら,"［平］八級
音: ヘイ／ビョウ／ヒョウ 訓: たい・ら／ひら
意味: 起伏や凹凸がない、高さが揃っている。
普段通り、何時もと変わらずあるべき状態にある。
乱れがなく穏やかなさま。
均一な、等しい、斉(ひと)しい。",平 → JPDB Kanji Freq: 293,漢字の読みを入力してください,Text
__川__，__川__岸，小__川__,かわ,"［川］十級
音: セン 訓: かわ
意味: 水の流れる道、同「巛」。
四川省の略称{四川省}。
かわ、さんぼんがわ、部首名。",川 → JPDB Kanji Freq: 292,漢字の読みを入力してください,Text
__買__う，__買__い物,か,"［買］九級
音: バイ／メ 訓: か・う
意味: 金銭(対価)を渡して欲しいものを得る、相手が欲しいと思っているものを渡して金銭(対価)を得るのは「売」。
自ら招き寄せる、自ら進んで(面倒なことや良くないことを)引き寄せる。",買 → JPDB Kanji Freq: 291,漢字の読みを入力してください,Text
__苦__り切る，__苦__い，__苦__虫，__苦__々しい,にが,"［苦］八級
音: コ／ク 訓: にが・い／にが・る／くる・しい／くる・しむ／くる・しみ／くる・しめる
意味: 渋味やえぐ味などの不快に感じる味、五味(甘・酸・鹹・苦・辛)の一つ。
不快なことや思うようにならないことなどに困り果てる、押さえ付けられているような(重苦しい)痛み。
程度が甚(はなは)だしいさま。
乗り物酔(よ)いする、苦車・瘔車(クシャ)(車酔い)」、同「瘔」。",苦 → JPDB Kanji Freq: 290,漢字の読みを入力してください,Text
__苦__しめる，__苦__しむ，__苦__しみ，__苦__しい，__苦__しがる，見__苦__しい,くる,"［苦］八級
音: コ／ク 訓: にが・い／にが・る／くる・しい／くる・しむ／くる・しみ／くる・しめる
意味: 渋味やえぐ味などの不快に感じる味、五味(甘・酸・鹹・苦・辛)の一つ。
不快なことや思うようにならないことなどに困り果てる、押さえ付けられているような(重苦しい)痛み。
程度が甚(はなは)だしいさま。
乗り物酔(よ)いする、苦車・瘔車(クシャ)(車酔い)」、同「瘔」。",苦 → JPDB Kanji Freq: 290,漢字の読みを入力してください,Text
"逃げ__果__せる，__果__せる
なんとか、最後まですることができる。
「し━・やり━・かくし━・にげ━」",おお,"［果］七級
音: カ 訓: は・たす／は・てる／は・たして
意味: 木の実、同「菓」。
は・たす、最後まで成し遂げる。
(芽を出し生長し花を咲かせ最終的には実が成ることから)物事の結末、最後まで成し遂げることによって得るもの、結果(ケッカ)、成果(セイカ)。
は・てる、それ以上は何もなくなる。
は・たして、当然そう成ることは分かっていたが案の定、(疑問の表現を伴って)一体～だろうか。
思い切って、、果敢(カカン)。",果 → JPDB Kanji Freq: 289,漢字の読みを入力してください,Text
__果__てる，__果__て，__果__たす，__果__たして〔副〕,は,"［果］七級
音: カ 訓: は・たす／は・てる／は・たして
意味: 木の実、同「菓」。
は・たす、最後まで成し遂げる。
(芽を出し生長し花を咲かせ最終的には実が成ることから)物事の結末、最後まで成し遂げることによって得るもの、結果(ケッカ)、成果(セイカ)。
は・てる、それ以上は何もなくなる。
は・たして、当然そう成ることは分かっていたが案の定、(疑問の表現を伴って)一体～だろうか。
思い切って、、果敢(カカン)。",果 → JPDB Kanji Freq: 289,漢字の読みを入力してください,Text
"__予__てから，__予__て
__予__め","かね,あらかじ","［予］八級
音: ヨ 訓: あらかじ・め／かね・て
意味: 我(われ)、自分を指す語、同「余」「吾」「我」。
与える、授ける、賜予(シヨ)。
前もって、同「豫」「預」。
余裕があるさま、ゆとりがあるさま、猶予(ユウヨ)。",予 → JPDB Kanji Freq: 288,漢字の読みを入力してください,Text
__姿__，後ろ__姿__，__姿__見,すがた,"［姿］五級
音: シ 訓: すがた
意味: 容貌(ヨウボウ)・体形(タイケイ)・身形(みなり)や立ち振る舞いなどの外見やその様子、ものの形や動きの様子。",姿 → JPDB Kanji Freq: 287,漢字の読みを入力してください,Text
__倒__れる，共__倒__れ，__倒__す,たお,"［倒］四級
音: トウ 訓: たお・す／たお・れる
意味: 立っているものが横になる(横にする)。
(上下や前後左右の位置関係や順序が、また意図・予想していたことと)逆(ぎゃく)になる、逆にする、逆(さか)さまになる。
器を傾けて中のものを出す、",倒 → JPDB Kanji Freq: 286,漢字の読みを入力してください,Text
__進__める，__進__む，__進__み,すす,"［進］八級
音: シン 訓: すす・む／すす・める
意味: 前に向かって動く(行く)、前に出る、登る、上に向かって動く(行く)、昇って行く、状態が良い方向に向かう、逆は「退」。
位や程度が上がる。
人にものを差し出す、また差し上げる。
中に入る、外から内側に向かって移動する。",進 → JPDB Kanji Freq: 285,漢字の読みを入力してください,Text
"__認__める
①見て知る。「人影を―める」 「これといって異状は―められない」
②見て判断する。許可する。「入学を―める」
③価値を評価する。「長年の研究実績を―められた」 「能力を―める」",みと,"［認］五級
音: ジン／ニン 訓: みと・める／したた・める
意味: 見分ける、それが何かを見定める。
しっかりと見定めて受け入れる、聞き入れる、納得(ナットク)する。
日したた・める、整える、(膳を整え)食事をする。
日。",認 → JPDB Kanji Freq: 284,漢字の読みを入力してください,Text
"__認__める〔文〕
①食事をする。
②文字・文章・手紙を書く。
「書を━」",したた,"［認］五級
音: ジン／ニン 訓: みと・める／したた・める
意味: 見分ける、それが何かを見定める。
しっかりと見定めて受け入れる、聞き入れる、納得(ナットク)する。
日したた・める、整える、(膳を整え)食事をする。
日。",認 → JPDB Kanji Freq: 284,漢字の読みを入力してください,Text
"__輩__
なかま。連中。〔悪い意味に使う〕
「不届きな━」","やから,ともがら","［輩］四級
音: ハイ／ヘ 訓: ともがら／やから
意味: 車の数の単位、1輩=100輌。
車列、車が列を成すさま、輩出(ハイシュツ)(列を成して次々に現れ出るさま)」。
ともがら、やから、同等・同類・同属・同世代などの同じグループgroupに属する人、、同輩(ドウハイ)(同じ世代・地位の人)」、先輩(センパイ)(年上の人、先に勤め学び始めた人)」。",輩 → JPDB Kanji Freq: 283,漢字の読みを入力してください,Text
伸るか__反__るか，__反__る，__反__り，__反__らす,そ,"［反］八級
音: ハン／ホン／タン 訓: そ・る／そ・らす／かえ・る／かえ・す
意味: 覆(くつがえ)る、表裏が逆になる、ひっくり返る。
逆ギャク、逆である、反対(ハンタイ)。
背(そむ)く、背(せ)を向ける、反逆・叛逆(ハンギャク)、同「叛」
顧(かえり)みる、振り返る
反切(ハンセツ)、二つの漢字を用い、先の漢字の声母(音節の初めの子音)と、後の漢字の韻母(音節の初めの子音を除いたもの)組み合わせて音を表す、「漢」は「呼旰切」で表され、「呼」の音「hū」の「h」と「旰」の音「gàn」の「àn」を合わせ「hànカン」と発音する。
日そ・る、弓のような形に曲がる。
日。",反 → JPDB Kanji Freq: 282,漢字の読みを入力してください,Text
__守__る，__守__り,まも,"［守］八級
音: シュウ／シュ／ス 訓: まも・る／もり／かみ
意味: 古代の官名、同「𡬮」、太守(タイシュ)(郡や府の長官、地方の長官)」。
同じ状態に保(たも)つ、、守備(シュビ)(備え守る)」。
(異変がないかを)見張る、番バンをする。
(先例や決まりなどに)従う、その通りにする、、順守・遵守(ジュンシュ)。",守 → JPDB Kanji Freq: 281,漢字の読みを入力してください,Text
お__守__り，子__守__||り||，灯台__守__，子__守__歌,"も,もり","［守］八級
音: シュウ／シュ／ス 訓: まも・る／もり／かみ
意味: 古代の官名、同「𡬮」、太守(タイシュ)(郡や府の長官、地方の長官)」。
同じ状態に保(たも)つ、、守備(シュビ)(備え守る)」。
(異変がないかを)見張る、番バンをする。
(先例や決まりなどに)従う、その通りにする、、順守・遵守(ジュンシュ)。",守 → JPDB Kanji Freq: 281,漢字の読みを入力してください,Text
"__約__める，__約__まる
①短くする。縮める。
②要約する。",つづ,"［約］七級
音: ヤク 訓: つづ・める
意味: 束ねる、纏(まと)めて束ねる、小さく纏める、同「𠣩」。
結ぶ、結び目、約定(ヤクジョウ)(互いに取り決め結び合うこと)」。
約束(ヤクソク)しっかりと縛(しば)り束ねる、ぐっと押さえ止める、抑(おさ)える互いがしっかりと守るべき取り決め。
不要な部分を省略して必要な部分だけを残す、簡略にする。
無駄がないように簡素にする。
ほぼ、凡(おおよ)そ、大体。",約 → JPDB Kanji Freq: 280,漢字の読みを入力してください,Text
__記__す,しる,"［記］九級
音: キ／コ 訓: しる・す
意味: (忘れないように)覚えておく、記憶(キオク)。
(忘れないように)書き留(と)める、書き付ける、また書き留めたもの、記録(キロク)、記事(キジ)(書き記された事柄)」。
印しるし、目印。
印章インショウ、はんこ。",記 → JPDB Kanji Freq: 279,漢字の読みを入力してください,Text
__貴__ぶ，__貴__い,とうと,"［貴］五級
音: キ 訓: たっと・い／たっと・ぶ／とうと・い／とうと・ぶ
意味: 品質・価値・値段が高い、低いのは「賤」。
得難(えがた)いものとして大切にする、また重視ジュウシする、同、貴重(キチョウ)。
身分・地位が高い、またそのような人、同「尊」。
相手に関する語に冠して敬意を表す語。",貴 → JPDB Kanji Freq: 278,漢字の読みを入力してください,Text
〔文〕__貴__ぶ，__貴__い,たっと,"［貴］五級
音: キ 訓: たっと・い／たっと・ぶ／とうと・い／とうと・ぶ
意味: 品質・価値・値段が高い、低いのは「賤」。
得難(えがた)いものとして大切にする、また重視ジュウシする、同、貴重(キチョウ)。
身分・地位が高い、またそのような人、同「尊」。
相手に関する語に冠して敬意を表す語。",貴 → JPDB Kanji Freq: 278,漢字の読みを入力してください,Text
__息__，__息__む，__息__巻く，吐__息__,いき,"［息］八級
音: ショク／ソク 訓: いき
意味: いき、口や鼻で吐いたり吸ったりする空気。
呼吸する、一度吐いて吸うことを「一息」という。
生きている。
止(や)む、鎮(しず)まる、落ち着く、同「熄」。
休む、休憩する。
自分の(特に男の)子供。
元金から生まれた利子、「親から生まれた子供」の意。",息 → JPDB Kanji Freq: 277,漢字の読みを入力してください,Text
__消__す，__消__しゴム,け,"［消］八級
音: ショウ 訓: き・える／け・す
意味: 減る、少しずつ小さくなる、また少なくなる、また細くなる、またそのようにする。
次第に小さく(細く)なってやがて姿が見えなくなる、なくなる、後に何も残らない、またそのようにする。
(次の予定までの)時間を過ごす、また時間を減らす、(空いた)時間を潰(つぶ)す。
消極(ショウキョク)、積極的に事を成そうとする意欲が次第に先細る、積極的に賛意・賛同の意思を示さない。",消 → JPDB Kanji Freq: 276,漢字の読みを入力してください,Text
__消__える，立ち__消__え,き,"［消］八級
音: ショウ 訓: き・える／け・す
意味: 減る、少しずつ小さくなる、また少なくなる、また細くなる、またそのようにする。
次第に小さく(細く)なってやがて姿が見えなくなる、なくなる、後に何も残らない、またそのようにする。
(次の予定までの)時間を過ごす、また時間を減らす、(空いた)時間を潰(つぶ)す。
消極(ショウキョク)、積極的に事を成そうとする意欲が次第に先細る、積極的に賛意・賛同の意思を示さない。",消 → JPDB Kanji Freq: 276,漢字の読みを入力してください,Text
__急__ぐ，__急__ぎ,いそ,"［急］八級
音: キュウ／コウ 訓: いそ・ぐ／せ・く
意味: ゆとりがないさま、余裕がないさま、ゆったりとしていないさま。
せ・く、気持ちにゆとりがない、忙(せわ)しい。
いそ・ぐ、間マを置かずに動く、早く動く、せかせかと動く。
あっという間マに～。
(困難や危険などが)間近に迫(せま)る、差し迫る。",急 → JPDB Kanji Freq: 275,漢字の読みを入力してください,Text
"__急__く｟自五｠
〔早くしようと思って〕あせる。心がはやる。
「気が━・急いては事をし損じる」",せ,"［急］八級
音: キュウ／コウ 訓: いそ・ぐ／せ・く
意味: ゆとりがないさま、余裕がないさま、ゆったりとしていないさま。
せ・く、気持ちにゆとりがない、忙(せわ)しい。
いそ・ぐ、間マを置かずに動く、早く動く、せかせかと動く。
あっという間マに～。
(困難や危険などが)間近に迫(せま)る、差し迫る。",急 → JPDB Kanji Freq: 275,漢字の読みを入力してください,Text
__件__の，仍って__件__の如し,くだん,"［件］六級
音: ケン／ゲン 訓: くだん／くだり
意味: 分(わ)ける、区分(くわけ)する、区分けされているものを数える語、物や事(こと)を数える語。
事、事柄(ことがら)。
日くだん、くだり、前に取り上げた事柄。",件 → JPDB Kanji Freq: 273,漢字の読みを入力してください,Text
恋__文__,ふみ,"［文］十級
音: ブン／モン 訓: あや／ふみ
意味: 紋様や図形、天文(テンブン・テンモン)。
多くの人にとって共通の意味を持つ紋様や図形、文字(モジ・モンジ)、古くは象形文字(ものの形を象った字、「宀」「子」もその一つ)や指事文字(形のないものを表す字、「一」「二」「上」「下」など)を「文」といい、それら(「字」を例にとれば「宀」「子」)を組み合わせたものを「字」といった、後には「文」「字」の区別はなくなり「字」が用いられる。
言葉を字で書き表したもの、文章(ブンショウ)、文書(ブンショ・モンジョ)
力に依(よ)らず穏やかで洗練されているもの、またそのさま、、文明(ブンメイ)(美しく洗練されているさま、知識や教養があるさま)」、勇ましく猛々(たけだけ)しいのは「武」
ぶん、ぶんにょう、部首名。",文 → JPDB Kanji Freq: 272,漢字の読みを入力してください,Text
__頑__な,かたく,"［頑］凖二級
音: ガン／ゲン 訓: かたくな
意味: 頭が固くやり方や考えを変えないさま、強情ゴウジョウなさま、頑固(ガンコ)。
鈍いさま、愚かなさま、「頭が固くやり方や考えを変えられない」ことから、頑迷(ガンメイ)。
固く丈夫なさま、頑強(ガンキョウ)。",頑 → JPDB Kanji Freq: 271,漢字の読みを入力してください,Text
__痛__める，__痛__む，__痛__み，__痛__ましい，__痛__い，__痛__さ,いた,"［痛］五級
音: トウ／ツウ 訓: いた・む
意味: 病気・傷・刺激などによって引き起こされる身体的な苦しみ。
精神的な苦しみや悲しみ。
甚(はなは)だ、非常に。",痛 → JPDB Kanji Freq: 270,漢字の読みを入力してください,Text
__十__，__十__日,とお,"［十］十級
音: シュウ／ジュウ 訓: とお／と
意味: 数の名、十番目{数字}。
多い。
全て、全て備わる、全て揃う。
じゅう、部首名",十 → JPDB Kanji Freq: 269,漢字の読みを入力してください,Text
__十__色，__十__重,と,"［十］十級
音: シュウ／ジュウ 訓: とお／と
意味: 数の名、十番目{数字}。
多い。
全て、全て備わる、全て揃う。
じゅう、部首名",十 → JPDB Kanji Freq: 269,漢字の読みを入力してください,Text
__負__ける，__負__け，__負__かす,ま,"［負］八級
音: フウ／ブ／フ 訓: お・う／ま・ける
意味: 荷を背に載(の)せる、肩は「擔」「担」。
荷や仕事や責任などを引き受ける、「重い荷を背負う」の意。
(背後にあるものを)頼る、頼りにする、当てにする。
背を向ける、背(そむ)く。
背を向けて逃げる、争って敗れる。
数(かず)で零(レイ、ゼロzero)よりも小さいこと、大きい数は「正」。",負 → JPDB Kanji Freq: 268,漢字の読みを入力してください,Text
__負__う，__負__い目，背__負__う,お,"［負］八級
音: フウ／ブ／フ 訓: お・う／ま・ける
意味: 荷を背に載(の)せる、肩は「擔」「担」。
荷や仕事や責任などを引き受ける、「重い荷を背負う」の意。
(背後にあるものを)頼る、頼りにする、当てにする。
背を向ける、背(そむ)く。
背を向けて逃げる、争って敗れる。
数(かず)で零(レイ、ゼロzero)よりも小さいこと、大きい数は「正」。",負 → JPDB Kanji Freq: 268,漢字の読みを入力してください,Text
__画__く,"えが,か","［画］九級
音: カイ／ガ／エ／カク／ワク 訓: えが・く
意味: 筆で線を引く、また線を引いて区切る、同「划」。
漢字の線や点の数(画数)を数える語。
輪郭リンカクを描く。
事に先立って案を作る、計画する、同「図」。
絵、絵を描く、輪郭を描き(画)そこに色を付ける(絵)。",画 → JPDB Kanji Freq: 264,漢字の読みを入力してください,Text
__光__，稲__光__,ひかり,"［光］九級
音: コウ 訓: ひかり／ひか・る
意味: 明かるく輝(かがや)く、きらきらと輝(かがや)く。
辺りを明るく照らすさま、同「炚」「炛」。
(光り輝き)美しい。
景色ケシキ、風光(フウコウ)。
(四方に光を放つ)栄誉エイヨ、名誉メイヨ。
日(ひ)、時(とき)、時間、光陰(コウイン)。",光 → JPDB Kanji Freq: 263,漢字の読みを入力してください,Text
__光__る，__光__り輝く,ひか,"［光］九級
音: コウ 訓: ひかり／ひか・る
意味: 明かるく輝(かがや)く、きらきらと輝(かがや)く。
辺りを明るく照らすさま、同「炚」「炛」。
(光り輝き)美しい。
景色ケシキ、風光(フウコウ)。
(四方に光を放つ)栄誉エイヨ、名誉メイヨ。
日(ひ)、時(とき)、時間、光陰(コウイン)。",光 → JPDB Kanji Freq: 263,漢字の読みを入力してください,Text
__得__る,え,"［得］六級
音: トク 訓: う・る／え・る
意味: 手に入れる、手に入る、自分のものにする、自分のものになる、身に付く。
ぴったりと合う、相応(ふさわ)しい。
意に適(かな)う。
～できる。
儲(もう)かる、出て行くものより入ってくるものの方が大きい。",得 → JPDB Kanji Freq: 262,漢字の読みを入力してください,Text
有り__得__る，__得__るところ，書き__得__る,う,"［得］六級
音: トク 訓: う・る／え・る
意味: 手に入れる、手に入る、自分のものにする、自分のものになる、身に付く。
ぴったりと合う、相応(ふさわ)しい。
意に適(かな)う。
～できる。
儲(もう)かる、出て行くものより入ってくるものの方が大きい。",得 → JPDB Kanji Freq: 262,漢字の読みを入力してください,Text
__歩__く,ある,"［歩］九級
音: ホ／ブ／フ 訓: ある・く／あゆ・む
意味: 片足を地に着け止め、残る片足を前に運んで止める、という動作を左右の足で交互に繰り返す、この動作を速く繰り返すことを「走」。
物事が前に進む、またその進み具合。
左右の足を交互に前に踏み出して進む距離、1歩=2跬(2武)=6尺、半歩ハンポは「跬」「武」。
日六尺を一辺とする面積の単位、30歩(坪)=1畝、同「坪」{各種単位}。
日。",歩 → JPDB Kanji Freq: 261,漢字の読みを入力してください,Text
__歩__む，__歩__み,あゆ,"［歩］九級
音: ホ／ブ／フ 訓: ある・く／あゆ・む
意味: 片足を地に着け止め、残る片足を前に運んで止める、という動作を左右の足で交互に繰り返す、この動作を速く繰り返すことを「走」。
物事が前に進む、またその進み具合。
左右の足を交互に前に踏み出して進む距離、1歩=2跬(2武)=6尺、半歩ハンポは「跬」「武」。
日六尺を一辺とする面積の単位、30歩(坪)=1畝、同「坪」{各種単位}。
日。",歩 → JPDB Kanji Freq: 261,漢字の読みを入力してください,Text
__置__く,お,"［置］七級
音: チ 訓: お・く
意味: まっすぐに立てる、動かないように(傾いたり揺らいだり位置や状態が変わったりしないように)しっかりと据(す)える、同「寘」。
設(もう)ける、あるべきところに据える。
処理する、あるべき状態にする、同「寘」。
そのままにする、そのままにしておく。",置 → JPDB Kanji Freq: 260,漢字の読みを入力してください,Text
__離__れる，__離__れ，乳__離__れ，__離__す,はな,"［離］四級
音: リ 訓: はな・れる
意味: 間(あいだ)を空(あ)ける、隔(へだ)てる、分(わ)ける、別(わか)れる。
間が空いている、隔たっている、分かれている、別れている。
八卦ハッカ(乾・兌・離・震・巽・坎・艮・坤)の一つ{卦}。
離黃(リコウ)、コウライウグイス高麗鶯、コウライウグイス科の鳥、同「鵹黄」黄鸝(コウリ)。
同簡「离」。",離 → JPDB Kanji Freq: 258,漢字の読みを入力してください,Text
__逃__げる，夜__逃__げ，__逃__がす,に,"［逃］四級
音: チョウ／トウ／ドウ 訓: に・げる／のが・れる
意味: 受け入れ難い状態から抜け出る、受け入れ難い状態に陥らない方向に向かって行く、避けて遠ざかる。",逃 → JPDB Kanji Freq: 257,漢字の読みを入力してください,Text
__逃__れる，一時__逃__れ，__逃__す，見__逃__す,のが,"［逃］四級
音: チョウ／トウ／ドウ 訓: に・げる／のが・れる
意味: 受け入れ難い状態から抜け出る、受け入れ難い状態に陥らない方向に向かって行く、避けて遠ざかる。",逃 → JPDB Kanji Freq: 257,漢字の読みを入力してください,Text
__優__れる,すぐ,"［優］五級
音: ユウ／ウ 訓: やさ・しい／すぐ・れる／まさ・る
意味: ゆったりとしている、ゆとりがある、穏(おだ)やかな、「強く締め付けられていない(制限・束縛されていない)様子や状態」を指す。
余裕があるさま、豊かなさま。
すぐ・れる、まさ・る、良(よ)い、勝(まさ)る、一般的・標準的な水準・程度を超えている、能力・知識・容姿・状態などが「良」よりも更に良い。
芝居(しばい)・歌舞(カブ)などを演じる人、役者、優俳(ユウハイ)、俳優(ハイユウ)、同「倡」。
簡「优」。",優 → JPDB Kanji Freq: 256,漢字の読みを入力してください,Text
__優__しい，__優__しさ,やさ,"［優］五級
音: ユウ／ウ 訓: やさ・しい／すぐ・れる／まさ・る
意味: ゆったりとしている、ゆとりがある、穏(おだ)やかな、「強く締め付けられていない(制限・束縛されていない)様子や状態」を指す。
余裕があるさま、豊かなさま。
すぐ・れる、まさ・る、良(よ)い、勝(まさ)る、一般的・標準的な水準・程度を超えている、能力・知識・容姿・状態などが「良」よりも更に良い。
芝居(しばい)・歌舞(カブ)などを演じる人、役者、優俳(ユウハイ)、俳優(ハイユウ)、同「倡」。
簡「优」。",優 → JPDB Kanji Freq: 256,漢字の読みを入力してください,Text
__点__く,つ,"［点］九級
音: テン 訓: とも・す／つ・ける／さ・す
意味: 小さな(黒い)染(し)み・瑕きず・印しるし、またそのようなものを付ける、汚点(オテン)。
小さく狭く限られた場所・範囲・位置・事柄、地点(チテン)、時点(ジテン)。
全体の中の一部分、また限られた箇所、また特定の位置、、起点(キテン)、句点(クテン)。
ものの先でちょっと触れる、またちょっと付ける、またちょっと叩く。
とも・す、つ・ける、さ・す、火をつける、、点火(テンカ)。
筆法の一つで丶(筆を下ろし押さえた後、動かさずに筆を上げる)。",点 → JPDB Kanji Freq: 255,漢字の読みを入力してください,Text
__他__，○○の__他__,ほか,"［他］八級
音: タ 訓: ほか
意味: 別の、それ以外の、よそ(余所、他所)の、other、同「它」。
自分以外の人、あの人。",他 → JPDB Kanji Freq: 253,漢字の読みを入力してください,Text
__助__太刀,すけ,"［助］八級
音: ソ／ジョ 訓: たす・ける／たす・かる／すけ
意味: 力や手を貸す、力や手を貸し支る、力になる。
助法(ジョホウ)、殷代(約前17世紀～約前11世紀) の税法で、土地を縦横それぞれ三分して九区画(各七十畝)に分け、八戸に一区画ずつ与え、中央の一区画を八戸で共同耕作し、そこからの収穫を税とした、周代(前11世紀～前256年)には、井田制(セイデンセイ)と呼ばれた。
田畑の土を掘り起こす、また掘り起こして雑草を取り除く、同「鋤」
日官位名、四等官シトウカン(四階級の官司)の第二位、頭(かみ、長官)に次ぐ官位",助 → JPDB Kanji Freq: 252,漢字の読みを入力してください,Text
__助__ける，__助__け，__助__かる，大__助__かり,たす,"［助］八級
音: ソ／ジョ 訓: たす・ける／たす・かる／すけ
意味: 力や手を貸す、力や手を貸し支る、力になる。
助法(ジョホウ)、殷代(約前17世紀～約前11世紀) の税法で、土地を縦横それぞれ三分して九区画(各七十畝)に分け、八戸に一区画ずつ与え、中央の一区画を八戸で共同耕作し、そこからの収穫を税とした、周代(前11世紀～前256年)には、井田制(セイデンセイ)と呼ばれた。
田畑の土を掘り起こす、また掘り起こして雑草を取り除く、同「鋤」
日官位名、四等官シトウカン(四階級の官司)の第二位、頭(かみ、長官)に次ぐ官位",助 → JPDB Kanji Freq: 252,漢字の読みを入力してください,Text
__在__る，__在__りし日,あ,"［在］六級
音: サイ／ザイ 訓: あ・る／いま・す
意味: そこに居(い)る、同じ状態で一定のところに留(とど)まっている、またその場所。
～に於(お)いて、～(場所)で(at)。",在 → JPDB Kanji Freq: 250,漢字の読みを入力してください,Text
"__在__す・座す・坐す
〔雅〕「ある・いる」の尊敬語。いらっしゃる。まします。
「いかに━父母・天に━神」",いま,"［在］六級
音: サイ／ザイ 訓: あ・る／いま・す
意味: そこに居(い)る、同じ状態で一定のところに留(とど)まっている、またその場所。
～に於(お)いて、～(場所)で(at)。",在 → JPDB Kanji Freq: 250,漢字の読みを入力してください,Text
"__在__す・坐す
［自四］〔古風〕「在る」 「居る」の尊敬語。いらっしゃる。おいでになる。
「天に在す我らの神よ」",ましま,"［在］六級
音: サイ／ザイ 訓: あ・る／いま・す
意味: そこに居(い)る、同じ状態で一定のところに留(とど)まっている、またその場所。
～に於(お)いて、～(場所)で(at)。",在 → JPDB Kanji Freq: 250,漢字の読みを入力してください,Text
__集__う，__集__い,つど,"［集］八級
音: シュウ／ジュウ 訓: あつ・まる／つど・う／あつ・める
意味: 多くのものが同じところに寄り合う、多くの人が同じところに会カイする。
多くのものが一つになる、また一つにする、また一つになったもの、また一つにしたもの。
多くのものを一つに纏(まと)める、纏まる。
(人や物が多く集まることから)定期的に立つ市(いち)。",集 → JPDB Kanji Freq: 249,漢字の読みを入力してください,Text
寄って__集__って，__集__る,たか,"［集］八級
音: シュウ／ジュウ 訓: あつ・まる／つど・う／あつ・める
意味: 多くのものが同じところに寄り合う、多くの人が同じところに会カイする。
多くのものが一つになる、また一つにする、また一つになったもの、また一つにしたもの。
多くのものを一つに纏(まと)める、纏まる。
(人や物が多く集まることから)定期的に立つ市(いち)。",集 → JPDB Kanji Freq: 249,漢字の読みを入力してください,Text
__集__く,すだ,"［集］八級
音: シュウ／ジュウ 訓: あつ・まる／つど・う／あつ・める
意味: 多くのものが同じところに寄り合う、多くの人が同じところに会カイする。
多くのものが一つになる、また一つにする、また一つになったもの、また一つにしたもの。
多くのものを一つに纏(まと)める、纏まる。
(人や物が多く集まることから)定期的に立つ市(いち)。",集 → JPDB Kanji Freq: 249,漢字の読みを入力してください,Text
__集__める，人__集__め，__集__まる，__集__まり,あつ,"［集］八級
音: シュウ／ジュウ 訓: あつ・まる／つど・う／あつ・める
意味: 多くのものが同じところに寄り合う、多くの人が同じところに会カイする。
多くのものが一つになる、また一つにする、また一つになったもの、また一つにしたもの。
多くのものを一つに纏(まと)める、纏まる。
(人や物が多く集まることから)定期的に立つ市(いち)。",集 → JPDB Kanji Freq: 249,漢字の読みを入力してください,Text
__寝__る，__寝__そべる，__寝__入る，昼__寝__，__寝__かす,ね,"［寝］四級
音: シン 訓: ね・る
意味: 体を横にして休む、「寝台・寝床・寝室などで横になり休む」ことをいう。
体を横にして眠る。
睡眠をとるところ、ゆっくりと寛(くつろ)ぐ部屋や建物、寢殿(シンデン)(天子が起居する建物)」、燕寢(エンシン)(ゆっくりと寛いだり休んだりする部屋また建物)」。
(それまでのことを止めて)休む、止める。",寝 → JPDB Kanji Freq: 248,漢字の読みを入力してください,Text
"__寝__穢い
①なかなか起きない。寝坊である。「寝穢くいつまでも寝ている」
②寝姿がだらしない。",い,"［寝］四級
音: シン 訓: ね・る
意味: 体を横にして休む、「寝台・寝床・寝室などで横になり休む」ことをいう。
体を横にして眠る。
睡眠をとるところ、ゆっくりと寛(くつろ)ぐ部屋や建物、寢殿(シンデン)(天子が起居する建物)」、燕寢(エンシン)(ゆっくりと寛いだり休んだりする部屋また建物)」。
(それまでのことを止めて)休む、止める。",寝 → JPDB Kanji Freq: 248,漢字の読みを入力してください,Text
__選__ぶ,えら,"［選］七級
音: セン 訓: えら・ぶ／え・る／よ・る
意味: 多くのものを基準に従って仕分ける、また仕分けて目的のものを抜き出す、選択(センタク)、選抜(センバツ)、同「撰」。
仕分け抜き出したものを纏(まと)めたもの、、選集(センシュウ)(幾つかの作品の中から選び纏めた書物、作品集)」。
、少選(ショウセン)、暫(しば)し、少しの間。",選 → JPDB Kanji Freq: 247,漢字の読みを入力してください,Text
"__選__る
悪いものをすて、いいものを選ぶ。","え,よ","［選］七級
音: セン 訓: えら・ぶ／え・る／よ・る
意味: 多くのものを基準に従って仕分ける、また仕分けて目的のものを抜き出す、選択(センタク)、選抜(センバツ)、同「撰」。
仕分け抜き出したものを纏(まと)めたもの、、選集(センシュウ)(幾つかの作品の中から選び纏めた書物、作品集)」。
、少選(ショウセン)、暫(しば)し、少しの間。",選 → JPDB Kanji Freq: 247,漢字の読みを入力してください,Text
__振__れる，__振__るう，__振__る，__振__り,ふ,"［振］四級
音: シン 訓: ふ・る／ふ・るう
意味: 揺(ゆ)する、揺るがす、揺り動かす。
揺すって奮(ふる)い起こす、また奮い立たせる。
励(はげ)ます、励まし救(すく)う。
盛んなさま、勢(いきお)いがあるさま、振振(シンシン)。",振 → JPDB Kanji Freq: 246,漢字の読みを入力してください,Text
__乗__る，__乗__り物，__乗__せる,の,"［乗］八級
音: ショウ／ジョウ 訓: の・る／の・せる
意味: 高台(たかだい、周りからは一段と高く人や物が乗ることができるようなところ)に登(のぼ)る、馬や車・舟などの台ダイに上(あ)がる。
(人が乗るための)馬や車・舟など(乗り物)。
よい機会を捕(と)らえ(上に乗って)これを利用する。
掛け算をする、掛け算。
車一台を馬四頭で引く馬車、兵車(ヘイシャ)、また広く乗り物を指す、同「𨍱」「𨌤」。
四つで一組になるもの。
史書、歴史書
仏教の教えの一つ、「大乗」「小乗」",乗 → JPDB Kanji Freq: 244,漢字の読みを入力してください,Text
"__放__る
①投げる。「石を―る」
②途中でやめる。「試験勉強を―り出す」
③放置する。「現状のまま―っておく」",ほう,"［放］八級
音: ホウ 訓: はな・す／はな・つ／はな・れる／ほう・る
意味: 制限セイゲン、束縛(ソクバク)、拘束(コウソク)され自由に動けない状態であったものを自由に動ける状態にする、制限・束縛・拘束を解(と)く、、開放(カイホウ)(閉じていたものを開け放つ、また広げる)」、放免(ホウメン)(罰を解き釈放すること)」。
制限・束縛・拘束されることなく気儘(きまま)なさま、、放縦(ホウジュウ)(気ままなさま)」、放言(ホウゲン)(気兼ねすることなく言いたいことを言う)」。
(制限・束縛・拘束が解かれ)四方に散る、散らす。
置(お)く、置いておく。",放 → JPDB Kanji Freq: 243,漢字の読みを入力してください,Text
"__放__る
〔俗〕からだの中にたまったものを、外へおし出す。
「くそを━・屁を━」",ひ,"［放］八級
音: ホウ 訓: はな・す／はな・つ／はな・れる／ほう・る
意味: 制限セイゲン、束縛(ソクバク)、拘束(コウソク)され自由に動けない状態であったものを自由に動ける状態にする、制限・束縛・拘束を解(と)く、、開放(カイホウ)(閉じていたものを開け放つ、また広げる)」、放免(ホウメン)(罰を解き釈放すること)」。
制限・束縛・拘束されることなく気儘(きまま)なさま、、放縦(ホウジュウ)(気ままなさま)」、放言(ホウゲン)(気兼ねすることなく言いたいことを言う)」。
(制限・束縛・拘束が解かれ)四方に散る、散らす。
置(お)く、置いておく。",放 → JPDB Kanji Freq: 243,漢字の読みを入力してください,Text
"__放__く
①はなつ。ひる。「屁を―く」
②はばかりなく言う。ぬかす。「見えすいたうそを―くな」",こ,"［放］八級
音: ホウ 訓: はな・す／はな・つ／はな・れる／ほう・る
意味: 制限セイゲン、束縛(ソクバク)、拘束(コウソク)され自由に動けない状態であったものを自由に動ける状態にする、制限・束縛・拘束を解(と)く、、開放(カイホウ)(閉じていたものを開け放つ、また広げる)」、放免(ホウメン)(罰を解き釈放すること)」。
制限・束縛・拘束されることなく気儘(きまま)なさま、、放縦(ホウジュウ)(気ままなさま)」、放言(ホウゲン)(気兼ねすることなく言いたいことを言う)」。
(制限・束縛・拘束が解かれ)四方に散る、散らす。
置(お)く、置いておく。",放 → JPDB Kanji Freq: 243,漢字の読みを入力してください,Text
__放__れる，__放__つ，__放__す，手__放__す,はな,"［放］八級
音: ホウ 訓: はな・す／はな・つ／はな・れる／ほう・る
意味: 制限セイゲン、束縛(ソクバク)、拘束(コウソク)され自由に動けない状態であったものを自由に動ける状態にする、制限・束縛・拘束を解(と)く、、開放(カイホウ)(閉じていたものを開け放つ、また広げる)」、放免(ホウメン)(罰を解き釈放すること)」。
制限・束縛・拘束されることなく気儘(きまま)なさま、、放縦(ホウジュウ)(気ままなさま)」、放言(ホウゲン)(気兼ねすることなく言いたいことを言う)」。
(制限・束縛・拘束が解かれ)四方に散る、散らす。
置(お)く、置いておく。",放 → JPDB Kanji Freq: 243,漢字の読みを入力してください,Text
__兄__，__兄__貴,あに,"［兄］九級
音: ケイ／キョウ 訓: あに
意味: 同じ親を持つ自分よりも先に生まれた男子、同、哥哥(カカ)、自分よりも後から生まれた男子は「弟」。
年長また同世代の男子に対する敬称。",兄 → JPDB Kanji Freq: 242,漢字の読みを入力してください,Text
__嫌__う，__嫌__い,きら,"［嫌］凖二級
音: ケン／ゲン 訓: いや／きら・う
意味: 好きでない、どこか意に沿わないところがある、同「慊」、嫌悪(ケンオ)。
何となく避けた方が良いような気がする、憚(はばか)る。
何かしら心に引っ掛る(ひっかかる)ものがある、疑わしい、同「慊」、嫌疑(ケンギ)。",嫌 → JPDB Kanji Freq: 241,漢字の読みを入力してください,Text
__嫌__だ，__嫌__がる，__嫌__気がさす,いや,"［嫌］凖二級
音: ケン／ゲン 訓: いや／きら・う
意味: 好きでない、どこか意に沿わないところがある、同「慊」、嫌悪(ケンオ)。
何となく避けた方が良いような気がする、憚(はばか)る。
何かしら心に引っ掛る(ひっかかる)ものがある、疑わしい、同「慊」、嫌疑(ケンギ)。",嫌 → JPDB Kanji Freq: 241,漢字の読みを入力してください,Text
__突__く，一__突__き,つ,"［突］四級
音: トツ／ドチ 訓: つ・く
意味: 犬が穴から急に飛び出す、また飛び出てくる。
急に、不意に。
つ・く、撞(つ)く、(棒状のものを正面から)まっすぐに当てる。
そこだけ凸状に飛び出ているさま、またそのような形。",突 → JPDB Kanji Freq: 240,漢字の読みを入力してください,Text
__伝__わる，__伝__える，言い__伝__え，__伝__う,つた,"［伝］七級
音: ウン／テン／デン 訓: つた・える／つた・わる／つた・う／つて
意味: 伝伝(ウンウン)、雲のように留(とど)まることなく漂い行くさま。
日同「傳」",伝 → JPDB Kanji Freq: 238,漢字の読みを入力してください,Text
"__伝__・伝手
①相手に伝える手段。
「━があるから、届けてあげよう」
②てづる。
「━をもとめて就職する」",つて,"［伝］七級
音: ウン／テン／デン 訓: つた・える／つた・わる／つた・う／つて
意味: 伝伝(ウンウン)、雲のように留(とど)まることなく漂い行くさま。
日同「傳」",伝 → JPDB Kanji Freq: 238,漢字の読みを入力してください,Text
__流__れる，横__流__し，__流__れ，__流__す，__流__し,なが,"［流］八級
音: リュウ／ル 訓: なが・れる
意味: 水(液体)が淀(よど)まずに移動する、水に浮かんだものや水中にあるものが移動して行く。
(川の流れのように)淀みないさま。
(川の流れのように)思いのままに移り行くさま。
(川の流れのように)枝分かれしながら移動して行く、また途切れずに伝わって行く、また広まって行く。
大本(おおもと)から枝分かれしたもの、系統ケイトウ、階層や等級。
罰バツとして遠方へ移動させる、また追い出す、流刑(リュウケイ・ルケイ)。",流 → JPDB Kanji Freq: 237,漢字の読みを入力してください,Text
__海__，__海__鳴り,うみ,"［海］九級
音: カイ 訓: うみ
意味: 大地を取り囲むように広がる深く広大な水溜まり(みずたまり)、陸地内の大きな水溜まりは「湖」。
広く大きいさま。
たくさんのものが集まっているさま。",海 → JPDB Kanji Freq: 234,漢字の読みを入力してください,Text
__応__える,こた,"［応］六級
音: ヨウ／オウ 訓: こた・える
意味: 相手からの問い掛けや働き掛けに対して自分の意思を態度で示す、言葉で返すのは「答」。
相手の求めを受け入れる。
当然～すべき、当然～であろう。",応 → JPDB Kanji Freq: 233,漢字の読みを入力してください,Text
__夜__，__夜__昼,よる,"［夜］九級
音: ヤ 訓: よ／よる
意味: 日没から日の出までの間、陽が沈んで暗い時間帯、日中は「昼」。",夜 → JPDB Kanji Freq: 232,漢字の読みを入力してください,Text
__夜__が明ける，__夜__風，月__夜__,よ,"［夜］九級
音: ヤ 訓: よ／よる
意味: 日没から日の出までの間、陽が沈んで暗い時間帯、日中は「昼」。",夜 → JPDB Kanji Freq: 232,漢字の読みを入力してください,Text
__頼__る，__頼__り,たよ,"［頼］四級
音: ライ 訓: たよ・る／たの・む／たの・もしい
意味: 他に任(まか)せ切りにする、他を当てにする。
仕事や責任などを他に押し付ける、他のせいにする。
無頼(ブライ)他を当てにしない嘘ばかりで狡賢(ずるがしこ)く立ち回る者ならず者、悪党。
利益、儲(もう)け。
日たの・む、他にお願いする。
日。",頼 → JPDB Kanji Freq: 231,漢字の読みを入力してください,Text
__頼__もしい，__頼__む，__頼__み,たの,"［頼］四級
音: ライ 訓: たよ・る／たの・む／たの・もしい
意味: 他に任(まか)せ切りにする、他を当てにする。
仕事や責任などを他に押し付ける、他のせいにする。
無頼(ブライ)他を当てにしない嘘ばかりで狡賢(ずるがしこ)く立ち回る者ならず者、悪党。
利益、儲(もう)け。
日たの・む、他にお願いする。
日。",頼 → JPDB Kanji Freq: 231,漢字の読みを入力してください,Text
紙一__重__，三__重__県，一__重__瞼，八__重__桜,え,"［重］八級
音: チョウ／ジュウ 訓: おも・い／かさ・なる／え
意味: 層になる、上に載る、下になったものに上から大きな力が掛かる、負担が大きい。
再び、繰り返して、何度も、何層にも。
何層にも心配りがされていて手厚い、丁寧な。
何層にも
非常に、甚だしい。",重 → JPDB Kanji Freq: 230,漢字の読みを入力してください,Text
__重__い，__重__たい,おも,"［重］八級
音: チョウ／ジュウ 訓: おも・い／かさ・なる／え
意味: 層になる、上に載る、下になったものに上から大きな力が掛かる、負担が大きい。
再び、繰り返して、何度も、何層にも。
何層にも心配りがされていて手厚い、丁寧な。
何層にも
非常に、甚だしい。",重 → JPDB Kanji Freq: 230,漢字の読みを入力してください,Text
__重__ねる，__重__ね着，__重__なる,かさ,"［重］八級
音: チョウ／ジュウ 訓: おも・い／かさ・なる／え
意味: 層になる、上に載る、下になったものに上から大きな力が掛かる、負担が大きい。
再び、繰り返して、何度も、何層にも。
何層にも心配りがされていて手厚い、丁寧な。
何層にも
非常に、甚だしい。",重 → JPDB Kanji Freq: 230,漢字の読みを入力してください,Text
__飛__ぶ，__飛__び火，__飛__ばす,と,"［飛］七級
音: ヒ 訓: と・ぶ／と・ばす
意味: 鳥や昆虫などが翼(つばさ)を羽ばたかせて空中を行く。
空中を移動する、飛語(ヒゴ)(素早く広まる話、根拠のない噂話)」。
(飛ぶように)ぱっと(速く)移動するさま、速いさま。
とぶ、部首名。",飛 → JPDB Kanji Freq: 229,漢字の読みを入力してください,Text
__報__いる，__報__い,むく,"［報］六級
音: ホウ／ホ 訓: むく・い／むく・いる／しら・せ
意味: 相手から受けた物事に対して相応ソウオウの物事で返す、相手に与えた物事に対して相応の物事が返ってくる、罪科の程度に相応する罰を与える(「罪を犯せば相応の罰が返ってくる」の意)。
受けた命令や指示の結果を伝える、回答する、返答する。
しら・せ、知らせる、伝える。",報 → JPDB Kanji Freq: 228,漢字の読みを入力してください,Text
__都__，__都__落ち,みやこ,"［都］八級
音: ト／ツ 訓: みやこ
意味: 天子や天皇が主として住むところ、先君を祭る宗廟を置くところ。
国の中心的な町、人が多く集まる大きな町。
多くのものが集まる、多くのものが集まるところ。
盛んなさま、雅(みやび)やかなさま。
全て、みんな。",都 → JPDB Kanji Freq: 227,漢字の読みを入力してください,Text
__過__たず，__過__つ，__過__ち,あやま,"［過］六級
音: カ 訓: す・ぎる／す・ごす／よぎ・る／あやま・ち／あやま・つ
意味: 度ド(度合、節度、法度、限度、程度など)を越える(超える)。
度を越えて(超えて)しまう、誤(あやま)る。
時(とき、時代、時期、季節、月日、時間など)を通り越す、過去(カコ)。",過 → JPDB Kanji Freq: 226,漢字の読みを入力してください,Text
__過__ごす，__過__ぎる，昼__過__ぎ,す,"［過］六級
音: カ 訓: す・ぎる／す・ごす／よぎ・る／あやま・ち／あやま・つ
意味: 度ド(度合、節度、法度、限度、程度など)を越える(超える)。
度を越えて(超えて)しまう、誤(あやま)る。
時(とき、時代、時期、季節、月日、時間など)を通り越す、過去(カコ)。",過 → JPDB Kanji Freq: 226,漢字の読みを入力してください,Text
__過__る，頭を__過__る,よぎ,"［過］六級
音: カ 訓: す・ぎる／す・ごす／よぎ・る／あやま・ち／あやま・つ
意味: 度ド(度合、節度、法度、限度、程度など)を越える(超える)。
度を越えて(超えて)しまう、誤(あやま)る。
時(とき、時代、時期、季節、月日、時間など)を通り越す、過去(カコ)。",過 → JPDB Kanji Freq: 226,漢字の読みを入力してください,Text
__天__が下，__天__「そら」の古い言い方,あめ,"［天］十級
音: テン 訓: あま／あめ
意味: 軽い陽気が(上に浮き)集まるところ、重い陰気が(下に沈み)集まるところを、地(チ)。
(「地」に対する語で)上にあるもの、頭上高くに広がっているところ、地を広く覆(おお)っているもの
地に存在する万物を創造・采配するもの
自然シゼン、自然界の動きや働き、自然現象、時(とき)、季節、気候、「天が采配するもの」の意。
(天の命を受けて)人を支配する者。",天 → JPDB Kanji Freq: 225,漢字の読みを入力してください,Text
__天__の川，__天__下り,あま,"［天］十級
音: テン 訓: あま／あめ
意味: 軽い陽気が(上に浮き)集まるところ、重い陰気が(下に沈み)集まるところを、地(チ)。
(「地」に対する語で)上にあるもの、頭上高くに広がっているところ、地を広く覆(おお)っているもの
地に存在する万物を創造・采配するもの
自然シゼン、自然界の動きや働き、自然現象、時(とき)、季節、気候、「天が采配するもの」の意。
(天の命を受けて)人を支配する者。",天 → JPDB Kanji Freq: 225,漢字の読みを入力してください,Text
__失__う,うしな,"［失］七級
音: シツ／シチ 訓: うしな・う／う・せる
意味: 指の間から(隙間から)するりと抜け出る、手にしていたもの(それまであったもの)をなくす。
逸イッする、なくす、なくなる。
すべきことや選ぶべき道・時などを見逃(みのが)す。
遣り損(やりそこな)う、すべきことを(うっかり)し忘れる、過(あやま)つ。",失 → JPDB Kanji Freq: 224,漢字の読みを入力してください,Text
"__失__せる，__失__せ物
①なくなる。消える。
「読む気が━」
②〔俗〕去る。
「とっととうせろ」",う,"［失］七級
音: シツ／シチ 訓: うしな・う／う・せる
意味: 指の間から(隙間から)するりと抜け出る、手にしていたもの(それまであったもの)をなくす。
逸イッする、なくす、なくなる。
すべきことや選ぶべき道・時などを見逃(みのが)す。
遣り損(やりそこな)う、すべきことを(うっかり)し忘れる、過(あやま)つ。",失 → JPDB Kanji Freq: 224,漢字の読みを入力してください,Text
__我__が国,わ,"［我］五級
音: ガ 訓: われ／わ・が
意味: 自分の、主に所有格myや目的格meで用いられ、主格Iでは「吾」が用いられる、我見(ガケン)(私見、わたしの見解)」。
自分、自分を指す語、同「吾」「余」「予」。",我 → JPDB Kanji Freq: 223,漢字の読みを入力してください,Text
__我__，__我__々，__我__ら,われ,"［我］五級
音: ガ 訓: われ／わ・が
意味: 自分の、主に所有格myや目的格meで用いられ、主格Iでは「吾」が用いられる、我見(ガケン)(私見、わたしの見解)」。
自分、自分を指す語、同「吾」「余」「予」。",我 → JPDB Kanji Freq: 223,漢字の読みを入力してください,Text
__車__，歯__車__,くるま,"［車］十級
音: シャ 訓: くるま
意味: 二つの輪リン(車輪)の中心に軸(ジク、車軸)を通し、その上に人や物を乗せるための台(車台)を設(しつら)えたもの{乗物(馬車)}。
輪状・円状のものが軸を中心として回転するもの{乗物(車輪)}。
くるま、くるまへん、部首名。",車 → JPDB Kanji Freq: 222,漢字の読みを入力してください,Text
__化__ける，お__化__け，__化__かす,ば,"［化］八級
音: カ／ケ 訓: ば・ける
意味: 性質・形状・状態などが元とは全く違ったものに変わる、まだ元の様子が分かる程度の変化は「変」。
他の影響を受けて、また時間を経ることによって考えや態度などが変わる。
教え導くことによって考えや態度などを変える。",化 → JPDB Kanji Freq: 221,漢字の読みを入力してください,Text
__配__る,くば,"［配］八級
音: ハイ／ヘ 訓: くば・る
意味: 釣り合いが取れるようにする、相応(ふさわ)しい形や状態にする。
幾つかのものを合わせて(結び付けて)整える、調和させる。
結婚した相手、また妻、配偶(ハイグウ)(夫婦、後に妻を指すようになった)」。
割り当てる、割り振る、振り向ける。",配 → JPDB Kanji Freq: 220,漢字の読みを入力してください,Text
__調__べる，__調__べ,しら,"［調］八級
音: チョウ／ジョウ 訓: ととの・える／ととの・う／しら・べる
意味: 整える、釣り合いを取る、バランスbalanceを取る、不均衡・不公平などでない状態にする、不快感・違和感などを感じない状態に整える、調和(チョウワ)。
音律・音階の具合、音や声の抑揚ヨクヨウの具合、またそれを合わせる。
揃える、取り揃える。
古代の税「租・庸・調」の一つ、租ソ(穀物)、庸(ヨウ)(労役)以外の布などの現物。",調 → JPDB Kanji Freq: 219,漢字の読みを入力してください,Text
__調__える，__調__う,ととの,"［調］八級
音: チョウ／ジョウ 訓: ととの・える／ととの・う／しら・べる
意味: 整える、釣り合いを取る、バランスbalanceを取る、不均衡・不公平などでない状態にする、不快感・違和感などを感じない状態に整える、調和(チョウワ)。
音律・音階の具合、音や声の抑揚ヨクヨウの具合、またそれを合わせる。
揃える、取り揃える。
古代の税「租・庸・調」の一つ、租ソ(穀物)、庸(ヨウ)(労役)以外の布などの現物。",調 → JPDB Kanji Freq: 219,漢字の読みを入力してください,Text
__田__，豊__田__，__田__植え,た,"［田］十級
音: テン／デン 訓: た
意味: 畦(あぜ)などで区画され平らに整地された耕作地、主に農作物を栽培する土地、同「佃」。
狩(か)り、狩りをする、田漁(デンギョ)(漁猟ギョリョウ)」、田犬(デンケン)(狩猟犬)」、同「畋」「佃」。
た、たへん、部首名。",田 → JPDB Kanji Freq: 218,漢字の読みを入力してください,Text
__野__，__野__原，__野__放し,の,"［野］九級
音: ヤ 訓: の
意味: 郊外コウガイ、都(みやこ)を囲む城壁の外に広がる地で都から百里以内の地を、郊(コウ)、その外を、野(ヤ)、その外を、林(リン)、その外を、冂(ケイ)といった。
都から離れているところ、(周りに遮(さえぎ)るものがない)広々としたところ、またその区域・範囲
民間ミンカン、「都(朝廷)の外にある」の意
自然のままであるさま、田舎びたさま、洗練されていないさま。",野 → JPDB Kanji Freq: 217,漢字の読みを入力してください,Text
__起__こる，__起__こす，__起__きる，早__起__き,お,"［起］八級
音: キ／コ 訓: お・きる／お・こす／お・こる／た・つ
意味: (横になっている状態・低い状態から上に向かって)立つ、立ち上がる、立たせる、立ち上げる。
(それまで動きのなかった物事が)動き出す、動き始める。
物事を動かす、始める、始まる、物事の始まり。",起 → JPDB Kanji Freq: 216,漢字の読みを入力してください,Text
__親__，__親__子，父__親__,おや,"［親］九級
音: シン 訓: おや／した・しい／した・しむ／ちか・しい
意味: 身近にいる、近しい。
関係が近い、関係が深い。
父母。
血縁・婚姻関係にある人。
深く付き合う、気兼ねなく接することができる、気の置けない。
自ら、自分で。",親 → JPDB Kanji Freq: 215,漢字の読みを入力してください,Text
__親__しむ，__親__しい，__親__しさ,した,"［親］九級
音: シン 訓: おや／した・しい／した・しむ／ちか・しい
意味: 身近にいる、近しい。
関係が近い、関係が深い。
父母。
血縁・婚姻関係にある人。
深く付き合う、気兼ねなく接することができる、気の置けない。
自ら、自分で。",親 → JPDB Kanji Freq: 215,漢字の読みを入力してください,Text
"社  (屋代)
神をまつってある所。また、そのたてもの。神社。",やしろ,"［社］九級
音: シャ／ジャ 訓: やしろ
意味: 土地の神、土地の神を祀(まつ)る建物。
同種また同じ目的を持つ人から成る集まり。",社 → JPDB Kanji Freq: 214,漢字の読みを入力してください,Text
__美__しい，__美__しさ,うつく,"［美］八級
音: ビ／ミ 訓: うつく・しい
意味: 綺麗な、姿形が良い。
善(よ)い、良い、優(すぐ)れている。
美味しい、味が良い、甘い。
褒(ほ)める、称賛する。",美 → JPDB Kanji Freq: 213,漢字の読みを入力してください,Text
__呼__ぶ，__呼__び声,よ,"［呼］五級
音: コ／ク 訓: よ・ぶ
意味: 大きな声を出す、呼号(コゴウ)(大声で叫ぶ、また泣く)」。
人に声を掛ける、人に声を掛け招く。
名付(なづ)ける、名前、「呼び名」、呼称(コショウ)。
大きく息を吐き出す、、呼吸(コキュウ)(息を吐き息を吸うこと)」。
「ひゅー」「ぴゅー」などの息や風が空気を震わせる音。
、嗚呼・烏乎(アア)、「ああ」「おう」というような感嘆の声、同「歍歑」。",呼 → JPDB Kanji Freq: 212,漢字の読みを入力してください,Text
"__安__んぞ・焉んぞ
〔文〕おもに反語に使うことば。どうして。
「━知らん〔＝どうして知っていようか、知るはずもない〕」",いずく,"［安］八級
音: アン 訓: やす・らぐ／やす・い／やす・んずる／いずく・んぞ／いずく・に
意味: 心を乱すものも体を縛るものもなく穏(おだ)やかなさま、気に掛かるようなことがなくゆったりとしたさま。
揺(ゆ)らぎや乱れがないさま、落ち着くさま。
いずく・んぞ、どうして、どうして～なのか。
いずく・に、何処(どこ)に、安在(アンザイ)(何処？、何処にある？、何処に居る？)」。
日やす・い、価値相応の価格に比べて価格が低い。",安 → JPDB Kanji Freq: 211,漢字の読みを入力してください,Text
__安__い，__安__らかだ,やす,"［安］八級
音: アン 訓: やす・らぐ／やす・い／やす・んずる／いずく・んぞ／いずく・に
意味: 心を乱すものも体を縛るものもなく穏(おだ)やかなさま、気に掛かるようなことがなくゆったりとしたさま。
揺(ゆ)らぎや乱れがないさま、落ち着くさま。
いずく・んぞ、どうして、どうして～なのか。
いずく・に、何処(どこ)に、安在(アンザイ)(何処？、何処にある？、何処に居る？)」。
日やす・い、価値相応の価格に比べて価格が低い。",安 → JPDB Kanji Freq: 211,漢字の読みを入力してください,Text
__絶__やす，__絶__つ，__絶__える,た,"［絶］六級
音: セツ／ゼツ／ゼチ 訓: た・つ／た・える／た・やす
意味: (一本の糸・続いているもの・繋がっているものを途中で)断(た)ち切る、切り離す、同「𢇍」「𠤉」。
きっぱりと分(わ)かつ。
(それまで続いていたもの・繋がっていたものが)途切れる、切れてその先が続いて行かない。
(続いていたもの・繋がっていたものの)その先がない、その先には何もない。
(続いていたもの・繋がっていたものが)尽(つ)きる、滅(ほろ)ぶ。
それ以上はない、甚(はなは)だしい、非常に、極めて。",絶 → JPDB Kanji Freq: 210,漢字の読みを入力してください,Text
__風__上，__風__車,かざ,"［風］九級
音: ホウ／フウ／フ 訓: かぜ／かざ
意味: 大気の流れや揺らぎ{風}。
(風に乗って)どこからともなく届いて来る話や様子。
(風のように自然に広まる)一般的な習慣や傾向。
譬える、似たもの。
かぜ、部首名。",風 → JPDB Kanji Freq: 209,漢字の読みを入力してください,Text
__風__，そよ__風__,かぜ,"［風］九級
音: ホウ／フウ／フ 訓: かぜ／かざ
意味: 大気の流れや揺らぎ{風}。
(風に乗って)どこからともなく届いて来る話や様子。
(風のように自然に広まる)一般的な習慣や傾向。
譬える、似たもの。
かぜ、部首名。",風 → JPDB Kanji Freq: 209,漢字の読みを入力してください,Text
__業__，仕__業__，早__業__,わざ,"［業］八級
音: ギョウ／ゴウ 訓: わざ
意味: 鍾ショウや磬ケイなどの打楽器を吊るすための横木(筍)の上の横板、吊るした楽器の位置が演奏中にずれないように凹みや突起がついていたという、「业」はそれを象ったもの、同「㸣」「𢄁」。
(特に生活するための)仕事、仕事をする、それによって得た財産、「産業」は中国では「資産・私有財産」のこと。
学問、技芸。
行い、行為、それによって受ける報い。
既に。",業 → JPDB Kanji Freq: 207,漢字の読みを入力してください,Text
__命__，__命__拾い,いのち,"［命］八級
音: メイ／ミョウ 訓: いのち／みこと
意味: 天や神から差し遣(さしつ)わされるもの、また授(さず)かるもの、生命(セイメイ)、寿命(ジュミョウ)、運命(ウンメイ)。
身分・地位が高い人や敬うべき人からの指示や教え、、命令(メイレイ)。
名前を授かる、名付(なづ)ける、、命名(メイメイ)。
日神、神の称号。",命 → JPDB Kanji Freq: 206,漢字の読みを入力してください,Text
__色__，桜__色__，__色__づく,いろ,"［色］九級
音: ソク／シキ／ショク 訓: いろ
意味: 視覚によって認識するものの内、形状以外のもの、(特に顔の)表情、彩(いろどり)り、具合(ぐあい)、様子。
男女間の情欲ジョウヨク。
種類、二色=二種類。
いろ、部首名。",色 → JPDB Kanji Freq: 205,漢字の読みを入力してください,Text
__水__，__水__商売，__水__臭い，__水__色，__水__浴び,みず,"［水］十級
音: スイ 訓: みず／みな／み
意味: 器などに入れると水平になる(器に合わせて形を変える)液体、液状のもの、酸素と水素からなる液体H2O、(一般には人工的に他のものを加えていない水・澄んでいる水・常温の水を指す)。
川・沼・湖・海など(水のあるところ)を指す語、特に川・河・江(水の流れ)を指す。
汁状のもの、汁が多いもの(水っぽいもの)。
五行(木・火・土・金・水)の一つ{五行}。
日。",水 → JPDB Kanji Freq: 204,漢字の読みを入力してください,Text
__機__，__機__織り,はた,"［機］七級
音: キ／ケ 訓: はた
意味: 布を織る装置、機織(キショク)(はたおり)」。
ある仕事をさせる(する)ために人や部品を組み合わせて作り上げた仕組みや仕掛け(組織や装置)。
機関(キカン)ある仕事をさせる(する)ための仕組みや仕掛け、絡繰(からくり、機関)ある仕事をするために設けた組織ある目的を達するための方法を考え組み立てること、企(たくら)み。
枢機(スウキ)枢スウ(くるる、開き戸を開閉するために扉の上下に取り付けた突起)と機キ(機械仕掛けの弓の発射装置)物事の中心的・重要な部分、また重要な役職・部署。
物事が起こったり変化したりする際の要(かなめ)となる部分やタイミングtiming。
機変(キヘン)、その時や場に応じて巧(たく)みに対応すること、また対応が巧みなこと。
簡「机」。",機 → JPDB Kanji Freq: 203,漢字の読みを入力してください,Text
__数__，__数__々,かず,"［数］九級
音: ス／シュ／サク／スウ 訓: かず／かぞ・える
意味: かず、同種のもの(繰り返されるもの)の多少を表す語。
かぞ・える、一つ二つ(一回二回)と計算する、またその多少。
細かい、煩(わずら)わしい。
しばしば、同じことを何度も、度々(たびたび)。",数 → JPDB Kanji Freq: 202,漢字の読みを入力してください,Text
__数__える，__数__え年,かぞ,"［数］九級
音: ス／シュ／サク／スウ 訓: かず／かぞ・える
意味: かず、同種のもの(繰り返されるもの)の多少を表す語。
かぞ・える、一つ二つ(一回二回)と計算する、またその多少。
細かい、煩(わずら)わしい。
しばしば、同じことを何度も、度々(たびたび)。",数 → JPDB Kanji Freq: 202,漢字の読みを入力してください,Text
"__三つ__，__三日__
__三つ__指，__三日__月","みっつ,みつ,みか,みっか","［三］十級
音: サン 訓: み／みつ／みっ・つ
意味: 数の名、三番目{数字}。",三 → JPDB Kanji Freq: 201,漢字の読みを入力してください,Text
__残__る，__残__り，__残__す，食べ__残__し,のこ,"［残］七級
音: サン／ザン 訓: のこ・る／のこ・り／のこ・す
意味: 傷付ける、害(ガイ)する、壊(こわ)す。
踏(ふ)み付けにする、平気で人に危害を加える。
酷(むご)い。
必要なものを取り除いた余り、必要なものを満たすために不足している分量。",残 → JPDB Kanji Freq: 200,漢字の読みを入力してください,Text
__成__る，__成__り立つ，__成__す，__成__し遂げる,な,"［成］七級
音: セイ／ジョウ 訓: な・る／な・す
意味: 為(な)す、形や状態などを変えようとする、また変わろうとする。
本来の形や状態になる、目的・目標を持って働き、当初の目的・目標に達する、出来上がる、仕上がる、成就(ジョウジュ)。
積み重なる、積み重なってある形や状態になる、またある形や状態に仕上げる。
十里四方の耕作地(田畑)、一里四方の耕作地を「井」といい、1成＝100井、「井」参照{井田制}。
十分の一、1成=1割、同「𧶔」。",成 → JPDB Kanji Freq: 199,漢字の読みを入力してください,Text
__母__，__母__親,はは,"［母］九級
音: ボウ／ム／モ／ボ 訓: はは
意味: 女親(おんなおや)。
子を生み育てる性、雌性シセイ、女性。
物事を生み出す元(もと)となるもの、生まれた場所。",母 → JPDB Kanji Freq: 198,漢字の読みを入力してください,Text
__始__める，__始__め，__始__まる，__始__まり,はじ,"［始］八級
音: シ 訓: はじ・まる／はじ・め／はじ・める
意味: それ以降続く物事の最初、出だし、「始」は「物事はまず～から始める、～から始まる」、「初」は「物事はまず初めに～する、～の初め」。
初めて、～の時に至ってやっと、同「初」。",始 → JPDB Kanji Freq: 197,漢字の読みを入力してください,Text
__可__くして，__可__く，__可__い，__可__からず，__可__かりけり，__可__き，__可__し，__可__からざる,べ,"［可］六級
音: カ 訓: べ・し
意味: よい、よろしい、～してよい、同意の語。
認める、許す、許可の意を表す語。
～できる、可能性を示す語。
(当然)～すべきである、(必ず、きっと)～となるだろう。
～ばかり、凡(おおよ)そ～、～ほど。",可 → JPDB Kanji Freq: 196,漢字の読みを入力してください,Text
__多__い,おお,"［多］九級
音: タ 訓: おお・い
意味: 数や度量ドリョウ(ものの多少・軽重・長短・高低・深浅・強弱など)が、あるべき(必要とする)数や度量より大きい、また余りある、またそれを超えている、少ないのは「少」「寡」。
何層にもなる、何度も繰り返される。",多 → JPDB Kanji Freq: 195,漢字の読みを入力してください,Text
__主__な人々,おも,"［主］八級
音: シュ／ス 訓: おも・な／おも・に／ぬし／あるじ
意味: 蝋燭やランプなどの灯心、同「炷」。
多くの中で特に重要な、またそのような人。
中心となるもの、中心にあるもの、またそのような人。
司(つかさど)る、中心となって統治・統括する、またそのような人。",主 → JPDB Kanji Freq: 194,漢字の読みを入力してください,Text
"__主__
家や店の主人。また、家の持ち主。例 店の主。",あるじ,"［主］八級
音: シュ／ス 訓: おも・な／おも・に／ぬし／あるじ
意味: 蝋燭やランプなどの灯心、同「炷」。
多くの中で特に重要な、またそのような人。
中心となるもの、中心にあるもの、またそのような人。
司(つかさど)る、中心となって統治・統括する、またそのような人。",主 → JPDB Kanji Freq: 194,漢字の読みを入力してください,Text
__主__，地__主__,ぬし,"［主］八級
音: シュ／ス 訓: おも・な／おも・に／ぬし／あるじ
意味: 蝋燭やランプなどの灯心、同「炷」。
多くの中で特に重要な、またそのような人。
中心となるもの、中心にあるもの、またそのような人。
司(つかさど)る、中心となって統治・統括する、またそのような人。",主 → JPDB Kanji Freq: 194,漢字の読みを入力してください,Text
__戻__る，後__戻__り，__戻__す，差し__戻__し,もど,"［戻］凖二級
音: レイ／ライ 訓: もど・る／もと・る
意味: 車の左右側の扉。
日もど・る、元と同じ状態になる、逆方向に向かって元の場所に帰る
日",戻 → JPDB Kanji Freq: 193,漢字の読みを入力してください,Text
"__止__める
①続いてきたことを、とめる。
「勉強を━・酒を━・やめて、お願い」
②とりやめる。
「行くのを━」",や,"［止］九級
音: シ 訓: とど・まる／とど・める／と・まる／と・める／や・める／や・む／よ・す
意味: ものが動かないように(しっかりと)立つための支えとなる基(もと、土台)。
体を支える足(あし)。
同じ所に留(とど)まって動かない(「止」は止まったまま動かないことをいい、「停」は動きの途中で一時的に止まることをいう)。
動いているものを(していることを)押えて動ないようにする、また動かなくなる、動きを(していることを)終わらせる、また終わる、留める、留まる。
とめる、部首名。",止 → JPDB Kanji Freq: 192,漢字の読みを入力してください,Text
"__止__す (1,2)
とちゅうでやめる。
「言い━」","よ,さ","［止］九級
音: シ 訓: とど・まる／とど・める／と・まる／と・める／や・める／や・む／よ・す
意味: ものが動かないように(しっかりと)立つための支えとなる基(もと、土台)。
体を支える足(あし)。
同じ所に留(とど)まって動かない(「止」は止まったまま動かないことをいい、「停」は動きの途中で一時的に止まることをいう)。
動いているものを(していることを)押えて動ないようにする、また動かなくなる、動きを(していることを)終わらせる、また終わる、留める、留まる。
とめる、部首名。",止 → JPDB Kanji Freq: 192,漢字の読みを入力してください,Text
駐まる・__止__める，歯__止__め，__止__まる，行き__止__まり,と,"［止］九級
音: シ 訓: とど・まる／とど・める／と・まる／と・める／や・める／や・む／よ・す
意味: ものが動かないように(しっかりと)立つための支えとなる基(もと、土台)。
体を支える足(あし)。
同じ所に留(とど)まって動かない(「止」は止まったまま動かないことをいい、「停」は動きの途中で一時的に止まることをいう)。
動いているものを(していることを)押えて動ないようにする、また動かなくなる、動きを(していることを)終わらせる、また終わる、留める、留まる。
とめる、部首名。",止 → JPDB Kanji Freq: 192,漢字の読みを入力してください,Text
"__止__まる，__留__まる
❶そこから動かない。例: 現地に止まる。
❷そのはんいでおさまる。例: 被害にあったのは五百人に止まらない。",とど,"［止］九級
音: シ 訓: とど・まる／とど・める／と・まる／と・める／や・める／や・む／よ・す
意味: ものが動かないように(しっかりと)立つための支えとなる基(もと、土台)。
体を支える足(あし)。
同じ所に留(とど)まって動かない(「止」は止まったまま動かないことをいい、「停」は動きの途中で一時的に止まることをいう)。
動いているものを(していることを)押えて動ないようにする、また動かなくなる、動きを(していることを)終わらせる、また終わる、留める、留まる。
とめる、部首名。",止 → JPDB Kanji Freq: 192,漢字の読みを入力してください,Text
__指__，__指__先,ゆび,"［指］八級
音: シ 訓: ゆび／ゆび・さす／さ・す
意味: ゆび、手足の先に伸び出た体の一部{人体(上肢)}。
ゆび・さす、さ・す、物事の方向を示す。
意図するところ、考え、意向、同「旨」。",指 → JPDB Kanji Freq: 191,漢字の読みを入力してください,Text
__指__す，__指__図，名__指__し,さ,"［指］八級
音: シ 訓: ゆび／ゆび・さす／さ・す
意味: ゆび、手足の先に伸び出た体の一部{人体(上肢)}。
ゆび・さす、さ・す、物事の方向を示す。
意図するところ、考え、意向、同「旨」。",指 → JPDB Kanji Freq: 191,漢字の読みを入力してください,Text
__表__れる・顕れる，__表__す・顕す,あらわ,"［表］八級
音: ヒョウ 訓: おもて／あらわ・れる／あらわ・す
意味: 重ね着をする際に最も上(外側)に羽織(はお)る衣服、上着(うわぎ)、外衣ガイイ、本「𧘝」、同「𧞧」。
外側、外側に面した部分。
人の目に触れる、またその部分。
人の目に触れるようにする、人にはっきりと示す。
主君や役所などに意志・意見を伝えるために認(したた)めた文書。
内容がはっきりと分かるようにしたもの、分かりやすく並べたもの。
小型の時計、手表・手錶(シュヒョウ)(腕時計)」、同繁「錶」。",表 → JPDB Kanji Freq: 190,漢字の読みを入力してください,Text
__表__，__表__門，裏__表__,おもて,"［表］八級
音: ヒョウ 訓: おもて／あらわ・れる／あらわ・す
意味: 重ね着をする際に最も上(外側)に羽織(はお)る衣服、上着(うわぎ)、外衣ガイイ、本「𧘝」、同「𧞧」。
外側、外側に面した部分。
人の目に触れる、またその部分。
人の目に触れるようにする、人にはっきりと示す。
主君や役所などに意志・意見を伝えるために認(したた)めた文書。
内容がはっきりと分かるようにしたもの、分かりやすく並べたもの。
小型の時計、手表・手錶(シュヒョウ)(腕時計)」、同繁「錶」。",表 → JPDB Kanji Freq: 190,漢字の読みを入力してください,Text
__願__う，__願__い，__願__わしい,ねが,"［願］七級
音: ゲン／ゴン／ガン 訓: ねが・う／ねが・い／ねが・わくは
意味: ひたすら欲しいと思う、望みが叶(かな)って欲しいとひたすら思う。
望むものが手に入るようにと希(こいねが)う、希望する。
ねが・わくは、～したい、～して欲しい、～になって(～であって)欲しい、「望んでいることは～である」の意。
頭(あたま)、同「𩕾」。
簡「愿」。",願 → JPDB Kanji Freq: 189,漢字の読みを入力してください,Text
"__撃__つ，早__撃__ち
__羽撃__く","う,はばた","［撃］四級
音: ケキ／キャク／ゲキ 訓: う・つ
意味: (軽く繰り返すのではなく一挙に)強く打つ、また撲(なぐ)る、また叩(たた)く。
相手に激しく突き掛かる。
敵を攻める、また滅ぼす。",撃 → JPDB Kanji Freq: 188,漢字の読みを入力してください,Text
__次__ぐ，__次__いで〔副〕,つ,"［次］八級
音: シ／ジ 訓: つぎ／つ・ぐ
意味: 並びや繰り返しの先頭の後に続く二番目。
後(あと)に続く、～の後に続いて～。
順序、次第(シダイ)。
繰り返される物事の回数、また順序、数次(スウジ)(数回)」、一次(イチジ)(一回目、一度目)」。
途中で一時留(とど)まる、旅や行軍の途中で宿(やど)る、またその場所。",次 → JPDB Kanji Freq: 186,漢字の読みを入力してください,Text
__次__，__次__に，__次__々と,つぎ,"［次］八級
音: シ／ジ 訓: つぎ／つ・ぐ
意味: 並びや繰り返しの先頭の後に続く二番目。
後(あと)に続く、～の後に続いて～。
順序、次第(シダイ)。
繰り返される物事の回数、また順序、数次(スウジ)(数回)」、一次(イチジ)(一回目、一度目)」。
途中で一時留(とど)まる、旅や行軍の途中で宿(やど)る、またその場所。",次 → JPDB Kanji Freq: 186,漢字の読みを入力してください,Text
"__番__える，__番__う，蝶__番__
①二つのものが組み合う。対になる。
②動物の雌雄が交尾する。つるむ。",つが,"［番］九級
音: ハン／ホン／バン 訓: つがい／つが・う／つが・える
意味: 順に並んでいるものを次々に入れ替えながら繰り返すこと、またその順位、またその順位に当たること、輪番(リンバン)(順番に交替しながら繰り返すこと)」、當番(トウバン)(当番、交代で務める職務に就くこと)」。
(指が放射状に伸びる)獣の足、同「𥸨」。
(四周の特に西方の異民族を指す語で)外国の、外国人、同「蕃」。
日見張り、見張り役をする。
日。",番 → JPDB Kanji Freq: 185,漢字の読みを入力してください,Text
__店__，夜__店__,みせ,"［店］九級
音: テン 訓: みせ／たな
意味: みせ、物を並べ売る建物、「一定の場所を占めて商売する屋根(广)のある所」の意。
たな、商品を並べる陳列棚、売り手と買い手を隔(へだ)てるカウンター、同「坫」。
日たな、貸家。",店 → JPDB Kanji Freq: 183,漢字の読みを入力してください,Text
__店__子，大__店__,たな,"［店］九級
音: テン 訓: みせ／たな
意味: みせ、物を並べ売る建物、「一定の場所を占めて商売する屋根(广)のある所」の意。
たな、商品を並べる陳列棚、売り手と買い手を隔(へだ)てるカウンター、同「坫」。
日たな、貸家。",店 → JPDB Kanji Freq: 183,漢字の読みを入力してください,Text
__書__く,か,"［書］九級
音: ショ 訓: か・く
意味: 文字を筆(聿)などで記(しる)す、著(あらわ)す、書物(ショモツ)、文書(ブンショ)。
手紙、、書信(ショシン)。
、書経(ショキョウ)(別名尚書ショウショ、古代の記録を年代順にまとめたもの)」のこと。
筆の使い方や字形などの文字の書き方。
、篆書(テンショ)、隷書(レイショ)、草書(ソウショ)、行書(ギョウショ)、楷書(カイショ)など文字の形を体系化したものの呼称、、書体(ショタイ)。
六書(リクショ)、漢字の作り(成り立ち)を六分類したもので、象形(ショウケイ)、會意・会意(カイイ)「轉",書 → JPDB Kanji Freq: 182,漢字の読みを入力してください,Text
__必__ず，__必__ずしも,かなら,"［必］七級
音: ヒツ／ヒチ 訓: かなら・ず
意味: かなら・ず、確実に～、間違いなく～、きっと～{筆順(必)}。",必 → JPDB Kanji Freq: 181,漢字の読みを入力してください,Text
__山__，__山__積み，__山__奥,やま,"［山］十級
音: サン／セン 訓: やま
意味: 地面が△状に高く盛り上がったところ、またその形や様子。
土を丸く盛り上げた墓。
十二章紋の一つ{服飾(十二章紋)}。
やま、やまへん、やまかんむり、部首名。",山 → JPDB Kanji Freq: 180,漢字の読みを入力してください,Text
__能__くする,よ,"［能］六級
音: ドウ／ノウ／ノ／ダイ／ナイ 訓: よ・くする／あた・う
意味: ことを成し遂(と)げる技量ギリョウや力量リキリョウ、能力(ノウリョク)、才能(サイノウ)。
十分に或いは上手にできる、～をすることができる(技能・能力がある)、～ができる(可能である)。
他に働きかける、またその力やエネルギーenergie独、、能動(ノウドウ)。
日。",能 → JPDB Kanji Freq: 179,漢字の読みを入力してください,Text
"__能__う，__能__う限り
〘動五〙可能である。できる。「能う限り努力する」",あた,"［能］六級
音: ドウ／ノウ／ノ／ダイ／ナイ 訓: よ・くする／あた・う
意味: ことを成し遂(と)げる技量ギリョウや力量リキリョウ、能力(ノウリョク)、才能(サイノウ)。
十分に或いは上手にできる、～をすることができる(技能・能力がある)、～ができる(可能である)。
他に働きかける、またその力やエネルギーenergie独、、能動(ノウドウ)。
日。",能 → JPDB Kanji Freq: 179,漢字の読みを入力してください,Text
__覚__える，__覚__え,おぼ,"［覚］七級
音: カク／コウ／キョウ 訓: おぼ・える／さ・める
意味: 目を醒(さ)ます、眠りから醒める、正常な認識や判断ができない状態から抜け出る。
迷いや暗がりから抜け出る、明るみに出る。
辺りの状況が意識・認識できるようになる、迷いがなくなる、悟(さと)る。
日記憶する。",覚 → JPDB Kanji Freq: 178,漢字の読みを入力してください,Text
__覚__める，目__覚__め，__覚__ます・醒ます，目__覚__まし,さ,"［覚］七級
音: カク／コウ／キョウ 訓: おぼ・える／さ・める
意味: 目を醒(さ)ます、眠りから醒める、正常な認識や判断ができない状態から抜け出る。
迷いや暗がりから抜け出る、明るみに出る。
辺りの状況が意識・認識できるようになる、迷いがなくなる、悟(さと)る。
日記憶する。",覚 → JPDB Kanji Freq: 178,漢字の読みを入力してください,Text
__受__ける，__受__付，__受__かる,う,"［受］八級
音: シュウ／ジュ 訓: う・ける／う・かる
意味: 他から渡されたものを掌(てのひら)に載(の)せる、また手に納(おさ)める。
授(さず)かる、手渡しで与えられる。
蒙(こうむ)る。
容認する。",受 → JPDB Kanji Freq: 177,漢字の読みを入力してください,Text
__問__屋,とん,"［問］八級
音: ブン／モン 訓: と・う
意味: 分からないことやはっきりしないことを質(ただ)す。
罪や責任などの有無について聞く。
様子などを尋ねる。",問 → JPDB Kanji Freq: 176,漢字の読みを入力してください,Text
__問__う，__問__いただす，__問__い,と,"［問］八級
音: ブン／モン 訓: と・う
意味: 分からないことやはっきりしないことを質(ただ)す。
罪や責任などの有無について聞く。
様子などを尋ねる。",問 → JPDB Kanji Freq: 176,漢字の読みを入力してください,Text
__白__壁，__白__む，__白__ける,しら,"［白］十級
音: ハク／ビャク 訓: しろ／しろ・い／しら
意味: 無色、雪の色、どんな色にも染まっていないさま、同「㿟」「皛」。
曇りがないさま、汚(けが)れがないさま、清(きよ)いさま。
何もないさま、あるがままであるさま、白民(ハクミン)(無位無官の人、庶民)」。
隠したり飾ったり偽ったりするところがないさま。
明らかなさま、、明白(メイハク)。
包み隠さず申し述べる、正直に報告する、、告白(コクハク)。
しろ、しろへん、部首名。",白 → JPDB Kanji Freq: 175,漢字の読みを入力してください,Text
__白__い，鼻__白__む，__白__黒，真っ__白__,しろ,"［白］十級
音: ハク／ビャク 訓: しろ／しろ・い／しら
意味: 無色、雪の色、どんな色にも染まっていないさま、同「㿟」「皛」。
曇りがないさま、汚(けが)れがないさま、清(きよ)いさま。
何もないさま、あるがままであるさま、白民(ハクミン)(無位無官の人、庶民)」。
隠したり飾ったり偽ったりするところがないさま。
明らかなさま、、明白(メイハク)。
包み隠さず申し述べる、正直に報告する、、告白(コクハク)。
しろ、しろへん、部首名。",白 → JPDB Kanji Freq: 175,漢字の読みを入力してください,Text
__続__ける，__続__く，__続__き,つづ,"［続］七級
音: ショク／ゾク 訓: つづ・く
意味: 切れることなく繋(つな)がる、また連(つら)なる。
前との関係を保ちながら次々に繋がって行く、継続(ケイゾク)、連続(レンゾク)。
前の物事を受け、それを後の物事に継(つ)ぐ、継承する。
前の人や物や事のすぐ後に付く。",続 → JPDB Kanji Freq: 174,漢字の読みを入力してください,Text
"__要__，__要__石
①扇の骨をとめるためにはめる棒。
②大切なところ。
「チームの━」",かなめ,"［要］七級
音: ヨウ 訓: かなめ／い・る
意味: (体の要かなめとなる)腰(こし)。
物事の中心となるところ、非常に大切なところ。
求める、強く乞(こ)う、要求(ヨウキュウ)、要請(ヨウセイ)(請い求める、強く頼む)」、同「邀」。
待ち受ける、同「邀」。
どうしてもなくてはならない、しなければならない、、必要(ヒツヨウ)。",要 → JPDB Kanji Freq: 173,漢字の読みを入力してください,Text
__要__る,い,"［要］七級
音: ヨウ 訓: かなめ／い・る
意味: (体の要かなめとなる)腰(こし)。
物事の中心となるところ、非常に大切なところ。
求める、強く乞(こ)う、要求(ヨウキュウ)、要請(ヨウセイ)(請い求める、強く頼む)」、同「邀」。
待ち受ける、同「邀」。
どうしてもなくてはならない、しなければならない、、必要(ヒツヨウ)。",要 → JPDB Kanji Freq: 173,漢字の読みを入力してください,Text
__緒__，鼻__緒__,お,"［緒］凖二級
音: チョ／ショ／ジョ 訓: いとぐち／お
意味: 長い糸の先端、糸口(いとぐち)、端緒(タンショ・タンチョ)。
物事などの始まり、発端ホッタン、緒言(ショゲン)。
家系などの途切れずに続く繋(つな)がり。
残余ザンヨ、余り、残り、緒風(ショフウ)(前の季節の名残りの風)」。
日お、紐(ひも)。",緒 → JPDB Kanji Freq: 172,漢字の読みを入力してください,Text
__頭__，__頭__文字，旗__頭__,かしら,"［頭］九級
音: トウ／ズ／ト 訓: あたま／こうべ／かしら／かみ
意味: 身体の最上部(四足・多足の動物の場合は先端部)、胴体の肩よりも上(先)にある部分{人体(頭部)}。
物事の端(はじ)、物事の始まり(先端、最初)や終わり(後端、最終)、先頭(セントウ)、冒頭(ボウトウ)。
集団の最も上に立つ人、集団の長、、頭領(トウリョウ)。
家畜や大形の獣を数える語。
他の語の後に付けてさまざまな熟語を作る、、口頭(コウトウ)(口で伝える)」、心頭(シントウ)(心の内)」、念頭(ネントウ)(胸の内)」、石頭(セキトウ)(石や岩)」、街頭(ガイトウ)(大通りが交差するところ)」。",頭 → JPDB Kanji Freq: 171,漢字の読みを入力してください,Text
__頭__，__頭__金，__頭__打ち,あたま,"［頭］九級
音: トウ／ズ／ト 訓: あたま／こうべ／かしら／かみ
意味: 身体の最上部(四足・多足の動物の場合は先端部)、胴体の肩よりも上(先)にある部分{人体(頭部)}。
物事の端(はじ)、物事の始まり(先端、最初)や終わり(後端、最終)、先頭(セントウ)、冒頭(ボウトウ)。
集団の最も上に立つ人、集団の長、、頭領(トウリョウ)。
家畜や大形の獣を数える語。
他の語の後に付けてさまざまな熟語を作る、、口頭(コウトウ)(口で伝える)」、心頭(シントウ)(心の内)」、念頭(ネントウ)(胸の内)」、石頭(セキトウ)(石や岩)」、街頭(ガイトウ)(大通りが交差するところ)」。",頭 → JPDB Kanji Freq: 171,漢字の読みを入力してください,Text
__頭__を振る,かぶり,"［頭］九級
音: トウ／ズ／ト 訓: あたま／こうべ／かしら／かみ
意味: 身体の最上部(四足・多足の動物の場合は先端部)、胴体の肩よりも上(先)にある部分{人体(頭部)}。
物事の端(はじ)、物事の始まり(先端、最初)や終わり(後端、最終)、先頭(セントウ)、冒頭(ボウトウ)。
集団の最も上に立つ人、集団の長、、頭領(トウリョウ)。
家畜や大形の獣を数える語。
他の語の後に付けてさまざまな熟語を作る、、口頭(コウトウ)(口で伝える)」、心頭(シントウ)(心の内)」、念頭(ネントウ)(胸の内)」、石頭(セキトウ)(石や岩)」、街頭(ガイトウ)(大通りが交差するところ)」。",頭 → JPDB Kanji Freq: 171,漢字の読みを入力してください,Text
__頭__を垂れる,こうべ,"［頭］九級
音: トウ／ズ／ト 訓: あたま／こうべ／かしら／かみ
意味: 身体の最上部(四足・多足の動物の場合は先端部)、胴体の肩よりも上(先)にある部分{人体(頭部)}。
物事の端(はじ)、物事の始まり(先端、最初)や終わり(後端、最終)、先頭(セントウ)、冒頭(ボウトウ)。
集団の最も上に立つ人、集団の長、、頭領(トウリョウ)。
家畜や大形の獣を数える語。
他の語の後に付けてさまざまな熟語を作る、、口頭(コウトウ)(口で伝える)」、心頭(シントウ)(心の内)」、念頭(ネントウ)(胸の内)」、石頭(セキトウ)(石や岩)」、街頭(ガイトウ)(大通りが交差するところ)」。",頭 → JPDB Kanji Freq: 171,漢字の読みを入力してください,Text
__東__，__東__側,"あずま,ひがし","［東］九級
音: トウ／ツウ 訓: ひがし／あずま
意味: 太陽が昇る方角、沈む方角を「西」。",東 → JPDB Kanji Freq: 170,漢字の読みを入力してください,Text
__元__，__元__帳，家__元__,もと,"［元］九級
音: ゲン／ゴン／ガン 訓: もと
意味: 物事の発端ホッタン、起源、始まり、元年(ガンネン)。
物事の基(もと)となるもの、根本コンポン。
物事の先頭にあるもの、頭(かしら)、元首(ゲンシュ)。
王朝名、正式名は「大元」、1271年～1368年、都を大都ダイト(現北京)に置き、現中国と現モンゴル国、現(ロシア)東部を版図とした{元代}。",元 → JPDB Kanji Freq: 169,漢字の読みを入力してください,Text
"__正__に，__正__しく，__正__夢
①［正に］〔まちがいなく〕たしかに。
「━そのとおりだ・上記━領収いたしました」
②［当に］〔文〕当然。
「━決行すべきことだ」
③［将に］今にも。もうすぐ。
「━死のうとしている」",まさ,"［正］十級
音: セイ／ショウ 訓: ただ・す／ただ・しい／まさ・に／まさ・しく
意味: まっすぐなさま、曲がり・歪(ゆが)み・偏(かたよ)りなどがないさま。
他のものが雑(ま)じっていないさま、また混(ま)じっていないさま、また交(ま)じっていないさま。
本来の、適切な、本来の或いは適切な形や様子であるさま。
道理や規則などに合っているさま、またそのようにする、同「政」。
ちょうど、ぴったり。
組織・役目・職務などの長チョウ。
一年の始まりの月。
数(かず)で零(レイ、ゼロzero)よりも大きいこと、小さい数は「負」。
10の40乗{数字}。",正 → JPDB Kanji Freq: 168,漢字の読みを入力してください,Text
__正__す，__正__しい，__正__しさ,ただ,"［正］十級
音: セイ／ショウ 訓: ただ・す／ただ・しい／まさ・に／まさ・しく
意味: まっすぐなさま、曲がり・歪(ゆが)み・偏(かたよ)りなどがないさま。
他のものが雑(ま)じっていないさま、また混(ま)じっていないさま、また交(ま)じっていないさま。
本来の、適切な、本来の或いは適切な形や様子であるさま。
道理や規則などに合っているさま、またそのようにする、同「政」。
ちょうど、ぴったり。
組織・役目・職務などの長チョウ。
一年の始まりの月。
数(かず)で零(レイ、ゼロzero)よりも大きいこと、小さい数は「負」。
10の40乗{数字}。",正 → JPDB Kanji Freq: 168,漢字の読みを入力してください,Text
__別__れる，__別__れ,わか,"［別］七級
音: ヘツ／ベチ／ベツ 訓: わか・れる／わか・つ／わ・ける
意味: 切って分(わ)ける、分離する、分けて離す、分けたものが繋(つな)がっていない状態にする。
分かれる、分かれ離れる。
他と繋がりがない、他とは違う、異なる。
他(ほか)の～(別の～)、～以外に(～とは別に)、その上に(～とは別に)。
俗～してはならない、～するな。",別 → JPDB Kanji Freq: 167,漢字の読みを入力してください,Text
__空__っぽ，__空__手，__空__手形,から,"［空］十級
音: コウ／クウ 訓: そら／から／あ・く／あ・ける／す・く／うつ・ろ／むな・しい
意味: (中に)何もない、何も含まれていない、虚(うつ)ろなさま。
何もないところ、天と地の間(あいだ)。",空 → JPDB Kanji Freq: 166,漢字の読みを入力してください,Text
__空__，__空__色，青__空__,そら,"［空］十級
音: コウ／クウ 訓: そら／から／あ・く／あ・ける／す・く／うつ・ろ／むな・しい
意味: (中に)何もない、何も含まれていない、虚(うつ)ろなさま。
何もないところ、天と地の間(あいだ)。",空 → JPDB Kanji Freq: 166,漢字の読みを入力してください,Text
__空__ける，__空__く，__空__き巣,あ,"［空］十級
音: コウ／クウ 訓: そら／から／あ・く／あ・ける／す・く／うつ・ろ／むな・しい
意味: (中に)何もない、何も含まれていない、虚(うつ)ろなさま。
何もないところ、天と地の間(あいだ)。",空 → JPDB Kanji Freq: 166,漢字の読みを入力してください,Text
"__空__く，お腹が__空__く
①中を満たすものが少なくなる。
「おなかが━・電車が━（↔混む）」
②ひまになる。
「手が━」",す,"［空］十級
音: コウ／クウ 訓: そら／から／あ・く／あ・ける／す・く／うつ・ろ／むな・しい
意味: (中に)何もない、何も含まれていない、虚(うつ)ろなさま。
何もないところ、天と地の間(あいだ)。",空 → JPDB Kanji Freq: 166,漢字の読みを入力してください,Text
__父__，__父__親,ちち,"［父］九級
音: フ／ブ／ホ 訓: ちち
意味: 男親(おとこおや)、家長カチョウ。
家族・親族・種族・民族などを率(ひき)いる男性。
名前の後に付けて用いる男子の美称、同「甫」。
年長また老年の男性に対する敬称。
ちち、部首名。",父 → JPDB Kanji Freq: 165,漢字の読みを入力してください,Text
__関__わる，__関__わり,かか,"［関］七級
音: カン／ケン 訓: せき／かか・わる
意味: 閂(かんぬき)、扉を閉め内側から横に渡して扉が開かないようにするための横木、同「閞」。
門を閉じる、門を閉じて閂を掛ける。
国や領地などの周りを囲った境界に設けられた出入口、その出入口に設ける構築物が「門」。
(左右の扉を閉めて閂を掛けるように)それぞれ別のものを繋(つな)ぐ、その繋ぎ目、節目。
互いに係(かかわ)りを持つ。",関 → JPDB Kanji Freq: 164,漢字の読みを入力してください,Text
__関__，__関__取，__関__の山,せき,"［関］七級
音: カン／ケン 訓: せき／かか・わる
意味: 閂(かんぬき)、扉を閉め内側から横に渡して扉が開かないようにするための横木、同「閞」。
門を閉じる、門を閉じて閂を掛ける。
国や領地などの周りを囲った境界に設けられた出入口、その出入口に設ける構築物が「門」。
(左右の扉を閉めて閂を掛けるように)それぞれ別のものを繋(つな)ぐ、その繋ぎ目、節目。
互いに係(かかわ)りを持つ。",関 → JPDB Kanji Freq: 164,漢字の読みを入力してください,Text
"__直__向き
いちずに熱中するようす。
「━な態度」「―な愛」",ひた,"［直］九級
音: チョク／ジキ 訓: ただ・ちに／じか／じき／す・ぐ／なお・す／なお・る／ひた
意味: ものをまっすぐによく見る。
まっすぐなさま、曲がったり折れたり歪(ゆが)んだりしない(していない)さま、正直(ショウジキ)(まっすぐなこと、嘘や偽りがないこと)」。
まっすぐにする、曲がりや歪みや誤りなどを正(ただ)す。
当たる、担当タントウする、、当直(トウチョク)(当番、交代で務める職務の番に当たること)」。
値(あたい)、値(あたい)する、相当ソウトウする。",直 → JPDB Kanji Freq: 163,漢字の読みを入力してください,Text
__直__ちに,ただ,"［直］九級
音: チョク／ジキ 訓: ただ・ちに／じか／じき／す・ぐ／なお・す／なお・る／ひた
意味: ものをまっすぐによく見る。
まっすぐなさま、曲がったり折れたり歪(ゆが)んだりしない(していない)さま、正直(ショウジキ)(まっすぐなこと、嘘や偽りがないこと)」。
まっすぐにする、曲がりや歪みや誤りなどを正(ただ)す。
当たる、担当タントウする、、当直(トウチョク)(当番、交代で務める職務の番に当たること)」。
値(あたい)、値(あたい)する、相当ソウトウする。",直 → JPDB Kanji Freq: 163,漢字の読みを入力してください,Text
__直__ぐに,す,"［直］九級
音: チョク／ジキ 訓: ただ・ちに／じか／じき／す・ぐ／なお・す／なお・る／ひた
意味: ものをまっすぐによく見る。
まっすぐなさま、曲がったり折れたり歪(ゆが)んだりしない(していない)さま、正直(ショウジキ)(まっすぐなこと、嘘や偽りがないこと)」。
まっすぐにする、曲がりや歪みや誤りなどを正(ただ)す。
当たる、担当タントウする、、当直(トウチョク)(当番、交代で務める職務の番に当たること)」。
値(あたい)、値(あたい)する、相当ソウトウする。",直 → JPDB Kanji Freq: 163,漢字の読みを入力してください,Text
__直__に,じか,"［直］九級
音: チョク／ジキ 訓: ただ・ちに／じか／じき／す・ぐ／なお・す／なお・る／ひた
意味: ものをまっすぐによく見る。
まっすぐなさま、曲がったり折れたり歪(ゆが)んだりしない(していない)さま、正直(ショウジキ)(まっすぐなこと、嘘や偽りがないこと)」。
まっすぐにする、曲がりや歪みや誤りなどを正(ただ)す。
当たる、担当タントウする、、当直(トウチョク)(当番、交代で務める職務の番に当たること)」。
値(あたい)、値(あたい)する、相当ソウトウする。",直 → JPDB Kanji Freq: 163,漢字の読みを入力してください,Text
__直__る，仲__直__り，__直__す，手__直__し,なお,"［直］九級
音: チョク／ジキ 訓: ただ・ちに／じか／じき／す・ぐ／なお・す／なお・る／ひた
意味: ものをまっすぐによく見る。
まっすぐなさま、曲がったり折れたり歪(ゆが)んだりしない(していない)さま、正直(ショウジキ)(まっすぐなこと、嘘や偽りがないこと)」。
まっすぐにする、曲がりや歪みや誤りなどを正(ただ)す。
当たる、担当タントウする、、当直(トウチョク)(当番、交代で務める職務の番に当たること)」。
値(あたい)、値(あたい)する、相当ソウトウする。",直 → JPDB Kanji Freq: 163,漢字の読みを入力してください,Text
__返__る，寝__返__り，__返__す，仕__返__し,かえ,"［返］八級
音: ハン／ホン／ヘン 訓: かえ・る／かえ・す
意味: 帰る、行った先から出発したところに戻る、同「𢓉」。
元に戻る、元に戻す。
日反対向きにする、反対向きになる。",返 → JPDB Kanji Freq: 162,漢字の読みを入力してください,Text
__殺__す，__殺__し，見__殺__し,ころ,"［殺］六級
音: サツ／セツ 訓: そ・ぐ／ころ・す
意味: ころ・す、人や動物の生命を奪う、同「𠮁」「煞」「𤋣」「𢼡」「𢿔」「𣪖」「𢽮」「𢽯」「𢽺」「𢽅」「𢾈」「𢽘」「𢽆」「𢼯」「𢼴」「𣪆」「𢁛」「𧤿」「𣀎」「𢿹」。
そ・ぐ、削(けず)る、削(そ)ぎ取る、減らす、勢いを弱める、同「煞」。
甚(はなは)だしく～、極めて～、非常に～、同「煞」。
寒々しいさま、荒(すさ)んでいるさま。",殺 → JPDB Kanji Freq: 161,漢字の読みを入力してください,Text
__殺__める,あや,"［殺］六級
音: サツ／セツ 訓: そ・ぐ／ころ・す
意味: ころ・す、人や動物の生命を奪う、同「𠮁」「煞」「𤋣」「𢼡」「𢿔」「𣪖」「𢽮」「𢽯」「𢽺」「𢽅」「𢾈」「𢽘」「𢽆」「𢼯」「𢼴」「𣪆」「𢁛」「𧤿」「𣀎」「𢿹」。
そ・ぐ、削(けず)る、削(そ)ぎ取る、減らす、勢いを弱める、同「煞」。
甚(はなは)だしく～、極めて～、非常に～、同「煞」。
寒々しいさま、荒(すさ)んでいるさま。",殺 → JPDB Kanji Freq: 161,漢字の読みを入力してください,Text
__良__い,よ,"［良］七級
音: リョウ／ロウ 訓: よ・い
意味: 自分或いは多くの人の判断基準より上である、(、優(ユウ)には及ばないが)一般的・標準的な水準・程度を超えている、善(よ)い、勝(まさ)る、好(この)ましい、多い、大きい、強い、美しい、賢(かしこ)い。
とても～、大変～、甚(はなは)だ～、自分或いは多くの人の判断基準や一般的・標準的な水準・程度との差がある。",良 → JPDB Kanji Freq: 160,漢字の読みを入力してください,Text
"外__法__，内__法⁠__，__法__を越える
__法__る","のり,のっと","［法］七級
音: ホウ 訓: のり／のっと・る
意味: 規律を維持するための決まり、守り従うべき制度や規則、私的なものではなく公(おおやけ)のものを指す。
標準的な或いは慣例となっているやり方、またそれらに従う。
基準・規準・標準・手本となるもの。
仏(ほとけ)の教え。",法 → JPDB Kanji Freq: 159,漢字の読みを入力してください,Text
"__足掻__く
①馬などが（進もうとして）前足で地面をかく。
②悪い状態からのがれようと、（むだな）努力をする。
「足掻いてもだめだ」","あ,あが","［足］十級
音: ショク／ソク 訓: あし／た・りる／た・す
意味: 体や物体の一部で、胴から分かれ出て伸び、地に接して体を支えたり、歩行・走行・跳躍などの運動機能を担う部分、現代の中国では「脚」。
「歩く」「走る」などの足を使った動作、遠足(エンソク)(長い道のりを歩く)」、発足(ハッソク・ホッソク)(足を踏み出す)」。
太腿(ふともも)から爪先までの部分、日本では足首から爪先までの部分{人体(下肢)}。
た・りる、十分にある。
た・す、加える。
あし、あしへん、部首名。",足 → JPDB Kanji Freq: 158,漢字の読みを入力してください,Text
__足__，__足__音，素__足__,あし,"［足］十級
音: ショク／ソク 訓: あし／た・りる／た・す
意味: 体や物体の一部で、胴から分かれ出て伸び、地に接して体を支えたり、歩行・走行・跳躍などの運動機能を担う部分、現代の中国では「脚」。
「歩く」「走る」などの足を使った動作、遠足(エンソク)(長い道のりを歩く)」、発足(ハッソク・ホッソク)(足を踏み出す)」。
太腿(ふともも)から爪先までの部分、日本では足首から爪先までの部分{人体(下肢)}。
た・りる、十分にある。
た・す、加える。
あし、あしへん、部首名。",足 → JPDB Kanji Freq: 158,漢字の読みを入力してください,Text
__足__りる，__足__す，__舌__足らず,た,"［足］十級
音: ショク／ソク 訓: あし／た・りる／た・す
意味: 体や物体の一部で、胴から分かれ出て伸び、地に接して体を支えたり、歩行・走行・跳躍などの運動機能を担う部分、現代の中国では「脚」。
「歩く」「走る」などの足を使った動作、遠足(エンソク)(長い道のりを歩く)」、発足(ハッソク・ホッソク)(足を踏み出す)」。
太腿(ふともも)から爪先までの部分、日本では足首から爪先までの部分{人体(下肢)}。
た・りる、十分にある。
た・す、加える。
あし、あしへん、部首名。",足 → JPDB Kanji Freq: 158,漢字の読みを入力してください,Text
"__解__す
①〈もつれて／かたまって〉いるものを、といて〈ばらばらにする／やわらげる〉。
「糸のもつれを━・サケの身を━・気分を━」
②〔割ったたまごを〕かきまぜる。",ほぐ,"［解］六級
音: カイ／ケ／ゲ 訓: ほぐ・す／ほど・く／と・く／わか・る
意味: 一つになっているもの(固まっているもの)をばらばらにする、また柔らかくする、また融(と)かす、また和(やわ)らげる、解散(カイサン)、分解(ブンカイ)。
固く縛(しば)っているものを緩(ゆる)める、また縛(しば)っている紐などを取る、、解除(カイジョ)、解放(カイホウ)。
複雑なものを細かく分ける、また分けて元の意味などを知る、また疑問や疑いなどをなくする、また答えを出す、、理解(リカイ)。",解 → JPDB Kanji Freq: 157,漢字の読みを入力してください,Text
"__解__せる，__解__せない
〔相手の言うことの意味が〕わかる。
「解せない顔をする」",げ,"［解］六級
音: カイ／ケ／ゲ 訓: ほぐ・す／ほど・く／と・く／わか・る
意味: 一つになっているもの(固まっているもの)をばらばらにする、また柔らかくする、また融(と)かす、また和(やわ)らげる、解散(カイサン)、分解(ブンカイ)。
固く縛(しば)っているものを緩(ゆる)める、また縛(しば)っている紐などを取る、、解除(カイジョ)、解放(カイホウ)。
複雑なものを細かく分ける、また分けて元の意味などを知る、また疑問や疑いなどをなくする、また答えを出す、、理解(リカイ)。",解 → JPDB Kanji Freq: 157,漢字の読みを入力してください,Text
"__解__く，__解__ける
①結んだり組んだりしたところを、はなす。
「ひもを━・帯を━」
（↔結ぶ）",ほど,"［解］六級
音: カイ／ケ／ゲ 訓: ほぐ・す／ほど・く／と・く／わか・る
意味: 一つになっているもの(固まっているもの)をばらばらにする、また柔らかくする、また融(と)かす、また和(やわ)らげる、解散(カイサン)、分解(ブンカイ)。
固く縛(しば)っているものを緩(ゆる)める、また縛(しば)っている紐などを取る、、解除(カイジョ)、解放(カイホウ)。
複雑なものを細かく分ける、また分けて元の意味などを知る、また疑問や疑いなどをなくする、また答えを出す、、理解(リカイ)。",解 → JPDB Kanji Freq: 157,漢字の読みを入力してください,Text
"__解__く，__解__ける，__解__かす
❶むすんであるものを、ほどく。例: なわを解く。帯を解く。
❷問題の答えを出す。例: 難問を解く。
❸関係をなくす。やめる。例: 契約を解く。",と,"［解］六級
音: カイ／ケ／ゲ 訓: ほぐ・す／ほど・く／と・く／わか・る
意味: 一つになっているもの(固まっているもの)をばらばらにする、また柔らかくする、また融(と)かす、また和(やわ)らげる、解散(カイサン)、分解(ブンカイ)。
固く縛(しば)っているものを緩(ゆる)める、また縛(しば)っている紐などを取る、、解除(カイジョ)、解放(カイホウ)。
複雑なものを細かく分ける、また分けて元の意味などを知る、また疑問や疑いなどをなくする、また答えを出す、、理解(リカイ)。",解 → JPDB Kanji Freq: 157,漢字の読みを入力してください,Text
"__解__れる
結び目･縫い目などがほどける。「着物の裾が―れる」",ほつ,"［解］六級
音: カイ／ケ／ゲ 訓: ほぐ・す／ほど・く／と・く／わか・る
意味: 一つになっているもの(固まっているもの)をばらばらにする、また柔らかくする、また融(と)かす、また和(やわ)らげる、解散(カイサン)、分解(ブンカイ)。
固く縛(しば)っているものを緩(ゆる)める、また縛(しば)っている紐などを取る、、解除(カイジョ)、解放(カイホウ)。
複雑なものを細かく分ける、また分けて元の意味などを知る、また疑問や疑いなどをなくする、また答えを出す、、理解(リカイ)。",解 → JPDB Kanji Freq: 157,漢字の読みを入力してください,Text
__解__る,わか,"［解］六級
音: カイ／ケ／ゲ 訓: ほぐ・す／ほど・く／と・く／わか・る
意味: 一つになっているもの(固まっているもの)をばらばらにする、また柔らかくする、また融(と)かす、また和(やわ)らげる、解散(カイサン)、分解(ブンカイ)。
固く縛(しば)っているものを緩(ゆる)める、また縛(しば)っている紐などを取る、、解除(カイジョ)、解放(カイホウ)。
複雑なものを細かく分ける、また分けて元の意味などを知る、また疑問や疑いなどをなくする、また答えを出す、、理解(リカイ)。",解 → JPDB Kanji Freq: 157,漢字の読みを入力してください,Text
__現__を抜かす,うつつ,"［現］六級
音: ケン／ゲン 訓: あらわ・れる／あらわ・す／うつつ
意味: それまで見えなかったものが見えるようになる、隠れていたものが表に出てくる。
目の前の、目の前にある、実際の、実際にそこにある。
今の、今ここにある。",現 → JPDB Kanji Freq: 156,漢字の読みを入力してください,Text
__現__れる，__現__人神，__現__す,"あらわ,あら","［現］六級
音: ケン／ゲン 訓: あらわ・れる／あらわ・す／うつつ
意味: それまで見えなかったものが見えるようになる、隠れていたものが表に出てくる。
目の前の、目の前にある、実際の、実際にそこにある。
今の、今ここにある。",現 → JPDB Kanji Freq: 156,漢字の読みを入力してください,Text
__丈__，背__丈__,たけ,"［丈］四級
音: チョウ／ジョウ 訓: たけ
意味: 長さの単位、1丈=10尺{各種単位}。
年長者また老人に対する敬称、老丈(ロウジョウ)(ご老人)」。
丈夫(ジョウフ)夫(おっと)男(おとこ)、成人の男性堂々ドウドウとしたさま。
日たけ、高さ。
日。",丈 → JPDB Kanji Freq: 154,漢字の読みを入力してください,Text
__道__，近__道__,みち,"［道］九級
音: トウ／ドウ 訓: みち
意味: 出発地から目的地へ通じている路みち、人や動物などが往来する通り路、道路(ドウロ)、同「路」。
目的を達するための経路、手順や方法。
導(みちび)く、手引きする、同「導」。
人の行くべき(進むべき)方向、また採(と)るべき方法。
行政区画の名、唐代(618年～907年)には全国を十道に分け、清代(1644年～1912年)には省の下に道を置いた。
道教(ドウキョウ)、中国古来の宗教の一つ。
説(と)く、述べる、同「噵」。",道 → JPDB Kanji Freq: 153,漢字の読みを入力してください,Text
__落__とす，力__落__とし，墜ちる・__落__ちる，__落__ち着く,お,"［落］八級
音: ラク 訓: お・ちる／お・とす
意味: 上にあったものが下に移動する、高い所から下に位置を変える、落下(ラッカ)、墜落(ツイラク)。
枯れ衰える、(枯れた葉が)地に墜ちる、、没落(ボツラク)、零落(レイラク)(おちぶ・れる)」。
腰を据(す)える、同じ土地に腰を据えて住む。
多くの人家が集まっているところ、多くのものが集まっているところ、、集落(シュウラク)、群落(グンラク)。",落 → JPDB Kanji Freq: 152,漢字の読みを入力してください,Text
__定__める，__定__め，__定__まる，__定__かだ,さだ,"［定］八級
音: テイ／ジョウ 訓: さだ・まる／さだ・める／さだ・めて／さだ・か
意味: さだ・まる、動きや乱れが鎮(しず)まって変化・変動しない状態になる、平静になる、落ち着く、鎮定(チンテイ)。
さだ・める、動いたり揺らいだりしない状態にする、はっきりと決める、制定(セイテイ)、決定(ケッテイ)。
決まり、決めたこと、決まっていること(もの)、、定型(テイケイ)、定式(テイシキ・ジョウシキ)。
さだ・めて、必ず、きっと。
さだ・か、はっきりしているさま、確かなさま。",定 → JPDB Kanji Freq: 151,漢字の読みを入力してください,Text
__市__，__市__場，見本__市__，競り__市__,いち,"［市］九級
音: シ／ジ 訓: いち
意味: 人が多く集まり物品などを売買・交換する、またその場所。
人が多く集まる所。
「町」よりも大きな行政区画。",市 → JPDB Kanji Freq: 150,漢字の読みを入力してください,Text
__終__わる，__終__わり，__終__える,お,"［終］八級
音: シュウ／シュ 訓: お・わる／お・える／つい・に／しま・う／しま・い
意味: 途切れずに続いているものの後方の部分、始まりの部分は「始」。
続いていたものが尽きる、これから先はないところにまで到(いた)る。
最後に、ついに、しまいに、とうとう。
(高貴な)人の死、同「𣧩」、一般の人は「死」。",終 → JPDB Kanji Freq: 149,漢字の読みを入力してください,Text
"__終__う
①おえる。おわりにする。「仕事を―う」
②やめる。「店を―う」",しま,"［終］八級
音: シュウ／シュ 訓: お・わる／お・える／つい・に／しま・う／しま・い
意味: 途切れずに続いているものの後方の部分、始まりの部分は「始」。
続いていたものが尽きる、これから先はないところにまで到(いた)る。
最後に、ついに、しまいに、とうとう。
(高貴な)人の死、同「𣧩」、一般の人は「死」。",終 → JPDB Kanji Freq: 149,漢字の読みを入力してください,Text
__愛__しい，__愛__おしむ,いと,"［愛］七級
音: アイ／オ 訓: め・でる／いと・しい／いと・おしむ／まな
意味: 相手に心を寄せる、慕(した)う、またその気持。
心から慈(いつく)しむ、優しく大切に可愛がる。
心から好む、気に入る、気に入って手放せない。",愛 → JPDB Kanji Freq: 148,漢字の読みを入力してください,Text
__愛__娘，__愛__弟子,まな,"［愛］七級
音: アイ／オ 訓: め・でる／いと・しい／いと・おしむ／まな
意味: 相手に心を寄せる、慕(した)う、またその気持。
心から慈(いつく)しむ、優しく大切に可愛がる。
心から好む、気に入る、気に入って手放せない。",愛 → JPDB Kanji Freq: 148,漢字の読みを入力してください,Text
"__愛__でる
①愛する。いつくしむ。特に、その美しさやすばらしさを愛好する。「花を―でる」
②ほめる。心が動かされる。",め,"［愛］七級
音: アイ／オ 訓: め・でる／いと・しい／いと・おしむ／まな
意味: 相手に心を寄せる、慕(した)う、またその気持。
心から慈(いつく)しむ、優しく大切に可愛がる。
心から好む、気に入る、気に入って手放せない。",愛 → JPDB Kanji Freq: 148,漢字の読みを入力してください,Text
"__愛__い｟形｠
〔古風〕〔目下の者が、自分に忠実で〕かわいい。
「━奴じゃ」",う,"［愛］七級
音: アイ／オ 訓: め・でる／いと・しい／いと・おしむ／まな
意味: 相手に心を寄せる、慕(した)う、またその気持。
心から慈(いつく)しむ、優しく大切に可愛がる。
心から好む、気に入る、気に入って手放せない。",愛 → JPDB Kanji Freq: 148,漢字の読みを入力してください,Text
"__初__陣，__初__々しい
__初__い","うい,うぶ","［初］七級
音: ショ／ソ 訓: はじ・め／そ・める／はつ／うい／うぶ
意味: 物事の起こり、物事の発端、「衣服を作り始める時にまず布を切る」の意、「初」は「物事はまず初めに～する、～の初め」、「始」は「物事はまず～から始める、～から始まる」。
うぶ、出産する、生まれたばかりで穢れがないさま。",初 → JPDB Kanji Freq: 147,漢字の読みを入力してください,Text
書き__初__め，仮__初__め，出__初__め式,そ,"［初］七級
音: ショ／ソ 訓: はじ・め／そ・める／はつ／うい／うぶ
意味: 物事の起こり、物事の発端、「衣服を作り始める時にまず布を切る」の意、「初」は「物事はまず初めに～する、～の初め」、「始」は「物事はまず～から始める、～から始まる」。
うぶ、出産する、生まれたばかりで穢れがないさま。",初 → JPDB Kanji Freq: 147,漢字の読みを入力してください,Text
__初__めて〔副〕，__初__め,はじ,"［初］七級
音: ショ／ソ 訓: はじ・め／そ・める／はつ／うい／うぶ
意味: 物事の起こり、物事の発端、「衣服を作り始める時にまず布を切る」の意、「初」は「物事はまず初めに～する、～の初め」、「始」は「物事はまず～から始める、～から始まる」。
うぶ、出産する、生まれたばかりで穢れがないさま。",初 → JPDB Kanji Freq: 147,漢字の読みを入力してください,Text
__初__の受賞，__初__雪，__初__耳,はつ,"［初］七級
音: ショ／ソ 訓: はじ・め／そ・める／はつ／うい／うぶ
意味: 物事の起こり、物事の発端、「衣服を作り始める時にまず布を切る」の意、「初」は「物事はまず初めに～する、～の初め」、「始」は「物事はまず～から始める、～から始まる」。
うぶ、出産する、生まれたばかりで穢れがないさま。",初 → JPDB Kanji Freq: 147,漢字の読みを入力してください,Text
__教__わる,おそ,"［教］九級
音: コウ／キョウ 訓: おし・える／おそ・わる
意味: 自分の持つ知識・技術などをそれを持たない他の人に授(さず)ける、また見習わせる、またその内容、教えを受け見て倣い習得することを「学」。
神仏の説く道、道を示し導く。
領主の指示や命令。
～をして～せしむ、～をして～をさせる。",教 → JPDB Kanji Freq: 146,漢字の読みを入力してください,Text
__教__える，__教__え,おし,"［教］九級
音: コウ／キョウ 訓: おし・える／おそ・わる
意味: 自分の持つ知識・技術などをそれを持たない他の人に授(さず)ける、また見習わせる、またその内容、教えを受け見て倣い習得することを「学」。
神仏の説く道、道を示し導く。
領主の指示や命令。
～をして～せしむ、～をして～をさせる。",教 → JPDB Kanji Freq: 146,漢字の読みを入力してください,Text
"__然__，__然__し，__然__も，斯く斯く__然然__
そう。そのように。〔「__然__も」などの複合語のもとになった、古いことば。「然＋有り」から動詞「然り〘＝そうだ〙」が生まれ、それが現代語の「__然__らば」 「__然__るに」 「__然__れども」などの一部になっている〕",しか,"［然］七級
音: ゼン／ネン 訓: しか／しか・も／しか・り／しか・らば／しか・るに／しか・れども
意味: 燃やす、火で焼く、「イヌ犬・狗の肉(月)を燃やす(灬)」の意、同「燃」。
～のような、～のように。
しか・も、その上に、それでも。
しか・り、その通り、yes。
しか・らば、そうであるならば、そうだとしたら。
しか・るに、そうであるのに、それなのに。
しか・れども、そうではあるけれども、しかし。",然 → JPDB Kanji Freq: 145,漢字の読みを入力してください,Text
"__然__，__然__らば，__然__様，__然__しもの
〔文〕そう。そういう。
「━あらぬ・━ほど・━よう（な）」
〔「然＋有り」から動詞「__然__り〘＝そうだ〙」が生まれ、それが現代語の「__然__らば」 「__然__とて」 「__然__者」 「__然__れど」などの一部になっている〕",さ,"［然］七級
音: ゼン／ネン 訓: しか／しか・も／しか・り／しか・らば／しか・るに／しか・れども
意味: 燃やす、火で焼く、「イヌ犬・狗の肉(月)を燃やす(灬)」の意、同「燃」。
～のような、～のように。
しか・も、その上に、それでも。
しか・り、その通り、yes。
しか・らば、そうであるならば、そうだとしたら。
しか・るに、そうであるのに、それなのに。
しか・れども、そうではあるけれども、しかし。",然 → JPDB Kanji Freq: 145,漢字の読みを入力してください,Text
__代__，神__代__,よ,"［代］八級
音: タイ／ダイ 訓: か・える／か・わる／しろ／よ
意味: 替(か)える、それまでのもの(今あるもの)を別のものに替える、入れ替える、また入れ替わる。
同じ家主や国主がその地位にある期間、同じ種シュ(起源を同じにするもの)が別の種に入れ替わるまでの期間、世代(セダイ)。",代 → JPDB Kanji Freq: 144,漢字の読みを入力してください,Text
身の__代__金，身__代__金，__代__物，苗__代__,しろ,"［代］八級
音: タイ／ダイ 訓: か・える／か・わる／しろ／よ
意味: 替(か)える、それまでのもの(今あるもの)を別のものに替える、入れ替える、また入れ替わる。
同じ家主や国主がその地位にある期間、同じ種シュ(起源を同じにするもの)が別の種に入れ替わるまでの期間、世代(セダイ)。",代 → JPDB Kanji Freq: 144,漢字の読みを入力してください,Text
__代__わる，__代__わり，__代__える,か,"［代］八級
音: タイ／ダイ 訓: か・える／か・わる／しろ／よ
意味: 替(か)える、それまでのもの(今あるもの)を別のものに替える、入れ替える、また入れ替わる。
同じ家主や国主がその地位にある期間、同じ種シュ(起源を同じにするもの)が別の種に入れ替わるまでの期間、世代(セダイ)。",代 → JPDB Kanji Freq: 144,漢字の読みを入力してください,Text
__新__ただ,あら,"［新］九級
音: シン 訓: あたら・しい／あら・た／にい
意味: 切ったばかりの木、切ったばかりで何の手も加えられていない木。
それまでにはなかった形状・状態・様子・性質になるさま、それまではなかったものが初めて現れるさま。
改(あらた)まる、改める、形状・状態・様子・性質などが変わる(変える)。
改まって(或いは始まって)間もないさま。
王朝名、9年～23年、王莽オウモウが建てたことから別名「新莽」{新代}。",新 → JPDB Kanji Freq: 143,漢字の読みを入力してください,Text
__新__妻，__新__盆，__新__潟,にい,"［新］九級
音: シン 訓: あたら・しい／あら・た／にい
意味: 切ったばかりの木、切ったばかりで何の手も加えられていない木。
それまでにはなかった形状・状態・様子・性質になるさま、それまではなかったものが初めて現れるさま。
改(あらた)まる、改める、形状・状態・様子・性質などが変わる(変える)。
改まって(或いは始まって)間もないさま。
王朝名、9年～23年、王莽オウモウが建てたことから別名「新莽」{新代}。",新 → JPDB Kanji Freq: 143,漢字の読みを入力してください,Text
__新__しい，__新__しさ，__新__しがる,あたら,"［新］九級
音: シン 訓: あたら・しい／あら・た／にい
意味: 切ったばかりの木、切ったばかりで何の手も加えられていない木。
それまでにはなかった形状・状態・様子・性質になるさま、それまではなかったものが初めて現れるさま。
改(あらた)まる、改める、形状・状態・様子・性質などが変わる(変える)。
改まって(或いは始まって)間もないさま。
王朝名、9年～23年、王莽オウモウが建てたことから別名「新莽」{新代}。",新 → JPDB Kanji Freq: 143,漢字の読みを入力してください,Text
__早__める，__早__まる，__早__い，__早__口，素__早__い,はや,"［早］十級
音: ソウ 訓: はや・い／さ／わ
意味: いよいよ陽が昇り始めようとしていてまだ薄暗い頃、朝が明(あ)けようとする頃。
その時(時間、時期、頃合い)に至っていない。
本来の時よりも前に(先に)、前以って、既(すで)に。
日若い、小さい、幼(おさな)い。",早 → JPDB Kanji Freq: 142,漢字の読みを入力してください,Text
__内__，__内__側，__内__気,うち,"［内］九級
音: ダイ／ナイ 訓: うち
意味: 外から中に入る、入れる。
限られた範囲・領域の中、区切りや境目の中、同「中」。
ある一定の範囲に含まれるもの、囲われたり覆われたりしていて外からは見えないもの、公(おおやけ)ではない私的なもの、またそのようなこと、またそのようなところ、逆は「外」。
内室(ナイシツ)部屋、特に奥の部屋、寝室、婦女子の居室(奥の部屋に住まうことから)妻。
宮中、朝廷。",内 → JPDB Kanji Freq: 141,漢字の読みを入力してください,Text
__引__ける，__引__く，字__引__,ひ,"［引］九級
音: イン 訓: ひ・く
意味: (弓の弦iに指を掛け、ぐいと)手前に寄せる、「向こうへぐいと押しやる」とは逆の動きをいう。
ぐいと伸ばす、引領(インレイ)(首を伸ばす、首を伸ばして待ち受ける)」。
受け入れる、「引き受ける」の意。
、導(みちび)く、「手引する、先頭に立って皆を引っ張っていく」の意。
退(しりぞ)く、「身を引く、引っ込む」の意。
長さの単位、1引=10丈=100尺=(秦代から漢代前221年～220年頃では)約23.1m{各種単位}。",引 → JPDB Kanji Freq: 140,漢字の読みを入力してください,Text
"__連__む
〔俗〕①くっついて〈いる／行動する〉。
「男と━・仲間とつるんで歩く」
②ぐるになる。
「業界と━」",つる,"［連］七級
音: レン 訓: つら・なる／つら・ねる／つ・れ／つ・れる
意味: 途切れずに続く、次々に間を置かずに続く、また繋(つな)がる。
結び付く、関わり合いを持つ。
一緒に行動する。
続々と、次々に、間を置かずに。",連 → JPDB Kanji Freq: 139,漢字の読みを入力してください,Text
__連__れる，__連__れ,つ,"［連］七級
音: レン 訓: つら・なる／つら・ねる／つ・れ／つ・れる
意味: 途切れずに続く、次々に間を置かずに続く、また繋(つな)がる。
結び付く、関わり合いを持つ。
一緒に行動する。
続々と、次々に、間を置かずに。",連 → JPDB Kanji Freq: 139,漢字の読みを入力してください,Text
__連__ねる，__連__なる,つら,"［連］七級
音: レン 訓: つら・なる／つら・ねる／つ・れ／つ・れる
意味: 途切れずに続く、次々に間を置かずに続く、また繋(つな)がる。
結び付く、関わり合いを持つ。
一緒に行動する。
続々と、次々に、間を置かずに。",連 → JPDB Kanji Freq: 139,漢字の読みを入力してください,Text
__金__，__金__持ち，針__金__,かね,"［金］十級
音: キン／コン 訓: かね／かな
意味: 黄金・白銀・赤銅・青銅・青鉛・黒鉄などの総称、金属の総称。
(黄金のように)黄色い、輝く、美しい、貴重な、(金属のように)堅い。
金属製のもの。
銭ぜに、またその単位。
五行(万物は木・火・土・金・水の五つ基本要素から成り、それぞれが生滅・盛衰・変化を繰り返し循環するるという考え)の一つ{五行}。
金(Aurum羅、Au)、元素名{金}。
宋代の古王朝名、1115年～1234年、現黒竜江省・吉林省、遼寧省・内(モンゴル)自治区一帯を版図とした{宋(北宋)代}。",金 → JPDB Kanji Freq: 138,漢字の読みを入力してください,Text
__金__物，__金__具，__金__縛り,かな,"［金］十級
音: キン／コン 訓: かね／かな
意味: 黄金・白銀・赤銅・青銅・青鉛・黒鉄などの総称、金属の総称。
(黄金のように)黄色い、輝く、美しい、貴重な、(金属のように)堅い。
金属製のもの。
銭ぜに、またその単位。
五行(万物は木・火・土・金・水の五つ基本要素から成り、それぞれが生滅・盛衰・変化を繰り返し循環するるという考え)の一つ{五行}。
金(Aurum羅、Au)、元素名{金}。
宋代の古王朝名、1115年～1234年、現黒竜江省・吉林省、遼寧省・内(モンゴル)自治区一帯を版図とした{宋(北宋)代}。",金 → JPDB Kanji Freq: 138,漢字の読みを入力してください,Text
__以__て，__以__ての外，__以__ちまして，__以__ってしても,"も,もっ,もち","［以］七級
音: イ 訓: も・って／もち・いる
意味: 用(もち)いる、使用する、～を用いて、～を利用して。
～に依(よ)って、～に拠(よ)って
～に因(よ)って、～が原因(理由)で
(基準となる時・ところ・出来事など)から～、より～、よりも～、以上・已上(イジョウ)、以下・已下(イカ)、以前(イゼン)(已往イオウ)」、以後・已後(イゴ)、同「已」。",以 → JPDB Kanji Freq: 137,漢字の読みを入力してください,Text
__帰__る，__帰__り，__帰__す,かえ,"［帰］九級
音: キ／ケ 訓: かえ・る／かえ・す
意味: 女性が他家に嫁(とつ)ぐ、嫁(よめ)に行く、女性を自家に迎えることを、來歸・来帰(ライキ)。
元の(本来の)状態や位置に戻る、同「皈」「𢅨」「䢜」「𣦨」。
元の(本来の)状態や位置に戻す、返(かえ)す。
最終的には～になる、結局は～ということになる、～のところに(～というところに)落ち着く。
帰蔵(キゾウ)、同「𤾤藏」、卦ケを用いた占卜(センボク)についての三つの書(三易 サンエキ )の一つ、三易  は「連山 レンザン 」「歸藏 キゾウ 」「周易 シュウエキ 」",帰 → JPDB Kanji Freq: 135,漢字の読みを入力してください,Text
__情__け,なさ,"［情］六級
音: セイ／ジョウ 訓: なさ・け
意味: 物事(特に他の人)からの働き掛けで起こる喜怒哀楽愛好悪欲などの心の動き、感情(カンジョウ)。
他に寄せる思い、愛情(アイジョウ)。
異性に寄せる思い、好意や欲望、情侶(ジョウリョ)(好意を寄せる異性、好意を寄せ合う男女)」。
物事の様子・状態・趣(おもむき)、、情勢(ジョウセイ)。
日なさ・け、他を思い遣(や)る気持ち、、人情(ニンジョウ)。",情 → JPDB Kanji Freq: 134,漢字の読みを入力してください,Text
__葉__，枯れ__葉__，落ち__葉__,は,"［葉］八級
音: ヨウ 訓: は
意味: 植物の茎や枝から伸び出る薄く平らなもの、主に光を受け成長に必要な養分を合成(光合成コウゴウセイ)する役割を担う。
(葉のように)薄いもの。
紙などのような薄いものを数える語、一葉(イチヨウ)(一枚、頁数では表裏で二頁分に当たる、小舟一艘)」、同「叶」。
時代、頃、「20世紀中葉(20世紀の中頃)」。
簡「叶」。",葉 → JPDB Kanji Freq: 132,漢字の読みを入力してください,Text
__楽__しむ，__楽__しい，__楽__しさ，__楽__しげだ,たの,"［楽］九級
音: ラク／ガク 訓: たの・しい／たの・しむ
意味: 音を奏(かな)でる、音楽(オンガク)。
調和が取れて心地よい、心や体を煩(わずら)わせるものが何もなく安らかで快い、悦(よろこ)ばしい。",楽 → JPDB Kanji Freq: 131,漢字の読みを入力してください,Text
__決__める，取り__決__め，__決__まる，__決__まり,き,"［決］八級
音: ケツ／ケチ 訓: き・まる／き・まり／き・まって
意味: 堤(つつみ)などが破(やぶ)れる、また(堤防などが破れて)水が流れ出る。
破る、突き破る。
(妨げとなっている物や事を突き破って、押し退けて)きっぱりと、決断(ケツダン)(すぱっと断ち切る、きっぱりと決める)」、決心(ケッシン)(きっぱりと心を決める)」。
(迷いを振り払って、迷いがないように)はっきりと、、決定(ケッテイ)(はっきりと定める)」、判決(ハンケツ)(どちらが正当なものかを見分けて決める)」。
き・まって、必ず、間違いなく。",決 → JPDB Kanji Freq: 130,漢字の読みを入力してください,Text
__張__る，欲__張__る，引っ__張__る,は,"［張］六級
音: チョウ 訓: は・る
意味: 弓や弦楽器の弦ゲン(つる)を弛(たる)まないように掛ける、二点間に糸や網などを渡す。
弛(ゆる)みがないようにぴんと伸ばす、皺(しわ)にならないようにぴんと延(の)ばす。
(弦を張った弓のように)大きく膨(ふく)らむ、大きく延ばす、大きく広げる。
(強く張った弦のように)ぴんとしているさま、動作や状態がまっすぐで揺らぎがないさま。
(弓や琴、網や幕など)ぴんと伸ばした(延ばした)ものを数える語。
二十八宿南方朱雀スザクの一つ{二十八宿}。",張 → JPDB Kanji Freq: 129,漢字の読みを入力してください,Text
__近__い，__近__づく，__近__道,ちか,"［近］九級
音: キン／ゴン／コン 訓: ちか／ちか・い
意味: 位置・時間・関係・状態などがすぐ傍(そば)にある。
迫(せま)る、すぐ傍まで寄る、また寄せる。
親(ちか)しい、親(した)しい(間柄や関係などが近い)。
似ている(形状や様子などが近い)。
(身近で)分かり易い。",近 → JPDB Kanji Freq: 128,漢字の読みを入力してください,Text
__勝__る，男__勝__り,まさ,"［勝］八級
音: ショウ 訓: すぐ・れる／まさ・る／か・つ
意味: 責任や任務によく耐える、また耐えることができる。
克(か)つ、克服する、(困難に耐え)乗り越え成し遂げる。
～を上回る、～より優(すぐ)れる、優れている。
相手を上回る、相手を倒す、逆は「負」。
簡「胜」。",勝 → JPDB Kanji Freq: 127,漢字の読みを入力してください,Text
__勝__つ，__勝__ち，__勝__手,か,"［勝］八級
音: ショウ 訓: すぐ・れる／まさ・る／か・つ
意味: 責任や任務によく耐える、また耐えることができる。
克(か)つ、克服する、(困難に耐え)乗り越え成し遂げる。
～を上回る、～より優(すぐ)れる、優れている。
相手を上回る、相手を倒す、逆は「負」。
簡「胜」。",勝 → JPDB Kanji Freq: 127,漢字の読みを入力してください,Text
夫,おっと,"［夫］七級
音: フ／フウ 訓: おっと／それ
意味: 成年の男子。
おっと、妻の配偶者、妻が配偶者を呼ぶ語。
それ、言い出しの言葉。",夫 → JPDB Kanji Freq: 126,漢字の読みを入力してください,Text
__着__ける，__着__く，船__着__き場,つ,"［着］八級
音: チャク／ジャク 訓: つ・く／つ・ける／き・る／き・せる
意味: 目的や目標としている物事・場所などに届く、また達する、また到る、同「著」。
他のものに付く、同「著」。
き・る、衣服を身に付ける、同「著」。
火や明かりを点(つ)ける、同「著」。",着 → JPDB Kanji Freq: 125,漢字の読みを入力してください,Text
__着__る，__着__物，晴れ__着__，__着__せる，お仕__着__せ,き,"［着］八級
音: チャク／ジャク 訓: つ・く／つ・ける／き・る／き・せる
意味: 目的や目標としている物事・場所などに届く、また達する、また到る、同「著」。
他のものに付く、同「著」。
き・る、衣服を身に付ける、同「著」。
火や明かりを点(つ)ける、同「著」。",着 → JPDB Kanji Freq: 125,漢字の読みを入力してください,Text
"__真__南，__真__新しい，__真__っ先
__真田__紐","ま,さなだ","［真］八級
音: シン 訓: ま／まこと／まこと・に
意味: 手が加えられていない、本来の、本当の、確かな、嘘(うそ)や偽(いつわ)りがない。
正しい、正当な。",真 → JPDB Kanji Freq: 124,漢字の読みを入力してください,Text
__屋__根，花__屋__，楽__屋__,や,"［屋］八級
音: オク 訓: や
意味: 日差しや雨風を遮(さえぎ)るための覆(おお)い、同「幄」。
建物の上部の日差しや雨風を遮(さえぎ)るための覆い、屋頂(オクテイ・オクチョウ)(屋根)」。
(屋根に覆われた)建物、宿舎、家屋。
建物の中の室シツ(部屋)、、屋子(オクシ)。",屋 → JPDB Kanji Freq: 123,漢字の読みを入力してください,Text
__用__いる,もち,"［用］九級
音: ヨウ／ユウ 訓: もち・いる
意味: 人や物、或いはその特性や能力を使う、また使ってあることを行う、また役立たせる。
働かせる、発揮させる、またそのために必要な特性・能力・金銭など。
以(もっ)て。
日為すべきこと。
日。",用 → JPDB Kanji Freq: 122,漢字の読みを入力してください,Text
__結__ぶ，__結__び,むす,"［結］七級
音: ケツ／ケチ 訓: むす・ぶ／ゆ・う／ゆ・わえる
意味: 糸や紐(ひも)・縄(なわ)・綱(つな)などの両端を繋(つな)いで解(ほど)けないようにする。
解けたり緩(ゆる)んだりしないように締(し)める、しっかりと繋ぐ。
締め括(くく)る。
繋いだ部分にできる瘤(こぶ)状のもの(結び目)、固い瘤状のもの、結果(ケッカ)。
しっかりと繋ぎ合わせる、組み合わせる。",結 → JPDB Kanji Freq: 121,漢字の読みを入力してください,Text
"__結__く
糸や縄を編んでつなげる。「魚をとる網を―く」",す,"［結］七級
音: ケツ／ケチ 訓: むす・ぶ／ゆ・う／ゆ・わえる
意味: 糸や紐(ひも)・縄(なわ)・綱(つな)などの両端を繋(つな)いで解(ほど)けないようにする。
解けたり緩(ゆる)んだりしないように締(し)める、しっかりと繋ぐ。
締め括(くく)る。
繋いだ部分にできる瘤(こぶ)状のもの(結び目)、固い瘤状のもの、結果(ケッカ)。
しっかりと繋ぎ合わせる、組み合わせる。",結 → JPDB Kanji Freq: 121,漢字の読みを入力してください,Text
__結__わえる，__結__う，元__結__,ゆ,"［結］七級
音: ケツ／ケチ 訓: むす・ぶ／ゆ・う／ゆ・わえる
意味: 糸や紐(ひも)・縄(なわ)・綱(つな)などの両端を繋(つな)いで解(ほど)けないようにする。
解けたり緩(ゆる)んだりしないように締(し)める、しっかりと繋ぐ。
締め括(くく)る。
繋いだ部分にできる瘤(こぶ)状のもの(結び目)、固い瘤状のもの、結果(ケッカ)。
しっかりと繋ぎ合わせる、組み合わせる。",結 → JPDB Kanji Freq: 121,漢字の読みを入力してください,Text
"__開__ける，__開__かる
着ている衣服の合わせ目が開く。また、開け広げること。
「胸を━」「浴衣　開けすぎじゃない」",はだ,"［開］八級
音: カイ／ケ 訓: あ・く／あ・ける／ひら・く／ひら・ける／はだ・ける
意味: 啓(ひら)く、閉じられている扉を真ん中から左右に押し除(の)ける。
仕切っているもの(塞ふさいでいるもの、妨さまたげているもの)を取る、開放(カイホウ)。
明け放つ、大きく広げる。
(閉じていた扉が開いて)間が空(あ)く。
(束縛ソクバクを解といて)動かす、動く。
簡「开」。",開 → JPDB Kanji Freq: 120,漢字の読みを入力してください,Text
__開__ける，__開__く，川__開__き,ひら,"［開］八級
音: カイ／ケ 訓: あ・く／あ・ける／ひら・く／ひら・ける／はだ・ける
意味: 啓(ひら)く、閉じられている扉を真ん中から左右に押し除(の)ける。
仕切っているもの(塞ふさいでいるもの、妨さまたげているもの)を取る、開放(カイホウ)。
明け放つ、大きく広げる。
(閉じていた扉が開いて)間が空(あ)く。
(束縛ソクバクを解といて)動かす、動く。
簡「开」。",開 → JPDB Kanji Freq: 120,漢字の読みを入力してください,Text
__開__ける，__開__けたて，__開__く,あ,"［開］八級
音: カイ／ケ 訓: あ・く／あ・ける／ひら・く／ひら・ける／はだ・ける
意味: 啓(ひら)く、閉じられている扉を真ん中から左右に押し除(の)ける。
仕切っているもの(塞ふさいでいるもの、妨さまたげているもの)を取る、開放(カイホウ)。
明け放つ、大きく広げる。
(閉じていた扉が開いて)間が空(あ)く。
(束縛ソクバクを解といて)動かす、動く。
簡「开」。",開 → JPDB Kanji Freq: 120,漢字の読みを入力してください,Text
__神__主,かん,"［神］八級
音: シン／ジン 訓: かみ／かん／こう
意味: 人の力や理解が及ばない現象を引き起こすと考えられたもの、不思議なはたらきをするもの。
心こころ、魂コン(たましい、思考や感情など)。",神 → JPDB Kanji Freq: 119,漢字の読みを入力してください,Text
__神__々しい,こう,"［神］八級
音: シン／ジン 訓: かみ／かん／こう
意味: 人の力や理解が及ばない現象を引き起こすと考えられたもの、不思議なはたらきをするもの。
心こころ、魂コン(たましい、思考や感情など)。",神 → JPDB Kanji Freq: 119,漢字の読みを入力してください,Text
__神__，__神__様，貧乏__神__,かみ,"［神］八級
音: シン／ジン 訓: かみ／かん／こう
意味: 人の力や理解が及ばない現象を引き起こすと考えられたもの、不思議なはたらきをするもの。
心こころ、魂コン(たましい、思考や感情など)。",神 → JPDB Kanji Freq: 119,漢字の読みを入力してください,Text
__確__かめる，__確__かだ，__確__かさ,たし,"［確］六級
音: カク 訓: たし・か
意味: 石のように堅(かた)い、堅くしっかりとしていて揺るぎがない。
間違いない。
簡「确」。",確 → JPDB Kanji Freq: 118,漢字の読みを入力してください,Text
__確__り，__確__と,"しか,しっか","［確］六級
音: カク 訓: たし・か
意味: 石のように堅(かた)い、堅くしっかりとしていて揺るぎがない。
間違いない。
簡「确」。",確 → JPDB Kanji Freq: 118,漢字の読みを入力してください,Text
__仕__える,つか,"［仕］八級
音: シ／ジ 訓: つか・える
意味: 身分の高い人に付き従う、またその用をする。
官職に就く、またその業務や任務を担い行う。
為(な)す、為(な)すべき事。",仕 → JPDB Kanji Freq: 117,漢字の読みを入力してください,Text
"__仕__る
①「する」「おこなう」の謙譲語。「お相手―ります」
②…いたす。謙譲の意を表す語。「失礼―りました」",つかまつ,"［仕］八級
音: シ／ジ 訓: つか・える
意味: 身分の高い人に付き従う、またその用をする。
官職に就く、またその業務や任務を担い行う。
為(な)す、為(な)すべき事。",仕 → JPDB Kanji Freq: 117,漢字の読みを入力してください,Text
__相__打ち，__相__手，__相__宿，__相__変わらず,あい,"［相］八級
音: ショウ／ソウ 訓: あい
意味: (対象となるものを)よく見る。
互(たが)いに～(しあう)、互相(ゴソウ)(相互ソウゴ)」。
二つのものの間に起こること、また関係し合うこと、片方から他方へ働き掛ける動作。
姿形(すがたかたち)や様子・有様(ありさま)、、相貌(ソウボウ)。
二つのものの間に立って取り持つ、また助ける、「輔相(ホショウ、補佐すること)」。
官職の長、、丞相(ジョウショウ)(宰相サイショウ、君主を補佐する官吏カンリの最高位)」。",相 → JPDB Kanji Freq: 116,漢字の読みを入力してください,Text
__口__，__口__絵，出__口__,くち,"［口］十級
音: コウ／ク 訓: くち
意味: 動物の食べたり声を発したりするための器官。
ものが出入りするために空(あ)けた(空いた)ところ、(口のように)全体の内の一部空いたところ。
言葉、言葉を発する、語る。
(一人或いは一頭に一つしかないことから)人や動物を数える語。
くち、くちへん、部首名。",口 → JPDB Kanji Freq: 115,漢字の読みを入力してください,Text
事__切__れる，__切__れる，__切__る,き,"［切］九級
音: セツ／セチ／セイ／サイ 訓: き・る／き・れる／き・り
意味: 刃物などですっと断(た)つ、裁(た)つ、割(さ)く。
ぴったりとしたさま、隙(すき)がないさま、親切(シンセツ)。
近くまで迫(せま)る、差し迫る、切近(セッキン)(接近)」。
一切(イッサイ)、全(すべ)て、押し並(な)べて。
漢字の音(オン、読み)の表し方の一つ、、反切(ハンセツ)、「切」は「千結切」で表され、、千(セン)の声母「セ」と結(ケツ・ケチ)の韻母「ツ、チ」を組み合わせて「セツ、セチ」と読む、最後の「切」は「反切」で表していることを示す。",切 → JPDB Kanji Freq: 114,漢字の読みを入力してください,Text
__面__，細__面__,おもて,"［面］八級
音: ベン／メン 訓: おもて／おも／つら
意味: 顔(かお)、頭の目鼻口がある側。
顔を対象タイショウ(目標や相手)に向ける、また向く。
(顔が)向いている側、向き、向いている方向。
ものの表(おもて)、前(まえ)。
顔の形に似せたもの。
平らな広がり、厚さのない広がり。
麺メン、小麦などを挽(ひ)いて粉末状にしたもの、またその粉に水などを加えて捏(こね)たもの、同「麵」。
繁「麵」。
めん、部首名。",面 → JPDB Kanji Freq: 113,漢字の読みを入力してください,Text
__面__，__面__魂，鼻__面__,つら,"［面］八級
音: ベン／メン 訓: おもて／おも／つら
意味: 顔(かお)、頭の目鼻口がある側。
顔を対象タイショウ(目標や相手)に向ける、また向く。
(顔が)向いている側、向き、向いている方向。
ものの表(おもて)、前(まえ)。
顔の形に似せたもの。
平らな広がり、厚さのない広がり。
麺メン、小麦などを挽(ひ)いて粉末状にしたもの、またその粉に水などを加えて捏(こね)たもの、同「麵」。
繁「麵」。
めん、部首名。",面 → JPDB Kanji Freq: 113,漢字の読みを入力してください,Text
川の__面__，__面__影，__面__長,おも,"［面］八級
音: ベン／メン 訓: おもて／おも／つら
意味: 顔(かお)、頭の目鼻口がある側。
顔を対象タイショウ(目標や相手)に向ける、また向く。
(顔が)向いている側、向き、向いている方向。
ものの表(おもて)、前(まえ)。
顔の形に似せたもの。
平らな広がり、厚さのない広がり。
麺メン、小麦などを挽(ひ)いて粉末状にしたもの、またその粉に水などを加えて捏(こね)たもの、同「麵」。
繁「麵」。
めん、部首名。",面 → JPDB Kanji Freq: 113,漢字の読みを入力してください,Text
"__発__つ
出発する。「上野を七時に発つ」 「旅に発つ」 「故郷を発つ」",た,"［発］八級
音: ハツ／ホツ／ホチ 訓: た・つ／あば・く
意味: 矢を放つ、外(離れて行く方向)に向かって勢いよく飛び出る。
動いていなかったものが勢いよく動き出す、物事が動き出す、物事が始まる、行動を起こす。
隠れていたものが突然に現れ出る。
隠れていたものが表に現れ出る、現れてぱっと大きく広がる。
広く公(おおやけ)にする。",発 → JPDB Kanji Freq: 112,漢字の読みを入力してください,Text
"__小__路
［名］家と家に挟まれた幅のせまい道。（↔大路(おおじ)）
「こみち」の転。",こう,"［小］十級
音: ショウ 訓: ちい・さい／お／こ
意味: 形・数・量・力・程度などが比較しようとしているもの以下である、求められる(必要とされる、必要な)形・数・量・力・程度などに及ばない(足りない)、劣(おと)る、細かい、短い、軽い、弱い、少ない、幼い、以上は「大」。
しょう、部首名。",小 → JPDB Kanji Freq: 111,漢字の読みを入力してください,Text
__小__川，__小__暗い,お,"［小］十級
音: ショウ 訓: ちい・さい／お／こ
意味: 形・数・量・力・程度などが比較しようとしているもの以下である、求められる(必要とされる、必要な)形・数・量・力・程度などに及ばない(足りない)、劣(おと)る、細かい、短い、軽い、弱い、少ない、幼い、以上は「大」。
しょう、部首名。",小 → JPDB Kanji Freq: 111,漢字の読みを入力してください,Text
__小__さい，__小__さな,ちい,"［小］十級
音: ショウ 訓: ちい・さい／お／こ
意味: 形・数・量・力・程度などが比較しようとしているもの以下である、求められる(必要とされる、必要な)形・数・量・力・程度などに及ばない(足りない)、劣(おと)る、細かい、短い、軽い、弱い、少ない、幼い、以上は「大」。
しょう、部首名。",小 → JPDB Kanji Freq: 111,漢字の読みを入力してください,Text
__小__型，__小__鳥，__小__切手,こ,"［小］十級
音: ショウ 訓: ちい・さい／お／こ
意味: 形・数・量・力・程度などが比較しようとしているもの以下である、求められる(必要とされる、必要な)形・数・量・力・程度などに及ばない(足りない)、劣(おと)る、細かい、短い、軽い、弱い、少ない、幼い、以上は「大」。
しょう、部首名。",小 → JPDB Kanji Freq: 111,漢字の読みを入力してください,Text
"__誰__も，__誰__一人
__誰__そ彼","だれ,た","［誰］二級
音: スイ／ズイ 訓: だれ／たれ
意味: だれ、「だれ？」「何という名の人？」「どのような人？」「どこの人？」などの人の名や素性(スジョウ)を問(と)う疑問代名詞、who。
誰何(スイカ)誰だか分からない人あなたは誰なのかと問う。
「ある人」「～の人」「だれか」などの不特定の人を表す語、someone。",誰 → JPDB Kanji Freq: 109,漢字の読みを入力してください,Text
__音__，物__音__,おと,"［音］十級
音: イン／オン 訓: おと／ね
意味: 聴覚で認識できるものの総称、特に楽器のもの、高低強弱などの抑揚がある音が連続し全体として意味を持つものを「声」。
耳に届いて来るもの、便り。
日漢字の中国伝来の読みを、音(イン・オン)、日本独自の読みを、訓(クン)(おと、ね)」。
おと、おとへん、部首名。",音 → JPDB Kanji Freq: 108,漢字の読みを入力してください,Text
__音__，__音__色,ね,"［音］十級
音: イン／オン 訓: おと／ね
意味: 聴覚で認識できるものの総称、特に楽器のもの、高低強弱などの抑揚がある音が連続し全体として意味を持つものを「声」。
耳に届いて来るもの、便り。
日漢字の中国伝来の読みを、音(イン・オン)、日本独自の読みを、訓(クン)(おと、ね)」。
おと、おとへん、部首名。",音 → JPDB Kanji Freq: 108,漢字の読みを入力してください,Text
__付__ける，名__付__け，__付__く，気__付__く,つ,"［付］七級
音: フ 訓: つ・く／つ・ける
意味: 手ずから授(さず)ける、直接手を取って与える、同「仅」。
渡し与える、渡して任せる、委(ゆだ)ねる。
日他のものに加える、また添える、また足す、同「附」。",付 → JPDB Kanji Freq: 107,漢字の読みを入力してください,Text
"__強__張る，__強__い
〈動きがとまって／やわらかなものが〉かたくなる。
「表情が━・筋肉が━」",こわ,"［強］九級
音: キョウ／ゴウ 訓: つよ・い／つよ・まる／つよ・める／し・いる／こわ・い／あなが・ち
意味: 堅(かた)く曲がったり歪(ゆが)んだり弛(ゆる)んだりすることがないさま、どんな力にも揺(ゆら)らがないさま。
力や勢いがあるさま、体力・気力が漲(みなぎ)っているさま。
勤(つと)める、勉(つと)める、力を尽くす、力を出し切る、勉強(ベンキョウ)。
猛々(たけだけ)しい。
力づくで～、無理に～。
あなが・ち、必ずしも。
～に勝(まさ)る。
強䖹(キョウヨウ)、米穀類に棲(す)み付く小さな黒褐色の虫、コクゾウムシ穀象虫の類、同「蚚」蛄䗐(コシ)。",強 → JPDB Kanji Freq: 106,漢字の読みを入力してください,Text
__強__いる，無理__強__い,し,"［強］九級
音: キョウ／ゴウ 訓: つよ・い／つよ・まる／つよ・める／し・いる／こわ・い／あなが・ち
意味: 堅(かた)く曲がったり歪(ゆが)んだり弛(ゆる)んだりすることがないさま、どんな力にも揺(ゆら)らがないさま。
力や勢いがあるさま、体力・気力が漲(みなぎ)っているさま。
勤(つと)める、勉(つと)める、力を尽くす、力を出し切る、勉強(ベンキョウ)。
猛々(たけだけ)しい。
力づくで～、無理に～。
あなが・ち、必ずしも。
～に勝(まさ)る。
強䖹(キョウヨウ)、米穀類に棲(す)み付く小さな黒褐色の虫、コクゾウムシ穀象虫の類、同「蚚」蛄䗐(コシ)。",強 → JPDB Kanji Freq: 106,漢字の読みを入力してください,Text
__強__める，__強__まる，__強__い，__強__がる,つよ,"［強］九級
音: キョウ／ゴウ 訓: つよ・い／つよ・まる／つよ・める／し・いる／こわ・い／あなが・ち
意味: 堅(かた)く曲がったり歪(ゆが)んだり弛(ゆる)んだりすることがないさま、どんな力にも揺(ゆら)らがないさま。
力や勢いがあるさま、体力・気力が漲(みなぎ)っているさま。
勤(つと)める、勉(つと)める、力を尽くす、力を出し切る、勉強(ベンキョウ)。
猛々(たけだけ)しい。
力づくで～、無理に～。
あなが・ち、必ずしも。
～に勝(まさ)る。
強䖹(キョウヨウ)、米穀類に棲(す)み付く小さな黒褐色の虫、コクゾウムシ穀象虫の類、同「蚚」蛄䗐(コシ)。",強 → JPDB Kanji Freq: 106,漢字の読みを入力してください,Text
"__強__ち
［副ニ］全面的に断定できないという話し手の気持ちを表す。一概に。必ずしも。
「彼女の主張は強ち間違いとは言えない」
「社長の言い分も強ちに否定はできない」
ふつう下に打ち消しを伴う。",あなが,"［強］九級
音: キョウ／ゴウ 訓: つよ・い／つよ・まる／つよ・める／し・いる／こわ・い／あなが・ち
意味: 堅(かた)く曲がったり歪(ゆが)んだり弛(ゆる)んだりすることがないさま、どんな力にも揺(ゆら)らがないさま。
力や勢いがあるさま、体力・気力が漲(みなぎ)っているさま。
勤(つと)める、勉(つと)める、力を尽くす、力を出し切る、勉強(ベンキョウ)。
猛々(たけだけ)しい。
力づくで～、無理に～。
あなが・ち、必ずしも。
～に勝(まさ)る。
強䖹(キョウヨウ)、米穀類に棲(す)み付く小さな黒褐色の虫、コクゾウムシ穀象虫の類、同「蚚」蛄䗐(コシ)。",強 → JPDB Kanji Freq: 106,漢字の読みを入力してください,Text
__使__う，__使__い,つか,"［使］八級
音: シ 訓: つか・う／つか・い／つか・わす
意味: つか・う、人や家畜を働かせる、道具などを用いる。
つか・い、用事をする。
つか・わす、用事などを伝えるために人を差し向ける。
～に～させる。
もし～、仮に～。",使 → JPDB Kanji Freq: 105,漢字の読みを入力してください,Text
__外__様，__外__様大名，__外__つ国,と,"［外］九級
音: ガイ／ゲ／ウイ 訓: そと／ほか／はず・れる／はず・す
意味: そと、範囲・領域・組織や区切り・境界の内(内側、内部)から出たもの、表に出ている(表に面している)もの、見えるところにあるもの、またそのようなところ、逆は「内」。
ほか、他ほか、別のもの、別のところ。
はず・れる、ある一定の範囲に含まれない、基準となるものや本来の位置から逸(そ)れる。
自分の家族以外の親族、外父(ガイフ)(妻の父)」、外家(ガイカ)(母や妻の実家)」。
日はず・す、一部を取る、また除(のぞ)く。",外 → JPDB Kanji Freq: 104,漢字の読みを入力してください,Text
__外__，その__外__,ほか,"［外］九級
音: ガイ／ゲ／ウイ 訓: そと／ほか／はず・れる／はず・す
意味: そと、範囲・領域・組織や区切り・境界の内(内側、内部)から出たもの、表に出ている(表に面している)もの、見えるところにあるもの、またそのようなところ、逆は「内」。
ほか、他ほか、別のもの、別のところ。
はず・れる、ある一定の範囲に含まれない、基準となるものや本来の位置から逸(そ)れる。
自分の家族以外の親族、外父(ガイフ)(妻の父)」、外家(ガイカ)(母や妻の実家)」。
日はず・す、一部を取る、また除(のぞ)く。",外 → JPDB Kanji Freq: 104,漢字の読みを入力してください,Text
__外__，__外__囲い,そと,"［外］九級
音: ガイ／ゲ／ウイ 訓: そと／ほか／はず・れる／はず・す
意味: そと、範囲・領域・組織や区切り・境界の内(内側、内部)から出たもの、表に出ている(表に面している)もの、見えるところにあるもの、またそのようなところ、逆は「内」。
ほか、他ほか、別のもの、別のところ。
はず・れる、ある一定の範囲に含まれない、基準となるものや本来の位置から逸(そ)れる。
自分の家族以外の親族、外父(ガイフ)(妻の父)」、外家(ガイカ)(母や妻の実家)」。
日はず・す、一部を取る、また除(のぞ)く。",外 → JPDB Kanji Freq: 104,漢字の読みを入力してください,Text
__外__れる，町__外__れ，__外__す，踏み__外__す,はず,"［外］九級
音: ガイ／ゲ／ウイ 訓: そと／ほか／はず・れる／はず・す
意味: そと、範囲・領域・組織や区切り・境界の内(内側、内部)から出たもの、表に出ている(表に面している)もの、見えるところにあるもの、またそのようなところ、逆は「内」。
ほか、他ほか、別のもの、別のところ。
はず・れる、ある一定の範囲に含まれない、基準となるものや本来の位置から逸(そ)れる。
自分の家族以外の親族、外父(ガイフ)(妻の父)」、外家(ガイカ)(母や妻の実家)」。
日はず・す、一部を取る、また除(のぞ)く。",外 → JPDB Kanji Freq: 104,漢字の読みを入力してください,Text
__世__，__世__の中,よ,"［世］八級
音: セイ／セ 訓: よ
意味: 地位や家督を継(つ)いでから次の代ダイに引き継ぐまでの期間、同「代」。
家督カトクを継(つ)ぐ。
同様の状態が続く期間、時代、特に三十年間を一区切りとした時代、世代(セイダイ・セダイ)
人などが存在・生活する空間や時間、世界(セカイ)、世間(セケン)",世 → JPDB Kanji Freq: 103,漢字の読みを入力してください,Text
__込__める，やり__込__める，__込__む,こ,"［込］四級
音: こ・む／こめ・る 訓: 
意味: 日中に(内に、裏に、見えないところに)入(はい)る、入(い)れる。",込 → JPDB Kanji Freq: 102,漢字の読みを入力してください,Text
__名__，__名__前,な,"［名］十級
音: メイ／ミョウ 訓: な
意味: 人に付ける呼称、また動物・もの・出来事などを呼んだり指し示したり識別したりするためにその各々に付ける呼称、名称(メイショウ)。
呼称を付ける、命名(メイメイ)。
広く知れ渡っているさま、評判、有名(ユウメイ)、名声(メイセイ)。",名 → JPDB Kanji Freq: 101,漢字の読みを入力してください,Text
__死__ぬ，__死__に絶える,し,"［死］八級
音: シ 訓: し・ぬ
意味: 細って尽(つ)きる。
精気セイキがなくなる。
動かなくなる、用を成(な)さなくなる。
命が尽きる、天寿テンジュ(天から授かった寿命)を全(まっと)うすることなく命を失う、天寿を全うしての死を「終」。
命を懸(か)ける、「死を賭トす」の意",死 → JPDB Kanji Freq: 99,漢字の読みを入力してください,Text
__考__える，__考__え,かんが,"［考］九級
音: コウ 訓: かんが・える
意味: 老いているさま、高齢なさま、壽考(ジュコウ)(長生きなさま、長生きな人)」。
亡くなった父親に対する呼称、母親は「妣」、妻は「嬪」、考妣(コウヒ)(両親、亡くなった両親)」。
終(しま)う、これから先はないところまで行き着く
突き詰める、念入りに吟味する、繰り返し探し調べ本質を追い求める。
(能力・適性を見極める)試験、官吏カンリ登用試験。
推敲スイコウする、繰り返し叩(たた)き直(なお)す、また作り上げる。",考 → JPDB Kanji Freq: 98,漢字の読みを入力してください,Text
__好__む，__好__み，__好__ましい,この,"［好］七級
音: コウ 訓: この・む／す・く／す・き／よ・い／よしみ
意味: 自分にとって快く受け入れることができること(事・言)やもの(物・者)、その逆が「悪」、好悪(コウオ)。
良い、善(よ)い、心地良い、丁度良い、勝手(かって、都合や利便)が良い、状態が良い、良好(リョウコウ)。
(相手の言動を受け入れ了承・同意の意で)良い、宜(よろ)しい。
容姿が良い、美しい、愛(あい)らしい。
愛する、可愛(かわい)がる、気に入る。
(互いに相手を受け入れて)仲が良い、またそのような関係、友好(ユウコウ)。
中央に孔(あな)のあいた輪状の玉器(璧ヘキ、環(カン)、瑗(エン)など)の孔{礼器(円形)}。",好 → JPDB Kanji Freq: 97,漢字の読みを入力してください,Text
__好__く，__好__き嫌い，__好__きな絵,す,"［好］七級
音: コウ 訓: この・む／す・く／す・き／よ・い／よしみ
意味: 自分にとって快く受け入れることができること(事・言)やもの(物・者)、その逆が「悪」、好悪(コウオ)。
良い、善(よ)い、心地良い、丁度良い、勝手(かって、都合や利便)が良い、状態が良い、良好(リョウコウ)。
(相手の言動を受け入れ了承・同意の意で)良い、宜(よろ)しい。
容姿が良い、美しい、愛(あい)らしい。
愛する、可愛(かわい)がる、気に入る。
(互いに相手を受け入れて)仲が良い、またそのような関係、友好(ユウコウ)。
中央に孔(あな)のあいた輪状の玉器(璧ヘキ、環(カン)、瑗(エン)など)の孔{礼器(円形)}。",好 → JPDB Kanji Freq: 97,漢字の読みを入力してください,Text
__味__わう，後__味__の悪い，__味__わい，__味__，__味__見，塩__味__,あじ,"［味］八級
音: ビ／ミ 訓: あじ／あじ・わう／あじ・わい
意味: 舌で感じる、舌の感覚。
五味(ゴミ)、舌の感覚(味)を五つに大別したもの、酸(酸っぱい味)苦(苦い味)辛(辛い味)鹹(塩辛い味)甘(甘い味)。
あじ・わう、(舌で味を)感じ分ける、(味や物事の)程度や加減や具合をみる
あじ・わい、面白さ、面白み",味 → JPDB Kanji Freq: 96,漢字の読みを入力してください,Text
__所__，台__所__,ところ,"［所］八級
音: ソ／ショ 訓: ところ
意味: 処(ところ)、ものがある場また位置(要所・箇所など)、ことをする場また位置(住所・裁判所など)。
～のこと、所感(ショカン)(感じること)」、所存(ショゾン)(ありか、物のある場所。人のいる場所日考え思っていること)」。
～のもの、、所有(ショユウ)(持っているもの)」、所得(ショトク)(得たもの、手に入れたもの)」。
木を伐採する音、その音が発せられている所の意。",所 → JPDB Kanji Freq: 95,漢字の読みを入力してください,Text
__悪__い，__悪__さ，__悪__者,わる,"［悪］八級
音: アク／オ／ウ 訓: わる・い／あし
意味: 良くない、劣る、好ましくない。
憎む、好ましくない(良くない)感情を抱く。
不快な、不吉な。
忌(いま)まわしい、醜(みにく)い、またそのように行い。
道を誤る、道義に反する、またそのように行い。",悪 → JPDB Kanji Freq: 94,漢字の読みを入力してください,Text
"折__悪__しく，__悪__しからず
〔何かをしようとするときに〕間合いが悪く。おりわるく。あいにく。
「━雨が降ってきた」（↔折良く）",あ,"［悪］八級
音: アク／オ／ウ 訓: わる・い／あし
意味: 良くない、劣る、好ましくない。
憎む、好ましくない(良くない)感情を抱く。
不快な、不吉な。
忌(いま)まわしい、醜(みにく)い、またそのように行い。
道を誤る、道義に反する、またそのように行い。",悪 → JPDB Kanji Freq: 94,漢字の読みを入力してください,Text
__男__，__男__らしい,おとこ,"［男］十級
音: ダン／ナン 訓: おとこ／お
意味: 雄(おす)としての特性を持つ人、女(雌めすとしての特性を持つ人)と対になる性の一方、「田畑で力仕事をする人」の意。
息子(むすこ)。
親に対しての息子の自称(ジショウ、「わたし」「自分」の意)。
爵位シャクイ(上位から「公・侯・伯・子・男」)の第五位。",男 → JPDB Kanji Freq: 93,漢字の読みを入力してください,Text
__高__める，__高__まる，__高__まり，__高__い，__高__台，__高__ぶる，__高__，売上__高__,たか,"［高］九級
音: コウ 訓: たか・い／たか／たか・める／たか・まる
意味: 上下の方向で上の方、標準的・平均的な程度よりも上にある。
幾つかのものを比べた時に上にある、また優(すぐ)れている、また尊(とうと)い。
標準・基準や想定・期待を超えている、また上回っている。
上げる、上に向ける、昂(たかぶ)る。
たかい、部首名。",高 → JPDB Kanji Freq: 92,漢字の読みを入力してください,Text
__向__こう，__向__こう側，__向__ける，顔__向__け，__向__く，__向__き，__向__かう，__向__かい,む,"［向］八級
音: キョウ／コウ 訓: む・かう／む・く／むき
意味: 窓、北側に面した窓、同「郷」、「丿冂」は「宀」で「屋根のある建物」、「口」は「壁などに空いた窓」の意。
目的とするところを目指して行く、基点となるところから遠ざかる方向に進む、同「嚮」「曏」。
面する、相対アイタイする、同「嚮」「郷」、反対向きになるのは「背」。
方角、方位。
以前、現在よりも前、同「曏」。
繁「曏」。",向 → JPDB Kanji Freq: 89,漢字の読みを入力してください,Text
__月__，__月__見，三日__月__,つき,"［月］十級
音: ゲツ／ゴチ／ガツ 訓: つき
意味: 地球の衛星の名、太陰タイイン、「日」を「太陽」というのに対して月を「太陰」という。
一年をほぼ十二等分した期間、新月(月が見えなくなる日)から次の新月までの期間。
七曜の一つ。
十二章紋の一つ{服飾(十二章紋)}。
つきへん、部首名。",月 → JPDB Kanji Freq: 88,漢字の読みを入力してください,Text
__的__，__的__外れ,まと,"［的］七級
音: テキ／チャク 訓: まと
意味: 弓で矢を射(い)る時の目標とするもの、同「㢩」「墑」。
額(ひたい)の部分だけが白い馬、またその額の白い部分、女性が額に施(ほどこ)す(赤い点状の)装飾。
(弓の的の中央は目立つように白くしてあることから)明らか(な)、はっきりと見える、はっきりしている、よく目立つ、同「旳」「𤾠」。
狙(ねら)ったところに当たる、当てる。
～の～、我的(ウォダ)(わたしの～)」、～のような～、、似的(シィダ)(～のような～、～らしい～)」、～な～、、別的(ビィェダ)(～とは別な～)」。",的 → JPDB Kanji Freq: 87,漢字の読みを入力してください,Text
__二__つ，__二__重まぶた,ふた,"［二］十級
音: ジ／ニ 訓: ふた／ふた・つ
意味: 数の名、(数の)一イチの次の数{数字}。
(二つに)分ける、分けて別々にする、対ツイ(二つで一組になるもの)になる。
に、部首名。",二 → JPDB Kanji Freq: 86,漢字の読みを入力してください,Text
__身__，__身__内，親__身__,み,"［身］八級
音: シン 訓: み
意味: (頭部を除いた)体(からだ)、躯体クタイ、同「躯」「躬」。
中に含まれているもの、また入っているもの、本体。
人の一生、命(いのち)。
吾(われ)、我(わ)が、自分ジブン、自(みずか)ら、同「躬」。
子を孕(はら)む、懐胎カイタイする。
身毒(シンドク・イェンドゥ)、インドIndia、天竺(テンジク)の古称。
み、みへん、部首名。",身 → JPDB Kanji Freq: 85,漢字の読みを入力してください,Text
__実__る，__実__り,みの,"［実］八級
音: シツ／ジﾞチ／ジツ 訓: み／みの・る／まこと・に／げ・に
意味: 蓄(たくわ)えが家に満ちているさま。
隙間なく詰まって虚(うつ)ろなところがないさま。
ぎっしりと詰まった中身、草木などの稔(みの)って中がぎっしりと詰まったもの。
まこと・に、げ・に、誠に、本当に、仮定や想像や虚偽などではないことを強調する言葉。",実 → JPDB Kanji Freq: 84,漢字の読みを入力してください,Text
__実__，__実__入り,み,"［実］八級
音: シツ／ジﾞチ／ジツ 訓: み／みの・る／まこと・に／げ・に
意味: 蓄(たくわ)えが家に満ちているさま。
隙間なく詰まって虚(うつ)ろなところがないさま。
ぎっしりと詰まった中身、草木などの稔(みの)って中がぎっしりと詰まったもの。
まこと・に、げ・に、誠に、本当に、仮定や想像や虚偽などではないことを強調する言葉。",実 → JPDB Kanji Freq: 84,漢字の読みを入力してください,Text
__実__しやか,まこと,"［実］八級
音: シツ／ジﾞチ／ジツ 訓: み／みの・る／まこと・に／げ・に
意味: 蓄(たくわ)えが家に満ちているさま。
隙間なく詰まって虚(うつ)ろなところがないさま。
ぎっしりと詰まった中身、草木などの稔(みの)って中がぎっしりと詰まったもの。
まこと・に、げ・に、誠に、本当に、仮定や想像や虚偽などではないことを強調する言葉。",実 → JPDB Kanji Freq: 84,漢字の読みを入力してください,Text
__待__つ，__待__ち遠しい,ま,"［待］八級
音: タイ／ダイ 訓: ま・つ
意味: その人・時間・機会などが来るまで(その状態になるまで)その場に止(とど)まる、同「𥩳」。
持て成す(もてなす)、準備を整えて応接する、心を尽くして応対する。
不待(フタイ)、待たない、待つまでもない、～するまでもない。",待 → JPDB Kanji Freq: 83,漢字の読みを入力してください,Text
__明__るむ，__明__るい，__明__るさ，__明__らむ,あか,"［明］九級
音: メイ／ミョウ／ミン 訓: あか・るい／あ・ける／あか・るむ／あ・かす／あ・かり／あか／あき・らか
意味: (太陽や月の)光が差す、光が当たる、光を当てる。
光が当たってはっきりと見える(分かる)、誰の目にもはっきりとしている、はっきりとさせる。
隠されたところ(陰になるところ)がない、濁りや汚(けが)れがない、隠すところ(人の目に触れさせたくないところ)がない。
新しく(次の)一日・一月・一年が始まる。
王朝名、1368年～1644年{明代}。",明 → JPDB Kanji Freq: 82,漢字の読みを入力してください,Text
__明__ける，夜__明__け，__明__くる日，__明__くる朝，__明__く，__明__らかだ，__明__かり，薄__明__かり，__明__かす，種__明__かし,あ,"［明］九級
音: メイ／ミョウ／ミン 訓: あか・るい／あ・ける／あか・るむ／あ・かす／あ・かり／あか／あき・らか
意味: (太陽や月の)光が差す、光が当たる、光を当てる。
光が当たってはっきりと見える(分かる)、誰の目にもはっきりとしている、はっきりとさせる。
隠されたところ(陰になるところ)がない、濁りや汚(けが)れがない、隠すところ(人の目に触れさせたくないところ)がない。
新しく(次の)一日・一月・一年が始まる。
王朝名、1368年～1644年{明代}。",明 → JPDB Kanji Freq: 82,漢字の読みを入力してください,Text
"__明__か・清か，__明__けし・清けし
①はっきりと澄んでいるさま。明るくよく見えるさま。「月影―」
②音･声が澄んでいてはっきりと聞こえるさま。「―に笛の音が聞こえる」",さや,"［明］九級
音: メイ／ミョウ／ミン 訓: あか・るい／あ・ける／あか・るむ／あ・かす／あ・かり／あか／あき・らか
意味: (太陽や月の)光が差す、光が当たる、光を当てる。
光が当たってはっきりと見える(分かる)、誰の目にもはっきりとしている、はっきりとさせる。
隠されたところ(陰になるところ)がない、濁りや汚(けが)れがない、隠すところ(人の目に触れさせたくないところ)がない。
新しく(次の)一日・一月・一年が始まる。
王朝名、1368年～1644年{明代}。",明 → JPDB Kanji Freq: 82,漢字の読みを入力してください,Text
__国__，島__国__,くに,"［国］九級
音: コク 訓: くに
意味: 主権者の支配が及ぶ範囲、土地や人や政治体制などを含む概念で古くは君主から与えられた領地、「王(権力者)の勢力が及ぶ範囲(囗)」の意。",国 → JPDB Kanji Freq: 81,漢字の読みを入力してください,Text
__違__える，見__違__える，間__違__える，__違__う，__違__い，間__違__う,ちが,"［違］四級
音: イ 訓: ちが・う／ちが・える／たが・う／たが・える
意味: 背(せ)を向ける、背を向け去る、背(そむ)く。
あるべき形や様子と異なる、また反している、また合っていない。
守るべきものを守らない、従(したが)わない。",違 → JPDB Kanji Freq: 80,漢字の読みを入力してください,Text
"__違__える，__違__う，仲__違__い
① 一致しないようにする。くいちがわせる。「順序を―・える」「方針を―・える」
② すでに決まったことに従わないようにする。そむく。「約束を―・える」
③ 判断や行動を誤る。まちがえる。「計算を―・える」「道を―・える」",たが,"［違］四級
音: イ 訓: ちが・う／ちが・える／たが・う／たが・える
意味: 背(せ)を向ける、背を向け去る、背(そむ)く。
あるべき形や様子と異なる、また反している、また合っていない。
守るべきものを守らない、従(したが)わない。",違 → JPDB Kanji Freq: 80,漢字の読みを入力してください,Text
__作__る,つく,"［作］九級
音: サ／サク 訓: つく・る／な・す
意味: 働(はたらく)く、力や手を加える、為(な)す、作業(サギョウ)、作為(サクイ)。
力や手を加えることによって物事や状態を変化させる、また他に影響を与える、、作用(サヨウ)。
力や手を加えたり頭を使ったりして目的の状態にする、また目的のものに仕上げる、、作成(サクセイ)、創作(ソウサク)。
力や手を加えたり頭を使ったりすることによって出来上がったもの、、作品(サクヒン)。
物事が起きる、興(おこ)る、生じる、、発作(ホッサ)。
起き上がる、立ち上がる。",作 → JPDB Kanji Freq: 79,漢字の読みを入力してください,Text
__通__う，__通__い,かよ,"［通］九級
音: トウ／ツウ 訓: とお・る／かよ・う
意味: 途中に障害となるようなものがなく反対側・向こう側・相手方・目的地まで達する、また達している。
支障なく行き来ができる、また行き来する、また行き来ができるようにする。
(道路や手紙など)行き来するものの数を数える語、四通(シツウ)(四方に通じる、四方に達する)」。
こちらと向こうが同じである、また繋(つな)がっている。
向こうまで届く、また達する、また伝わる、また知らせる。
詳(くわ)しい、よく知っている、事情に明るい。
一般的な。",通 → JPDB Kanji Freq: 78,漢字の読みを入力してください,Text
__通__る，__通__り，__通__す，__通__し,とお,"［通］九級
音: トウ／ツウ 訓: とお・る／かよ・う
意味: 途中に障害となるようなものがなく反対側・向こう側・相手方・目的地まで達する、また達している。
支障なく行き来ができる、また行き来する、また行き来ができるようにする。
(道路や手紙など)行き来するものの数を数える語、四通(シツウ)(四方に通じる、四方に達する)」。
こちらと向こうが同じである、また繋(つな)がっている。
向こうまで届く、また達する、また伝わる、また知らせる。
詳(くわ)しい、よく知っている、事情に明るい。
一般的な。",通 → JPDB Kanji Freq: 78,漢字の読みを入力してください,Text
__声__色,こわ,"［声］九級
音: セイ／ショウ 訓: こえ／こわ
意味: 磬ケイ(石また玉製の打楽器)、またその音。
人や動物が口から発する音、一般には高低強弱などの抑揚がある音が連続し全体として意味を持つものを指す、意味をなさないものを「音」。
音を出して意思を伝える。
耳に届いて来る評判。
漢字の読みの最初の子音、声母(セイボ)、頭子音(トウシイン)、「聲」の読みshēngのsh。",声 → JPDB Kanji Freq: 77,漢字の読みを入力してください,Text
__声__，呼び__声__，歌__声__,こえ,"［声］九級
音: セイ／ショウ 訓: こえ／こわ
意味: 磬ケイ(石また玉製の打楽器)、またその音。
人や動物が口から発する音、一般には高低強弱などの抑揚がある音が連続し全体として意味を持つものを指す、意味をなさないものを「音」。
音を出して意思を伝える。
耳に届いて来る評判。
漢字の読みの最初の子音、声母(セイボ)、頭子音(トウシイン)、「聲」の読みshēngのsh。",声 → JPDB Kanji Freq: 77,漢字の読みを入力してください,Text
__家__主，借__家__,や,"［家］九級
音: カ／ケ 訓: いえ／うち／や
意味: 屋根(「宀」)があり四周が戸や壁で遮(さえぎ)られている建物、豕(いのこ、ブタ豚)などの大切な家畜を飼(か)う建物。
同じ屋根の下で親子や一族が共に生活する、人が住む、またその建物。
一族が生活するところ、国家(コッカ)。
同じ屋根(同じ流派)の下で学問・技術・芸術などを共に学び究(きわ)める、またその人達。",家 → JPDB Kanji Freq: 76,漢字の読みを入力してください,Text
__家__，__家__柄，__家__元,"いえ,うち","［家］九級
音: カ／ケ 訓: いえ／うち／や
意味: 屋根(「宀」)があり四周が戸や壁で遮(さえぎ)られている建物、豕(いのこ、ブタ豚)などの大切な家畜を飼(か)う建物。
同じ屋根の下で親子や一族が共に生活する、人が住む、またその建物。
一族が生活するところ、国家(コッカ)。
同じ屋根(同じ流派)の下で学問・技術・芸術などを共に学び究(きわ)める、またその人達。",家 → JPDB Kanji Freq: 76,漢字の読みを入力してください,Text
__顔__，横__顔__，したり__顔__,かお,"［顔］九級
音: ガン／ゲン 訓: かお／かんばせ
意味: 額ひたい。
頭の前面、前に向いている面、またその容貌や表情。
様子、情景、彩(あや)、彩(いろど)り。",顔 → JPDB Kanji Freq: 75,漢字の読みを入力してください,Text
__変__わる，__変__わり種，__変__える,か,"［変］七級
音: ヘン 訓: か・える／か・わる
意味: これまでとは違ったものになる、また改まる、これまでとは違ったものにする、また改める、まだ元の様子が分かる程度の変化・全体の中の一部だけの変化を指し、全く別のものに変化するのは「化」。
これまでと違う、いつもと違う、おかしい、またその状態、またそのような出来事。",変 → JPDB Kanji Freq: 74,漢字の読みを入力してください,Text
__食__べる，__食__べ物,た,"［食］九級
音: ショク／ジキ／シ／ジ／イ 訓: た・べる／く・う／く・らう／は・む
意味: (固形の食べ物を)口の中でよく噛んで胃に入れる、よく噛んで胃に入れるもの、噛まずに胃に入れるのは「飲」。
(生きていくために必要な食べ物を得るための)俸禄(ホウロク、労働などの対価として支払われる金銭や食料など)。
(虫が葉を食うように)侵(おか)されていく、少しずつ欠けていく、同「蝕」。
齧(かじ)ったように弓形に欠ける、「日食」「月食」。
飯など(食べ物)を与える、飯など(食べ物)を与えて養う、同「飼」。
しょく、部首名。",食 → JPDB Kanji Freq: 73,漢字の読みを入力してください,Text
"風を__食__む，__食__む (ヨルシカ)
①（動物が）食べる。「草を━牛」
②給料などをもらう。「高給を━」",は,"［食］九級
音: ショク／ジキ／シ／ジ／イ 訓: た・べる／く・う／く・らう／は・む
意味: (固形の食べ物を)口の中でよく噛んで胃に入れる、よく噛んで胃に入れるもの、噛まずに胃に入れるのは「飲」。
(生きていくために必要な食べ物を得るための)俸禄(ホウロク、労働などの対価として支払われる金銭や食料など)。
(虫が葉を食うように)侵(おか)されていく、少しずつ欠けていく、同「蝕」。
齧(かじ)ったように弓形に欠ける、「日食」「月食」。
飯など(食べ物)を与える、飯など(食べ物)を与えて養う、同「飼」。
しょく、部首名。",食 → JPDB Kanji Freq: 73,漢字の読みを入力してください,Text
__食__らう，__食__う，居__食__い，__食__い物,く,"［食］九級
音: ショク／ジキ／シ／ジ／イ 訓: た・べる／く・う／く・らう／は・む
意味: (固形の食べ物を)口の中でよく噛んで胃に入れる、よく噛んで胃に入れるもの、噛まずに胃に入れるのは「飲」。
(生きていくために必要な食べ物を得るための)俸禄(ホウロク、労働などの対価として支払われる金銭や食料など)。
(虫が葉を食うように)侵(おか)されていく、少しずつ欠けていく、同「蝕」。
齧(かじ)ったように弓形に欠ける、「日食」「月食」。
飯など(食べ物)を与える、飯など(食べ物)を与えて養う、同「飼」。
しょく、部首名。",食 → JPDB Kanji Freq: 73,漢字の読みを入力してください,Text
__学__ぶ,まな,"［学］十級
音: カク／ガク 訓: まな・ぶ
意味: (教えを受けながら、見て倣いながら)知識や技術などを身に付ける、習得する、またその内容、知識や技術などを授(さず)けることを「教」。
教えを受け知識や技術などを習得するために設けられた場所。
知識や技術などを習得した人、また習得しようと修練している人。",学 → JPDB Kanji Freq: 72,漢字の読みを入力してください,Text
__捥__げる·__捥__ぎ__取__る，__取__る,"と,も","［取］八級
音: シュ／ス 訓: と・る
意味: 捕(つか)まえる、捕(と)らえる、縄(なわ)を掛ける。
手に入れる、手の中に収(おさ)める、手で受ける。
(多くの中から一部を、或いは一つを)選ぶ、選択する。
娶(めと)る、嫁(よめ)を貰(もら)う、同「娶」。",取 → JPDB Kanji Freq: 70,漢字の読みを入力してください,Text
__少__し,すこ,"［少］九級
音: ショウ 訓: すく・ない／すこ・し
意味: 数や度量ドリョウ(ものの多少・軽重・長短・高低・深浅・強弱など)が、あるべき(必要とする)数や度量より小さい、またそれに足りない、またそれに及ばない、同「寡」、多いのは「多」。
幼い、若い。
ちょっと、僅(わず)か。",少 → JPDB Kanji Freq: 69,漢字の読みを入力してください,Text
__少__ない,すく,"［少］九級
音: ショウ 訓: すく・ない／すこ・し
意味: 数や度量ドリョウ(ものの多少・軽重・長短・高低・深浅・強弱など)が、あるべき(必要とする)数や度量より小さい、またそれに足りない、またそれに及ばない、同「寡」、多いのは「多」。
幼い、若い。
ちょっと、僅(わず)か。",少 → JPDB Kanji Freq: 69,漢字の読みを入力してください,Text
__立__てる，__立__て札，熱り__立__つ，__立__場，夕__立__,た,"［立］十級
音: リュウ／リツ 訓: た・つ
意味: 地チ(地面、土台、基盤)に足を着け垂直にする、また垂直になる、地から上に向かって伸ばす、また伸びる。
しっかりとした土台を築いてその上にものを作り上げて行く、また積み上げて行く、また建てる。
しっかりとした土台の上に身を置く、また居(い)る。
直(ただ)ちに、すぐさま。
たつ、たつへん、部首名。",立 → JPDB Kanji Freq: 68,漢字の読みを入力してください,Text
__回__る，__回__り，__回__り道，__回__す，手__回__し,まわ,"［回］九級
音: カイ／エ 訓: まわ・る／まわ・す／まわ・り／かえ・る／かえ・す／めぐ・る
意味: 円を描(えが)くように動く、一周して(一巡して)元に戻る、同「廻」「迴」、回復(カイフク)、回帰(カイキ)。
元に戻す、元に返す、、回答(カイトウ)。
(首を回して)振り返る、、回顧(カイコ)。
周りを囲(かこ)む。
背(せ)を向ける、背(そむ)く、違(たが)える、同「違」。
同じことが繰り返される物事の数、同「度」。",回 → JPDB Kanji Freq: 67,漢字の読みを入力してください,Text
"__戦__ぐ
①そよ風にふかれて〈動く／動いて音を立てる〉。
「葉が風に━」
②そよそよとふく。
「秋風が━」",そよ,"［戦］七級
音: セン 訓: いくさ／たたか・う／おのの・く／そよ・ぐ
意味: 戈(ほこ)などの武器を持って闘(たたか)う、争(あらそ)う。
勝負・優劣を競(きそ)い合う。
懼(おそ)れる、恐れでびくびくする、戦慄(センリツ)(恐怖で体を震わすさま)」。
日そよ・ぐ、風に吹かれ震(ふる)えるような音を立てて揺れ動く。",戦 → JPDB Kanji Freq: 66,漢字の読みを入力してください,Text
__戦__う，__戦__い,たたか,"［戦］七級
音: セン 訓: いくさ／たたか・う／おのの・く／そよ・ぐ
意味: 戈(ほこ)などの武器を持って闘(たたか)う、争(あらそ)う。
勝負・優劣を競(きそ)い合う。
懼(おそ)れる、恐れでびくびくする、戦慄(センリツ)(恐怖で体を震わすさま)」。
日そよ・ぐ、風に吹かれ震(ふる)えるような音を立てて揺れ動く。",戦 → JPDB Kanji Freq: 66,漢字の読みを入力してください,Text
__戦__，勝ち__戦__,いくさ,"［戦］七級
音: セン 訓: いくさ／たたか・う／おのの・く／そよ・ぐ
意味: 戈(ほこ)などの武器を持って闘(たたか)う、争(あらそ)う。
勝負・優劣を競(きそ)い合う。
懼(おそ)れる、恐れでびくびくする、戦慄(センリツ)(恐怖で体を震わすさま)」。
日そよ・ぐ、風に吹かれ震(ふる)えるような音を立てて揺れ動く。",戦 → JPDB Kanji Freq: 66,漢字の読みを入力してください,Text
"__戦__く｟自五｠
こわさで、からだがふるえる。わななく。
「恐怖に━」","おのの,わなな","［戦］七級
音: セン 訓: いくさ／たたか・う／おのの・く／そよ・ぐ
意味: 戈(ほこ)などの武器を持って闘(たたか)う、争(あらそ)う。
勝負・優劣を競(きそ)い合う。
懼(おそ)れる、恐れでびくびくする、戦慄(センリツ)(恐怖で体を震わすさま)」。
日そよ・ぐ、風に吹かれ震(ふる)えるような音を立てて揺れ動く。",戦 → JPDB Kanji Freq: 66,漢字の読みを入力してください,Text
"__僕__ (文スト)
〔文・男〕自分をへりくだって言うことば。
「それは―がしたことでございます」 「―にお申しつけください」",やつがれ,"［僕］凖二級
音: ホク／ボク 訓: しもべ
意味: 個人の家に仕(つか)え主(あるじ)の身の回りの世話をする男子、召し使い、同簡「仆」、君主などの大身に仕える者は「臣」。
他の家に仕え馬を御する者、御車ギョシャ(馭者)。
(男性が自らを卑下して)私、我(われ)。",僕 → JPDB Kanji Freq: 65,漢字の読みを入力してください,Text
"__僕__・下部 (ノラガミ)
〔文〕めし使い。下男。",しもべ,"［僕］凖二級
音: ホク／ボク 訓: しもべ
意味: 個人の家に仕(つか)え主(あるじ)の身の回りの世話をする男子、召し使い、同簡「仆」、君主などの大身に仕える者は「臣」。
他の家に仕え馬を御する者、御車ギョシャ(馭者)。
(男性が自らを卑下して)私、我(われ)。",僕 → JPDB Kanji Freq: 65,漢字の読みを入力してください,Text
__同__じ，__同__じだ，__同__い年,おな,"［同］九級
音: トウ／ズウ／ドウ 訓: おな・じ
意味: 一所(ひとところ)に人が集まる、一緒になる。
意見や行動などを共にする。
一様なさま、揃っているさま。
～と等しい、～と共に。
胡同(コドウ)、町中を縦横に走る道、町中の小路(こみち)、同「衚衕」、同繁「衕」。",同 → JPDB Kanji Freq: 63,漢字の読みを入力してください,Text
__君__，母__君__,きみ,"［君］八級
音: クン 訓: きみ
意味: 大きな領土を有し多くの人民を統治する人、天子。
国王から諸国の領有を認められた者、国を領有している者、国主コクシュ。
きみ、あなたyou、人を尊(とうと)び敬(うやま)って呼ぶ(指す)語。",君 → JPDB Kanji Freq: 62,漢字の読みを入力してください,Text
__長__い，__長__さ,なが,"［長］九級
音: チョウ／ジョウ 訓: なが・い／た・ける／たけ／おさ
意味: 距離や時間などが途切れることなく連なっている、離れたところまでずぅっと続いている、途切れなく続いているものの二点(両端)が大きく隔(へだ)たっている、またその程度・大きさ。
(長い)年や時間が経(た)つ、(長い年や時間が経って)伸びる、大きくなる。
(長い)年を経(へ)ている、年を経て身の丈(たけ)が大きくなる。
最も年上の人、年を経て経験や知識が豊かな人、家族・集団・組織の最も上位の人・頭(かしら)。
優(すぐ)れる、最も優れている人。",長 → JPDB Kanji Freq: 61,漢字の読みを入力してください,Text
"__長__｟名｠
かしら。ちょう。
「村の━」",おさ,"［長］九級
音: チョウ／ジョウ 訓: なが・い／た・ける／たけ／おさ
意味: 距離や時間などが途切れることなく連なっている、離れたところまでずぅっと続いている、途切れなく続いているものの二点(両端)が大きく隔(へだ)たっている、またその程度・大きさ。
(長い)年や時間が経(た)つ、(長い年や時間が経って)伸びる、大きくなる。
(長い)年を経(へ)ている、年を経て身の丈(たけ)が大きくなる。
最も年上の人、年を経て経験や知識が豊かな人、家族・集団・組織の最も上位の人・頭(かしら)。
優(すぐ)れる、最も優れている人。",長 → JPDB Kanji Freq: 61,漢字の読みを入力してください,Text
"__長__ける
①じゅうぶんな状態になる。
「年長けた女」
②すぐれる。
「わざに━・才長けた男」",た,"［長］九級
音: チョウ／ジョウ 訓: なが・い／た・ける／たけ／おさ
意味: 距離や時間などが途切れることなく連なっている、離れたところまでずぅっと続いている、途切れなく続いているものの二点(両端)が大きく隔(へだ)たっている、またその程度・大きさ。
(長い)年や時間が経(た)つ、(長い年や時間が経って)伸びる、大きくなる。
(長い)年を経(へ)ている、年を経て身の丈(たけ)が大きくなる。
最も年上の人、年を経て経験や知識が豊かな人、家族・集団・組織の最も上位の人・頭(かしら)。
優(すぐ)れる、最も優れている人。",長 → JPDB Kanji Freq: 61,漢字の読みを入力してください,Text
__場__，__場__所，広__場__,ば,"［場］九級
音: チョウ／ジョウ 訓: ば
意味: (日当たりのよい、収穫した穀物の乾燥・脱穀などをする、また多くの人やものが集まる)広く平らなところ、「広場」、同「塲」。
一段と高くし上を平らに作ったところ、台状になっているところ、壇場(ダンジョウ)。
祭事や行事が行われるところ、人が集まるところ、同「㙊」、「会場」「市場」。
ところ、所、「場所」。
アリ蟻やモグラ土竜などが作った土盛り、同「𤳈」。",場 → JPDB Kanji Freq: 59,漢字の読みを入力してください,Text
__聞__こえる，__聞__こえ，__聞__く，人__聞__き,き,"［聞］九級
音: ブン／モン 訓: き・く／き・こえる
意味: (声や音や噂うわさや知らせなどが)耳に届く、耳に伝わってくる。
声や音を耳で認識する(感じる)、またそれによって知る
問(と)う、訊(たず)ねる
(耳に届いて来る)評判、名声。
匂い(臭い)を嗅(か)ぐ。",聞 → JPDB Kanji Freq: 58,漢字の読みを入力してください,Text
__理__り，__理__,"ことわり,ことわ","［理］九級
音: リ 訓: ことわり
意味: 玉ギョク(美しく高貴な石)の筋目(すじめ)、規則正しく並んだ筋目。
物事の正しい筋道。
筋道を立てる、また立っている、筋を通す、また通っている。
筋道に沿って判断する、また治める。",理 → JPDB Kanji Freq: 57,漢字の読みを入力してください,Text
__物__，__物__語，金__物__，品__物__,もの,"［物］八級
音: ブツ／モツ／モチ 訓: もの
意味: (天地の間に存在する)人以外の形のあるもの、人は「者」、形のないものは「事」。",物 → JPDB Kanji Freq: 56,漢字の読みを入力してください,Text
__心__，__心__得る，親__心__,こころ,"［心］九級
音: シン 訓: こころ
意味: 血液を循環させる働きをする臓器で五臓(心シン、肝(カン)、脾(ヒ)肺(ハイ)、腎(ジン))の一つ{人体(内臓)}。
ものの真(ま)ん中、真ん中(中心)にあるもの、ものの重要な部分、ものの本質。
考えや思い、魂(たましい)、精神(セイシンシ)。
二十八宿東方青龍セイリュウの一つ{二十八宿}。
こころ、部首名{筆順(心)}。",心 → JPDB Kanji Freq: 55,漢字の読みを入力してください,Text
__最__も,もっと,"［最］七級
音: サイ 訓: もっと・も
意味: もっと・も、比べるものの中で一番の、第一の、極めて。
多くの(幾つかの)ものの中で先頭であるさま、一番優れているさま。
多くのものが同じところに集まる、また集める、同「冣」「撮」。",最 → JPDB Kanji Freq: 54,漢字の読みを入力してください,Text
__動__く，__動__き，__動__かす,うご,"［動］八級
音: トウ／ズウ／ドウ 訓: うご・く／やや・もすれば
意味: 位置・姿勢・感情・状態・事情などが変わる、また変える、また変わり始める、「動作」「行動」「感動」。
やや・もすれば、どうかすると(～になる、～になりやすい)。",動 → JPDB Kanji Freq: 53,漢字の読みを入力してください,Text
"__動__もすれば
とかくそうなりがちだという意を表す。ともすれば。どうかすると。
「話は動もすればとぎれがちになる」",やや,"［動］八級
音: トウ／ズウ／ドウ 訓: うご・く／やや・もすれば
意味: 位置・姿勢・感情・状態・事情などが変わる、また変える、また変わり始める、「動作」「行動」「感動」。
やや・もすれば、どうかすると(～になる、～になりやすい)。",動 → JPDB Kanji Freq: 53,漢字の読みを入力してください,Text
"__感__ける
① あることに気を取られて、他のことをなおざりにする。「遊びに―・けて勉強がおろそかになる」
② 心を引かれる。感心する。共感する。",かま,"［感］八級
音: カン／コン 訓: 
意味: 外部から受けた刺激を知覚する。
外部からの刺激を受けて心や体が反応する、また動く。",感 → JPDB Kanji Freq: 52,漢字の読みを入力してください,Text
"__彼__女
__彼__，__彼__ら","かれ,かの","［彼］四級
音: ヒ 訓: かの／かれ
意味: あの、あれ、that、近くにないものを指す語、近くのものを指す語は、此(シ)(この、これ)」。
あちらの、向こうの、、彼此(ヒシ)(あれとこれ、あちらとこちら)」。",彼 → JPDB Kanji Freq: 51,漢字の読みを入力してください,Text
__彼__の，__彼__の人,あ,"［彼］四級
音: ヒ 訓: かの／かれ
意味: あの、あれ、that、近くにないものを指す語、近くのものを指す語は、此(シ)(この、これ)」。
あちらの、向こうの、、彼此(ヒシ)(あれとこれ、あちらとこちら)」。",彼 → JPDB Kanji Freq: 51,漢字の読みを入力してください,Text
__度__，__度__重なる，この__度__,たび,"［度］八級
音: ト／ド／タク／ダク 訓: はか・る／たく／たび／わた・る
意味: 長さを測(はか)る際に基準となる物差し(ものさし)、またその目盛(めもり)、度量(ドリョウ)(長さと容量、人の言動をどの程度容認できるかの大きさ)」、法度(ハット)(法律や制度、基準となる物差しを定めたもの)」。
物差し(ものさし)の目盛のどこに相当するかで、ものの長さ(や角度)を測る。
物事の全体の中で、どの位置にあるか(当たるか、相当するか)をはかる。
推察スイサツする、推(お)し量る、、忖度(ソンタク)。
(目盛のように)同じことが繰り返される物事の回数。
渡(わた)る、過ぎて行く。
仏渡る、此岸シガン(境目のこちら側、生と死を繰り返す世界、現世)から彼岸ヒガン(境目の向こう側、生と死を超越した世界、涅槃ネハン)に渡る。",度 → JPDB Kanji Freq: 50,漢字の読みを入力してください,Text
__持__つ,も,"［持］八級
音: チ／ジ 訓: も・つ
意味: ぐっと握(にぎ)る、しっかりと掴(つか)む。
しっかりと守る、そのままの状態を保つ、持久(ジキュウ)(長く保ち続ける)」。
しっかりと支える、、支持(シジ)。
、矜持(キョウジ)堅(かた)く守る自重ジチョウする自分の力(能力や才能など)を誇(ほこ)る、自負する、自惚(うぬぼ)れる、同「矜恃」。",持 → JPDB Kanji Freq: 49,漢字の読みを入力してください,Text
__無__い，__無__くす，__無__くなる,な,"［無］七級
音: ブ／ム 訓: な・い
意味: ない、存在しない、有(ゆう)していない。
～ではない、～であってはならない。
簡「无」。",無 → JPDB Kanji Freq: 48,漢字の読みを入力してください,Text
__知__る，与り__知__らない，物__知__り,し,"［知］九級
音: チ 訓: し・る
意味: (矢のように素早く、矢が的の中央に当たるように的確に)認識する、見定める、察知(サッチ)、知識(チシキ)、「智」は「見知ったことを理解しその正邪を正しく判断すること」。
相手を深く理解し親しく交わる、、知己(チキ)(自分のことを良く知り理解してくれる人、親友、理解者)」。
司(つかさど)る、主管する、、知事(チジ)(物事を良く知る人、物事を良く知り司る人、地方行政府の長)」。",知 → JPDB Kanji Freq: 47,漢字の読みを入力してください,Text
__全__て,すべ,"［全］八級
音: セン／ゼン 訓: すべ・て／まった・く／まっと・う
意味: すべ・て、欠点・瑕疵や不備・不足がない、余すところがない。
まった・く、まっと・う、余すところなく、漏れなく、残らず、すっかり。",全 → JPDB Kanji Freq: 46,漢字の読みを入力してください,Text
__全__く，__全__うする,まった,"［全］八級
音: セン／ゼン 訓: すべ・て／まった・く／まっと・う
意味: すべ・て、欠点・瑕疵や不備・不足がない、余すところがない。
まった・く、まっと・う、余すところなく、漏れなく、残らず、すっかり。",全 → JPDB Kanji Freq: 46,漢字の読みを入力してください,Text
__下__，足__下__,もと,"［下］十級
音: カ／ゲ 訓: お・りる／くだ・る／さ・がる／した／しも／もと
意味: 位置・場所・地位などが低い、低い方にある。
低い方に移る、降りる、落ちる。
順序・時間などが後(あと)、後の方にある。
後の方に移る、後(うし)ろの方へ退く。
等級・品質などが低い、劣っている。
支配・管理されている状態にある、天下(テンカ)、配下(ハイカ)。
他からの影響・教授を受ける位置にいる、、門下(モンカ)。",下 → JPDB Kanji Freq: 45,漢字の読みを入力してください,Text
__下__，川__下__,しも,"［下］十級
音: カ／ゲ 訓: お・りる／くだ・る／さ・がる／した／しも／もと
意味: 位置・場所・地位などが低い、低い方にある。
低い方に移る、降りる、落ちる。
順序・時間などが後(あと)、後の方にある。
後の方に移る、後(うし)ろの方へ退く。
等級・品質などが低い、劣っている。
支配・管理されている状態にある、天下(テンカ)、配下(ハイカ)。
他からの影響・教授を受ける位置にいる、、門下(モンカ)。",下 → JPDB Kanji Freq: 45,漢字の読みを入力してください,Text
__下__，__下__見,した,"［下］十級
音: カ／ゲ 訓: お・りる／くだ・る／さ・がる／した／しも／もと
意味: 位置・場所・地位などが低い、低い方にある。
低い方に移る、降りる、落ちる。
順序・時間などが後(あと)、後の方にある。
後の方に移る、後(うし)ろの方へ退く。
等級・品質などが低い、劣っている。
支配・管理されている状態にある、天下(テンカ)、配下(ハイカ)。
他からの影響・教授を受ける位置にいる、、門下(モンカ)。",下 → JPDB Kanji Freq: 45,漢字の読みを入力してください,Text
__下__げる，__下__がる,さ,"［下］十級
音: カ／ゲ 訓: お・りる／くだ・る／さ・がる／した／しも／もと
意味: 位置・場所・地位などが低い、低い方にある。
低い方に移る、降りる、落ちる。
順序・時間などが後(あと)、後の方にある。
後の方に移る、後(うし)ろの方へ退く。
等級・品質などが低い、劣っている。
支配・管理されている状態にある、天下(テンカ)、配下(ハイカ)。
他からの影響・教授を受ける位置にいる、、門下(モンカ)。",下 → JPDB Kanji Freq: 45,漢字の読みを入力してください,Text
__下__ろす，書き__下__ろす，__下__りる,お,"［下］十級
音: カ／ゲ 訓: お・りる／くだ・る／さ・がる／した／しも／もと
意味: 位置・場所・地位などが低い、低い方にある。
低い方に移る、降りる、落ちる。
順序・時間などが後(あと)、後の方にある。
後の方に移る、後(うし)ろの方へ退く。
等級・品質などが低い、劣っている。
支配・管理されている状態にある、天下(テンカ)、配下(ハイカ)。
他からの影響・教授を受ける位置にいる、、門下(モンカ)。",下 → JPDB Kanji Freq: 45,漢字の読みを入力してください,Text
__下__る，__下__り，__下__す，__下__さる,くだ,"［下］十級
音: カ／ゲ 訓: お・りる／くだ・る／さ・がる／した／しも／もと
意味: 位置・場所・地位などが低い、低い方にある。
低い方に移る、降りる、落ちる。
順序・時間などが後(あと)、後の方にある。
後の方に移る、後(うし)ろの方へ退く。
等級・品質などが低い、劣っている。
支配・管理されている状態にある、天下(テンカ)、配下(ハイカ)。
他からの影響・教授を受ける位置にいる、、門下(モンカ)。",下 → JPDB Kanji Freq: 45,漢字の読みを入力してください,Text
__後__ろ，__後__ろめたい,うし,"［後］九級
音: コウ／グ／ゴ 訓: のち／うしろ／あと／おく・れる
意味: 位置的には背の方向、時間的には未来の方向、順位・順序では下位の方向、逆は「前」「先」。
遅れる、遅れて来る。
家を継ぐ子、子孫。
簡「后」。",後 → JPDB Kanji Freq: 44,漢字の読みを入力してください,Text
__後__，__後__れを取る，__後__腐れ，__後__味，__後__回し,あと,"［後］九級
音: コウ／グ／ゴ 訓: のち／うしろ／あと／おく・れる
意味: 位置的には背の方向、時間的には未来の方向、順位・順序では下位の方向、逆は「前」「先」。
遅れる、遅れて来る。
家を継ぐ子、子孫。
簡「后」。",後 → JPDB Kanji Freq: 44,漢字の読みを入力してください,Text
__後__，__後__添い，__後__の世,のち,"［後］九級
音: コウ／グ／ゴ 訓: のち／うしろ／あと／おく・れる
意味: 位置的には背の方向、時間的には未来の方向、順位・順序では下位の方向、逆は「前」「先」。
遅れる、遅れて来る。
家を継ぐ子、子孫。
簡「后」。",後 → JPDB Kanji Freq: 44,漢字の読みを入力してください,Text
__後__れる，__後__れ毛，気__後__れ,おく,"［後］九級
音: コウ／グ／ゴ 訓: のち／うしろ／あと／おく・れる
意味: 位置的には背の方向、時間的には未来の方向、順位・順序では下位の方向、逆は「前」「先」。
遅れる、遅れて来る。
家を継ぐ子、子孫。
簡「后」。",後 → JPDB Kanji Freq: 44,漢字の読みを入力してください,Text
__体__，__体__つき,からだ,"［体］九級
音: テイ／タイ 訓: からだ
意味: 頭から足の先までの全身、ものの全部、ものの主要な部分、またその姿形や様子、身体(シンタイ)(体、肉体)」、本体(ホンタイ)(ものの本当の姿、ものの中心的部分)」。
ものを構成する部分、個々の部分の形や配置・位置関係、個々の部分が組み合わさって出来上がった全体の形や様子、形式、四体(シタイ)(両手足)」、合体(ガッタイ)(個々の部分が纏まり一つになること)」、体裁(テイサイ)(ものの外観)」。",体 → JPDB Kanji Freq: 42,漢字の読みを入力してください,Text
__力__，__力__仕事，底__力__,ちから,"［力］十級
音: リョク／リキ 訓: ちから／つと・める
意味: ものを動かすもの、ものを動かしているもの、ものに働(はたら)くもの、強力(キョウリョク)(強い力)」。
働く、務(つと)める、勤(つと)める、、努力(ドリョク)(力を尽くすこと)」。
勢(いきお)い、、勢力(セイリョク)。
ちから、部首名。",力 → JPDB Kanji Freq: 41,漢字の読みを入力してください,Text
"__力__む
①（必要以上に）力を入れる。
「顔をまっかにして━・力んでコントロールを乱した」
②むきになって言う。
「『自分が正しい』と力んでみせる」",りき,"［力］十級
音: リョク／リキ 訓: ちから／つと・める
意味: ものを動かすもの、ものを動かしているもの、ものに働(はたら)くもの、強力(キョウリョク)(強い力)」。
働く、務(つと)める、勤(つと)める、、努力(ドリョク)(力を尽くすこと)」。
勢(いきお)い、、勢力(セイリョク)。
ちから、部首名。",力 → JPDB Kanji Freq: 41,漢字の読みを入力してください,Text
__当__てる，__当__て，__当__たる，__当__たり,あ,"［当］九級
音: トウ 訓: あ・たる／あ・てる
意味: 互いの値打ち(ねうち、値段・価値・品質・数など)が合う、互いに釣り合いが取れる、相応(ふさわ)しい、相当(ソウトウ)。
あることに(あるものに)ぴったりと合う、該当(ガイトウ)。
あることに(あるものに)ぴったりと合わせる、また合う、適合テキゴウする。
あることに(あるものに)向き合う、また向かい合う。
あることを(あるものを)引き受ける。
そうするべき、そうであるべき。
これ(this)、この(this)、それ(it)、その(its)。
当たる、ぶつかる、同繁「噹」。",当 → JPDB Kanji Freq: 40,漢字の読みを入力してください,Text
__合__わせる，問い__合__わせる，__合__わす，__合__う，落ち__合__う，試__合__,あ,"［合］九級
音: コウ／ゴウ／ガッ／カッ 訓: あ・う／あ・わす／あわ・せる
意味: 人や物が集まって一緒になる、また一つになる。
幾つかのものを集め一緒にする、幾つかのものが集まり同じになる。
同じものを纏(まと)めた全体。
ぴったりと一致する、当て嵌(は)まる、相当する。
(蓋などを容器の口に合わせて)ぴったりと嵌める、(袋の口などを寄せ合わせて)ぴったりと閉める。
当然～である、当然～すべきである。
容量の単位、1升=10合{各種単位}。
日面積の単位、1坪=10合、1合=10勺{各種単位}。",合 → JPDB Kanji Freq: 39,漢字の読みを入力してください,Text
__会__う,あ,"［会］九級
音: カイ／エ 訓: あ・う
意味: 人が集まる、同じ時間や場所に(同じ目的で)集まる、会合(カイゴウ)。
多くの人が(出向いて)集まる、また集まったところ、集会(シュウカイ)、都会(トカイ)。
(出向いて)顔を合わせる、、面会(メンカイ)。
出合(であ)う、出くわす。
、機会(キカイ)時間や場所を決めて会う、またその場所や時とき物事が起こったり変化したりする際の要(かなめ)となる時(とき)丁度良いタイミングexacttiming、チャンスchance。
集めて計算を合わせる、計算が合う、、会計(カイケイ)。",会 → JPDB Kanji Freq: 38,漢字の読みを入力してください,Text
__者__，若__者__,もの,"［者］八級
音: シャ 訓: もの
意味: ～の人、～する人、使者(シシャ)(使いをする人、運び届けること)」。
こと(事)、もの(物)、、再者(サイシャ)(更に付け加えること、追伸)」、前者(ゼンシャ)(前のもの)」、来者(ライシャ)(こちらに向かって来ること、また来るもの、将来、訪ねて来る人)」。
～は～、～とは～、「Ａ者Ｂ」という用法で「ＡはＢである」の意。",者 → JPDB Kanji Freq: 37,漢字の読みを入力してください,Text
__先__，__先__立つ,さき,"［先］十級
音: セン 訓: さき／ま・ず
意味: 基準になる位置や時間よりも前、同「前」、逆は「後」。
前に向かって進む、またその方向、同「前」。
以前、時間的に過去の方向。
ま・ず、最初に、～の前に。",先 → JPDB Kanji Freq: 36,漢字の読みを入力してください,Text
__先__ず,ま,"［先］十級
音: セン 訓: さき／ま・ず
意味: 基準になる位置や時間よりも前、同「前」、逆は「後」。
前に向かって進む、またその方向、同「前」。
以前、時間的に過去の方向。
ま・ず、最初に、～の前に。",先 → JPDB Kanji Freq: 36,漢字の読みを入力してください,Text
__入__り込む，__入__る,はい,"［入］十級
音: ジュウ／ニュウ／ジュ 訓: い・る／い・れる／はい・る／しお
意味: 範囲・領域・組織や区切り・境界の外(外側、外部、表側、向こう側、公のところ)から内(内側、内部、裏側、こちら側、私的なところ)に移る、また移す、内から外へ移ることを「出」。
内に引っ込む。
他のものを加える、加わる。
日しお、物を染める際に染料に漬ける回数を表す語、「一入(ひとしお、染料に一回漬けること)」。
にゅう、部首名。",入 → JPDB Kanji Freq: 35,漢字の読みを入力してください,Text
__入__れる，__入__れ物，寝__入__る，大__入__り，気に__入__る,い,"［入］十級
音: ジュウ／ニュウ／ジュ 訓: い・る／い・れる／はい・る／しお
意味: 範囲・領域・組織や区切り・境界の外(外側、外部、表側、向こう側、公のところ)から内(内側、内部、裏側、こちら側、私的なところ)に移る、また移す、内から外へ移ることを「出」。
内に引っ込む。
他のものを加える、加わる。
日しお、物を染める際に染料に漬ける回数を表す語、「一入(ひとしお、染料に一回漬けること)」。
にゅう、部首名。",入 → JPDB Kanji Freq: 35,漢字の読みを入力してください,Text
__話__す，__話__し合い,はな,"［話］九級
音: カ／エ／ワ 訓: はなし／はな・す
意味: 言葉にして言う、言葉で告げる、語(かた)る、またその言葉、同「𦧵(舙)」。
語られた(語られている)こと、物語(ものがたり)。",話 → JPDB Kanji Freq: 34,漢字の読みを入力してください,Text
__話__，昔__話__，立ち__話__,はなし,"［話］九級
音: カ／エ／ワ 訓: はなし／はな・す
意味: 言葉にして言う、言葉で告げる、語(かた)る、またその言葉、同「𦧵(舙)」。
語られた(語られている)こと、物語(ものがたり)。",話 → JPDB Kanji Freq: 34,漢字の読みを入力してください,Text
__年__，__年__子，__年__寄り,とし,"［年］十級
音: デン／ネン 訓: とし
意味: 穀物が稔(みの)る、同「秊」。
農作物を収穫してから次の収穫期までの期間、四季(二十四節気)を一巡する期間、year。
誕生してから生きてその誕生日を通り過ぎた回数、age、年齢(ネンレイ)。",年 → JPDB Kanji Freq: 33,漢字の読みを入力してください,Text
__様__，生き__様__，明ら__様__,さま,"［様］八級
音: ヨウ 訓: さま
意味: 物事の性格や状態、また姿や形、あり方また見掛け。
形や姿、状態やあり方、方法や方式、同「𢳌」。
形や姿・状態やあり方・方法や方式などの種類を数える語。
クヌギ櫟・椚・橡・櫪、ブナ科コナラ属の木{クヌギ}。
簡「样」。
日人に対して敬意を表す接尾語。",様 → JPDB Kanji Freq: 32,漢字の読みを入力してください,Text
粗__方__，目__方__，お乗りの__方__，話し__方__，敵__方__,かた,"［方］九級
音: ホウ 訓: かた
意味: 四角、四角いさま、角(かど)が直角になっているさま、方形(ホウケイ)。
数学で二つの数を掛け合わせた数(正方形・長方形の一つの角を成す二辺を掛け合わせた数)=面積、平方(ヘイホウ)。
(曲がることなく)まっすぐな、正しい、方正(ホウセイ)。
前後・左右・上下などの向き、向かう先、向かう側、方向(ホウコウ)、四方(シホウ)、方面(ホウメン)。
(中心となる場所から見て)向こうにある土地、、地方(チホウ)、方言(ホウゲン)。
あるところに向かう手立て、何かを行うための手段、技わざ、術(すべ)、、方法(ホウホウ)。
他のものと比べる、、比方(ヒホウ)。
今、たった今、ちょうど今。
ほう、ほうへん、かたへん、部首名。",方 → JPDB Kanji Freq: 31,漢字の読みを入力してください,Text
__目__の当たり，__目__深,ま,"［目］十級
音: ボク／モク 訓: め／ま
意味: 眼(め、眼球ガンキュウ、黒目くろめ)・白目(しろめ、結膜ケツマク)・視神経などを含むものを見る器官全体、またその形状や様子や機能。
ものを見る、また見分ける。
眼を向ける、眼を引き付ける。
重要なところ、要点、要点を箇条にしたもの。
櫛状また格子状のものの隙間、またその数。
め、部首名。",目 → JPDB Kanji Freq: 30,漢字の読みを入力してください,Text
__目__・眼，__目__方，__目__立つ，結び__目__,め,"［目］十級
音: ボク／モク 訓: め／ま
意味: 眼(め、眼球ガンキュウ、黒目くろめ)・白目(しろめ、結膜ケツマク)・視神経などを含むものを見る器官全体、またその形状や様子や機能。
ものを見る、また見分ける。
眼を向ける、眼を引き付ける。
重要なところ、要点、要点を箇条にしたもの。
櫛状また格子状のものの隙間、またその数。
め、部首名。",目 → JPDB Kanji Freq: 30,漢字の読みを入力してください,Text
__笑__う，大__笑__い,わら,"［笑］七級
音: ショウ 訓: わら・う／え・む
意味: 喜び顔を綻(ほころ)ばせる、顔を綻ばせ歯を見せる、同「𥬇」「㗛」「咲」。
面白(おもしろ)おかしい。
侮(あなど)って小さく口を開く、嘲笑う(あざわらう)。
花が咲く、蕾(つぼみ)が綻(ほころ)ぶ、同「咲」。",笑 → JPDB Kanji Freq: 29,漢字の読みを入力してください,Text
ほくそ__笑__む，__笑__み，微__笑__む,え,"［笑］七級
音: ショウ 訓: わら・う／え・む
意味: 喜び顔を綻(ほころ)ばせる、顔を綻ばせ歯を見せる、同「𥬇」「㗛」「咲」。
面白(おもしろ)おかしい。
侮(あなど)って小さく口を開く、嘲笑う(あざわらう)。
花が咲く、蕾(つぼみ)が綻(ほころ)ぶ、同「咲」。",笑 → JPDB Kanji Freq: 29,漢字の読みを入力してください,Text
__自__ら,みずか,"［自］九級
音: シ／ジ 訓: みずか・ら／おの・ずから
意味: みずか・ら、己(おのれ)、己の。
おの・ずから、己ひとりで、他からの影響を受けずに、それのみの力や意志で。
～から、～より、場所や時間の起点を表す。
みずから、部首名。",自 → JPDB Kanji Freq: 28,漢字の読みを入力してください,Text
__自__惚れる,うぬ,"［自］九級
音: シ／ジ 訓: みずか・ら／おの・ずから
意味: みずか・ら、己(おのれ)、己の。
おの・ずから、己ひとりで、他からの影響を受けずに、それのみの力や意志で。
～から、～より、場所や時間の起点を表す。
みずから、部首名。",自 → JPDB Kanji Freq: 28,漢字の読みを入力してください,Text
__自__ずから,おの,"［自］九級
音: シ／ジ 訓: みずか・ら／おの・ずから
意味: みずか・ら、己(おのれ)、己の。
おの・ずから、己ひとりで、他からの影響を受けずに、それのみの力や意志で。
～から、～より、場所や時間の起点を表す。
みずから、部首名。",自 → JPDB Kanji Freq: 28,漢字の読みを入力してください,Text
__女__神，__女__々しい,め,"［女］十級
音: ジョ／ニョ／ニョウ 訓: おんな／め
意味: 雌(めす)としての特性を持つ人、男(雄おすとしての特性を持つ人)と対になる性の一方。
娘(むすめ、若い未婚の女性)、既婚は「婦」。
妻(めあ)わせる、嫁(とつ)がせる。
あなた、同「汝」。
弱々しいさま。
二十八宿北方玄武ゲンブの第三宿{二十八宿}。
おんな、部首名。",女 → JPDB Kanji Freq: 27,漢字の読みを入力してください,Text
__女__，__女__心，__女__らしい,おんな,"［女］十級
音: ジョ／ニョ／ニョウ 訓: おんな／め
意味: 雌(めす)としての特性を持つ人、男(雄おすとしての特性を持つ人)と対になる性の一方。
娘(むすめ、若い未婚の女性)、既婚は「婦」。
妻(めあ)わせる、嫁(とつ)がせる。
あなた、同「汝」。
弱々しいさま。
二十八宿北方玄武ゲンブの第三宿{二十八宿}。
おんな、部首名。",女 → JPDB Kanji Freq: 27,漢字の読みを入力してください,Text
__来__る，出__来__心,く,"［来］九級
音: ライ 訓: く・る／きた・る／きた・す
意味: (人や時間や物事が)向こうからこちらに近づく、到来(トウライ)、同「倈」「徠」「逨」「𧼛」。
招き寄せる、「こちらに来させる」の意。
ある時点から今まで、今に至る、以来(イライ)。
きた・す、(～が原因・発端・理由で)～になる、由来(ユライ)。
きた・る、これから先の。",来 → JPDB Kanji Freq: 26,漢字の読みを入力してください,Text
__来__る○日，__来__す,きた,"［来］九級
音: ライ 訓: く・る／きた・る／きた・す
意味: (人や時間や物事が)向こうからこちらに近づく、到来(トウライ)、同「倈」「徠」「逨」「𧼛」。
招き寄せる、「こちらに来させる」の意。
ある時点から今まで、今に至る、以来(イライ)。
きた・す、(～が原因・発端・理由で)～になる、由来(ユライ)。
きた・る、これから先の。",来 → JPDB Kanji Freq: 26,漢字の読みを入力してください,Text
__本__，__本__星，旗__本__,もと,"［本］十級
音: ホン 訓: もと
意味: 木の根(ね)。
植物や物事の生まれ始まりの部分、ものの根源また起源、本来(ホンライ)(元々、初めから)」。
ものを支えているもの、基(もと)となるもの、拠(よ)りどころとなるもの。
ものの中心にあるもの、中心的なもの。
書物、、底本(テイホン)(翻訳や写本などの際にその基となる書物)」。",本 → JPDB Kanji Freq: 25,漢字の読みを入力してください,Text
__中__，__中__庭，真ん__中__,なか,"［中］十級
音: チュウ 訓: なか
意味: ものとものの間にあってどちらにも偏(かたよ)らない位置。
上下・高低・大小などの間(あいだ)に位置する人や物や場所、同「仲」。
始点(出発地)から終点(目的地)までの範囲の間、半(なか)ば、途中(トチュウ)。
閉じられた範囲・領域の内側、同「内」。
ある範囲に含まれるもの、またその全て。
(物の真ん中に)当てる、当たる。",中 → JPDB Kanji Freq: 24,漢字の読みを入力してください,Text
潮__時__，__時__，__時__めく，__時__々,とき,"［時］九級
音: シ／ジ 訓: とき
意味: 一年の四分の一、季節、一時(イチジ)(三カ月、一季節)」、四時(シジ)(四つの季節、四季)」。
一日の十二分の一、現在は二十四分の一、、時刻(ジコク)。
年代、期間、、時世(ジセイ)、時期(ジキ)。
機会、頃(ころ)、頃合い、、時機(ジキ)時宜(ジギ)(都合の良い時間・時期・機会)」。",時 → JPDB Kanji Freq: 23,漢字の読みを入力してください,Text
__上__一段活用，川__上__,かみ,"［上］十級
音: ショウ／ジョウ 訓: あ・がる／うえ／うわ／かみ／のぼ・る
意味: 位置・場所・地位などが高い、高い方にある。
高い方に移る、昇る、登る。
順序・時間などが前、前の方にある。
前の方に移る。
等級・品質などが高い、優れている。
殿様、皇帝、君主、民(たみ)の上に立つ人。",上 → JPDB Kanji Freq: 22,漢字の読みを入力してください,Text
__上__，身の__上__,うえ,"［上］十級
音: ショウ／ジョウ 訓: あ・がる／うえ／うわ／かみ／のぼ・る
意味: 位置・場所・地位などが高い、高い方にある。
高い方に移る、昇る、登る。
順序・時間などが前、前の方にある。
前の方に移る。
等級・品質などが高い、優れている。
殿様、皇帝、君主、民(たみ)の上に立つ人。",上 → JPDB Kanji Freq: 22,漢字の読みを入力してください,Text
__上__着，__上__積み,うわ,"［上］十級
音: ショウ／ジョウ 訓: あ・がる／うえ／うわ／かみ／のぼ・る
意味: 位置・場所・地位などが高い、高い方にある。
高い方に移る、昇る、登る。
順序・時間などが前、前の方にある。
前の方に移る。
等級・品質などが高い、優れている。
殿様、皇帝、君主、民(たみ)の上に立つ人。",上 → JPDB Kanji Freq: 22,漢字の読みを入力してください,Text
__上__る，__上__り，__上__せる，__上__す,のぼ,"［上］十級
音: ショウ／ジョウ 訓: あ・がる／うえ／うわ／かみ／のぼ・る
意味: 位置・場所・地位などが高い、高い方にある。
高い方に移る、昇る、登る。
順序・時間などが前、前の方にある。
前の方に移る。
等級・品質などが高い、優れている。
殿様、皇帝、君主、民(たみ)の上に立つ人。",上 → JPDB Kanji Freq: 22,漢字の読みを入力してください,Text
__上__げる，売り__上__げ，__上__がる，__上__がり,あ,"［上］十級
音: ショウ／ジョウ 訓: あ・がる／うえ／うわ／かみ／のぼ・る
意味: 位置・場所・地位などが高い、高い方にある。
高い方に移る、昇る、登る。
順序・時間などが前、前の方にある。
前の方に移る。
等級・品質などが高い、優れている。
殿様、皇帝、君主、民(たみ)の上に立つ人。",上 → JPDB Kanji Freq: 22,漢字の読みを入力してください,Text
__子__，親__子__，年__子__,こ,"［子］十級
音: シ／ス 訓: こ／ね
意味: 母親から産まれるもの、古くは男女を問わず「子」といったが、現代中国では男の子(息子)を指す。
新しく産まれる(生まれる)ものの元となるもの、植物の種や実、動物の卵など。
元となるものから産まれる(生み出される)もの、利息リソク。
小さいものや道具など指す語、匣子(コウシ)(小箱)」、椅子(イス)、帽子(ボウシ)。
～人、～する人、、仙子(センシ)(仙人、仙女)」、舟子(シュウシ)(ふなびと、舟を操る人)」。
男性、男性に対する敬称・美称、あなた。
学徳に優(すぐ)れた人に対する敬称、、孔子(コウシ)孟子(モウシ)、老子(ロウシ)、いずれも「子」は先生の意。
五等の爵位(公・侯・伯・子・男)の第四位。
農暦11月(新暦で11月下旬～1月上旬頃)、陽気ヨウキ(万物が動き出そうとする気)の頃。
十二支の一番目、時刻では夜の十二時を中心とした二時間、方角では北、動物ではネズミ鼠",子 → JPDB Kanji Freq: 21,漢字の読みを入力してください,Text
"芝__生__
芝のはえた土地。芝原。ローン。",ふ,"［生］十級
音: セイ／ショウ 訓: い・きる／い・かす／う・む／う・まれる／お・う／は・える／き／なま
意味: う・まれる、それまでになかった新しいものが現れ出る、また新しいことが起こる。
い・きる、成長し活動できる状態で存在する、またその状態。
なま、現れ出た時のそのまま、手が加えられていない、熟していない、鍛えられていない。
うまれる、いきる、部首名。",生 → JPDB Kanji Freq: 20,漢字の読みを入力してください,Text
"__生__る，__生__す
実が、できる。みのる。
「柿が━」",な,"［生］十級
音: セイ／ショウ 訓: い・きる／い・かす／う・む／う・まれる／お・う／は・える／き／なま
意味: う・まれる、それまでになかった新しいものが現れ出る、また新しいことが起こる。
い・きる、成長し活動できる状態で存在する、またその状態。
なま、現れ出た時のそのまま、手が加えられていない、熟していない、鍛えられていない。
うまれる、いきる、部首名。",生 → JPDB Kanji Freq: 20,漢字の読みを入力してください,Text
__生__い立ち，__生__い茂る,お,"［生］十級
音: セイ／ショウ 訓: い・きる／い・かす／う・む／う・まれる／お・う／は・える／き／なま
意味: う・まれる、それまでになかった新しいものが現れ出る、また新しいことが起こる。
い・きる、成長し活動できる状態で存在する、またその状態。
なま、現れ出た時のそのまま、手が加えられていない、熟していない、鍛えられていない。
うまれる、いきる、部首名。",生 → JPDB Kanji Freq: 20,漢字の読みを入力してください,Text
__生__糸，__生__地，__生__一本,き,"［生］十級
音: セイ／ショウ 訓: い・きる／い・かす／う・む／う・まれる／お・う／は・える／き／なま
意味: う・まれる、それまでになかった新しいものが現れ出る、また新しいことが起こる。
い・きる、成長し活動できる状態で存在する、またその状態。
なま、現れ出た時のそのまま、手が加えられていない、熟していない、鍛えられていない。
うまれる、いきる、部首名。",生 → JPDB Kanji Freq: 20,漢字の読みを入力してください,Text
__生__む，__生__まれる，__生__まれ,う,"［生］十級
音: セイ／ショウ 訓: い・きる／い・かす／う・む／う・まれる／お・う／は・える／き／なま
意味: う・まれる、それまでになかった新しいものが現れ出る、また新しいことが起こる。
い・きる、成長し活動できる状態で存在する、またその状態。
なま、現れ出た時のそのまま、手が加えられていない、熟していない、鍛えられていない。
うまれる、いきる、部首名。",生 → JPDB Kanji Freq: 20,漢字の読みを入力してください,Text
__生__やす，__生__える，芽__生__える,は,"［生］十級
音: セイ／ショウ 訓: い・きる／い・かす／う・む／う・まれる／お・う／は・える／き／なま
意味: う・まれる、それまでになかった新しいものが現れ出る、また新しいことが起こる。
い・きる、成長し活動できる状態で存在する、またその状態。
なま、現れ出た時のそのまま、手が加えられていない、熟していない、鍛えられていない。
うまれる、いきる、部首名。",生 → JPDB Kanji Freq: 20,漢字の読みを入力してください,Text
__生__の野菜，__生__水，__生__々しい,なま,"［生］十級
音: セイ／ショウ 訓: い・きる／い・かす／う・む／う・まれる／お・う／は・える／き／なま
意味: う・まれる、それまでになかった新しいものが現れ出る、また新しいことが起こる。
い・きる、成長し活動できる状態で存在する、またその状態。
なま、現れ出た時のそのまま、手が加えられていない、熟していない、鍛えられていない。
うまれる、いきる、部首名。",生 → JPDB Kanji Freq: 20,漢字の読みを入力してください,Text
__生__ける，__生__け捕り，__生__きる，長__生__き，__生__かす,い,"［生］十級
音: セイ／ショウ 訓: い・きる／い・かす／う・む／う・まれる／お・う／は・える／き／なま
意味: う・まれる、それまでになかった新しいものが現れ出る、また新しいことが起こる。
い・きる、成長し活動できる状態で存在する、またその状態。
なま、現れ出た時のそのまま、手が加えられていない、熟していない、鍛えられていない。
うまれる、いきる、部首名。",生 → JPDB Kanji Freq: 20,漢字の読みを入力してください,Text
__間__，__間__柄,あいだ,"［間］九級
音: カン／ケン 訓: あいだ／あい／ま
意味: 両側からぴったりと閉じられずに開いているところ、(空間・時間・物事・関係などが)連続せずに途切れているところ、開いたり途切れたりして何もないところ、隙(すき)、閑(ひま)。
(空間・時間・物事・関係などの間を)開ける、隙を作る。
家の柱と柱の距離、部屋、部屋数を数える語。
日建物などの長さの単位、1間=6尺≒1.8m。",間 → JPDB Kanji Freq: 19,漢字の読みを入力してください,Text
__間__，瞬く__間__，応接__間__，__間__違う，客__間__,ま,"［間］九級
音: カン／ケン 訓: あいだ／あい／ま
意味: 両側からぴったりと閉じられずに開いているところ、(空間・時間・物事・関係などが)連続せずに途切れているところ、開いたり途切れたりして何もないところ、隙(すき)、閑(ひま)。
(空間・時間・物事・関係などの間を)開ける、隙を作る。
家の柱と柱の距離、部屋、部屋数を数える語。
日建物などの長さの単位、1間=6尺≒1.8m。",間 → JPDB Kanji Freq: 19,漢字の読みを入力してください,Text
__行__く,い,"［行］九級
音: コウ／ゴウ／ギョウ／アン 訓: い・く／ゆ・く／おこな・う
意味: 左足を前に出し(彳テキ)次に右足を前に出す(亍チョク)、足を交互に動かして前に進む。
目的とするところに向かって進む。
遠くに出掛ける、旅に出る。
道、人が往来する道路、同「𧗞」。
あることを前に進める、あることをする、行為(コウイ)。
振舞(ふるまい)、言行(ゲンコウ)(発言と行動)」。
縦方向の並び、縦方向の列レツ、横方向の列を「列」、行列(ギョウレツ)。
俗商店、同業組合。
五行(ゴギョウ)、万物は木・火・土・金・水の五つ基本要素から成り、それぞれが生滅・盛衰・変化を繰り返し循環するるという考え{五行}。
ぎょう、ぎょうがまえ、いく、ゆきがまえ、部首名。",行 → JPDB Kanji Freq: 18,漢字の読みを入力してください,Text
__行__う，__行__い,おこな,"［行］九級
音: コウ／ゴウ／ギョウ／アン 訓: い・く／ゆ・く／おこな・う
意味: 左足を前に出し(彳テキ)次に右足を前に出す(亍チョク)、足を交互に動かして前に進む。
目的とするところに向かって進む。
遠くに出掛ける、旅に出る。
道、人が往来する道路、同「𧗞」。
あることを前に進める、あることをする、行為(コウイ)。
振舞(ふるまい)、言行(ゲンコウ)(発言と行動)」。
縦方向の並び、縦方向の列レツ、横方向の列を「列」、行列(ギョウレツ)。
俗商店、同業組合。
五行(ゴギョウ)、万物は木・火・土・金・水の五つ基本要素から成り、それぞれが生滅・盛衰・変化を繰り返し循環するるという考え{五行}。
ぎょう、ぎょうがまえ、いく、ゆきがまえ、部首名。",行 → JPDB Kanji Freq: 18,漢字の読みを入力してください,Text
__行__く，__行__く末,ゆ,"［行］九級
音: コウ／ゴウ／ギョウ／アン 訓: い・く／ゆ・く／おこな・う
意味: 左足を前に出し(彳テキ)次に右足を前に出す(亍チョク)、足を交互に動かして前に進む。
目的とするところに向かって進む。
遠くに出掛ける、旅に出る。
道、人が往来する道路、同「𧗞」。
あることを前に進める、あることをする、行為(コウイ)。
振舞(ふるまい)、言行(ゲンコウ)(発言と行動)」。
縦方向の並び、縦方向の列レツ、横方向の列を「列」、行列(ギョウレツ)。
俗商店、同業組合。
五行(ゴギョウ)、万物は木・火・土・金・水の五つ基本要素から成り、それぞれが生滅・盛衰・変化を繰り返し循環するるという考え{五行}。
ぎょう、ぎょうがまえ、いく、ゆきがまえ、部首名。",行 → JPDB Kanji Freq: 18,漢字の読みを入力してください,Text
__事__，__事__切れる，仕__事__，出来__事__,こと,"［事］八級
音: シ／ジ／ズ 訓: こと
意味: こと、動作・現象・状態など形のないものを指す語、形のあるものは「物」、事情(ジジョウ)(ことの様子)」、無事(ブジ)(何事もないさま)」。
職ショク、仕事や役割、業務や役目。
仕える、仕えて仕事や役目を果たす",事 → JPDB Kanji Freq: 17,漢字の読みを入力してください,Text
__手__綱，__手__向け，__手__繰る,た,"［手］十級
音: シュウ／シュ／ス 訓: て／た
意味: 体や物体の一部で、胴から分かれ出て伸び、持つ・握る・叩く・ものを作る・操作するなどの機能を持つ部分、掌(たなごころ)と指を合わせた全体、腕の先の部分{人体(上肢)}。
自(みずか)ら、「自分の手で」「手ずから」の意。
(手を使って)ものを作る、またその使い方、またその腕前、手芸(シュゲイ)、手法(シュホウ)、上手(ジョウシュ・ジョウズ)(うわて)」。
て、部首名。",手 → JPDB Kanji Freq: 16,漢字の読みを入力してください,Text
__手__，__手__柄，素__手__,て,"［手］十級
音: シュウ／シュ／ス 訓: て／た
意味: 体や物体の一部で、胴から分かれ出て伸び、持つ・握る・叩く・ものを作る・操作するなどの機能を持つ部分、掌(たなごころ)と指を合わせた全体、腕の先の部分{人体(上肢)}。
自(みずか)ら、「自分の手で」「手ずから」の意。
(手を使って)ものを作る、またその使い方、またその腕前、手芸(シュゲイ)、手法(シュホウ)、上手(ジョウシュ・ジョウズ)(うわて)」。
て、部首名。",手 → JPDB Kanji Freq: 16,漢字の読みを入力してください,Text
__思__う，__思__い，__思__わしい,おも,"［思］九級
音: シ 訓: おも・う／おぼ・しい／おぼ・す
意味: 心の中で考える、心に浮かぶ、心に浮かべる、想(おも)う、思慮(シリョ)(あれこれと思いや考えを巡らすこと)」、相思(ソウシ)(互いに相手を思うこと、思い合うこと)」。
心に浮かべ慕(した)う、、思慕(シボ)。
、于思(ウシ)、顎鬚(あごひげ)がもじゃもじゃと生えているさま、同、䯱䰄(フシ)。
日おぼ・しい、～と考えられる。
日。",思 → JPDB Kanji Freq: 15,漢字の読みを入力してください,Text
"__思__しい，__思__し召し
〔…と━〕おもわれる。見える。
「犯人と━〔『思しき』とも〕男」",おぼ,"［思］九級
音: シ 訓: おも・う／おぼ・しい／おぼ・す
意味: 心の中で考える、心に浮かぶ、心に浮かべる、想(おも)う、思慮(シリョ)(あれこれと思いや考えを巡らすこと)」、相思(ソウシ)(互いに相手を思うこと、思い合うこと)」。
心に浮かべ慕(した)う、、思慕(シボ)。
、于思(ウシ)、顎鬚(あごひげ)がもじゃもじゃと生えているさま、同、䯱䰄(フシ)。
日おぼ・しい、～と考えられる。
日。",思 → JPDB Kanji Freq: 15,漢字の読みを入力してください,Text
__俺__，__俺__達,おれ,"［俺］二級
音: エン 訓: おれ
意味: 我(われ)、俺(おれ)、自分を指す俗語、俺們(エンモン・アンマン)(我ら、俺たち)」、同「偺」「咱」。",俺 → JPDB Kanji Freq: 14,漢字の読みを入力してください,Text
__前__，__前__のめり，__前__向き，名__前__,まえ,"［前］九級
音: セン／ゼン 訓: まえ／さき
意味: (前に)進む、またその方向、同「先」、前途(ゼント)(目的地に向かう道のり、将来)」。
位置的には先の方向、時間的には過去の方向、順序では上位の方向、同「先」、逆は「後」。
鋏(はさみ)や鎌(かま)などで端を切り落とす、切って先端を或いは全体を整える、切り揃える、同「剪」。",前 → JPDB Kanji Freq: 13,漢字の読みを入力してください,Text
__私__，__私__達,わたし,"［私］五級
音: シ 訓: わたくし／わたし
意味: 自分、某(それがし)。
自分自身の、自分や自分の身内や自分の知り合いだけの、個人的な、公(おおやけ)でない。
公のことを顧(かえり)みずに自分の利益だけを優先する、利己的な。
(公に知られないように)隠れて、内緒で、こっそりと、陰私(インシ)(内緒にしていること、隠し事)」。",私 → JPDB Kanji Freq: 12,漢字の読みを入力してください,Text
__私__，__私__する,わたくし,"［私］五級
音: シ 訓: わたくし／わたし
意味: 自分、某(それがし)。
自分自身の、自分や自分の身内や自分の知り合いだけの、個人的な、公(おおやけ)でない。
公のことを顧(かえり)みずに自分の利益だけを優先する、利己的な。
(公に知られないように)隠れて、内緒で、こっそりと、陰私(インシ)(内緒にしていること、隠し事)」。",私 → JPDB Kanji Freq: 12,漢字の読みを入力してください,Text
__今__年，__今__宵,こ,"［今］九級
音: キン／コン 訓: いま
意味: 現在、この時(とき)、この時代、現在を挟んで前後に比較的短い時間また月日また時代。
すぐに、間もなく。",今 → JPDB Kanji Freq: 11,漢字の読みを入力してください,Text
__今__，__今__し方,いま,"［今］九級
音: キン／コン 訓: いま
意味: 現在、この時(とき)、この時代、現在を挟んで前後に比較的短い時間また月日また時代。
すぐに、間もなく。",今 → JPDB Kanji Freq: 11,漢字の読みを入力してください,Text
__分__ける，引き__分__け，__分__かれる，__分__かる，__分__かつ，__分__かち合う,わ,"［分］九級
音: ブ／フン／ブン 訓: わ・ける／わ・かれる／わ・かつ／わ・かる
意味: 一つに纏(まと)まっているものを幾つかに切り離す、また幾つかに仕切る(区切る)、分割(ブンカツ)、切り離したものを仕分けることを「別」。
一つの纏まりから一部を切り離す、分派(ブンパ)。
幾つかに切り離した(区切られた、区画された)ものの一つ一つ、部分(ブブン)。
一つのものを何人かに与える、それぞれに与えられた役割・役目・地位など、分配(ブンパイ)、分担(ブンタン)。
それぞれに与えられた役割・役目・地位などに応じた権利や責任、またその範囲、、身分(ミブン)。
区別する、判別する。
十分の一、10の-1乗、デシdeci{数字}。
長さの単位{各種単位}。
重量の単位{各種単位}。
面積の単位{各種単位}。",分 → JPDB Kanji Freq: 9,漢字の読みを入力してください,Text
__出__す,だ,"［出］十級
音: シュツ／スチ／スイ 訓: で・る／だ・す／い・ず
意味: 範囲・領域・組織や区切り・境界の内(内側、内部、裏側、こちら側、私的なところ)から外(外側、外部、表側、向こう側、公のところ)に移る、また移す、外から内へ移ることを「入」。
外に出っ張る。
一部を除(のぞ)く、外(はず)れる。
生まれる、産(う)まれる、それまでになかったものが形となって現れる。",出 → JPDB Kanji Freq: 8,漢字の読みを入力してください,Text
__出__で立ち，__出__でる，お__出__でになる,い,"［出］十級
音: シュツ／スチ／スイ 訓: で・る／だ・す／い・ず
意味: 範囲・領域・組織や区切り・境界の内(内側、内部、裏側、こちら側、私的なところ)から外(外側、外部、表側、向こう側、公のところ)に移る、また移す、外から内へ移ることを「入」。
外に出っ張る。
一部を除(のぞ)く、外(はず)れる。
生まれる、産(う)まれる、それまでになかったものが形となって現れる。",出 → JPDB Kanji Freq: 8,漢字の読みを入力してください,Text
__出__る，__出__窓，遠__出__,で,"［出］十級
音: シュツ／スチ／スイ 訓: で・る／だ・す／い・ず
意味: 範囲・領域・組織や区切り・境界の内(内側、内部、裏側、こちら側、私的なところ)から外(外側、外部、表側、向こう側、公のところ)に移る、また移す、外から内へ移ることを「入」。
外に出っ張る。
一部を除(のぞ)く、外(はず)れる。
生まれる、産(う)まれる、それまでになかったものが形となって現れる。",出 → JPDB Kanji Freq: 8,漢字の読みを入力してください,Text
__大__きい，__大__きさ，__大__きな，__大__いに，__大__型，__大__通り，__大__水,おお,"［大］十級
音: タイ／ダイ／タ／ダ 訓: おお／おお・きい／おお・いに
意味: 形・数・量・力・程度などが比較しようとしているもの以上である、求められる(必要とされる、必要な)形・数・量・力・程度などを超(こ)えている、優(すぐ)れる、長い、重い、太い、強い、多い、以下は「小」。
優れているさま、立派なさま。
おお・いに、盛んに、非常に。
だい、部首名。",大 → JPDB Kanji Freq: 7,漢字の読みを入力してください,Text
三__日__，十__日__,か,"［日］十級
音: ジツ／ニチ 訓: ひ／か
意味: 太陽。
太陽が出ている間、昼間、夜明けから日没まで。
一昼夜、朝から次の朝まで、またその繰り返し、またその繰り返しを数える語。
候コウ、時節、頃(ケイ、ころ)。
十二章紋の一つ{服飾(十二章紋)}。
ひ、ひへん、にち、にちへん、部首名。",日 → JPDB Kanji Freq: 6,漢字の読みを入力してください,Text
__日__，__日__帰り，月曜__日__，厄__日__,ひ,"［日］十級
音: ジツ／ニチ 訓: ひ／か
意味: 太陽。
太陽が出ている間、昼間、夜明けから日没まで。
一昼夜、朝から次の朝まで、またその繰り返し、またその繰り返しを数える語。
候コウ、時節、頃(ケイ、ころ)。
十二章紋の一つ{服飾(十二章紋)}。
ひ、ひへん、にち、にちへん、部首名。",日 → JPDB Kanji Freq: 6,漢字の読みを入力してください,Text
__見__る，__見__取る，下__見__，__見__せる，顔__見__せ，__見__える,み,"［見］十級
音: ケン／ゲン 訓: み・る／み・える／み・せる／まみ・える
意味: 目でものや状況を認識する、目に入る。
(見たものの)認識の仕方、考え。
人と顔を合わせる、対面する。
みる、部首名。",見 → JPDB Kanji Freq: 5,漢字の読みを入力してください,Text
"__見__える
①目下の者が目上の人に会う。お目にかかる。「会う」の謙譲語。「王に―える」
②対面する。顔を合わせる。「戦場で相―える」",まみ,"［見］十級
音: ケン／ゲン 訓: み・る／み・える／み・せる／まみ・える
意味: 目でものや状況を認識する、目に入る。
(見たものの)認識の仕方、考え。
人と顔を合わせる、対面する。
みる、部首名。",見 → JPDB Kanji Freq: 5,漢字の読みを入力してください,Text
__何__，__何__者，__何__事,なに,"［何］九級
音: カ／ガ 訓: なに／なん／なん・ぞ／いず
意味: (問うときに)なに？
(物事について)なに、なんの、どういう、どのような。
(人について)だれ。
(幾つかの選択肢について)どれ、いずれ。
(場所について)どこ、いずこ。
(理由について)なぜ、どうして。
(方法について)どのようにして。
(状態について)どのような。
(大きさ・回数などについて)どれくらい。
(感嘆して)なんと！、なんという！。",何 → JPDB Kanji Freq: 4,漢字の読みを入力してください,Text
__何__本，__何__十，__何__点,なん,"［何］九級
音: カ／ガ 訓: なに／なん／なん・ぞ／いず
意味: (問うときに)なに？
(物事について)なに、なんの、どういう、どのような。
(人について)だれ。
(幾つかの選択肢について)どれ、いずれ。
(場所について)どこ、いずこ。
(理由について)なぜ、どうして。
(方法について)どのようにして。
(状態について)どのような。
(大きさ・回数などについて)どれくらい。
(感嘆して)なんと！、なんという！。",何 → JPDB Kanji Freq: 4,漢字の読みを入力してください,Text
__何__れか，__何__れも,いず,"［何］九級
音: カ／ガ 訓: なに／なん／なん・ぞ／いず
意味: (問うときに)なに？
(物事について)なに、なんの、どういう、どのような。
(人について)だれ。
(幾つかの選択肢について)どれ、いずれ。
(場所について)どこ、いずこ。
(理由について)なぜ、どうして。
(方法について)どのようにして。
(状態について)どのような。
(大きさ・回数などについて)どれくらい。
(感嘆して)なんと！、なんという！。",何 → JPDB Kanji Freq: 4,漢字の読みを入力してください,Text
__一__つ，__一__息，__一__筋，__一__月目,ひと,"［一］十級
音: イチ／イツ 訓: ひと／ひと・つ
意味: 最初、最初の数、最も小さい数、同「壹」{数字}。
(幾つかあるものの内の、全体の中の)一つ、一つの、一つに、それだけ、ひたすら、同「壹」。
同じ、等しい、「同じ一つのもの」の意。
(一繋がりのものの、繋がって一つになっているものの)全て。
いち、部首名。",一 → JPDB Kanji Freq: 3,漢字の読みを入力してください,Text
"独り__言__ちる
独り__言__, __言__葉，寝__言__","ご,こと","［言］九級
音: ゲン／ゴン 訓: い・う／こと
意味: 相手に伝えたいことを声に出してはっきりと述べる、またその内容、またそのための語ゴ(互いに意思の疎通を図るための言葉)。
字ジ、文字。
我(われ)、自分を指す語。
ことば、いう、げん、部首名。",言 → JPDB Kanji Freq: 2,漢字の読みを入力してください,Text
__言__う，物__言__い,い,"［言］九級
音: ゲン／ゴン 訓: い・う／こと
意味: 相手に伝えたいことを声に出してはっきりと述べる、またその内容、またそのための語ゴ(互いに意思の疎通を図るための言葉)。
字ジ、文字。
我(われ)、自分を指す語。
ことば、いう、げん、部首名。",言 → JPDB Kanji Freq: 2,漢字の読みを入力してください,Text
"__人__，__人__手，旅__人__
助っ__人__","ひと,と","［人］十級
音: ジン／ニン 訓: ひと
意味: 霊長目ヒト科ヒト属の生物、ホモ・サピエンスHomosapiens(「知恵の人」の意)、同「儿」。
自分以外の者、人我(ジンガ)(他人と自分)」。
人の数(かず)を数(かぞ)える語。",人 → JPDB Kanji Freq: 1,漢字の読みを入力してください,Text
