Question,Answers,Comment,Instructions,Render as
"把握
**記号**・**構成のしかた**・**例**
1-類義・同じような意味の漢字を重ねたもの・身体
2-対義・反対または対応の意味を表す字を重ねたもの・左右
3-修飾・上の字が下の字を修飾しているもの・洋画
4-目的・下の字が上の字の目的語・補語になっているもの・着火
5-打消・上の字が下の字の意味を打ち消しているもの・非常",1,,"**記号**・**構成のしかた**・**例**
1-類義・同じような意味の漢字を重ねたもの・身体
2-対義・反対または対応の意味を表す字を重ねたもの・左右
3-修飾・上の字が下の字を修飾しているもの・洋画
4-目的・下の字が上の字の目的語・補語になっているもの・着火
5-打消・上の字が下の字の意味を打ち消しているもの・非常",Text
"合併
**記号**・**構成のしかた**・**例**
1-類義・同じような意味の漢字を重ねたもの・身体
2-対義・反対または対応の意味を表す字を重ねたもの・左右
3-修飾・上の字が下の字を修飾しているもの・洋画
4-目的・下の字が上の字の目的語・補語になっているもの・着火
5-打消・上の字が下の字の意味を打ち消しているもの・非常",1,,"**記号**・**構成のしかた**・**例**
1-類義・同じような意味の漢字を重ねたもの・身体
2-対義・反対または対応の意味を表す字を重ねたもの・左右
3-修飾・上の字が下の字を修飾しているもの・洋画
4-目的・下の字が上の字の目的語・補語になっているもの・着火
5-打消・上の字が下の字の意味を打ち消しているもの・非常",Text
"弾劾
**記号**・**構成のしかた**・**例**
1-類義・同じような意味の漢字を重ねたもの・身体
2-対義・反対または対応の意味を表す字を重ねたもの・左右
3-修飾・上の字が下の字を修飾しているもの・洋画
4-目的・下の字が上の字の目的語・補語になっているもの・着火
5-打消・上の字が下の字の意味を打ち消しているもの・非常",1,,"**記号**・**構成のしかた**・**例**
1-類義・同じような意味の漢字を重ねたもの・身体
2-対義・反対または対応の意味を表す字を重ねたもの・左右
3-修飾・上の字が下の字を修飾しているもの・洋画
4-目的・下の字が上の字の目的語・補語になっているもの・着火
5-打消・上の字が下の字の意味を打ち消しているもの・非常",Text
"謄写
**記号**・**構成のしかた**・**例**
1-類義・同じような意味の漢字を重ねたもの・身体
2-対義・反対または対応の意味を表す字を重ねたもの・左右
3-修飾・上の字が下の字を修飾しているもの・洋画
4-目的・下の字が上の字の目的語・補語になっているもの・着火
5-打消・上の字が下の字の意味を打ち消しているもの・非常",1,,"**記号**・**構成のしかた**・**例**
1-類義・同じような意味の漢字を重ねたもの・身体
2-対義・反対または対応の意味を表す字を重ねたもの・左右
3-修飾・上の字が下の字を修飾しているもの・洋画
4-目的・下の字が上の字の目的語・補語になっているもの・着火
5-打消・上の字が下の字の意味を打ち消しているもの・非常",Text
"憂愁
**記号**・**構成のしかた**・**例**
1-類義・同じような意味の漢字を重ねたもの・身体
2-対義・反対または対応の意味を表す字を重ねたもの・左右
3-修飾・上の字が下の字を修飾しているもの・洋画
4-目的・下の字が上の字の目的語・補語になっているもの・着火
5-打消・上の字が下の字の意味を打ち消しているもの・非常",1,,"**記号**・**構成のしかた**・**例**
1-類義・同じような意味の漢字を重ねたもの・身体
2-対義・反対または対応の意味を表す字を重ねたもの・左右
3-修飾・上の字が下の字を修飾しているもの・洋画
4-目的・下の字が上の字の目的語・補語になっているもの・着火
5-打消・上の字が下の字の意味を打ち消しているもの・非常",Text
"余剰
**記号**・**構成のしかた**・**例**
1-類義・同じような意味の漢字を重ねたもの・身体
2-対義・反対または対応の意味を表す字を重ねたもの・左右
3-修飾・上の字が下の字を修飾しているもの・洋画
4-目的・下の字が上の字の目的語・補語になっているもの・着火
5-打消・上の字が下の字の意味を打ち消しているもの・非常",1,,"**記号**・**構成のしかた**・**例**
1-類義・同じような意味の漢字を重ねたもの・身体
2-対義・反対または対応の意味を表す字を重ねたもの・左右
3-修飾・上の字が下の字を修飾しているもの・洋画
4-目的・下の字が上の字の目的語・補語になっているもの・着火
5-打消・上の字が下の字の意味を打ち消しているもの・非常",Text
"報酬
**記号**・**構成のしかた**・**例**
1-類義・同じような意味の漢字を重ねたもの・身体
2-対義・反対または対応の意味を表す字を重ねたもの・左右
3-修飾・上の字が下の字を修飾しているもの・洋画
4-目的・下の字が上の字の目的語・補語になっているもの・着火
5-打消・上の字が下の字の意味を打ち消しているもの・非常",1,,"**記号**・**構成のしかた**・**例**
1-類義・同じような意味の漢字を重ねたもの・身体
2-対義・反対または対応の意味を表す字を重ねたもの・左右
3-修飾・上の字が下の字を修飾しているもの・洋画
4-目的・下の字が上の字の目的語・補語になっているもの・着火
5-打消・上の字が下の字の意味を打ち消しているもの・非常",Text
"賠償
**記号**・**構成のしかた**・**例**
1-類義・同じような意味の漢字を重ねたもの・身体
2-対義・反対または対応の意味を表す字を重ねたもの・左右
3-修飾・上の字が下の字を修飾しているもの・洋画
4-目的・下の字が上の字の目的語・補語になっているもの・着火
5-打消・上の字が下の字の意味を打ち消しているもの・非常",1,,"**記号**・**構成のしかた**・**例**
1-類義・同じような意味の漢字を重ねたもの・身体
2-対義・反対または対応の意味を表す字を重ねたもの・左右
3-修飾・上の字が下の字を修飾しているもの・洋画
4-目的・下の字が上の字の目的語・補語になっているもの・着火
5-打消・上の字が下の字の意味を打ち消しているもの・非常",Text
"英俊
**記号**・**構成のしかた**・**例**
1-類義・同じような意味の漢字を重ねたもの・身体
2-対義・反対または対応の意味を表す字を重ねたもの・左右
3-修飾・上の字が下の字を修飾しているもの・洋画
4-目的・下の字が上の字の目的語・補語になっているもの・着火
5-打消・上の字が下の字の意味を打ち消しているもの・非常",1,,"**記号**・**構成のしかた**・**例**
1-類義・同じような意味の漢字を重ねたもの・身体
2-対義・反対または対応の意味を表す字を重ねたもの・左右
3-修飾・上の字が下の字を修飾しているもの・洋画
4-目的・下の字が上の字の目的語・補語になっているもの・着火
5-打消・上の字が下の字の意味を打ち消しているもの・非常",Text
"尊崇
**記号**・**構成のしかた**・**例**
1-類義・同じような意味の漢字を重ねたもの・身体
2-対義・反対または対応の意味を表す字を重ねたもの・左右
3-修飾・上の字が下の字を修飾しているもの・洋画
4-目的・下の字が上の字の目的語・補語になっているもの・着火
5-打消・上の字が下の字の意味を打ち消しているもの・非常",1,,"**記号**・**構成のしかた**・**例**
1-類義・同じような意味の漢字を重ねたもの・身体
2-対義・反対または対応の意味を表す字を重ねたもの・左右
3-修飾・上の字が下の字を修飾しているもの・洋画
4-目的・下の字が上の字の目的語・補語になっているもの・着火
5-打消・上の字が下の字の意味を打ち消しているもの・非常",Text
"傲慢
**記号**・**構成のしかた**・**例**
1-類義・同じような意味の漢字を重ねたもの・身体
2-対義・反対または対応の意味を表す字を重ねたもの・左右
3-修飾・上の字が下の字を修飾しているもの・洋画
4-目的・下の字が上の字の目的語・補語になっているもの・着火
5-打消・上の字が下の字の意味を打ち消しているもの・非常",1,,"**記号**・**構成のしかた**・**例**
1-類義・同じような意味の漢字を重ねたもの・身体
2-対義・反対または対応の意味を表す字を重ねたもの・左右
3-修飾・上の字が下の字を修飾しているもの・洋画
4-目的・下の字が上の字の目的語・補語になっているもの・着火
5-打消・上の字が下の字の意味を打ち消しているもの・非常",Text
"詳細
**記号**・**構成のしかた**・**例**
1-類義・同じような意味の漢字を重ねたもの・身体
2-対義・反対または対応の意味を表す字を重ねたもの・左右
3-修飾・上の字が下の字を修飾しているもの・洋画
4-目的・下の字が上の字の目的語・補語になっているもの・着火
5-打消・上の字が下の字の意味を打ち消しているもの・非常",1,,"**記号**・**構成のしかた**・**例**
1-類義・同じような意味の漢字を重ねたもの・身体
2-対義・反対または対応の意味を表す字を重ねたもの・左右
3-修飾・上の字が下の字を修飾しているもの・洋画
4-目的・下の字が上の字の目的語・補語になっているもの・着火
5-打消・上の字が下の字の意味を打ち消しているもの・非常",Text
"迅速
**記号**・**構成のしかた**・**例**
1-類義・同じような意味の漢字を重ねたもの・身体
2-対義・反対または対応の意味を表す字を重ねたもの・左右
3-修飾・上の字が下の字を修飾しているもの・洋画
4-目的・下の字が上の字の目的語・補語になっているもの・着火
5-打消・上の字が下の字の意味を打ち消しているもの・非常",1,,"**記号**・**構成のしかた**・**例**
1-類義・同じような意味の漢字を重ねたもの・身体
2-対義・反対または対応の意味を表す字を重ねたもの・左右
3-修飾・上の字が下の字を修飾しているもの・洋画
4-目的・下の字が上の字の目的語・補語になっているもの・着火
5-打消・上の字が下の字の意味を打ち消しているもの・非常",Text
"空虚
**記号**・**構成のしかた**・**例**
1-類義・同じような意味の漢字を重ねたもの・身体
2-対義・反対または対応の意味を表す字を重ねたもの・左右
3-修飾・上の字が下の字を修飾しているもの・洋画
4-目的・下の字が上の字の目的語・補語になっているもの・着火
5-打消・上の字が下の字の意味を打ち消しているもの・非常",1,,"**記号**・**構成のしかた**・**例**
1-類義・同じような意味の漢字を重ねたもの・身体
2-対義・反対または対応の意味を表す字を重ねたもの・左右
3-修飾・上の字が下の字を修飾しているもの・洋画
4-目的・下の字が上の字の目的語・補語になっているもの・着火
5-打消・上の字が下の字の意味を打ち消しているもの・非常",Text
"楼閣
**記号**・**構成のしかた**・**例**
1-類義・同じような意味の漢字を重ねたもの・身体
2-対義・反対または対応の意味を表す字を重ねたもの・左右
3-修飾・上の字が下の字を修飾しているもの・洋画
4-目的・下の字が上の字の目的語・補語になっているもの・着火
5-打消・上の字が下の字の意味を打ち消しているもの・非常",1,,"**記号**・**構成のしかた**・**例**
1-類義・同じような意味の漢字を重ねたもの・身体
2-対義・反対または対応の意味を表す字を重ねたもの・左右
3-修飾・上の字が下の字を修飾しているもの・洋画
4-目的・下の字が上の字の目的語・補語になっているもの・着火
5-打消・上の字が下の字の意味を打ち消しているもの・非常",Text
"災厄
**記号**・**構成のしかた**・**例**
1-類義・同じような意味の漢字を重ねたもの・身体
2-対義・反対または対応の意味を表す字を重ねたもの・左右
3-修飾・上の字が下の字を修飾しているもの・洋画
4-目的・下の字が上の字の目的語・補語になっているもの・着火
5-打消・上の字が下の字の意味を打ち消しているもの・非常",1,,"**記号**・**構成のしかた**・**例**
1-類義・同じような意味の漢字を重ねたもの・身体
2-対義・反対または対応の意味を表す字を重ねたもの・左右
3-修飾・上の字が下の字を修飾しているもの・洋画
4-目的・下の字が上の字の目的語・補語になっているもの・着火
5-打消・上の字が下の字の意味を打ち消しているもの・非常",Text
"秀逸
**記号**・**構成のしかた**・**例**
1-類義・同じような意味の漢字を重ねたもの・身体
2-対義・反対または対応の意味を表す字を重ねたもの・左右
3-修飾・上の字が下の字を修飾しているもの・洋画
4-目的・下の字が上の字の目的語・補語になっているもの・着火
5-打消・上の字が下の字の意味を打ち消しているもの・非常",1,,"**記号**・**構成のしかた**・**例**
1-類義・同じような意味の漢字を重ねたもの・身体
2-対義・反対または対応の意味を表す字を重ねたもの・左右
3-修飾・上の字が下の字を修飾しているもの・洋画
4-目的・下の字が上の字の目的語・補語になっているもの・着火
5-打消・上の字が下の字の意味を打ち消しているもの・非常",Text
"陳述
**記号**・**構成のしかた**・**例**
1-類義・同じような意味の漢字を重ねたもの・身体
2-対義・反対または対応の意味を表す字を重ねたもの・左右
3-修飾・上の字が下の字を修飾しているもの・洋画
4-目的・下の字が上の字の目的語・補語になっているもの・着火
5-打消・上の字が下の字の意味を打ち消しているもの・非常",1,,"**記号**・**構成のしかた**・**例**
1-類義・同じような意味の漢字を重ねたもの・身体
2-対義・反対または対応の意味を表す字を重ねたもの・左右
3-修飾・上の字が下の字を修飾しているもの・洋画
4-目的・下の字が上の字の目的語・補語になっているもの・着火
5-打消・上の字が下の字の意味を打ち消しているもの・非常",Text
"氾濫
**記号**・**構成のしかた**・**例**
1-類義・同じような意味の漢字を重ねたもの・身体
2-対義・反対または対応の意味を表す字を重ねたもの・左右
3-修飾・上の字が下の字を修飾しているもの・洋画
4-目的・下の字が上の字の目的語・補語になっているもの・着火
5-打消・上の字が下の字の意味を打ち消しているもの・非常",1,,"**記号**・**構成のしかた**・**例**
1-類義・同じような意味の漢字を重ねたもの・身体
2-対義・反対または対応の意味を表す字を重ねたもの・左右
3-修飾・上の字が下の字を修飾しているもの・洋画
4-目的・下の字が上の字の目的語・補語になっているもの・着火
5-打消・上の字が下の字の意味を打ち消しているもの・非常",Text
"閑静
**記号**・**構成のしかた**・**例**
1-類義・同じような意味の漢字を重ねたもの・身体
2-対義・反対または対応の意味を表す字を重ねたもの・左右
3-修飾・上の字が下の字を修飾しているもの・洋画
4-目的・下の字が上の字の目的語・補語になっているもの・着火
5-打消・上の字が下の字の意味を打ち消しているもの・非常",1,,"**記号**・**構成のしかた**・**例**
1-類義・同じような意味の漢字を重ねたもの・身体
2-対義・反対または対応の意味を表す字を重ねたもの・左右
3-修飾・上の字が下の字を修飾しているもの・洋画
4-目的・下の字が上の字の目的語・補語になっているもの・着火
5-打消・上の字が下の字の意味を打ち消しているもの・非常",Text
"土壌
**記号**・**構成のしかた**・**例**
1-類義・同じような意味の漢字を重ねたもの・身体
2-対義・反対または対応の意味を表す字を重ねたもの・左右
3-修飾・上の字が下の字を修飾しているもの・洋画
4-目的・下の字が上の字の目的語・補語になっているもの・着火
5-打消・上の字が下の字の意味を打ち消しているもの・非常",1,,"**記号**・**構成のしかた**・**例**
1-類義・同じような意味の漢字を重ねたもの・身体
2-対義・反対または対応の意味を表す字を重ねたもの・左右
3-修飾・上の字が下の字を修飾しているもの・洋画
4-目的・下の字が上の字の目的語・補語になっているもの・着火
5-打消・上の字が下の字の意味を打ち消しているもの・非常",Text
"疑似
**記号**・**構成のしかた**・**例**
1-類義・同じような意味の漢字を重ねたもの・身体
2-対義・反対または対応の意味を表す字を重ねたもの・左右
3-修飾・上の字が下の字を修飾しているもの・洋画
4-目的・下の字が上の字の目的語・補語になっているもの・着火
5-打消・上の字が下の字の意味を打ち消しているもの・非常",1,,"**記号**・**構成のしかた**・**例**
1-類義・同じような意味の漢字を重ねたもの・身体
2-対義・反対または対応の意味を表す字を重ねたもの・左右
3-修飾・上の字が下の字を修飾しているもの・洋画
4-目的・下の字が上の字の目的語・補語になっているもの・着火
5-打消・上の字が下の字の意味を打ち消しているもの・非常",Text
"推奨
**記号**・**構成のしかた**・**例**
1-類義・同じような意味の漢字を重ねたもの・身体
2-対義・反対または対応の意味を表す字を重ねたもの・左右
3-修飾・上の字が下の字を修飾しているもの・洋画
4-目的・下の字が上の字の目的語・補語になっているもの・着火
5-打消・上の字が下の字の意味を打ち消しているもの・非常",1,,"**記号**・**構成のしかた**・**例**
1-類義・同じような意味の漢字を重ねたもの・身体
2-対義・反対または対応の意味を表す字を重ねたもの・左右
3-修飾・上の字が下の字を修飾しているもの・洋画
4-目的・下の字が上の字の目的語・補語になっているもの・着火
5-打消・上の字が下の字の意味を打ち消しているもの・非常",Text
"遭遇
**記号**・**構成のしかた**・**例**
1-類義・同じような意味の漢字を重ねたもの・身体
2-対義・反対または対応の意味を表す字を重ねたもの・左右
3-修飾・上の字が下の字を修飾しているもの・洋画
4-目的・下の字が上の字の目的語・補語になっているもの・着火
5-打消・上の字が下の字の意味を打ち消しているもの・非常",1,,"**記号**・**構成のしかた**・**例**
1-類義・同じような意味の漢字を重ねたもの・身体
2-対義・反対または対応の意味を表す字を重ねたもの・左右
3-修飾・上の字が下の字を修飾しているもの・洋画
4-目的・下の字が上の字の目的語・補語になっているもの・着火
5-打消・上の字が下の字の意味を打ち消しているもの・非常",Text
"珠玉
**記号**・**構成のしかた**・**例**
1-類義・同じような意味の漢字を重ねたもの・身体
2-対義・反対または対応の意味を表す字を重ねたもの・左右
3-修飾・上の字が下の字を修飾しているもの・洋画
4-目的・下の字が上の字の目的語・補語になっているもの・着火
5-打消・上の字が下の字の意味を打ち消しているもの・非常",1,,"**記号**・**構成のしかた**・**例**
1-類義・同じような意味の漢字を重ねたもの・身体
2-対義・反対または対応の意味を表す字を重ねたもの・左右
3-修飾・上の字が下の字を修飾しているもの・洋画
4-目的・下の字が上の字の目的語・補語になっているもの・着火
5-打消・上の字が下の字の意味を打ち消しているもの・非常",Text
"罷免
**記号**・**構成のしかた**・**例**
1-類義・同じような意味の漢字を重ねたもの・身体
2-対義・反対または対応の意味を表す字を重ねたもの・左右
3-修飾・上の字が下の字を修飾しているもの・洋画
4-目的・下の字が上の字の目的語・補語になっているもの・着火
5-打消・上の字が下の字の意味を打ち消しているもの・非常",1,,"**記号**・**構成のしかた**・**例**
1-類義・同じような意味の漢字を重ねたもの・身体
2-対義・反対または対応の意味を表す字を重ねたもの・左右
3-修飾・上の字が下の字を修飾しているもの・洋画
4-目的・下の字が上の字の目的語・補語になっているもの・着火
5-打消・上の字が下の字の意味を打ち消しているもの・非常",Text
"脊椎
**記号**・**構成のしかた**・**例**
1-類義・同じような意味の漢字を重ねたもの・身体
2-対義・反対または対応の意味を表す字を重ねたもの・左右
3-修飾・上の字が下の字を修飾しているもの・洋画
4-目的・下の字が上の字の目的語・補語になっているもの・着火
5-打消・上の字が下の字の意味を打ち消しているもの・非常",1,,"**記号**・**構成のしかた**・**例**
1-類義・同じような意味の漢字を重ねたもの・身体
2-対義・反対または対応の意味を表す字を重ねたもの・左右
3-修飾・上の字が下の字を修飾しているもの・洋画
4-目的・下の字が上の字の目的語・補語になっているもの・着火
5-打消・上の字が下の字の意味を打ち消しているもの・非常",Text
"簡潔
**記号**・**構成のしかた**・**例**
1-類義・同じような意味の漢字を重ねたもの・身体
2-対義・反対または対応の意味を表す字を重ねたもの・左右
3-修飾・上の字が下の字を修飾しているもの・洋画
4-目的・下の字が上の字の目的語・補語になっているもの・着火
5-打消・上の字が下の字の意味を打ち消しているもの・非常",1,,"**記号**・**構成のしかた**・**例**
1-類義・同じような意味の漢字を重ねたもの・身体
2-対義・反対または対応の意味を表す字を重ねたもの・左右
3-修飾・上の字が下の字を修飾しているもの・洋画
4-目的・下の字が上の字の目的語・補語になっているもの・着火
5-打消・上の字が下の字の意味を打ち消しているもの・非常",Text
"愚昧
**記号**・**構成のしかた**・**例**
1-類義・同じような意味の漢字を重ねたもの・身体
2-対義・反対または対応の意味を表す字を重ねたもの・左右
3-修飾・上の字が下の字を修飾しているもの・洋画
4-目的・下の字が上の字の目的語・補語になっているもの・着火
5-打消・上の字が下の字の意味を打ち消しているもの・非常",1,,"**記号**・**構成のしかた**・**例**
1-類義・同じような意味の漢字を重ねたもの・身体
2-対義・反対または対応の意味を表す字を重ねたもの・左右
3-修飾・上の字が下の字を修飾しているもの・洋画
4-目的・下の字が上の字の目的語・補語になっているもの・着火
5-打消・上の字が下の字の意味を打ち消しているもの・非常",Text
"禁錮
**記号**・**構成のしかた**・**例**
1-類義・同じような意味の漢字を重ねたもの・身体
2-対義・反対または対応の意味を表す字を重ねたもの・左右
3-修飾・上の字が下の字を修飾しているもの・洋画
4-目的・下の字が上の字の目的語・補語になっているもの・着火
5-打消・上の字が下の字の意味を打ち消しているもの・非常",1,,"**記号**・**構成のしかた**・**例**
1-類義・同じような意味の漢字を重ねたもの・身体
2-対義・反対または対応の意味を表す字を重ねたもの・左右
3-修飾・上の字が下の字を修飾しているもの・洋画
4-目的・下の字が上の字の目的語・補語になっているもの・着火
5-打消・上の字が下の字の意味を打ち消しているもの・非常",Text
"謹慎
**記号**・**構成のしかた**・**例**
1-類義・同じような意味の漢字を重ねたもの・身体
2-対義・反対または対応の意味を表す字を重ねたもの・左右
3-修飾・上の字が下の字を修飾しているもの・洋画
4-目的・下の字が上の字の目的語・補語になっているもの・着火
5-打消・上の字が下の字の意味を打ち消しているもの・非常",1,,"**記号**・**構成のしかた**・**例**
1-類義・同じような意味の漢字を重ねたもの・身体
2-対義・反対または対応の意味を表す字を重ねたもの・左右
3-修飾・上の字が下の字を修飾しているもの・洋画
4-目的・下の字が上の字の目的語・補語になっているもの・着火
5-打消・上の字が下の字の意味を打ち消しているもの・非常",Text
"逝去
**記号**・**構成のしかた**・**例**
1-類義・同じような意味の漢字を重ねたもの・身体
2-対義・反対または対応の意味を表す字を重ねたもの・左右
3-修飾・上の字が下の字を修飾しているもの・洋画
4-目的・下の字が上の字の目的語・補語になっているもの・着火
5-打消・上の字が下の字の意味を打ち消しているもの・非常",1,,"**記号**・**構成のしかた**・**例**
1-類義・同じような意味の漢字を重ねたもの・身体
2-対義・反対または対応の意味を表す字を重ねたもの・左右
3-修飾・上の字が下の字を修飾しているもの・洋画
4-目的・下の字が上の字の目的語・補語になっているもの・着火
5-打消・上の字が下の字の意味を打ち消しているもの・非常",Text
"撤去
**記号**・**構成のしかた**・**例**
1-類義・同じような意味の漢字を重ねたもの・身体
2-対義・反対または対応の意味を表す字を重ねたもの・左右
3-修飾・上の字が下の字を修飾しているもの・洋画
4-目的・下の字が上の字の目的語・補語になっているもの・着火
5-打消・上の字が下の字の意味を打ち消しているもの・非常",1,,"**記号**・**構成のしかた**・**例**
1-類義・同じような意味の漢字を重ねたもの・身体
2-対義・反対または対応の意味を表す字を重ねたもの・左右
3-修飾・上の字が下の字を修飾しているもの・洋画
4-目的・下の字が上の字の目的語・補語になっているもの・着火
5-打消・上の字が下の字の意味を打ち消しているもの・非常",Text
"網羅
**記号**・**構成のしかた**・**例**
1-類義・同じような意味の漢字を重ねたもの・身体
2-対義・反対または対応の意味を表す字を重ねたもの・左右
3-修飾・上の字が下の字を修飾しているもの・洋画
4-目的・下の字が上の字の目的語・補語になっているもの・着火
5-打消・上の字が下の字の意味を打ち消しているもの・非常",1,,"**記号**・**構成のしかた**・**例**
1-類義・同じような意味の漢字を重ねたもの・身体
2-対義・反対または対応の意味を表す字を重ねたもの・左右
3-修飾・上の字が下の字を修飾しているもの・洋画
4-目的・下の字が上の字の目的語・補語になっているもの・着火
5-打消・上の字が下の字の意味を打ち消しているもの・非常",Text
"幼稚
**記号**・**構成のしかた**・**例**
1-類義・同じような意味の漢字を重ねたもの・身体
2-対義・反対または対応の意味を表す字を重ねたもの・左右
3-修飾・上の字が下の字を修飾しているもの・洋画
4-目的・下の字が上の字の目的語・補語になっているもの・着火
5-打消・上の字が下の字の意味を打ち消しているもの・非常",1,,"**記号**・**構成のしかた**・**例**
1-類義・同じような意味の漢字を重ねたもの・身体
2-対義・反対または対応の意味を表す字を重ねたもの・左右
3-修飾・上の字が下の字を修飾しているもの・洋画
4-目的・下の字が上の字の目的語・補語になっているもの・着火
5-打消・上の字が下の字の意味を打ち消しているもの・非常",Text
"抱擁
**記号**・**構成のしかた**・**例**
1-類義・同じような意味の漢字を重ねたもの・身体
2-対義・反対または対応の意味を表す字を重ねたもの・左右
3-修飾・上の字が下の字を修飾しているもの・洋画
4-目的・下の字が上の字の目的語・補語になっているもの・着火
5-打消・上の字が下の字の意味を打ち消しているもの・非常",1,,"**記号**・**構成のしかた**・**例**
1-類義・同じような意味の漢字を重ねたもの・身体
2-対義・反対または対応の意味を表す字を重ねたもの・左右
3-修飾・上の字が下の字を修飾しているもの・洋画
4-目的・下の字が上の字の目的語・補語になっているもの・着火
5-打消・上の字が下の字の意味を打ち消しているもの・非常",Text
"疾患
**記号**・**構成のしかた**・**例**
1-類義・同じような意味の漢字を重ねたもの・身体
2-対義・反対または対応の意味を表す字を重ねたもの・左右
3-修飾・上の字が下の字を修飾しているもの・洋画
4-目的・下の字が上の字の目的語・補語になっているもの・着火
5-打消・上の字が下の字の意味を打ち消しているもの・非常",1,,"**記号**・**構成のしかた**・**例**
1-類義・同じような意味の漢字を重ねたもの・身体
2-対義・反対または対応の意味を表す字を重ねたもの・左右
3-修飾・上の字が下の字を修飾しているもの・洋画
4-目的・下の字が上の字の目的語・補語になっているもの・着火
5-打消・上の字が下の字の意味を打ち消しているもの・非常",Text
"逸脱
**記号**・**構成のしかた**・**例**
1-類義・同じような意味の漢字を重ねたもの・身体
2-対義・反対または対応の意味を表す字を重ねたもの・左右
3-修飾・上の字が下の字を修飾しているもの・洋画
4-目的・下の字が上の字の目的語・補語になっているもの・着火
5-打消・上の字が下の字の意味を打ち消しているもの・非常",1,,"**記号**・**構成のしかた**・**例**
1-類義・同じような意味の漢字を重ねたもの・身体
2-対義・反対または対応の意味を表す字を重ねたもの・左右
3-修飾・上の字が下の字を修飾しているもの・洋画
4-目的・下の字が上の字の目的語・補語になっているもの・着火
5-打消・上の字が下の字の意味を打ち消しているもの・非常",Text
"寡少
**記号**・**構成のしかた**・**例**
1-類義・同じような意味の漢字を重ねたもの・身体
2-対義・反対または対応の意味を表す字を重ねたもの・左右
3-修飾・上の字が下の字を修飾しているもの・洋画
4-目的・下の字が上の字の目的語・補語になっているもの・着火
5-打消・上の字が下の字の意味を打ち消しているもの・非常",1,,"**記号**・**構成のしかた**・**例**
1-類義・同じような意味の漢字を重ねたもの・身体
2-対義・反対または対応の意味を表す字を重ねたもの・左右
3-修飾・上の字が下の字を修飾しているもの・洋画
4-目的・下の字が上の字の目的語・補語になっているもの・着火
5-打消・上の字が下の字の意味を打ち消しているもの・非常",Text
"遮蔽
**記号**・**構成のしかた**・**例**
1-類義・同じような意味の漢字を重ねたもの・身体
2-対義・反対または対応の意味を表す字を重ねたもの・左右
3-修飾・上の字が下の字を修飾しているもの・洋画
4-目的・下の字が上の字の目的語・補語になっているもの・着火
5-打消・上の字が下の字の意味を打ち消しているもの・非常",1,,"**記号**・**構成のしかた**・**例**
1-類義・同じような意味の漢字を重ねたもの・身体
2-対義・反対または対応の意味を表す字を重ねたもの・左右
3-修飾・上の字が下の字を修飾しているもの・洋画
4-目的・下の字が上の字の目的語・補語になっているもの・着火
5-打消・上の字が下の字の意味を打ち消しているもの・非常",Text
"没落
**記号**・**構成のしかた**・**例**
1-類義・同じような意味の漢字を重ねたもの・身体
2-対義・反対または対応の意味を表す字を重ねたもの・左右
3-修飾・上の字が下の字を修飾しているもの・洋画
4-目的・下の字が上の字の目的語・補語になっているもの・着火
5-打消・上の字が下の字の意味を打ち消しているもの・非常",1,,"**記号**・**構成のしかた**・**例**
1-類義・同じような意味の漢字を重ねたもの・身体
2-対義・反対または対応の意味を表す字を重ねたもの・左右
3-修飾・上の字が下の字を修飾しているもの・洋画
4-目的・下の字が上の字の目的語・補語になっているもの・着火
5-打消・上の字が下の字の意味を打ち消しているもの・非常",Text
"携帯
**記号**・**構成のしかた**・**例**
1-類義・同じような意味の漢字を重ねたもの・身体
2-対義・反対または対応の意味を表す字を重ねたもの・左右
3-修飾・上の字が下の字を修飾しているもの・洋画
4-目的・下の字が上の字の目的語・補語になっているもの・着火
5-打消・上の字が下の字の意味を打ち消しているもの・非常",1,,"**記号**・**構成のしかた**・**例**
1-類義・同じような意味の漢字を重ねたもの・身体
2-対義・反対または対応の意味を表す字を重ねたもの・左右
3-修飾・上の字が下の字を修飾しているもの・洋画
4-目的・下の字が上の字の目的語・補語になっているもの・着火
5-打消・上の字が下の字の意味を打ち消しているもの・非常",Text
"喪失
**記号**・**構成のしかた**・**例**
1-類義・同じような意味の漢字を重ねたもの・身体
2-対義・反対または対応の意味を表す字を重ねたもの・左右
3-修飾・上の字が下の字を修飾しているもの・洋画
4-目的・下の字が上の字の目的語・補語になっているもの・着火
5-打消・上の字が下の字の意味を打ち消しているもの・非常",1,,"**記号**・**構成のしかた**・**例**
1-類義・同じような意味の漢字を重ねたもの・身体
2-対義・反対または対応の意味を表す字を重ねたもの・左右
3-修飾・上の字が下の字を修飾しているもの・洋画
4-目的・下の字が上の字の目的語・補語になっているもの・着火
5-打消・上の字が下の字の意味を打ち消しているもの・非常",Text
"企図
**記号**・**構成のしかた**・**例**
1-類義・同じような意味の漢字を重ねたもの・身体
2-対義・反対または対応の意味を表す字を重ねたもの・左右
3-修飾・上の字が下の字を修飾しているもの・洋画
4-目的・下の字が上の字の目的語・補語になっているもの・着火
5-打消・上の字が下の字の意味を打ち消しているもの・非常",1,,"**記号**・**構成のしかた**・**例**
1-類義・同じような意味の漢字を重ねたもの・身体
2-対義・反対または対応の意味を表す字を重ねたもの・左右
3-修飾・上の字が下の字を修飾しているもの・洋画
4-目的・下の字が上の字の目的語・補語になっているもの・着火
5-打消・上の字が下の字の意味を打ち消しているもの・非常",Text
"甲殻
**記号**・**構成のしかた**・**例**
1-類義・同じような意味の漢字を重ねたもの・身体
2-対義・反対または対応の意味を表す字を重ねたもの・左右
3-修飾・上の字が下の字を修飾しているもの・洋画
4-目的・下の字が上の字の目的語・補語になっているもの・着火
5-打消・上の字が下の字の意味を打ち消しているもの・非常",1,,"**記号**・**構成のしかた**・**例**
1-類義・同じような意味の漢字を重ねたもの・身体
2-対義・反対または対応の意味を表す字を重ねたもの・左右
3-修飾・上の字が下の字を修飾しているもの・洋画
4-目的・下の字が上の字の目的語・補語になっているもの・着火
5-打消・上の字が下の字の意味を打ち消しているもの・非常",Text
"嫌悪
**記号**・**構成のしかた**・**例**
1-類義・同じような意味の漢字を重ねたもの・身体
2-対義・反対または対応の意味を表す字を重ねたもの・左右
3-修飾・上の字が下の字を修飾しているもの・洋画
4-目的・下の字が上の字の目的語・補語になっているもの・着火
5-打消・上の字が下の字の意味を打ち消しているもの・非常",1,,"**記号**・**構成のしかた**・**例**
1-類義・同じような意味の漢字を重ねたもの・身体
2-対義・反対または対応の意味を表す字を重ねたもの・左右
3-修飾・上の字が下の字を修飾しているもの・洋画
4-目的・下の字が上の字の目的語・補語になっているもの・着火
5-打消・上の字が下の字の意味を打ち消しているもの・非常",Text
"忍苦
**記号**・**構成のしかた**・**例**
1-類義・同じような意味の漢字を重ねたもの・身体
2-対義・反対または対応の意味を表す字を重ねたもの・左右
3-修飾・上の字が下の字を修飾しているもの・洋画
4-目的・下の字が上の字の目的語・補語になっているもの・着火
5-打消・上の字が下の字の意味を打ち消しているもの・非常",1,,"**記号**・**構成のしかた**・**例**
1-類義・同じような意味の漢字を重ねたもの・身体
2-対義・反対または対応の意味を表す字を重ねたもの・左右
3-修飾・上の字が下の字を修飾しているもの・洋画
4-目的・下の字が上の字の目的語・補語になっているもの・着火
5-打消・上の字が下の字の意味を打ち消しているもの・非常",Text
"解剖
**記号**・**構成のしかた**・**例**
1-類義・同じような意味の漢字を重ねたもの・身体
2-対義・反対または対応の意味を表す字を重ねたもの・左右
3-修飾・上の字が下の字を修飾しているもの・洋画
4-目的・下の字が上の字の目的語・補語になっているもの・着火
5-打消・上の字が下の字の意味を打ち消しているもの・非常",1,,"**記号**・**構成のしかた**・**例**
1-類義・同じような意味の漢字を重ねたもの・身体
2-対義・反対または対応の意味を表す字を重ねたもの・左右
3-修飾・上の字が下の字を修飾しているもの・洋画
4-目的・下の字が上の字の目的語・補語になっているもの・着火
5-打消・上の字が下の字の意味を打ち消しているもの・非常",Text
"睡眠
**記号**・**構成のしかた**・**例**
1-類義・同じような意味の漢字を重ねたもの・身体
2-対義・反対または対応の意味を表す字を重ねたもの・左右
3-修飾・上の字が下の字を修飾しているもの・洋画
4-目的・下の字が上の字の目的語・補語になっているもの・着火
5-打消・上の字が下の字の意味を打ち消しているもの・非常",1,,"**記号**・**構成のしかた**・**例**
1-類義・同じような意味の漢字を重ねたもの・身体
2-対義・反対または対応の意味を表す字を重ねたもの・左右
3-修飾・上の字が下の字を修飾しているもの・洋画
4-目的・下の字が上の字の目的語・補語になっているもの・着火
5-打消・上の字が下の字の意味を打ち消しているもの・非常",Text
"渋滞
**記号**・**構成のしかた**・**例**
1-類義・同じような意味の漢字を重ねたもの・身体
2-対義・反対または対応の意味を表す字を重ねたもの・左右
3-修飾・上の字が下の字を修飾しているもの・洋画
4-目的・下の字が上の字の目的語・補語になっているもの・着火
5-打消・上の字が下の字の意味を打ち消しているもの・非常",1,,"**記号**・**構成のしかた**・**例**
1-類義・同じような意味の漢字を重ねたもの・身体
2-対義・反対または対応の意味を表す字を重ねたもの・左右
3-修飾・上の字が下の字を修飾しているもの・洋画
4-目的・下の字が上の字の目的語・補語になっているもの・着火
5-打消・上の字が下の字の意味を打ち消しているもの・非常",Text
"閑暇
**記号**・**構成のしかた**・**例**
1-類義・同じような意味の漢字を重ねたもの・身体
2-対義・反対または対応の意味を表す字を重ねたもの・左右
3-修飾・上の字が下の字を修飾しているもの・洋画
4-目的・下の字が上の字の目的語・補語になっているもの・着火
5-打消・上の字が下の字の意味を打ち消しているもの・非常",1,,"**記号**・**構成のしかた**・**例**
1-類義・同じような意味の漢字を重ねたもの・身体
2-対義・反対または対応の意味を表す字を重ねたもの・左右
3-修飾・上の字が下の字を修飾しているもの・洋画
4-目的・下の字が上の字の目的語・補語になっているもの・着火
5-打消・上の字が下の字の意味を打ち消しているもの・非常",Text
"丘陵
**記号**・**構成のしかた**・**例**
1-類義・同じような意味の漢字を重ねたもの・身体
2-対義・反対または対応の意味を表す字を重ねたもの・左右
3-修飾・上の字が下の字を修飾しているもの・洋画
4-目的・下の字が上の字の目的語・補語になっているもの・着火
5-打消・上の字が下の字の意味を打ち消しているもの・非常",1,,"**記号**・**構成のしかた**・**例**
1-類義・同じような意味の漢字を重ねたもの・身体
2-対義・反対または対応の意味を表す字を重ねたもの・左右
3-修飾・上の字が下の字を修飾しているもの・洋画
4-目的・下の字が上の字の目的語・補語になっているもの・着火
5-打消・上の字が下の字の意味を打ち消しているもの・非常",Text
"羨望
**記号**・**構成のしかた**・**例**
1-類義・同じような意味の漢字を重ねたもの・身体
2-対義・反対または対応の意味を表す字を重ねたもの・左右
3-修飾・上の字が下の字を修飾しているもの・洋画
4-目的・下の字が上の字の目的語・補語になっているもの・着火
5-打消・上の字が下の字の意味を打ち消しているもの・非常",1,,"**記号**・**構成のしかた**・**例**
1-類義・同じような意味の漢字を重ねたもの・身体
2-対義・反対または対応の意味を表す字を重ねたもの・左右
3-修飾・上の字が下の字を修飾しているもの・洋画
4-目的・下の字が上の字の目的語・補語になっているもの・着火
5-打消・上の字が下の字の意味を打ち消しているもの・非常",Text
"循環
**記号**・**構成のしかた**・**例**
1-類義・同じような意味の漢字を重ねたもの・身体
2-対義・反対または対応の意味を表す字を重ねたもの・左右
3-修飾・上の字が下の字を修飾しているもの・洋画
4-目的・下の字が上の字の目的語・補語になっているもの・着火
5-打消・上の字が下の字の意味を打ち消しているもの・非常",1,,"**記号**・**構成のしかた**・**例**
1-類義・同じような意味の漢字を重ねたもの・身体
2-対義・反対または対応の意味を表す字を重ねたもの・左右
3-修飾・上の字が下の字を修飾しているもの・洋画
4-目的・下の字が上の字の目的語・補語になっているもの・着火
5-打消・上の字が下の字の意味を打ち消しているもの・非常",Text
"娯楽
**記号**・**構成のしかた**・**例**
1-類義・同じような意味の漢字を重ねたもの・身体
2-対義・反対または対応の意味を表す字を重ねたもの・左右
3-修飾・上の字が下の字を修飾しているもの・洋画
4-目的・下の字が上の字の目的語・補語になっているもの・着火
5-打消・上の字が下の字の意味を打ち消しているもの・非常",1,,"**記号**・**構成のしかた**・**例**
1-類義・同じような意味の漢字を重ねたもの・身体
2-対義・反対または対応の意味を表す字を重ねたもの・左右
3-修飾・上の字が下の字を修飾しているもの・洋画
4-目的・下の字が上の字の目的語・補語になっているもの・着火
5-打消・上の字が下の字の意味を打ち消しているもの・非常",Text
"繊細
**記号**・**構成のしかた**・**例**
1-類義・同じような意味の漢字を重ねたもの・身体
2-対義・反対または対応の意味を表す字を重ねたもの・左右
3-修飾・上の字が下の字を修飾しているもの・洋画
4-目的・下の字が上の字の目的語・補語になっているもの・着火
5-打消・上の字が下の字の意味を打ち消しているもの・非常",1,,"**記号**・**構成のしかた**・**例**
1-類義・同じような意味の漢字を重ねたもの・身体
2-対義・反対または対応の意味を表す字を重ねたもの・左右
3-修飾・上の字が下の字を修飾しているもの・洋画
4-目的・下の字が上の字の目的語・補語になっているもの・着火
5-打消・上の字が下の字の意味を打ち消しているもの・非常",Text
"媒介
**記号**・**構成のしかた**・**例**
1-類義・同じような意味の漢字を重ねたもの・身体
2-対義・反対または対応の意味を表す字を重ねたもの・左右
3-修飾・上の字が下の字を修飾しているもの・洋画
4-目的・下の字が上の字の目的語・補語になっているもの・着火
5-打消・上の字が下の字の意味を打ち消しているもの・非常",1,,"**記号**・**構成のしかた**・**例**
1-類義・同じような意味の漢字を重ねたもの・身体
2-対義・反対または対応の意味を表す字を重ねたもの・左右
3-修飾・上の字が下の字を修飾しているもの・洋画
4-目的・下の字が上の字の目的語・補語になっているもの・着火
5-打消・上の字が下の字の意味を打ち消しているもの・非常",Text
"旋回
**記号**・**構成のしかた**・**例**
1-類義・同じような意味の漢字を重ねたもの・身体
2-対義・反対または対応の意味を表す字を重ねたもの・左右
3-修飾・上の字が下の字を修飾しているもの・洋画
4-目的・下の字が上の字の目的語・補語になっているもの・着火
5-打消・上の字が下の字の意味を打ち消しているもの・非常",1,,"**記号**・**構成のしかた**・**例**
1-類義・同じような意味の漢字を重ねたもの・身体
2-対義・反対または対応の意味を表す字を重ねたもの・左右
3-修飾・上の字が下の字を修飾しているもの・洋画
4-目的・下の字が上の字の目的語・補語になっているもの・着火
5-打消・上の字が下の字の意味を打ち消しているもの・非常",Text
"愉悦
**記号**・**構成のしかた**・**例**
1-類義・同じような意味の漢字を重ねたもの・身体
2-対義・反対または対応の意味を表す字を重ねたもの・左右
3-修飾・上の字が下の字を修飾しているもの・洋画
4-目的・下の字が上の字の目的語・補語になっているもの・着火
5-打消・上の字が下の字の意味を打ち消しているもの・非常",1,,"**記号**・**構成のしかた**・**例**
1-類義・同じような意味の漢字を重ねたもの・身体
2-対義・反対または対応の意味を表す字を重ねたもの・左右
3-修飾・上の字が下の字を修飾しているもの・洋画
4-目的・下の字が上の字の目的語・補語になっているもの・着火
5-打消・上の字が下の字の意味を打ち消しているもの・非常",Text
"核心
**記号**・**構成のしかた**・**例**
1-類義・同じような意味の漢字を重ねたもの・身体
2-対義・反対または対応の意味を表す字を重ねたもの・左右
3-修飾・上の字が下の字を修飾しているもの・洋画
4-目的・下の字が上の字の目的語・補語になっているもの・着火
5-打消・上の字が下の字の意味を打ち消しているもの・非常",1,,"**記号**・**構成のしかた**・**例**
1-類義・同じような意味の漢字を重ねたもの・身体
2-対義・反対または対応の意味を表す字を重ねたもの・左右
3-修飾・上の字が下の字を修飾しているもの・洋画
4-目的・下の字が上の字の目的語・補語になっているもの・着火
5-打消・上の字が下の字の意味を打ち消しているもの・非常",Text
"開拓
**記号**・**構成のしかた**・**例**
1-類義・同じような意味の漢字を重ねたもの・身体
2-対義・反対または対応の意味を表す字を重ねたもの・左右
3-修飾・上の字が下の字を修飾しているもの・洋画
4-目的・下の字が上の字の目的語・補語になっているもの・着火
5-打消・上の字が下の字の意味を打ち消しているもの・非常",1,,"**記号**・**構成のしかた**・**例**
1-類義・同じような意味の漢字を重ねたもの・身体
2-対義・反対または対応の意味を表す字を重ねたもの・左右
3-修飾・上の字が下の字を修飾しているもの・洋画
4-目的・下の字が上の字の目的語・補語になっているもの・着火
5-打消・上の字が下の字の意味を打ち消しているもの・非常",Text
"緊迫
**記号**・**構成のしかた**・**例**
1-類義・同じような意味の漢字を重ねたもの・身体
2-対義・反対または対応の意味を表す字を重ねたもの・左右
3-修飾・上の字が下の字を修飾しているもの・洋画
4-目的・下の字が上の字の目的語・補語になっているもの・着火
5-打消・上の字が下の字の意味を打ち消しているもの・非常",1,,"**記号**・**構成のしかた**・**例**
1-類義・同じような意味の漢字を重ねたもの・身体
2-対義・反対または対応の意味を表す字を重ねたもの・左右
3-修飾・上の字が下の字を修飾しているもの・洋画
4-目的・下の字が上の字の目的語・補語になっているもの・着火
5-打消・上の字が下の字の意味を打ち消しているもの・非常",Text
"広漠
**記号**・**構成のしかた**・**例**
1-類義・同じような意味の漢字を重ねたもの・身体
2-対義・反対または対応の意味を表す字を重ねたもの・左右
3-修飾・上の字が下の字を修飾しているもの・洋画
4-目的・下の字が上の字の目的語・補語になっているもの・着火
5-打消・上の字が下の字の意味を打ち消しているもの・非常",1,,"**記号**・**構成のしかた**・**例**
1-類義・同じような意味の漢字を重ねたもの・身体
2-対義・反対または対応の意味を表す字を重ねたもの・左右
3-修飾・上の字が下の字を修飾しているもの・洋画
4-目的・下の字が上の字の目的語・補語になっているもの・着火
5-打消・上の字が下の字の意味を打ち消しているもの・非常",Text
"休憩
**記号**・**構成のしかた**・**例**
1-類義・同じような意味の漢字を重ねたもの・身体
2-対義・反対または対応の意味を表す字を重ねたもの・左右
3-修飾・上の字が下の字を修飾しているもの・洋画
4-目的・下の字が上の字の目的語・補語になっているもの・着火
5-打消・上の字が下の字の意味を打ち消しているもの・非常",1,,"**記号**・**構成のしかた**・**例**
1-類義・同じような意味の漢字を重ねたもの・身体
2-対義・反対または対応の意味を表す字を重ねたもの・左右
3-修飾・上の字が下の字を修飾しているもの・洋画
4-目的・下の字が上の字の目的語・補語になっているもの・着火
5-打消・上の字が下の字の意味を打ち消しているもの・非常",Text
"悲哀
**記号**・**構成のしかた**・**例**
1-類義・同じような意味の漢字を重ねたもの・身体
2-対義・反対または対応の意味を表す字を重ねたもの・左右
3-修飾・上の字が下の字を修飾しているもの・洋画
4-目的・下の字が上の字の目的語・補語になっているもの・着火
5-打消・上の字が下の字の意味を打ち消しているもの・非常",1,,"**記号**・**構成のしかた**・**例**
1-類義・同じような意味の漢字を重ねたもの・身体
2-対義・反対または対応の意味を表す字を重ねたもの・左右
3-修飾・上の字が下の字を修飾しているもの・洋画
4-目的・下の字が上の字の目的語・補語になっているもの・着火
5-打消・上の字が下の字の意味を打ち消しているもの・非常",Text
"研磨
**記号**・**構成のしかた**・**例**
1-類義・同じような意味の漢字を重ねたもの・身体
2-対義・反対または対応の意味を表す字を重ねたもの・左右
3-修飾・上の字が下の字を修飾しているもの・洋画
4-目的・下の字が上の字の目的語・補語になっているもの・着火
5-打消・上の字が下の字の意味を打ち消しているもの・非常",1,,"**記号**・**構成のしかた**・**例**
1-類義・同じような意味の漢字を重ねたもの・身体
2-対義・反対または対応の意味を表す字を重ねたもの・左右
3-修飾・上の字が下の字を修飾しているもの・洋画
4-目的・下の字が上の字の目的語・補語になっているもの・着火
5-打消・上の字が下の字の意味を打ち消しているもの・非常",Text
"堕落
**記号**・**構成のしかた**・**例**
1-類義・同じような意味の漢字を重ねたもの・身体
2-対義・反対または対応の意味を表す字を重ねたもの・左右
3-修飾・上の字が下の字を修飾しているもの・洋画
4-目的・下の字が上の字の目的語・補語になっているもの・着火
5-打消・上の字が下の字の意味を打ち消しているもの・非常",1,,"**記号**・**構成のしかた**・**例**
1-類義・同じような意味の漢字を重ねたもの・身体
2-対義・反対または対応の意味を表す字を重ねたもの・左右
3-修飾・上の字が下の字を修飾しているもの・洋画
4-目的・下の字が上の字の目的語・補語になっているもの・着火
5-打消・上の字が下の字の意味を打ち消しているもの・非常",Text
"凡庸
**記号**・**構成のしかた**・**例**
1-類義・同じような意味の漢字を重ねたもの・身体
2-対義・反対または対応の意味を表す字を重ねたもの・左右
3-修飾・上の字が下の字を修飾しているもの・洋画
4-目的・下の字が上の字の目的語・補語になっているもの・着火
5-打消・上の字が下の字の意味を打ち消しているもの・非常",1,,"**記号**・**構成のしかた**・**例**
1-類義・同じような意味の漢字を重ねたもの・身体
2-対義・反対または対応の意味を表す字を重ねたもの・左右
3-修飾・上の字が下の字を修飾しているもの・洋画
4-目的・下の字が上の字の目的語・補語になっているもの・着火
5-打消・上の字が下の字の意味を打ち消しているもの・非常",Text
"陥没
**記号**・**構成のしかた**・**例**
1-類義・同じような意味の漢字を重ねたもの・身体
2-対義・反対または対応の意味を表す字を重ねたもの・左右
3-修飾・上の字が下の字を修飾しているもの・洋画
4-目的・下の字が上の字の目的語・補語になっているもの・着火
5-打消・上の字が下の字の意味を打ち消しているもの・非常",1,,"**記号**・**構成のしかた**・**例**
1-類義・同じような意味の漢字を重ねたもの・身体
2-対義・反対または対応の意味を表す字を重ねたもの・左右
3-修飾・上の字が下の字を修飾しているもの・洋画
4-目的・下の字が上の字の目的語・補語になっているもの・着火
5-打消・上の字が下の字の意味を打ち消しているもの・非常",Text
"披露
**記号**・**構成のしかた**・**例**
1-類義・同じような意味の漢字を重ねたもの・身体
2-対義・反対または対応の意味を表す字を重ねたもの・左右
3-修飾・上の字が下の字を修飾しているもの・洋画
4-目的・下の字が上の字の目的語・補語になっているもの・着火
5-打消・上の字が下の字の意味を打ち消しているもの・非常",1,,"**記号**・**構成のしかた**・**例**
1-類義・同じような意味の漢字を重ねたもの・身体
2-対義・反対または対応の意味を表す字を重ねたもの・左右
3-修飾・上の字が下の字を修飾しているもの・洋画
4-目的・下の字が上の字の目的語・補語になっているもの・着火
5-打消・上の字が下の字の意味を打ち消しているもの・非常",Text
"隠匿
**記号**・**構成のしかた**・**例**
1-類義・同じような意味の漢字を重ねたもの・身体
2-対義・反対または対応の意味を表す字を重ねたもの・左右
3-修飾・上の字が下の字を修飾しているもの・洋画
4-目的・下の字が上の字の目的語・補語になっているもの・着火
5-打消・上の字が下の字の意味を打ち消しているもの・非常",1,,"**記号**・**構成のしかた**・**例**
1-類義・同じような意味の漢字を重ねたもの・身体
2-対義・反対または対応の意味を表す字を重ねたもの・左右
3-修飾・上の字が下の字を修飾しているもの・洋画
4-目的・下の字が上の字の目的語・補語になっているもの・着火
5-打消・上の字が下の字の意味を打ち消しているもの・非常",Text
"霊魂
**記号**・**構成のしかた**・**例**
1-類義・同じような意味の漢字を重ねたもの・身体
2-対義・反対または対応の意味を表す字を重ねたもの・左右
3-修飾・上の字が下の字を修飾しているもの・洋画
4-目的・下の字が上の字の目的語・補語になっているもの・着火
5-打消・上の字が下の字の意味を打ち消しているもの・非常",1,,"**記号**・**構成のしかた**・**例**
1-類義・同じような意味の漢字を重ねたもの・身体
2-対義・反対または対応の意味を表す字を重ねたもの・左右
3-修飾・上の字が下の字を修飾しているもの・洋画
4-目的・下の字が上の字の目的語・補語になっているもの・着火
5-打消・上の字が下の字の意味を打ち消しているもの・非常",Text
"余裕
**記号**・**構成のしかた**・**例**
1-類義・同じような意味の漢字を重ねたもの・身体
2-対義・反対または対応の意味を表す字を重ねたもの・左右
3-修飾・上の字が下の字を修飾しているもの・洋画
4-目的・下の字が上の字の目的語・補語になっているもの・着火
5-打消・上の字が下の字の意味を打ち消しているもの・非常",1,,"**記号**・**構成のしかた**・**例**
1-類義・同じような意味の漢字を重ねたもの・身体
2-対義・反対または対応の意味を表す字を重ねたもの・左右
3-修飾・上の字が下の字を修飾しているもの・洋画
4-目的・下の字が上の字の目的語・補語になっているもの・着火
5-打消・上の字が下の字の意味を打ち消しているもの・非常",Text
"封鎖
**記号**・**構成のしかた**・**例**
1-類義・同じような意味の漢字を重ねたもの・身体
2-対義・反対または対応の意味を表す字を重ねたもの・左右
3-修飾・上の字が下の字を修飾しているもの・洋画
4-目的・下の字が上の字の目的語・補語になっているもの・着火
5-打消・上の字が下の字の意味を打ち消しているもの・非常",1,,"**記号**・**構成のしかた**・**例**
1-類義・同じような意味の漢字を重ねたもの・身体
2-対義・反対または対応の意味を表す字を重ねたもの・左右
3-修飾・上の字が下の字を修飾しているもの・洋画
4-目的・下の字が上の字の目的語・補語になっているもの・着火
5-打消・上の字が下の字の意味を打ち消しているもの・非常",Text
"膨張
**記号**・**構成のしかた**・**例**
1-類義・同じような意味の漢字を重ねたもの・身体
2-対義・反対または対応の意味を表す字を重ねたもの・左右
3-修飾・上の字が下の字を修飾しているもの・洋画
4-目的・下の字が上の字の目的語・補語になっているもの・着火
5-打消・上の字が下の字の意味を打ち消しているもの・非常",1,,"**記号**・**構成のしかた**・**例**
1-類義・同じような意味の漢字を重ねたもの・身体
2-対義・反対または対応の意味を表す字を重ねたもの・左右
3-修飾・上の字が下の字を修飾しているもの・洋画
4-目的・下の字が上の字の目的語・補語になっているもの・着火
5-打消・上の字が下の字の意味を打ち消しているもの・非常",Text
"扶助
**記号**・**構成のしかた**・**例**
1-類義・同じような意味の漢字を重ねたもの・身体
2-対義・反対または対応の意味を表す字を重ねたもの・左右
3-修飾・上の字が下の字を修飾しているもの・洋画
4-目的・下の字が上の字の目的語・補語になっているもの・着火
5-打消・上の字が下の字の意味を打ち消しているもの・非常",1,,"**記号**・**構成のしかた**・**例**
1-類義・同じような意味の漢字を重ねたもの・身体
2-対義・反対または対応の意味を表す字を重ねたもの・左右
3-修飾・上の字が下の字を修飾しているもの・洋画
4-目的・下の字が上の字の目的語・補語になっているもの・着火
5-打消・上の字が下の字の意味を打ち消しているもの・非常",Text
"虜囚
**記号**・**構成のしかた**・**例**
1-類義・同じような意味の漢字を重ねたもの・身体
2-対義・反対または対応の意味を表す字を重ねたもの・左右
3-修飾・上の字が下の字を修飾しているもの・洋画
4-目的・下の字が上の字の目的語・補語になっているもの・着火
5-打消・上の字が下の字の意味を打ち消しているもの・非常",1,,"**記号**・**構成のしかた**・**例**
1-類義・同じような意味の漢字を重ねたもの・身体
2-対義・反対または対応の意味を表す字を重ねたもの・左右
3-修飾・上の字が下の字を修飾しているもの・洋画
4-目的・下の字が上の字の目的語・補語になっているもの・着火
5-打消・上の字が下の字の意味を打ち消しているもの・非常",Text
"怠惰
**記号**・**構成のしかた**・**例**
1-類義・同じような意味の漢字を重ねたもの・身体
2-対義・反対または対応の意味を表す字を重ねたもの・左右
3-修飾・上の字が下の字を修飾しているもの・洋画
4-目的・下の字が上の字の目的語・補語になっているもの・着火
5-打消・上の字が下の字の意味を打ち消しているもの・非常",1,,"**記号**・**構成のしかた**・**例**
1-類義・同じような意味の漢字を重ねたもの・身体
2-対義・反対または対応の意味を表す字を重ねたもの・左右
3-修飾・上の字が下の字を修飾しているもの・洋画
4-目的・下の字が上の字の目的語・補語になっているもの・着火
5-打消・上の字が下の字の意味を打ち消しているもの・非常",Text
"拙劣
**記号**・**構成のしかた**・**例**
1-類義・同じような意味の漢字を重ねたもの・身体
2-対義・反対または対応の意味を表す字を重ねたもの・左右
3-修飾・上の字が下の字を修飾しているもの・洋画
4-目的・下の字が上の字の目的語・補語になっているもの・着火
5-打消・上の字が下の字の意味を打ち消しているもの・非常",1,,"**記号**・**構成のしかた**・**例**
1-類義・同じような意味の漢字を重ねたもの・身体
2-対義・反対または対応の意味を表す字を重ねたもの・左右
3-修飾・上の字が下の字を修飾しているもの・洋画
4-目的・下の字が上の字の目的語・補語になっているもの・着火
5-打消・上の字が下の字の意味を打ち消しているもの・非常",Text
"均衡
**記号**・**構成のしかた**・**例**
1-類義・同じような意味の漢字を重ねたもの・身体
2-対義・反対または対応の意味を表す字を重ねたもの・左右
3-修飾・上の字が下の字を修飾しているもの・洋画
4-目的・下の字が上の字の目的語・補語になっているもの・着火
5-打消・上の字が下の字の意味を打ち消しているもの・非常",1,,"**記号**・**構成のしかた**・**例**
1-類義・同じような意味の漢字を重ねたもの・身体
2-対義・反対または対応の意味を表す字を重ねたもの・左右
3-修飾・上の字が下の字を修飾しているもの・洋画
4-目的・下の字が上の字の目的語・補語になっているもの・着火
5-打消・上の字が下の字の意味を打ち消しているもの・非常",Text
"枢要
**記号**・**構成のしかた**・**例**
1-類義・同じような意味の漢字を重ねたもの・身体
2-対義・反対または対応の意味を表す字を重ねたもの・左右
3-修飾・上の字が下の字を修飾しているもの・洋画
4-目的・下の字が上の字の目的語・補語になっているもの・着火
5-打消・上の字が下の字の意味を打ち消しているもの・非常",1,,"**記号**・**構成のしかた**・**例**
1-類義・同じような意味の漢字を重ねたもの・身体
2-対義・反対または対応の意味を表す字を重ねたもの・左右
3-修飾・上の字が下の字を修飾しているもの・洋画
4-目的・下の字が上の字の目的語・補語になっているもの・着火
5-打消・上の字が下の字の意味を打ち消しているもの・非常",Text
"模擬
**記号**・**構成のしかた**・**例**
1-類義・同じような意味の漢字を重ねたもの・身体
2-対義・反対または対応の意味を表す字を重ねたもの・左右
3-修飾・上の字が下の字を修飾しているもの・洋画
4-目的・下の字が上の字の目的語・補語になっているもの・着火
5-打消・上の字が下の字の意味を打ち消しているもの・非常",1,,"**記号**・**構成のしかた**・**例**
1-類義・同じような意味の漢字を重ねたもの・身体
2-対義・反対または対応の意味を表す字を重ねたもの・左右
3-修飾・上の字が下の字を修飾しているもの・洋画
4-目的・下の字が上の字の目的語・補語になっているもの・着火
5-打消・上の字が下の字の意味を打ち消しているもの・非常",Text
"摩擦
**記号**・**構成のしかた**・**例**
1-類義・同じような意味の漢字を重ねたもの・身体
2-対義・反対または対応の意味を表す字を重ねたもの・左右
3-修飾・上の字が下の字を修飾しているもの・洋画
4-目的・下の字が上の字の目的語・補語になっているもの・着火
5-打消・上の字が下の字の意味を打ち消しているもの・非常",1,,"**記号**・**構成のしかた**・**例**
1-類義・同じような意味の漢字を重ねたもの・身体
2-対義・反対または対応の意味を表す字を重ねたもの・左右
3-修飾・上の字が下の字を修飾しているもの・洋画
4-目的・下の字が上の字の目的語・補語になっているもの・着火
5-打消・上の字が下の字の意味を打ち消しているもの・非常",Text
"賭博
**記号**・**構成のしかた**・**例**
1-類義・同じような意味の漢字を重ねたもの・身体
2-対義・反対または対応の意味を表す字を重ねたもの・左右
3-修飾・上の字が下の字を修飾しているもの・洋画
4-目的・下の字が上の字の目的語・補語になっているもの・着火
5-打消・上の字が下の字の意味を打ち消しているもの・非常",1,,"**記号**・**構成のしかた**・**例**
1-類義・同じような意味の漢字を重ねたもの・身体
2-対義・反対または対応の意味を表す字を重ねたもの・左右
3-修飾・上の字が下の字を修飾しているもの・洋画
4-目的・下の字が上の字の目的語・補語になっているもの・着火
5-打消・上の字が下の字の意味を打ち消しているもの・非常",Text
"悦楽
**記号**・**構成のしかた**・**例**
1-類義・同じような意味の漢字を重ねたもの・身体
2-対義・反対または対応の意味を表す字を重ねたもの・左右
3-修飾・上の字が下の字を修飾しているもの・洋画
4-目的・下の字が上の字の目的語・補語になっているもの・着火
5-打消・上の字が下の字の意味を打ち消しているもの・非常",1,,"**記号**・**構成のしかた**・**例**
1-類義・同じような意味の漢字を重ねたもの・身体
2-対義・反対または対応の意味を表す字を重ねたもの・左右
3-修飾・上の字が下の字を修飾しているもの・洋画
4-目的・下の字が上の字の目的語・補語になっているもの・着火
5-打消・上の字が下の字の意味を打ち消しているもの・非常",Text
"山岳
**記号**・**構成のしかた**・**例**
1-類義・同じような意味の漢字を重ねたもの・身体
2-対義・反対または対応の意味を表す字を重ねたもの・左右
3-修飾・上の字が下の字を修飾しているもの・洋画
4-目的・下の字が上の字の目的語・補語になっているもの・着火
5-打消・上の字が下の字の意味を打ち消しているもの・非常",1,,"**記号**・**構成のしかた**・**例**
1-類義・同じような意味の漢字を重ねたもの・身体
2-対義・反対または対応の意味を表す字を重ねたもの・左右
3-修飾・上の字が下の字を修飾しているもの・洋画
4-目的・下の字が上の字の目的語・補語になっているもの・着火
5-打消・上の字が下の字の意味を打ち消しているもの・非常",Text
"勧奨
**記号**・**構成のしかた**・**例**
1-類義・同じような意味の漢字を重ねたもの・身体
2-対義・反対または対応の意味を表す字を重ねたもの・左右
3-修飾・上の字が下の字を修飾しているもの・洋画
4-目的・下の字が上の字の目的語・補語になっているもの・着火
5-打消・上の字が下の字の意味を打ち消しているもの・非常",1,,"**記号**・**構成のしかた**・**例**
1-類義・同じような意味の漢字を重ねたもの・身体
2-対義・反対または対応の意味を表す字を重ねたもの・左右
3-修飾・上の字が下の字を修飾しているもの・洋画
4-目的・下の字が上の字の目的語・補語になっているもの・着火
5-打消・上の字が下の字の意味を打ち消しているもの・非常",Text
"紡績
**記号**・**構成のしかた**・**例**
1-類義・同じような意味の漢字を重ねたもの・身体
2-対義・反対または対応の意味を表す字を重ねたもの・左右
3-修飾・上の字が下の字を修飾しているもの・洋画
4-目的・下の字が上の字の目的語・補語になっているもの・着火
5-打消・上の字が下の字の意味を打ち消しているもの・非常",1,,"**記号**・**構成のしかた**・**例**
1-類義・同じような意味の漢字を重ねたもの・身体
2-対義・反対または対応の意味を表す字を重ねたもの・左右
3-修飾・上の字が下の字を修飾しているもの・洋画
4-目的・下の字が上の字の目的語・補語になっているもの・着火
5-打消・上の字が下の字の意味を打ち消しているもの・非常",Text
"剰余
**記号**・**構成のしかた**・**例**
1-類義・同じような意味の漢字を重ねたもの・身体
2-対義・反対または対応の意味を表す字を重ねたもの・左右
3-修飾・上の字が下の字を修飾しているもの・洋画
4-目的・下の字が上の字の目的語・補語になっているもの・着火
5-打消・上の字が下の字の意味を打ち消しているもの・非常",1,,"**記号**・**構成のしかた**・**例**
1-類義・同じような意味の漢字を重ねたもの・身体
2-対義・反対または対応の意味を表す字を重ねたもの・左右
3-修飾・上の字が下の字を修飾しているもの・洋画
4-目的・下の字が上の字の目的語・補語になっているもの・着火
5-打消・上の字が下の字の意味を打ち消しているもの・非常",Text
"威嚇
**記号**・**構成のしかた**・**例**
1-類義・同じような意味の漢字を重ねたもの・身体
2-対義・反対または対応の意味を表す字を重ねたもの・左右
3-修飾・上の字が下の字を修飾しているもの・洋画
4-目的・下の字が上の字の目的語・補語になっているもの・着火
5-打消・上の字が下の字の意味を打ち消しているもの・非常",1,,"**記号**・**構成のしかた**・**例**
1-類義・同じような意味の漢字を重ねたもの・身体
2-対義・反対または対応の意味を表す字を重ねたもの・左右
3-修飾・上の字が下の字を修飾しているもの・洋画
4-目的・下の字が上の字の目的語・補語になっているもの・着火
5-打消・上の字が下の字の意味を打ち消しているもの・非常",Text
"享受
**記号**・**構成のしかた**・**例**
1-類義・同じような意味の漢字を重ねたもの・身体
2-対義・反対または対応の意味を表す字を重ねたもの・左右
3-修飾・上の字が下の字を修飾しているもの・洋画
4-目的・下の字が上の字の目的語・補語になっているもの・着火
5-打消・上の字が下の字の意味を打ち消しているもの・非常",1,,"**記号**・**構成のしかた**・**例**
1-類義・同じような意味の漢字を重ねたもの・身体
2-対義・反対または対応の意味を表す字を重ねたもの・左右
3-修飾・上の字が下の字を修飾しているもの・洋画
4-目的・下の字が上の字の目的語・補語になっているもの・着火
5-打消・上の字が下の字の意味を打ち消しているもの・非常",Text
"駐屯
**記号**・**構成のしかた**・**例**
1-類義・同じような意味の漢字を重ねたもの・身体
2-対義・反対または対応の意味を表す字を重ねたもの・左右
3-修飾・上の字が下の字を修飾しているもの・洋画
4-目的・下の字が上の字の目的語・補語になっているもの・着火
5-打消・上の字が下の字の意味を打ち消しているもの・非常",1,,"**記号**・**構成のしかた**・**例**
1-類義・同じような意味の漢字を重ねたもの・身体
2-対義・反対または対応の意味を表す字を重ねたもの・左右
3-修飾・上の字が下の字を修飾しているもの・洋画
4-目的・下の字が上の字の目的語・補語になっているもの・着火
5-打消・上の字が下の字の意味を打ち消しているもの・非常",Text
"超越
**記号**・**構成のしかた**・**例**
1-類義・同じような意味の漢字を重ねたもの・身体
2-対義・反対または対応の意味を表す字を重ねたもの・左右
3-修飾・上の字が下の字を修飾しているもの・洋画
4-目的・下の字が上の字の目的語・補語になっているもの・着火
5-打消・上の字が下の字の意味を打ち消しているもの・非常",1,,"**記号**・**構成のしかた**・**例**
1-類義・同じような意味の漢字を重ねたもの・身体
2-対義・反対または対応の意味を表す字を重ねたもの・左右
3-修飾・上の字が下の字を修飾しているもの・洋画
4-目的・下の字が上の字の目的語・補語になっているもの・着火
5-打消・上の字が下の字の意味を打ち消しているもの・非常",Text
"素朴
**記号**・**構成のしかた**・**例**
1-類義・同じような意味の漢字を重ねたもの・身体
2-対義・反対または対応の意味を表す字を重ねたもの・左右
3-修飾・上の字が下の字を修飾しているもの・洋画
4-目的・下の字が上の字の目的語・補語になっているもの・着火
5-打消・上の字が下の字の意味を打ち消しているもの・非常",1,,"**記号**・**構成のしかた**・**例**
1-類義・同じような意味の漢字を重ねたもの・身体
2-対義・反対または対応の意味を表す字を重ねたもの・左右
3-修飾・上の字が下の字を修飾しているもの・洋画
4-目的・下の字が上の字の目的語・補語になっているもの・着火
5-打消・上の字が下の字の意味を打ち消しているもの・非常",Text
"挨拶
**記号**・**構成のしかた**・**例**
1-類義・同じような意味の漢字を重ねたもの・身体
2-対義・反対または対応の意味を表す字を重ねたもの・左右
3-修飾・上の字が下の字を修飾しているもの・洋画
4-目的・下の字が上の字の目的語・補語になっているもの・着火
5-打消・上の字が下の字の意味を打ち消しているもの・非常",1,,"**記号**・**構成のしかた**・**例**
1-類義・同じような意味の漢字を重ねたもの・身体
2-対義・反対または対応の意味を表す字を重ねたもの・左右
3-修飾・上の字が下の字を修飾しているもの・洋画
4-目的・下の字が上の字の目的語・補語になっているもの・着火
5-打消・上の字が下の字の意味を打ち消しているもの・非常",Text
"辛辣
**記号**・**構成のしかた**・**例**
1-類義・同じような意味の漢字を重ねたもの・身体
2-対義・反対または対応の意味を表す字を重ねたもの・左右
3-修飾・上の字が下の字を修飾しているもの・洋画
4-目的・下の字が上の字の目的語・補語になっているもの・着火
5-打消・上の字が下の字の意味を打ち消しているもの・非常",1,,"**記号**・**構成のしかた**・**例**
1-類義・同じような意味の漢字を重ねたもの・身体
2-対義・反対または対応の意味を表す字を重ねたもの・左右
3-修飾・上の字が下の字を修飾しているもの・洋画
4-目的・下の字が上の字の目的語・補語になっているもの・着火
5-打消・上の字が下の字の意味を打ち消しているもの・非常",Text
"墜落
**記号**・**構成のしかた**・**例**
1-類義・同じような意味の漢字を重ねたもの・身体
2-対義・反対または対応の意味を表す字を重ねたもの・左右
3-修飾・上の字が下の字を修飾しているもの・洋画
4-目的・下の字が上の字の目的語・補語になっているもの・着火
5-打消・上の字が下の字の意味を打ち消しているもの・非常",1,,"**記号**・**構成のしかた**・**例**
1-類義・同じような意味の漢字を重ねたもの・身体
2-対義・反対または対応の意味を表す字を重ねたもの・左右
3-修飾・上の字が下の字を修飾しているもの・洋画
4-目的・下の字が上の字の目的語・補語になっているもの・着火
5-打消・上の字が下の字の意味を打ち消しているもの・非常",Text
"充満
**記号**・**構成のしかた**・**例**
1-類義・同じような意味の漢字を重ねたもの・身体
2-対義・反対または対応の意味を表す字を重ねたもの・左右
3-修飾・上の字が下の字を修飾しているもの・洋画
4-目的・下の字が上の字の目的語・補語になっているもの・着火
5-打消・上の字が下の字の意味を打ち消しているもの・非常",1,,"**記号**・**構成のしかた**・**例**
1-類義・同じような意味の漢字を重ねたもの・身体
2-対義・反対または対応の意味を表す字を重ねたもの・左右
3-修飾・上の字が下の字を修飾しているもの・洋画
4-目的・下の字が上の字の目的語・補語になっているもの・着火
5-打消・上の字が下の字の意味を打ち消しているもの・非常",Text
"謙譲
**記号**・**構成のしかた**・**例**
1-類義・同じような意味の漢字を重ねたもの・身体
2-対義・反対または対応の意味を表す字を重ねたもの・左右
3-修飾・上の字が下の字を修飾しているもの・洋画
4-目的・下の字が上の字の目的語・補語になっているもの・着火
5-打消・上の字が下の字の意味を打ち消しているもの・非常",1,,"**記号**・**構成のしかた**・**例**
1-類義・同じような意味の漢字を重ねたもの・身体
2-対義・反対または対応の意味を表す字を重ねたもの・左右
3-修飾・上の字が下の字を修飾しているもの・洋画
4-目的・下の字が上の字の目的語・補語になっているもの・着火
5-打消・上の字が下の字の意味を打ち消しているもの・非常",Text
"幽冥
**記号**・**構成のしかた**・**例**
1-類義・同じような意味の漢字を重ねたもの・身体
2-対義・反対または対応の意味を表す字を重ねたもの・左右
3-修飾・上の字が下の字を修飾しているもの・洋画
4-目的・下の字が上の字の目的語・補語になっているもの・着火
5-打消・上の字が下の字の意味を打ち消しているもの・非常",1,,"**記号**・**構成のしかた**・**例**
1-類義・同じような意味の漢字を重ねたもの・身体
2-対義・反対または対応の意味を表す字を重ねたもの・左右
3-修飾・上の字が下の字を修飾しているもの・洋画
4-目的・下の字が上の字の目的語・補語になっているもの・着火
5-打消・上の字が下の字の意味を打ち消しているもの・非常",Text
"打撲
**記号**・**構成のしかた**・**例**
1-類義・同じような意味の漢字を重ねたもの・身体
2-対義・反対または対応の意味を表す字を重ねたもの・左右
3-修飾・上の字が下の字を修飾しているもの・洋画
4-目的・下の字が上の字の目的語・補語になっているもの・着火
5-打消・上の字が下の字の意味を打ち消しているもの・非常",1,,"**記号**・**構成のしかた**・**例**
1-類義・同じような意味の漢字を重ねたもの・身体
2-対義・反対または対応の意味を表す字を重ねたもの・左右
3-修飾・上の字が下の字を修飾しているもの・洋画
4-目的・下の字が上の字の目的語・補語になっているもの・着火
5-打消・上の字が下の字の意味を打ち消しているもの・非常",Text
"堪忍
**記号**・**構成のしかた**・**例**
1-類義・同じような意味の漢字を重ねたもの・身体
2-対義・反対または対応の意味を表す字を重ねたもの・左右
3-修飾・上の字が下の字を修飾しているもの・洋画
4-目的・下の字が上の字の目的語・補語になっているもの・着火
5-打消・上の字が下の字の意味を打ち消しているもの・非常",1,,"**記号**・**構成のしかた**・**例**
1-類義・同じような意味の漢字を重ねたもの・身体
2-対義・反対または対応の意味を表す字を重ねたもの・左右
3-修飾・上の字が下の字を修飾しているもの・洋画
4-目的・下の字が上の字の目的語・補語になっているもの・着火
5-打消・上の字が下の字の意味を打ち消しているもの・非常",Text
"露顕
**記号**・**構成のしかた**・**例**
1-類義・同じような意味の漢字を重ねたもの・身体
2-対義・反対または対応の意味を表す字を重ねたもの・左右
3-修飾・上の字が下の字を修飾しているもの・洋画
4-目的・下の字が上の字の目的語・補語になっているもの・着火
5-打消・上の字が下の字の意味を打ち消しているもの・非常",1,,"**記号**・**構成のしかた**・**例**
1-類義・同じような意味の漢字を重ねたもの・身体
2-対義・反対または対応の意味を表す字を重ねたもの・左右
3-修飾・上の字が下の字を修飾しているもの・洋画
4-目的・下の字が上の字の目的語・補語になっているもの・着火
5-打消・上の字が下の字の意味を打ち消しているもの・非常",Text
"頑固
**記号**・**構成のしかた**・**例**
1-類義・同じような意味の漢字を重ねたもの・身体
2-対義・反対または対応の意味を表す字を重ねたもの・左右
3-修飾・上の字が下の字を修飾しているもの・洋画
4-目的・下の字が上の字の目的語・補語になっているもの・着火
5-打消・上の字が下の字の意味を打ち消しているもの・非常",1,,"**記号**・**構成のしかた**・**例**
1-類義・同じような意味の漢字を重ねたもの・身体
2-対義・反対または対応の意味を表す字を重ねたもの・左右
3-修飾・上の字が下の字を修飾しているもの・洋画
4-目的・下の字が上の字の目的語・補語になっているもの・着火
5-打消・上の字が下の字の意味を打ち消しているもの・非常",Text
"選択
**記号**・**構成のしかた**・**例**
1-類義・同じような意味の漢字を重ねたもの・身体
2-対義・反対または対応の意味を表す字を重ねたもの・左右
3-修飾・上の字が下の字を修飾しているもの・洋画
4-目的・下の字が上の字の目的語・補語になっているもの・着火
5-打消・上の字が下の字の意味を打ち消しているもの・非常",1,,"**記号**・**構成のしかた**・**例**
1-類義・同じような意味の漢字を重ねたもの・身体
2-対義・反対または対応の意味を表す字を重ねたもの・左右
3-修飾・上の字が下の字を修飾しているもの・洋画
4-目的・下の字が上の字の目的語・補語になっているもの・着火
5-打消・上の字が下の字の意味を打ち消しているもの・非常",Text
"俊英
**記号**・**構成のしかた**・**例**
1-類義・同じような意味の漢字を重ねたもの・身体
2-対義・反対または対応の意味を表す字を重ねたもの・左右
3-修飾・上の字が下の字を修飾しているもの・洋画
4-目的・下の字が上の字の目的語・補語になっているもの・着火
5-打消・上の字が下の字の意味を打ち消しているもの・非常",1,,"**記号**・**構成のしかた**・**例**
1-類義・同じような意味の漢字を重ねたもの・身体
2-対義・反対または対応の意味を表す字を重ねたもの・左右
3-修飾・上の字が下の字を修飾しているもの・洋画
4-目的・下の字が上の字の目的語・補語になっているもの・着火
5-打消・上の字が下の字の意味を打ち消しているもの・非常",Text
"憂患
**記号**・**構成のしかた**・**例**
1-類義・同じような意味の漢字を重ねたもの・身体
2-対義・反対または対応の意味を表す字を重ねたもの・左右
3-修飾・上の字が下の字を修飾しているもの・洋画
4-目的・下の字が上の字の目的語・補語になっているもの・着火
5-打消・上の字が下の字の意味を打ち消しているもの・非常",1,,"**記号**・**構成のしかた**・**例**
1-類義・同じような意味の漢字を重ねたもの・身体
2-対義・反対または対応の意味を表す字を重ねたもの・左右
3-修飾・上の字が下の字を修飾しているもの・洋画
4-目的・下の字が上の字の目的語・補語になっているもの・着火
5-打消・上の字が下の字の意味を打ち消しているもの・非常",Text
"放逐
**記号**・**構成のしかた**・**例**
1-類義・同じような意味の漢字を重ねたもの・身体
2-対義・反対または対応の意味を表す字を重ねたもの・左右
3-修飾・上の字が下の字を修飾しているもの・洋画
4-目的・下の字が上の字の目的語・補語になっているもの・着火
5-打消・上の字が下の字の意味を打ち消しているもの・非常",1,,"**記号**・**構成のしかた**・**例**
1-類義・同じような意味の漢字を重ねたもの・身体
2-対義・反対または対応の意味を表す字を重ねたもの・左右
3-修飾・上の字が下の字を修飾しているもの・洋画
4-目的・下の字が上の字の目的語・補語になっているもの・着火
5-打消・上の字が下の字の意味を打ち消しているもの・非常",Text
"煮沸
**記号**・**構成のしかた**・**例**
1-類義・同じような意味の漢字を重ねたもの・身体
2-対義・反対または対応の意味を表す字を重ねたもの・左右
3-修飾・上の字が下の字を修飾しているもの・洋画
4-目的・下の字が上の字の目的語・補語になっているもの・着火
5-打消・上の字が下の字の意味を打ち消しているもの・非常",1,,"**記号**・**構成のしかた**・**例**
1-類義・同じような意味の漢字を重ねたもの・身体
2-対義・反対または対応の意味を表す字を重ねたもの・左右
3-修飾・上の字が下の字を修飾しているもの・洋画
4-目的・下の字が上の字の目的語・補語になっているもの・着火
5-打消・上の字が下の字の意味を打ち消しているもの・非常",Text
"造幣
**記号**・**構成のしかた**・**例**
1-類義・同じような意味の漢字を重ねたもの・身体
2-対義・反対または対応の意味を表す字を重ねたもの・左右
3-修飾・上の字が下の字を修飾しているもの・洋画
4-目的・下の字が上の字の目的語・補語になっているもの・着火
5-打消・上の字が下の字の意味を打ち消しているもの・非常",4,,"**記号**・**構成のしかた**・**例**
1-類義・同じような意味の漢字を重ねたもの・身体
2-対義・反対または対応の意味を表す字を重ねたもの・左右
3-修飾・上の字が下の字を修飾しているもの・洋画
4-目的・下の字が上の字の目的語・補語になっているもの・着火
5-打消・上の字が下の字の意味を打ち消しているもの・非常",Text
"沖天
**記号**・**構成のしかた**・**例**
1-類義・同じような意味の漢字を重ねたもの・身体
2-対義・反対または対応の意味を表す字を重ねたもの・左右
3-修飾・上の字が下の字を修飾しているもの・洋画
4-目的・下の字が上の字の目的語・補語になっているもの・着火
5-打消・上の字が下の字の意味を打ち消しているもの・非常",4,,"**記号**・**構成のしかた**・**例**
1-類義・同じような意味の漢字を重ねたもの・身体
2-対義・反対または対応の意味を表す字を重ねたもの・左右
3-修飾・上の字が下の字を修飾しているもの・洋画
4-目的・下の字が上の字の目的語・補語になっているもの・着火
5-打消・上の字が下の字の意味を打ち消しているもの・非常",Text
"営巣
**記号**・**構成のしかた**・**例**
1-類義・同じような意味の漢字を重ねたもの・身体
2-対義・反対または対応の意味を表す字を重ねたもの・左右
3-修飾・上の字が下の字を修飾しているもの・洋画
4-目的・下の字が上の字の目的語・補語になっているもの・着火
5-打消・上の字が下の字の意味を打ち消しているもの・非常",4,,"**記号**・**構成のしかた**・**例**
1-類義・同じような意味の漢字を重ねたもの・身体
2-対義・反対または対応の意味を表す字を重ねたもの・左右
3-修飾・上の字が下の字を修飾しているもの・洋画
4-目的・下の字が上の字の目的語・補語になっているもの・着火
5-打消・上の字が下の字の意味を打ち消しているもの・非常",Text
"叙勲
**記号**・**構成のしかた**・**例**
1-類義・同じような意味の漢字を重ねたもの・身体
2-対義・反対または対応の意味を表す字を重ねたもの・左右
3-修飾・上の字が下の字を修飾しているもの・洋画
4-目的・下の字が上の字の目的語・補語になっているもの・着火
5-打消・上の字が下の字の意味を打ち消しているもの・非常",4,,"**記号**・**構成のしかた**・**例**
1-類義・同じような意味の漢字を重ねたもの・身体
2-対義・反対または対応の意味を表す字を重ねたもの・左右
3-修飾・上の字が下の字を修飾しているもの・洋画
4-目的・下の字が上の字の目的語・補語になっているもの・着火
5-打消・上の字が下の字の意味を打ち消しているもの・非常",Text
"押韻
**記号**・**構成のしかた**・**例**
1-類義・同じような意味の漢字を重ねたもの・身体
2-対義・反対または対応の意味を表す字を重ねたもの・左右
3-修飾・上の字が下の字を修飾しているもの・洋画
4-目的・下の字が上の字の目的語・補語になっているもの・着火
5-打消・上の字が下の字の意味を打ち消しているもの・非常",4,,"**記号**・**構成のしかた**・**例**
1-類義・同じような意味の漢字を重ねたもの・身体
2-対義・反対または対応の意味を表す字を重ねたもの・左右
3-修飾・上の字が下の字を修飾しているもの・洋画
4-目的・下の字が上の字の目的語・補語になっているもの・着火
5-打消・上の字が下の字の意味を打ち消しているもの・非常",Text
"砕身
**記号**・**構成のしかた**・**例**
1-類義・同じような意味の漢字を重ねたもの・身体
2-対義・反対または対応の意味を表す字を重ねたもの・左右
3-修飾・上の字が下の字を修飾しているもの・洋画
4-目的・下の字が上の字の目的語・補語になっているもの・着火
5-打消・上の字が下の字の意味を打ち消しているもの・非常",4,,"**記号**・**構成のしかた**・**例**
1-類義・同じような意味の漢字を重ねたもの・身体
2-対義・反対または対応の意味を表す字を重ねたもの・左右
3-修飾・上の字が下の字を修飾しているもの・洋画
4-目的・下の字が上の字の目的語・補語になっているもの・着火
5-打消・上の字が下の字の意味を打ち消しているもの・非常",Text
"惜春
**記号**・**構成のしかた**・**例**
1-類義・同じような意味の漢字を重ねたもの・身体
2-対義・反対または対応の意味を表す字を重ねたもの・左右
3-修飾・上の字が下の字を修飾しているもの・洋画
4-目的・下の字が上の字の目的語・補語になっているもの・着火
5-打消・上の字が下の字の意味を打ち消しているもの・非常",4,,"**記号**・**構成のしかた**・**例**
1-類義・同じような意味の漢字を重ねたもの・身体
2-対義・反対または対応の意味を表す字を重ねたもの・左右
3-修飾・上の字が下の字を修飾しているもの・洋画
4-目的・下の字が上の字の目的語・補語になっているもの・着火
5-打消・上の字が下の字の意味を打ち消しているもの・非常",Text
"棄権
**記号**・**構成のしかた**・**例**
1-類義・同じような意味の漢字を重ねたもの・身体
2-対義・反対または対応の意味を表す字を重ねたもの・左右
3-修飾・上の字が下の字を修飾しているもの・洋画
4-目的・下の字が上の字の目的語・補語になっているもの・着火
5-打消・上の字が下の字の意味を打ち消しているもの・非常",4,,"**記号**・**構成のしかた**・**例**
1-類義・同じような意味の漢字を重ねたもの・身体
2-対義・反対または対応の意味を表す字を重ねたもの・左右
3-修飾・上の字が下の字を修飾しているもの・洋画
4-目的・下の字が上の字の目的語・補語になっているもの・着火
5-打消・上の字が下の字の意味を打ち消しているもの・非常",Text
"失踪
**記号**・**構成のしかた**・**例**
1-類義・同じような意味の漢字を重ねたもの・身体
2-対義・反対または対応の意味を表す字を重ねたもの・左右
3-修飾・上の字が下の字を修飾しているもの・洋画
4-目的・下の字が上の字の目的語・補語になっているもの・着火
5-打消・上の字が下の字の意味を打ち消しているもの・非常",4,,"**記号**・**構成のしかた**・**例**
1-類義・同じような意味の漢字を重ねたもの・身体
2-対義・反対または対応の意味を表す字を重ねたもの・左右
3-修飾・上の字が下の字を修飾しているもの・洋画
4-目的・下の字が上の字の目的語・補語になっているもの・着火
5-打消・上の字が下の字の意味を打ち消しているもの・非常",Text
"養蜂
**記号**・**構成のしかた**・**例**
1-類義・同じような意味の漢字を重ねたもの・身体
2-対義・反対または対応の意味を表す字を重ねたもの・左右
3-修飾・上の字が下の字を修飾しているもの・洋画
4-目的・下の字が上の字の目的語・補語になっているもの・着火
5-打消・上の字が下の字の意味を打ち消しているもの・非常",4,,"**記号**・**構成のしかた**・**例**
1-類義・同じような意味の漢字を重ねたもの・身体
2-対義・反対または対応の意味を表す字を重ねたもの・左右
3-修飾・上の字が下の字を修飾しているもの・洋画
4-目的・下の字が上の字の目的語・補語になっているもの・着火
5-打消・上の字が下の字の意味を打ち消しているもの・非常",Text
"遮光
**記号**・**構成のしかた**・**例**
1-類義・同じような意味の漢字を重ねたもの・身体
2-対義・反対または対応の意味を表す字を重ねたもの・左右
3-修飾・上の字が下の字を修飾しているもの・洋画
4-目的・下の字が上の字の目的語・補語になっているもの・着火
5-打消・上の字が下の字の意味を打ち消しているもの・非常",4,,"**記号**・**構成のしかた**・**例**
1-類義・同じような意味の漢字を重ねたもの・身体
2-対義・反対または対応の意味を表す字を重ねたもの・左右
3-修飾・上の字が下の字を修飾しているもの・洋画
4-目的・下の字が上の字の目的語・補語になっているもの・着火
5-打消・上の字が下の字の意味を打ち消しているもの・非常",Text
"挑戦
**記号**・**構成のしかた**・**例**
1-類義・同じような意味の漢字を重ねたもの・身体
2-対義・反対または対応の意味を表す字を重ねたもの・左右
3-修飾・上の字が下の字を修飾しているもの・洋画
4-目的・下の字が上の字の目的語・補語になっているもの・着火
5-打消・上の字が下の字の意味を打ち消しているもの・非常",4,,"**記号**・**構成のしかた**・**例**
1-類義・同じような意味の漢字を重ねたもの・身体
2-対義・反対または対応の意味を表す字を重ねたもの・左右
3-修飾・上の字が下の字を修飾しているもの・洋画
4-目的・下の字が上の字の目的語・補語になっているもの・着火
5-打消・上の字が下の字の意味を打ち消しているもの・非常",Text
"出廷
**記号**・**構成のしかた**・**例**
1-類義・同じような意味の漢字を重ねたもの・身体
2-対義・反対または対応の意味を表す字を重ねたもの・左右
3-修飾・上の字が下の字を修飾しているもの・洋画
4-目的・下の字が上の字の目的語・補語になっているもの・着火
5-打消・上の字が下の字の意味を打ち消しているもの・非常",4,,"**記号**・**構成のしかた**・**例**
1-類義・同じような意味の漢字を重ねたもの・身体
2-対義・反対または対応の意味を表す字を重ねたもの・左右
3-修飾・上の字が下の字を修飾しているもの・洋画
4-目的・下の字が上の字の目的語・補語になっているもの・着火
5-打消・上の字が下の字の意味を打ち消しているもの・非常",Text
"懸念
**記号**・**構成のしかた**・**例**
1-類義・同じような意味の漢字を重ねたもの・身体
2-対義・反対または対応の意味を表す字を重ねたもの・左右
3-修飾・上の字が下の字を修飾しているもの・洋画
4-目的・下の字が上の字の目的語・補語になっているもの・着火
5-打消・上の字が下の字の意味を打ち消しているもの・非常",4,,"**記号**・**構成のしかた**・**例**
1-類義・同じような意味の漢字を重ねたもの・身体
2-対義・反対または対応の意味を表す字を重ねたもの・左右
3-修飾・上の字が下の字を修飾しているもの・洋画
4-目的・下の字が上の字の目的語・補語になっているもの・着火
5-打消・上の字が下の字の意味を打ち消しているもの・非常",Text
"宣誓
**記号**・**構成のしかた**・**例**
1-類義・同じような意味の漢字を重ねたもの・身体
2-対義・反対または対応の意味を表す字を重ねたもの・左右
3-修飾・上の字が下の字を修飾しているもの・洋画
4-目的・下の字が上の字の目的語・補語になっているもの・着火
5-打消・上の字が下の字の意味を打ち消しているもの・非常",4,,"**記号**・**構成のしかた**・**例**
1-類義・同じような意味の漢字を重ねたもの・身体
2-対義・反対または対応の意味を表す字を重ねたもの・左右
3-修飾・上の字が下の字を修飾しているもの・洋画
4-目的・下の字が上の字の目的語・補語になっているもの・着火
5-打消・上の字が下の字の意味を打ち消しているもの・非常",Text
"耐震
**記号**・**構成のしかた**・**例**
1-類義・同じような意味の漢字を重ねたもの・身体
2-対義・反対または対応の意味を表す字を重ねたもの・左右
3-修飾・上の字が下の字を修飾しているもの・洋画
4-目的・下の字が上の字の目的語・補語になっているもの・着火
5-打消・上の字が下の字の意味を打ち消しているもの・非常",4,,"**記号**・**構成のしかた**・**例**
1-類義・同じような意味の漢字を重ねたもの・身体
2-対義・反対または対応の意味を表す字を重ねたもの・左右
3-修飾・上の字が下の字を修飾しているもの・洋画
4-目的・下の字が上の字の目的語・補語になっているもの・着火
5-打消・上の字が下の字の意味を打ち消しているもの・非常",Text
"噴火
**記号**・**構成のしかた**・**例**
1-類義・同じような意味の漢字を重ねたもの・身体
2-対義・反対または対応の意味を表す字を重ねたもの・左右
3-修飾・上の字が下の字を修飾しているもの・洋画
4-目的・下の字が上の字の目的語・補語になっているもの・着火
5-打消・上の字が下の字の意味を打ち消しているもの・非常",4,,"**記号**・**構成のしかた**・**例**
1-類義・同じような意味の漢字を重ねたもの・身体
2-対義・反対または対応の意味を表す字を重ねたもの・左右
3-修飾・上の字が下の字を修飾しているもの・洋画
4-目的・下の字が上の字の目的語・補語になっているもの・着火
5-打消・上の字が下の字の意味を打ち消しているもの・非常",Text
"殉職
**記号**・**構成のしかた**・**例**
1-類義・同じような意味の漢字を重ねたもの・身体
2-対義・反対または対応の意味を表す字を重ねたもの・左右
3-修飾・上の字が下の字を修飾しているもの・洋画
4-目的・下の字が上の字の目的語・補語になっているもの・着火
5-打消・上の字が下の字の意味を打ち消しているもの・非常",4,,"**記号**・**構成のしかた**・**例**
1-類義・同じような意味の漢字を重ねたもの・身体
2-対義・反対または対応の意味を表す字を重ねたもの・左右
3-修飾・上の字が下の字を修飾しているもの・洋画
4-目的・下の字が上の字の目的語・補語になっているもの・着火
5-打消・上の字が下の字の意味を打ち消しているもの・非常",Text
"殺菌
**記号**・**構成のしかた**・**例**
1-類義・同じような意味の漢字を重ねたもの・身体
2-対義・反対または対応の意味を表す字を重ねたもの・左右
3-修飾・上の字が下の字を修飾しているもの・洋画
4-目的・下の字が上の字の目的語・補語になっているもの・着火
5-打消・上の字が下の字の意味を打ち消しているもの・非常",4,,"**記号**・**構成のしかた**・**例**
1-類義・同じような意味の漢字を重ねたもの・身体
2-対義・反対または対応の意味を表す字を重ねたもの・左右
3-修飾・上の字が下の字を修飾しているもの・洋画
4-目的・下の字が上の字の目的語・補語になっているもの・着火
5-打消・上の字が下の字の意味を打ち消しているもの・非常",Text
"赴任
**記号**・**構成のしかた**・**例**
1-類義・同じような意味の漢字を重ねたもの・身体
2-対義・反対または対応の意味を表す字を重ねたもの・左右
3-修飾・上の字が下の字を修飾しているもの・洋画
4-目的・下の字が上の字の目的語・補語になっているもの・着火
5-打消・上の字が下の字の意味を打ち消しているもの・非常",4,,"**記号**・**構成のしかた**・**例**
1-類義・同じような意味の漢字を重ねたもの・身体
2-対義・反対または対応の意味を表す字を重ねたもの・左右
3-修飾・上の字が下の字を修飾しているもの・洋画
4-目的・下の字が上の字の目的語・補語になっているもの・着火
5-打消・上の字が下の字の意味を打ち消しているもの・非常",Text
"免租
**記号**・**構成のしかた**・**例**
1-類義・同じような意味の漢字を重ねたもの・身体
2-対義・反対または対応の意味を表す字を重ねたもの・左右
3-修飾・上の字が下の字を修飾しているもの・洋画
4-目的・下の字が上の字の目的語・補語になっているもの・着火
5-打消・上の字が下の字の意味を打ち消しているもの・非常",4,,"**記号**・**構成のしかた**・**例**
1-類義・同じような意味の漢字を重ねたもの・身体
2-対義・反対または対応の意味を表す字を重ねたもの・左右
3-修飾・上の字が下の字を修飾しているもの・洋画
4-目的・下の字が上の字の目的語・補語になっているもの・着火
5-打消・上の字が下の字の意味を打ち消しているもの・非常",Text
"匿名
**記号**・**構成のしかた**・**例**
1-類義・同じような意味の漢字を重ねたもの・身体
2-対義・反対または対応の意味を表す字を重ねたもの・左右
3-修飾・上の字が下の字を修飾しているもの・洋画
4-目的・下の字が上の字の目的語・補語になっているもの・着火
5-打消・上の字が下の字の意味を打ち消しているもの・非常",4,,"**記号**・**構成のしかた**・**例**
1-類義・同じような意味の漢字を重ねたもの・身体
2-対義・反対または対応の意味を表す字を重ねたもの・左右
3-修飾・上の字が下の字を修飾しているもの・洋画
4-目的・下の字が上の字の目的語・補語になっているもの・着火
5-打消・上の字が下の字の意味を打ち消しているもの・非常",Text
"蹴球
**記号**・**構成のしかた**・**例**
1-類義・同じような意味の漢字を重ねたもの・身体
2-対義・反対または対応の意味を表す字を重ねたもの・左右
3-修飾・上の字が下の字を修飾しているもの・洋画
4-目的・下の字が上の字の目的語・補語になっているもの・着火
5-打消・上の字が下の字の意味を打ち消しているもの・非常",4,,"**記号**・**構成のしかた**・**例**
1-類義・同じような意味の漢字を重ねたもの・身体
2-対義・反対または対応の意味を表す字を重ねたもの・左右
3-修飾・上の字が下の字を修飾しているもの・洋画
4-目的・下の字が上の字の目的語・補語になっているもの・着火
5-打消・上の字が下の字の意味を打ち消しているもの・非常",Text
"撮影
**記号**・**構成のしかた**・**例**
1-類義・同じような意味の漢字を重ねたもの・身体
2-対義・反対または対応の意味を表す字を重ねたもの・左右
3-修飾・上の字が下の字を修飾しているもの・洋画
4-目的・下の字が上の字の目的語・補語になっているもの・着火
5-打消・上の字が下の字の意味を打ち消しているもの・非常",4,,"**記号**・**構成のしかた**・**例**
1-類義・同じような意味の漢字を重ねたもの・身体
2-対義・反対または対応の意味を表す字を重ねたもの・左右
3-修飾・上の字が下の字を修飾しているもの・洋画
4-目的・下の字が上の字の目的語・補語になっているもの・着火
5-打消・上の字が下の字の意味を打ち消しているもの・非常",Text
"座礁
**記号**・**構成のしかた**・**例**
1-類義・同じような意味の漢字を重ねたもの・身体
2-対義・反対または対応の意味を表す字を重ねたもの・左右
3-修飾・上の字が下の字を修飾しているもの・洋画
4-目的・下の字が上の字の目的語・補語になっているもの・着火
5-打消・上の字が下の字の意味を打ち消しているもの・非常",4,,"**記号**・**構成のしかた**・**例**
1-類義・同じような意味の漢字を重ねたもの・身体
2-対義・反対または対応の意味を表す字を重ねたもの・左右
3-修飾・上の字が下の字を修飾しているもの・洋画
4-目的・下の字が上の字の目的語・補語になっているもの・着火
5-打消・上の字が下の字の意味を打ち消しているもの・非常",Text
"遷都
**記号**・**構成のしかた**・**例**
1-類義・同じような意味の漢字を重ねたもの・身体
2-対義・反対または対応の意味を表す字を重ねたもの・左右
3-修飾・上の字が下の字を修飾しているもの・洋画
4-目的・下の字が上の字の目的語・補語になっているもの・着火
5-打消・上の字が下の字の意味を打ち消しているもの・非常",4,,"**記号**・**構成のしかた**・**例**
1-類義・同じような意味の漢字を重ねたもの・身体
2-対義・反対または対応の意味を表す字を重ねたもの・左右
3-修飾・上の字が下の字を修飾しているもの・洋画
4-目的・下の字が上の字の目的語・補語になっているもの・着火
5-打消・上の字が下の字の意味を打ち消しているもの・非常",Text
"上棟
**記号**・**構成のしかた**・**例**
1-類義・同じような意味の漢字を重ねたもの・身体
2-対義・反対または対応の意味を表す字を重ねたもの・左右
3-修飾・上の字が下の字を修飾しているもの・洋画
4-目的・下の字が上の字の目的語・補語になっているもの・着火
5-打消・上の字が下の字の意味を打ち消しているもの・非常",4,,"**記号**・**構成のしかた**・**例**
1-類義・同じような意味の漢字を重ねたもの・身体
2-対義・反対または対応の意味を表す字を重ねたもの・左右
3-修飾・上の字が下の字を修飾しているもの・洋画
4-目的・下の字が上の字の目的語・補語になっているもの・着火
5-打消・上の字が下の字の意味を打ち消しているもの・非常",Text
"折衷
**記号**・**構成のしかた**・**例**
1-類義・同じような意味の漢字を重ねたもの・身体
2-対義・反対または対応の意味を表す字を重ねたもの・左右
3-修飾・上の字が下の字を修飾しているもの・洋画
4-目的・下の字が上の字の目的語・補語になっているもの・着火
5-打消・上の字が下の字の意味を打ち消しているもの・非常",4,,"**記号**・**構成のしかた**・**例**
1-類義・同じような意味の漢字を重ねたもの・身体
2-対義・反対または対応の意味を表す字を重ねたもの・左右
3-修飾・上の字が下の字を修飾しているもの・洋画
4-目的・下の字が上の字の目的語・補語になっているもの・着火
5-打消・上の字が下の字の意味を打ち消しているもの・非常",Text
"徹夜
**記号**・**構成のしかた**・**例**
1-類義・同じような意味の漢字を重ねたもの・身体
2-対義・反対または対応の意味を表す字を重ねたもの・左右
3-修飾・上の字が下の字を修飾しているもの・洋画
4-目的・下の字が上の字の目的語・補語になっているもの・着火
5-打消・上の字が下の字の意味を打ち消しているもの・非常",4,,"**記号**・**構成のしかた**・**例**
1-類義・同じような意味の漢字を重ねたもの・身体
2-対義・反対または対応の意味を表す字を重ねたもの・左右
3-修飾・上の字が下の字を修飾しているもの・洋画
4-目的・下の字が上の字の目的語・補語になっているもの・着火
5-打消・上の字が下の字の意味を打ち消しているもの・非常",Text
"嫌煙
**記号**・**構成のしかた**・**例**
1-類義・同じような意味の漢字を重ねたもの・身体
2-対義・反対または対応の意味を表す字を重ねたもの・左右
3-修飾・上の字が下の字を修飾しているもの・洋画
4-目的・下の字が上の字の目的語・補語になっているもの・着火
5-打消・上の字が下の字の意味を打ち消しているもの・非常",4,,"**記号**・**構成のしかた**・**例**
1-類義・同じような意味の漢字を重ねたもの・身体
2-対義・反対または対応の意味を表す字を重ねたもの・左右
3-修飾・上の字が下の字を修飾しているもの・洋画
4-目的・下の字が上の字の目的語・補語になっているもの・着火
5-打消・上の字が下の字の意味を打ち消しているもの・非常",Text
"製靴
**記号**・**構成のしかた**・**例**
1-類義・同じような意味の漢字を重ねたもの・身体
2-対義・反対または対応の意味を表す字を重ねたもの・左右
3-修飾・上の字が下の字を修飾しているもの・洋画
4-目的・下の字が上の字の目的語・補語になっているもの・着火
5-打消・上の字が下の字の意味を打ち消しているもの・非常",4,,"**記号**・**構成のしかた**・**例**
1-類義・同じような意味の漢字を重ねたもの・身体
2-対義・反対または対応の意味を表す字を重ねたもの・左右
3-修飾・上の字が下の字を修飾しているもの・洋画
4-目的・下の字が上の字の目的語・補語になっているもの・着火
5-打消・上の字が下の字の意味を打ち消しているもの・非常",Text
"登壇
**記号**・**構成のしかた**・**例**
1-類義・同じような意味の漢字を重ねたもの・身体
2-対義・反対または対応の意味を表す字を重ねたもの・左右
3-修飾・上の字が下の字を修飾しているもの・洋画
4-目的・下の字が上の字の目的語・補語になっているもの・着火
5-打消・上の字が下の字の意味を打ち消しているもの・非常",4,,"**記号**・**構成のしかた**・**例**
1-類義・同じような意味の漢字を重ねたもの・身体
2-対義・反対または対応の意味を表す字を重ねたもの・左右
3-修飾・上の字が下の字を修飾しているもの・洋画
4-目的・下の字が上の字の目的語・補語になっているもの・着火
5-打消・上の字が下の字の意味を打ち消しているもの・非常",Text
"昇段
**記号**・**構成のしかた**・**例**
1-類義・同じような意味の漢字を重ねたもの・身体
2-対義・反対または対応の意味を表す字を重ねたもの・左右
3-修飾・上の字が下の字を修飾しているもの・洋画
4-目的・下の字が上の字の目的語・補語になっているもの・着火
5-打消・上の字が下の字の意味を打ち消しているもの・非常",4,,"**記号**・**構成のしかた**・**例**
1-類義・同じような意味の漢字を重ねたもの・身体
2-対義・反対または対応の意味を表す字を重ねたもの・左右
3-修飾・上の字が下の字を修飾しているもの・洋画
4-目的・下の字が上の字の目的語・補語になっているもの・着火
5-打消・上の字が下の字の意味を打ち消しているもの・非常",Text
"徹宵
**記号**・**構成のしかた**・**例**
1-類義・同じような意味の漢字を重ねたもの・身体
2-対義・反対または対応の意味を表す字を重ねたもの・左右
3-修飾・上の字が下の字を修飾しているもの・洋画
4-目的・下の字が上の字の目的語・補語になっているもの・着火
5-打消・上の字が下の字の意味を打ち消しているもの・非常",4,,"**記号**・**構成のしかた**・**例**
1-類義・同じような意味の漢字を重ねたもの・身体
2-対義・反対または対応の意味を表す字を重ねたもの・左右
3-修飾・上の字が下の字を修飾しているもの・洋画
4-目的・下の字が上の字の目的語・補語になっているもの・着火
5-打消・上の字が下の字の意味を打ち消しているもの・非常",Text
"離礁
**記号**・**構成のしかた**・**例**
1-類義・同じような意味の漢字を重ねたもの・身体
2-対義・反対または対応の意味を表す字を重ねたもの・左右
3-修飾・上の字が下の字を修飾しているもの・洋画
4-目的・下の字が上の字の目的語・補語になっているもの・着火
5-打消・上の字が下の字の意味を打ち消しているもの・非常",4,,"**記号**・**構成のしかた**・**例**
1-類義・同じような意味の漢字を重ねたもの・身体
2-対義・反対または対応の意味を表す字を重ねたもの・左右
3-修飾・上の字が下の字を修飾しているもの・洋画
4-目的・下の字が上の字の目的語・補語になっているもの・着火
5-打消・上の字が下の字の意味を打ち消しているもの・非常",Text
"献杯
**記号**・**構成のしかた**・**例**
1-類義・同じような意味の漢字を重ねたもの・身体
2-対義・反対または対応の意味を表す字を重ねたもの・左右
3-修飾・上の字が下の字を修飾しているもの・洋画
4-目的・下の字が上の字の目的語・補語になっているもの・着火
5-打消・上の字が下の字の意味を打ち消しているもの・非常",4,,"**記号**・**構成のしかた**・**例**
1-類義・同じような意味の漢字を重ねたもの・身体
2-対義・反対または対応の意味を表す字を重ねたもの・左右
3-修飾・上の字が下の字を修飾しているもの・洋画
4-目的・下の字が上の字の目的語・補語になっているもの・着火
5-打消・上の字が下の字の意味を打ち消しているもの・非常",Text
"遮音
**記号**・**構成のしかた**・**例**
1-類義・同じような意味の漢字を重ねたもの・身体
2-対義・反対または対応の意味を表す字を重ねたもの・左右
3-修飾・上の字が下の字を修飾しているもの・洋画
4-目的・下の字が上の字の目的語・補語になっているもの・着火
5-打消・上の字が下の字の意味を打ち消しているもの・非常",4,,"**記号**・**構成のしかた**・**例**
1-類義・同じような意味の漢字を重ねたもの・身体
2-対義・反対または対応の意味を表す字を重ねたもの・左右
3-修飾・上の字が下の字を修飾しているもの・洋画
4-目的・下の字が上の字の目的語・補語になっているもの・着火
5-打消・上の字が下の字の意味を打ち消しているもの・非常",Text
"免疫
**記号**・**構成のしかた**・**例**
1-類義・同じような意味の漢字を重ねたもの・身体
2-対義・反対または対応の意味を表す字を重ねたもの・左右
3-修飾・上の字が下の字を修飾しているもの・洋画
4-目的・下の字が上の字の目的語・補語になっているもの・着火
5-打消・上の字が下の字の意味を打ち消しているもの・非常",4,,"**記号**・**構成のしかた**・**例**
1-類義・同じような意味の漢字を重ねたもの・身体
2-対義・反対または対応の意味を表す字を重ねたもの・左右
3-修飾・上の字が下の字を修飾しているもの・洋画
4-目的・下の字が上の字の目的語・補語になっているもの・着火
5-打消・上の字が下の字の意味を打ち消しているもの・非常",Text
"廃艦
**記号**・**構成のしかた**・**例**
1-類義・同じような意味の漢字を重ねたもの・身体
2-対義・反対または対応の意味を表す字を重ねたもの・左右
3-修飾・上の字が下の字を修飾しているもの・洋画
4-目的・下の字が上の字の目的語・補語になっているもの・着火
5-打消・上の字が下の字の意味を打ち消しているもの・非常",4,,"**記号**・**構成のしかた**・**例**
1-類義・同じような意味の漢字を重ねたもの・身体
2-対義・反対または対応の意味を表す字を重ねたもの・左右
3-修飾・上の字が下の字を修飾しているもの・洋画
4-目的・下の字が上の字の目的語・補語になっているもの・着火
5-打消・上の字が下の字の意味を打ち消しているもの・非常",Text
"納棺
**記号**・**構成のしかた**・**例**
1-類義・同じような意味の漢字を重ねたもの・身体
2-対義・反対または対応の意味を表す字を重ねたもの・左右
3-修飾・上の字が下の字を修飾しているもの・洋画
4-目的・下の字が上の字の目的語・補語になっているもの・着火
5-打消・上の字が下の字の意味を打ち消しているもの・非常",4,,"**記号**・**構成のしかた**・**例**
1-類義・同じような意味の漢字を重ねたもの・身体
2-対義・反対または対応の意味を表す字を重ねたもの・左右
3-修飾・上の字が下の字を修飾しているもの・洋画
4-目的・下の字が上の字の目的語・補語になっているもの・着火
5-打消・上の字が下の字の意味を打ち消しているもの・非常",Text
"陳情
**記号**・**構成のしかた**・**例**
1-類義・同じような意味の漢字を重ねたもの・身体
2-対義・反対または対応の意味を表す字を重ねたもの・左右
3-修飾・上の字が下の字を修飾しているもの・洋画
4-目的・下の字が上の字の目的語・補語になっているもの・着火
5-打消・上の字が下の字の意味を打ち消しているもの・非常",4,,"**記号**・**構成のしかた**・**例**
1-類義・同じような意味の漢字を重ねたもの・身体
2-対義・反対または対応の意味を表す字を重ねたもの・左右
3-修飾・上の字が下の字を修飾しているもの・洋画
4-目的・下の字が上の字の目的語・補語になっているもの・着火
5-打消・上の字が下の字の意味を打ち消しているもの・非常",Text
"検疫
**記号**・**構成のしかた**・**例**
1-類義・同じような意味の漢字を重ねたもの・身体
2-対義・反対または対応の意味を表す字を重ねたもの・左右
3-修飾・上の字が下の字を修飾しているもの・洋画
4-目的・下の字が上の字の目的語・補語になっているもの・着火
5-打消・上の字が下の字の意味を打ち消しているもの・非常",4,,"**記号**・**構成のしかた**・**例**
1-類義・同じような意味の漢字を重ねたもの・身体
2-対義・反対または対応の意味を表す字を重ねたもの・左右
3-修飾・上の字が下の字を修飾しているもの・洋画
4-目的・下の字が上の字の目的語・補語になっているもの・着火
5-打消・上の字が下の字の意味を打ち消しているもの・非常",Text
"稽古
**記号**・**構成のしかた**・**例**
1-類義・同じような意味の漢字を重ねたもの・身体
2-対義・反対または対応の意味を表す字を重ねたもの・左右
3-修飾・上の字が下の字を修飾しているもの・洋画
4-目的・下の字が上の字の目的語・補語になっているもの・着火
5-打消・上の字が下の字の意味を打ち消しているもの・非常",4,,"**記号**・**構成のしかた**・**例**
1-類義・同じような意味の漢字を重ねたもの・身体
2-対義・反対または対応の意味を表す字を重ねたもの・左右
3-修飾・上の字が下の字を修飾しているもの・洋画
4-目的・下の字が上の字の目的語・補語になっているもの・着火
5-打消・上の字が下の字の意味を打ち消しているもの・非常",Text
"盗塁
**記号**・**構成のしかた**・**例**
1-類義・同じような意味の漢字を重ねたもの・身体
2-対義・反対または対応の意味を表す字を重ねたもの・左右
3-修飾・上の字が下の字を修飾しているもの・洋画
4-目的・下の字が上の字の目的語・補語になっているもの・着火
5-打消・上の字が下の字の意味を打ち消しているもの・非常",4,,"**記号**・**構成のしかた**・**例**
1-類義・同じような意味の漢字を重ねたもの・身体
2-対義・反対または対応の意味を表す字を重ねたもの・左右
3-修飾・上の字が下の字を修飾しているもの・洋画
4-目的・下の字が上の字の目的語・補語になっているもの・着火
5-打消・上の字が下の字の意味を打ち消しているもの・非常",Text
"殉教
**記号**・**構成のしかた**・**例**
1-類義・同じような意味の漢字を重ねたもの・身体
2-対義・反対または対応の意味を表す字を重ねたもの・左右
3-修飾・上の字が下の字を修飾しているもの・洋画
4-目的・下の字が上の字の目的語・補語になっているもの・着火
5-打消・上の字が下の字の意味を打ち消しているもの・非常",4,,"**記号**・**構成のしかた**・**例**
1-類義・同じような意味の漢字を重ねたもの・身体
2-対義・反対または対応の意味を表す字を重ねたもの・左右
3-修飾・上の字が下の字を修飾しているもの・洋画
4-目的・下の字が上の字の目的語・補語になっているもの・着火
5-打消・上の字が下の字の意味を打ち消しているもの・非常",Text
"叙情
**記号**・**構成のしかた**・**例**
1-類義・同じような意味の漢字を重ねたもの・身体
2-対義・反対または対応の意味を表す字を重ねたもの・左右
3-修飾・上の字が下の字を修飾しているもの・洋画
4-目的・下の字が上の字の目的語・補語になっているもの・着火
5-打消・上の字が下の字の意味を打ち消しているもの・非常",4,,"**記号**・**構成のしかた**・**例**
1-類義・同じような意味の漢字を重ねたもの・身体
2-対義・反対または対応の意味を表す字を重ねたもの・左右
3-修飾・上の字が下の字を修飾しているもの・洋画
4-目的・下の字が上の字の目的語・補語になっているもの・着火
5-打消・上の字が下の字の意味を打ち消しているもの・非常",Text
"振鈴
**記号**・**構成のしかた**・**例**
1-類義・同じような意味の漢字を重ねたもの・身体
2-対義・反対または対応の意味を表す字を重ねたもの・左右
3-修飾・上の字が下の字を修飾しているもの・洋画
4-目的・下の字が上の字の目的語・補語になっているもの・着火
5-打消・上の字が下の字の意味を打ち消しているもの・非常",4,,"**記号**・**構成のしかた**・**例**
1-類義・同じような意味の漢字を重ねたもの・身体
2-対義・反対または対応の意味を表す字を重ねたもの・左右
3-修飾・上の字が下の字を修飾しているもの・洋画
4-目的・下の字が上の字の目的語・補語になっているもの・着火
5-打消・上の字が下の字の意味を打ち消しているもの・非常",Text
"払底
**記号**・**構成のしかた**・**例**
1-類義・同じような意味の漢字を重ねたもの・身体
2-対義・反対または対応の意味を表す字を重ねたもの・左右
3-修飾・上の字が下の字を修飾しているもの・洋画
4-目的・下の字が上の字の目的語・補語になっているもの・着火
5-打消・上の字が下の字の意味を打ち消しているもの・非常",4,,"**記号**・**構成のしかた**・**例**
1-類義・同じような意味の漢字を重ねたもの・身体
2-対義・反対または対応の意味を表す字を重ねたもの・左右
3-修飾・上の字が下の字を修飾しているもの・洋画
4-目的・下の字が上の字の目的語・補語になっているもの・着火
5-打消・上の字が下の字の意味を打ち消しているもの・非常",Text
"懐古
**記号**・**構成のしかた**・**例**
1-類義・同じような意味の漢字を重ねたもの・身体
2-対義・反対または対応の意味を表す字を重ねたもの・左右
3-修飾・上の字が下の字を修飾しているもの・洋画
4-目的・下の字が上の字の目的語・補語になっているもの・着火
5-打消・上の字が下の字の意味を打ち消しているもの・非常",4,,"**記号**・**構成のしかた**・**例**
1-類義・同じような意味の漢字を重ねたもの・身体
2-対義・反対または対応の意味を表す字を重ねたもの・左右
3-修飾・上の字が下の字を修飾しているもの・洋画
4-目的・下の字が上の字の目的語・補語になっているもの・着火
5-打消・上の字が下の字の意味を打ち消しているもの・非常",Text
"応募
**記号**・**構成のしかた**・**例**
1-類義・同じような意味の漢字を重ねたもの・身体
2-対義・反対または対応の意味を表す字を重ねたもの・左右
3-修飾・上の字が下の字を修飾しているもの・洋画
4-目的・下の字が上の字の目的語・補語になっているもの・着火
5-打消・上の字が下の字の意味を打ち消しているもの・非常",4,,"**記号**・**構成のしかた**・**例**
1-類義・同じような意味の漢字を重ねたもの・身体
2-対義・反対または対応の意味を表す字を重ねたもの・左右
3-修飾・上の字が下の字を修飾しているもの・洋画
4-目的・下の字が上の字の目的語・補語になっているもの・着火
5-打消・上の字が下の字の意味を打ち消しているもの・非常",Text
"解雇
**記号**・**構成のしかた**・**例**
1-類義・同じような意味の漢字を重ねたもの・身体
2-対義・反対または対応の意味を表す字を重ねたもの・左右
3-修飾・上の字が下の字を修飾しているもの・洋画
4-目的・下の字が上の字の目的語・補語になっているもの・着火
5-打消・上の字が下の字の意味を打ち消しているもの・非常",4,,"**記号**・**構成のしかた**・**例**
1-類義・同じような意味の漢字を重ねたもの・身体
2-対義・反対または対応の意味を表す字を重ねたもの・左右
3-修飾・上の字が下の字を修飾しているもの・洋画
4-目的・下の字が上の字の目的語・補語になっているもの・着火
5-打消・上の字が下の字の意味を打ち消しているもの・非常",Text
"含羞
**記号**・**構成のしかた**・**例**
1-類義・同じような意味の漢字を重ねたもの・身体
2-対義・反対または対応の意味を表す字を重ねたもの・左右
3-修飾・上の字が下の字を修飾しているもの・洋画
4-目的・下の字が上の字の目的語・補語になっているもの・着火
5-打消・上の字が下の字の意味を打ち消しているもの・非常",4,,"**記号**・**構成のしかた**・**例**
1-類義・同じような意味の漢字を重ねたもの・身体
2-対義・反対または対応の意味を表す字を重ねたもの・左右
3-修飾・上の字が下の字を修飾しているもの・洋画
4-目的・下の字が上の字の目的語・補語になっているもの・着火
5-打消・上の字が下の字の意味を打ち消しているもの・非常",Text
"収賄
**記号**・**構成のしかた**・**例**
1-類義・同じような意味の漢字を重ねたもの・身体
2-対義・反対または対応の意味を表す字を重ねたもの・左右
3-修飾・上の字が下の字を修飾しているもの・洋画
4-目的・下の字が上の字の目的語・補語になっているもの・着火
5-打消・上の字が下の字の意味を打ち消しているもの・非常",4,,"**記号**・**構成のしかた**・**例**
1-類義・同じような意味の漢字を重ねたもの・身体
2-対義・反対または対応の意味を表す字を重ねたもの・左右
3-修飾・上の字が下の字を修飾しているもの・洋画
4-目的・下の字が上の字の目的語・補語になっているもの・着火
5-打消・上の字が下の字の意味を打ち消しているもの・非常",Text
"遭難
**記号**・**構成のしかた**・**例**
1-類義・同じような意味の漢字を重ねたもの・身体
2-対義・反対または対応の意味を表す字を重ねたもの・左右
3-修飾・上の字が下の字を修飾しているもの・洋画
4-目的・下の字が上の字の目的語・補語になっているもの・着火
5-打消・上の字が下の字の意味を打ち消しているもの・非常",4,,"**記号**・**構成のしかた**・**例**
1-類義・同じような意味の漢字を重ねたもの・身体
2-対義・反対または対応の意味を表す字を重ねたもの・左右
3-修飾・上の字が下の字を修飾しているもの・洋画
4-目的・下の字が上の字の目的語・補語になっているもの・着火
5-打消・上の字が下の字の意味を打ち消しているもの・非常",Text
"滅菌
**記号**・**構成のしかた**・**例**
1-類義・同じような意味の漢字を重ねたもの・身体
2-対義・反対または対応の意味を表す字を重ねたもの・左右
3-修飾・上の字が下の字を修飾しているもの・洋画
4-目的・下の字が上の字の目的語・補語になっているもの・着火
5-打消・上の字が下の字の意味を打ち消しているもの・非常",4,,"**記号**・**構成のしかた**・**例**
1-類義・同じような意味の漢字を重ねたもの・身体
2-対義・反対または対応の意味を表す字を重ねたもの・左右
3-修飾・上の字が下の字を修飾しているもの・洋画
4-目的・下の字が上の字の目的語・補語になっているもの・着火
5-打消・上の字が下の字の意味を打ち消しているもの・非常",Text
"諭旨
**記号**・**構成のしかた**・**例**
1-類義・同じような意味の漢字を重ねたもの・身体
2-対義・反対または対応の意味を表す字を重ねたもの・左右
3-修飾・上の字が下の字を修飾しているもの・洋画
4-目的・下の字が上の字の目的語・補語になっているもの・着火
5-打消・上の字が下の字の意味を打ち消しているもの・非常",4,,"**記号**・**構成のしかた**・**例**
1-類義・同じような意味の漢字を重ねたもの・身体
2-対義・反対または対応の意味を表す字を重ねたもの・左右
3-修飾・上の字が下の字を修飾しているもの・洋画
4-目的・下の字が上の字の目的語・補語になっているもの・着火
5-打消・上の字が下の字の意味を打ち消しているもの・非常",Text
"提訴
**記号**・**構成のしかた**・**例**
1-類義・同じような意味の漢字を重ねたもの・身体
2-対義・反対または対応の意味を表す字を重ねたもの・左右
3-修飾・上の字が下の字を修飾しているもの・洋画
4-目的・下の字が上の字の目的語・補語になっているもの・着火
5-打消・上の字が下の字の意味を打ち消しているもの・非常",4,,"**記号**・**構成のしかた**・**例**
1-類義・同じような意味の漢字を重ねたもの・身体
2-対義・反対または対応の意味を表す字を重ねたもの・左右
3-修飾・上の字が下の字を修飾しているもの・洋画
4-目的・下の字が上の字の目的語・補語になっているもの・着火
5-打消・上の字が下の字の意味を打ち消しているもの・非常",Text
"遡源
**記号**・**構成のしかた**・**例**
1-類義・同じような意味の漢字を重ねたもの・身体
2-対義・反対または対応の意味を表す字を重ねたもの・左右
3-修飾・上の字が下の字を修飾しているもの・洋画
4-目的・下の字が上の字の目的語・補語になっているもの・着火
5-打消・上の字が下の字の意味を打ち消しているもの・非常",4,,"**記号**・**構成のしかた**・**例**
1-類義・同じような意味の漢字を重ねたもの・身体
2-対義・反対または対応の意味を表す字を重ねたもの・左右
3-修飾・上の字が下の字を修飾しているもの・洋画
4-目的・下の字が上の字の目的語・補語になっているもの・着火
5-打消・上の字が下の字の意味を打ち消しているもの・非常",Text
"除湿
**記号**・**構成のしかた**・**例**
1-類義・同じような意味の漢字を重ねたもの・身体
2-対義・反対または対応の意味を表す字を重ねたもの・左右
3-修飾・上の字が下の字を修飾しているもの・洋画
4-目的・下の字が上の字の目的語・補語になっているもの・着火
5-打消・上の字が下の字の意味を打ち消しているもの・非常",4,,"**記号**・**構成のしかた**・**例**
1-類義・同じような意味の漢字を重ねたもの・身体
2-対義・反対または対応の意味を表す字を重ねたもの・左右
3-修飾・上の字が下の字を修飾しているもの・洋画
4-目的・下の字が上の字の目的語・補語になっているもの・着火
5-打消・上の字が下の字の意味を打ち消しているもの・非常",Text
"配膳
**記号**・**構成のしかた**・**例**
1-類義・同じような意味の漢字を重ねたもの・身体
2-対義・反対または対応の意味を表す字を重ねたもの・左右
3-修飾・上の字が下の字を修飾しているもの・洋画
4-目的・下の字が上の字の目的語・補語になっているもの・着火
5-打消・上の字が下の字の意味を打ち消しているもの・非常",4,,"**記号**・**構成のしかた**・**例**
1-類義・同じような意味の漢字を重ねたもの・身体
2-対義・反対または対応の意味を表す字を重ねたもの・左右
3-修飾・上の字が下の字を修飾しているもの・洋画
4-目的・下の字が上の字の目的語・補語になっているもの・着火
5-打消・上の字が下の字の意味を打ち消しているもの・非常",Text
"開廷
**記号**・**構成のしかた**・**例**
1-類義・同じような意味の漢字を重ねたもの・身体
2-対義・反対または対応の意味を表す字を重ねたもの・左右
3-修飾・上の字が下の字を修飾しているもの・洋画
4-目的・下の字が上の字の目的語・補語になっているもの・着火
5-打消・上の字が下の字の意味を打ち消しているもの・非常",4,,"**記号**・**構成のしかた**・**例**
1-類義・同じような意味の漢字を重ねたもの・身体
2-対義・反対または対応の意味を表す字を重ねたもの・左右
3-修飾・上の字が下の字を修飾しているもの・洋画
4-目的・下の字が上の字の目的語・補語になっているもの・着火
5-打消・上の字が下の字の意味を打ち消しているもの・非常",Text
"搾乳
**記号**・**構成のしかた**・**例**
1-類義・同じような意味の漢字を重ねたもの・身体
2-対義・反対または対応の意味を表す字を重ねたもの・左右
3-修飾・上の字が下の字を修飾しているもの・洋画
4-目的・下の字が上の字の目的語・補語になっているもの・着火
5-打消・上の字が下の字の意味を打ち消しているもの・非常",4,,"**記号**・**構成のしかた**・**例**
1-類義・同じような意味の漢字を重ねたもの・身体
2-対義・反対または対応の意味を表す字を重ねたもの・左右
3-修飾・上の字が下の字を修飾しているもの・洋画
4-目的・下の字が上の字の目的語・補語になっているもの・着火
5-打消・上の字が下の字の意味を打ち消しているもの・非常",Text
"懲悪
**記号**・**構成のしかた**・**例**
1-類義・同じような意味の漢字を重ねたもの・身体
2-対義・反対または対応の意味を表す字を重ねたもの・左右
3-修飾・上の字が下の字を修飾しているもの・洋画
4-目的・下の字が上の字の目的語・補語になっているもの・着火
5-打消・上の字が下の字の意味を打ち消しているもの・非常",4,,"**記号**・**構成のしかた**・**例**
1-類義・同じような意味の漢字を重ねたもの・身体
2-対義・反対または対応の意味を表す字を重ねたもの・左右
3-修飾・上の字が下の字を修飾しているもの・洋画
4-目的・下の字が上の字の目的語・補語になっているもの・着火
5-打消・上の字が下の字の意味を打ち消しているもの・非常",Text
"防疫
**記号**・**構成のしかた**・**例**
1-類義・同じような意味の漢字を重ねたもの・身体
2-対義・反対または対応の意味を表す字を重ねたもの・左右
3-修飾・上の字が下の字を修飾しているもの・洋画
4-目的・下の字が上の字の目的語・補語になっているもの・着火
5-打消・上の字が下の字の意味を打ち消しているもの・非常",4,,"**記号**・**構成のしかた**・**例**
1-類義・同じような意味の漢字を重ねたもの・身体
2-対義・反対または対応の意味を表す字を重ねたもの・左右
3-修飾・上の字が下の字を修飾しているもの・洋画
4-目的・下の字が上の字の目的語・補語になっているもの・着火
5-打消・上の字が下の字の意味を打ち消しているもの・非常",Text
"罷業
**記号**・**構成のしかた**・**例**
1-類義・同じような意味の漢字を重ねたもの・身体
2-対義・反対または対応の意味を表す字を重ねたもの・左右
3-修飾・上の字が下の字を修飾しているもの・洋画
4-目的・下の字が上の字の目的語・補語になっているもの・着火
5-打消・上の字が下の字の意味を打ち消しているもの・非常",4,,"**記号**・**構成のしかた**・**例**
1-類義・同じような意味の漢字を重ねたもの・身体
2-対義・反対または対応の意味を表す字を重ねたもの・左右
3-修飾・上の字が下の字を修飾しているもの・洋画
4-目的・下の字が上の字の目的語・補語になっているもの・着火
5-打消・上の字が下の字の意味を打ち消しているもの・非常",Text
"渉外
**記号**・**構成のしかた**・**例**
1-類義・同じような意味の漢字を重ねたもの・身体
2-対義・反対または対応の意味を表す字を重ねたもの・左右
3-修飾・上の字が下の字を修飾しているもの・洋画
4-目的・下の字が上の字の目的語・補語になっているもの・着火
5-打消・上の字が下の字の意味を打ち消しているもの・非常",4,,"**記号**・**構成のしかた**・**例**
1-類義・同じような意味の漢字を重ねたもの・身体
2-対義・反対または対応の意味を表す字を重ねたもの・左右
3-修飾・上の字が下の字を修飾しているもの・洋画
4-目的・下の字が上の字の目的語・補語になっているもの・着火
5-打消・上の字が下の字の意味を打ち消しているもの・非常",Text
"殉難
**記号**・**構成のしかた**・**例**
1-類義・同じような意味の漢字を重ねたもの・身体
2-対義・反対または対応の意味を表す字を重ねたもの・左右
3-修飾・上の字が下の字を修飾しているもの・洋画
4-目的・下の字が上の字の目的語・補語になっているもの・着火
5-打消・上の字が下の字の意味を打ち消しているもの・非常",4,,"**記号**・**構成のしかた**・**例**
1-類義・同じような意味の漢字を重ねたもの・身体
2-対義・反対または対応の意味を表す字を重ねたもの・左右
3-修飾・上の字が下の字を修飾しているもの・洋画
4-目的・下の字が上の字の目的語・補語になっているもの・着火
5-打消・上の字が下の字の意味を打ち消しているもの・非常",Text
"炊飯
**記号**・**構成のしかた**・**例**
1-類義・同じような意味の漢字を重ねたもの・身体
2-対義・反対または対応の意味を表す字を重ねたもの・左右
3-修飾・上の字が下の字を修飾しているもの・洋画
4-目的・下の字が上の字の目的語・補語になっているもの・着火
5-打消・上の字が下の字の意味を打ち消しているもの・非常",4,,"**記号**・**構成のしかた**・**例**
1-類義・同じような意味の漢字を重ねたもの・身体
2-対義・反対または対応の意味を表す字を重ねたもの・左右
3-修飾・上の字が下の字を修飾しているもの・洋画
4-目的・下の字が上の字の目的語・補語になっているもの・着火
5-打消・上の字が下の字の意味を打ち消しているもの・非常",Text
"移籍
**記号**・**構成のしかた**・**例**
1-類義・同じような意味の漢字を重ねたもの・身体
2-対義・反対または対応の意味を表す字を重ねたもの・左右
3-修飾・上の字が下の字を修飾しているもの・洋画
4-目的・下の字が上の字の目的語・補語になっているもの・着火
5-打消・上の字が下の字の意味を打ち消しているもの・非常",4,,"**記号**・**構成のしかた**・**例**
1-類義・同じような意味の漢字を重ねたもの・身体
2-対義・反対または対応の意味を表す字を重ねたもの・左右
3-修飾・上の字が下の字を修飾しているもの・洋画
4-目的・下の字が上の字の目的語・補語になっているもの・着火
5-打消・上の字が下の字の意味を打ち消しているもの・非常",Text
"崇仏
**記号**・**構成のしかた**・**例**
1-類義・同じような意味の漢字を重ねたもの・身体
2-対義・反対または対応の意味を表す字を重ねたもの・左右
3-修飾・上の字が下の字を修飾しているもの・洋画
4-目的・下の字が上の字の目的語・補語になっているもの・着火
5-打消・上の字が下の字の意味を打ち消しているもの・非常",4,,"**記号**・**構成のしかた**・**例**
1-類義・同じような意味の漢字を重ねたもの・身体
2-対義・反対または対応の意味を表す字を重ねたもの・左右
3-修飾・上の字が下の字を修飾しているもの・洋画
4-目的・下の字が上の字の目的語・補語になっているもの・着火
5-打消・上の字が下の字の意味を打ち消しているもの・非常",Text
"施錠
**記号**・**構成のしかた**・**例**
1-類義・同じような意味の漢字を重ねたもの・身体
2-対義・反対または対応の意味を表す字を重ねたもの・左右
3-修飾・上の字が下の字を修飾しているもの・洋画
4-目的・下の字が上の字の目的語・補語になっているもの・着火
5-打消・上の字が下の字の意味を打ち消しているもの・非常",4,,"**記号**・**構成のしかた**・**例**
1-類義・同じような意味の漢字を重ねたもの・身体
2-対義・反対または対応の意味を表す字を重ねたもの・左右
3-修飾・上の字が下の字を修飾しているもの・洋画
4-目的・下の字が上の字の目的語・補語になっているもの・着火
5-打消・上の字が下の字の意味を打ち消しているもの・非常",Text
"納涼
**記号**・**構成のしかた**・**例**
1-類義・同じような意味の漢字を重ねたもの・身体
2-対義・反対または対応の意味を表す字を重ねたもの・左右
3-修飾・上の字が下の字を修飾しているもの・洋画
4-目的・下の字が上の字の目的語・補語になっているもの・着火
5-打消・上の字が下の字の意味を打ち消しているもの・非常",4,,"**記号**・**構成のしかた**・**例**
1-類義・同じような意味の漢字を重ねたもの・身体
2-対義・反対または対応の意味を表す字を重ねたもの・左右
3-修飾・上の字が下の字を修飾しているもの・洋画
4-目的・下の字が上の字の目的語・補語になっているもの・着火
5-打消・上の字が下の字の意味を打ち消しているもの・非常",Text
"冶金
**記号**・**構成のしかた**・**例**
1-類義・同じような意味の漢字を重ねたもの・身体
2-対義・反対または対応の意味を表す字を重ねたもの・左右
3-修飾・上の字が下の字を修飾しているもの・洋画
4-目的・下の字が上の字の目的語・補語になっているもの・着火
5-打消・上の字が下の字の意味を打ち消しているもの・非常",4,,"**記号**・**構成のしかた**・**例**
1-類義・同じような意味の漢字を重ねたもの・身体
2-対義・反対または対応の意味を表す字を重ねたもの・左右
3-修飾・上の字が下の字を修飾しているもの・洋画
4-目的・下の字が上の字の目的語・補語になっているもの・着火
5-打消・上の字が下の字の意味を打ち消しているもの・非常",Text
"戴冠
**記号**・**構成のしかた**・**例**
1-類義・同じような意味の漢字を重ねたもの・身体
2-対義・反対または対応の意味を表す字を重ねたもの・左右
3-修飾・上の字が下の字を修飾しているもの・洋画
4-目的・下の字が上の字の目的語・補語になっているもの・着火
5-打消・上の字が下の字の意味を打ち消しているもの・非常",4,,"**記号**・**構成のしかた**・**例**
1-類義・同じような意味の漢字を重ねたもの・身体
2-対義・反対または対応の意味を表す字を重ねたもの・左右
3-修飾・上の字が下の字を修飾しているもの・洋画
4-目的・下の字が上の字の目的語・補語になっているもの・着火
5-打消・上の字が下の字の意味を打ち消しているもの・非常",Text
"鎮火
**記号**・**構成のしかた**・**例**
1-類義・同じような意味の漢字を重ねたもの・身体
2-対義・反対または対応の意味を表す字を重ねたもの・左右
3-修飾・上の字が下の字を修飾しているもの・洋画
4-目的・下の字が上の字の目的語・補語になっているもの・着火
5-打消・上の字が下の字の意味を打ち消しているもの・非常",4,,"**記号**・**構成のしかた**・**例**
1-類義・同じような意味の漢字を重ねたもの・身体
2-対義・反対または対応の意味を表す字を重ねたもの・左右
3-修飾・上の字が下の字を修飾しているもの・洋画
4-目的・下の字が上の字の目的語・補語になっているもの・着火
5-打消・上の字が下の字の意味を打ち消しているもの・非常",Text
"施肥
**記号**・**構成のしかた**・**例**
1-類義・同じような意味の漢字を重ねたもの・身体
2-対義・反対または対応の意味を表す字を重ねたもの・左右
3-修飾・上の字が下の字を修飾しているもの・洋画
4-目的・下の字が上の字の目的語・補語になっているもの・着火
5-打消・上の字が下の字の意味を打ち消しているもの・非常",4,,"**記号**・**構成のしかた**・**例**
1-類義・同じような意味の漢字を重ねたもの・身体
2-対義・反対または対応の意味を表す字を重ねたもの・左右
3-修飾・上の字が下の字を修飾しているもの・洋画
4-目的・下の字が上の字の目的語・補語になっているもの・着火
5-打消・上の字が下の字の意味を打ち消しているもの・非常",Text
"懐疑
**記号**・**構成のしかた**・**例**
1-類義・同じような意味の漢字を重ねたもの・身体
2-対義・反対または対応の意味を表す字を重ねたもの・左右
3-修飾・上の字が下の字を修飾しているもの・洋画
4-目的・下の字が上の字の目的語・補語になっているもの・着火
5-打消・上の字が下の字の意味を打ち消しているもの・非常",4,,"**記号**・**構成のしかた**・**例**
1-類義・同じような意味の漢字を重ねたもの・身体
2-対義・反対または対応の意味を表す字を重ねたもの・左右
3-修飾・上の字が下の字を修飾しているもの・洋画
4-目的・下の字が上の字の目的語・補語になっているもの・着火
5-打消・上の字が下の字の意味を打ち消しているもの・非常",Text
"享楽
**記号**・**構成のしかた**・**例**
1-類義・同じような意味の漢字を重ねたもの・身体
2-対義・反対または対応の意味を表す字を重ねたもの・左右
3-修飾・上の字が下の字を修飾しているもの・洋画
4-目的・下の字が上の字の目的語・補語になっているもの・着火
5-打消・上の字が下の字の意味を打ち消しているもの・非常",4,,"**記号**・**構成のしかた**・**例**
1-類義・同じような意味の漢字を重ねたもの・身体
2-対義・反対または対応の意味を表す字を重ねたもの・左右
3-修飾・上の字が下の字を修飾しているもの・洋画
4-目的・下の字が上の字の目的語・補語になっているもの・着火
5-打消・上の字が下の字の意味を打ち消しているもの・非常",Text
"遵法
**記号**・**構成のしかた**・**例**
1-類義・同じような意味の漢字を重ねたもの・身体
2-対義・反対または対応の意味を表す字を重ねたもの・左右
3-修飾・上の字が下の字を修飾しているもの・洋画
4-目的・下の字が上の字の目的語・補語になっているもの・着火
5-打消・上の字が下の字の意味を打ち消しているもの・非常",4,,"**記号**・**構成のしかた**・**例**
1-類義・同じような意味の漢字を重ねたもの・身体
2-対義・反対または対応の意味を表す字を重ねたもの・左右
3-修飾・上の字が下の字を修飾しているもの・洋画
4-目的・下の字が上の字の目的語・補語になっているもの・着火
5-打消・上の字が下の字の意味を打ち消しているもの・非常",Text
"退廷
**記号**・**構成のしかた**・**例**
1-類義・同じような意味の漢字を重ねたもの・身体
2-対義・反対または対応の意味を表す字を重ねたもの・左右
3-修飾・上の字が下の字を修飾しているもの・洋画
4-目的・下の字が上の字の目的語・補語になっているもの・着火
5-打消・上の字が下の字の意味を打ち消しているもの・非常",4,,"**記号**・**構成のしかた**・**例**
1-類義・同じような意味の漢字を重ねたもの・身体
2-対義・反対または対応の意味を表す字を重ねたもの・左右
3-修飾・上の字が下の字を修飾しているもの・洋画
4-目的・下の字が上の字の目的語・補語になっているもの・着火
5-打消・上の字が下の字の意味を打ち消しているもの・非常",Text
"抗菌
**記号**・**構成のしかた**・**例**
1-類義・同じような意味の漢字を重ねたもの・身体
2-対義・反対または対応の意味を表す字を重ねたもの・左右
3-修飾・上の字が下の字を修飾しているもの・洋画
4-目的・下の字が上の字の目的語・補語になっているもの・着火
5-打消・上の字が下の字の意味を打ち消しているもの・非常",4,,"**記号**・**構成のしかた**・**例**
1-類義・同じような意味の漢字を重ねたもの・身体
2-対義・反対または対応の意味を表す字を重ねたもの・左右
3-修飾・上の字が下の字を修飾しているもの・洋画
4-目的・下の字が上の字の目的語・補語になっているもの・着火
5-打消・上の字が下の字の意味を打ち消しているもの・非常",Text
"叙景
**記号**・**構成のしかた**・**例**
1-類義・同じような意味の漢字を重ねたもの・身体
2-対義・反対または対応の意味を表す字を重ねたもの・左右
3-修飾・上の字が下の字を修飾しているもの・洋画
4-目的・下の字が上の字の目的語・補語になっているもの・着火
5-打消・上の字が下の字の意味を打ち消しているもの・非常",4,,"**記号**・**構成のしかた**・**例**
1-類義・同じような意味の漢字を重ねたもの・身体
2-対義・反対または対応の意味を表す字を重ねたもの・左右
3-修飾・上の字が下の字を修飾しているもの・洋画
4-目的・下の字が上の字の目的語・補語になっているもの・着火
5-打消・上の字が下の字の意味を打ち消しているもの・非常",Text
"迎賓
**記号**・**構成のしかた**・**例**
1-類義・同じような意味の漢字を重ねたもの・身体
2-対義・反対または対応の意味を表す字を重ねたもの・左右
3-修飾・上の字が下の字を修飾しているもの・洋画
4-目的・下の字が上の字の目的語・補語になっているもの・着火
5-打消・上の字が下の字の意味を打ち消しているもの・非常",4,,"**記号**・**構成のしかた**・**例**
1-類義・同じような意味の漢字を重ねたもの・身体
2-対義・反対または対応の意味を表す字を重ねたもの・左右
3-修飾・上の字が下の字を修飾しているもの・洋画
4-目的・下の字が上の字の目的語・補語になっているもの・着火
5-打消・上の字が下の字の意味を打ち消しているもの・非常",Text
"喫茶
**記号**・**構成のしかた**・**例**
1-類義・同じような意味の漢字を重ねたもの・身体
2-対義・反対または対応の意味を表す字を重ねたもの・左右
3-修飾・上の字が下の字を修飾しているもの・洋画
4-目的・下の字が上の字の目的語・補語になっているもの・着火
5-打消・上の字が下の字の意味を打ち消しているもの・非常",4,,"**記号**・**構成のしかた**・**例**
1-類義・同じような意味の漢字を重ねたもの・身体
2-対義・反対または対応の意味を表す字を重ねたもの・左右
3-修飾・上の字が下の字を修飾しているもの・洋画
4-目的・下の字が上の字の目的語・補語になっているもの・着火
5-打消・上の字が下の字の意味を打ち消しているもの・非常",Text
"駐車
**記号**・**構成のしかた**・**例**
1-類義・同じような意味の漢字を重ねたもの・身体
2-対義・反対または対応の意味を表す字を重ねたもの・左右
3-修飾・上の字が下の字を修飾しているもの・洋画
4-目的・下の字が上の字の目的語・補語になっているもの・着火
5-打消・上の字が下の字の意味を打ち消しているもの・非常",4,,"**記号**・**構成のしかた**・**例**
1-類義・同じような意味の漢字を重ねたもの・身体
2-対義・反対または対応の意味を表す字を重ねたもの・左右
3-修飾・上の字が下の字を修飾しているもの・洋画
4-目的・下の字が上の字の目的語・補語になっているもの・着火
5-打消・上の字が下の字の意味を打ち消しているもの・非常",Text
"捕鯨
**記号**・**構成のしかた**・**例**
1-類義・同じような意味の漢字を重ねたもの・身体
2-対義・反対または対応の意味を表す字を重ねたもの・左右
3-修飾・上の字が下の字を修飾しているもの・洋画
4-目的・下の字が上の字の目的語・補語になっているもの・着火
5-打消・上の字が下の字の意味を打ち消しているもの・非常",4,,"**記号**・**構成のしかた**・**例**
1-類義・同じような意味の漢字を重ねたもの・身体
2-対義・反対または対応の意味を表す字を重ねたもの・左右
3-修飾・上の字が下の字を修飾しているもの・洋画
4-目的・下の字が上の字の目的語・補語になっているもの・着火
5-打消・上の字が下の字の意味を打ち消しているもの・非常",Text
"陳謝
**記号**・**構成のしかた**・**例**
1-類義・同じような意味の漢字を重ねたもの・身体
2-対義・反対または対応の意味を表す字を重ねたもの・左右
3-修飾・上の字が下の字を修飾しているもの・洋画
4-目的・下の字が上の字の目的語・補語になっているもの・着火
5-打消・上の字が下の字の意味を打ち消しているもの・非常",4,,"**記号**・**構成のしかた**・**例**
1-類義・同じような意味の漢字を重ねたもの・身体
2-対義・反対または対応の意味を表す字を重ねたもの・左右
3-修飾・上の字が下の字を修飾しているもの・洋画
4-目的・下の字が上の字の目的語・補語になっているもの・着火
5-打消・上の字が下の字の意味を打ち消しているもの・非常",Text
"還元
**記号**・**構成のしかた**・**例**
1-類義・同じような意味の漢字を重ねたもの・身体
2-対義・反対または対応の意味を表す字を重ねたもの・左右
3-修飾・上の字が下の字を修飾しているもの・洋画
4-目的・下の字が上の字の目的語・補語になっているもの・着火
5-打消・上の字が下の字の意味を打ち消しているもの・非常",4,,"**記号**・**構成のしかた**・**例**
1-類義・同じような意味の漢字を重ねたもの・身体
2-対義・反対または対応の意味を表す字を重ねたもの・左右
3-修飾・上の字が下の字を修飾しているもの・洋画
4-目的・下の字が上の字の目的語・補語になっているもの・着火
5-打消・上の字が下の字の意味を打ち消しているもの・非常",Text
"克己
**記号**・**構成のしかた**・**例**
1-類義・同じような意味の漢字を重ねたもの・身体
2-対義・反対または対応の意味を表す字を重ねたもの・左右
3-修飾・上の字が下の字を修飾しているもの・洋画
4-目的・下の字が上の字の目的語・補語になっているもの・着火
5-打消・上の字が下の字の意味を打ち消しているもの・非常",4,,"**記号**・**構成のしかた**・**例**
1-類義・同じような意味の漢字を重ねたもの・身体
2-対義・反対または対応の意味を表す字を重ねたもの・左右
3-修飾・上の字が下の字を修飾しているもの・洋画
4-目的・下の字が上の字の目的語・補語になっているもの・着火
5-打消・上の字が下の字の意味を打ち消しているもの・非常",Text
"潜水
**記号**・**構成のしかた**・**例**
1-類義・同じような意味の漢字を重ねたもの・身体
2-対義・反対または対応の意味を表す字を重ねたもの・左右
3-修飾・上の字が下の字を修飾しているもの・洋画
4-目的・下の字が上の字の目的語・補語になっているもの・着火
5-打消・上の字が下の字の意味を打ち消しているもの・非常",4,,"**記号**・**構成のしかた**・**例**
1-類義・同じような意味の漢字を重ねたもの・身体
2-対義・反対または対応の意味を表す字を重ねたもの・左右
3-修飾・上の字が下の字を修飾しているもの・洋画
4-目的・下の字が上の字の目的語・補語になっているもの・着火
5-打消・上の字が下の字の意味を打ち消しているもの・非常",Text
"争覇
**記号**・**構成のしかた**・**例**
1-類義・同じような意味の漢字を重ねたもの・身体
2-対義・反対または対応の意味を表す字を重ねたもの・左右
3-修飾・上の字が下の字を修飾しているもの・洋画
4-目的・下の字が上の字の目的語・補語になっているもの・着火
5-打消・上の字が下の字の意味を打ち消しているもの・非常",4,,"**記号**・**構成のしかた**・**例**
1-類義・同じような意味の漢字を重ねたもの・身体
2-対義・反対または対応の意味を表す字を重ねたもの・左右
3-修飾・上の字が下の字を修飾しているもの・洋画
4-目的・下の字が上の字の目的語・補語になっているもの・着火
5-打消・上の字が下の字の意味を打ち消しているもの・非常",Text
"随時
**記号**・**構成のしかた**・**例**
1-類義・同じような意味の漢字を重ねたもの・身体
2-対義・反対または対応の意味を表す字を重ねたもの・左右
3-修飾・上の字が下の字を修飾しているもの・洋画
4-目的・下の字が上の字の目的語・補語になっているもの・着火
5-打消・上の字が下の字の意味を打ち消しているもの・非常",4,,"**記号**・**構成のしかた**・**例**
1-類義・同じような意味の漢字を重ねたもの・身体
2-対義・反対または対応の意味を表す字を重ねたもの・左右
3-修飾・上の字が下の字を修飾しているもの・洋画
4-目的・下の字が上の字の目的語・補語になっているもの・着火
5-打消・上の字が下の字の意味を打ち消しているもの・非常",Text
"保健
**記号**・**構成のしかた**・**例**
1-類義・同じような意味の漢字を重ねたもの・身体
2-対義・反対または対応の意味を表す字を重ねたもの・左右
3-修飾・上の字が下の字を修飾しているもの・洋画
4-目的・下の字が上の字の目的語・補語になっているもの・着火
5-打消・上の字が下の字の意味を打ち消しているもの・非常",4,,"**記号**・**構成のしかた**・**例**
1-類義・同じような意味の漢字を重ねたもの・身体
2-対義・反対または対応の意味を表す字を重ねたもの・左右
3-修飾・上の字が下の字を修飾しているもの・洋画
4-目的・下の字が上の字の目的語・補語になっているもの・着火
5-打消・上の字が下の字の意味を打ち消しているもの・非常",Text
"失策
**記号**・**構成のしかた**・**例**
1-類義・同じような意味の漢字を重ねたもの・身体
2-対義・反対または対応の意味を表す字を重ねたもの・左右
3-修飾・上の字が下の字を修飾しているもの・洋画
4-目的・下の字が上の字の目的語・補語になっているもの・着火
5-打消・上の字が下の字の意味を打ち消しているもの・非常",4,,"**記号**・**構成のしかた**・**例**
1-類義・同じような意味の漢字を重ねたもの・身体
2-対義・反対または対応の意味を表す字を重ねたもの・左右
3-修飾・上の字が下の字を修飾しているもの・洋画
4-目的・下の字が上の字の目的語・補語になっているもの・着火
5-打消・上の字が下の字の意味を打ち消しているもの・非常",Text
"未踏
**記号**・**構成のしかた**・**例**
1-類義・同じような意味の漢字を重ねたもの・身体
2-対義・反対または対応の意味を表す字を重ねたもの・左右
3-修飾・上の字が下の字を修飾しているもの・洋画
4-目的・下の字が上の字の目的語・補語になっているもの・着火
5-打消・上の字が下の字の意味を打ち消しているもの・非常",5,,"**記号**・**構成のしかた**・**例**
1-類義・同じような意味の漢字を重ねたもの・身体
2-対義・反対または対応の意味を表す字を重ねたもの・左右
3-修飾・上の字が下の字を修飾しているもの・洋画
4-目的・下の字が上の字の目的語・補語になっているもの・着火
5-打消・上の字が下の字の意味を打ち消しているもの・非常",Text
"不変
**記号**・**構成のしかた**・**例**
1-類義・同じような意味の漢字を重ねたもの・身体
2-対義・反対または対応の意味を表す字を重ねたもの・左右
3-修飾・上の字が下の字を修飾しているもの・洋画
4-目的・下の字が上の字の目的語・補語になっているもの・着火
5-打消・上の字が下の字の意味を打ち消しているもの・非常",5,,"**記号**・**構成のしかた**・**例**
1-類義・同じような意味の漢字を重ねたもの・身体
2-対義・反対または対応の意味を表す字を重ねたもの・左右
3-修飾・上の字が下の字を修飾しているもの・洋画
4-目的・下の字が上の字の目的語・補語になっているもの・着火
5-打消・上の字が下の字の意味を打ち消しているもの・非常",Text
"無為
**記号**・**構成のしかた**・**例**
1-類義・同じような意味の漢字を重ねたもの・身体
2-対義・反対または対応の意味を表す字を重ねたもの・左右
3-修飾・上の字が下の字を修飾しているもの・洋画
4-目的・下の字が上の字の目的語・補語になっているもの・着火
5-打消・上の字が下の字の意味を打ち消しているもの・非常",5,,"**記号**・**構成のしかた**・**例**
1-類義・同じような意味の漢字を重ねたもの・身体
2-対義・反対または対応の意味を表す字を重ねたもの・左右
3-修飾・上の字が下の字を修飾しているもの・洋画
4-目的・下の字が上の字の目的語・補語になっているもの・着火
5-打消・上の字が下の字の意味を打ち消しているもの・非常",Text
"不穏
**記号**・**構成のしかた**・**例**
1-類義・同じような意味の漢字を重ねたもの・身体
2-対義・反対または対応の意味を表す字を重ねたもの・左右
3-修飾・上の字が下の字を修飾しているもの・洋画
4-目的・下の字が上の字の目的語・補語になっているもの・着火
5-打消・上の字が下の字の意味を打ち消しているもの・非常",5,,"**記号**・**構成のしかた**・**例**
1-類義・同じような意味の漢字を重ねたもの・身体
2-対義・反対または対応の意味を表す字を重ねたもの・左右
3-修飾・上の字が下の字を修飾しているもの・洋画
4-目的・下の字が上の字の目的語・補語になっているもの・着火
5-打消・上の字が下の字の意味を打ち消しているもの・非常",Text
"未刊
**記号**・**構成のしかた**・**例**
1-類義・同じような意味の漢字を重ねたもの・身体
2-対義・反対または対応の意味を表す字を重ねたもの・左右
3-修飾・上の字が下の字を修飾しているもの・洋画
4-目的・下の字が上の字の目的語・補語になっているもの・着火
5-打消・上の字が下の字の意味を打ち消しているもの・非常",5,,"**記号**・**構成のしかた**・**例**
1-類義・同じような意味の漢字を重ねたもの・身体
2-対義・反対または対応の意味を表す字を重ねたもの・左右
3-修飾・上の字が下の字を修飾しているもの・洋画
4-目的・下の字が上の字の目的語・補語になっているもの・着火
5-打消・上の字が下の字の意味を打ち消しているもの・非常",Text
"無償
**記号**・**構成のしかた**・**例**
1-類義・同じような意味の漢字を重ねたもの・身体
2-対義・反対または対応の意味を表す字を重ねたもの・左右
3-修飾・上の字が下の字を修飾しているもの・洋画
4-目的・下の字が上の字の目的語・補語になっているもの・着火
5-打消・上の字が下の字の意味を打ち消しているもの・非常",5,,"**記号**・**構成のしかた**・**例**
1-類義・同じような意味の漢字を重ねたもの・身体
2-対義・反対または対応の意味を表す字を重ねたもの・左右
3-修飾・上の字が下の字を修飾しているもの・洋画
4-目的・下の字が上の字の目的語・補語になっているもの・着火
5-打消・上の字が下の字の意味を打ち消しているもの・非常",Text
"不和
**記号**・**構成のしかた**・**例**
1-類義・同じような意味の漢字を重ねたもの・身体
2-対義・反対または対応の意味を表す字を重ねたもの・左右
3-修飾・上の字が下の字を修飾しているもの・洋画
4-目的・下の字が上の字の目的語・補語になっているもの・着火
5-打消・上の字が下の字の意味を打ち消しているもの・非常",5,,"**記号**・**構成のしかた**・**例**
1-類義・同じような意味の漢字を重ねたもの・身体
2-対義・反対または対応の意味を表す字を重ねたもの・左右
3-修飾・上の字が下の字を修飾しているもの・洋画
4-目的・下の字が上の字の目的語・補語になっているもの・着火
5-打消・上の字が下の字の意味を打ち消しているもの・非常",Text
"無稽
**記号**・**構成のしかた**・**例**
1-類義・同じような意味の漢字を重ねたもの・身体
2-対義・反対または対応の意味を表す字を重ねたもの・左右
3-修飾・上の字が下の字を修飾しているもの・洋画
4-目的・下の字が上の字の目的語・補語になっているもの・着火
5-打消・上の字が下の字の意味を打ち消しているもの・非常",5,,"**記号**・**構成のしかた**・**例**
1-類義・同じような意味の漢字を重ねたもの・身体
2-対義・反対または対応の意味を表す字を重ねたもの・左右
3-修飾・上の字が下の字を修飾しているもの・洋画
4-目的・下の字が上の字の目的語・補語になっているもの・着火
5-打消・上の字が下の字の意味を打ち消しているもの・非常",Text
"未詳
**記号**・**構成のしかた**・**例**
1-類義・同じような意味の漢字を重ねたもの・身体
2-対義・反対または対応の意味を表す字を重ねたもの・左右
3-修飾・上の字が下の字を修飾しているもの・洋画
4-目的・下の字が上の字の目的語・補語になっているもの・着火
5-打消・上の字が下の字の意味を打ち消しているもの・非常",5,,"**記号**・**構成のしかた**・**例**
1-類義・同じような意味の漢字を重ねたもの・身体
2-対義・反対または対応の意味を表す字を重ねたもの・左右
3-修飾・上の字が下の字を修飾しているもの・洋画
4-目的・下の字が上の字の目的語・補語になっているもの・着火
5-打消・上の字が下の字の意味を打ち消しているもの・非常",Text
"無窮
**記号**・**構成のしかた**・**例**
1-類義・同じような意味の漢字を重ねたもの・身体
2-対義・反対または対応の意味を表す字を重ねたもの・左右
3-修飾・上の字が下の字を修飾しているもの・洋画
4-目的・下の字が上の字の目的語・補語になっているもの・着火
5-打消・上の字が下の字の意味を打ち消しているもの・非常",5,,"**記号**・**構成のしかた**・**例**
1-類義・同じような意味の漢字を重ねたもの・身体
2-対義・反対または対応の意味を表す字を重ねたもの・左右
3-修飾・上の字が下の字を修飾しているもの・洋画
4-目的・下の字が上の字の目的語・補語になっているもの・着火
5-打消・上の字が下の字の意味を打ち消しているもの・非常",Text
"不詳
**記号**・**構成のしかた**・**例**
1-類義・同じような意味の漢字を重ねたもの・身体
2-対義・反対または対応の意味を表す字を重ねたもの・左右
3-修飾・上の字が下の字を修飾しているもの・洋画
4-目的・下の字が上の字の目的語・補語になっているもの・着火
5-打消・上の字が下の字の意味を打ち消しているもの・非常",5,,"**記号**・**構成のしかた**・**例**
1-類義・同じような意味の漢字を重ねたもの・身体
2-対義・反対または対応の意味を表す字を重ねたもの・左右
3-修飾・上の字が下の字を修飾しているもの・洋画
4-目的・下の字が上の字の目的語・補語になっているもの・着火
5-打消・上の字が下の字の意味を打ち消しているもの・非常",Text
"不偏
**記号**・**構成のしかた**・**例**
1-類義・同じような意味の漢字を重ねたもの・身体
2-対義・反対または対応の意味を表す字を重ねたもの・左右
3-修飾・上の字が下の字を修飾しているもの・洋画
4-目的・下の字が上の字の目的語・補語になっているもの・着火
5-打消・上の字が下の字の意味を打ち消しているもの・非常",5,,"**記号**・**構成のしかた**・**例**
1-類義・同じような意味の漢字を重ねたもの・身体
2-対義・反対または対応の意味を表す字を重ねたもの・左右
3-修飾・上の字が下の字を修飾しているもの・洋画
4-目的・下の字が上の字の目的語・補語になっているもの・着火
5-打消・上の字が下の字の意味を打ち消しているもの・非常",Text
"無粋
**記号**・**構成のしかた**・**例**
1-類義・同じような意味の漢字を重ねたもの・身体
2-対義・反対または対応の意味を表す字を重ねたもの・左右
3-修飾・上の字が下の字を修飾しているもの・洋画
4-目的・下の字が上の字の目的語・補語になっているもの・着火
5-打消・上の字が下の字の意味を打ち消しているもの・非常",5,,"**記号**・**構成のしかた**・**例**
1-類義・同じような意味の漢字を重ねたもの・身体
2-対義・反対または対応の意味を表す字を重ねたもの・左右
3-修飾・上の字が下の字を修飾しているもの・洋画
4-目的・下の字が上の字の目的語・補語になっているもの・着火
5-打消・上の字が下の字の意味を打ち消しているもの・非常",Text
"不審
**記号**・**構成のしかた**・**例**
1-類義・同じような意味の漢字を重ねたもの・身体
2-対義・反対または対応の意味を表す字を重ねたもの・左右
3-修飾・上の字が下の字を修飾しているもの・洋画
4-目的・下の字が上の字の目的語・補語になっているもの・着火
5-打消・上の字が下の字の意味を打ち消しているもの・非常",5,,"**記号**・**構成のしかた**・**例**
1-類義・同じような意味の漢字を重ねたもの・身体
2-対義・反対または対応の意味を表す字を重ねたもの・左右
3-修飾・上の字が下の字を修飾しているもの・洋画
4-目的・下の字が上の字の目的語・補語になっているもの・着火
5-打消・上の字が下の字の意味を打ち消しているもの・非常",Text
"不朽
**記号**・**構成のしかた**・**例**
1-類義・同じような意味の漢字を重ねたもの・身体
2-対義・反対または対応の意味を表す字を重ねたもの・左右
3-修飾・上の字が下の字を修飾しているもの・洋画
4-目的・下の字が上の字の目的語・補語になっているもの・着火
5-打消・上の字が下の字の意味を打ち消しているもの・非常",5,,"**記号**・**構成のしかた**・**例**
1-類義・同じような意味の漢字を重ねたもの・身体
2-対義・反対または対応の意味を表す字を重ねたもの・左右
3-修飾・上の字が下の字を修飾しているもの・洋画
4-目的・下の字が上の字の目的語・補語になっているもの・着火
5-打消・上の字が下の字の意味を打ち消しているもの・非常",Text
"未到
**記号**・**構成のしかた**・**例**
1-類義・同じような意味の漢字を重ねたもの・身体
2-対義・反対または対応の意味を表す字を重ねたもの・左右
3-修飾・上の字が下の字を修飾しているもの・洋画
4-目的・下の字が上の字の目的語・補語になっているもの・着火
5-打消・上の字が下の字の意味を打ち消しているもの・非常",5,,"**記号**・**構成のしかた**・**例**
1-類義・同じような意味の漢字を重ねたもの・身体
2-対義・反対または対応の意味を表す字を重ねたもの・左右
3-修飾・上の字が下の字を修飾しているもの・洋画
4-目的・下の字が上の字の目的語・補語になっているもの・着火
5-打消・上の字が下の字の意味を打ち消しているもの・非常",Text
"未来
**記号**・**構成のしかた**・**例**
1-類義・同じような意味の漢字を重ねたもの・身体
2-対義・反対または対応の意味を表す字を重ねたもの・左右
3-修飾・上の字が下の字を修飾しているもの・洋画
4-目的・下の字が上の字の目的語・補語になっているもの・着火
5-打消・上の字が下の字の意味を打ち消しているもの・非常",5,,"**記号**・**構成のしかた**・**例**
1-類義・同じような意味の漢字を重ねたもの・身体
2-対義・反対または対応の意味を表す字を重ねたもの・左右
3-修飾・上の字が下の字を修飾しているもの・洋画
4-目的・下の字が上の字の目的語・補語になっているもの・着火
5-打消・上の字が下の字の意味を打ち消しているもの・非常",Text
"無双
**記号**・**構成のしかた**・**例**
1-類義・同じような意味の漢字を重ねたもの・身体
2-対義・反対または対応の意味を表す字を重ねたもの・左右
3-修飾・上の字が下の字を修飾しているもの・洋画
4-目的・下の字が上の字の目的語・補語になっているもの・着火
5-打消・上の字が下の字の意味を打ち消しているもの・非常",5,,"**記号**・**構成のしかた**・**例**
1-類義・同じような意味の漢字を重ねたもの・身体
2-対義・反対または対応の意味を表す字を重ねたもの・左右
3-修飾・上の字が下の字を修飾しているもの・洋画
4-目的・下の字が上の字の目的語・補語になっているもの・着火
5-打消・上の字が下の字の意味を打ち消しているもの・非常",Text
"未然
**記号**・**構成のしかた**・**例**
1-類義・同じような意味の漢字を重ねたもの・身体
2-対義・反対または対応の意味を表す字を重ねたもの・左右
3-修飾・上の字が下の字を修飾しているもの・洋画
4-目的・下の字が上の字の目的語・補語になっているもの・着火
5-打消・上の字が下の字の意味を打ち消しているもの・非常",5,,"**記号**・**構成のしかた**・**例**
1-類義・同じような意味の漢字を重ねたもの・身体
2-対義・反対または対応の意味を表す字を重ねたもの・左右
3-修飾・上の字が下の字を修飾しているもの・洋画
4-目的・下の字が上の字の目的語・補語になっているもの・着火
5-打消・上の字が下の字の意味を打ち消しているもの・非常",Text
"不屈
**記号**・**構成のしかた**・**例**
1-類義・同じような意味の漢字を重ねたもの・身体
2-対義・反対または対応の意味を表す字を重ねたもの・左右
3-修飾・上の字が下の字を修飾しているもの・洋画
4-目的・下の字が上の字の目的語・補語になっているもの・着火
5-打消・上の字が下の字の意味を打ち消しているもの・非常",5,,"**記号**・**構成のしかた**・**例**
1-類義・同じような意味の漢字を重ねたもの・身体
2-対義・反対または対応の意味を表す字を重ねたもの・左右
3-修飾・上の字が下の字を修飾しているもの・洋画
4-目的・下の字が上の字の目的語・補語になっているもの・着火
5-打消・上の字が下の字の意味を打ち消しているもの・非常",Text
"非情
**記号**・**構成のしかた**・**例**
1-類義・同じような意味の漢字を重ねたもの・身体
2-対義・反対または対応の意味を表す字を重ねたもの・左右
3-修飾・上の字が下の字を修飾しているもの・洋画
4-目的・下の字が上の字の目的語・補語になっているもの・着火
5-打消・上の字が下の字の意味を打ち消しているもの・非常",5,,"**記号**・**構成のしかた**・**例**
1-類義・同じような意味の漢字を重ねたもの・身体
2-対義・反対または対応の意味を表す字を重ねたもの・左右
3-修飾・上の字が下の字を修飾しているもの・洋画
4-目的・下の字が上の字の目的語・補語になっているもの・着火
5-打消・上の字が下の字の意味を打ち消しているもの・非常",Text
"不祥
**記号**・**構成のしかた**・**例**
1-類義・同じような意味の漢字を重ねたもの・身体
2-対義・反対または対応の意味を表す字を重ねたもの・左右
3-修飾・上の字が下の字を修飾しているもの・洋画
4-目的・下の字が上の字の目的語・補語になっているもの・着火
5-打消・上の字が下の字の意味を打ち消しているもの・非常",5,,"**記号**・**構成のしかた**・**例**
1-類義・同じような意味の漢字を重ねたもの・身体
2-対義・反対または対応の意味を表す字を重ねたもの・左右
3-修飾・上の字が下の字を修飾しているもの・洋画
4-目的・下の字が上の字の目的語・補語になっているもの・着火
5-打消・上の字が下の字の意味を打ち消しているもの・非常",Text
"不粋
**記号**・**構成のしかた**・**例**
1-類義・同じような意味の漢字を重ねたもの・身体
2-対義・反対または対応の意味を表す字を重ねたもの・左右
3-修飾・上の字が下の字を修飾しているもの・洋画
4-目的・下の字が上の字の目的語・補語になっているもの・着火
5-打消・上の字が下の字の意味を打ち消しているもの・非常",5,,"**記号**・**構成のしかた**・**例**
1-類義・同じような意味の漢字を重ねたもの・身体
2-対義・反対または対応の意味を表す字を重ねたもの・左右
3-修飾・上の字が下の字を修飾しているもの・洋画
4-目的・下の字が上の字の目的語・補語になっているもの・着火
5-打消・上の字が下の字の意味を打ち消しているもの・非常",Text
"無尽
**記号**・**構成のしかた**・**例**
1-類義・同じような意味の漢字を重ねたもの・身体
2-対義・反対または対応の意味を表す字を重ねたもの・左右
3-修飾・上の字が下の字を修飾しているもの・洋画
4-目的・下の字が上の字の目的語・補語になっているもの・着火
5-打消・上の字が下の字の意味を打ち消しているもの・非常",5,,"**記号**・**構成のしかた**・**例**
1-類義・同じような意味の漢字を重ねたもの・身体
2-対義・反対または対応の意味を表す字を重ねたもの・左右
3-修飾・上の字が下の字を修飾しているもの・洋画
4-目的・下の字が上の字の目的語・補語になっているもの・着火
5-打消・上の字が下の字の意味を打ち消しているもの・非常",Text
"未聞
**記号**・**構成のしかた**・**例**
1-類義・同じような意味の漢字を重ねたもの・身体
2-対義・反対または対応の意味を表す字を重ねたもの・左右
3-修飾・上の字が下の字を修飾しているもの・洋画
4-目的・下の字が上の字の目的語・補語になっているもの・着火
5-打消・上の字が下の字の意味を打ち消しているもの・非常",5,,"**記号**・**構成のしかた**・**例**
1-類義・同じような意味の漢字を重ねたもの・身体
2-対義・反対または対応の意味を表す字を重ねたもの・左右
3-修飾・上の字が下の字を修飾しているもの・洋画
4-目的・下の字が上の字の目的語・補語になっているもの・着火
5-打消・上の字が下の字の意味を打ち消しているもの・非常",Text
"不遇
**記号**・**構成のしかた**・**例**
1-類義・同じような意味の漢字を重ねたもの・身体
2-対義・反対または対応の意味を表す字を重ねたもの・左右
3-修飾・上の字が下の字を修飾しているもの・洋画
4-目的・下の字が上の字の目的語・補語になっているもの・着火
5-打消・上の字が下の字の意味を打ち消しているもの・非常",5,,"**記号**・**構成のしかた**・**例**
1-類義・同じような意味の漢字を重ねたもの・身体
2-対義・反対または対応の意味を表す字を重ねたもの・左右
3-修飾・上の字が下の字を修飾しているもの・洋画
4-目的・下の字が上の字の目的語・補語になっているもの・着火
5-打消・上の字が下の字の意味を打ち消しているもの・非常",Text
"未遂
**記号**・**構成のしかた**・**例**
1-類義・同じような意味の漢字を重ねたもの・身体
2-対義・反対または対応の意味を表す字を重ねたもの・左右
3-修飾・上の字が下の字を修飾しているもの・洋画
4-目的・下の字が上の字の目的語・補語になっているもの・着火
5-打消・上の字が下の字の意味を打ち消しているもの・非常",5,,"**記号**・**構成のしかた**・**例**
1-類義・同じような意味の漢字を重ねたもの・身体
2-対義・反対または対応の意味を表す字を重ねたもの・左右
3-修飾・上の字が下の字を修飾しているもの・洋画
4-目的・下の字が上の字の目的語・補語になっているもの・着火
5-打消・上の字が下の字の意味を打ち消しているもの・非常",Text
"無銘
**記号**・**構成のしかた**・**例**
1-類義・同じような意味の漢字を重ねたもの・身体
2-対義・反対または対応の意味を表す字を重ねたもの・左右
3-修飾・上の字が下の字を修飾しているもの・洋画
4-目的・下の字が上の字の目的語・補語になっているもの・着火
5-打消・上の字が下の字の意味を打ち消しているもの・非常",5,,"**記号**・**構成のしかた**・**例**
1-類義・同じような意味の漢字を重ねたもの・身体
2-対義・反対または対応の意味を表す字を重ねたもの・左右
3-修飾・上の字が下の字を修飾しているもの・洋画
4-目的・下の字が上の字の目的語・補語になっているもの・着火
5-打消・上の字が下の字の意味を打ち消しているもの・非常",Text
"未了
**記号**・**構成のしかた**・**例**
1-類義・同じような意味の漢字を重ねたもの・身体
2-対義・反対または対応の意味を表す字を重ねたもの・左右
3-修飾・上の字が下の字を修飾しているもの・洋画
4-目的・下の字が上の字の目的語・補語になっているもの・着火
5-打消・上の字が下の字の意味を打ち消しているもの・非常",5,,"**記号**・**構成のしかた**・**例**
1-類義・同じような意味の漢字を重ねたもの・身体
2-対義・反対または対応の意味を表す字を重ねたもの・左右
3-修飾・上の字が下の字を修飾しているもの・洋画
4-目的・下の字が上の字の目的語・補語になっているもの・着火
5-打消・上の字が下の字の意味を打ち消しているもの・非常",Text
"無名
**記号**・**構成のしかた**・**例**
1-類義・同じような意味の漢字を重ねたもの・身体
2-対義・反対または対応の意味を表す字を重ねたもの・左右
3-修飾・上の字が下の字を修飾しているもの・洋画
4-目的・下の字が上の字の目的語・補語になっているもの・着火
5-打消・上の字が下の字の意味を打ち消しているもの・非常",5,,"**記号**・**構成のしかた**・**例**
1-類義・同じような意味の漢字を重ねたもの・身体
2-対義・反対または対応の意味を表す字を重ねたもの・左右
3-修飾・上の字が下の字を修飾しているもの・洋画
4-目的・下の字が上の字の目的語・補語になっているもの・着火
5-打消・上の字が下の字の意味を打ち消しているもの・非常",Text
"不潔
**記号**・**構成のしかた**・**例**
1-類義・同じような意味の漢字を重ねたもの・身体
2-対義・反対または対応の意味を表す字を重ねたもの・左右
3-修飾・上の字が下の字を修飾しているもの・洋画
4-目的・下の字が上の字の目的語・補語になっているもの・着火
5-打消・上の字が下の字の意味を打ち消しているもの・非常",5,,"**記号**・**構成のしかた**・**例**
1-類義・同じような意味の漢字を重ねたもの・身体
2-対義・反対または対応の意味を表す字を重ねたもの・左右
3-修飾・上の字が下の字を修飾しているもの・洋画
4-目的・下の字が上の字の目的語・補語になっているもの・着火
5-打消・上の字が下の字の意味を打ち消しているもの・非常",Text
"無常
**記号**・**構成のしかた**・**例**
1-類義・同じような意味の漢字を重ねたもの・身体
2-対義・反対または対応の意味を表す字を重ねたもの・左右
3-修飾・上の字が下の字を修飾しているもの・洋画
4-目的・下の字が上の字の目的語・補語になっているもの・着火
5-打消・上の字が下の字の意味を打ち消しているもの・非常",5,,"**記号**・**構成のしかた**・**例**
1-類義・同じような意味の漢字を重ねたもの・身体
2-対義・反対または対応の意味を表す字を重ねたもの・左右
3-修飾・上の字が下の字を修飾しているもの・洋画
4-目的・下の字が上の字の目的語・補語になっているもの・着火
5-打消・上の字が下の字の意味を打ち消しているもの・非常",Text
"非才
**記号**・**構成のしかた**・**例**
1-類義・同じような意味の漢字を重ねたもの・身体
2-対義・反対または対応の意味を表す字を重ねたもの・左右
3-修飾・上の字が下の字を修飾しているもの・洋画
4-目的・下の字が上の字の目的語・補語になっているもの・着火
5-打消・上の字が下の字の意味を打ち消しているもの・非常",5,,"**記号**・**構成のしかた**・**例**
1-類義・同じような意味の漢字を重ねたもの・身体
2-対義・反対または対応の意味を表す字を重ねたもの・左右
3-修飾・上の字が下の字を修飾しているもの・洋画
4-目的・下の字が上の字の目的語・補語になっているもの・着火
5-打消・上の字が下の字の意味を打ち消しているもの・非常",Text
"不備
**記号**・**構成のしかた**・**例**
1-類義・同じような意味の漢字を重ねたもの・身体
2-対義・反対または対応の意味を表す字を重ねたもの・左右
3-修飾・上の字が下の字を修飾しているもの・洋画
4-目的・下の字が上の字の目的語・補語になっているもの・着火
5-打消・上の字が下の字の意味を打ち消しているもの・非常",5,,"**記号**・**構成のしかた**・**例**
1-類義・同じような意味の漢字を重ねたもの・身体
2-対義・反対または対応の意味を表す字を重ねたもの・左右
3-修飾・上の字が下の字を修飾しているもの・洋画
4-目的・下の字が上の字の目的語・補語になっているもの・着火
5-打消・上の字が下の字の意味を打ち消しているもの・非常",Text
"功罪
**記号**・**構成のしかた**・**例**
1-類義・同じような意味の漢字を重ねたもの・身体
2-対義・反対または対応の意味を表す字を重ねたもの・左右
3-修飾・上の字が下の字を修飾しているもの・洋画
4-目的・下の字が上の字の目的語・補語になっているもの・着火
5-打消・上の字が下の字の意味を打ち消しているもの・非常",2,,"**記号**・**構成のしかた**・**例**
1-類義・同じような意味の漢字を重ねたもの・身体
2-対義・反対または対応の意味を表す字を重ねたもの・左右
3-修飾・上の字が下の字を修飾しているもの・洋画
4-目的・下の字が上の字の目的語・補語になっているもの・着火
5-打消・上の字が下の字の意味を打ち消しているもの・非常",Text
"美醜
**記号**・**構成のしかた**・**例**
1-類義・同じような意味の漢字を重ねたもの・身体
2-対義・反対または対応の意味を表す字を重ねたもの・左右
3-修飾・上の字が下の字を修飾しているもの・洋画
4-目的・下の字が上の字の目的語・補語になっているもの・着火
5-打消・上の字が下の字の意味を打ち消しているもの・非常",2,,"**記号**・**構成のしかた**・**例**
1-類義・同じような意味の漢字を重ねたもの・身体
2-対義・反対または対応の意味を表す字を重ねたもの・左右
3-修飾・上の字が下の字を修飾しているもの・洋画
4-目的・下の字が上の字の目的語・補語になっているもの・着火
5-打消・上の字が下の字の意味を打ち消しているもの・非常",Text
"多寡
**記号**・**構成のしかた**・**例**
1-類義・同じような意味の漢字を重ねたもの・身体
2-対義・反対または対応の意味を表す字を重ねたもの・左右
3-修飾・上の字が下の字を修飾しているもの・洋画
4-目的・下の字が上の字の目的語・補語になっているもの・着火
5-打消・上の字が下の字の意味を打ち消しているもの・非常",2,,"**記号**・**構成のしかた**・**例**
1-類義・同じような意味の漢字を重ねたもの・身体
2-対義・反対または対応の意味を表す字を重ねたもの・左右
3-修飾・上の字が下の字を修飾しているもの・洋画
4-目的・下の字が上の字の目的語・補語になっているもの・着火
5-打消・上の字が下の字の意味を打ち消しているもの・非常",Text
"哀歓
**記号**・**構成のしかた**・**例**
1-類義・同じような意味の漢字を重ねたもの・身体
2-対義・反対または対応の意味を表す字を重ねたもの・左右
3-修飾・上の字が下の字を修飾しているもの・洋画
4-目的・下の字が上の字の目的語・補語になっているもの・着火
5-打消・上の字が下の字の意味を打ち消しているもの・非常",2,,"**記号**・**構成のしかた**・**例**
1-類義・同じような意味の漢字を重ねたもの・身体
2-対義・反対または対応の意味を表す字を重ねたもの・左右
3-修飾・上の字が下の字を修飾しているもの・洋画
4-目的・下の字が上の字の目的語・補語になっているもの・着火
5-打消・上の字が下の字の意味を打ち消しているもの・非常",Text
"彼我
**記号**・**構成のしかた**・**例**
1-類義・同じような意味の漢字を重ねたもの・身体
2-対義・反対または対応の意味を表す字を重ねたもの・左右
3-修飾・上の字が下の字を修飾しているもの・洋画
4-目的・下の字が上の字の目的語・補語になっているもの・着火
5-打消・上の字が下の字の意味を打ち消しているもの・非常",2,,"**記号**・**構成のしかた**・**例**
1-類義・同じような意味の漢字を重ねたもの・身体
2-対義・反対または対応の意味を表す字を重ねたもの・左右
3-修飾・上の字が下の字を修飾しているもの・洋画
4-目的・下の字が上の字の目的語・補語になっているもの・着火
5-打消・上の字が下の字の意味を打ち消しているもの・非常",Text
"衆寡
**記号**・**構成のしかた**・**例**
1-類義・同じような意味の漢字を重ねたもの・身体
2-対義・反対または対応の意味を表す字を重ねたもの・左右
3-修飾・上の字が下の字を修飾しているもの・洋画
4-目的・下の字が上の字の目的語・補語になっているもの・着火
5-打消・上の字が下の字の意味を打ち消しているもの・非常",2,,"**記号**・**構成のしかた**・**例**
1-類義・同じような意味の漢字を重ねたもの・身体
2-対義・反対または対応の意味を表す字を重ねたもの・左右
3-修飾・上の字が下の字を修飾しているもの・洋画
4-目的・下の字が上の字の目的語・補語になっているもの・着火
5-打消・上の字が下の字の意味を打ち消しているもの・非常",Text
"需給
**記号**・**構成のしかた**・**例**
1-類義・同じような意味の漢字を重ねたもの・身体
2-対義・反対または対応の意味を表す字を重ねたもの・左右
3-修飾・上の字が下の字を修飾しているもの・洋画
4-目的・下の字が上の字の目的語・補語になっているもの・着火
5-打消・上の字が下の字の意味を打ち消しているもの・非常",2,,"**記号**・**構成のしかた**・**例**
1-類義・同じような意味の漢字を重ねたもの・身体
2-対義・反対または対応の意味を表す字を重ねたもの・左右
3-修飾・上の字が下の字を修飾しているもの・洋画
4-目的・下の字が上の字の目的語・補語になっているもの・着火
5-打消・上の字が下の字の意味を打ち消しているもの・非常",Text
"硬軟
**記号**・**構成のしかた**・**例**
1-類義・同じような意味の漢字を重ねたもの・身体
2-対義・反対または対応の意味を表す字を重ねたもの・左右
3-修飾・上の字が下の字を修飾しているもの・洋画
4-目的・下の字が上の字の目的語・補語になっているもの・着火
5-打消・上の字が下の字の意味を打ち消しているもの・非常",2,,"**記号**・**構成のしかた**・**例**
1-類義・同じような意味の漢字を重ねたもの・身体
2-対義・反対または対応の意味を表す字を重ねたもの・左右
3-修飾・上の字が下の字を修飾しているもの・洋画
4-目的・下の字が上の字の目的語・補語になっているもの・着火
5-打消・上の字が下の字の意味を打ち消しているもの・非常",Text
"去就
**記号**・**構成のしかた**・**例**
1-類義・同じような意味の漢字を重ねたもの・身体
2-対義・反対または対応の意味を表す字を重ねたもの・左右
3-修飾・上の字が下の字を修飾しているもの・洋画
4-目的・下の字が上の字の目的語・補語になっているもの・着火
5-打消・上の字が下の字の意味を打ち消しているもの・非常",2,,"**記号**・**構成のしかた**・**例**
1-類義・同じような意味の漢字を重ねたもの・身体
2-対義・反対または対応の意味を表す字を重ねたもの・左右
3-修飾・上の字が下の字を修飾しているもの・洋画
4-目的・下の字が上の字の目的語・補語になっているもの・着火
5-打消・上の字が下の字の意味を打ち消しているもの・非常",Text
"向背
**記号**・**構成のしかた**・**例**
1-類義・同じような意味の漢字を重ねたもの・身体
2-対義・反対または対応の意味を表す字を重ねたもの・左右
3-修飾・上の字が下の字を修飾しているもの・洋画
4-目的・下の字が上の字の目的語・補語になっているもの・着火
5-打消・上の字が下の字の意味を打ち消しているもの・非常",2,,"**記号**・**構成のしかた**・**例**
1-類義・同じような意味の漢字を重ねたもの・身体
2-対義・反対または対応の意味を表す字を重ねたもの・左右
3-修飾・上の字が下の字を修飾しているもの・洋画
4-目的・下の字が上の字の目的語・補語になっているもの・着火
5-打消・上の字が下の字の意味を打ち消しているもの・非常",Text
"清濁
**記号**・**構成のしかた**・**例**
1-類義・同じような意味の漢字を重ねたもの・身体
2-対義・反対または対応の意味を表す字を重ねたもの・左右
3-修飾・上の字が下の字を修飾しているもの・洋画
4-目的・下の字が上の字の目的語・補語になっているもの・着火
5-打消・上の字が下の字の意味を打ち消しているもの・非常",2,,"**記号**・**構成のしかた**・**例**
1-類義・同じような意味の漢字を重ねたもの・身体
2-対義・反対または対応の意味を表す字を重ねたもの・左右
3-修飾・上の字が下の字を修飾しているもの・洋画
4-目的・下の字が上の字の目的語・補語になっているもの・着火
5-打消・上の字が下の字の意味を打ち消しているもの・非常",Text
"尊卑
**記号**・**構成のしかた**・**例**
1-類義・同じような意味の漢字を重ねたもの・身体
2-対義・反対または対応の意味を表す字を重ねたもの・左右
3-修飾・上の字が下の字を修飾しているもの・洋画
4-目的・下の字が上の字の目的語・補語になっているもの・着火
5-打消・上の字が下の字の意味を打ち消しているもの・非常",2,,"**記号**・**構成のしかた**・**例**
1-類義・同じような意味の漢字を重ねたもの・身体
2-対義・反対または対応の意味を表す字を重ねたもの・左右
3-修飾・上の字が下の字を修飾しているもの・洋画
4-目的・下の字が上の字の目的語・補語になっているもの・着火
5-打消・上の字が下の字の意味を打ち消しているもの・非常",Text
"愛憎
**記号**・**構成のしかた**・**例**
1-類義・同じような意味の漢字を重ねたもの・身体
2-対義・反対または対応の意味を表す字を重ねたもの・左右
3-修飾・上の字が下の字を修飾しているもの・洋画
4-目的・下の字が上の字の目的語・補語になっているもの・着火
5-打消・上の字が下の字の意味を打ち消しているもの・非常",2,,"**記号**・**構成のしかた**・**例**
1-類義・同じような意味の漢字を重ねたもの・身体
2-対義・反対または対応の意味を表す字を重ねたもの・左右
3-修飾・上の字が下の字を修飾しているもの・洋画
4-目的・下の字が上の字の目的語・補語になっているもの・着火
5-打消・上の字が下の字の意味を打ち消しているもの・非常",Text
"疎密
**記号**・**構成のしかた**・**例**
1-類義・同じような意味の漢字を重ねたもの・身体
2-対義・反対または対応の意味を表す字を重ねたもの・左右
3-修飾・上の字が下の字を修飾しているもの・洋画
4-目的・下の字が上の字の目的語・補語になっているもの・着火
5-打消・上の字が下の字の意味を打ち消しているもの・非常",2,,"**記号**・**構成のしかた**・**例**
1-類義・同じような意味の漢字を重ねたもの・身体
2-対義・反対または対応の意味を表す字を重ねたもの・左右
3-修飾・上の字が下の字を修飾しているもの・洋画
4-目的・下の字が上の字の目的語・補語になっているもの・着火
5-打消・上の字が下の字の意味を打ち消しているもの・非常",Text
"出納
**記号**・**構成のしかた**・**例**
1-類義・同じような意味の漢字を重ねたもの・身体
2-対義・反対または対応の意味を表す字を重ねたもの・左右
3-修飾・上の字が下の字を修飾しているもの・洋画
4-目的・下の字が上の字の目的語・補語になっているもの・着火
5-打消・上の字が下の字の意味を打ち消しているもの・非常",2,,"**記号**・**構成のしかた**・**例**
1-類義・同じような意味の漢字を重ねたもの・身体
2-対義・反対または対応の意味を表す字を重ねたもの・左右
3-修飾・上の字が下の字を修飾しているもの・洋画
4-目的・下の字が上の字の目的語・補語になっているもの・着火
5-打消・上の字が下の字の意味を打ち消しているもの・非常",Text
"繁閑
**記号**・**構成のしかた**・**例**
1-類義・同じような意味の漢字を重ねたもの・身体
2-対義・反対または対応の意味を表す字を重ねたもの・左右
3-修飾・上の字が下の字を修飾しているもの・洋画
4-目的・下の字が上の字の目的語・補語になっているもの・着火
5-打消・上の字が下の字の意味を打ち消しているもの・非常",2,,"**記号**・**構成のしかた**・**例**
1-類義・同じような意味の漢字を重ねたもの・身体
2-対義・反対または対応の意味を表す字を重ねたもの・左右
3-修飾・上の字が下の字を修飾しているもの・洋画
4-目的・下の字が上の字の目的語・補語になっているもの・着火
5-打消・上の字が下の字の意味を打ち消しているもの・非常",Text
"送迎
**記号**・**構成のしかた**・**例**
1-類義・同じような意味の漢字を重ねたもの・身体
2-対義・反対または対応の意味を表す字を重ねたもの・左右
3-修飾・上の字が下の字を修飾しているもの・洋画
4-目的・下の字が上の字の目的語・補語になっているもの・着火
5-打消・上の字が下の字の意味を打ち消しているもの・非常",2,,"**記号**・**構成のしかた**・**例**
1-類義・同じような意味の漢字を重ねたもの・身体
2-対義・反対または対応の意味を表す字を重ねたもの・左右
3-修飾・上の字が下の字を修飾しているもの・洋画
4-目的・下の字が上の字の目的語・補語になっているもの・着火
5-打消・上の字が下の字の意味を打ち消しているもの・非常",Text
"乗除
**記号**・**構成のしかた**・**例**
1-類義・同じような意味の漢字を重ねたもの・身体
2-対義・反対または対応の意味を表す字を重ねたもの・左右
3-修飾・上の字が下の字を修飾しているもの・洋画
4-目的・下の字が上の字の目的語・補語になっているもの・着火
5-打消・上の字が下の字の意味を打ち消しているもの・非常",2,,"**記号**・**構成のしかた**・**例**
1-類義・同じような意味の漢字を重ねたもの・身体
2-対義・反対または対応の意味を表す字を重ねたもの・左右
3-修飾・上の字が下の字を修飾しているもの・洋画
4-目的・下の字が上の字の目的語・補語になっているもの・着火
5-打消・上の字が下の字の意味を打ち消しているもの・非常",Text
"添削
**記号**・**構成のしかた**・**例**
1-類義・同じような意味の漢字を重ねたもの・身体
2-対義・反対または対応の意味を表す字を重ねたもの・左右
3-修飾・上の字が下の字を修飾しているもの・洋画
4-目的・下の字が上の字の目的語・補語になっているもの・着火
5-打消・上の字が下の字の意味を打ち消しているもの・非常",2,,"**記号**・**構成のしかた**・**例**
1-類義・同じような意味の漢字を重ねたもの・身体
2-対義・反対または対応の意味を表す字を重ねたもの・左右
3-修飾・上の字が下の字を修飾しているもの・洋画
4-目的・下の字が上の字の目的語・補語になっているもの・着火
5-打消・上の字が下の字の意味を打ち消しているもの・非常",Text
"伸縮
**記号**・**構成のしかた**・**例**
1-類義・同じような意味の漢字を重ねたもの・身体
2-対義・反対または対応の意味を表す字を重ねたもの・左右
3-修飾・上の字が下の字を修飾しているもの・洋画
4-目的・下の字が上の字の目的語・補語になっているもの・着火
5-打消・上の字が下の字の意味を打ち消しているもの・非常",2,,"**記号**・**構成のしかた**・**例**
1-類義・同じような意味の漢字を重ねたもの・身体
2-対義・反対または対応の意味を表す字を重ねたもの・左右
3-修飾・上の字が下の字を修飾しているもの・洋画
4-目的・下の字が上の字の目的語・補語になっているもの・着火
5-打消・上の字が下の字の意味を打ち消しているもの・非常",Text
"毀誉
**記号**・**構成のしかた**・**例**
1-類義・同じような意味の漢字を重ねたもの・身体
2-対義・反対または対応の意味を表す字を重ねたもの・左右
3-修飾・上の字が下の字を修飾しているもの・洋画
4-目的・下の字が上の字の目的語・補語になっているもの・着火
5-打消・上の字が下の字の意味を打ち消しているもの・非常",2,,"**記号**・**構成のしかた**・**例**
1-類義・同じような意味の漢字を重ねたもの・身体
2-対義・反対または対応の意味を表す字を重ねたもの・左右
3-修飾・上の字が下の字を修飾しているもの・洋画
4-目的・下の字が上の字の目的語・補語になっているもの・着火
5-打消・上の字が下の字の意味を打ち消しているもの・非常",Text
"精粗
**記号**・**構成のしかた**・**例**
1-類義・同じような意味の漢字を重ねたもの・身体
2-対義・反対または対応の意味を表す字を重ねたもの・左右
3-修飾・上の字が下の字を修飾しているもの・洋画
4-目的・下の字が上の字の目的語・補語になっているもの・着火
5-打消・上の字が下の字の意味を打ち消しているもの・非常",2,,"**記号**・**構成のしかた**・**例**
1-類義・同じような意味の漢字を重ねたもの・身体
2-対義・反対または対応の意味を表す字を重ねたもの・左右
3-修飾・上の字が下の字を修飾しているもの・洋画
4-目的・下の字が上の字の目的語・補語になっているもの・着火
5-打消・上の字が下の字の意味を打ち消しているもの・非常",Text
"親疎
**記号**・**構成のしかた**・**例**
1-類義・同じような意味の漢字を重ねたもの・身体
2-対義・反対または対応の意味を表す字を重ねたもの・左右
3-修飾・上の字が下の字を修飾しているもの・洋画
4-目的・下の字が上の字の目的語・補語になっているもの・着火
5-打消・上の字が下の字の意味を打ち消しているもの・非常",2,,"**記号**・**構成のしかた**・**例**
1-類義・同じような意味の漢字を重ねたもの・身体
2-対義・反対または対応の意味を表す字を重ねたもの・左右
3-修飾・上の字が下の字を修飾しているもの・洋画
4-目的・下の字が上の字の目的語・補語になっているもの・着火
5-打消・上の字が下の字の意味を打ち消しているもの・非常",Text
"好悪
**記号**・**構成のしかた**・**例**
1-類義・同じような意味の漢字を重ねたもの・身体
2-対義・反対または対応の意味を表す字を重ねたもの・左右
3-修飾・上の字が下の字を修飾しているもの・洋画
4-目的・下の字が上の字の目的語・補語になっているもの・着火
5-打消・上の字が下の字の意味を打ち消しているもの・非常",2,,"**記号**・**構成のしかた**・**例**
1-類義・同じような意味の漢字を重ねたもの・身体
2-対義・反対または対応の意味を表す字を重ねたもの・左右
3-修飾・上の字が下の字を修飾しているもの・洋画
4-目的・下の字が上の字の目的語・補語になっているもの・着火
5-打消・上の字が下の字の意味を打ち消しているもの・非常",Text
"哀楽
**記号**・**構成のしかた**・**例**
1-類義・同じような意味の漢字を重ねたもの・身体
2-対義・反対または対応の意味を表す字を重ねたもの・左右
3-修飾・上の字が下の字を修飾しているもの・洋画
4-目的・下の字が上の字の目的語・補語になっているもの・着火
5-打消・上の字が下の字の意味を打ち消しているもの・非常",2,,"**記号**・**構成のしかた**・**例**
1-類義・同じような意味の漢字を重ねたもの・身体
2-対義・反対または対応の意味を表す字を重ねたもの・左右
3-修飾・上の字が下の字を修飾しているもの・洋画
4-目的・下の字が上の字の目的語・補語になっているもの・着火
5-打消・上の字が下の字の意味を打ち消しているもの・非常",Text
"隠顕
**記号**・**構成のしかた**・**例**
1-類義・同じような意味の漢字を重ねたもの・身体
2-対義・反対または対応の意味を表す字を重ねたもの・左右
3-修飾・上の字が下の字を修飾しているもの・洋画
4-目的・下の字が上の字の目的語・補語になっているもの・着火
5-打消・上の字が下の字の意味を打ち消しているもの・非常",2,,"**記号**・**構成のしかた**・**例**
1-類義・同じような意味の漢字を重ねたもの・身体
2-対義・反対または対応の意味を表す字を重ねたもの・左右
3-修飾・上の字が下の字を修飾しているもの・洋画
4-目的・下の字が上の字の目的語・補語になっているもの・着火
5-打消・上の字が下の字の意味を打ち消しているもの・非常",Text
"乾湿
**記号**・**構成のしかた**・**例**
1-類義・同じような意味の漢字を重ねたもの・身体
2-対義・反対または対応の意味を表す字を重ねたもの・左右
3-修飾・上の字が下の字を修飾しているもの・洋画
4-目的・下の字が上の字の目的語・補語になっているもの・着火
5-打消・上の字が下の字の意味を打ち消しているもの・非常",2,,"**記号**・**構成のしかた**・**例**
1-類義・同じような意味の漢字を重ねたもの・身体
2-対義・反対または対応の意味を表す字を重ねたもの・左右
3-修飾・上の字が下の字を修飾しているもの・洋画
4-目的・下の字が上の字の目的語・補語になっているもの・着火
5-打消・上の字が下の字の意味を打ち消しているもの・非常",Text
"広狭
**記号**・**構成のしかた**・**例**
1-類義・同じような意味の漢字を重ねたもの・身体
2-対義・反対または対応の意味を表す字を重ねたもの・左右
3-修飾・上の字が下の字を修飾しているもの・洋画
4-目的・下の字が上の字の目的語・補語になっているもの・着火
5-打消・上の字が下の字の意味を打ち消しているもの・非常",2,,"**記号**・**構成のしかた**・**例**
1-類義・同じような意味の漢字を重ねたもの・身体
2-対義・反対または対応の意味を表す字を重ねたもの・左右
3-修飾・上の字が下の字を修飾しているもの・洋画
4-目的・下の字が上の字の目的語・補語になっているもの・着火
5-打消・上の字が下の字の意味を打ち消しているもの・非常",Text
"旦夕
**記号**・**構成のしかた**・**例**
1-類義・同じような意味の漢字を重ねたもの・身体
2-対義・反対または対応の意味を表す字を重ねたもの・左右
3-修飾・上の字が下の字を修飾しているもの・洋画
4-目的・下の字が上の字の目的語・補語になっているもの・着火
5-打消・上の字が下の字の意味を打ち消しているもの・非常",2,,"**記号**・**構成のしかた**・**例**
1-類義・同じような意味の漢字を重ねたもの・身体
2-対義・反対または対応の意味を表す字を重ねたもの・左右
3-修飾・上の字が下の字を修飾しているもの・洋画
4-目的・下の字が上の字の目的語・補語になっているもの・着火
5-打消・上の字が下の字の意味を打ち消しているもの・非常",Text
"加減
**記号**・**構成のしかた**・**例**
1-類義・同じような意味の漢字を重ねたもの・身体
2-対義・反対または対応の意味を表す字を重ねたもの・左右
3-修飾・上の字が下の字を修飾しているもの・洋画
4-目的・下の字が上の字の目的語・補語になっているもの・着火
5-打消・上の字が下の字の意味を打ち消しているもの・非常",2,,"**記号**・**構成のしかた**・**例**
1-類義・同じような意味の漢字を重ねたもの・身体
2-対義・反対または対応の意味を表す字を重ねたもの・左右
3-修飾・上の字が下の字を修飾しているもの・洋画
4-目的・下の字が上の字の目的語・補語になっているもの・着火
5-打消・上の字が下の字の意味を打ち消しているもの・非常",Text
"早晩
**記号**・**構成のしかた**・**例**
1-類義・同じような意味の漢字を重ねたもの・身体
2-対義・反対または対応の意味を表す字を重ねたもの・左右
3-修飾・上の字が下の字を修飾しているもの・洋画
4-目的・下の字が上の字の目的語・補語になっているもの・着火
5-打消・上の字が下の字の意味を打ち消しているもの・非常",2,,"**記号**・**構成のしかた**・**例**
1-類義・同じような意味の漢字を重ねたもの・身体
2-対義・反対または対応の意味を表す字を重ねたもの・左右
3-修飾・上の字が下の字を修飾しているもの・洋画
4-目的・下の字が上の字の目的語・補語になっているもの・着火
5-打消・上の字が下の字の意味を打ち消しているもの・非常",Text
"慶弔
**記号**・**構成のしかた**・**例**
1-類義・同じような意味の漢字を重ねたもの・身体
2-対義・反対または対応の意味を表す字を重ねたもの・左右
3-修飾・上の字が下の字を修飾しているもの・洋画
4-目的・下の字が上の字の目的語・補語になっているもの・着火
5-打消・上の字が下の字の意味を打ち消しているもの・非常",2,,"**記号**・**構成のしかた**・**例**
1-類義・同じような意味の漢字を重ねたもの・身体
2-対義・反対または対応の意味を表す字を重ねたもの・左右
3-修飾・上の字が下の字を修飾しているもの・洋画
4-目的・下の字が上の字の目的語・補語になっているもの・着火
5-打消・上の字が下の字の意味を打ち消しているもの・非常",Text
"栄辱
**記号**・**構成のしかた**・**例**
1-類義・同じような意味の漢字を重ねたもの・身体
2-対義・反対または対応の意味を表す字を重ねたもの・左右
3-修飾・上の字が下の字を修飾しているもの・洋画
4-目的・下の字が上の字の目的語・補語になっているもの・着火
5-打消・上の字が下の字の意味を打ち消しているもの・非常",2,,"**記号**・**構成のしかた**・**例**
1-類義・同じような意味の漢字を重ねたもの・身体
2-対義・反対または対応の意味を表す字を重ねたもの・左右
3-修飾・上の字が下の字を修飾しているもの・洋画
4-目的・下の字が上の字の目的語・補語になっているもの・着火
5-打消・上の字が下の字の意味を打ち消しているもの・非常",Text
"抑揚
**記号**・**構成のしかた**・**例**
1-類義・同じような意味の漢字を重ねたもの・身体
2-対義・反対または対応の意味を表す字を重ねたもの・左右
3-修飾・上の字が下の字を修飾しているもの・洋画
4-目的・下の字が上の字の目的語・補語になっているもの・着火
5-打消・上の字が下の字の意味を打ち消しているもの・非常",2,,"**記号**・**構成のしかた**・**例**
1-類義・同じような意味の漢字を重ねたもの・身体
2-対義・反対または対応の意味を表す字を重ねたもの・左右
3-修飾・上の字が下の字を修飾しているもの・洋画
4-目的・下の字が上の字の目的語・補語になっているもの・着火
5-打消・上の字が下の字の意味を打ち消しているもの・非常",Text
"真偽
**記号**・**構成のしかた**・**例**
1-類義・同じような意味の漢字を重ねたもの・身体
2-対義・反対または対応の意味を表す字を重ねたもの・左右
3-修飾・上の字が下の字を修飾しているもの・洋画
4-目的・下の字が上の字の目的語・補語になっているもの・着火
5-打消・上の字が下の字の意味を打ち消しているもの・非常",2,,"**記号**・**構成のしかた**・**例**
1-類義・同じような意味の漢字を重ねたもの・身体
2-対義・反対または対応の意味を表す字を重ねたもの・左右
3-修飾・上の字が下の字を修飾しているもの・洋画
4-目的・下の字が上の字の目的語・補語になっているもの・着火
5-打消・上の字が下の字の意味を打ち消しているもの・非常",Text
"緩急
**記号**・**構成のしかた**・**例**
1-類義・同じような意味の漢字を重ねたもの・身体
2-対義・反対または対応の意味を表す字を重ねたもの・左右
3-修飾・上の字が下の字を修飾しているもの・洋画
4-目的・下の字が上の字の目的語・補語になっているもの・着火
5-打消・上の字が下の字の意味を打ち消しているもの・非常",2,,"**記号**・**構成のしかた**・**例**
1-類義・同じような意味の漢字を重ねたもの・身体
2-対義・反対または対応の意味を表す字を重ねたもの・左右
3-修飾・上の字が下の字を修飾しているもの・洋画
4-目的・下の字が上の字の目的語・補語になっているもの・着火
5-打消・上の字が下の字の意味を打ち消しているもの・非常",Text
"貸借
**記号**・**構成のしかた**・**例**
1-類義・同じような意味の漢字を重ねたもの・身体
2-対義・反対または対応の意味を表す字を重ねたもの・左右
3-修飾・上の字が下の字を修飾しているもの・洋画
4-目的・下の字が上の字の目的語・補語になっているもの・着火
5-打消・上の字が下の字の意味を打ち消しているもの・非常",2,,"**記号**・**構成のしかた**・**例**
1-類義・同じような意味の漢字を重ねたもの・身体
2-対義・反対または対応の意味を表す字を重ねたもの・左右
3-修飾・上の字が下の字を修飾しているもの・洋画
4-目的・下の字が上の字の目的語・補語になっているもの・着火
5-打消・上の字が下の字の意味を打ち消しているもの・非常",Text
"存廃
**記号**・**構成のしかた**・**例**
1-類義・同じような意味の漢字を重ねたもの・身体
2-対義・反対または対応の意味を表す字を重ねたもの・左右
3-修飾・上の字が下の字を修飾しているもの・洋画
4-目的・下の字が上の字の目的語・補語になっているもの・着火
5-打消・上の字が下の字の意味を打ち消しているもの・非常",2,,"**記号**・**構成のしかた**・**例**
1-類義・同じような意味の漢字を重ねたもの・身体
2-対義・反対または対応の意味を表す字を重ねたもの・左右
3-修飾・上の字が下の字を修飾しているもの・洋画
4-目的・下の字が上の字の目的語・補語になっているもの・着火
5-打消・上の字が下の字の意味を打ち消しているもの・非常",Text
"屈伸
**記号**・**構成のしかた**・**例**
1-類義・同じような意味の漢字を重ねたもの・身体
2-対義・反対または対応の意味を表す字を重ねたもの・左右
3-修飾・上の字が下の字を修飾しているもの・洋画
4-目的・下の字が上の字の目的語・補語になっているもの・着火
5-打消・上の字が下の字の意味を打ち消しているもの・非常",2,,"**記号**・**構成のしかた**・**例**
1-類義・同じような意味の漢字を重ねたもの・身体
2-対義・反対または対応の意味を表す字を重ねたもの・左右
3-修飾・上の字が下の字を修飾しているもの・洋画
4-目的・下の字が上の字の目的語・補語になっているもの・着火
5-打消・上の字が下の字の意味を打ち消しているもの・非常",Text
"吉凶
**記号**・**構成のしかた**・**例**
1-類義・同じような意味の漢字を重ねたもの・身体
2-対義・反対または対応の意味を表す字を重ねたもの・左右
3-修飾・上の字が下の字を修飾しているもの・洋画
4-目的・下の字が上の字の目的語・補語になっているもの・着火
5-打消・上の字が下の字の意味を打ち消しているもの・非常",2,,"**記号**・**構成のしかた**・**例**
1-類義・同じような意味の漢字を重ねたもの・身体
2-対義・反対または対応の意味を表す字を重ねたもの・左右
3-修飾・上の字が下の字を修飾しているもの・洋画
4-目的・下の字が上の字の目的語・補語になっているもの・着火
5-打消・上の字が下の字の意味を打ち消しているもの・非常",Text
"授受
**記号**・**構成のしかた**・**例**
1-類義・同じような意味の漢字を重ねたもの・身体
2-対義・反対または対応の意味を表す字を重ねたもの・左右
3-修飾・上の字が下の字を修飾しているもの・洋画
4-目的・下の字が上の字の目的語・補語になっているもの・着火
5-打消・上の字が下の字の意味を打ち消しているもの・非常",2,,"**記号**・**構成のしかた**・**例**
1-類義・同じような意味の漢字を重ねたもの・身体
2-対義・反対または対応の意味を表す字を重ねたもの・左右
3-修飾・上の字が下の字を修飾しているもの・洋画
4-目的・下の字が上の字の目的語・補語になっているもの・着火
5-打消・上の字が下の字の意味を打ち消しているもの・非常",Text
"明滅
**記号**・**構成のしかた**・**例**
1-類義・同じような意味の漢字を重ねたもの・身体
2-対義・反対または対応の意味を表す字を重ねたもの・左右
3-修飾・上の字が下の字を修飾しているもの・洋画
4-目的・下の字が上の字の目的語・補語になっているもの・着火
5-打消・上の字が下の字の意味を打ち消しているもの・非常",2,,"**記号**・**構成のしかた**・**例**
1-類義・同じような意味の漢字を重ねたもの・身体
2-対義・反対または対応の意味を表す字を重ねたもの・左右
3-修飾・上の字が下の字を修飾しているもの・洋画
4-目的・下の字が上の字の目的語・補語になっているもの・着火
5-打消・上の字が下の字の意味を打ち消しているもの・非常",Text
"往還
**記号**・**構成のしかた**・**例**
1-類義・同じような意味の漢字を重ねたもの・身体
2-対義・反対または対応の意味を表す字を重ねたもの・左右
3-修飾・上の字が下の字を修飾しているもの・洋画
4-目的・下の字が上の字の目的語・補語になっているもの・着火
5-打消・上の字が下の字の意味を打ち消しているもの・非常",2,,"**記号**・**構成のしかた**・**例**
1-類義・同じような意味の漢字を重ねたもの・身体
2-対義・反対または対応の意味を表す字を重ねたもの・左右
3-修飾・上の字が下の字を修飾しているもの・洋画
4-目的・下の字が上の字の目的語・補語になっているもの・着火
5-打消・上の字が下の字の意味を打ち消しているもの・非常",Text
"出没
**記号**・**構成のしかた**・**例**
1-類義・同じような意味の漢字を重ねたもの・身体
2-対義・反対または対応の意味を表す字を重ねたもの・左右
3-修飾・上の字が下の字を修飾しているもの・洋画
4-目的・下の字が上の字の目的語・補語になっているもの・着火
5-打消・上の字が下の字の意味を打ち消しているもの・非常",2,,"**記号**・**構成のしかた**・**例**
1-類義・同じような意味の漢字を重ねたもの・身体
2-対義・反対または対応の意味を表す字を重ねたもの・左右
3-修飾・上の字が下の字を修飾しているもの・洋画
4-目的・下の字が上の字の目的語・補語になっているもの・着火
5-打消・上の字が下の字の意味を打ち消しているもの・非常",Text
"贈答
**記号**・**構成のしかた**・**例**
1-類義・同じような意味の漢字を重ねたもの・身体
2-対義・反対または対応の意味を表す字を重ねたもの・左右
3-修飾・上の字が下の字を修飾しているもの・洋画
4-目的・下の字が上の字の目的語・補語になっているもの・着火
5-打消・上の字が下の字の意味を打ち消しているもの・非常",2,,"**記号**・**構成のしかた**・**例**
1-類義・同じような意味の漢字を重ねたもの・身体
2-対義・反対または対応の意味を表す字を重ねたもの・左右
3-修飾・上の字が下の字を修飾しているもの・洋画
4-目的・下の字が上の字の目的語・補語になっているもの・着火
5-打消・上の字が下の字の意味を打ち消しているもの・非常",Text
"濃淡
**記号**・**構成のしかた**・**例**
1-類義・同じような意味の漢字を重ねたもの・身体
2-対義・反対または対応の意味を表す字を重ねたもの・左右
3-修飾・上の字が下の字を修飾しているもの・洋画
4-目的・下の字が上の字の目的語・補語になっているもの・着火
5-打消・上の字が下の字の意味を打ち消しているもの・非常",2,,"**記号**・**構成のしかた**・**例**
1-類義・同じような意味の漢字を重ねたもの・身体
2-対義・反対または対応の意味を表す字を重ねたもの・左右
3-修飾・上の字が下の字を修飾しているもの・洋画
4-目的・下の字が上の字の目的語・補語になっているもの・着火
5-打消・上の字が下の字の意味を打ち消しているもの・非常",Text
"終始
**記号**・**構成のしかた**・**例**
1-類義・同じような意味の漢字を重ねたもの・身体
2-対義・反対または対応の意味を表す字を重ねたもの・左右
3-修飾・上の字が下の字を修飾しているもの・洋画
4-目的・下の字が上の字の目的語・補語になっているもの・着火
5-打消・上の字が下の字の意味を打ち消しているもの・非常",2,,"**記号**・**構成のしかた**・**例**
1-類義・同じような意味の漢字を重ねたもの・身体
2-対義・反対または対応の意味を表す字を重ねたもの・左右
3-修飾・上の字が下の字を修飾しているもの・洋画
4-目的・下の字が上の字の目的語・補語になっているもの・着火
5-打消・上の字が下の字の意味を打ち消しているもの・非常",Text
"雅俗
**記号**・**構成のしかた**・**例**
1-類義・同じような意味の漢字を重ねたもの・身体
2-対義・反対または対応の意味を表す字を重ねたもの・左右
3-修飾・上の字が下の字を修飾しているもの・洋画
4-目的・下の字が上の字の目的語・補語になっているもの・着火
5-打消・上の字が下の字の意味を打ち消しているもの・非常",2,,"**記号**・**構成のしかた**・**例**
1-類義・同じような意味の漢字を重ねたもの・身体
2-対義・反対または対応の意味を表す字を重ねたもの・左右
3-修飾・上の字が下の字を修飾しているもの・洋画
4-目的・下の字が上の字の目的語・補語になっているもの・着火
5-打消・上の字が下の字の意味を打ち消しているもの・非常",Text
"点滅
**記号**・**構成のしかた**・**例**
1-類義・同じような意味の漢字を重ねたもの・身体
2-対義・反対または対応の意味を表す字を重ねたもの・左右
3-修飾・上の字が下の字を修飾しているもの・洋画
4-目的・下の字が上の字の目的語・補語になっているもの・着火
5-打消・上の字が下の字の意味を打ち消しているもの・非常",2,,"**記号**・**構成のしかた**・**例**
1-類義・同じような意味の漢字を重ねたもの・身体
2-対義・反対または対応の意味を表す字を重ねたもの・左右
3-修飾・上の字が下の字を修飾しているもの・洋画
4-目的・下の字が上の字の目的語・補語になっているもの・着火
5-打消・上の字が下の字の意味を打ち消しているもの・非常",Text
"不慮
**記号**・**構成のしかた**・**例**
1-類義・同じような意味の漢字を重ねたもの・身体
2-対義・反対または対応の意味を表す字を重ねたもの・左右
3-修飾・上の字が下の字を修飾しているもの・洋画
4-目的・下の字が上の字の目的語・補語になっているもの・着火
5-打消・上の字が下の字の意味を打ち消しているもの・非常",2,,"**記号**・**構成のしかた**・**例**
1-類義・同じような意味の漢字を重ねたもの・身体
2-対義・反対または対応の意味を表す字を重ねたもの・左右
3-修飾・上の字が下の字を修飾しているもの・洋画
4-目的・下の字が上の字の目的語・補語になっているもの・着火
5-打消・上の字が下の字の意味を打ち消しているもの・非常",Text
"虚実
**記号**・**構成のしかた**・**例**
1-類義・同じような意味の漢字を重ねたもの・身体
2-対義・反対または対応の意味を表す字を重ねたもの・左右
3-修飾・上の字が下の字を修飾しているもの・洋画
4-目的・下の字が上の字の目的語・補語になっているもの・着火
5-打消・上の字が下の字の意味を打ち消しているもの・非常",2,,"**記号**・**構成のしかた**・**例**
1-類義・同じような意味の漢字を重ねたもの・身体
2-対義・反対または対応の意味を表す字を重ねたもの・左右
3-修飾・上の字が下の字を修飾しているもの・洋画
4-目的・下の字が上の字の目的語・補語になっているもの・着火
5-打消・上の字が下の字の意味を打ち消しているもの・非常",Text
"任免
**記号**・**構成のしかた**・**例**
1-類義・同じような意味の漢字を重ねたもの・身体
2-対義・反対または対応の意味を表す字を重ねたもの・左右
3-修飾・上の字が下の字を修飾しているもの・洋画
4-目的・下の字が上の字の目的語・補語になっているもの・着火
5-打消・上の字が下の字の意味を打ち消しているもの・非常",2,,"**記号**・**構成のしかた**・**例**
1-類義・同じような意味の漢字を重ねたもの・身体
2-対義・反対または対応の意味を表す字を重ねたもの・左右
3-修飾・上の字が下の字を修飾しているもの・洋画
4-目的・下の字が上の字の目的語・補語になっているもの・着火
5-打消・上の字が下の字の意味を打ち消しているもの・非常",Text
"方円
**記号**・**構成のしかた**・**例**
1-類義・同じような意味の漢字を重ねたもの・身体
2-対義・反対または対応の意味を表す字を重ねたもの・左右
3-修飾・上の字が下の字を修飾しているもの・洋画
4-目的・下の字が上の字の目的語・補語になっているもの・着火
5-打消・上の字が下の字の意味を打ち消しているもの・非常",2,,"**記号**・**構成のしかた**・**例**
1-類義・同じような意味の漢字を重ねたもの・身体
2-対義・反対または対応の意味を表す字を重ねたもの・左右
3-修飾・上の字が下の字を修飾しているもの・洋画
4-目的・下の字が上の字の目的語・補語になっているもの・着火
5-打消・上の字が下の字の意味を打ち消しているもの・非常",Text
"起伏
**記号**・**構成のしかた**・**例**
1-類義・同じような意味の漢字を重ねたもの・身体
2-対義・反対または対応の意味を表す字を重ねたもの・左右
3-修飾・上の字が下の字を修飾しているもの・洋画
4-目的・下の字が上の字の目的語・補語になっているもの・着火
5-打消・上の字が下の字の意味を打ち消しているもの・非常",2,,"**記号**・**構成のしかた**・**例**
1-類義・同じような意味の漢字を重ねたもの・身体
2-対義・反対または対応の意味を表す字を重ねたもの・左右
3-修飾・上の字が下の字を修飾しているもの・洋画
4-目的・下の字が上の字の目的語・補語になっているもの・着火
5-打消・上の字が下の字の意味を打ち消しているもの・非常",Text
"寛厳
**記号**・**構成のしかた**・**例**
1-類義・同じような意味の漢字を重ねたもの・身体
2-対義・反対または対応の意味を表す字を重ねたもの・左右
3-修飾・上の字が下の字を修飾しているもの・洋画
4-目的・下の字が上の字の目的語・補語になっているもの・着火
5-打消・上の字が下の字の意味を打ち消しているもの・非常",2,,"**記号**・**構成のしかた**・**例**
1-類義・同じような意味の漢字を重ねたもの・身体
2-対義・反対または対応の意味を表す字を重ねたもの・左右
3-修飾・上の字が下の字を修飾しているもの・洋画
4-目的・下の字が上の字の目的語・補語になっているもの・着火
5-打消・上の字が下の字の意味を打ち消しているもの・非常",Text
"首尾
**記号**・**構成のしかた**・**例**
1-類義・同じような意味の漢字を重ねたもの・身体
2-対義・反対または対応の意味を表す字を重ねたもの・左右
3-修飾・上の字が下の字を修飾しているもの・洋画
4-目的・下の字が上の字の目的語・補語になっているもの・着火
5-打消・上の字が下の字の意味を打ち消しているもの・非常",2,,"**記号**・**構成のしかた**・**例**
1-類義・同じような意味の漢字を重ねたもの・身体
2-対義・反対または対応の意味を表す字を重ねたもの・左右
3-修飾・上の字が下の字を修飾しているもの・洋画
4-目的・下の字が上の字の目的語・補語になっているもの・着火
5-打消・上の字が下の字の意味を打ち消しているもの・非常",Text
"諾否
**記号**・**構成のしかた**・**例**
1-類義・同じような意味の漢字を重ねたもの・身体
2-対義・反対または対応の意味を表す字を重ねたもの・左右
3-修飾・上の字が下の字を修飾しているもの・洋画
4-目的・下の字が上の字の目的語・補語になっているもの・着火
5-打消・上の字が下の字の意味を打ち消しているもの・非常",2,,"**記号**・**構成のしかた**・**例**
1-類義・同じような意味の漢字を重ねたもの・身体
2-対義・反対または対応の意味を表す字を重ねたもの・左右
3-修飾・上の字が下の字を修飾しているもの・洋画
4-目的・下の字が上の字の目的語・補語になっているもの・着火
5-打消・上の字が下の字の意味を打ち消しているもの・非常",Text
"経緯
**記号**・**構成のしかた**・**例**
1-類義・同じような意味の漢字を重ねたもの・身体
2-対義・反対または対応の意味を表す字を重ねたもの・左右
3-修飾・上の字が下の字を修飾しているもの・洋画
4-目的・下の字が上の字の目的語・補語になっているもの・着火
5-打消・上の字が下の字の意味を打ち消しているもの・非常",2,,"**記号**・**構成のしかた**・**例**
1-類義・同じような意味の漢字を重ねたもの・身体
2-対義・反対または対応の意味を表す字を重ねたもの・左右
3-修飾・上の字が下の字を修飾しているもの・洋画
4-目的・下の字が上の字の目的語・補語になっているもの・着火
5-打消・上の字が下の字の意味を打ち消しているもの・非常",Text
"得喪
**記号**・**構成のしかた**・**例**
1-類義・同じような意味の漢字を重ねたもの・身体
2-対義・反対または対応の意味を表す字を重ねたもの・左右
3-修飾・上の字が下の字を修飾しているもの・洋画
4-目的・下の字が上の字の目的語・補語になっているもの・着火
5-打消・上の字が下の字の意味を打ち消しているもの・非常",2,,"**記号**・**構成のしかた**・**例**
1-類義・同じような意味の漢字を重ねたもの・身体
2-対義・反対または対応の意味を表す字を重ねたもの・左右
3-修飾・上の字が下の字を修飾しているもの・洋画
4-目的・下の字が上の字の目的語・補語になっているもの・着火
5-打消・上の字が下の字の意味を打ち消しているもの・非常",Text
"因果
**記号**・**構成のしかた**・**例**
1-類義・同じような意味の漢字を重ねたもの・身体
2-対義・反対または対応の意味を表す字を重ねたもの・左右
3-修飾・上の字が下の字を修飾しているもの・洋画
4-目的・下の字が上の字の目的語・補語になっているもの・着火
5-打消・上の字が下の字の意味を打ち消しているもの・非常",2,,"**記号**・**構成のしかた**・**例**
1-類義・同じような意味の漢字を重ねたもの・身体
2-対義・反対または対応の意味を表す字を重ねたもの・左右
3-修飾・上の字が下の字を修飾しているもの・洋画
4-目的・下の字が上の字の目的語・補語になっているもの・着火
5-打消・上の字が下の字の意味を打ち消しているもの・非常",Text
"興廃
**記号**・**構成のしかた**・**例**
1-類義・同じような意味の漢字を重ねたもの・身体
2-対義・反対または対応の意味を表す字を重ねたもの・左右
3-修飾・上の字が下の字を修飾しているもの・洋画
4-目的・下の字が上の字の目的語・補語になっているもの・着火
5-打消・上の字が下の字の意味を打ち消しているもの・非常",2,,"**記号**・**構成のしかた**・**例**
1-類義・同じような意味の漢字を重ねたもの・身体
2-対義・反対または対応の意味を表す字を重ねたもの・左右
3-修飾・上の字が下の字を修飾しているもの・洋画
4-目的・下の字が上の字の目的語・補語になっているもの・着火
5-打消・上の字が下の字の意味を打ち消しているもの・非常",Text
"師弟
**記号**・**構成のしかた**・**例**
1-類義・同じような意味の漢字を重ねたもの・身体
2-対義・反対または対応の意味を表す字を重ねたもの・左右
3-修飾・上の字が下の字を修飾しているもの・洋画
4-目的・下の字が上の字の目的語・補語になっているもの・着火
5-打消・上の字が下の字の意味を打ち消しているもの・非常",2,,"**記号**・**構成のしかた**・**例**
1-類義・同じような意味の漢字を重ねたもの・身体
2-対義・反対または対応の意味を表す字を重ねたもの・左右
3-修飾・上の字が下の字を修飾しているもの・洋画
4-目的・下の字が上の字の目的語・補語になっているもの・着火
5-打消・上の字が下の字の意味を打ち消しているもの・非常",Text
"岐路
**記号**・**構成のしかた**・**例**
1-類義・同じような意味の漢字を重ねたもの・身体
2-対義・反対または対応の意味を表す字を重ねたもの・左右
3-修飾・上の字が下の字を修飾しているもの・洋画
4-目的・下の字が上の字の目的語・補語になっているもの・着火
5-打消・上の字が下の字の意味を打ち消しているもの・非常",3,,"**記号**・**構成のしかた**・**例**
1-類義・同じような意味の漢字を重ねたもの・身体
2-対義・反対または対応の意味を表す字を重ねたもの・左右
3-修飾・上の字が下の字を修飾しているもの・洋画
4-目的・下の字が上の字の目的語・補語になっているもの・着火
5-打消・上の字が下の字の意味を打ち消しているもの・非常",Text
"漸減
**記号**・**構成のしかた**・**例**
1-類義・同じような意味の漢字を重ねたもの・身体
2-対義・反対または対応の意味を表す字を重ねたもの・左右
3-修飾・上の字が下の字を修飾しているもの・洋画
4-目的・下の字が上の字の目的語・補語になっているもの・着火
5-打消・上の字が下の字の意味を打ち消しているもの・非常",3,,"**記号**・**構成のしかた**・**例**
1-類義・同じような意味の漢字を重ねたもの・身体
2-対義・反対または対応の意味を表す字を重ねたもの・左右
3-修飾・上の字が下の字を修飾しているもの・洋画
4-目的・下の字が上の字の目的語・補語になっているもの・着火
5-打消・上の字が下の字の意味を打ち消しているもの・非常",Text
"独吟
**記号**・**構成のしかた**・**例**
1-類義・同じような意味の漢字を重ねたもの・身体
2-対義・反対または対応の意味を表す字を重ねたもの・左右
3-修飾・上の字が下の字を修飾しているもの・洋画
4-目的・下の字が上の字の目的語・補語になっているもの・着火
5-打消・上の字が下の字の意味を打ち消しているもの・非常",3,,"**記号**・**構成のしかた**・**例**
1-類義・同じような意味の漢字を重ねたもの・身体
2-対義・反対または対応の意味を表す字を重ねたもの・左右
3-修飾・上の字が下の字を修飾しているもの・洋画
4-目的・下の字が上の字の目的語・補語になっているもの・着火
5-打消・上の字が下の字の意味を打ち消しているもの・非常",Text
"頒価
**記号**・**構成のしかた**・**例**
1-類義・同じような意味の漢字を重ねたもの・身体
2-対義・反対または対応の意味を表す字を重ねたもの・左右
3-修飾・上の字が下の字を修飾しているもの・洋画
4-目的・下の字が上の字の目的語・補語になっているもの・着火
5-打消・上の字が下の字の意味を打ち消しているもの・非常",3,,"**記号**・**構成のしかた**・**例**
1-類義・同じような意味の漢字を重ねたもの・身体
2-対義・反対または対応の意味を表す字を重ねたもの・左右
3-修飾・上の字が下の字を修飾しているもの・洋画
4-目的・下の字が上の字の目的語・補語になっているもの・着火
5-打消・上の字が下の字の意味を打ち消しているもの・非常",Text
"佳境
**記号**・**構成のしかた**・**例**
1-類義・同じような意味の漢字を重ねたもの・身体
2-対義・反対または対応の意味を表す字を重ねたもの・左右
3-修飾・上の字が下の字を修飾しているもの・洋画
4-目的・下の字が上の字の目的語・補語になっているもの・着火
5-打消・上の字が下の字の意味を打ち消しているもの・非常",3,,"**記号**・**構成のしかた**・**例**
1-類義・同じような意味の漢字を重ねたもの・身体
2-対義・反対または対応の意味を表す字を重ねたもの・左右
3-修飾・上の字が下の字を修飾しているもの・洋画
4-目的・下の字が上の字の目的語・補語になっているもの・着火
5-打消・上の字が下の字の意味を打ち消しているもの・非常",Text
"懇請
**記号**・**構成のしかた**・**例**
1-類義・同じような意味の漢字を重ねたもの・身体
2-対義・反対または対応の意味を表す字を重ねたもの・左右
3-修飾・上の字が下の字を修飾しているもの・洋画
4-目的・下の字が上の字の目的語・補語になっているもの・着火
5-打消・上の字が下の字の意味を打ち消しているもの・非常",3,,"**記号**・**構成のしかた**・**例**
1-類義・同じような意味の漢字を重ねたもの・身体
2-対義・反対または対応の意味を表す字を重ねたもの・左右
3-修飾・上の字が下の字を修飾しているもの・洋画
4-目的・下の字が上の字の目的語・補語になっているもの・着火
5-打消・上の字が下の字の意味を打ち消しているもの・非常",Text
"淑女
**記号**・**構成のしかた**・**例**
1-類義・同じような意味の漢字を重ねたもの・身体
2-対義・反対または対応の意味を表す字を重ねたもの・左右
3-修飾・上の字が下の字を修飾しているもの・洋画
4-目的・下の字が上の字の目的語・補語になっているもの・着火
5-打消・上の字が下の字の意味を打ち消しているもの・非常",3,,"**記号**・**構成のしかた**・**例**
1-類義・同じような意味の漢字を重ねたもの・身体
2-対義・反対または対応の意味を表す字を重ねたもの・左右
3-修飾・上の字が下の字を修飾しているもの・洋画
4-目的・下の字が上の字の目的語・補語になっているもの・着火
5-打消・上の字が下の字の意味を打ち消しているもの・非常",Text
"繊毛
**記号**・**構成のしかた**・**例**
1-類義・同じような意味の漢字を重ねたもの・身体
2-対義・反対または対応の意味を表す字を重ねたもの・左右
3-修飾・上の字が下の字を修飾しているもの・洋画
4-目的・下の字が上の字の目的語・補語になっているもの・着火
5-打消・上の字が下の字の意味を打ち消しているもの・非常",3,,"**記号**・**構成のしかた**・**例**
1-類義・同じような意味の漢字を重ねたもの・身体
2-対義・反対または対応の意味を表す字を重ねたもの・左右
3-修飾・上の字が下の字を修飾しているもの・洋画
4-目的・下の字が上の字の目的語・補語になっているもの・着火
5-打消・上の字が下の字の意味を打ち消しているもの・非常",Text
"盲信
**記号**・**構成のしかた**・**例**
1-類義・同じような意味の漢字を重ねたもの・身体
2-対義・反対または対応の意味を表す字を重ねたもの・左右
3-修飾・上の字が下の字を修飾しているもの・洋画
4-目的・下の字が上の字の目的語・補語になっているもの・着火
5-打消・上の字が下の字の意味を打ち消しているもの・非常",3,,"**記号**・**構成のしかた**・**例**
1-類義・同じような意味の漢字を重ねたもの・身体
2-対義・反対または対応の意味を表す字を重ねたもの・左右
3-修飾・上の字が下の字を修飾しているもの・洋画
4-目的・下の字が上の字の目的語・補語になっているもの・着火
5-打消・上の字が下の字の意味を打ち消しているもの・非常",Text
"乾麺
**記号**・**構成のしかた**・**例**
1-類義・同じような意味の漢字を重ねたもの・身体
2-対義・反対または対応の意味を表す字を重ねたもの・左右
3-修飾・上の字が下の字を修飾しているもの・洋画
4-目的・下の字が上の字の目的語・補語になっているもの・着火
5-打消・上の字が下の字の意味を打ち消しているもの・非常",3,,"**記号**・**構成のしかた**・**例**
1-類義・同じような意味の漢字を重ねたもの・身体
2-対義・反対または対応の意味を表す字を重ねたもの・左右
3-修飾・上の字が下の字を修飾しているもの・洋画
4-目的・下の字が上の字の目的語・補語になっているもの・着火
5-打消・上の字が下の字の意味を打ち消しているもの・非常",Text
"甚大
**記号**・**構成のしかた**・**例**
1-類義・同じような意味の漢字を重ねたもの・身体
2-対義・反対または対応の意味を表す字を重ねたもの・左右
3-修飾・上の字が下の字を修飾しているもの・洋画
4-目的・下の字が上の字の目的語・補語になっているもの・着火
5-打消・上の字が下の字の意味を打ち消しているもの・非常",3,,"**記号**・**構成のしかた**・**例**
1-類義・同じような意味の漢字を重ねたもの・身体
2-対義・反対または対応の意味を表す字を重ねたもの・左右
3-修飾・上の字が下の字を修飾しているもの・洋画
4-目的・下の字が上の字の目的語・補語になっているもの・着火
5-打消・上の字が下の字の意味を打ち消しているもの・非常",Text
"貴賓
**記号**・**構成のしかた**・**例**
1-類義・同じような意味の漢字を重ねたもの・身体
2-対義・反対または対応の意味を表す字を重ねたもの・左右
3-修飾・上の字が下の字を修飾しているもの・洋画
4-目的・下の字が上の字の目的語・補語になっているもの・着火
5-打消・上の字が下の字の意味を打ち消しているもの・非常",3,,"**記号**・**構成のしかた**・**例**
1-類義・同じような意味の漢字を重ねたもの・身体
2-対義・反対または対応の意味を表す字を重ねたもの・左右
3-修飾・上の字が下の字を修飾しているもの・洋画
4-目的・下の字が上の字の目的語・補語になっているもの・着火
5-打消・上の字が下の字の意味を打ち消しているもの・非常",Text
"佳作
**記号**・**構成のしかた**・**例**
1-類義・同じような意味の漢字を重ねたもの・身体
2-対義・反対または対応の意味を表す字を重ねたもの・左右
3-修飾・上の字が下の字を修飾しているもの・洋画
4-目的・下の字が上の字の目的語・補語になっているもの・着火
5-打消・上の字が下の字の意味を打ち消しているもの・非常",3,,"**記号**・**構成のしかた**・**例**
1-類義・同じような意味の漢字を重ねたもの・身体
2-対義・反対または対応の意味を表す字を重ねたもの・左右
3-修飾・上の字が下の字を修飾しているもの・洋画
4-目的・下の字が上の字の目的語・補語になっているもの・着火
5-打消・上の字が下の字の意味を打ち消しているもの・非常",Text
"抹茶
**記号**・**構成のしかた**・**例**
1-類義・同じような意味の漢字を重ねたもの・身体
2-対義・反対または対応の意味を表す字を重ねたもの・左右
3-修飾・上の字が下の字を修飾しているもの・洋画
4-目的・下の字が上の字の目的語・補語になっているもの・着火
5-打消・上の字が下の字の意味を打ち消しているもの・非常",3,,"**記号**・**構成のしかた**・**例**
1-類義・同じような意味の漢字を重ねたもの・身体
2-対義・反対または対応の意味を表す字を重ねたもの・左右
3-修飾・上の字が下の字を修飾しているもの・洋画
4-目的・下の字が上の字の目的語・補語になっているもの・着火
5-打消・上の字が下の字の意味を打ち消しているもの・非常",Text
"酷似
**記号**・**構成のしかた**・**例**
1-類義・同じような意味の漢字を重ねたもの・身体
2-対義・反対または対応の意味を表す字を重ねたもの・左右
3-修飾・上の字が下の字を修飾しているもの・洋画
4-目的・下の字が上の字の目的語・補語になっているもの・着火
5-打消・上の字が下の字の意味を打ち消しているもの・非常",3,,"**記号**・**構成のしかた**・**例**
1-類義・同じような意味の漢字を重ねたもの・身体
2-対義・反対または対応の意味を表す字を重ねたもの・左右
3-修飾・上の字が下の字を修飾しているもの・洋画
4-目的・下の字が上の字の目的語・補語になっているもの・着火
5-打消・上の字が下の字の意味を打ち消しているもの・非常",Text
"渋柿
**記号**・**構成のしかた**・**例**
1-類義・同じような意味の漢字を重ねたもの・身体
2-対義・反対または対応の意味を表す字を重ねたもの・左右
3-修飾・上の字が下の字を修飾しているもの・洋画
4-目的・下の字が上の字の目的語・補語になっているもの・着火
5-打消・上の字が下の字の意味を打ち消しているもの・非常",3,,"**記号**・**構成のしかた**・**例**
1-類義・同じような意味の漢字を重ねたもの・身体
2-対義・反対または対応の意味を表す字を重ねたもの・左右
3-修飾・上の字が下の字を修飾しているもの・洋画
4-目的・下の字が上の字の目的語・補語になっているもの・着火
5-打消・上の字が下の字の意味を打ち消しているもの・非常",Text
"溺愛
**記号**・**構成のしかた**・**例**
1-類義・同じような意味の漢字を重ねたもの・身体
2-対義・反対または対応の意味を表す字を重ねたもの・左右
3-修飾・上の字が下の字を修飾しているもの・洋画
4-目的・下の字が上の字の目的語・補語になっているもの・着火
5-打消・上の字が下の字の意味を打ち消しているもの・非常",3,,"**記号**・**構成のしかた**・**例**
1-類義・同じような意味の漢字を重ねたもの・身体
2-対義・反対または対応の意味を表す字を重ねたもの・左右
3-修飾・上の字が下の字を修飾しているもの・洋画
4-目的・下の字が上の字の目的語・補語になっているもの・着火
5-打消・上の字が下の字の意味を打ち消しているもの・非常",Text
"余韻
**記号**・**構成のしかた**・**例**
1-類義・同じような意味の漢字を重ねたもの・身体
2-対義・反対または対応の意味を表す字を重ねたもの・左右
3-修飾・上の字が下の字を修飾しているもの・洋画
4-目的・下の字が上の字の目的語・補語になっているもの・着火
5-打消・上の字が下の字の意味を打ち消しているもの・非常",3,,"**記号**・**構成のしかた**・**例**
1-類義・同じような意味の漢字を重ねたもの・身体
2-対義・反対または対応の意味を表す字を重ねたもの・左右
3-修飾・上の字が下の字を修飾しているもの・洋画
4-目的・下の字が上の字の目的語・補語になっているもの・着火
5-打消・上の字が下の字の意味を打ち消しているもの・非常",Text
"廃屋
**記号**・**構成のしかた**・**例**
1-類義・同じような意味の漢字を重ねたもの・身体
2-対義・反対または対応の意味を表す字を重ねたもの・左右
3-修飾・上の字が下の字を修飾しているもの・洋画
4-目的・下の字が上の字の目的語・補語になっているもの・着火
5-打消・上の字が下の字の意味を打ち消しているもの・非常",3,,"**記号**・**構成のしかた**・**例**
1-類義・同じような意味の漢字を重ねたもの・身体
2-対義・反対または対応の意味を表す字を重ねたもの・左右
3-修飾・上の字が下の字を修飾しているもの・洋画
4-目的・下の字が上の字の目的語・補語になっているもの・着火
5-打消・上の字が下の字の意味を打ち消しているもの・非常",Text
"懇願
**記号**・**構成のしかた**・**例**
1-類義・同じような意味の漢字を重ねたもの・身体
2-対義・反対または対応の意味を表す字を重ねたもの・左右
3-修飾・上の字が下の字を修飾しているもの・洋画
4-目的・下の字が上の字の目的語・補語になっているもの・着火
5-打消・上の字が下の字の意味を打ち消しているもの・非常",3,,"**記号**・**構成のしかた**・**例**
1-類義・同じような意味の漢字を重ねたもの・身体
2-対義・反対または対応の意味を表す字を重ねたもの・左右
3-修飾・上の字が下の字を修飾しているもの・洋画
4-目的・下の字が上の字の目的語・補語になっているもの・着火
5-打消・上の字が下の字の意味を打ち消しているもの・非常",Text
"帆船
**記号**・**構成のしかた**・**例**
1-類義・同じような意味の漢字を重ねたもの・身体
2-対義・反対または対応の意味を表す字を重ねたもの・左右
3-修飾・上の字が下の字を修飾しているもの・洋画
4-目的・下の字が上の字の目的語・補語になっているもの・着火
5-打消・上の字が下の字の意味を打ち消しているもの・非常",3,,"**記号**・**構成のしかた**・**例**
1-類義・同じような意味の漢字を重ねたもの・身体
2-対義・反対または対応の意味を表す字を重ねたもの・左右
3-修飾・上の字が下の字を修飾しているもの・洋画
4-目的・下の字が上の字の目的語・補語になっているもの・着火
5-打消・上の字が下の字の意味を打ち消しているもの・非常",Text
"常駐
**記号**・**構成のしかた**・**例**
1-類義・同じような意味の漢字を重ねたもの・身体
2-対義・反対または対応の意味を表す字を重ねたもの・左右
3-修飾・上の字が下の字を修飾しているもの・洋画
4-目的・下の字が上の字の目的語・補語になっているもの・着火
5-打消・上の字が下の字の意味を打ち消しているもの・非常",3,,"**記号**・**構成のしかた**・**例**
1-類義・同じような意味の漢字を重ねたもの・身体
2-対義・反対または対応の意味を表す字を重ねたもの・左右
3-修飾・上の字が下の字を修飾しているもの・洋画
4-目的・下の字が上の字の目的語・補語になっているもの・着火
5-打消・上の字が下の字の意味を打ち消しているもの・非常",Text
"懇望
**記号**・**構成のしかた**・**例**
1-類義・同じような意味の漢字を重ねたもの・身体
2-対義・反対または対応の意味を表す字を重ねたもの・左右
3-修飾・上の字が下の字を修飾しているもの・洋画
4-目的・下の字が上の字の目的語・補語になっているもの・着火
5-打消・上の字が下の字の意味を打ち消しているもの・非常",3,,"**記号**・**構成のしかた**・**例**
1-類義・同じような意味の漢字を重ねたもの・身体
2-対義・反対または対応の意味を表す字を重ねたもの・左右
3-修飾・上の字が下の字を修飾しているもの・洋画
4-目的・下の字が上の字の目的語・補語になっているもの・着火
5-打消・上の字が下の字の意味を打ち消しているもの・非常",Text
"優遇
**記号**・**構成のしかた**・**例**
1-類義・同じような意味の漢字を重ねたもの・身体
2-対義・反対または対応の意味を表す字を重ねたもの・左右
3-修飾・上の字が下の字を修飾しているもの・洋画
4-目的・下の字が上の字の目的語・補語になっているもの・着火
5-打消・上の字が下の字の意味を打ち消しているもの・非常",3,,"**記号**・**構成のしかた**・**例**
1-類義・同じような意味の漢字を重ねたもの・身体
2-対義・反対または対応の意味を表す字を重ねたもの・左右
3-修飾・上の字が下の字を修飾しているもの・洋画
4-目的・下の字が上の字の目的語・補語になっているもの・着火
5-打消・上の字が下の字の意味を打ち消しているもの・非常",Text
"環礁
**記号**・**構成のしかた**・**例**
1-類義・同じような意味の漢字を重ねたもの・身体
2-対義・反対または対応の意味を表す字を重ねたもの・左右
3-修飾・上の字が下の字を修飾しているもの・洋画
4-目的・下の字が上の字の目的語・補語になっているもの・着火
5-打消・上の字が下の字の意味を打ち消しているもの・非常",3,,"**記号**・**構成のしかた**・**例**
1-類義・同じような意味の漢字を重ねたもの・身体
2-対義・反対または対応の意味を表す字を重ねたもの・左右
3-修飾・上の字が下の字を修飾しているもの・洋画
4-目的・下の字が上の字の目的語・補語になっているもの・着火
5-打消・上の字が下の字の意味を打ち消しているもの・非常",Text
"弊風
**記号**・**構成のしかた**・**例**
1-類義・同じような意味の漢字を重ねたもの・身体
2-対義・反対または対応の意味を表す字を重ねたもの・左右
3-修飾・上の字が下の字を修飾しているもの・洋画
4-目的・下の字が上の字の目的語・補語になっているもの・着火
5-打消・上の字が下の字の意味を打ち消しているもの・非常",3,,"**記号**・**構成のしかた**・**例**
1-類義・同じような意味の漢字を重ねたもの・身体
2-対義・反対または対応の意味を表す字を重ねたもの・左右
3-修飾・上の字が下の字を修飾しているもの・洋画
4-目的・下の字が上の字の目的語・補語になっているもの・着火
5-打消・上の字が下の字の意味を打ち消しているもの・非常",Text
"併用
**記号**・**構成のしかた**・**例**
1-類義・同じような意味の漢字を重ねたもの・身体
2-対義・反対または対応の意味を表す字を重ねたもの・左右
3-修飾・上の字が下の字を修飾しているもの・洋画
4-目的・下の字が上の字の目的語・補語になっているもの・着火
5-打消・上の字が下の字の意味を打ち消しているもの・非常",3,,"**記号**・**構成のしかた**・**例**
1-類義・同じような意味の漢字を重ねたもの・身体
2-対義・反対または対応の意味を表す字を重ねたもの・左右
3-修飾・上の字が下の字を修飾しているもの・洋画
4-目的・下の字が上の字の目的語・補語になっているもの・着火
5-打消・上の字が下の字の意味を打ち消しているもの・非常",Text
"好餌
**記号**・**構成のしかた**・**例**
1-類義・同じような意味の漢字を重ねたもの・身体
2-対義・反対または対応の意味を表す字を重ねたもの・左右
3-修飾・上の字が下の字を修飾しているもの・洋画
4-目的・下の字が上の字の目的語・補語になっているもの・着火
5-打消・上の字が下の字の意味を打ち消しているもの・非常",3,,"**記号**・**構成のしかた**・**例**
1-類義・同じような意味の漢字を重ねたもの・身体
2-対義・反対または対応の意味を表す字を重ねたもの・左右
3-修飾・上の字が下の字を修飾しているもの・洋画
4-目的・下の字が上の字の目的語・補語になっているもの・着火
5-打消・上の字が下の字の意味を打ち消しているもの・非常",Text
"暴騰
**記号**・**構成のしかた**・**例**
1-類義・同じような意味の漢字を重ねたもの・身体
2-対義・反対または対応の意味を表す字を重ねたもの・左右
3-修飾・上の字が下の字を修飾しているもの・洋画
4-目的・下の字が上の字の目的語・補語になっているもの・着火
5-打消・上の字が下の字の意味を打ち消しているもの・非常",3,,"**記号**・**構成のしかた**・**例**
1-類義・同じような意味の漢字を重ねたもの・身体
2-対義・反対または対応の意味を表す字を重ねたもの・左右
3-修飾・上の字が下の字を修飾しているもの・洋画
4-目的・下の字が上の字の目的語・補語になっているもの・着火
5-打消・上の字が下の字の意味を打ち消しているもの・非常",Text
"諦観
**記号**・**構成のしかた**・**例**
1-類義・同じような意味の漢字を重ねたもの・身体
2-対義・反対または対応の意味を表す字を重ねたもの・左右
3-修飾・上の字が下の字を修飾しているもの・洋画
4-目的・下の字が上の字の目的語・補語になっているもの・着火
5-打消・上の字が下の字の意味を打ち消しているもの・非常",3,,"**記号**・**構成のしかた**・**例**
1-類義・同じような意味の漢字を重ねたもの・身体
2-対義・反対または対応の意味を表す字を重ねたもの・左右
3-修飾・上の字が下の字を修飾しているもの・洋画
4-目的・下の字が上の字の目的語・補語になっているもの・着火
5-打消・上の字が下の字の意味を打ち消しているもの・非常",Text
"鉄柵
**記号**・**構成のしかた**・**例**
1-類義・同じような意味の漢字を重ねたもの・身体
2-対義・反対または対応の意味を表す字を重ねたもの・左右
3-修飾・上の字が下の字を修飾しているもの・洋画
4-目的・下の字が上の字の目的語・補語になっているもの・着火
5-打消・上の字が下の字の意味を打ち消しているもの・非常",3,,"**記号**・**構成のしかた**・**例**
1-類義・同じような意味の漢字を重ねたもの・身体
2-対義・反対または対応の意味を表す字を重ねたもの・左右
3-修飾・上の字が下の字を修飾しているもの・洋画
4-目的・下の字が上の字の目的語・補語になっているもの・着火
5-打消・上の字が下の字の意味を打ち消しているもの・非常",Text
"怨敵
**記号**・**構成のしかた**・**例**
1-類義・同じような意味の漢字を重ねたもの・身体
2-対義・反対または対応の意味を表す字を重ねたもの・左右
3-修飾・上の字が下の字を修飾しているもの・洋画
4-目的・下の字が上の字の目的語・補語になっているもの・着火
5-打消・上の字が下の字の意味を打ち消しているもの・非常",3,,"**記号**・**構成のしかた**・**例**
1-類義・同じような意味の漢字を重ねたもの・身体
2-対義・反対または対応の意味を表す字を重ねたもの・左右
3-修飾・上の字が下の字を修飾しているもの・洋画
4-目的・下の字が上の字の目的語・補語になっているもの・着火
5-打消・上の字が下の字の意味を打ち消しているもの・非常",Text
"漸進
**記号**・**構成のしかた**・**例**
1-類義・同じような意味の漢字を重ねたもの・身体
2-対義・反対または対応の意味を表す字を重ねたもの・左右
3-修飾・上の字が下の字を修飾しているもの・洋画
4-目的・下の字が上の字の目的語・補語になっているもの・着火
5-打消・上の字が下の字の意味を打ち消しているもの・非常",3,,"**記号**・**構成のしかた**・**例**
1-類義・同じような意味の漢字を重ねたもの・身体
2-対義・反対または対応の意味を表す字を重ねたもの・左右
3-修飾・上の字が下の字を修飾しているもの・洋画
4-目的・下の字が上の字の目的語・補語になっているもの・着火
5-打消・上の字が下の字の意味を打ち消しているもの・非常",Text
"債務
**記号**・**構成のしかた**・**例**
1-類義・同じような意味の漢字を重ねたもの・身体
2-対義・反対または対応の意味を表す字を重ねたもの・左右
3-修飾・上の字が下の字を修飾しているもの・洋画
4-目的・下の字が上の字の目的語・補語になっているもの・着火
5-打消・上の字が下の字の意味を打ち消しているもの・非常",3,,"**記号**・**構成のしかた**・**例**
1-類義・同じような意味の漢字を重ねたもの・身体
2-対義・反対または対応の意味を表す字を重ねたもの・左右
3-修飾・上の字が下の字を修飾しているもの・洋画
4-目的・下の字が上の字の目的語・補語になっているもの・着火
5-打消・上の字が下の字の意味を打ち消しているもの・非常",Text
"概況
**記号**・**構成のしかた**・**例**
1-類義・同じような意味の漢字を重ねたもの・身体
2-対義・反対または対応の意味を表す字を重ねたもの・左右
3-修飾・上の字が下の字を修飾しているもの・洋画
4-目的・下の字が上の字の目的語・補語になっているもの・着火
5-打消・上の字が下の字の意味を打ち消しているもの・非常",3,,"**記号**・**構成のしかた**・**例**
1-類義・同じような意味の漢字を重ねたもの・身体
2-対義・反対または対応の意味を表す字を重ねたもの・左右
3-修飾・上の字が下の字を修飾しているもの・洋画
4-目的・下の字が上の字の目的語・補語になっているもの・着火
5-打消・上の字が下の字の意味を打ち消しているもの・非常",Text
"財閥
**記号**・**構成のしかた**・**例**
1-類義・同じような意味の漢字を重ねたもの・身体
2-対義・反対または対応の意味を表す字を重ねたもの・左右
3-修飾・上の字が下の字を修飾しているもの・洋画
4-目的・下の字が上の字の目的語・補語になっているもの・着火
5-打消・上の字が下の字の意味を打ち消しているもの・非常",3,,"**記号**・**構成のしかた**・**例**
1-類義・同じような意味の漢字を重ねたもの・身体
2-対義・反対または対応の意味を表す字を重ねたもの・左右
3-修飾・上の字が下の字を修飾しているもの・洋画
4-目的・下の字が上の字の目的語・補語になっているもの・着火
5-打消・上の字が下の字の意味を打ち消しているもの・非常",Text
"棋譜
**記号**・**構成のしかた**・**例**
1-類義・同じような意味の漢字を重ねたもの・身体
2-対義・反対または対応の意味を表す字を重ねたもの・左右
3-修飾・上の字が下の字を修飾しているもの・洋画
4-目的・下の字が上の字の目的語・補語になっているもの・着火
5-打消・上の字が下の字の意味を打ち消しているもの・非常",3,,"**記号**・**構成のしかた**・**例**
1-類義・同じような意味の漢字を重ねたもの・身体
2-対義・反対または対応の意味を表す字を重ねたもの・左右
3-修飾・上の字が下の字を修飾しているもの・洋画
4-目的・下の字が上の字の目的語・補語になっているもの・着火
5-打消・上の字が下の字の意味を打ち消しているもの・非常",Text
"廉価
**記号**・**構成のしかた**・**例**
1-類義・同じような意味の漢字を重ねたもの・身体
2-対義・反対または対応の意味を表す字を重ねたもの・左右
3-修飾・上の字が下の字を修飾しているもの・洋画
4-目的・下の字が上の字の目的語・補語になっているもの・着火
5-打消・上の字が下の字の意味を打ち消しているもの・非常",3,,"**記号**・**構成のしかた**・**例**
1-類義・同じような意味の漢字を重ねたもの・身体
2-対義・反対または対応の意味を表す字を重ねたもの・左右
3-修飾・上の字が下の字を修飾しているもの・洋画
4-目的・下の字が上の字の目的語・補語になっているもの・着火
5-打消・上の字が下の字の意味を打ち消しているもの・非常",Text
"互選
**記号**・**構成のしかた**・**例**
1-類義・同じような意味の漢字を重ねたもの・身体
2-対義・反対または対応の意味を表す字を重ねたもの・左右
3-修飾・上の字が下の字を修飾しているもの・洋画
4-目的・下の字が上の字の目的語・補語になっているもの・着火
5-打消・上の字が下の字の意味を打ち消しているもの・非常",3,,"**記号**・**構成のしかた**・**例**
1-類義・同じような意味の漢字を重ねたもの・身体
2-対義・反対または対応の意味を表す字を重ねたもの・左右
3-修飾・上の字が下の字を修飾しているもの・洋画
4-目的・下の字が上の字の目的語・補語になっているもの・着火
5-打消・上の字が下の字の意味を打ち消しているもの・非常",Text
"尼僧
**記号**・**構成のしかた**・**例**
1-類義・同じような意味の漢字を重ねたもの・身体
2-対義・反対または対応の意味を表す字を重ねたもの・左右
3-修飾・上の字が下の字を修飾しているもの・洋画
4-目的・下の字が上の字の目的語・補語になっているもの・着火
5-打消・上の字が下の字の意味を打ち消しているもの・非常",3,,"**記号**・**構成のしかた**・**例**
1-類義・同じような意味の漢字を重ねたもの・身体
2-対義・反対または対応の意味を表す字を重ねたもの・左右
3-修飾・上の字が下の字を修飾しているもの・洋画
4-目的・下の字が上の字の目的語・補語になっているもの・着火
5-打消・上の字が下の字の意味を打ち消しているもの・非常",Text
"怪談
**記号**・**構成のしかた**・**例**
1-類義・同じような意味の漢字を重ねたもの・身体
2-対義・反対または対応の意味を表す字を重ねたもの・左右
3-修飾・上の字が下の字を修飾しているもの・洋画
4-目的・下の字が上の字の目的語・補語になっているもの・着火
5-打消・上の字が下の字の意味を打ち消しているもの・非常",3,,"**記号**・**構成のしかた**・**例**
1-類義・同じような意味の漢字を重ねたもの・身体
2-対義・反対または対応の意味を表す字を重ねたもの・左右
3-修飾・上の字が下の字を修飾しているもの・洋画
4-目的・下の字が上の字の目的語・補語になっているもの・着火
5-打消・上の字が下の字の意味を打ち消しているもの・非常",Text
"灯芯
**記号**・**構成のしかた**・**例**
1-類義・同じような意味の漢字を重ねたもの・身体
2-対義・反対または対応の意味を表す字を重ねたもの・左右
3-修飾・上の字が下の字を修飾しているもの・洋画
4-目的・下の字が上の字の目的語・補語になっているもの・着火
5-打消・上の字が下の字の意味を打ち消しているもの・非常",3,,"**記号**・**構成のしかた**・**例**
1-類義・同じような意味の漢字を重ねたもの・身体
2-対義・反対または対応の意味を表す字を重ねたもの・左右
3-修飾・上の字が下の字を修飾しているもの・洋画
4-目的・下の字が上の字の目的語・補語になっているもの・着火
5-打消・上の字が下の字の意味を打ち消しているもの・非常",Text
"下顎
**記号**・**構成のしかた**・**例**
1-類義・同じような意味の漢字を重ねたもの・身体
2-対義・反対または対応の意味を表す字を重ねたもの・左右
3-修飾・上の字が下の字を修飾しているもの・洋画
4-目的・下の字が上の字の目的語・補語になっているもの・着火
5-打消・上の字が下の字の意味を打ち消しているもの・非常",3,,"**記号**・**構成のしかた**・**例**
1-類義・同じような意味の漢字を重ねたもの・身体
2-対義・反対または対応の意味を表す字を重ねたもの・左右
3-修飾・上の字が下の字を修飾しているもの・洋画
4-目的・下の字が上の字の目的語・補語になっているもの・着火
5-打消・上の字が下の字の意味を打ち消しているもの・非常",Text
"庶務
**記号**・**構成のしかた**・**例**
1-類義・同じような意味の漢字を重ねたもの・身体
2-対義・反対または対応の意味を表す字を重ねたもの・左右
3-修飾・上の字が下の字を修飾しているもの・洋画
4-目的・下の字が上の字の目的語・補語になっているもの・着火
5-打消・上の字が下の字の意味を打ち消しているもの・非常",3,,"**記号**・**構成のしかた**・**例**
1-類義・同じような意味の漢字を重ねたもの・身体
2-対義・反対または対応の意味を表す字を重ねたもの・左右
3-修飾・上の字が下の字を修飾しているもの・洋画
4-目的・下の字が上の字の目的語・補語になっているもの・着火
5-打消・上の字が下の字の意味を打ち消しているもの・非常",Text
"逸話
**記号**・**構成のしかた**・**例**
1-類義・同じような意味の漢字を重ねたもの・身体
2-対義・反対または対応の意味を表す字を重ねたもの・左右
3-修飾・上の字が下の字を修飾しているもの・洋画
4-目的・下の字が上の字の目的語・補語になっているもの・着火
5-打消・上の字が下の字の意味を打ち消しているもの・非常",3,,"**記号**・**構成のしかた**・**例**
1-類義・同じような意味の漢字を重ねたもの・身体
2-対義・反対または対応の意味を表す字を重ねたもの・左右
3-修飾・上の字が下の字を修飾しているもの・洋画
4-目的・下の字が上の字の目的語・補語になっているもの・着火
5-打消・上の字が下の字の意味を打ち消しているもの・非常",Text
"顕在
**記号**・**構成のしかた**・**例**
1-類義・同じような意味の漢字を重ねたもの・身体
2-対義・反対または対応の意味を表す字を重ねたもの・左右
3-修飾・上の字が下の字を修飾しているもの・洋画
4-目的・下の字が上の字の目的語・補語になっているもの・着火
5-打消・上の字が下の字の意味を打ち消しているもの・非常",3,,"**記号**・**構成のしかた**・**例**
1-類義・同じような意味の漢字を重ねたもの・身体
2-対義・反対または対応の意味を表す字を重ねたもの・左右
3-修飾・上の字が下の字を修飾しているもの・洋画
4-目的・下の字が上の字の目的語・補語になっているもの・着火
5-打消・上の字が下の字の意味を打ち消しているもの・非常",Text
"語呂
**記号**・**構成のしかた**・**例**
1-類義・同じような意味の漢字を重ねたもの・身体
2-対義・反対または対応の意味を表す字を重ねたもの・左右
3-修飾・上の字が下の字を修飾しているもの・洋画
4-目的・下の字が上の字の目的語・補語になっているもの・着火
5-打消・上の字が下の字の意味を打ち消しているもの・非常",3,,"**記号**・**構成のしかた**・**例**
1-類義・同じような意味の漢字を重ねたもの・身体
2-対義・反対または対応の意味を表す字を重ねたもの・左右
3-修飾・上の字が下の字を修飾しているもの・洋画
4-目的・下の字が上の字の目的語・補語になっているもの・着火
5-打消・上の字が下の字の意味を打ち消しているもの・非常",Text
"年貢
**記号**・**構成のしかた**・**例**
1-類義・同じような意味の漢字を重ねたもの・身体
2-対義・反対または対応の意味を表す字を重ねたもの・左右
3-修飾・上の字が下の字を修飾しているもの・洋画
4-目的・下の字が上の字の目的語・補語になっているもの・着火
5-打消・上の字が下の字の意味を打ち消しているもの・非常",3,,"**記号**・**構成のしかた**・**例**
1-類義・同じような意味の漢字を重ねたもの・身体
2-対義・反対または対応の意味を表す字を重ねたもの・左右
3-修飾・上の字が下の字を修飾しているもの・洋画
4-目的・下の字が上の字の目的語・補語になっているもの・着火
5-打消・上の字が下の字の意味を打ち消しているもの・非常",Text
"濫造
**記号**・**構成のしかた**・**例**
1-類義・同じような意味の漢字を重ねたもの・身体
2-対義・反対または対応の意味を表す字を重ねたもの・左右
3-修飾・上の字が下の字を修飾しているもの・洋画
4-目的・下の字が上の字の目的語・補語になっているもの・着火
5-打消・上の字が下の字の意味を打ち消しているもの・非常",3,,"**記号**・**構成のしかた**・**例**
1-類義・同じような意味の漢字を重ねたもの・身体
2-対義・反対または対応の意味を表す字を重ねたもの・左右
3-修飾・上の字が下の字を修飾しているもの・洋画
4-目的・下の字が上の字の目的語・補語になっているもの・着火
5-打消・上の字が下の字の意味を打ち消しているもの・非常",Text
"仙境
**記号**・**構成のしかた**・**例**
1-類義・同じような意味の漢字を重ねたもの・身体
2-対義・反対または対応の意味を表す字を重ねたもの・左右
3-修飾・上の字が下の字を修飾しているもの・洋画
4-目的・下の字が上の字の目的語・補語になっているもの・着火
5-打消・上の字が下の字の意味を打ち消しているもの・非常",3,,"**記号**・**構成のしかた**・**例**
1-類義・同じような意味の漢字を重ねたもの・身体
2-対義・反対または対応の意味を表す字を重ねたもの・左右
3-修飾・上の字が下の字を修飾しているもの・洋画
4-目的・下の字が上の字の目的語・補語になっているもの・着火
5-打消・上の字が下の字の意味を打ち消しているもの・非常",Text
"白眉
**記号**・**構成のしかた**・**例**
1-類義・同じような意味の漢字を重ねたもの・身体
2-対義・反対または対応の意味を表す字を重ねたもの・左右
3-修飾・上の字が下の字を修飾しているもの・洋画
4-目的・下の字が上の字の目的語・補語になっているもの・着火
5-打消・上の字が下の字の意味を打ち消しているもの・非常",3,,"**記号**・**構成のしかた**・**例**
1-類義・同じような意味の漢字を重ねたもの・身体
2-対義・反対または対応の意味を表す字を重ねたもの・左右
3-修飾・上の字が下の字を修飾しているもの・洋画
4-目的・下の字が上の字の目的語・補語になっているもの・着火
5-打消・上の字が下の字の意味を打ち消しているもの・非常",Text
"才媛
**記号**・**構成のしかた**・**例**
1-類義・同じような意味の漢字を重ねたもの・身体
2-対義・反対または対応の意味を表す字を重ねたもの・左右
3-修飾・上の字が下の字を修飾しているもの・洋画
4-目的・下の字が上の字の目的語・補語になっているもの・着火
5-打消・上の字が下の字の意味を打ち消しているもの・非常",3,,"**記号**・**構成のしかた**・**例**
1-類義・同じような意味の漢字を重ねたもの・身体
2-対義・反対または対応の意味を表す字を重ねたもの・左右
3-修飾・上の字が下の字を修飾しているもの・洋画
4-目的・下の字が上の字の目的語・補語になっているもの・着火
5-打消・上の字が下の字の意味を打ち消しているもの・非常",Text
"誓詞
**記号**・**構成のしかた**・**例**
1-類義・同じような意味の漢字を重ねたもの・身体
2-対義・反対または対応の意味を表す字を重ねたもの・左右
3-修飾・上の字が下の字を修飾しているもの・洋画
4-目的・下の字が上の字の目的語・補語になっているもの・着火
5-打消・上の字が下の字の意味を打ち消しているもの・非常",3,,"**記号**・**構成のしかた**・**例**
1-類義・同じような意味の漢字を重ねたもの・身体
2-対義・反対または対応の意味を表す字を重ねたもの・左右
3-修飾・上の字が下の字を修飾しているもの・洋画
4-目的・下の字が上の字の目的語・補語になっているもの・着火
5-打消・上の字が下の字の意味を打ち消しているもの・非常",Text
"逓減
**記号**・**構成のしかた**・**例**
1-類義・同じような意味の漢字を重ねたもの・身体
2-対義・反対または対応の意味を表す字を重ねたもの・左右
3-修飾・上の字が下の字を修飾しているもの・洋画
4-目的・下の字が上の字の目的語・補語になっているもの・着火
5-打消・上の字が下の字の意味を打ち消しているもの・非常",3,,"**記号**・**構成のしかた**・**例**
1-類義・同じような意味の漢字を重ねたもの・身体
2-対義・反対または対応の意味を表す字を重ねたもの・左右
3-修飾・上の字が下の字を修飾しているもの・洋画
4-目的・下の字が上の字の目的語・補語になっているもの・着火
5-打消・上の字が下の字の意味を打ち消しているもの・非常",Text
"褒章
**記号**・**構成のしかた**・**例**
1-類義・同じような意味の漢字を重ねたもの・身体
2-対義・反対または対応の意味を表す字を重ねたもの・左右
3-修飾・上の字が下の字を修飾しているもの・洋画
4-目的・下の字が上の字の目的語・補語になっているもの・着火
5-打消・上の字が下の字の意味を打ち消しているもの・非常",3,,"**記号**・**構成のしかた**・**例**
1-類義・同じような意味の漢字を重ねたもの・身体
2-対義・反対または対応の意味を表す字を重ねたもの・左右
3-修飾・上の字が下の字を修飾しているもの・洋画
4-目的・下の字が上の字の目的語・補語になっているもの・着火
5-打消・上の字が下の字の意味を打ち消しているもの・非常",Text
"楷書
**記号**・**構成のしかた**・**例**
1-類義・同じような意味の漢字を重ねたもの・身体
2-対義・反対または対応の意味を表す字を重ねたもの・左右
3-修飾・上の字が下の字を修飾しているもの・洋画
4-目的・下の字が上の字の目的語・補語になっているもの・着火
5-打消・上の字が下の字の意味を打ち消しているもの・非常",3,,"**記号**・**構成のしかた**・**例**
1-類義・同じような意味の漢字を重ねたもの・身体
2-対義・反対または対応の意味を表す字を重ねたもの・左右
3-修飾・上の字が下の字を修飾しているもの・洋画
4-目的・下の字が上の字の目的語・補語になっているもの・着火
5-打消・上の字が下の字の意味を打ち消しているもの・非常",Text
"雪渓
**記号**・**構成のしかた**・**例**
1-類義・同じような意味の漢字を重ねたもの・身体
2-対義・反対または対応の意味を表す字を重ねたもの・左右
3-修飾・上の字が下の字を修飾しているもの・洋画
4-目的・下の字が上の字の目的語・補語になっているもの・着火
5-打消・上の字が下の字の意味を打ち消しているもの・非常",3,,"**記号**・**構成のしかた**・**例**
1-類義・同じような意味の漢字を重ねたもの・身体
2-対義・反対または対応の意味を表す字を重ねたもの・左右
3-修飾・上の字が下の字を修飾しているもの・洋画
4-目的・下の字が上の字の目的語・補語になっているもの・着火
5-打消・上の字が下の字の意味を打ち消しているもの・非常",Text
"頻度
**記号**・**構成のしかた**・**例**
1-類義・同じような意味の漢字を重ねたもの・身体
2-対義・反対または対応の意味を表す字を重ねたもの・左右
3-修飾・上の字が下の字を修飾しているもの・洋画
4-目的・下の字が上の字の目的語・補語になっているもの・着火
5-打消・上の字が下の字の意味を打ち消しているもの・非常",3,,"**記号**・**構成のしかた**・**例**
1-類義・同じような意味の漢字を重ねたもの・身体
2-対義・反対または対応の意味を表す字を重ねたもの・左右
3-修飾・上の字が下の字を修飾しているもの・洋画
4-目的・下の字が上の字の目的語・補語になっているもの・着火
5-打消・上の字が下の字の意味を打ち消しているもの・非常",Text
"叱声
**記号**・**構成のしかた**・**例**
1-類義・同じような意味の漢字を重ねたもの・身体
2-対義・反対または対応の意味を表す字を重ねたもの・左右
3-修飾・上の字が下の字を修飾しているもの・洋画
4-目的・下の字が上の字の目的語・補語になっているもの・着火
5-打消・上の字が下の字の意味を打ち消しているもの・非常",3,,"**記号**・**構成のしかた**・**例**
1-類義・同じような意味の漢字を重ねたもの・身体
2-対義・反対または対応の意味を表す字を重ねたもの・左右
3-修飾・上の字が下の字を修飾しているもの・洋画
4-目的・下の字が上の字の目的語・補語になっているもの・着火
5-打消・上の字が下の字の意味を打ち消しているもの・非常",Text
"怪力
**記号**・**構成のしかた**・**例**
1-類義・同じような意味の漢字を重ねたもの・身体
2-対義・反対または対応の意味を表す字を重ねたもの・左右
3-修飾・上の字が下の字を修飾しているもの・洋画
4-目的・下の字が上の字の目的語・補語になっているもの・着火
5-打消・上の字が下の字の意味を打ち消しているもの・非常",3,,"**記号**・**構成のしかた**・**例**
1-類義・同じような意味の漢字を重ねたもの・身体
2-対義・反対または対応の意味を表す字を重ねたもの・左右
3-修飾・上の字が下の字を修飾しているもの・洋画
4-目的・下の字が上の字の目的語・補語になっているもの・着火
5-打消・上の字が下の字の意味を打ち消しているもの・非常",Text
"臼歯
**記号**・**構成のしかた**・**例**
1-類義・同じような意味の漢字を重ねたもの・身体
2-対義・反対または対応の意味を表す字を重ねたもの・左右
3-修飾・上の字が下の字を修飾しているもの・洋画
4-目的・下の字が上の字の目的語・補語になっているもの・着火
5-打消・上の字が下の字の意味を打ち消しているもの・非常",3,,"**記号**・**構成のしかた**・**例**
1-類義・同じような意味の漢字を重ねたもの・身体
2-対義・反対または対応の意味を表す字を重ねたもの・左右
3-修飾・上の字が下の字を修飾しているもの・洋画
4-目的・下の字が上の字の目的語・補語になっているもの・着火
5-打消・上の字が下の字の意味を打ち消しているもの・非常",Text
"銃創
**記号**・**構成のしかた**・**例**
1-類義・同じような意味の漢字を重ねたもの・身体
2-対義・反対または対応の意味を表す字を重ねたもの・左右
3-修飾・上の字が下の字を修飾しているもの・洋画
4-目的・下の字が上の字の目的語・補語になっているもの・着火
5-打消・上の字が下の字の意味を打ち消しているもの・非常",3,,"**記号**・**構成のしかた**・**例**
1-類義・同じような意味の漢字を重ねたもの・身体
2-対義・反対または対応の意味を表す字を重ねたもの・左右
3-修飾・上の字が下の字を修飾しているもの・洋画
4-目的・下の字が上の字の目的語・補語になっているもの・着火
5-打消・上の字が下の字の意味を打ち消しているもの・非常",Text
"曽孫
**記号**・**構成のしかた**・**例**
1-類義・同じような意味の漢字を重ねたもの・身体
2-対義・反対または対応の意味を表す字を重ねたもの・左右
3-修飾・上の字が下の字を修飾しているもの・洋画
4-目的・下の字が上の字の目的語・補語になっているもの・着火
5-打消・上の字が下の字の意味を打ち消しているもの・非常",3,,"**記号**・**構成のしかた**・**例**
1-類義・同じような意味の漢字を重ねたもの・身体
2-対義・反対または対応の意味を表す字を重ねたもの・左右
3-修飾・上の字が下の字を修飾しているもの・洋画
4-目的・下の字が上の字の目的語・補語になっているもの・着火
5-打消・上の字が下の字の意味を打ち消しているもの・非常",Text
"濫伐
**記号**・**構成のしかた**・**例**
1-類義・同じような意味の漢字を重ねたもの・身体
2-対義・反対または対応の意味を表す字を重ねたもの・左右
3-修飾・上の字が下の字を修飾しているもの・洋画
4-目的・下の字が上の字の目的語・補語になっているもの・着火
5-打消・上の字が下の字の意味を打ち消しているもの・非常",3,,"**記号**・**構成のしかた**・**例**
1-類義・同じような意味の漢字を重ねたもの・身体
2-対義・反対または対応の意味を表す字を重ねたもの・左右
3-修飾・上の字が下の字を修飾しているもの・洋画
4-目的・下の字が上の字の目的語・補語になっているもの・着火
5-打消・上の字が下の字の意味を打ち消しているもの・非常",Text
"実施
**記号**・**構成のしかた**・**例**
1-類義・同じような意味の漢字を重ねたもの・身体
2-対義・反対または対応の意味を表す字を重ねたもの・左右
3-修飾・上の字が下の字を修飾しているもの・洋画
4-目的・下の字が上の字の目的語・補語になっているもの・着火
5-打消・上の字が下の字の意味を打ち消しているもの・非常",3,,"**記号**・**構成のしかた**・**例**
1-類義・同じような意味の漢字を重ねたもの・身体
2-対義・反対または対応の意味を表す字を重ねたもの・左右
3-修飾・上の字が下の字を修飾しているもの・洋画
4-目的・下の字が上の字の目的語・補語になっているもの・着火
5-打消・上の字が下の字の意味を打ち消しているもの・非常",Text
"涼風
**記号**・**構成のしかた**・**例**
1-類義・同じような意味の漢字を重ねたもの・身体
2-対義・反対または対応の意味を表す字を重ねたもの・左右
3-修飾・上の字が下の字を修飾しているもの・洋画
4-目的・下の字が上の字の目的語・補語になっているもの・着火
5-打消・上の字が下の字の意味を打ち消しているもの・非常",3,,"**記号**・**構成のしかた**・**例**
1-類義・同じような意味の漢字を重ねたもの・身体
2-対義・反対または対応の意味を表す字を重ねたもの・左右
3-修飾・上の字が下の字を修飾しているもの・洋画
4-目的・下の字が上の字の目的語・補語になっているもの・着火
5-打消・上の字が下の字の意味を打ち消しているもの・非常",Text
"酪農
**記号**・**構成のしかた**・**例**
1-類義・同じような意味の漢字を重ねたもの・身体
2-対義・反対または対応の意味を表す字を重ねたもの・左右
3-修飾・上の字が下の字を修飾しているもの・洋画
4-目的・下の字が上の字の目的語・補語になっているもの・着火
5-打消・上の字が下の字の意味を打ち消しているもの・非常",3,,"**記号**・**構成のしかた**・**例**
1-類義・同じような意味の漢字を重ねたもの・身体
2-対義・反対または対応の意味を表す字を重ねたもの・左右
3-修飾・上の字が下の字を修飾しているもの・洋画
4-目的・下の字が上の字の目的語・補語になっているもの・着火
5-打消・上の字が下の字の意味を打ち消しているもの・非常",Text
"覇者
**記号**・**構成のしかた**・**例**
1-類義・同じような意味の漢字を重ねたもの・身体
2-対義・反対または対応の意味を表す字を重ねたもの・左右
3-修飾・上の字が下の字を修飾しているもの・洋画
4-目的・下の字が上の字の目的語・補語になっているもの・着火
5-打消・上の字が下の字の意味を打ち消しているもの・非常",3,,"**記号**・**構成のしかた**・**例**
1-類義・同じような意味の漢字を重ねたもの・身体
2-対義・反対または対応の意味を表す字を重ねたもの・左右
3-修飾・上の字が下の字を修飾しているもの・洋画
4-目的・下の字が上の字の目的語・補語になっているもの・着火
5-打消・上の字が下の字の意味を打ち消しているもの・非常",Text
"傑作
**記号**・**構成のしかた**・**例**
1-類義・同じような意味の漢字を重ねたもの・身体
2-対義・反対または対応の意味を表す字を重ねたもの・左右
3-修飾・上の字が下の字を修飾しているもの・洋画
4-目的・下の字が上の字の目的語・補語になっているもの・着火
5-打消・上の字が下の字の意味を打ち消しているもの・非常",3,,"**記号**・**構成のしかた**・**例**
1-類義・同じような意味の漢字を重ねたもの・身体
2-対義・反対または対応の意味を表す字を重ねたもの・左右
3-修飾・上の字が下の字を修飾しているもの・洋画
4-目的・下の字が上の字の目的語・補語になっているもの・着火
5-打消・上の字が下の字の意味を打ち消しているもの・非常",Text
"王妃
**記号**・**構成のしかた**・**例**
1-類義・同じような意味の漢字を重ねたもの・身体
2-対義・反対または対応の意味を表す字を重ねたもの・左右
3-修飾・上の字が下の字を修飾しているもの・洋画
4-目的・下の字が上の字の目的語・補語になっているもの・着火
5-打消・上の字が下の字の意味を打ち消しているもの・非常",3,,"**記号**・**構成のしかた**・**例**
1-類義・同じような意味の漢字を重ねたもの・身体
2-対義・反対または対応の意味を表す字を重ねたもの・左右
3-修飾・上の字が下の字を修飾しているもの・洋画
4-目的・下の字が上の字の目的語・補語になっているもの・着火
5-打消・上の字が下の字の意味を打ち消しているもの・非常",Text
"弔辞
**記号**・**構成のしかた**・**例**
1-類義・同じような意味の漢字を重ねたもの・身体
2-対義・反対または対応の意味を表す字を重ねたもの・左右
3-修飾・上の字が下の字を修飾しているもの・洋画
4-目的・下の字が上の字の目的語・補語になっているもの・着火
5-打消・上の字が下の字の意味を打ち消しているもの・非常",3,,"**記号**・**構成のしかた**・**例**
1-類義・同じような意味の漢字を重ねたもの・身体
2-対義・反対または対応の意味を表す字を重ねたもの・左右
3-修飾・上の字が下の字を修飾しているもの・洋画
4-目的・下の字が上の字の目的語・補語になっているもの・着火
5-打消・上の字が下の字の意味を打ち消しているもの・非常",Text
"必携
**記号**・**構成のしかた**・**例**
1-類義・同じような意味の漢字を重ねたもの・身体
2-対義・反対または対応の意味を表す字を重ねたもの・左右
3-修飾・上の字が下の字を修飾しているもの・洋画
4-目的・下の字が上の字の目的語・補語になっているもの・着火
5-打消・上の字が下の字の意味を打ち消しているもの・非常",3,,"**記号**・**構成のしかた**・**例**
1-類義・同じような意味の漢字を重ねたもの・身体
2-対義・反対または対応の意味を表す字を重ねたもの・左右
3-修飾・上の字が下の字を修飾しているもの・洋画
4-目的・下の字が上の字の目的語・補語になっているもの・着火
5-打消・上の字が下の字の意味を打ち消しているもの・非常",Text
"偏見
**記号**・**構成のしかた**・**例**
1-類義・同じような意味の漢字を重ねたもの・身体
2-対義・反対または対応の意味を表す字を重ねたもの・左右
3-修飾・上の字が下の字を修飾しているもの・洋画
4-目的・下の字が上の字の目的語・補語になっているもの・着火
5-打消・上の字が下の字の意味を打ち消しているもの・非常",3,,"**記号**・**構成のしかた**・**例**
1-類義・同じような意味の漢字を重ねたもの・身体
2-対義・反対または対応の意味を表す字を重ねたもの・左右
3-修飾・上の字が下の字を修飾しているもの・洋画
4-目的・下の字が上の字の目的語・補語になっているもの・着火
5-打消・上の字が下の字の意味を打ち消しているもの・非常",Text
"頓才
**記号**・**構成のしかた**・**例**
1-類義・同じような意味の漢字を重ねたもの・身体
2-対義・反対または対応の意味を表す字を重ねたもの・左右
3-修飾・上の字が下の字を修飾しているもの・洋画
4-目的・下の字が上の字の目的語・補語になっているもの・着火
5-打消・上の字が下の字の意味を打ち消しているもの・非常",3,,"**記号**・**構成のしかた**・**例**
1-類義・同じような意味の漢字を重ねたもの・身体
2-対義・反対または対応の意味を表す字を重ねたもの・左右
3-修飾・上の字が下の字を修飾しているもの・洋画
4-目的・下の字が上の字の目的語・補語になっているもの・着火
5-打消・上の字が下の字の意味を打ち消しているもの・非常",Text
"堆積
**記号**・**構成のしかた**・**例**
1-類義・同じような意味の漢字を重ねたもの・身体
2-対義・反対または対応の意味を表す字を重ねたもの・左右
3-修飾・上の字が下の字を修飾しているもの・洋画
4-目的・下の字が上の字の目的語・補語になっているもの・着火
5-打消・上の字が下の字の意味を打ち消しているもの・非常",3,,"**記号**・**構成のしかた**・**例**
1-類義・同じような意味の漢字を重ねたもの・身体
2-対義・反対または対応の意味を表す字を重ねたもの・左右
3-修飾・上の字が下の字を修飾しているもの・洋画
4-目的・下の字が上の字の目的語・補語になっているもの・着火
5-打消・上の字が下の字の意味を打ち消しているもの・非常",Text
"稚魚
**記号**・**構成のしかた**・**例**
1-類義・同じような意味の漢字を重ねたもの・身体
2-対義・反対または対応の意味を表す字を重ねたもの・左右
3-修飾・上の字が下の字を修飾しているもの・洋画
4-目的・下の字が上の字の目的語・補語になっているもの・着火
5-打消・上の字が下の字の意味を打ち消しているもの・非常",3,,"**記号**・**構成のしかた**・**例**
1-類義・同じような意味の漢字を重ねたもの・身体
2-対義・反対または対応の意味を表す字を重ねたもの・左右
3-修飾・上の字が下の字を修飾しているもの・洋画
4-目的・下の字が上の字の目的語・補語になっているもの・着火
5-打消・上の字が下の字の意味を打ち消しているもの・非常",Text
"石窟
**記号**・**構成のしかた**・**例**
1-類義・同じような意味の漢字を重ねたもの・身体
2-対義・反対または対応の意味を表す字を重ねたもの・左右
3-修飾・上の字が下の字を修飾しているもの・洋画
4-目的・下の字が上の字の目的語・補語になっているもの・着火
5-打消・上の字が下の字の意味を打ち消しているもの・非常",3,,"**記号**・**構成のしかた**・**例**
1-類義・同じような意味の漢字を重ねたもの・身体
2-対義・反対または対応の意味を表す字を重ねたもの・左右
3-修飾・上の字が下の字を修飾しているもの・洋画
4-目的・下の字が上の字の目的語・補語になっているもの・着火
5-打消・上の字が下の字の意味を打ち消しているもの・非常",Text
"謹呈
**記号**・**構成のしかた**・**例**
1-類義・同じような意味の漢字を重ねたもの・身体
2-対義・反対または対応の意味を表す字を重ねたもの・左右
3-修飾・上の字が下の字を修飾しているもの・洋画
4-目的・下の字が上の字の目的語・補語になっているもの・着火
5-打消・上の字が下の字の意味を打ち消しているもの・非常",3,,"**記号**・**構成のしかた**・**例**
1-類義・同じような意味の漢字を重ねたもの・身体
2-対義・反対または対応の意味を表す字を重ねたもの・左右
3-修飾・上の字が下の字を修飾しているもの・洋画
4-目的・下の字が上の字の目的語・補語になっているもの・着火
5-打消・上の字が下の字の意味を打ち消しているもの・非常",Text
"釣果
**記号**・**構成のしかた**・**例**
1-類義・同じような意味の漢字を重ねたもの・身体
2-対義・反対または対応の意味を表す字を重ねたもの・左右
3-修飾・上の字が下の字を修飾しているもの・洋画
4-目的・下の字が上の字の目的語・補語になっているもの・着火
5-打消・上の字が下の字の意味を打ち消しているもの・非常",3,,"**記号**・**構成のしかた**・**例**
1-類義・同じような意味の漢字を重ねたもの・身体
2-対義・反対または対応の意味を表す字を重ねたもの・左右
3-修飾・上の字が下の字を修飾しているもの・洋画
4-目的・下の字が上の字の目的語・補語になっているもの・着火
5-打消・上の字が下の字の意味を打ち消しているもの・非常",Text
"窮地
**記号**・**構成のしかた**・**例**
1-類義・同じような意味の漢字を重ねたもの・身体
2-対義・反対または対応の意味を表す字を重ねたもの・左右
3-修飾・上の字が下の字を修飾しているもの・洋画
4-目的・下の字が上の字の目的語・補語になっているもの・着火
5-打消・上の字が下の字の意味を打ち消しているもの・非常",3,,"**記号**・**構成のしかた**・**例**
1-類義・同じような意味の漢字を重ねたもの・身体
2-対義・反対または対応の意味を表す字を重ねたもの・左右
3-修飾・上の字が下の字を修飾しているもの・洋画
4-目的・下の字が上の字の目的語・補語になっているもの・着火
5-打消・上の字が下の字の意味を打ち消しているもの・非常",Text
"鉄鎖
**記号**・**構成のしかた**・**例**
1-類義・同じような意味の漢字を重ねたもの・身体
2-対義・反対または対応の意味を表す字を重ねたもの・左右
3-修飾・上の字が下の字を修飾しているもの・洋画
4-目的・下の字が上の字の目的語・補語になっているもの・着火
5-打消・上の字が下の字の意味を打ち消しているもの・非常",3,,"**記号**・**構成のしかた**・**例**
1-類義・同じような意味の漢字を重ねたもの・身体
2-対義・反対または対応の意味を表す字を重ねたもの・左右
3-修飾・上の字が下の字を修飾しているもの・洋画
4-目的・下の字が上の字の目的語・補語になっているもの・着火
5-打消・上の字が下の字の意味を打ち消しているもの・非常",Text
"懇談
**記号**・**構成のしかた**・**例**
1-類義・同じような意味の漢字を重ねたもの・身体
2-対義・反対または対応の意味を表す字を重ねたもの・左右
3-修飾・上の字が下の字を修飾しているもの・洋画
4-目的・下の字が上の字の目的語・補語になっているもの・着火
5-打消・上の字が下の字の意味を打ち消しているもの・非常",3,,"**記号**・**構成のしかた**・**例**
1-類義・同じような意味の漢字を重ねたもの・身体
2-対義・反対または対応の意味を表す字を重ねたもの・左右
3-修飾・上の字が下の字を修飾しているもの・洋画
4-目的・下の字が上の字の目的語・補語になっているもの・着火
5-打消・上の字が下の字の意味を打ち消しているもの・非常",Text
"急逝
**記号**・**構成のしかた**・**例**
1-類義・同じような意味の漢字を重ねたもの・身体
2-対義・反対または対応の意味を表す字を重ねたもの・左右
3-修飾・上の字が下の字を修飾しているもの・洋画
4-目的・下の字が上の字の目的語・補語になっているもの・着火
5-打消・上の字が下の字の意味を打ち消しているもの・非常",3,,"**記号**・**構成のしかた**・**例**
1-類義・同じような意味の漢字を重ねたもの・身体
2-対義・反対または対応の意味を表す字を重ねたもの・左右
3-修飾・上の字が下の字を修飾しているもの・洋画
4-目的・下の字が上の字の目的語・補語になっているもの・着火
5-打消・上の字が下の字の意味を打ち消しているもの・非常",Text
"銃弾
**記号**・**構成のしかた**・**例**
1-類義・同じような意味の漢字を重ねたもの・身体
2-対義・反対または対応の意味を表す字を重ねたもの・左右
3-修飾・上の字が下の字を修飾しているもの・洋画
4-目的・下の字が上の字の目的語・補語になっているもの・着火
5-打消・上の字が下の字の意味を打ち消しているもの・非常",3,,"**記号**・**構成のしかた**・**例**
1-類義・同じような意味の漢字を重ねたもの・身体
2-対義・反対または対応の意味を表す字を重ねたもの・左右
3-修飾・上の字が下の字を修飾しているもの・洋画
4-目的・下の字が上の字の目的語・補語になっているもの・着火
5-打消・上の字が下の字の意味を打ち消しているもの・非常",Text
"紙幣
**記号**・**構成のしかた**・**例**
1-類義・同じような意味の漢字を重ねたもの・身体
2-対義・反対または対応の意味を表す字を重ねたもの・左右
3-修飾・上の字が下の字を修飾しているもの・洋画
4-目的・下の字が上の字の目的語・補語になっているもの・着火
5-打消・上の字が下の字の意味を打ち消しているもの・非常",3,,"**記号**・**構成のしかた**・**例**
1-類義・同じような意味の漢字を重ねたもの・身体
2-対義・反対または対応の意味を表す字を重ねたもの・左右
3-修飾・上の字が下の字を修飾しているもの・洋画
4-目的・下の字が上の字の目的語・補語になっているもの・着火
5-打消・上の字が下の字の意味を打ち消しているもの・非常",Text
"粗食
**記号**・**構成のしかた**・**例**
1-類義・同じような意味の漢字を重ねたもの・身体
2-対義・反対または対応の意味を表す字を重ねたもの・左右
3-修飾・上の字が下の字を修飾しているもの・洋画
4-目的・下の字が上の字の目的語・補語になっているもの・着火
5-打消・上の字が下の字の意味を打ち消しているもの・非常",3,,"**記号**・**構成のしかた**・**例**
1-類義・同じような意味の漢字を重ねたもの・身体
2-対義・反対または対応の意味を表す字を重ねたもの・左右
3-修飾・上の字が下の字を修飾しているもの・洋画
4-目的・下の字が上の字の目的語・補語になっているもの・着火
5-打消・上の字が下の字の意味を打ち消しているもの・非常",Text
"亀甲
**記号**・**構成のしかた**・**例**
1-類義・同じような意味の漢字を重ねたもの・身体
2-対義・反対または対応の意味を表す字を重ねたもの・左右
3-修飾・上の字が下の字を修飾しているもの・洋画
4-目的・下の字が上の字の目的語・補語になっているもの・着火
5-打消・上の字が下の字の意味を打ち消しているもの・非常",3,,"**記号**・**構成のしかた**・**例**
1-類義・同じような意味の漢字を重ねたもの・身体
2-対義・反対または対応の意味を表す字を重ねたもの・左右
3-修飾・上の字が下の字を修飾しているもの・洋画
4-目的・下の字が上の字の目的語・補語になっているもの・着火
5-打消・上の字が下の字の意味を打ち消しているもの・非常",Text
"艶聞
**記号**・**構成のしかた**・**例**
1-類義・同じような意味の漢字を重ねたもの・身体
2-対義・反対または対応の意味を表す字を重ねたもの・左右
3-修飾・上の字が下の字を修飾しているもの・洋画
4-目的・下の字が上の字の目的語・補語になっているもの・着火
5-打消・上の字が下の字の意味を打ち消しているもの・非常",3,,"**記号**・**構成のしかた**・**例**
1-類義・同じような意味の漢字を重ねたもの・身体
2-対義・反対または対応の意味を表す字を重ねたもの・左右
3-修飾・上の字が下の字を修飾しているもの・洋画
4-目的・下の字が上の字の目的語・補語になっているもの・着火
5-打消・上の字が下の字の意味を打ち消しているもの・非常",Text
"併記
**記号**・**構成のしかた**・**例**
1-類義・同じような意味の漢字を重ねたもの・身体
2-対義・反対または対応の意味を表す字を重ねたもの・左右
3-修飾・上の字が下の字を修飾しているもの・洋画
4-目的・下の字が上の字の目的語・補語になっているもの・着火
5-打消・上の字が下の字の意味を打ち消しているもの・非常",3,,"**記号**・**構成のしかた**・**例**
1-類義・同じような意味の漢字を重ねたもの・身体
2-対義・反対または対応の意味を表す字を重ねたもの・左右
3-修飾・上の字が下の字を修飾しているもの・洋画
4-目的・下の字が上の字の目的語・補語になっているもの・着火
5-打消・上の字が下の字の意味を打ち消しているもの・非常",Text
"頻発
**記号**・**構成のしかた**・**例**
1-類義・同じような意味の漢字を重ねたもの・身体
2-対義・反対または対応の意味を表す字を重ねたもの・左右
3-修飾・上の字が下の字を修飾しているもの・洋画
4-目的・下の字が上の字の目的語・補語になっているもの・着火
5-打消・上の字が下の字の意味を打ち消しているもの・非常",3,,"**記号**・**構成のしかた**・**例**
1-類義・同じような意味の漢字を重ねたもの・身体
2-対義・反対または対応の意味を表す字を重ねたもの・左右
3-修飾・上の字が下の字を修飾しているもの・洋画
4-目的・下の字が上の字の目的語・補語になっているもの・着火
5-打消・上の字が下の字の意味を打ち消しているもの・非常",Text
"苦衷
**記号**・**構成のしかた**・**例**
1-類義・同じような意味の漢字を重ねたもの・身体
2-対義・反対または対応の意味を表す字を重ねたもの・左右
3-修飾・上の字が下の字を修飾しているもの・洋画
4-目的・下の字が上の字の目的語・補語になっているもの・着火
5-打消・上の字が下の字の意味を打ち消しているもの・非常",3,,"**記号**・**構成のしかた**・**例**
1-類義・同じような意味の漢字を重ねたもの・身体
2-対義・反対または対応の意味を表す字を重ねたもの・左右
3-修飾・上の字が下の字を修飾しているもの・洋画
4-目的・下の字が上の字の目的語・補語になっているもの・着火
5-打消・上の字が下の字の意味を打ち消しているもの・非常",Text
"河畔
**記号**・**構成のしかた**・**例**
1-類義・同じような意味の漢字を重ねたもの・身体
2-対義・反対または対応の意味を表す字を重ねたもの・左右
3-修飾・上の字が下の字を修飾しているもの・洋画
4-目的・下の字が上の字の目的語・補語になっているもの・着火
5-打消・上の字が下の字の意味を打ち消しているもの・非常",3,,"**記号**・**構成のしかた**・**例**
1-類義・同じような意味の漢字を重ねたもの・身体
2-対義・反対または対応の意味を表す字を重ねたもの・左右
3-修飾・上の字が下の字を修飾しているもの・洋画
4-目的・下の字が上の字の目的語・補語になっているもの・着火
5-打消・上の字が下の字の意味を打ち消しているもの・非常",Text
"儒教
**記号**・**構成のしかた**・**例**
1-類義・同じような意味の漢字を重ねたもの・身体
2-対義・反対または対応の意味を表す字を重ねたもの・左右
3-修飾・上の字が下の字を修飾しているもの・洋画
4-目的・下の字が上の字の目的語・補語になっているもの・着火
5-打消・上の字が下の字の意味を打ち消しているもの・非常",3,,"**記号**・**構成のしかた**・**例**
1-類義・同じような意味の漢字を重ねたもの・身体
2-対義・反対または対応の意味を表す字を重ねたもの・左右
3-修飾・上の字が下の字を修飾しているもの・洋画
4-目的・下の字が上の字の目的語・補語になっているもの・着火
5-打消・上の字が下の字の意味を打ち消しているもの・非常",Text
"妙齢
**記号**・**構成のしかた**・**例**
1-類義・同じような意味の漢字を重ねたもの・身体
2-対義・反対または対応の意味を表す字を重ねたもの・左右
3-修飾・上の字が下の字を修飾しているもの・洋画
4-目的・下の字が上の字の目的語・補語になっているもの・着火
5-打消・上の字が下の字の意味を打ち消しているもの・非常",3,,"**記号**・**構成のしかた**・**例**
1-類義・同じような意味の漢字を重ねたもの・身体
2-対義・反対または対応の意味を表す字を重ねたもの・左右
3-修飾・上の字が下の字を修飾しているもの・洋画
4-目的・下の字が上の字の目的語・補語になっているもの・着火
5-打消・上の字が下の字の意味を打ち消しているもの・非常",Text
"媒体
**記号**・**構成のしかた**・**例**
1-類義・同じような意味の漢字を重ねたもの・身体
2-対義・反対または対応の意味を表す字を重ねたもの・左右
3-修飾・上の字が下の字を修飾しているもの・洋画
4-目的・下の字が上の字の目的語・補語になっているもの・着火
5-打消・上の字が下の字の意味を打ち消しているもの・非常",3,,"**記号**・**構成のしかた**・**例**
1-類義・同じような意味の漢字を重ねたもの・身体
2-対義・反対または対応の意味を表す字を重ねたもの・左右
3-修飾・上の字が下の字を修飾しているもの・洋画
4-目的・下の字が上の字の目的語・補語になっているもの・着火
5-打消・上の字が下の字の意味を打ち消しているもの・非常",Text
"偏在
**記号**・**構成のしかた**・**例**
1-類義・同じような意味の漢字を重ねたもの・身体
2-対義・反対または対応の意味を表す字を重ねたもの・左右
3-修飾・上の字が下の字を修飾しているもの・洋画
4-目的・下の字が上の字の目的語・補語になっているもの・着火
5-打消・上の字が下の字の意味を打ち消しているもの・非常",3,,"**記号**・**構成のしかた**・**例**
1-類義・同じような意味の漢字を重ねたもの・身体
2-対義・反対または対応の意味を表す字を重ねたもの・左右
3-修飾・上の字が下の字を修飾しているもの・洋画
4-目的・下の字が上の字の目的語・補語になっているもの・着火
5-打消・上の字が下の字の意味を打ち消しているもの・非常",Text
"禍根
**記号**・**構成のしかた**・**例**
1-類義・同じような意味の漢字を重ねたもの・身体
2-対義・反対または対応の意味を表す字を重ねたもの・左右
3-修飾・上の字が下の字を修飾しているもの・洋画
4-目的・下の字が上の字の目的語・補語になっているもの・着火
5-打消・上の字が下の字の意味を打ち消しているもの・非常",3,,"**記号**・**構成のしかた**・**例**
1-類義・同じような意味の漢字を重ねたもの・身体
2-対義・反対または対応の意味を表す字を重ねたもの・左右
3-修飾・上の字が下の字を修飾しているもの・洋画
4-目的・下の字が上の字の目的語・補語になっているもの・着火
5-打消・上の字が下の字の意味を打ち消しているもの・非常",Text
"汎愛
**記号**・**構成のしかた**・**例**
1-類義・同じような意味の漢字を重ねたもの・身体
2-対義・反対または対応の意味を表す字を重ねたもの・左右
3-修飾・上の字が下の字を修飾しているもの・洋画
4-目的・下の字が上の字の目的語・補語になっているもの・着火
5-打消・上の字が下の字の意味を打ち消しているもの・非常",3,,"**記号**・**構成のしかた**・**例**
1-類義・同じような意味の漢字を重ねたもの・身体
2-対義・反対または対応の意味を表す字を重ねたもの・左右
3-修飾・上の字が下の字を修飾しているもの・洋画
4-目的・下の字が上の字の目的語・補語になっているもの・着火
5-打消・上の字が下の字の意味を打ち消しているもの・非常",Text
"語彙
**記号**・**構成のしかた**・**例**
1-類義・同じような意味の漢字を重ねたもの・身体
2-対義・反対または対応の意味を表す字を重ねたもの・左右
3-修飾・上の字が下の字を修飾しているもの・洋画
4-目的・下の字が上の字の目的語・補語になっているもの・着火
5-打消・上の字が下の字の意味を打ち消しているもの・非常",3,,"**記号**・**構成のしかた**・**例**
1-類義・同じような意味の漢字を重ねたもの・身体
2-対義・反対または対応の意味を表す字を重ねたもの・左右
3-修飾・上の字が下の字を修飾しているもの・洋画
4-目的・下の字が上の字の目的語・補語になっているもの・着火
5-打消・上の字が下の字の意味を打ち消しているもの・非常",Text
"朗詠
**記号**・**構成のしかた**・**例**
1-類義・同じような意味の漢字を重ねたもの・身体
2-対義・反対または対応の意味を表す字を重ねたもの・左右
3-修飾・上の字が下の字を修飾しているもの・洋画
4-目的・下の字が上の字の目的語・補語になっているもの・着火
5-打消・上の字が下の字の意味を打ち消しているもの・非常",3,,"**記号**・**構成のしかた**・**例**
1-類義・同じような意味の漢字を重ねたもの・身体
2-対義・反対または対応の意味を表す字を重ねたもの・左右
3-修飾・上の字が下の字を修飾しているもの・洋画
4-目的・下の字が上の字の目的語・補語になっているもの・着火
5-打消・上の字が下の字の意味を打ち消しているもの・非常",Text
"直轄
**記号**・**構成のしかた**・**例**
1-類義・同じような意味の漢字を重ねたもの・身体
2-対義・反対または対応の意味を表す字を重ねたもの・左右
3-修飾・上の字が下の字を修飾しているもの・洋画
4-目的・下の字が上の字の目的語・補語になっているもの・着火
5-打消・上の字が下の字の意味を打ち消しているもの・非常",3,,"**記号**・**構成のしかた**・**例**
1-類義・同じような意味の漢字を重ねたもの・身体
2-対義・反対または対応の意味を表す字を重ねたもの・左右
3-修飾・上の字が下の字を修飾しているもの・洋画
4-目的・下の字が上の字の目的語・補語になっているもの・着火
5-打消・上の字が下の字の意味を打ち消しているもの・非常",Text
"直喩
**記号**・**構成のしかた**・**例**
1-類義・同じような意味の漢字を重ねたもの・身体
2-対義・反対または対応の意味を表す字を重ねたもの・左右
3-修飾・上の字が下の字を修飾しているもの・洋画
4-目的・下の字が上の字の目的語・補語になっているもの・着火
5-打消・上の字が下の字の意味を打ち消しているもの・非常",3,,"**記号**・**構成のしかた**・**例**
1-類義・同じような意味の漢字を重ねたもの・身体
2-対義・反対または対応の意味を表す字を重ねたもの・左右
3-修飾・上の字が下の字を修飾しているもの・洋画
4-目的・下の字が上の字の目的語・補語になっているもの・着火
5-打消・上の字が下の字の意味を打ち消しているもの・非常",Text
"逸材
**記号**・**構成のしかた**・**例**
1-類義・同じような意味の漢字を重ねたもの・身体
2-対義・反対または対応の意味を表す字を重ねたもの・左右
3-修飾・上の字が下の字を修飾しているもの・洋画
4-目的・下の字が上の字の目的語・補語になっているもの・着火
5-打消・上の字が下の字の意味を打ち消しているもの・非常",3,,"**記号**・**構成のしかた**・**例**
1-類義・同じような意味の漢字を重ねたもの・身体
2-対義・反対または対応の意味を表す字を重ねたもの・左右
3-修飾・上の字が下の字を修飾しているもの・洋画
4-目的・下の字が上の字の目的語・補語になっているもの・着火
5-打消・上の字が下の字の意味を打ち消しているもの・非常",Text
"汗腺
**記号**・**構成のしかた**・**例**
1-類義・同じような意味の漢字を重ねたもの・身体
2-対義・反対または対応の意味を表す字を重ねたもの・左右
3-修飾・上の字が下の字を修飾しているもの・洋画
4-目的・下の字が上の字の目的語・補語になっているもの・着火
5-打消・上の字が下の字の意味を打ち消しているもの・非常",3,,"**記号**・**構成のしかた**・**例**
1-類義・同じような意味の漢字を重ねたもの・身体
2-対義・反対または対応の意味を表す字を重ねたもの・左右
3-修飾・上の字が下の字を修飾しているもの・洋画
4-目的・下の字が上の字の目的語・補語になっているもの・着火
5-打消・上の字が下の字の意味を打ち消しているもの・非常",Text
"暫定
**記号**・**構成のしかた**・**例**
1-類義・同じような意味の漢字を重ねたもの・身体
2-対義・反対または対応の意味を表す字を重ねたもの・左右
3-修飾・上の字が下の字を修飾しているもの・洋画
4-目的・下の字が上の字の目的語・補語になっているもの・着火
5-打消・上の字が下の字の意味を打ち消しているもの・非常",3,,"**記号**・**構成のしかた**・**例**
1-類義・同じような意味の漢字を重ねたもの・身体
2-対義・反対または対応の意味を表す字を重ねたもの・左右
3-修飾・上の字が下の字を修飾しているもの・洋画
4-目的・下の字が上の字の目的語・補語になっているもの・着火
5-打消・上の字が下の字の意味を打ち消しているもの・非常",Text
"筆禍
**記号**・**構成のしかた**・**例**
1-類義・同じような意味の漢字を重ねたもの・身体
2-対義・反対または対応の意味を表す字を重ねたもの・左右
3-修飾・上の字が下の字を修飾しているもの・洋画
4-目的・下の字が上の字の目的語・補語になっているもの・着火
5-打消・上の字が下の字の意味を打ち消しているもの・非常",3,,"**記号**・**構成のしかた**・**例**
1-類義・同じような意味の漢字を重ねたもの・身体
2-対義・反対または対応の意味を表す字を重ねたもの・左右
3-修飾・上の字が下の字を修飾しているもの・洋画
4-目的・下の字が上の字の目的語・補語になっているもの・着火
5-打消・上の字が下の字の意味を打ち消しているもの・非常",Text
"旋風
**記号**・**構成のしかた**・**例**
1-類義・同じような意味の漢字を重ねたもの・身体
2-対義・反対または対応の意味を表す字を重ねたもの・左右
3-修飾・上の字が下の字を修飾しているもの・洋画
4-目的・下の字が上の字の目的語・補語になっているもの・着火
5-打消・上の字が下の字の意味を打ち消しているもの・非常",3,,"**記号**・**構成のしかた**・**例**
1-類義・同じような意味の漢字を重ねたもの・身体
2-対義・反対または対応の意味を表す字を重ねたもの・左右
3-修飾・上の字が下の字を修飾しているもの・洋画
4-目的・下の字が上の字の目的語・補語になっているもの・着火
5-打消・上の字が下の字の意味を打ち消しているもの・非常",Text
"沃野
**記号**・**構成のしかた**・**例**
1-類義・同じような意味の漢字を重ねたもの・身体
2-対義・反対または対応の意味を表す字を重ねたもの・左右
3-修飾・上の字が下の字を修飾しているもの・洋画
4-目的・下の字が上の字の目的語・補語になっているもの・着火
5-打消・上の字が下の字の意味を打ち消しているもの・非常",3,,"**記号**・**構成のしかた**・**例**
1-類義・同じような意味の漢字を重ねたもの・身体
2-対義・反対または対応の意味を表す字を重ねたもの・左右
3-修飾・上の字が下の字を修飾しているもの・洋画
4-目的・下の字が上の字の目的語・補語になっているもの・着火
5-打消・上の字が下の字の意味を打ち消しているもの・非常",Text
"芳香
**記号**・**構成のしかた**・**例**
1-類義・同じような意味の漢字を重ねたもの・身体
2-対義・反対または対応の意味を表す字を重ねたもの・左右
3-修飾・上の字が下の字を修飾しているもの・洋画
4-目的・下の字が上の字の目的語・補語になっているもの・着火
5-打消・上の字が下の字の意味を打ち消しているもの・非常",3,,"**記号**・**構成のしかた**・**例**
1-類義・同じような意味の漢字を重ねたもの・身体
2-対義・反対または対応の意味を表す字を重ねたもの・左右
3-修飾・上の字が下の字を修飾しているもの・洋画
4-目的・下の字が上の字の目的語・補語になっているもの・着火
5-打消・上の字が下の字の意味を打ち消しているもの・非常",Text
"咽頭
**記号**・**構成のしかた**・**例**
1-類義・同じような意味の漢字を重ねたもの・身体
2-対義・反対または対応の意味を表す字を重ねたもの・左右
3-修飾・上の字が下の字を修飾しているもの・洋画
4-目的・下の字が上の字の目的語・補語になっているもの・着火
5-打消・上の字が下の字の意味を打ち消しているもの・非常",3,,"**記号**・**構成のしかた**・**例**
1-類義・同じような意味の漢字を重ねたもの・身体
2-対義・反対または対応の意味を表す字を重ねたもの・左右
3-修飾・上の字が下の字を修飾しているもの・洋画
4-目的・下の字が上の字の目的語・補語になっているもの・着火
5-打消・上の字が下の字の意味を打ち消しているもの・非常",Text
"奇遇
**記号**・**構成のしかた**・**例**
1-類義・同じような意味の漢字を重ねたもの・身体
2-対義・反対または対応の意味を表す字を重ねたもの・左右
3-修飾・上の字が下の字を修飾しているもの・洋画
4-目的・下の字が上の字の目的語・補語になっているもの・着火
5-打消・上の字が下の字の意味を打ち消しているもの・非常",3,,"**記号**・**構成のしかた**・**例**
1-類義・同じような意味の漢字を重ねたもの・身体
2-対義・反対または対応の意味を表す字を重ねたもの・左右
3-修飾・上の字が下の字を修飾しているもの・洋画
4-目的・下の字が上の字の目的語・補語になっているもの・着火
5-打消・上の字が下の字の意味を打ち消しているもの・非常",Text
"疾走
**記号**・**構成のしかた**・**例**
1-類義・同じような意味の漢字を重ねたもの・身体
2-対義・反対または対応の意味を表す字を重ねたもの・左右
3-修飾・上の字が下の字を修飾しているもの・洋画
4-目的・下の字が上の字の目的語・補語になっているもの・着火
5-打消・上の字が下の字の意味を打ち消しているもの・非常",3,,"**記号**・**構成のしかた**・**例**
1-類義・同じような意味の漢字を重ねたもの・身体
2-対義・反対または対応の意味を表す字を重ねたもの・左右
3-修飾・上の字が下の字を修飾しているもの・洋画
4-目的・下の字が上の字の目的語・補語になっているもの・着火
5-打消・上の字が下の字の意味を打ち消しているもの・非常",Text
"漆黒
**記号**・**構成のしかた**・**例**
1-類義・同じような意味の漢字を重ねたもの・身体
2-対義・反対または対応の意味を表す字を重ねたもの・左右
3-修飾・上の字が下の字を修飾しているもの・洋画
4-目的・下の字が上の字の目的語・補語になっているもの・着火
5-打消・上の字が下の字の意味を打ち消しているもの・非常",3,,"**記号**・**構成のしかた**・**例**
1-類義・同じような意味の漢字を重ねたもの・身体
2-対義・反対または対応の意味を表す字を重ねたもの・左右
3-修飾・上の字が下の字を修飾しているもの・洋画
4-目的・下の字が上の字の目的語・補語になっているもの・着火
5-打消・上の字が下の字の意味を打ち消しているもの・非常",Text
"奔流
**記号**・**構成のしかた**・**例**
1-類義・同じような意味の漢字を重ねたもの・身体
2-対義・反対または対応の意味を表す字を重ねたもの・左右
3-修飾・上の字が下の字を修飾しているもの・洋画
4-目的・下の字が上の字の目的語・補語になっているもの・着火
5-打消・上の字が下の字の意味を打ち消しているもの・非常",3,,"**記号**・**構成のしかた**・**例**
1-類義・同じような意味の漢字を重ねたもの・身体
2-対義・反対または対応の意味を表す字を重ねたもの・左右
3-修飾・上の字が下の字を修飾しているもの・洋画
4-目的・下の字が上の字の目的語・補語になっているもの・着火
5-打消・上の字が下の字の意味を打ち消しているもの・非常",Text
"旅愁
**記号**・**構成のしかた**・**例**
1-類義・同じような意味の漢字を重ねたもの・身体
2-対義・反対または対応の意味を表す字を重ねたもの・左右
3-修飾・上の字が下の字を修飾しているもの・洋画
4-目的・下の字が上の字の目的語・補語になっているもの・着火
5-打消・上の字が下の字の意味を打ち消しているもの・非常",3,,"**記号**・**構成のしかた**・**例**
1-類義・同じような意味の漢字を重ねたもの・身体
2-対義・反対または対応の意味を表す字を重ねたもの・左右
3-修飾・上の字が下の字を修飾しているもの・洋画
4-目的・下の字が上の字の目的語・補語になっているもの・着火
5-打消・上の字が下の字の意味を打ち消しているもの・非常",Text
"塁審
**記号**・**構成のしかた**・**例**
1-類義・同じような意味の漢字を重ねたもの・身体
2-対義・反対または対応の意味を表す字を重ねたもの・左右
3-修飾・上の字が下の字を修飾しているもの・洋画
4-目的・下の字が上の字の目的語・補語になっているもの・着火
5-打消・上の字が下の字の意味を打ち消しているもの・非常",3,,"**記号**・**構成のしかた**・**例**
1-類義・同じような意味の漢字を重ねたもの・身体
2-対義・反対または対応の意味を表す字を重ねたもの・左右
3-修飾・上の字が下の字を修飾しているもの・洋画
4-目的・下の字が上の字の目的語・補語になっているもの・着火
5-打消・上の字が下の字の意味を打ち消しているもの・非常",Text
"義憤
**記号**・**構成のしかた**・**例**
1-類義・同じような意味の漢字を重ねたもの・身体
2-対義・反対または対応の意味を表す字を重ねたもの・左右
3-修飾・上の字が下の字を修飾しているもの・洋画
4-目的・下の字が上の字の目的語・補語になっているもの・着火
5-打消・上の字が下の字の意味を打ち消しているもの・非常",3,,"**記号**・**構成のしかた**・**例**
1-類義・同じような意味の漢字を重ねたもの・身体
2-対義・反対または対応の意味を表す字を重ねたもの・左右
3-修飾・上の字が下の字を修飾しているもの・洋画
4-目的・下の字が上の字の目的語・補語になっているもの・着火
5-打消・上の字が下の字の意味を打ち消しているもの・非常",Text
"硝煙
**記号**・**構成のしかた**・**例**
1-類義・同じような意味の漢字を重ねたもの・身体
2-対義・反対または対応の意味を表す字を重ねたもの・左右
3-修飾・上の字が下の字を修飾しているもの・洋画
4-目的・下の字が上の字の目的語・補語になっているもの・着火
5-打消・上の字が下の字の意味を打ち消しているもの・非常",3,,"**記号**・**構成のしかた**・**例**
1-類義・同じような意味の漢字を重ねたもの・身体
2-対義・反対または対応の意味を表す字を重ねたもの・左右
3-修飾・上の字が下の字を修飾しているもの・洋画
4-目的・下の字が上の字の目的語・補語になっているもの・着火
5-打消・上の字が下の字の意味を打ち消しているもの・非常",Text
"厳禁
**記号**・**構成のしかた**・**例**
1-類義・同じような意味の漢字を重ねたもの・身体
2-対義・反対または対応の意味を表す字を重ねたもの・左右
3-修飾・上の字が下の字を修飾しているもの・洋画
4-目的・下の字が上の字の目的語・補語になっているもの・着火
5-打消・上の字が下の字の意味を打ち消しているもの・非常",3,,"**記号**・**構成のしかた**・**例**
1-類義・同じような意味の漢字を重ねたもの・身体
2-対義・反対または対応の意味を表す字を重ねたもの・左右
3-修飾・上の字が下の字を修飾しているもの・洋画
4-目的・下の字が上の字の目的語・補語になっているもの・着火
5-打消・上の字が下の字の意味を打ち消しているもの・非常",Text
"醜聞
**記号**・**構成のしかた**・**例**
1-類義・同じような意味の漢字を重ねたもの・身体
2-対義・反対または対応の意味を表す字を重ねたもの・左右
3-修飾・上の字が下の字を修飾しているもの・洋画
4-目的・下の字が上の字の目的語・補語になっているもの・着火
5-打消・上の字が下の字の意味を打ち消しているもの・非常",3,,"**記号**・**構成のしかた**・**例**
1-類義・同じような意味の漢字を重ねたもの・身体
2-対義・反対または対応の意味を表す字を重ねたもの・左右
3-修飾・上の字が下の字を修飾しているもの・洋画
4-目的・下の字が上の字の目的語・補語になっているもの・着火
5-打消・上の字が下の字の意味を打ち消しているもの・非常",Text
"畏友
**記号**・**構成のしかた**・**例**
1-類義・同じような意味の漢字を重ねたもの・身体
2-対義・反対または対応の意味を表す字を重ねたもの・左右
3-修飾・上の字が下の字を修飾しているもの・洋画
4-目的・下の字が上の字の目的語・補語になっているもの・着火
5-打消・上の字が下の字の意味を打ち消しているもの・非常",3,,"**記号**・**構成のしかた**・**例**
1-類義・同じような意味の漢字を重ねたもの・身体
2-対義・反対または対応の意味を表す字を重ねたもの・左右
3-修飾・上の字が下の字を修飾しているもの・洋画
4-目的・下の字が上の字の目的語・補語になっているもの・着火
5-打消・上の字が下の字の意味を打ち消しているもの・非常",Text
"長寿
**記号**・**構成のしかた**・**例**
1-類義・同じような意味の漢字を重ねたもの・身体
2-対義・反対または対応の意味を表す字を重ねたもの・左右
3-修飾・上の字が下の字を修飾しているもの・洋画
4-目的・下の字が上の字の目的語・補語になっているもの・着火
5-打消・上の字が下の字の意味を打ち消しているもの・非常",3,,"**記号**・**構成のしかた**・**例**
1-類義・同じような意味の漢字を重ねたもの・身体
2-対義・反対または対応の意味を表す字を重ねたもの・左右
3-修飾・上の字が下の字を修飾しているもの・洋画
4-目的・下の字が上の字の目的語・補語になっているもの・着火
5-打消・上の字が下の字の意味を打ち消しているもの・非常",Text
"本絹
**記号**・**構成のしかた**・**例**
1-類義・同じような意味の漢字を重ねたもの・身体
2-対義・反対または対応の意味を表す字を重ねたもの・左右
3-修飾・上の字が下の字を修飾しているもの・洋画
4-目的・下の字が上の字の目的語・補語になっているもの・着火
5-打消・上の字が下の字の意味を打ち消しているもの・非常",3,,"**記号**・**構成のしかた**・**例**
1-類義・同じような意味の漢字を重ねたもの・身体
2-対義・反対または対応の意味を表す字を重ねたもの・左右
3-修飾・上の字が下の字を修飾しているもの・洋画
4-目的・下の字が上の字の目的語・補語になっているもの・着火
5-打消・上の字が下の字の意味を打ち消しているもの・非常",Text
"白墨
**記号**・**構成のしかた**・**例**
1-類義・同じような意味の漢字を重ねたもの・身体
2-対義・反対または対応の意味を表す字を重ねたもの・左右
3-修飾・上の字が下の字を修飾しているもの・洋画
4-目的・下の字が上の字の目的語・補語になっているもの・着火
5-打消・上の字が下の字の意味を打ち消しているもの・非常",3,,"**記号**・**構成のしかた**・**例**
1-類義・同じような意味の漢字を重ねたもの・身体
2-対義・反対または対応の意味を表す字を重ねたもの・左右
3-修飾・上の字が下の字を修飾しているもの・洋画
4-目的・下の字が上の字の目的語・補語になっているもの・着火
5-打消・上の字が下の字の意味を打ち消しているもの・非常",Text
"邪推
**記号**・**構成のしかた**・**例**
1-類義・同じような意味の漢字を重ねたもの・身体
2-対義・反対または対応の意味を表す字を重ねたもの・左右
3-修飾・上の字が下の字を修飾しているもの・洋画
4-目的・下の字が上の字の目的語・補語になっているもの・着火
5-打消・上の字が下の字の意味を打ち消しているもの・非常",3,,"**記号**・**構成のしかた**・**例**
1-類義・同じような意味の漢字を重ねたもの・身体
2-対義・反対または対応の意味を表す字を重ねたもの・左右
3-修飾・上の字が下の字を修飾しているもの・洋画
4-目的・下の字が上の字の目的語・補語になっているもの・着火
5-打消・上の字が下の字の意味を打ち消しているもの・非常",Text
"墨汁
**記号**・**構成のしかた**・**例**
1-類義・同じような意味の漢字を重ねたもの・身体
2-対義・反対または対応の意味を表す字を重ねたもの・左右
3-修飾・上の字が下の字を修飾しているもの・洋画
4-目的・下の字が上の字の目的語・補語になっているもの・着火
5-打消・上の字が下の字の意味を打ち消しているもの・非常",3,,"**記号**・**構成のしかた**・**例**
1-類義・同じような意味の漢字を重ねたもの・身体
2-対義・反対または対応の意味を表す字を重ねたもの・左右
3-修飾・上の字が下の字を修飾しているもの・洋画
4-目的・下の字が上の字の目的語・補語になっているもの・着火
5-打消・上の字が下の字の意味を打ち消しているもの・非常",Text
"公僕
**記号**・**構成のしかた**・**例**
1-類義・同じような意味の漢字を重ねたもの・身体
2-対義・反対または対応の意味を表す字を重ねたもの・左右
3-修飾・上の字が下の字を修飾しているもの・洋画
4-目的・下の字が上の字の目的語・補語になっているもの・着火
5-打消・上の字が下の字の意味を打ち消しているもの・非常",3,,"**記号**・**構成のしかた**・**例**
1-類義・同じような意味の漢字を重ねたもの・身体
2-対義・反対または対応の意味を表す字を重ねたもの・左右
3-修飾・上の字が下の字を修飾しているもの・洋画
4-目的・下の字が上の字の目的語・補語になっているもの・着火
5-打消・上の字が下の字の意味を打ち消しているもの・非常",Text
"輪禍
**記号**・**構成のしかた**・**例**
1-類義・同じような意味の漢字を重ねたもの・身体
2-対義・反対または対応の意味を表す字を重ねたもの・左右
3-修飾・上の字が下の字を修飾しているもの・洋画
4-目的・下の字が上の字の目的語・補語になっているもの・着火
5-打消・上の字が下の字の意味を打ち消しているもの・非常",3,,"**記号**・**構成のしかた**・**例**
1-類義・同じような意味の漢字を重ねたもの・身体
2-対義・反対または対応の意味を表す字を重ねたもの・左右
3-修飾・上の字が下の字を修飾しているもの・洋画
4-目的・下の字が上の字の目的語・補語になっているもの・着火
5-打消・上の字が下の字の意味を打ち消しているもの・非常",Text
"卓見
**記号**・**構成のしかた**・**例**
1-類義・同じような意味の漢字を重ねたもの・身体
2-対義・反対または対応の意味を表す字を重ねたもの・左右
3-修飾・上の字が下の字を修飾しているもの・洋画
4-目的・下の字が上の字の目的語・補語になっているもの・着火
5-打消・上の字が下の字の意味を打ち消しているもの・非常",3,,"**記号**・**構成のしかた**・**例**
1-類義・同じような意味の漢字を重ねたもの・身体
2-対義・反対または対応の意味を表す字を重ねたもの・左右
3-修飾・上の字が下の字を修飾しているもの・洋画
4-目的・下の字が上の字の目的語・補語になっているもの・着火
5-打消・上の字が下の字の意味を打ち消しているもの・非常",Text
"来賓
**記号**・**構成のしかた**・**例**
1-類義・同じような意味の漢字を重ねたもの・身体
2-対義・反対または対応の意味を表す字を重ねたもの・左右
3-修飾・上の字が下の字を修飾しているもの・洋画
4-目的・下の字が上の字の目的語・補語になっているもの・着火
5-打消・上の字が下の字の意味を打ち消しているもの・非常",3,,"**記号**・**構成のしかた**・**例**
1-類義・同じような意味の漢字を重ねたもの・身体
2-対義・反対または対応の意味を表す字を重ねたもの・左右
3-修飾・上の字が下の字を修飾しているもの・洋画
4-目的・下の字が上の字の目的語・補語になっているもの・着火
5-打消・上の字が下の字の意味を打ち消しているもの・非常",Text
"熟睡
**記号**・**構成のしかた**・**例**
1-類義・同じような意味の漢字を重ねたもの・身体
2-対義・反対または対応の意味を表す字を重ねたもの・左右
3-修飾・上の字が下の字を修飾しているもの・洋画
4-目的・下の字が上の字の目的語・補語になっているもの・着火
5-打消・上の字が下の字の意味を打ち消しているもの・非常",3,,"**記号**・**構成のしかた**・**例**
1-類義・同じような意味の漢字を重ねたもの・身体
2-対義・反対または対応の意味を表す字を重ねたもの・左右
3-修飾・上の字が下の字を修飾しているもの・洋画
4-目的・下の字が上の字の目的語・補語になっているもの・着火
5-打消・上の字が下の字の意味を打ち消しているもの・非常",Text
"妄想
**記号**・**構成のしかた**・**例**
1-類義・同じような意味の漢字を重ねたもの・身体
2-対義・反対または対応の意味を表す字を重ねたもの・左右
3-修飾・上の字が下の字を修飾しているもの・洋画
4-目的・下の字が上の字の目的語・補語になっているもの・着火
5-打消・上の字が下の字の意味を打ち消しているもの・非常",3,,"**記号**・**構成のしかた**・**例**
1-類義・同じような意味の漢字を重ねたもの・身体
2-対義・反対または対応の意味を表す字を重ねたもの・左右
3-修飾・上の字が下の字を修飾しているもの・洋画
4-目的・下の字が上の字の目的語・補語になっているもの・着火
5-打消・上の字が下の字の意味を打ち消しているもの・非常",Text
"弊履
**記号**・**構成のしかた**・**例**
1-類義・同じような意味の漢字を重ねたもの・身体
2-対義・反対または対応の意味を表す字を重ねたもの・左右
3-修飾・上の字が下の字を修飾しているもの・洋画
4-目的・下の字が上の字の目的語・補語になっているもの・着火
5-打消・上の字が下の字の意味を打ち消しているもの・非常",3,,"**記号**・**構成のしかた**・**例**
1-類義・同じような意味の漢字を重ねたもの・身体
2-対義・反対または対応の意味を表す字を重ねたもの・左右
3-修飾・上の字が下の字を修飾しているもの・洋画
4-目的・下の字が上の字の目的語・補語になっているもの・着火
5-打消・上の字が下の字の意味を打ち消しているもの・非常",Text
"亜流
**記号**・**構成のしかた**・**例**
1-類義・同じような意味の漢字を重ねたもの・身体
2-対義・反対または対応の意味を表す字を重ねたもの・左右
3-修飾・上の字が下の字を修飾しているもの・洋画
4-目的・下の字が上の字の目的語・補語になっているもの・着火
5-打消・上の字が下の字の意味を打ち消しているもの・非常",3,,"**記号**・**構成のしかた**・**例**
1-類義・同じような意味の漢字を重ねたもの・身体
2-対義・反対または対応の意味を表す字を重ねたもの・左右
3-修飾・上の字が下の字を修飾しているもの・洋画
4-目的・下の字が上の字の目的語・補語になっているもの・着火
5-打消・上の字が下の字の意味を打ち消しているもの・非常",Text
"辞典
**記号**・**構成のしかた**・**例**
1-類義・同じような意味の漢字を重ねたもの・身体
2-対義・反対または対応の意味を表す字を重ねたもの・左右
3-修飾・上の字が下の字を修飾しているもの・洋画
4-目的・下の字が上の字の目的語・補語になっているもの・着火
5-打消・上の字が下の字の意味を打ち消しているもの・非常",3,,"**記号**・**構成のしかた**・**例**
1-類義・同じような意味の漢字を重ねたもの・身体
2-対義・反対または対応の意味を表す字を重ねたもの・左右
3-修飾・上の字が下の字を修飾しているもの・洋画
4-目的・下の字が上の字の目的語・補語になっているもの・着火
5-打消・上の字が下の字の意味を打ち消しているもの・非常",Text
"麦芽
**記号**・**構成のしかた**・**例**
1-類義・同じような意味の漢字を重ねたもの・身体
2-対義・反対または対応の意味を表す字を重ねたもの・左右
3-修飾・上の字が下の字を修飾しているもの・洋画
4-目的・下の字が上の字の目的語・補語になっているもの・着火
5-打消・上の字が下の字の意味を打ち消しているもの・非常",3,,"**記号**・**構成のしかた**・**例**
1-類義・同じような意味の漢字を重ねたもの・身体
2-対義・反対または対応の意味を表す字を重ねたもの・左右
3-修飾・上の字が下の字を修飾しているもの・洋画
4-目的・下の字が上の字の目的語・補語になっているもの・着火
5-打消・上の字が下の字の意味を打ち消しているもの・非常",Text