Question,Answers,Comment,Freq,Instructions,Render as
__嬉__しい,うれ,"［嬉］準一級
音: キ 訓: うれ・しい
意味: 喜ぶ、喜び楽しむ、喜び戯(たわむ)れる。",嬉 → JPDB Kanji Freq: 519,漢字の読みを入力してください,Text
__嘘__,うそ,"［嘘］準一級
音: キョ／コ 訓: うそ
意味: 「はぁ」「ふう」と弱く(ゆっくりと)息を吐き出す、勢いよく吹くのは「吹」。
「はぁ」「ふう」と溜息をつく。
「しーっ」という「静かに」「だめ」という制止の意味を表す語。
吹嘘(スイキョ)息を吐き出す吹聴フイチョウする、言いふらす大袈裟(おおげさ)に言う。
日うそ、偽(いつわ)り、事実でないこと。",嘘 → JPDB Kanji Freq: 730,漢字の読みを入力してください,Text
__頷__く・肯く・首肯く,うなず,"［頷］一級
音: カン／ゴン／ガン 訓: うなず・く
意味: 下頜カコウ、下巴(カハ)、口を開閉する際に上下に動く部分、日本でいう下顎(したあご)、同「𩩊」「頦」「顋」{人体(頭部)}。
うなず・く、下顎を引き頭を下げて(これを何度か繰り返して)承知・承諾の意を示す。
顔色が黄色いさま。",頷 → JPDB Kanji Freq: 821,漢字の読みを入力してください,Text
"売り__叩__く
__叩__く
①叩いて払いのける。 ②ぶつ。打つ。","たた,はた","［叩］準一級
音: コウ／ク 訓: たた・く／はた・く
意味: こつこつ・とんとんと短く軽く繰り返し打つ、ノックknockする、同「敂」。
平伏(ひれふ)して頭で地面を打つようにしてお辞儀をする、叩拜(コウハイ)。
問う、尋(たず)ねる、叩問(コウモン)、同「𧥣」。
日はた・く、平手で打つ。",叩 → JPDB Kanji Freq: 851,漢字の読みを入力してください,Text
小__綺__麗，__綺__麗,き,"［綺］一級
音: キ 訓: 
意味: 細糸で模様を織り出した絹織物。
美しい、優美な。",綺 → JPDB Kanji Freq: 939,漢字の読みを入力してください,Text
__呟__く,つぶや,"［呟］一級
音: ケン 訓: つぶや・く
意味: 日つぶや・く、小声で独り言(ひとりごと)を言う。
大きな声。",呟 → JPDB Kanji Freq: 957,漢字の読みを入力してください,Text
__伊__豆，__伊__勢，__伊__賀，紀__伊__,い,"［伊］準一級
音: イ 訓: 
意味: かの、あの、that、これ、この、this。
かれ(彼、三人称)、he、she。
伊尹(イイン)、人名、商朝(別名殷イン、前17世紀～前11世紀)成立に大きな役割を果たしたとされる、阿衡(アコウ)とも呼ばれた{商(殷)代}。",伊 → JPDB Kanji Freq: 1012,漢字の読みを入力してください,Text
__頬__張る,ほお,"［頬］二級
音: キョウ 訓: ほお／ほほ
意味: 顔の両側で目尻の下から上顎(うわあご)辺りまでの部分{人体(頭部)}。",頬 → JPDB Kanji Freq: 1040,漢字の読みを入力してください,Text
__撫__でる，掻い__撫__で,な,"［撫］準一級
音: フ／ブ 訓: な・でる
意味: 手を滑らすようにして軽く摩(さす)る。
摩るようにして愛(いと)おしむ、愛撫(アイブ)。
摩るようにして優しく労(いた)わる、慰撫(イブ)。
物の上に手を置く、手で軽く押える。
軽くぽんぽんと叩(たた)く、同「拊」。
手本をなぞって書く・描く、手本とするものに倣(なら)って書く・描く、同「摸」。",撫 → JPDB Kanji Freq: 1041,漢字の読みを入力してください,Text
食い__繫__ぐ，__繋__がる，__繋__ぐ,つな,"［繋］準一級
音: ケイ／ゲ 訓: つな・ぐ／かか・る
意味: 切れている糸を(途切れているものを)結んで離れないようにする、結び付ける、同「系」。
掛(か)かる、ぶら下がる。",繋 → JPDB Kanji Freq: 1071,漢字の読みを入力してください,Text
__噂__,うわさ,"［噂］準一級
音: ソン 訓: うわさ
意味: 大勢の話し声、同「譐」。
噂沓(ソントウ)、大勢の次から次へと湧(わ)き出る声、大勢の話し声が入り乱れるさま。
日うわさ、人のことを陰(かげ、その人がいないところ)であれこれと話すこと、事実かどうか分からない話。",噂 → JPDB Kanji Freq: 1072,漢字の読みを入力してください,Text
__呆__れ返る，__呆__れる・惘れる,あき,"［呆］準一級
音: ホウ／ホ／ボウ／ガイ 訓: あき・れる
意味: (動きや反応や切れ味が)鈍(にぶ)い、ぼんやりしている、同繁「獃」。
日あき・れる、咄嗟トッサのことでどうしてよいか分からない、あまりのことにどう反応してよいかわからない。",呆 → JPDB Kanji Freq: 1099,漢字の読みを入力してください,Text
物__貰__い，__貰__う,もら,"［貰］準一級
音: セイ／セ 訓: もら・う
意味: 代金後払い(掛け、後日決済の契約、付け払い、買い物をしたことを書き付けおいて後で清算すること)で物を買う、一旦貸すことにして物を渡し後で清算する、後払いで売買する(取引する)ことを「賒」、先払いで物を買うことを「贉」。
罪を(大目に見て、暫く間様子を見ることにして)赦(ゆる)す。
日もら・う、(対価を支払わずに)ものや世話を受ける。",貰 → JPDB Kanji Freq: 1114,漢字の読みを入力してください,Text
雲蒸__龍__変,りゅう,"［龍］準一級／一級
音: リョウ／リュウ／ロウ 訓: たつ
意味: 角(つの)と鬚(ひげ)を持ち体は細長く鱗(うろこ)があり、春分に天に昇り秋分に淵(ふち)に潜むという想像上の動物。
天子・君主・皇帝を指す語、龍飛(リュウヒ)(天子の即位)」、龍体(リュウタイ)(天子のお体)」。
ひときわ優れたものを指す語。
十二章紋の一つ{服飾(十二章紋)}。
背が高く(八尺以上の)大きな馬、駿馬シュンメ。",龍 → JPDB Kanji Freq: 1121,漢字の読みを入力してください,Text
大__掴__み，捕まえる・__掴__まえる・捉まえる,つか,"［掴］準一級
音: カク／キャク 訓: つか・む
意味: (耳や頬の辺りを)平手で殴る、びんたを食らわす。
日つか・む、手の中に包み入れて握る、掌と指全体を使って握る。",掴 → JPDB Kanji Freq: 1125,漢字の読みを入力してください,Text
__溜__まる，__溜__める,た,"［溜］準一級
音: リュウ／ル 訓: た・まる／た・める
意味: 雨が滴(したた)り落ちる、雨垂れ。
軒先から流れ落ちる雨でできた水溜り、雨垂れを受ける雨樋(あまどい)。
滑る、つるつるの、滑り落ちる。
すっと流れる、さっと抜ける、また抜け出す、滑るような動きを指す。
日水が一か所に集まって流れない、また集まって次第に増えて行く。",溜 → JPDB Kanji Freq: 1201,漢字の読みを入力してください,Text
打ち__揃__う，顔__揃__い,そろ,"［揃］準一級
音: セン 訓: そろ・う／そろ・える
意味: 鋏(はさみ)や鎌(かま)などで端を切り落とす、(無駄なものや不揃いのものを)切って先端を或いは全体を整える、同「剪」。
絶(た)つ、根刮(ねこそ)ぎにする、滅ぼす、同「翦」。
日高さや長さを同じにする、欠けや乱れがないよう整える。",揃 → JPDB Kanji Freq: 1206,漢字の読みを入力してください,Text
__睨__む，__睨__合う，__睨__めっこ,にら,"［睨］一級
音: ゲイ／ゲ 訓: にら・む
意味: (顔を正面に向けずに)横目・下目・上目など(目をしっかり見開かずに)目を細めて見る。
光が斜めから差す。
睥睨(ヘイゲイ)、見下(みくだ)す、睨(にら)み見る、同「俾倪」。",睨 → JPDB Kanji Freq: 1213,漢字の読みを入力してください,Text
__濡__らす，しょぼ__濡__れる,ぬ,"［濡］準一級
音: ジュ／ニュウ 訓: ぬ・れる／ぬ・らす
意味: ものの表面に水や水滴が付着フチャクする。
水分が浸透シントウする、湿り気を帯(お)びる、潤(うるお)う。
霑濡(テンジュ)雨に濡(ぬ)れるさま、びっしょりと(或いはしっとりと)濡れるさま潤うさま、恵(めぐ)みを授(さず)かるさま。
濡忍(ジュニン)、(降る雨に、降りかかった災難や蒙った恥辱チジョクに)じっと耐(た)える、耐え忍(しの)ぶ。
濡滞(ジュタイ)、(雨に濡れることを恐れて出発を)なかなか決断ケツダンできない、或いは決断しない。",濡 → JPDB Kanji Freq: 1227,漢字の読みを入力してください,Text
__覗__き，差__覗__く,のぞ,"［覗］準一級
音: シ 訓: うかが・う／のぞ・く
意味: 小さい孔や隙間を通して見る、同「伺」「𥄶」。",覗 → JPDB Kanji Freq: 1231,漢字の読みを入力してください,Text
毛__槍__,やり,"［槍］準一級
音: ショウ／ソウ 訓: やり
意味: 長い棒の先に矛(ほこ、両刃の剣)を付け突き刺せるようにした武器{武器(刀剣槍)}。
鉄砲、銃、同「鎗」。
突く、突き進む。
田畑の土を掘り起こして雑草を取り除く道具、鋤(すき)、同「耨」。",槍 → JPDB Kanji Freq: 1256,漢字の読みを入力してください,Text
__乃__ち,すなわ,"［乃］準一級
音: ダイ／ナイ 訓: すなわ・ち／なんじ／の
意味: すなわ・ち、つまり～、要するに～、従って～、～であるから～、～して～、so、therefore、同「迺」。
汝なんじ、あなた、君、you。
日「の」「～の～」に当てる漢字、「の」は「乃」の草体から作られたひらがな、同「廼」。",乃 → JPDB Kanji Freq: 1258,漢字の読みを入力してください,Text
天__之__邪鬼，承知__之__助,の,"［之］準一級
音: シ 訓: の／これ
意味: ～に向かって往(い)く。
～の～、of。
これ、この、this。
それ、その、あれ、あの、that。",之 → JPDB Kanji Freq: 1262,漢字の読みを入力してください,Text
__喋__る，御__喋__り,しゃべ,"［喋］準一級
音: チョウ／ジョウ 訓: しゃべ・る
意味: 考えもなしにぺらぺらと話す、舌がよく回る。
舌先でぺろぺろと舐(な)める。",喋 → JPDB Kanji Freq: 1276,漢字の読みを入力してください,Text
__云__う,い,"［云］準一級
音: ウン 訓: い・う
意味: (他からの伝聞や引用などの言葉に続けて、～は、～によれば)～と言う。
「雲」。",云 → JPDB Kanji Freq: 1280,漢字の読みを入力してください,Text
歯__噛__み，__噛__み付く,か,"［噛］準一級
音: ゴウ／ギョウ／ゲツ／ゲチ／コウ 訓: か・む
意味: 歯で咬(か)む、齧(かじ)る、同「齧」。",噛 → JPDB Kanji Freq: 1282,漢字の読みを入力してください,Text
__溢__れ出る，__溢__れる,あふ,"［溢］準一級
音: イツ／イチ 訓: あふ・れる
意味: 一杯になってもうそれ以上は収(おさ)まらなくなる、入り切らずに零(こぼ)れ出る。
過大な、過ぎる。
満ちる、一杯になる。
齊国(周代から春秋・戦国代にあった国名)の量の単位、片手一杯分の量。",溢 → JPDB Kanji Freq: 1289,漢字の読みを入力してください,Text
鵜__呑__み，湯__呑__み，息を__呑__む,の,"［呑］準一級
音: トン／ドン 訓: の・む
意味: 口に入れたものを噛(か)まずに嚥下、咽下(エンカ・エンゲ)する、丸のまま飲み込む。
相手を飲み込む、丸飲みにする、、兼吞(ケンドン)(他国を自国の支配下に併合すること、併呑ヘイドン)」。",呑 → JPDB Kanji Freq: 1318,漢字の読みを入力してください,Text
一匹__狼__,おおかみ,"［狼］準一級
音: ロウ 訓: おおかみ
意味: 狼(オオカミ)、イヌ科の哺乳類。
狼狽(ロウバイ)、(「狼」は後足が「狽」は前足が短いため常に一緒に行動するという、この二頭が別々に行動しようとすると上手く動けないことから)慌てふためく、困り果てる。
狼籍(ロウゼキ)、ものが散らかっているさま、また散らかすさま。",狼 → JPDB Kanji Freq: 1322,漢字の読みを入力してください,Text
__訊__ねる,たず,"［訊］準一級
音: ジン／シン 訓: たず・ねる
意味: (上位者が下位者に)(矢継ぎ早に)(特に罪を)問う、問い質(ただ)す、詰問する、尋問する。
音信、便り。",訊 → JPDB Kanji Freq: 1324,漢字の読みを入力してください,Text
"__怯__む
①麻痺する。しびれる。なえる。
②傷などを受けて気力がくじける。",ひる,"［怯］準一級
音: キョウ／コウ 訓: おび・える／ひる・む
意味: 恐がってびくびくする(おどおどする)、後込(しりご)みする、同「㹤」。
小心なさま、臆病なさま、肝(きも)が小さいさま、怯懦(キョウダ)。",怯 → JPDB Kanji Freq: 1328,漢字の読みを入力してください,Text
__怯__える・脅える,おび,"［怯］準一級
音: キョウ／コウ 訓: おび・える／ひる・む
意味: 恐がってびくびくする(おどおどする)、後込(しりご)みする、同「㹤」。
小心なさま、臆病なさま、肝(きも)が小さいさま、怯懦(キョウダ)。",怯 → JPDB Kanji Freq: 1328,漢字の読みを入力してください,Text
__也__，可__也__,なり,"［也］準一級
音: ヤ 訓: なり／や
意味: ～なり、～である、句末に付けて断定・肯定を表す。
～や、～か？、～であろうか、句末に付けて疑問・疑義を表す。
～や～、～は～、前句を受け説明・解釈・強調などを表す。
～また～、～も同様に～",也 → JPDB Kanji Freq: 1344,漢字の読みを入力してください,Text
__舐__める，__舐__め回す,な,"［舐］一級
音: シ／ジ 訓: な・める
意味: 舌先で撫(な)でるようにする、舌先で掬(すく)い取る。",舐 → JPDB Kanji Freq: 1365,漢字の読みを入力してください,Text
__膣__内,ちつ,"［膣］一級
音: チツ／チチ 訓: 
意味: 女性の生殖器の一部で陰門から子宮頸部までの間。",膣 → JPDB Kanji Freq: 1368,漢字の読みを入力してください,Text
__喧__しい,やかま,"［喧］準一級
音: ケン／コン 訓: かまびす・しい／やかま・しい
意味: 大勢の人の声や多くの物の音が一度に耳に入ってくる、がやがやと騒々ソウゾウしい、わいわいと煩(うるさ)い、同「吅」「諠」。",喧 → JPDB Kanji Freq: 1402,漢字の読みを入力してください,Text
__歪__み，__歪__む,ゆが,"［歪］準一級
音: ワイ／エ 訓: ゆが・む／ひず・む／いびつ
意味: 正しくない、曲がる、傾(かたむ)く、本来の形や状態と違っている、曲げる、本来の形や状態ではなくなるようにする。",歪 → JPDB Kanji Freq: 1404,漢字の読みを入力してください,Text
"__歪__み，__歪__む
正しい状態からずれて、ゆがむ。
「形が━・レンズを通すとひずんで見える・音が━」
☞ゆがむ。",ひず,"［歪］準一級
音: ワイ／エ 訓: ゆが・む／ひず・む／いびつ
意味: 正しくない、曲がる、傾(かたむ)く、本来の形や状態と違っている、曲げる、本来の形や状態ではなくなるようにする。",歪 → JPDB Kanji Freq: 1404,漢字の読みを入力してください,Text
__歪__,いびつ,"［歪］準一級
音: ワイ／エ 訓: ゆが・む／ひず・む／いびつ
意味: 正しくない、曲がる、傾(かたむ)く、本来の形や状態と違っている、曲げる、本来の形や状態ではなくなるようにする。",歪 → JPDB Kanji Freq: 1404,漢字の読みを入力してください,Text
__叶__う，__叶__える,かな,"［叶］準一級
音: キョウ／ギョウ／ヨウ 訓: かな・う
意味: 多くのものを程良く調和させる、調子を合わせる、同「協」「旪」。
草木の茎や枝から伸び出る葉、同繁「葉」。
日かな・う、願った通りになる。",叶 → JPDB Kanji Freq: 1424,漢字の読みを入力してください,Text
寝__惚__ける，自__惚__れる，__惚__れる,ぼ,"［惚］準一級
音: コツ／コチ 訓: ぼ・ける／ほ・れる
意味: ぼうっとして思考や行動が鈍くなる、ぼんやりするさま。
微(かす)かで見分けがつかないさま。
恍惚(コウコツ)頭が空っぽになって何も考えられないさま、ぼうっとするさま日心を奪われてうっとりするさま。
日。",惚 → JPDB Kanji Freq: 1438,漢字の読みを入力してください,Text
見__惚__れる (Rib - 遠くで居て),と,"［惚］準一級
音: コツ／コチ 訓: ぼ・ける／ほ・れる
意味: ぼうっとして思考や行動が鈍くなる、ぼんやりするさま。
微(かす)かで見分けがつかないさま。
恍惚(コウコツ)頭が空っぽになって何も考えられないさま、ぼうっとするさま日心を奪われてうっとりするさま。
日。",惚 → JPDB Kanji Freq: 1438,漢字の読みを入力してください,Text
__惚__気，__惚__気る,のろ,"［惚］準一級
音: コツ／コチ 訓: ぼ・ける／ほ・れる
意味: ぼうっとして思考や行動が鈍くなる、ぼんやりするさま。
微(かす)かで見分けがつかないさま。
恍惚(コウコツ)頭が空っぽになって何も考えられないさま、ぼうっとするさま日心を奪われてうっとりするさま。
日。",惚 → JPDB Kanji Freq: 1438,漢字の読みを入力してください,Text
__惚__れる，聞__惚__れる，__惚__れた腫れた，__惚__れ薬,ほ,"［惚］準一級
音: コツ／コチ 訓: ぼ・ける／ほ・れる
意味: ぼうっとして思考や行動が鈍くなる、ぼんやりするさま。
微(かす)かで見分けがつかないさま。
恍惚(コウコツ)頭が空っぽになって何も考えられないさま、ぼうっとするさま日心を奪われてうっとりするさま。
日。",惚 → JPDB Kanji Freq: 1438,漢字の読みを入力してください,Text
__馴__染，顔__馴__染み,な,"［馴］準一級
音: シュン／ジュン 訓: な・れ／な・らす／な・れる
意味: 人の指示に従うように(馬を)訓練する、訓練によって従うようになる。
従順な。
慣れる。",馴 → JPDB Kanji Freq: 1448,漢字の読みを入力してください,Text
__筈__，手__筈__,はず,"［筈］準一級
音: カツ／カチ 訓: はず
意味: 矢の手元側にある弦につがえる部分にある窪み{武器(弓箭)}。
日はず、～となることは当然である。",筈 → JPDB Kanji Freq: 1464,漢字の読みを入力してください,Text
__阿__鼻叫喚,あ,"［阿］準一級
音: ア 訓: おもね・る
意味: 大きな陵(リョウ、土山つちやま)。
隅すみ、隅っこ、奥深くまで入り込んだところ。
おもね・る、自分を曲げ相手に合わせて付き従う、諂(へつら)う、迎合ゲイゴウする。
親しみを込めて相手を呼ぶ語、阿母(アボ)(お母さん、また母親代わりの人に対してもいう)」、阿婆(アバ)(おばあさん)」、阿姨(アイ)(おばさん)」。",阿 → JPDB Kanji Freq: 1471,漢字の読みを入力してください,Text
喧__嘩__,か,"［嘩］準一級
音: カ 訓: 
意味: わいわいと話が聞き取れないほど喧(やかま)しい、がやがやと騒々ソウゾウしい、同「譁」。",嘩 → JPDB Kanji Freq: 1479,漢字の読みを入力してください,Text
__鎧__，__鎧__板,よろい,"［鎧］準一級
音: カイ／ガイ 訓: よろい
意味: 胴体部分(両肩・胴・腰)を守るための金属製の防具、皮製は「甲」。",鎧 → JPDB Kanji Freq: 1484,漢字の読みを入力してください,Text
叡__智__,ち,"［智］準一級
音: チ 訓: 
意味: 見知ったことを正しく理解する、物事の正否・是非を理解し判断できる、またそのような能力、智慧(チエ・チケイ)、「知」は「見知ること、認識すること」。
見識ケンシキがあるさま、賢(かしこ)いさま。",智 → JPDB Kanji Freq: 1490,漢字の読みを入力してください,Text
__葵__，古賀__葵__,あおい,"［葵］準一級
音: キ／ギ 訓: あおい
意味: 葵(アオイ)、アオイ科・フウロソウ科テンジクアオイ属・ウマノスズクサ科カンアオイ属などの植物の称{アオイ}。
野葵(ヤキ)、フユアオイ冬葵、アオイ科ゼニアオイ属の草{フユアオイ}。
天竺葵(テンジクキ)、テンジクアオイ天竺葵、フウロソウ科テンジクアオイ属の草{テンジクアオイ}。
向日葵(コウジツキ)、ヒマワリ向日葵、キク科ヒマワリ属の草{ヒマワリ}。
日、双葉葵(フタバアオイ)、ウマノスズクサ科カンアオイ属の草、徳川家の家紋はこの葉をデザインしたもの、漢名は、雙葉細辛(ソウヨウサイシン){フタバアオイ}。",葵 → JPDB Kanji Freq: 1495,漢字の読みを入力してください,Text
札__幌__，__幌__馬車,ほろ,"［幌］準一級
音: コウ／オウ 訓: ほろ
意味: もの(窓や髪など)を覆(おお)う布。
酒屋などの目印として掲げる幟(のほり)、幌子(コウシ・ホォンズ)、同「帘」「𣄐」。
看板、見せ掛け、外見ガイケン。
日母衣(ほろ)、矢などを防ぐために背負う布また袋、同「縨」。",幌 → JPDB Kanji Freq: 1512,漢字の読みを入力してください,Text
__纏__わる，__纏__る，這い__纏__わる,まつ,"［纏］準一級
音: テン／デン 訓: まと・う／まとい／まつ・る
意味: 周りから幾つかのものを解(ほつ)れないようにしっかりと付ける、「衣服を纏う」は「開(はだ)けたり脱げ落ちたりしないようにしっかりと身に着ける」の意。
幾つかのものしっかりと束ねて解(ほつ)れないようにする。
日まつ・る、布や衣服の縁(へり)を折り込んで縫う、「布の先が解(ほつ)れないようにする」の意。
日。",纏 → JPDB Kanji Freq: 1521,漢字の読みを入力してください,Text
__纏__まる，足手__纏__い，__纏__める,まと,"［纏］準一級
音: テン／デン 訓: まと・う／まとい／まつ・る
意味: 周りから幾つかのものを解(ほつ)れないようにしっかりと付ける、「衣服を纏う」は「開(はだ)けたり脱げ落ちたりしないようにしっかりと身に着ける」の意。
幾つかのものしっかりと束ねて解(ほつ)れないようにする。
日まつ・る、布や衣服の縁(へり)を折り込んで縫う、「布の先が解(ほつ)れないようにする」の意。
日。",纏 → JPDB Kanji Freq: 1521,漢字の読みを入力してください,Text
__騙__り，__騙__る,かた,"［騙］一級
音: ヘン 訓: だま・す／かた・る
意味: ひらりと馬に飛び乗る、同「騗」「𩤬」。
だま・す、かた・る、本当ではないことを本当のことだと巧みに信じ込ませる、誑(たぶら)かす、欺(あざむ)く、哄騙(コウヘン)。",騙 → JPDB Kanji Freq: 1530,漢字の読みを入力してください,Text
__騙__し込む，__騙__す，__騙__し討ち,だま,"［騙］一級
音: ヘン 訓: だま・す／かた・る
意味: ひらりと馬に飛び乗る、同「騗」「𩤬」。
だま・す、かた・る、本当ではないことを本当のことだと巧みに信じ込ませる、誑(たぶら)かす、欺(あざむ)く、哄騙(コウヘン)。",騙 → JPDB Kanji Freq: 1530,漢字の読みを入力してください,Text
__勿__体，__勿__論，__勿__怪,"もち,もっ","［勿］準一級
音: ブツ／モチ 訓: なか・れ
意味: なか・れ、～するな、禁止の助字。
～ない、～しない、～でない、否定の助字。
勿吉(モツキチ)、南北朝時代(420年～589年)現中国北東部吉林省・黒竜江省から極東ロシア南部沿海地方・ハバロフスク地方一帯に住んでいた遊牧民族の名、隋代(581年～618年)以降は靺鞨マツカツと呼ばれるようになる{南北朝時代}。",勿 → JPDB Kanji Freq: 1532,漢字の読みを入力してください,Text
"__這__い蹲る，__這__上がる
__這__う__這__うの体","は,ほ","［這］準一級
音: シャ 訓: は・う
意味: 迎える、客を出迎える、同「訝」「迓」。
これ、この、それ、その、this、這麼(シャマ・ジャマァ)(～のような、～のように)」。
日は・う、手足を地に着けて進む。",這 → JPDB Kanji Freq: 1536,漢字の読みを入力してください,Text
__杖__，側__杖__,つえ,"［杖］準一級
音: チョウ／ジョウ 訓: つえ
意味: 歩行を助けるための長い棒、棒を突いて体を支える。
頼(たよ)る、頼りにする。
長い棒、罪人を打ち据(す)えるための棒、突いたり叩(たた)いたりする武器としての棒。",杖 → JPDB Kanji Freq: 1537,漢字の読みを入力してください,Text
__此__奴，__此__処，彼方__此__方,こ,"［此］準一級
音: シ 訓: この／これ／ここ
意味: この、これ、それ、その、this、近くのものを指す語、近くにないものを指す語は、彼(ヒ)(かの、かれ)」。
こちらの、、彼此(ヒシ)(あれとこれ、あちらとこちら)」。
斯(か)くて、則(すなわ)ち。",此 → JPDB Kanji Freq: 1559,漢字の読みを入力してください,Text
藻__掻__く，足__掻__く，__掻__い潜る，__掻__い摘む,か,"［掻］準一級
音: ソウ 訓: か・く
意味: 爪を立て引っ掛けるようにして引く、また爪立ててものを寄せ集める。
騒ぐ、同「騒」。
日手を忙(せわ)しく動かすさま。",掻 → JPDB Kanji Freq: 1561,漢字の読みを入力してください,Text
__辿__る，__辿__着く，__辿__読み,たど,"［辿］準一級
音: テン 訓: たど・る
意味: 確認しながら或いは探しながら一歩一歩(ゆっくりと)進む。",辿 → JPDB Kanji Freq: 1566,漢字の読みを入力してください,Text
__蒼__い，__蒼__白い,あお,"［蒼］準一級
音: ソウ 訓: あお／あお・い
意味: 深い青色、緑がかった濃い青色。
上蒼(ジョウソウ)、天テン、頭上高くにあって地に存在する万物を創造・采配するもの。
青黒いさま、青褪(蒼褪、あおざ)めるさま。
慌(あわただ)しいさま、忙(せわ)しいさま、同「倉」。
蒼耳(ソウジ)、オナモミ葈耳、キク科オナモミ属の草{オナモミ}。",蒼 → JPDB Kanji Freq: 1569,漢字の読みを入力してください,Text
復__讐__，怨__讐__,しゅう,"［讐］一級
音: シュウ／ジュ 訓: 
意味: 相手の問いに答える、また働きかけに応(こた)える、同「𢢧」「𠵁」。
対等に付き合う相手、行動を共にする人、二人で対したときの相手、同「𢛇」。
相手に報(むく)いる。
相手を怨(うら)む、怨みを持つ相手、同「仇」。
字句の間違いを正す。",讐 → JPDB Kanji Freq: 1574,漢字の読みを入力してください,Text
枢機__卿__，レイモンド__卿__（シロナガス島への帰還）,きょう,"［卿］
音:  訓: 
意味: ",卿 → JPDB Kanji Freq: 1586,漢字の読みを入力してください,Text
__凛__々しい,り,"［凛］一級
音: リン 訓: 
意味: (凍り付くほどに)寒い、冷たい、同「澟」。",凛 → JPDB Kanji Freq: 1588,漢字の読みを入力してください,Text
__揉__む，__揉__める，__揉__め事，__揉__み洗い,も,"［揉］一級
音: ジュウ／ニュウ 訓: も・む
意味: 曲げたり伸ばしたりする、またそうして柔らかくする。
おとなしくさせる、懐柔(カイジュウ)する。",揉 → JPDB Kanji Freq: 1592,漢字の読みを入力してください,Text
__駒__落ち，__駒__,こま,"［駒］二級
音: ク 訓: こま
意味: (体の小さい)二歳馬。
幼獣(ヨウジュウ)。
若く体は小さいが元気なさま、未熟だが元気な若者(わかもの)。
日将棋やチェスchessなどの盤ゲームboard。",駒 → JPDB Kanji Freq: 1595,漢字の読みを入力してください,Text
__翔__る，飛び__翔__る,かけ,"［翔］一級
音: ショウ／ゾウ 訓: か・ける
意味: 翼(つばさ)を大きく広げて飛ぶ、また飛び回る。
(鳥が翼を広げるように)両腕を大きく振って行く。
詳(くわ)しい。",翔 → JPDB Kanji Freq: 1607,漢字の読みを入力してください,Text
羅__紗__，寒冷__紗__，袱__紗__,"さ,しゃ","［紗］準一級
音: サ／シャ 訓: うすぎぬ
意味: 細い糸、絹糸ケンシ(きぬいと)、綿糸(メンシ)・麻糸(あさいと)などの細いもの、同「㠺」。
細糸を使った薄く軽い布、またその布を使った布製品。",紗 → JPDB Kanji Freq: 1609,漢字の読みを入力してください,Text
__杏__子・__杏__，__杏__仁豆腐,"あん,あんず","［杏］準一級
音: コウ／ギョウ／アン／キョウ 訓: あんず
意味: 杏(アンズ)・杏子、バラ科スモモ属の果樹{アンズ}。
杏仁(キョウニン・アンニン)、杏(アンズ)・杏子の種子の殻を取ったもの、薬用とされる。
銀杏(ギンナン)、イチョウ銀杏・公孫樹・鴨脚樹、イチョウ科イチョウ属の木、またその実、また同科同属の植物の称{イチョウ}。",杏 → JPDB Kanji Freq: 1612,漢字の読みを入力してください,Text
__茉莉__，__茉莉__花,まつり,"［莉］一級
音: リ／レイ／ライ 訓: 
意味: 茉莉(マツリ)、茉莉花(マツリカ)、アラビア・ジャスミンArabianjasmine、モクセイ科ソケイ属の木{マツリカ}。","莉 → JPDB Kanji Freq: 1613
茉 → JPDB Kanji Freq: 2116",漢字の読みを入力してください,Text
__罠__に掛かる，__罠__猟,わな,"［罠］一級
音: ビン／ミン 訓: わな
意味: 鳥獣を捕(とら)らえる網、同「䋋」。
日魚や鳥獣を捕らえる網や落とし穴などの仕掛け、人を陥(おとしい)れる仕掛け、また策略。",罠 → JPDB Kanji Freq: 1622,漢字の読みを入力してください,Text
言葉の__綾__，__綾__取り,あや,"［綾］準一級
音: リョウ／リン 訓: あや
意味: 光沢があり凹凸感のある模様を織り込んだ薄絹、厚手のものは、緞子(ドンス)。
細かい(入り組んだ)模様が織り込まれた(描かれた)もの。
日柄(がら)が斜めに見えるように織り上げた織物入り組んでいるさま。",綾 → JPDB Kanji Freq: 1624,漢字の読みを入力してください,Text
__蘇__る・甦る,よみがえ,"［蘇］準一級
音: ソ／ス 訓: よみがえ・る
意味: 紫蘇(シソ)などのシソ科シソ属の草の称{シソ}。
雑草を取り除く、同「穌」。
滞(とどこお)っていたもの(血液や気)が流れ始める。
息を吹き返す、(眠りや迷いなどから)醒(さ)める。
生き返る、黄泉(よみ、死者の世界)から帰って来る、蘇生(ソセイ)、同「穌」「甦」。
屠蘇(トソ)、病除けのために正月に飲む酒。
「江蘇省」「江蘇省蘇州市」の簡称{江蘇省}。",蘇 → JPDB Kanji Freq: 1627,漢字の読みを入力してください,Text
お__爺__さん・御__爺__さん,じい,"［爺］準一級
音: ヤ 訓: じじ／じい／じじい
意味: 父(ちち)、父親、お父さん。
日老年の男性。",爺 → JPDB Kanji Freq: 1637,漢字の読みを入力してください,Text
__囁__く,ささや,"［囁］一級
音: ショウ／ジョウ／ニョウ 訓: ささや・く
意味: 小声で話す、もごもごと小さな声で話す、口を耳に近づけひそひそと小声で話すのは「聶」。
話がしどろもどろになる、言い掛けて口籠(くちごも)る。
次から次へとよく喋(しゃべ)るさま、我先(われさき)にと喋るさま、同「讘」。",囁 → JPDB Kanji Freq: 1638,漢字の読みを入力してください,Text
__狐__，__狐__火，__狐__の嫁入り,きつね,"［狐］準一級
音: コ／グ／ゴ 訓: きつね
意味: 狐(キツネ)、イヌ科キツネ属の哺乳類の総称。
狡賢(ずるがしこ)い、誑(たぶら)かす、こそこそと悪事を企(たくら)むたくらむ。",狐 → JPDB Kanji Freq: 1666,漢字の読みを入力してください,Text
目映い・__眩__い,まばゆ,"［眩］一級
音: ケン／ゲン 訓: まぶ・しい／まばゆ・い／くら・む
意味: 光が強くちかちかしてはっきりと見えない、同「炫」。
人を惑(まど)わす、はっきりと見えなくする。",眩 → JPDB Kanji Freq: 1676,漢字の読みを入力してください,Text
__眩__めく，目__眩__まし,くら,"［眩］一級
音: ケン／ゲン 訓: まぶ・しい／まばゆ・い／くら・む
意味: 光が強くちかちかしてはっきりと見えない、同「炫」。
人を惑(まど)わす、はっきりと見えなくする。",眩 → JPDB Kanji Freq: 1676,漢字の読みを入力してください,Text
__眩__しい,まぶ,"［眩］一級
音: ケン／ゲン 訓: まぶ・しい／まばゆ・い／くら・む
意味: 光が強くちかちかしてはっきりと見えない、同「炫」。
人を惑(まど)わす、はっきりと見えなくする。",眩 → JPDB Kanji Freq: 1676,漢字の読みを入力してください,Text
紅__蓮__，__蓮__華，金__蓮__花,れん,"［蓮］準一級
音: レン 訓: はす／はちす
意味: 蓮(ハス)、ハス科ハス属の水草、本来は実と実を包む部分(花托カタクという)を指す、ハス全体を「荷」、根茎は「藕」。",蓮 → JPDB Kanji Freq: 1677,漢字の読みを入力してください,Text
__其__方，__其__処,そ,"［其］準一級
音: キ／ゴ／ギ 訓: そ・れ／そ・の
意味: 人(その人)や事柄(そのこと、それ)や物(それ)などを指す語、that、it。",其 → JPDB Kanji Freq: 1698,漢字の読みを入力してください,Text
__凪__ぐ，__凪__ (和ぎ),な,"［凪］準一級
音: な・ぐ／なぎ 訓: 
意味: 日な・ぐ、なぎ、風が止んで波が穏(おだ)やかになる。",凪 → JPDB Kanji Freq: 1703,漢字の読みを入力してください,Text
安__堵__,ど,"［堵］準一級
音: ト／ツ 訓: 
意味: 土を壁状に盛った垣(かき)、またそれで囲う、同「𩫭」。
垣や壁の大きさの単位、長さ一丈(10尺＝2m～3m)×幅2尺(0.4m～0.6cm)の板を五枚並べた一丈四方の広さを「一堵」という。
塞(ふさ)ぐ、閉(と)ざす、遮(さえぎ)る、同「杜」。
安堵(アンド)、周りを囲ったところ(外から脅かされることのないところ)に安心して住む。",堵 → JPDB Kanji Freq: 1710,漢字の読みを入力してください,Text
"__瑞__々しい
①若く生き生きとしたようすだ。 
「━はだ・━感性」",みず,"［瑞］準一級
音: スイ／ズイ 訓: みず
意味: 君主が領主などに信任の印として与える玉ギョク(美しく高貴な石)、圭・璧・璋・琮の総称{礼器(圭)}{礼器(円形)}。
吉祥(キチジョウ、キッショウ)、めでたい兆し。",瑞 → JPDB Kanji Freq: 1716,漢字の読みを入力してください,Text
灰仭__巫__覡 (漫画)，__巫__覡，__巫__蠱，__巫__術，__巫__女,フ,"［巫］一級
音: ブ／ム／フ 訓: 
意味: 舞いながら祈祷し神意シンイ(神の心、神の意志・考え)を問い伺い、それを人に伝える女性、男性は、覡(ケキ・ゲキ)、周代(前11世紀～前256年)では、男性は「覡」以外に、巫(フ・ブ)の名も用いられたが、女性は「巫」のみだったという。
災(わざわ)いや穢(けが)れや病(やまい)を祓(はら)う祈祷師",巫 → JPDB Kanji Freq: 1723,漢字の読みを入力してください,Text
__逢__い引き，__逢__う,あ,"［逢］準一級
音: ホウ／ブ 訓: あ・う
意味: 決めておいた場所(互いに都合の良い場所)にそれぞれが出向いて会う、同「夆」。
別々の場所・方向から来た人が出会う、偶然に出会う、同「夆」。
相手の主張や行動に合わせる、迎合ゲイゴウする、相手に取り入る。
縫(ぬ)い合わせる、同「縫」。",逢 → JPDB Kanji Freq: 1727,漢字の読みを入力してください,Text
__茜__色，__茜__雲，__茜__,あかね,"［茜］準一級
音: セン 訓: あかね
意味: 茜(アカネ)、アカネ科の草、別名、茅蒐(ボウシュウ)、同「蒨」{アカネ}。
茜(アカネ)の根から作った染料、やや橙(だいだい)色がかった濃い赤色、同「蒨」。",茜 → JPDB Kanji Freq: 1734,漢字の読みを入力してください,Text
__痺__れる，__痺__れ，__痺__れ鰻，__痺__れ薬,しび,"［痺］一級
音: ヒ 訓: しび・れる
意味: 筋肉や関節が痛んだり麻痺マヒ(感覚がなくなる)したりする、同「痹」。
雌のウズラ鶉、キジ科のウズラ属・ヤマウズラ属など、またミフウズラ科・ナンベイウズラ科などに属する鳥の称、雄は、鶛(カイ)。",痺 → JPDB Kanji Freq: 1735,漢字の読みを入力してください,Text
__彦__星，岡本信__彦__，山__彦__,"ひこ,びこ","［彦］準一級
音: ゲン 訓: ひこ
意味: 容貌や才学に秀でた人(特に男子)を指す語、美男子。",彦 → JPDB Kanji Freq: 1740,漢字の読みを入力してください,Text
"__絆__される，__絆__す
〔人情に〕からまれる。情にひかされる。
「相手の情にほだされて結婚した・熱意に━」",ほだ,"［絆］一級
音: ハン／バン 訓: きずな／ほだ・す
意味: 馬を制御セイギョするために足に絡(から)める紐(ひも)・縄(なわ)・綱(つな)、首は「羈」。
ほだ・す、自由に動けなくする、ほだ・される、身動きが思うようにできなくなる、羈絆(キハン)。",絆 → JPDB Kanji Freq: 1743,漢字の読みを入力してください,Text
__絆__（木綱）,きずな,"［絆］一級
音: ハン／バン 訓: きずな／ほだ・す
意味: 馬を制御セイギョするために足に絡(から)める紐(ひも)・縄(なわ)・綱(つな)、首は「羈」。
ほだ・す、自由に動けなくする、ほだ・される、身動きが思うようにできなくなる、羈絆(キハン)。",絆 → JPDB Kanji Freq: 1743,漢字の読みを入力してください,Text
__楓__,かえで,"［楓］準一級
音: ホウ／フウ 訓: かえで
意味: 楓(フウ)、楓香(フウコウ)、フウ科フウ属の木。
日カエデ槭樹・楓、ムクロジ科カエデ属の木、また同属の木の称{カエデ}",楓 → JPDB Kanji Freq: 1747,漢字の読みを入力してください,Text
__捧__げる，__捧__げ物，__捧__げ銃，__捧__ぐ,ささ,"［捧］準一級
音: ホウ／フ 訓: ささ・げる
意味: 両手で持つ、両掌(てのひら)に載(の)せて持つ、同「奉」。
日(神仏や大切な人などに)謹(つつし)んで差し上げる。",捧 → JPDB Kanji Freq: 1751,漢字の読みを入力してください,Text
__牢__記，__牢__獄，__牢__屋,ろう,"［牢］準一級
音: ロウ 訓: 
意味: 家畜を飼うための屋根のある小屋。
罪人を閉じ込める監獄カンゴク。
しっかりした、堅固ケンゴな。
祭礼に際に供える家畜。",牢 → JPDB Kanji Freq: 1754,漢字の読みを入力してください,Text
__俯__す・〇〇伏す，__俯__せ,うつぶ,"［俯］一級
音: フ 訓: うつむ・く／ふ・せる
意味: 体を前に屈(かが)め姿勢を低くする、伏(ふ)せる、顔を下に向ける、同「俛」。",俯 → JPDB Kanji Freq: 1757,漢字の読みを入力してください,Text
差__俯__く，__俯__く,うつむ,"［俯］一級
音: フ 訓: うつむ・く／ふ・せる
意味: 体を前に屈(かが)め姿勢を低くする、伏(ふ)せる、顔を下に向ける、同「俛」。",俯 → JPDB Kanji Freq: 1757,漢字の読みを入力してください,Text
__鷹__の爪，__鷹__派，禿__鷹__，夜__鷹__,たか,"［鷹］準一級
音: ヨウ／オウ 訓: たか
意味: 鷹(タカ)、タカ科の鳥のうちの小形の鳥を指す、大形の鳥はワシ鷲。",鷹 → JPDB Kanji Freq: 1758,漢字の読みを入力してください,Text
拍手・__柏__手,かしわ,"［柏］準一級
音: ハク／ヒャク 訓: かしわ
意味: 科(ヒノキ)の木、スギ杉(スギ属)・コノテガシワ児手柏(コノテガシワ属)・ヒバ檜葉(アスナロ属)などを含む、同「椈」。
大きい。
日カシワ柏・槲・檞、ブナ科コナラ属の木{カシワ}",柏 → JPDB Kanji Freq: 1767,漢字の読みを入力してください,Text
"__隼__
とてもはやく飛ぶことができる中形の鳥。",はやぶさ,"［隼］準一級
音: シュン／ジュン 訓: はやぶさ
意味: 隼(ハヤブサ)、ハヤブサ科に属する鳥、同「鶽」。",隼 → JPDB Kanji Freq: 1768,漢字の読みを入力してください,Text
__咳__く，__咳__払い，__咳__き込む,せ,"［咳］準一級
音: カイ／ガイ 訓: せき／しわぶき
意味: 生まれて三カ月ほどを過ぎて働きかけに反応し始める頃の幼子(おさなご)が笑うさま、同「孩」。
せき、しわぶき、咽喉インコウ(のど)に息が詰まり吐き出してしまうこと。",咳 → JPDB Kanji Freq: 1770,漢字の読みを入力してください,Text
__尖__る，__尖__り声,とが,"［尖］準一級
音: セン 訓: とが・る
意味: 上が小さく下が大きいさま、先が細く手元(てもと)が太いさま、夵(エン)(上が大きく下が小さい、先が太く手元が細い)」の逆の意。",尖 → JPDB Kanji Freq: 1772,漢字の読みを入力してください,Text
驚__愕__，愧__愕__,がく,"［愕］一級
音: ガク 訓: おどろ・く
意味: 思い掛けないことで(不意のことで、意外なことで)驚く、びっくりする、愕然(ガクゼン)、驚愕(キョウガク)、同「咢」「噩」。
愕愕(ガクガク)、自ら信ずるところを憚(はばか)ることなく述べる、直言する、同「咢咢、諤諤」。",愕 → JPDB Kanji Freq: 1778,漢字の読みを入力してください,Text
"__吾__||が||輩，__吾__輩
__吾__々，__吾__ら","わが,わ,われ","［吾］準一級
音: ゴ／グ 訓: われ／わ・が
意味: 我(われ)、自分を指す語、主に主格Iとして用いられ、所有格myや目的格meでは「我」が用いられる、同「余」「予」。",吾 → JPDB Kanji Freq: 1781,漢字の読みを入力してください,Text
__遥__か，__遥__か昔，__遥__か彼方,はる,"［遥］準一級
音: ヨウ 訓: はる・か
意味: どこまでもどこまでも続いているさま、遠く遠く離れているさま。
ゆらゆらと動く、ぶらぶらする。
逍遥(ショウヨウ)思いのままにあちこち歩き回る思いのままにゆったりとしたさま。",遥 → JPDB Kanji Freq: 1786,漢字の読みを入力してください,Text
__奢__る，__奢__り,おご,"［奢］一級
音: シャ 訓: おご・る
意味: 分限(身分や立場に見合うこと)を弁(わきま)えずにそれを超えるさま、またそのような行為。
分限以上に貯め込み使う、分を超えて贅沢する。",奢 → JPDB Kanji Freq: 1788,漢字の読みを入力してください,Text
__蘭__学，鈴__蘭__，__蘭__方医,らん,"［蘭］準一級
音: ラン 訓: 
意味: 鵯花(ヒヨドリバナ)やフジバカマ藤袴などのキク科ヒヨドリバナ属の草、蘭草(ランソウ){ヒヨドリバナ}{フジバカマ}。
ラン蘭、ラン科の植物の総称、蘭花(ランカ){ラン}。
香りのよい草の総称。
木蘭(モクラン)、モクレン木蓮・木蘭、モクレン科の木の総称{モクレン}。",蘭 → JPDB Kanji Freq: 1791,漢字の読みを入力してください,Text
__雫__，雨__雫__，一__雫__,しずく,"［雫］準一級
音: ダ／ナ 訓: しずく
意味: 未詳。
日しずく、滴(したた)り落ちる水滴また液体。",雫 → JPDB Kanji Freq: 1793,漢字の読みを入力してください,Text
__轟__く，__轟__かす,とどろ,"［轟］準一級
音: コウ／ゴウ 訓: とどろ・く
意味: 多くの車が行き来する時の「ごろごろ」「がらがら」という地を揺るがすような大きな音。
音が地を揺るがすように大きく激しいさま、大きな音が鳴り響くさま、大きな音が広く響き渡るさま。",轟 → JPDB Kanji Freq: 1797,漢字の読みを入力してください,Text
危険に__晒__す，雨曝し・雨__晒__し，__晒__飴，__晒__し首,さら,"［晒］準一級
音: サイ／セ 訓: さら・す／さらし
意味: 日光に当てる、日光に当てて乾かす。
(暗がりに、陰になって見えないところに)光を当てる。
日風雨が当たる所に置いたままにしておく。
日。",晒 → JPDB Kanji Freq: 1799,漢字の読みを入力してください,Text
__訝__しい，__訝__る,いぶか,"［訝］一級
音: ガ／ゲ／ゲン 訓: いぶか・る
意味: 客を出迎える、客が来る方に出向いて行って迎える、同「迓」「這」。
不思議に思う、疑い怪しむ。",訝 → JPDB Kanji Freq: 1800,漢字の読みを入力してください,Text
__憑__く，取り__憑__く,つ,"［憑］一級
音: ヒョウ／ビョウ 訓: よ・る／たの・む／つ・く
意味: 凭(もた)れる、凭れ掛る、体を預ける、同「凭」。
依(よ)る、頼りにする、同「馮」「凭」。
拠(よ)りどころにする、根拠にする。
大いに、勢いよい、激しい、同「馮」。
簡「凭」。
日霊などが取り付く、乗り移る、憑依(ヒョウイ)。",憑 → JPDB Kanji Freq: 1802,漢字の読みを入力してください,Text
__閃__かす，__閃__く,ひらめ,"［閃］準一級
音: セン 訓: ひらめ・く
意味: 僅(わず)かに開いた門扉モンピの隙(すき)から門内の人を見る、(視野が狭い上に人が動くため)一瞬見えたと思えば次の瞬間には見えなくなる。
稲妻(いなずま)が走るように一瞬(ぴかっと、きらっと)光る、同「熌」「煔」
さっと避(よ)ける、ひらりと身を躱(かわ)す、(一瞬の動作をいう)
閃楡(センユ)、(咄嗟トッサに)相手に気に入られようとするさま、阿(おもね)るさま、媚(こ)び諂(へつら)うさま。",閃 → JPDB Kanji Freq: 1810,漢字の読みを入力してください,Text
__傭__兵，__傭__愚,よう,"［傭］準一級
音: ヨウ／ヨ 訓: 
意味: 報酬(ホウシュウ)や手数料を払って人を用いる、人を雇(やと)う。
報酬。",傭 → JPDB Kanji Freq: 1813,漢字の読みを入力してください,Text
__旭__日，__旭__光,きょく,"［旭］準一級
音: キョク／コク 訓: あさひ
意味: 朝日、日の出、太陽が昇り始めるさま。
太陽が昇り始めて辺りが明るくなるさま。",旭 → JPDB Kanji Freq: 1815,漢字の読みを入力してください,Text
"__兎__に角，__兎__も角，__兎__や角
脱__兎__，二__兎__",と,"［兎］準一級
音: ト／ツ 訓: うさぎ
意味: 兎(ウサギ)・兔、ウサギ目の哺乳類。
玉兎(ギョクト)、月(つき、地球の衛星)、月にウサギが住むと考えられたことから。
伏兎(フクト)、車軸に被(かぶ)せるように載(の)せ車台を支える部品、同「𨋩」{乗物(車輪)}。",兎 → JPDB Kanji Freq: 1816,漢字の読みを入力してください,Text
__兎__，__兎__跳び,うさぎ,"［兎］準一級
音: ト／ツ 訓: うさぎ
意味: 兎(ウサギ)・兔、ウサギ目の哺乳類。
玉兎(ギョクト)、月(つき、地球の衛星)、月にウサギが住むと考えられたことから。
伏兎(フクト)、車軸に被(かぶ)せるように載(の)せ車台を支える部品、同「𨋩」{乗物(車輪)}。",兎 → JPDB Kanji Freq: 1816,漢字の読みを入力してください,Text
下__萌__え，__萌__え，__萌__える,も,"［萌］準一級
音: モウ／ミョウ／ホウ／ボウ 訓: も・える／も・ゆ／きざ・し／きざ・す
意味: 植物の芽(め)。
植物の芽が出る、芽生(めば)える、それまで何もなかったところが膨らみ、やがて枝や葉などになるものが生れ出る。
きざ・し、兆(きざ)し、物事が起こる兆し。
民(たみ)、庶民、平民、同「氓」。",萌 → JPDB Kanji Freq: 1817,漢字の読みを入力してください,Text
兆す・__萌__す，__萌__し,きざ,"［萌］準一級
音: モウ／ミョウ／ホウ／ボウ 訓: も・える／も・ゆ／きざ・し／きざ・す
意味: 植物の芽(め)。
植物の芽が出る、芽生(めば)える、それまで何もなかったところが膨らみ、やがて枝や葉などになるものが生れ出る。
きざ・し、兆(きざ)し、物事が起こる兆し。
民(たみ)、庶民、平民、同「氓」。",萌 → JPDB Kanji Freq: 1817,漢字の読みを入力してください,Text
"潮・__汐__
藻塩・藻__汐__",しお,"［汐］準一級
音: セキ／ジャク 訓: しお
意味: 夜間(或いは夕)の太陽や月の引力によって生じる海水の定期的な満ち引き、昼間(或いは朝)は、潮(チョウ)(しお)」。",汐 → JPDB Kanji Freq: 1819,漢字の読みを入力してください,Text
__窺__う，__窺__い知る,うかが,"［窺］準一級
音: キ 訓: うかが・う
意味: 小さい孔や隙間から相手の様子を覗(のぞ)き見る、相手に気付かれないようにそっと見る。
相手に気付かれないようにそっと足を踏み出す、抜き足する。",窺 → JPDB Kanji Freq: 1824,漢字の読みを入力してください,Text
__滲__み出る，__滲__む,にじ,"［滲］一級
音: シン 訓: し・みる／にじ・む
意味: 液体が少しずつ中に入り込む、また外に(表に、下に)出てくる、同「沁」。",滲 → JPDB Kanji Freq: 1826,漢字の読みを入力してください,Text
__妾__,めかけ,"［妾］準一級
音: ショウ 訓: めかけ／わらわ
意味: (身分の高い人の)身の回りの世話をする女、女の給仕、本来は「䇂女」で「罪に問われ罰を受けた女や奴隷の女」の意で、これらの女を召使や側女などとした。
正妻以外の妻。
わらわ、女性の自分を謙(へりくだ)った自称。",妾 → JPDB Kanji Freq: 1833,漢字の読みを入力してください,Text
青__桐__・梧__桐__，__桐__，前__桐__,きり,"［桐］準一級
音: トウ／ズウ 訓: きり
意味: キリ(桐)、ゴマノハグサ科キリ属の木の総称{キリ}。
梧桐(ゴトウ)、アオギリ青桐・梧桐、アオギリ科アオギリ属の木、また同科同属の木の称{アオギリ}。",桐 → JPDB Kanji Freq: 1835,漢字の読みを入力してください,Text
__霞__む，__霞||み||__が関，__霞||み||__草,かす,"［霞］準一級
音: カ／ゲ 訓: かすみ／かす・む
意味: 空中の微細な水滴や粒子のために先が見えにくいさま、またぼんやりと見えるさま。
朝夕に空中の微細な水滴や粒子のために日光を受けて赤く見える現象、朝焼けや夕焼け。",霞 → JPDB Kanji Freq: 1836,漢字の読みを入力してください,Text
__悶__える,もだ,"［悶］準一級
音: ボン／モン 訓: もだ・える
意味: (悩み・悲しみ・憤り・不満・不安などが)心に満ちる、また満ちたものが吐き出せない、また吐き出せずに苦しむ、悶絶(モンゼツ)(甚だしく悶えて気絶する)」。
中に籠(こも)る、周りが塞がれて外に出られない。",悶 → JPDB Kanji Freq: 1840,漢字の読みを入力してください,Text
赤味__噌__，甘味__噌__,そ,"［噌］準一級
音: ソウ／ショウ 訓: 
意味: 噌吰(ソウコウ)鐘(かね)の音大勢の大きく賑(にぎ)やかな声。
泓噌(オウソウ)、大きな声が辺りに広がるさま。",噌 → JPDB Kanji Freq: 1847,漢字の読みを入力してください,Text
右近の__橘__，__橘__,たちばな,"［橘］準一級
音: キツ／キチ 訓: たちばな
意味: マンダリン・オレンジmandarinorange、ミカン科ミカン属の木、別名「桔」「橘子」{マンダリン・オレンジ}。
柑橘(カンキツ)、ミカン科の主としてミカン属の木の総称、またその果実。
日。",橘 → JPDB Kanji Freq: 1848,漢字の読みを入力してください,Text
__塵__，__塵__溜め,ごみ,"［塵］準一級
音: チン／ジン 訓: ちり／ごみ
意味: ちり、風などによって宙に舞い上がる細かい土や砂など、塵埃(ジンアイ)、同「埃」「𪋻」「𡒲」「𦧄」「𡐪」。
ものに纏わり付く穢(けが)れ、汚(よご)れ、穢れた、不浄(フジョウ)な。
さまざまな柵(しがらみ、纏わり付いて行いや考えを妨げようとするものやこと)から逃(のが)れられない世、俗世、世俗。
10の-9乗{数字}。
日ごみ、役に立たないもの、使わなくなって捨てるもの。",塵 → JPDB Kanji Freq: 1854,漢字の読みを入力してください,Text
楽屋__雀__，__雀__の戸締まり，__雀__，京__雀__,すずめ,"［雀］準一級
音: シャク／サク／ジャク 訓: すずめ
意味: 雀(スズメ)、スズメ科スズメ属の鳥、また同科同属の鳥の称、同「䲵」。
小躍(こおど)りする。
孔雀(クジャク)、キジ科クジャク属・コンゴクジャク属の鳥、また同属の鳥の称。
朱雀(シュザク・スジャク)、四神の一つで南方を司る、二十八宿南方七宿の別称{二十八宿}。",雀 → JPDB Kanji Freq: 1857,漢字の読みを入力してください,Text
__蝶__,ちょう,"［蝶］準一級
音: チョウ／ジョウ 訓: 
意味: 蝶(チョウ)、チョウ目のうちガ蛾を除いた虫の総称、「蝴蝶、胡蝶コチョウ」。",蝶 → JPDB Kanji Freq: 1863,漢字の読みを入力してください,Text
折り__鞄__，__鞄__，旅行__鞄__,かばん,"［鞄］準一級
音: ホウ／ビョウ 訓: かばん
意味: 革(かわ、毛や脂を取り平らに延ばして乾かした皮)を柔らかくする、鞣(なめ)す、またその職人、同「䩝」「𩎘」。
鞣革(なめしがわ)製のバッグbag、但し中国では「かばん、バッグ」の意味では、皮包(ピ)ーパォ(革製のバッグ)」、提包(ティ)ーパォ(手提げかばん)」など「包」を使うのが一般的である。",鞄 → JPDB Kanji Freq: 1865,漢字の読みを入力してください,Text
__唸__り，__唸__る・呻る,うな,"［唸］一級
音: ネン／テン 訓: うな・る
意味: 口を閉じたままで声を出す、またその声。
口を(ほとんど)閉じ低い声で唱える、また吼える。",唸 → JPDB Kanji Freq: 1869,漢字の読みを入力してください,Text
__厨__船，__厨__〔雅〕台所。,くりや,"［厨］準一級
音: チュウ／ズ 訓: くりや
意味: くりや、調理場、台所、庖廚(ホウチュウ)、同「庖」。
調理する、またその人・材料・道具・場所など、廚人(チュウジン)(料理人)」。
調理用の道具や食器などをしまうための戸棚、物をしまうための戸棚。",厨 → JPDB Kanji Freq: 1873,漢字の読みを入力してください,Text
名__弘__め，澤野__弘__之,ひろ,"［弘］準一級
音: コウ／グ 訓: ひろ・い／ひろ・める
意味: 広い、大きく広がっている、度量や容量などが大きい。
広がる、広める、大きく広げる。",弘 → JPDB Kanji Freq: 1877,漢字の読みを入力してください,Text
哀れむ・__憐__れむ,あわ,"［憐］準一級
音: レン 訓: あわ・れむ
意味: 哀れに思う、かわいそうに思う。
大事に大切にしたいと思う、愛(いと)おしく思う。
簡「怜」。",憐 → JPDB Kanji Freq: 1881,漢字の読みを入力してください,Text
__圭__角，土__圭__，刀__圭__,けい,"［圭］準一級
音: ケイ／ケ 訓: 
意味: 君主が執(と)り行う式典の際などに諸侯や重臣が手に持つ細長い五角形(細長い板の先端が山形になった形)をした板状の礼器、諸侯を封ずる際に証(あか)しとして与えたもの、位によって大小や品質が違っていた、同「珪」{礼器(圭)}{礼器(圭)}。
漢代(前202年～220年)の容量の単位、1撮=4圭=2mL{各種単位}。
圭臬(ケイゲツ)水平の板(「圭」という)と垂直に立てた柱(「臬」「表」という)を組み合わせ、その柱の影の長さ(角度)や方向で緯度・季節・時間を知ることができる、圭表(ケイヒョウ)標準、基準。",圭 → JPDB Kanji Freq: 1883,漢字の読みを入力してください,Text
__殆__ど，__殆__ど無い,ほとん,"［殆］準一級
音: タイ／ダイ 訓: あや・うい／ほと・んど
意味: 危(あや)うい。
危うく、すんでところで、もう少しのところで。
～にとても近い、ほぼ～、凡(およ)そ～。",殆 → JPDB Kanji Freq: 1884,漢字の読みを入力してください,Text
__梓__，__梓__弓，__梓__巫女,"あずさ,きささげ","［梓］準一級
音: シ 訓: あずさ
意味: 木大角豆(キササゲ)、ノウゼンカズラ科キササゲ属の木、同「杍」{キササゲ}。
木材を加工する、またその職人、同「杍」。
印刷用の版木、また版木を彫る。
日アズサ梓、カバノキ科カバノキ属の木、別名「ミズメ水目」「ヨグソミネバリ夜糞峰榛」{ミズメ}。",梓 → JPDB Kanji Freq: 1887,漢字の読みを入力してください,Text
御__苑__，外__苑__，広辞__苑__,えん,"［苑］準一級
音: エン／オン 訓: その
意味: 周りを垣(かき)や柵サクなどで囲って鳥獣チョウジュウ(家禽カキン)などを放し飼いにするところ、苑囿(エンユウ)、同「囿」。
庭園。
多くのものが集まるところ、文苑(ブンエン)(文人の集まり)」。",苑 → JPDB Kanji Freq: 1893,漢字の読みを入力してください,Text
最後の__砦__，__砦__ (取出),とりで,"［砦］準一級
音: サイ／ザイ 訓: とりで
意味: 柵を巡(めぐ)らせて囲ったところ、家畜の飼育場や村落の囲い、同「寨」。
周囲に柵や土塁・石垣を巡らせたところ、外敵の侵入を防ぐための構築物、兵士が宿営するところ、同「寨」。",砦 → JPDB Kanji Freq: 1903,漢字の読みを入力してください,Text
__吊__り上げる，__吊__るす，__吊__る,つ,"［吊］準一級
音: チョウ 訓: つ・る／つる・す
意味: つ・る、つる・す、ぶらさげる、上部を固定して(上に掛けて)下に垂らす。
穴あき銅銭千枚を紐に通して結(ゆ)わえたもの、「一吊」という。
弔(とむら)う、古「弔」、古典では「吊」が専ら「弔、とむらう」の意で用いられる。",吊 → JPDB Kanji Freq: 1906,漢字の読みを入力してください,Text
__椿__油，中務__椿__ (Soul Eater),つばき,"［椿］準一級
音: チュン／チン 訓: つばき
意味: 伝説上の長寿の木。
伝説上の大きく長寿であるという木の名、(大きく長寿であることから)父。
香椿(チャンチン)、センダン科チャンチン属の木、同「杶」「橁」「櫄」{チャンチン}
日ツバキ椿、ツバキ科ツバキ属の木
日。",椿 → JPDB Kanji Freq: 1909,漢字の読みを入力してください,Text
怨__嗟__，咄__嗟__に,さ,"［嗟］一級
音: シャ／サ 訓: 
意味: 「ああ」という嘆(なげ)き憂(うれ)える短い声の擬声語。
憂い歎く。
嘆き溜息(ためいき)を付く。
咄嗟(トッサ)嘆き溜息を付く急に、あっという間に、瞬(またた)く間に。
嗟丘(シャキュウ)、東海にあり二つの山に挟まれた小高い丘の名、百果(多くの果実)を産するという、江蘇省灌雲県付近だといわれる、同「𨲠丘」。",嗟 → JPDB Kanji Freq: 1912,漢字の読みを入力してください,Text
__雛__鳥，__雛__・アオのハコ,ひな,"［雛］準一級
音: ス／ジュ／スウ 訓: ひよこ／ひな
意味: 生まれて間もないニワトリ鶏の子。
生まれて間もない鳥の子。
小さいさま、幼いさま。",雛 → JPDB Kanji Freq: 1913,漢字の読みを入力してください,Text
__馳__せる，思いを__馳__せる，__馳__せ参じる,は,"［馳］準一級
音: チ／ジ 訓: は・せる
意味: 馬を速く駆(か)けさせる、疾駆シックさせる、また疾駆する、同「䮈」。
縦横ジュウオウ(北へ南へ東に西)に駆ける、(思いを)遠くまで至(いた)らせる、広く伝える
(思いを)遠くまで至(いた)らせる、広く行き渡らせる、広める。",馳 → JPDB Kanji Freq: 1920,漢字の読みを入力してください,Text
吊れる・__攣__れる，引__攣__れる,つ,"［攣］一級
音: レン 訓: つ・る
意味: 断ち切れずに繋(つな)がる、繋がりが断ち切れない。
繋いで引っ張る、引っ張られる。
つ・る、筋(すじ)が縮んで一緒に肉も縮むような感じになる、互いに繋がっていて片方を引くと一方も一緒に引っ張られる、痙攣(ケイレン)。",攣 → JPDB Kanji Freq: 1921,漢字の読みを入力してください,Text
__庇__う，__庇__い立て,かば,"［庇］準一級
音: ヒ 訓: ひさし／かば・う
意味: ひさし、屋根の建物の外壁から外に張り出した部分、窓や扉の上に設けた雨や日差しを遮(さえぎ)るための小さな屋根。
かば・う、覆う、覆い被(かぶ)さる、覆い被さるようにして守る。",庇 → JPDB Kanji Freq: 1923,漢字の読みを入力してください,Text
__澪__ (水脈)，__澪__標・__澪__つくし,みお,"［澪］一級
音: レイ／リョウ 訓: みお
意味: 物を運ぶための運河。
澪渠(レイキョ)、「零渠」「霊渠」ともいう、現広西壮族自治区桂林市興安県、秦シンの始皇帝シコウテイ(前259年～前210年)の命により開削カイサクされた運河で現在も利用されている。
日みお、船が通航する水路",澪 → JPDB Kanji Freq: 1925,漢字の読みを入力してください,Text
__薩__摩，菩__薩__，__薩__長,さつ,"［薩］準一級
音: サツ／サチ 訓: 
意味: 「サ」「サッ」「サツ」などに近い梵語の音を当てる音写字。
菩薩(ボサツ・プゥサ)、菩提薩埵(ボ)ーダイサツタ・プゥシーサドゥア(bodhisattva梵の音写)」の略、悟り(菩提ボダイ・プゥシー、bodhi梵。",薩 → JPDB Kanji Freq: 1931,漢字の読みを入力してください,Text
明け__烏__・明__烏__，__烏__,からす,"［烏］準一級
音: オ／ウ 訓: からす
意味: 烏(カラス)・鴉、カラス科カラス属の鳥、また同属の鳥の称、同、烏鴉(オア・オウ)、孝鳥(コウチョウ)。
(カラスが黒いことから)黒い、また黒色。
いずく・んぞ、どうして～、どうして～か、疑問や反問の語。
「ああ」「おう」などの感嘆の声、同「於」「𥾪」「𤚶」、同烏乎・烏呼(アア)。",烏 → JPDB Kanji Freq: 1932,漢字の読みを入力してください,Text
__蠱__惑的，__蠱__毒,こ,"［蟲］準一級／一級
音: チュウ／ジュウ 訓: むし
意味: 昆虫の総称、貝類・爬虫類なども含む脚(あし)のある(小)動物の総称、「さまざまな種類の虫」の意、脚のないものを「豸」、同簡「虫」、同「䖵」。",蟲 → JPDB Kanji Freq: 1935,漢字の読みを入力してください,Text
伏竜__鳳__雛，__鳳__凰,ほう,"［鳳］準一級
音: ホウ／ブ／ブウ 訓: おおとり
意味: 想像上の瑞鳥ズイチョウ(良いことの象徴とされる鳥)の雄(おす)、雌(めす)は「凰」、雌雄併(あわ)せて、鳳凰(ホウオウ)。
天子や皇帝、また天子や皇帝に関する事柄を意味する語",鳳 → JPDB Kanji Freq: 1937,漢字の読みを入力してください,Text
柚子・__柚__，__柚__味噌，__柚__湯,ゆず,"［柚］準一級
音: ユウ／ユ 訓: ゆず
意味: 朱欒(ザボン)・香欒、別名ブンタン文旦、ミカン科ミカン属の木、その果実を、柚子(ユズ・ヨゥズ)という{ザボン}。
柚木(ユウボク)、チークteak、シソ科チーク属の木、また同属の木の総称{チーク}。
日ユズ柚・柚子、ミカン科ミカン属の木、またその果実、中国で「ユズ」は香橙(コウトウ)という{ユズ}。",柚 → JPDB Kanji Freq: 1939,漢字の読みを入力してください,Text
城塚翡__翠__，__翠__緑,すい,"［翠］準一級
音: スイ 訓: みどり
意味: 青みを帯びた緑色。
翡翠(ヒスイ)カワセミ川蝉・翡翠、カワセミ科カワセミ属の鳥、また同科同属の鳥の称、頭から背にかけて美しい青色をしている、雄を「翡」、雌を「翠」美しく光沢のある青緑色、またそのような色をしたもの光沢のある青緑色をした、玉(ギョク)(美しく高貴な石)」と呼ばれる宝石、、硬玉(コウギョク)。",翠 → JPDB Kanji Freq: 1940,漢字の読みを入力してください,Text
__賑__わう，__賑__やか，__賑賑__しい,にぎ,"［賑］準一級
音: シン 訓: にぎ・わう／にぎ・やか
意味: 豊かなさま、富(と)むさま。
人や物や富(とみ)が多いさま、殷賑(インシン)。
富を分け与えて救い助ける、また奮(ふる)い立たせる、賑給(シンキュウ)、賑濟(シンサイ)。",賑 → JPDB Kanji Freq: 1942,漢字の読みを入力してください,Text
甘__栗__，毬__栗__，__栗__,くり,"［栗］準一級
音: リツ／リチ 訓: くり
意味: 栗(クリ)、ブナ科クリ属の果樹、またその実{クリ}。
(栗の木は堅く腐りにくいことから)堅い。
慄(おのの)く、恐れや寒さで体が震える、同「慄」。
繁「慄」。",栗 → JPDB Kanji Freq: 1949,漢字の読みを入力してください,Text
__詫__入る，__詫__言，__詫__証文，御__詫__び,わ,"［詫］準一級
音: タ／チャ 訓: わ・びる
意味: 誇(ほこ)る、誇張する、中身のないものを大きく見せる、また話す、同「誇」「侘」。
誑(たぶら)かす、惑わし誤らせる、巧みな言葉で騙(だま)す、同「誑」。
詫異(タクイ)、奇妙なさま、どこかおかしいさま。
日わ・びる、謝る。",詫 → JPDB Kanji Freq: 1950,漢字の読みを入力してください,Text
__仇__討ち，__仇__する,あだ,"［仇］準一級
音: キュウ／グ 訓: あだ／かたき
意味: 対等に付き合う相手、行動を共にする人、仲間、同「逑」。
相手の悪意に悪意で報(むく)いる、怨(うら)む、憎(にく)む、またその相手、同「讎」。",仇 → JPDB Kanji Freq: 1952,漢字の読みを入力してください,Text
__獅__子，__獅__子王，__獅__子奮迅，__獅__子身中の虫,し,"［獅］準一級
音: シ 訓: 
意味: ライオンlion、ネコ科の哺乳類、獅子(シシ)。
犬が双子を産む、犬の双子、一頭は、玂(キ)、三つ子は、猣(ソウ)。",獅 → JPDB Kanji Freq: 1959,漢字の読みを入力してください,Text
__鱗__雲，__鱗__,うろこ,"［鱗］準一級
音: リン 訓: うろこ
意味: 魚や爬虫類(トカゲやヘビなど)などの体表を覆う薄く小さい外皮。
薄く小さい小片が連なる、また連なり覆う、そのような形状のもの。",鱗 → JPDB Kanji Freq: 1961,漢字の読みを入力してください,Text
__咄__嗟に，__咄咄__怪事,とっ,"［咄］一級
音: トツ／トチ 訓: はなし
意味: 「ちっ」「ちぇ」というような舌打ちする声。
「きっ」と叱(しか)りつける、同「啌」。
咄嗟(トッサ)ため息をつくさま、残念がるさま一瞬の間(ま)に。
日はなし、人に語り聞かせる話。",咄 → JPDB Kanji Freq: 1965,漢字の読みを入力してください,Text
__澤__野弘之,さわ,"［澤］準一級／一級
音: タク／ジャク 訓: さわ
意味: 水の近くの草が生い茂った湿地。
表面が滑らかできらきらと光るさま、水分を含んで艶々(つやつや)しているさま、同「㚖」。
潤(うるお)う、恵(めぐ)み、潤沢(ジュンタク)。",澤 → JPDB Kanji Freq: 1967,漢字の読みを入力してください,Text
__琥珀__色，__琥珀__,こはく,"［琥］一級
音: コ／ク 訓: 
意味: 虎(トラ)の形をした或いはトラのような紋様のある玉器。
虎(トラ)の形に作った割符(わりふ)、主君がその片方を将軍らに下賜、将軍らは軍を動かす際にそれを君命(クンメイ)であることの証とした。
琥珀(コハク)、マツ松などの樹液が化石化したもの、多くは濃い黄色で透明、宝石や薬として重用される。","琥 → JPDB Kanji Freq: 1968
珀 → JPDB Kanji Freq: 1970",漢字の読みを入力してください,Text
__拗__くれる，__拗__ける,ねじ,"［拗］一級
音: オウ／ヨウ 訓: ねじ・る／ねじ・ける／す・ねる／こじ・れる
意味: 撓(しな)り曲がる、捩(ね)じる、捩じり曲げる、折り曲げる、曲げて折る、同「𢲷」。
なかなか折れない、すんなりといかない。
執拗(シツオウ・シツヨウ)なかなか折れない、また折らない自分の意見・考えに固執コシツして他の言うことをすんなりと聞き入れない(従わない)。
抑(おさ)える、押(おさ)え付ける。",拗 → JPDB Kanji Freq: 1969,漢字の読みを入力してください,Text
__拗__れる，__拗__らす,こじ,"［拗］一級
音: オウ／ヨウ 訓: ねじ・る／ねじ・ける／す・ねる／こじ・れる
意味: 撓(しな)り曲がる、捩(ね)じる、捩じり曲げる、折り曲げる、曲げて折る、同「𢲷」。
なかなか折れない、すんなりといかない。
執拗(シツオウ・シツヨウ)なかなか折れない、また折らない自分の意見・考えに固執コシツして他の言うことをすんなりと聞き入れない(従わない)。
抑(おさ)える、押(おさ)え付ける。",拗 → JPDB Kanji Freq: 1969,漢字の読みを入力してください,Text
__拗__ね者，__拗__ねる,す,"［拗］一級
音: オウ／ヨウ 訓: ねじ・る／ねじ・ける／す・ねる／こじ・れる
意味: 撓(しな)り曲がる、捩(ね)じる、捩じり曲げる、折り曲げる、曲げて折る、同「𢲷」。
なかなか折れない、すんなりといかない。
執拗(シツオウ・シツヨウ)なかなか折れない、また折らない自分の意見・考えに固執コシツして他の言うことをすんなりと聞き入れない(従わない)。
抑(おさ)える、押(おさ)え付ける。",拗 → JPDB Kanji Freq: 1969,漢字の読みを入力してください,Text
__廻__る，__廻__す,まわ,"［廻］準一級
音: カイ／エ 訓: めぐ・る／まわ・る
意味: 回(まわ)る、一周して(一巡して)元に戻る、同「回」「迴」。
周(まわ)り。",廻 → JPDB Kanji Freq: 1973,漢字の読みを入力してください,Text
__儂__〔古風〕わたし。,わし,"［儂］一級
音: ドウ／ノウ／ノ 訓: わし
意味: 我(われ、わ・が)、わし、わたし、I、自分を指す語。
汝なんじ、あなた、you。",儂 → JPDB Kanji Freq: 1977,漢字の読みを入力してください,Text
__贅__沢，__贅__肉，__贅__言,ぜい,"［贅］一級
音: セイ／セ／ゼイ 訓: 
意味: 余分なもの、不必要なもの、贅肉(ゼイニク)。
(余計なものを)継ぎ足す、付け足す、贅述(ゼイジュツ)(余計なことをくどくどと話す)」。
疣(いぼ)、皮膚の表面にできる小さな肉の突起、「余計なもの」であることから、、贅疣(ゼイユウ)。
借金のかた(抵当・担保)に物や人を預ける、「証文以外に余分な保証を付け足す」ことから。
娘の嫁入りの際に息子も一緒に養子として出す、、贅壻・贅婿(ゼイセイ)(入り婿)」。",贅 → JPDB Kanji Freq: 1980,漢字の読みを入力してください,Text
__只__今，__只__働き，__只__者,ただ,"［只］準一級
音: シ 訓: ただ
意味: 単に、唯一の、それだけ、同繁「隻」「衹」。
句末に用い語気を整える助詞、同「𠮡」。
日ただ、無料、代金・対価を払わないこと、「只」を「ロハ(ろは)」と読み「無料」の意。",只 → JPDB Kanji Freq: 1982,漢字の読みを入力してください,Text
__垢__染みる，襟__垢__，__垢__抜け,あか,"［垢］準一級
音: コウ／ク 訓: あか
意味: 塵(ちり)や埃(ほこり)、ものの表面に付着する汚(よご)れや穢(けが)れ、少しずつ積もりたまっていく不浄・不潔なもの、同「坸」。
体面を汚(けが)す、辱(はずかし)める、同「詬」。
解垢(カイコウ)、無理な(怪しげな)理屈をつけること、こじつけること。",垢 → JPDB Kanji Freq: 1984,漢字の読みを入力してください,Text
__煽__り，__煽__る，__煽__ぐ,あお,"［煽］準一級
音: セン 訓: あお・る
意味: 扇(あお)いで火を燃え立たせる、同「傓」。
人を嗾(けしか)ける、唆(そそのか)す、同「扇」。",煽 → JPDB Kanji Freq: 1985,漢字の読みを入力してください,Text
"__煽__てる
〔何か目的があって〕しきりにほめる。そそのかす。
煽て。「━に乗る」",おだ,"［煽］準一級
音: セン 訓: あお・る
意味: 扇(あお)いで火を燃え立たせる、同「傓」。
人を嗾(けしか)ける、唆(そそのか)す、同「扇」。",煽 → JPDB Kanji Freq: 1985,漢字の読みを入力してください,Text
売らん__哉__，__哉__「結果はどうなる━・どうしよう━」,かな,"［哉］準一級
音: サイ 訓: かな／や
意味: かな、句末に付いて感嘆・感動などの意を表す語、「大哉(大きいなぁ！)」「痛何如哉(何という痛さだろう！)」「幸甚至哉(何という幸せか！)」。
や、句末に付いて疑問・反問などの意を表す語、「此何鳥哉(これは何という鳥か？)」「夫召我者而豈徒哉(わたしを召したのは何かしらの訳があってのことだろう)」。
やっと～、「物事がやっと始まる、やっと～になる」の意を表す、同「才」。",哉 → JPDB Kanji Freq: 1987,漢字の読みを入力してください,Text
"__屍__・尸
「生ける━〔＝何もできず、ただ生きているだけの人〕」",しかばね,"［屍］準一級
音: シ 訓: しかばね／かばね
意味: (横たわった)死体、同簡「尸」。",屍 → JPDB Kanji Freq: 1994,漢字の読みを入力してください,Text
__呻__く，__呻__き声,うめ,"［呻］一級
音: シン 訓: うめ・く
意味: (病で苦しんでいる時のような)口をあまり開けずに声を長く伸ばす、「吟」よりもゆっくりとした感じ。",呻 → JPDB Kanji Freq: 1996,漢字の読みを入力してください,Text
唸り・__呻__り,うな,"［呻］一級
音: シン 訓: うめ・く
意味: (病で苦しんでいる時のような)口をあまり開けずに声を長く伸ばす、「吟」よりもゆっくりとした感じ。",呻 → JPDB Kanji Freq: 1996,漢字の読みを入力してください,Text
"渚，__渚__駅
波がうちよせる所。例: 渚で水鳥がえさをあさる。",なぎさ,"［渚］準一級
音: ショ 訓: なぎさ
意味: 小さな中洲、「洲」より小さく「沚」よりも大きいもの、同「陼」。
水際(みぎわ)、水辺",渚 → JPDB Kanji Freq: 2002,漢字の読みを入力してください,Text
金__儲__け，__儲__かる，__儲__け,もう,"［儲］準一級
音: チョ／ジョ 訓: もう・ける
意味: 蓄(たくわ)える、貯(たくわ)える。
用意しておく、準備しておく。
天子や諸侯などの高位の人の後を継ぐ予定の世嗣セイシ(よつぎ)、「後継者として準備されている人」の意。
日もう・ける、利益を得る。",儲 → JPDB Kanji Freq: 2006,漢字の読みを入力してください,Text
"__喘__ぐ
①せわしく呼吸する。息をきらす。 「あえぎながら登る」 ②苦しむ。 「経営難に━」",あえ,"［喘］一級
音: セン／ゼン 訓: あえ・ぐ
意味: 「はあはあ」と忙(せわ)しく息をする。",喘 → JPDB Kanji Freq: 2013,漢字の読みを入力してください,Text
__玲瓏__，八面__玲瓏__,れいろう,"［玲］準一級
音: レイ／リョウ 訓: 
意味: 玉ギョク(美しく高貴な石)が触れ合って出る涼やかな音。
玲瓏(レイロウ)、瓏玲(ロウレイ)玉ギョク(美しく高貴な石)が触れ合う濁(にご)りのない澄(す)んだ音、澄んだ音や声が鳴り響くさま明るく透き通っているさま、光り輝くさま。","玲 → JPDB Kanji Freq: 2014
瓏 → JPDB Kanji Freq: 3842",漢字の読みを入力してください,Text
心__惹__かれる，__惹__く，__惹__きつける,ひ,"［惹］準一級
音: ジャク／ニャク／ジャ／ニャ 訓: ひ・く
意味: ひ・く、他に働き掛けそれまで見えなかったもの・表に出ていなかったもの・なかったものを表に引き出す、人を誘って自分に気を向けさせる、また自分に
それまでは平穏だったところに騒ぎや厄介事を引き起こす。
その気にさせておいて期待を裏切る、期待を裏切って苛立(いらだ)たせる、気分を害させる。",惹 → JPDB Kanji Freq: 2018,漢字の読みを入力してください,Text
__笠__，__笠__に着る，__笠__原匡 (アオのハコ),かさ,"［笠］準一級
音: リュウ 訓: かさ
意味: 雨や日差しを遮(さえぎ)るために頭に直接被(かぶ)る被り物(かぶりもの)、手で持つための柄(え)が付いているものを、簦(トウ)、傘(サン)(かさ)」。",笠 → JPDB Kanji Freq: 2020,漢字の読みを入力してください,Text
__胡__散臭い，__胡__乱,う,"［胡］準一級
音: コ／グ／ゴ 訓: えびす
意味: 顎(あご)や頬(ほお、ほほ)や咽(のど)の辺りから垂れ下がった肉、肉垂ニクスイ、同「㗅」「𩑶」「𠴱」。
顎(あご、口の下)に伸びる毛、同繁「鬍」。
胡子(コシ)顎鬚(あごひげ)頭髪を除く顔の毛の総称、同、胡須・鬍鬚(コシュ){毛(頭部)}。
戎えびす、中国北方や西方の異民族、外国の意でも用いられる。
器物の頸(くび、首の正面側)や咽喉インコウ(のど)に当たるところ。
何、何ぞ、どうして
、胡同(コドウ)、町中を縦横に走る道、町中の小路(こみち)、同「衚衕」、同繁「衚」。",胡 → JPDB Kanji Freq: 2023,漢字の読みを入力してください,Text
開け__胡__麻，__胡__麻,ご,"［胡］準一級
音: コ／グ／ゴ 訓: えびす
意味: 顎(あご)や頬(ほお、ほほ)や咽(のど)の辺りから垂れ下がった肉、肉垂ニクスイ、同「㗅」「𩑶」「𠴱」。
顎(あご、口の下)に伸びる毛、同繁「鬍」。
胡子(コシ)顎鬚(あごひげ)頭髪を除く顔の毛の総称、同、胡須・鬍鬚(コシュ){毛(頭部)}。
戎えびす、中国北方や西方の異民族、外国の意でも用いられる。
器物の頸(くび、首の正面側)や咽喉インコウ(のど)に当たるところ。
何、何ぞ、どうして
、胡同(コドウ)、町中を縦横に走る道、町中の小路(こみち)、同「衚衕」、同繁「衚」。",胡 → JPDB Kanji Freq: 2023,漢字の読みを入力してください,Text
__撒__く，__撒__き散らす,ま,"［撒］準一級
音: サツ／サチ／サン 訓: ま・く
意味: ばらばらと放り散らす、散らすように投げる、播(ま)くように散らす、同「散」。",撒 → JPDB Kanji Freq: 2025,漢字の読みを入力してください,Text
__碧__い,あお,"［碧］準一級
音: ヘキ／ヒャク 訓: あお・い
意味: 青く美しい石。
深い青色、緑がかった青色。",碧 → JPDB Kanji Freq: 2027,漢字の読みを入力してください,Text
__釘__を刺す，__釘__付け，__釘__,くぎ,"［釘］準一級
音: テイ／チョウ 訓: くぎ
意味: 物に打ち込んで固定するもの、細長く先が尖り、平らな頭が付いたＴ字形のもの。
(釘を)打つ、同「𠄖」。",釘 → JPDB Kanji Freq: 2032,漢字の読みを入力してください,Text
__吠__面，__吠__える・吼える,ほ,"［吠］準一級
音: ハイ／バイ 訓: ほ・える
意味: 犬が不審なものに対して威嚇イカクするように鳴く、また同類に対して合図するように叫ぶ。",吠 → JPDB Kanji Freq: 2033,漢字の読みを入力してください,Text
"① __昏__い
② 黄__昏__，黄__昏__れる","くら,がれ,が","［昏］準一級
音: コン 訓: くら・い
意味: 太陽が沈んで薄暗くなる、日が暮れる、同「𣄼」「𣇲」。
辺りが暗くなって見えなくなる、また正しい道が分からない。
頭がぼんやりして意識がなくなる。
娶る(めとる、他家の女性を妻として迎える)、嫁ぐ(とつぐ、他家の男性のところに妻として入る)、夫婦になる、同「婚」、「女昏」は黄昏(たそがれ)時に嫁を迎えて婚礼を行ったことから。",昏 → JPDB Kanji Freq: 2034,漢字の読みを入力してください,Text
__些__か,いささ,"［些］準一級
音: シャ／サ 訓: いささ・か
意味: 僅(わず)かなさま、少ないさま。
多くのもののうちの少し。
楚国(～前223年)の詩句で末尾に置く助詞。",些 → JPDB Kanji Freq: 2040,漢字の読みを入力してください,Text
真田__紐__，__紐__,ひも,"［紐］準一級
音: ジュウ／ニュウ／チュウ 訓: ひも
意味: 何本かの糸を縒(よ)り合わせた太い糸。
(紐で)結ぶ、(紐で)束ねる。
紐扣(チュウコウ)、紐を編んだボタンbutton(衣服の合わせ部分を留めるもの)。
龜紐(キチュウ)、紐をカメ亀の形に編んだもの、印章インショウ(印鑑)の摘まみ(つまみ、指先で摘まむようにして持つ取っ手)などの飾りとして使われる。",紐 → JPDB Kanji Freq: 2044,漢字の読みを入力してください,Text
__辻__，__辻__褄が合う，__辻__褄,つじ,"［辻］準一級
音: つじ 訓: 
意味: 日十字に交わっている道。
日。",辻 → JPDB Kanji Freq: 2045,漢字の読みを入力してください,Text
"__薙__ぎ払う，__薙__ぐ，横__薙__ぎ
刃物などで、勢いよく横に払う。「草を―・う」",な,"［薙］準一級
音: テイ／タイ／チ／ジ 訓: な・ぐ
意味: 草を刈(か)る、草刈りをする。
刈り取る。",薙 → JPDB Kanji Freq: 2048,漢字の読みを入力してください,Text
__咆__哮,ほう,"［咆］一級
音: ホウ／ビョウ 訓: ほ・える
意味: 猛獣が怒ったようにまた威嚇するように吼える。",咆 → JPDB Kanji Freq: 2050,漢字の読みを入力してください,Text
__痙__攣,けい,"［痙］一級
音: ケイ／ギョウ 訓: 
意味: 筋肉が収縮を繰り返す、引き攣(つ)る、引き付ける。",痙 → JPDB Kanji Freq: 2054,漢字の読みを入力してください,Text
__柊__,ひいらぎ,"［柊］準一級
音: シュウ／シュ 訓: ひいらぎ
意味: 柊楑(シュウキ)、槌つち、ものを打ちつける道具。
ヒイラギ(柊)、モクセイ科モクセイ属の木{ヒイラギ}。
柊葉(ショウヨウ)、クズウコン科の植物、学名Phryniumcapitatum、同、苳葉(トウヨウ)。",柊 → JPDB Kanji Freq: 2055,漢字の読みを入力してください,Text
__迂__回，__迂__闊,う,"［迂］準一級
音: ウ 訓: 
意味: まっすぐの道を避けて遠回りして行く、回り道する。
迂闊(ウカツ)遥(はる)か遠いさま、遠く離れているさま。",迂 → JPDB Kanji Freq: 2056,漢字の読みを入力してください,Text
__淵__瀬，__淵__ (Eve),ふち,"［淵］準一級
音: エン 訓: ふち
意味: 深く水を湛(たた)えているところ、水底が凹状に落ち窪んで深くなっているところ、深み、同「渁」「囦」。
(学問や思慮などが)深いさま、奥深いさま。
ものが多く集まる、「水は窪んでいるところに集まる」の意。",淵 → JPDB Kanji Freq: 2058,漢字の読みを入力してください,Text
__稀__，__稀__な，__稀__に見る,まれ,"［稀］準一級
音: キ／ケ 訓: まれ
意味: 疎(まば)らな、頻度・濃度・密度が小さい、少ない(薄い)、めったにない(珍しい)、同「希」。",稀 → JPDB Kanji Freq: 2061,漢字の読みを入力してください,Text
__竦__める，肩を__竦__める，__竦__む，立ち__竦__む,すく,"［竦］一級
音: ショウ／シュ 訓: すく・む
意味: 体を強張(こわば)らせる、同「捒」「𢷜」「𢖗」。
敬い畏(かしこ)まる、身を(体を、気持ちを、姿勢を、態度を)ぐっと引き締めて畏まる。",竦 → JPDB Kanji Freq: 2062,漢字の読みを入力してください,Text
__或__いは，或る日，__或__は,"あ,ある","［或］準一級
音: コク／ワク 訓: あ・る／あるい・は
意味: あ・る、不特定の人や物事、「ある時」「ある人」「ある事」。
あるい・は、もしかしたら～、また～、他の例を挙げれば～。
惑(まど)う。
国、邦、同「國(国)」、「戈(ほこ)を持って外敵から守るところ」の意。",或 → JPDB Kanji Freq: 2063,漢字の読みを入力してください,Text
"鉄__槌__〔文〕
①かなづち。
②きびしい処分。痛撃。
「━を下す」",つい,"［槌］準一級
音: ツイ／ズイ 訓: つち
意味: ものを打ちつける道具、ものを叩(たた)くための道具、木製の頭に柄(え)を付けたもの、ハンマーhammer、同「椎」、鉄製の頭のものは「鎚」「金槌(かなづち、鉄鎚)」。
蚕箔、蚕薄(サンパク)(カイコ蚕を飼うための竹籠)を置く台の柱、同「样」。",槌 → JPDB Kanji Freq: 2064,漢字の読みを入力してください,Text
相__槌__，相__槌__を打つ,"づち,つち","［槌］準一級
音: ツイ／ズイ 訓: つち
意味: ものを打ちつける道具、ものを叩(たた)くための道具、木製の頭に柄(え)を付けたもの、ハンマーhammer、同「椎」、鉄製の頭のものは「鎚」「金槌(かなづち、鉄鎚)」。
蚕箔、蚕薄(サンパク)(カイコ蚕を飼うための竹籠)を置く台の柱、同「样」。",槌 → JPDB Kanji Freq: 2064,漢字の読みを入力してください,Text
天__狗__，__狗__，走__狗__,"く,ぐ","［狗］準一級
音: コウ／ク 訓: いぬ
意味: 科(イヌ)の動物の総称、同「犬」、古くは小形のイヌ犬やクマ熊・トラ虎などのイヌ目・科(イヌ)の動物の子や小形の種を指したが、後にイヌ犬一般を指すようになった。
卑劣なさま、底意地(そこいじ)が悪いさま。",狗 → JPDB Kanji Freq: 2066,漢字の読みを入力してください,Text
天__祐__，__祐__筆，神__祐__,ゆう,"［祐］準一級
音: ユウ／ウ 訓: じょう
意味: (右手のように力が強い者が左手のように力が弱い者に手を貸し力を貸し)助ける、保祐(ホユウ)、天祐(テンユウ)(天の助け)」、同「佑」「右」、逆は「𥙀」「佐」「左」。
日日本の律令制リツリョウセイで神祇官ジンギカン(かみづかさ、かむづかさ、祭祀サイシを司る職)の第三等官。",祐 → JPDB Kanji Freq: 2068,漢字の読みを入力してください,Text
__辰__，__辰__巳,たつ,"［辰］準一級
音: シン／ジン 訓: たつ
意味: 十二支の五番目、方角では東南東、時刻では午前八時を中心とした二時間、動物では龍を当てる、陽の温(ぬく)もりが感じられ動植物が動き始める頃、旧暦の三月頃{十二支}。
(移り行く)時、時間、日、時辰(ジシン)(時とき、時刻)」、吉辰(キッシン)(吉日キチジツ)」、良辰(リョウシン)(良き日)」。
(時と共に移動する)太陽・月・星などの天体、、三辰(サンシン)(太陽と月と星)」、北辰(ホクシン)(北極星)」、星辰(セイシン)(星ほし)」。
しんのたつ、たつ、部首名。",辰 → JPDB Kanji Freq: 2069,漢字の読みを入力してください,Text
__糞__，胸__糞__，__糞__味噌,くそ,"［糞］準一級
音: フン 訓: くそ
意味: 塵(ごみ)を掃(はら)う、払い除(の)ける、汚(よご)れを取り除く、同「𡊄」。
動物が排泄する食べ物などの滓(かす)、大便、同「屎」。
肥料を施(ほどこ)す、土地を肥(こ)やす。",糞 → JPDB Kanji Freq: 2070,漢字の読みを入力してください,Text
__鞭__，__鞭__打つ，飴と__鞭__,むち,"［鞭］準一級
音: ヘン／ベン 訓: むち／むちう・つ
意味: むち、馬や罪人を打つ(革製の)紐状のもの、同「𠓠」。
むちう・つ、叱ったり励ましたりして前に進ませる、同「𠓠」。
馬鞭草(バベンソウ・マヘンソウ)、クマツヅラ(熊葛)、クマツヅラ科クマツヅラ属の草、また同科同属の草の称、バーベナ(Verbena){クマツヅラ}{バーベナ}。
馬鞭魚(バベンギョ・マヘンギョ)、ヤガラ矢柄、ヤガラ科ヤガラ属の魚、また同科同属の魚の総称、体が矢柄・矢幹(やがら)のように馬鞭バベン(むち)のように煙管(きせる)のように細長い、同、煙管魚(エンカンギョ)。",鞭 → JPDB Kanji Freq: 2071,漢字の読みを入力してください,Text
八__幡__，八__幡__宮,まん,"［幡］準一級
音: ハン／ホン 訓: はた
意味: 長い棒の先に吊(つ)るすように掲げる細長い旗(はた)、幟(のぼり)、同「旛」。
(幟が)翻(ひるがえ)る、ひらひらと靡(なび)く、同「旛」。
幢幡(トウバン)、同「𣄢旛」、仏堂ブツドウに立てる円筒形の飾り、或いは細長い幟。",幡 → JPDB Kanji Freq: 2078,漢字の読みを入力してください,Text
__哮__る，__哮__り立つ,たけ,"［哮］一級
音: コウ／キョウ 訓: たけ・る
意味: 獣が威嚇イカクするように吼(ほ)える、同「嘋」。
大きな声で吼える、大声で喚(わめ)く。
哮喘(コウゼン)、喘息(ゼンソク)、気管支の炎症によって呼吸がしにくくなり「ぜいぜい」「ひゅーひゅー」といった咳(せき)が出る病気。",哮 → JPDB Kanji Freq: 2081,漢字の読みを入力してください,Text
__汝__自身を知れ，__汝__ 〔文〕おまえ。,なんじ,"［汝］準一級
音: ジョ／ニョ 訓: なんじ
意味: (同輩または後輩に対して)あなた、君、you、二人称代名詞。
川名、河南省洛陽市嵩県付近を源とする淮河ワイガの一支流、汝水(ジョスイ){河南省}。",汝 → JPDB Kanji Freq: 2085,漢字の読みを入力してください,Text
__鳩__，伝書__鳩__,はと,"［鳩］準一級
音: キュウ／ク 訓: はと
意味: 鳩(ハト)、ハト科に属する鳩(ハト)全体の称、鳩鴿(キュウコウ)。
一か所に集まる。
鳩合(キュウゴウ)、寄せ集めて一つにする、寄り集まって一つになる、同「糾合」。
鳲鳩(シキュウ)、カッコウ郭公、カッコウ科カッコウ属の鳥、また同科同属の鳥の称、別名、杜鵑(トケン)、鴶鵴(カツキク)、布穀(フコク)。",鳩 → JPDB Kanji Freq: 2088,漢字の読みを入力してください,Text
__嘉__する〔文〕ほめ（たたえ）る。,よみ,"［嘉］
音:  訓: 
意味: ",嘉 → JPDB Kanji Freq: 2091,漢字の読みを入力してください,Text
__柴__，__柴__犬，__柴__刈り，__柴__栗,しば,"［柴］準一級
音: サイ／ゼ 訓: しば
意味: 薪(たきぎ)などに使う小枝が付いたままの枝、木材としては使えない細い木や枝、またそれを束ねたもの。
束ねた細い木や枝を使った垣(かき)、「柴垣(しばがき)」。
束ねた細い枝や草を燃やして天神を祭る儀式、同「祡」。",柴 → JPDB Kanji Freq: 2093,漢字の読みを入力してください,Text
__瞼__・目蓋,まぶた,"［瞼］一級
音: ケン 訓: まぶた
意味: 目の上にあって目を開けたり閉じたりする働きをする部分、「まぶた、目蓋」は「目を蓋(ふた)する」の意。",瞼 → JPDB Kanji Freq: 2094,漢字の読みを入力してください,Text
高ぶる・__昂__ぶる,たか,"［昂］準一級
音: コウ／ゴウ 訓: たかぶ・る
意味: 高く上げる、高く持ち上げる、軒昂(ケンコウ)。
顔を上に向ける、怒りや意気などの感情が高まる、高揚する、昂奮・興奮(コウフン)、激昂(ゲキコウ)。",昂 → JPDB Kanji Freq: 2096,漢字の読みを入力してください,Text
__燈__ «呪術廻戦»,"ひ,あかし,ともしび","［燈］準一級／一級
音: トウ 訓: ともしび／あかし／あかり／ひ
意味: 高く掲(かか)げ暗闇(くらやみ)を照らす明かり、据(す)え置いて使う照明具、同簡「灯」。",燈 → JPDB Kanji Freq: 2102,漢字の読みを入力してください,Text
__凌__ぐ，一時__凌__ぎ，口__凌__ぎ,しの,"［凌］準一級
音: リョウ 訓: しの・ぐ
意味: 氷、凌室(リョウシツ)は氷室(ひむろ、氷を貯蔵する部屋)。
乗り越える、乗り越えて行く。
危険や困難を乗り越える、乗り越えて高みに登る、同「陵」。
ぐっと踏み付ける、踏み付けにする、上から(力ずくで)押さえ付ける、同「陵」。",凌 → JPDB Kanji Freq: 2103,漢字の読みを入力してください,Text
① __踵__，__踵__落とし② __踵__を返す,"かかと,くびす,きびす","［踵］一級
音: ショウ／シュ 訓: かかと／きびす／くびす
意味: かかと、きびす、くびす、足(足首から爪先までの部分)の裏(地に着く面)の後方の部分、同「跟」{人体(下肢)}。
ぴったりと後に付いて行く、すぐ後に続く、同「跟」。
後から後から～、引きも切らず～、接踵(セッショウ)。",踵 → JPDB Kanji Freq: 2106,漢字の読みを入力してください,Text
__咎__人，__咎__める，__咎__め,とが,"［咎］一級
音: キュウ／グ 訓: とが／とが・める
意味: 進めようとしていること(しようとしていること)の妨(さまた)げとなるような事柄、また妨げようとするような事柄、差し障り(さしさわり)。
過ち、後悔するような判断や行動。
過ちや失敗を取り立てて言う。",咎 → JPDB Kanji Freq: 2108,漢字の読みを入力してください,Text
__鞘__，逆__鞘__，__鞘__を払う，__鞘__巻き,さや,"［鞘］準一級
音: ソウ／ショウ 訓: さや
意味: 細い革紐(かわひも)、鞭鞘(ベンショウ)(鞭の先の細い革紐)」。
さや、刀身を納(おさ)める筒状の革袋、また金属製・木製などの筒、同「韒」「鞞」「削」{武器(刀剣槍)}。",鞘 → JPDB Kanji Freq: 2111,漢字の読みを入力してください,Text
目を__瞑__る，__瞑__る,"つぶ,つむ","［瞑］一級
音: メイ／ミョウ 訓: つむ・る／つぶ・る
意味: 目を閉じる。
目を閉じていて見えない。
目を閉じて眠る、永眠する。",瞑 → JPDB Kanji Freq: 2113,漢字の読みを入力してください,Text
先駆け・__魁__,さきがけ,"［魁］準一級
音: カイ／ケ 訓: さきがけ
意味: 羹(あつもの、多めの水に肉や野菜などの具を入れて煮込んだもの、またそれを調味したもの)などを汲(く)む柄杓(ひしゃく)。
北斗七星の勺シャク(液体を汲み入れる器)に当たる部分(第一星から第四星)、斗魁(トカイ)。
先頭、一番、首位
首領シュリョウ、集団の先頭に立つ人、集団を率(ひき)いる人。
大きいさま、抜きん出ているさま、魁偉(カイイ)。",魁 → JPDB Kanji Freq: 2114,漢字の読みを入力してください,Text
__笹__折り，__笹__原，熊__笹__,ささ,"［笹］準一級
音: ささ 訓: 
意味: 日イネ科ササ属の植物{ササ}。",笹 → JPDB Kanji Freq: 2115,漢字の読みを入力してください,Text
__穢__れ，__穢__れる，__穢__す,けが,"［穢］一級
音: ワイ／エ 訓: けが・れ／けが・れる／きたな・い
意味: 田畑にぼうぼうと生い茂った雑草。
他のものや必要のないものが入り交じる、不純な、汚(きたな)い、汚(きたな)らしい、醜(みにく)い、同「𤻀」。",穢 → JPDB Kanji Freq: 2117,漢字の読みを入力してください,Text
__壺__，笑__壺__，笑__壺__に入る,つぼ,"［壺］準一級
音: コ／ゴ 訓: つぼ
意味: 口がやや窄(すぼ)まり腹(特に下腹)が膨(ふく)らんでいる容器、酒や水を入れる容器だが花瓶や置物などとしても用いられる{器(壺)}{器(壺)}。
日つぼ、要点、要所。
日。",壺 → JPDB Kanji Freq: 2118,漢字の読みを入力してください,Text
__篠__，__篠__原，__篠__突く雨,しの,"［篠］準一級
音: ショウ 訓: しの
意味: 幹カン(みき)が細い竹の一種、細いが堅く強いため矢柄・矢幹(やがら)に利用される{武器(弓箭)}。",篠 → JPDB Kanji Freq: 2121,漢字の読みを入力してください,Text
__殲__滅,せん,"［殲］一級
音: セン 訓: 
意味: 殺す、殺し尽くす、滅ぼす、殲滅(センメツ)。
命が尽きる、死ぬ。",殲 → JPDB Kanji Freq: 2124,漢字の読みを入力してください,Text
小__皺__，__皺__，__皺__を寄せる，__皺__が寄る，__皺__だらけ,しわ,"［皺］一級
音: スウ／シュ／シュウ 訓: しわ／しぼ
意味: 皮膚・紙・布などが縮んでできる細長い凹凸(おうとつ)、折ったり縮んだりしてできる凹凸。",皺 → JPDB Kanji Freq: 2125,漢字の読みを入力してください,Text
__佇__む，__佇__まい,たたず,"［佇］一級
音: チョ／ジョ 訓: たたず・む
意味: 長い時間同じところに立ち止(とど)まる、同「竚」「宁」。",佇 → JPDB Kanji Freq: 2126,漢字の読みを入力してください,Text
お茶を__淹__れる，コーヒーを__淹__れる,い,"［淹］一級
音: エン／オン 訓: い・れる
意味: 水(液体)の中に沈める、水に漬ける、水で満たす。
久しく留(とど)まる、淹留(エンリュウ)。
広い、広範囲に。
日い・れる、湯に茶葉などを入れて飲み物にする。",淹 → JPDB Kanji Freq: 2130,漢字の読みを入力してください,Text
歯__軋__り，__軋__む，__軋__めく，__軋__る・轢る,きし,"［軋］一級
音: アツ／エチ 訓: きし・る
意味: 車輪で物を轢き潰す、またその音。
物が擦れ合って出る音。",軋 → JPDB Kanji Freq: 2133,漢字の読みを入力してください,Text
__髭__剃り，顎__髭__，__髭__，口__髭__,ひげ,"［髭］準一級
音: シ 訓: ひげ
意味: 鼻の下から口の上までの部分の毛、同「頾」「𨲝」{毛(頭部)}。",髭 → JPDB Kanji Freq: 2136,漢字の読みを入力してください,Text
__飴__玉，__飴__細工，__飴__，__飴__色,あめ,"［飴］準一級
音: イ／シ／ジ 訓: あめ
意味: 米や麦などの澱粉(デンプン)を糖化させて粘液状にしたもの、水飴やシロップなどのようにやや緩(ゆる)いもの、キャンディcandyなどのように硬いものは「餳」。
餌(えさ)を与える、食物を与えて養う、同「飼」",飴 → JPDB Kanji Freq: 2142,漢字の読みを入力してください,Text
__鷲__掴み，禿__鷲__，__鷲__,わし,"［鷲］準一級
音: シュウ／ジュ 訓: わし
意味: 鷲(ワシ)、タカ科の鳥で一般には大形のものに用いられる語、同「雕」、小形は「鷹」。",鷲 → JPDB Kanji Freq: 2145,漢字の読みを入力してください,Text
__棲__む，__棲__み処,す,"［棲］準一級
音: セイ／サイ 訓: す・む／す
意味: 鳥の住処すみか、塒ねぐら、同「栖」。
住処、住(す)まい、同「栖」。
休む、休息する、同「栖」。
棲棲(セイセイ)、忙(せわ)しいさま、忙しく片時もじっとしていないさま、同「栖栖」。",棲 → JPDB Kanji Freq: 2146,漢字の読みを入力してください,Text
__蠢__く，__蠢__かす,うごめ,"［蠢］一級
音: シュン 訓: うごめ・く
意味: (虫や草木の芽が地上に顔を出そうとして)もぞもぞと動く、同「惷」「偆」。
動きが鈍(にぶ)いさま、のろのろするさま。
不遜フソンなさま、振る舞いに控え目なところがないさま。",蠢 → JPDB Kanji Freq: 2149,漢字の読みを入力してください,Text
__峙__つ,そばだ,"［峙］一級
音: チ／ジ 訓: そばだ・つ
意味: そばだ・つ、聳(そび)え立つ、高くまっすぐに立つ。",峙 → JPDB Kanji Freq: 2151,漢字の読みを入力してください,Text
__穿__ち，__穿__つ,うが,"［穿］準一級
音: セン 訓: うが・つ／は・く／ほじく・る
意味: 穴を開ける、孔(あな)が開く。
反対側まで通(とお)す、貫(つらぬ)く、同「串」。
(狭いところを)通り抜ける。
は・く、袴(はかま)やズボンjupon仏などを身に着(つ)ける、靴や靴下などを履(は)く、「衣類などに足を通す」の意。",穿 → JPDB Kanji Freq: 2154,漢字の読みを入力してください,Text
生__贄__,にえ,"［贄］一級
音: シ 訓: にえ
意味: 面会する人(特に初対面の人)への礼物、手土産(てみやげ)。",贄 → JPDB Kanji Freq: 2160,漢字の読みを入力してください,Text
__櫻__井孝宏,さくら,"［櫻］準一級／一級
音: オウ／ヨウ 訓: さくら
意味: 桜(サクラ)、バラ科サクラ属などの植物の称{サクラ}。
櫻桃(オウトウ)、カラミザクラ唐実桜、別名シナミザクラ支那実桜、バラ科サクラ属の木、またその実(さくらんぼ・さくらんぼう桜桃・桜ん坊)、日本では果実を食用とするサクラ類の植物を指す{カラミザクラ}。
毛櫻桃(モウオウトウ)、ユスラウメ山桜桃・梅桃・桜桃、バラ科スモモ属の木、またその実{ユスラウメ}。",櫻 → JPDB Kanji Freq: 2161,漢字の読みを入力してください,Text
__曰__く，__曰__く付き,いわ,"［曰］一級
音: エツ／オチ 訓: いわ・く
意味: ～と説(と)く、～と言う、～と呼ぶ。
～が言うには～。
そこで～(とする)。
ひらび、いわく、部首名。",曰 → JPDB Kanji Freq: 2162,漢字の読みを入力してください,Text
__掠__める，__掠__る，__掠__れる (Rib - ラティメリア),かす,"［掠］準一級
音: リャク／ラク 訓: かす・める／かす・れる
意味: さっと触れて一瞬に通り過ぎる。
さっと払(はら)う、さっと撫(な)でる。
鞭(むち)打つ、鞭で叩(たた)く、同「拷」。
さっと奪い取る、同「略」。
永字八法の一つ、右上から左下にはらう書き方、現代中国では「彎」{永字八法}。",掠 → JPDB Kanji Freq: 2163,漢字の読みを入力してください,Text
山葵__醤__油，__醤__油,しょう,"［醤］準一級
音: ショウ／ソウ 訓: ひしお
意味: 肉類・魚類・豆類・穀類などに塩などを加え発酵させたもの、主原料によって、肉醤(ニクショウ)(ししびしお)」、魚醤(ギョショウ)(魚介類を原料とした調味料)」、穀醤(コクショウ)などがある。
大豆や小麦を発酵させて作った調味料、、醤油(ショウユ)、豆醤(トウショウ)(まめびしお)」、豆瓣醬(トウバンジャン)など。
濃い液状またペーストpaste状の食品や調味料、、果醤(カショウ)(果実を主原料とするもの、ジャムjam)」、蛋黄酱(タンオウショウ)(マヨネーズmayonnaise)」。",醤 → JPDB Kanji Freq: 2164,漢字の読みを入力してください,Text
銜える・__咥__える・啣える,くわ,"［咥］一級
音: キ／テツ／デチ 訓: くわ・える
意味: くわ・える、口や歯で挟(はさ)む、噛む。
笑う、大笑いする。",咥 → JPDB Kanji Freq: 2167,漢字の読みを入力してください,Text
__埃__，砂__埃__，__埃__っぽい,ほこり,"［埃］一級
音: アイ 訓: ほこり
意味: ほこり、風などによって宙に舞い上がる細かい土や砂、塵(ちり)、塵埃(ジンアイ)、同「塵」。
10の-10乗{数字}。
オングストロームangstrom、長さの単位、100億分の1m。",埃 → JPDB Kanji Freq: 2168,漢字の読みを入力してください,Text
混__沌__,とん,"［沌］準一級
音: トン／ドン 訓: 
意味: 混沌(コントン)、入り混じり見分けがつかないさま、見極めができないさま、宇宙の開闢カイビャク。
沌沌(トントン)水がぶつかり合い入り混じり渦巻くさま入り混じって見分けがつかないさま、ぼんやりどんよりしているさま。",沌 → JPDB Kanji Freq: 2169,漢字の読みを入力してください,Text
__淀__む，言い__淀__む，__淀__み,よど,"［淀］準一級
音: テン／デン 訓: よど・む／よど／よどみ
意味: 水が浅い、浅い沼や池や湖、同「𣵦」。
水の流れが滞(とどこお)る、水が流れずに浅く溜(たま)まる、同「澱」。
澱(おり)、水底に沈み溜まった泥土、同「澱」。
繁「澱」。",淀 → JPDB Kanji Freq: 2171,漢字の読みを入力してください,Text
__朧__，朧ろ，__朧__気,"おぼろ,おぼ","［朧］一級
音: ロウ／ル 訓: おぼろ
意味: 月が霞(かす)んでぼんやりしていている、ぼんやりしてはっきりしない、朦朧(モウロウ)。",朧 → JPDB Kanji Freq: 2173,漢字の読みを入力してください,Text
__朦朧__，意識__朦朧__,もうろう,"［朧］一級
音: ロウ／ル 訓: おぼろ
意味: 月が霞(かす)んでぼんやりしていている、ぼんやりしてはっきりしない、朦朧(モウロウ)。","朧 → JPDB Kanji Freq: 2173
朦 → JPDB Kanji Freq: 2620",漢字の読みを入力してください,Text
__眷__属，__眷__族,けん,"［眷］一級
音: ケン 訓: 
意味: 顧(かえり)みる、周りを(左右や後ろを)見る、同「顧」「慻」。
後ろを振り向いて見る、(後ろを、過去を)振り返る。
気に掛ける、心を配る。
(常に心に掛かっている)家族、親族、血筋の繋がっている一族。",眷 → JPDB Kanji Freq: 2176,漢字の読みを入力してください,Text
__於__いて，__於__きまして，__於__ける,お,"［於］準一級
音: オ／ウ／ヨ 訓: お・いて／お・ける
意味: ～(場所)で(at)、～(場合)に(on、in)、同「于」。
「ああ」「おう」などの感嘆の声、同「烏」「𥾪」「𤚶」「𣱏」「𤕘」。
簡「于」",於 → JPDB Kanji Freq: 2177,漢字の読みを入力してください,Text
__抉__る「目玉を━」「鼻くそを━」,くじ,"［抉］一級
音: ケツ／ケチ 訓: えぐ・る／こじ・る
意味: えぐ・る、こじ・る、細長いものを突き入れて埋まっているものを穿(ほじく)る、剔抉(テキケツ)。
弓を射るときに弦(つる)を引く手の親指に嵌(は)め、弦に掛けて引く用具、抉拾(ケツシュウ)(弓を射るときに指や腕を保護する防具)」。",抉 → JPDB Kanji Freq: 2178,漢字の読みを入力してください,Text
__抉__る，__抉__じ開ける,こ,"［抉］一級
音: ケツ／ケチ 訓: えぐ・る／こじ・る
意味: えぐ・る、こじ・る、細長いものを突き入れて埋まっているものを穿(ほじく)る、剔抉(テキケツ)。
弓を射るときに弦(つる)を引く手の親指に嵌(は)め、弦に掛けて引く用具、抉拾(ケツシュウ)(弓を射るときに指や腕を保護する防具)」。",抉 → JPDB Kanji Freq: 2178,漢字の読みを入力してください,Text
__抉__る・刳る,えぐ,"［抉］一級
音: ケツ／ケチ 訓: えぐ・る／こじ・る
意味: えぐ・る、こじ・る、細長いものを突き入れて埋まっているものを穿(ほじく)る、剔抉(テキケツ)。
弓を射るときに弦(つる)を引く手の親指に嵌(は)め、弦に掛けて引く用具、抉拾(ケツシュウ)(弓を射るときに指や腕を保護する防具)」。",抉 → JPDB Kanji Freq: 2178,漢字の読みを入力してください,Text
岩（★）__磐__城，__磐__,いわ,"［磐］準一級
音: ハン／バン 訓: いわ
意味: 平たくどっしりとして容易に動かせない大きな岩。",磐 → JPDB Kanji Freq: 2184,漢字の読みを入力してください,Text
"__猪__，__猪__武者
__猪__股大喜",いのしし,"［猪］準一級
音: チョ 訓: い／いのしし
意味: 豕(いのこ)、イノシシ猪またブタ豚(家畜化されたイノシシ猪)、イノシシ科の哺乳類、日本では主として「野生のイノシシ」を指すが中国では主として「ブタ」の意に用いられる、中国で「野生のイノシシ」は「野猪」という。
豪猪(ゴウチョ)、ヤマアラシ山荒らし・豪猪、ヤマアラシ科・アメリカヤマアラシ科の哺乳類の総称。",猪 → JPDB Kanji Freq: 2185,漢字の読みを入力してください,Text
__筑__前煮,ちく,"［筑］準一級
音: チク 訓: 
意味: 琴に似た細長い弦楽器、細くなった首を持って抱え竹片を弦に打ち当てて音を出す。
古川名、現陝西省付近を流れていた川、同「𣽆」。
築く、同「築」。
繁「築」。",筑 → JPDB Kanji Freq: 2187,漢字の読みを入力してください,Text
城塚__翡__翠,ひ,"［翡］一級
音: ヒ 訓: 
意味: 翡翠(ヒスイ)カワセミ川蝉・翡翠、カワセミ科カワセミ属の鳥、また同科同属の鳥の称、頭から背にかけて美しい青色をしている、雄を「翡」、雌を「翠」美しく光沢のある青緑色、またそのような色をしたもの光沢のある青緑色をした、玉(ギョク)(美しく高貴な石)」と呼ばれる宝石、、硬玉(コウギョク)。",翡 → JPDB Kanji Freq: 2188,漢字の読みを入力してください,Text
手__斧__，__斧__,おの,"［斧］準一級
音: フ 訓: おの
意味: (刃渡りが弓形・半月形をした)ものを切るための刃物、また武器、重みがあり叩(たた)き付けるようにしてものを切る、またそれでものを切る、同「𨨞」「鈇」{武器(斧鉞)}。",斧 → JPDB Kanji Freq: 2189,漢字の読みを入力してください,Text
__檻__，象の__檻__,おり,"［檻］一級
音: カン／ゲン 訓: おり
意味: 猛獣や罪人などを閉じ込めておく囲い。
手摺てすり、手摺の格子状に組んだ縦木、横木は「楯」、欄檻(ランカン)。",檻 → JPDB Kanji Freq: 2190,漢字の読みを入力してください,Text
__浩__瀚，__浩__然，遊佐__浩__二,こう,"［浩］準一級
音: コウ／ゴウ 訓: 
意味: 水が一面に広がっているさま。
広いさま、大きいさま、同「𩕍」。
たくさんの、たっぷりの。",浩 → JPDB Kanji Freq: 2191,漢字の読みを入力してください,Text
__牽__制，__牽__引,けん,"［牽］準一級
音: ケン 訓: ひ・く
意味: (家畜や車などに綱を繋ぎ)引っ張る、また引っ張って前に進ませる、また引っ張られる、同「撁」。
(綱などを繋いで)勝手な動きを抑(おさ)える、(綱などに繋がれて)勝手に動けない。
ものに繋(つな)いで引っ張る綱(つな)。",牽 → JPDB Kanji Freq: 2201,漢字の読みを入力してください,Text
__菱__， 三__菱__（ ブランド），__菱__形，花__菱__,ひし,"［菱］準一級
音: リョウ 訓: ひし
意味: 菱(ヒシ)、ヒシ科ヒシ属の水草、また同科同属の草の称、同「芰」、同「薢茩、薢芶カイコウ」{ヒシ}。",菱 → JPDB Kanji Freq: 2202,漢字の読みを入力してください,Text
合__鴨__，__鴨__居，__鴨__，真__鴨__,かも,"［鴨］準一級
音: オウ／ヨウ 訓: かも
意味: 鴨(カモ)、野鴨(ヤオウ)、カモ科の水鳥、また同科の鳥の称。
アヒル家鴨、家鴨(カオウ)、家禽化された鴨(カモ)、同「鶩」。",鴨 → JPDB Kanji Freq: 2203,漢字の読みを入力してください,Text
安倍__晋__三,シン,"［晋］準一級
音: シン 訓: 
意味: 前に進む、進んで行く。
上(のぼ)る、昇(のぼ)る。
周代(西周、前11世紀～前771年)・春秋時代(前770年～前5世紀)の諸侯国名、現山東省一帯{周(西周)代}。
王朝名、「西晋(265年～316年)」「東晋(317年～420年)」と続いた{晋(西晉)代}。
五代十国時代の古国名、五代の一つ、別名「後晋」{五代十国時代}。
山西省の別称{山西省}。",晋 → JPDB Kanji Freq: 2204,漢字の読みを入力してください,Text
__冴__える，__冴__えない彼女の育てかた，__冴__返る，__冴__え__冴__え,さ,"［冴］準一級
音: コ／ゴ 訓: さ・える
意味: こお－る(こほル)、氷がかたくいてつく、こごえるように冷たい。
日さ・える、氷のように澄(す)む、遮(さえぎ)るものがなく澄み渡る",冴 → JPDB Kanji Freq: 2206,漢字の読みを入力してください,Text
__竿__，釣り__竿__，物干し__竿__,さお,"［竿］準一級
音: カン 訓: さお
意味: まっすぐで長い(竹の)棒。
長い竹筒(たけづつ)。
竹簡チクカン、文字などを書くための竹製の札(ふだ)、同「簡」。",竿 → JPDB Kanji Freq: 2210,漢字の読みを入力してください,Text
お__伽__話,とぎ,"［伽］準一級
音: キャ／ギャ／カ／ガ 訓: とぎ
意味: 「カ、キャ」などの音を表す音写字。
伽藍(ガラン)、仏教の寺院、「僧伽藍摩sam̐ghārāma梵」の略。
日。",伽 → JPDB Kanji Freq: 2212,漢字の読みを入力してください,Text
__煌__びやか，__煌__めく・燦めく，__煌__かす,きら,"［煌］一級
音: コウ／オウ 訓: きら・めく
意味: きらきらと輝(かがや)く、明るい光が広がる、同「熿」。
敦煌(トンコウ)、西漢代(前202年～8年)に置かれた郡名、現甘粛省敦煌市付近{甘粛省}。",煌 → JPDB Kanji Freq: 2214,漢字の読みを入力してください,Text
瓦__礫__，砂__礫__,れき,"［礫］一級
音: レキ／リャク 訓: 
意味: 小石(こいし)、石塊(いしころ)。
砕けて小さくなった石、瓦礫(ガレキ)。",礫 → JPDB Kanji Freq: 2217,漢字の読みを入力してください,Text
鳥__兜__，__兜__ (ナルト),かぶと,"［兜］準一級
音: トウ／ト／ツ 訓: かぶと
意味: かぶと、戦闘の際に頭を保護するために被(かぶ)る防具、同「冑」。
包む、包み込む、内に入れる。
被(こうむ)る、蒙(こうむ)る。",兜 → JPDB Kanji Freq: 2218,漢字の読みを入力してください,Text
"① ○迷う・__彷徨__う
② __彷徨__く","さまよ,うろつ","［彷］一級
音: ホウ／ボウ 訓: 
意味: あてもなく歩き回る、彷徨(ホウコウ)、彷徉(ホウヨウ)。
彷彿(ホウフツ)はっきりと見分けがつかないさま、よく似ていて紛(まぎ)らわしいさまはっきりと見分けはつかないがよく似ている、「まるで～のよう」「～にそっくり」のような意同「方弗・仿佛・㧍拂・眆䀟・髣髴・髣𩭬」。","彷 → JPDB Kanji Freq: 2220
徨 → JPDB Kanji Freq: 2349",漢字の読みを入力してください,Text
迂__闊__，__闊__達・豁達,かつ,"［闊］一級
音: カツ／カチ 訓: 
意味: 内部が広々としている。
広々としていて空疎(クウソ)なさま。
間(あいだ)が空いている、遠く離れている。",闊 → JPDB Kanji Freq: 2222,漢字の読みを入力してください,Text
__蕩__ける，__蕩__かす,とろ,"［蕩］準一級
音: トウ／ドウ 訓: とろ・ける／とろ・かす
意味: 揺(ゆ)れ動く、揺り動かす、同「盪」。
(揺すって)器の汚れを洗い流す、きれいに取り除く、一掃する、同「盪」。
当てもなくふらふらとするさま、勝手気ままなさま、酒色や道楽に溺れるさま。
蕩蕩(トウトウ)、ゆらゆらと揺れながら大きく広がっているさま。
簡「荡」。
日とろ・ける、とろ・かす、固体のもの(固いもの)が柔らかくなる。",蕩 → JPDB Kanji Freq: 2223,漢字の読みを入力してください,Text
__祓__う，御__祓__い,はら,"［祓］一級
音: フツ／ホチ 訓: はら・う
意味: 除災招福ジョサイショウフク(災いを避け除き福を招く)を神仏に祈る、またその儀式。
祓禊(フッケイ)、沐浴モクヨク(水を浴びて身体を清めること)する、またその儀式。",祓 → JPDB Kanji Freq: 2224,漢字の読みを入力してください,Text
__餃__子，水__餃__子，焼き__餃__子,ギョー,"［餃］一級
音: コウ／キョウ／ギョウ 訓: 
意味: 餃子(チャオズ・ギョウザ)、餃餌・餃兒(ギョウジ)、小麦粉に水などを加え捏(こ)ね延ばして皮に作り、餡アンを包み込んだ食べ物、一般には周りを摘(つ)まむようにして閉じ、半月の形に仕上げたもの。",餃 → JPDB Kanji Freq: 2227,漢字の読みを入力してください,Text
__莫__大,ばく,"［莫］準一級
音: バク／マク／ボ／モ 訓: なか・れ
意味: 暗くなる、陽の光が届かなって暗くなる、晩バン、同「暮」「𦱤」。
無(な)い、莫大(バクダイ)(それ以上はない、それ以上のものはない)」、同「𦮅」。
～でない、～できない、同「𦮅」。
～なかれ、～してはいけない、～してはならない。
限りなく広いさま、同「漠」。",莫 → JPDB Kanji Freq: 2229,漢字の読みを入力してください,Text
酒__樽__，__樽__柿，柳__樽__，__樽__,たる,"［樽］準一級
音: ソン 訓: たる
意味: 酒器、酒を入れる容器、同「尊」。
日",樽 → JPDB Kanji Freq: 2231,漢字の読みを入力してください,Text
__國__,くに,"［國］準一級／一級
音: コク 訓: くに
意味: 主権者の支配が及ぶ範囲、土地や人や政治体制などを含む概念で古くは君主から与えられた領地、「王(権力者)の勢力が及ぶ範囲(囗)」の意。",國 → JPDB Kanji Freq: 2234,漢字の読みを入力してください,Text
__颯__爽，__颯__と，__颯__々,さっ,"［颯］一級
音: ソウ／サツ 訓: 
意味: 風がさっと(さぁっと、ひゅぅと)吹くさま。
動作や動きが素早いさま。
衰(おとろ)えるさま、萎(しお)れるさま。",颯 → JPDB Kanji Freq: 2235,漢字の読みを入力してください,Text
__炒__める，野菜__炒__め，__炒__め物,いた,"［炒］一級
音: ソウ／ショウ 訓: いた・める／い・る
意味: 鍋などに油を引き食材を入れて掻(か)き混ぜがら熱を加える、基本的にはじっくりと時間をかけて食材に火を通することではなく高温でさっと火を通すこと、「煎」参照。",炒 → JPDB Kanji Freq: 2236,漢字の読みを入力してください,Text
__榊__，真__榊__,さかき,"［榊］準一級
音: さかき 訓: 
意味: 日サカキ(榊)、モッコク科サカキ属の木{サカキ}。",榊 → JPDB Kanji Freq: 2237,漢字の読みを入力してください,Text
__媚__びる，媚||び||を売る,こ,"［媚］一級
音: ビ／ミ 訓: こ・びる
意味: 諂(へつら)う、人の気を引こうとする、気に入られようとする、またそのような姿態シタイ。
人を魅了ミリョウするさま、人の目を惹(ひ)き付けて離さないように美しいさま。",媚 → JPDB Kanji Freq: 2239,漢字の読みを入力してください,Text
__庵__を結ぶ，__庵__,いおり,"［庵］準一級
音: アン／オン 訓: いおり
意味: 小さく質素な家、(円形の)草葺屋根の家。
尼僧が住む家",庵 → JPDB Kanji Freq: 2240,漢字の読みを入力してください,Text
__顰__面，__顰__める，顔を__顰__める,しか,"［顰］一級
音: ヒン／ビン 訓: しか・める／ひそ・める
意味: しか・める、顔(額・眉間・鼻など)に皺を寄せる。
ひそ・める、不満・不快・愁嘆・心痛などで眉間や鼻などに皺を寄せる、同「嚬」。",顰 → JPDB Kanji Freq: 2242,漢字の読みを入力してください,Text
__顰__める，眉を__顰__める，__顰__,ひそ,"［顰］一級
音: ヒン／ビン 訓: しか・める／ひそ・める
意味: しか・める、顔(額・眉間・鼻など)に皺を寄せる。
ひそ・める、不満・不快・愁嘆・心痛などで眉間や鼻などに皺を寄せる、同「嚬」。",顰 → JPDB Kanji Freq: 2242,漢字の読みを入力してください,Text
東__夷__，__夷__〈恵比寿〉,えびす,"［夷］準一級
音: イ 訓: えびす
意味: えびす、東方の異民族を指す語、東夷(トウイ)、西は、戎(ジュウ)、西戎セイジュウ」、南は蠻(バン)、南蠻ナンバン」、北は狄(テキ)、北狄ホクテキ」。
自国(民族)以外の国(民族)を卑(いや)しめて呼ぶ語。
外国、外国人。
平らかにする、平定する。
大きな起伏も遮(さえぎ)ろうとするものもなく平らなさま、揺れ乱れることなく平安なさま。
低くする、姿勢を低くする、同「跠」。",夷 → JPDB Kanji Freq: 2243,漢字の読みを入力してください,Text
洗い__桶__，棺__桶__，__桶__,おけ,"［桶］準一級
音: トウ／ツウ 訓: おけ
意味: 容量を量(はか)る木製の(方形の)枡(ます)、同「甬」。
水・液体を入れる容器。",桶 → JPDB Kanji Freq: 2244,漢字の読みを入力してください,Text
__鼠__，濡れ__鼠__，袋の__鼠__,ねずみ,"［鼠］準一級
音: ショ／ソ 訓: ねずみ
意味: 鼠(ネズミ)、齧歯ゲッシク目ネズミ上科に分類される哺乳類の総称、老鼠(ロウソ)。
首鼠(シュソ)、首だけを出してきょろきょろと周(あた)りを窺(うかが)うさま。
ねずみ、ねずみへん、部首名。",鼠 → JPDB Kanji Freq: 2249,漢字の読みを入力してください,Text
"枝折・__栞__
「旅の━」",しおり,"［栞］一級
音: カン 訓: しおり
意味: (林の中を行く時に道の目印とするために)枝を折ったり(切り落としたり)木に傷を付けたりする、またその(道であることの)印。
「日」しおり読み掛けの本の読み進んだところに目印として挟(はさ)む札(ふだ)など手引き、案内。",栞 → JPDB Kanji Freq: 2252,漢字の読みを入力してください,Text
"__函__館
北海道渡島おしま半島の南東部に位置する市。",はこ,"［函］準一級
音: カン／ゴン 訓: はこ
意味: 文書などを入れる蓋付きの小形の箱、鎧などを入れる箱、収納箱。
中に入れる、しまい込む。
中に入れて閉じる、また蓋をする、また封をする。",函 → JPDB Kanji Freq: 2253,漢字の読みを入力してください,Text
__鞠__，蹴__鞠__,まり,"［鞠］準一級
音: キク 訓: まり
意味: 毛などの柔らかい物を革で球状に包んだ蹴鞠(けまり)用の毬(まり)、同「毱」。
背を丸める、腰を屈(かが)める。
(母親が体を丸めて子どもを抱くように)大事に養い育てる。
窮める、突き詰める、その先がないところまで行き着く、同「鞫」。
罪を突き詰める、罪人を徹底的に取り調べる、同「鞫」。",鞠 → JPDB Kanji Freq: 2254,漢字の読みを入力してください,Text
"①__菅__笠
②__菅__藻","すげ,すが","［菅］準一級
音: カン／ケン 訓: すげ／すが
意味: オオナンヨウカルカヤ(オオナンヨウ刈萱)、イネ科メガルカヤ属の草{オオナンヨウカルカヤ}。
メガルカヤ雌刈萱、メガルカヤ属の草、また同属の草の称{メガルカヤ}。
チガヤ茅・カルカヤ刈萱などの屋根葺きに用いたり筵(むしろ)を編むなどに用いるイネ科の草。
日スゲ菅、カヤツリグサ科スゲ属の草の総称{スゲ}。",菅 → JPDB Kanji Freq: 2255,漢字の読みを入力してください,Text
当て__嵌__まる，__嵌__める・塡める，__嵌__殺し,は,"［嵌］一級
音: カン／ケン 訓: は・める
意味: は・める、窪(くぼ)みや空(あ)いたところ(空いているところ)に物を入れ込む、入れて動かないようする、象嵌・象眼(ゾウガン)、同「篏」。
高い山に囲まれて窪んだところ、同「㟛」。",嵌 → JPDB Kanji Freq: 2256,漢字の読みを入力してください,Text
"__灼__か
神仏のごりやくがはっきりと目立ってあらわれるようす。
例: 願いごとをかなえてくれる霊験__灼な__神。",あらた,"［灼］準一級
音: シャク 訓: 
意味: 炙(あぶ)る、焼く、燃やす。
灸キュウを据(す)える。
明々(あかあか)と燃え盛るさま、灼爍(シャクシャク)。
灼灼(シャクシャク)、明々と光り輝(かがや)くさま、花が明々と咲き誇るさま。",灼 → JPDB Kanji Freq: 2260,漢字の読みを入力してください,Text
__腑__に落ちる，__腑__抜け (Eve - ラブソング),ふ,"［腑］一級
音: フ 訓: 
意味: 人間や動物の内臓、臓腑(ゾウフ)。
六腑(ロップ)、胆・胃・大腸・小腸、膀胱・三焦(サンショウ)(上焦・中焦・下焦から成る器官、熱・養分・水分などの臓器間の移送・連携機能に関わる器官の総称のようである)の総称。",腑 → JPDB Kanji Freq: 2261,漢字の読みを入力してください,Text
一__瞥__，__瞥__見,べつ,"［瞥］準一級
音: ヘツ／ヘチ／ベツ 訓: 
意味: ちらりと見る、対象物を一瞬だけ見てさっと視線を他に移す、同「覕」。",瞥 → JPDB Kanji Freq: 2263,漢字の読みを入力してください,Text
__湘__南電車，__湘__南ゴールド,しょう,"［湘］準一級
音: ショウ／ソウ 訓: 
意味: 湘水(ショウスイ)、湘江(ショウコウ)、零陵レイリョウ始安シアン縣陽海ヨウカイ山(現広西壮族自治区桂林市)を源とする川、北流し湖南省を流れ洞庭ドウテイ湖に
、湘州(ソウシュウ)、晋シン代(西晋、265年～316年)から宋ソウ代(劉宋、南朝、420年～479年)にかけて湖南省のほぼ全域と湖北省の一部を含む地に置かれた州、現在も湖南省一帯を指す
日相模(さがみ)湾沿いの地を指す、、湘南(ショウナン)",湘 → JPDB Kanji Freq: 2266,漢字の読みを入力してください,Text
御__萩__，__萩__，__萩__の餅，溝__萩__,はぎ,"［萩］準一級
音: シュウ／シュ 訓: はぎ
意味: 蓬(ヨモギ)、キク科ヨモギ属の草の総称{ヨモギ}。
トウキササゲ唐楸、ノウゼンカズラ科キササゲ属の木、同「楸」{トウキササゲ}。
日ハギ萩、マメ科ハギ属の草また木の総称{ハギ}。",萩 → JPDB Kanji Freq: 2268,漢字の読みを入力してください,Text
__嗚__咽,お,"［嗚］一級
音: オ／ウ 訓: 
意味: 「あぁ」「おぅ」という感嘆カンタンの声、嗚呼・烏乎(アア)。
嗚咽(オエツ)、咽(むせ)び泣く、小刻みに声を詰まらせて泣く。",嗚 → JPDB Kanji Freq: 2270,漢字の読みを入力してください,Text
__庄__屋，__庄__園,しょう,"［庄］準一級
音: ソウ／ショウ 訓: 
意味: 同繁「莊」。
平らなさま。",庄 → JPDB Kanji Freq: 2273,漢字の読みを入力してください,Text
__縋__る，追い__縋__る，__縋__り付く,すが,"［縋］一級
音: ツイ／ズイ 訓: すが・る
意味: 縄(なわ)の先にものを結(なわ)わえ、高いところから垂(た)らす、縄でものを吊(つる)す、またその縄、同「䋘」。
日(高い所に掛けた縄に)しがみ付く、しがみ付いて頼りにする。",縋 → JPDB Kanji Freq: 2275,漢字の読みを入力してください,Text
鼻__梁__，棟__梁__，跳__梁__,りょう,"［梁］準一級
音: リョウ／ロウ 訓: はり／やな
意味: 二本或いは複数の柱はしら、支柱(シチュウ)(上部のものを支えるために垂直に立てた柱)の上に横に架け渡す木、川などに架け渡した橋、同「鿄」。
建物の柱の上に水平に渡す横木で、建物正面から見て手前から奥に向かって渡す木、その上に左右方向に渡す横木を桁(けた)といい、建物の最も高い位置にある桁を棟木(むなぎ)という{建物}。
体や物の中ほどで高く張り出した部分。
木を柵状に組んで川水を堰き止め魚を捕まえる仕掛け、同「簗」。
南北朝時代の王朝名、別名「南梁」{南北朝時代}。
五代十国時代の王朝名、別名「後梁」{五代十国時代}。",梁 → JPDB Kanji Freq: 2276,漢字の読みを入力してください,Text
__厭__わしい，__厭__う，__厭__わない,いと,"［厭］準一級
音: エン／ヨウ／オン 訓: あ・きる／いと・う／いと・わしい
意味: 強く締め付ける、強く押え付ける、押え付けて従わせる、同「壓」。
悪夢を見て魘(うな)される、「体が押え付けられるようになる」の意。
あ・きる、いと・う、十分な量や程度を超える、もうこれ以上は要(い)らないというほどになる、十分に過ぎて嫌になる、同「飽」。
満足する、満ち足りる。",厭 → JPDB Kanji Freq: 2277,漢字の読みを入力してください,Text
踏み__躙__る，__躙__り寄る，__躙__り口,にじ,"［躙］一級
音: リン 訓: にじ・る
意味: 踏み付ける、踏み潰(つぶ)す、踏んで擦(こす)り付ける。
蹂躙(ジュウリン)踏み付けて砕(くだ)く人や国を踏み付けにする、踏み付けて粉々にする。",躙 → JPDB Kanji Freq: 2280,漢字の読みを入力してください,Text
__攫__う，掻__攫__う,さら,"［攫］一級
音: キャク／カク 訓: つか・む／さら・う
意味: つか・む、掴(つか)み取る、手の中に入れて持つ、手中シュチュウにする、同「㩴」。
囲いに追い込んで捕(と)らえる、同「爴」。
さら・う、捕(つか)まえて持ち去る(連れ去る)。",攫 → JPDB Kanji Freq: 2282,漢字の読みを入力してください,Text
__炸__薬，__炸__裂,さく,"［炸］一級
音: サク／シャク 訓: 
意味: 激しい勢いで破裂する、弾(はじ)ける。
食材を熱した油に通す、油で揚げる。",炸 → JPDB Kanji Freq: 2284,漢字の読みを入力してください,Text
__汲__む，__汲__み取る，気持ちを__汲__む,く,"［汲］準一級
音: キュウ／コウ 訓: く・む
意味: 井戸の水などを(たくさんある液体の少しを)器で掬(すく)う、大きな容器に入っている液体を小さな器に掬い入れる。
汲取(キュウシュ)、(水や人や知識などを)掬い上げる、吸(す)い上げる。
汲汲(キュウキュウ)、力を(気を)抜くことなく励(はげ)むさま、ひたすら一つのことだけに力を(気を)",汲 → JPDB Kanji Freq: 2290,漢字の読みを入力してください,Text
__嗜__む，__嗜__み,たしな,"［嗜］一級
音: シ／ジ 訓: たしな・む／たしな・み
意味: 好(この)む、愛好する、同「耆」。
日好んで取り組む趣味や余技、またそれを楽しむ。",嗜 → JPDB Kanji Freq: 2292,漢字の読みを入力してください,Text
__螺__旋状,ら,"［螺］準一級
音: ラ 訓: つぶ／にし
意味: 田螺(タニシ)やカタツムリ蝸牛などの渦巻状の貝を背負う虫。
渦巻き状のもの、またそのような形、螺絲(ラシ)(螺子ねじ)」、螺紋(ラモン)(指紋螺子山ねじやま)」、螺旋(ラセン)(渦巻いて円柱状また円錐状になる形、平面的なものは「巴」)」。
、蠑螺(エイラ)、サザエ栄螺・拳螺、サザエ科の巻貝の総称。
、螺螄(ラシ)、田螺(タニシ)などの巻貝の総称。",螺 → JPDB Kanji Freq: 2294,漢字の読みを入力してください,Text
"__恰__も
①まるで。さながら。「―鬼のごとき形相」
②ちょうど。まさに。「時―良し」",あたか,"［恰］準一級
音: コウ／キョウ 訓: あたか・も
意味: あたか・も、丁度チョウド、正(まさ)しく、ぴったりと、恰恰(コウコウ)(丁度、まさしく)」、恰当(コウトウ)(丁度よいさま、ぴったりと合うさま)」、恰好(コウコウ)(かっこう、丁度よいさま)」。",恰 → JPDB Kanji Freq: 2296,漢字の読みを入力してください,Text
__恰__好，__恰__幅，不__恰__好,かっ,"［恰］準一級
音: コウ／キョウ 訓: あたか・も
意味: あたか・も、丁度チョウド、正(まさ)しく、ぴったりと、恰恰(コウコウ)(丁度、まさしく)」、恰当(コウトウ)(丁度よいさま、ぴったりと合うさま)」、恰好(コウコウ)(かっこう、丁度よいさま)」。",恰 → JPDB Kanji Freq: 2296,漢字の読みを入力してください,Text
玉__葱__，鴨__葱__，__葱__,ねぎ,"［葱］準一級
音: ソウ／ス 訓: ねぎ
意味: 葱(ネギ)、ヒガンバナ科ネギ属の野菜、またネギ属の植物の称{ネギ}。
緑がかった青色。",葱 → JPDB Kanji Freq: 2302,漢字の読みを入力してください,Text
追い__焚__き，__焚__く，__焚__き火，__焚__口,た,"［焚］準一級
音: フン／ブン 訓: た・く
意味: 焼く、燃やす。
山や田畑の雑草や雑木を焼く。",焚 → JPDB Kanji Freq: 2304,漢字の読みを入力してください,Text
__躱__す，身を__躱__す,かわ,"［躱］一級
音: タ 訓: かわ・す
意味: 体を反(そら)らして避(さ)ける、やり過ごす、避(よ)ける、同「𩒜」。
人目を避けて隠れる、同「𩒜」。",躱 → JPDB Kanji Freq: 2305,漢字の読みを入力してください,Text
329～342__頁__,ページ,"［頁］準一級
音: ケツ／ゲチ 訓: ページ
意味: 人の頭と首の部分。
書物の紙一枚の片面。
おおがい、いちのかい、部首名。",頁 → JPDB Kanji Freq: 2306,漢字の読みを入力してください,Text
__錆__びる，赤__錆__，__錆__声,さ,"［錆］準一級
音: ショウ／ソウ／セイ 訓: さび／さ・びる
意味: 鉱物や金属の表面に浮き出てきたもの、金属の表面にできる酸化膜。",錆 → JPDB Kanji Freq: 2307,漢字の読みを入力してください,Text
荒__磯__，__磯__馴松,そ,"［磯］準一級
音: キ／ケ 訓: いそ
意味: 石や岩に水が激しく打ち当たる。
石や岩の多い水辺(みずべ)。",磯 → JPDB Kanji Freq: 2308,漢字の読みを入力してください,Text
__脆__い，涙__脆__い,もろ,"［脆］準一級
音: セイ／サイ／ゼイ 訓: もろ・い
意味: 壊れやすい、崩れやすい、解(ほぐ)れやすい。
清脆(セイセイ)、澄んではっきりしている。",脆 → JPDB Kanji Freq: 2309,漢字の読みを入力してください,Text
凌__駕__，__駕__籠,が,"［駕］準一級
音: カ／ケ／ガ 訓: 
意味: 軛(くびき、項うなじに掛けるへ字状の馬具)を着けた牛馬{乗物(馬車)}。
(牛馬が牽ひく)乗り物、またそれに乗る、また乗って行く、同「𩢟」。
乗り物を御ギョする、意のままに操(あやつ)る。
上に乗る、上に広がる、凌駕(リョウガ)(上に出る、上回る)」、駕雲(ガウン)(雲に乗る、雲に乗って飛ぶ)」。",駕 → JPDB Kanji Freq: 2313,漢字の読みを入力してください,Text
刺__繍__，刺__繍__糸,しゅう,"［繍］準一級
音: シュウ／シュ 訓: 
意味: 布に色糸を使って絵や模様を描(えが)く、縫(ぬ)い取る、またその絵や模様、同「綉」。",繍 → JPDB Kanji Freq: 2315,漢字の読みを入力してください,Text
辰__巳__,み,"［巳］準一級
音: シ／ジ 訓: み
意味: み、十二支の六番目{十二支}、動物では蛇を当てる、時刻では午前十時を中心とした二時間。",巳 → JPDB Kanji Freq: 2316,漢字の読みを入力してください,Text
__卍__巴,まんじ,"［卍］
音:  訓: 
意味: ",卍 → JPDB Kanji Freq: 2317,漢字の読みを入力してください,Text
__渾__一，__渾__身,こん,"［渾］一級
音: コン／ゴン 訓: すべ・て
意味: 水がごぼごぼと湧(わ)き出る、またその音。
水がごぼごぼと混じり合う、入り混じって濁る、同「溷」。
入り混じって見分けがつかなくなる、はっきりしなくなる、同「混」「溷」。
全(すべ)て、すっかり。",渾 → JPDB Kanji Freq: 2318,漢字の読みを入力してください,Text
__嬌__笑，__嬌__声，愛__嬌__を振りまく,きょう,"［嬌］一級
音: キョウ 訓: 
意味: 愛らしい、愛くるしい、可愛らしい、嬌児(キョウジ)(可愛い子、可愛い我が子)」。
なよなよとして艶(なま)めかしい、、婀嬌(アキョウ)。",嬌 → JPDB Kanji Freq: 2319,漢字の読みを入力してください,Text
__朔__日，__朔__風,さく,"［朔］準一級
音: サク 訓: ついたち
意味: 太陽と月の位置が同じになること、またその日、各月の最初の日、一日(ついたち)。
物事の始まり。
(方角の)北。",朔 → JPDB Kanji Freq: 2320,漢字の読みを入力してください,Text
__儚__い，__儚__む,はかな,"［儚］一級
音: ボウ／モウ 訓: はかな・い
意味: (夢のように)ぼんやりしていてはっきりしないさま、同「懜」。
日はかな・い、(夢のように)掴みどころがない、頼りない、束の間の。",儚 → JPDB Kanji Freq: 2322,漢字の読みを入力してください,Text
高__嶺__の花，高__嶺__颪,ね,"［嶺］準一級
音: レイ／リョウ 訓: みね
意味: 山の峰(みね、高く突き出ているところ)、山の峰が続いているところ、同簡「岭」、同「阾」。",嶺 → JPDB Kanji Freq: 2324,漢字の読みを入力してください,Text
蹂躙,じゅうりん,"［躙］一級
音: リン 訓: にじ・る
意味: 踏み付ける、踏み潰(つぶ)す、踏んで擦(こす)り付ける。
蹂躙(ジュウリン)踏み付けて砕(くだ)く人や国を踏み付けにする、踏み付けて粉々にする。","躙 → JPDB Kanji Freq: 2280
蹂 → JPDB Kanji Freq: 2325",漢字の読みを入力してください,Text
三色__菫__，__菫__，『平成敗残兵☆〇〇〇ちゃん』,すみれ,"［菫］一級
音: キン／ゴン 訓: 
意味: 菫(スミレ)、スミレ科の草の総称{スミレ}。
粘土ネンド(ねばつち)、粘土を塗る、粘土を塗って隙間を塞ぐ、同「墐」。
ほんの少し、同「僅」。
トリカブト鳥兜、同、烏頭(ウズ)、キンポウゲ科トリカブト属の草、またトリカブト属の草の総称、強い毒性がある{トリカブト}。
菫菜(キンサイ)、菫菫菜(キンキンサイ)、ツボスミレ坪菫・菫菜、スミレ科スミレ属の草{ツボスミレ}。
、紫菫(シキン)、キケマン黄華鬘、ケシ科キケマン属の一種{キケマン}。",菫 → JPDB Kanji Freq: 2327,漢字の読みを入力してください,Text
行__李__，柳行__李__，桃__李__,り,"［李］準一級
音: リ 訓: すもも
意味: 李(スモモ)、バラ科サクラ属の果樹、またその果実、同「𣒶」{スモモ}。
裁判官、牢獄を管理する役人。",李 → JPDB Kanji Freq: 2329,漢字の読みを入力してください,Text
__牡__丹,ぼ,"［牡］準一級
音: ボウ／ム／モ／ボ 訓: おす
意味: 獣の父性、獣の母性は「牝(めす)」、鳥の父性は「雄(おす)」、鳥の母性は「雌(めす)」。
錠前の鍵穴に刺し込む鍵(かぎ)、穴状の部分に刺し入れるもの、刺し入れる穴を「牝」。
丘、地の突き出たところ、地の裂け目を「牝」。",牡 → JPDB Kanji Freq: 2330,漢字の読みを入力してください,Text
大__袈裟__，__袈裟__懸け，__袈裟__斬り,けさ,"［裟］準一級
音: サ／シャ 訓: 
意味: 袈裟(ケサ)(kāṣāya梵の音写)」、僧侶の衣服、一枚の布を左肩に掛け右脇の下から体全体を巻き包むように着る、同「毠㲚」。","裟 → JPDB Kanji Freq: 2331
袈 → JPDB Kanji Freq: 2338",漢字の読みを入力してください,Text
__聡__い・敏い，耳__聡__い，寝__聡__い,さと,"［聡］準一級
音: ソウ／ス 訓: さと・い
意味: よく耳が聞こえる、聞いたことをよく理解する(聞き分ける)ことができる、聞いたことの本質を(真偽を)見抜くことができる。
理解力が優れているさま、賢(かしこ)いさま。",聡 → JPDB Kanji Freq: 2332,漢字の読みを入力してください,Text
__梢__〈幹／枝〉の先。,こずえ,"［梢］準一級
音: ソウ／ショウ 訓: こずえ
意味: 細い枝、枝の先の細い部分。
物事の先端の細い部分、物事や時間などの末端、先端に向かって次第に細り尖(とが)る形。
船の舵かじ、舵棒。
手に持ち舞い踊るための竹竿(たけざお)状の舞具、同「箾」。",梢 → JPDB Kanji Freq: 2333,漢字の読みを入力してください,Text
__狸__,たぬき,"［狸］準一級
音: リ 訓: たぬき
意味: 狸(タヌキ)、イヌ科タヌキ属の哺乳類、また同属の哺乳類の総称、同「貍」「狢」。
狸猫(リビョウ)、豹猫(ホウビョウ)、ヤマネコ山猫やベンガルヤマネコ(ベンガル山猫)などのネコ科に属する哺乳類、また野生のネコ猫、同「貍」。",狸 → JPDB Kanji Freq: 2334,漢字の読みを入力してください,Text
__瘴__気，__瘴__癘,しょう,"［瘴］一級
音: ショウ 訓: 
意味: 熱帯の山林で高温多湿が原因で発症する病気。",瘴 → JPDB Kanji Freq: 2335,漢字の読みを入力してください,Text
太__腿__，__腿__肉,もも,"［腿］準一級
音: タイ 訓: もも
意味: 腰の下から足首までの部分、腰の下から膝(ひざ)までを、大腿(ダイタイ)、膝から足首までを、小腿(ショウタイ){人体(下肢)}。",腿 → JPDB Kanji Freq: 2337,漢字の読みを入力してください,Text
若__鮎__，稚__鮎__，__鮎__釣り,あゆ,"［鮎］準一級
音: ネン／デン 訓: あゆ
意味: 鯰(ナマズ)、ナマズ科の淡水魚、また同科の魚の総称。
日アユ鮎・香魚・年魚、キュウリウオ科アユ属の淡水魚、また同属の魚の総称。",鮎 → JPDB Kanji Freq: 2340,漢字の読みを入力してください,Text
__叡__智，__叡__聞,えい,"［叡］準一級
音: エイ 訓: 
意味: ものの奥深くまで見通すことができるさま、ものの本質を見極めることができるさま。
聡明なさま。
天子を敬(うやま)って用いる語。",叡 → JPDB Kanji Freq: 2341,漢字の読みを入力してください,Text
むず__痒__い，__痒__い，歯__痒__い,かゆ,"［痒］一級
音: ヨウ 訓: かゆ・い
意味: むずむずする、むずむずして掻(か)きたくなるような感じ、同「癢」。
あれこれ思い悩み気力が失せて罹(かか)る病(やまい)。
繁「癢」。",痒 → JPDB Kanji Freq: 2343,漢字の読みを入力してください,Text
__琢__磨，彫__琢__，切磋__琢__磨,たく,"［琢］準一級
音: タク 訓: 
意味: 目指す形にするために粗削りな玉ギョク(美しく高貴な石)を少しずつ叩きながら削りながらを繰り返して形を整える。
学問や技芸などで目指すところに向かってこつこつと磨きをかける。",琢 → JPDB Kanji Freq: 2354,漢字の読みを入力してください,Text
鼻__腔__，口__腔__，腹__腔__,"こう,くう","［腔］準一級
音: コウ／クウ 訓: 
意味: 体内の空洞になっている袋状・管状の部分、口腔(コウコウ)(口の中の空洞部分)」、満腔(マンコウ)(体全体・胸一杯に満ちるさま)」。
音楽の調子、言葉のアクセント、、腔調(コウチョウ)(話言葉のアクセント、歌や劇中語の言い回し)」。",腔 → JPDB Kanji Freq: 2357,漢字の読みを入力してください,Text
我__儘__，気__儘__，有りの__儘__,まま,"［儘］準一級
音: シン／ジン 訓: まま
意味: 尽(つ)きる、全てが出尽くす、全てを出し切る、同「尽」。
日まま、その通りに、思いの通りに。
簡「侭」。
簡「尽」。",儘 → JPDB Kanji Freq: 2358,漢字の読みを入力してください,Text
__爛__れ，__爛__れる,ただ,"［爛］一級
音: ラン 訓: ただ・れる
意味: 形が崩れるほどに柔らかくなるまでじっくり煮る、同「燗」。
形が崩れる、柔らかくなって元の形がなくなる、ぐじゃぐじゃになる、ふにゃふにゃになる。
明るく光り輝くさま、同「𠓖」。",爛 → JPDB Kanji Freq: 2362,漢字の読みを入力してください,Text
__囮__,おとり,"［囮］一級
音: ガ／カ 訓: おとり
意味: 鳥獣を誘(おび)き寄せ捕(つか)まえるために籠(かご)に入れた同類の鳥獣、同「㘥」「𡈸」。",囮 → JPDB Kanji Freq: 2364,漢字の読みを入力してください,Text
__唖__然,あ,"［唖］準一級
音: ア／アク／ヤク 訓: おし
意味: おし、口から意味を持つ言葉を発することができない、またその障害、またその障害がある人、同「瘂」「瘖」。
「あぁ」「あぅ」というような声や音、笑い声や幼児の声、カラス烏(カラス科の鳥)やガン雁(かり、カモ科マガン属などに属する鳥)などの鳥獣の鳴き声、同「䛩」。",唖 → JPDB Kanji Freq: 2365,漢字の読みを入力してください,Text
__娼__婦，__娼__館，男__娼__,しょう,"［娼］準一級
音: ショウ 訓: 
意味: 歌や舞を演じる女芸人、楽師ガクシや俳優ハイユウ、娼妓・倡伎(ショウギ)、同「倡」。
遊女ユウジョ(あそびめ)、娼婦(ショウフ)、娼妓(ショウギ)。",娼 → JPDB Kanji Freq: 2367,漢字の読みを入力してください,Text
"__隈__なく
②すみからすみまで。
「━さがす」",くま,"［隈］準一級
音: ワイ／エ 訓: くま
意味: 山が抉(えぐ)られたように奥深くまで入り込んだところ、同「隩」「㘲」、水(川)が山の奥深くまで入り込んだところを「渨」。
奥まったところ、隅(すみ)っこ、同「隅」
日歌舞伎の役者などが顔に施す化粧、「隈取(くまどり)」、京劇キョウゲキでは臉譜レンプと呼ばれる",隈 → JPDB Kanji Freq: 2368,漢字の読みを入力してください,Text
__瓜__二つ,うり,"［瓜］準一級
音: カ／ケ 訓: うり
意味: 瓜(ウリ)、ウリ科の蔓性の草の総称{ウリ}。
うり、部首名。",瓜 → JPDB Kanji Freq: 2369,漢字の読みを入力してください,Text
"億__劫__
未来永__劫__","くう,ごう","［劫］準一級
音: キョウ／コウ／ゴウ 訓: 
意味: 脅(おびや)かす、脅(おど)す。
奪(うば)う、力ずくで(無理やり)取る、強奪ゴウダツする、同「刦」。
仏教の概念で非常に長い時間を表す、梵語の「कल्पkalpaカルパ」に漢字の「劫波」を当て、それを最初の一字で表したもの、この世の初めから終わりまでを四つに分けそれぞれ、成劫(ジョウコウ・ジョウゴウ)、住劫(ジュウコウ・ジュウゴウ)、壊劫(エコウ・エゴウ)、空劫(クウコウ・クウゴウ)といい併せて、四劫(シコウ・シゴウ)という、、永劫(エイゴウ)(非常に長い時、永久)」。",劫 → JPDB Kanji Freq: 2372,漢字の読みを入力してください,Text
__杜__撰，__杜__漏,ず,"［杜］準一級
音: ト／ズ 訓: もり
意味: 山梨(ヤマナシ)、バラ科ナシ属の果樹、野生のナシ梨{ヤマナシ}。
杜梨(トウリ)、トウマメナシ唐豆梨、バラ科ナシ属の果樹{トウマメナシ}。
杜仲(トチュウ)、トチュウ科トチュウ属の木{トチュウ}。
塞(ふさ)ぐ、閉(と)ざす、行き来ができないようにする、杜絶(トゼツ)、同「堵」「𢾅」。
杜撰(トサン・ズサン)、根拠のない作り物、いい加減なさま(「杜撰」は、杜黙(トモク)(宋代の詩人)の詩」の意、その詩が韻インを踏んでいないなど誤りが多いことから「いい加減なさま」の意で用いられる)。
日もり、神社の森",杜 → JPDB Kanji Freq: 2374,漢字の読みを入力してください,Text
魔法の__絨__毯，__絨__毯，__絨__毛,じゅう,"［絨］一級
音: ジュウ／ニュウ 訓: 
意味: 毛羽(けば、細く柔らかい毛や羽、またそのようなもの)が立った織物。",絨 → JPDB Kanji Freq: 2375,漢字の読みを入力してください,Text
外__套__，旧__套__，常__套__，常__套__手段,とう,"［套］準一級
音: トウ 訓: 
意味: 上から覆(おお)い被(かぶ)せる、上から覆い包み込む。
同じものを重ねる。
川などが大きく湾曲して奥深くまで入り込んだところ、河套(カトウ)。",套 → JPDB Kanji Freq: 2376,漢字の読みを入力してください,Text
__宏__い，櫻井孝__宏__,ひろ,"［宏］準一級
音: コウ／オウ 訓: 
意味: 大きく広いさま、広々としたさま、一般的には空間的な広がりを指す、平面的な広がりは「広」。",宏 → JPDB Kanji Freq: 2379,漢字の読みを入力してください,Text
充__填__，装__填__，補__填__,てん,"［填］二級
音: テン／デン／チン 訓: う・める／うず・める／は・める
意味: 空いているところを埋める、埋めて塞ぐ、同「窴」。
埋める、満たす、空いているところがなくなるようにする。
乱れを静める、安定させる、同「鎮」。",填 → JPDB Kanji Freq: 2380,漢字の読みを入力してください,Text
清__楚__，__楚__々，四面__楚__歌,そ,"［楚］準一級
音: ソ／ショ 訓: 
意味: 人参木(ニンジンボク)、シソ科ハマゴウ属の木、別名、牡荊(ボケイ){ニンジンボク}。
小枝が付いたままの枝、柴(しば)。
木の鞭むち。
(鞭で打たれたような)痛み、苦しみ、、楚楚(ソソ)、同「𤻇」。
すっきりとしたさま、、楚楚(ソソ)、清楚(セイソ)。
周代(西周)から戦国時代にかけての古国名、前11世紀～前223年{春秋時代}。
古国名、別名「西楚」、前206年～前202年{西楚代}。
五代十国時代の十国の一つ、別名、馬楚(バソ)、907年～951年{五代十国時代}。
湖北省・湖南省一帯(特に湖北省)の略称{湖北省}。",楚 → JPDB Kanji Freq: 2383,漢字の読みを入力してください,Text
飛__沫__感染，飛__沫__,まつ,"［沫］準一級
音: バツ／マツ／マチ 訓: 
意味: 小さな水滴、空中に浮くほどの非常に細かい水滴、飛沫(ヒマツ)。
唾(つばき、つば)。
川名、青海省を源として四川省を流れる、現、大渡河(ダイトガ){青海省}。",沫 → JPDB Kanji Freq: 2385,漢字の読みを入力してください,Text
__蝕__む・虫食む,むしば,"［蝕］準一級
音: ショク／ジキ 訓: むしば・む
意味: 虫食う。
(虫が葉を食うように)侵(おか)されていく、少しずつ欠けていく、同「食」。
月や太陽などの天体が他の天体の影になって欠ける。",蝕 → JPDB Kanji Freq: 2386,漢字の読みを入力してください,Text
貫__禄__，__禄__，元__禄__， __禄__をはむ,ろく,"［禄］準一級
音: ロク 訓: 
意味: 天から授(さず)かる豊かな恵(めぐ)み、また幸(さいわ)い。
天禄(テンロク)天から授かる位くらい、天子の位想像上の動物の名、魔除け(まよけ)の神獣。
お上(かみ)からの授かりもの、役人の給与、俸禄(ホウロク)。",禄 → JPDB Kanji Freq: 2387,漢字の読みを入力してください,Text
__跪__く,"ひざまず,ひざまづ","［跪］一級
音: キ／ギ 訓: ひざまず・く
意味: 両膝と爪先を地に着け踵(かかと)を浮かせ、膝から上は直立させる姿勢、同、長跪(チョウキ)、この状態から膝を折り腰を下ろした姿勢を「跪坐」、更に上半身を前傾し頭を下げる拝礼の作法を「跪拝」という{姿勢(座)}。
カニ蟹の足。",跪 → JPDB Kanji Freq: 2389,漢字の読みを入力してください,Text
有__耶__無__耶__，清原果__耶__,や,"［耶］準一級
音: ヤ 訓: 
意味: ～か、～や、句末に付けて疑問・反語・感嘆の意を表す語、同「邪」。
父(ちち)、父親、同「爺」。
「ヤ」などの音を表す音写字、耶穌(イェソゥ・ヤソ)(イエス・キリストJesusChristのイエスJesus蘭。",耶 → JPDB Kanji Freq: 2391,漢字の読みを入力してください,Text
__祟__る，__祟__り，触らぬ神に__祟__りなし,たた,"［祟］一級
音: スイ 訓: たた・る／たた・り
意味: 鬼神が齎(もたら)す怪しげな(不思議な)良くないこと、また禍(わざわい)。
日人の理解が及ばないもの(神仏や怨霊オンリョウなど)が起こしたと考えられる災禍サイカ、罰(バツ)。",祟 → JPDB Kanji Freq: 2395,漢字の読みを入力してください,Text
"上__洛__，__洛__中，__洛__北，__洛__外
〔文〕みやこ。特に、京都。
「━の内外」",らく,"［洛］準一級
音: ラク 訓: 
意味: 洛河(ラクガ)、黄河の支流である渭河イガの支流の一つで陝西省楡林市定辺県を源とする川の名。
洛水(ラクスイ)、黄河の支流の一つで陝西省洛南県を源とする川の名、別名、雒水(ラクスイ)。
洛陽(ラクヨウ)、河南省の都市の名、西安・南京・北京と並んで四大古都と呼ばれる、同「雒陽」{河南省}。
日京都、、京洛(ケイラク・キョウラク)、洛中(ラクチュウ)などは中国の古都洛陽に擬(なぞら)えた名。",洛 → JPDB Kanji Freq: 2397,漢字の読みを入力してください,Text
__窪__み，__窪__地，__窪__む,くぼ,"［窪］準一級
音: ワ／エ 訓: くぼ／くぼ・む
意味: (地面が)凹(へこ)む、また凹んだところ、同「窐」「洼」「凹」。
凹んだところに水が溜(た)まる、水が溜まった(牛の足跡のような)凹み、同「洼」。
凹地(くぼち、窪地)に水が溜まったところ、深い池
簡「洼」",窪 → JPDB Kanji Freq: 2401,漢字の読みを入力してください,Text
__諜__報，__諜__報員，間__諜__,ちょう,"［諜］準一級
音: チョウ／ジョウ 訓: 
意味: 密(ひそ)かに敵の様子を探(さぐ)る、またその人、細作サイサク、間諜(カンチョウ)。
文字を書くための薄く細長い札(ふだ)、文書、記録、同「牒」。
ぺらぺらと喋る、同「喋」。",諜 → JPDB Kanji Freq: 2404,漢字の読みを入力してください,Text
"__馥郁__
〔文〕いいにおいがするようす。
「━とした香り」",ふくいく,"［郁］準一級
音: イク 訓: 
意味: 彩(いろど)りや香りが豊かなさま、同「㦽」「𢒰」「彧」。
盛んなさま、(草木が)盛んに生い茂るさま、同「彧」。
馥郁(フクイク)、豊かな香りが立ち昇り漂うさま。
籠(こ)もる、(豊かな香りが辺りに)立ち籠(こ)める、同繁「鬱」。","郁 → JPDB Kanji Freq: 2405
馥 → JPDB Kanji Freq: Very rare",漢字の読みを入力してください,Text
"__筧__
水を流すために、竹などで作り、地上にかけた、とい。かけい。",かけひ,"［筧］一級
音: ケン 訓: かけひ
意味: 水を引くために節(ふし)を刳(く)り抜いた竹筒(たけづつ)、これを繋ぎ合わせて必要な長さにする、同「梘」。",筧 → JPDB Kanji Freq: 2409,漢字の読みを入力してください,Text
絨__毯__，絨__毯__爆撃,たん,"［毯］一級
音: タン 訓: 
意味: 獣毛やワタ(綿、アオイ科ワタ属やキワタ属の植物)を使った毛織の敷物、絨毯(ジュウタン)。",毯 → JPDB Kanji Freq: 2410,漢字の読みを入力してください,Text
胡__坐__をかく，胡__坐__,"ざ,あぐら","［坐］準一級
音: サ／ザ 訓: すわ・る／いま・す／ましま・す／ま・す／いなが・ら／すず・ろ／そぞ・ろ
意味: 座る、膝を折り尻を踵の上に載せて座る(正座)、また椅子などの上に腰を下ろす、席に着く、「坐」は座るという動作を指す語で「座」は座るための席や場所・位置を指す語。
向かい合って座る。
同じ席に座っていたことで罪に問われる。
座ったままで成すところがないさま。
何することもなく、ただ何となく。",坐 → JPDB Kanji Freq: 2411,漢字の読みを入力してください,Text
__遼__遠，前途__遼__遠,りょう,"［遼］準一級
音: リョウ 訓: 
意味: 遥か遠いさま、遥か遠くまで続くさま。
宋代の王朝名、916年～1125年、別名「大遼」{宋(北宋)代}。
遼寧リョウネイ省の略称{遼寧省}。",遼 → JPDB Kanji Freq: 2414,漢字の読みを入力してください,Text
__孕__む，__孕__み女，穂__孕__み,はら,"［孕］一級
音: ヨウ／ウン 訓: はら・む
意味: 胎内タイナイに子を宿(やど)す、身籠(みごも)る、妊娠ニンシンする、同「𣎜」「𡢘」「𥀩」「𨈼」。",孕 → JPDB Kanji Freq: 2416,漢字の読みを入力してください,Text
__捌__く，荷__捌__き，__捌__ける，売り__捌__く，裾__捌__き,さば,"［捌］準一級
音: ハツ／ハチ 訓: さば・く／は・ける
意味: 二つに分(わ)ける、別(わ)ける、分けて両脇に押し開く。
八、「八」の大写字(「一」は「壹」・「二」は「貳」のような大文字のこと){数字}。
日さば・く、は・ける、物事をうまく仕分ける、物事がうまく流れる。",捌 → JPDB Kanji Freq: 2417,漢字の読みを入力してください,Text
"__捲__る，__捲__し立てる
❶まいて上にあげる。
「袖を捲る」",まく,"［捲］準一級
音: ケン 訓: ま・く／まく・る／めく・る
意味: 拳ケン(こぶし)を作る、意気盛んなさま。
ま・く、転がすようにして筒状に巻き丸める、同「巻」。
まく・る、めく・る、垂れているものなどを下から上に向かって巻き上げる、平らなものの一方を持ち反対方向に引くようにして全体を持ち上げて行く、同「𢃩」。
席捲(セッケン)、土地を端から巻き丸めるように手中に収めること。",捲 → JPDB Kanji Freq: 2418,漢字の読みを入力してください,Text
"__捲__る
紙などを、はがすようにして、うらがえす。
「トランプを━・ページを━・辞書を━」",めく,"［捲］準一級
音: ケン 訓: ま・く／まく・る／めく・る
意味: 拳ケン(こぶし)を作る、意気盛んなさま。
ま・く、転がすようにして筒状に巻き丸める、同「巻」。
まく・る、めく・る、垂れているものなどを下から上に向かって巻き上げる、平らなものの一方を持ち反対方向に引くようにして全体を持ち上げて行く、同「𢃩」。
席捲(セッケン)、土地を端から巻き丸めるように手中に収めること。",捲 → JPDB Kanji Freq: 2418,漢字の読みを入力してください,Text
出る__杭__は打たれる,くい,"［杭］準一級
音: コウ／ゴウ 訓: くい
意味: 船で川や海を渡る、同「航」「斻」。
浙江省杭州市の略称{浙江省}
地中に打ち込んで直立させた棒",杭 → JPDB Kanji Freq: 2419,漢字の読みを入力してください,Text
林__檎__,ご,"［檎］準一級
音: キン／ゴン／ゴ 訓: 
意味: 林檎(リンゴ)、バラ科リンゴ属の植物の総称、また、その果実の称、別名、蘋果(ヒンカ)、苹果(ヘイカ){リンゴ}。",檎 → JPDB Kanji Freq: 2420,漢字の読みを入力してください,Text
__綴__る，書き__綴__る，__綴__り,つづ,"［綴］準一級
音: テイ／タイ／テツ／テチ 訓: つづ・る／と・じる
意味: 糸で縫(ぬ)い繋(つな)ぎ合わせる、縫い合わせる。
隙(すき)がないように繋ぐ、また連(つら)ねる。
言葉を繋ぎ連ねて文章などを作る。",綴 → JPDB Kanji Freq: 2421,漢字の読みを入力してください,Text
"__綴__じる，和__綴__じ，割れ鍋に__綴__じ蓋
重ねてつづり合わせる。「文集をひもで━」",と,"［綴］準一級
音: テイ／タイ／テツ／テチ 訓: つづ・る／と・じる
意味: 糸で縫(ぬ)い繋(つな)ぎ合わせる、縫い合わせる。
隙(すき)がないように繋ぐ、また連(つら)ねる。
言葉を繋ぎ連ねて文章などを作る。",綴 → JPDB Kanji Freq: 2421,漢字の読みを入力してください,Text
__蟻__食い，__蟻__地獄， __蟻__,あり,"［蟻］準一級
音: ギ 訓: あり
意味: 蟻(アリ)、アリ科の昆虫の総称、同「螘」。",蟻 → JPDB Kanji Freq: 2423,漢字の読みを入力してください,Text
卑__猥__，淫__猥__，__猥__雑,わい,"［猥］一級
音: ワイ／エ 訓: みだ・ら／みだ・り／みだ・りに
意味: 犬の吠(ほ)える声、多くの犬が(勝手気ままに)吠え合うさま。
多いさま、多くのものが入り乱れるさま。
ごたごたと(ごちゃごちゃと)しているさま、乱雑なさま。
だらしのない、下品な、卑(いや)しい。",猥 → JPDB Kanji Freq: 2424,漢字の読みを入力してください,Text
__猥__りがましい・濫りがわしい,みだ,"［猥］一級
音: ワイ／エ 訓: みだ・ら／みだ・り／みだ・りに
意味: 犬の吠(ほ)える声、多くの犬が(勝手気ままに)吠え合うさま。
多いさま、多くのものが入り乱れるさま。
ごたごたと(ごちゃごちゃと)しているさま、乱雑なさま。
だらしのない、下品な、卑(いや)しい。",猥 → JPDB Kanji Freq: 2424,漢字の読みを入力してください,Text
"投__擲__，乾坤一__擲__
__打擲__","てき,チョウチャク","［擲］一級
音: テキ／ジャク 訓: なげう・つ
意味: (目標に向けて)投げ付ける、投げ入れる、同「擿」。
投げ出す、投げ捨てる。
日、打擲(チョウチャク)、殴(なぐ)る。",擲 → JPDB Kanji Freq: 2425,漢字の読みを入力してください,Text
体__躯__，巨__躯__,く,"［躯］準一級
音: ク 訓: 
意味: (頭部を除いた)体(からだ)、身軀(シンク)、同「身」。",躯 → JPDB Kanji Freq: 2426,漢字の読みを入力してください,Text
晩__餐__，晩__餐__会，最後の晩__餐__,さん,"［餐］準一級
音: サン 訓: 
意味: 食べ物や飲み物、飲み食いする、同「飧」。
食事、食事をする。",餐 → JPDB Kanji Freq: 2427,漢字の読みを入力してください,Text
__挽__く，挽||き||肉,ひ,"［挽］準一級
音: バン／モン 訓: ひ・く
意味: 曳(ひ)く、引っ張る、同繁「輓」。
柩キュウ(ひつぎ、死者が納められた棺)を乗せた車を曳く、同「輓」。
挽歌(バンカ)、柩を乗せた車を曳く時に歌う歌、人の死を悼(いた)む歌、同「輓歌」。
日ひ・く、鋸(のこぎり)などで手前に引くようにして切る。",挽 → JPDB Kanji Freq: 2430,漢字の読みを入力してください,Text
__豹__変，__豹__,ひょう,"［豹］準一級
音: ホウ／ヒョウ 訓: 
意味: 豹(ヒョウ)、ネコ科ヒョウ属の哺乳類、また同属の哺乳類の総称。
豹貓(ヒョウビョウ)、ベンガルヤマネコ、ネコ科ベンガルヤマネコ属の哺乳類、また同属の哺乳類の総称。
豹変(ヒョウヘン)君子(立派な人)は毛が生え変わった豹(ヒョウ)の斑紋のようにはっきりしている(改めるべきはすぐさま改める)こと。",豹 → JPDB Kanji Freq: 2431,漢字の読みを入力してください,Text
"① 蠟__燭__足，蠟__燭__
② __燭__台，__燭__光","しょく,そく","［燭］準一級
音: ショク／ソク 訓: ともしび
意味: 火で辺りを照(て)らす、明かりを灯(とも)す、同「曯」。
火を点(つ)け明(あ)かりとするもの、明かり、同簡「烛」。",燭 → JPDB Kanji Freq: 2433,漢字の読みを入力してください,Text
"__秤__にかける
重さをはかる器械。",はかり,"［秤］準一級
音: ショウ 訓: はかり
意味: 分銅フンドウ(重さの基準となる金属の塊)と釣り合いをとることで、ものの重さを量(はか)る道具。
ものの重さを量(はか)る、同「稱」。",秤 → JPDB Kanji Freq: 2434,漢字の読みを入力してください,Text
"__疼__く，__疼__き
①間をおいてにぶい痛みを感じる。ずきずき痛む。
②心が痛む。
「それを思うと心が━」
③うずうずする。
「勝負師の血が━」",うず,"［疼］一級
音: トウ／ドウ 訓: うず・く
意味: (強くはないが脈を打つように)「ずきずき」「しくしく」と痛む、疼痛(トウツウ)。
可愛がる、いとおしむ、疼愛(トウアイ)。",疼 → JPDB Kanji Freq: 2438,漢字の読みを入力してください,Text
__諏__訪部順一,す,"［諏］準一級
音: シュ／ス 訓: 
意味: 人が集まって(人に)相談する、政(まつりごと)などについての意見や助言を求める。",諏 → JPDB Kanji Freq: 2439,漢字の読みを入力してください,Text
__隕__石，__隕__鉄，__隕__石孔,いん,"［隕］一級
音: イン 訓: 
意味: 高い所から(空中をまっすぐ下に)落ちる、同「磒」「墜」。
命を落とす、亡くなる、同「殞」。
滅びる。",隕 → JPDB Kanji Freq: 2440,漢字の読みを入力してください,Text
玉の__輿__に乗る，神__輿__を担ぐ，__輿__入れ,こし,"［輿］準一級
音: ヨ 訓: こし
意味: 車台の上の人が乗る箱形の部分{乗物(馬車)}。
人を乗せそれを何人かで担(かつ)ぐ乗り物、またそれを担ぐ。
大地、領土、「人が乗っているところ」の意。
多くの(一般の)人。",輿 → JPDB Kanji Freq: 2446,漢字の読みを入力してください,Text
廃__墟__,きょ,"［墟］一級
音: キョ／コ 訓: 
意味: 曾(かつ)てあった町や建物などが荒れ果てたところ、曾てあった町や建物などの跡(あと)。
頂(いただき)が窪(くぼ)んだ大きな丘。
市(いち)が立つところ、物を売り買いするために人や物が集まるところ。",墟 → JPDB Kanji Freq: 2448,漢字の読みを入力してください,Text
歌__屑__，星__屑__，__屑__の本懐,くず,"［屑］準一級
音: セツ／セチ 訓: くず
意味: 砕かれて細かくなったもの。
細々(こまごま)した、瑣末サマツな。
細かいことに拘(こだわ)らない、潔(いさぎよ)い。
不屑(フセツ)細かいこと(ところ)までしっかりと見ない、しっかりと見る価値がない、重視しない、軽視する細かいことだが無視はできない、潔(いさぎよ)しとしない。",屑 → JPDB Kanji Freq: 2451,漢字の読みを入力してください,Text
__跨__ぐ，__跨__がる，__跨__る,"またが,また","［跨］準一級
音: コ／カ／ケ 訓: また・ぐ／またが・る
意味: 股(また)の内側の部分、股間、同「胯」。
股を広げてものの上を越える、股を広げてものの上に乗る。",跨 → JPDB Kanji Freq: 2452,漢字の読みを入力してください,Text
__毅__然，__毅__然として,き,"［毅］準一級
音: ギ／ゲ／キ 訓: 
意味: 堅く強いさま、意志が強く揺るがないさま。",毅 → JPDB Kanji Freq: 2455,漢字の読みを入力してください,Text
蝦__蟹__，__蟹__,かに,"［蟹］準一級
音: カイ／ゲ 訓: かに
意味: 蟹(カニ)、カニ下目の甲殻類の総称、螃蟹(ホウカイ)。",蟹 → JPDB Kanji Freq: 2456,漢字の読みを入力してください,Text
__舵__を切る，__舵__を取る，上__舵__，下げ__舵__,かじ,"［舵］準一級
音: タ／ダ 訓: かじ
意味: 船(や飛行機)の進む方向を操作するための装置、同「柁」。",舵 → JPDB Kanji Freq: 2458,漢字の読みを入力してください,Text
赤__樫__，__樫__鳥，__樫__，白__樫__,かし,"［樫］準一級
音: ケン 訓: かし
意味: 樫鳥(カシドリ)、カケス懸巣の別名、カラス科カケス属の鳥。
日カシ樫、ブナ科のアラカシ粗樫・シラカシ白樫・白橿などを指す{カシ}。",樫 → JPDB Kanji Freq: 2464,漢字の読みを入力してください,Text
__掟__，心__掟__,おきて,"［掟］一級
音: テイ／ジョウ 訓: おきて
意味: 守るべき定(さだ)め、決まり、同「定」。
定める、動いたり揺らいだりしない状態にする、同「定」。",掟 → JPDB Kanji Freq: 2466,漢字の読みを入力してください,Text
茶__碗__，茶__碗__蒸し,わん,"［碗］準一級
音: ワン 訓: 
意味: 食べ物や飲み物を盛るための深めの器、同「盌」、特に石製のものを指す、陶製は「埦」、木製は「椀」、金属製は「鋺」{食器(碗)}。",碗 → JPDB Kanji Freq: 2467,漢字の読みを入力してください,Text
__煉__獄，__煉__瓦,れん,"［煉］準一級
音: レン 訓: ね・る
意味: 鉱石を火で熱し目的の金属を取り出す、高熱を加え不純物を取り除く、また質を高める、同「鍊」。
鍛(きた)える、鍛錬タンレンする、修練や訓練を重ねて精神や技術を研(みが)く、同「鍊」。",煉 → JPDB Kanji Freq: 2468,漢字の読みを入力してください,Text
急__遽__，惶__遽__,きょ,"［遽］一級
音: キョ／ゴ 訓: あわただ・しい／にわか
意味: 宿ごとに配置した急ぎの手紙や人を継ぎ運ぶ馬、同「𩥆」。
慌ただしいさま、急なさま、はっとするさま、同「蘧」。",遽 → JPDB Kanji Freq: 2469,漢字の読みを入力してください,Text
__妓__女，愛__妓__，芸__妓__,ぎ,"［妓］準一級
音: キ／ギ 訓: 
意味: 歌や舞などで客をもてなす女性。",妓 → JPDB Kanji Freq: 2470,漢字の読みを入力してください,Text
__瀕__死，__瀕__する,ひん,"［瀕］準一級
音: ヒン／ビン 訓: 
意味: 水際、水が打ち寄せるぎりぎりの所、「川を渡(渉)ろうとして深さを調べるためにぎりぎりのところまで寄って顔(頁)を水面に近付ける」の意、同「濱」「頻」。
境界の間近まで迫る、面する、接する、同「頻」。",瀕 → JPDB Kanji Freq: 2471,漢字の読みを入力してください,Text
"__謂__う
__謂__れ・__謂__われ
所__謂__","いわ,いわゆる,い","［謂］準一級
音: イ 訓: い・う／いわ・れ／いい
意味: 言う、話す、告げる。
～は～と言う、～と呼ぶ、～と称する。
～は～と言われている。
～と言われている訳(わけ)、理由。",謂 → JPDB Kanji Freq: 2472,漢字の読みを入力してください,Text
"__嗤__う，__嗤__い
あざけってわらう。ばかにする。「愚挙を嗤う」 「鼻の先で嗤う」 「嗤い物にする」",わら,"［嗤］一級
音: シ 訓: わら・う
意味: 嘲笑う(あざわらう)。",嗤 → JPDB Kanji Freq: 2474,漢字の読みを入力してください,Text
引き__摺__る，__摺__る,す,"［摺］準一級
音: ショウ／ロウ 訓: す・る
意味: 折る、折り曲げる、折り畳む。
日す・る、刷る、擦(こす)る、同「搨」。",摺 → JPDB Kanji Freq: 2475,漢字の読みを入力してください,Text
"__卯__，__卯__月，__卯__の花
十二支の四番め。うさぎ。",う,"［卯］準一級
音: ボウ／ミョウ 訓: う
意味: 十二支の四番目、方角は東、時刻では午前六時を中心とした二時間、動物はウ(兎)を当てる、同「夘」{十二支}。
卯眼(ボウガン)、枘穴(ほぞあな)、二本の木材を繋(つな)ぐ時に一本の端は凹状に作り(「枘穴ほぞあな」という)、もう一本の端は凸状に作って(「枘ほぞ」筍(ジュン)という)これを繋ぎ合わせる、その凹状の部分。",卯 → JPDB Kanji Freq: 2476,漢字の読みを入力してください,Text
"手__蔓__，__蔓__，金__蔓__，__蔓__
のぞみをかなえるのに役立つ、特別な関係。つて。縁故。コネ。
「━をたどる」",つる,"［蔓］準一級
音: バン／マン／モン 訓: つる／かずら
意味: 長く延びているさま、同「曼」。
茎や枝が直立できずに地を這ったり物に絡み付きながら伸びる草や木の総称、「長く延びている(曼)草の茎」の意。
蔓菁(マンセイ)、カブ蕪・蕪菁、アブラナ科アブラナ属の草、同、蕪菁(ブセイ){カブ}。",蔓 → JPDB Kanji Freq: 2477,漢字の読みを入力してください,Text
刺・__棘__ (jjk),とげ,"［棘］一級
音: キョク／コク 訓: とげ／いばら
意味: 核太棗(サネブトナツメ)・酸棗、クロウメモドキ科ナツメ属の木、枝には棘(とげ)がある{サネブトナツメ}。
刺(とげ)、先端が細く尖(とが)った形のもの。
いばら、刺のある木、同「𣘐」「𣗥」。
突き刺(さ)す、突き刺さる。
突き刺さったように痛む、また苦しむ。
戟ゲキ(ほこ)、長い柄の先に矛(ほこ、両刃の剣)と戈(ほこ、「字形をした刃物)を付けた武器、同「戟(㦸)」。
家臣の階位・職位、宮廷の前庭に整列する際に、その並ぶ位置に棘(いばら)が植えられたことから、九棘(キュウキョク)",棘 → JPDB Kanji Freq: 2478,漢字の読みを入力してください,Text
"① __迸__る
② __迸__り","ほとばし,とばっち","［迸］一級
音: ホウ／ヒョウ 訓: ほとばし・る／とばし・る
意味: 散らすように走り逃げる、同「跰」「𧻓」。
一斉イッセイに吹き出す。",迸 → JPDB Kanji Freq: 2479,漢字の読みを入力してください,Text
"__屁__でもない
〔俗〕まったく問題にならない。こわくない。",へ,"［屁］一級
音: ヒ 訓: へ
意味: 肛門から体外に出る腸内のガスgas、おなら。
取るに足らないもの、役に立たないもの。
尻(しり)。",屁 → JPDB Kanji Freq: 2483,漢字の読みを入力してください,Text
"__贋__作，真__贋__
= 偽（★）",がん,"［贋］準一級
音: ガン／ゲン 訓: にせ
意味: 偽物(にせもの)、本物に似てはいるが本物ではないもの。",贋 → JPDB Kanji Freq: 2484,漢字の読みを入力してください,Text
__癪__に障る，小__癪__，癇__癪__,しゃく,"［癪］一級
音: セキ／シャク 訓: 
意味: 疳癪(カンシャク)、慢性的な栄養失調などにより次第に痩せて腹が出る乳幼児の胃腸の病気、同「疳積」。
子どもが突然引き付けを起こしたり泣き出したりする症状。
日胸や腹などが突然激しく痛む症状、さしこみ。
日。",癪 → JPDB Kanji Freq: 2485,漢字の読みを入力してください,Text
天__佑__，__佑__助，天__佑__神助,ゆう,"［佑］準一級
音: ユウ／ウ 訓: たす・ける
意味: (右手のように力が強い者が左手のように力が弱い者に手を貸し力を貸し)助ける、保佑(ホユウ)、天佑(テンユウ)(天の助け)」、同「右」「祐」、逆は「佐」「左」「𥙀」。",佑 → JPDB Kanji Freq: 2488,漢字の読みを入力してください,Text
__謳__う，__謳__い文句,うた,"［謳］一級
音: オウ／ウ 訓: うた・う
意味: 歌(うた)。
歌う、声を揃(そろ)えて歌う。
謳歌(オウカ)歌う、声を揃(そろ)えて歌う褒(ほ)め称(たた)える。",謳 → JPDB Kanji Freq: 2489,漢字の読みを入力してください,Text
__蝋__燭,ろう,"［蝋］準一級
音: ロウ 訓: 
意味: 動植物などから精製する油性の物質、特にミツバチ蜜蜂の蜜から精製した蜜蝋を指す、ワックスwax、同「蜡」。",蝋 → JPDB Kanji Freq: 2493,漢字の読みを入力してください,Text
"__躾__ける，__躾__
「仕付け」と同語源。","しつけ,しつ","［躾］一級
音: しつけ 訓: 
意味: 日礼儀(レイギ)や作法サホウ、また礼儀作法を身に付けさせる。",躾 → JPDB Kanji Freq: 2495,漢字の読みを入力してください,Text
__慧__眼,けい,"［慧］準一級
音: ケイ／エ 訓: さと・い
意味: 賢(かしこ)い、物事を理解し判断する能力に長(た)けている。
智慧(チエ・チケイ)、真偽(シンギ)や是非ゼヒを理解し判別できること、またそのような能力。",慧 → JPDB Kanji Freq: 2496,漢字の読みを入力してください,Text
"__苔__生す・__苔__むす
〔雅〕こけがはえる。
「━石垣(いしがき)」",こけ,"［苔］準一級
音: タイ／ダイ 訓: こけ
意味: 湿ったところや濡れたものの表面に貼り付くように生える植物、胞子によって繁殖する植物のうちシダ植物を除く植物の総称、同「菭」{コケ}。
「薹」の簡体字として使われることがある。",苔 → JPDB Kanji Freq: 2497,漢字の読みを入力してください,Text
__埒__が明かない，不__埒__,らち,"［埒］一級
音: レツ／レチ／ラチ／ラツ 訓: 
意味: (池などの)周りを取り囲む背の低い土手(どて)、堤(つつみ)。
際(きわ)、他のものとの境目、限界、同「浖」。
等しい、同じ。",埒 → JPDB Kanji Freq: 2498,漢字の読みを入力してください,Text
__淳__良，榎木__淳__弥，__淳__風美俗,じゅん,"［淳］準一級
音: シュン／ジュン 訓: 
意味: (濾されて滲み出てきた水のように)雑(まじ)り気がないさま、豊かで深みがあるさま、同「醇」。
自然のままで飾り気がないさま、純朴なさま。
純真で誠実なさま、篤実(とくじつ)なさま。",淳 → JPDB Kanji Freq: 2499,漢字の読みを入力してください,Text
__寵__愛，恩__寵__，__寵__を受ける,ちょう,"［寵］準一級
音: チョウ／チュウ 訓: 
意味: 大切にする、大切に思う、可愛がる。
お気に入り、争寵(ソウチョウ)(気に入られようと競う)」。",寵 → JPDB Kanji Freq: 2500,漢字の読みを入力してください,Text
"__姑__
〈夫／妻〉の母。しゅうと（姑）。（↔しゅうと⦅舅⦆）",しゅうとめ,"［姑］準一級
音: コ／ク 訓: しゅうと／しゅうとめ
意味: 夫の母親、父親は「舅」。
父の姉妹、母の姉妹は「姨」。
(本来であれば通らないことを)ひとまず、(原則を曲げて)一時的に、(取り敢えず)その場の間に合わせに、姑且(コショ)、姑息(コソク)。
俗未婚の女性、娘。
姑射(コヤ)、仙人が住むという山の名。",姑 → JPDB Kanji Freq: 2501,漢字の読みを入力してください,Text
__姦__しい,かしま,"［姦］準一級
音: カン 訓: かしま・しい
意味: 道義に反する、道理に背(そむ)く、悪事を働く、同簡「奸」。
男女の間で求められる道義を犯(おか)す、同「奸」。
日かしま・しい、互いに喋(しゃべ)り合って喧(やかま)しい。",姦 → JPDB Kanji Freq: 2504,漢字の読みを入力してください,Text
__狛__犬,こま,"［狛］準一級
音: ハク／バク 訓: こま
意味: 獣名、未詳、オオカミ狼に似てよく羊を追い掛け回すいう。
日こま、神社の入口の左右に二頭一対で据(す)えておく犬あるいは獅子に似た伝説上の動物、「狛犬こまいぬ」",狛 → JPDB Kanji Freq: 2505,漢字の読みを入力してください,Text
海__燕__，__燕__,つばめ,"［燕］準一級
音: エン 訓: つばめ
意味: 燕(ツバメ)、ツバメ科の鳥、また同科の鳥の称。
人が集まり飲食しながら大いに楽しむ、またそのようなもてなし、同「宴」。
周代から戦国時代(前11世紀～前221年)かけての国名、前11世紀～前222年、またその中心地河北省の別称{春秋時代}{河北省}。
晋代の国名、「前燕(337年～370年)」{晋(東晋)代}、「後燕(337年～370年)」{晋(東晋)代}、「北燕(407年～436年)」「南燕(398年～410年)」があった{晋(東晋)代}。",燕 → JPDB Kanji Freq: 2510,漢字の読みを入力してください,Text
__琉__球，__琉__金,りゅう,"［琉］準一級
音: リュウ／ル 訓: 
意味: 琉璃(ルリ)、濃く深みのある紺色の宝石の名、同「瑠璃」。
琉球(リュウキュウ)古地名(群島名)、唐代(618年～907年)頃から中国東方の奄美群島・沖縄県また一説には台湾を含む諸島を「琉求」と呼んでいたようである{唐代}明代(1368年～1644年)初期の1406年～1469年に奄美群島・沖縄諸島・先島諸島を中心に建った国、「琉球国」「琉球王国」と称した{明代}。",琉 → JPDB Kanji Freq: 2511,漢字の読みを入力してください,Text
山__襞__，__襞__襟，__襞__,ひだ,"［襞］一級
音: ヘキ／ヒャク 訓: ひだ
意味: 衣裳の角張った山状∧∧∧や緩(ゆる)やかな波状～～～の折り目、プリーツpleats。",襞 → JPDB Kanji Freq: 2513,漢字の読みを入力してください,Text
__冤__罪，__冤__枉,えん,"［冤］一級
音: エン／オン 訓: 
意味: 謂(いわ)れなく網(あみ)を被(かぶ)せられる、不当に罪を着せられる。
(不当な仕打ちを)怨(うら)む、恨(うら)む。",冤 → JPDB Kanji Freq: 2515,漢字の読みを入力してください,Text
木__苺__，__苺__，蛇__苺__ (BLEACH),いちご,"［苺］一級
音: バイ／マイ／メ 訓: いちご
意味: 苺(イチゴ)、バラ科オランダイチゴ草莓属・キイチゴ懸鉤子属・などの植物の称、またその実、同「莓」{イチゴ}。",苺 → JPDB Kanji Freq: 2517,漢字の読みを入力してください,Text
"__枷__，足__枷__
❶むかし、手や足などにはめて自由に動けないようにした、けいばつの道具。",かせ,"［枷］一級
音: カ／ケ 訓: かせ
意味: かせ、板に穴をあけ、これを首に嵌(は)めて自由を奪う刑具、またそれを嵌(は)める。
殻竿・唐棹(からざお)、二本の棒を紐(ひも)などで繋(つな)ぎ一方の棒を持って振り下ろし脱穀ダッコクする農具、連枷(レンガ)、同「柫」。
衣桁イコウ、衣服を掛けるための家具。",枷 → JPDB Kanji Freq: 2518,漢字の読みを入力してください,Text
__啜__る，__啜__り上げる，__啜__泣く,すす,"［啜］一級
音: セツ／セチ 訓: すす・る
意味: 液体を少しずつ間(ま)を開けずに飲む、「叕(繋ぐ、連ねる)」の意。
鼻汁を小刻みに吸うようにして泣く、噦(しゃく)り上げるように泣く、同「涰」。
止(とど)まることなくしゃべるさま、同「諁」。",啜 → JPDB Kanji Freq: 2520,漢字の読みを入力してください,Text
__恍__惚，__恍__然,こう,"［恍］一級
音: コウ 訓: とぼ・ける
意味: 心を奪われてぼうっとする、ぼんやりする。
恍惚(コウコツ)頭が空っぽになって何も考えられないさま、ぼうっとするさま日心を奪われてうっとりするさま。
恍然(コウゼン)、急に、突然に、はっと(「はっと思い付く」など)、さっと(「風がさっと吹く」など)。
日。",恍 → JPDB Kanji Freq: 2521,漢字の読みを入力してください,Text
__漕__ぐ，船を__漕__ぐ，__漕__ぎ着ける,こ,"［漕］準一級
音: ソウ／ゾウ 訓: こ・ぐ
意味: 舟でもの(物や人)を運ぶ、漕運(ソウウン)。
水運用の水路、漕渠(ソウキョ)、漕河(ソウガ)。
漕船(ソウセン)、水運用の船。
日こ・ぐ、舟を進める。",漕 → JPDB Kanji Freq: 2522,漢字の読みを入力してください,Text
"__榛__
__榛__の木","はしばみ,はり","［榛］準一級
音: シン 訓: はしばみ／はり／はる
意味: 榛(ハシバミ)、カバノキ科ハシバミ属の木、英名を「ヘーゼルhazel」といい実は「ヘーゼルナッツhazelnut」として有名{ハシバミ}。
木や草が叢(むら)がり生えるさま、同「㰉」「𦿒」「蓁」。
日ハンノキ榛の木、ハリノキ榛の木、カバノキ科ハンノキ属の木{ハンノキ}。",榛 → JPDB Kanji Freq: 2523,漢字の読みを入力してください,Text
__涎__掛け，__涎__，__涎__が出る,よだれ,"［涎］一級
音: セン／ゼン 訓: よだれ
意味: 口から出て垂(た)れる唾液ダエキ、同「㳄」「㵪」「𠿢」「𣵿」。
物欲しそうなさま、垂涎(スイゼン)。
水(液体)がなすがままに流れるさま。",涎 → JPDB Kanji Freq: 2524,漢字の読みを入力してください,Text
五__芒__星，光__芒__,ぼう,"［芒］一級
音: ボウ／モウ 訓: のぎ／すすき
意味: 科(イネ)の植物の小穂から伸びる細く刺状の毛。
穂先。
限りなく広がっているさま、ぼんやりしていてはっきりしないさま、同「茫」。
日ススキ薄・芒、科(イネ)ススキ属の草{ススキ}。",芒 → JPDB Kanji Freq: 2527,漢字の読みを入力してください,Text
__鵜__の真似をする烏，__鵜__呑み，__鵜__飼い,う,"［鵜］準一級
音: テイ／ダイ 訓: う
意味: ペリカンpelican、ペリカン科の水鳥、同「鵜鶘・、鴺鶘テイコ」鴮鸅(オタク)。
鵜鴂(テイケツ)、カッコウ郭公やホトトギス杜鵑などカッコウ科カッコウ属の鳥、同、杜鵑(トケン)、子規(シキ)。
、鸊鵜(ヘキテイ)、カイツブリ鳰、カイツブリ科カイツブリ属の水鳥、また同科同属の鳥の称、同「鸊鷈」。
日ウ鵜、ウ科ウ属の水鳥。",鵜 → JPDB Kanji Freq: 2530,漢字の読みを入力してください,Text
飽く__迄__，斯く__迄__，__迄__,まで,"［迄］準一級
音: キツ／ゴチ 訓: まで
意味: 継続・連続している動作・状態・時間・空間などの区切りとなるところ、行き着くところ、尽きるところ、またその間づっと。
結局は、所詮(しょせん)。",迄 → JPDB Kanji Freq: 2531,漢字の読みを入力してください,Text
"__剃__る，髭__剃__り，逆__剃__||り||
__剃__刀・ 髪剃り","そ,かみそり,そり","［剃］準一級
音: テイ／タイ 訓: そ・る
意味: 刃物で毛髪を根元から切り取る。",剃 → JPDB Kanji Freq: 2532,漢字の読みを入力してください,Text
__鞍__，__鞍__替え,くら,"［鞍］準一級
音: アン 訓: くら
意味: 人が乗るために(また荷を載せるために)馬や牛の背に置くもの、鞍鞽・鞍橋(アンキョウ)(くらぼね)」。",鞍 → JPDB Kanji Freq: 2534,漢字の読みを入力してください,Text
__蒔__く，種を__蒔__く，__蒔__絵,ま,"［蒔］準一級
音: シ／ジ 訓: ま・く
意味: 苗を植える、苗代で育った苗を植え替える、同「𦸎」「𦱎」。
蒔蘿(ジラ)、イノンドeneldo、セリ科イノンド属の草、別名ディルdill、薬草や香草として利用される{イノンド}。
日種を畑に撒(ま)く、細かいものを撒き散らす。",蒔 → JPDB Kanji Freq: 2535,漢字の読みを入力してください,Text
青__蛙__，雨__蛙__，__蛙__,かえる,"［蛙］準一級
音: ワ／エ／ア 訓: かえる／かわず
意味: 蛙(カエル)、無尾目(カエル目)の両生類の総称、同「䖯」「鼃」「䵷」。
(周りのことなどおかまいなしに)煩(うるさ)いさま、度を越して騒(さわ)がしいさま。",蛙 → JPDB Kanji Freq: 2536,漢字の読みを入力してください,Text
誅__戮__，殺__戮__ (jjk),りく,"［戮］一級
音: リク／ロク 訓: 
意味: 残忍な方法で人を殺す、殺戮(サツクリ)、同「勠」。
死刑にする。
殺して死体を晒す、辱(はずかし)める。
多くの力を一つに合わせる、力を一か所に集中する、同「勠」。",戮 → JPDB Kanji Freq: 2538,漢字の読みを入力してください,Text
"__靡__く
①風の勢いや水の流れによって、横に〈かたむく／ゆらめく〉。
「草が━」",なび,"［靡］一級
音: ビ／ミ 訓: なび・く
意味: 他のものに逆らうことなく身を任せる、風靡(フウビ)(風の動きに従って動く、多くが動き向かう方に従って行く)」。
思いのままに浪費する、贅沢ゼイタクする。
華美カビなさま、派手(はで)なさま、、靡麗(ビレイ)(華やかで美しいさま、贅沢なさま)」。
細かい、柔らかい、緩(ゆる)い。
緩やかなさま、ゆったりとしたさま、、靡靡(ビビ)。
損(そこ)なう、減る、同「磨」。
～ない(not)。",靡 → JPDB Kanji Freq: 2539,漢字の読みを入力してください,Text
"❶ 夜__叉__
❷ 音__叉__，交__叉__，三__叉__路","さ,しゃ","［叉］準一級
音: サ／シャ 訓: また
意味: 交差(交叉)する、Ｘ字状になる、またそのような形になるもの。
(フォークforkなどのように)一か所から幾つかに枝分かれしたもの、先端が⊂∈字状などに分かれるもの、またそれで突く、刺す。
夜叉(ヤシャ)、藥叉(ヤクシャ)、インドIndia神話に登場する悪鬼。",叉 → JPDB Kanji Freq: 2541,漢字の読みを入力してください,Text
__茸__（ 木の子）,きのこ,"［茸］準一級
音: ジョウ／ニョウ 訓: たけ／きのこ
意味: 若々しい草が芽生えるさま、若芽(わかめ)。
(毛のように)細く柔らかいさま、細く柔らかい毛。
鹿茸(ロクジョウ)、鹿の生え換(か)わった若い角(つの)を乾燥させたもの、強壮剤として用いられる。
日たけ、きのこ、菌類のうち大形のものの俗称。",茸 → JPDB Kanji Freq: 2542,漢字の読みを入力してください,Text
__禿__びる先がすり切れて減る。すれて短くなる。,ち,"［禿］準一級
音: トク 訓: はげ／は・げる／ち・びる
意味: 髪が(毛が)ないさま、髪が(毛が)抜け落ちているさま。
草木の枝葉が散り落ちているさま、草木が生えていないさま。
何も被(かぶ)っていないさま、覆(おお)うものがないさま。",禿 → JPDB Kanji Freq: 2545,漢字の読みを入力してください,Text
__禿__げる，__禿__げ頭，__禿__げ上がる,は,"［禿］準一級
音: トク 訓: はげ／は・げる／ち・びる
意味: 髪が(毛が)ないさま、髪が(毛が)抜け落ちているさま。
草木の枝葉が散り落ちているさま、草木が生えていないさま。
何も被(かぶ)っていないさま、覆(おお)うものがないさま。",禿 → JPDB Kanji Freq: 2545,漢字の読みを入力してください,Text
"__甥__，__甥__っ子，__甥__御
（自分の）兄弟・姉妹のむすこ。
「━っ子」
対 --> 姪",おい,"［甥］準一級
音: セイ／ショウ 訓: おい
意味: 姉妹の産んだ男子。
娘(むすめ、自分の女の子供)の夫、婿セイ(むこ)。
叔父・叔母の男の子供・妻の兄弟・姉妹の夫など、同世代の男の親族。
日兄弟姉妹の生んだ男子、女子は「姪めい」",甥 → JPDB Kanji Freq: 2548,漢字の読みを入力してください,Text
__逡__巡，遅疑__逡__巡; 狐疑__逡__巡,しゅん,"［逡］一級
音: シュン 訓: 
意味: その場を離れ後ろへ退(しりぞ)く、同「踆」「竣」「遯」。
「逡巡、逡循・逡遁(シュンジュン)後退(あとずさ)りする、尻込(しりご)みする進む(巡)べきか退く(逡)べきか迷うさま、、躊躇(チュウチョ)(少し進んでは立ち止まり少し進んでは立ち止まるさま)」とは別義。
飛ぶように走る、疾走する。",逡 → JPDB Kanji Freq: 2549,漢字の読みを入力してください,Text
"__貶__める
人などの価値を、実際より低くあつかう。
「人を貶めた言い方」",おとし,"［貶］一級
音: ヘン 訓: おと・す／おとし・める／さげす・む／けな・す
意味: 人の評判や地位などを落とす、人の地位や価値などを下げる、人の評価や品格などに傷を付ける、損(そこ)ねる。
人を謗(そし)る、悪く言う。",貶 → JPDB Kanji Freq: 2550,漢字の読みを入力してください,Text
"__貶__す
値打ちがないかのように、悪く言う。くさす。
「人の文章を━・相手チームを━」",けな,"［貶］一級
音: ヘン 訓: おと・す／おとし・める／さげす・む／けな・す
意味: 人の評判や地位などを落とす、人の地位や価値などを下げる、人の評価や品格などに傷を付ける、損(そこ)ねる。
人を謗(そし)る、悪く言う。",貶 → JPDB Kanji Freq: 2550,漢字の読みを入力してください,Text
渺__茫__，__茫__然，__茫__洋，__茫__漠,ぼう,"［茫］一級
音: ボウ／モウ 訓: 
意味: (草木や水が)果てしなく広がっているさま、同「漭」「汒」。
ぼんやりしてはっきりしないさま、ぼんやりするさま、同「汒」。",茫 → JPDB Kanji Freq: 2551,漢字の読みを入力してください,Text
麒麟，__麒麟__児,きりん,"［麒］準一級
音: キ／ゴ／ギ 訓: 
意味: 麒麟(キリン)想像上の動物の名、仁獣(ジンジュウ)とも呼ばれる、姿はキバノロ牙獐(シカ科キバノロ属のシカ鹿)或いはシフゾウ四不像(シカ科シフゾウ属のシカ鹿)に似てウシ牛のような尾があり頭頂に一本の角(つの)があるという、また一説に、牡(おす、雄)を「麒」、牝(めす、雌)を「麟」。","麒 → JPDB Kanji Freq: 2552
麟 → JPDB Kanji Freq: 2587",漢字の読みを入力してください,Text
"__逞__しい，__逞__しゅうする
①体格がいい。
「筋骨━」
②力にあふれていて、くじけない。
「━気力」",たくま,"［逞］一級
音: テイ／チョウ 訓: たくま・しい
意味: 思いの通りになる、意に叶(かな)う。
思いのままに振る舞う。
不逞(フテイ)、思い通りにならないさま、意に叶わず不満に思うさま。
勢いがあるさま、力強いさま。
表(おもて)に出る、見せる",逞 → JPDB Kanji Freq: 2553,漢字の読みを入力してください,Text
__鯛__焼き，真__鯛__,たい,"［鯛］準一級
音: チョウ 訓: たい
意味: 科(タイ)の海水魚の総称。
未詳。",鯛 → JPDB Kanji Freq: 2556,漢字の読みを入力してください,Text
__朋__友，__朋__輩,ほう,"［朋］準一級
音: ホウ／ボウ 訓: とも
意味: 同じ道を志(こころざ)す、同じ師に学ぶ、同じ目的を持って集まる、またそのような人、同門の人、「友」は同じ思いや考えを持つ人。",朋 → JPDB Kanji Freq: 2558,漢字の読みを入力してください,Text
"__斯__くなる上は，__斯__くや，__斯__様，__斯__く，__斯__く__斯__く然然
（副）「このように・こう」の意の古風な表現。",か,"［斯］準一級
音: シ 訓: か／か・く／こ／こ・の
意味: 断ち切る、切り割(さ)く。
これ、この、ここ、this。
か・く、このように、thus、such。
か・くて、か・くして、このようにして、それが元(原因・理由)で。",斯 → JPDB Kanji Freq: 2559,漢字の読みを入力してください,Text
終__焉__，宇宙の終__焉__,えん,"［焉］一級
音: エン 訓: いずく・んぞ
意味: どうして～、何故～、疑問や反語を表す。
～か？、文末に付いて疑問を表す。
これ、it、this。
ここに～。
形容詞の後に置いて状態を表す。
鳥名、未詳。",焉 → JPDB Kanji Freq: 2562,漢字の読みを入力してください,Text
"__姪__，__姪__っ子，__姪__御
（自分の）兄弟・姉妹(しまい)のむすめ。
「━っ子」
対 --> 甥",めい,"［姪］準一級
音: テツ／デチ／チツ／ジチ／シツ／シチ 訓: めい
意味: 兄弟の生んだ女子、(晋代265年～420年頃からは)兄弟の生んだ子(男女を問わない)、同「侄」、男子は、姪儿(チィアゥ)、女子は、姪女(チィヌゥ)。
同年代の親戚や親しい友人の子、同「侄」
、姪娣(テツテイ)、諸侯(天子から国の所管を認められた者)が娶(めと)る娘と、その供(とも)として婚家に入る妹や従妹いとこ(親の兄弟の自分より年下の女の子供)、同「侄娣」
、蠪姪(ロウシツ)、獣名、姿はキツネ狐に似て九頭九尾でトラ虎のような爪を持つという、同「蠪蛭、蠪𤞂」。
日兄弟姉妹の女の子、男の子は「甥おい」。",姪 → JPDB Kanji Freq: 2563,漢字の読みを入力してください,Text
"剣__戟__
〔文〕つるぎ（とほこ）。
「━の〔＝刀で切りあう〕ひびき」",げき,"［戟］準一級
音: ケキ／キャク／ゲキ 訓: ほこ
意味: 長い柄の先に矛(ほこ、両刃の剣)と戈(ほこ、「字形をした武器)を付けたもので突き刺したり引っ掛けて斬るなどすることができる武器、「矛」と「戈」が一体になったものもある{武器(刀剣槍)}{武器(矛戈戟)}。",戟 → JPDB Kanji Freq: 2564,漢字の読みを入力してください,Text
__佃__煮,つくだ,"［佃］準一級
音: テン／デン 訓: つくだ
意味: 田畑を耕(たがや)す、耕作する、同「畋」「田」。
地主から借りた耕作地、小作地。
狩(か)り、狩りをする、同「畋」「𤝗」。
日つくだ、新たに開墾カイコンした田畑。",佃 → JPDB Kanji Freq: 2565,漢字の読みを入力してください,Text
"__藪__から棒，__藪__医者，__藪__・弥生
①背の低い木やつる草などがいちめんにおいしげって、ふみこめない所。ブッシュ。",やぶ,"［藪］準一級
音: ソウ／ス 訓: やぶ
意味: 覆い尽くすように草木が生い茂った湿地や水辺、草木が生い茂ったところ。
人や物事が集まるところ、(草木が生い茂った湿地や水辺などには鳥獣など多くのものが集まることから)。",藪 → JPDB Kanji Freq: 2569,漢字の読みを入力してください,Text
__藁__にも縋る，麦__藁__，麦__藁__帽子,わら,"［藁］準一級
音: コウ 訓: わら
意味: 穀物などの穂(ほ)や葉を除いた茎、また乾燥した茎、同「槀」「稿」。
枯(か)れる、水分を失って乾涸(ひから)びる、同「槀」。
藁本(コウホン)、セリ科ミヤマセンキュウ属の草、またその根茎を乾燥させた生薬の名、同「槀本」{コウホン}。",藁 → JPDB Kanji Freq: 2570,漢字の読みを入力してください,Text
物__淋__しい，__淋__しい,さび,"［淋］準一級
音: リン 訓: さび・しい
意味: 雨や涙などが止むことなく降り
長雨、長く降り続く雨、同「霖」。
水を掛ける、水を
淋病(リンビョウ)、淋菌リンキンの感染による尿道の炎症を伴う病気、多く性交渉により感染するという、同「痳病」。
淋巴(リンバ)、リンパlymph、リンパ管を流れる液、「淋巴」は「lymph」の音写。
日さび・しい、寂しい。",淋 → JPDB Kanji Freq: 2571,漢字の読みを入力してください,Text
絆創__膏__，軟__膏__，石__膏__,こう,"［膏］準一級
音: コウ 訓: あぶら
意味: 肥(こ)えている、脂肪を多く含んだ肉が付いている。
肉の脂(あぶら)、脂が乗った肉。
ねっとりとした脂状の、クリームcream状の、またそのような状態のもの、膏剤(コウセイ)(軟膏ナンコウ、粘性のある薬)」。
脂が乗って甘く美味しい。
しっとりと潤(うるお)いのあるさま、潤って艶々(つやつや)しているさま、「潤いが長続きする状態」を指す。
(土地が脂のようにしっとりと水分養分を含み)肥えているさま、(土地が)潤うさま。",膏 → JPDB Kanji Freq: 2572,漢字の読みを入力してください,Text
"__燻__る，__燻__ぶる
①燃えそうで燃えあがらない状態を続けて、けむりを出す。ふすべる。","くすぶ,くす","［燻］一級
音: クン 訓: いぶ・す／いぶ・る／くゆ・らす／くす・べる／ふす・べる
意味: 煙が立ち昇る。
煙や蒸気や匂いが立ち込める。",燻 → JPDB Kanji Freq: 2573,漢字の読みを入力してください,Text
"__燻__す，__燻__る
ほのおが立たないで、けむりが出る。くすぶる。
「食材をけむりで━」",いぶ,"［燻］一級
音: クン 訓: いぶ・す／いぶ・る／くゆ・らす／くす・べる／ふす・べる
意味: 煙が立ち昇る。
煙や蒸気や匂いが立ち込める。",燻 → JPDB Kanji Freq: 2573,漢字の読みを入力してください,Text
__蒙__昧，啓__蒙__，無知__蒙__昧,もう,"［蒙］準一級
音: ボウ／ム／モウ 訓: こうむ・る／くら・い
意味: 覆(おお)う、上から被(かぶ)せ覆う、同「冡」「䝉」。
上から覆(おお)われていて薄暗い、薄暗く識別・判断ができない。
判断や理解ができない、道理に暗い、無知なさま、同「懞」。
身を(体を)覆う、身に被さる。
受ける、蒙受(モウジュ)、蒙恥(モウチ)(辱はずかめを受ける)」。
周易の六十四卦の一つ、、山水蒙(サンスイモウ)、䷃{易経記号}。
、蒙古(モウコ)、中国北方の民族の名、また現モンゴル国。",蒙 → JPDB Kanji Freq: 2574,漢字の読みを入力してください,Text
釈__迦__，お釈__迦__様,か,"［迦］準一級
音: カ／ケ／キャ 訓: 
意味: 「カ」などの音を表す音写字。
釈迦(シャカ)、釈迦牟尼(シャカムニ)(Śākyamuni梵の音写)」、古代インドの人で仏教の開祖。
迦逅(カコウ)、未詳。",迦 → JPDB Kanji Freq: 2576,漢字の読みを入力してください,Text
__吼__える,ほ,"［吼］一級
音: コウ／ク 訓: ほ・える
意味: 獣などが威嚇するように大きな声で鳴く。
響くような大きく低い声で怒鳴る。",吼 → JPDB Kanji Freq: 2577,漢字の読みを入力してください,Text
__靄__，朝__靄__，__靄__が掛かる，薄__靄__，__靄__る,もや,"［靄］一級
音: アイ 訓: もや
意味: 水蒸気や煙などの霧状のものが空気中に立ち籠めるさま、霧よりも薄いもの、気象学上では視程が1km以上10km未満の状態、1km未満は「霧」{靄}。",靄 → JPDB Kanji Freq: 2578,漢字の読みを入力してください,Text
不__憫__，憐__憫__，自己憐__憫__,びん,"［憫］一級
音: ビン／ミン 訓: 
意味: 同情して心を痛める、気の毒に思う、かわいそうに思う、同「閔」。",憫 → JPDB Kanji Freq: 2579,漢字の読みを入力してください,Text
"__頸__骨，__頸__部，__頸__動脈，__頸__椎，刎__頸__
〘生〙首の骨。",けい,"［頸］準一級
音: ケイ／キョウ 訓: くび
意味: 頭と胴体の間にあって頭を支える部分、特にその正面側、後ろ側(背側)は「項」{人体(頭部)}。
瓶ビン(かめ)などの細く窄(すぼ)まった部分。",頸 → JPDB Kanji Freq: 2580,漢字の読みを入力してください,Text
"__粟__立つ，__粟__粒，__粟__
〔恐ろしさ・寒さなどのため〕ぞっとし、皮膚にぶつぶつが出来る。",あわ,"［粟］準一級
音: ショク／ソク／ゾク 訓: あわ
意味: 粟(アワ)、イネ科エノコログサ属の草、古くは刈り取ったアワの精白するの前の殻(外皮)が付いたままの実を指し、精白した(殻を取り除いた)「粱」と区別された。
精白するの前の殻(外皮)が付いたままの穀物の実
穀物、食糧",粟 → JPDB Kanji Freq: 2581,漢字の読みを入力してください,Text
五位__鷺__，白__鷺__，__鷺__,さぎ,"［鷺］準一級
音: ロ／ル 訓: さぎ
意味: 鷺(サギ)、サギ科の鳥の称。",鷺 → JPDB Kanji Freq: 2583,漢字の読みを入力してください,Text
鳳__凰__,おう,"［凰］準一級
音: コウ／オウ 訓: おおとり
意味: 想像上の瑞鳥ズイチョウ(良いことの象徴とされる鳥)の雌(めす)、【爾雅】の郭璞カクハクによる",凰 → JPDB Kanji Freq: 2588,漢字の読みを入力してください,Text
"__箒__
ちり・ごみをはく道具。",ほうき,"［箒］一級
音: シュウ／ス／ソウ 訓: ほうき
意味: 埃(ほこり)や塵(ちり)などを掃(は)く用具、またそれで掃く、同「帚」。",箒 → JPDB Kanji Freq: 2589,漢字の読みを入力してください,Text
"__捏__ねる，__捏__ねくる，駄々を__捏__ねる
②よくかきまぜてねる。
「あんを━・こねまわす」",こ,"［捏］一級
音: ネツ／デツ／ネチ 訓: こ・ねる／つく・ねる
意味: 掌(てのひら)や指で押さえる、押さえ延ばし纏(まと)めるという動作(蕎麦そばや饂飩うどんを打つ際の動作)を繰り返す。
押さえ延ばし纏めながら元の形とは全く違うものに作り上げる、実際にはないことやものをあるかのように作り上げる。
あれやこれやと無理や屁理屈(へりくつ)を言う。",捏 → JPDB Kanji Freq: 2591,漢字の読みを入力してください,Text
__饅__頭,まん,"［饅］一級
音: バン／マン 訓: 
意味: 小麦粉などを捏(こ)ね丸く作り蒸した食べ物、蒸しパンpão葡、饅頭(マントゥ・マンジュウ)、今は餡アンを入れないものを饅頭(マントゥ・マンジュウ)といい、餡を入れたものは、包子(パオズ)(中華饅頭・小籠包などを指す)」という。",饅 → JPDB Kanji Freq: 2594,漢字の読みを入力してください,Text
"__宥__める，__宥__め賺す
①ゆるやかにする。寛大にする。",なだ,"［宥］準一級
音: ユウ／ウ 訓: なだ・める
意味: 心が広いさま、寛大なさま、寛容なさま。
寛大な気持ちで罪を許す、寛大に処遇する、大目に見る、宥恕(ユウジョ)。
広い心で説き落ち着かせる。",宥 → JPDB Kanji Freq: 2595,漢字の読みを入力してください,Text
__厩__・馬屋,うまや,"［厩］準一級
音: キュウ 訓: うまや
意味: 馬小屋、同「𠤙」。",厩 → JPDB Kanji Freq: 2596,漢字の読みを入力してください,Text
"__肛__門， 裂__肛__，脱__肛__
(肛門 guys，u can do it !)",こう,"［肛］一級
音: コウ 訓: 
意味: 直腸の先から尻の穴までの部分、尻の穴、肛門(コウモン)。
胮肛(ホウコウ)、腫(は)れる、脹(ふく)れる。",肛 → JPDB Kanji Freq: 2597,漢字の読みを入力してください,Text
"__狡__い，__狡__賢い
自分だけ得をするために、きたないやり方をする。こすい。
「人のせいにするなんて狡いぞ」
「自分だけ食べるのは━・ずるく立ち回る」",ずる,"［狡］一級
音: コウ／キョウ 訓: ずる・い／こす・い
意味: 小形の犬。
すばしこい(すばしっこい)、素早い。
(悪さをする犬を追おうとすると)するりと身を躱(かわ)してうまく逃げる、(不都合なことを)身を躱して避ける、(不都合なことに行き当たらないように)うまく立ち回る、うまく言い逃(のが)れる。",狡 → JPDB Kanji Freq: 2598,漢字の読みを入力してください,Text
"__弛__む，__弛__み
①ゆるむ。
「糸が━」
②気持ちが、緊張を欠いた状態になる。
「精神が弛んでいるぞ・弛み切った経営陣」",たる,"［弛］準一級
音: シ／チ 訓: ゆる・める／ゆる・む／たる・む
意味: ぴんと張っていた弦を緩(ゆる)める、張り詰めていた力や気を抜く。",弛 → JPDB Kanji Freq: 2599,漢字の読みを入力してください,Text
__櫛__，手__櫛__,くし,"［櫛］準一級
音: シツ／シチ 訓: くし
意味: 毛髪を梳(す)き整える、またその道具の総称{服飾(髪飾)}、歯の目が細かいものを「篦」「枇」、目が粗いものを「梳」。
(櫛の歯のように)びっしりと並ぶ",櫛 → JPDB Kanji Freq: 2600,漢字の読みを入力してください,Text
伝__播__，__播__磨，__播__種,"は,はり","［播］準一級
音: ハ／ハン／バン 訓: ま・く
意味: 種を広く均一に撒(ま)く、ばらばらと撒き散らす、散布する。
振ってぱらぱらと散らす。
広く行き亘(わた)らせる、布告する、同「譒」。
散り散り(ちりぢり)になって逃げる。",播 → JPDB Kanji Freq: 2601,漢字の読みを入力してください,Text
__播__州，__播__但,ばん,"［播］準一級
音: ハ／ハン／バン 訓: ま・く
意味: 種を広く均一に撒(ま)く、ばらばらと撒き散らす、散布する。
振ってぱらぱらと散らす。
広く行き亘(わた)らせる、布告する、同「譒」。
散り散り(ちりぢり)になって逃げる。",播 → JPDB Kanji Freq: 2601,漢字の読みを入力してください,Text
__碌__な，__碌__に，耄__碌__,ろく,"［碌］一級
音: ロク／リョク 訓: 
意味: 小石がごろごろしているさま、碌䃚(ロクシュク)。
碌碌(ロクロク)小石がごろごろしているさま平凡なさま、凡庸ボンヨウなさま「ごろごろ」と回転する音、同「轆轆」。
(孔雀石くじゃくいしを使った)青緑色の顔料ガンリョウ。
碌碡(ロクドク)、田畑の土を平らに均(なら)すための農具、筋状の凹凸を施した円柱形の石(或いは木)に軸を通し、これを引いて転がす、整地用のローラーroller、同「磟碡・䃙碡」、この「碌碡」と構造はほぼ同じで(筋状の凹凸ではなく)突起や凹凸を施した農具を、礰礋(レキタク)という。",碌 → JPDB Kanji Freq: 2602,漢字の読みを入力してください,Text
"__肋__，__肋__骨
ろっこつ（肋骨）。",あばら,"［肋］準一級
音: ロク 訓: あばら
意味: 心臓や肺などの胸部の内臓を取り囲むように並んだ骨、肋骨(ロッコツ)(あばらぼね)」{人体(胴部)}。
肋脦(ロクトク)、(身なりが)だらしないさま、きちんとしていないさま。
雞肋(ケイロク)ニワトリ鶏の肋骨ロッコツ(あばらぼね)あまり役には立たないが捨ててしまうには惜しいかと思うもの(「鶏の肋骨は食べるところはないが、かといって捨ててしまうのは何となくもったいない」の意)",肋 → JPDB Kanji Freq: 2603,漢字の読みを入力してください,Text
"__耽__る，読み__耽__る，物思いに__耽__る
〔ほかのことを忘れるほど〕一つのことに夢中になる。
「思いに━・読書に━」",ふけ,"［耽］準一級
音: タン／トン 訓: ふけ・る
意味: 夢中になる、他のことを忘れてのめり込む、同「眈」。",耽 → JPDB Kanji Freq: 2605,漢字の読みを入力してください,Text
"__痣__
強くうちつけたときなどに、ひふにできる赤や青のまだら。",あざ,"［痣］一級
音: シ 訓: あざ
意味: 皮膚にできる斑点ハンテン、黒子(ほくろ)。",痣 → JPDB Kanji Freq: 2607,漢字の読みを入力してください,Text
__襖__，__襖__絵,ふすま,"［襖］準一級
音: オウ 訓: ふすま
意味: 袷(あわせ)、裏地の付いた上着。
袍襖(ホウオウ)、裏地との間に綿などを詰めた上着、綿入れ。
日ふすま、骨組の表裏に紙や布を張った屋内の間仕切り。
日。",襖 → JPDB Kanji Freq: 2608,漢字の読みを入力してください,Text
呪__詛__,そ,"［詛］一級
音: ソ／ショ 訓: のろ・う
意味: 人に災いが降りかかるようにと(神に)唱え祈る、呪(のろ)う、同「謯」「𥛜」。
日常の細々(こまごま)したことに誓いを立てる、大事の誓いは「盟」。",詛 → JPDB Kanji Freq: 2609,漢字の読みを入力してください,Text
"① __稟__議，__稟__議書
② 天__稟__","ひん,りん","［稟］一級
音: ヒン／リン 訓: 
意味: 役人が(給与として)穀物を賜(たまわ)る、役人に支給される穀物(扶持米フチマイ)、稟給(ヒンキュウ)、稟食(ヒンショク)。
授(さず)かる、受ける、、天禀(テンビン)(天から授かったもの)」、禀命・稟令(ヒンメイ・ヒンレイ)(命メイを受けること)」。
目上の人に告(つ)げる、伝える、知らせる、稟告(ヒンコク)。
日米蔵(こめぐら)、同「廩」。",稟 → JPDB Kanji Freq: 2610,漢字の読みを入力してください,Text
手__榴__弾，__榴__散弾,りゅう,"［榴］一級
音: リュウ／ル 訓: 
意味: 石榴(セキリュウ)、ザクロ石榴・柘榴・若榴、ミソハギ科ザクロ属の木、またその果実{ザクロ}。
榴槤・榴蓮(リュウレン)、ドリアンdurian、アオイ科ドリアン属の木、またその果実{ドリアン}。",榴 → JPDB Kanji Freq: 2611,漢字の読みを入力してください,Text
__攘__夷，尊王__攘__夷,じょう,"［攘］一級
音: ジョウ／ニョウ 訓: 
意味: 譲(ゆず)る、位・場所・立場などから自ら退(しりぞ)き空いたところを人に進める、同「讓」。
(入り込もうとするところにあるものを)退ける、(入り込もうとするものを)払い除(の)ける、振り払う。
(入り込んで)奪う、奪い取る、同「𣀮」。
掻(か)き乱す、入り乱れる。",攘 → JPDB Kanji Freq: 2614,漢字の読みを入力してください,Text
"__轢__く，__轢__き逃げ
車が人・動物を下敷(じ)きにする。
「子どもを━・自動車にひかれる」",ひ,"［轢］一級
音: レキ／リャク 訓: ひ・く
意味: 車輪が人や物の上を踏み付けるように転がって行く、踏み潰(つぶ)す。
踏み付けにする、踏み躙(にじ)る。",轢 → JPDB Kanji Freq: 2615,漢字の読みを入力してください,Text
"__茹__だる，__茹__でる
熱湯の中に入れて、しっかりと加熱する。うでる。
「たまごを━・枝豆を━」",ゆ,"［茹］一級
音: ジョ／ニョ 訓: ゆ・でる
意味: 貪(むさぼ)り食う。
柔らかい、柔らかい野菜。
根がずるずると繋がる。
日湯で煮て柔らかくする。",茹 → JPDB Kanji Freq: 2616,漢字の読みを入力してください,Text
"__祠__
（鳥居のない）小さな社殿。",ほこら,"［祠］一級
音: シ／ジ 訓: ほこら
意味: 祖先ソセンに礼物レイモツ・レイブツを供(そな)え祭(まつ)る、またその廟ビョウ(祖先の霊を祭るための建物)。
周代(前11世紀～前3世紀)の春に執(と)り行われる祭祀サイシ、夏は、礿・禴(ヤク)、秋は、嘗(ショウ)、冬は烝(ジョウ)。",祠 → JPDB Kanji Freq: 2617,漢字の読みを入力してください,Text
__忽__ち,たちま,"［忽］準一級
音: コツ／コチ 訓: たちま・ち／ゆるがせ
意味: すぐに、急に、あっという間に。
軽(かろ)んじる、疎(おろそ)かにする、うっかり忘れる。
蚕(かいこ)の繭(まゆ)から取り出した繊維の一本、五本を縒(よ)ったものが「糸」、十本を縒ったものが「絲」。
数の単位、1糸(絲)=10忽、1忽=10微=10-5{数字}",忽 → JPDB Kanji Freq: 2618,漢字の読みを入力してください,Text
__雁__字搦め，__雁__首,がん,"［雁］準一級
音: ガン／ゲン 訓: かり
意味: 雁(ガン)、野生のカモ科マガン属などに属する鳥、同「鴈」、家禽化したものはは「ガチョウ鵝鳥」。
舒雁(ショガン)、ガチョウ鵝鳥、野生の雁(ガン)(カモ科の鳥)を家禽化したもの、同「鵝」。",雁 → JPDB Kanji Freq: 2619,漢字の読みを入力してください,Text
__祀__る,まつ,"［祀］一級
音: シ／ジ 訓: まつ・る
意味: 神(かみ)や先祖や死者に供え物(そなえもの)を捧(ささ)げる、またその儀式、祭祀(サイシ)、同「祭」。
年ネン、商代(別名殷イン、前17世紀～前11世紀)で一年をいう語、「十有三祀」は「十三年」、同「𥙉」「禩」。",祀 → JPDB Kanji Freq: 2622,漢字の読みを入力してください,Text
__矜__持,きょう,"［矜］一級
音: キョウ／キン／ゴン／カン／ケン 訓: 
意味: 矛(ほこ、両刃の短い剣)などを取り付ける柄(え)、同「㮗」「𥍵」「𥎊」{武器(刀剣槍)}。
自分の力(能力や才能など)を信じ誇(ほこ)る、自負(ジフ)する、矜持・矜恃(キョウジ)、自矜(ジキョウ)、驕矜(キョウキョウ)(得意気に自らを誇るさま)」、「武器などを装着する柄は固くしっかりいしている」ことから。
哀(あわ)れに思い心を痛める、同「㥤」。
老いて妻を亡(な)くした夫(おっと)、同「鰥」「𥎅」、矜寡(カンカ・キンカ)(老いて妻を亡くした夫と夫を亡くした妻)」。",矜 → JPDB Kanji Freq: 2625,漢字の読みを入力してください,Text
__翳__り，__翳__る,かげ,"［翳］一級
音: エイ／アイ 訓: かざ・す／かげ・る／かげ
意味: 日光などを遮(さえぎ)るための長い柄(え)の先に羽飾りを付けた大きな団扇(うちわ)。
物で覆(おお)って日光などを遮(さえぎ)る、また遮られて陰(かげ)になる。
周りから見えないように覆って隠す。
目が物に覆(おお)われたかのように見えにくくなる、またそのような病気、白内障(ハクナイショウ、眼球の水晶体が白濁ハクダクして見えにくくなる病気)、同「瞖」。",翳 → JPDB Kanji Freq: 2626,漢字の読みを入力してください,Text
__翳__す，振り__翳__す，差し__翳__す,かざ,"［翳］一級
音: エイ／アイ 訓: かざ・す／かげ・る／かげ
意味: 日光などを遮(さえぎ)るための長い柄(え)の先に羽飾りを付けた大きな団扇(うちわ)。
物で覆(おお)って日光などを遮(さえぎ)る、また遮られて陰(かげ)になる。
周りから見えないように覆って隠す。
目が物に覆(おお)われたかのように見えにくくなる、またそのような病気、白内障(ハクナイショウ、眼球の水晶体が白濁ハクダクして見えにくくなる病気)、同「瞖」。",翳 → JPDB Kanji Freq: 2626,漢字の読みを入力してください,Text
"__湛__える，笑みを__湛__える
〔文〕いっぱいにする。みたす。",たた,"［湛］準一級
音: タン／デン 訓: たた・える
意味: たた・える、水が深くいっぱいに満ちる、同「潭」。
水が深く澄んでいるさま、深く穏やかなさま。
深く沈む、深く沈める、同「沈」。
(楽しみなどに)深く浸(ひた)り込む、同「沈」。",湛 → JPDB Kanji Freq: 2627,漢字の読みを入力してください,Text
__靖__国，__靖__国神社,やす,"［靖］準一級
音: セイ／ジョウ 訓: やす・んずる
意味: 安(やす)らかなさま、何事もなく穏やかなさま。
動きや乱れなどを鎮(しず)める、治(おさ)める。",靖 → JPDB Kanji Freq: 2628,漢字の読みを入力してください,Text
身を__挺__する，空__挺__,てい,"［挺］準一級
音: テイ／ジョウ／チョウ 訓: 
意味: まっすぐに突き出る、他よりも先に抜(ぬ)きん出る。
(曲がらずに)まっすぐなさま、同「頲」。
日長くまっすぐなものを数える語、同「梃」。",挺 → JPDB Kanji Freq: 2629,漢字の読みを入力してください,Text
__哨__戒，前__哨__戦，歩__哨__,しょう,"［哨］準一級
音: ソウ／ショウ 訓: 
意味: (容器や人などの)口が窄(すぼ)まっている。
口を窄めて口笛を吹く。
見張る、見張り番、「いざという時に口笛を吹いて知らせる」の意、哨兵(ショウヘイ)(見張りや偵察などを担当する兵士)」。",哨 → JPDB Kanji Freq: 2630,漢字の読みを入力してください,Text
__牌__，位__牌__,はい,"［牌］準一級
音: ハイ／ベ 訓: ふだ
意味: 案内や識別のために文字などを書いた平(ひら)たい札状のもの、看板、賞牌(ショウハイ)、位牌(イハイ)。
娯楽・遊戯(カルタcarta葡、トランプtrump、マージャン麻雀など)に用いる札、、骨牌(コッパイ)。",牌 → JPDB Kanji Freq: 2631,漢字の読みを入力してください,Text
髑髏,どくろ,"［髏］一級
音: ロウ／ル／ロ 訓: 
意味: 髑髏(ドクロ)、骷髏(コロ)、風雨に晒されて毛や肉がなくなった死人の頭蓋骨、同𩑒顱(タクロ)。","髏 → JPDB Kanji Freq: 2632
髑 → JPDB Kanji Freq: 2633",漢字の読みを入力してください,Text
"__昴__
〘天〙星の名。",すばる,"［昴］一級
音: ボウ／ミョウ 訓: すばる
意味: 星名、おうし座の一部で二十八宿西方白虎七宿の第四宿{二十八宿}。",昴 → JPDB Kanji Freq: 2634,漢字の読みを入力してください,Text
__琵琶__，__琵琶__湖,びわ,"［琶］準一級
音: ハ／ベ 訓: 
意味: 琵琶(ビワ)、弦楽器名{楽器(弦楽器)}、下に弾き下ろすことを「琵」、上に弾き上げることを「琶」といい、上下に弦を弾き鳴らす楽器の意。","琶 → JPDB Kanji Freq: 2635
琵 → JPDB Kanji Freq: 2636",漢字の読みを入力してください,Text
後__裔__，末__裔__，苗__裔__,えい,"［裔］一級
音: エイ 訓: 
意味: 衣服の裾(すそ、衣服の下の部分)、衣服の下の端。
(飛地ではなく地続きで)遠く離れた所、辺縁の地。
血筋が繋がった後代の子孫。",裔 → JPDB Kanji Freq: 2637,漢字の読みを入力してください,Text
__彗__星，__彗__星のように現れる，星街__彗__星,すい,"［彗］一級
音: スイ／ズイ 訓: 
意味: 箒ほうき、またそれで掃(は)く、同「篲」「𥶙」。
彗星(スイセイ)、箒星ほうきぼし、古く中国では、妖星(ヨウセイ)と呼ばれ不吉な星とされた、同「篲星」「蔧星」。",彗 → JPDB Kanji Freq: 2638,漢字の読みを入力してください,Text
胃__癌__，乳__癌__，肺__癌__，__癌__,がん,"［癌］準一級
音: ガン／ゲン 訓: 
意味: 悪性の腫瘍の総称。
日扱いにくく厄介なもの。",癌 → JPDB Kanji Freq: 2639,漢字の読みを入力してください,Text
葡萄,ぶどう,"［葡］準一級
音: ホ／ブ 訓: 
意味: 葡萄(ブドウ)、ブドウ科ブドウ属の果樹、またその実{ブドウ}。
日、葡萄牙(ポルトガル)、国名。","葡 → JPDB Kanji Freq: 2640
萄 → JPDB Kanji Freq: 2651",漢字の読みを入力してください,Text
"__俄__・__俄__か
急に始まるようす。とつぜん。「空が俄かにくもった」","にわか,にわ","［俄］準一級
音: ガ 訓: にわか
意味: 急に、突然に、がくっと、がくんと、急に状態が変わることを指す。",俄 → JPDB Kanji Freq: 2641,漢字の読みを入力してください,Text
"__熾__す
燠・__熾__
①炭やまきに火がついた状態にする。
「火を━」","おき,おこ","［熾］一級
音: シ 訓: 
意味: 火の勢いが激しいさま、明々(あかあか)と燃え盛るさま。",熾 → JPDB Kanji Freq: 2644,漢字の読みを入力してください,Text
"__掬__う
❶液体や細かいものなどを手や入れ物で軽くくみ取る。「匙で塩を掬う」
❷足などを横にはらいあげる。「足を掬ってたおす」",すく,"［掬］準一級
音: キク 訓: すく・う
意味: 両手を上に向け皿状また椀状に作りそこに物を載(の)せる、また液体を汲(く)む、同「𥵱」、片手は「匊」。",掬 → JPDB Kanji Freq: 2647,漢字の読みを入力してください,Text
怒__濤__，波__濤__，怒__濤__の勢い,とう,"［濤］準一級
音: トウ／ドウ 訓: なみ
意味: 大きな波。
大きな波が打ち当たる音。",濤 → JPDB Kanji Freq: 2650,漢字の読みを入力してください,Text
範__疇__,ちゅう,"［疇］一級
音: チュウ／ジュウ 訓: 
意味: (麻を栽培する)耕作地、畑。
田畑の畦(あぜ、田畑を区切るために土を盛り上げた所)、畝(うね)(種や苗を植えるために筋状に土を盛り上げた所)。
類たぐい、同類、範疇(ハンチュウ)。
以前から続いている、代々と続く。
(誰と特定できない)誰か、同「𠷎」。",疇 → JPDB Kanji Freq: 2652,漢字の読みを入力してください,Text
"総菜・__惣__菜，__惣__菜パン
おかず。副食。
「お━料理」",そう,"［惣］準一級
音: ソウ／ス 訓: 
意味: 纏(まと)める、纏めて一つにする、同「總」「総」「揔」。
全て、皆(みな)、遍(あまね)く、同「總」「総」「揔」。",惣 → JPDB Kanji Freq: 2653,漢字の読みを入力してください,Text
水__俣__病,また,"［俣］準一級
音: グ／ギョ／ゴ 訓: また
意味: 大きいさま、大きく堂々としたさま、俣俣(ググ)、同「俁」。
日、二つに分かれる部分、股(また)、姓用字、地名用字、同「㑨」{和製漢字の辞典:亻部:77俣}。",俣 → JPDB Kanji Freq: 2654,漢字の読みを入力してください,Text
__獰__猛，__獰__悪,どう,"［獰］一級
音: ノウ／ニョウ／ドウ 訓: 
意味: 性格や顔付き・目付きなどが悪いさま、獰劣(ドウレツ)(醜みにくいさま)」。
猙獰(ソウドウ)、性格や顔付き・目付きなどが悪いさま、凶悪・凶暴なさま。",獰 → JPDB Kanji Freq: 2655,漢字の読みを入力してください,Text
胡__椒__，塩胡__椒__,しょう,"［椒］一級
音: ショウ 訓: はじかみ
意味: 山椒(サンショウ)、花椒(カショウ)、蓁椒(シンショウ)、はじかみ(山椒の古名)、ミカン科サンショウ属の木、またその実、また同属の木や実の称{サンショウ}。
、胡椒(コショウ)、コショウ科コショウ属の植物、また同科同属の植物の称{コショウ}。",椒 → JPDB Kanji Freq: 2656,漢字の読みを入力してください,Text
__鯉__，__鯉__口を切る,こい,"［鯉］準一級
音: リ 訓: こい
意味: 鯉(コイ)、コイ目コイ科コイ属の淡水魚、また同目同科同属の魚の総称。
書状、手紙、「コイの腹の中に(コイに似せた形の容器に、コイなどの絵を描いた容器に)白い絹布に認(したた)めた書状を収めて届けた」という故事による。",鯉 → JPDB Kanji Freq: 2657,漢字の読みを入力してください,Text
燃え__滓__,かす,"［滓］一級
音: シ／サイ 訓: かす
意味: 沈んで水などの液体の底に溜(たま)まったもの、澱(おり)、沈殿物、渣滓(サシ)。
(物の表面に付着すた)泥(どろ)、汚(よご)れ。",滓 → JPDB Kanji Freq: 2658,漢字の読みを入力してください,Text
__醍__醐味，__醍__醐,だい,"［醍］準一級
音: テイ／ダイ／タイ 訓: 
意味: 澄んだピンクpink色の酒。
醍醐(ダイゴ)酥ソ(牛や羊などの乳に熱を加え攪拌カクハンし冷ますと表面に浮いてくるもの、「酥」参照)を煮詰めることによって分離し浮いてくるもの、最上の乳脂肪食品仏教の最上の教え。",醍 → JPDB Kanji Freq: 2660,漢字の読みを入力してください,Text
"__揶揄__う
「子どもを━な・代議士を━った漫画」",からか,"［揶］一級
音: ヤ 訓: 
意味: 揶揄(ヤユ)、からかう、弄(もてあそ)ぶ、困らせたり怒らせたりして面白がる、同「擨𢶖・歋歈」。","揶 → JPDB Kanji Freq: 2661
揄 → JPDB Kanji Freq: 2665",漢字の読みを入力してください,Text
__苫__，__苫__屋，__苫__田ダム,とま,"［苫］準一級
音: セン 訓: とま
意味: 茅(カヤ)などを編んだ莚(むしろ)、雨風を防ぐために小屋などを覆ったり、敷物などに用いる{カヤ}。",苫 → JPDB Kanji Freq: 2662,漢字の読みを入力してください,Text
徘__徊__，深夜徘__徊__,かい,"［徊］一級
音: カイ／エ 訓: 
意味: 歩き回(まわ)る。
徘徊・俳佪(ハイカイ)あてもなく歩き回る、行ったり来たりする行きつ戻りつして決め兼ねるさま、躊躇(ためら)うさま。",徊 → JPDB Kanji Freq: 2663,漢字の読みを入力してください,Text
__傀儡__，__傀儡__政権，__傀儡__師,かいらい,"［傀］一級
音: カイ／ケ 訓: 
意味: 並外れて大きいさま、大きくて立派なさま。
傀儡(カイライ)操人形あやつりにんぎょう(操人形は人が操るままに動き話すことから)他に操(あやつ)られている者、また組織。","傀 → JPDB Kanji Freq: 2664
儡 → JPDB Kanji Freq: 2666",漢字の読みを入力してください,Text
石__鹸__，石__鹸__の泡,けん,"［鹸］準一級
音: カン／ケン／セン 訓: 
意味: 地中の塩分。
灰汁あく、灰を溶かした水の上澄み(アルカリalkali性の液体)。
塩基性、アルカリ性、またその物質、炭酸ナトリウムsodiumcarbonate(炭酸ソーダ)、同「硷」「礆」。",鹸 → JPDB Kanji Freq: 2669,漢字の読みを入力してください,Text
醍__醐__味，醍__醐__,ご,"［醐］準一級
音: コ／ゴ／グ 訓: 
意味: 醍醐(ダイゴ)酥ソ(牛や羊などの乳に熱を加え攪拌カクハンし冷ますと表面に浮いてくるもの、「酥」参照)を煮詰めることによって分離し浮いてくるもの、最上の乳脂肪食品仏教の最上の教え。",醐 → JPDB Kanji Freq: 2671,漢字の読みを入力してください,Text
__徘__徊，深夜__徘__徊,はい,"［徘］一級
音: ハイ／バイ 訓: 
意味: 徘徊・俳佪(ハイカイ)あてもなく歩き回る、行ったり来たりする行きつ戻りつして決め兼ねるさま、躊躇(ためら)うさま。",徘 → JPDB Kanji Freq: 2672,漢字の読みを入力してください,Text
"流__暢__，__暢__達
__暢__気 (ateji)","ちょう,のん","［暢］準一級
音: チョウ 訓: 
意味: 途中で滞(とどこお)ったり閊(つか)えたりすることなくすっと通る、流暢(リュウチョウ)。
(なにに妨げられることなく)思う存分に、のびのびとした。",暢 → JPDB Kanji Freq: 2673,漢字の読みを入力してください,Text
お__陀__仏，頭__陀__袋，__陀__艮 (jjk),だ,"［陀］準一級
音: タ／ダ 訓: 
意味: 陂陀(ハダ)、傾斜があって平らでないさま、傾斜が急で険しいさま、同「陂陁・岥岮」。
沙陀(サダ)、西突厥にしトッケツ(581年～659年、隋代から唐代前期にかけて中国西域を領した国)の一部族の名、同「沙𨹔」{隋代}。
仏陀(ブッダ)buddha梵」などの梵語の音オン(おと)や声(こえ)などを表す音写字。",陀 → JPDB Kanji Freq: 2674,漢字の読みを入力してください,Text
__杞__憂,き,"［杞］一級
音: キ／コ 訓: 
意味: 枸杞(クコ)、ナス科クコ属の木、食用や薬用に用いられる{クコ}。
杞柳(キリュウ)、イヌコリヤナギ犬行李柳、ヤナギ科ヤナギ属の木{イヌコリヤナギ}。
周代(前11世紀～前256年)の国名、現河南省開封市杞県付近、同「㠱」「𠶵」。",杞 → JPDB Kanji Freq: 2676,漢字の読みを入力してください,Text
__芥__川龍之介,あくた,"［芥］準一級
音: カイ／ケ 訓: あくた／ごみ
意味: 芥子菜(カラシナ)、アブラナ科アブラナ属の草、芥菜(カイサイ)、芥子(カイシ)(カラシナの実)」、芥末(カイマツ)(カラシナの実を粉末にしたもの、マスタードmustard)」、、芥醬(カイショウ)(ペーストpaste状のマスタード)」{カラシナ}。
小さく細(ほそ)い、細(こま)かい。
役に立たないもの、つまらないもの。
塵(ごみ、ちり)。
日。",芥 → JPDB Kanji Freq: 2678,漢字の読みを入力してください,Text
先__鋒__，舌__鋒__，急先__鋒__,"ホウ,ぽう","［鋒］準一級
音: ホウ／フ／フウ 訓: ほこさき／きっさき
意味: 剣(つるぎ)や矛(ほこ、両刃の短い剣、またそれを長い柄の先に付けた槍のような武器)などの刃物の先端{武器(刀剣槍)}。
尖ったものの先端。
鋭く突き出ているさま。
軍勢の中で最も先を進む隊、軍の先頭、先鋒(センポウ)。",鋒 → JPDB Kanji Freq: 2679,漢字の読みを入力してください,Text
"__仄__か，__仄__暗い，__仄__めかす
〈ほんのわずかだけ／かすかに〉感じられるようす。
「━に見える・━なぬくもり」",ほの,"［仄］一級
音: ソク／シキ 訓: ほの・か／ほの・めかす
意味: 片方に(一方に)傾(かたむ)く、片方に寄る、偏(かたよ)る、同「側」。
狭(せま)い、狭(せば)める、狭まる。
日ほの・か、ぼんやりとしていてはっきりしないさま、ほんの僅(わず)かなさま、微(かす)かなさま。
日。",仄 → JPDB Kanji Freq: 2680,漢字の読みを入力してください,Text
蘇る・__甦__る,よみがえ,"［甦］一級
音: ソ／ス 訓: よみがえ・る
意味: 蘇(よみがえ)る、黄泉(よみ、死者の世界)から帰って来る、生き返る、息を吹き返す、目を覚(さ)ます、同「蘇」。",甦 → JPDB Kanji Freq: 2683,漢字の読みを入力してください,Text
杜__撰__,さん,"［撰］準一級
音: セン／ゼン／サン 訓: えら・ぶ
意味: 選ぶ、多くのものの中から目的のものを選び出す、同「選」。
文書や記録などを選び整理し一つに纏める、編纂ヘンサンする、同「纂」「篹」。
文章を著(あらわ)す、著述(チョジュツ)する、同「籑」「篹」。",撰 → JPDB Kanji Freq: 2684,漢字の読みを入力してください,Text
__贔屓__，__贔屓__の引き倒し，依怙__贔屓__,ひいき,"［贔］一級
音: ヒ／ビ／ヒイ 訓: 
意味: 勢いが凄(すさ)まじいさま。
贔屓・贔屭(ヒキ・ヒイキ)カメ亀に似た想像上の動物、龍生九子リュウセイキュウシ(龍が生んだ九頭の子)のうちの一頭、力が強く重いものを背負うことを好むとされ石碑・石柱などを支える姿に彫られる重いものを背負い力強く踏ん張るさま日目を掛け援助すること","贔 → JPDB Kanji Freq: 2686
屓 → JPDB Kanji Freq: 2693",漢字の読みを入力してください,Text
"__袴__，羽織__袴__
①（男の）和服の正装のときに、腰(こし)から下につける、ひだのある衣服。
「羽織━」",はかま,"［袴］準一級
音: コ／ク 訓: はかま
意味: 股下が二つに分かれた袴(はかま)状或いはズボンjupon仏状の衣裳、同「褲」「絝」「褰」、別名、襠褲(トウコ)。
日。",袴 → JPDB Kanji Freq: 2688,漢字の読みを入力してください,Text
"__憚__る，__憚__り，__憚__りながら，憎まれっ子世に__憚__る
❶えんりょする。ひかえめにする。「人前を憚る」
❷いばる。はばをきかせる。「にくまれっ子世に憚る」",はばか,"［憚］一級
音: タン／ダン 訓: はばか・る
意味: 意に沿わないことを(意に沿わないことになるのではないかと恐れて)避ける、また嫌(きら)う、同「憚」。
日気兼ね(きがね)する、気兼ねして差し控える。",憚 → JPDB Kanji Freq: 2690,漢字の読みを入力してください,Text
平__坦__，__坦__々，虚心__坦__懐,たん,"［坦］準一級
音: タン 訓: 
意味: 凸凹がなく平らなさま。
広く平らなさま、感情の起伏がなくゆったりとしているさま、同「憻」。",坦 → JPDB Kanji Freq: 2691,漢字の読みを入力してください,Text
__怜__悧，__怜__悧狡猾,れい,"［怜］準一級
音: レイ／リョウ 訓: 
意味: 聡明な、賢い。
憐れむ、愛(いと)おしく思う、同繁「憐」。",怜 → JPDB Kanji Freq: 2692,漢字の読みを入力してください,Text
啖__呵__を切る，良心の__呵__責，啖__呵__,か,"［呵］一級
音: カ 訓: 
意味: 勢いよく息を吐き出す、同「𠀀」。
「かっ」と大声で怒鳴る、同「訶」。
大きな声を出して笑う。
呵呵(カカ)、「かっかっ」と大笑いするさま。
譙呵(ショウカ)、素性が分からない人(誰)、またその人に「名は何か？」「何をしているか？」などと問う、同、誰何(スイカ)。",呵 → JPDB Kanji Freq: 2695,漢字の読みを入力してください,Text
__咀__嚼，__咀__嚼力，呪__咀__,そ,"［咀］一級
音: ショ／ジョ／ゾ／ソ 訓: 
意味: 繰り返し噛(か)む。
咀嚼(ソシャク)繰り返し噛むよく噛み砕く、よく噛み砕いてものの本質を知る。
㕮咀(フショ)口の中で噛(か)み砕く、口の中でよく噛む、また噛んで食べやすくする、同「哺」よく考えて他人の立場や事情などを汲み取る、斟酌シンシャクする。",咀 → JPDB Kanji Freq: 2699,漢字の読みを入力してください,Text
__賽__は投げられた，__賽__の目，__賽__銭，__賽__銭箱,さい,"［賽］一級
音: サイ 訓: 
意味: 神の恵みに報いる、礼(拝礼や供え物)をしたり祭ったりして報いる、お礼参りをする。
競(きそ)う。
日「賽子(さいころ)」、さい(采・骰)、一般的には正六面体で各面に数字や記号が記される",賽 → JPDB Kanji Freq: 2700,漢字の読みを入力してください,Text
__嘔__吐く・__嘔__く,"え,えず,えづ","［嘔］一級
音: オウ／ウ 訓: 
意味: もの(食べたものなどの固形物・液状物)を声と共に口から体外に吐(は)き出す、嘔吐(オウト)、一般に中医では、嘔吐物のみで声は出ないことを「吐」、嘔吐物は出ずに声だけが出ることを「噦」。
声を出して謳(うた)う、喜びや賛美の言葉、同「謳」
唲嘔(ワオウ)嬰児エイジ(みどりご)の発する声嬰児に話し掛ける声、あやす声",嘔 → JPDB Kanji Freq: 2701,漢字の読みを入力してください,Text
蜥蜴，__蜥蜴__の尻尾切り,とかげ,"［蜥］一級
音: セキ／シャク 訓: 
意味: 蜥蜴(セキエキ)、トカゲ蜥蜴やヤモリ守宮などのトカゲ亜目の爬虫類の総称、またトカゲに似た両生類の称、別名、蜤蜴(シエキ)。","蜥 → JPDB Kanji Freq: 2702
蜴 → JPDB Kanji Freq: 2705",漢字の読みを入力してください,Text
__菩__薩，__菩__提を弔う,ぼ,"［菩］準一級
音: ホ／ブ／ホク／ボク／ボ 訓: 
意味: 草名、未詳。
菩薩(ボサツ・プゥサ)、菩提薩埵(ボ)ーダイサツタ・プゥシーサドゥア(bodhisattva梵の音写)」の略、悟り(菩提ボダイ・プゥシー、bodhi梵",菩 → JPDB Kanji Freq: 2703,漢字の読みを入力してください,Text
"__屠__る
①鳥・けもののからだを〈切りさく／切りさいて殺す〉。
②〔戦い・試合で〕相手をやっつける。やぶる。
「城を━・横綱(よこづな)を━」",ほふ,"［屠］一級
音: ト／ド／ズ 訓: ほふ・る
意味: 家畜などを切り裂(さ)く、切ってばらばらに(解体)する。
(敵を)殺す、滅(ほろ)ぼす。
屠蘇・屠酥(トソ)、七種或いは八種の薬草入りの酒、年の初めに正装して飲む酒で、一年の疫病などの厄災を払うとされた。",屠 → JPDB Kanji Freq: 2709,漢字の読みを入力してください,Text
"雨__樋__
屋根を流れる雨水を受けて地面にながすとい。",とい,"［樋］準一級
音: トウ／ツウ 訓: とい／ひ
意味: 木名、未詳、【正字通】は「蓪」と同義とする、また一説に「木通」の合字で「アケビ木通(アケビ科アケビ属の蔓性の木)」とする。
とい、ひ、水を通すための筒(つつ)状また筒を半分に割ったような形状のもの",樋 → JPDB Kanji Freq: 2710,漢字の読みを入力してください,Text
強__靭__,じん,"［靭］準一級
音: ジン／ニン 訓: 
意味: しなやかな上に、折り曲げに強く、簡単に裂(さ)けたり破れたりしないさま、強靭(キョウジン)、同「韌」。",靭 → JPDB Kanji Freq: 2711,漢字の読みを入力してください,Text
目を__瞠__る・目を見張る,みは,"［瞠］一級
音: トウ／チョウ／ドウ 訓: みは・る
意味: 直視する、視線を逸(そ)らさずに見る、目を見開きしっかりと見る、同「憆」「瞪」「𥊼」「䁎」「𥊰」「覴」。",瞠 → JPDB Kanji Freq: 2712,漢字の読みを入力してください,Text
接__吻__，口__吻__，__吻__合，端側__吻__合,ふん,"［吻］準一級
音: ブン／モン／フン 訓: 
意味: 唇(くちびる)「唇」「肳」{人体(頭部)}。
口吻(コウフン)、口振(くちぶ)り。
吻合(フンゴウ)、(上下の唇のように)ぴったりと合うさま、ぴったりと合わせる、同「肳合」。",吻 → JPDB Kanji Freq: 2714,漢字の読みを入力してください,Text
__炙__る・焙る，__炙__り出す，__炙__り物・焙り物，火__炙__り・火焙り,あぶ,"［炙］一級
音: セキ／シャク 訓: あぶ・る
意味: (肉を)火に翳(かざ)す、火に翳(かざ)して(表面を)焼く。",炙 → JPDB Kanji Freq: 2715,漢字の読みを入力してください,Text
咀__嚼__，咀__嚼__力,しゃく,"［嚼］一級
音: シャク／ザク 訓: か・む
意味: 噛(か)む、同「𪚅」。
咀嚼(ソシャク)、繰り返し噛む、噛み砕く、同「齟𪚅」。",嚼 → JPDB Kanji Freq: 2716,漢字の読みを入力してください,Text
乾__鮭__，塩__鮭__，__鮭__,さけ,"［鮭］準一級
音: ケイ／ケ／カイ 訓: さけ
意味: 科(サケ)サケ属の魚。
フグ河豚、フグ科の魚の総称。
魚を使った料理の総称。",鮭 → JPDB Kanji Freq: 2717,漢字の読みを入力してください,Text
"__尤__も，__尤__もらしい
__尤__
〔文〕〔同類の中で〕いちばんすぐれているようす。
「伝記文学の━なるもの」","もっと,ゆう","［尤］準一級
音: ユウ／ウ 訓: もっと・も／とが
意味: 誤(あやま)り、過(あやま)ち。
咎(とが)める、責(せ)める。
その上に～、とび抜けて～、なかでも特に～。
日もっと・も、その通りである、理リに適(かな)っている。",尤 → JPDB Kanji Freq: 2718,漢字の読みを入力してください,Text
__蕾__む，__蕾__・莟 (誰ソ彼ホテル -蕾- ),"つぼ,つぼみ","［蕾］一級
音: ライ 訓: つぼみ
意味: ふっくらと膨らんで今にも咲き出しそうな花、花弁(かべん、はなびら)が開く前の状態の花。",蕾 → JPDB Kanji Freq: 2719,漢字の読みを入力してください,Text
__凱__旋，__凱__歌，__凱__旋門,がい,"［凱］準一級
音: カイ／ガイ 訓: 
意味: 喜ぶさま、楽しむさま、和(なご)やかで心地良いさま、同「愷」。
凱歌(ガイカ)、(従軍した兵が歌う)戦いに勝利した時の喜びの歌、同「愷歌」。",凱 → JPDB Kanji Freq: 2721,漢字の読みを入力してください,Text
__硯__・墨研り，__硯__箱,すずり,"［硯］準一級
音: ゲン／ケン 訓: すずり
意味: 研(みが)く、磨(す)る、同「䂩」。
すずり、墨を磨るための石{文具(硯)}。
筆硯(ヒッケン)、(筆と硯を使うことから)学ぶ、文字を書く。",硯 → JPDB Kanji Freq: 2722,漢字の読みを入力してください,Text
"__蹲__る｟自五｠
①〔人が〕しゃがんだ姿勢のまま、からだ全体をまるく小さくする。
「めまいがして━」
②〔けものが〕前足を折りまげてすわる。",うずくま,"［蹲］一級
音: ソン／ゾン 訓: うずくま・る
意味: うずくま・る、膝を折って姿勢を低くする、膝は地に着けない、上半身の姿勢(前傾・直立)は問わない、またその姿勢。
蹲蹲(ソンソン)、「とんとん」と跳ねる。",蹲 → JPDB Kanji Freq: 2724,漢字の読みを入力してください,Text
__蹲__む・||しゃが||む（★）,しゃが,"［蹲］一級
音: ソン／ゾン 訓: うずくま・る
意味: うずくま・る、膝を折って姿勢を低くする、膝は地に着けない、上半身の姿勢(前傾・直立)は問わない、またその姿勢。
蹲蹲(ソンソン)、「とんとん」と跳ねる。",蹲 → JPDB Kanji Freq: 2724,漢字の読みを入力してください,Text
__蹲__||い||，__蹲__う 這い__蹲__る,つくば,"［蹲］一級
音: ソン／ゾン 訓: うずくま・る
意味: うずくま・る、膝を折って姿勢を低くする、膝は地に着けない、上半身の姿勢(前傾・直立)は問わない、またその姿勢。
蹲蹲(ソンソン)、「とんとん」と跳ねる。",蹲 → JPDB Kanji Freq: 2724,漢字の読みを入力してください,Text
御伽__噺__落とし__噺__，__噺__,はなし,"［噺］準一級
音: はなし 訓: 
意味: 日話(はなし)、物語。",噺 → JPDB Kanji Freq: 2726,漢字の読みを入力してください,Text
色__褪__せる，__褪__せる,あ,"［褪］一級
音: トン／タイ 訓: あ・せる／さ・める
意味: 衣服を脱いで、そのまま下に下(お)ろす。
花が散る、花が萎(しぼ)む。
勢いがなくなる、鮮(あざ)やかさや美しさが少しずつ失われていく、同「退」。",褪 → JPDB Kanji Freq: 2727,漢字の読みを入力してください,Text
"小川輝__晃__
__晃__","あきら,あき","［晃］準一級
音: コウ／オウ 訓: 
意味: (太陽の)光(ひかり)。
(太陽の)明るい光が満ちるさま、同「晄」。",晃 → JPDB Kanji Freq: 2729,漢字の読みを入力してください,Text
"① __暈||か||__す，__暈__ける
色・輪郭(りんかく)が、ぼんやりする。
「ピントが━」
---
② 目眩・眩__暈__","まい,ぼか,ぼ","［暈］一級
音: ウン 訓: かさ／ぼか・す／ぼ・ける
意味: 太陽や月などの回りにできるぼんやりした光の輪、日暈(ニチウン)(ひがさ、太陽の周りにできる光の輪)」、月暈(ゲツウン)(つきがさ、月の周りにできる光の輪)」。
日「暈繝うんげん」、同系色の色を濃い色から淡い色へ、淡い色から濃い色へ、繰り返し並べて濃淡の境目を暈(ぼか)した模様、そのような模様の織物、同「繧繝」。
目が回る、ぼうっとする、ぼんやりする。",暈 → JPDB Kanji Freq: 2730,漢字の読みを入力してください,Text
"骨__董__，骨__董__品
古い美術品や古道具で、ねうちのあるもの。また、古くさいもの。",とう,"［董］準一級
音: トウ／ツウ 訓: 
意味: 正す、取り締まる、管理監督する。
大切にしまい込む。
董事(トンシ)ー」、団体の理事、会社の取締役。",董 → JPDB Kanji Freq: 2731,漢字の読みを入力してください,Text
"__捩__じる，__捩__る， __捩__じ込む
物を互いに逆方向に回す、スイッチや栓を回す","ねじ,ね","［捩］一級
音: レツ／レチ／レイ／ライ 訓: ねじ・る／ね・じる／よじ・る／もじ・る
意味: 逆方向に回す、回すようにして別方向に向ける、捻(ひね)る、「手(扌)を逆方向(戾)に回す」の意。
曲げた指を伸ばす弾(はじ)く・手首を捻る・掌を返すなど手や手首を曲げ伸ばししたり回転させる動作、「手(扌)を逆方向(戾)に曲げる」の意。",捩 → JPDB Kanji Freq: 2734,漢字の読みを入力してください,Text
__濱__健人,はま,"［濱］準一級／一級
音: ヒン 訓: はま
意味: 水際、水が打ち寄せるぎりぎりの所、水際の陸地側、水際の近くの陸地、同「瀕」。
境界の間近まで迫る、面する、接する。
同「浜」、但し本来「浜」は「(舟を停泊させたり航行させるための)小さな水路」の意。",濱 → JPDB Kanji Freq: 2736,漢字の読みを入力してください,Text
__篝__，__篝__火,かがり,"［篝］一級
音: コウ／ク 訓: かがり
意味: 伏籠(ふせご)、薫籠クンロウ、火や香炉コウロの上に伏せて被(かぶ)せる半球状の籠、その上に衣類などを置いて乾かしたり(温めたり)香りを移したりなどする、同「簼」「笿」。
かがり、木を組み重ねて焚(た)く、篝火(コウカ)(かがりび)」。
背負って荷を運ぶための竹製の籠(かご)。",篝 → JPDB Kanji Freq: 2737,漢字の読みを入力してください,Text
"__諫__める
①誤りやよくない点を改めるように言う。忠告する
②いましめる。禁止する。",いさ,"［諫］準一級
音: カン／ケン 訓: いさ・める
意味: (目上の人に)非(ヒ、正しくないこと)や過(あやま)ちを正すよう意見する、同「諌」「諍」。",諫 → JPDB Kanji Freq: 2738,漢字の読みを入力してください,Text
"__晦__ます・暗ます
①〈見つから／わから〉ないようにする。かくす。
「ゆくえを━」
②ごまかす。
「人目を━」
-----
大__晦__日
一年の最後の日。
「大晦日はゆっくりしよっと。」","みそ,くら","［晦］準一級
音: カイ／ケ 訓: みそか／つごもり／くら・ます
意味: みそか、陰暦(中国では農暦)の月の最後の日、晦日(カイジツ)(みそか)」、この日は月が出ない。
夜(よる)。
暗い、はっきりしない。
人からはっきり見えないさま。
韜晦(トウカイ)、人目に触(ふ)れないように姿を隠すこと。",晦 → JPDB Kanji Freq: 2740,漢字の読みを入力してください,Text
__棍__棒,こん,"［棍］一級
音: コン／ゴン 訓: 
意味: 丸い木の棒、棍棒(コンボウ)(丸い木の棒)」。
同じところに集まる、群がる、同「昆」。
棍徒(コント)、無頼ブライの徒、ならず者。",棍 → JPDB Kanji Freq: 2742,漢字の読みを入力してください,Text
"奇__譚__，英雄__譚__
〔文〕ものがたり。だん。",たん,"［譚］一級
音: ダン／タン／ドン 訓: 
意味: 物語、物語る、語り合う、同「談」。",譚 → JPDB Kanji Freq: 2744,漢字の読みを入力してください,Text
__鮫__，小判__鮫__，干柿鬼__鮫__,さめ,"［鮫］準一級
音: コウ／キョウ 訓: さめ
意味: 鮫(サメ)、鰓孔サイコウ(えらあな)が側面にある板鰓亜綱の魚類の総称、鰓孔が腹部にあるものはエイ類。
鮫人(コウジン)、伝説上の人魚(ニンギョ)、南海の海中に棲み、布を織(お)り、流した涙は真珠になるという。
馬鮫(バコウ)、サワラ鰆、サバ科サワラ属の海水魚、また同属の魚の総称",鮫 → JPDB Kanji Freq: 2745,漢字の読みを入力してください,Text
__桔__梗,き,"［桔］準一級
音: ケツ／ケチ／キツ／キチ 訓: 
意味: 桔梗(キキョウ)、キキョウ科キキョウ属の草{キキョウ}。
「桔槹、桔𣓌ケッコウ」、棹(さお)の先に縄で吊るした桶(おけ)を取り付け水を汲み上げる仕掛け、はね釣瓶(つるべ)。
マンダリン・オレンジmandarinorange、ミカン科ミカン属の木、別名「橘」「橘子」{マンダリン・オレンジ}。",桔 → JPDB Kanji Freq: 2746,漢字の読みを入力してください,Text
口を__噤__む，__噤__む,つぐ,"［噤］一級
音: キン／ゴン 訓: つぐ・む
意味: 口を閉じる、口を閉じて喋(しゃべ)らない、同「齽」。",噤 → JPDB Kanji Freq: 2747,漢字の読みを入力してください,Text
"突__撥__ねる，__撥__ねる，__撥__ね除ける
①漢字を書くとき、筆の終わりの向きを変えて、勢いよく紙からはなす。
「『水』の縦棒は━」
②取り除く。
「不良品を━」
③はじきとばす。
「自動車が人を━」",は,"［撥］一級
音: ハツ／ハチ／バチ 訓: は・ねる
意味: 草を刈り土を均(なら)す、乱れを治(おさ)める。
指や棒のような細長いものの先で動かす、突(つつ)いて動かす。
ぱっと開く、ぱっと跳ね上げる。
撥剌(ハツラツ)、いっぱいに弓を引き絞る、今にも弾けそうに力が漲(みなぎ)る。",撥 → JPDB Kanji Freq: 2750,漢字の読みを入力してください,Text
__睫__・ 目つ毛,まつげ,"［睫］一級
音: ショウ 訓: まつげ
意味: 目の縁(ふち)の細かい毛{毛(頭部)}。
一瞬目を瞑(つむ)る、瞬(まばた)きをする、同「䀹」「䀫」。",睫 → JPDB Kanji Freq: 2752,漢字の読みを入力してください,Text
"__烏滸__がましい
①ばかげていて、みっともない。物笑いになりそうだ。","こ,おこ","［滸］一級
音: コ／ク 訓: 
意味: 岸辺(きしべ)、岸(水面から厂字状に切り立ったところ)の陸地側の平らなところ、同「汻」「淲」「滹」。",滸 → JPDB Kanji Freq: 2755,漢字の読みを入力してください,Text
__蓼__食う虫も好き好き,たで,"［蓼］一級
音: リョウ／リク／ロク 訓: たで
意味: 蓼(タデ)、タデ科タデ属の草、また同科同属の草の称{タデ}。
蓼藍(リョウラン)、アイ藍、別名タデアイ蓼藍、タデ科イヌタデ属の草{アイ}。
(草などが)背が高く大きいさま、蓼蓼(リクリク)、同「𦾷」。
春秋時代(前770年～前5世紀)の古国名、現河南省南陽市唐河県付近、同「鄝」{河南省}。
舒蓼(ジョリョウ)、春秋時代の古国名、同「舒鄝」、現安徽省六安市舒城県付近{安徽省}。",蓼 → JPDB Kanji Freq: 2756,漢字の読みを入力してください,Text
"__囃__し立てる，持て__囃__す
（ほめことばやけなすことばを）さかんに言い立てる。",はや,"［囃］一級
音: ソウ／ゾウ 訓: はや・す
意味: 歌や踊りを盛り上げるために拍子を取ったり合いの手を入れたりする、またその掛け声。",囃 → JPDB Kanji Freq: 2757,漢字の読みを入力してください,Text
__鉤__爪，__鉤__括弧，__鉤__裂き,かぎ,"［鉤］準一級
音: コウ／ク 訓: かぎ
意味: 引っ掛けるために」Ｊ字状に針や棒の先を曲げたもの、フックhook、またそこに引っ掛ける、帯鉤(タイコウ)(帯の留め具、帯留め)」{服飾(留具)}。
」Ｊ字状に曲がったもの、引っ掛けるようにして切る刀や鎌など。
(奥にあるものを)引っ掛けるようにして取り出す。
鉤繩規矩(コウジョウキク)、規矩鉤繩(キクコウジョウ)曲がる線を描く道具(曲尺や雲形定規のようなものと思われる)と縄(墨縄、直線を引く道具)物事の基準となるもの。",鉤 → JPDB Kanji Freq: 2758,漢字の読みを入力してください,Text
"__灘__
①陸地に遠くて波のあらい海。
「玄界━」",なだ,"［灘］準一級
音: タン 訓: なだ
意味: 水が満ちた時には水底が水面より下になり、水が引いた時には水底が水面より上になるところ、同「𤅩」。
地と水がなだらかに接している水際(みぎわ)。
日潮(しお)の流れが速いところ。",灘 → JPDB Kanji Freq: 2759,漢字の読みを入力してください,Text
"煮え__滾__る，__滾__る
①はげしく流れる。
②煮えたつ。
「湯が━」
③感情がわきたつ。
「情熱が━」",たぎ,"［滾］一級
音: コン 訓: たぎ・る
意味: 水がごぼごぼと湧(わ)き立つように流れるさま。
転がる、転がるように動く。",滾 → JPDB Kanji Freq: 2761,漢字の読みを入力してください,Text
油__蝉__，__蝉__時雨，__蝉__の声,せみ,"［蝉］準一級
音: セン／ゼン 訓: せみ
意味: 蝉(セミ)、セミ科の昆虫、同「蜩」「䗁」、別名、蜩螗(チョウトウ)。
寒蝉(カンセン)、別名、寒蜩(カンチョウ)ツクツクボウシ(つくつく法師、寒蝉)、セミ科の昆虫晩夏から初秋にかけて鳴く小形の蝉(セミ)
(セミの鳴き声のように)途絶えることがないさま、絶えることなく続くさま
(セミの羽のように)透き通るように薄いさま。",蝉 → JPDB Kanji Freq: 2762,漢字の読みを入力してください,Text
__懺__悔，__懺__悔室,ざん,"［懺］一級
音: サン／セン／ザン 訓: 
意味: 犯した過ちを悔(く)いる、また悔いて告白する、懺悔(ザンゲ)。",懺 → JPDB Kanji Freq: 2763,漢字の読みを入力してください,Text
"__嘗__て・曽て
①〔過去の〕あるとき。以前。
「━見たことがある・━のにぎわい」",かつ,"［嘗］準一級
音: ショウ／ジョウ 訓: な・める／かつ・て
意味: 舌で舐(な)める、舐めて味見する。
試(ため)す、試しに。
その年の収穫物を供え祖先を祭(まつ)るために秋に行われる祭礼の名、春は、礿・禴(ヤク)(夏代・商代)」、祠(シ)(周代)」、夏は、禘(テイ)(夏代・商代)」、礿・禴(ヤク)(周代)」、冬は、烝(ジョウ)。
以前、以前に。",嘗 → JPDB Kanji Freq: 2767,漢字の読みを入力してください,Text
__稜__線，山__稜__,りょう,"［稜］準一級
音: ロウ／リョウ 訓: かど
意味: 二つの面が合わさってできる線状の角(かど)、線状に角張ったところ、筋状に盛り上がったところ、例えば紙を＜∟字状に折った時の折り目のところ、同「棱」「楞」「柧」。
威勢イセイ(人を圧倒するような勢い)があるさま、威圧イアツ(人を圧倒する)するさま。",稜 → JPDB Kanji Freq: 2771,漢字の読みを入力してください,Text
"__逗__留，__逗__留客
〔文〕旅先で、ある期間とまること。滞在。",とう,"［逗］準一級
音: トウ／ズ 訓: 
意味: 止(と)まる、止まって動かない、止(とど)まる、同じところに留(とど)まる。
滞在する、同「投」、逗留(トウリュウ)、逗宿・投宿(トウシュク)。
逗点(トウテン)、逗号(トウゴウ)、文の中に置く読みの区切り、「、」で表す、コンマcomma、同「読点」。
逗趣(トウシュ)、面白(おもしろ)おかしいさま。",逗 → JPDB Kanji Freq: 2774,漢字の読みを入力してください,Text
__檜__・檜の木，__檜__風呂,ひのき,"［檜］準一級
音: カイ／ケ 訓: ひのき
意味: 柩(ひつぎ)の蓋の飾り。
イブキ伊吹、ヒノキ科ビャクシン属の木、或いはその一種{イブキ}。
日ヒノキ(檜)、ヒノキ科ヒノキ属の木の総称{ヒノキ}。",檜 → JPDB Kanji Freq: 2777,漢字の読みを入力してください,Text
__癇__に障る，__癇__癪を起こす，__癇__癪,かん,"［癇］一級
音: カン／ゲン 訓: 
意味: 主に小児の発作的な手足の突っ張り、硬直・痙攣(ケイレン)、嘔吐(オウト)などの症状、ひきつけ、、癲癇(テンカン)。
日突然怒り出したり突然激しい感情を表す、またそのような性質、、癇癪(カンシャク)。",癇 → JPDB Kanji Freq: 2778,漢字の読みを入力してください,Text
__齧__り付く，__齧__る,"かじ,かぶ","［齧］一級
音: ゲツ／ゲチ 訓: かじ・る／か・む
意味: 上下の歯で物を挟(はさ)み強く咬(か)む、同「齦」。",齧 → JPDB Kanji Freq: 2779,漢字の読みを入力してください,Text
下__賤__，貴__賤__,せん,"［賤］準一級
音: セン／ゼン 訓: いや・しい／しず
意味: 値段が安い、価値が低い。
身分や地位が低い、品格などが劣る。
卑(いや)しい、品がない。",賤 → JPDB Kanji Freq: 2780,漢字の読みを入力してください,Text
"血__膿__，__膿__，__膿__む
❶うんだ所から出る黄色い液。
❷社会や集まりの中で害をなすもの。","うみ,う","［膿］準一級
音: ドウ／ノウ／ノ 訓: うみ／う・む
意味: 腫れ物や傷口にできる粘性の高い黄濁した液体、同「癑」「𧗕」。",膿 → JPDB Kanji Freq: 2784,漢字の読みを入力してください,Text
祈__祷__，黙__祷__,とう,"［祷］準一級
音: トウ 訓: いの・る／いの・り
意味: 神に望みを告げる、また告げ祈る、祈禱(キトウ)。",祷 → JPDB Kanji Freq: 2785,漢字の読みを入力してください,Text
"__臥__せる
① 病気で横になる。
「ただいま伏せっております」
〔「病気で」と言わなくても通じる〕
----
待ち草__臥__れる","ふ,くたび,び","［臥］準一級
音: ガ 訓: ふ・す／ふ・せる
意味: 身を横たえる、伏せる。",臥 → JPDB Kanji Freq: 2786,漢字の読みを入力してください,Text
__曝__す，雨__曝__し,さら,"［曝］準一級
音: ホク／ボク／バク 訓: さら・す
意味: 陽の当たる表に出す、(屋外に出して)日光や風雨などに当てる、陽に晒(さら)す。",曝 → JPDB Kanji Freq: 2787,漢字の読みを入力してください,Text
狡__猾__，怜悧狡__猾__,かつ,"［猾］一級
音: カツ／ゲチ 訓: 
意味: 狡(ずる)い、するりと身を躱(かわ)してうまく逃(のが)れる、同「滑」、狡猾(コウカツ)。
乱す、掻(か)き乱す、ごちゃごちゃさせる、同「滑」。",猾 → JPDB Kanji Freq: 2788,漢字の読みを入力してください,Text
敏__捷__，敏__捷__性，軽__捷__,しょう,"［捷］準一級
音: ショウ／ジョウ 訓: はや・い
意味: 勝つ、成し遂げる、目的を達する。
成し遂げて利を得る、戦いや狩りで戦利品や獲物を得る、またそれによって得たもの。
動作や反応・対応が素早い、機転(気転)が利く、同「疌」。",捷 → JPDB Kanji Freq: 2789,漢字の読みを入力してください,Text
__曳__航，__曳__光弾,えい,"［曳］準一級
音: エイ 訓: ひ・く
意味: 引っ張る、綱などの長いもの(またその先に物を繋いだもの)を引き摺(ず)るようにして引っ張る。",曳 → JPDB Kanji Freq: 2790,漢字の読みを入力してください,Text
__贖__う (Eve - pray),あがな,"［贖］一級
音: ショク／ゾク 訓: あがな・う
意味: 財貨と物を(また物と財貨を)交換する、同「貿」。
財貨を差し出して質草(借金の担保)を請(う)け出す。
財貨を差し出して身柄を引き取る。
贖罪(ショクザイ)、財貨などを差し出して罪を帳消しにする。",贖 → JPDB Kanji Freq: 2791,漢字の読みを入力してください,Text
__鯖__を読む，__鯖__折り，__鯖__,さば,"［鯖］準一級
音: セイ／ショウ 訓: さば
意味: 鯖(サバ)、サバ科サバ属の海水魚。
魚と焼いた肉を煮込んだ料理、同「𦙫」。",鯖 → JPDB Kanji Freq: 2794,漢字の読みを入力してください,Text
__叢__林,そう,"［叢］準一級
音: ソウ／ズ 訓: くさむら
意味: 草木が群がり生えるさま。
多くの人やものが一か所に集まる、また集める、同「聚」。",叢 → JPDB Kanji Freq: 2796,漢字の読みを入力してください,Text
形__而__上，形__而__上学,じ,"［而］準一級
音: ジ／ニ 訓: しか・して／しこう・して／しか・も／なんじ
意味: しか・して、しこう・して、～して～、こうして～、そうして～。
しか・も、～で～、～でその上に～、それなのに～
即ち、～は即ち～、～であれば即ち～。
汝なんじ、(同輩または後輩に対して)あなた、君、you。
頬髭(ほおひげ)、同「髵」。
しかして、しこうして、部首名。",而 → JPDB Kanji Freq: 2799,漢字の読みを入力してください,Text
__鍔__迫り合い，__鍔__,つば,"［鍔］準一級
音: ガク 訓: つば
意味: 刀剣の刃、同「㓵」。
日つば、刀の柄(つか、手で握る部分)と刀身の境目に挟み手を防護するための環状の金具。",鍔 → JPDB Kanji Freq: 2801,漢字の読みを入力してください,Text
__燦__めく,きら,"［燦］準一級
音: サン 訓: 
意味: 眩(まばゆ)いばかりに光り煌(きら)めくさま、明るく鮮やかなさま。",燦 → JPDB Kanji Freq: 2802,漢字の読みを入力してください,Text
反__芻__,すう,"［芻］一級
音: ス／シュ／スウ 訓: 
意味: 草を刈(か)る、刈り取った草。
牛馬などの家畜の飼料シリョウとする乾草(ほしくさ)、飼葉(かいば)。",芻 → JPDB Kanji Freq: 2803,漢字の読みを入力してください,Text
__荊__棘の道，__荊__棘,けい,"［荊］準一級
音: ケイ／キョウ 訓: いばら
意味: 刺のある木の総称、刺のある木の棒。
牡荊(ボケイ)、ニンジンボク人参木、シソ科ハマゴウ属の木{ニンジンボク}。
夏代(前21世紀～前17世紀)の九州キュウシュウ(九つの国)の一つ、荊州(ケイシュウ)、現在の湖北省から湖南省北部にかけての地(【尚書
荊妻(ケイサイ)、自分の妻の謙称。",荊 → JPDB Kanji Freq: 2804,漢字の読みを入力してください,Text
"__梳__る
〔文〕くしでかみの毛をとかす。",くしけず,"［梳］一級
音: ソ／ショ 訓: と・く／す・く／くしけず・る
意味: 櫛(くし)、歯の目が比較的粗い櫛、目が細かいものは「篦」「枇」、総称して「櫛」。
櫛で髪の毛を整える",梳 → JPDB Kanji Freq: 2805,漢字の読みを入力してください,Text
"__梳__く
かみの毛をくしでとかす。
「よく梳いてからかみの毛を三つあみにする。」",す,"［梳］一級
音: ソ／ショ 訓: と・く／す・く／くしけず・る
意味: 櫛(くし)、歯の目が比較的粗い櫛、目が細かいものは「篦」「枇」、総称して「櫛」。
櫛で髪の毛を整える",梳 → JPDB Kanji Freq: 2805,漢字の読みを入力してください,Text
叱__咤__，叱__咤__激励,た,"［咤］一級
音: タ／チャ 訓: 
意味: 大声で叱(しか)る、怒鳴(どな)る、叱咤(シッタ)、同「吒」。
舌打ちする。
誇(ほこ)る、中身のないものを大きく見せる、またそれを訝(いぶか)しく思う。",咤 → JPDB Kanji Freq: 2806,漢字の読みを入力してください,Text
"佳__什__
①〔文〕ふだん使う家具類。器具。うつわ。",じゅう,"［什］準一級
音: シュウ／ジュウ 訓: 
意味: (数字の)十。
十人・十家など十を一組とする単位、五人は「伍」、百人は「佰」、千人は「仟」。
什器(ジュウキ)、日常必要となる食器や器具。
什么・什麽(ジュウマ・シュンマァ)(よく分からないことや人について尋ねて)どんな～？、どのような～？(よく分からないことや人について)何、何か、誰、誰か、何処、何処か。",什 → JPDB Kanji Freq: 2807,漢字の読みを入力してください,Text
動__悸__，心__悸__亢進，心__悸__,き,"［悸］一級
音: キ／ギ 訓: 
意味: 恐怖・不安・緊張・興奮・病気などによって拍動ハクドウ(心臓の脈動運動)が乱れる(速くなる、大きくなる、不規則になるなど)、胸がどきどきする、同「𢜽」「痵」、動悸(ドウキ)。
(帯が垂れて)揺れ動く。",悸 → JPDB Kanji Freq: 2809,漢字の読みを入力してください,Text
"__堰__く，__堰__を切る
〔文〕さえぎりとめる。
「岩にせかれる川の流れ」","せき,せ","［堰］準一級
音: エン／オン 訓: せき
意味: 水の流れを止めたり調節したりするための土盛り、水を溜めたり、水の流れを幾つかに分けたり、その量を変えたりするための土盛り、また水の流れを止める、同「隁」「𨻳」。",堰 → JPDB Kanji Freq: 2811,漢字の読みを入力してください,Text
__倦__む，__倦__ねる,あぐ,"［倦］準一級
音: ケン／ゲン 訓: う・む／あぐ・む／あ・く
意味: 疲れる、疲れて力が出ない、同「𠉮」「惓」「勌」「劵」。
気力がない、気力がなく進んでことをしようとしない、同「懈」。",倦 → JPDB Kanji Freq: 2812,漢字の読みを入力してください,Text
秘__訣__，__訣__別，永__訣__,けつ,"［訣］準一級
音: ケツ／ケチ 訓: 
意味: 長い別れ、永遠の別れ、きっぱりと分かれる、訣別(ケツベツ)。
別れの言葉。
技術や方法などを韻を踏んだ文句モンクに纏(まと)めたもの、こつ、極意ゴクイ、口訣(コウケツ)、秘訣(ヒケツ)。",訣 → JPDB Kanji Freq: 2814,漢字の読みを入力してください,Text
"__寅__・虎
十二支の三番め。⇨ 十二支（図）",とら,"［寅］準一級
音: イン 訓: とら
意味: 十二支の三番目、方角では東北東、時刻では午前四時を中心とした二時間、日の出の方角また時刻{十二支}。
敬う、敬い慎(つつし)む、同「夤」。",寅 → JPDB Kanji Freq: 2815,漢字の読みを入力してください,Text
__韋__駄天，__韋__編,い,"［韋］一級
音: イ 訓: 
意味: 鞣(なめ)した動物の革、生皮は「皮」、動物の皮を剥(は)いで平らに延ばし乾かしたりしたものは「革」。
周(まわ)り、周りを囲(かこ)む、同「圍」。
違(ちが)う、違(たが)える、同「違」。
なめしがわ、部首名。",韋 → JPDB Kanji Freq: 2817,漢字の読みを入力してください,Text
__鰻__，痺れ__鰻__，八目__鰻__,うなぎ,"［鰻］準一級
音: バン／マン 訓: うなぎ
意味: 鰻(ウナギ)、ウナギ目の魚の総称、鰻鱺(バンレイ)。
ウナギ似た細長い形の魚の呼称、海鰻(カイマン)(ハモ鱧、ハモ科の魚)」、蛇鰻(シャマン)(ウミヘビ海蛇、ウミヘビ科の魚)」。",鰻 → JPDB Kanji Freq: 2819,漢字の読みを入力してください,Text
"__煤__，__煤__ける
①煤がついて黒くなる。また、古くなってうすよごれる。けむりの中にふくまれる黒い粉。
「煤けた煙突」
参考 : だけどロ内には煤の付着も少ないし、浮腫もみられない。(シロナガス島への帰還)",すす,"［煤］準一級
音: バイ／マイ／メ 訓: すす
意味: すす、ものを燃やした時に出る煙の粒子が飛散せずに黒く溜(た)まったもの、同「炱」。
石炭、煤炭(バイタン)、煤田(バイデン)(炭田)」。",煤 → JPDB Kanji Freq: 2820,漢字の読みを入力してください,Text
__飄__々，__飄__然，__飄__逸,ひょう,"［飄］一級
音: ヒョウ／ビョウ 訓: 
意味: 旋風センプウ(つむじかぜ)、渦巻くように吹き上がる風。
ものが風に翻(ひるがえ)る、風に吹かれて舞う、風の吹くままに漂う。",飄 → JPDB Kanji Freq: 2821,漢字の読みを入力してください,Text
待__侘__びる，__侘__びる，__侘__しい,わび,"［侘］一級
音: タ／チャ 訓: わ・びる／わび・しい／わび
意味: 誇(ほこ)る、中身のないものを大きく見せようとする。
願いや思いが叶(かな)わず気力を失う、同「㤞」
侘傺(タテイ)、気落ちして進退が定まらない(どうしてよいか分からない)さま、同「㤞憏」
日わ・びる、思い願う、思い悩む。
日。",侘 → JPDB Kanji Freq: 2822,漢字の読みを入力してください,Text
"__嬲__る，__嬲__り殺し
①（時間をかけて）苦しめて楽しむ。
「大ぜいの中で━・人を━のもいいかげんにしろ」",なぶ,"［嬲］一級
音: ジョウ／ニョウ 訓: なぶ・る
意味: 悪ふざけする、からかう、苛(いじ)める、同「嬈」「嫐」。
相手が嫌がるのも構わずにあれやこれやと口や手を出す、うるさく付き纏(まと)う。",嬲 → JPDB Kanji Freq: 2823,漢字の読みを入力してください,Text
__顛__末,てん,"［顛］準一級
音: テン 訓: 
意味: 頂いただき、頂上、同「巓」、白顚(ハクテン)(頭髪が白いさま)」。
ものの先端、最初、、顚末(テンマツ)(始めから終わりまで)」。
倒れる、逆(さか)さまになる、逆ギャクになる、同「傎」、顚倒(テントウ)(上下が逆になるさま)」。
気が狂う、錯乱サクランして気を失い倒れる、同「癲」。",顛 → JPDB Kanji Freq: 2825,漢字の読みを入力してください,Text
__巴__戦，__巴__ (写輪眼 - ナルト),ともえ,"［巴］準一級
音: ハ／ヘ 訓: ともえ
意味: 古国名、古族名、現四川省東部{四川省}。
腹這い(はらばい)になる。
ぴったりと付く、へばりつく、張り付く。
日ともえ、鞆絵(ともえ)、鞆(とも、弓の弦が直接腕に当たることを防ぐために手首近くに巻く革製の帯)を図案化した形。",巴 → JPDB Kanji Freq: 2826,漢字の読みを入力してください,Text
__絢__爛，豪華__絢__爛,けん,"［絢］準一級
音: ケン 訓: 
意味: 色糸を使った美しい模様、模様が美しいさま。",絢 → JPDB Kanji Freq: 2827,漢字の読みを入力してください,Text
"__屹__立，__屹__然
__屹__度 (gikun)","きつ,きっと","［屹］一級
音: ギツ／ゴチ／キツ 訓: 
意味: 周りの山よりもひときわ高く聳(そび)え立つさま。
高く聳えどっしりとして動かないさま。",屹 → JPDB Kanji Freq: 2829,漢字の読みを入力してください,Text
陰__嚢__，背__嚢__,のう,"［嚢］
音:  訓: 
意味: ",嚢 → JPDB Kanji Freq: 2830,漢字の読みを入力してください,Text
"__窄__む，__窄__まる，見__窄__らしい
〈太かった／大きかった〉ものが、〈細く／小さく〉なる。
「すそがすぼんだズボン・口が━・勢いが━・小さくすぼんだ背中」",すぼ,"［窄］準一級
音: サク／シャク 訓: すぼ・む／つぼ・む
意味: 周りから圧(お)されて狭くなる、また小さくなる。
狭い、余裕がない。",窄 → JPDB Kanji Freq: 2831,漢字の読みを入力してください,Text
__錐__揉み,きり,"［錐］準一級
音: スイ 訓: きり
意味: 先が鋭く尖(とが)る、またそのような形、またそのような形をしたもの、円錐(エンスイ)、錐矢(スイシ)(金属製の鏃やじり)」。
きり、回転させ穴を穿(うが)つための先を鋭く尖らせた道具。",錐 → JPDB Kanji Freq: 2832,漢字の読みを入力してください,Text
円__錐__，三角__錐__,すい,"［錐］準一級
音: スイ 訓: きり
意味: 先が鋭く尖(とが)る、またそのような形、またそのような形をしたもの、円錐(エンスイ)、錐矢(スイシ)(金属製の鏃やじり)」。
きり、回転させ穴を穿(うが)つための先を鋭く尖らせた道具。",錐 → JPDB Kanji Freq: 2832,漢字の読みを入力してください,Text
"飛__騨__
飛__騨__の匠",だ,"［騨］準一級
音: タ／ダ／タン／ダン 訓: 
意味: 濃い青毛に点々と銭(ぜに)形の薄い青色の斑点ハンテンがある馬の名。
騨騱(タンケイ)、野生の馬の名、【說文解字",騨 → JPDB Kanji Freq: 2833,漢字の読みを入力してください,Text
怒__涛__，怒__涛__の勢い; 疾風怒__涛__,とう,"［涛］準一級
音: トウ／ドウ 訓: なみ
意味: 大きな波。
大きな波が打ち当たる音。",涛 → JPDB Kanji Freq: 2835,漢字の読みを入力してください,Text
__饒__舌，豊__饒__，__饒__舌家,じょう,"［饒］一級
音: ジョウ／ニョウ 訓: 
意味: 十分過ぎるほど多い、たっぷりと蓄(たくわ)えがある、余裕がある、富(と)む。
寛大な気持ちで罪を許す。",饒 → JPDB Kanji Freq: 2837,漢字の読みを入力してください,Text
荼__毘__，__毘__沙門天，金__毘__羅,"ヒ,ビ","［毘］準一級
音: ヒ／ビ 訓: 
意味: 脇から支え助ける、毘佐(ヒサ)(補佐すること)」、同「毗」。
毘陵(ヒリョウ)、古地名、現江蘇省常州市、同「毗陵」{江蘇省}。
毘沙門天(ビジャモンテン)、仏教の四天王(東方の持国天、南方の増長天、西方の広目天、北方の毘沙門天)の一神で多聞天とも呼ばれる、「毘沙門」はVaiśravaṇa梵の音写。",毘 → JPDB Kanji Freq: 2841,漢字の読みを入力してください,Text
__蛾__，誘__蛾__灯，毒__蛾__,が,"［蛾］準一級
音: ガ／ギ 訓: 
意味: 蛾(ガ)、チョウ目のチョウ蝶類を除いた虫。
蚕蛾(サンガ)、カイコガ蚕蛾、カイコ蚕(カイコガ科カイコガ属の昆虫の幼虫)の成虫。
大形のアリ蟻。
蛾眉(ガビ)、ガの触角のように美しい形の眉、目元が美しいさま、美しい女性。",蛾 → JPDB Kanji Freq: 2842,漢字の読みを入力してください,Text
__鋏__む，__鋏__，握り__鋏__,"はさみ,はさ","［鋏］一級
音: キョウ 訓: はさ・む／はさみ／やっとこ
意味: 熱した金属や融けた金属が入った容器などを挟(はさ)み持つ道具。
物を挟み切る道具。
剣(つるぎ)、両刃の刀、またその柄(つか、取っ手の部分)。",鋏 → JPDB Kanji Freq: 2843,漢字の読みを入力してください,Text
蜜__柑__,かん,"［柑］準一級
音: カン 訓: 
意味: 科(ミカン)ミカン属の植物、ミカン(蜜柑)やオレンジorangeの類、その果実、柑橘(カンキツ){ミカン}{オレンジ}。",柑 → JPDB Kanji Freq: 2844,漢字の読みを入力してください,Text
"家__蠅__，__蠅__
五月__蠅__い","はえ,さ","［蠅］準一級
音: ヨウ 訓: はえ
意味: ハエ(蠅)、ハエ目の昆虫、青蠅(セイヨウ)。
イエバエ(家蠅)、イエバエ科の昆虫。",蠅 → JPDB Kanji Freq: 2845,漢字の読みを入力してください,Text
__膠__着状態，__膠__着,こう,"［膠］一級
音: コウ／キョウ 訓: にかわ
意味: 動物の皮や角をよく煮詰めて作った接着剤。
樹液などで粘りのあるもの。
くっつける、くっつけて固める、くっついて動かない。
簡「胶」。",膠 → JPDB Kanji Freq: 2846,漢字の読みを入力してください,Text
__箔__が付く，金__箔__，__箔__押し,はく,"［箔］準一級
音: ハク／バク 訓: 
意味: 竹を平行に並べて紐などで編んだ簾(すだれ)。
蚕(かいこ)を飼(か)うために竹などを網状に編んだもの、蚕箔(サンパク)、同「簿」。
金属を叩(たた)いて薄く延(の)ばしたもの。",箔 → JPDB Kanji Freq: 2848,漢字の読みを入力してください,Text
"__椀__，__椀__型，汁__椀__
❶ご飯やしるなどを入れる、うつわ。
❷わんに盛ったものを数えることば。",わん,"［椀］準一級
音: ワン 訓: まり
意味: 食べ物や飲み物を盛るための深めの器、同「盌」、特に木製のものを指す、陶製は「埦」、石製は「碗」、金属製は「鋺」{器}。",椀 → JPDB Kanji Freq: 2849,漢字の読みを入力してください,Text
"__戌__・犬
十二支の十一番め。⇨ 十二支（図）",いぬ,"［戌］一級
音: シュツ／シュチ／ジュツ 訓: いぬ
意味: いぬ、十二支の十一番目、時間は午後八時を中心とした二時間、動物は犬を当てる{十二支}。",戌 → JPDB Kanji Freq: 2850,漢字の読みを入力してください,Text
儀__仗__兵，儀__仗__,じょう,"［仗］一級
音: チョウ／ジョウ 訓: 
意味: 剣や戟ゲキ(長い柄の先に刃物を取り付けた武器)などの手に持つ兵器の総称{武器(刀剣槍)}。
儀仗(ギジョウ)、式典などの際に掲げ持つ武器など、またそれを持つ兵。
頼(たよ)る、頼(たの)みにする。",仗 → JPDB Kanji Freq: 2851,漢字の読みを入力してください,Text
__宦__官，__宦__者,かん,"［宦］一級
音: カン／ゲン 訓: 
意味: 主君に仕(つか)える、役人として仕える。
古くは後宮コウキュウ(皇后や妃などが居住する館)に仕える去勢された男子を指したが、後には官吏カンリ(役人)や男子の使用人一般を指すようになった。
学問・学習に関する事務に携わる官吏カンリ。",宦 → JPDB Kanji Freq: 2852,漢字の読みを入力してください,Text
暖__簾__，暖__簾__に腕押し,れん,"［簾］準一級
音: レン 訓: すだれ
意味: 竹や葦(あし)などを平行に並べ紐(ひも)で編み、扉や戸や窓などに垂らす目隠し、同簡「帘」。",簾 → JPDB Kanji Freq: 2853,漢字の読みを入力してください,Text
途__轍__もない，__轍__を踏む,てつ,"［轍］準一級
音: テツ／テチ 訓: わだち
意味: 車が通った後に残る車輪が作った窪(くぼ)み、一本の車軸に車輪が二つある場合は、この二本の轍をセットにして「軌」という。
過ぎ去った物事の痕跡コンセキ。",轍 → JPDB Kanji Freq: 2854,漢字の読みを入力してください,Text
"__蹄__ ʊ 
牛・馬・羊などの足の先にある、かたい角質のつめ。",ひづめ,"［蹄］準一級
音: テイ／ダイ 訓: ひづめ
意味: ひづめ、ウマ馬やウシ牛などの獣(けもの)の足、脚(あし)の先の堅(かた)い部分、同「蹏」。
ウサギ兔を捕(と)らえる道具、同「蹏」。
筌蹄(センテイ)筌(魚を捕る道具)と蹄(ウサギを捕らえる道具)ある目的を達するための道具、また手引きや案内古代士大夫シタイフ(諸侯の下に位する貴族階級)が講話や説法をするときに手に持つ払子ホッスの類。",蹄 → JPDB Kanji Freq: 2857,漢字の読みを入力してください,Text
僥__倖__，射__倖__心,こう,"［倖］準一級
音: コウ／ギョウ 訓: 
意味: 思い掛けない幸せ、幸運、同「幸」。
僥倖(ギョウコウ)思い掛けない幸せ、分不相応な幸運飽くことなく利益や幸せを求めること。
佞倖(ネイコウ)、主君に諂(へつら)い阿(おもね)ること、主君の機嫌を取って気に入られようとすること、またそのような人、「飽くことなく自分の幸いを得ようとする」の意。",倖 → JPDB Kanji Freq: 2858,漢字の読みを入力してください,Text
"__拮__抗
同等の力・勢力で、たがいにあらそうこと。
「━関係」",きつ,"［拮］一級
音: キツ／キチ／ケツ／ケチ 訓: 
意味: (握ったり抱かえたりするような時に)ぐっと力を入れる。
拮据(キッキョ)ぐっと掴(つか)む、ぐっと摘(つ)まむ遣り繰り(やりくり)する、(生活するのに)苦労する。
拮抗(キッコウ)、力や能力などの差が殆(ほとん)どなく優劣・甲乙付け難い(つけがたい)さま、同、頡頏(ケッコウ)",拮 → JPDB Kanji Freq: 2859,漢字の読みを入力してください,Text
__僭__越ながら，__僭__越，__僭__称,せん,"［僭］一級
音: セン 訓: 
意味: 身分や権限を越える、本分を越える、度を越える、同「僣」。
(身分や権限を越えて)真似(まね)る、擬(なぞら)える。",僭 → JPDB Kanji Freq: 2860,漢字の読みを入力してください,Text
__孵__る，__孵__す,かえ,"［孵］一級
音: フ 訓: かえ・る／かえ・す
意味: 卵の殻(から)を破って子が出てくる、孵化(フカ)、同「孚」。",孵 → JPDB Kanji Freq: 2862,漢字の読みを入力してください,Text
天__誅__，__誅__殺，__誅__伐，__誅__戮，苛斂__誅__求,ちゅう,"［誅］一級
音: チュウ 訓: 
意味: 罪などを厳(きび)しく咎(とが)める、責(せ)める。
咎め罰する。
討(う)つ、罪を責めて殺す、関係する者を皆殺しにする。
取り除く、(草木などを)切り払う。",誅 → JPDB Kanji Freq: 2863,漢字の読みを入力してください,Text
爪__楊__枝，__楊__枝，武士は食わねど高__楊__枝,よう,"［楊］準一級
音: ヨウ 訓: やなぎ
意味: ポプラpoplar、枝の垂れないヤナギ科ヤマナラシ属の木の総称、枝が垂れるものは「柳」{ポプラ}{ヤマナラシ}{ヤナギ}。",楊 → JPDB Kanji Freq: 2867,漢字の読みを入力してください,Text
"細波・小波・__漣__
①細かに立つ波。
「━立(だ)つ」
②少しぎくしゃくした関係。
「両者の間に━が広がる」",さざなみ,"［漣］準一級
音: レン 訓: さざなみ
意味: 風が吹いて水面にできる小さく細かい波、たくさんの小さい波が幾重にも繰り返し続くさま。
涙が次々に連なって滴(したた)り落ちるさま。
大きな波。",漣 → JPDB Kanji Freq: 2868,漢字の読みを入力してください,Text
珠襦玉__匣__,こう,"［匣］一級
音: コウ／ギョウ／ゴウ 訓: はこ
意味: 物を整理収納するための小箱、匱(キ)より小さく、匵(トク)より大きいもの。",匣 → JPDB Kanji Freq: 2869,漢字の読みを入力してください,Text
__鵺__,ぬえ,"［鵺］一級
音: ヤ 訓: ぬえ
意味: 鳥名、姿はキジ雉に似て翼は白く足が黄色い鳥。
日ぬえ、伝説上の怪獣、同「鵼」
日。",鵺 → JPDB Kanji Freq: 2872,漢字の読みを入力してください,Text
"__漲__る
①水が、あふれたようにいっぱいに広がる。
②広がっていっぱいになる。",みなぎ,"［漲］一級
音: チョウ 訓: みなぎ・る
意味: 水が川や池や器(うつわ)などから今にも溢(あふ)れ出しそうな程にいっぱいになる、同「涱」。
はち切れんばかりにいっぱいになる、まさに限界を超える程になる。
水位が高くなる。",漲 → JPDB Kanji Freq: 2874,漢字の読みを入力してください,Text
__巷__，修羅の__巷__,ちまた,"［巷］準一級
音: コウ／ゴウ 訓: ちまた
意味: 市街・町村内の道、街巷(ガイコウ)、里巷(リコウ)。
その両側に並ぶ家、家が建ち並んでいるところ、町(まち)。
日世間セケン、世の中。",巷 → JPDB Kanji Freq: 2877,漢字の読みを入力してください,Text
__悍__ましい,おぞ,"［悍］一級
音: カン／ガン 訓: おぞ・ましい
意味: 気が強く勇ましい。
おぞ・ましい、気が強く荒々しい。
日おぞ・ましい、気味が悪く不快なさま。",悍 → JPDB Kanji Freq: 2878,漢字の読みを入力してください,Text
__梟__,ふくろう,"［梟］一級
音: キョウ 訓: ふくろう
意味: 梟(フクロウ)、フクロウ科の鳥、また同科同属の鳥の称、同、鴟鴞(シキョウ)「𩾣」、別名、貓頭鷹(ミョウトウヨウ)、フクロウは子が巣立つ頃に母鳥を食い、その後に飛び立つといわれ、不孝鳥(フコウチョウ)(ふこうどり)」とも呼ばれる。
罪人の首を高く掲(かか)げて晒(さら)す、晒して見せしめにする、、梟首(キョウシュ)
猛々(たけだけ)しいさま、荒々しいさま
飛び抜けているさま、、梟才(キョウサイ)(才智が傑出しているさま)」。
集団の(特に悪党の)首領シュリョウ。",梟 → JPDB Kanji Freq: 2879,漢字の読みを入力してください,Text
__憮__然，__憮__然として,ぶ,"［憮］一級
音: ブ／ム 訓: 
意味: 意に沿(そ)わず失望する、がっかりする、同「㒇」。
愛撫アイブする、愛(いと)おしむ、同「撫」。
見目好(みめよ)いさま、愛らしいさま、同「嫵」。",憮 → JPDB Kanji Freq: 2882,漢字の読みを入力してください,Text
__埠__頭,ふ,"［埠］準一級
音: ホ／ブ／フ 訓: 
意味: 波止場(はとば)、荷物の積み下ろしをするための船着き場、同「埗」。
(交易のための波止場がある)商業の拠点となる都市。",埠 → JPDB Kanji Freq: 2884,漢字の読みを入力してください,Text
__筐__体，__筐__『アオのハコ』,きょう,"［筐］一級
音: キョウ／コウ 訓: かご／かたみ
意味: 竹製の四角い箱状の容器、籠(かご)、丸いものは、筥(キョ)。
周りを囲む、四方を囲む枠(わく)、同「框」。",筐 → JPDB Kanji Freq: 2885,漢字の読みを入力してください,Text
豊__葦__原中津国 (ノラガミ),あし,"［葦］準一級
音: イ 訓: あし／よし
意味: 葦(アシ)、イネ科ヨシ属の草、花穂カスイ(イネ・ムギなどのように穂スイ状になっている花)の十分に発育していない若いものは「葭」「蘆」{アシ}{花穂}。",葦 → JPDB Kanji Freq: 2889,漢字の読みを入力してください,Text
__肴__，酒の__肴__,さかな,"［肴］準一級
音: コウ／ギョウ 訓: さかな
意味: 魚肉などを調理した食べ物、穀類以外の食べ物。
日飲酒の時に供される食べ物。",肴 → JPDB Kanji Freq: 2890,漢字の読みを入力してください,Text
__紬__，琴吹__紬__『けいおん!』,つむぎ,"［紬］準一級
音: チュウ／ジュウ 訓: つむぎ
意味: 繭の糸口(いとぐち、糸の先端)、繭の糸口を見付け、そこから糸を引き出す、同「抽」。
繭や綿から引き出した節(ふし、紡いだ糸の途中にできる膨らみ)のある糸で織った布。",紬 → JPDB Kanji Freq: 2892,漢字の読みを入力してください,Text
発__疹__，蕁麻__疹__，麻__疹__,しん,"［疹］準一級
音: シン／チン 訓: 
意味: 皮膚にできる小さな腫物(はれもの)や吹出物(ふきでもの)の総称、湿疹(シッシン)、汗疹(カンシン)(あせも)」、痲疹・麻疹(マシン)(はしか)」など、同「疿」。
病気、病(やまい)、病(や)む。",疹 → JPDB Kanji Freq: 2893,漢字の読みを入力してください,Text
気息__奄__々，気息__奄奄__,えん,"［奄］準一級
音: エン 訓: 
意味: 覆(おお)う、大きく広げて上から被(かぶ)せる、覆い隠す。
奄忽(エンコツ)今にも絶(た)えそうなさま、(息が)弱々しいさま忽(たちま)ち、俄(にわ)かに、同「𩗷𩗛」。
奄奄(エンエン)、息が絶え絶えなさま。
周代(前11世紀～前256年)の魯国(前11世紀～前256年)にあった国名、現山東省済寧市曲阜市、同「䣍」。
日「奄美(あまみ)」、市名、地名(島名)、鹿児島県、「奄美市」「奄美大島」「奄美群島」",奄 → JPDB Kanji Freq: 2894,漢字の読みを入力してください,Text
"__悉__く
一つ残らず。全部。
「財産を━失う・発言の━がでたらめだ」",ことごと,"［悉］準一級
音: シツ／シチ 訓: ことごと・く
意味: ことごと・く、全て、余すところなく、あるものを残らず、悉皆(シッカイ)(全て)」、悉心(シッシン)(心を尽くす)」、悉数(シッスウ)(あるだけ全てを列挙する)」、知悉(チシツ)(余すところなく知り尽くす)」、同「盡(尽)」。",悉 → JPDB Kanji Freq: 2895,漢字の読みを入力してください,Text
知__悉__,しつ,"［悉］準一級
音: シツ／シチ 訓: ことごと・く
意味: ことごと・く、全て、余すところなく、あるものを残らず、悉皆(シッカイ)(全て)」、悉心(シッシン)(心を尽くす)」、悉数(シッスウ)(あるだけ全てを列挙する)」、知悉(チシツ)(余すところなく知り尽くす)」、同「盡(尽)」。",悉 → JPDB Kanji Freq: 2895,漢字の読みを入力してください,Text
__辟__易，復__辟__,へき,"［辟］一級
音: ヘキ／ヒャク 訓: 
意味: 法、法律や規則、手順や作法、基準や標準。
罪、法に反する
刑罰、罪を責めて罰する
考えや行いが普通(多くの人が妥当と考えていること)と懸け離れている、同「僻」。
避ける、身を躱(かわ)す、同「避」。
押し開(ひら)く、開(ひら)ける、同「闢」。
天子テンシ、君主(クンシュ)、天下・国家を治める者。
天子・君主の側(そば)に仕える者、また官職の名。",辟 → JPDB Kanji Freq: 2899,漢字の読みを入力してください,Text
排__泄__物，排__泄__,せつ,"［泄］一級
音: セツ／セチ／エイ／エ 訓: 
意味: 液体や気体などが外に漏れ出る、少しずつゆっくりと外に流れ出る、同「洩」。
泄泄(エイエイ)、ゆっくりとしたさま、ゆったりとしたさま、同「洩洩」。",泄 → JPDB Kanji Freq: 2901,漢字の読みを入力してください,Text
アキレス__腱__，__腱__鞘炎,けん,"［腱］一級
音: ケン／コン 訓: 
意味: 随意筋ズイイキン(自分の意志で動かすことができる筋肉、骨格筋など)の両端にあり筋肉が骨に繋がる部分の組織。",腱 → JPDB Kanji Freq: 2903,漢字の読みを入力してください,Text
__哄__笑，__哄__然,こう,"［哄］一級
音: コウ／グ 訓: 
意味: 大勢が共に揃って声を立てる、どよめく、同「𠹅」。
哄騙(コウヘン)、欺(あざむ)く、誑(たぶら)かす。",哄 → JPDB Kanji Freq: 2904,漢字の読みを入力してください,Text
塹__壕__，防空__壕__,ごう,"［壕］準一級
音: コウ／ゴウ 訓: ほり
意味: 都市や城の周りに巡らせた堀(ほり)、堀(ほり)、窪(くぼ)み、同「濠」。",壕 → JPDB Kanji Freq: 2905,漢字の読みを入力してください,Text
"__箏__曲，__箏__の琴
琴の（ための）楽曲。",そう,"［箏］一級
音: ソウ／ショウ 訓: こと
意味: 長い箱状の弦楽器、琴柱(ことじ)の位置を変えることで音程を調節する{楽器(弦楽器)}、胴が板状で琴柱がないものは「琴」。",箏 → JPDB Kanji Freq: 2906,漢字の読みを入力してください,Text
物見__櫓__，火の見__櫓__，__櫓__,やぐら,"［櫓］準一級
音: ロ 訓: やぐら
意味: 城壁などに設けた高い物見台、望楼ボウロウ。
壁のように木や板を組んだ大きな盾(たて)。
(通常船尾で立った状態で)舟を漕(こ)ぐ棒状の道具、同「艪」。
日木を高く組んだ構築物、四本足の台状のものや工事用の足場など。",櫓 → JPDB Kanji Freq: 2907,漢字の読みを入力してください,Text
抜__擢__,てき,"［擢］準一級
音: タク／ダク／テキ 訓: ぬき・んでる
意味: 多くのものの中でそれ(その者)だけが突出トッシュツしている、他よりもそれ(その者)だけが一段と優(すぐ)れている。
多くのものの中から抜き出す、また引き出す、また引き上げる。
抜擢(バッテキ)、多くの者の中から優れたものを選び採用する。",擢 → JPDB Kanji Freq: 2910,漢字の読みを入力してください,Text
"__娶__る・女取る・妻取る
〔文〕妻としてむかえる。",めと,"［娶］一級
音: シュ／ス 訓: めと・る
意味: 妻とするために他家の女性を自分の家に迎える、嫁(よめ)を貰(もら)う、同「取」。",娶 → JPDB Kanji Freq: 2911,漢字の読みを入力してください,Text
"__娶__せる
〔文〕結婚（して妻に）させる。めあわす。",めあわ,"［娶］一級
音: シュ／ス 訓: めと・る
意味: 妻とするために他家の女性を自分の家に迎える、嫁(よめ)を貰(もら)う、同「取」。",娶 → JPDB Kanji Freq: 2911,漢字の読みを入力してください,Text
辻__褄__が合う，辻__褄__，辻__褄__を合わせる,つま,"［褄］一級
音: つま 訓: 
意味: 日和服の左右の衽(おくみ)の下端角(かど)の部分、「褄先(つまさき)」。",褄 → JPDB Kanji Freq: 2912,漢字の読みを入力してください,Text
"__匙__を投げる，__匙__，__匙__加減，小__匙__
②〔古風〕スプーン。
「お━」",さじ,"［匙］準一級
音: シ／ジ 訓: さじ
意味: 食べ物などを掬(すく)い取る食器、スプーンspoon。
錠前(じょうまえ、扉や戸を閉じて開かないようにするための道具、中国では「鎖」)を開けるための鍵(かぎ)、鑰匙(ヤクシ)。",匙 → JPDB Kanji Freq: 2913,漢字の読みを入力してください,Text
鬼__哭__，慟__哭__，啼__哭__,こく,"［哭］
音:  訓: 
意味: ",哭 → JPDB Kanji Freq: 2914,漢字の読みを入力してください,Text
喧__噪__，__噪__音，蛙鳴蝉__噪__,そう,"［噪］一級
音: ソウ 訓: 
意味: (多くの鳥などの鳴き声が)騒々しい、同「喿」。
多くの声や物音が入り混じって騒々しい。",噪 → JPDB Kanji Freq: 2915,漢字の読みを入力してください,Text
__楔__を打ち込む，__楔__,くさび,"［楔］一級
音: セツ／セチ 訓: くさび
意味: くさび、狭いところに刺し入れるために角材の先を削って尖らせたもの(マイナスドライバーの先端のような形)、差し込んで固定したり抉(こ)じ開けたりするために使う、同「揳」。
開けた扉が閉まらないように固定するための木の棒。
櫗楔(バイセツ)、(杭の先端や楔のように)材木の形が四角(直方体)になっていないさま。
カラミザクラ唐実桜、別名「シナミザクラ支那実桜」、バラ科サクラ属の木、またその実(さくらんぼ・さくらんぼう桜桃・桜ん坊){カラミザクラ}",楔 → JPDB Kanji Freq: 2916,漢字の読みを入力してください,Text
__閻__魔，__閻__魔大王，__閻__魔帳,えん,"［閻］一級
音: エン 訓: 
意味: 村里内の通りや通路に設けた門、村里を取り囲むように設けた外門は「閭」「閈」。",閻 → JPDB Kanji Freq: 2917,漢字の読みを入力してください,Text
"__翅__
**昆虫**類が飛ぶための器官。",はね,"［翅］一級
音: シ 訓: 
意味: 空中を飛ぶための鳥の翼また昆虫の羽。
魚の鰭(ひれ)。
ただ、単に、ただ～だけ、同「啻」。",翅 → JPDB Kanji Freq: 2918,漢字の読みを入力してください,Text
"__窘__める
①よくない点を注意する。いましめる。
②苦しめる。なやます。",たしな,"［窘］一級
音: キン／ゴン 訓: たしな・める
意味: 困(こま)る、周りから強く迫(せま)られて身動きができない、思い通りにならない、同「僒」「侰」。
貧しい。
日たしな・める苦しめる、悩ませる良くないと指摘する、",窘 → JPDB Kanji Freq: 2920,漢字の読みを入力してください,Text
満身創__痍__，傷__痍__,い,"［痍］一級
音: イ 訓: 
意味: 皮膚の傷きず、外傷(ガイショウ)、切り傷。",痍 → JPDB Kanji Freq: 2921,漢字の読みを入力してください,Text
"__猊__下，__猊__鼻渓
①高僧の敬称。また、各宗派の管長の敬称。",げい,"［猊］一級
音: ゲイ／ゲ 訓: 
意味: 狻猊(サンゲイ)獅子シシ(ライオンlion、ネコ科ヒョウ属の哺乳類)の別名、同「𪊴麑」獅子(シシ、ライオン)に似た想像上の動物、龍生九子リュウセイキュウシ(龍が生んだ九頭の子)のうちの一頭、煙を好み座位を好むとされる。
猊座(ゲイザ)、仏の座る座席、高僧の座る座席、獅子座(仏や高僧などが説法するときに座る座席)。",猊 → JPDB Kanji Freq: 2922,漢字の読みを入力してください,Text
__涜__神，冒__涜__ (jjk),とく,"［涜］準一級
音: トク／ドク 訓: 
意味: 水路、用水路。
大河、海に
濁る。
汚(けが)す、同「黷」、瀆職(トクショク)(地位を利用して職を汚す)」。",涜 → JPDB Kanji Freq: 2923,漢字の読みを入力してください,Text
__詭__弁，__詭__弁を弄する,き,"［詭］一級
音: キ 訓: 
意味: 責務を課する、責務を果たすよう求める。
嘘を言う、嘘を言って騙(だま)す。
(話が)奇妙な、怪しい、一般に言われていること或いは自分が認識していることとは違っている。",詭 → JPDB Kanji Freq: 2925,漢字の読みを入力してください,Text
"お__俠__
〔古風〕〔女性が〕元気で活発なようす。また、その人。",きゃん,"［侠］準一級
音: キョウ／ギョウ 訓: 
意味: 己(おのれ)を置(お)いても義ギ(信義・道義)を重んじようとする(仲間や他人を助けようとする)気質・気性、またそのような行為、またそのような人、任侠(ニンキョウ)、同「俜」「甹」。",侠 → JPDB Kanji Freq: 2927,漢字の読みを入力してください,Text
"__吃__る
話すときにことばがつかえて、なめらかに言えない。",ども,"［吃］準一級
音: キツ／コチ 訓: ども・る
意味: ども・る、言葉や声が閊(つか)える・同じ言葉を繰り返すなど、淀(よど)みなく話すことが難(むずか)しい。
食べる、飲む、吸う、物を口から体の中に入れる、同「喫」。
受け入れる。",吃 → JPDB Kanji Freq: 2928,漢字の読みを入力してください,Text
彷__彿__，水天彷__彿__,ほう,"［彿］一級
音: フツ／ホチ 訓: 
意味: 彷彿(ホウフツ)はっきりと見分けがつかないさま、よく似ていて紛(まぎ)らわしいさまはっきりと見分けはつかないがよく似ている、「まるで～のよう」「～にそっくり」のような意同「方弗・仿佛・㧍拂・眆䀟・髣髴・髣𩭬」。",彿 → JPDB Kanji Freq: 2929,漢字の読みを入力してください,Text
霊__廟__，大猷院霊__廟__,びょう,"［廟］準一級
音: ビョウ／ミョウ 訓: 
意味: 祖先の霊を祀る建物、御霊屋(おたまや、みたまや)。
政(まつりごと)を行う宮城キュウジョウ正面の建物、正殿セイデン、その奥は寝殿シンデン。",廟 → JPDB Kanji Freq: 2930,漢字の読みを入力してください,Text
__爬__虫類，__爬__虫,は,"［爬］一級
音: ハ／ベ 訓: 
意味: 爪を立てて引っ掻(か)く。
腹這い(はらばい)になって進む、腹を地に着け手足で地面を掻くようにして進む、同「跁」。
這(は)い登る、攀(よ)じ登る。",爬 → JPDB Kanji Freq: 2931,漢字の読みを入力してください,Text
__几__帳面，床__几__,き,"［几］一級
音: キ 訓: 
意味: 座って使う小さな机、ものを載(の)せる小さな足付きの台、座った時に肘(ひじ)などを載せて体を凭(もた)れ掛ける脇息キョウソク。
幾(いく)つ、幾らか、同繁「幾」。
つくえ、きにょう、部首名。",几 → JPDB Kanji Freq: 2932,漢字の読みを入力してください,Text
強__靱__，__靱__帯,じん,"［靱］準一級
音: ジン／ニン 訓: 
意味: しなやかな上に、折り曲げに強く、簡単に裂(さ)けたり破れたりしないさま、強靭(キョウジン)、同「韌」。",靱 → JPDB Kanji Freq: 2933,漢字の読みを入力してください,Text
__脛__に傷持つ，向こう__脛__，__脛__,すね,"［脛］一級
音: ケイ／ギョウ 訓: すね／はぎ
意味: 小腿ショウタイ(膝から足首までの部分)の前側の部分、同「踁」{人体(下肢)}。",脛 → JPDB Kanji Freq: 2934,漢字の読みを入力してください,Text
耳__朶__,たぶ,"［朶］一級
音: タ／ダ 訓: 
意味: 樹木の枝・葉・花・実などが垂れ下がるさま。
垂れる、垂れ下がる、耳朶(ジダ)(みみたぶ)」。
(花や雲などの)塊(かたまり)を数える語、同「桗」。",朶 → JPDB Kanji Freq: 2936,漢字の読みを入力してください,Text
__聲__の形,こえ,"［聲］準一級／一級
音: セイ／ショウ 訓: こえ／こわ
意味: 磬ケイ(石また玉製の打楽器)、またその音。
人や動物が口から発する音、一般には高低強弱などの抑揚がある音が連続し全体として意味を持つものを指す、意味をなさないものを「音」。
音を出して意思を伝える。
耳に届いて来る評判。
漢字の読みの最初の子音、声母(セイボ)、頭子音(トウシイン)、「聲」の読みshēngのsh。",聲 → JPDB Kanji Freq: 2937,漢字の読みを入力してください,Text
魂__魄__，落__魄__,"はく,ぱく","［魄］一級
音: ハク／ヒャク 訓: 
意味: 陰インの精気、人の肉体を掌(つかさど)ると考えられたもの、同「𩲸」、陽ヨウの精気で思考や感情を掌るのは「魂」。
人の肉体。
(細い)月、月の光。
月の太陽の光が当たらない(薄っすらと見える)部分、同「霸」。",魄 → JPDB Kanji Freq: 2938,漢字の読みを入力してください,Text
蹴__躓__く，__躓__く,つまず,"［躓］一級
音: チ 訓: つまづ・く
意味: 足が物に当たってよろめく、また仆(たお)れる、同「疐」「跲」。
障害ショウガイに突き当たって行き詰(つ)まる、挫(くじ)ける。",躓 → JPDB Kanji Freq: 2939,漢字の読みを入力してください,Text
莞__爾__，__爾__来，卒__爾__,じ,"［爾］準一級
音: ジ／ニ 訓: なんじ／しか・り／しか・る
意味: 汝なんじ、あなた、君。
然(しか)り、正(まさ)しく、その通り、同意・肯定の意を表す。
然(しか)る、そのように、そのような。
(時間を指して)それ、この、爾来(ジライ)(それ以来)」。",爾 → JPDB Kanji Freq: 2941,漢字の読みを入力してください,Text
__斡__旋，__斡__旋業者，__斡__旋料,あつ,"［斡］準一級
音: ワツ／ワチ／アツ 訓: めぐ・る
意味: めぐ・る、廻る、車輪や北斗七星のようにある点を中心として旋回する。
𠦷旋(アッセン)、人と人の間を行ったり来たりして仲を取り持つ、周旋する。",斡 → JPDB Kanji Freq: 2942,漢字の読みを入力してください,Text
__銚__子,ちょう,"［銚］準一級
音: チョウ／ジョウ／ヨウ 訓: 
意味: 鉄製・金属製(古くは木製・骨製など)の刃を取り付けたシャベルshovel状の農具、雑草などを取り除くために土を薄く削(そ)ぐ、土を掘って掬(すく)う、掘り起こした土を均(なら)す、などに使う、日本で鋤(すき)と呼ばれる農具、同「鍬」。",銚 → JPDB Kanji Freq: 2943,漢字の読みを入力してください,Text
__鶯__色，__鶯__,うぐいす,"［鶯］準一級
音: オウ／ヨウ 訓: うぐいす
意味: 黄鶯(コウオウ)、コウライウグイス高麗鶯、コウライウグイス科の鳥、同、黄鸝・黄鵹(コウリ)、黄鳥(コウチョウ)、鸝黄・鵹黄(リコウ)、鶬鶊・倉庚(ソウコウ)。
姿や形が(ウグイスの羽のように)美しいさま、声が(ウグイスの鳴き声のように)美しいさま。
日ウグイス(鶯)、ウグイス科ウグイス属の鳥の総称、中国名は樹鶯(シュオウ)。",鶯 → JPDB Kanji Freq: 2945,漢字の読みを入力してください,Text
__烙__印，__烙__印を押される，__焙__烙,らく,"［烙］一級
音: ラク 訓: ろく
意味: 鍋などを熱しその上で焼く。
焼いた鏝(こて)などを押し当てる。
烙印(ラクイン)い」自分の所有物であることの印として家畜に付けた焼印日刑罰として罪人の体に付けた焼印。
炮烙(ホウラク)火炙(ひあぶ)りの刑日。",烙 → JPDB Kanji Freq: 2947,漢字の読みを入力してください,Text
__膵__液，__膵__臓,すい,"［膵］一級
音: すい 訓: 
意味: 日、膵臓(スイゾウ)、消化器官の一つ、中国では、胰臓(イゾウ)という{人体(内臓)}。",膵 → JPDB Kanji Freq: 2948,漢字の読みを入力してください,Text
__攪__乱，__攪__拌，__攪__拌機,かく,"［攪］準一級
音: コウ／キョウ／カク 訓: 
意味: 掻(か)き乱(みだ)す、掻き回す、攪拌(カクハン)。
乱れる、入り乱れる、攪乱(カクラン)。",攪 → JPDB Kanji Freq: 2949,漢字の読みを入力してください,Text
掻き__毟__る，__毟__る，__毟__り取る,むし,"［毟］一級
音: サ／シャ 訓: むし・る
意味: 𣮫毟(ケサ)(kāṣāya梵の音写)」、僧侶の衣服、一枚の布を左肩に掛け右脇の下から体全体を巻き包むように着る、同「毠㲚」「袈裟」。
日",毟 → JPDB Kanji Freq: 2951,漢字の読みを入力してください,Text
"編__纂__
材料を集めて本にまとめること。
「辞書の━」",さん,"［纂］準一級
音: サン 訓: 
意味: 赤色の平打紐(ひらうちひも、平たい組紐)。
(同種の文書や記録などを)集める、また集め整理し一つに纏める、編纂(ヘンサン)、同「篹」「撰」。",纂 → JPDB Kanji Freq: 2954,漢字の読みを入力してください,Text
出__鱈__目，__鱈__子，__鱈__,たら,"［鱈］準一級
音: セツ 訓: たら
意味: 鱈(タラ)、タラ科の海水魚、また同科の魚の総称。",鱈 → JPDB Kanji Freq: 2955,漢字の読みを入力してください,Text
"__糊__と鋏，__糊__
物をはるのに使う、ねばねばしたもの。",のり,"［糊］準一級
音: コ／ゴ 訓: のり
意味: どろっとした濃い粥(かゆ)、同「𪏻」「𩱍」。
粘り気があるさま、とろみがあるさま、同「𪏻」「𩰯」。
米粉などを煮詰めて作った粘着剤。
(ものの上に薬や糊などを)塗る、塗り込む。
ものに貼り付ける、貼り合わせる。
糊塗(コト)、はっきりしないさま、ぼんやりしてよく分からないさま。",糊 → JPDB Kanji Freq: 2956,漢字の読みを入力してください,Text
__餡__掛け，__餡__こ，__餡__,あん,"［餡］一級
音: カン／ゲン／アン 訓: 
意味: 餅ヘイ(もち、米粉や小麦粉などで作り丸く平らにした皮)に包み入れる具材、包子パオズ(中華饅頭)、餃子(チャオズ)(ぎょうざ)などの中に入れる具材。
日豆などに砂糖を加え煮るなどしたもの。
日。",餡 → JPDB Kanji Freq: 2957,漢字の読みを入力してください,Text
"__刎__ねる
横にはらうようにして切る。
「首を━」",は,"［刎］一級
音: ブン／モン／フン 訓: は・ねる
意味: 首を切る、首を切って死なす(死ぬ)、同「歾」。
「刎頸之交(フンケイのまじわり)」、首切られるようなことになっても変わることのない交(まじ)わり。",刎 → JPDB Kanji Freq: 2959,漢字の読みを入力してください,Text
__磔__・張り付け,はりつけ,"［磔］一級
音: タク／チャク 訓: はりつけ
意味: 犠牲ギセイ(神などに供える家畜)を切り裂(さ)く、(厄災が市中に入り込まないように)切り裂いた犠牲を市門(シモン、市街の出入り口の門)に晒(さら)す。
罪人の体を引き裂く、またその刑罰、同「矺」
永字八法の一つ、左上から右下に向かってのはらい、現代では、捺(ナツ){永字八法}",磔 → JPDB Kanji Freq: 2960,漢字の読みを入力してください,Text
青瓢__箪__，瓢__箪__，__箪__笥,たん,"［箪］準一級
音: タン 訓: 
意味: 割った竹を編んだ飯(めし)などを入れる円形蓋(ふた)付きの箱、四角いものは「笥」。
箪笥(タンシ・タンス)飯などを入れる竹製で蓋付きの小箱、小さな箱日衣服などをしまう家具。",箪 → JPDB Kanji Freq: 2961,漢字の読みを入力してください,Text
石弓・__弩__,いしゆみ,"［弩］一級
音: ド／ヌ／ノ 訓: いしゆみ／おおゆみ
意味: 機械仕掛けの弓{武器(弓箭)}{武器(弩)}。",弩 → JPDB Kanji Freq: 2962,漢字の読みを入力してください,Text
__蠍__ (ナルト - red),さそり,"［蠍］一級
音: カツ／ケツ／コチ 訓: さそり
意味: 蠍(サソリ)、サソリ目の動物の総称、同「蝎」「蠆」「𧔄」。",蠍 → JPDB Kanji Freq: 2963,漢字の読みを入力してください,Text
"__悴__む
指が、寒さのために自由に曲げたりできなくなる。かじける。
「手が━」",かじか,"［悴］一級
音: スイ／ズイ 訓: せがれ
意味: 苦労や心痛などで痩(や)せ衰(おとろ)える、「憔悴、癄瘁・顦顇(ショウスイ)。
日せがれ、自分の息子の謙称、但し「倅(伜)」の誤用。",悴 → JPDB Kanji Freq: 2964,漢字の読みを入力してください,Text
"都__邑__
〔文〕都市。",ゆう,"［邑］準一級
音: ユウ／オウ 訓: むら
意味: 都みやこ、都市、王城を中心に広がる町。
諸侯が統治する領地、またその領地内の領主の住む町。
地方の町や村。
おおざと、ゆう、部首名。",邑 → JPDB Kanji Freq: 2965,漢字の読みを入力してください,Text
力__瘤__，__瘤__付,こぶ,"［瘤］一級
音: リュウ／ル 訓: こぶ
意味: 腫物はれもの、体の組織の一部が丸く盛り上がったもの、同「𦠝」「𥏵」。
(瘤のように)丸く盛り上がったもの。",瘤 → JPDB Kanji Freq: 2966,漢字の読みを入力してください,Text
__嵩__に懸かる，年__嵩__，__嵩__張る，__嵩__む，__嵩__高,かさ,"［嵩］準一級
音: シュウ／スウ 訓: かさ／かさ・む
意味: 山が高いさま。
嵩山(スウザン)、五嶽ゴガク(中国の代表的な五つの名山、「嶽」参照)の一つで、中嶽(チュウガク)と呼ばれる、河南省鄭州市登封市、同「崧山」{河南省}。
日かさ高く積み上がったもの体積や容積高い所、高い位置(有利な状況)を利用するさま。
日。",嵩 → JPDB Kanji Freq: 2967,漢字の読みを入力してください,Text
"__聳__える，__聳__やかす，__聳__え立つ
山やたてものなどが高く立つ。
「山が高く聳える」",そび,"［聳］一級
音: ショウ／シュ 訓: そばだ・つ／そび・える／そび・やかす
意味: (生まれながらにして)声や音が聞こえない、同「聾」。
(耳を)高く立てる、またまっすぐに立てる。
まっすぐに立つ、直立する、(驚く・怯える・畏れるなどして)立ち竦(すく)む。",聳 → JPDB Kanji Freq: 2969,漢字の読みを入力してください,Text
狼__藉__，乱暴狼__藉__,"セキ,ぜき","［藉］一級
音: シャ／ジャ／セキ／ジャク 訓: か・す／か・りる
意味: 腰や体の下に敷く藁(わら、乾燥させた草の茎)製の敷物、また敷物を敷く。
下に敷いたり間に挟むなどして衝撃を和らげる、気持ちを和らげる、労(いた)わる。
他のものに頼る、力を借りる。
踏み付ける。
(天子や領主が祭礼用の穀物を)耕す、耕作する、同「籍」。",藉 → JPDB Kanji Freq: 2970,漢字の読みを入力してください,Text
"__罹__る，病気に__罹__る
〔病気・災難を〕身に受ける。
「肺炎に━・兵火に━」",かか,"［罹］一級
音: リ 訓: かか・る
意味: (網に掛かったように、なかなか抜け出せない)心配事や悩み事。
災害・苦難・病気などに見舞(みま)われる、また遭(あ)う、また被(こうむ)る。",罹 → JPDB Kanji Freq: 2972,漢字の読みを入力してください,Text
静__謐__，恬__謐__,ひつ,"［謐］一級
音: ビツ／ミツ／ミチ／ヒツ 訓: 
意味: ひっそりとして声や音がしないさま、静かなさま。
安(やす)らかなさま、静かで穏(おだ)やかなさま。",謐 → JPDB Kanji Freq: 2973,漢字の読みを入力してください,Text
__膂__力,りょ,"［膂］一級
音: リョ／ロ 訓: 
意味: 背骨(せぼね)。
膂力(リョリョク)、(肉体の、身体の)力があるさま。",膂 → JPDB Kanji Freq: 2974,漢字の読みを入力してください,Text
__誹__り，__誹__る,そし,"［誹］準一級
音: ヒ 訓: そし・る
意味: 欠点や過失を持ち出して悪く言う、誹謗(ヒボウ)。",誹 → JPDB Kanji Freq: 2975,漢字の読みを入力してください,Text
__杵__，昔取った__杵__柄,きね,"［杵］準一級
音: ショ 訓: きね
意味: 臼(うす)に入れた穀物を搗(つ)く木の棒、洗濯物を叩(たた)く棒。
金剛杵(コンゴウショ)、古く武器の一種、また密教ミッキョウで用いられる法具の一つ{法器}。",杵 → JPDB Kanji Freq: 2976,漢字の読みを入力してください,Text
__淘__げる,よな,"［淘］準一級
音: トウ／ドウ 訓: よな・げる
意味: 物(米や砂金の混じった砂など)を入れた器を水の中で揺り動かし不要なもの(殻や塵や砂など)を洗い流し必要なもの(米や砂金など)だけを器に残す。
淘汰(トウタ)、水中で揺すって砂(沙)を取り除く、必要なものと不必要なものとを選り分ける、適応ではないものは滅び適応できるものだけが残る。",淘 → JPDB Kanji Freq: 2978,漢字の読みを入力してください,Text
__拵__える，__拵__え，下__拵__え,こしら,"［拵］一級
音: ソン／ゾン 訓: こしら・える
意味: 拠(よ)る、拠りどころとする、同「据」。
差し入れる、差し込む、同「挿」。
日こしら・える、物を作る、作り上げる。",拵 → JPDB Kanji Freq: 2980,漢字の読みを入力してください,Text
__邂逅__,かいこう,"［逅］一級
音: コウ／グ 訓: 
意味: 出会う。
邂逅(カイコウ)、思い掛けなく出会う。","逅 → JPDB Kanji Freq: 2981
邂 → JPDB Kanji Freq: 2982",漢字の読みを入力してください,Text
__麹__，__麹__菌，米__麹__，塩__麹__,こうじ,"［麹］準一級
音: キク 訓: こうじ
意味: 米・麦・豆などを蒸して蛋白質タンパクシツなどを分解する働きのある黴(かび)の一種(麹菌)を繁殖させたもの。",麹 → JPDB Kanji Freq: 2983,漢字の読みを入力してください,Text
__袂__を分かつ，__袂__・手本,たもと,"［袂］一級
音: ベイ／マイ 訓: たもと
意味: 衣服の袖(そで)、また袖のうち袪(キョ、袖口)を除いた部分、また袖の下部のゆとりを持たせた部分{服飾(衣服)}。
日、山の裾すそ、橋の岸に繋がる所、「衣服の見頃(みごろ)に袖が繋がってるような」の意。",袂 → JPDB Kanji Freq: 2984,漢字の読みを入力してください,Text
俯__瞰__，俯__瞰__的，鳥__瞰__,かん,"［瞰］一級
音: カン 訓: 
意味: 高い所から下を見る、また見渡す、見下(みお)ろす、俯瞰(フカン)、同「𥍓」。",瞰 → JPDB Kanji Freq: 2985,漢字の読みを入力してください,Text
"__丑__・牛，__丑__の刻参り，草木も眠る__丑__三つ時
十二支の二番め。⇨ 十二支（図）",うし,"［丑］準一級
音: チュウ 訓: うし
意味: 十二支の二番目、時刻では午前二時を中心とした二時間、方角では北北東、動物ではウシ牛を当てる{十二支}。
醜(みにく)い、容姿・有様(ありさま)・言動などが良くない、好ましくない、不快で見苦しい、みっともない、同「醜」。
繁「醜」。",丑 → JPDB Kanji Freq: 2986,漢字の読みを入力してください,Text
豊__穣__，五穀豊__穣__,じょう,"［穣］準一級
音: ジョウ／ニョウ 訓: 
意味: 科(イネ)などの穀物の内部が空洞になっている茎、またその茎の堅い表皮を剥(は)いだもの。
穀物(作物)が豊かに実る、同「壤」。
豊かなさま。
10の28乗、中数(万進法)で1穰=10。",穣 → JPDB Kanji Freq: 2987,漢字の読みを入力してください,Text
__謗__る，__謗__りを免れない,そし,"［謗］一級
音: ホウ／ボウ 訓: そし・る
意味: 人を悪く言う、悪意を持ってあれこれと言い立てる、悪口を言い広める。
辱(はずかし)める、人の名誉を傷付ける。",謗 → JPDB Kanji Freq: 2988,漢字の読みを入力してください,Text
__憔__悴，__憔__然,しょう,"［憔］一級
音: ショウ／ジョウ 訓: 
意味: 窶(やつ)れる、痩(や)せ細る。
「憔悴、癄瘁・顦顇(ショウスイ)、苦労や心痛などで痩せ衰(おとろ)える。",憔 → JPDB Kanji Freq: 2989,漢字の読みを入力してください,Text
__灸__を据える，温__灸__，鍼__灸__,きゅう,"［灸］準一級
音: キュウ／ク 訓: やいと
意味: 艾(モグサ)を乾燥させたものをつぼ(腧穴ユケツ、気血が出入・合流・分岐などするところで、そこに体の異常が現れるとされる)に据えて燃やす療法。",灸 → JPDB Kanji Freq: 2990,漢字の読みを入力してください,Text
"に__亘__って，__亘__る，__亘__って
①〔…のあいだ〕引き続く。
「十日に━旅・三世代にわたって」
②〔…まで〕ゆきわたる。およぶ。",わた,"［亘］準一級
音: セン／コウ 訓: わた・る
意味: 廻(めぐ)る、一巡する。
一方の端(はし)からもう片方の端まで途切れることなく連なる、また繋(つな)がる、こちら側と向こう側の間を繋げる、こちら側と向こう側の間に渡(わた)す、こちら側から向こう側に渡る、同「亙」。",亘 → JPDB Kanji Freq: 2991,漢字の読みを入力してください,Text
猛__禽__,きん,"［禽］準一級
音: キン／ゴン 訓: とり
意味: 羽(翼)を持つ二足の動物、鳥類、四足は「獣」。
鳥獣や人を捕(と)らえる、また捕らえた鳥獣や人、虜(とりこ)、同「擒」。",禽 → JPDB Kanji Freq: 2993,漢字の読みを入力してください,Text
欺__瞞__，自己欺__瞞__,まん,"［瞞］一級
音: バン／マン 訓: 
意味: 目を塞(ふさ)ぐ、目が塞がれて見えない。
事実・実情・真相を見えないようにする、騙(だま)す。
鄋瞞(ソウマン)、別名、長狄・長翟(チョウテキ)、春秋時代(前770年～前5世紀)の部族名、現山西省・山東省南部一帯を領していたという。",瞞 → JPDB Kanji Freq: 2994,漢字の読みを入力してください,Text
__蜃__気楼,しん,"［蜃］一級
音: シン／ジン 訓: 
意味: 大きなハマグリ蛤(マルスダレガイ科ハマグリ属の貝)、同「蜄」。
吐いた息が楼閣ロウカク、城郭(ジョウカク)のようになるという蛟(みずち、姿はヘビに似て首は長く四足で角があるという龍の一種)の類、或いは大蛤、その現象を、海市蜃楼(カイシシンロウ)「海市」「蜃楼」、日本では、蜃気楼(シンキロウ)と呼ばれる、またその姿が描かれた祭器{蜃気楼}。",蜃 → JPDB Kanji Freq: 2995,漢字の読みを入力してください,Text
__僥__倖,ぎょう,"［僥］一級
音: キョウ／ギョウ 訓: 
意味: 飽くことなく欲しがる、分不相応なことを求める。
僥倖(ギョウコウ)思い掛けない幸せ、分不相応な幸運飽くことなく利益や幸せを求めること。",僥 → JPDB Kanji Freq: 2996,漢字の読みを入力してください,Text
__臀__部〔文〕しり（の部分）。,でん,"［臀］一級
音: トン／ドン／デン 訓: しり
意味: 背側の腰より下の部分で、胴体と足(四足歩行する動物の場合は後ろ足)の接合部分、またその部分の骨、臀部(デンブ)、同「𩪡」「脽」{人体(全身)}。
器物の下部・底部。
勝臀(ショウトン)、人名、未詳、同「勝𦟓」。",臀 → JPDB Kanji Freq: 3000,漢字の読みを入力してください,Text
__鍬__を入れる，__鍬__入，__鍬__形,くわ,"［鍬］準一級
音: ショウ 訓: くわ
意味: 鉄製・金属製(古くは木製・骨製など)の刃を取り付けたシャベルshovel状の農具、雑草などを取り除くために土を薄く削(そ)ぐ、土を掘って掬(すく)う、掘り起こした土を均(なら)す、などに使う、日本で鋤(すき)と呼ばれる農具、日本で鍬(くわ)と呼ばれる農具は中国では「鋤」という{農具(鋤鍬類)}。",鍬 → JPDB Kanji Freq: 3002,漢字の読みを入力してください,Text
"__蝿__
〘動物名〙小形の昆虫",はえ,"［蝿］準一級
音: ヨウ 訓: はえ
意味: ハエ(蠅)、ハエ目の昆虫、青蠅(セイヨウ)。
イエバエ(家蠅)、イエバエ科の昆虫。",蝿 → JPDB Kanji Freq: 3004,漢字の読みを入力してください,Text
__籐__椅子，__籐__本,とう,"［籐］一級
音: トウ／ドウ 訓: 
意味: 蔓性の植物、またその幹また枝、柔軟で器や家具などに加工される、同「藤」。",籐 → JPDB Kanji Freq: 3005,漢字の読みを入力してください,Text
__蠱__惑的，__蠱__惑，__蠱__毒,こ,"［蠱］一級
音: コ／ク 訓: 
意味: 体内に寄生する虫、人に害を及ぼす虫。
器に毒虫を入れ共食いさせて最後に残った虫、最も強い毒を持つ虫、毒虫。
人を毒し害を及ぼす、人を迷い惑わす。",蠱 → JPDB Kanji Freq: 3006,漢字の読みを入力してください,Text
__榎__茸，__榎__，__榎__||木||淳弥,えのき,"［榎］準一級
音: カ／ケ 訓: えのき
意味: 木大角豆(キササゲ)、ノウゼンカズラ科キササゲ属の木、同「檟」{キササゲ}。
日エノキ(榎)、アサ科エノキ属の木{エノキ}。",榎 → JPDB Kanji Freq: 3007,漢字の読みを入力してください,Text
__竣__工，__竣__工式，__竣__成,しゅん,"［竣］準一級
音: シュン 訓: 
意味: 事が終わる、事を全て終える。
退(しりぞ)く、同「踆」「逡」。
蹲(うずくま)る、姿勢を低くする、同「踆」。",竣 → JPDB Kanji Freq: 3008,漢字の読みを入力してください,Text
__矮__小，__矮__躯，__矮__小化,わい,"［矮］一級
音: アイ／イ／ワイ 訓: 
意味: 姿勢が低い(姿勢を低くする)さま、高さが低いさま、丈(たけ)が短いさま、同「㾨」「𥏜」「矬」「躷」。
背丈(せたけ)が低い人、同「躷」。",矮 → JPDB Kanji Freq: 3009,漢字の読みを入力してください,Text
檸檬，__檸檬__鮫,レモン,"［檬］一級
音: ボウ／ム／モウ 訓: 
意味: 檸檬(ネイモウ)、レモンlemon、ミカン科ミカン属の木、またその果実{レモン}。","檬 → JPDB Kanji Freq: 3011
檸 → JPDB Kanji Freq: 3012",漢字の読みを入力してください,Text
__慟__哭,どう,"［慟］一級
音: ドウ／トウ／ズウ 訓: 
意味: 体を震わせて嘆(なげ)き悲しむ。",慟 → JPDB Kanji Freq: 3015,漢字の読みを入力してください,Text
"鶴__嘴__
||口||__嘴__","はし,くちばし","［嘴］一級
音: スイ／シ 訓: くちばし
意味: くちばし、鳥の口先、同「觜」。
(鳥の嘴のように)先に行くにつれて細くなりながら突き出ているもの、またそのような形。",嘴 → JPDB Kanji Freq: 3016,漢字の読みを入力してください,Text
"__僻__み，__僻__む
①心がひねくれる。ねじける。
「のけ者にされたと僻む」「年寄りの━・━根性」",ひが,"［僻］準一級
音: ヘキ／ヒャク 訓: ひが・む
意味: 場所や土地が中心地から遠く離れている、鄙(ひな)びている、偏僻(ヘンペキ)(都から遠く離れた地)」。
考えや行いが普通(多くの人が妥当と考えていること)と懸け離れている、「中心から外れている」の意、同「辟」。
ひが・む、物事を素直に受け取らない、また受け入れない。
冷僻(レイヘキ)遠く離れて辺鄙ヘンピなさまめったに見られない(出合わない)さま。",僻 → JPDB Kanji Freq: 3017,漢字の読みを入力してください,Text
夕__餉__，朝__餉__，昼__餉__,"げ,け","［餉］一級
音: ショウ 訓: かれい
意味: 農作業などの働く人の弁当や兵士などの食糧、同「𥹝」「饟」。
それらの人に食べ物を贈(おく)る、また届ける。
(食膳を前にしての食事ではなく、働いている最中にとる)食事、一餉(イッショウ)(労働や活動の最中にとる食事のような短い間、一時いっとき、あっという間)」。
日乾燥させた携帯用食糧。",餉 → JPDB Kanji Freq: 3019,漢字の読みを入力してください,Text
__遁__走，隠__遁__，火__遁__ (ナルト),とん,"［遁］準一級
音: トン／ドン／シュン／ジュン 訓: のが・れる
意味: その場から逃(のが)れる、その場を離れ後ろへ(人の目が届かないところへ)退(しりぞ)く、同「遯」。
退いて身を隠(かく)す、(人の目に付かないように)隠れる。
逡遁(シュンジュン)、同「逡循」「逡巡」後退(あとずさ)りする進む(巡)べきか退く(逡)べきか迷うさま。",遁 → JPDB Kanji Freq: 3020,漢字の読みを入力してください,Text
__啖__呵を切る，__啖__呵,たん,"［啖］一級
音: タン／ダン 訓: 
意味: 口を大きく開き(大きいものを丸のまま口に入れ)もりもりとよく食べる。",啖 → JPDB Kanji Freq: 3021,漢字の読みを入力してください,Text
牡__蠣__，岩牡__蠣__，焼き牡__蠣__,"かき,き","［蠣］準一級
音: レイ／ライ 訓: 
意味: 牡蠣(カキ)、カキ目の二枚貝の総称、同「蠇」「蚝」。
蛤蠣(コウレイ)、シオフキガイ潮吹貝(バカガイ科バカガイ属)やハマグリ蛤(マルスダレガイ科ハマグリ属)などの食用とする二枚貝の総称。
蠣鷸(レイイツ)、ミヤコドリ都鳥、ミヤコドリ科ミヤコドリ属の鳥、また同科同属の鳥の称。",蠣 → JPDB Kanji Freq: 3022,漢字の読みを入力してください,Text
__驕__り，__驕__る・奢る,おご,"［驕］一級
音: キョウ 訓: おご・る
意味: 見上げるように背の高い(六尺もある)馬、大きく逞(たくま)しい馬、同「䮦」。
高い所から他人を見下す。
高慢コウマンで自分勝手なさま、驕矜(キョウキョウ)(得意気に自らを誇るさま)」。",驕 → JPDB Kanji Freq: 3023,漢字の読みを入力してください,Text
"① __臍__を曲げる
② __臍__を噛む","ほぞ,へそ","［臍］一級
音: セイ／ザイ 訓: へそ／ほぞ
意味: へそ、ほぞ、腹の真ん中の窪(くぼ)んでいる所。
ものの真ん中にあって窪んでいるもの。
臍帯(サイタイ)、へその緒(お)、胎児と胎盤とを繋(つな)ぐ管状の器官。",臍 → JPDB Kanji Freq: 3024,漢字の読みを入力してください,Text
"嵯__峨__，峨__嵯__山駅
①山などの高くて険しいさま。「―たる孤峰」",が,"［峨］準一級
音: ガ 訓: 
意味: 山が高く険しいさま。
嵯峨(サガ)、山が高く或いは低く不揃(ふぞろ)いなさま。
峨嵋山(ガビサン)、山名、四川省峨眉山市{四川省}。",峨 → JPDB Kanji Freq: 3025,漢字の読みを入力してください,Text
明__晰__，頭脳明__晰__,せき,"［晰］一級
音: セキ／シャク 訓: 
意味: 明らかなさま、明白なさま、はっきりしているさま、同「晳」。",晰 → JPDB Kanji Freq: 3026,漢字の読みを入力してください,Text
一蓮__托__生，__托__卵，__托__鉢，茶__托__,たく,"［托］準一級
音: タク 訓: 
意味: 他人(ひと)の手や盆などの上にものを載(の)せる。
託(たく)する、他人(ひと)に任(まか)せる、委(ゆだ)ねる、同「託」「乇」「仛」「侂」。
物を受けるための皿や盆の類。",托 → JPDB Kanji Freq: 3028,漢字の読みを入力してください,Text
隠れ__蓑__，__蓑__，__蓑__虫,みの,"［蓑］準一級
音: サ 訓: みの
意味: 背中に羽織って雨雪を防ぐ藁などで作った雨具、同「衰」。
上から草で覆う。",蓑 → JPDB Kanji Freq: 3029,漢字の読みを入力してください,Text
__曙__・明仄,あけぼの,"［曙］準一級
音: ショ／ジョ 訓: あけぼの
意味: 夜が明ける、陽の光が差し始め辺りが明るくなり出す頃、同「暏」。",曙 → JPDB Kanji Freq: 3030,漢字の読みを入力してください,Text
__蛸__，飯__蛸__，茹で__蛸__,たこ,"［蛸］準一級
音: ショウ 訓: たこ
意味: 蛸(タコ)・鮹・鱆・章魚、タコ目の海産軟体動物。
蜱蛸(ヒショウ)、カマキリ蟷螂の卵鞘ランショウ(多くの卵が塊になっているもの)、同、螵蛸(ヒョウショウ)。
蠨蛸(ショウショウ)、アシナガグモ足長蜘蛛、アシナガグモ科アシナガグモ属のクモ蜘蛛の総称。",蛸 → JPDB Kanji Freq: 3031,漢字の読みを入力してください,Text
研__鑽__，自己研__鑽__,さん,"［鑽］一級
音: サン 訓: 
意味: 棒を垂直に立て回転させ穴を穿(うが)つ、錐(きり)などの穴を穿つ道具。
穴に深く入り込む、潜り込む。
物事を深く穿って究める。
鑽營(サンエイ)、人の懐(ふところ)に深く入り込む、取り入って利益を得る。",鑽 → JPDB Kanji Freq: 3032,漢字の読みを入力してください,Text
__睥__睨,へい,"［睥］一級
音: ヘイ／ハイ 訓: 
意味: (まっすぐ正面からではなく)目を左・右や下に寄せて見る、同「睨」。
睥睨(ヘイゲイ)、見下(みくだ)す、睨(にら)み見る、同「俾倪」。",睥 → JPDB Kanji Freq: 3036,漢字の読みを入力してください,Text
"金木__犀__ (natori)
__犀__，__犀__利
〘動物名〙熱帯地方にすむ、鼻の頭につのがある動物。","さい,せい","［犀］準一級
音: セイ／サイ 訓: 
意味: サイ(犀)、サイ科の哺乳類。
(サイの皮膚のように)堅(かた)い、丈夫ジョウブな。",犀 → JPDB Kanji Freq: 3037,漢字の読みを入力してください,Text
__餞__・贐,はなむけ,"［餞］一級
音: セン／ゼン 訓: はなむけ
意味: 送別の際に催す酒宴、旅立つ人への品物・金銭などの贈り物は「贐」、餞別(センベツ)は「酒宴を催し見送る」の意だが、日本では「金品などを贈る」の意でも使われる。
旅立つ人を見送る。
果物のシロップsiroop蘭漬け、砂糖漬け。",餞 → JPDB Kanji Freq: 3038,漢字の読みを入力してください,Text
__蛭__，山__蛭__,ひる,"［蛭］準一級
音: シツ／シチ／テツ／テチ 訓: ひる
意味: 蛭(ヒル)、ヒル綱の動物、水蛭(スイシツ)、同「𧓳」、別名、螞蟥・螞蝗(バコウ)、螞蜞(バキ)、蜞乸(キナ)。
、蛭蛒(シカク)、スクモムシ蠐螬、コガネムシ黄金虫(コガネムシ科の昆虫)などの幼虫、別名、蠀螬(シソウ)、蠐螬(セイソウ)。",蛭 → JPDB Kanji Freq: 3040,漢字の読みを入力してください,Text
__黎__明，__黎__明期,れい,"［黎］一級
音: レイ／ライ 訓: 
意味: くすんで黒味がかった黄色、浅黒い、薄黒い、同「黧」。
民衆、庶民ショミン、黎民(レイミン)、黎庶(レイショ)、同「菞」。
中国南東部海南島周辺に住む少数民族の名、、黎族(レイゾク)黎民(レイミン)とも呼ぶ{海南省}。
商代(別名殷イン、前17世紀～前11世紀)の古県名、後に黎陽(レイヨウ)、現河南省鶴壁市浚県、同「𨛫」{河南省}。",黎 → JPDB Kanji Freq: 3042,漢字の読みを入力してください,Text
__啼__き声，__啼__く,な,"［啼］一級
音: テイ／ダイ 訓: な・く
意味: 泣(な)く、鳴(な)く、叫(さけ)ぶ、吼(ほ)える、同「嗁」「㖒」。",啼 → JPDB Kanji Freq: 3044,漢字の読みを入力してください,Text
流__鏑__馬 (all),やぶさめ,"［鏑］準一級
音: テキ／チャク 訓: かぶら
意味: 鏃(やじり)、矢柄・矢幹(やがら)の先端の部分、同「鏃」「𨮹」。
かぶら、音が出るように工夫した鏃、またそれを取り付けた矢。
ジスプロシウムDysprosium(Dy)、元素名{ジスプロシウム}。",鏑 → JPDB Kanji Freq: 3047,漢字の読みを入力してください,Text
"落とし__胤__，__胤__
「落とし子」に同じ。",たね,"［胤］
音:  訓: 
意味: ",胤 → JPDB Kanji Freq: 3049,漢字の読みを入力してください,Text
百合__鴎__，__鴎__,かもめ,"［鴎］準一級
音: オウ／ウ 訓: かもめ
意味: 鴎(カモメ)、カモメ科カモメ属の鳥、また同科同属の鳥の称。",鴎 → JPDB Kanji Freq: 3050,漢字の読みを入力してください,Text
一__揆__，一向一__揆__,き,"［揆］一級
音: キ／ギ 訓: 
意味: 推(お)し量る、どの程度かを見積もる、同「楑」。
(全体を推し量って立てた)方法や企画、謀はかりごと、百揆(ヒャッキ)(あらゆる企画、国の政まつりごとを行う際のあらゆる事務)」、首揆(シュキ)(宰相サイショウ、行政を統轄管理する者の長)」。",揆 → JPDB Kanji Freq: 3051,漢字の読みを入力してください,Text
__訛__り，__訛__る，国__訛__り,なま,"［訛］一級
音: ガ／カ 訓: なま・る／なまり
意味: 本来のものとは違った使い方をする、意図して誤った使い方をする。
偽(いつわ)る、騙(だま)す。
文字・言葉・意味・発音などが時代・世代・地域・環境などの違いで変化する、またそのように変化した文字・言葉・意味・発音など。",訛 → JPDB Kanji Freq: 3052,漢字の読みを入力してください,Text
__跋__扈，跳梁__跋__扈,ばつ,"［跋］一級
音: ハツ／バツ／バチ 訓: 
意味: 野山の草を踏み越えて行く。
踏み付ける、踏みにじる。
文書の最後に記す文章、後書(あとがき)、最初に記す文章は「序」。",跋 → JPDB Kanji Freq: 3054,漢字の読みを入力してください,Text
__椋__鳥，__椋__の木,むく,"［椋］準一級
音: リョウ／ロウ 訓: むく
意味: 水木(ミズキ)(ミズキ科ミズキ属の木)の類、未詳。
椋鳥(リョウチョウ)、ムクドリム椋鳥、クドリ科の鳥の称
日ムク椋、ムクノキ椋木、アサ科ムクノキ属の木{ムクノキ}。",椋 → JPDB Kanji Freq: 3055,漢字の読みを入力してください,Text
"__嵯__峨，__峨__嵯山駅
①山などの高くて険しいさま。「―たる孤峰」",さ,"［嵯］準一級
音: サ／ザ 訓: 
意味: 嵯峨(サガ)、山が高く或いは低く不揃(ふぞろ)いなさま。",嵯 → JPDB Kanji Freq: 3056,漢字の読みを入力してください,Text
"__夥__しい
①程度がはなはだしい。
②数量が非常に多い。",おびただ,"［夥］一級
音: カ／ワ 訓: おびただ・しい
意味: 物の数や量が非常に多いさま、沢山(たくさん)あるさま。
勢が一緒に行動する、またその人たち、仲間、同「伙」。",夥 → JPDB Kanji Freq: 3060,漢字の読みを入力してください,Text
__珊瑚__，__珊瑚__礁,さんご,"［珊］準一級
音: サン 訓: 
意味: 珊瑚(サンゴ)、サンゴ虫(花虫綱に属する海生動物)の骨格、一部は宝石として珍重される。
珊珊(サンサン)、佩玉ハイギョクの触れ合う音。","珊 → JPDB Kanji Freq: 3061
瑚 → JPDB Kanji Freq: 3085",漢字の読みを入力してください,Text
__鋸__・__鋸__切り，糸__鋸__,"のこぎり,のこ","［鋸］準一級
音: キョ／コ 訓: のこぎり
意味: 罪人(の足)を挽(ひ)き切るための小さい歯が並んだ道具の名。
ものを挽き切るための道具、それを用いて挽き切る。",鋸 → JPDB Kanji Freq: 3062,漢字の読みを入力してください,Text
__慇懃__，__慇懃__無礼，__慇懃__丁重,いんぎん,"［慇］一級
音: イン／オン 訓: 
意味: 心を痛める、気に掛ける、心配する、慇慇(インイン)。
慇懃・慇懄(インギン)、丁寧テイネイなさま、細かいところまで心が行き届いているさま。","慇 → JPDB Kanji Freq: 3064
懃 → JPDB Kanji Freq: 3065",漢字の読みを入力してください,Text
錯__綜__,そう,"［綜］準一級
音: ソウ／ソ 訓: へ
意味: (糸を)一つに纏(まと)める、纏めて一つにする、同「総」。
へ、機織機(はたおりき)で経糸(たていと)を上下に開き杼(ひ、緯糸よこいとを通すための道具)を通す道を作る道具、日本では、綜絖(ソウコウ)と呼ばれる。",綜 → JPDB Kanji Freq: 3067,漢字の読みを入力してください,Text
__楕__円形，__楕__円,だ,"［楕］準一級
音: タ／ダ 訓: 
意味: 円エン(中心から等距離にある全ての点を順に結んだ線が成す形)をやや押し潰した形、楕円(ダエン)。
縁(へり)が長円チョウエン形の木製の椀。",楕 → JPDB Kanji Freq: 3068,漢字の読みを入力してください,Text
"__竈__，__竈__馬，__竈__将軍
土などでかためた、なべ・かまをかけて煮たきをする装置。へっつい。",かまど,"［竈］準一級
音: ソウ 訓: かまど
意味: 粘土や煉瓦などで上・左・右・奥を囲い上に鍋釜を置く穴を設け下から火を焚(た)いて食物を煮炊きするところ。
調理場の中で火を扱うところ(竈、かまど)の神。",竈 → JPDB Kanji Freq: 3069,漢字の読みを入力してください,Text
__凧__，引っ張__凧__，__凧__揚げ,たこ,"［凧］準一級
音: たこ 訓: 
意味: 日風を利用して空に揚(あ)げて遊ぶ遊具、中国では、紙鳶(シエン・ジィエン)。",凧 → JPDB Kanji Freq: 3070,漢字の読みを入力してください,Text
雁字__搦__め，__搦__め手，__搦__め捕る・絡め取る,から,"［搦］一級
音: ダク／ニャク 訓: から・む／から・める
意味: そっと手に持つ、優しく柔らかく手に持つ、同「搻」。
軽く押さえる。
日から・む、から・める、軽く巻き付ける、始めは軽く巻き付けて次第に身動きができないようにする。",搦 → JPDB Kanji Freq: 3071,漢字の読みを入力してください,Text
"__諍__い，__諍__う
ことばで言い争うこと。あらそい。けんか。
「━が絶えない」",いさか,"［諍］一級
音: ソウ／ショウ 訓: いさか・い／いさか・う
意味: 非(ヒ、正しくないこと)や過(あやま)ちを正すよう意見する、同「諫」「争」。
いさか・う、是非ゼヒ、正否(セイヒ)・優劣(ユウレツ)などについて言い合う、論争する、同「訟」「争」。",諍 → JPDB Kanji Freq: 3074,漢字の読みを入力してください,Text
"__眇__める，矯めつ__眇__めつ
片目を細くする。「目を眇めて見つめる」",すが,"［眇］一級
音: ビョウ／ミョウ 訓: すが・める
意味: 片方の目が細い、片方の目が見えない。
目を細めて見る、同「𥇇」。
遥(はる)か遠いさま、同「渺」。
微(かす)かなさま、小さいさま、細かいさま、同「渺」「𦕈」。",眇 → JPDB Kanji Freq: 3075,漢字の読みを入力してください,Text
__鯱__張る，__鯱__張る，__鯱__立ち，__鯱__,"しゃちほこ,しゃち","［鯱］一級
音: コ／ク 訓: しゃち／しゃちほこ
意味: 日シャチ鯱、マイルカ科シャチ属の哺乳類、別名「サカマタ逆叉・逆戟」。
日。",鯱 → JPDB Kanji Freq: 3076,漢字の読みを入力してください,Text
眼__窩__，腋__窩__，山__窩__,か,"［窩］一級
音: カ／ワ 訓: 
意味: 穴(あな)、丸く刳(く)り抜いた穴。
(動物や虫などの)巣す、住処すみか。
しまい込む、中に入れて隠す。",窩 → JPDB Kanji Freq: 3079,漢字の読みを入力してください,Text
蒲__鉾__，__鉾__先,ほこ,"［鉾］準一級
音: ボウ／ム 訓: ほこ
意味: 剣の先端、切っ先(きっさき、鋒)、「鉾先(ほこさき、矛先)」。
両刃の剣に長柄を差し込めるように筒状の鞘(さや)を付けたもの、またそれを長柄の先に付けた槍状の武器、同「矛」{武器(刀剣槍)}。",鉾 → JPDB Kanji Freq: 3081,漢字の読みを入力してください,Text
棺・__柩__,ひつぎ,"［柩］一級
音: キュウ／グ 訓: ひつぎ
意味: 遺体が収(おさ)められた棺(ひつぎ)、また棺に収められた遺体。",柩 → JPDB Kanji Freq: 3082,漢字の読みを入力してください,Text
__梱__包，同__梱__，__梱__包材,こん,"［梱］準一級
音: コン 訓: こり／こう・る
意味: 門や入り口の扉がそれ以上外に開かないようにするための杭(くい)、また門や入り口の地上部に渡した敷居(しきい)、同「困」「閫」。
束ねる、(紐や縄で)縛る、同「裍」「捆」「綑」「𡈳」。
日荷を包んだり縛ったりなどして運べる状態にする、またその荷物。",梱 → JPDB Kanji Freq: 3083,漢字の読みを入力してください,Text
一__縷__の望み，一__縷__,る,"［縷］一級
音: ロウ／ル 訓: 
意味: 糸、縫糸(ぬいいと)。
(糸のように)細く長い、長々と途切れなく続く、またそのようなもの、縷縷(ルル)。
傷み綻(ほころ)んだ布また衣服、粗末な衣服、同「褸」。",縷 → JPDB Kanji Freq: 3084,漢字の読みを入力してください,Text
敬__虔__,けん,"［虔］一級
音: ケン／ゲン 訓: 
意味: がっしりとしている、しっかりしている、固く揺るがない。
相手を尊(とうと)び隅々まで心を配る、またそのように振る舞う、敬虔(ケイケン)、同「𡨊」。
むりやり奪い取る。",虔 → JPDB Kanji Freq: 3086,漢字の読みを入力してください,Text
__嚥__下，誤__嚥__，誤__嚥__性肺炎,えん,"［嚥］一級
音: エン 訓: 
意味: 飲み込む、食べ物を口から食道・胃に送り出す、同「咽」。",嚥 → JPDB Kanji Freq: 3087,漢字の読みを入力してください,Text
"茶箪__笥__，箪__笥__
〈ひきだし／戸〉があって、着物などを入れておく家具。
「━のこやし〔＝衣類をしまったままにしていること〕」",す,"［笥］準一級
音: シ／ス 訓: 
意味: (竹製の)四角い箱、飯や衣類を収納する、同「㔯」、丸いものは「箪」。",笥 → JPDB Kanji Freq: 3090,漢字の読みを入力してください,Text
"__嘯__く
①とぼけて、知らないふりをする。
「まったく関係ないと━」",うそぶ,"［嘯］一級
音: ショウ 訓: うそぶ・く
意味: 口を窄めて息を吹き音を出す、口笛を吹く。
長く引き伸ばした声。
日空惚(そらとぼ)ける、大袈裟に言う。",嘯 → JPDB Kanji Freq: 3091,漢字の読みを入力してください,Text
__邁__進，高__邁__，英__邁__,まい,"［邁］一級
音: バイ／マイ／メ 訓: 
意味: 後ろを振り向くことなくどんどん前に進んで行く、遠くへ行ってしまう。
過ぎて行く、過ぎ去る。
老いる、年を取る。",邁 → JPDB Kanji Freq: 3093,漢字の読みを入力してください,Text
渾__崙__呑棗,ろん,"［崙］一級
音: ロン 訓: 
意味: 崑崙(コンロン)中国西方域にあり仙女西王母セイオウボ・サイオウボが住んでいたとされる山名。",崙 → JPDB Kanji Freq: 3095,漢字の読みを入力してください,Text
__涸__す，__涸__れる，出__涸__らし，水__涸__れ,か,"［涸］一級
音: カク／ガク／コ 訓: か・れる
意味: 水(水分)がなくなる、干上(ひあ)がる、同「𤃯」。",涸 → JPDB Kanji Freq: 3096,漢字の読みを入力してください,Text
__穹__窿，蒼__穹__,きゅう,"［穹］一級
音: キュウ／ク 訓: 
意味: 半球状に広がった大きな空間、天空。
窮(きわ)まる。",穹 → JPDB Kanji Freq: 3097,漢字の読みを入力してください,Text
魍__魎__，魑魅魍__魎__,りょう,"［魎］一級
音: リョウ／ロウ 訓: 
意味: 魍魎(モウリョウ)、山川の精気から生じるという妖怪ヨウカイ、物の怪(もののけ)、お化(ば)け、同「蝄蜽」。",魎 → JPDB Kanji Freq: 3102,漢字の読みを入力してください,Text
兵__站__，兵__站__線，兵__站__部,たん,"［站］一級
音: タン／テン 訓: 
意味: じっと同じところに立つ。
同じところに留(とど)まる、同じところを動かない、同「趈」。
旅人の宿泊・休息や荷物・人の乗り継ぎのために置かれる宿駅シュクエキ、宿場しゅくば。",站 → JPDB Kanji Freq: 3103,漢字の読みを入力してください,Text
__羹__に懲りて膾を吹く，__羹__,あつもの,"［羹］一級
音: コウ／キョウ／カン 訓: あつもの
意味: 多めの水に肉や野菜などの具を入れて煮込んだもの、またそれを調味したもの、肉の羹(あつもの)を「臛」。",羹 → JPDB Kanji Freq: 3104,漢字の読みを入力してください,Text
__蠟__燭，__蠟__石,ろう,"［蠟］準一級
音: ロウ 訓: 
意味: 動植物などから精製する油性の物質、特にミツバチ蜜蜂の蜜から精製した蜜蝋を指す、ワックスwax。
簡「蜡」。",蠟 → JPDB Kanji Freq: 3105,漢字の読みを入力してください,Text
"__銛__
魚などをつきさしてとる道具。",もり,"［銛］一級
音: セン／テン 訓: もり
意味: 尖る、先端が鋭く尖っている、またそのような刃物。
もり、突き刺して魚などを捕る先の尖った道具。
鍬や鋤の類。",銛 → JPDB Kanji Freq: 3107,漢字の読みを入力してください,Text
__咬__む,か,"［咬］一級
音: コウ／キョウ 訓: か・む
意味: 上下の歯で物を挟(はさ)む。
物をしっかりと挟む。",咬 → JPDB Kanji Freq: 3108,漢字の読みを入力してください,Text
__齎__す,もたら,"［齎］一級
音: セイ／サイ 訓: もたら・す
意味: もたら・す、持って行って相手に与える、持って来たものを相手に渡す。",齎 → JPDB Kanji Freq: 3110,漢字の読みを入力してください,Text
__鰐__足，__鰐__,わに,"［鰐］準一級
音: ガク 訓: わに
意味: 鰐(ワニ)、ワニ目の爬虫類の総称。",鰐 → JPDB Kanji Freq: 3111,漢字の読みを入力してください,Text
__鍼__灸，__鍼__術,しん,"［鍼］一級
音: シン 訓: はり
意味: 縫い針、同「針」。
治療用の道具、針状のものや細長いメス状のものなどがある、同「針」「箴」。",鍼 → JPDB Kanji Freq: 3112,漢字の読みを入力してください,Text
__燎__原，__燎__原の火,りょう,"［燎］一級
音: リョウ 訓: 
意味: 野原などに火を放って焼く。
燃え広がる。
火が赤々と燃えるさま、火が辺りを明るく照らすさま。
松明たいまつ、篝火(かがりび)。
火に当てて熱する、温める。
柴(しば)を燃やして天神を祭る儀式、同「尞」「祡」。",燎 → JPDB Kanji Freq: 3113,漢字の読みを入力してください,Text
疲労困__憊__，困__憊__，疲__憊__,はい,"［憊］一級
音: ハイ／バイ 訓: 
意味: 疲れ切る、疲れ果てる、困憊(コンパイ)、同「𢢞」「𤸶」。
弱る、衰(おとろ)える。",憊 → JPDB Kanji Freq: 3114,漢字の読みを入力してください,Text
__睾__丸，__睾__丸炎，副__睾__丸,こう,"［睾］一級
音: コウ 訓: 
意味: 金玉(きんたま)、男子の生殖器の一部、睾丸(コウガン)。",睾 → JPDB Kanji Freq: 3115,漢字の読みを入力してください,Text
鎌__鼬__，__鼬__ごっこ，__鼬__ (ナルト),いたち,"［鼬］一級
音: ユウ／ユ 訓: いたち
意味: 鼬(イタチ)、イタチ科の哺乳類、鼬鼠(ユウソ)(いたち)」、同「𪕏」「鼪」「狌」。
黄鼬(コウユウ)、チョウセンイタチ朝鮮鼬、イタチ科イタチ属の哺乳類、同黄鼠狼(コウソロウ)。
鼬獾(ユウカン)、シナイタチアナグマ支那鼬穴熊、イタチ科イタチアナグマ属の哺乳類、また同属の哺乳類の総称。",鼬 → JPDB Kanji Freq: 3116,漢字の読みを入力してください,Text
体__軀__，短__軀__，巨__軀__，__軀__体,く,"［軀］準一級
音: ク 訓: 
意味: (頭部を除いた)体(からだ)、身軀(シンク)、同「身」。",軀 → JPDB Kanji Freq: 3118,漢字の読みを入力してください,Text
__瓢__簞に釣り鐘，干__瓢__，青__瓢__箪，__瓢__箪,ひょう,"［瓢］準一級
音: ヒョウ／ビョウ 訓: ひさご／ふくべ
意味: 瓢箪(ヒョウタン)、ウリ科ユウガオ属の蔓性の草、またその果実、別名、葫蘆(コロ)、同「瓠」「匏」{ヒョウタン}{ユウガオ}。
瓢箪(ヒョウタン)やユウガオ夕顔などのウリ科ユウガオ属の植物の果実の種や果肉を取り除いて作った容器、またそれを半分に割った液体を掬(すく)う杓子シャクシ。",瓢 → JPDB Kanji Freq: 3119,漢字の読みを入力してください,Text
__簀__巻き，生け__簀__,す,"［簀］一級
音: サク／シャク 訓: す
意味: 竹や細長い板を間(あいだ)を少し開けながら並べたもの、寝台の床板や椅子の座面などに使う、簀子(サクシ)(すのこ)」。",簀 → JPDB Kanji Freq: 3120,漢字の読みを入力してください,Text
薬__莢__,きょう,"［莢］一級
音: キョウ 訓: さや
意味: 豆類の種子を包む殻、成熟すると裂けて種子を放出する。
蓂莢(メイキョウ)、伝説上の瑞草ズイソウ(めでたいとされる草)の名、朔日サクジツ(月の初日)から一日に一枚の葉を出し、十六日からは一枚ずつ葉が落ちる、全ての葉が落ちれば大の月、一枚残れば小の月であることが分かるという、別名を、歷莢(レキキョウ)。
楡莢(ユキョウ)ニレ楡(ニレ科ニレ属の木)の実四角い穴の開いた漢代(前202年～220年)の銭ぜに、、楡莢錢(ユキョウセン)、莢錢(キョウセン)",莢 → JPDB Kanji Freq: 3121,漢字の読みを入力してください,Text
__奸__計，__奸__，__奸__臣,かん,"［奸］一級
音: カン 訓: 
意味: 道義に反する、道理に背(そむ)く、悪事を働く、同繁「姦」。
男女の間で求められる道義を犯(おか)す、同「姦」。",奸 → JPDB Kanji Freq: 3122,漢字の読みを入力してください,Text
"瑕__疵__
①〔文〕きず。欠点。瑕瑾。
②〘法〙法律上、何らかの欠点があること。
「行政上の━」",し,"［疵］一級
音: シ／ジ 訓: きず
意味: 病気、病(やまい)。
傷きず、瑕(きず)、欠点、同「玼」「訾」「呰」。
ちょっとした間違い、過(あやま)ち、同「呰」。",疵 → JPDB Kanji Freq: 3123,漢字の読みを入力してください,Text
跋__扈__，跳梁跋__扈__,こ,"［扈］一級
音: コ／グ／ゴ 訓: 
意味: 主君の後に随(したが)う、主君に付き従う、供(とも)をする。
押し止(とど)める。
九扈(キュウコ)、定まった季節に飛来し、また帰って行く鳥、農作業などの目安としたりする鳥、同「九鳸」。
跋扈(バッコ)、勝手気ままに振る舞うさま。
有扈(ユウコ)、夏代(前21世紀～前17世紀)に現陝西省西安市鄠邑区北部一帯を領した部族名、またその地名、同「有𨝞」。",扈 → JPDB Kanji Freq: 3124,漢字の読みを入力してください,Text
__鍾__乳洞，__鍾__乳石，__鍾__馗,しょう,"［鍾］準一級
音: ショウ／シュ 訓: 
意味: 酒を入れる壺(つぼ)、首が窄(すぼ)まり胴が膨(ふく)らんでいるもの、また酒や茶を飲むための碗ワン、酒鍾(シュショウ)(酒碗、酒を飲む碗)」、茶鍾(チャショウ)(茶碗、茶を飲む碗)」{食器(鍾)}。
たくさん集まる、一カ所に集める。
戦国時代斉国(前386年～前221年)の容量の単位、1鍾=6斛4斗=64斗、同「𦉂」「螤」{各種単位}。
鐘ショウ、叩いて鳴らす青銅製の打楽器、同「鐘」{楽器(打楽器)}{楽器(打楽器)}。",鍾 → JPDB Kanji Freq: 3126,漢字の読みを入力してください,Text
__恫__喝,どう,"［恫］一級
音: トウ／ズウ／ドウ 訓: 
意味: 痛む、呻(うめ)き苦しむ。
恐れる、脅(おび)える、脅(おど)す、脅(おびや)かす。
憁恫(ソウトウ)忙(せわ)しく落ち着きがないさま、深く考えずにそそっかしいさまうまく立ち回るさま、利益を得るために取り入るさま。",恫 → JPDB Kanji Freq: 3129,漢字の読みを入力してください,Text
__魯__魚の誤り，__魯__鈍,ろ,"［魯］準一級
音: ロ 訓: 
意味: 言葉や頭の回転が鈍(のろ)いさま、鈍間(のろま)なさま、鈍(にぶ)いさま。
周代(西周)から戦国時代にかけての古国名、前11世紀～前256年、現山東省南部{春秋時代}{山東省}。",魯 → JPDB Kanji Freq: 3130,漢字の読みを入力してください,Text
"齟齬
〔文〕くいちがうこと。手ちがい。
「計画に━を来す」",そご,"［齟］一級
音: ショ／ジョ／ソ 訓: 
意味: 上下の歯が噛(か)み合わない、歯が牙(きば、肉食系動物などに見られる尖った歯)のようにぎざぎざしている。
噛む、齧(かじ)る、齟𪚅(ソシャク)。
齟齬(ソゴ)上下の歯が合わないさま、歯が鋸(のこぎり)の刃のようにぎざぎざしているさま話や意見が噛み合わないさま、食い違うさま。","齟 → JPDB Kanji Freq: 3132
齬 → JPDB Kanji Freq: 3133",漢字の読みを入力してください,Text
柄__杓__，__杓__子定規,しゃく,"［杓］準一級
音: シャク／ジャク／ヒョウ 訓: 
意味: 勺シャク(液体を汲み取る椀状の器)の柄(え、持ち手、取っ手)、また柄のついた勺、同「𣏐」。
北斗七星の柄の部分の星。",杓 → JPDB Kanji Freq: 3135,漢字の読みを入力してください,Text
お__櫃__，米__櫃__，飯__櫃__,ひつ,"［櫃］一級
音: キ／ギ 訓: ひつ
意味: 物を収納するための蓋付きの箱、また扉の付いた戸棚や箪笥(たんす)、書櫃(ショキ)(書籍・書類を収納する箱や書棚)」、衣櫃(イキ)(衣類を収納する箱や箪笥)」{什器(箱)}。
簡「柜」。",櫃 → JPDB Kanji Freq: 3138,漢字の読みを入力してください,Text
割__烹__，割__烹__着,ぽう,"［烹］準一級
音: ホウ／ヒョウ 訓: 
意味: (食材を)煮る、(茶などを)煮出す。
油で炒(いた)めた食材に味を調えさっと掻(か)き混ぜる調理法。
烹飪(ホウジン)、食材に火を通し調理する。",烹 → JPDB Kanji Freq: 3139,漢字の読みを入力してください,Text
改__竄__，流__竄__，__竄__する,ざん,"［竄］一級
音: サン／ザン 訓: 
意味: (鼠が)穴に入り込む、逃(に)げ込む、逃げ隠(かく)れる。
追いやる、目が届かないところへ追いやる。
目立たないようにこっそりと、密(ひそ)かに。",竄 → JPDB Kanji Freq: 3140,漢字の読みを入力してください,Text
__乖__離，__乖__逆,かい,"［乖］一級
音: カイ／ケ 訓: そむ・く
意味: 反対方向に離れて行く、「背骨のように中央を境にしてそれぞれ反対方向に向かう、離れて行く」の意。
背を向ける、背(そむ)く。
あるべき姿や道から外れる、また反している。
俗(特に子供に対して)お利口な、賢(かしこ)い。",乖 → JPDB Kanji Freq: 3141,漢字の読みを入力してください,Text
__誑__かす，女__誑__し,"たぶら,たら","［誑］一級
音: キョウ／コウ 訓: たぶら・かす／たら・す
意味: いい加減な話、いい加減な話で騙(だま)す、同「𧧄」「㤮」。",誑 → JPDB Kanji Freq: 3142,漢字の読みを入力してください,Text
__撹__乱，__撹__拌,かく,"［撹］準一級
音: コウ／キョウ／カク 訓: 
意味: 掻(か)き乱(みだ)す、掻き回す、攪拌(カクハン)。
乱れる、入り乱れる、攪乱(カクラン)。",撹 → JPDB Kanji Freq: 3143,漢字の読みを入力してください,Text
__痔__，切れ__痔__，いぼ__痔__,じ,"［痔］準一級
音: チ／ジ 訓: 
意味: 肛門コウモン(直腸の先から尻の穴までの部分)部の病気。",痔 → JPDB Kanji Freq: 3145,漢字の読みを入力してください,Text
__饗__宴，__饗__応，__饗__する,きょう,"［饗］準一級
音: キョウ／コウ 訓: あ・う／あえ
意味: 人が集まり大いに飲食する。
あ・う、あえ、大切な人(賓客ヒンキャク・神・先祖など)のために飲食の膳を整えもてなす。
(もてなし・厚意・恩恵などを)受ける。",饗 → JPDB Kanji Freq: 3146,漢字の読みを入力してください,Text
"__鄙__，__鄙__びる，__鄙__振
〔雅〕いなか。
「━にはまれな洋館」",ひな,"［鄙］一級
音: ヒ 訓: ひな
意味: 周代(前11世紀～前256年)の五百家(戸)を単位とする行政単位、5家(戸)=鄰、5鄰=里、4里=酇、5酇=鄙、5鄙=縣。
都(みやこ)から遠く離れた村落、都から千里(或いは五百里)以遠の地、千里(或いは五百里)以内の地を「畿」。
粗野ソヤな、田舎くさい。
卑(いや)しい、品性などが劣る。",鄙 → JPDB Kanji Freq: 3149,漢字の読みを入力してください,Text
蓬__莱__弱水，老__莱__斑衣,らい,"［莱］準一級
音: ライ 訓: 
意味: 藜(アカザ)またシロザ白藜、ヒユ科アカザ属の草、同「藜」{アカザ}{シロザ}。
(郊外の)耕作していない田畑、休耕田、雑草に覆われて荒れた田畑、同「𤲓」。",莱 → JPDB Kanji Freq: 3153,漢字の読みを入力してください,Text
紙__鑢__，__鑢__,やすり,"［鑢］一級
音: リョ／ロ 訓: やすり
意味: 金属などを磨(みが)く、またその道具、同「䥨」「鋁」。
磨きを掛ける。",鑢 → JPDB Kanji Freq: 3156,漢字の読みを入力してください,Text
__灌__木，__灌__漑，__灌__水,かん,"［灌］準一級
音: カン 訓: そそ・ぐ
意味: 水を
水を
水を流しかける、水を流しかけて(手などを)洗う。
灌木(カンボク)群がり生える(比較的背の低い)木はっきりとした主幹シュカンがなく根元から何本かの枝を出す木、別名、低木(テイボク){低木}。",灌 → JPDB Kanji Freq: 3157,漢字の読みを入力してください,Text
"__厠__
〔古風〕便所。",かわや,"［厠］一級
音: シ／ソク／シキ 訓: かわや
意味: 便所、同「圊」「溷」。
交(まじ)わる、間(あいだ)に入る。",厠 → JPDB Kanji Freq: 3159,漢字の読みを入力してください,Text
"__呷__る
（酒などを）あおむくようにして、ひと息に飲む。
「毒を━」",あお,"［呷］一級
音: コウ／キョウ 訓: あお・る
意味: ぐいと飲む、がぶがぶと飲む。",呷 → JPDB Kanji Freq: 3160,漢字の読みを入力してください,Text
__蛆__，__蛆__虫,うじ,"［蛆］一級
音: ショ／ソ 訓: うじ
意味: ウジ(蛆)、ウジムシ(蛆虫)、ハエ蝿の幼虫、またウジ(蛆)に似た虫。
蝍蛆(ショクショ)、ムカデ百足、ムカデ綱の節足動物の総称、また多足の虫、別名、蜈蚣(ゴコウ)。",蛆 → JPDB Kanji Freq: 3161,漢字の読みを入力してください,Text
石__蕗__，__蕗__の薹，伽羅__蕗__,ふき,"［蕗］準一級
音: ロ／ル 訓: ふき
意味: 甘草(カンゾウ)、マメ科カンゾウ属の草。
菎蕗(コンロ)、香草名、未詳
日フキ(蕗)、キク科フキ属の草{フキ}",蕗 → JPDB Kanji Freq: 3162,漢字の読みを入力してください,Text
蜻蛉，__蜻蛉__玉，蚊__蜻蛉__    ≽༏≼,とんぼ,"［蛉］一級
音: レイ／リョウ 訓: 
意味: 蜻蛉(セイレイ)、トンボ蜻蛉・蜻蜓、トンボ目の昆虫、別名、蜻蜓(セイテイ)。
螟蛉・螟𧕅(メイレイ)、葉を食い荒らすチョウ蝶やガ蛾などの幼虫、アオムシ青虫。","蛉 → JPDB Kanji Freq: 3163
蜻 → JPDB Kanji Freq: 3147",漢字の読みを入力してください,Text
切__磋__琢磨，切__磋__,さ,"［磋］一級
音: サ 訓: 
意味: (象牙や玉などを)削り磨(みが)く、削り磨いて目的の形に仕上げる、学問や技芸などに磨きをかける、切磋(セッサ)。",磋 → JPDB Kanji Freq: 3164,漢字の読みを入力してください,Text
融通無__碍__，無__碍__,げ,"［碍］準一級
音: ガイ／ゲ 訓: 
意味: 妨(さまた)げる、遮(さえぎ)る、同「礙」。",碍 → JPDB Kanji Freq: 3165,漢字の読みを入力してください,Text
__皓__々，__皓__月,こう,"［皓］一級
音: コウ／ゴウ 訓: 
意味: 白いさま、明るく白いさま、白く光るさま、同「晧」「皞」。",皓 → JPDB Kanji Freq: 3166,漢字の読みを入力してください,Text
芳__醇__，__醇__美，__醇__乎,じゅん,"［醇］準一級
音: シュン／ジュン 訓: 
意味: 水で薄めていない酒、濃厚な酒。
雑(まじ)り気がなく豊かで深みがあるさま、またその酒。",醇 → JPDB Kanji Freq: 3167,漢字の読みを入力してください,Text
急__峻__，__峻__拒,しゅん,"［峻］準一級
音: シュン 訓: 
意味: 山が高く聳え立っているさま。
険しい。
(才能などが)傑出しているさま。
(性質や態度などが)厳しい。",峻 → JPDB Kanji Freq: 3168,漢字の読みを入力してください,Text
罵__詈__雑言，罵__詈__，罵__詈__讒謗,り,"［詈］一級
音: リ 訓: 
意味: しきりに悪口を言う、罵(ののし)る、罵詈(バリ)。",詈 → JPDB Kanji Freq: 3170,漢字の読みを入力してください,Text
種__籾__，__籾__，__籾__殻,もみ,"［籾］準一級
音:  訓: もみ
意味: 未詳。
日穀物の実の殻(から)
日。",籾 → JPDB Kanji Freq: 3171,漢字の読みを入力してください,Text
__蠕__動,ぜん,"［蠕］一級
音: ゼン／ネン／ジュ／ニュウ 訓: 
意味: 虫が体をくねらせながら動く、蠢(うごめ)く、同「蝡」。",蠕 → JPDB Kanji Freq: 3172,漢字の読みを入力してください,Text
__濠__，外__濠__,ほり,"［濠］準一級
音: コウ／ゴウ 訓: ほり
意味: 都市や城の周りの水を湛えた堀(ほり)、水を湛(たた)えた堀、同「壕」。
川名、安徽省滁州市鳳陽県を流れる川。",濠 → JPDB Kanji Freq: 3173,漢字の読みを入力してください,Text
__荼__毘，曼__荼__羅，軍__荼__利明王,だ,"［荼］一級
音: ト／ズ／ド 訓: 
意味: 苦菜(ニガナ)、キク科ニガナ属の草、漢名を「齒緣苦蕒」という。
キクヂシャ菊萵苣、キク科キクニガナ属の草、漢名を「苦苣」という{キクヂシャ}
チガヤ茅・アシ葦などの白い穂(ほ、茎の先に多数の花実が並ぶように付いたもの){チガヤ}{アシ}",荼 → JPDB Kanji Freq: 3174,漢字の読みを入力してください,Text
勝__鬨__，__鬨__の声，勝ち__鬨__,とき,"［鬨］一級
音: コウ／ク／ゴウ 訓: とき
意味: 闘(たたか)う、互いに向き合って戦う。
闘いの時に兵が一斉に声をあげる、またその声。
大きな声、喧(やかま)しいさま、鬨然(コウゼン)。",鬨 → JPDB Kanji Freq: 3177,漢字の読みを入力してください,Text
"__惟__る〔文〕よくよく考えてみる。
「つらつら━に」",おもんみ,"［惟］準一級
音: イ／ユイ 訓: おも・う／これ／ただ
意味: 思う、考える。
これ、それ、語頭に置いて語調を整える語。
ただ、唯ただ、只ただ、ただ～だけ、only、範囲や内容を限定する語、唯一(ユイチ・ユイツ)(ただ一つだけ)」。",惟 → JPDB Kanji Freq: 3180,漢字の読みを入力してください,Text
情__殷__,いん,"［殷］一級
音: イン／オン／アン／エン 訓: 
意味: 大きなさま、盛大なさま。
豊かなさま、栄える(栄えている)さま。
古代(紀元前17世紀～前11世紀頃)の王朝の名、当初は亳ハク(現河南省北部)に都を置き当時は、商(ショウ)と呼ばれたという、後の盤庚バンコウの代に現河南省安陽市殷都区小屯村付近に遷都し「殷」と称した、そのため、商(ショウ)、殷商(インショウ)とも呼ばれる{商(殷)代}{河南省}。",殷 → JPDB Kanji Freq: 3181,漢字の読みを入力してください,Text
__尭__階三尺，__尭__鼓舜木,ぎょう,"［尭］準一級
音: ギョウ 訓: 
意味: 高いさま、高く聳(そび)えるさま。
名君との誉(ほま)れ高い伝説上の人物の名。",尭 → JPDB Kanji Freq: 3183,漢字の読みを入力してください,Text
操縦__桿__，槓__桿__，__桿__菌,かん,"［桿］一級
音: カン 訓: 
意味: 長く真っ直ぐ(まっすぐ)な(丸い)木の棒、旗杆・旗竿(キカン)。
欄杆(ランカン)、長い横木を渡した手摺てすり、同「欄干」。
盾たて、干(カン)(盾)」に「木」を加えた字。
木名、未詳",桿 → JPDB Kanji Freq: 3184,漢字の読みを入力してください,Text
__庚__〔「金の兄」の意〕,かのえ,"［庚］準一級
音: コウ／キョウ 訓: かのえ
意味: かのえ、十干ジッカン(甲・乙・丙・丁・戊・己・庚・辛・壬・癸)の七番目{十干}。
齢(よわい)、年齢。",庚 → JPDB Kanji Freq: 3185,漢字の読みを入力してください,Text
脳__漿__，血__漿__，岩__漿__,しょう,"［漿］一級
音: ショウ／ソウ 訓: 
意味: 酸味のある汁。
汁や飲み物、同「𤕯」「𩝫」
とろみのある液体、どろっとした液体
糊(のり)、糊状のもの、同「糨」。",漿 → JPDB Kanji Freq: 3186,漢字の読みを入力してください,Text
__啄__む,ついば,"［啄］準一級
音: タク 訓: ついば・む
意味: ついば・む、(鳥が嘴くちばしで)同じところを繰り返し突(つつ)く、また突いて餌を取って食べる。
啄木鳥(タクボクチョウ)、キツツキ啄木鳥、キツツキ科の鳥、同「斲木鳥」。
啐啄(ソツタク)ニワトリ鶏の雛(ひな)が卵の内側から殻を突き破ろうとする音と、すかさず母鶏が外側から突く音両者の時宜ジギ(タイミングtiming)がぴたりと合うこと、啐啄同時(ソツタクドウジ)(仏教などで師弟の呼吸がぴたりと合うこと)」。
永字八法の一つ、左下に向かっての短いはらいの書き方、現代中国では「撇」{永字八法}。",啄 → JPDB Kanji Freq: 3187,漢字の読みを入力してください,Text
__簒__奪，__簒__立,さん,"［簒］一級
音: サン／セン 訓: 
意味: 奪(うば)い取る、無理やり(力ずくで、不当な方法で)他人のものを取る。",簒 → JPDB Kanji Freq: 3189,漢字の読みを入力してください,Text
稲子・__蝗__,いなご,"［蝗］一級
音: コウ／オウ 訓: いなご
意味: 蝗(イナゴ)やバッタ飛蝗などのイナゴ科の昆虫の総称、同「螽」。",蝗 → JPDB Kanji Freq: 3190,漢字の読みを入力してください,Text
槍__衾__，__衾__，野__衾__,ふすま,"［衾］一級
音: キン／コン 訓: ふすま
意味: 寝る時に体を覆(おお)うように掛ける大きなシーツsheet、掛布(かけふ)。
死者を覆う布。",衾 → JPDB Kanji Freq: 3192,漢字の読みを入力してください,Text
工__廠__，兵器__廠__,しょう,"［廠］準一級
音: ショウ 訓: 
意味: 屋根だけで壁のない建物、必要最小限の仕切り壁しかない建物、家畜小屋や作業小屋。
簡「厂」。",廠 → JPDB Kanji Freq: 3195,漢字の読みを入力してください,Text
__埴__輪,はに,"［埴］準一級
音: ショク／ジキ／シ 訓: はに
意味: 粘土ネンド(ねばつち)。",埴 → JPDB Kanji Freq: 3196,漢字の読みを入力してください,Text
__罅__割れる，__罅__，__罅__が入る,ひび,"［罅］一級
音: カ／ケ 訓: ひび
意味: 裂ける、裂けて隙間ができる。
(器の)割れ目、裂け目。",罅 → JPDB Kanji Freq: 3197,漢字の読みを入力してください,Text
麻呂・__麿__,まろ,"［麿］準一級
音: まろ 訓: 
意味: 日わたくし、われ、古く自分のことを「まろ」と言い、「麻呂」の字を宛て、これが一字になった。",麿 → JPDB Kanji Freq: 3198,漢字の読みを入力してください,Text
__娑__羅，__娑__婆,しゃ,"［娑］一級
音: サ／シャ 訓: 
意味: 衣服の裾がひらひらと揺れ動く。
娑婆(サバ・シャバ)耐え忍ぶべき世界、現世、梵語のsahāの音写日軍隊や牢獄などの束縛されている世界から見た自由な世界。
婆娑(バサ)、衣裳などがひらひらと揺れ動くさま、またひらひらさせながら踊り舞うさま。",娑 → JPDB Kanji Freq: 3199,漢字の読みを入力してください,Text
"__錨__
船をとめておくために海におろす、鉄のおもり。アンカー。",いかり,"［錨］準一級
音: ビョウ／ミョウ 訓: いかり
意味: 船が流されないように鎖などで繋ぎ水底に沈める金属製の重り、石製は「碇」。",錨 → JPDB Kanji Freq: 3201,漢字の読みを入力してください,Text
__轡__を並べる，金__轡__を嵌める，金__轡__，__轡__虫（口輪）,くつわ,"［轡］準一級
音: ヒ 訓: くつわ
意味: 馬などを操(あやつ)るための手綱(たづな)。
日銜(くつわ)、馬銜(はみ)、馬の口に咥(くわ)えさせる馬具で、金属製の棒(口に咥えさせる部分)とその両端の環状の金具(ここに手綱を繋ぐ)から成る{乗物(馬車)}。",轡 → JPDB Kanji Freq: 3203,漢字の読みを入力してください,Text
背__凭__れ，__凭__せ掛ける，__凭__せる,もた,"［凭］一級
音: ヒョウ／ビョウ 訓: よ・る／もた・れる
意味: もた・れる、寄り掛る、脇息キョウソクなどに体などを預ける、依(よ)る、頼りにする、同「憑」。
繁「憑」。",凭 → JPDB Kanji Freq: 3205,漢字の読みを入力してください,Text
膀__胱__，膀__胱__炎,こう,"［胱］一級
音: コウ 訓: 
意味: 膀胱(ボウコウ)、尿を一時溜めておく袋状の器官{人体(内臓)}。",胱 → JPDB Kanji Freq: 3206,漢字の読みを入力してください,Text
__膀__胱，__膀__胱炎,ぼう,"［膀］一級
音: ホウ／ボウ 訓: 
意味: 体の中心から左右対称の位置にあって突き出たところ、人や獣類の左右の肩、鳥類の翼(つばさ)。
尿ニョウ(小便)を一時溜(た)めておく袋状の器官、膀胱(ボウコウ)、(体の中心から左右対称の位置にあることから){人体(内臓)}。",膀 → JPDB Kanji Freq: 3207,漢字の読みを入力してください,Text
禹行__舜__趨,しゅん,"［舜］準一級
音: シュン 訓: 
意味: 科(ヒルガオ)ヒルガオ属の蔓性の草、同「葍」「藑」{ヒルガオ}。
ムクゲ木槿、アオイ科フヨウ属の木、同「蕣」{ムクゲ}。
名君との誉(ほま)れ高い伝説上の人物の名、帝舜(テイシュン)。",舜 → JPDB Kanji Freq: 3208,漢字の読みを入力してください,Text
飢__饉__，水飢__饉__,きん,"［饉］一級
音: キン／ゴン 訓: 
意味: 作物が成らない(収穫できない)、穀物以外の作物が不足する、穀物は「飢」、飢饉(キキン)。",饉 → JPDB Kanji Freq: 3210,漢字の読みを入力してください,Text
八__紘__，八__紘__一宇,こう,"［紘］準一級
音: コウ／オウ 訓: 
意味: 冕冠ベンカンの片側から顎の下をめぐらせ反対側で止めて垂らす飾り紐{服飾(冕冠)}。
磬ケイを下げる紐{楽器(打楽器)}。
周りを巡(めぐ)らすように張った綱(つな)、同「紭」。
広大なさま、州(シュウ)(領土、支配地)」の外を、殥(イン)、その外を「紘」、更にその外を、垓(ガイ)という。",紘 → JPDB Kanji Freq: 3211,漢字の読みを入力してください,Text
"__艘__
（小さな）船を数えることば。",ソウ,"［艘］一級
音: ソウ 訓: 
意味: 舟、船、船の総称。
船を数える語。",艘 → JPDB Kanji Freq: 3212,漢字の読みを入力してください,Text
__薊__，野__薊__，鬼__薊__,あざみ,"［薊］一級
音: ケイ／ケ 訓: あざみ
意味: 薊(アザミ)、キク科アザミ属の草の称、同「葪」{アザミ}。",薊 → JPDB Kanji Freq: 3213,漢字の読みを入力してください,Text
__捺__印，署名__捺__印,なつ,"［捺］準一級
音: ダツ／ナチ／ナツ 訓: お・す
意味: 手や指で押さえる、押し付ける、同「𢮊」。
筆画の一つ、左上から右下にはらう書き方、古くは、磔(タク)といったが、現代(遅くとも清代以降)の中国では、捺(ナツ)が用いられる{永字八法}。",捺 → JPDB Kanji Freq: 3214,漢字の読みを入力してください,Text
玉に__瑕__・傷（★）,きず,"［瑕］一級
音: カ／ゲ 訓: きず
意味: 玉ギョク(美しく高貴な石)の小さな斑点や傷などの汚れ。
欠点、不完全な点。
小さな過ち。",瑕 → JPDB Kanji Freq: 3216,漢字の読みを入力してください,Text
__枇__杷,び,"［枇］準一級
音: ヒ／ビ 訓: 
意味: 鼎(かなえ、煮炊き用の器)から生贄を出すための大きな木製の匙(さじ)、同「朼」。
歯の目が細かい櫛(くし)、同「篦」、目が粗いものは「梳」、総称して「櫛」。
枇杷(ビワ)、バラ科ビワ属の果樹、実の形が楽器の琵琶ビワに似ていることから「玨」を「木」に変え「枇杷」としたもの{ビワ}",枇 → JPDB Kanji Freq: 3218,漢字の読みを入力してください,Text
怜__悧__，怜__悧__狡猾,り,"［悧］一級
音: リ 訓: 
意味: 頭が切れる、頭の働きが素早い、賢い。",悧 → JPDB Kanji Freq: 3221,漢字の読みを入力してください,Text
一__揖__，__揖__譲,ゆう,"［揖］準一級
音: ユウ 訓: 
意味: 拱手キョウシュの礼をする、敬意を表すために胸の前で手を組んで礼をする、拱揖(コウユウ)。
集まる、集める。",揖 → JPDB Kanji Freq: 3222,漢字の読みを入力してください,Text
__闖__入者，__闖__入,ちん,"［闖］一級
音: チン 訓: 
意味: (門から馬が)突然頭を突き出すさま、突然現れるさま、行動が突然なさま。
(門から)頭を出して外を窺(うかが)う、同「覘」。
闖入(チンニュウ)、勝手に入ってくる、突然押し入る。
𦋅闖(ケイチン)、䨲杰(バンケツ)、䴰䵎(ショクタン)、仉䀾(ショウト)と共に梁四公の一人。",闖 → JPDB Kanji Freq: 3223,漢字の読みを入力してください,Text
寛__恕__，__恕__する，宥__恕__,じょ,"［恕］準一級
音: ショ／ジョ 訓: 
意味: 相手の心中(気持ち)を思い遣(や)る、またその心持ち、またその心を持って人に接する。
寛大な心で罪を許す、宥恕(ユウジョ)。",恕 → JPDB Kanji Freq: 3224,漢字の読みを入力してください,Text
震__撼__，震__撼__させる,かん,"［撼］一級
音: カン／ゴン 訓: 
意味: 揺(ゆ)する、揺るがす、揺り動かす、同「㨔」。",撼 → JPDB Kanji Freq: 3225,漢字の読みを入力してください,Text
"__閨__房，__閨__秀作家
〔文〕〔夫婦の〕寝室。**ねや**。",けい,"［閨］一級
音: ケイ／ケ 訓: ねや
意味: 宮中の上が丸く下が方形の小さな門。
宮中の小門、「闈」よりも小さく「閤」よりも大きな門。
婦人用の部屋また寝室、同「閤」、一般には正房の北側にあり小門が設けられていた
婦人、女性",閨 → JPDB Kanji Freq: 3226,漢字の読みを入力してください,Text
__鳰__の海，__鳰__,にお,"［鳰］一級
音: にお 訓: 
意味: 日にお、カイツブリ鳰、カイツブリ科の水鳥、また同科の鳥の称、同、鸊鷈(ヘキテイ)。",鳰 → JPDB Kanji Freq: 3227,漢字の読みを入力してください,Text
警__邏__，巡__邏__，__邏__卒,ら,"［邏］一級
音: ラ 訓: 
意味: (警戒や偵察などのために)辺りを見て回る、巡回ジュンカイする、巡邏(ジュンラ)。
周りを取り巻いて遮(さえぎ)るさま。",邏 → JPDB Kanji Freq: 3229,漢字の読みを入力してください,Text
__鏃__・矢尻,やじり,"［鏃］一級
音: ソク／ゾク／サク 訓: やじり
意味: やじり、矢尻、矢の先端の鋭く尖った部分、矢柄・矢幹(やがら)の先端に取り付ける鋭く尖らせた部品{武器(弓箭)}。
鋭く尖っているさま。",鏃 → JPDB Kanji Freq: 3230,漢字の読みを入力してください,Text
__曼__荼羅，__曼__珠沙華,まん,"［曼］一級
音: バン／マン 訓: 
意味: 長いさま、長く延びているさま。
どこまでも長く繋(つな)がっているさま、また続いているさま。
細くしなやかなさま。",曼 → JPDB Kanji Freq: 3231,漢字の読みを入力してください,Text
__樟__,くすのき,"［樟］準一級
音: ショウ 訓: くす／くすのき
意味: 樟(クスノキ)、クスノキ科ニッケイ属の木、別名「櫲樟、豫樟・豫章(ヨショウ){クスノキ}。
樟脳(ショウノウ)、古くクスノキの枝や葉などを蒸留することで得らた結晶、薬用・防虫・防腐などとして利用される。",樟 → JPDB Kanji Freq: 3232,漢字の読みを入力してください,Text
__酉__,とり,"［酉］準一級
音: ユウ／ユ 訓: とり
意味: 十二支の十番目、方角は西、時間は午後六時を中心とした二時間、動物はトリ(鶏)を当てる{十二支}。
とり、とりへん、さけのとり、ひよみのとり、部首名。",酉 → JPDB Kanji Freq: 3233,漢字の読みを入力してください,Text
__囀__る，__囀__り,さえず,"［囀］一級
音: テン 訓: さえず・る
意味: 鳥が玉(たま)を転(ころ)がしているかのように(高く澄んだ声で)鳴く、また歌っているかのように鳴く。",囀 → JPDB Kanji Freq: 3234,漢字の読みを入力してください,Text
__猜__疑心，__猜__疑,さい,"［猜］一級
音: サイ 訓: そね・む
意味: ～ではないかと疑う、疑わしく思う、同「㥒」。
憎らしく思う、妬(ねた)ましく思う。",猜 → JPDB Kanji Freq: 3235,漢字の読みを入力してください,Text
__槿__花一日,きん,"［槿］一級
音: キン／コン 訓: むくげ
意味: 木槿(モクキン)、ムクゲ木槿、アオイ科フヨウ属の木、またその花、同「椴」「櫬」「蕣」「葮」{ムクゲ}。",槿 → JPDB Kanji Freq: 3236,漢字の読みを入力してください,Text
__禊__,みそぎ,"［禊］一級
音: ケイ／ゲ 訓: みそぎ
意味: 水で穢(けが)れを洗い流して身体を清める、沐浴(もくよく)する、またその儀式。
春と秋に水辺で行われる厄除けの祭礼、同「稧」。",禊 → JPDB Kanji Freq: 3240,漢字の読みを入力してください,Text
__魍__魎,もう,"［魍］一級
音: ボウ／モウ 訓: 
意味: 魍魎(モウリョウ)、山川の精気から生じるという妖怪ヨウカイ、物の怪(もののけ)、お化(ば)け、同「蝄蜽」。",魍 → JPDB Kanji Freq: 3241,漢字の読みを入力してください,Text
下__剋__上，相__剋__,こく,"［剋］一級
音: コク 訓: 
意味: 勝つ、力を尽くして打ち勝つ、(困難なことを)乗り越え成し遂げる、同簡「克」。
(忘れないように)刻み込む、期する、同「刻」。
厳しい、酷(むご)い、同「刻」。",剋 → JPDB Kanji Freq: 3243,漢字の読みを入力してください,Text
"分__娩__
〘医〙子をうむこと。出産。
「━台」",べん,"［娩］準一級
音: ベン／メン／バン／マン 訓: 
意味: 子を産む、出産する、同「㝃」。
従順なさま。",娩 → JPDB Kanji Freq: 3244,漢字の読みを入力してください,Text
__按__摩，__按__配，__按__摩師,あん,"［按］準一級
音: アン 訓: 
意味: 手や指で軽く押さえ付ける、柔らかく押さえる。
一つずつしっかりと押さえて調べる、また考える。
調べてみたところ～、あれこれ考えてみるに～。
按語(アンゴ)、編者や著者などが調べ考えた結果付け加えた補足や",按 → JPDB Kanji Freq: 3245,漢字の読みを入力してください,Text
__乍__ら，然し__乍__ら，恐れ__乍__ら,なが,"［乍］準一級
音: サ／ジャ 訓: なが・ら
意味: 急に、突然に。
「乍～乍～」、～するかと思えば急に～する、～であるかと思えば急に～である。
日なが・ら、～ではあるが、～しつつ、幾つかの動作を同時に行うことを指す。",乍 → JPDB Kanji Freq: 3246,漢字の読みを入力してください,Text
黒__貂__，続__貂__,てん,"［貂］一級
音: テン／チョウ 訓: 
意味: 貂(テン)、イタチ科テン属の哺乳類、また同属の哺乳類の総称。",貂 → JPDB Kanji Freq: 3247,漢字の読みを入力してください,Text
__蝮__,まむし,"［蝮］一級
音: フク 訓: まむし
意味: 蝮(マムシ)、クサリヘビ科マムシ属の毒蛇。
蝮蜪(フクトウ)、バッタ飛蝗やイナゴ蝗などの羽の生える前の幼虫。",蝮 → JPDB Kanji Freq: 3250,漢字の読みを入力してください,Text
正__鵠__を射る,こく,"［鵠］準一級
音: コク／ゴク 訓: くぐい
意味: 鵠(クグイ)、カモ科ハクチョウ属のハクチョウ白鳥(天鵝テンガ)やコハクチョウ小白鳥(小天鵝ショウテンガ)。
大きいさま。
白いさま、鵠髮(コクハツ)(白髪)」。
鴻鵠(コウコク)ヒシクイ鴻(カモ科マガン属の水鳥)と鵠(クグイ)(いずれもカモ科の中では大形であることから)大人物、偉大な人。
弓の的(まと)の中心。",鵠 → JPDB Kanji Freq: 3251,漢字の読みを入力してください,Text
"含__嗽__
〔文〕うがい。",そう,"［漱］一級
音: ソウ／ス 訓: すす・ぐ／くちすす・ぐ
意味: 嗽(うがい)をする、口に含んだ水を揺り動かしながらごぼごぼと口の中を洗う、同「嗽」。
洗う、濯(すす)いで汚れを洗い落とす、同「澣」。",漱 → JPDB Kanji Freq: 3252,漢字の読みを入力してください,Text
__糠__に釘，小__糠__雨,ぬか,"［糠］準一級
音: コウ 訓: ぬか
意味: 穀物の実を覆う殻から、実を除いて残る殻、籾殻(もみがら)、「籾糠(もみぬか)」、同「穅」。
穀物を精白する時に出る(粉状の)殻や胚芽。
糠秕(コウヒ)籾殻(もみがら)と実の入っていない穀物(食べるところがないことから)役に立たないさま、用を成さないさま。",糠 → JPDB Kanji Freq: 3253,漢字の読みを入力してください,Text
"__諺__
生活の中から生まれて伝わってきた、なるほどと思わせる短いことば。例、「急がばまわれ」。",ことわざ,"［諺］準一級
音: ゲン 訓: ことわざ
意味: (古くから言い伝えられている、教訓などを含む、示唆に富む)短く簡潔な話、諺語(ゲンゴ)、俗諺(ゾクゲン)、俚諺(リゲン)。
傷つき悲しみ悩み苦しむ人に労(いた)わりや慰めの言葉を掛ける、遺族を訪ねて労わりや慰めの言葉を掛ける、弔問チョウモンする、同「喭」「唁」。",諺 → JPDB Kanji Freq: 3254,漢字の読みを入力してください,Text
酩__酊__,てい,"［酊］一級
音: テイ／チョウ 訓: 
意味: 酩酊(メイテイ)、酒に酔(よ)う、酒に酔って正体ショウタイを失う、同「茗艼」。",酊 → JPDB Kanji Freq: 3255,漢字の読みを入力してください,Text
__酩__酊,めい,"［酩］一級
音: メイ／ミョウ 訓: 
意味: 酒に酔(よ)う、酒に酔って正体ショウタイを失う、酩酊(メイテイ)、同「茗艼」、同「佲」「𠋶」。",酩 → JPDB Kanji Freq: 3256,漢字の読みを入力してください,Text
灰__燼__，余__燼__，_燼__滅,じん,"［燼］一級
音: シン／ジン 訓: 
意味: 燃(も)え残り、燃えさし、燃え切らずに残った火。
多くの人が犠牲になるような災害や戦争などの後に生き残った人。",燼 → JPDB Kanji Freq: 3260,漢字の読みを入力してください,Text
"__抓__る
皮膚を、〈つめ／指の先〉で強くねじる。つめる。",つね,"［抓］一級
音: ソウ／ショウ 訓: つま・む／つね・る
意味: つま・む、(指や箸などの長いものを使って)掴(つか)む、また掴み取る、同「摘」「撮」。
爪を立てて掻(か)く、同「搔」。
日つね・る、指先で掴んで捻(ひね)る。",抓 → JPDB Kanji Freq: 3261,漢字の読みを入力してください,Text
"小__倅__，__倅__
①「自分のむすこ」の、けんそんした言い方。
②「他人のむすこ」の、ぞんざいな言い方。",せがれ,"［倅］一級
音: サイ／ソツ／ソチ 訓: せがれ
意味: 付き添う、付き従う、同「卒」。
予備や補助を目的に主となるものに副(そ)う、同「副」。
日せがれ、自分の息子。",倅 → JPDB Kanji Freq: 3262,漢字の読みを入力してください,Text
"裂__帛__
〔文〕絹を引きさく音のように〈するどい／はげしい〉こと。
「━の気合で刀をふる」",はく,"［帛］一級
音: ハク／ビャク 訓: 
意味: (厚手の)絹布、絹織物の総称。
白い、白い布、布帛(フハク)(白い布の総称)」。",帛 → JPDB Kanji Freq: 3263,漢字の読みを入力してください,Text
__蟷螂__の斧,とうろう,"［螂］一級
音: ロウ 訓: 
意味: 「蟷螂、螳螂トウロウ」、カマキリ鎌切・螳螂・蟷螂、カマキリ目の昆虫の総称。
蜣螂(キョウロウ)、コガネムシ科の昆虫、哺乳類の糞便を餌とする昆虫の総称、通称「ふんころがし」。
螞螂(バロウ)、トンボ蜻蛉、トンボ亜目の昆虫。
蟑螂(ショウロウ)、ゴキブリ蜚蠊、ゴキブリ目の昆虫。","螂 → JPDB Kanji Freq: 3265
蟷 → JPDB Kanji Freq: 3270",漢字の読みを入力してください,Text
"__誼__
①〔文〕〔親しいつきあいができるような〕関係。
「友人の━を結ぶ・ひそかに━を通じる〔＝仲間になる〕」
②〔…の━で〕…の関係があるので。〔特別にあつかう場合に言う〕
「同郷の━でやとってもらった」",よしみ,"［誼］準一級
音: ギ 訓: よしみ
意味: 宜(よろ)しい、良い、理に適(かな)っている、適切な、同「竩」。
よしみ、親しい関係、交誼(コウギ)(親しい交わり)」",誼 → JPDB Kanji Freq: 3266,漢字の読みを入力してください,Text
__塹__壕，__塹__壕戦,ざん,"［塹］一級
音: セン／ザン 訓: 
意味: 城の周りに掘(ほ)り巡らせた深く広い濠ゴウ(ほり、水堀)、防御用の濠、また壕ゴウ(ほり、空堀)、同「㟻」。
(穴や堀を)掘る。",塹 → JPDB Kanji Freq: 3267,漢字の読みを入力してください,Text
吐__瀉__，吐__瀉__物，__瀉__血,しゃ,"［瀉］一級
音: シャ／サ 訓: 
意味: 高いところから低い方へさっと流れる、さっと流れ出る。
腹を下(くだ)す、下痢(ゲリ)をする。",瀉 → JPDB Kanji Freq: 3268,漢字の読みを入力してください,Text
寂__寥__感，寂__寥__,りょう,"［寥］一級
音: リョウ 訓: 
意味: 何もなく虚(うつ)ろなさま、空虚クウキョなさま、空(むな)しいさま、同「𡪹」「廫」。
寥落(レイラク)落ちぶれるさま、寂(さび)れるさま寂(さび)しいさま疎(まば)らなさま。
寂寥(セキリョウ)何もなく空虚なさま声や音がすることもなくひっそりとしているさま。",寥 → JPDB Kanji Freq: 3274,漢字の読みを入力してください,Text
__赫赫__，憚__赫__,かく,"［赫］準一級
音: カク／キャク 訓: 
意味: 火が赤々と燃えるさま、真っ赤なさま、同「焃」「奭」。
明るい、明白な。
勢いがあるさま、盛んなさま、同「奭」。
顔を真っ赤にして怒(いか)るさま、同「嚇」。",赫 → JPDB Kanji Freq: 3275,漢字の読みを入力してください,Text
耀う・__赫__う,かがよ,"［赫］準一級
音: カク／キャク 訓: 
意味: 火が赤々と燃えるさま、真っ赤なさま、同「焃」「奭」。
明るい、明白な。
勢いがあるさま、盛んなさま、同「奭」。
顔を真っ赤にして怒(いか)るさま、同「嚇」。",赫 → JPDB Kanji Freq: 3275,漢字の読みを入力してください,Text
__嗄__れる,"か,しわが,しゃが","［嗄］一級
音: サ／シャ／カ 訓: か・れる／しわが・れる／しゃが・れる
意味: 声が掠(かす)れる、掠れて声が変わる、声が咽喉インコウ(のど)に引っ掛って滑らかに出てこない。
軽い疑問などを表す語。",嗄 → JPDB Kanji Freq: 3277,漢字の読みを入力してください,Text
__剪__定,せん,"［剪］一級
音: セン 訓: き・る
意味: 鋏(はさみ)や鎌(かま)などで端を切り落とす、切って先端を或いは全体を整える、切り揃える、同「翦」。",剪 → JPDB Kanji Freq: 3280,漢字の読みを入力してください,Text
__欣__喜雀躍，__欣__快，__欣__求浄土,きん,"［欣］準一級
音: キン／コン／ゴン 訓: 
意味: (口を大きく開けて、何の悩みも気掛かりもなく)顔を大きく綻(ほころ)ばせて喜ぶ、同「俽」「忻」「訢」。
喜ばしい、素晴らしい",欣 → JPDB Kanji Freq: 3281,漢字の読みを入力してください,Text
"__眦__
〔文〕目じり。
「━を下げて笑う」",まなじり,"［眦］一級
音: シ／ジ／サイ／ゼ 訓: まなじり
意味: 目の左右の端(はじ)、目の上瞼(うえまぶた)と下瞼(したまぶた)が合わさるところ、目尻(めじり、目の耳に近い方の端、外眦ガイシ)と目頭(めがしら、鼻に近い方の端、内眦ナイシ)。
睚眦(ガイシ・ガイサイ)目に角を立てて睨(にら)む僅(わず)かなさま。
襟(えり)が頸(くび、首の正面側)の下で合わさるところ
日まなじり、目尻(めじり)、目の耳に近い方の端。",眦 → JPDB Kanji Freq: 3283,漢字の読みを入力してください,Text
"__麾__下
〔文〕①将軍のけらい。はたもと。
②ある人の指揮下。部下。
「━に入る」",き,"［麾］一級
音: キ 訓: さしまね・く
意味: 戦(いくさ)で指揮する大将(指揮者)の旗印はたじるし、同「戯」。
(旗を振って、手で指し示して)合図する、指図(さしず)する、呼び寄せる。
麾下(キカ)、旗(指揮者)の下にある家来また兵士。",麾 → JPDB Kanji Freq: 3285,漢字の読みを入力してください,Text
__趨__勢，帰__趨__,すう,"［趨］準一級
音: シュ／ス／スウ 訓: 
意味: 足早(あしばや)に行く、早足(はやあし)で行く、さっさっと(すたすたと)行く、急いで行く、同「走」「趣」。
(ある方向に)向う、向かって行く。
急(せ)き立てる、急(せ)かす、同「促」。",趨 → JPDB Kanji Freq: 3287,漢字の読みを入力してください,Text
__紆__余曲折,う,"［紆］一級
音: ウ 訓: 
意味: 曲がる、折れ曲がる、曲がりくねる、紆回(ウカイ)。
絡(から)む、縺(もつ)れる、巻き付く、紆軫(ウシン)(絡み合うさま、縺れるさま)」、紆結(ウケツ)(絡み合って解けないさま)」。",紆 → JPDB Kanji Freq: 3288,漢字の読みを入力してください,Text
摩__訶__不思議，摩__訶__,か,"［訶］一級
音: カ 訓: 
意味: 大声で怒鳴る、同「呵」。
厳しく問う、咎(とが)める。",訶 → JPDB Kanji Freq: 3289,漢字の読みを入力してください,Text
銅__鐸__，木__鐸__,たく,"［鐸］準一級
音: タク／ダク 訓: 
意味: 下向きにして揺らして鳴らす大きな鈴(すず)、揺らすことで内部に吊るした舌ゼツ(した)が内壁にぶつかり音が出る、金属製の舌のものは「金鐸」といい軍事に関する通知・通達の際に用い、木製のものを「木鐸」といい文事ブンジ(軍事以外のこと)に関する通知・通達の際に用いるという。
牛などの首に掛ける鈴",鐸 → JPDB Kanji Freq: 3291,漢字の読みを入力してください,Text
__喬__木，__喬__志,きょう,"［喬］準一級
音: キョウ／ギョウ 訓: 
意味: (木などが)高い、高く聳(そび)える、喬木(キョウボク)。
驕(おご)る、思い上がる。
うわべだけを装(よそお)う、見せかける、喬裝(キョウソウ)。",喬 → JPDB Kanji Freq: 3292,漢字の読みを入力してください,Text
見__做__す，言い__做__す,な,"［做］一級
音: サ／サク 訓: な・す
意味: 働(はたらく)く、力や手を加える、為(な)す、同「作」。
作る、力や手を加えたり頭を使ったりしてものを作る、同「作」。
日見做す(みな・す)、他のものと同じであると判断する。",做 → JPDB Kanji Freq: 3294,漢字の読みを入力してください,Text
開__闢__，天地開__闢__,びゃく,"［闢］一級
音: ヘキ／ビャク 訓: 
意味: 門の扉を真ん中から押して左右に開(ひら)く、左右に押し退(の)ける、開(あ)け放つ、同「𨴔」。
それまだ閉じていたものを開く、切り開く。
右や左に除(よ)ける。",闢 → JPDB Kanji Freq: 3297,漢字の読みを入力してください,Text
虎__鶫__，__鶫__,つぐみ,"［鶫］一級
音: つぐみ 訓: 
意味: 日ツグミ(鶫)、ツグミ科ツグミ属の鳥。",鶫 → JPDB Kanji Freq: 3299,漢字の読みを入力してください,Text
"__悄__然
__悄__気る","しょう,しょ","［悄］一級
音: ショウ 訓: 
意味: 心細いさま、心配で心穏やかでないさま。
物淋(ものさび)しいさま。
消え入りそうな声や音、声や音が小さく微かで静かなさま、悄悄(ショウショウ)。",悄 → JPDB Kanji Freq: 3300,漢字の読みを入力してください,Text
八重__葎__，枯__葎__,むぐら,"［葎］準一級
音: リツ／リチ 訓: むぐら
意味: 蔓性の草の総称。
葎草(リツソウ)、カナムグラ金葎・葎草、アサ科カラハナソウ属の草{カナムグラ}。",葎 → JPDB Kanji Freq: 3302,漢字の読みを入力してください,Text
__魑__魅魍魎,ち,"［魑］一級
音: チ 訓: 
意味: 山林の精気から生じ人に災(わざわ)いを齎(もたら)すという妖怪ヨウカイ、魑魅(チミ)(すだま)」。",魑 → JPDB Kanji Freq: 3303,漢字の読みを入力してください,Text
団__欒__，家族団__欒__,らん,"［欒］一級
音: ラン 訓: 
意味: モクゲンジ、ムクロジ科モクゲンジ属の木、また同属の木の総称{モクゲンジ}。
柱の上端に置き、それより上部の梁(はり)や桁(けた)を支える役目をするＵ字形の木材、日本では「肘木(ひじき)」とも呼ばれる、同「栱」、方形の木材は「櫨」{建物}。
双生児、同「孿」。",欒 → JPDB Kanji Freq: 3304,漢字の読みを入力してください,Text
__擽__る，__擽__ったい,くすぐ,"［擽］一級
音: リャク／ラク 訓: くすぐ・る
意味: 打つ、ぴしゃりと叩(たた)く。
日くすぐ・る、軽く触れて撫(な)でる、こそばゆい感じにさせる。",擽 → JPDB Kanji Freq: 3305,漢字の読みを入力してください,Text
尾__鰭__を付ける，尾__鰭__，小__鰭__,"ひれ,びれ","［鰭］準一級
音: キ／ギ 訓: ひれ
意味: 魚の背・尾・胸などから突起した羽状のもの。",鰭 → JPDB Kanji Freq: 3306,漢字の読みを入力してください,Text
"__瀞__
川の流れのしずかな〈こと／ところ〉。どろ。",とろ,"［瀞］準一級
音: セイ／ジョウ 訓: とろ
意味: 清く澄んでいるさま。
日とろ、川が深く流れが緩(おだ)やかなさま。",瀞 → JPDB Kanji Freq: 3307,漢字の読みを入力してください,Text
__繚__乱，百花__繚__乱,りょう,"［繚］一級
音: リョウ 訓: 
意味: 纏(まと)わり付く、絡(から)み付く。
絡み合う、入り乱れる、同「撩」。",繚 → JPDB Kanji Freq: 3309,漢字の読みを入力してください,Text
恣__肆__，書__肆__，惰__肆__,し,"［肆］一級
音: シ 訓: ほしいまま
意味: (見やすいように)ものを横方向に並べる、左右方向に並べる、陳列する。
商品を陳列した店。
生贄を解体して神前に並べる、またその祭礼。
拘(こだわ)りがないさま、気儘なさま。
究(きわ)める、尽(つく)くす。
四、数字の四、四番目、「四」の大写字(「一」は「壹」・「三」は「參」のような大文字のこと){数字}。",肆 → JPDB Kanji Freq: 3310,漢字の読みを入力してください,Text
__梵__字，__梵__天,ぼん,"［梵］一級
音: ハン／ボン 訓: 
意味: 仏教や古代インドと関わりがある事柄を表す漢字。",梵 → JPDB Kanji Freq: 3311,漢字の読みを入力してください,Text
__沽__券に関わる，__沽__券,こ,"［沽］一級
音: コ／ク 訓: 
意味: (酒を)買う、売る、売買する、同「酤」。
粗(あら)いさま、大雑把(おおざっぱ)なさま。
川名、北京市密雲区の万里の長城の北方が源とされる。
日、沽券・估券(コケン)、ものの売り渡しの証文、ものの価値、人の値打ちや品位",沽 → JPDB Kanji Freq: 3312,漢字の読みを入力してください,Text
"__誂__える，お__誂__え向き
①注文して作ってもらう。
「洋服を━・入れ歯を━」
②〔古風〕乗り物を用意してもらう。
「駕籠(かご)を━」",あつら,"［誂］一級
音: チョウ／ジョウ 訓: あつら・える／あつら・う
意味: 誘(さそ)う、言葉巧みにそうなるように仕向ける、唆(そそのか)してその気を起こさせる、同「挑」。
からかう、ふざけてからかう、馬鹿にする、同「𠻩」。
日あつら・える、",誂 → JPDB Kanji Freq: 3313,漢字の読みを入力してください,Text
__逼__迫，__逼__塞,ひつ,"［逼］準一級
音: ヒョク／ヒキ／ヒツ 訓: せま・る
意味: 間近(まじか)まで近づく、間(あいだ)が狭まる、同「迫」「偪」。
強く迫る、強要する。",逼 → JPDB Kanji Freq: 3314,漢字の読みを入力してください,Text
"根__刮__ぎ，__刮__ぐ
①根もとから全部取り去るようす。
「━にする」
②残らず。全部。そっくり。
「悪人を━つかまえた」",こそ,"［刮］一級
音: カツ／ケチ 訓: こそ・ぐ／こそ・げる
意味: 削る、削り取る、削ってきれいにする。
剥(は)ぎ取る。
風、風が吹く、同「颳」。
繁「颳」。",刮 → JPDB Kanji Freq: 3315,漢字の読みを入力してください,Text
__刮__目,かつ,"［刮］一級
音: カツ／ケチ 訓: こそ・ぐ／こそ・げる
意味: 削る、削り取る、削ってきれいにする。
剥(は)ぎ取る。
風、風が吹く、同「颳」。
繁「颳」。",刮 → JPDB Kanji Freq: 3315,漢字の読みを入力してください,Text
__邯__鄲の夢，__邯__鄲の歩み,かん,"［邯］一級
音: カン／ガン 訓: 
意味: 邯鄲(カンタン)、地名、現河北省邯鄲市、戦国時代(前5世紀～前221年)の趙チョウ国(前403年～前222年)の首都{河北省}。
邯𤯈(カンショ)、同、甘藷(カンショ)(サツマイモ)」、サツマイモ薩摩芋、ヒルガオ科サツマイモ属の植物、またその根茎{サツマイモ}。",邯 → JPDB Kanji Freq: 3316,漢字の読みを入力してください,Text
__檄__を飛ばす，__檄__文,げき,"［檄］一級
音: ケキ／ギャク／ゲキ 訓: 
意味: (木簡モッカン製・木札きふだ製の)公文書、兵を召集したり、敵を糾弾(キュウダン)したり、民に告知・命令するための文書。",檄 → JPDB Kanji Freq: 3317,漢字の読みを入力してください,Text
暗__渠__，溝__渠__,きょ,"［渠］準一級
音: キョ／ゴ 訓: みぞ
意味: (人工の)用水路。
大きい、大物。
渠魁(キョカイ)、領袖、多く悪党の首領。
彼(か)の、あの～、he、she、第三者をを指す語、三人称、同「佢」。
何(なん)ぞ、どうして～であろうか、「～ではない」「～のようなことになるはずがない」の意、同「豈」「詎」。",渠 → JPDB Kanji Freq: 3318,漢字の読みを入力してください,Text
真相は__藪__の中，__藪__の中，__薮__蛇，竹__薮__， __藪__から棒 （弥生）,やぶ,"［薮］準一級
音: ソウ／ス 訓: やぶ
意味: 覆い尽くすように草木が生い茂った湿地や水辺、草木が生い茂ったところ。
人や物事が集まるところ、(草木が生い茂った湿地や水辺などには鳥獣など多くのものが集まることから)。",薮 → JPDB Kanji Freq: 3319,漢字の読みを入力してください,Text
青天の__霹__靂，__霹__靂,へき,"［霹］一級
音: ヘキ／ヒャク 訓: 
意味: 引き裂く、切り裂くような激しい雷。
霹靂(ヘキレキ)、突然切り裂くように響き渡る激しい雷、同「礔礰」。",霹 → JPDB Kanji Freq: 3320,漢字の読みを入力してください,Text
青天の霹__靂__，霹__靂__,れき,"［靂］一級
音: レキ／リャク 訓: 
意味: 霹靂(ヘキレキ)、突然切り裂くように響き渡る激しい雷、同「礔礰」。",靂 → JPDB Kanji Freq: 3321,漢字の読みを入力してください,Text
__偲__ぶ，故人を__偲__ぶ，__偲__ぶ会,しの,"［偲］準一級
音: シ／サイ 訓: しの・ぶ
意味: 他を思い力を尽くす。
偲偲(シシ)、互いに思い合い互いに高め合うさま。
日しの・ぶ、離れている人を思い懐かしむ、また慕う",偲 → JPDB Kanji Freq: 3322,漢字の読みを入力してください,Text
邯__鄲__の夢，邯__鄲__の歩み,たん,"［鄲］一級
音: タン 訓: 
意味: 邯鄲(カンタン)、地名、現河北省邯鄲市、戦国時代(前5世紀～前221年)の趙チョウ国(前403年～前222年)の首都{河北省}。
鄲城(タンジョウ)、県名、河南省周口市{河南省}。",鄲 → JPDB Kanji Freq: 3325,漢字の読みを入力してください,Text
__姥__〔古風〕年をとった女性。ばば。,うば,"［姥］準一級
音: ボ／モ 訓: うば
意味: 女子に礼儀や学問などを教育・指導する婦人、同「姆」。
高齢の女性
天姥山(テンボサン)、山名、浙江省紹興市新昌県と台州市天台県の県境付近{浙江省}",姥 → JPDB Kanji Freq: 3327,漢字の読みを入力してください,Text
漉す・__濾__す,こ,"［濾］一級
音: リョ／ロ 訓: こ・す
意味: 液体を網・布・紙などの目の細かいものに通し、その目よりも大きいものと小さいものとに分ける、液体から塵(ちり)や滓(かす)などの不要なものを取り除く。",濾 → JPDB Kanji Freq: 3328,漢字の読みを入力してください,Text
"__葺__く，茅__葺__き，瓦__葺__き
①屋根をおおって作る。
「かわらで━」
②〔軒(のき)に〕さす。
「ショウブを━」",ふ,"［葺］準一級
音: シュウ 訓: ふ・く
意味: 茅(カヤ)などの草の茎を乾燥させて屋根を覆(おお)う、またその屋根。
(屋根を)補修ホシュウする。
(茅葺屋根のように、魚の鱗のように)重(かさ)なる、一部が重なりながら少しずつずれる。",葺 → JPDB Kanji Freq: 3329,漢字の読みを入力してください,Text
熱__燗__，__燗__酒，__燗__をつける,かん,"［燗］一級
音: ラン／カン 訓: 
意味: 形が崩れるほどに柔らかくなるまでじっくり煮る、同「爛」。
日酒を温める。",燗 → JPDB Kanji Freq: 3330,漢字の読みを入力してください,Text
"__舅__
〈夫／妻〉の父。（↔しゅうとめ）",しゅうと,"［舅］一級
音: キュウ／グ 訓: しゅうと
意味: 母親の兄弟。
(妻の立場から)夫の父親、母親は「姑」、(夫の立場から)妻の父親を、外舅(ガイキュウ)という。",舅 → JPDB Kanji Freq: 3336,漢字の読みを入力してください,Text
真__鍮__,チュウ,"［鍮］一級
音: トウ／ツ／チュウ 訓: 
意味: 自然銅(しぜんどう、じねんどう、天然に産する銅の鉱石)の質の良いもの。
「鍮鉐、鍮石トウセキ・チュウセキ・チュウジャク」、黄銅オウドウ、真鍮シンチュウ、銅と亜鉛の合金で黄金色をしており装飾品に用いられた。",鍮 → JPDB Kanji Freq: 3338,漢字の読みを入力してください,Text
__雉__，__雉__鳩，__雉__笛,きじ,"［雉］一級
音: チ／ジ 訓: きじ
意味: 雉(キジ)、キジ科の鳥の総称、同「𪅊」。
城壁。
城壁の面積の単位、一雉は長三丈高一丈。",雉 → JPDB Kanji Freq: 3339,漢字の読みを入力してください,Text
"__傅__く
そばに付き添ってたすける。人に仕えて大切に世話をする。",かしず,"［傅］一級
音: フ 訓: 
意味: 傍(そば)に付き添う、付き添って手助けする、世話する。
傍に付き添って補導する、助け導く。
(無理に)付ける、こじつける、皮傅(ヒフ)(薄弱な根拠を以ってこじつける、「皮」は「薄い」の意)」。",傅 → JPDB Kanji Freq: 3340,漢字の読みを入力してください,Text
__嘶__く，__嘶__き,いなな,"［嘶］一級
音: セイ／サイ／シ 訓: いなな・く
意味: いなな・く、馬が声高に鳴く、またその声。
声が嗄(しわが、しゃが)れる、声が掠(かす)れる。
噎(むせ)ぶ。",嘶 → JPDB Kanji Freq: 3342,漢字の読みを入力してください,Text
__懊__悩，__懊__悩煩悶,おう,"［懊］一級
音: オウ 訓: 
意味: 心の奥深くに傷を懐(いだ)く、同「㤇」。",懊 → JPDB Kanji Freq: 3343,漢字の読みを入力してください,Text
__狒__々,ひ,"［狒］一級
音: ヒ／ビ 訓: 
意味: 狒狒(ヒヒ)、ヒヒ狒狒・狒々、オナガザル科ヒヒ属の哺乳類、同、嘄陽・梟羊(キョウヨウ)。",狒 → JPDB Kanji Freq: 3345,漢字の読みを入力してください,Text
"__猩__々，__猩__々緋，__猩__紅熱
①人間に似た、想像上の動物。かみの毛が赤く、酒をよく飲むという。",しょう,"［猩］一級
音: セイ／ショウ 訓: 
意味: オランウータンorangutan、ヒト科オランウータン属の動物、猩猩(ショウジョウ)、同「狌狌」。
猩猩(セイセイ)、イヌ犬の吠(ほ)える声。",猩 → JPDB Kanji Freq: 3346,漢字の読みを入力してください,Text
__炬__燵，掘り__炬__燵,こ,"［炬］一級
音: キョ／ゴ／コ 訓: 
意味: 松明たいまつ、燃えやすい松脂(まつやに)の多い部分やアシ葦などの茎を束ねてその先に火を点け明かりとするもの、同「苣」「𥬙」。",炬 → JPDB Kanji Freq: 3347,漢字の読みを入力してください,Text
__虻__蜂取らず，盲__虻__,あぶ,"［虻］準一級
音: モウ／ミョウ／ボウ 訓: あぶ
意味: 虻(アブ)、ハエ目アブ科の昆虫の総称、同「蝱」。",虻 → JPDB Kanji Freq: 3349,漢字の読みを入力してください,Text
反__駁__，雑__駁__，論__駁__，甲論乙__駁__,ばく,"［駁］準一級
音: ハク／ホク／バク 訓: ぶち
意味: 毛色が斑(まだら)な馬、何色かの毛色が交った(或いは同色で濃淡がはっきりしている)馬、同「駮」。
白黒(或いは何色かの色)が入り交じる。
他の意見に対しその異を説く、反論する、同「駮」。",駁 → JPDB Kanji Freq: 3352,漢字の読みを入力してください,Text
余裕__綽__々,しゃく,"［綽］一級
音: シャク 訓: 
意味: ゆったりとしたさま、ゆとりがあるさま。",綽 → JPDB Kanji Freq: 3353,漢字の読みを入力してください,Text
弥__勒__，弥__勒__菩薩,ろく,"［勒］一級
音: ロク 訓: 
意味: 頭絡(トウラク、馬などの家畜の頭部に着ける革紐製の用具)と馬銜(はみ、口に咥えさせる棒状の金具とその両端に取り付けた環状の金具)とそれらを固定するための金具や紐の総称、同「𩩸」。
(馬が)勝手に動かないように抑(おさ)える、制御する。
刻み込む、彫る。
永字八法の一つ、横画の書き方、現代の中国では、横(オウ){永字八法}。",勒 → JPDB Kanji Freq: 3354,漢字の読みを入力してください,Text
__訥__々，朴__訥__，木__訥__,とつ,"［訥］一級
音: ドツ／ノチ／トツ 訓: 
意味: 口籠(くちご)もる、すらすらと話せない、同「吶」。
言葉少ない、あれこれと(あれもこれもと)話さない、多くを語らない、訥訥(トツトツ)。",訥 → JPDB Kanji Freq: 3356,漢字の読みを入力してください,Text
乾__坤__一擲，乾__坤__,こん,"［坤］準一級
音: コン 訓: ひつじさる
意味: 八卦ハッカ(乾・兌・離・震・巽・坎・艮・坤)の一つ、同「𡿦」「𡿭」{卦}。
地チ、大地、乾坤(ケンコン)(天と地)」、伏羲フクギ八卦(先天八卦)での解釈(文王ブンオウ八卦(後天八卦)では「南西、未申ひつじさる」を表す)。
女性、、坤德(コントク)(婦徳、夫人の徳)」、坤伶(コンレイ)(女性の俳優)」。",坤 → JPDB Kanji Freq: 3357,漢字の読みを入力してください,Text
"__撓__垂れ掛かる，__撓__垂れる
__撓__やか (7366㋕)，__撓__う，__撓__む
①弾力に富んで、よくしなうさま。「―な枝」
②動作がごつごつしていないさま。「―な身のこなし」「―に歩く」","たわ,しな","［撓］一級
音: ドウ／ニョウ／トウ 訓: たわ・む／しな・う
意味: たわ・む、しな・う、柔らかく弾力があって折れることなく曲る。
乱す、掻(か)き乱す、攪乱カクランする。
爪を立てて掻(か)く。",撓 → JPDB Kanji Freq: 3359,漢字の読みを入力してください,Text
__蕁__麻疹,じん,"［蕁］一級
音: ジン／タン／ドン 訓: 
意味: 布海苔(フノリ)、フノリ科フノリ属の紅藻類の総称、同、海蘿(カイラ)。
蕁麻(ジンマ)、イラクサ刺草・蕁麻、イラクサ科イラクサ属の草、また同科同属の草の称{イラクサ}
、蕁麻疹(ジンマシン)、痒(かゆ)みや腫れを伴う皮膚病",蕁 → JPDB Kanji Freq: 3360,漢字の読みを入力してください,Text
悲__愴__，凄__愴__，悽__愴__,そう,"［愴］一級
音: ソウ／ショウ 訓: 
意味: 心が傷つく、心や身が切り刻まれるように痛む。
愴然(ソウゼン)、傷つき悲しむさま。
「悽愴、凄愴セイソウ」、寒さが(悲しみや辛さが)体に突き刺さるさま、また身に沁(し)みるさま。",愴 → JPDB Kanji Freq: 3363,漢字の読みを入力してください,Text
__隘__路，狭__隘__,あい,"［隘］一級
音: アイ／エ／エキ／ヤク 訓: 
意味: (山などが両側から迫っていて)狭くなっているところ、同「阨」。
両側から挟(はさ)まれていて狭い、狭くてそれより先に進めない。",隘 → JPDB Kanji Freq: 3365,漢字の読みを入力してください,Text
暗__澹__，惨__澹__,たん,"［澹］一級
音: タン／ダン 訓: 
意味: 水面が静かなさま、また穏やかなさま、同「恬」。
水面が穏やかに揺れ動くさま。
豊かでゆったりとしているさま、同「贍」。
沖澹(チュウタン)、淡々としたさま、さっぱりとしたさま、「祌禫」祌䄡(チュウセン)。",澹 → JPDB Kanji Freq: 3367,漢字の読みを入力してください,Text
__偃__月刀，__偃__月，息__偃__,えん,"［偃］一級
音: エン／オン 訓: 
意味: 仰向(あおむ)けに倒れる、顔を上に向けて体を横たえる、前向きは「仆」。
体を横にする、伏せる、横たわって休む
動きを止(と)める、止(や)める
堰(せき)、堰き止める、同「堰」。",偃 → JPDB Kanji Freq: 3368,漢字の読みを入力してください,Text
辰巳・__巽__,たつみ,"［巽］準一級
音: ソン 訓: たつみ
意味: 八卦ハッカ(乾・兌・離・震・巽・坎・艮・坤)の一つ、風を表し、文王(後天)八卦では、方角は東南、動物は鶏ケイ(ニワトリ)を当てる{卦}。
食材を吟味し整えられたご馳走、ご馳走を供える、同「饌」「㢲」。",巽 → JPDB Kanji Freq: 3369,漢字の読みを入力してください,Text
__鬣__，__鬣__犬,たてがみ,"［鬣］一級
音: リョウ 訓: たてがみ
意味: 馬(ウマ)やイノシシ猪などの項(うなじ、首の背側)の長くふさふさとした毛、鬣鬣(リョウリョウ)(髪が長くふさふさしているさま)」、同「髦」。
魚などの顎(あご)から伸びる鬚(ひげ)状のもの、顎鬚(あごひげ)。",鬣 → JPDB Kanji Freq: 3374,漢字の読みを入力してください,Text
__欽__定，__欽__慕，__欽__定憲法,きん,"［欽］準一級
音: キン／コン 訓: 
意味: 敬う、敬い慎み深く振る舞う、畏(かしこ)まる。
天子の行為に冠して敬意を示す語。
欠伸(あくび)をするさま。",欽 → JPDB Kanji Freq: 3375,漢字の読みを入力してください,Text
__滔__々,とう,"［滔］一級
音: トウ 訓: 
意味: (水が)漫漫マンマンと満ちるさま、(水が)どこまでも広がるさま、途切れることなく続くさま、滔滔(トウトウ)。
思いのままに振る舞う、侮(あなど)る、人を見下(みくだ)す。",滔 → JPDB Kanji Freq: 3378,漢字の読みを入力してください,Text
和気__藹藹__,あい,"［藹］一級
音: アイ 訓: 
意味: 樹木が陽を遮(さえぎ)る程に生い茂っているさま。
良い人材がたくさん揃っているさま。
藹藹(アイアイ)草木が盛んに生い茂るさま多いさま、多く集まっているさま薄暗いさま和(なご)やかなさま。",藹 → JPDB Kanji Freq: 3379,漢字の読みを入力してください,Text
溌__剌__，元気溌__剌__,らつ,"［剌］一級
音: ラツ／ラチ 訓: 
意味: 背(そむ)く、逆方向を向く、逆向きに跳(は)ね返る。
乖剌(カイラツ)逆向きに離れる逆(さか)らう。
撥剌(ハツラツ)弓がいっぱいに引き絞(しぼ)られているさま(魚が弓なりになって)勢いよく飛び跳ねるさま力が漲(みなぎ)っているさま、元気が良いさま。",剌 → JPDB Kanji Freq: 3380,漢字の読みを入力してください,Text
__蟄__居，啓__蟄__，__蟄__居閉門,ちつ,"［蟄］一級
音: チユウ／ジュウ／チツ 訓: 
意味: 虫や動物が餌が少ない時期に地中などに身を潜めて活動を控えること、冬籠り(ふゆごもり)する、冬眠する。
内に籠(こも)る、内に入っておとなしくしている。
啓蟄(ケイチツ)、冬籠りしていた虫や動物が動き出すさま、またその頃、旧暦(陰暦、太陰暦)の一月末から二月初めの頃、新暦(太陽暦)では三月初めの頃。",蟄 → JPDB Kanji Freq: 3381,漢字の読みを入力してください,Text
慚__愧__に堪えない，慚__愧__，慙__愧__,き,"［愧］一級
音: キ 訓: は・じる
意味: 恥じる、恥じ入る、同「慙」。
慙愧(ザンキ)、自分を恥じる、自分の至らなさや誤りなどついて恥じる。",愧 → JPDB Kanji Freq: 3383,漢字の読みを入力してください,Text
赤__鰯__，__鰯__，__鰯__の頭も信心から,いわし,"［鰯］準一級
音: いわし 訓: 
意味: 日イワシ鰯、ニシン目の海水魚、同「鰮(鰛)」。",鰯 → JPDB Kanji Freq: 3385,漢字の読みを入力してください,Text
__玻__璃，浄__玻__璃,は,"［玻］一級
音: ハ 訓: 
意味: 玻璃(ハリ)、天然の堅く透明なガラスglas蘭質の石、水晶、玉ギョク(美しく高貴な石)の一つ。",玻 → JPDB Kanji Freq: 3386,漢字の読みを入力してください,Text
虎視__眈眈__,たん,"［眈］一級
音: タン／トン 訓: 
意味: (虎が狙った獲物を見るように)じっと見詰める、虎視眈眈(コシタンタン)。
耽(ふけ)る、夢中になる、他のことを忘れてのめり込む、同「耽」「愖」「湛」(「目」と「耳」は字形が似て判別しにくい場合があり、「眈」と「耽」も同様に判別しにくい)。",眈 → JPDB Kanji Freq: 3387,漢字の読みを入力してください,Text
水__芭__蕉，実__芭__蕉，__芭__蕉,ば,"［芭］準一級
音: ハ／ヘ／バ 訓: 
意味: 香草名、未詳。
芭蕉(バショウ)、バショウ科バショウ属の大型の草、またバショウ属の植物の総称{バショウ}。
芭茅(バボウ)、別名、五節芒(ゴセツボウ)、トキワススキ常磐薄、イネ科ススキ属の草{トキワススキ}。",芭 → JPDB Kanji Freq: 3388,漢字の読みを入力してください,Text
"__伜__
①「自分のむすこ」の、けんそんした言い方。
②「他人のむすこ」の、ぞんざいな言い方。",せがれ,"［伜］一級
音: サイ／ソツ／ソチ 訓: せがれ
意味: 付き添う、付き従う、同「卒」。
予備や補助を目的に主となるものに副(そ)う、同「副」。
日せがれ、自分の息子。",伜 → JPDB Kanji Freq: 3389,漢字の読みを入力してください,Text
画__鋲__，乳__鋲__,びょう,"［鋲］準一級
音: びょう 訓: 
意味: 日頭が大きい釘、「画鋲(がびょう)」。",鋲 → JPDB Kanji Freq: 3390,漢字の読みを入力してください,Text
__忖__度,そん,"［忖］一級
音: ソン 訓: 
意味: 相手の心中(思いや考え、またその深浅・軽重などの度合)を推(お)し測る(量る)、忖度(ソンタク)。",忖 → JPDB Kanji Freq: 3391,漢字の読みを入力してください,Text
__顫__動，__顫__音,せん,"［顫］一級
音: セン 訓: 
意味: (ぶるぶると)震(ふる)える、鼻をぴくぴくさせる。
(頭や体が)揺れ動く。",顫 → JPDB Kanji Freq: 3392,漢字の読みを入力してください,Text
究__竟__，畢__竟__,きょう,"［竟］一級
音: ケイ／キョウ 訓: 
意味: 極まる、尽きる、それ以上先がないところまで行き着く。
終わる、～し終わる、同「傹」。
終(つい)に、終には、結局、結局のところ。
境さかい、境界、他の所有者の土地と接するところ、同「境」。",竟 → JPDB Kanji Freq: 3393,漢字の読みを入力してください,Text
"__頗__る｟副｠
〔文／古風〕非常に。たいへん。
「━元気そうだ・━評判が悪い」",すこぶ,"［頗］準一級
音: ハ 訓: すこぶ・る
意味: 偏(かたよ)る、傾く、真ん中から外れてどちらか片方に寄る。
公平でない。
非常に、とても、かなり、「程度が大きい(多い)さま」をいう。
少し、稍(やや)、「程度が小さい(少ない)さま」をいう。",頗 → JPDB Kanji Freq: 3397,漢字の読みを入力してください,Text
炬__燵__，掘り炬__燵__，置き火__燵__,たつ,"［燵］一級
音: たつ 訓: 
意味: 日「炬燵こたつ」、同「火燵」、櫓(やぐら)を組み中に火種を入れ布団などをかぶせた暖房具。",燵 → JPDB Kanji Freq: 3398,漢字の読みを入力してください,Text
攪__拌__,はん,"［拌］一級
音: ハン／バン 訓: 
意味: 混ぜてかき回す、混ぜてかき回し溶かす、或いは液体と同化させる。
(命などを)投げ出す、棄(す)てる。",拌 → JPDB Kanji Freq: 3402,漢字の読みを入力してください,Text
__鉗__子,かん,"［鉗］一級
音: ケン／ゲン／カン 訓: 
意味: 首枷くびかせ、罪人の首に嵌(は)める鉄製の輪、足枷は「釱」。
物を挟(はさ)む道具、ペンチpliers・プライヤpliers・ニッパーnippersなどの類。
(＜字状に開いているものの先を)閉じる、同「箝」。",鉗 → JPDB Kanji Freq: 3403,漢字の読みを入力してください,Text
吶__喊__，__喊__声,かん,"［喊］一級
音: カン 訓: 
意味: 大声で叫ぶ、大声で呼ぶ、大きな声を出す、大声を張り上げる、同「𠿑」「嚂」。",喊 → JPDB Kanji Freq: 3404,漢字の読みを入力してください,Text
招__聘__，使__聘__,へい,"［聘］一級
音: ヘイ／ヒョウ 訓: 
意味: 訪(たず)ねる、訪(おとず)れる。
訪ね対面して問い聞く、聘問(ヘイモン)。
招(まね)く、招聘(ショウヘイ)
男性側の媒酌人バイシャクニンが妻として迎え入れようとする女性の親を訪(おとず)れ、女性の名や年齢などを問う、娉問(ヘイモン)といい、六礼リクレイ(婚礼に際しての儀礼)の一つ、この礼を経て正式に妻として迎え入れる、同「娉」",聘 → JPDB Kanji Freq: 3405,漢字の読みを入力してください,Text
無__聊__,りょう,"［聊］一級
音: リョウ 訓: いささ・か
意味: 耳が微(かす)かに鳴る、音が微かに聞こえる、同「𦗖」「𦕵」。
いささ・か、ひとまず、取り敢えず。
頼(たよ)る、頼りにする、不聊(ブリョウ)(頼りにならないさま)」。
気晴らし、楽しみ、、無聊(ブリョウ)(気が晴れないさま、楽しめないさま、退屈なさま)」。",聊 → JPDB Kanji Freq: 3407,漢字の読みを入力してください,Text
稚児__髷__，__髷__物，__髷__,まげ,"［髷］一級
音: キョク／コク 訓: まげ
意味: 髪を纏(まと)め巻いたり曲げたりして結(ゆ)い整えた髪、「」同「𩭊」。
日まげ、(髪形ではなく)髪を纏め巻いたり曲げたりした部分、そのため「髷まげ」は「結う(ゆう、結ぶ、結わえる)」という。",髷 → JPDB Kanji Freq: 3412,漢字の読みを入力してください,Text
__寓__話，__寓__意，仮__寓__,ぐう,"［寓］準一級
音: グ／グウ 訓: 
意味: 仮に(一時的に、他の家・所などに)身を寄せる、仮住まいする、仮の住まい、同「庽」「𡪾」。
託(かこつ)ける、例(たと)える。
寓目(グウモク)、目を留める、目を向ける。",寓 → JPDB Kanji Freq: 3414,漢字の読みを入力してください,Text
脳振__盪__,とう,"［盪］一級
音: トウ／ドウ 訓: とろ・ける／とろ・かす
意味: 揺れ動く、揺り動かす、同「蕩」。
揺すって器の汚(よご)れを洗い流す、きれいに取り除く、一掃する、同「蕩」。
簡「荡」。
日とろ・ける、とろ・かす、固体のもの(固いもの)が柔らかくなる。",盪 → JPDB Kanji Freq: 3414,漢字の読みを入力してください,Text
無__謬__，誤__謬__，__謬__見,びゅう,"［謬］準一級
音: ビュウ／ミュウ 訓: 
意味: 違(たが)える、誤(あやま)る、間違う。
誤りを犯(おか)させる、偽(いつわ)る、騙(だま)す。",謬 → JPDB Kanji Freq: 3419,漢字の読みを入力してください,Text
__鴇__色，__鴇__,とき,"［鴇］準一級
音: ホウ 訓: とき
意味: 野雁(ノガン)、ノガン科ノガン属の鳥、また同科同属の鳥の称、ガン雁(カモ科ガン亜科に属する鳥)よりも大きい、同「䳈」「𪁣」「鳵」。
黒毛に白毛が雑(まじ)じって斑(まだら)なさま、同「駂」。
妓院(キイン、妓楼ギロウ、遊女を置いて客に接待させるところ)で遊女を世話する老母、老鴇(ロウホウ)、鴇母(ホウボ)。
日トキ朱鷺・鴇、トキ科トキ属の鳥、中国では、朱䴉(シュカン)。",鴇 → JPDB Kanji Freq: 3422,漢字の読みを入力してください,Text
阿__吽__の呼吸，阿__吽__,うん,"［吽］一級
音: ウン／ゴウ／グ／イン／オン 訓: 
意味: 牛が吼(ほ)える、またその声。
二頭の犬が争い吠(ほ)え合う、またその声。
阿吽(アウン)、最初(阿ア)と最後(吽ウン)。
音オン(おと)や声(こえ)などを表す音写字。",吽 → JPDB Kanji Freq: 3423,漢字の読みを入力してください,Text
"憤__懣__
〔文〕腹が立って、がまんができない〈こと／気持ち〉。
「━やるかたない」",まん,"［懣］一級
音: バン／マン／ボン／モン 訓: 
意味: 煩(わずら)う、あれこれと思い悩む。
悶(もだ)える、思い(悩み・悲しみ・考え・意欲など)が心に満ちる、同「𢟮」「㦖」。",懣 → JPDB Kanji Freq: 3424,漢字の読みを入力してください,Text
__筏__師，花__筏__，__筏__,いかだ,"［筏］準一級
音: ハツ／ボチ 訓: いかだ
意味: 水の上を行き来するために竹を平らに並べ組んだもの、木を組んだものは「栰」。",筏 → JPDB Kanji Freq: 3425,漢字の読みを入力してください,Text
__瀑__布，飛__瀑__，観__瀑__,ばく,"［瀑］一級
音: ホウ／ボウ／ホク／ボク／バク 訓: たき
意味: 滝のように降る激しい雨。
激しく水が流れ落ちる滝。
水しぶきが飛び散る。",瀑 → JPDB Kanji Freq: 3426,漢字の読みを入力してください,Text
__頚__動脈，__頚__椎,けい,"［頚］準一級
音: ケイ／キョウ 訓: くび
意味: 頭と胴体の間にあって頭を支える部分、特にその正面側、後ろ側(背側)は「項」{人体(頭部)}。
瓶ビン(かめ)などの細く窄(すぼ)まった部分。",頚 → JPDB Kanji Freq: 3427,漢字の読みを入力してください,Text
__瑣__末，__瑣__事，煩__瑣__,さ,"［瑣］一級
音: サ 訓: 
意味: 小さいさま、細かいさま、細々(こまごま)したさま、同「𧴪」「璅」「屑」。
細々して役に立たないさま、また取るに足りないさま。
玉ギョク(美しく高貴な石)が触れ合って出る小さな音。
環(わ)状の部品を繋(つな)いで紐(ひも)状にした鎖(くさり)、同「鎖」「璅」。
宮殿の小さな門。
青琑(セイサ)門の青い鎖(くさり)皇宮コウキュウ・コウグウの門、宮門の鎖が青く塗られていたことからという、同「青璅」「青瑣」。",瑣 → JPDB Kanji Freq: 3430,漢字の読みを入力してください,Text
__畢__竟，__畢__生,ひつ,"［畢］準一級
音: ヒツ／ヒチ 訓: 
意味: 鳥などを捕らえるための長い柄の付いた網、一網打尽にする。
全て、悉(ことごと)く。
全て終わる、全て終える、尽きる、～し尽くす。
二十八宿西方白虎ビャッコの一つ{二十八宿}。",畢 → JPDB Kanji Freq: 3431,漢字の読みを入力してください,Text
__噎__せる，__噎__せ返る，__噎__び泣く,む,"［噎］一級
音: エツ／エチ／イツ 訓: むせ・ぶ／むせ・る
意味: 食べ物が咽喉インコウ(のど)に閊(つか)える、同「咽」。",噎 → JPDB Kanji Freq: 3436,漢字の読みを入力してください,Text
青__黴__，__黴__臭い,かび,"［黴］一級
音: バイ／ビ／ミ 訓: かび／かび・る
意味: キノコのように大きくならない真菌シンキンの一つ、またそれが繁殖することによって黒ずむ、同「霉」。
点々と黒ずむ、またくすむ、点々とした染(し)みになる、点々と染みが付く。",黴 → JPDB Kanji Freq: 3437,漢字の読みを入力してください,Text
__椰__子，__椰__子の木,や,"［椰］一級
音: ヤ 訓: 
意味: ココヤシ(ココ椰子)、ヤシ科ココヤシ属の木、また同科同属の木の称、同「枒」(日本ではヤシ科の木を「椰子」と呼ぶが、「椰子」は本来ココヤシの実ココナッツcoconutをいう){ココヤシ}。",椰 → JPDB Kanji Freq: 3438,漢字の読みを入力してください,Text
__蛹__,さなぎ,"［蛹］一級
音: ヨウ／ユウ 訓: さなぎ
意味: 昆虫が幼虫から成虫に変態ヘンタイ(形・状態が変化すること)する状態、同「螝」。",蛹 → JPDB Kanji Freq: 3440,漢字の読みを入力してください,Text
__瑶__林瓊樹,よう,"［瑶］一級
音: ヨウ 訓: 
意味: 大変に美しい石、美しさは玉ギョク(美しく高貴な石)に次ぐという、瑤琨(ヨウコン)。
美しい、優美な、素晴らしい。
中国南部の広西壮族自治区・湖南省・雲南省やベトナム・ラオス・タイの北部などに住む少数民族の名、「瑶族・徭族、傜族・猺族(ヤオゾク){広西壮族自治区}。",瑶 → JPDB Kanji Freq: 3441,漢字の読みを入力してください,Text
__恬__淡，__恬__然，__恬__として，無欲__恬__淡,てん,"［恬］一級
音: テン／デン 訓: 
意味: 静かなさま、穏(おだ)やかなさま、安らかなさま。
落ち着いているさま。
恬淡(テンタン)、淡白タンパクで物事に固執コシツしないさま。",恬 → JPDB Kanji Freq: 3442,漢字の読みを入力してください,Text
__盥__回し， __盥__,たらい,"［盥］一級
音: カン 訓: たらい
意味: 手を洗う、杓子シャクシなどで水を上から手に
手を洗うための水を入れる器。
日たらい、洗濯や水浴び用の器。",盥 → JPDB Kanji Freq: 3443,漢字の読みを入力してください,Text
__縺__れ，__縺__れ込む，__縺__れる,もつ,"［縺］一級
音: レン 訓: もつ・れる
意味: (糸や紐などが)絡(から)み合う、絡み合って解(と)けない。",縺 → JPDB Kanji Freq: 3444,漢字の読みを入力してください,Text
洗い__浚__い，お__浚__い，__浚__う，総__浚__い,さら,"［浚］一級
音: シュン 訓: さら・う
意味: 水底に溜(た)まった泥や土砂を掬(すく)い出して深くする、同「䜭」。
深いさま、奥深いさま、浚谷(シュンコク)(深い谷、谷が奥深いさま)」。
同繁「濬」。",浚 → JPDB Kanji Freq: 3446,漢字の読みを入力してください,Text
"天__麩__羅
__麩__菓子","ぷ,ふ","［麩］一級
音: フ 訓: ふすま
意味: 小麦を碾(ひ)いた時に出る粉状の穀皮(コクヒ、種子を覆っている殻)、また小麦の穀皮を粉状にしたもの、麦滓(むぎかす)、同「麬」「䴸」「麱」。
日水を加えて練った小麦粉に含まれるグルテンgluten(タンパク質の一つ)を使った食品。",麩 → JPDB Kanji Freq: 3447,漢字の読みを入力してください,Text
__碩__学，__碩__儒,せき,"［碩］準一級
音: セキ／ジャク 訓: 
意味: 頭が石のように堅(かた)い。
頭が大きい、大きな頭に知識がぎっしりと詰まっている、碩学(セキガク)(学問・知識が広く深いさま)」。",碩 → JPDB Kanji Freq: 3448,漢字の読みを入力してください,Text
__匡__正，__匡__救__，笠原__匡__ (アオのハコ),きょう,"［匡］準一級
音: キョウ／コウ 訓: ただ・す
意味: 四角い箱状の籠(かご)、同「筐」。
本来の形に正(ただ)す、誤りを正す。
救う、助ける。",匡 → JPDB Kanji Freq: 3449,漢字の読みを入力してください,Text
紡__錘__，紡__錘__形,すい,"［錘］準一級
音: ツイ／ズイ／スイ 訓: おもり／つむ
意味: おもり、秤に使う重り、分銅フンドウ、同「鎚」。
金槌(かなづち、鉄鎚)、ものを叩(たた)くための鉄製の頭に柄(え)を付けた道具、ハンマーhammer、同「鎚」。
重量の単位、1錘=8銖=1/3両、但し異説あり。
簡「锤」。
日つむ、紡いだ糸を巻き取りながら撚りを掛ける道具。",錘 → JPDB Kanji Freq: 3450,漢字の読みを入力してください,Text
__吝__かではない，__吝__か,やぶさ,"［吝］一級
音: リン 訓: しわ・い／お・しむ／やぶさ・か
意味: 物惜しみする、出し惜しみする、けちけちする、同「悋」「慳」。
思い切りが悪い。",吝 → JPDB Kanji Freq: 3452,漢字の読みを入力してください,Text
"__吝__い
〔俗〕けちだ。しみったれだ。",しわ,"［吝］一級
音: リン 訓: しわ・い／お・しむ／やぶさ・か
意味: 物惜しみする、出し惜しみする、けちけちする、同「悋」「慳」。
思い切りが悪い。",吝 → JPDB Kanji Freq: 3452,漢字の読みを入力してください,Text
__脾__臓，__脾__腹,ひ,"［脾］一級
音: ヒ／ビ 訓: 
意味: 五臓(心・肝・脾・肺・腎)の一つ、脾臓(ヒゾウ)、胃の背側(体正面から見て胃の裏側)にある。
腿(もも)、大腿ダイタイ部、脚の膝から上の部分、同「髀」「䏶」。",脾 → JPDB Kanji Freq: 3453,漢字の読みを入力してください,Text
__蟠__る，__蟠__り,わだかま,"［蟠］一級
音: ハン／バン／ボン 訓: わだかま・る
意味: 塒(とぐろ)を巻く、体を丸くする。
塒(とぐろ)を巻いてじっと動かない、どっしりと腰を据(す)えて動かない。
ダンゴムシ団子虫、ワラジムシ目の虫で団子のように体を丸くする虫の総称、別名、鼠婦・鼠負(ソフ)、𧑓蝜(ショフ)、蛜蝛(イイ)。
、蟠曲(ハンキョク)くねくねと曲がる心中に重くのしかかるものがどっしりと腰を据えて動かない",蟠 → JPDB Kanji Freq: 3454,漢字の読みを入力してください,Text
凛__乎__，断__乎__,こ,"［乎］準一級
音: コ／ゴ 訓: か／や
意味: ～か、文末に付いて疑問(～か？)・反問(～であるか？、～ではないだろうか)・推測(～であろうか)などの意を表す語、同「虖」。
～や、強調(～である)などの意を表す語、同「虖」、断乎・断固(ダンコ)(断じて～である)」「確乎、确乎・確固(カッコ)(確かに～である)」。
「ああ」「おう」などの感嘆の声、同「於」「𥾪」「𤚶」、烏乎・烏呼(アア)。
～で、～に、場所や状態を指す語、同「於」。",乎 → JPDB Kanji Freq: 3455,漢字の読みを入力してください,Text
__浣__腸，__浣__腸器,かん,"［浣］一級
音: カン／ガン 訓: 
意味: 濯(すす)いで汚れを洗い落とす、水を掛け流して洗う、同「澣」。",浣 → JPDB Kanji Freq: 3456,漢字の読みを入力してください,Text
__筍__・笋・竹の子,たけのこ,"［筍］一級
音: シュン／ジュン 訓: たけのこ
意味: 竹の若芽、柔らかい竹、同「箰」。
枘(ほぞ)、二本の木材を繋(つな)ぐ時に一本の端は凹状に作り(「枘穴ほぞあな」という)、もう一本の端は凸状に作って(「枘ほぞ」筍(ジュン)という)これを繋ぎ合わせる、その凸状の部分、同「榫」「枘」。
鍾ショウや磬ケイなどの打楽器を吊るすための横木、同「𥯗」「栒」「簨」、それを支える縦木(支柱)は「簴」「虡」、「簨簴・簨虡・𥯗虡、筍簴・栒虡(シュンキョ)(鐘・磬・鼔などを掛ける架台)」{楽器(打楽器)}。",筍 → JPDB Kanji Freq: 3457,漢字の読みを入力してください,Text
__瀟__洒,しょう,"［瀟］一級
音: ショウ 訓: 
意味: 水が清く深いさま、同「潚」。
川名、湖南省南部を源とし湘江ショウコウに
瀟瀟(ショウショウ)俄(にわ)かに風が吹き雨が降り出すさま雨が細々と降るさま。
「瀟灑、瀟洒ショウシャ」、手を加え過ぎずすっきりとしているさま、垢抜けているさま。",瀟 → JPDB Kanji Freq: 3461,漢字の読みを入力してください,Text
赤__蕪__，__蕪__,かぶ,"［蕪］準一級
音: ブ／ム 訓: かぶ／かぶら
意味: 荒れる、ものを覆うほどに雑草が伸び放題になる、同「廡」。
他のものや必要のないものが入り交じる、不純な、汚(きたな)らしい、醜(みにく)い、同「穢」。
蕪菁(ブセイ)、カブ蕪・蕪菁、アブラナ科アブラナ属の草、同、蔓菁(マンセイ){カブ}。",蕪 → JPDB Kanji Freq: 3465,漢字の読みを入力してください,Text
__鈎__章棘句,こう,"［鈎］準一級
音: コウ／ク 訓: かぎ
意味: 引っ掛けるために」Ｊ字状に針や棒の先を曲げたもの、フックhook、またそこに引っ掛ける、帯鈎(タイコウ)(帯の留め具、帯留め)」{服飾(留具)}。
」Ｊ字状に曲がったもの、引っ掛けるようにして切る刀や鎌など。
(奥にあるものを)引っ掛けるようにして取り出す。
鉤繩規矩(コウジョウキク)、規矩鉤繩(キクコウジョウ)曲がる線を描く道具(曲尺や雲形定規のようなものと思われる)と縄(墨縄、直線を引く道具)物事の基準となるもの。",鈎 → JPDB Kanji Freq: 3466,漢字の読みを入力してください,Text
敵__愾__心,がい,"［愾］一級
音: キ／ケ／カイ／ガイ 訓: 
意味: 心中に様々な感情(悲しみ・怒り・喜びなど)が満ちる。
(心中に鬱積するものがあって)大きな溜息(ためいき)をつく、「体の中(心)の気が口から出てくる」の意。
(心中に満ちたものを一気に吐き出すように)怒る。
簡「忾」。",愾 → JPDB Kanji Freq: 3467,漢字の読みを入力してください,Text
虹__鱒__，__鱒__,ます,"［鱒］準一級
音: ソン／ゾン 訓: ます
意味: カワアカメ、コイ科カワアカメ属の淡水魚、赤眼鱒(セキガンソン)、同「鮅」。
日マス鱒、サケ科タイセイヨウサケ属に属する魚、また同属の魚の総称",鱒 → JPDB Kanji Freq: 3471,漢字の読みを入力してください,Text
"__愈__
①よりいっそう。ますます。さらに。「これから―忙しくなる」
②とうとう。ついに。「―別れの時が来た」",いよいよ,"［愈］準一級
音: ユ 訓: 
意味: 増々ますます、いよいよ。
勝(まさ)る。
病気が癒える。",愈 → JPDB Kanji Freq: 3473,漢字の読みを入力してください,Text
川__獺__，__獺__,うそ,"［獺］一級
音: タツ／タチ／ダツ 訓: かわうそ
意味: 獺(カワウソ)、イタチ科カワウソ亜科の哺乳類の称、水獺(スイライ)。
獺祭(ダッサイ)獺(カワウソ)が獲った魚(獲物)を並べること、祭礼の際に供物(獲物)を祭壇に並べることに似ていることから詩文を作る際に引用や参考にする書物を並べ置くこと。",獺 → JPDB Kanji Freq: 3474,漢字の読みを入力してください,Text
"__稍__
少し。いくらか。",やや,"［稍］一級
音: ソウ／ショウ 訓: やや
意味: 穀物の穂先。
小さい。
漸(ようや)く、徐々に、少しずつ。
少し、ちょっと、足りない(全くない)ことはないが十分ではない。",稍 → JPDB Kanji Freq: 3475,漢字の読みを入力してください,Text
"__拿__捕｟名・他サ｠
〔敵の〕船などをとらえること。",だ,"［拿］一級
音: ダ／ナ 訓: 
意味: 手前に引く、手で引っ張る、同「𢮝」。
手で取る、手で掴(つか)む、手で握(にぎ)る、手の中に収(おさ)める、同「挐」。
捕(と)らえる、捕(つか)まえる。",拿 → JPDB Kanji Freq: 3477,漢字の読みを入力してください,Text
老__獪__，狡猾老__獪__,かい,"［獪］一級
音: カイ／ケ 訓: 
意味: 狡(ずる)い、すばしこい(すばしっこい)、するりと身を躱(かわ)してうまく逃(のが)れる、狡賢(ずるがしこ)い、狡猾(コウカツ)、狡獪(コウカイ)。",獪 → JPDB Kanji Freq: 3479,漢字の読みを入力してください,Text
__掩__蔽，__掩__蓋，__掩__撃,えん,"［掩］準一級
音: エン 訓: おお・う
意味: 上から覆(おお)う、被(かぶ)せる。
他から見えないようにする、また閉める、また遮(さえぎ)る。
中に(内に)入れる、しまい込む、隠す。",掩 → JPDB Kanji Freq: 3480,漢字の読みを入力してください,Text
__幇__助，__幇__間，自殺__幇__助,ほう,"［幇］一級
音: ホウ 訓: 
意味: 両脇(また周り)から支え助ける、手助けする、幇助(ホウジョ)。
鞋カイ・アイ(短靴)の側面の部分、或いは靴底以外の足を包む部分、同「鞤」「䩷」「縍」。",幇 → JPDB Kanji Freq: 3482,漢字の読みを入力してください,Text
"寸__毫__，__毫__も
〔文〕少しも。ちっとも。",ごう,"［毫］一級
音: コウ／ゴウ 訓: 
意味: (動物の)長く細い毛。
(細い毛のように)ほんの少し、僅(わず)か。
(細い毛を束ねて作った)筆、筆の穂先。
千分の一、10の-3乗、ミリmilli、日本では、毛(モウ)が用いられる{数字}、重量の単位{各種単位}、面積の単位{各種単位}。",毫 → JPDB Kanji Freq: 3484,漢字の読みを入力してください,Text
"__夙__に
①〔文〕（ずっと）以前から。早くから。
「━名高い」
②〔俗〕特に。ことに。
「最近━思う」",つと,"［夙］準一級
音: シュク／スク 訓: つと・に
意味: 朝早い、早朝。
早い(時間、時期)、以前の。",夙 → JPDB Kanji Freq: 3485,漢字の読みを入力してください,Text
__婉__曲，__婉__然，__婉__曲的,えん,"［婉］一級
音: エン／オン 訓: 
意味: 穏和オンワなさま、角々(かどかど)しくないさま、人当たりが良いさま、同「䛷」。
(性格や言動が)穏やかで美しいさま。",婉 → JPDB Kanji Freq: 3486,漢字の読みを入力してください,Text
__縊__り殺す，見__縊__る，__縊__る,くび,"［縊］一級
音: イ／エイ／アイ 訓: くび・る／くび・れる
意味: 吊り下げた縄(なわ)や紐(ひも)で自らの首を括(くく)る。
首に縄や紐を括って絞める。",縊 → JPDB Kanji Freq: 3487,漢字の読みを入力してください,Text
縄手・__畷__,なわて,"［畷］準一級
音: テイ／タイ／テツ／テチ 訓: なわて
意味: 田畑を区切るように縦横に通る小道、畔道(あぜみち、畦道)。",畷 → JPDB Kanji Freq: 3488,漢字の読みを入力してください,Text
"血__痰__，__痰__壺，喀__痰__，喀__痰__検査
咳とともに出る、ねばっこいもの。",たん,"［痰］一級
音: タン／ダン 訓: 
意味: 気管などから分泌され口から出て来る粘液。",痰 → JPDB Kanji Freq: 3490,漢字の読みを入力してください,Text
"別__嬪__
美しい女性。
「━さん」
もとは「別品」で、特別にいい品物。",ひん,"［嬪］一級
音: ヒン／ビン 訓: 
意味: 嫁(よめ)に行く、女性が自家を出て結婚相手の男性の家に行く。
皇帝などの高貴な人の正妻以外の妻。
皇帝の側女(そばめ、身近に仕える女性)、宮中の女官。
婦人、婦人の美称。
亡くなった妻に対する美称、生きている間は「妻」。",嬪 → JPDB Kanji Freq: 3492,漢字の読みを入力してください,Text
標__榜__,ぼう,"［榜］一級
音: ホウ／ヒョウ 訓: 
意味: (建物の正面入口上部や門の上部中央に掲げる)建物名や題目などを記した横長の額ガク、同「牓」。
衆人(シュウジン、多くの一般の人)に告示・告知するための立て札。
弓や弩ド(機械仕掛けの弓)の狂いや歪みを整えるための当て木、弓矯(ゆだめ)。
舟を漕(こ)ぐための櫓ロや櫂(かい)、これを使って舟を漕ぐことを「搒」。
罪人を打ち叩く棒、これを使って叩くことを「搒」。",榜 → JPDB Kanji Freq: 3493,漢字の読みを入力してください,Text
__鱧__,はも,"［鱧］一級
音: レイ／ライ 訓: はも
意味: 台湾鰌(タイワンドジョウ)・台湾泥鰌、タイワンドジョウ科の淡水魚名、またタイワンドジョウ科の魚の総称、同「鮦」。
烏鱧(オレイ)、カムルチー가물치韓、タイワンドジョウ科の魚。
日。",鱧 → JPDB Kanji Freq: 3496,漢字の読みを入力してください,Text
__斛__，万__斛__，木__斛__,こく,"［斛］一級
音: コク／ゴク 訓: 
意味: 容量を量る大きな枡(ます)。
容量の単位、1斛=10斗{各種単位}{新莽嘉量}{新莽嘉量}。",斛 → JPDB Kanji Freq: 3497,漢字の読みを入力してください,Text
橋頭__堡__，__堡__塁,ほう,"［堡］一級
音: ホウ／ホ 訓: 
意味: 土や石を積んで築いた砦とりで、同「堢」。",堡 → JPDB Kanji Freq: 3501,漢字の読みを入力してください,Text
__蛤__,はまぐり,"［蛤］準一級
音: コウ 訓: はまぐり
意味: 蛤(ハマグリ)、マルスダレガイ科ハマグリ属の二枚貝、中国では一般に、文蛤(ブンコウ・ウェンゴゥ)。
蛤蜊(コウリ)、シオフキガイ潮吹貝(バカガイ科バカガイ属)や蛤(ハマグリ)(マルスダレガイ科ハマグリ属)などの食用とする二枚貝の総称。
アマガエル(雨蛙)やヒキガエル蟾蜍などのカエル蛙の総称。
蛤蚧(コウカイ)、トッケイヤモリ、ヤモリ科ヤモリ属のヤモリ守宮。",蛤 → JPDB Kanji Freq: 3502,漢字の読みを入力してください,Text
"__劈__く (Sou - ハイヒール)
劈いた不条理すらも掻き消してくれ",つんざ,"［劈］一級
音: ヘキ／ヒャク 訓: つんざ・く
意味: 斧のような重い刃物で切り割(さ)く、切り裂く。
劈頭(ヘキトウ)真正面から、面と向かって頭から、最初から。",劈 → JPDB Kanji Freq: 3503,漢字の読みを入力してください,Text
__隧__道,"すい,ずい","［隧］一級
音: スイ／ズイ 訓: 
意味: 陵墓リョウボに通じる道。
地中の通路、トンネルtunnel。
道、通り道。",隧 → JPDB Kanji Freq: 3507,漢字の読みを入力してください,Text
__孟__宗竹，孔__孟__,もう,"［孟］準一級
音: モウ／ミョウ 訓: 
意味: 兄弟の中の最年長者、最年少者は「季」、年長から順に「孟・仲・季」。
四季(春夏秋冬)の最初の月、最後は「季」、孟春(モウシュン)(春の最初の月、陰暦で正月)」。
時・季節・年・時代などのはじめ。
勉(つと)める、ひたすら励(はげ)む、、孟晋(モウシン)(ひたすら前に向かって進む、邁進マイシンする)」。
、孟浪(モウロウ)、同、𥁃浪(ボウロウ)はっきりしないさま、あやふやなさま当てがないさま、当てもなく行動するさま。",孟 → JPDB Kanji Freq: 3510,漢字の読みを入力してください,Text
__覿__面，効果__覿__面，天罰__覿__面,てき,"［覿］一級
音: テキ／ジャク 訓: 
意味: (君主に)見(まみ)える、対面する、謁見エッケンする。",覿 → JPDB Kanji Freq: 3513,漢字の読みを入力してください,Text
"__柾__・正木
__柾__目・正目","まさき,まさ","［柾］準一級
音: キュウ／グ 訓: まさ
意味: 柩(ひつぎ)、遺体が収(おさ)められた棺、同「柩」。
日まさ、木目(もくめ)がまっすぐに通っているさま、またそのような木材",柾 → JPDB Kanji Freq: 3514,漢字の読みを入力してください,Text
"__漉__す，茶__漉__し，裏__漉__し
純粋な成分を採るために、細かなすきまを通過させて かすを取り除く。",こ,"［漉］準一級
音: ロク 訓: こ・す／す・く
意味: 浚(さら)う、掬(すく)い取る。
濾(こ)す、液体を網・布・紙などの目の細かいものに通す、またそうしてその目よりも大きいものと小さいものとに分ける、同「淥」。
日す・く、抄(す)く、紙を抄く。",漉 → JPDB Kanji Freq: 3515,漢字の読みを入力してください,Text
__漉__く， __漉__き返す，特__漉__き，__漉__き入れ,す,"［漉］準一級
音: ロク 訓: こ・す／す・く
意味: 浚(さら)う、掬(すく)い取る。
濾(こ)す、液体を網・布・紙などの目の細かいものに通す、またそうしてその目よりも大きいものと小さいものとに分ける、同「淥」。
日す・く、抄(す)く、紙を抄く。",漉 → JPDB Kanji Freq: 3515,漢字の読みを入力してください,Text
__銜__える,くわえ,"［銜］一級
音: カン／ゲン 訓: くつわ／くぐ・む
意味: 馬の口に咥(くわ)えさせる馬具で、金属製の棒(口に咥えさせる部分)と、その両端の轡(くつわ)や手綱(たずな)を繋ぐための環状の金具から成る、銜枚(カンバイ)、同「衘」「㘅」{乗物(馬車)}。
口に咥える、口に入れる、口に含む、同「衘」「㘅」「𠼫」「𠾑」「啣」「𠷢」。
(思いを)心に抱(いだ)く、同「啣」。
(命令などを)受ける。",銜 → JPDB Kanji Freq: 3516,漢字の読みを入力してください,Text
__鐙__（足踏み）,あぶみ,"［鐙］準一級
音: トウ 訓: あぶみ
意味: あぶみ、鞍から両側に吊るし騎手が足を載せるための馬具。
食物を盛る蓋付き脚付きの素焼きの器、同「豆」{食器}。
明かりを灯(とも)すため照明具、同簡「灯」{什器(照明具)}。",鐙 → JPDB Kanji Freq: 3517,漢字の読みを入力してください,Text
__忸__怩，内心__忸__怩,じく,"［忸］一級
音: ジク／ニク 訓: 
意味: 恥じる、恥じ入る、恥ずかしく思う、忸怩(ジクジ)、同「𩈇」。
慣れる、習慣になる、同「狃」。",忸 → JPDB Kanji Freq: 3518,漢字の読みを入力してください,Text
裏曲・裏__矩__,かね,"［矩］準一級
音: ク 訓: のり／かね
意味: 直線や直角を正しく描くまた測るための定規ジョウギ、「指矩さしがね」、正円を描く道具は「規」。
基準・標準となるもの、基準・標準とすべき決まりごと。
規矩(キク)コンパスcompassと物差しruler行動や判断・評価などの則(のっと)るべき基準。",矩 → JPDB Kanji Freq: 3519,漢字の読みを入力してください,Text
__鹵__獲，__鹵__獲品,ろ,"［鹵］一級
音: ロ／ル 訓: 
意味: 塩分を含んだ土、また土地、同「塷」「滷」「瀂」。
土中の塩分が結晶化した天然の塩、岩塩、海水などを精製して作ったものを「塩」。
塩気、塩分を含む、塩辛い、同「塷」「滷」。
捕らえる、捕らえて奪う、同「擄」。
壁のように木や板を組んだ大きな盾たて、同「樐(櫓)」。
言葉や頭の回転が鈍(のろ)いさま、鈍間(のろま)なさま、同「魯」。",鹵 → JPDB Kanji Freq: 3522,漢字の読みを入力してください,Text
__躁__鬱病，__躁__狂,そう,"［躁］一級
音: ソウ 訓: 
意味: そわそわと落ち着きがないさま、がやがやと騒々しいさま、「平静ではない」「平常の動きではない」の意。
ちょこまかと落ち着きなく走り回るさま、同「趮」。",躁 → JPDB Kanji Freq: 3523,漢字の読みを入力してください,Text
推__敲__,こう,"［敲］一級
音: コウ／キョウ 訓: たた・く
意味: こつこと(とんとんと)短く繰り返し叩(たた)く、撃(う)つ、敲擊(コウゲキ)(撃つ)」、敲扑(コウボク)(鞭打つ)」、推敲(スイコウ)(押し或いは叩く文章・字句を磨くために練り直しを繰り返すこと)」、同「搞」「䯨」「摮」「𢿣」。",敲 → JPDB Kanji Freq: 3524,漢字の読みを入力してください,Text
鸚__鵡__返し，鸚__鵡__，鸚__鵡__貝,む,"［鵡］準一級
音: ブ／ム 訓: 
意味: 鸚鵡(オウム)、オウム科の鳥。",鵡 → JPDB Kanji Freq: 3525,漢字の読みを入力してください,Text
無__辜__,こ,"［辜］一級
音: コ／ク 訓: 
意味: 罪、重い罪、厳(きび)しい責めを負うべき罪。
磔(はりつけ)にする、磔にして晒(さら)す、同「㱠」。
無辜(ムコ)、負うべき責めや罪がないこと。
辜負(コフ)、人の好意や期待などに背(そむ)く、また無にする。",辜 → JPDB Kanji Freq: 3527,漢字の読みを入力してください,Text
__鯵__,あじ,"［鯵］準一級
音: ソウ／サン／シン 訓: あじ
意味: 生(なま)の魚の臭(にお)い、生臭い、同「鱢」。
アジ鯵、アジ科の海水魚の総称。",鯵 → JPDB Kanji Freq: 3528,漢字の読みを入力してください,Text
忸__怩__，内心忸__怩__,じ,"［怩］一級
音: ジ／ニ 訓: 
意味: 恥じる、恥じ入る、恥ずかしく思う、忸怩(ジクジ)。",怩 → JPDB Kanji Freq: 3529,漢字の読みを入力してください,Text
帯に短し__襷__に長し，__襷__掛け，__襷__,たすき,"［襷］一級
音: たすき 訓: 
意味: 日袖(そで)をたくし上げる紐(ひも)、肩から腋(わき)の下に斜めに掛ける紐。",襷 → JPDB Kanji Freq: 3531,漢字の読みを入力してください,Text
"__頤__，__頤__で蠅を追う
〔雅〕（した）あご。",おとがい,"［頤］一級
音: イ 訓: おとがい
意味: 口腔コウコウ(口の中の空洞部分)上下の骨・筋肉・皮膚などの組織の総称、日本でいう顎(あご)、同「頜」「𦣝」{人体(頭部)}。
養(やしな)う、養い育てる。",頤 → JPDB Kanji Freq: 3532,漢字の読みを入力してください,Text
波__瀾__万丈,らん,"［瀾］一級
音: ラン 訓: 
意味: 大きな波、幾重にも繰り返し打ち寄せる大きな波。
水面にできる波紋、漣(さざなみ)",瀾 → JPDB Kanji Freq: 3533,漢字の読みを入力してください,Text
"__胚__
〘生〙たまごの黄身やたねの中にあって、ひなや芽になる小さな部分。",はい,"［胚］一級
音: ハイ／ヘ 訓: 
意味: 懐妊して一カ月以内の子、まだ肌や肉の組織が出来上がっていない子、三カ月が経った子は「胎」。
生物や物事が生まれたばかりで、まだしっかりとした形になっていない状態、物事の端緒
胚胎(ハイタイ)身籠る、妊娠する物事の始まり、またその兆(きざ)し。",胚 → JPDB Kanji Freq: 3534,漢字の読みを入力してください,Text
__蛋__白質，__蛋__白,たん,"［蛋］準一級
音: タン／ダン 訓: 
意味: 卵、鳥などの卵。
中国南方の福建省・広東省・広西壮族自治区・海南省などの沿海で水上(船上)生活をする人達、疍民タンミン、同「疍」「蜑」。",蛋 → JPDB Kanji Freq: 3535,漢字の読みを入力してください,Text
"__誦__〔文〕声を出して読む。
「経文(きょうもん)を━する」",しょう,"［誦］一級
音: ショウ／ズ／ジュ 訓: とな・える／そらん・ずる
意味: 声に出して読む、朗読(ロウドク)する、同「諷」。
声に出して話す、説明する。
暗唱アンショウする、書物などを暗記して、それを見ずに読む、背誦(ハイショウ)。",誦 → JPDB Kanji Freq: 3536,漢字の読みを入力してください,Text
惨憺，苦心__惨憺__,たん,"［撻］一級
音: タツ／タチ 訓: 
意味: 鞭(むち)や棒で打つ、打ち据える、鞭打つ、同「韃」。
鞭打って励ます。","撻 → JPDB Kanji Freq: 3537
憺 → JPDB Kanji Freq: 3538",漢字の読みを入力してください,Text
__幟__，鯉__幟__,のぼり,"［幟］一級
音: シ 訓: のぼり
意味: 目印のために立てる旗、日本では縦長の旗を指すことが多い。",幟 → JPDB Kanji Freq: 3539,漢字の読みを入力してください,Text
"「財布を__掏__る」 「__掏__り取る」
人の持っている金品を気付かれないように盗み取る。",す,"［掏］一級
音: トウ／ドウ 訓: す・る
意味: 中の物を手で探り取り出す、同「搯」「捾」。
す・る、人の懐から金品を抜き取る。",掏 → JPDB Kanji Freq: 3541,漢字の読みを入力してください,Text
__籤__を引く，当たり__籤__，宝__籤__，当たり__籤__,くじ,"［籤］一級
音: セン 訓: くじ／ひご
意味: 竹を切り削り細長くしたもの、竹籤(たけひご)、同「䉔」「𥵞」「𥷪」。
竹を切り削り細長くして先を尖らせたもの、竹串(たけぐし)。
将来・未来(現在が続いて行ったその先)に起こること、同「驗」。
文字や番号が書いてある吉凶を占う細長い竹の札また棒。",籤 → JPDB Kanji Freq: 3542,漢字の読みを入力してください,Text
文質__彬彬__,ひん,"［彬］準一級
音: ヒン 訓: 
意味: 文ブン(紋様や文章など表面に現れ目に見えるもの)と質シツ(外からは見えない中身、内容)が共に優れているさま、文と質が調和しているさま、同「斌」「份」、文質彬彬(ブンシツヒンピン)。",彬 → JPDB Kanji Freq: 3544,漢字の読みを入力してください,Text
__截__る,き,"［截］一級
音: セツ／ゼチ 訓: た・つ
意味: 断(た)ち切る、切り離す、同「擮」。
(こちらと向こうとの間を行き来できないように)阻(はば)む、遮(さえぎ)る。
はっきりと区切る。",截 → JPDB Kanji Freq: 3545,漢字の読みを入力してください,Text
加持祈__禱__,とう,"［禱］準一級
音: トウ 訓: いの・る／いの・り
意味: 神に望みを告げる、また告げ祈る、祈禱(キトウ)。",禱 → JPDB Kanji Freq: 3546,漢字の読みを入力してください,Text
天網__恢恢__疎にして漏らさず，__恢__復,かい,"［恢］準一級
音: カイ／ケ 訓: 
意味: 大きい、大きく広がる。
恢復(カイフク)、失ったものや衰えたもの(悪い状態になったもの)が元の状態に戻ること、同「回復」。",恢 → JPDB Kanji Freq: 3548,漢字の読みを入力してください,Text
__蛟__,みずち,"［蛟］一級
音: コウ／キョウ 訓: みずち
意味: 龍リュウ或いはヘビ蛇に似た想像上の動物の名、蛟龍(コウリュウ)。
日みずち、水中に棲(す)むという想像上の動物、「姿はヘビ蛇に似る」「角(つの)がある」「四足」などの諸説がある、同「虬」「虯」「螭」",蛟 → JPDB Kanji Freq: 3551,漢字の読みを入力してください,Text
と__雖__も,いえど,"［雖］一級
音: スイ 訓: いえど・も
意味: いえど・も、たとえ～であっても、～ではあるけれども。
トカゲ蜥蜴に似た大形の動物。",雖 → JPDB Kanji Freq: 3552,漢字の読みを入力してください,Text
__蕭__々，__蕭__，__蕭__条,しょう,"［蕭］一級
音: ショウ 訓: よもぎ
意味: 蓬(ヨモギ)、或いはキク科ヨモギ属の草の総称{ヨモギ}。
荒(すさ)んで物寂しいさま、零落(おちぶ)れるさま。",蕭 → JPDB Kanji Freq: 3553,漢字の読みを入力してください,Text
涅__槃__,はん,"［槃］一級
音: ハン／バン 訓: 
意味: 木製の浅い盆ボンや皿状の器、同「盤」。
ゆったりと楽(らく)にする。",槃 → JPDB Kanji Freq: 3557,漢字の読みを入力してください,Text
__閂__,かんぬき,"［閂］一級
音: サン／セン 訓: かんぬき
意味: 閉じた門扉が開かないようにするために扉の内側に横に渡す横木。",閂 → JPDB Kanji Freq: 3559,漢字の読みを入力してください,Text
__涅__槃，__涅__槃寂静,ね,"［涅］一級
音: デツ／ネチ／ネ 訓: 
意味: 黒い泥土デイド(どろつち)。
黒色に染める。
仏、涅槃(ネハン)(Nirvāṇa梵。",涅 → JPDB Kanji Freq: 3560,漢字の読みを入力してください,Text
水__疱__，植え__疱__瘡，__疱__瘡,ほう,"［疱］一級
音: ホウ／ヒョウ 訓: 
意味: 皮下ヒカに水や膿(うみ)が溜まって皮膚ヒフが膨(ふく)れたもの、吹き出物の総称、水疱(スイホウ)(水ぶくれ)」、膿疱(ノウホウ)(水疱が化膿したもの)」、同繁「皰」。",疱 → JPDB Kanji Freq: 3561,漢字の読みを入力してください,Text
老い__耄__れる,ぼ,"［耄］一級
音: ボウ／モウ 訓: 
意味: 老齢(九十歳、或いは八十歳・七十歳)であるさま、年老いた人、同「旄」。
年老いて動作や判断が鈍(にぶ)いさま、同「旄」。",耄 → JPDB Kanji Freq: 3562,漢字の読みを入力してください,Text
駱__駝__，__駝__鳥,だ,"［駝］一級
音: タ／ダ 訓: 
意味: 駱駝(ラクダ)、ラクダ科の哺乳類の総称。
(ラクダのように)背が飛び出て弓なりになっている人。
駝鹿(ダロク)、ヘラジカ箆鹿、シカ科ヘラジカ属のシカ鹿、同「犴」「𤞶」。
牛馬などの家畜の背に荷物を載せる、同「馱」「駄」。",駝 → JPDB Kanji Freq: 3564,漢字の読みを入力してください,Text
"__鱸__
「━のポワレ」",すずき,"［鱸］一級
音: ロ／ル 訓: すずき
意味: 鱸(スズキ)、スズキ科スズキ属の海水魚、花鱸(カロ)。
ペルカ科ペルカ属の魚の総称。",鱸 → JPDB Kanji Freq: 3565,漢字の読みを入力してください,Text
__肇__国,ちょう,"［肇］準一級
音: チョウ／ジョウ 訓: 
意味: 始める、開始する、同「肈」「肁」。
正(ただ)す、きちんと整える。",肇 → JPDB Kanji Freq: 3568,漢字の読みを入力してください,Text
__鸚__鵡返し，__鸚__鵡,おう,"［鸚］準一級
音: オウ／ヨウ／イン 訓: 
意味: 鸚鵡(オウム)、オウム科の鳥。
鸚鵡螺(オウムガイ)、オウムガイ科の巻貝、また同科の貝の総称。",鸚 → JPDB Kanji Freq: 3572,漢字の読みを入力してください,Text
下__賎__，貴__賎__,せん,"［賎］準一級
音: セン／ゼン 訓: いや・しい／しず
意味: 値段が安い、価値が低い。
身分や地位が低い、品格などが劣る。
卑(いや)しい、品がない。",賎 → JPDB Kanji Freq: 3579,漢字の読みを入力してください,Text
__屡__々,しば,"［屡］準一級
音: ル 訓: しばしば
意味: 度々たびたび、繰り返し何度も、同「婁」。",屡 → JPDB Kanji Freq: 3584,漢字の読みを入力してください,Text
"__聾__する，__聾__者，__聾__学校
〔文〕〔耳を〕聞こえなくする。
「耳を━ばかりの騒音」",ろう,"［聾］準一級
音: ロウ／ル 訓: つんぼ
意味: つんぼ、耳で声や音が(よく)聞き取れない、耳が聞こえない、耳が遠い、またそのような人。
耳が聞こえず状況が分からない、状況が理解できない。
聾唖(ロウア)、耳で声や音が聞き取れないことと、意味を持つ言葉を発することができないこと。",聾 → JPDB Kanji Freq: 3581,漢字の読みを入力してください,Text
__允__可，__允__許,いん,"［允］準一級
音: イン 訓: 
意味: 誠(まこと)に、正(まさ)に、正しく。
允文允武(インブンインブ)、誠に文、誠に武、文武を共に備え持つさま。
允執其中(インシツキチュウ)、正しくその真ん中(その中間)を執(と)る。
誠実セイジツなさま、嘘偽(うそいつわ)りがないさま、允恭(インキョウ)。
妥当ダトウなさま、適正なさま、允当(イントウ)。
(相手の言うことを)聞き入れる、受け入れる、允許(インキョ)(認める、許容する)」。",允 → JPDB Kanji Freq: 3583,漢字の読みを入力してください,Text
"__屡_々
〘副〙たびたび。幾度も。",しば,"［屡］準一級
音: ル 訓: しばしば
意味: 度々たびたび、繰り返し何度も、同「婁」。",屡 → JPDB Kanji Freq: 3584,漢字の読みを入力してください,Text
鳳友__鸞__交，__鸞__翔鳳集,らん,"［鸞］一級
音: ラン 訓: 
意味: 想像上の瑞鳥ズイチョウ(現れるとめでたいことがあるといわれる鳥)の名、鳳凰(ホウオウ)の別名、或いは鳳凰(ホウオウ)から生まれる瑞鳥とも。",鸞 → JPDB Kanji Freq: 3585,漢字の読みを入力してください,Text
__孺__子,じゅ,"［孺］一級
音: ジュ／ニュウ 訓: 
意味: 乳飲み子、幼い子。
幼い。
大夫タイフ(古代の官名)の妻、孺人(ジュジン)。",孺 → JPDB Kanji Freq: 3586,漢字の読みを入力してください,Text
八面六__臂__，三面六__臂__，猿__臂__,ひ,"［臂］一級
音: ヒ 訓: 
意味: 肩の先から手首まで部分、胳膊(カクハク)、日本でいう「腕」{人体(上肢)}。
動物の前足。",臂 → JPDB Kanji Freq: 3587,漢字の読みを入力してください,Text
__荏__胡麻,え,"［荏］準一級
音: ジン／ニン 訓: え
意味: 荏胡麻(エゴマ)、シソ科シソ属の草、一般に植物名としては「荏」、その種子を「荏胡麻」と呼び分ける、同、白蘇(ハクソ)、紫蘇(シソ){エゴマ}。
柔らかいさま、弱々しいさま、同「栠」「栣」。
荏苒(ジンゼン)弱々しいさま為すところなく時が知らず知らずのうちに過ぎるさま。",荏 → JPDB Kanji Freq: 3588,漢字の読みを入力してください,Text
__鮒__寿司，__鮒__鮨,ふな,"［鮒］準一級
音: フ／ブ 訓: ふな
意味: 鮒(フナ)・鯽、コイ科フナ属の淡水魚、同「鯽」「𩺀」。",鮒 → JPDB Kanji Freq: 3592,漢字の読みを入力してください,Text
鶺__鴒__,れい,"［鴒］一級
音: レイ／リョウ 訓: 
意味: 鶺鴒(セキレイ)、セキレイ科の鳥、また同科の鳥の称、同「䳭鴒」、別名、䴇鳥(レイチョウ)、𪄉𪆫・雝渠(ヨウキョ)。",鴒 → JPDB Kanji Freq: 3595,漢字の読みを入力してください,Text
__匍__匐前進，__匍__匐,ほ,"［匍］一級
音: ホ／ブ 訓: 
意味: 伏せて腕と足だけで進む。
匍匐(ホフク)、腹這いになって腕と足だけで進む。",匍 → JPDB Kanji Freq: 3596,漢字の読みを入力してください,Text
__艱__難辛苦，__艱__難，__艱__苦,かん,"［艱］一級
音: カン／ケン 訓: 
意味: 思い通りにならない、難(むずか)しい、困難な。
思い通りにならずに辛(つら)い思いをする、また苦しむ。",艱 → JPDB Kanji Freq: 3597,漢字の読みを入力してください,Text
__鶺__鴒,せき,"［鶺］一級
音: セキ／シャク 訓: 
意味: 鶺鴒(セキレイ)、セキレイ科の鳥、また同科の鳥の称、同「䳭鴒」、別名、䴇鳥(レイチョウ)、𪄉𪆫・雝渠(ヨウキョ)。",鶺 → JPDB Kanji Freq: 3598,漢字の読みを入力してください,Text
"__褥__
〔雅〕すわったり、ねたりするときに敷くもの。敷物。ふとん。",しとね,"［褥］一級
音: ジョク／ニク／ノク 訓: しとね
意味: しとね、寝たり座ったりする時に下に敷く柔らかい敷物、敷布団や座布団の類、同「縟」「蓐」。",褥 → JPDB Kanji Freq: 3599,漢字の読みを入力してください,Text
__喇__叭飲み，__喇__叭,ラツ,"［喇］一級
音: ラツ／ラチ／ラ 訓: 
意味: 突然に発せられる音また甲高い音を表す語。
喇叭(ラッパ)、管楽器の一種。
喇嘛(ラマ)、チベットTibet仏教の高僧、また僧侶。",喇 → JPDB Kanji Freq: 3600,漢字の読みを入力してください,Text
卓__袱__台返し， 卓__袱__台,"ちゃぶ,ぶ","［袱］一級
音: フク／ブク 訓: 
意味: 物や頭を包む一枚物の布、風呂敷(ふろしき)や頭を包むように被る頭巾など。",袱 → JPDB Kanji Freq: 3602,漢字の読みを入力してください,Text
洟も引っ掛けない，青__洟__,はな,"［洟］一級
音: イ 訓: 
意味: 鼻水(はなみず)、鼻汁(はなじる)、同「䶏」。
涙や鼻水が垂れる、また垂らす。",洟 → JPDB Kanji Freq: 3607,漢字の読みを入力してください,Text
相__俟__って，言を__俟__たない，論を__俟__たない，__俟__つ,ま,"［俟］一級
音: シ／ジ／キ／ギ 訓: 
意味: その人・時間・機会などが来るのを(その状態になるのを)待つ、同「𢓪」「竢」「逘」「𥏳」「𢈟」「𡱢」。",俟 → JPDB Kanji Freq: 3610,漢字の読みを入力してください,Text
夷__狄__，__狄__，夷蛮戎__狄__,てき,"［狄］一級
音: テキ／ジャク／チャク 訓: 
意味: 北方の異民族を指す語、北狄(ホクテキ)、東は、夷(イ)、東夷トウイ」、西は戎(ジュウ)、西戎セイジュウ」、南は蠻(バン)、南蠻ナンバン」。
遠い、遠く離れているさま、遥か遠いさま、同「逖」。",狄 → JPDB Kanji Freq: 3613,漢字の読みを入力してください,Text
__箝__口令，__箝__口令を敷く,かん,"［箝］一級
音: ケン／ゲン／カン 訓: 
意味: 首枷くびかせ、罪人の首に嵌(は)めて自由を奪う刑具。
ピンセットpincet蘭の類、＜字状に開いた先端で物を挟(はさ)む道具、またそれで挟む、挟み取る。
(＜字状に開いた口などを)閉じる、同「鉗」。",箝 → JPDB Kanji Freq: 3615,漢字の読みを入力してください,Text
__糟__を食う，油粕・油__糟__,かす,"［糟］準一級
音: ソウ 訓: かす
意味: 酒などを搾(しぼ)った後に残る粕(かす)、酒粕(さけかす)、同「粕」「醩」。
醪(もろみ)、濾(こ)す前のどろどろした酒、同「醪」。
酒粕の漬物、同「醩」
糟糠(ソウコウ)酒粕と米糠(こめぬか)粗末な食べ物
俗腐る、だめになる。",糟 → JPDB Kanji Freq: 3616,漢字の読みを入力してください,Text
__虱__潰し，__虱__，毛__虱__,しらみ,"［虱］一級
音: シツ／シチ 訓: しらみ
意味: 虱(シラミ)、シラミ亜目の虫の総称。",虱 → JPDB Kanji Freq: 3618,漢字の読みを入力してください,Text
匍__匐__,ふく,"［匐］一級
音: フク／ブク 訓: 
意味: 腹這(はらば)う、伏せる。
匍匐(ホフク)、腹這いになって腕と足だけで進む。",匐 → JPDB Kanji Freq: 3621,漢字の読みを入力してください,Text
__驢__馬,ろ,"［驢］一級
音: リョ／ロ 訓: 
意味: 驢馬(ロバ)、ウマ科ウマ属ロバ亜属の動物。",驢 → JPDB Kanji Freq: 3624,漢字の読みを入力してください,Text
めじ__鮪__，__鮪__,まぐろ,"［鮪］準一級
音: イ 訓: まぐろ／しび
意味: 蝶鮫(チョウザメ)やヘラチョウザメ箆蝶鮫の類。
マグロ鮪、サバ科マグロ属の海水魚の総称。",鮪 → JPDB Kanji Freq: 3625,漢字の読みを入力してください,Text
通__牒__，戒__牒__,ちょう,"［牒］準一級
音: チョウ／ジョウ 訓: 
意味: 文字を書くための薄く細長い札(ふだ)。
文書、記録。
公文書、証書。",牒 → JPDB Kanji Freq: 3628,漢字の読みを入力してください,Text
__逍__遥,しょう,"［逍］一級
音: ショウ 訓: 
意味: 逍遥(ショウヨウ)、思いのままにあちこち歩き回る。",逍 → JPDB Kanji Freq: 3629,漢字の読みを入力してください,Text
__鋤__き返す，魚__鋤__，__鋤__,"す,すき","［鋤］準一級
音: ソ／ジョ 訓: すき／す・く
意味: 田畑の土を掘り起こす、また掘り起こして雑草を取り除く。
柄の先に鉄板などを付け振り下ろして土など掘り起こす農具、日本で鍬(くわ)と呼ばれれる農具、日本で鋤(すき)と呼ばれる農具は中国では「鍬」という{農具(鋤鍬類)}。
取り除く、排除する、同「鉏」。",鋤 → JPDB Kanji Freq: 3630,漢字の読みを入力してください,Text
__凋__落,ちょう,"［凋］準一級
音: チョウ 訓: しぼ・む
意味: 草木が寒さで萎(しお)れる。
萎(な)える、衰える。",凋 → JPDB Kanji Freq: 3631,漢字の読みを入力してください,Text
__慚__愧，無__慚__，__慚__愧に堪えない,ざん,"［慚］一級
音: サン／ザン 訓: 
意味: 恥じる、心から恥じる、同「愧」。
慚愧(ザンキ)、自分を恥じる、自分の至らなさや誤りなどついて恥じる。",慚 → JPDB Kanji Freq: 3633,漢字の読みを入力してください,Text
"浩__瀚__
〔文〕書物の巻数やページ数が非常に多いようす。大部(たいぶ)。
「━な書物」",かん,"［瀚］一級
音: カン／ガン 訓: 
意味: 水が大きく広がっているさま、広大なさま、浩瀚(コウカン)。
瀚海(カンカイ)中国北方の海海のように広大な砂漠。
洗う、汚れを洗い落とす、同「澣」。",瀚 → JPDB Kanji Freq: 3635,漢字の読みを入力してください,Text
__糺__す，元を__糺__す,ただ,"［糺］一級
音: キュウ 訓: ただ・す
意味: 何本かの糸を縒(よ)り合せる、また縒り合せて紐や縄にする、同「糾」。
寄せ集めて纏める、同「糾」。
誤りや曲がりを(強く締め付けて)正す、罪を厳しく問い質(ただ)す、同「糾」。
遼(リョウ、宋代の国名)や金(キン、宋代の国名)の軍隊の名、同「乣」。",糺 → JPDB Kanji Freq: 3636,漢字の読みを入力してください,Text
__箍__が緩む，__箍__,たが,"［箍］一級
音: コ／ク 訓: たが
意味: 緩(ゆる)んだり外(はず)れたりしないように固定するための輪状のもの、割った竹を縄状・帯状に編み輪状にしたものや帯状の金属を輪状にしたものがあり、木の板などを組んで作る樽(たる)や桶(おけ)などの外側に嵌(は)めて固定するなどに使う、同「笟」。
しっかりと束ねる、しっかりと纏(まと)める。",箍 → JPDB Kanji Freq: 3640,漢字の読みを入力してください,Text
喇__叭__，喇__叭__飲み,らつ,"［叭］一級
音: ハツ／ヘチ 訓: 
意味: 「ぱっ」というような音を表す字。
喇叭(ラッパ)、吹いて音を出す管楽器。",叭 → JPDB Kanji Freq: 3641,漢字の読みを入力してください,Text
__鑿__,のみ,"［鑿］一級
音: サク／ザク 訓: のみ
意味: 木や石・岩などに孔(あな)を穿(うが)つ、穴を掘り向こう側まで貫き通す。
孔(あな)。
のみ、木や石などに孔(あな)を穿(うが)ったりする道具。
明らかなさま、確かなさま、「奥深くまで掘り探って内部や細部を明らかにする」の意。",鑿 → JPDB Kanji Freq: 3642,漢字の読みを入力してください,Text
"__鬘__，__鬘__物
頭にかぶるために作った髪の形",かつら,"［鬘］一級
音: バン／メン／マン 訓: かつら／かずら
意味: 花などを飾り付けた頭や体に着ける飾り、インドIndiaの風習だという、花鬘・華鬘(ケマン)、同「𨲩」「䯶」「𨲛」。
髪や髪形が美しいさま。
日髢(かもじ)、髪形を調(ととの)えるために足りない所に添える髪。
日。",鬘 → JPDB Kanji Freq: 3644,漢字の読みを入力してください,Text
__攀__じ登る，__攀__じる,よ,"［攀］一級
音: ハン／ヘン 訓: よ・じる
意味: 引く、手前に引っ張る、引き寄せる、同「扳」「𢸅」「𡴂」「𠬜」。
腹這い(はらばい)になって前に伸ばした手を手前に引き寄せる(手が支点となることから、結果体が前に進む)。
縋(すが)る、体を摺(す)り寄せる。
攀附(ハンプ)縋り付く、ものに体をしっかりと摺り寄せて掴(つか)まる立身出世のために地位や権力のある人に体を摺り寄せる(摺り寄せてねだる)こと。",攀 → JPDB Kanji Freq: 3645,漢字の読みを入力してください,Text
壊__疽__，炭__疽__菌,そ,"［疽］一級
音: ショ／ソ 訓: 
意味: 根が深い悪性の腫(は)れ物、浅いものは、癰(ヨウ)。",疽 → JPDB Kanji Freq: 3646,漢字の読みを入力してください,Text
__蜩__,ひぐらし,"［蜩］一級
音: チョウ／ジョウ 訓: ひぐらし
意味: 蝉(セミ)、セミ科の昆虫、同「蝉」。
馬蜩(バチョウ)、大形の蝉(セミ)(セミ科の昆虫)、クマゼミ熊蝉(セミ科クマゼミ属)、同「蟧」「蝒」。
寒蜩(カンチョウ)、晩夏から初秋にかけて鳴く小形の蝉(セミ)、別名、寒蝉(カンセン)
、螗蜩(トウチョウ)、小形の蝉(セミ)の一種、別名螗蛦(トウイ)。
、蜩蟧(チョウロウ)、𧓿蜩(ボウチョウ)、小形の蝉(セミ)(セミ科の昆虫)の一種で体は青いという、別名、𧓿蠽(ボウセツ)。
日ヒグラシ蜩・茅蜩、セミ科ヒグラシ属の蝉(セミ)。",蜩 → JPDB Kanji Freq: 3647,漢字の読みを入力してください,Text
__鼎__の軽重を問う，__鼎__,かなえ,"［鼎］準一級
音: テイ／チョウ 訓: かなえ
意味: 二つの耳(吊るしたり棒を差し込んで二人で持ったりするための∩字状の取っ手)と三本或いは四本の脚(あし)のある土製或いは金属(青銅)製の器、食材を蒸したり煮たりする鍋釜の類、後に権力や富を象徴する器として用いられ、更にそれを持つ王・君主を意味するようになった、鼎官(テイカン)(王・君主を支える重臣)」{食器(炊事器鼎)}。
三者が向き合うさま、、鼎立(テイリツ)。",鼎 → JPDB Kanji Freq: 3648,漢字の読みを入力してください,Text
"__疚__しい，内に省みて__疚__しからず
〔悪いことをして〕心がとがめる気持ちだ。
「━ところがある」",やま,"［疚］一級
音: キュウ／ク 訓: やま・しい
意味: 長く続く病(やまい)や心痛(シンツウ)、長患(ながわずら)い。
あれこれと気にかかる、また気にかかって心を痛める、気に病(や)む、気が咎(とが)める。",疚 → JPDB Kanji Freq: 3654,漢字の読みを入力してください,Text
__畦__道，__畦__，__畦__織り,あぜ,"［畦］準一級
音: ケイ／エ 訓: あぜ／うね
意味: 境目(さかいめ)として土を盛り上げたところ。
田畑の区切り(境界)、同「畔」。
田の面積の単位、1畦=50畝。
日うね、種や苗を植えるために筋状に土を盛り上げた所、同「畝」。",畦 → JPDB Kanji Freq: 3653,漢字の読みを入力してください,Text
猥__褻__,せつ,"［褻］一級
音: セツ／セチ 訓: け／な・れ／な・れる
意味: 家で普段に着る(よそ行きではない)衣服、普段着。
肌着、下着、直接肌に触れる衣服。
(衣服が汗で)汚れる、穢(けが)れる。
破れる、壊れる。
気安いさま、馴れ馴れしいさま。",褻 → JPDB Kanji Freq: 3655,漢字の読みを入力してください,Text
__滂沱__，落涙__滂沱__,ぼうだ,"［沱］一級
音: タ／ダ 訓: 
意味: 沱江(ダコウ)、川名、四川省を流れ長江チョウコウ(中国最長の川)に
沱沱河(ダダガ)、川名、長江の源流の一つ。
大雨が降るさま、涙が雨のように流れ落ちるさま、同、滂沲・霶𩃱(ボウダ)。","沱 → JPDB Kanji Freq: 3663
滂 → JPDB Kanji Freq: 3679",漢字の読みを入力してください,Text
__琳__派，光__琳__派,りん,"［琳］準一級
音: リン 訓: 
意味: ひときわ美しい玉ギョク(美しく高貴な石)。
琳琅(リンロウ)ひときわ美しい玉美しいさま、貴重なさま玉の触れ合う澄んだ音。",琳 → JPDB Kanji Freq: 3664,漢字の読みを入力してください,Text
雨__霰__，__霰__,あられ,"［霰］一級
音: サン／セン 訓: あられ
意味: 雨粒が凍り氷の粒となったもの、日本では氷の直径が5mm未満のもので直径が5mm以上のものは「雹ひょう」、中国では「霰」を「軟雹」、「雹」を「冰雹」ともいう{霰}。
日あられ、餅を小さく切った食べ物、またそれを焼いたもの。",霰 → JPDB Kanji Freq: 3665,漢字の読みを入力してください,Text
__吶__喊，__吶__々,とつ,"［吶］一級
音: ドツ／ノチ／トツ 訓: 
意味: 吃(ども)る、口籠(くちご)もる、すらすらと話せない、吶吶(トツトツ)、同「訥」。
嗗呐(コツトツ)、声また言葉が(すらすらと)出てこないさま(出せないさま)。
吶喊(トッカン)、(大勢が)一気に大きな声を張り上げる",吶 → JPDB Kanji Freq: 3666,漢字の読みを入力してください,Text
__棕櫚__,しゅろ,"［棕］一級
音: ソウ／ス／シュ 訓: 
意味: 棕櫚(シュロ)、ヤシ科シュロ属の木の総称、樹皮は縄や敷物などに使われる他、葉や実などは漢方薬としても利用される{シュロ}。","棕 → JPDB Kanji Freq: 3667
櫚 → JPDB Kanji Freq: 3715",漢字の読みを入力してください,Text
__鬢__付油，小__鬢__，__鬢__た,びん,"［鬢］一級
音: ヒン／ビン 訓: 
意味: 顔の両側の耳際(みみぎわ)から両頬(ほお、ほほ)にかけての毛{毛(頭部)}。",鬢 → JPDB Kanji Freq: 3668,漢字の読みを入力してください,Text
外反母__趾__,し,"［趾］一級
音: シ 訓: あと
意味: 足、足の指。
足の跡が残っている所、痕跡コンセキ。
曾(かつ)てあった建物などの土台の跡、またその場所、同「址」。",趾 → JPDB Kanji Freq: 3669,漢字の読みを入力してください,Text
収__斂__，収__斂__進化,れん,"［斂］一級
音: レン 訓: 
意味: 集める(集まる)、一か所に集める(集まる)、一つに纏(まと)める(纏まる)、收斂(シュウレン)。
収穫する、収穫物を刈り取り(採り)一カ所に集める、また集めて納(おさ)める、收斂(シュウレン)。
民から税を徴収する",斂 → JPDB Kanji Freq: 3670,漢字の読みを入力してください,Text
__諡__（贈り名）,おくりな,"［諡］一級
音: シ／ジ 訓: おくりな
意味: おくりな、生前の功績や徳行を称え死者に贈る名、同「謚」。",諡 → JPDB Kanji Freq: 3672,漢字の読みを入力してください,Text
__衒__い，奇を__衒__う，__衒__う,てら,"［衒］一級
音: ケン／ゲン 訓: てら・う
意味: (売り声を発しながら)物を売り歩く、物売り、同「䝮」。
てら・う、悪いものを良いものであるかのように(ないものをあるかのように)言う、或いは見せる、言葉巧みに騙(だま)す、誑(たぶら)かす、同「䝮」(この義は物売りが言葉巧みに粗悪品を売りつけることがあったことからという)。",衒 → JPDB Kanji Freq: 3675,漢字の読みを入力してください,Text
__諱__（忌み名）,いみな,"［諱］一級
音: キ 訓: いみな
意味: 死者の生前の名。
死者を生前の名で呼ぶことを忌(い)み憚(はばか)る、死者に対しては諡(おくりな、死者に贈る名)で呼ぶことが礼であったため。
忌(い)む、憚(はばか)る、避ける。",諱 → JPDB Kanji Freq: 3677,漢字の読みを入力してください,Text
__隋__，遣__隋__使,ずい,"［隋］一級
音: スイ／ズイ／タ／ダ 訓: 
意味: 崩(くず)れる、崩れ落ちる、同「墮」。
落ちる、落下する、同「墮」。
惰(おこた)る、だらだらとして何もしようとはしない、怠(なま)ける、同「惰」。
古王朝名、581年～618年{隋代}。
神や祖先などに供えた肉の残り。",隋 → JPDB Kanji Freq: 3684,漢字の読みを入力してください,Text
__臙__脂色，__臙__脂,エン,"［臙］一級
音: エン 訓: 
意味: 臙脂(エンジ)、(唇や頬に塗る化粧用の)黒みがかった紅色の顔料。
咽喉(インコウ、口の奥から食道の入口までの部分)の内の口の奥から喉頭蓋までの部分、同「咽」。",臙 → JPDB Kanji Freq: 3686,漢字の読みを入力してください,Text
__炯__眼，__炯__々,けい,"［炯］一級
音: ケイ／キョウ／ギョウ 訓: 
意味: 火が明々(あかあか)としているさま、同「烱」。
明らかなさま、明るくはっきりと見分けが付くさま、同「冏」。",炯 → JPDB Kanji Freq: 3688,漢字の読みを入力してください,Text
豪放__磊__落，__磊__落,らい,"［磊］一級
音: ライ 訓: 
意味: 石がごろごろしているさま、たくさんの石が連なり重なり合っているさま、同「磥」「礌」。
磊落(ライラク)、おおらかで小さなことに拘(こだわ)らないさま。",磊 → JPDB Kanji Freq: 3689,漢字の読みを入力してください,Text
"高__鼾__，__鼾__
「━をかく」",いびき,"［鼾］一級
音: カン／ガン 訓: いびき
意味: 睡眠中の鼻息(ビソク、はないき)の音、寝息(ねいき)の音、同「嚊」。",鼾 → JPDB Kanji Freq: 3690,漢字の読みを入力してください,Text
"__斟__酌
①事情を考慮(こうりょ)すること。参酌。
「相手の立場を━する・採点に━〔＝手加減〕を加える」
②ひかえめにすること。
「何の━〔＝遠慮〕もいるものか」",しん,"［斟］一級
音: シン 訓: 
意味: 酒を汲(く)む、大きな容器に入っている酒を小さな器で掬(すく)う、酒を
斟酌(シンシャク)、同「酙酌」互いに酒を酌(く)み交わす他人の立場や事情・心情などを汲み取る。
夏代(前21世紀～前17世紀)の古諸侯国名、斟灌(シンカン)、斟鄩(シンシン)(現山東省煙台市)」の二国があったという。",斟 → JPDB Kanji Freq: 3691,漢字の読みを入力してください,Text
__舫__う，__舫__い船，__舫__い,もや,"［舫］一級
音: ホウ 訓: もや・う
意味: 舟、船。
方舟(はこぶね)、二艘ソウ(舟・船の数の単位)の舟を並べ互いに繋(つな)ぎ合わせた舟(船首が二つあるような形の舟)、同「航」。
筏(いかだ)。
日もや・う、舟を杭(くい)などに繋ぐ",舫 → JPDB Kanji Freq: 3692,漢字の読みを入力してください,Text
__亢__進,こう,"［亢］一級
音: コウ 訓: たか・ぶる
意味: 咽喉インコウ(のど)、喉首(のどくび)。
高く立つ、ぐいと立つ。
驕(おご)り高ぶる。
抗(あらが)う、抵抗テイコウする、同「抗」。
二十八宿東方青龍セイリュウの第二宿{二十八宿}。",亢 → JPDB Kanji Freq: 3693,漢字の読みを入力してください,Text
馬__橇__，犬__橇__,そり,"［橇］一級
音: キョウ／セイ／サイ 訓: そり／かんじき
意味: 泥濘デイネイ(ぬかるみ)を行くための板状の履物、或いは底が平らな舟状の乗り物、同「毳」。
雪の上を移動するための乗り物。",橇 → JPDB Kanji Freq: 3695,漢字の読みを入力してください,Text
__沐__浴，__沐__猴,もく,"［沐］一級
音: ボク／モク 訓: 
意味: 頭から水や湯を被(かぶ)る、上から水や湯を
浴ヨクする、蒙(こうむ)る、(恩恵などを)受ける。
洗沐(センモク)頭から水や湯を被って髪を洗うこと「沐浴」するために役人に与えられた休日、古くは五日毎(後に十日毎)に一日与えられた。",沐 → JPDB Kanji Freq: 3696,漢字の読みを入力してください,Text
__鼈__,すっぽん,"［鼈］一級
音: ヘツ／ヘチ／ベツ 訓: すっぽん
意味: 鼈(スッポン)、スッポン科のカメ亀、また同科のカメの称、同「蟞」。",鼈 → JPDB Kanji Freq: 3699,漢字の読みを入力してください,Text
面__窶__れ，__窶__れる，__窶__す,やつ,"［窶］一級
音: ク／グ／ロウ／ル 訓: やつ・れる
意味: 僅かな礼(好意に対する返礼や神や先祖への供え物など)も叶わないほど貧しい、貧窮ヒンキュウする、同「寠」。
甌窶(オウロウ)、周りよりも高く頂(いただき)が狭い所。
日やつ・れる、みすぼらしい、痩(や)せ衰える。",窶 → JPDB Kanji Freq: 3701,漢字の読みを入力してください,Text
"__炳__として
〘文章語〙あきらかなようす。光りかがやくようす。「映画史上に━かがやく作品」",へい,"［炳］一級
音: ヘイ／ヒョウ 訓: 
意味: 火が明るい、明るく輝く。
明かり、照明。",炳 → JPDB Kanji Freq: 3707,漢字の読みを入力してください,Text
__擾__乱，騒__擾__，紛__擾__,じょう,"［擾］準一級
音: ジョウ／ニョウ 訓: 
意味: 乱れる、入り乱れる、掻(か)き回して秩序ある状態を乱す。
騒ぐ、騒がせる、騒いで混乱させる。
様々なことが入り乱れて心穏やかでない、ざわざわとしている。
馴(な)らす、手懐(てなず)ける、同「㹛」。",擾 → JPDB Kanji Freq: 3711,漢字の読みを入力してください,Text
__鉦__，__鉦__叩，陣__鉦__,かね,"［鉦］準一級
音: セイ／ショウ 訓: かね
意味: 軍中で合図などに使う鐘(かね)、また楽器としても使われるという、形は鐃(ドウ)に似るが細長く、柄(え)を握り上に向けて持ち、叩いて鳴らす、「鐃」参照。",鉦 → JPDB Kanji Freq: 3713,漢字の読みを入力してください,Text
__颶__風,ぐ,"［颶］一級
音: ク／グ 訓: 
意味: 中国南東方海上で発生する大風(おおかぜ)、暴風ボウフウ、台風(タイフウ、颱風、typhoon){台風}。",颶 → JPDB Kanji Freq: 3716,漢字の読みを入力してください,Text
"白__皙__〔文〕はだが白いこと。〔おもに若い男性について言う〕
「━の貴公子」",せき,"［皙］一級
音: セキ／シャク 訓: 
意味: 肌の色が白い、白い。",皙 → JPDB Kanji Freq: 3722,漢字の読みを入力してください,Text
"__鉋__
材木の表面をけずって平らにする道具。
「━くず」",かんな,"［鉋］一級
音: ホウ／ビョウ 訓: かんな
意味: 木材などを平らに削る道具、同「刨」。
杵(きね)の首(手で握る部分)、同「䥤」。",鉋 → JPDB Kanji Freq: 3723,漢字の読みを入力してください,Text
__濛__気,もう,"［濛］一級
音: ボウ／ム／モウ 訓: 
意味: 霧(きり)のような細かい雨、糠雨(ぬかあめ)、小糠雨(こぬかあめ)、涳濛(コウモウ)、同「靀」{霧雨}。
溟濛(メイモウ)、細かい雨が降り籠(こ)めて薄暗いさま、薄暗くぼんやりしているさま。
澒濛・鴻濛(コウモウ)、細かい雨が降り籠めてぼんやりしているさま。",濛 → JPDB Kanji Freq: 3724,漢字の読みを入力してください,Text
__俎__板,まな,"［俎］一級
音: ソ／ショ 訓: まないた
意味: 供物クモツを載(の)せる足付きの台。
まないた、食材を切るなどする時に下に敷く板、また足付きの台。",俎 → JPDB Kanji Freq: 3726,漢字の読みを入力してください,Text
蒟__蒻__,"ジャク,ニャク","［蒻］一級
音: ジャク／ニャク 訓: 
意味: 若々しく柔らかいガマ蒲(ガマ科の草)、またその根茎の白く柔らかい部分{ガマ}。
柔らかいガマの葉や茎を編んだ筵(むしろ)。
蒟蒻(クジャク)、コンニャク蒟蒻、サトイモ科コンニャク属の草{コンニャク}。",蒻 → JPDB Kanji Freq: 3728,漢字の読みを入力してください,Text
__鎬__を削る,しのぎ,"［鎬］一級
音: コウ／ゴウ 訓: しのぎ
意味: 食材を煮たり水を沸かしたりする鍋や釜の類。
周(西周、前11世紀～前771年)の武王(紀元前11世紀頃)の都の名、鎬京(コウケイ)、現陝西省西安市長安区、同「鄗」{陝西省}。
鶴嘴(つるはし)の類、振り下ろして堅いものを割ったり削ったり掘ったりするする道具、鎬頭(コウトウ)。
日しのぎ、刀身のほぼ中央(刃と背の間)を走る稜リョウの部分。",鎬 → JPDB Kanji Freq: 3730,漢字の読みを入力してください,Text
__翦__草除根,せん,"［翦］一級
音: セン 訓: 
意味: 生えたばかりの羽。
矢羽根(やばね)、矢を狙った方向に飛ばすために取り付ける羽根。
鋏(はさみ)や鎌(かま)などで端を切り落とす、切って先端を或いは全体を整える、切り揃える、同「剪」。
裁(た)つ、裁ち切る。
絶(た)つ、根刮(ねこそ)ぎにする。",翦 → JPDB Kanji Freq: 3732,漢字の読みを入力してください,Text
"臼__搗__く，__搗__く，__搗__き立て
①うすに入れてきねを強く当てる。
「米を━・もちを━」",つ,"［搗］一級
音: トウ 訓: つ・く
意味: 舂(うすづ)く、臼などの器に入れた穀物を満遍マンベンなく杵(きね)などで突く、同「擣」「㨶」。
(棒などでとんとんと短く繰り返し)叩(たた)く、同「擣」。
突っつく、突っつき回す、搗乱(トウラン)(突っついて面倒や騒ぎを起こす)」。",搗 → JPDB Kanji Freq: 3735,漢字の読みを入力してください,Text
__搗__ち合う，__搗__ち上げる,か,"［搗］一級
音: トウ 訓: つ・く
意味: 舂(うすづ)く、臼などの器に入れた穀物を満遍マンベンなく杵(きね)などで突く、同「擣」「㨶」。
(棒などでとんとんと短く繰り返し)叩(たた)く、同「擣」。
突っつく、突っつき回す、搗乱(トウラン)(突っついて面倒や騒ぎを起こす)」。",搗 → JPDB Kanji Freq: 3735,漢字の読みを入力してください,Text
__蒟__蒻,コン,"［蒟］一級
音: ク 訓: 
意味: 蒟蒻(クジャク)、コンニャク蒟蒻、サトイモ科コンニャク属の草{コンニャク}。
蒟酱(クショウ)、キンマ蒟醤、コショウ科コショウ属の蔓性の草、食用とする他、生薬としても利用される{キンマ}。",蒟 → JPDB Kanji Freq: 3739,漢字の読みを入力してください,Text
__蘊__蓄を傾ける,うん,"［蘊］一級
音: ウン 訓: 
意味: 集める、集めて積み上げる、同「薀」。
集めて溜(た)める、蓄(たくわ)える、同「薀」。
(内に)含(ふく)む、含みがある。
蘊蓄(ウンチク)、積み蓄えること、蓄えられた知識や経験。",蘊 → JPDB Kanji Freq: 3740,漢字の読みを入力してください,Text
__笙__，__笙__の笛,しょう,"［笙］一級
音: セイ／ショウ 訓: 
意味: 長短十数本の竹筒を円状に組み下から息を吹き込んで鳴らす管楽器{楽器(管楽器)}。
細いさま。",笙 → JPDB Kanji Freq: 3742,漢字の読みを入力してください,Text
"__魘__される
__魘__われる","うな,おそ","［魘］一級
音: エン 訓: うな・される
意味: うな・される、恐ろしい夢を見て驚く、また脅(おび)える、また脅えて思わず声を発する。",魘 → JPDB Kanji Freq: 3743,漢字の読みを入力してください,Text
__緘__口令，__緘__口令を敷く，封__緘__,かん,"［緘］一級
音: カン／ケン 訓: 
意味: 箱の蓋が開かないように縛るための縄また紐。
口を閉じる、(封書などの)袋の口を閉じる、封をする。",緘 → JPDB Kanji Freq: 3744,漢字の読みを入力してください,Text
伯__耆__，__耆__宿,き,"［耆］一級
音: キ／ギ／シ／ジ 訓: 
意味: 六十歳またそれ以上の人、七十歳は「老」。
老いる、老境に入る多くの年を重ねる
力に任(まか)せて相手を踏みつけるさま、横暴なさま
致(いた)す、務(つと)めを果たす。
嗜(たしな)む、好(この)む、愛好する、同「嗜」。",耆 → JPDB Kanji Freq: 3745,漢字の読みを入力してください,Text
__鬩__ぎ合う，__鬩__ぐ,せめ,"［鬩］一級
音: ケキ／キャク／ゲキ 訓: せめ・ぐ
意味: 子供(兒)のように互いに言い争う(鬥)、仲違(なかたが)いする、内輪揉(うちわも)めする。",鬩 → JPDB Kanji Freq: 3746,漢字の読みを入力してください,Text
諧__謔__，諧__謔__を弄する,ぎゃく,"［謔］一級
音: キャク／カク／ギャク 訓: 
意味: おどける、戯(おど)けて冗談を言う、からかう、場を和(なご)ませるような悪意のない面白おかしい言葉や話を指す、そのような行為を「戯」。",謔 → JPDB Kanji Freq: 3748,漢字の読みを入力してください,Text
__輜__重，__輜__重隊,し,"［輜］一級
音: シ 訓: 
意味: 輧ヘイ(主として婦人が乗る車)の後に繋いだ衣類などの荷物を載せる車、覆いが付いていて子供を寝かせたり厠などを設えたりしたものもあったという。
荷車、物資を運ぶための車。",輜 → JPDB Kanji Freq: 3752,漢字の読みを入力してください,Text
揺__籃__，揺__籃__期,らん,"［籃］一級
音: ラン 訓: 
意味: 竹を編んで作った大きな籠、取っ手の付いた大きな籠、バスケットbasket、同「𢉧」。
籃球(ランキュウ)、バスケットボールbasketball、球技の一つ。",籃 → JPDB Kanji Freq: 3754,漢字の読みを入力してください,Text
花__崗__岩，花__崗__岩質マグマ,こう,"［崗］配当外
音: コウ 訓: おか
意味: 土地が小高くなっている所。
山の尾根、高みが連なっているところ、同「堽」。",崗 → JPDB Kanji Freq: 3761,漢字の読みを入力してください,Text
__珪__酸，__珪__石,けい,"［珪］準一級
音: ケイ／ケ 訓: 
意味: 君主が執(と)り行う式典の際などに諸侯や重臣が手に持つ細長い五角形(細長い板の先端を山形にした形)をした板状の礼器、諸侯を封ずる際に証しとして与えたもの、位によって大小や品質が違っていた、同「圭」{礼器(圭)}。",珪 → JPDB Kanji Freq: 3764,漢字の読みを入力してください,Text
夢__寐__,び,"［寐］一級
音: ビ／ミ 訓: 
意味: 寝る、眠りに就(つ)く、覚めるのは「寤」。
魚名、未詳、同「鮇」。",寐 → JPDB Kanji Freq: 3766,漢字の読みを入力してください,Text
黄__疸__，新生児黄__疸__,たん,"［疸］一級
音: タン／ダン 訓: 
意味: 目や体が黄色になる症状を伴う病気、黄疸(オウダン)、同「癉」。",疸 → JPDB Kanji Freq: 3767,漢字の読みを入力してください,Text
__艤__装,ぎ,"［艤］一級
音: ギ 訓: 
意味: 船を岸に着ける。
日船が出港できるように整備する。",艤 → JPDB Kanji Freq: 3768,漢字の読みを入力してください,Text
__芍__薬，立てば__芍__薬座れば牡丹歩く姿は百合の花,しゃく,"［芍］一級
音: シャク／ジャク 訓: 
意味: 芍薬(シャクヤク)、ボタン科ボタン属の草、根は生薬として利用される{シャクヤク}。
イヌクログワイ犬黒慈姑、カヤツリグサ科ハリイ属の草、別名「シログワイ白慈姑」𦽏茈(フシ)、荸薺(ホツシ){イヌクログワイ}。",芍 → JPDB Kanji Freq: 3770,漢字の読みを入力してください,Text
男__旱__，__旱__，女__旱__,ひでり,"［旱］一級
音: カン／ガン 訓: ひでり
意味: 長い間雨が降らず干上がる。
陸、陸地、「干上がって水がないところ」の意。",旱 → JPDB Kanji Freq: 3771,漢字の読みを入力してください,Text
__顰蹙__，__顰蹙__を買う,ひんしゅく,"［蹙］一級
音: シュク／スク 訓: 
意味: 間近に迫る、差し迫る、切羽(せっぱ)詰る。
窄(すぼ)む、狭まる、縮む。
顔を顰(しか)める、額や眉間に皺を寄せる。
畏(おそ)れてまた恐(おそ)れて身を縮める。","蹙 → JPDB Kanji Freq: 3773
顰 → JPDB Kanji Freq: 2242",漢字の読みを入力してください,Text
__袷__,あわせ,"［袷］準一級
音: コウ／キョウ 訓: あわせ
意味: 裏地の付いた着物、同「裌」、中に綿などを詰めたものは「袍」。
衿キン(えり)、首周りの部分のえり(「領」という)から先の部分{服飾(衣服)}。",袷 → JPDB Kanji Freq: 3779,漢字の読みを入力してください,Text
__褌__,ふんどし,"［褌］一級
音: コン 訓: ふんどし
意味: 下半身に穿(は)く内衣ナイイや肌着、股引(ももひき)などのズボンjupon仏下の類、「犢襣褌、犢鼻褌トクビコン」、同「㡓」「𢃭」「𧛤」「𢃓」。
日。",褌 → JPDB Kanji Freq: 3780,漢字の読みを入力してください,Text
__饐__える,す,"［饐］一級
音: イ 訓: す・える
意味: 飯などの食物が傷む、食物の味が変わったり異臭がしたりする。",饐 → JPDB Kanji Freq: 3781,漢字の読みを入力してください,Text
__擡__げる，頭を__擡__げる,もた,"［擡］一級
音: タイ／ダイ 訓: もた・げる
意味: 上げる、持ち上げる。
何人かで力を合わせ物を持ち上げる。
揺れ動く。",擡 → JPDB Kanji Freq: 3783,漢字の読みを入力してください,Text
__剽__げる，__剽__悍，__剽__軽,ひょう,"［剽］一級
音: ヒョウ 訓: 
意味: さっと掠(かす)め取る。
脅(おど)して奪(うば)う、脅し取る、同「勡」。
素早いさま、すばしこいさま、同「慓」。",剽 → JPDB Kanji Freq: 3786,漢字の読みを入力してください,Text
__蚤__，__蚤__の市，__蚤__の心臓,のみ,"［蚤］準一級
音: ソウ 訓: のみ
意味: 蚤(ノミ)、ノミ目の虫の総称。
爪、爪で掻(か)く。
(時間が)早い、早い時間。",蚤 → JPDB Kanji Freq: 3788,漢字の読みを入力してください,Text
寒__鰤__，__鰤__,ぶり,"［鰤］一級
音: シ 訓: ぶり
意味: 鰤(ブリ)、アジ科ブリ属の海水魚、また同属の魚の総称。
魚名、未詳、同「魳」、別名「老魚」。",鰤 → JPDB Kanji Freq: 3792,漢字の読みを入力してください,Text
__瑪__瑙,め,"［瑪］一級
音: バ／メ 訓: 
意味: 瑪瑙(メノウ)、同「碼碯」、玉ギョク(美しく高貴な石)に次いで美しい石。",瑪 → JPDB Kanji Freq: 3793,漢字の読みを入力してください,Text
華__僑__，老華__僑__,きょう,"［僑］準一級
音: キョウ／ギョウ 訓: 
意味: (故郷を残したまま)他郷(タキョウ、他国)に移ってそこに腰を据(す)える、また住まう、同「㝯」。
高い。",僑 → JPDB Kanji Freq: 3795,漢字の読みを入力してください,Text
__拇__印，__拇__指,ぼ,"［拇］一級
音: ボ／ボウ／ム／モ 訓: 
意味: 親指、手足の親指、足は「𧿹」。",拇 → JPDB Kanji Freq: 3798,漢字の読みを入力してください,Text
博__奕__，赫__奕__,えき,"［奕］一級
音: エキ／ヤク 訓: 
意味: 大きい、大きいさま。
美しいさま、容姿が美しいさま、同「僷」。
同じことが繰り返される、また積み重なる、次へ次へと繋(つな)がって行く、同「累」。
囲碁などの方形の盤バン(ボードboard)を使うゲームgame、(賭けて)囲碁を打つ、同「弈」。",奕 → JPDB Kanji Freq: 3801,漢字の読みを入力してください,Text
__稗__，雀の__稗__,ひえ,"［稗］準一級
音: ハイ／ベ 訓: ひえ
意味: 稗(ヒエ)、イネ科ヒエ属の植物、また同属の植物の称、実を食用とする{ヒエ}。
(ヒエの実のように)小さいさま、取るに足らないさま。",稗 → JPDB Kanji Freq: 3806,漢字の読みを入力してください,Text
__軛__ [頸木],くびき,"［軛］一級
音: アク／ヤク 訓: くびき
意味: 車や農耕用の鋤(すき)などを曳かせるために牛馬の項(うなじ)に掛けるへ字状の馬具、これを縄・紐で首周りに固定し車や農耕用の鋤(すき)などを繋ぐ{乗物(馬車)}。
束縛する、拘束する。",軛 → JPDB Kanji Freq: 3807,漢字の読みを入力してください,Text
宋__襄__之仁,じょう,"［襄］一級
音: ショウ／ソウ／ジョウ 訓: 
意味: 上(あ)げる、高くする。
助ける、手を貸す。
(手を貸して)成し遂げさせる。
馬車、また馬車を牽(ひ)く馬。",襄 → JPDB Kanji Freq: 3809,漢字の読みを入力してください,Text
磯の__鮑__の片思い，__鮑__,あわび,"［鮑］一級
音: ホウ／ビョウ 訓: あわび
意味: 腐臭フシュウがするまで塩漬けにした魚、同「䱒」、これに火に当てて乾かしたものを、鮿(チョウ)。
アワビ鮑・鰒、ミミガイ科アワビ属の貝、また同科の大形の貝の総称、同「鰒」「蚫」",鮑 → JPDB Kanji Freq: 3813,漢字の読みを入力してください,Text
__艾__，苦__艾__,もぐさ,"［艾］一級
音: ガイ／ゲ 訓: よもぎ／もぐさ
意味: 艾蒿(ガイコウ)、チョウセンヨモギ朝鮮蓬、キク科ヨモギ属の草{チョウセンヨモギ}。
もぐさ、ヨモギの葉を乾燥させ揉み砕いたもの、灸に利用される他食用などにもする、別名、冰臺(ヒョウダイ)。
草を刈り取る、絶やす、絶える、同「刈」。
(五十歳の)老人。
(若く)美しい人
安(やす)んずる、落ち着く。",艾 → JPDB Kanji Freq: 3816,漢字の読みを入力してください,Text
結__紮__，結__紮__術,さつ,"［紮］一級
音: サツ／セチ 訓: 
意味: 束(たば)ねる、解(ほど)けないようにしっかりと束ねる、同「扎」。
束ねたものを数える語。
軍隊や官吏カンリが地方に赴(おもむ)いた際に滞在する(駐屯チュウトンする)、駐紮(チュウサツ)。",紮 → JPDB Kanji Freq: 3817,漢字の読みを入力してください,Text
紙__縒__り，__縒__り合わせる，__縒__れる，__縒__る,よ,"［縒］一級
音: シ／サ／サク 訓: よ・る
意味: 布の糸が不揃いなさま。
複雑に入り交(まじ)る、きちんと揃っていない、同「錯」
日よ・る、撚(よ)る、両掌(てのひら)で二本の糸や紐などを挟み左右の掌を逆方向に擦(こす)る、同「搓」",縒 → JPDB Kanji Freq: 3818,漢字の読みを入力してください,Text
深__潭__回廊，深__潭__,たん,"［潭］一級
音: タン／ドン 訓: ふち
意味: 深く水を湛(たた)えた所、淵(ふち)、同「湛」。
深い。",潭 → JPDB Kanji Freq: 3820,漢字の読みを入力してください,Text
__甜__菜，__甜__菜糖,てん,"［甜］準一級
音: テン／デン 訓: 
意味: 甘(あま)い、甘い味、同「𩚵」。",甜 → JPDB Kanji Freq: 3821,漢字の読みを入力してください,Text
__綸__子，__綸__旨，__綸__言,りん,"［綸］一級
音: リン／カン／ケン 訓: 
意味: 青い印綬インジュ(色によって官位を表す組紐)。
糸、糸を撚(よ)り合わせた紐(ひも)。
糸をきちんと(太さや色糸の柄などが不揃いにならないように)撚る。
経綸(ケイリン)、国家をきちんと整え治めること。
綸巾(カンキン)、帽子ボウシの一種、諸葛亮孔明ショカツリョウコウメイ(181年～234年)が被(かぶ)っていたことで知られる。
天子の行為や言葉に冠する語、綸言(リンゲン)(王の言葉)」。
日綸子(リンズ)、光沢がある紋織物(もんおりもの)の一つ",綸 → JPDB Kanji Freq: 3822,漢字の読みを入力してください,Text
__驀__進,ばく,"［驀］一級
音: バク／ミャク 訓: 
意味: 馬を駆(か)る。
突然に、いきなり、急に、驀地(バクチ)。",驀 → JPDB Kanji Freq: 3823,漢字の読みを入力してください,Text
灌__漑__，灌__漑__用水，潅__漑__,がい,"［漑］準一級
音: カイ／ガイ 訓: 
意味: 水を
水を",漑 → JPDB Kanji Freq: 3826,漢字の読みを入力してください,Text
__犇__めく，__犇__めき合う，__犇__と 【文アル】,ひし,"［犇］一級
音: ホン 訓: 
意味: 牛が驚くさま、(牛が)驚いて一斉に駆け出すさま。
一目散(いちもくさん)に逃げ出すさま、同古「奔」。",犇 → JPDB Kanji Freq: 3827,漢字の読みを入力してください,Text
__鰆__,さわら,"［鰆］一級
音: シュン 訓: さわら
意味: 鰆(サワラ)、サバ科サワラ属の海水魚、また同属の魚の総称、別名、馬鮫(バコウ)。",鰆 → JPDB Kanji Freq: 3828,漢字の読みを入力してください,Text
__鴫__焼，__鴫__,しぎ,"［鴫］準一級
音: しぎ 訓: 
意味: 日シギ鷸・鴫、シギ科の鳥の総称。",鴫 → JPDB Kanji Freq: 3829,漢字の読みを入力してください,Text
__你__好,ニ,"［你］配当外
音: ジ／ニ 訓: 
意味: あなた、you、二人称代名詞、同「伲」「您」。",你 → JPDB Kanji Freq: 3830,漢字の読みを入力してください,Text
__恙__無い，__恙__虫,つつが,"［恙］一級
音: ヨウ 訓: つつが
意味: 恙虫(ヨウチュウ)、ツツガム恙虫、シダニ目ツツガムシ科の虫の総称。
つつが、病気、心配ごと(病気や心配ごとはツツガムシの毒によるものと考えられたため)。
無恙(ブヨウ)、恙無(つつがな)い、病気や心配ごとがない、「ツツガムシに刺されることなく無事」の意。",恙 → JPDB Kanji Freq: 3833,漢字の読みを入力してください,Text
__綯__い交ぜ，__綯__う,な,"［綯］一級
音: トウ／ドウ 訓: な・う
意味: 何本かの糸や藁などを縒(よ)って一本にする、また縒った紐や縄。",綯 → JPDB Kanji Freq: 3834,漢字の読みを入力してください,Text
自己__韜__晦,とう,"［韜］一級
音: トウ 訓: 
意味: 弓や剣などを入れる革製の袋。
入れ物の中に納める、しまい込む、包み隠す。
韜晦(トウカイ)、人目に触(ふ)れないように姿を隠すこと。
六韜(リクトウ)、用兵・戦術など著した兵法ヘイホウ書、文韜(ブントウ)、武韜(ブトウ)、龍韜(リュウトウ)、虎韜(コトウ)豹韜(ホウトウ)、犬韜(ケントウ)の六部から成る、これと、三略(サンリャク)(兵法書)」を併称して、韜略(トウリャク)という。",韜 → JPDB Kanji Freq: 3835,漢字の読みを入力してください,Text
__砧__,きぬた,"［砧］準一級
音: チン 訓: きぬた
意味: 布を柔らかくしたり艶を出したりするために叩(たた)いたり打ち付けたりする際に使う石の台。
ものを叩いたり切ったり砕いたりする際に下に置く石製の台、木製は「枮」「椹」、金属製は「鍖」。",砧 → JPDB Kanji Freq: 3837,漢字の読みを入力してください,Text
__驟__雨，春__驟__雨,しゅう,"［驟］一級
音: スウ／ジュ／シュウ 訓: 
意味: 馬が小走り(トロットtrot)する、「歩walk」よりも速く「馳gallopギャロップ」よりも遅い速さ。
速(はや)く、早々(はやばや)と、駆(か)け足で。
俄(にわ)かに、突然に。
度々たびたび、しばしば、繰り返し何度も。",驟 → JPDB Kanji Freq: 3838,漢字の読みを入力してください,Text
__昵__懇，__昵__近,ジツ,"［昵］一級
音: ジツ／ニチ／デイ／ナイ 訓: 
意味: 粘(ねば)る、くっつく。
近付(ちかづ)く。
(関係が)近(ちか)い、親(した)しい、同「尼」「暱」。",昵 → JPDB Kanji Freq: 3839,漢字の読みを入力してください,Text
__橈__骨，__橈__骨動脈,とう,"［橈］一級
音: ジョウ／ニョウ／ドウ／トウ 訓: 
意味: 撓(たわ)む、柔らかく弾力があって折れることなく曲る、同「撓」。
しなやかなさま、弱々しいさま。
折り曲がる、屈(くっ)する。
櫂(かい)、船の左右の舷ゲン(ふなべり、船縁)に座った状態で漕(こ)ぐための棒状の道具、同「𦪛」。",橈 → JPDB Kanji Freq: 3841,漢字の読みを入力してください,Text
__笊__，__笊__耳，__笊__蕎麦,ざる,"［笊］一級
音: ソウ／ショウ 訓: ざる
意味: 細く割った竹を編んだ(比較的小さく浅い)籠(かご)、笊籬(ソウリ)。",笊 → JPDB Kanji Freq: 3844,漢字の読みを入力してください,Text
__頌__歌，__頌__する,しょう,"［頌］一級
音: ショウ／ズ／ジュ 訓: 
意味: 功績や徳行などを褒(ほ)め称(たた)える言葉や詩歌、またその言葉や詩歌を抑揚をつけて唱(とな)える。
褒め称える、祝福する。
姿形すがたかたち、容貌、外見、同「容」。",頌 → JPDB Kanji Freq: 3845,漢字の読みを入力してください,Text
__偕__老同穴,かい,"［偕］一級
音: カイ／ケ 訓: 
意味: 皆(みな)揃って、共に、一緒に、同「皆」「倶」。
一緒に～する、行動を同じにする、同「倶」。",偕 → JPDB Kanji Freq: 3846,漢字の読みを入力してください,Text
陥__穽__,せい,"［穽］一級
音: セイ／ジョウ 訓: 
意味: 獣などを捕えるための落とし穴、同「阱」。",穽 → JPDB Kanji Freq: 3847,漢字の読みを入力してください,Text
__鯰__，__鯰__髭,なまず,"［鯰］一級
音: ネン 訓: なまず
意味: 鯰(ナマズ)、ナマズ科の淡水魚、また同科の魚の総称。
簡「鲇」。",鯰 → JPDB Kanji Freq: 3849,漢字の読みを入力してください,Text
"__宸__襟〔文〕天子の心。
「━をなやます」",しん,"［宸］一級
音: シン／ジン 訓: 
意味: 大きな館(やかた)、特に天子の住む宮中キュウチュウの奥にある大きな館。
天子に意味する語、宸居(シンキョ)(天子の住まい)」、宸翰(シンカン)(天子の直筆ジキヒツ)」。
、宸極(シンキョク)天子の居所キョショ天子の位イ(くらい)北極星ホッキョクセイ。",宸 → JPDB Kanji Freq: 3850,漢字の読みを入力してください,Text
"__扼__する，__扼__す
__扼__殺，__扼__腕",やく,"［扼］一級
音: アク／ヤク 訓: 
意味: 押(お)さえる、(動かないように)しっかりと押さえる、抑(おさ)える、同「㧖」。
しっかりと掴(つか)む、しっかりと握(にぎ)る、同「㧖」「搤」「搹」。",扼 → JPDB Kanji Freq: 3851,漢字の読みを入力してください,Text
瑪__瑙__,のう,"［瑙］一級
音: ドウ／ノウ 訓: 
意味: 瑪瑙(メノウ)、玉ギョク(美しく高貴な石)に次ぐ美しい石。",瑙 → JPDB Kanji Freq: 3852,漢字の読みを入力してください,Text
__鰓__，__鰓__呼吸,えら,"［鰓］一級
音: サイ／シ 訓: えら／あぎと
意味: えら、あぎと、水棲動物の呼吸器官、同「顋」。
びくびくするさま、怯(おび)えるさま。",鰓 → JPDB Kanji Freq: 3853,漢字の読みを入力してください,Text
草__莽__〔文〕民間。,もう,"［莽］一級
音: ボウ／モウ 訓: 
意味: 草が茫々ボウボウと伸びているさま、草深いさま。
草が蔓延(はびこ)るさま、(茫々とした草むらが)どこまでも広がっているさま。
深く考えずにそそっかしいさま、いい加減なさま。
莽草(ボウソウ・モウソウ)、シキミ樒、マツブサ科シキミ属の木、また同属の木の総称{シキミ}。",莽 → JPDB Kanji Freq: 3861,漢字の読みを入力してください,Text
__刳__り貫く・__刳__り抜く,く,"［刳］一級
音: コ／ク 訓: えぐ・る／く・る
意味: 内(うち、内側)が見えるように割(さ)く。
指を(刃物を)ぐっと刺し入れて中身を取り出し空(から)にする(外側だけが残るようにする)。",刳 → JPDB Kanji Freq: 3862,漢字の読みを入力してください,Text
島__嶼__〔文〕しま。しまじま。,しょ,"［嶼］一級
音: ショ／ジョ 訓: しま
意味: 小島、小さな島、島嶼(トウショ)(島や小島、大小の島々)」、同「㠘」。",嶼 → JPDB Kanji Freq: 3866,漢字の読みを入力してください,Text
猿__猴__捉月，猿__猴__,こう,"［猴］一級
音: コウ／グ 訓: 
意味: 尾長猿(オナガザル)、オナガザル科に属するサル猿の称、また広くサル猿を指す。
獼猴(ビコウ)、アカゲザル赤毛猿などのオナガザル科マカク属に属するサル猿。
利口な、賢い。",猴 → JPDB Kanji Freq: 3869,漢字の読みを入力してください,Text
上がり__○○○__，__框__,"かまち,がまち","［框］一級
音: キョウ／コウ 訓: かまち
意味: 窓や戸などの上に架け渡した横木{建物}。
窓や戸などの四方(上下左右)を囲む枠(わく)。
周りを囲む、枠を嵌(は)める。
日かまち、板の間の端(はじ)などを隠すように横に渡した木。",框 → JPDB Kanji Freq: 3872,漢字の読みを入力してください,Text
__篩__に掛ける，__篩__，絹__篩__,ふるい,"［篩］一級
音: シ／サイ／セ 訓: ふるい
意味: 網(あみ)目を通して大きいものと小さいものを選(え、よ)り分ける、またその籠(かご)状また笊(ざる)状の道具同「籭」「簁」「簛」。
小さな隙間(すきま)を通ってくる、(篩にかけたように)ぱらぱらと(はらはらと、ぽたぽと)落ちて来る。
篩草(シソウ)、コウボウムギ(弘法麦)、カヤツリグサ科スゲ属の草{コウボウムギ}",篩 → JPDB Kanji Freq: 3873,漢字の読みを入力してください,Text
__艫__,とも,"［艫］一級
音: ロ／ル 訓: とも
意味: とも、船尾センビ、船の進む方に向かって最後部、櫓ロを漕ぐところ、船首を「舳」。
船首センシュ、船の進む方に向かって先端或いは前方の部分、櫂(かい)を刺して船を進めるところ、船の進む方向を操作するところを「舳」。
舳艫(ジクロ)船首と船尾船首と船尾が触れ合うほどに連なり進むさま",艫 → JPDB Kanji Freq: 3874,漢字の読みを入力してください,Text
追__儺__,な,"［儺］一級
音: ダ／ナ 訓: 
意味: 厄ヤク(災い、災禍)を祓う行事、追儺(ツイナ)、「鬼遣らい(おにやらい)」。
嫋(たお)やかなさま。
猗儺(イナ)、(木の枝が揺れるようにまた垂れた柳の枝のように)柔らかくしなやかなさま。",儺 → JPDB Kanji Freq: 3879,漢字の読みを入力してください,Text
__熨__斗を付ける,の,"［熨］一級
音: ウツ／ウチ／イ 訓: の・す
意味: ぴったりと押し当てる、押し当てて平らにする。
衣服などの皺を展(の)ばす炭火を入れた底の平らな道具、アイロンiron、「火熨斗(ひのし)」「熨斗(のし)」。",熨 → JPDB Kanji Freq: 3882,漢字の読みを入力してください,Text
__嫣__然，__嫣__然一笑,えん,"［嫣］一級
音: エン 訓: 
意味: すらりとして美しいさま。
和(にこ)やかなさま、和やかに微笑(ほほえ)むさま。",嫣 → JPDB Kanji Freq: 3883,漢字の読みを入力してください,Text
__樅__，__樅__の木,もみ,"［樅］一級
音: ショウ／シュ 訓: もみ
意味: 樅(モミ)、マツ科モミ属の木、また同属の木の称、同、冷杉(レイサン){モミ}。
木が高く聳(そび)えるさま。",樅 → JPDB Kanji Freq: 3884,漢字の読みを入力してください,Text
__陋__劣，頑迷固__陋__,ろう,"［陋］一級
音: ロウ／ル 訓: 
意味: (場所や度量が)狭い、狭苦しい。
粗末な、みすぼらしい、見苦しい。",陋 → JPDB Kanji Freq: 3886,漢字の読みを入力してください,Text
__繻__子，黒__繻__子，__繻__子織り,しゅ,"［繻］一級
音: シュ／ス／ジュ／ニュウ 訓: 
意味: 目の細かい薄絹、同「襦」。
色糸で美しく織られた(厚手の)絹織物。
布を裂いた割符。",繻 → JPDB Kanji Freq: 3888,漢字の読みを入力してください,Text
束__脩__，__脩__竹,しゅう,"［脩］一級
音: シュウ／シュ／ス 訓: 
意味: 干し肉、細切りの干し肉。
先生への謝礼、束脩(ソクシュウ)、「謝礼として干し肉を持参した」ことから。
同「修」。",脩 → JPDB Kanji Freq: 3889,漢字の読みを入力してください,Text
__顆__粒，__顆__，__顆__粒状,か,"［顆］一級
音: カ 訓: 
意味: 頭が小さいさま。
丸く小さいもの、丸く小さい粒状のもの、またそれを数える語。",顆 → JPDB Kanji Freq: 3891,漢字の読みを入力してください,Text
__鴛鴦__の契り，__鴛鴦__夫婦,えん,"［鴛］準一級
音: エン／オン 訓: 
意味: オシドリ・エンオウ鴛鴦の雄、雌は「鴦」、カモ科オシドリ属の鳥、番(つがい)は互いに片時も離れないということから仲睦まじい夫婦に例える、別名を、匹鳥(ヒッチョウ)という。","鴛 → JPDB Kanji Freq: 3893
鴦 → JPDB Kanji Freq: 3933",漢字の読みを入力してください,Text
"__杳__として〔文〕ぼんやりして、はっきりしないようす。
一結__杳__然",よう,"［杳］一級
音: ヨウ 訓: 
意味: 薄暗い、「太陽が木の下に沈む」の意、太陽(「日」)が木に重なる(昇り始める)ことを「東」、太陽が木の上に昇ることを「杲」。
遥か遠いさま、奥深いさま、「はっきりと見えない」の意",杳 → JPDB Kanji Freq: 3900,漢字の読みを入力してください,Text
__禹__行舜趨，__禹__湯文武,う,"［禹］一級
音: ウ 訓: 
意味: 夏カ(古国名、前21世紀～前17世紀)の始祖とされる王の名、大禹ダイウ、夏禹(カウ)とも称される{夏代}。
、禹域(ウイキ)、中国チュウゴク(我が国)、「禹が黄河流域の治水を成し遂げ全国を九州キュウシュウ(九つの国)に分け統治した地域」の意。",禹 → JPDB Kanji Freq: 3903,漢字の読みを入力してください,Text
__夭__折，__夭__逝，__夭__死,よう,"［夭］一級
音: ヨウ 訓: 
意味: (動物や草木が)若々しいさま。
草木が十分に生長する前に(これから成長しようとする途中で)折れる、若くして死ぬ、同「殀」「𣨘」「𡕟」。",夭 → JPDB Kanji Freq: 3904,漢字の読みを入力してください,Text
手を__拱__く,"こまぬ,こまね","［拱］一級
音: キョウ／ク 訓: こまぬ・く／こまね・く
意味: 両手を胸の前で組む(手を重ね合わせる・掌を合わせる・片方を拳にし片方でそれを包むようにするなど)、また両手を組んで礼をする。
両腕を輪の形に組む、またそのような形、アーチarch状の形。
両腕を輪の形に組んだときの大きさ、一抱(ひとかか)え。
手を組んだまま何もしない。",拱 → JPDB Kanji Freq: 3905,漢字の読みを入力してください,Text
白__癬__菌，疥__癬__,せん,"［癬］一級
音: セン 訓: 
意味: 白禿瘡(しらくも、白癬ハクセン)や田虫(たむし)などの皮膚病の総称。",癬 → JPDB Kanji Freq: 3906,漢字の読みを入力してください,Text
__縹__，__縹__色,はなだ,"［縹］一級
音: ヒョウ 訓: 
意味: 薄い青色、またその色の織物。
ふわりと軽やかなさま、縹縹(ヒョウヒョウ)
日薄い藍色(あいいろ)、「縹色(はなだいろ█)」",縹 → JPDB Kanji Freq: 3907,漢字の読みを入力してください,Text
__媼__〔雅〕年とった女。老女。（↔おきな）,おうな,"［媼］一級
音: オウ 訓: おうな
意味: おうな、老齢の女性、またその女性に対する敬称。
母、母親。",媼 → JPDB Kanji Freq: 3912,漢字の読みを入力してください,Text
__絣__，矢__絣__，紺__絣__,かすり,"［絣］一級
音: ホウ／ヒョウ 訓: かすり
意味: 縄や弦をぴんと張る。
墨を含ませた縄をぴんと張り弾くようにして直線を引く、同「𢆸」「𦴏」。
途切れずに続く、途切れないように繋いでいく。
縫い合わせる、同「絽」。
日かすり(絣、飛白)、部分的に染め分けた糸(染め分けた境目がかすれたようになる)、またその糸で織った織物。",絣 → JPDB Kanji Freq: 3913,漢字の読みを入力してください,Text
__踝__，内__踝__,くるぶし,"［踝］一級
音: カ／エ 訓: くるぶし
意味: 足首の両側にある骨が丸く突起している部分、同「腂」{人体(下肢)}。",踝 → JPDB Kanji Freq: 3915,漢字の読みを入力してください,Text
依__怙__贔屓，依__怙__地,こ,"［怙］一級
音: コ／ゴ 訓: 
意味: 頼(たよ)る、頼りにする、頼みにする、同「恀」「恃」。
(頼りにする)父親、母親は「恃」、或いは両親。",怙 → JPDB Kanji Freq: 3924,漢字の読みを入力してください,Text
侃侃__諤諤__,がく,"［諤］一級
音: ガク 訓: 
意味: 自ら信ずるところを憚(はばか)ることなく述べる、直言する。",諤 → JPDB Kanji Freq: 3925,漢字の読みを入力してください,Text
カレー__饂飩__，__饂飩__，__饂飩__屋,うどん,"［飩］一級
音: トン／ドン 訓: 
意味: 小麦粉などを捏ねたもの。
餛飩・餫飩(コントン)、ワンタン雲呑・餛飩、小麦粉に水などを加え捏(こ)ね、丸めた食べ物、またそれを延ばして餡アンを包み込んだ食べ物、同「䐊肫・䐊𪌋・䊐𥸵」。
日「饂飩(うどん)」、小麦粉に水などを加え捏(こ)ね、延ばして細切りにした食べ物。","飩 → JPDB Kanji Freq: 3926,
饂 → JPDB Kanji Freq: 3932",漢字の読みを入力してください,Text
__嗾__ける,けしか,"［嗾］一級
音: ソウ／ス 訓: けしか・ける
意味: 犬に指示する(ある事をさせる)時の掛け声、犬に声を掛けてある事をさせる、同「㖩」「𠲌」「𡂡」。
煽(あお)り立ててある事をさせる、唆(そそのか)す。",嗾 → JPDB Kanji Freq: 3934,漢字の読みを入力してください,Text
__擱__座，__擱__筆,かく,"［擱］一級
音: カク 訓: お・く
意味: 止(と)める、止(や)める、止めてそのままの状態を続ける、同「閣」。
置く、置いたままにする。",擱 → JPDB Kanji Freq: 3935,漢字の読みを入力してください,Text
__晨__鴨，__晨__り鴨,"しのり,しの","［晨］一級
音: シン／ジン 訓: 
意味: 陽が昇り始め辺りに光が射し次第に明るくなる頃、ニワトリ鶏が鳴く頃、早朝、清晨(セイシン)(清々しい朝)」、同「䢅」。
房宿ボウシュク、二十八宿のうち東方七宿の一つ、同「曟」{二十八宿}。",晨 → JPDB Kanji Freq: 3936,漢字の読みを入力してください,Text
__栂__,"つが,とが","［栂］準一級
音: バイ／マイ／メ 訓: つが／とが
意味: 未詳。
日ツガ栂、トガ栂、マツ科ツガ属の木{ツガ}。",栂 → JPDB Kanji Freq: 3937,漢字の読みを入力してください,Text
"浮家__泛__宅
__泛__駕之馬","はん,ほう","［泛］一級
音: ハン／ボン 訓: 
意味: 水面や空中に浮(う)かぶ、浮かび漂(ただよ)う、同「汎」。
溢(あふ)れ出た水が一面に広がり覆(おお)う、同「氾」。
一面に広がる、隅々まで覆い尽くす、同「氾」「汎」。
覆(くつがえ)る、覆す。",泛 → JPDB Kanji Freq: 3938,漢字の読みを入力してください,Text
寝茣__蓙__，茣__蓙__，__蓙__,ござ,"［蓙］一級
音: ござ／ざ 訓: 
意味: 日イグサ藺草(イグサ科イグサ属の草)などの草の茎を編んで作る敷物、「茣蓙(ござ)」。",蓙 → JPDB Kanji Freq: 3939,漢字の読みを入力してください,Text
__鶉__豆，__鶉__,うずら,"［鶉］一級
音: シュン／ジュン 訓: うずら
意味: 鶉(ウズラ)、キジ科のウズラ属・ヤマウズラ属など、またミフウズラ科・ナンベイウズラ科などに属する鳥の称、雄を、鶛(カイ)、雌を、痺(ヒ)。
、鶉火(ジュンカ)、獅子宮シシキュウ、黄道十二宮の第五。",鶉 → JPDB Kanji Freq: 3942,漢字の読みを入力してください,Text
"蛇__蝎__〔文〕非常にいやなもののたとえ。
「━のごとくきらう」",かつ,"［蝎］一級
音: カツ／ガチ 訓: 
意味: 木食(キクイムシ)い虫(キクイムシ科の昆虫)或いはカミキリムシ髪切虫・天牛(カミキリムシ科の昆虫)、また樹木などを食い荒らす虫、同、蝤蠐(シュウセイ)、蛣𧌑・蛣䖦(キツクツ)、同「蠹」。
蝎虎(カツコ)、ヤモリ守宮、ヤモリ科の爬虫類の総称、別名壁虎(ヘキコ)。
サソリ蠍、サソリ目の動物の総称、同「蠍」。",蝎 → JPDB Kanji Freq: 3943,漢字の読みを入力してください,Text
"__豈__〔文〕どうして〔…か〕。
「歴史を知らぬこと、━学生のみならんや〔＝どうして学生だけ（と言えるの）だろうか。学生だけに限らない〕」",あに,"［豈］一級
音: キ／ケ／カイ／ガイ 訓: あに
意味: あに、どうして～であろうか、どうして～なのか理屈や道理に合わない、決して～ではない。
(責務から解放されて、背負うものがなくなって)心が安らぐさま
喜ぶさま、楽しむさま、和(なご)やかで心地良いさま、豈楽・愷樂(ガイラク)
豈弟(ガイテイ)、穏(おだ)やかで和(やわ)らぐさま、同「愷悌」。",豈 → JPDB Kanji Freq: 3944,漢字の読みを入力してください,Text
__蹌踉__めく，__蹌踉__ける,よろ,"［蹌］一級
音: ショウ／ソウ 訓: 
意味: 蹌蹌(ソウソウ)、さっさっと淀みなく進むさま、颯爽としたさま、進み方が舞うように優雅なさま。
踉蹌(ロウソウ)、蹌踉(ソウロウ)、蹌踉(よろ)めくように行くさま。","蹌 → JPDB Kanji Freq: 3945
踉 → JPDB Kanji Freq: 3965",漢字の読みを入力してください,Text
奸__佞__邪知,ねい,"［佞］
音:  訓: 
意味: ",佞 → JPDB Kanji Freq: 3947,漢字の読みを入力してください,Text
__薨__去,こう,"［薨］一級
音: コウ 訓: 
意味: 諸国の君主や領主の死。
薨薨(コウコウ)、たくさんの虫が群れ飛ぶ時の音",薨 → JPDB Kanji Freq: 3949,漢字の読みを入力してください,Text
__諳__んじる,そら,"［諳］一級
音: アン／オン 訓: そらん・じる
意味: よく知る、また知っている、知り尽(つ)くす、全てを記憶キオクする、また記憶している。
諳誦(アンショウ)、書いてあるものなどを覚えていて、それ見ることなしに声に出して唱(とな)える、同「暗唱」。",諳 → JPDB Kanji Freq: 3950,漢字の読みを入力してください,Text
__悖__る,もと,"［悖］一級
音: ハイ／バイ／ホツ／ボツ 訓: もと・る
意味: そうなるべき(そうあるべき)なのにそうなっていない、違っている、合っていない。
迷う、戸惑(とまど)う、どうしていいか分からない、同「𢠜」
勢いがよいさま、同「勃」。",悖 → JPDB Kanji Freq: 3953,漢字の読みを入力してください,Text
官__衙__，__衙__門,が,"［衙］一級
音: ギョ／ゴ／ガ／ゲ 訓: 
意味: 天子の居所の前の(門に近い側の)建物、役人が詰める建物。
官庁舎、役所、古くは「牙」といった。
(役人が登庁する際に並んだことから)整列する、列を作る、並ぶ。
衙衙(ガガ)、列をなして行く、隊列を組んで行く。",衙 → JPDB Kanji Freq: 3956,漢字の読みを入力してください,Text
__甑__,こしき,"［甑］準一級
音: ソウ／ショウ 訓: こしき
意味: 蒸し器として使うために下からの蒸気が通るように底が開いている器、鍋や釜状の口が大きく深みのある器で、∩字状の取っ手が二つ付いたもの、簀子サクシ(すのこ)を敷き食材を載せ、鬲(レキ、湯を沸かすための器)の上に乗せる、この「甑」と「鬲」を合わせたものを、甗(ゲン)という{食器(炊事器甑・鍑)}{食器(炊事器。",甑 → JPDB Kanji Freq: 3959,漢字の読みを入力してください,Text
__麝__香，__麝__香鹿,じゃ,"［麝］一級
音: シャ／ジャ 訓: 
意味: 麝香鹿(ジャコウジカ)、ジャコウジカ科ジャコウジカ属のシカ鹿、また同科同属のシカの称。
「麝麘、麝香ジャコウ」、麝香鹿(ジャコウジカ)の雄の香嚢コウノウ(麝香腺ジャコウセン)から分泌されたものを製した香料、また生薬。",麝 → JPDB Kanji Freq: 3960,漢字の読みを入力してください,Text
__癸__， __癸__の祭,みずのと,"［癸］一級
音: キ 訓: みずのと
意味: みずのと、十干ジッカン(甲・乙・丙・丁・戊・己・庚・辛・壬・癸)の十番目{十干}。
月経ゲッケイ、成熟した女性の子宮の内膜が剥(は)がれ落ちて腟チツから出血すること、天癸(テンキ)、癸水(キスイ)。",癸 → JPDB Kanji Freq: 3961,漢字の読みを入力してください,Text
__秣__,まぐさ,"［秣］一級
音: バツ／マツ／マチ 訓: まぐさ
意味: 穀物などの茎を乾燥させ短く切った牛馬の飼料シリョウ、またそれを牛馬に与える、同「䬴」。",秣 → JPDB Kanji Freq: 3962,漢字の読みを入力してください,Text
金平牛__蒡__，牛__蒡__抜き,ぼう,"［蒡］一級
音: ホウ／ビョウ／ボウ 訓: 
意味: 草名、未詳、よく煮込むことで食することができるという。
牛蒡(ゴボウ)、キク科ゴボウ属の草、牛蒡子(ゴボウシ)(ゴボウの種、乾燥させて生薬として利用される)」{ゴボウ}",蒡 → JPDB Kanji Freq: 3964,漢字の読みを入力してください,Text
才気__煥__発，__煥__発,かん,"［煥］一級
音: カン 訓: 
意味: 火の光、火の明るい光。
明るいさま、明るい光が広がるさま、同「奐」。",煥 → JPDB Kanji Freq: 3968,漢字の読みを入力してください,Text
披__瀝__，__瀝__青,れき,"［瀝］一級
音: レキ／リャク 訓: 
意味: 漉(こ)す、液体を目の細かい布などに通す。
滴(したた)る、液体が水滴となってぽたぽたと落ちる。
ぽたぽたと落ちる液体、滴(しずく)。",瀝 → JPDB Kanji Freq: 3970,漢字の読みを入力してください,Text
__獏__，マレー__獏__,ばく,"［獏］一級
音: バク／ミャク 訓: 
意味: バク(貘)、バク科の哺乳類の総称。
獣名、未詳、姿はクマ熊に似て黒白斑(まだら)で銅鉄を食べるという、同「㹮」「貊」。",獏 → JPDB Kanji Freq: 3971,漢字の読みを入力してください,Text
香__盒__，飯__盒__,ごう,"［盒］一級
音: コウ／ゴウ 訓: 
意味: 被せ蓋(かぶせぶた)付きの容器、用途や形はさまざま{器(盒)}。",盒 → JPDB Kanji Freq: 3972,漢字の読みを入力してください,Text
__錚__々,そう,"［錚］一級
音: ソウ／ショウ 訓: 
意味: 金属が触れ合ったりぶつかり合ったりした時の音の形容、錚錚(ソウソウ)。
形は鐃(ドウ)に似るが細長く、柄(え)を握り上に向けて持ち、叩いて鳴らす鐘(かね)、同「鉦」。",錚 → JPDB Kanji Freq: 3973,漢字の読みを入力してください,Text
__讒__言，__讒__訴，__讒__謗,ざん,"［讒］一級
音: サン／ゼン／ザン 訓: 
意味: 中傷する、悪口を言う。
讒言(ザンゲン)、人を陥(おとしい)れたり名誉を傷付けたりするために悪く言う、また告げ口をする。",讒 → JPDB Kanji Freq: 3978,漢字の読みを入力してください,Text
婀__娜__，婀__娜__っぽい，婀__娜__めく,だ,"［娜］一級
音: ダ／ナ 訓: 
意味: 嫋(たお)やかなさま、しなやかなさま。
女性名用字。
婀娜(アダ)、しなやかで美しいさま、嫋(たお)やかで美しいさま。",娜 → JPDB Kanji Freq: 3981,漢字の読みを入力してください,Text
"敷__衍__
①広く当てはめること。
「一つの事例を全体に━する」
②ことばをつけ加えて、くわしく説明すること。
「彼の説を━すると…」",えん,"［衍］一級
音: エン 訓: 
意味: 水が延々と流れて行くさま、また流れて海に
大きく延び広がるさま。
平らに広がる土地、衍沃(エンヨク)(平らに広がった肥沃な土地)」。
敷衍(フエン)推(お)し広げること意味などの理解を助けるために、言葉を足し加えたり、例を挙げたりすること好い加減(いいかげん)に取り繕(つくろ)うこと。
水が流れ出る、溢(あふ)れ出る。
余る、余り、余分なもの(こと)、、衍文(エンブン)、衍字(エンジ)(写本などの際に誤って加えられた余分な文字)」。",衍 → JPDB Kanji Freq: 3987,漢字の読みを入力してください,Text
__砒__素，__砒__石,ひ,"［砒］一級
音: ヘイ／ハイ／ヒ 訓: 
意味: 砒素ヒソ(Arsenic、As)の旧名、現「砷」。
ヒ素化合物。",砒 → JPDB Kanji Freq: 3988,漢字の読みを入力してください,Text
怯__懦__，__懦__弱，__懦__夫,だ,"［懦］一級
音: ダ／ナ／ジュ 訓: 
意味: 弱々しいさま、小心で気が弱いさま、臆病なさま、怯懦(キョウダ)、同「偄」。",懦 → JPDB Kanji Freq: 3991,漢字の読みを入力してください,Text
"__狆__くしゃ，__狆__ころ
〔俗〕みにくい顔の形容。",ちん,"［狆］一級
音: チュウ 訓: ちん
意味: 狆家(チュウカ)、中国南部の少数民族の名。
日小型の犬の一種、英名をJapanese。",狆 → JPDB Kanji Freq: 3992,漢字の読みを入力してください,Text
"救__癩__
「ハンセン病」の、古い呼び方。",らい,"［癩］一級
音: ライ 訓: 
意味: 病(ハンセン)Hansen'sdisease、癩菌ライキンによる感染症、同「痲瘋、麻瘋マフウ」。",癩 → JPDB Kanji Freq: 3993,漢字の読みを入力してください,Text
放__埓__,らつ,"［埓］配当外
音: レツ／レチ／ラチ／ラツ 訓: 
意味: (池などの)周りを取り囲む背の低い土手(どて)、堤(つつみ)。
際(きわ)、他のものとの境目、限界、同「浖」。
等しい、同じ。",埓 → JPDB Kanji Freq: 3994,漢字の読みを入力してください,Text
__篆__刻，__篆__書,てん,"［篆］一級
音: テン／デン 訓: 
意味: 漢字の書体名の一つ、西周(前11世紀～前771年)後期に作られたとされる、大篆(ダイテン)と、後の秦代(前221年～前206年)に簡略化された、小篆(ショウテン)の総称。
(多く篆書体が用いられたことから)印章。
彫(ほ)り込む、刻(きざ)む。",篆 → JPDB Kanji Freq: 3999,漢字の読みを入力してください,Text
__羆__,ひぐま,"［羆］一級
音: ヒ 訓: ひぐま
意味: ヒグマ(羆)、クマ科クマ属の哺乳類、クマ熊の中では最も大形の種。",羆 → JPDB Kanji Freq: 4000,漢字の読みを入力してください,Text
