Question,Answers,Comment,Instructions
"このカレーは 15分( )あればできるので、よく作る。
 1. を 
 2. も 
 3. に 
 4. が",2,,問題7次の文の（ ）に入れるのに最もよいものを、1. 2. 3. 4から一つ選びなさい。
"A: 「新しい携帯電話、ちょっと使いづらいんだよね」
B:「使っていれば ( )、慣れると」。
 1. いまにも 
 2. ようやく 
 3. そのうち 
 4. いつのまに",3,,問題7次の文の（ ）に入れるのに最もよいものを、1. 2. 3. 4から一つ選びなさい。
"今朝は寝坊してしまい、食事をする時間( )顔を洗う時間もなかった。
 1. すら 
 2. しか 
 3. とはいえ 
 4. どころか",4,,問題7次の文の（ ）に入れるのに最もよいものを、1. 2. 3. 4から一つ選びなさい。
"A: 「ねぇ、経済学のレポート書けた?」

B:「うん、難しかったけど、( )書いたよ」。
 1. 書けば 
 2. 書いてでも 
 3. 書くだけは 
 4. 書いたわりに",3,,問題7次の文の（ ）に入れるのに最もよいものを、1. 2. 3. 4から一つ選びなさい。
"情報技術の発展( )、コミュニケーションの手段は多様化している。
 1. において 
 2. にこたえて 
 3. にあたって 
 4. にともなって",4,,問題7次の文の（ ）に入れるのに最もよいものを、1. 2. 3. 4から一つ選びなさい。
"虫歯が小さい( )、簡単な治療で済みます。虫歯かもしれないと思ったら、早めに受診するようにしましょう。
 1. うちなら 
 2. うちでも 
 3. だけなら 
 4. だけでも",1,,問題7次の文の（ ）に入れるのに最もよいものを、1. 2. 3. 4から一つ選びなさい。
"A水族館では、二か月前にイルカの赤ちゃんが生まれてから来場者が増え、非常に混雑する( )、開館時間を早めることを検討している。
 1. ようにしたとしても 
 2. ようにしたことから 
 3. ようになったとしても 
 4. ようになったことから",4,,問題7次の文の（ ）に入れるのに最もよいものを、1. 2. 3. 4から一つ選びなさい。
"酒店で

客:「これから西森町に行くんですが、どこかおいしい和食のお店はあり ませんか」
フロント:「西森町に(  )、「さくら」はいかがでしょうか。大変人気のあるお店です」
 1. 伺うんでしたら 
 2. お参りしたら 
 3. いらっしゃるんでしたら 
 4. お目にかかったら",3,,問題7次の文の（ ）に入れるのに最もよいものを、1. 2. 3. 4から一つ選びなさい。
"田中さんは仕事が忙しいらしく、最近テニスクラブの練習を休み ( )だ。
 1. かねない 
 2. がち 
 3. とのことだ 
 4. に違いない",2,,問題7次の文の（ ）に入れるのに最もよいものを、1. 2. 3. 4から一つ選びなさい。
"飼っている犬が最近よくしゃっくりする。心配になって病院で聞いてみたら、一時間以上続く場合は検査したほうがいいが、すぐに止まるなら(  )、と言われた。
 1. 心配しなければならない 
 2. 心配しないでもない 
 3. 心配するわけではない 
 4. 心配することはない",4,,問題7次の文の（ ）に入れるのに最もよいものを、1. 2. 3. 4から一つ選びなさい。
"私が教えている経済学の講義では、去年から、毎回学生講義の感想や質問を書いて( )。そこから気づかされることも多いからだ。
 1. 出してもらうことにしている 
 2. 出してあげることになる 
 3. 出してもらうことがある 
 4. 出してあげることがある",1,,問題7次の文の（ ）に入れるのに最もよいものを、1. 2. 3. 4から一つ選びなさい。
"A: 「ねぇ、大変。これから行くお寺、見学するには( )だよ、ガイドブックのここに書いてある」
B: 「本当だ。今から予約できるか電話して聞いてみようか」
 1. 予約しないといけないみたい 
 2. 予約しないといけないはず 
 3. 予約しなくてもいいみたい 
 4. 予約しなくてもいいはず。",1,,問題7次の文の（ ）に入れるのに最もよいものを、1. 2. 3. 4から一つ選びなさい。
"料理の本に書いてある( )作ってもみたのだが、なぜかうまくいかなかった。
 1. ようで 
 2. もとで 
 3. ほとに 
 4. とおりに",4,,問題7次の文の（ ）に入れるのに最もよいものを、1. 2. 3. 4から一つ選びなさい。
"村田「青木くんって、本当に面白い人だよね。」 西野 「うん。彼、人を笑わせることに( )天オだからね。」
 1. 向けては 
 2. かけては 
 3. 沿っては 
 4. わたっては",2,,問題7次の文の（ ）に入れるのに最もよいものを、1. 2. 3. 4から一つ選びなさい。
"山田「私、青木先輩のようにカメラマンの仕事をしたいと思っている ぜひ青木先輩のお話を( )いただけないでしょうか。」 青木「ああ、かまわないよ。」
 1. 聞いて 
 2. 聞けて 
 3. 聞かせて 
 4. 聞かれて",3,,問題7次の文の（ ）に入れるのに最もよいものを、1. 2. 3. 4から一つ選びなさい。
"今回の京都旅行は、天気が悪い日が多かったが、行きたかったお寺には行けたし、( ) 楽しめた。
 1. そのうえ 
 2. それなりに 
 3. そのころに 
 4. それどころか",2,,問題7次の文の（ ）に入れるのに最もよいものを、1. 2. 3. 4から一つ選びなさい。
"バス停に着いたとき、出発時刻の1時間前に空港に着くバスがちょうど来たので( )が、満員で乗れず、結局、飛行機に間に合わなかった。
 1. 乗っている途中だった 
 2. 乗ったところだ 
 3. 乗っているつもりだった 
 4. 乗ろうとした",4,,問題7次の文の（ ）に入れるのに最もよいものを、1. 2. 3. 4から一つ選びなさい。
"友達の中には、仕事が休みの日はすることがなくて、暇( )と言う人もい る。
 1. でしょうがない 
 2. そうにない 
 3. にすぎない 
 4. すらない",1,,問題7次の文の（ ）に入れるのに最もよいものを、1. 2. 3. 4から一つ選びなさい。
"森田「村山さん、Y社の川西部長が( )。会議室でお待ちです。」 村山「わかりました。」
 1. 参りました 
 2. 承りました 
 3. 見えました 
 4. 伺いました",3,,問題7次の文の（ ）に入れるのに最もよいものを、1. 2. 3. 4から一つ選びなさい。
"医者「明日になっても熱が下がらない( )、この薬を飲んでください。」
 1. ようであれば 
 2. からであれば 
 3. というようには 
 4. というからには",1,,問題7次の文の（ ）に入れるのに最もよいものを、1. 2. 3. 4から一つ選びなさい。
"(歌の練習で) 先生「最初は、緊張して大きな声で歌えないと思います。でも、( )だんだん大きな声で歌えるようになりますよ。」
 1. 練習していくうちに 
 2. 練習してでも 
 3. 練習するのに対して 
 4. 練習するのに比べて",1,,問題7次の文の（ ）に入れるのに最もよいものを、1. 2. 3. 4から一つ選びなさい。
"監督「みんな、今日は本当によくやった。この調子であしたの決勝戦もがんばろう。おれたちが勝って世間を( )じゃないか。」
 1. 驚いてやろう 
 2. 驚いてもらおう 
 3. 驚かせてやろう 
 4. 驚かせてもらおう",3,,問題7次の文の（ ）に入れるのに最もよいものを、1. 2. 3. 4から一つ選びなさい。
"会議は9時開始の予定だったが、開始時刻までに来たのは3人だけだった。遅れてきた人に理由を聞いたら、開始時刻が正しく( )。
 1. 伝わらないはずだった 
 2. 伝えなかったらしい 
 3. 伝えていないはずだった 
 4. 伝わっていなかったらしい",4,,問題7次の文の（ ）に入れるのに最もよいものを、1. 2. 3. 4から一つ選びなさい。
"妹「お姉ちゃん、パソコン貸して。」姉「いいよ。 あ、あとで私も使うから、電源は( )。」 妹「わかった。」
 1. 入れてからにして 
 2. 入れたままにしておいて 
 3. 入れたつもりでいて 
 4. 入れなきゃならなくて",2,,問題7次の文の（ ）に入れるのに最もよいものを、1. 2. 3. 4から一つ選びなさい。
"小川「ねえ、山田さん。昨日の夜、オリンビッグ中継見た?」山田 「ううん。昨日は残業で疲れちゃって。だから、タ飯 (  ) 食べないで 寝ちやったんだ。」
 1. も 
 2. が 
 3. とは 
 4. にまで",1,,問題7次の文の（ ）に入れるのに最もよいものを、1. 2. 3. 4から一つ選びなさい。
"(広告で) 川西ピアノ教室では、初心者、経験者 (  )、どなたにでも丁寧に指導します。
 1. を通して 
 2. を問わず 
 3. にかけて 
 4. にもかかわらず",2,,問題7次の文の（ ）に入れるのに最もよいものを、1. 2. 3. 4から一つ選びなさい。
"今日、子どもをきつくしかりすぎたので、気をつけようと思う。(  )、 本人はそれほど気にしていないかもしれないが。
 1. そのかわり 
 2. それなら 
 3. もっとも 
 4. しかも",3,,問題7次の文の（ ）に入れるのに最もよいものを、1. 2. 3. 4から一つ選びなさい。
"娘「なぞなぞです。お父さんが嫌いな果物は何でしょう。」  　父「ううん、なんだろう。あ、そうか、( 　)。パパイヤだ。パパが嫌な果物ってことだよね。」
 　娘「正解です。」
 1. わかった 
 2. わかったのに 
 3. わかってた 
 4. わかってね",1,,問題7次の文の（ ）に入れるのに最もよいものを、1. 2. 3. 4から一つ選びなさい。
"この小説を読んで、友のためなら、自分はどうなったって (  ) という 主人公の熱い思いに感動した。
 1. たまらない 
 2. かまわない 
 3. わけがない 
 4. ならない",2,,問題7次の文の（ ）に入れるのに最もよいものを、1. 2. 3. 4から一つ選びなさい。
"わたしたちが旅館に着くと、従業員たちが笑顔で「ようこそ (  )。」 とあいさつしてくれた。
 1. お越しくださいました 
 2. お伺いしました 
 3. お呼びいただきました 
 4. お迎えしました",1,,問題7次の文の（ ）に入れるのに最もよいものを、1. 2. 3. 4から一つ選びなさい。
"A 「次の登山、大山に登るのはどう? 」 B 「大山は3年前に一度(  )から、ほかの山がいいなあ。」
 1. 登ってみる 
 2. 登ってくる 
 3. 登っていく 
 4. 登ってい る",4,,問題7次の文の（ ）に入れるのに最もよいものを、1. 2. 3. 4から一つ選びなさい。
"日本の人気バンド「z」は、ヨーロッパでコンサートを行うなど、活動を世界 (  )広げている。
 1. でと 
 2. へと 
 3. からも 
 4. ほども",2,,問題7次の文の（ ）に入れるのに最もよいものを、1. 2. 3. 4から一つ選びなさい。
"パソコン教室の講師に ( 　) 、人に教えるのは難しいけど楽しいということがわかりました。
 1. なったかぎり 
 2. したかぎり 
 3. したおかげで 
 4. なったおかげで",4,,問題7次の文の（ ）に入れるのに最もよいものを、1. 2. 3. 4から一つ選びなさい。
"だれだって、失敗もするし、( 　) やれないときもある。
 1. やるなと言われたことが 
 2. やるなと言われたのは 
 3. やらなくてはいけないことが 
 4. やらなくてはならないのは",3,,問題7次の文の（ ）に入れるのに最もよいものを、1. 2. 3. 4から一つ選びなさい。
"内容がわからない話を長時間( 　)、大人だって耐えられないことでしょう。
 1. 聞かなくていいとしたら 
 2. 聞かなければならないこ どで 
 3. 聞かなければならないとしたら 
 4. 間かなくていいことで",3,,問題7次の文の（ ）に入れるのに最もよいものを、1. 2. 3. 4から一つ選びなさい。
"(本屋で)
A 「あ、この本、面白いよ。」B 「どんな話?」 A 「主人公と恋人が、親に無理やり( 　)話なんだけど、すごくどきどきするんだ。」
 1. 別れそうになる 
 2. 別れられそうになる 
 3. 別れさせそうになる 
 4. 別れさせられそうになる",4,,問題7次の文の（ ）に入れるのに最もよいものを、1. 2. 3. 4から一つ選びなさい。
"Y 遊園地の昨年の入場者数は、1000万人（  ）上った。
 1. に 
 2. で 
 3. が 
 4. と",1,,問題7次の文の（ ）に入れるのに最もよいものを、1. 2. 3. 4から一つ選びなさい。
"鉄道会社と自治体による長期間の議論（  ）、新駅の建設が決定された。
 1. をめぐり 
 2. を込めて 
 3. の末に 
 4. のことで",3,,問題7次の文の（ ）に入れるのに最もよいものを、1. 2. 3. 4から一つ選びなさい。
"今日は午後から晴れるという予報だったが、午後になっても雨はやまず、むしろ（  ）ばかりだった。
 1. 強い 
 2. 強く 
 3. 強かった 
 4. 強くなる",4,,問題7次の文の（ ）に入れるのに最もよいものを、1. 2. 3. 4から一つ選びなさい。
"哲学Ⅱの授業は、哲学Ⅰの単位を取得（  ）、受けることができません。
 1. してからか 
 2. してからでないと 
 3. してからで 
 4. してからでなくて",2,,問題7次の文の（ ）に入れるのに最もよいものを、1. 2. 3. 4から一つ選びなさい。
"（広告で）現在、数量限定半額セールを実施中。商品が（  ）終了しますので、お早めに。
 1. なくなり次第 
 2. なくなった以上 
 3. なくなるうちに 
 4. なくなっては",1,,問題7次の文の（ ）に入れるのに最もよいものを、1. 2. 3. 4から一つ選びなさい。
"（花屋のホームページで）ご予算に合わせて、花束をお作りします。送料無料で日にち指定の全国発送も（  ）。
 1. 申し上げます 
 2. 差し上げます 
 3. いただきます 
 4. うけたまわります",4,,問題7次の文の（ ）に入れるのに最もよいものを、1. 2. 3. 4から一つ選びなさい。
"夫「行ってきます。」妻「え？会社、行くの？まだ熱があるんでしょう？」 夫「大事な会議があるから、（  ）んだ。」
 1. 休んでもおかしくない 
 2. 休みっこない 
 3. 休むわけにはいかない 
 4. 休むほかない",3,,問題7次の文の（ ）に入れるのに最もよいものを、1. 2. 3. 4から一つ選びなさい。
"Ａ「ねえ見て、このゲーム。面白そうだから、買っちゃった。」 Ｂ「あ、それって、最近雑誌（  ）よく取り上げられてるゲームでしょう？」
 1. か何かを 
 2. や何かで 
 3. か何かか 
 4. や何かは",2,,問題7次の文の（ ）に入れるのに最もよいものを、1. 2. 3. 4から一つ選びなさい。
"砂糖、塩、酢、しょうゆ、みそ、これらは日本食を作る（  ）調味料です。
 1. のに欠かせない 
 2. ことは欠かさない 
 3. のを欠かさない 
 4. ことも欠かせない",1,,問題7次の文の（ ）に入れるのに最もよいものを、1. 2. 3. 4から一つ選びなさい。
"うちの犬は、私が（  ）、寂しそうな目で私を見る。
 1. 出かけるところに 
 2. 出かけようとしたまま 
 3. 出かけるところみたいで 
 4. 出かけようとするたびに",4,,問題7次の文の（ ）に入れるのに最もよいものを、1. 2. 3. 4から一つ選びなさい。
"私は、ストレスは悪い（  ）思っていたので、良いストレスもあると知って驚いた。
 1. ものだとなんて 
 2. ものだとばかり 
 3. などのことだと 
 4. のみでのことだと",2,,問題7次の文の（ ）に入れるのに最もよいものを、1. 2. 3. 4から一つ選びなさい。
"司会者「お二人は、子供が外で遊ばなくなったのはなぜだと思いますか。」
山田「子供が安心して遊べる場所がなくなったからだと思います。」
西川「確かに（  ）が、遊びの種類が変わったことも理由の一つだと思います。」
 1. そうします 
 2. そのつもりです 
 3. それもあるかもしれません 
 4. それではありません",3,,問題7次の文の（ ）に入れるのに最もよいものを、1. 2. 3. 4から一つ選びなさい。
"この国で、卵、牛乳（　 ）3番目に多い食物アレルギーは、小麦アレルギーだ。
 1. についで 
 2. にそって 
 3. に代わって 
 4. にしたがって",1,,問題7次の文の（ ）に入れるのに最もよいものを、1. 2. 3. 4から一つ選びなさい。
"弟はスケートをするのが初めてだったので何度か転んでいたが、初めてにしては（　 ）上手だった。
 1. ついに 
 2. まさか 
 3. なかなか 
 4. まもなく",3,,問題7次の文の（ ）に入れるのに最もよいものを、1. 2. 3. 4から一つ選びなさい。
"私は漫画ばかり読んでいると思われているようだが、そんなことはない。たまには小説を読むこと（　 ）ある。
 1. なんて 
 2. だって 
 3. のほかにも 
 4. のほうが",2,,問題7次の文の（ ）に入れるのに最もよいものを、1. 2. 3. 4から一つ選びなさい。
"私は、進学するか就職するか迷ったが、家族や先生と何日も（　 ）、進学を選んだ。
 1. 話し合った末に 
 2. 話し合って以来 
 3. 話し合ったきり 
 4. 話し合って初めて",1,,問題7次の文の（ ）に入れるのに最もよいものを、1. 2. 3. 4から一つ選びなさい。
"(会社で)課長「岸さん、A社の木村様が（　 ）、応接室に案内してください。」下「はい、わかりました。」
 1. 参ったら 
 2. 伺ったら 
 3. おありだったら 
 4. おいでになったら",4,,問題7次の文の（ ）に入れるのに最もよいものを、1. 2. 3. 4から一つ選びなさい。
"実家の押し入れを片付けていたら、祖父母の結婚式の写真が出てきた。よくこんな昔の写真が今まで残っていた （　 ）。
 1. わけだ 
 2. ものだ 
 3. だろうか 
 4. のではないか",2,,問題7次の文の（ ）に入れるのに最もよいものを、1. 2. 3. 4から一つ選びなさい。
"今回の戦略が有効であったかどうかは、まだ結果が出ていない現時点では（　 ）。
 1. 判断すべきだ 
 2. 判断しかねる 
 3. 判断したにすぎない 
 4. 判断せざるを得ない",2,,問題7次の文の（ ）に入れるのに最もよいものを、1. 2. 3. 4から一つ選びなさい。
"妻「ねえ、この雑誌のアンケートに答えると、抽選で一人にテレビが当たるんだって。応募してみようよ」 夫「抽選で一人じゃ、（　 ）。」
 1. 当たりますように 
 2. 当たらないくせに 
 3. 当たるといいなあ 
 4. 当たりっこないよ",4,,問題7次の文の（ ）に入れるのに最もよいものを、1. 2. 3. 4から一つ選びなさい。
"どんな人が相手でも厳しく接する森先輩だが、なぜか私（　 ）そうではない。
 1. のためにしか 
 2. のことだけで 
 3. についてしか 
 4. に対してだけは",4,,問題7次の文の（ ）に入れるのに最もよいものを、1. 2. 3. 4から一つ選びなさい。
"自分のアドバイスが相手の人生を大きく変える（　 ）、誰でも慎重になるだろう。
 1. かもしれない一方で 
 2. しかない一方で 
 3. かもしれないとしたら 
 4. しかないとしたら",3,,問題7次の文の（ ）に入れるのに最もよいものを、1. 2. 3. 4から一つ選びなさい。
"近所の図書館によく行くが、人気の本が貸し出し中で読めないことが多いので、もっと数を増やして、たくさんの人 が読める（　 ）。
 1. ようにしてほしい 
 2. ようになりたい 
 3. ようにすることができる 
 4. ようになろうとしている",1,,問題7次の文の（ ）に入れるのに最もよいものを、1. 2. 3. 4から一つ選びなさい。
"(店で) 客 「すみません、この携帯電話を解約したいんですが。」 店員「かしこまりました。差し支えなければ、解約の理由を（　 ）。」
 1. お聞きしませんか 
 2. お聞きになりますか 
 3. お聞きしてもよろしいでしょうか 
 4. お聞きになったらいかがですか",3,,問題7次の文の（ ）に入れるのに最もよいものを、1. 2. 3. 4から一つ選びなさい。
"竹石海水浴場は、約700メートル(      )、美しい砂浜が続いています。
 1. を通じて 
 2. に次いで 
 3. をめぐって 
 4. にわたって",4,,問題7次の文の（ ）に入れるのに最もよいものを、1. 2. 3. 4から一つ選びなさい。
"奨学金の申請希望者は、締め切り日までに必要な書類を学生課奨学金係に直接持参するか、(      )郵送してください。
 1. あるいは 
 2. および 
 3. なお 
 4. すなわち",1,,問題7次の文の（ ）に入れるのに最もよいものを、1. 2. 3. 4から一つ選びなさい。
"妻「ねえ、最近、天気予報、当たらないよね。今日(      )一日晴れるって言ってたのに、午後は雤が降ったし。」
　夫「そうだね。」
 1. くらいでも 
 2. だったり 
 3. だって 
 4. とかで",3,,問題7次の文の（ ）に入れるのに最もよいものを、1. 2. 3. 4から一つ選びなさい。
"私がテニスを教えている中学生が、県大会で初めて優勝した。彼の努力をずっと見てきた(      )、本当にうれしい。
 1. あげく 
 2. 際に 
 3. あまり 
 4. だけに",4,,問題7次の文の（ ）に入れるのに最もよいものを、1. 2. 3. 4から一つ選びなさい。
"(会社で) 山下「田中さん、先ほどABC 建設の木村様からお電話がありました。至急連絡がほしい(       )。」   田中「はい、わかりました。」
 1. までです 
 2. とします 
 3. とのことです 
 4. ことになります",3,,問題7次の文の（ ）に入れるのに最もよいものを、1. 2. 3. 4から一つ選びなさい。
"夫にもらった指輪をなくしてしまった。一週間以上あちこち探しているが見つからない。もう(      )のか。
 1. あきらめるしかない 
 2. あきらめたこともある 
 3. あきらめるはずがない 
 4. あきらめがたい",1,,問題7次の文の（ ）に入れるのに最もよいものを、1. 2. 3. 4から一つ選びなさい。
"先日の勉強会には、社会福祉を専門に研究されている、ABC 大学の石川春子先生に(      )。
 1. 参りました 
 2. お越しいただきました 
 3. おいでくださいました 
 4. いらっしゃいました",2,,問題7次の文の（ ）に入れるのに最もよいものを、1. 2. 3. 4から一つ選びなさい。
"「村山屋」はコロッケが人気のお店で、いつも行列ができている。多いときは一日に千個も売れる(      )驚きだ。
 1. となってでも 
 2. とするには 
 3. とあったほど 
 4. というから",4,,問題7次の文の（ ）に入れるのに最もよいものを、1. 2. 3. 4から一つ選びなさい。
"私は、いつ雨が(      )、常に折り畳み傘を持ち歩いている。
 1. 降ってもいいように 
 2. 降っているとすると 
 3. 降らないせいで 
 4. 降ることがないのに",1,,問題7次の文の（ ）に入れるのに最もよいものを、1. 2. 3. 4から一つ選びなさい。
"(育児の本で) 3歳ぐらいになると、「なぜ? 」「どうして? 」という質問が多くなりますが、(      )きちんと答 えてあげましょう。
 1. めんどうくさくなくて 
 2. めんどうくさくなるのが 
 3. めんどうくさがらずに 
 4. めんどうくさがっていては",3,,問題7次の文の（ ）に入れるのに最もよいものを、1. 2. 3. 4から一つ選びなさい。
"A「ねえ、夏休みの宿題、進んでる? 」
　B 「私はもう全部終わったよ。どうせ(      )、早めにやっちゃおうと思って、夏休みに入ってすぐ始めたんだ。」
 1. やろうとしないわりには 
 2. やらなきゃいけないんなら 
 3. やろうとしないばかりか 
 4. やらなきゃいけないといっても",2,,問題7次の文の（ ）に入れるのに最もよいものを、1. 2. 3. 4から一つ選びなさい。
"現在、A 港周辺では再開発が進んでおり、道路や公園などの公共施設が整備(      )。
 1. させられそうになる 
 2. し始めていく 
 3. させ続ける一方だ 
 4. されつつある",4,,問題7次の文の（ ）に入れるのに最もよいものを、1. 2. 3. 4から一つ選びなさい。
"野党の追及に対し、大臣は満足な回答だできなかったどころか、質問の内容(　　) 理解できていなかった。
 1. すら 
 2. こそ 
 3. のみ 
 4. ほど",1,,問題7次の文の（ ）に入れるのに最もよいものを、1. 2. 3. 4から一つ選びなさい。
"最近 (　　)パソコンの調子がおかしい。この状態が続くようだったら一度修理に出した方がよさそうだ。
 1. ちっとも 
 2. いったい 
 3. どうも 
 4. まさか",3,,問題7次の文の（ ）に入れるのに最もよいものを、1. 2. 3. 4から一つ選びなさい。
"(広告で) 川西ピアノ教室では、初心者、経験者 (　　)、どなたにでも丁寧に指導します。
 1. を通して 
 2. を問わず 
 3. にかけて 
 4. にもかかわらず",2,,問題7次の文の（ ）に入れるのに最もよいものを、1. 2. 3. 4から一つ選びなさい。
"めったに出かけないのに、外出するとき(　　) 大雨になる。
 1. にあたって 
 2. にかぎって 
 3. において 
 4. に際して",2,,問題7次の文の（ ）に入れるのに最もよいものを、1. 2. 3. 4から一つ選びなさい。
"昨夜よく眠れなかった(　　)、体がだるい。
 1. からには 
 2. わけか 
 3. あまりに 
 4. せいか",4,,問題7次の文の（ ）に入れるのに最もよいものを、1. 2. 3. 4から一つ選びなさい。
"初めてこの町を訪れたが、不思議な(　　)、ずっと前からここに住んでいるような気がする。
 1. ことに 
 2. うえに 
 3. くせに 
 4. ものに",1,,問題7次の文の（ ）に入れるのに最もよいものを、1. 2. 3. 4から一つ選びなさい。
"(会社で)

A「じゃ、来週の打ち合せも水曜日でいいですか?」
B「あ、スケジュールを(　　)ちょっとわからないので、あとで連絡します。」
 1. 確認していないと 
 2. 確認してみないと 
 3. 確認しているか 
 4. 確認してみるか",2,,問題7次の文の（ ）に入れるのに最もよいものを、1. 2. 3. 4から一つ選びなさい。
"「一つの仕事を少なくとも三年は(　　)、どこに行っても何もできない」と言われた。
 1. やり続けられなかったら 
 2. やり続けられなくなっても 
 3. やり始められなかったら 
 4. やり始められなくなっても",1,,問題7次の文の（ ）に入れるのに最もよいものを、1. 2. 3. 4から一つ選びなさい。
"仕事でも勉強でも、一度やると決めたら最後まで(　　) ことが大事だと思う。
 1. やり直す 
 2. やりだす 
 3. やり抜く 
 4. やりかける",3,,問題7次の文の（ ）に入れるのに最もよいものを、1. 2. 3. 4から一つ選びなさい。
"(受付で)
 山川「すみません。ABC 社の山川と申しますが、経営部の中西さんをお願いします。」
 受付「申し訳ございません。中西はただいま外出しております。」
山川「え、中西さんご本人から、この時間だったらいらっしゃると(　　)が。」
 1. お聞きになったんです 
 2. 申し上げたんです 
 3. ご存じなんです 
 4. うかがったんです",4,,問題7次の文の（ ）に入れるのに最もよいものを、1. 2. 3. 4から一つ選びなさい。
"職業が決まった会社に「早く働きたい」と話したら、その後連絡が来て、就職する までの間、アルバイトを(　　)。
 1. してあげることになった 
 2. してもらうことにした 
 3. させてあげることにした 
 4. させてもらうことになった",4,,問題7次の文の（ ）に入れるのに最もよいものを、1. 2. 3. 4から一つ選びなさい。
"A「先輩に食事に誘われちゃって。どうしよう。行きたくないなあ。」
 B「どうして悩むの?嫌なら(　　) ?」
A「そうなんだけど、先輩だし、断りにくくない?」
 1. 断ればいいだけなの 
 2. 断りたいだけなの 
 3. 断ればいいだけでしょう 
 4. 断りたいだけでしょう",3,,問題7次の文の（ ）に入れるのに最もよいものを、1. 2. 3. 4から一つ選びなさい。
"このレストランは、 客の予算(  )いくつかのコースを用意してくれる。
 1. に比べて 
 2. に先立って 
 3. に応じて 
 4. に向けて",3,,問題7次の文の（ ）に入れるのに最もよいものを、1. 2. 3. 4から一つ選びなさい。
"学校に来る(  )財布を忘れたのに気づいた。
 1. とちゅうで 
 2. ついでに 
 3. なかで 
 4. うちに",1,,問題7次の文の（ ）に入れるのに最もよいものを、1. 2. 3. 4から一つ選びなさい。
"踏切事故のために、 2時間 (  )、電車がストップしました。
 1. につき 
 2. につれ 
 3. にわたり 
 4. にともない",3,,問題7次の文の（ ）に入れるのに最もよいものを、1. 2. 3. 4から一つ選びなさい。
"一回失敗したくらいで、(  )そこまで悪く言わなくてもいいだろう。
 1. なにを 
 2. なにが 
 3. なにも 
 4. なにで",3,,問題7次の文の（ ）に入れるのに最もよいものを、1. 2. 3. 4から一つ選びなさい。
"田中選手は前大会に続いて、今大会でも優勝を果たした。 彼の今後の活躍に周囲の期待は高まる(  )。
 1. 中心だ 
 2. 事情だ 
 3. 原因だ 
 4. 一方だ",4,,問題7次の文の（ ）に入れるのに最もよいものを、1. 2. 3. 4から一つ選びなさい。
"これだけ景気が悪いのに、税金を上げようとするのは、わたしたち国民には理解(  )。
 1. しすぎる 
 2. しがたい 
 3. しかねない 
 4. しがちだ",2,,問題7次の文の（ ）に入れるのに最もよいものを、1. 2. 3. 4から一つ選びなさい。
"(メールで)

田中です。先日お話があったスピーチの件なんですが、 ぜひわたしに(  )。
 1. やっていただけないでしょうか 
 2. やらせていただけないでしょうか 
 3. やってもよろしいでしょうか 
 4. やらせてもよろしいでしょうか",2,,問題7次の文の（ ）に入れるのに最もよいものを、1. 2. 3. 4から一つ選びなさい。
"山下: 「田中君、 きみ、 また大阪に出張なんだって?」

田中: 「ええ、そうなんですよ。 ついこの前も出張に ( )なんですけどねえ。」
 1. 行かれたまま 
 2. 行かされたまま 
 3. 行かれたばかり 
 4. 行かされたばかり",4,,問題7次の文の（ ）に入れるのに最もよいものを、1. 2. 3. 4から一つ選びなさい。
"仕事の合間にときどき遠くを見る (  )、目が疲れにくくなった。
 1. ようにしたところに 
 2. ようにしたところ 
 3. までになったところに 
 4. までになったところ",2,,問題7次の文の（ ）に入れるのに最もよいものを、1. 2. 3. 4から一つ選びなさい。
"人間の脳に関する研究で明らかになったことはまだほんの一部( )、その研究は着実に進んできた。
 1. にすぎないとすると 
 2. にかかわらないとすると 
 3. にすぎないとはいえ 
 4. にかかわらないとはいえ",3,,問題7次の文の（ ）に入れるのに最もよいものを、1. 2. 3. 4から一つ選びなさい。
"会議の目的は新商品のアイディアを自由に出し合う( )が、結局、上司に意見が優先されて終わった。
 1. ことにあったはずだ 
 2. ことにあったためだ 
 3. のにあったはずだ 
 4. のにあったためだ",1,,問題7次の文の（ ）に入れるのに最もよいものを、1. 2. 3. 4から一つ選びなさい。
"残業が続いて体を壊したときに、 自分の人生は (  )と思って、 転職を決めた。
 1. このままならいいのではないか 
 2. このままがいいのではないか 
 3. このままよりいいのだろうか 
 4. このままでいいのだろうか",4,,問題7次の文の（ ）に入れるのに最もよいものを、1. 2. 3. 4から一つ選びなさい。
"A 「もう無理だよ、私には5キロなんて走れないよ。」B「まだ500メートルだよ。なんでそうやってすぐ、もうだめ（  ）言うの。」
 1. を 
 2. は 
 3. とか 
 4. とは",3,,問題7次の文の（ ）に入れるのに最もよいものを、1. 2. 3. 4から一つ選びなさい。
"あれこれ悩んだ（  ）、ABC 大学を志望校に決めた。
 1. さきに 
 2. すえに 
 3. ところに 
 4. とおりに",2,,問題7次の文の（ ）に入れるのに最もよいものを、1. 2. 3. 4から一つ選びなさい。
"プリンターの調子が悪くなり、製造会社に電話で問い合わせたら、向こうの担当者に、あれこれ質問に答え（  ）あげく、対応できないと言われた。
 1. させた 
 2. させられる 
 3. させる 
 4. させられた",4,,問題7次の文の（ ）に入れるのに最もよいものを、1. 2. 3. 4から一つ選びなさい。
"面倒だが、やはりこの仕事は断れない。引き受ける（  ）。
 1. までもあるまい 
 2. こともない 
 3. はずもない 
 4. しかあるまい",4,,問題7次の文の（ ）に入れるのに最もよいものを、1. 2. 3. 4から一つ選びなさい。
"山田監督の、「私、山田は、50年ぶりにふるさとに戻って（  ）。」というあいさつはくしゅに、会場からは大きな拍手が起こった。
 1. まいりました 
 2. いらっしゃいました 
 3. うかがいました 
 4. おいでになりました",1,,問題7次の文の（ ）に入れるのに最もよいものを、1. 2. 3. 4から一つ選びなさい。
"彼女の絵は、国内より（  ）海外での評価が高い。
 1. まさか 
 2. たとえ 
 3. むしろ 
 4. かりに",3,,問題7次の文の（ ）に入れるのに最もよいものを、1. 2. 3. 4から一つ選びなさい。
"今年も卒業生を送り出した。次に会うときには、彼らも立派な大人に（  ）。
 1. なるだろう 
 2. なっただろう 
 3. なっているだろう 
 4. なっていただろう",3,,問題7次の文の（ ）に入れるのに最もよいものを、1. 2. 3. 4から一つ選びなさい。
"毎日（  ）どちらでもいいことばかりを日記に書いているのだが、それがストレス解消になっている。
 1. 書くとも書かないとも 
 2. 書いたか書かなかったか 
 3. 書いても書かなくても 
 4. 書くとか書かないとか",3,,問題7次の文の（ ）に入れるのに最もよいものを、1. 2. 3. 4から一つ選びなさい。
"顔を洗うときには、せっけんを（  ）、さっと洗うのが肌にはよい。
 1. 使いすぎずに 
 2. 使うにすぎず 
 3. 使うにすぎなく 
 4. 使いすぎもなくて",1,,問題7次の文の（ ）に入れるのに最もよいものを、1. 2. 3. 4から一つ選びなさい。
"留学するまで、私は自分が見ている世界がすべてだと思っていた。実はそれが世界のほんの小さな一部分（  ）気付いていなかった。
 1. でないことにしか 
 2. でしかないことに 
 3. にないことでしか 
 4. にしかないことで",2,,問題7次の文の（ ）に入れるのに最もよいものを、1. 2. 3. 4から一つ選びなさい。
"(会社で）　A「あれ？あそこにいるの、山田さんかな。」 　B「山田さんは出張中だよ。今ここに（  ）。」
 1. いないわけじゃないよ 
 2. いるわけないじゃない 
 3. いたわけじゃないよ 
 4. いなかったわけじゃない",2,,問題7次の文の（ ）に入れるのに最もよいものを、1. 2. 3. 4から一つ選びなさい。
"A 「このタレント、最近よくテレビで見るね。」　B「ほんと。この人を見ない日はない（  ）よね。」
 1. と言ってもいいぐらいだ 
 2. と言ったらいいだけだ 
 3. と言ってもいいからだ 
 4. と言ったらいいことだ",1,,問題7次の文の（ ）に入れるのに最もよいものを、1. 2. 3. 4から一つ選びなさい。
"南極の氷を調べること( )数十万年前の地球の気候を知ることができるそうだ。
 1. によって 
 2. にとって 
 3. に関して 
 4. に対して",1,,問題7次の文の（ ）に入れるのに最もよいものを、1. 2. 3. 4から一つ選びなさい。
"この曲は、私には難しすぎて ( )弾けそうにない。
 1. だんだん 
 2. 今にも 
 3. 必ず 
 4. とても",4,,問題7次の文の（ ）に入れるのに最もよいものを、1. 2. 3. 4から一つ選びなさい。
"入社試験の面接で、緊張の( )、声が震えてしまった。
 1. わけで 
 2. あまり 
 3. ことに 
 4. 中を",2,,問題7次の文の（ ）に入れるのに最もよいものを、1. 2. 3. 4から一つ選びなさい。
"森川動物園は、森川駅からバスで30分( )行ったところにある。
 1. など 
 2. などに 
 3. ほど 
 4. ほどに",3,,問題7次の文の（ ）に入れるのに最もよいものを、1. 2. 3. 4から一つ選びなさい。
"(メールで)

4月20日に新入生歓迎会を聞きますので、ぜひご参加ください。なお、場所は( )、お知らせします。
 1. 決まったおかげで 
 2. 決まり次第 
 3. 決まって以来 
 4. 決まる一方で",2,,問題7次の文の（ ）に入れるのに最もよいものを、1. 2. 3. 4から一つ選びなさい。
"この地域のみかんの生産量は、2000年から2003年にかけて一時減少した()、再び増加し、 2010年には過去最高となった。
 1. として 
 2. のかどうか 
 3. からには 
 4. ものの",4,,問題7次の文の（ ）に入れるのに最もよいものを、1. 2. 3. 4から一つ選びなさい。
"(育児書で)

赤ちゃんの熱が少しあると心配になるかもしれませんが、熱が多少あっても、元気に遊んでいるなら、( )。
 1. 慌てることはありません 
 2. 慌てざるを得ません 
 3. 慌てずにはいられません 
 4. 慌てるに違いありません",1,,問題7次の文の（ ）に入れるのに最もよいものを、1. 2. 3. 4から一つ選びなさい。
"(就職説明会で)

「就職活動とは、企業に応募することです。この企業で働きたいと思っていても、応募( )、何も進みませ ん。まずは応募しましょう。」
 1. してみるより 
 2. できるといいし 
 3. しないことには 
 4. するのではなく",3,,問題7次の文の（ ）に入れるのに最もよいものを、1. 2. 3. 4から一つ選びなさい。
"先月、エアコンを( )使っていたら、電気代が2万円を超えてしまった。
 1. 使いすぎて 
 2. 使ったまま 
 3. 使いたいだけ 
 4. 使いつづけたり",3,,問題7次の文の（ ）に入れるのに最もよいものを、1. 2. 3. 4から一つ選びなさい。
"山川:「ごめんね。田村さんに借りたCD、今日返そうと思っていたのに、持ってくるの忘れちゃった。」
田村:「ああ、別に急がないから、次に会うときに( ) 。 J
 1. 持ってきてくれるはずだ 
 2. 持ってきてあげるつもりだ 
 3. 持ってきてくれればいい 
 4. 持ってきてあげたほうがいい",3,,問題7次の文の（ ）に入れるのに最もよいものを、1. 2. 3. 4から一つ選びなさい。
"まだ読んでいない本が10冊もあるから、しばらく本は( )と決めていたのに、面白そうな本を見つけて、つ い買ってしまった。
 1. 買うべきじゃなかった。 
 2. 買わないでいたんだ 
 3. 買っていないだろう 
 4. 買わずにおこう",4,,問題7次の文の（ ）に入れるのに最もよいものを、1. 2. 3. 4から一つ選びなさい。
"昨日、天気がよかったので公園に出かけた。春の日ざしが暖かく、風が気持ちよくて、ベンチに座っていると、つい( )。
 1. 眠そうだった。 
 2. 眠ってしまいそうになった 
 3. 眠そうにしていた 
 4. 眠っていそうだった",2,,問題7次の文の（ ）に入れるのに最もよいものを、1. 2. 3. 4から一つ選びなさい。
"私の職場では、節電のため、廊下の蛍光灯を一つ( )外している。
 1. に対し 
 2. ぶりに 
 3. につき 
 4. おきに",4,,問題7次の文の（ ）に入れるのに最もよいものを、1. 2. 3. 4から一つ選びなさい。
"時間のある学生時代に、もっと本を読んだり、海外旅行に行ったりしておけばよかった。あのころに戻れる( )戻りたい。
 1. かわりに 
 2. とすると 
 3. ものなら 
 4. にしたって",3,,問題7次の文の（ ）に入れるのに最もよいものを、1. 2. 3. 4から一つ選びなさい。
"転校する友人からの手紙に、「たとえ遠くて( )、私たちの友情は変わらない」と書いてあった。
 1. 離れても 
 2. 離れなくて 
 3. 離れるけれど 
 4. 離れなければ",1,,問題7次の文の（ ）に入れるのに最もよいものを、1. 2. 3. 4から一つ選びなさい。
"祖母は、留学中の私のことが( )らしい。
 1. 心配どおり 
 2. 心配でならない 
 3. 心配すべき 
 4. 心配してもしかたない",2,,問題7次の文の（ ）に入れるのに最もよいものを、1. 2. 3. 4から一つ選びなさい。
"発達する低気圧の影響で、明日の夕方から夜にかけて、激しい雨が( )。
 1. 降りがちだ 
 2. 降りつつある 
 3. 降ってばかりだ 
 4. 降るおそれがある",4,,問題7次の文の（ ）に入れるのに最もよいものを、1. 2. 3. 4から一つ選びなさい。
"(おもちゃ屋で)
 店員:「お客様、何か( )、ご案内いたしますが。」
客:「あ、孫に頼まれたゲームソフトを探しているんです。」
 1. お探しでしたら 
 2. 探してくださいましたら 
 3. お探ししましたら 
 4. 探させていただきましたら",1,,問題7次の文の（ ）に入れるのに最もよいものを、1. 2. 3. 4から一つ選びなさい。
"A:「ねえねえ、夏休みのキャンプ、楽しみだね。」
 B:「うん。早く夏休みに( )。」
 1. なるかな 
 2. ならないかな 
 3. なるんだね 
 4. ならないんだね",2,,問題7次の文の（ ）に入れるのに最もよいものを、1. 2. 3. 4から一つ選びなさい。
"課長:「田中さん、さっき頼んだ書類の整理ですけど、今週は出張もあって忙しいでしょうし、特に急ぎじゃないので、来週( ) お願いします。」
田中:「はい、わかりました。」
 1. になら 
 2. にでも 
 3. でなら 
 4. ででも",2,,問題7次の文の（ ）に入れるのに最もよいものを、1. 2. 3. 4から一つ選びなさい。
"この辺りは、春はお花見、夏は川遊び、秋は紅葉、冬はスキー( ) 、1年中自然を楽しむことができます。
 1. のことかとれ 
 2. かのように 
 3. ということと 
 4. というように",4,,問題7次の文の（ ）に入れるのに最もよいものを、1. 2. 3. 4から一つ選びなさい。
"きれいな鳥がいたので写真を撮りたかったが、かばんからカメラを( )飛んでいってしまった。
 1. 取り出そうとしたまま 
 2. 取り出すようにしたまま 
 3. 取り出そうとしているうちに 
 4. 取り出すようにしているうちに",3,,問題7次の文の（ ）に入れるのに最もよいものを、1. 2. 3. 4から一つ選びなさい。
"妹:「ねえ、ベランダに干しておいた私のTシャツがないんだけど、知らない?」
姉「そうなの?今日、風強かったから、飛ばされて外に( )?」
 1. 落ちちゃったんだって 
 2. 落ちちゃったんじゃない 
 3. 落としちゃったんだって 
 4. 落としちゃったんじゃない",2,,問題7次の文の（ ）に入れるのに最もよいものを、1. 2. 3. 4から一つ選びなさい。
"情報化や国際化が進む現代において、学校の教育がこれまでと()。コンピュータなどの新しい教育内容が取り 入れられるのも当然の流れだと思う。
 1. 同じでいいはずがない 
 2. 同じというだけではない 
 3. 同じならいいに違いない 
 4. 同じにならないことはない",1,,問題7次の文の（ ）に入れるのに最もよいものを、1. 2. 3. 4から一つ選びなさい。
"この小説は、物語が進む （ ）主人公の少年の心理が変化していくのが面白い。
 1. としても 
 2. とはいえ 
 3. につれて 
 4. にあたって",3,,問題7次の文の（ ）に入れるのに最もよいものを、1. 2. 3. 4から一つ選びなさい。
"昨日行ったレストランは、味もサービスも最低だった。 （ ）行きたくない。
 1. 二度と 
 2. 必ずしも 
 3. まさか 
 4. あまりに",1,,問題7次の文の（ ）に入れるのに最もよいものを、1. 2. 3. 4から一つ選びなさい。
"今回のオリンピックで、体操の青木選手は、メダルは獲得できなかった（ ） 、素晴らしい演技も見せてくれた。
 1. からといいて 
 2. どころか 
 3. あげくに 
 4. ものの",4,,問題7次の文の（ ）に入れるのに最もよいものを、1. 2. 3. 4から一つ選びなさい。
"６０代の父が、趣味(  )何歳から始めても遅くないだろうと言って、最近ピアノ教室にか通い始めた
 1. としてだけ 
 2. としてなら 
 3. にとっては 
 4. にとっても",2,,問題7次の文の（ ）に入れるのに最もよいものを、1. 2. 3. 4から一つ選びなさい。
"約束の時間に友人の家に着いてインターホンを押すと、慌てた様子で友人が玄関に出てきた。 （ ）、パジャマの姿のままだった。
 1. 起きるところだったら 
 2. 起きるところらしく 
 3. 起きたばかりだったら 
 4. 起きたばかりらしく",4,,問題7次の文の（ ）に入れるのに最もよいものを、1. 2. 3. 4から一つ選びなさい。
"「リマインド」とは「再確認」の意味を持ち、「会議の日程が近づいてきたので、出席者にリマインドした。」（ ）使用されるビジネス用語である。
 1. というように 
 2. というような 
 3. ということのように 
 4. ということのような",1,,問題7次の文の（ ）に入れるのに最もよいものを、1. 2. 3. 4から一つ選びなさい。
"学校や病院では定期的に避難訓練が行われている。避難訓練を（ ）、火災などがあったときに落ち着いて行動できるからだ。
 1. しておくには 
 2. しているとしても 
 3. しておくことで 
 4. しているかという",3,,問題7次の文の（ ）に入れるのに最もよいものを、1. 2. 3. 4から一つ選びなさい。
"明日、友達と映画を見に行くことになった。映画館で映画を見るのは、大学の時以来だから、約５年( )だ。
 1. まで 
 2. など 
 3. きり 
 4. ぶり",4,,問題7次の文の（ ）に入れるのに最もよいものを、1. 2. 3. 4から一つ選びなさい。
"睡眠には、体や脳にたまった疲労をとる効果がある。睡眠時間を削ることは、体や脳を回復させる大切な機会を奪うことに（ ）のだ 。
 1. ほかならない 
 2. 欠かせない 
 3. すぎない 
 4. 限らない",1,,問題7次の文の（ ）に入れるのに最もよいものを、1. 2. 3. 4から一つ選びなさい。
"（会社で）
木村： 「山下さん、先ほどさくら銀行の南さんからお電話がありまして。今日中に連絡してほしい（ ）。
 山下： 「はい、わかりました」
 1. ことになりました 
 2. とのことでした 
 3. と助かるのですが 
 4. ようにしてください",2,,問題7次の文の（ ）に入れるのに最もよいものを、1. 2. 3. 4から一つ選びなさい。
"駅前に新しくできたカフェに友達を誘って行ってみたら、定休日だった。事前に確認しておく（ ） 。
 1. しかなかった 
 2. ほどではなかった 
 3. べきだった 
 4. せいだった",3,,問題7次の文の（ ）に入れるのに最もよいものを、1. 2. 3. 4から一つ選びなさい。
"（インタビューで）
選手: 「今回優勝できたのは、多くの方に（ ）。本当にありがとうございました。」
 1. 応援してくださったおかげです 
 2. 応援していただいたおかげです 
 3. 応援してくださったことだと思います 
 4. 応援していただいたことだと思います",2,,問題7次の文の（ ）に入れるのに最もよいものを、1. 2. 3. 4から一つ選びなさい。
"卓球クラブの山谷さんは大きな大会で何度も優勝しているのに「私(　　)まだまだですよ」といつも言っている。
 1. まで 
 2. さえ 
 3. ばかり 
 4. なんか",4,,問題7次の文の（ ）に入れるのに最もよいものを、1. 2. 3. 4から一つ選びなさい。
"携帯電話を一人一台持つのは当たり前と言われる現代で、私のように携帯電話なしで生活している人は(　　)いるのだろうか。
 1. どうも 
 2. どれほど 
 3. どうしても 
 4. どんなに",2,,問題7次の文の（ ）に入れるのに最もよいものを、1. 2. 3. 4から一つ選びなさい。
"花山市では、きゅうりやトマト なす (　　) 夏の野菜が多く生産されている。
 1. とする 
 2. に関する 
 3. といった 
 4. にそった",3,,問題7次の文の（ ）に入れるのに最もよいものを、1. 2. 3. 4から一つ選びなさい。
"彼とは数年前に先輩の結婚式で(　　)、 ずっと会っていなかった  。
 1. 会ったきりだ 
 2. 会ったばかりか 
 3. 会っただけに 
 4. 合ったところ",1,,問題7次の文の（ ）に入れるのに最もよいものを、1. 2. 3. 4から一つ選びなさい。
"家の近所に子供向けのダンススクールができるらしい。 オープンしたら、娘を体験レッスンに(　　)と話している。
 1. 参加してみようか 
 2. 参加させてみようか 
 3. 参加してみてよかった 
 4. 参加させてみてよかった",2,,問題7次の文の（ ）に入れるのに最もよいものを、1. 2. 3. 4から一つ選びなさい。
"(カメラ屋で)

客:「カメラを海に落としてしまって、 電源が入らないんです。 中に水が入ってしまったようなのですが...」。

店員:「海水が入った(　　)、修理は難しいかもしれませんが、一応見てみますね」
 1. のであれば 
 2. ことであれば 
 3. のであって 
 4. ことであって",1,,問題7次の文の（ ）に入れるのに最もよいものを、1. 2. 3. 4から一つ選びなさい。
"母:「引っ越しまでまだ時間はあるけど、 直前になってあわてないように(　　)。 荷物の整理も進めておきなさい。」

息子:「うん、分かった。」
 1. しだけでいいのに 
 2. 少しだけならよくでも 
 3. 少しずつやっておこう 
 4. 少しずつならよくて",3,,問題7次の文の（ ）に入れるのに最もよいものを、1. 2. 3. 4から一つ選びなさい。
"1896年の第１回オリンピックに参加した国と地域の数は 14だったが、 2004年には
200を超える(　　)。
 1. べきだった 
 2. つもりだった 
 3. ほかなかった 
 4. までになった",4,,問題7次の文の（ ）に入れるのに最もよいものを、1. 2. 3. 4から一つ選びなさい。
"チームでの仕事をスムーズに進めるには、メンバー同士の十分なコミュニケーション(　　)。
 1. にすぎない 
 2. が欠かせない 
 3. のおかげだ 
 4. とのことだ",2,,問題7次の文の（ ）に入れるのに最もよいものを、1. 2. 3. 4から一つ選びなさい。
"昨日、新しいできた遊地に行った。 電車より車のほうが早いだろうと思って車で行ったら、ひどい渋滞でかえって時間がかかってしまった。 やはり電車で(　　)。
 1. 行けばよかった 
 2. 行くはずだった 
 3. 行かなくて済んだ 
 4. 行きたくてしかたがなかった",1,,問題7次の文の（ ）に入れるのに最もよいものを、1. 2. 3. 4から一つ選びなさい。
"駅前に新しくできたカフェに友達を誘って行ってみたら、 定休日だった。事前に確認しておく(　　)。
 1. しかなかった 
 2. ほどではなかった 
 3. べきだった 
 4. せいだった",3,,問題7次の文の（ ）に入れるのに最もよいものを、1. 2. 3. 4から一つ選びなさい。
"(電話で)

A「お電話ありがとうございます。 建設営業課でございます」

B 「高橋さんはいらっしゃいますか。」

A 「失礼ですが、お名前を(　　)。」
 1. 伺ったらいかがでしょうか 
 2. 伺ってもよろしいでしょうか 
 3. お伝えしたらいかがでしょうか 
 4. お伝えしてもよろしいでしょうか",2,,問題7次の文の（ ）に入れるのに最もよいものを、1. 2. 3. 4から一つ選びなさい。
"南市は、 市民ホールを建設する(　　)、 周辺の住民に対して説明会を行う予定だ。
 1. とすると 
 2. にあたって 
 3. ものなら 
 4. わりには",2,,問題7次の文の（ ）に入れるのに最もよいものを、1. 2. 3. 4から一つ選びなさい。
"彼女は、 まだ小学生(　　)、すでに数々の国際的なピアノコンクールで優勝している。
 1. こそ 
 2. すら 
 3. ながらも 
 4. どころか",3,,問題7次の文の（ ）に入れるのに最もよいものを、1. 2. 3. 4から一つ選びなさい。
"仕事ができると言われる人は、そうでない人と比べて(　　)何が違うのだろうか。
 1. いったい 
 2. おそらく 
 3. かえって 
 4. どうしても",1,,問題7次の文の（ ）に入れるのに最もよいものを、1. 2. 3. 4から一つ選びなさい。
"(旅館で)
旅館の人: 「いらっしゃいませ。 本日は森川旅館に(　　)、ありがとうございます。」
 1. 伺いまして 
 2. お越しになり 
 3. 参りまして 
 4. おいでくださり",4,,問題7次の文の（ ）に入れるのに最もよいものを、1. 2. 3. 4から一つ選びなさい。
"父は、 健康のことを考えてなるべく(　　)、会社から家まで1時間かけて歩いて帰って来ることもある。
 1. 歩こうとしそうで 
 2. 歩こうとすることで 
 3. 歩くようにしているらしい 
 4. 歩くようにしていた",3,,問題7次の文の（ ）に入れるのに最もよいものを、1. 2. 3. 4から一つ選びなさい。
"図書館で本を借りたのだが、 最後まで(　　)返却期限が来そうだ。
 1. 読み終わるより 
 2. 読み終わらないうちに 
 3. 読んでしまうまで 
 4. 読んでしまわなければ",2,,問題7次の文の（ ）に入れるのに最もよいものを、1. 2. 3. 4から一つ選びなさい。
"最近成績が伸びないのて、このままの勉強方法(　　)先生に相談してみた。
 1. でいいことを 
 2. ならいいことを 
 3. でいいのかどうか 
 4. ならいいのかどうか",3,,問題7次の文の（ ）に入れるのに最もよいものを、1. 2. 3. 4から一つ選びなさい。
"環境問題への意識が世界的に高まってきており、 メーカー間の電気自動車の開発競争は激しくなる(　　)。
 1. 一方だ 
 2. 次第だ 
 3. ほどだ 
 4. べきだ",1,,問題7次の文の（ ）に入れるのに最もよいものを、1. 2. 3. 4から一つ選びなさい。
"週末、 山に登った。 とても暑い日だったが、頂上の近くは気温が低くて寒い(　　)。
 1. とよかった 
 2. に違いなかった 
 3. かのようだった 
 4. くらいだった",4,,問題7次の文の（ ）に入れるのに最もよいものを、1. 2. 3. 4から一つ選びなさい。
"満員電車に乗るのは嫌だが、ほかに手段がないので、(　　)。
 1. 乗るものではない 
 2. 乗りようがない 
 3. 乗らないわけにはいかない 
 4. 乗らなくてもかまわない",3,,問題7次の文の（ ）に入れるのに最もよいものを、1. 2. 3. 4から一つ選びなさい。
"(テレビ番組で)

司会：「薬はどうして水以外の飲み物で飲んではいけないんでしょうか。」

医者： 「それは、お茶やジュースで飲むと薬の効きめに影響が出る(　　)。」
 1. ことがあるためです 
 2. ことにするためです 
 3. ことがあるはずです 
 4. ことにするはずです",1,,問題7次の文の（ ）に入れるのに最もよいものを、1. 2. 3. 4から一つ選びなさい。
"私は猫アレルギーで、 猫に触ると体がかゆくなってしまうのだか、猫は好きなので見るとつい(　　)。
 1. 触ってみたがっている 
 2. 触ってみたくなってしまう 
 3. 触ってみてほしがっている 
 4. 触ってみてほしくなってしまう",2,,問題7次の文の（ ）に入れるのに最もよいものを、1. 2. 3. 4から一つ選びなさい。
"休日は混雑が予想されますので、お電話でご予約の( )、ご来店ください。
 1. あげく 
 2. あまり 
 3. うえ 
 4. ほう",3,,問題7次の文の（ ）に入れるのに最もよいものを、1. 2. 3. 4から一つ選びなさい。
"新作映画について中田一郎監督は、「現実的で ( )ながらも、詩的な雰囲気を失わないよう意識した。」と語る。
 1. あり 
 2. ある 
 3. なり 
 4. なる",1,,問題7次の文の（ ）に入れるのに最もよいものを、1. 2. 3. 4から一つ選びなさい。
"A 「これまでありがとう。 あなたに会えて本当によかった。 元気でね。」
B 「そんな、 もう一生会えない ( )言うのはやめてよ。」
 1. らしく 
 2. みたいに 
 3. らしいって 
 4. みたいって",2,,問題7次の文の（ ）に入れるのに最もよいものを、1. 2. 3. 4から一つ選びなさい。
"A 「昨日、サッカーの試合見に行ったんでしょ?どうだった?」

B 「それが、ミスの連続でね・・・・・。( )プロの試合とは思えない内容だったよ。」
 1. なんて 
 2. 仮に 
 3. とても 
 4. 二度と",3,,問題7次の文の（ ）に入れるのに最もよいものを、1. 2. 3. 4から一つ選びなさい。
"現在、 建設作業はスムーズに進んでいるが、 必ずしも最初から順調だった( )。
 1. に限らない 
 2. 必要はない 
 3. にちがいない 
 4. わけではない",4,,問題7次の文の（ ）に入れるのに最もよいものを、1. 2. 3. 4から一つ選びなさい。
"( カメラ店で)
客 「このカメラ直りますか。」

店員 「うん、こんなにひどく壊れていると、( )ですね。」
 1. 直しかねない 
 2. 直しようがない 
 3. 直してはならない 
 4. 直してもかまわない",2,,問題7次の文の（ ）に入れるのに最もよいものを、1. 2. 3. 4から一つ選びなさい。
"「このたびは、私どもの商品発送ミスにより、お客様に大変ご迷惑をおかけしましたことを深く( )。申し訳ございませんでした。」
 1. おわび申し上げます 
 2. おわびいただきます 
 3. わびていただきます 
 4. わびていらっしゃいます",1,,問題7次の文の（ ）に入れるのに最もよいものを、1. 2. 3. 4から一つ選びなさい。
"相手のためと思ってしたことが、実はその人にとって迷惑になっては( )。
 1. いないでしょうか 
 2. おかないでしょう 
 3. こないでしょう 
 4. みないでしょうか",1,,問題7次の文の（ ）に入れるのに最もよいものを、1. 2. 3. 4から一つ選びなさい。
"これは 「あお湖」の写真です。 この湖は、季節によってさまざまな景色を水面に映して私たちの目を ( )。
 1. 楽しんでくれます 
 2. 楽しんでもらいます 
 3. 楽しませてくれます 
 4. 楽しませてもらいます",3,,問題7次の文の（ ）に入れるのに最もよいものを、1. 2. 3. 4から一つ選びなさい。
"わたしの気持ちは、きっとあなたにはわからないだろうし、 あなたに( )。
 1. わかりたくもない 
 2. わかってほしくもない 
 3. わかりたくはないだろう 
 4. わかってほしくはないだろう",2,,問題7次の文の（ ）に入れるのに最もよいものを、1. 2. 3. 4から一つ選びなさい。
"さっきご飯を食べた( )、もうおなかがすいてきた。
 1. すぐのことだが 
 2. ばかりのことだが 
 3. すぐだというのに 
 4. ばかりだというのに",4,,問題7次の文の（ ）に入れるのに最もよいものを、1. 2. 3. 4から一つ選びなさい。
"大学を決めるときは、 自分が本当にその大学に( )、じっくり考えることが重要です。
 1. 行こうかどうか 
 2. 行きたいというのは 
 3. 行こうというのは 
 4. 行きたいのかどうか",4,,問題7次の文の（ ）に入れるのに最もよいものを、1. 2. 3. 4から一つ選びなさい。
"33 この花は、毎日水をやる必要はありません。大体2日 (　　) やってください。
 1. おきに 
 2. ぶりに 
 3. うちに 
 4. たびに",1,,問題7次の文の（ ）に入れるのに最もよいものを、1. 2. 3. 4から一つ選びなさい。
"34 ジョギングは健康にいいが、正しく行わないと、(　　)ひざや腰を痛めてしまう場合もある。
 1. かりに 
 2. せっかく 
 3. いまにも 
 4. かえって",4,,問題7次の文の（ ）に入れるのに最もよいものを、1. 2. 3. 4から一つ選びなさい。
"駅前のパン屋の主人は、商売はあまり上手ではないが、おいしいパンを作ること (　　) 一流の技術を持っている。
 1. によっては 
 2. を前にして 
 3. にかけては 
 4. を基にして",3,,問題7次の文の（ ）に入れるのに最もよいものを、1. 2. 3. 4から一つ選びなさい。
"ABC美術館はとても広くて、たった3時間では全部の作品を(　　)。
 1. 見たきりだった 
 2. 見きれなかった 
 3. 見ないで済んだ 
 4. 見ないでもなかった",2,,問題7次の文の（ ）に入れるのに最もよいものを、1. 2. 3. 4から一つ選びなさい。
"夫は何でも捨てないで取っておくので、家の中は物が増える(　　)。
 1. ためだ 
 2. ほどだ 
 3. 一方だ 
 4. 最中だ",3,,問題7次の文の（ ）に入れるのに最もよいものを、1. 2. 3. 4から一つ選びなさい。
"パソコンの画面が映らなくなってしまった。いろいろ試してみたがうまくいかず、もう自分ではどうしようもないので、修理に(　　)。
 1. 出しがちだ 
 2. 出すほかない 
 3. 出したおかげだ 
 4. 出すことがある",2,,問題7次の文の（ ）に入れるのに最もよいものを、1. 2. 3. 4から一つ選びなさい。
"テニスコートの入り口の看板に「コート内では必ずテニスシューズを履く(　　)。」と書いてあるのに、守らない人がいるので困る。
 1. こと 
 2. はず 
 3. など 
 4. のみ",1,,問題7次の文の（ ）に入れるのに最もよいものを、1. 2. 3. 4から一つ選びなさい。
"A「最近、いつも眠そうだね。毎晩、寝るの遅いの?」B「うん。早く(　　)思ってるんだけど。」
 1. 寝なきゃって 
 2. 寝ちゃったと 
 3. 寝たいのは 
 4. 寝られないとか",1,,問題7次の文の（ ）に入れるのに最もよいものを、1. 2. 3. 4から一つ選びなさい。
"私は歯医者が苦手だ。歯の痛みがひどいときには行くが、少し(　　)我慢してしまう。
 1. 痛くなる前に 
 2. 痛そうなときは 
 3. 痛いぐらいなら 
 4. 痛くないのだから",3,,問題7次の文の（ ）に入れるのに最もよいものを、1. 2. 3. 4から一つ選びなさい。
"私が風邪で学校を休んだ日、心配して電話をかけて(　　)友達がたくさんいて、うれしかった。
 1. きてくれた 
 2. きてあげた 
 3. みることができた 
 4. みることにした",1,,問題7次の文の（ ）に入れるのに最もよいものを、1. 2. 3. 4から一つ選びなさい。
"A『最近、天気悪いよね。明日は晴れるかなあ。」 B「いや、予報だと、今週は晴れる日が (　　)。 A「じゃあ、明日も天気悪いのかあ。」
 1. 一日もないからだよ 
 2. -日もないみたいだよ 
 3. 一日じゃないからだよ 
 4. 一日じゃないみたいだよ",2,,問題7次の文の（ ）に入れるのに最もよいものを、1. 2. 3. 4から一つ選びなさい。
"彼からよく相談を受けるが、何に困っているのかわからないことが多い。私にどういう アドバイスを(　　)
 1. してもいいようだ。 
 2. したがるのだろうか 
 3. したほうがいいようだ 
 4. してほしいのだろうか",4,,問題7次の文の（ ）に入れるのに最もよいものを、1. 2. 3. 4から一つ選びなさい。
"卒業論文がなかなか書けなくて、一時は（ ）かけたが、何とか今日無事に提出することができた。
 1. あきらめ 
 2. あきらめて 
 3. あきらめる 
 4. あきらめた",1,,問題7次の文の（ ）に入れるのに最もよいものを、1. 2. 3. 4から一つ選びなさい。
"子どものころ、母（ ）作ったハンバーグが大好きで、よく作ってもらった。
 1. の 
 2. との 
 3. によって 
 4. にとって",1,,問題7次の文の（ ）に入れるのに最もよいものを、1. 2. 3. 4から一つ選びなさい。
"多様な情報があふれる現代社会（ ）、大切なのは、膨大な情報の中から、自分に必要な情報を選ぶ力である。
 1. に加えて 
 2. において 
 3. を基にして 
 4. を込めて",2,,問題7次の文の（ ）に入れるのに最もよいものを、1. 2. 3. 4から一つ選びなさい。
"作文が得意な友達に「どうやったらうまくなれるの？」と聞いたら、「たくさん書けば（ ）うまくなるよ。」と言われた。
 1. 必ずしも 
 2. たとえ 
 3. そのうち 
 4. さっき",3,,問題7次の文の（ ）に入れるのに最もよいものを、1. 2. 3. 4から一つ選びなさい。
"看護師の仕事は夜勤もあって大変だが、自分でこの仕事を選んだ（ ）、がんばって続けたいと思う。
 1. 以上 
 2. とたん 
 3. あげくに 
 4. かのように",1,,問題7次の文の（ ）に入れるのに最もよいものを、1. 2. 3. 4から一つ選びなさい。
"（内線電話で）

山田「はい、山(やま)田(だ)です。」

木村「受付の木村ですが、X社の中川様が（ ）。」

山田「わかりました。すぐ行きます。」
 1. 伺いました 
 2. お目にかかりました 
 3. ございました 
 4. お越しになりました",4,,問題7次の文の（ ）に入れるのに最もよいものを、1. 2. 3. 4から一つ選びなさい。
"人は一生のうちどのくらい寝ているのでしょうか。仮に一日 8時間寝て、80歳まで生きる（ ）。すると、睡眠時間は約 233,600時間で、約 27年寝ている計算になります。
 1. となりました 
 2. とします 
 3. とされていました 
 4. と見られます",2,,問題7次の文の（ ）に入れるのに最もよいものを、1. 2. 3. 4から一つ選びなさい。
"夢を語る（ ）誰(だれ)でもできるが、実現させるのは簡単なことではない。
 1. だけでは 
 2. だけなら 
 3. ためしか 
 4. ためには",2,,問題7次の文の（ ）に入れるのに最もよいものを、1. 2. 3. 4から一つ選びなさい。
"（説明書で）

エアコンを掃除するときは、安全上、必ずコンセントを（ ）してください。」
 1. 抜いたことを 
 2. 抜いたことが 
 3. 抜いてからに 
 4. 抜いてからは",3,,問題7次の文の（ ）に入れるのに最もよいものを、1. 2. 3. 4から一つ選びなさい。
"私はスピーチが苦手なのに、今度友達の結婚パーティーでスピーチを（ ）、困っている。
 1. しにくくて 
 2. してほしくて 
 3. させてみたくて 
 4. することになってしまって",4,,問題7次の文の（ ）に入れるのに最もよいものを、1. 2. 3. 4から一つ選びなさい。
"せっかく、夕日がきれいなことで有名な A海岸に来たのに、急に雨が降り出した。どうも夕日は（ ）。
 1. 見えてもしかたない 
 2. 見られないことだった 
 3. 見られそうにない 
 4. 見えないことがあった",3,,問題7次の文の（ ）に入れるのに最もよいものを、1. 2. 3. 4から一つ選びなさい。
"山川「中村くん、毎日ジョギング（ ）？」

中村「うん、そうなんだよ。」

山川「実は、ぼくもなんだよ。走るっていいよね。」
 1. しない 
 2. しててもいい 
 3. しちゃえば 
 4. してるんだって",4,,問題7次の文の（ ）に入れるのに最もよいものを、1. 2. 3. 4から一つ選びなさい。
"X市とY市を結ぶ橋が、約 10年の工事( )、昨年ようやく完成した。
 1. の際 
 2. の末 
 3. のたび 
 4. のもと",2,,問題7次の文の（ ）に入れるのに最もよいものを、1. 2. 3. 4から一つ選びなさい。
"「田中さんがこの会社をやめるって話、まだ秘密みたいだから、悪いけど、聞かなかった
( )にしてくれない?」
 1. こと 
 2. だけ 
 3. もの 
 4. の",1,,問題7次の文の（ ）に入れるのに最もよいものを、1. 2. 3. 4から一つ選びなさい。
"最近、よくお腹が痛くなるので、病院で診てもらったら、( )ストレスが原因だろうと言われた。
 1. どうか 
 2. まさか 
 3. おそらく 
 4. いったい",3,,問題7次の文の（ ）に入れるのに最もよいものを、1. 2. 3. 4から一つ選びなさい。
"私は、急な雨（　）、いつも折り畳み傘を持ち歩いている。
 1. に反して 
 2. に加えて 
 3. に備えて 
 4. に応じて",3,,問題7次の文の（ ）に入れるのに最もよいものを、1. 2. 3. 4から一つ選びなさい。
"(自転車屋で)
客:「すみません、自転車のブレーキ。壊れちゃったんですけど、すぐ直りますか。」
店員:「そうですね、これだったら 30 分( )直りますよ。」
 1. もあるのに 
 2. もあれば 
 3. はないのに 
 4. はなければ",2,,問題7次の文の（ ）に入れるのに最もよいものを、1. 2. 3. 4から一つ選びなさい。
"(講演会で) 司会「ご来場の皆様、本日は第3回さくら市教育講演会に( )、ありがとうございます。」
 1. まいり 
 2. ご覧になり 
 3. お目にかかり 
 4. おいでくださり",4,,問題7次の文の（ ）に入れるのに最もよいものを、1. 2. 3. 4から一つ選びなさい。
"夫は動物が好きじゃないから、もし私がペットを飼いたいと言っても、( )。
 1. 反対しかねる 
 2. 反対しようがない 
 3. 反対するならいい 
 4. 反対するに決まっている",4,,問題7次の文の（ ）に入れるのに最もよいものを、1. 2. 3. 4から一つ選びなさい。
"今はスポーツも演劇もテレビで見られる時代だが、直接見ることに( )得られない感動というものがある。
 1. とってしか 
 2. よってしか 
 3. ついてのみ 
 4. 対してのみ",2,,問題7次の文の（ ）に入れるのに最もよいものを、1. 2. 3. 4から一つ選びなさい。
"子供のおもちゃは、種類ごとに透明なケースにしまって中身がわかる( )、子供がおもちゃを探しやすくなるので、おすすめです。
 1. ようになるには 
 2. ようにしておくと 
 3. ようになっても 
 4. ようにしておいて",2,,問題7次の文の（ ）に入れるのに最もよいものを、1. 2. 3. 4から一つ選びなさい。
"昨日購入した中古の大型バイクは、かなり古いものなのだが、とてもきれいな状態だった。前の持ち主によほど大切に( ).
 1. されてもおかしくない 
 2. し続けてもおかしくない 
 3. されていたに違いない 
 4. し続けていたに違いない",3,,問題7次の文の（ ）に入れるのに最もよいものを、1. 2. 3. 4から一つ選びなさい。
"(電話で)
上田:「課長、すみません、今日はお休みをいただけないでしょうか。娘と夫が風邪で熱を
出してしまったんです。」
課長:「それは大変だね。わかりました。看病でお疲れて、上田さんが ( )」
 1. 倒れなくなるよ 
 2. 倒れてしまいたくないのに 
 3. 倒れないことになるの 
 4. 倒れてしまわないようにね",4,,問題7次の文の（ ）に入れるのに最もよいものを、1. 2. 3. 4から一つ選びなさい。
"山田:「林さんの手作りクッキー、本当においしかったです。どうもありがとうございました。」 林:「どういたしまして、山田さんにおいしいって( )です。」
 1. 言ってもらえてよかった 
 2. 言ってもらってもよかった 
 3. 言ってあげられてよかった 
 4. 言ってあげてもよかった",1,,問題7次の文の（ ）に入れるのに最もよいものを、1. 2. 3. 4から一つ選びなさい。
"明日、海外に留学中の友人が１年（ ）帰国する。会って話を聞くのが
楽しみだ。
 1. おきに 
 2. たびに 
 3. ぶりに 
 4. うちに",3,,問題7次の文の（ ）に入れるのに最もよいものを、1. 2. 3. 4から一つ選びなさい。
"12 年間付き合っている彼女に、今年（ ）結婚を申し込もうと思っている。
 1. こそ 
 2. さえ 
 3. すら 
 4. のみ",1,,問題7次の文の（ ）に入れるのに最もよいものを、1. 2. 3. 4から一つ選びなさい。
"腰の曲がった老人に似ている（ ）、エビは「海老」とも書かれると
聞いた。
 1. ものを 
 2. とともに 
 3. うえで 
 4. ところから",4,,問題7次の文の（ ）に入れるのに最もよいものを、1. 2. 3. 4から一つ選びなさい。
"上司「セミナー会場の準備はどう？順調？」

部下「ええ、いすも並べ終わりましたし、（ ）資料を受付に運ぶだけ
です。」
 1. 特に 
 2. あとは 
 3. 少しも 
 4. あまりに",2,,問題7次の文の（ ）に入れるのに最もよいものを、1. 2. 3. 4から一つ選びなさい。
"このテニスコートの利用料金は 2 時間 1,000 円で、1 時間しか使わない
( )、1,000 円払わなければならない。
 1. 場合でも 
 2. 点でも 
 3. 場合には 
 4. 点には",1,,問題7次の文の（ ）に入れるのに最もよいものを、1. 2. 3. 4から一つ選びなさい。
"毎日日記を書きつづけることは、（ ）、けっこう難しいことだ。
 1. 簡単らしいし 
 2. 簡単なようであれば 
 3. 簡単らしくて 
 4. 簡単なようでいて",4,,問題7次の文の（ ）に入れるのに最もよいものを、1. 2. 3. 4から一つ選びなさい。
"梅雨に入ってもほとんど雨が降らないので、庭の花が（ ）心配だ。
 1. 枯れていないことで 
 2. 枯れてしまわないか 
 3. 枯れていないからと 
 4. 枯れてしまわないのを",2,,問題7次の文の（ ）に入れるのに最もよいものを、1. 2. 3. 4から一つ選びなさい。
"今日は、本当は映画を（ ）が、雪が降ってきたので、やめた。
 1. 見に行ってばかりだ 
 2. 見に行ったばかりだ 
 3. 見に行くつもりだった 
 4. 見に行ったつもりだった",3,,問題7次の文の（ ）に入れるのに最もよいものを、1. 2. 3. 4から一つ選びなさい。
"今回の戦略が有効であったかどうかは、まだ結果が出ていない現時点では
( )。
 1. 判断すべきだ 
 2. 判断しかねる 
 3. 判断したにすぎない 
 4. 判断せざるを得ない",2,,問題7次の文の（ ）に入れるのに最もよいものを、1. 2. 3. 4から一つ選びなさい。
"この馬の絵は本物そっくりに描かれていて、今にも（ )。
 1. 走っていたい 
 2. 走っているようだ 
 3. 走り出しそうだ 
 4. 走り出したがる",3,,問題7次の文の（ ）に入れるのに最もよいものを、1. 2. 3. 4から一つ選びなさい。
"わたしたちが旅館に着くと、従業員たちが笑顔で「ようこそ( )。」とあいさつしてくれた。
 1. お越しくださいました 
 2. お伺いしました 
 3. お呼びいただきました 
 4. お迎えしました",1,,問題7次の文の（ ）に入れるのに最もよいものを、1. 2. 3. 4から一つ選びなさい。
"木村「田中さん、アルバイトを探してるんだって?」

田中「うん、そうなんだ。」

木村「私が働いてる店がアルバイトを募集してるから、応募してみない？もちろん、 田中さんが（ )」
 1. いいなんて 
 2. よかったっけ 
 3. いいからだよね 
 4. よければだけど",4,,問題7次の文の（ ）に入れるのに最もよいものを、1. 2. 3. 4から一つ選びなさい。
"先週末は、( )かけだった3冊の本をすべて最後まで読んだ。
 1. 読む 
 2. 読み 
 3. 読んで 
 4. 読んだ",2,,問題7次の文の（ ）に入れるのに最もよいものを、1. 2. 3. 4から一つ選びなさい。
"子供のころはピーマンが嫌いだったが、今は嫌いではない。( )好きな野菜の一つだ。
 1. むしろ 
 2. いったい 
 3. そのうち 
 4. ちっとも",1,,問題7次の文の（ ）に入れるのに最もよいものを、1. 2. 3. 4から一つ選びなさい。
"来年3月の完成( )、新しい体育館の建設工事が着々と進んでいる。
 1. を込めて 
 2. に際して 
 3. を通じて 
 4. に向けて",4,,問題7次の文の（ ）に入れるのに最もよいものを、1. 2. 3. 4から一つ選びなさい。
"(携帯電話の店で)
父: 「どれにしようかな。 通話ができれば十分なんだけど」
息子:「通話ができるだけ( )、これにしたら?」
 1. がいいと 
 2. でいいなら 
 3. でいいけど 
 4. がいいのに",2,,問題7次の文の（ ）に入れるのに最もよいものを、1. 2. 3. 4から一つ選びなさい。
"課長に、次の会議までにこの資料を ( ) 言われた。
 1. 読んでおくように 
 2. 読んでおきなさい 
 3. 読んでくるか 
 4. 読んでこい",1,,問題7次の文の（ ）に入れるのに最もよいものを、1. 2. 3. 4から一つ選びなさい。
"休みの日 ( )、昼過ぎまで寝ているのはよくないと思う。
 1. どころか 
 2. かというと 
 3. にしては 
 4. だからといって",4,,問題7次の文の（ ）に入れるのに最もよいものを、1. 2. 3. 4から一つ選びなさい。
"先月から食堂でアルバイトを始めた。お客さんがおいしいと( )、うれしくなり、もっと頑張ろうと思える。
 1. 言ってあげるたびに 
 2. 言ってあげるように 
 3. 言ってくれるたびに 
 4. 言ってくれるように",3,,問題7次の文の（ ）に入れるのに最もよいものを、1. 2. 3. 4から一つ選びなさい。
"(映画館で)
夫 「席の番号、忘れちゃった。 何番 ( )?」

妻 「Jの14と15だよ」
 1. だったよね 
 2. だっけ 
 3. じゃなかったの 
 4. なんじゃないか",2,,問題7次の文の（ ）に入れるのに最もよいものを、1. 2. 3. 4から一つ選びなさい。
"「倉庫の中を片付けなければ」と前からずっと思っているのだが、忙しくてなかなか( )。
 1. できずにいる 
 2. できるだろうか 
 3. できないこともない 
 4. できるのではないか",1,,問題7次の文の（ ）に入れるのに最もよいものを、1. 2. 3. 4から一つ選びなさい。
"(劇場内のアナウンスで)
スタッフ 「お客様にご案内( )。ただいま、一階ロビーにおいて、公演パンフレットを販売しております、 ぜひご利用ください」
 1. なさいます 
 2. うけたまわります 
 3. 申し上げます 
 4. おっしゃいます",3,,問題7次の文の（ ）に入れるのに最もよいものを、1. 2. 3. 4から一つ選びなさい。
"昨日はかなり風が強くて、何度も帽子を( )。
 1. 飛ばされたところだ 
 2. 飛んでいったところだ 
 3. 飛ばされそうになった 
 4. 飛んでいきそうになった",3,,問題7次の文の（ ）に入れるのに最もよいものを、1. 2. 3. 4から一つ選びなさい。
"昨日、最近評判のレストランに行った。サービスと雰囲気はとてもよかったが、味は( )。
 1. 期待していなかったせいでだ 
 2. 期待していたからではなかった 
 3. 期待していなかったはずだ 
 4. 期待していたほどではなかった",4,,問題7次の文の（ ）に入れるのに最もよいものを、1. 2. 3. 4から一つ選びなさい。
"私の3人の兄さんはみんな料理が苦手で、 一番上の兄( )、卵もうまく割れない。
 1. にとって 
 2. にしては 
 3. に比べて 
 4. に至っては",4,,問題7次の文の（ ）に入れるのに最もよいものを、1. 2. 3. 4から一つ選びなさい。
"来週の説明会に参加するしない( )、この書類は必ず読んでおいてください。
 1. とはいえ 
 2. としても 
 3. に限らず 
 4. にかかわらず",4,,問題7次の文の（ ）に入れるのに最もよいものを、1. 2. 3. 4から一つ選びなさい。
"駅前に新しいラーメン屋がオープンしていた。(　)できたのだろう。
 1. いまにも 
 2. まさか 
 3. いつのまに 
 4. そのうち",3,,問題7次の文の（ ）に入れるのに最もよいものを、1. 2. 3. 4から一つ選びなさい。
"この植物は、寒さに強い( )、暑さや湿気に弱い。
 1. 反面 
 2. 点で 
 3. ものを 
 4. からといって",1,,問題7次の文の（ ）に入れるのに最もよいものを、1. 2. 3. 4から一つ選びなさい。
"A: 「今度北町に行くんだけど、 おいしいレストラン、知らない?」

B 「すし屋( )、1軒知ってるよ。」。
 1. でいいし 
 2. でよければ 
 3. がいいと 
 4. がよくても",2,,問題7次の文の（ ）に入れるのに最もよいものを、1. 2. 3. 4から一つ選びなさい。
"懐中電灯を( )、電池が切れていて、つかなかった。
 1. 使おうとしたら 
 2. 使うようにしたら 
 3. 使おうとするなら 
 4. 使うようにするなら",1,,問題7次の文の（ ）に入れるのに最もよいものを、1. 2. 3. 4から一つ選びなさい。
"(マラソン大会のホームページで)

周辺住民の方の迷惑になりますので、 指定の駐車場以外には ( )お願いいたします。
 1. 駐車なさらないよう 
 2. 駐車していただくよう 
 3. 駐車なさらないため 
 4. 駐車していただくため",1,,問題7次の文の（ ）に入れるのに最もよいものを、1. 2. 3. 4から一つ選びなさい。
"林選手がオリンピックに出場できるかどうかは、今度の大会の結果( )。
 1. のみだ 
 2. 次第だ 
 3. にほかならない 
 4. でも不思議ではない",2,,問題7次の文の（ ）に入れるのに最もよいものを、1. 2. 3. 4から一つ選びなさい。
"最近、パソコンを使っていると、突然画面が真っ暗( )。故障しているのかもしれない。
 1. にすることがある 
 2. にしたところだ 
 3. になることがある 
 4. になったところだ",3,,問題7次の文の（ ）に入れるのに最もよいものを、1. 2. 3. 4から一つ選びなさい。
"あのときの友人の言葉は、夢を諦めそうになっていた私にもう一度頑張ろうと( )。
 1. 思ってくれた 
 2. 思ってほしかった 
 3. 思わせてくれた 
 4. 思わせてほしかった",3,,問題7次の文の（ ）に入れるのに最もよいものを、1. 2. 3. 4から一つ選びなさい。
"(会社で)

社長: 「あ、さっきの会議室にペンを忘れたみたいだ。」

秘書: 「では、私が取って( )。」
 1. おります 
 2. まいります 
 3. くださいます 
 4. いらっしゃいます",2,,問題7次の文の（ ）に入れるのに最もよいものを、1. 2. 3. 4から一つ選びなさい。
"(電話で)
店員: 「お電話ありがとうございます。さくら美容院です。」
田中: 「あ、今日の7時に予約している田中ですが、 ちょっと仕事が長引いて・・・。できたら、8時に変更して( )。」
店員「はい、大丈夫ですよ。」
 1. もらったらいかがですか 
 2. もらうのではないでしょうか 
 3. もらわなければなりません 
 4. もらえるとありがたいんですが",4,,問題7次の文の（ ）に入れるのに最もよいものを、1. 2. 3. 4から一つ選びなさい。
"水泳教室に通い始めたころは、怖くて水に顔をつけること(　　)できなかったが、今は
泳ぐのが大好きだ。
 1. なら 
 2. ほど 
 3. さえ 
 4. ばかり",3,,問題7次の文の（ ）に入れるのに最もよいものを、1. 2. 3. 4から一つ選びなさい。
"この作業はかなり大変なので、一日で終わらせるのは(　　)無理だろう。
 1. つい 
 2. まず 
 3. たとえ 
 4. 今に",2,,問題7次の文の（ ）に入れるのに最もよいものを、1. 2. 3. 4から一つ選びなさい。
"母はいちごジャムを作るとき、いちご100グラム(　　)80グラムの砂糖を使う。
 1. に対して 
 2. に関して 
 3. によって 
 4. にあたって",1,,問題7次の文の（ ）に入れるのに最もよいものを、1. 2. 3. 4から一つ選びなさい。
"この図書館には、借りている本を全部(　　)、ほかの本が借りられないという規則がある。
 1. 返したすえに 
 2. 返したとはいえ 
 3. 返してはじめて 
 4. 返してからでないと",4,,問題7次の文の（ ）に入れるのに最もよいものを、1. 2. 3. 4から一つ選びなさい。
"タクシー会社を経営する青山氏は、インタビューで「お客様から感謝の言葉を(　　)、人の役に立つ喜びを感じます。」と語った。
 1. いただくよう 
 2. さしあげるよう 
 3. いただくたび 
 4. さしあげるたび",3,,問題7次の文の（ ）に入れるのに最もよいものを、1. 2. 3. 4から一つ選びなさい。
"妻は息子にどうしてもピアノを習わせたいと言っているが、私は本人が(　　)無理にさせなくてもいいと思っている。
 1. やらされないのなら 
 2. やりたがらないのなら 
 3. やってほしくないのに 
 4. やってもはじまらないのに",2,,問題7次の文の（ ）に入れるのに最もよいものを、1. 2. 3. 4から一つ選びなさい。
"この研究を始めたころは、そんなことを研究して意味が(　　)批判的な意見も多かったが、最近少しずつ認めてもらえるようになってきた。
 1. あるというような 
 2. あるのかというような 
 3. あるということの 
 4. あるのかということの",2,,問題7次の文の（ ）に入れるのに最もよいものを、1. 2. 3. 4から一つ選びなさい。
"腕のけがはまだ完全に(　　)が、日常生活には困らなくなった。
 1. 治りようがない 
 2. 治らないでもない 
 3. 治ったにすぎない 
 4. 治ったわけではない",4,,問題7次の文の（ ）に入れるのに最もよいものを、1. 2. 3. 4から一つ選びなさい。
"私は20年前に初めて富士山に登った。 山頂に立ったときの感動は今でも(　　)。
 1. 忘れがたい 
 2. 忘れかけている 
 3. 忘れないといい 
 4. 忘れるおそれがある",1,,問題7次の文の（ ）に入れるのに最もよいものを、1. 2. 3. 4から一つ選びなさい。
"洗濯機に入れるときに気づいたからよかったが、 もう少しで大事な領収書をズボンのポケットに入れたまま(　　)。
 1. 洗濯したようだ 
 2. 洗濯するつもりだった 
 3. 洗濯したせいだ 
 4. 洗するところだった",4,,問題7次の文の（ ）に入れるのに最もよいものを、1. 2. 3. 4から一つ選びなさい。
"毎晩私は、5歳の娘が寝る前にベッドで本を読んでやるのだが、 読んでいるうちに自分のほうが(　　)。
 1. 寝てしまうことがある 
 2. 寝ておくことがある 
 3. 寝てしまうことにする 
 4. 寝ておくことにする",1,,問題7次の文の（ ）に入れるのに最もよいものを、1. 2. 3. 4から一つ選びなさい。
"社長として、社員全員が仕事に満足できる環境を整えたい。それは単なる理想(　　)。いや、私は理想ではなく必ず実現できると信じている。
 1. でしかないはずだ 
 2. でなくてはいけないはずだ 
 3. でしかないのだろうか 
 4. でなくてはいけないのろうか",3,,問題7次の文の（ ）に入れるのに最もよいものを、1. 2. 3. 4から一つ選びなさい。
"電子メールが普及している今の時代であるから（　　）、手書きの手紙に温かい気持ちを感じる。
 1. こそ 
 2. さえ 
 3. すら 
 4. だけ",1,,問題7次の文の（ ）に入れるのに最もよいものを、1. 2. 3. 4から一つ選びなさい。
"母:「また寝てるの？せっかくの休みなんだから、寝て（　　）いないで、外に出かけたら？」　　息子:「わかったよ。」
 1. しか 
 2. でも 
 3. ぐらい 
 4. ばかり",4,,問題7次の文の（ ）に入れるのに最もよいものを、1. 2. 3. 4から一つ選びなさい。
"人は通勤に多くの時間を使っている。（　　）通勤に往復2時間かけるとすると、1年間で480時間も通勤に使っている計算になる。
 1. たとえ 
 2. かりに 
 3. ようやく 
 4. かえって",2,,問題7次の文の（ ）に入れるのに最もよいものを、1. 2. 3. 4から一つ選びなさい。
"先月電子レンジを買ったが、いくらも（　　）壊れてしまった。
 1. 使っていると 
 2. 使っているうちに 
 3. 使わないと 
 4. 使わないうちに",4,,問題7次の文の（ ）に入れるのに最もよいものを、1. 2. 3. 4から一つ選びなさい。
"彼は小説家になってから、1年に1冊のペースで長編小説を（　　）、来月出る小説で10冊目となる。
 1. 発表しつつ 
 2. 発表しており 
 3. 発表するにつれ 
 4. 発表したところで",2,,問題7次の文の（ ）に入れるのに最もよいものを、1. 2. 3. 4から一つ選びなさい。
"駅前に新しくできたラーメン屋はいつも込んでいる。昨日も大雨（　　）行列ができていた。
 1. にしても 
 2. にしたって 
 3. にかぎらず 
 4. にもかかわらず",4,,問題7次の文の（ ）に入れるのに最もよいものを、1. 2. 3. 4から一つ選びなさい。
"川村「青木くんは、今日お休み？」　山田「うん。アイスの食べ過ぎでおなかが痛くなったって連絡あったよ。」　川村「青木くん（　　）ね。」
 1. らしい 
 2. みたいだ 
 3. のようだ 
 4. のことだ",1,,問題7次の文の（ ）に入れるのに最もよいものを、1. 2. 3. 4から一つ選びなさい。
"最近は夜遅くまで開いているスーパーが多くなってきた。スーパーに（　　）、24時間営業のところもある。
 1. よっては 
 2. とっても 
 3. ついても 
 4. おいては",1,,問題7次の文の（ ）に入れるのに最もよいものを、1. 2. 3. 4から一つ選びなさい。
"先輩「受験する大学は決まった？」　後輩「いえ、僕は海外の大学に行きたいんですけど、両親は僕を自宅から通える大学に（　　）」
 1. 行かせてほしいんです 
 2. 行こうとしてほしいんです 
 3. 行かせたがっているんです 
 4. 行こうとしたがっているんです",3,,問題7次の文の（ ）に入れるのに最もよいものを、1. 2. 3. 4から一つ選びなさい。
"最近は毎月決まった金額でかけ放題の国際電話サービスがある。私が留学していたときにもそんなサービスがあったら（　　）。
 1. どれだけよかった 
 2. どれだけよかったか 
 3. どうしてもよかった 
 4. どうしてもよかったか",2,,問題7次の文の（ ）に入れるのに最もよいものを、1. 2. 3. 4から一つ選びなさい。
"（店で）
店員「こちらの車はいかがですか。中古車ですが、（　　）新車と変わらないくらいきれいですよ。」客「そうですね。きれいですね。」
 1. ご覧のように 
 2. ご覧いただくために 
 3. 拝見したとおり 
 4. 拝見したきり",1,,問題7次の文の（ ）に入れるのに最もよいものを、1. 2. 3. 4から一つ選びなさい。
"（ホームページで）　　Q:ゲームをしていたら、急に画面が暗くなってしまいました。どうしたらいいですか。　　A:一度電源を切り、1分くらい経ってからまたつけてみてください。ただし、同じことが何度も（　　）故障です。修理を依頼してください。
 1. 繰り返させるようならば 
 2. 繰り返せるようになれば 
 3. 繰り返されるようならば 
 4. 繰り返させられるようになれば",3,,問題7次の文の（ ）に入れるのに最もよいものを、1. 2. 3. 4から一つ選びなさい。
"大学のホームページで）
ABC大学の法学部には、六つのゼミがあります。ゼミでの活動（ 　　　）、物事を論理的に考える力を身につけること ができます。
 1. とは 
 2. にも 
 3. にとって 
 4. を通して",4,,問題7次の文の（ ）に入れるのに最もよいものを、1. 2. 3. 4から一つ選びなさい。
"（会社で）
A「ねえ、昨日できたパンフレッ卜ってどこにある?」
B「えっと、どこだろう。」
C「ああ、（ 　　　）、あの棚の中にあるよ。」
 1. パンフレットなら 
 2. パンフレットでも 
 3. パンフレットについて 
 4. パンフレットのことで",1,,問題7次の文の（ ）に入れるのに最もよいものを、1. 2. 3. 4から一つ選びなさい。
"（テレビ番組で）
司会「森もりさん、第五回X文学賞受賞おめでとうございます。今のお気持ちはいかがですか。」森もり「ありがとうございます。（ 　　　）受賞できるとは思わなかったので、すごくうれしいです。」
 1. たとえ 
 2. まさか 
 3. せめて 
 4. かりに",2,,問題7次の文の（ ）に入れるのに最もよいものを、1. 2. 3. 4から一つ選びなさい。
"毎朝体操を（ 　　　）、硬かった体が柔らかくなった。
 1. 続けるうちに 
 2. 続けるからには 
 3. 続けるとすると 
 4. 続けるかというと",1,,問題7次の文の（ ）に入れるのに最もよいものを、1. 2. 3. 4から一つ選びなさい。
"囲碁・将棋クラブに入って半年。初めは（ 　　　）が、最近少しずつ勝てるようになってきた。
 1. 負けてばかりだった 
 2. 負けたばかりだった 
 3. 負けるところだった 
 4. 負けているところだった",1,,問題7次の文の（ ）に入れるのに最もよいものを、1. 2. 3. 4から一つ選びなさい。
"政府の発表によると、景気は回復しつつある（ 　　　）が、そうした実感はない。
 1. つもりだ 
 2. おかげだ 
 3. ということだ 
 4. というものだ",3,,問題7次の文の（ ）に入れるのに最もよいものを、1. 2. 3. 4から一つ選びなさい。
"客「すみません、『山の中で』っていう本を探しているんですけど。」
店員「はい、新刊コーナーに（ 　　　）。ご案内します。」
 1. いたします 
 2. おります 
 3. ございます 
 4. なさいます",3,,問題7次の文の（ ）に入れるのに最もよいものを、1. 2. 3. 4から一つ選びなさい。
"先生「田中さん、この問題をどうやって（ 　　　）、みんなの前で説明してください。」
田中「はい、わかりました。」
 1. 解いたか 
 2. 解いたのを 
 3. 解いたとは 
 4. 解いたことも",1,,問題7次の文の（ ）に入れるのに最もよいものを、1. 2. 3. 4から一つ選びなさい。
"先生「皆さん、海や川に落ちてしまったときは、無理に（ 　　　）、仰 向になって、浮かんで助けを待つことが 大切です。」
 1. 泳げなくなると 
 2. 泳ごうとしないので 
 3. 泳げなくなって 
 4. 泳ごうとしないで",4,,問題7次の文の（ ）に入れるのに最もよいものを、1. 2. 3. 4から一つ選びなさい。
"春子「えりちゃん、みかん、好き?」
えり「うん、好きだけど。なんで?」
春子「親戚がたくさん送ってきてくれたんだけど、一人じゃ食べ切れなくて。よかったら、少し（ ）?」
えり「いいの?ありがとう。」
 1. あげない 
 2. くれない 
 3. もらってくれない 
 4. もらってもらわない",3,,問題7次の文の（ ）に入れるのに最もよいものを、1. 2. 3. 4から一つ選びなさい。
"（夕食時に）
妻:「ねえ、このスープ、レシピ通りに作ったんだけど、どう?味、薄くない?もう少し塩を（ 　　　）。」
夫:「ううん、ちょうどいいよ。」
 1. 入れたことはよかったね 
 2. 入れたからよかったなあ 
 3. 入れたほうがよかったかな 
 4. 入れたところがよかったよね",3,,問題7次の文の（ ）に入れるのに最もよいものを、1. 2. 3. 4から一つ選びなさい。
"高校野球全国大会を前に、X高校野球部の南 豊 選手は「監督やコーチが私たち一人一人に毎日熱心に指導を（ 　　　）。監督やコーチのためにも、優勝したいです。」と決意を述べた。
 1. いらっしゃいました 
 2. してくださいました 
 3. まいりました 
 4. していただきました",2,,問題7次の文の（ ）に入れるのに最もよいものを、1. 2. 3. 4から一つ選びなさい。
"あの人は、人の意見を聞き （ 　　　）しないで、自分の主張ばかりする。
 1. まで 
 2. も 
 3. と 
 4. を",2,,問題7次の文の（ ）に入れるのに最もよいものを、1. 2. 3. 4から一つ選びなさい。
"さっき、買い物 （ 　　　）、コンビニに寄ってATMでお金を下ろしてきた。
 1. の場合 
 2. にしては 
 3. のついでに 
 4. というのは",3,,問題7次の文の（ ）に入れるのに最もよいものを、1. 2. 3. 4から一つ選びなさい。
"（テレビ番組で）
私たちが住んでいる地球は、 （ 　　　）どうやってできたのでしょうか。地球誕生の秘密を見てみましょう。
 1. とうとう 
 2. おそらく 
 3. まもなく 
 4. いったい",4,,問題7次の文の（ ）に入れるのに最もよいものを、1. 2. 3. 4から一つ選びなさい。
"X社の調査によると、共働き夫婦における夫の家事負担の割合は、夫の年齢が （ 　　　）にしたがって増加しているという。
 1. 下がる 
 2. 下がっている 
 3. 下がった 
 4. 下がっていた",1,,問題7次の文の（ ）に入れるのに最もよいものを、1. 2. 3. 4から一つ選びなさい。
"12月に入り、インフルエンザの患者数は増える （ 　　　）。
 1. ほどだ 
 2. までだ 
 3. 一方だ 
 4. 次第だ",3,,問題7次の文の（ ）に入れるのに最もよいものを、1. 2. 3. 4から一つ選びなさい。
"わが国は、石油や石炭などのエネルギー資源がほとんどないため、多くを海外からの輸入に （ 　　　）。
 1. 頼らざるを得ない 
 2. 頼るわけにはいかない 
 3. 頼らないに違いない 
 4. 頼ることにほかならない",1,,問題7次の文の（ ）に入れるのに最もよいものを、1. 2. 3. 4から一つ選びなさい。
"（会社で）

受付:「A社の山下様が受付で （ 　　　）。」

田中:「あ、わかりました。すぐ行きます。」
 1. お待ちです 
 2. 待っております 
 3. お待ちください 
 4. 待っていただけますか",1,,問題7次の文の（ ）に入れるのに最もよいものを、1. 2. 3. 4から一つ選びなさい。
"レストランハヤマのランチは、AランチかBランチの2種類 （ 　　　）選べないが、安くてとてもおいしい。
 1. にしか 
 2. にだけ 
 3. からしか 
 4. からだけ",3,,問題7次の文の（ ）に入れるのに最もよいものを、1. 2. 3. 4から一つ選びなさい。
"昨日私が乗った飛行機は、今まで乗ったどの （ 　　　）小さかった。
 1. 飛行機のわりに 
 2. 飛行機よリも 
 3. 飛行機がいちばん 
 4. 飛行機のほうが",2,,問題7次の文の（ ）に入れるのに最もよいものを、1. 2. 3. 4から一つ選びなさい。
"髪が傷んでしまうので髪を洗った後は、濡れた （ 　　　）、しっかり乾かしましょう。
 1. ままにせず 
 2. ようになっても 
 3. だけにすれば 
 4. ことにならなくて",1,,問題7次の文の（ ）に入れるのに最もよいものを、1. 2. 3. 4から一つ選びなさい。
"A:「最近元気ないみたいだけど、どうしたの?」

B:「別れた彼のことがなかなか忘れられなくて…

A:「忘れられないなら、そんなに無理に （ 　　　）と思うよ。」
 1. 忘れてしまいたくない 
 2. 忘れようとしているんだ 
 3. 忘れてしまうんだろう 
 4. 忘れようとしなくてもいい",4,,問題7次の文の（ ）に入れるのに最もよいものを、1. 2. 3. 4から一つ選びなさい。
"私は両親に子供のころから自分がやりたいことを自由に （ 　　　）。
 1. やらせてもらってくる 
 2. やらせてくれている 
 3. やらせてもらってきた 
 4. やらせてくれていた",3,,問題7次の文の（ ）に入れるのに最もよいものを、1. 2. 3. 4から一つ選びなさい。
"テレビの後ろ壁は、すぐほこり（ ）になってしまう。
 1. きり 
 2. じゅう 
 3. ぐらい 
 4. だらけ",4,,問題7次の文の（ ）に入れるのに最もよいものを、1. 2. 3. 4から一つ選びなさい。
"A:「ねえ、明日、用事があって言ってたけど、パーティーに来られるそう？」

 B:「用事が何時に終わるかわからないんだよ。行ける（ ）、多分、途中からになると思う。」
 1. からって 
 2. ものなら 
 3. どころか 
 4. としても",4,,問題7次の文の（ ）に入れるのに最もよいものを、1. 2. 3. 4から一つ選びなさい。
"X 社は、新しい事業を始める（ ）、現在、社員を募集している。
 1. とすると 
 2. にあたって 
 3. からには 
 4. のだったら",2,,問題7次の文の（ ）に入れるのに最もよいものを、1. 2. 3. 4から一つ選びなさい。
"私はピアノを弾くことが、好き（ ）好き（）たまらない。
 1. が／が 
 2. に／に 
 3. で／で 
 4. は／は",3,,問題7次の文の（ ）に入れるのに最もよいものを、1. 2. 3. 4から一つ選びなさい。
"（電話で）

田中:「ねえ、明日のイベントの準備、終わった？」

小川:「まだ終わってないけど、まあ、大丈夫だよ。」

田中:「（ ）小川さんの楽観的な性格がうらやましいよ。」
 1. そんなに 
 2. あんなに 
 3. そういう 
 4. ああいう",3,,問題7次の文の（ ）に入れるのに最もよいものを、1. 2. 3. 4から一つ選びなさい。
"日曜日に行われたマラソン大会に弟が参加して、10 キロのコースを 45 分で（ ）。
 1. 走りきった 
 2. 走り始めた 
 3. 走ってばかりだ 
 4. 走るようにする",1,,問題7次の文の（ ）に入れるのに最もよいものを、1. 2. 3. 4から一つ選びなさい。
"子どものころ、海水浴に行く前の日はいつも「どうか明日は雨が（ ）」と祈りながら寝ていた。
 1. 降ることはありません 
 2. 降りませんように 
 3. 降らなくてもいいです 
 4. 降りないでしょうか",2,,問題7次の文の（ ）に入れるのに最もよいものを、1. 2. 3. 4から一つ選びなさい。
"鈴木選手は 、アマチュア時代に何度かこの大会に出場しているが、 プロの選手（ ）今回が初めての出場 だ 。
 1. としては 
 2. としても 
 3. にとっては 
 4. にとっても",1,,問題7次の文の（ ）に入れるのに最もよいものを、1. 2. 3. 4から一つ選びなさい。
"泣くのを我慢（ ）、逆に涙はあふれ出した。
 1. しようとすることから 
 2. しそうとすることから 
 3. しようとすればするほど 
 4. しそうになればなるほど",3,,問題7次の文の（ ）に入れるのに最もよいものを、1. 2. 3. 4から一つ選びなさい。
"押し入れを片付けていたら、子どものころに大切にしていたぬいぐるみが出てきた。（ ）と思ったが、どうしても捨てられなかった。
 1. 捨ててくるだろう 
 2. 捨てているのだ 
 3. 捨ててあるのか 
 4. 捨ててしまおうか",4,,問題7次の文の（ ）に入れるのに最もよいものを、1. 2. 3. 4から一つ選びなさい。
"田中:「昨日、息子がひろしくんに（ ）、ありがとうございます。」
ひろしの母:「いえいえ。」
 1. 遊んでもらえそうで 
 2. 遊んでくれそうで 
 3. 遊んでもらったそうで 
 4. 遊んでくれたそうで",3,,問題7次の文の（ ）に入れるのに最もよいものを、1. 2. 3. 4から一つ選びなさい。
"この映画を見て、私は今までこれほど何か夢中に（ ）と考えさせられた。
 1. なることがあるだろうか 
 2. なったことがあっただろうか 
 3. することがあるだろうか 
 4. したことがあっただろうか",2,,問題7次の文の（ ）に入れるのに最もよいものを、1. 2. 3. 4から一つ選びなさい。
"この料理はとても簡単で、鶏肉と卵( )あればすぐに作れます。
 1. にも 
 2. こそ 
 3. とも 
 4. さえ",4,,問題7次の文の（ ）に入れるのに最もよいものを、1. 2. 3. 4から一つ選びなさい。
"このメーカーのヘルメットは安全性( ) 、他のどメーカーの製品よりも優れている。
 1. に沿って 
 2. に向けて 
 3. にわたって 
 4. において",4,,問題7次の文の（ ）に入れるのに最もよいものを、1. 2. 3. 4から一つ選びなさい。
"山田 「今度の連休、 木村さんは温泉にいくみたいだよ。 森さんはどこかいかないの?」 森さん「( )ものなら行きたいけど、今度の連休は仕事が入っちゃったんだよね。」
 1. 行く 
 2. 行こう 
 3. 行ける 
 4. 行きたい",3,,問題7次の文の（ ）に入れるのに最もよいものを、1. 2. 3. 4から一つ選びなさい。
"(セミナーの案内で)受講料は、無料です。( )、資料代500円をいただきます。
 1. ただし 
 2. および 
 3. すなわち 
 4. あるいは",1,,問題7次の文の（ ）に入れるのに最もよいものを、1. 2. 3. 4から一つ選びなさい。
"今年の映画祭の来場者は、開幕から3日で10万人に達した。八日間の開催期間で 最終的に は昨年の20万人を大幅に上回る( )。
 1. までだ 
 2. 次第だ 
 3. 勢いだ 
 4. 最中だ",3,,問題7次の文の（ ）に入れるのに最もよいものを、1. 2. 3. 4から一つ選びなさい。
"大西病院では、 現在事務職員を募集しています。 詳細は、 ホームページを ( ) か、 直接お電 話でお問い合わせください。
 1. 拝見する 
 2. ご覧いただく 
 3. ご覧に入れる 
 4. 見せてくださる",2,,問題7次の文の（ ）に入れるのに最もよいものを、1. 2. 3. 4から一つ選びなさい。
"北側市は、かつては人口5千人の小さな村( )が、今では人口50万人の大都市だ。
 1. でもなかった 
 2. よりほかなかった 
 3. にすぎなかった 
 4. ばかりではなかった",3,,問題7次の文の（ ）に入れるのに最もよいものを、1. 2. 3. 4から一つ選びなさい。
"(店で)A :「このシャツ、かわいい。でも、会社に着ていくには派手かな。」B :「うん。デートで着る( )、仕事には派手すぎるよ。」
 1. にしては 
 2. としたら 
 3. ならともかく 
 4. からとはいえ",3,,問題7次の文の（ ）に入れるのに最もよいものを、1. 2. 3. 4から一つ選びなさい。
"悩んでいる時は、誰かに話を( )気持ちが楽になる場合もある。
 1. 聞いてあげることは 
 2. 聞いてもらうことで 
 3. 聞いてくれることに 
 4. 聞いてやることが",2,,問題7次の文の（ ）に入れるのに最もよいものを、1. 2. 3. 4から一つ選びなさい。
"(駅で) A 「まだ切符ってないの?もう電車来ちゃうよ。はやくはやく」B 「まだ5分もあるでしょう。そんなに( )。」
 1. 急がせないよ 
 2. 急がせられないのかな 
 3. 急がなくちゃね 
 4. 急がされるんだから",1,,問題7次の文の（ ）に入れるのに最もよいものを、1. 2. 3. 4から一つ選びなさい。
"(電話で)
A 「営業部の山下さんを御願いしたいのですが。」B 「申し訳ありません、山下はただいま会議で席を外しております。戻りましたらこちらからお電話( )。」
 1. いたしましょうか 
 2. 申しましょうか 
 3. くださいませんか 
 4. いただきませんか",1,,問題7次の文の（ ）に入れるのに最もよいものを、1. 2. 3. 4から一つ選びなさい。
"「自分がされてうれしいことは相手もうれしい」といつ( )だが、相手が嫌がる場合もあるので、気をつ けようと思う。
 1. 思ってところ 
 2. 思ってしまいがち 
 3. 思いたがるおそれ 
 4. 思うしかないため",2,,問題7次の文の（ ）に入れるのに最もよいものを、1. 2. 3. 4から一つ選びなさい。
"昨日泊まったホテルの部屋は、シングルルーム ( )広かった。
 1. ばかりか 
 2. をとわず 
 3. にしては 
 4. かというと",3,,問題7次の文の（ ）に入れるのに最もよいものを、1. 2. 3. 4から一つ選びなさい。
"(店の前で)

客: 「すみません、開店はまだですか。」

店員:「( ) 開店いたしますので、もう少々お待ちください。」
 1. いまにも 
 2. まもなく 
 3. ほとんど 
 4. いつのまに",2,,問題7次の文の（ ）に入れるのに最もよいものを、1. 2. 3. 4から一つ選びなさい。
"北山には、初心者でも楽しめるハイキングコースや上級者( )コースなど、
いくつかの登山コースがあります。
 1. ほどの 
 2. 向けの 
 3. きりの 
 4. どおりの",2,,問題7次の文の（ ）に入れるのに最もよいものを、1. 2. 3. 4から一つ選びなさい。
"昨日、高熱が出たので病院に行った( )、インフルエンザと診断された。
 1. 場合 
 2. 以上 
 3. ことに 
 4. ところ",4,,問題7次の文の（ ）に入れるのに最もよいものを、1. 2. 3. 4から一つ選びなさい。
"散歩が大好きなうちの犬が、今日は散歩に ( )。具合でも悪いのだろうか。
 1. 行きたがらなかった 
 2. 行かなければよかった 
 3. 行ってほしくなかった 
 4. 行きたくなかった",1,,問題7次の文の（ ）に入れるのに最もよいものを、1. 2. 3. 4から一つ選びなさい。
"市長は、記者会見で「高速道路建設に反対している市民も少なくないのだから、市長として、そのことを無視して建設計画を( )。」と述べた。
 1. 進めそうにない 
 2. 進めてもかまわない 
 3. 進めずにはいられない 
 4. 進めるわけにはいかない",4,,問題7次の文の（ ）に入れるのに最もよいものを、1. 2. 3. 4から一つ選びなさい。
"(スピーチで)
 「本日は弊社創立50周年記念パーティーにお越しくださりありがとうございます。社長の小林でございます。社を代表して、私から一言ごあいさつ( )。」
 1. されます 
 2. うかがいます 
 3. 申し上げます 
 4. おっしゃいます",3,,問題7次の文の（ ）に入れるのに最もよいものを、1. 2. 3. 4から一つ選びなさい。
"そのバッグは、どこにでもあるような物なのに、人気歌手が愛用している( )、1万個も売れたそうだ。
 1. とすること 
 2. というだけ 
 3. とすることを 
 4. というだけで",4,,問題7次の文の（ ）に入れるのに最もよいものを、1. 2. 3. 4から一つ選びなさい。
"ホテルのフロント係として働き始めたころは、「どんなに忙しくてもお客様には疲れた顔を( )。」と先輩によく注意された。
 1. 見せないために 
 2. 見えないこと 
 3. 見せないように 
 4. 見えないもの",3,,問題7次の文の（ ）に入れるのに最もよいものを、1. 2. 3. 4から一つ選びなさい。
"母 :「たかし、寝る前に必ず明日の準備を( )。朝、慌てて準備すると絶対忘れ物するから。」
たかし:「大丈夫、もう終わってるよ。」
 1. してあるんだよ 
 2. しておきなさいよ 
 3. してあるんじゃないの 
 4. しておいたの",2,,問題7次の文の（ ）に入れるのに最もよいものを、1. 2. 3. 4から一つ選びなさい。
"X社に入社すると、新入社員は、まず電話の応対の練習を2週間( )。
 1. させられるそうだ 
 2. させるつもりだ 
 3. させられたままだ 
 4. させているところだ",1,,問題7次の文の（ ）に入れるのに最もよいものを、1. 2. 3. 4から一つ選びなさい。
"田中:「次回の勉強会のテーマは何にしましょうか。」

山下:「私は消費者心理に興味があります。」
石川:「それも面白そうですが、私はアンケートの分析方法を( )。」
 1. 取り上げようとするでしょうか 
 2. 取り上げるようになるでしょうか 
 3. 取り上げたいのだろうと思います 
 4. 取り上げてみてはどうかと思います",4,,問題7次の文の（ ）に入れるのに最もよいものを、1. 2. 3. 4から一つ選びなさい。
"今まで何人（   ）の人に成功の理由を聞かれましたが、決して特別なことをしてきたのではありません
 1. と 
 2. も 
 3. だけ 
 4. きり",2,,問題7次の文の（ ）に入れるのに最もよいものを、1. 2. 3. 4から一つ選びなさい。
"野党の追及に対し、大臣は満足な回答できなかったどころか、質問の内容（   ）理解できていなかった
 1. すら 
 2. こそ 
 3. のみ 
 4. ほど",1,,問題7次の文の（ ）に入れるのに最もよいものを、1. 2. 3. 4から一つ選びなさい。
"テレビゲームなんて子供の遊び（   ）に思っていたのだが、やってみたら、面白くて夢中になってしまった
 1. まで 
 2. ぬき 
 3. どおり 
 4. くらい",4,,問題7次の文の（ ）に入れるのに最もよいものを、1. 2. 3. 4から一つ選びなさい。
"山田「課長、先ほど出した報告書なのですが、表の数字が（   ）間違っていたようなんです、申し訳ありません」
課長「そうか、じゃ、もう一度計算して出して」
 1. どうか 
 2. どうも 
 3. どうにか 
 4. どうでも",2,,問題7次の文の（ ）に入れるのに最もよいものを、1. 2. 3. 4から一つ選びなさい。
"この美術館では、利用者の声に（   ）、夏期の開館時間を1時間延長することにします
 1. いたって 
 2. むけて 
 3. こたえて 
 4. かかわって",3,,問題7次の文の（ ）に入れるのに最もよいものを、1. 2. 3. 4から一つ選びなさい。
"この曲は、最初はあまり好きではなかったが、何度も聞いている（   ）だんだん好きになってきた
 1. なかに 
 2. うちに 
 3. ついでに 
 4. とたんに",2,,問題7次の文の（ ）に入れるのに最もよいものを、1. 2. 3. 4から一つ選びなさい。
"このサイトでは、ご自宅からインターネット本が注文できます、午後4時以前にご注文いただけば数量や合計金額（   ）、翌日中にお届けします
 1. をのぞき 
 2. を含めず 
 3. によらず 
 4. にかぎり",3,,問題7次の文の（ ）に入れるのに最もよいものを、1. 2. 3. 4から一つ選びなさい。
"彼の論文は、構成にはまだ少し問題がある気が（   ）、内容自体はだいぶ良くなったと思う
 1. することはないが 
 2. しないでもないが 
 3. するよりほかないが 
 4. しないのではないが",2,,問題7次の文の（ ）に入れるのに最もよいものを、1. 2. 3. 4から一つ選びなさい。
"A 「このレストラン、すごく人気があるから、予約して行ったほうがいいね」
B 「うん、かなり早めに、予約（   ）だめかもしれないね」
 1. しとかなくちゃ 
 2. しなきゃって 
 3. してるんじゃ 
 4. しちゃうって",1,,問題7次の文の（ ）に入れるのに最もよいものを、1. 2. 3. 4から一つ選びなさい。
"母によく「部屋を片付けなさい」としかられるのだが、片づけたら（   ）今度は、「片付けられるなら、どうして普段から片付けないの」と、またしかられる
 1. 片付けるまで 
 2. 片づけたが 
 3. 片づけるのに 
 4. 片づけたで",4,,問題7次の文の（ ）に入れるのに最もよいものを、1. 2. 3. 4から一つ選びなさい。
"台風が近づいているので、明日からの旅行は、残念だが（   ）
 1. 延期しないわけではない 
 2. 延期せざるを得ない 
 3. 延期しうるはずもない 
 4. 延期すべきものではない",2,,問題7次の文の（ ）に入れるのに最もよいものを、1. 2. 3. 4から一つ選びなさい。
"面接官：　「恐れ入りますが、この仕事にむける資格は（　）。」

応募者：　「はい、電力エンジニアの資格をお持ちしております。」
 1. お持ちしますか 
 2. お持ちですか 
 3. お持ちになりますか 
 4. お持ちいますか",3,,問題7次の文の（ ）に入れるのに最もよいものを、1. 2. 3. 4から一つ選びなさい。
"A「田中さんに話があるんだけど、今、会議中?」
B「うん。」
A「じゃあ、会議が終わるのを待つ(   )ないわ。」
 1. しか 
 2. だけ 
 3. まで 
 4. さえ",1,,問題7次の文の（ ）に入れるのに最もよいものを、1. 2. 3. 4から一つ選びなさい。
"この道路拡張計画を(   )にあたっては、市⺠の皆様のご理解が必要です。
 1. 進めた 
 2. 進める 
 3. 進めたい 
 4. 進めよう",2,,問題7次の文の（ ）に入れるのに最もよいものを、1. 2. 3. 4から一つ選びなさい。
"今日の試合は大雪で延期になった。(   )この時期に大雪になるとは思わなかった。
 1. 一体 
 2. 二度と 
 3. まさか 
 4. かえって",3,,問題7次の文の（ ）に入れるのに最もよいものを、1. 2. 3. 4から一つ選びなさい。
"水泳クラブの山田コーチは、私たちにとってコーチ(   )兄のような存在です。
 1. に限らず 
 2. なしには 
 3. のおかげで 
 4. というより",4,,問題7次の文の（ ）に入れるのに最もよいものを、1. 2. 3. 4から一つ選びなさい。
"X 社の健康食品はテレビ番組で紹介(   )以来、とても売れている。
 1. されて 
 2. される 
 3. されている 
 4. された",1,,問題7次の文の（ ）に入れるのに最もよいものを、1. 2. 3. 4から一つ選びなさい。
"(店で)

A「このシャツ、かわいい。でも、会社に着ていくには派手かな。」
B「うん。デートで着る(   )、仕事には派手すぎるよ。」
 1. にしては 
 2. としたら 
 3. ならともかく 
 4. からとはいえ",3,,問題7次の文の（ ）に入れるのに最もよいものを、1. 2. 3. 4から一つ選びなさい。
"娘は、社会人(   )朝一人で起きられない。私が起こさないといつまでも寝ている。
 1. にもなって 
 2. にもなれば 
 3. にでもなって 
 4. にでもなれば",1,,問題7次の文の（ ）に入れるのに最もよいものを、1. 2. 3. 4から一つ選びなさい。
"友達は、お茶でうがいを(   )、風邪をひかなくなったらしい。私も始めてみようと思う。
 1. しようとすれば 
 2. しようとしたことで 
 3. するようにすれば 
 4. するようにしたことで",4,,問題7次の文の（ ）に入れるのに最もよいものを、1. 2. 3. 4から一つ選びなさい。
"彼女があのとき何を考えていたのか知りたいけれど、今はもう会うこともないので、(   )。
 1. 確かめかねない 
 2. 確かめるほかない 
 3. 確かめようがない 
 4. 確かめるわけではない",3,,問題7次の文の（ ）に入れるのに最もよいものを、1. 2. 3. 4から一つ選びなさい。
"(不動産屋で)

店員「お客様、本日いくつかのお部屋を(   )が、ご希望に合うお部屋はごさいましたか。
客「最初の部屋がいいなと思ったんですが、ちょっと検討させてください。」
 1. 参りました 
 2. 拝見しました 
 3. お越しいただきました 
 4. ご覧いただきました",4,,問題7次の文の（ ）に入れるのに最もよいものを、1. 2. 3. 4から一つ選びなさい。
"カレーを大量に作りすぎて、一人では食べ(   )と思ったので、友人をよんで食べた。
 1. 切れるかもしれない 
 2. 切れそうにない 
 3. かねないだろう 
 4. かねないようだ",2,,問題7次の文の（ ）に入れるのに最もよいものを、1. 2. 3. 4から一つ選びなさい。
"最近は毎月決まった金額でかけ放題の国際電話サービスがある。私が留学していたときにもそんなサービスがあったら(   )。
 1. どれだけよかった 
 2. どれだけよかったか 
 3. どうしてもよかった 
 4. どうしてもよかったか",2,,問題7次の文の（ ）に入れるのに最もよいものを、1. 2. 3. 4から一つ選びなさい。
"この歌を聞く\_\_\_ \_\_\_ \___★__\_ \_\_\_ことだ。彼は
カラオケに行くと必ずこの歌を歌っていた。
 1. のは 
 2. 思い出す 
 3. たびに 
 4. 高校時代の友人の",1,,問題 8 次の文の\_★\_に入る最もよいものを、1・2・3・4・から一つ選びなさい。
"昨日、アルバイトに遅刻しそうだったので\_\_\_ \_\_\_ \___★__\_ \_\_\_結局遅刻してしまった。
 1. タクシーに乗ったら 
 2. かえって時間がかかり 
 3. 急ごうと思って 
 4. 道が渋滞していたせいで",4,,問題 8 次の文の\_★\_に入る最もよいものを、1・2・3・4・から一つ選びなさい。
"来月結婚する友人に結婚式のスピーチを頼まれた。大勢の前で話す のは\_\_\_ \_\_\_ \___★__\_ \_\_\_引き受けることにした。
 1. 悩んだのだが 
 2. と言われて 
 3. どうしても 
 4. 苦手なので",3,,問題 8 次の文の\_★\_に入る最もよいものを、1・2・3・4・から一つ選びなさい。
"先日の政治家 A 氏の発言はあまりに無責任だ。\_\_\_ \_\_\_ \___★__\_ \_\_\_、と思う。
 1. 政治家としての 
 2. うえで 
 3. 発言しなければならなかった 
 4. 自分の立場をよく考えた",2,,問題 8 次の文の\_★\_に入る最もよいものを、1・2・3・4・から一つ選びなさい。
"食事や睡眠などの生活習慣は一度乱てしまうと\_\_\_ \_\_\_ \___★__\_ \_\_\_大切だ。
 1. 規則正しい生活を 
 2. 戻そうとしても 
 3. 普段から意識することが 
 4. なかなか戻せいないので",4,,問題 8 次の文の\_★\_に入る最もよいものを、1・2・3・4・から一つ選びなさい。
"優しい子になってほしい。娘の\_\_\_ \_\_\_ \___★__\_ \_\_\_込めたからだ。
 1. 優子に 
 2. そういった願いを 
 3. 名前を 
 4. したのは",1,,問題 8 次の文の\_★\_に入る最もよいものを、1・2・3・4・から一つ選びなさい。
"日本で携帯電話が発売されて約20年。いまや携帯電話は\_\_\_ \_\_\_ \___★__\_ \_\_\_定着したといえるのではないか。
 1. に欠かせない。 
 2. 道具 
 3. として 
 4. 生活",2,,問題 8 次の文の\_★\_に入る最もよいものを、1・2・3・4・から一つ選びなさい。
"私は、スケジュール\_\_\_ \_\_\_ \___★__\_ \_\_\_常も考えながら作業をしている。
 1. どうすればいいか 
 2. どおりに 
 3. には 
 4. 仕事を進める",3,,問題 8 次の文の\_★\_に入る最もよいものを、1・2・3・4・から一つ選びなさい。
"筋肉トレーニングを\_\_\_ \_\_\_ \___★__\_ \_\_\_効果は全く違います。
 1. 今自分がどこを鍛えているのか 
 2. しているとき 
 3. しないのでは 
 4. 意識するのと",4,,問題 8 次の文の\_★\_に入る最もよいものを、1・2・3・4・から一つ選びなさい。
"「みるく屋」は、A市に\_\_\_ \_\_\_ \___★__\_ \_\_\_です。
 1. 有名な 
 2. 住んでいる人なら 
 3. 知らない人はいないくらい 
 4. お菓子屋さん",1,,問題 8 次の文の\_★\_に入る最もよいものを、1・2・3・4・から一つ選びなさい。
"(テレビドラマを見ながら)
弟 「このドラマの犯人、誰だと思う?」
兄 「\_\_\_ \_\_\_ \___★__\_ \_\_\_と思うんだけど、 ほかの人もみんな怪しいんだよなあ。」
 1. 中の 
 2. じゃないか 
 3. 誰か 
 4. 三姉妹の",3,,問題 8 次の文の\_★\_に入る最もよいものを、1・2・3・4・から一つ選びなさい。
"新しいパソコンが欲しいが、\_\_\_ \_\_\_ \___★__\_ \_\_\_、　しばらく様子を見ようと思う。
 1. 悔しいから 
 2. 新しいのが出たりしたら 
 3. 今慌てて買って 
 4. 何カ月もしないうちに",2,,問題 8 次の文の\_★\_に入る最もよいものを、1・2・3・4・から一つ選びなさい。
"お互い感情的になっていると、\_\_\_ \_\_\_ \___★__\_ \_\_\_　ものだ。
 1. うまく 
 2. 冷静に話そう 
 3. いかない 
 4. としても",1,,問題 8 次の文の\_★\_に入る最もよいものを、1・2・3・4・から一つ選びなさい。
"彼がそんなことをする人間でないことは、あなたが\_\_\_ \_\_\_ \___★__\_ \_\_\_　だ。
 1. はず 
 2. ご存じ 
 3. いちばん 
 4. の",4,,問題 8 次の文の\_★\_に入る最もよいものを、1・2・3・4・から一つ選びなさい。
"田中監督が選手たちに厳しくするのは、一度は優勝を\_\_\_ \_\_\_ \___★__\_ \_\_\_　だ。
 1. と 
 2. 経験させたい 
 3. からこそ 
 4. 願う",4,,問題 8 次の文の\_★\_に入る最もよいものを、1・2・3・4・から一つ選びなさい。
"結婚生活を送る\_\_\_ \_\_\_ \___★__\_ \_\_\_、相手への思いやりの気持ちを持つことだと思う。
 1. うえで 
 2. といえば 
 3. 大切か 
 4. 何が",3,,問題 8 次の文の\_★\_に入る最もよいものを、1・2・3・4・から一つ選びなさい。
"就職したときに\_\_\_ \_\_\_ \___★__\_ \_\_\_とうとう壊れたので、買い換えることにした。
 1. ずっと 
 2. 買って以来 
 3. かばんが 
 4. 使っていた",4,,問題 8 次の文の\_★\_に入る最もよいものを、1・2・3・4・から一つ選びなさい。
"登山には不思議な魅力がある。登っているときはこんなに\_\_\_ \_\_\_ \___★__\_ \_\_\_なぜかま
た登りたくなる。
 1. 思うのに 
 2. 二度としたくないと 
 3. 苦しいことは 
 4. 山を下りて何日かすると",1,,問題 8 次の文の\_★\_に入る最もよいものを、1・2・3・4・から一つ選びなさい。
"彫刻家川村たけるが作る動物の彫刻作品は、形はシンプル\_\_\_ \_\_\_ \___★__\_ \_\_\_生命力に
あふれている。
 1. 動き出し 
 2. そうな 
 3. ながら 
 4. 今にも",2,,問題 8 次の文の\_★\_に入る最もよいものを、1・2・3・4・から一つ選びなさい。
"ビジネスで成功できる人とできない人の違いは、どんなに大変な状況でもあきらめずに\_\_\_ \_\_\_ \___★__\_ \_\_\_と思う。
 1. かどうか 
 2. 取り組める 
 3. にある 
 4. 最後まで",3,,問題 8 次の文の\_★\_に入る最もよいものを、1・2・3・4・から一つ選びなさい。
"料理の面白いところは、安い材料でも\_\_\_ \_\_\_ \___★__\_ \_\_\_ができるところで
 1. ごちそう 
 2. 工夫 
 3. 豪華な 
 4. 次第で",3,,問題 8 次の文の\_★\_に入る最もよいものを、1・2・3・4・から一つ選びなさい。
"田中:「昨日は、息子の高校の入学式だったんですよ。」
山田: 「田中さんの\_\_\_ \_\_\_ \___★__\_ \_\_\_ですか。良いですね。
 1. もう 
 2. 息子さん 
 3. 高校生 
 4. も",1,,問題 8 次の文の\_★\_に入る最もよいものを、1・2・3・4・から一つ選びなさい。
"世界名国の国会議員選挙における投票率 を世代ごとに見ること、若い世代の\_\_\_ \_\_\_ \___★__\_ \_\_\_ことがわかる。
 1. 我が国に限らず 
 2. 傾向がある 
 3. 投票率は 
 4. 相当的に低い",4,,問題 8 次の文の\_★\_に入る最もよいものを、1・2・3・4・から一つ選びなさい。
"5 歳の娘は、私と同じ警察官になりたいと言っている。本当に将来\_\_\_ \_\_\_ \___★__\_ \_\_\_感激した。
 1. 別として 
 2. そんなことを 
 3. 言ってくれたことに 
 4. なるかどうかは",2,,問題 8 次の文の\_★\_に入る最もよいものを、1・2・3・4・から一つ選びなさい。
"試合に負けて本当は\_\_\_ \_\_\_ \___★__\_ \_\_\_表情だったのは、「つらいときこそ明るく」というのが監督の方針だからだそうだ。
 1. 悔しいはずの 
 2. 明るい 
 3. なぜか 
 4. 選手たちが",1,,問題 8 次の文の\_★\_に入る最もよいものを、1・2・3・4・から一つ選びなさい。
"「わたし、辛いものを食べると、\_\_\_ \_\_\_ \___★__\_ \_\_\_せきが出るんです。」
 1. ほど 
 2. 必ず 
 3. いい 
 4. といって",3,,問題 8 次の文の\_★\_に入る最もよいものを、1・2・3・4・から一つ選びなさい。
"(学校の正門で)
A「みんないますか。」
B「田中さんがいません。」
A 「授業のあと\_\_\_ \_\_\_ \___★__\_ \_\_\_のかな。」
 1. なっていたのに 
 2. 一人で行っちゃった 
 3. ここで待ち合わせて 
 4. 一緒に行くことに",1,,問題 8 次の文の\_★\_に入る最もよいものを、1・2・3・4・から一つ選びなさい。
"A 「あ、今から行く博物館、一週間前に予約してないと入れないってガイドブックに書いてあるよ。」B 「え、そうなの?困ったなあ。」A 「行く\_\_\_ \_\_\_ \___★__\_ \_\_\_みようか。」
 1. 行って 
 2. だけ 
 3. 交渉して 
 4. 入れてもらえないか",4,,問題 8 次の文の\_★\_に入る最もよいものを、1・2・3・4・から一つ選びなさい。
"(電話で)

A 「すみません、来週の2時からの会議ですが、その時間、別の用件が入ってしまいまして・・・。もしそちらのご部合が\_\_\_ \_\_\_ \___★__\_ \_\_\_、いかがでしよ うか。」
B 「こちらは大丈夫ですよ。」
 1. ありがたいんですが 
 2. 変更していただけると 
 3. 4時以降に 
 4. よろしければ",2,,問題 8 次の文の\_★\_に入る最もよいものを、1・2・3・4・から一つ選びなさい。
"このコンサートの警備には、警備員\_\_\_ \_\_\_ \___★__\_ \_\_\_十分です。
 1. いれば 
 2. も 
 3. が 
 4. 20人",2,,問題 8 次の文の\_★\_に入る最もよいものを、1・2・3・4・から一つ選びなさい。
"A「あ、飲み物がなくなってしまいましたね。」
B「じゃあ、私がちょっとコンビニに\_\_\_ \_\_\_ \___★__\_ \_\_\_いてください。」
A「私もいっしょに買いに行きますよ。」
 1. きますから 
 2. 行って 
 3. 待って 
 4. 買って",4,,問題 8 次の文の\_★\_に入る最もよいものを、1・2・3・4・から一つ選びなさい。
"この計画をこのまま\_\_\_ \_\_\_ \___★__\_ \_\_\_だろう。
 1. 必要がある 
 2. いずれにしても 
 3. 早急に結論を出す 
 4. 進めるかやめるか",3,,問題 8 次の文の\_★\_に入る最もよいものを、1・2・3・4・から一つ選びなさい。
"「来週の登山の持ち物について質問があります。配られたプリントに、ピニール袋を持参 ____  _____  \_\_\_ \_\_\_ \___★__\_ \_\_\_ _____ 足りるのでしょうか。」
 1. ありますが 
 2. だいたい何枚ぐらい 
 3. のことと 
 4. 用意すれば",2,,問題 8 次の文の\_★\_に入る最もよいものを、1・2・3・4・から一つ選びなさい。
"何か目的があって\_\_\_ \_\_\_ \___★__\_ \_\_\_ということがよくある。
 1. 何をしに行ったのか 
 2. 忘れてしまう 
 3. はずなのに 
 4. その場所に行った",1,,問題 8 次の文の\_★\_に入る最もよいものを、1・2・3・4・から一つ選びなさい。
"日本の食卓(しょくたく)に\_\_\_ \_\_\_ \___★__\_ \_\_\_大豆だが、日本国内で作られているも のはわずかで、その多くを海外からの輸入に頼っているという。
 1. 欠かせない 
 2. 原料となる 
 3. 調味料の 
 4. みそやしょうゆといった",3,,問題 8 次の文の\_★\_に入る最もよいものを、1・2・3・4・から一つ選びなさい。
"不調だった山中選手がついにゴールを決めた。彼に\_\_\_ \_\_\_ \___★__\_ \_\_\_相当あったはずだ。
 1. したら 
 2. という 
 3. プレッシャーは 
 4. 「もし、またミスをしたら」",2,,問題 8 次の文の\_★\_に入る最もよいものを、1・2・3・4・から一つ選びなさい。
"「これは地元ではよく知られた料理で、このすっぱさがおいしい。ただ、\_\_\_ \_\_\_ \___★__\_ \_\_\_増えていることだね。」と田中さんは語る。
 1. なんていう 
 2. 残念なのは 
 3. 若者が最近 
 4. すっぱいのが苦手だ",1,,問題 8 次の文の\_★\_に入る最もよいものを、1・2・3・4・から一つ選びなさい。
"忘れられないプレゼントは、小学生のときに両親が買ってくれた自転車です。苦しい生活の中、\_\_\_ \_\_\_ \___★__\_ \_\_\_涙が出ます。
 1. それだけで 
 2. どんな思いで 
 3. 買ってくれたのかと 
 4. 思うと",4,,問題 8 次の文の\_★\_に入る最もよいものを、1・2・3・4・から一つ選びなさい。
"最近、子どもがピアノを習いたいと言いだした。わたしは、子どもが\_\_\_ \_\_\_ \___★__\_ \_\_\_と思っている。
 1. したい 
 2. やりたい 
 3. やらせて 
 4. と思うことは",3,,問題 8 次の文の\_★\_に入る最もよいものを、1・2・3・4・から一つ選びなさい。
"国民の、政治\_\_\_ \_\_\_ \___★__\_ \_\_\_政治家は指導力を発揮できるのだ。
 1. 初めて 
 2. に対する 
 3. があって 
 4. 信頼",3,,問題 8 次の文の\_★\_に入る最もよいものを、1・2・3・4・から一つ選びなさい。
"もう酒は飲まないと \_\_\_ \_\_\_ \___★__\_ \_\_\_ 絶対に守りたい。
 1. 決めた 
 2. どんなに 
 3. 以上は 
 4. 勧誘れても",3,,問題 8 次の文の\_★\_に入る最もよいものを、1・2・3・4・から一つ選びなさい。
"必要のない物でも、欲しくなると\_\_\_ \_\_\_ \___★__\_ \_\_\_しまう。
 1. 買わずには 
 2. すぐ買って 
 3. いられなく 
 4. なって",4,,問題 8 次の文の\_★\_に入る最もよいものを、1・2・3・4・から一つ選びなさい。
"パンコンの電源を入れたのだが、画面に「お待ちください」という\_\_\_ \_\_\_ \___★__\_ \_\_\_電源を入れ直した。
 1. 待っても 
 2. 何分 
 3. メッセージが出たまま 
 4. 先に進まないので",1,,問題 8 次の文の\_★\_に入る最もよいものを、1・2・3・4・から一つ選びなさい。
"(電話で)

A「すみません、来週の 2 時からの会議ですが、その時間、別の用件が入ってしまいまして、もしそちらのご都合が\_\_\_ \_\_\_ \___★__\_ \_\_\_、いかがでしょうか。」
B「こちらは大丈夫ですよ。」
 1. ありがたいんですが 
 2. 変更していただけると 
 3. 4時以降に 
 4. よろしければ",2,,問題 8 次の文の\_★\_に入る最もよいものを、1・2・3・4・から一つ選びなさい。
"20 年前に初めてこの歌手の歌を聴いたとき、 ___  \_\_\_ \_\_\_ \___★__\_ \_\_\_
 1. と思った 
 2. よく覚えている 
 3. のを 
 4. なんと美しい声なんだろう",2,,問題 8 次の文の\_★\_に入る最もよいものを、1・2・3・4・から一つ選びなさい。
"もうすぐ高校卒業だ。この学校で先生や友達と過ごす\_\_\_ \_\_\_ \___★__\_ \_\_\_。
 1. あと数週間だ 
 2. と思うと 
 3. のも 
 4. 寂しさが増している",1,,問題 8 次の文の\_★\_に入る最もよいものを、1・2・3・4・から一つ選びなさい。
"A:サラリーマンから農家\_\_\_ \_\_\_ \___★__\_ \_\_\_があるんだね。
 B:自分の夢をどうしてもあきらめきれなくてね。
 1. 勇気 
 2. とは 
 3. ずいぶん 
 4. になる",3,,問題 8 次の文の\_★\_に入る最もよいものを、1・2・3・4・から一つ選びなさい。
"遠足の日の朝、娘は、「いってきます」と\_\_\_ \_\_\_ \___★__\_ \_\_\_
飛び出していった。
 1. 終わらないか 
 2. 言い終わるか 
 3. 玄関を 
 4. のうちに",4,,問題 8 次の文の\_★\_に入る最もよいものを、1・2・3・4・から一つ選びなさい。
"参考書を読んで完壁に\_\_\_ \_\_\_ \___★__\_ \_\_\_ということがよくある。
 1. 理解した 
 2. できない 
 3. 問題を解いて見ると 
 4. つもりでも",3,,問題 8 次の文の\_★\_に入る最もよいものを、1・2・3・4・から一つ選びなさい。
"この池に\_\_\_ \_\_\_ \___★__\_ \_\_\_そうだ。
 1. ものもいる 
 2. 魚の中には 
 3. すむ 
 4. 100 年以上生きる",4,,問題 8 次の文の\_★\_に入る最もよいものを、1・2・3・4・から一つ選びなさい。
"狭い部屋でもテーブルの上に物を置かない\_\_\_ \_\_\_ \___★__\_ \_\_\_本に書いて あった。
 1. だけで 
 2. ようになると 
 3. ようにする 
 4. 広く感じられる",4,,問題 8 次の文の\_★\_に入る最もよいものを、1・2・3・4・から一つ選びなさい。
"レストランでアルバイトを始めてから\_\_\_ \_\_\_ \___★__\_ \_\_\_ミスまでしてしまった。
 1. 今日で1年たつのに 
 2. 皿を割るという 
 3. うえに 
 4. 客の注文を間違えた",3,,問題 8 次の文の\_★\_に入る最もよいものを、1・2・3・4・から一つ選びなさい。
"大雨の中を傘を差さずに\_\_\_ \_\_\_ \___★__\_ \_\_\_今朝からずっと鼻水が止まらない。
 1. 風邪が 
 2. 治りかけていた 
 3. またひどくなって 
 4. 帰ったせいか",1,,問題 8 次の文の\_★\_に入る最もよいものを、1・2・3・4・から一つ選びなさい。
"\_\_\_ \_\_\_ \___★__\_ \_\_\_ものが思い浮かぶと思いますが、大豆にもたくさん含まれています。
 1. 肉や魚や卵といった 
 2. たんぱく質が 
 3. 食べ物というと 
 4. 多く含まれる",3,,問題 8 次の文の\_★\_に入る最もよいものを、1・2・3・4・から一つ選びなさい。
"イベントの準備には\_\_\_ \_\_\_ \___★__\_ \_\_\_スケジュールに余裕ができた。
 1. 二日はかかるだろうと思われたが 
 2. 多くのボランティアの方の協力で 
 3. 最低でも 
 4. 一日で終わったので",2,,問題 8 次の文の\_★\_に入る最もよいものを、1・2・3・4・から一つ選びなさい。
"この国でサッカー\_\_\_ \_\_\_ \___★__\_ \_\_\_野球だ。
 1. スポーツ 
 2. に次いで 
 3. といえば 
 4. 人気のある",1,,問題 8 次の文の\_★\_に入る最もよいものを、1・2・3・4・から一つ選びなさい。
"田中「あれ？木村さん、だいぶ髪が伸びましたね」
木村「ええ、半年前に\_\_\_ \_\_\_ \___★__\_ \_\_\_ないんですよ。」
 1. きり 
 2. 一度も 
 3. 切って 
 4. 切った",2,,問題 8 次の文の\_★\_に入る最もよいものを、1・2・3・4・から一つ選びなさい。
"私たちの学校には指導熱心な先生方が多いが、中でも、経験豊富な\_\_\_ \_\_\_ \___★__\_ \_\_\_信頼も厚い。
 1. 生徒は 
 2. 山田先生は 
 3. もとより 
 4. 保護者からの",3,,問題 8 次の文の\_★\_に入る最もよいものを、1・2・3・4・から一つ選びなさい。
"宇宙にはこれだけ\_\_\_ \_\_\_ \___★__\_ \_\_\_としても不思議ではないと思う。
 1. 多くの星がある 
 2. 生物がいた 
 3. のだから 
 4. どこかの星に",4,,問題 8 次の文の\_★\_に入る最もよいものを、1・2・3・4・から一つ選びなさい。
"仕事の\_\_\_ \_\_\_ \___★__\_ \_\_\_山田さんと林さんだが、プライベートではとても仲がいい。
 1. 対立する 
 2. ことの 
 3. 上では 
 4. 多い",2,,問題 8 次の文の\_★\_に入る最もよいものを、1・2・3・4・から一つ選びなさい。
"A「じゃあ、そろそろ帰るね。お茶、ごちそうさまでした。」 B「え、もう帰るの? せっかく\_\_\_ \_\_\_ \___★__\_ \_\_\_いいのに。」
 1. もう少し 
 2. いけば 
 3. 来たんだから 
 4. ゆっくりして",1,,問題 8 次の文の\_★\_に入る最もよいものを、1・2・3・4・から一つ選びなさい。
"レポートを作成\_\_\_ \_\_\_ \___★__\_ \_\_\_ことは、事実なのか意見なのかを明確にすることだ。
 1. 注意 
 2. 上で 
 3. する 
 4. すべき",1,,問題 8 次の文の\_★\_に入る最もよいものを、1・2・3・4・から一つ選びなさい。
"私は、どんなに\_\_\_ \_\_\_ \___★__\_ \_\_\_
 1. つらいことがあっても 
 2. いつもにこにこしている 
 3. 石川さんを尊敬している 
 4. そんな様子を全く見せず",2,,問題 8 次の文の\_★\_に入る最もよいものを、1・2・3・4・から一つ選びなさい。
"A「サラリーマンから農家\_\_\_ \_\_\_ \___★__\_ \_\_\_があるんだね。」 B「自分の夢をどうしてもあきらめきれなくてね。」
 1. 勇気 
 2. とは 
 3. ずいぶん 
 4. になる",3,,問題 8 次の文の\_★\_に入る最もよいものを、1・2・3・4・から一つ選びなさい。
"A「昨日、また仕事で失敗しちゃったんだよね。この仕事、私には向いていな いんだろうね。やっぱり転職しようかな。」 B「私は反対しないよ。本当に向いていないと\_\_\_ \_\_\_ \___★__\_ \_\_\_思うから ね。」
 1. こともないと 
 2. 思う 
 3. んだったら 
 4. 続ける",4,,問題 8 次の文の\_★\_に入る最もよいものを、1・2・3・4・から一つ選びなさい。
"一人暮らしを始めたころは、料理も洗濯もすべて自分でするのが大変で、これまでずっと\_\_\_ \_\_\_ \___★__\_ \_\_\_。
 1. 環境にいたか 
 2. 毎日だった 
 3. どんなに恵まれた 
 4. と感じさせられる",1,,問題 8 次の文の\_★\_に入る最もよいものを、1・2・3・4・から一つ選びなさい。
"このお菓子はとても簡単に作れるから初心者でも失敗する\_\_\_ \_\_\_ \___★__\_ \_\_\_友人の話を聞いて、作ってみようと思った。
 1. ことは 
 2. という 
 3. ない 
 4. まず",4,,問題 8 次の文の\_★\_に入る最もよいものを、1・2・3・4・から一つ選びなさい。
"近所のスーパーの隣にはクリーニング屋がある。スーパーもクリーニング屋も私が\_\_\_ \_\_\_ \___★__\_ \_\_\_助かる。
 1. 開いていて 
 2. 買い物するついでに 
 3. 預けた服を取りに行けるのが 
 4. 仕事から帰る時間でも",2,,問題 8 次の文の\_★\_に入る最もよいものを、1・2・3・4・から一つ選びなさい。
"薬を正しく\_\_\_ \_\_\_ \___★__\_ \_\_\_状態を悪化させてしまう危険もある。
 1. 効果が 
 2. 飲まないと 
 3. 得られるはずの 
 4. 得られないだけでなく",1,,問題 8 次の文の\_★\_に入る最もよいものを、1・2・3・4・から一つ選びなさい。
"いつ行っても長い行列ができているラーメン屋なのに\_\_\_ \_\_\_ \___★__\_ \_\_\_だ。
 1. 行ったから 
 2. 何時ごろがすいているか 
 3. 事前に確認してから 
 4. 今回あまり並ばないで済んだのは",3,,問題 8 次の文の\_★\_に入る最もよいものを、1・2・3・4・から一つ選びなさい。
"(45).X社から新しく発売される腕時計は、これまでのどの時計にも\_\_\_ \_\_\_ \___★__\_ \_\_\_そうで、非常に楽しみだ。
 1. なっている 
 2. デザインに 
 3. なかった 
 4. 全く新しい",2,,問題 8 次の文の\_★\_に入る最もよいものを、1・2・3・4・から一つ選びなさい。
"(46).姉の\_\_\_ \_\_\_ \___★__\_ \_\_\_、私にはとてもできない。
 1. 欠かさず 
 2. ように 
 3. 10年以上一日も 
 4. 日記を書くなんて",1,,問題 8 次の文の\_★\_に入る最もよいものを、1・2・3・4・から一つ選びなさい。
"(47) 朝、開花したときには\_\_\_ \_\_\_ \___★__\_ \_\_\_珍しい花があります。
 1. 花が 
 2. 真っ白だった 
 3. 次第にピンクへと変化していく 
 4. 夕方が近づくにつれて",4,,問題 8 次の文の\_★\_に入る最もよいものを、1・2・3・4・から一つ選びなさい。
"(48) 部下の作った書類にミスがあるとき、部下にもう一度\_\_\_ \_\_\_ \___★__\_ \_\_\_多い
 1. 書き直させるより 
 2. つい自分で直してしまうことも 
 3. 早いと思って 
 4. 自分でやってしまったほうが",3,,問題 8 次の文の\_★\_に入る最もよいものを、1・2・3・4・から一つ選びなさい。
"(49).友人に\_\_\_ \_\_\_ \___★__\_ \_\_\_が、やってみたら意外に面白くて、自分に向いていると感じた。
 1. 塾講師の仕事だった 
 2. どうしても 
 3. 引き受けた 
 4. と頼まれて",3,,問題 8 次の文の\_★\_に入る最もよいものを、1・2・3・4・から一つ選びなさい。
"良い\_\_\_ \_\_\_ \___★__\_ \_\_\_増加は期待できない。
 1. その良さが 
 2. 客に伝わらなければ 
 3. 売り上げの 
 4. 商品やサービスであっても",1,,問題 8 次の文の\_★\_に入る最もよいものを、1・2・3・4・から一つ選びなさい。
"先輩の家にはオルガンがある。5年前に\_\_\_ \_\_\_ \___★__\_ \_\_\_だと言っていた。
 1. もらったときに 
 2. 一度弾(ひ)いたきり 
 3. 海外に引っ越した 
 4. 友達からもらったもので",4,,問題 8 次の文の\_★\_に入る最もよいものを、1・2・3・4・から一つ選びなさい。
"雑誌か\_\_\_ \_\_\_ \___★__\_ \_\_\_人との出会いだとインタビューに答えていたのを見て、本当にそうだなと思った。
 1. 自分にとって 
 2. 何かで 
 3. 人生で一番大切なのは 
 4. 誰かが",4,,問題 8 次の文の\_★\_に入る最もよいものを、1・2・3・4・から一つ選びなさい。
"なかなか\_\_\_ \_\_\_ \___★__\_ \_\_\_行けることになった。
 1. ようやく 
 2. 行けなかった 
 3. レストランに 
 4. 予約がとれなくて",3,,問題 8 次の文の\_★\_に入る最もよいものを、1・2・3・4・から一つ選びなさい。
"なぜときどき駅ですれ違う\_\_\_ \_\_\_ \___★__\_ \_\_\_自分でもよくわからない。
 1. だけの 
 2. こんなに気になる 
 3. のか 
 4. 彼女のことが",2,,問題 8 次の文の\_★\_に入る最もよいものを、1・2・3・4・から一つ選びなさい。
"「さわら」という魚は、 漢字で「鰆」 と書く\_\_\_ \_\_\_ \___★__\_ \_\_\_魚の一つです。
 1. ように 
 2. わかる。 
 3. ことから 
 4. 春を代表する",2,,問題 8 次の文の\_★\_に入る最もよいものを、1・2・3・4・から一つ選びなさい。
"会議での西山さんのプレゼンは、普段はなかなか\_\_\_ \_\_\_ \___★__\_ \_\_\_素晴らしかった。
 1. ぐらい 
 2. 部長が 
 3. 慰める 
 4. 褒めることがない",3,,問題 8 次の文の\_★\_に入る最もよいものを、1・2・3・4・から一つ選びなさい。
"同じ高温\_\_\_ \_\_\_ \___★__\_ \_\_\_は大きく変わる。
 1. 感じ方 
 2. でも 
 3. 温度や風の強さなど 
 4. によって",4,,問題 8 次の文の\_★\_に入る最もよいものを、1・2・3・4・から一つ選びなさい。
"「山川大学アニメ研究会」は\_\_\_ \_\_\_ \___★__\_ \_\_\_できた団体です。
 1. 学生が 
 2. 集まって 
 3. アニメが 
 4. 好きでたまらないという",1,,問題 8 次の文の\_★\_に入る最もよいものを、1・2・3・4・から一つ選びなさい。
"雪会社の今井先輩は、自分はミスが多いといつも言っているが、\_\_\_ \_\_\_ \___★__\_ \_\_\_ように見える。
 1. 新人で 
 2. 何でも完璧にできている 
 3. 私からすると 
 4. わからないことばかりの",3,,問題 8 次の文の\_★\_に入る最もよいものを、1・2・3・4・から一つ選びなさい。
"このパン屋では、原料の\_\_\_ \_\_\_ \___★__\_ \_\_\_一つ一つ丁寧にパンを作っているそうだ。
 1. こだわって 
 2. 小麦粉は 
 3. 水にまで 
 4. もちろん",3,,問題 8 次の文の\_★\_に入る最もよいものを、1・2・3・4・から一つ選びなさい。
"昨日は、 梅雨の\_\_\_ \_\_\_ \___★__\_ \_\_\_、久しぶりに洗濯物を外に干すことができた。
 1. いい天気で 
 2. 時期にしては 
 3. この 
 4. 珍しく",4,,問題 8 次の文の\_★\_に入る最もよいものを、1・2・3・4・から一つ選びなさい。
"今回のセミナーの開催日が人の\_\_\_ \_\_\_ \___★__\_ \_\_\_参加者が集まったのは大成功といえる。
 1. 集まりにくい 
 2. ことを考えると 
 3. 平日だった 
 4. 200名もの",2,,問題 8 次の文の\_★\_に入る最もよいものを、1・2・3・4・から一つ選びなさい。
"人には\_\_\_ \_\_\_ \___★__\_ \_\_\_気づくのは難しい。
 1. 良さがあるというが 
 2. 誰にでも 
 3. その人にしかない 
 4. 自分でそれに",1,,問題 8 次の文の\_★\_に入る最もよいものを、1・2・3・4・から一つ選びなさい。
"昨日の晩、 目覚まし時計をセットのを忘れてしまい、今朝は寝坊してしまった。 それでも\_\_\_ \_\_\_ \___★__\_ \_\_\_からだ。
 1. のは 
 2. たまたまかかってきた 
 3. 電話に起こされた 
 4. 遅刻をせずに済んだ",2,,問題 8 次の文の\_★\_に入る最もよいものを、1・2・3・4・から一つ選びなさい。
"他社からの質問や問い合わせには、一度社内で\_\_\_ \_\_\_ \___★__\_ \_\_\_できないことになっています。
 1. 検討 
 2. 回答 
 3. でないと 
 4. してから",3,,問題 8 次の文の\_★\_に入る最もよいものを、1・2・3・4・から一つ選びなさい。
"昨日の夜は、11時までには\_\_\_ \_\_\_ \___★__\_ \_\_\_、結局寝たのは1時だった。
 1. つい 
 2. 寝ようと 
 3. 思いつつ 
 4. テレビを見続けてしまい",1,,問題 8 次の文の\_★\_に入る最もよいものを、1・2・3・4・から一つ選びなさい。
"私は、新しいことにチャレンジするときでも悩まない。\_\_\_ \_\_\_ \___★__\_ \_\_\_と思っているからだ。
 1. まずやってみて 
 2. もう一度考えればいい 
 3. うまくいかなかったら 
 4. そのときにどうしたらいいか",4,,問題 8 次の文の\_★\_に入る最もよいものを、1・2・3・4・から一つ選びなさい。
"家の近くの本屋では\_\_\_ \_\_\_ \___★__\_ \_\_\_少し遠いけど行ってみようと思う。
 1. 買えなかった漫画の最新号が 
 2. まだ買えるらしいので 
 3. もう売り切れていて 
 4. 隣町の ABC 書店に行けば",4,,問題 8 次の文の\_★\_に入る最もよいものを、1・2・3・4・から一つ選びなさい。
"話題のカレー屋さんを初訪問。野菜の\_\_\_ \_\_\_ \___★__\_ \_\_\_「夏限定ベジタブルカレー」。評判どおりのおいしさだった。
 1. 中で 
 2. 私が選んだのは、 
 3. 夏の野菜がたっぷり入った 
 4. カレーがいくつかある",2,,問題 8 次の文の\_★\_に入る最もよいものを、1・2・3・4・から一つ選びなさい。
"昨日、初めてパンを作ってみた。料理雑誌の\_\_\_ \_\_\_ \___★__\_ \_\_\_、うまく膨らまなかった。
 1. のに 
 2. レシピに書いてある 
 3. とおりに 
 4. 作った",3,,問題 8 次の文の\_★\_に入る最もよいものを、1・2・3・4・から一つ選びなさい。
"「10 倍がゆ」とは、\_\_\_ \_\_\_ \___★__\_ \_\_\_おかゆのことです。
 1. 作った 
 2. 水で 
 3. 10 倍の 
 4. 米に対して",2,,問題 8 次の文の\_★\_に入る最もよいものを、1・2・3・4・から一つ選びなさい。
"私が 就職した商社は、大手の\_\_\_ \_\_\_ \___★__\_ \_\_\_新人でも大きな仕事を任
せてもらえるので、やりがいがある。
 1. 決して 
 2. 商社に比べると 
 3. やる気があれば 
 4. 規模は大きくないが",4,,問題 8 次の文の\_★\_に入る最もよいものを、1・2・3・4・から一つ選びなさい。
"彼女は 1970 年代に活躍したジャズピアニストで、この人\_\_\_ \_\_\_ \___★__\_ \_\_\_大きな存在だった。
 1. 語れない 
 2. 日本のジャズは 
 3. 抜きには 
 4. というほど",1,,問題 8 次の文の\_★\_に入る最もよいものを、1・2・3・4・から一つ選びなさい。
"贈り物をするときは、自分の勝手な\_\_\_ \_\_\_ \___★__\_ \_\_\_、相手の趣味や都合
をよく考えて決めましょう。
 1. 思い込みだけで 
 2. 喜ばれるどころか 
 3. 迷惑をかけることもあるので 
 4. 品物を選ぶと",2,,問題 8 次の文の\_★\_に入る最もよいものを、1・2・3・4・から一つ選びなさい。
"長く使っている電子レンジが壊れてしまった。 古いものだし、修理に\_\_\_ \_\_\_ \___★__\_ \_\_\_買い替えたほうがいいかもしれない。
 1. もう 
 2. 考えると 
 3. かかる 
 4. 費用を",2,,問題 8 次の文の\_★\_に入る最もよいものを、1・2・3・4・から一つ選びなさい。
"娘「今度のスピーチコンテスト、参加しようかなあ。 でも、自信ないなあ。」
母「チャレンジ\_\_\_ \_\_\_ \___★__\_ \_\_\_?いい経験になると思うよ。」
 1. だけ 
 2. みたら 
 3. する 
 4. して",4,,問題 8 次の文の\_★\_に入る最もよいものを、1・2・3・4・から一つ選びなさい。
"このドレスを着ると、\_\_\_ \_\_\_ \___★__\_ \_\_\_気分になる。
 1. 映画か何かに 
 2. なったような 
 3. 出てくる 
 4. お姫様にでも",4,,問題 8 次の文の\_★\_に入る最もよいものを、1・2・3・4・から一つ選びなさい。
"昨日は「母の日」だったので、いつもおいしいお弁当を\_\_\_ \_\_\_ \___★__\_ \_\_\_母が欲しがっていたアクセサリーをプレゼントした。
 1. 感謝の 
 2. 作ってくれて 
 3. ありがとうという 
 4. 気持ちを込めて",1,,問題 8 次の文の\_★\_に入る最もよいものを、1・2・3・4・から一つ選びなさい。
"学生時代は、周りの人から、無理して人に合わせようと\_\_\_ \_\_\_ \___★__\_ \_\_\_することが多かった。
 1. 言えずに 
 2. 気にするあまり 
 3. 自分の本当の気持ちを 
 4. 自分がどう思われているかを",3,,問題 8 次の文の\_★\_に入る最もよいものを、1・2・3・4・から一つ選びなさい。
"A:「先週の授業、 どこまで進んだ?」
 B:「3課の文法の練習問題を\_\_\_ \_\_\_ \___★__\_ \_\_\_終わったよ。」
 1. で 
 2. 解いた 
 3. ところ 
 4. まで",4,,問題 8 次の文の\_★\_に入る最もよいものを、1・2・3・4・から一つ選びなさい。
"ひとくちに\_\_\_ \_\_\_ \___★__\_ \_\_\_材料はさまざまだ。
 1. それぞれの店 
 2. といっても 
 3. によって 
 4. カレーライス",2,,問題 8 次の文の\_★\_に入る最もよいものを、1・2・3・4・から一つ選びなさい。
"田中さんはいつも\_\_\_ \_\_\_ \___★__\_ \_\_\_自分では何もしない。
 1. 文句を言う 
 2. ばかりで 
 3. 人の 
 4. やることに",1,,問題 8 次の文の\_★\_に入る最もよいものを、1・2・3・4・から一つ選びなさい。
"A: 「この『りかい』という言葉はどういう意味ですか。」

B: 「ああ、確か 『わかる』\_\_\_ \_\_\_ \___★__\_ \_\_\_んですけど。」
 1. 意味だった 
 2. という 
 3. ような 
 4. と思う",3,,問題 8 次の文の\_★\_に入る最もよいものを、1・2・3・4・から一つ選びなさい。
"毎年、合格者の80パーセントが\_\_\_ \_\_\_ \___★__\_ \_\_\_この試験に合格するのは簡単ではないだろう。
 1. 実務経験者という 
 2. 私が 
 3. ことからすると 
 4. 未経験者の",4,,問題 8 次の文の\_★\_に入る最もよいものを、1・2・3・4・から一つ選びなさい。
"（教室で）
生徒「これからご紹介するのは、私が新しい単語を覚える\_\_\_ \_\_\_ \___★__\_ \_\_\_思いついた方法です。皆 さんも、ぜひ試してみてください。」
 1. のに 
 2. とあれこれ考えた 
 3. 末に 
 4. いい方法はないか",1,,問題 8 次の文の\_★\_に入る最もよいものを、1・2・3・4・から一つ選びなさい。
"講師「片付けが苦手という話をよく聞きますが、それは\_\_\_ \_\_\_ \___★__\_ \_\_\_だけなので、やり方を 身につければ必ず片付けられるようになります。」
 1. 決して 
 2. やり方を知らない 
 3. ではなく 
 4. 性格や能力の問題",4,,問題 8 次の文の\_★\_に入る最もよいものを、1・2・3・4・から一つ選びなさい。
"X市には、市民のための文化施設が\_\_\_ \_\_\_ \___★__\_ \_\_\_行っている。
 1. はじめとした 
 2. 二つあり 
 3. さまざまな催しを 
 4. 音楽コンサートを",4,,問題 8 次の文の\_★\_に入る最もよいものを、1・2・3・4・から一つ選びなさい。
"おなかがすいている\_\_\_ \_\_\_ \___★__\_ \_\_\_だろう。
 1. どうして 
 2. おなかが鳴るのは 
 3. でもないのに 
 4. わけ",2,,問題 8 次の文の\_★\_に入る最もよいものを、1・2・3・4・から一つ選びなさい。
"\_\_\_ \_\_\_ \___★__\_ \_\_\_先週から工事で休業中なので、今回は別のホテルに泊まることにした。
 1. 泊まっている 
 2. たびに 
 3. Yホテルが 
 4. 出張に行く",1,,問題 8 次の文の\_★\_に入る最もよいものを、1・2・3・4・から一つ選びなさい。
"どんなスポーツでも、日々の練習が\_\_\_ \_\_\_ \___★__\_ \_\_\_行うと時間をかけてもなかなか上達しない。
 1. もちろんだが 
 2. 欠かせないのは 
 3. 上達に 
 4. 間違った方法で",2,,問題 8 次の文の\_★\_に入る最もよいものを、1・2・3・4・から一つ選びなさい。
"姉は歌手の赤川ケイの大ファンで、彼女の\_\_\_ \_\_\_ \___★__\_ \_\_\_知りたいと言っている。
 1. ことなら 
 2. 小さな 
 3. ことでも 
 4. どんなに",2,,問題 8 次の文の\_★\_に入る最もよいものを、1・2・3・4・から一つ選びなさい。
"明日の夕方が締め切りのレポートがまだ終わっていない。 明日は一日中授業?で時間がとれないので、今晩、\_\_\_ \_\_\_ \___★__\_ \_\_\_といけない。
 1. 終わらせて 
 2. 徹夜して 
 3. でも 
 4. しまわない",1,,問題 8 次の文の\_★\_に入る最もよいものを、1・2・3・4・から一つ選びなさい。
"田中さんは\_\_\_ \_\_\_ \___★__\_ \_\_\_、冬はいつもみかん を大量に買うそうだ。
 1. 食べ出すと 
 2. 一度 
 3. みかんが好きらしく 
 4. 止まらないほど",4,,問題 8 次の文の\_★\_に入る最もよいものを、1・2・3・4・から一つ選びなさい。
"私は、中学生になったころから\_\_\_ \_\_\_ \___★__\_ \_\_\_医者になろうと決めていた。
 1. 将来 
 2. 医学に興味を持ち始め 
 3. 高校に入ったときには 
 4. 次第に",3,,問題 8 次の文の\_★\_に入る最もよいものを、1・2・3・4・から一つ選びなさい。
"山や植物の写真家\_\_\_ \_\_\_ \___★__\_ \_\_\_写真展が15日からABCデパートで開催される。
 1. として 
 2. の 
 3. 岩本まさき氏 
 4. 有名な",2,,問題 8 次の文の\_★\_に入る最もよいものを、1・2・3・4・から一つ選びなさい。
"子供のころは、1年が長く感じられたのに、年をとる\_\_\_ \_\_\_ \___★__\_ \_\_\_だろうか。
 1. のは 
 2. につれて 
 3. なぜ 
 4. 短く感じるようになる",1,,問題 8 次の文の\_★\_に入る最もよいものを、1・2・3・4・から一つ選びなさい。
"情報をどのような\_\_\_ \_\_\_ \___★__\_ \_\_\_が変わってくるので、順番を意識して話す必要がある。
 1. 相手の受け止め方 
 2. 提示するか 
 3. によって 
 4. 順番で",3,,問題 8 次の文の\_★\_に入る最もよいものを、1・2・3・4・から一つ選びなさい。
"日本では、99歳のお祝いを「白寿」と言います。
「百」の字から「一」をとる\_\_\_ \_\_\_ \___★__\_ \_\_\_そう呼ばれています。
 1. と 
 2. 字になる 
 3. ことから 
 4. 「白」という",2,,問題 8 次の文の\_★\_に入る最もよいものを、1・2・3・4・から一つ選びなさい。
"講師「最初は\_\_\_ \_\_\_ \___★__\_ \_\_\_気になってくるということはありませんか。このような心理現象を『ザイオンス効果』と言います。」
 1. うちに 
 2. 全く興味がなかった 
 3. 商品なのに 
 4. CMなどで何度か見ている",4,,問題 8 次の文の\_★\_に入る最もよいものを、1・2・3・4・から一つ選びなさい。
"A「夏休み、あしたで終わりだね」B「そうだね。でもまだ\_\_\_ \_\_\_ \___★__\_ \_\_\_休みたいよね。」
 1. ぐらい 
 2. 1週間 
 3. あと 
 4. は",1,,問題 8 次の文の\_★\_に入る最もよいものを、1・2・3・4・から一つ選びなさい。
"(北川先生へのメールで)昨日無事に帰国しました。日本に滞在中は\_\_\_ \_\_\_ \___★__\_ \_\_\_お世話になり、本当にありがとうございます。
 1. をはじめ 
 2. 北川先生 
 3. に 
 4. 多くの方々",4,,問題 8 次の文の\_★\_に入る最もよいものを、1・2・3・4・から一つ選びなさい。
"私の祖父は、風をひいでも、「風のときはあたたかく\_\_\_ \_\_\_ \___★__\_ \_\_\_。」と言って病院に行かない。
 1. に限る 
 2. 早く 
 3. 寝る 
 4. して",3,,問題 8 次の文の\_★\_に入る最もよいものを、1・2・3・4・から一つ選びなさい。
"留学中、自分の国のことを聞かれて初めて、今まで\_\_\_ \_\_\_ \___★__\_ \_\_\_ことが多いのに気づいた。
 1. 思って 
 2. 疑問にすら 
 3. 思っていなかった 
 4. 当たり前だと",2,,問題 8 次の文の\_★\_に入る最もよいものを、1・2・3・4・から一つ選びなさい。
"彼が描いたライオンの絵は、\_\_\_ \_\_\_ \___★__\_ \_\_\_いる。
 1. 今にも動き出して 
 2. 近づいてきそうなほど 
 3. 描かれて 
 4. 本物そっくりに",4,,問題 8 次の文の\_★\_に入る最もよいものを、1・2・3・4・から一つ選びなさい。
"もう秋になるの、今日の暑さは\_\_\_ \_\_\_ \___★__\_ \_\_\_エアコンをつけた家も多かったらしい
 1. 真夏 
 2. のようで 
 3. まるで 
 4. に戻ったか",4,,問題 8 次の文の\_★\_に入る最もよいものを、1・2・3・4・から一つ選びなさい。
"（ホテルで）
支配人:「お客様を間違った部屋に案内してしまったそうだね」
従業員:「はい。事前にリストをしっかり\_\_\_ \_\_\_ \___★__\_ \_\_\_のに申し訳ありません」
 1. しておけば 
 2. 確認さえ 
 3. ミスでした 
 4. 防げる",4,,問題 8 次の文の\_★\_に入る最もよいものを、1・2・3・4・から一つ選びなさい。
"今回失敗した\_\_\_ \_\_\_ \___★__\_ \_\_\_必ずこの経験を生かしてほしい
 1. としても 
 2. 今後 
 3. ことは 
 4. 仕方ない",1,,問題 8 次の文の\_★\_に入る最もよいものを、1・2・3・4・から一つ選びなさい。
"試合に負けて本当に悔しかったので、もっと強くなるため\_\_\_ \_\_\_ \___★__\_ \_\_\_耐えようと思います。
 1. だって 
 2. なら 
 3. 厳しい練習に 
 4. どんな",3,,問題 8 次の文の\_★\_に入る最もよいものを、1・2・3・4・から一つ選びなさい。
"母は「風邪をひかないのは、\_\_\_ \_\_\_ \___★__\_ \_\_\_」とよく言っている
 1. ジョギングの 
 2. している 
 3. おかげだ 
 4. 毎朝",1,,問題 8 次の文の\_★\_に入る最もよいものを、1・2・3・4・から一つ選びなさい。
"隣のクラスの友達とけんかしてしまい、学校の廊下で\_\_\_ \_\_\_ \___★__\_ \_\_\_なくなってしまった。
 1. こと 
 2. すら 
 3. 目を合わせる 
 4. すれ違っても",1,,問題 8 次の文の\_★\_に入る最もよいものを、1・2・3・4・から一つ選びなさい。
"このソファーは、それなりの大きさはあるが、見た目\_\_\_ \_\_\_ \___★__\_ \_\_\_楽に動かせる。
 1. ほどの 
 2. でも 
 3. 重さはないため 
 4. 一人",4,,問題 8 次の文の\_★\_に入る最もよいものを、1・2・3・4・から一つ選びなさい。
"友達にスキー旅行に誘われている 。返事を\_\_\_ \_\_\_ \___★__\_ \_\_\_まだ返事ができていない。
 1. 決まっていなくて 
 2. 仕事の予定が 
 3. しなければ 
 4. と思いながらも",2,,問題 8 次の文の\_★\_に入る最もよいものを、1・2・3・4・から一つ選びなさい。
"私は、美術館では音声ガイドの機械を借りて、説明を聞きながら作品を鑑賞する。作品のどこに\_\_\_ \_\_\_ \___★__\_ \_\_\_その作品をより深く味わえるからだ。
 1. わかると 
 2. 注目して 
 3. いいのかが 
 4. 鑑賞したら",3,,問題 8 次の文の\_★\_に入る最もよいものを、1・2・3・4・から一つ選びなさい。
"雪が降っている\_\_\_ \_\_\_ \___★__\_ \_\_\_風がほとんどないからだろう。
 1. わりに 
 2. のは 
 3. 寒く感じない 
 4. そんなに",3,,問題 8 次の文の\_★\_に入る最もよいものを、1・2・3・4・から一つ選びなさい。
"私はとにかく勉強が嫌いで、学校があまりすきではない子供だった。 そんな\_\_\_ \_\_\_ \___★__\_ \_\_\_きっかけだった。
 1. ある先生との 
 2. 教師になりたいと思ったのは 
 3. 私が 
 4. 出会いが",2,,問題 8 次の文の\_★\_に入る最もよいものを、1・2・3・4・から一つ選びなさい。
"若いときに努力して\_\_\_ \_\_\_ \___★__\_ \_\_\_なって必ず将来役に立つと思う。
 1. 経験は 
 2. 目標を 
 3. 自信と 
 4. 達成した",1,,問題 8 次の文の\_★\_に入る最もよいものを、1・2・3・4・から一つ選びなさい。
"この町では、 都心で家を借りる\_\_\_ \_\_\_ \___★__\_ \_\_\_家が借りられる。
 1. 場合 
 2. 半分程度の 
 3. 家賃で 
 4. と比べて",2,,問題 8 次の文の\_★\_に入る最もよいものを、1・2・3・4・から一つ選びなさい。
"\_\_\_ \_\_\_ \___★__\_ \_\_\_酸素や栄養が十分に細胞に届かなくなってしまう。
 1. 運ばれる 
 2. 悪くなると 
 3. 血液の流れが 
 4. 血液によって",4,,問題 8 次の文の\_★\_に入る最もよいものを、1・2・3・4・から一つ選びなさい。
"さくら駅周辺の再開発事業を行う\_\_\_ \_\_\_ \___★__\_ \_\_\_予定だ。
 1. さくら市は 
 2. に先立って 
 3. 関係者に対する 
 4. 説明会を開催する",3,,問題 8 次の文の\_★\_に入る最もよいものを、1・2・3・4・から一つ選びなさい。
"この本の内容をきちんと\_\_\_ \_\_\_ \___★__\_ \_\_\_多いだろう。
 1. それなりの 
 2. 理解するには 
 3. 難しいと感じる人も 
 4. 知識が求められるので",1,,問題 8 次の文の\_★\_に入る最もよいものを、1・2・3・4・から一つ選びなさい。
"石油は、自動車や航空機などの\_\_\_ \_\_\_ \___★__\_ \_\_\_原料としても利用されている。
 1. 使われる 
 2. だけでなく 
 3. プラスチック製品を作る 
 4. 燃料として",1,,問題 8 次の文の\_★\_に入る最もよいものを、1・2・3・4・から一つ選びなさい。
"東鉄道竹山線内にある二つの信号機が故障しており、大事故が\_\_\_ \_\_\_ \___★__\_ \_\_\_明らかになった。
 1. 起きかねない 
 2. 続いていたことが 
 3. 状態が 
 4. 危険な",3,,問題 8 次の文の\_★\_に入る最もよいものを、1・2・3・4・から一つ選びなさい。
"(インタビューで)

「店長になって最初の1年間は大変でした。 店長になった\_\_\_ \_\_\_ \___★__\_ \_\_\_と悩むこともありました。」
 1. といっても 
 2. ばかりで 
 3. わからないこと 
 4. 自分でいいのか",2,,問題 8 次の文の\_★\_に入る最もよいものを、1・2・3・4・から一つ選びなさい。
"家を買うことについて\_\_\_ \_\_\_ \___★__\_ \_\_\_簡単に引っ越せないのが嫌だと言っている。
 1. 夫は 
 2. 買ってしまうと 
 3. 否定的な 
 4. 一度",4,,問題 8 次の文の\_★\_に入る最もよいものを、1・2・3・4・から一つ選びなさい。
"朝の満員電車。車内の混雑を( )、私の目の前に座っている学生風の男は、平然とノートパソコンを広げて、作業に没頭していた。
 1. 含めて 
 2. もとに 
 3. 除いて 
 4. よそに",4,,問題\5次の文の)に入れるのに最もよいものを、1・2・3・4から一つ選び なさい。
"私の父は、( )もしないで漫画を批判するから、本当に嫌になる。
 1. 読まない 
 2. 読み 
 3. 読もう 
 4. 読んで",2,,問題\5次の文の)に入れるのに最もよいものを、1・2・3・4から一つ選び なさい。
"(卒業生へのインタビューで)聞き手「学生時代にやったことで、今の仕事に役立っていることは何でしょうか。」 田中 「ラグビー部での経験ですね。チームワークの大切さを痛感しました。( ) それは去年企画チームのリーダーになって始めて気づいたことですが。」
 1. 要するに 
 2. あるいは 
 3. もっとも 
 4. ついては",3,,問題\5次の文の)に入れるのに最もよいものを、1・2・3・4から一つ選び なさい。
"村の郷土史をまとめるにあたり、今年90歳になる元村長の東山さんにお話を伺った。村に初めて汽車が走ったときのことを鮮明に覚えて( )、その記憶力に驚いた。
 1. おいでになり 
 2. 差し上げ 
 3. まいり 
 4. 申し上げ",1,,問題\5次の文の)に入れるのに最もよいものを、1・2・3・4から一つ選び なさい。
"(求人サイトの「よくある質問」で)Q:インテリアに関する知識がないのですが、働けますか。A:研修があるので大丈夫です。知識はある( )が、それよりも人柄や仕事に取り組む姿勢を重視しています。
 1. にすぎません 
 2. ことは否めません 
 3. に越したことはありません 
 4. といっても過言ではありません",3,,問題\5次の文の)に入れるのに最もよいものを、1・2・3・4から一つ選び なさい。
"(お知らせで) 水道管破裂による断水のため、8月12日まで市民プールの営業を休止します。復旧状況 ( )、営業再開が遅れる可能性がありますので、ご了承ください。
 1. 次第には 
 2. 次第に 
 3. 次第では 
 4. 次第",3,,問題\5次の文の)に入れるのに最もよいものを、1・2・3・4から一つ選び なさい。
"クレジットカードの番号等、他人に( )困る情報は、電子メールには書かないほうがいいそうだ。
 1. 知っていても 
 2. 知っていなくても 
 3. 知らなくては 
 4. 知られては",4,,問題\5次の文の)に入れるのに最もよいものを、1・2・3・4から一つ選び なさい。
"仕事は、決められた時間内に、いかに成果を上げるかが大切であり、単に時間をかけて( )と私は思う。
 1. がんばることだといってもおかしくない 
 2. がんばればいいというものではない 
 3. がんばることでしかない 
 4. がんばりようがない",2,,問題\5次の文の)に入れるのに最もよいものを、1・2・3・4から一つ選び なさい。
"現在、潜水調査船を用いた調査研究が進展中であり、いずれ近いうちに海底のより詳細な地質構造が明らかに( )。
 1. なるものと思われる 
 2. するという思いがある 
 3. なったかに思える 
 4. するだろうと思う",1,,問題\5次の文の)に入れるのに最もよいものを、1・2・3・4から一つ選び なさい。
"山下「あのう、西村先輩。私、今日でこのサークルを( )。」西村「ええ?辞める?急にどうして?」
 1. 辞めてしまわれたのでしょうか 
 2. 辞めてしまったのかと思って 
 3. 辞めさせたらどうでしょうか 
 4. 辞めさせてもらおうかと思って",4,,問題\5次の文の)に入れるのに最もよいものを、1・2・3・4から一つ選び なさい。
"優勝（ ）逃したが、石川選手は今大会で自己べストを更新する好成績
を収めた。
 1. さえ 
 2. こそ 
 3. ほど 
 4. ばかり",2,,問題\5次の文の)に入れるのに最もよいものを、1・2・3・4から一つ選び なさい。
"今度の正月休みには、留学している息子も帰ってくる（ ）、久しぶり
に家族旅行にでも行こうかと思っています。
 1. ことだが 
 2. ことでも 
 3. ことだから 
 4. こととはいえ",3,,問題\5次の文の)に入れるのに最もよいものを、1・2・3・4から一つ選び なさい。
"兄が会社の採用面接試験から帰ってきた。表情が明るいところを見ると、
（ ）うまくいったようだ。
 1. 仮に 
 2. まさか 
 3. 必ずしも 
 4. どうやら",4,,問題\5次の文の)に入れるのに最もよいものを、1・2・3・4から一つ選び なさい。
"このレストランは、料理はおいしいのだが、皿が安っぽい。もう少し良い
ものを使えない（ ）と思う。
 1. ものか 
 2. ものの 
 3. ものだ 
 4. ものを",1,,問題\5次の文の)に入れるのに最もよいものを、1・2・3・4から一つ選び なさい。
"先生:「木村くん、このレポート読んだよ。うまくまとめられなかったって
言ってたけど、けっこうよく（ ）。」

木村:「ありがとうごさいます。」
 1. 書けてなきゃ 
 2. 書けてたらいいね 
 3. 書けてるじゃない 
 4. 書けてるかどうかだね",3,,問題\5次の文の)に入れるのに最もよいものを、1・2・3・4から一つ選び なさい。
"駅前のうどん屋「やまむら」は、最近テレビで紹介された（ ）、毎日
店の前に長い行列ができている。
 1. とかで 
 2. とかなら 
 3. というのが 
 4. というのも",1,,問題\5次の文の)に入れるのに最もよいものを、1・2・3・4から一つ選び なさい。
"今回の事故について社長が会見を行ったが、あれでは何の説明（ ）、
わが社の信用が失われるだけだ。
 1. になっておらず 
 2. にもなっておらず 
 3. になっているのではなく 
 4. にもなっているのではなく",2,,問題\5次の文の)に入れるのに最もよいものを、1・2・3・4から一つ選び なさい。
"小林:「ねえ、今日のダンスの練習、山口さんも来るんだよね?」
森: 「どうだろう。あの人、来るって言ってても、（ ）だから……。」
 1. 来ても来なくても 
 2. 来るか来ないか 
 3. 来たり来なかったり 
 4. 来るのも来ないのも",3,,問題\5次の文の)に入れるのに最もよいものを、1・2・3・4から一つ選び なさい。
"昨日大学で声をかけられたサークルの勧誘には困った。強引に話を進めら
れて、危うく入会（ ）。
 1. させられるところだった 
 2. されようがなかった 
 3. させなかったのかと思った 
 4. しなかったことにした",1,,問題\5次の文の)に入れるのに最もよいものを、1・2・3・4から一つ選び なさい。
"高橋:「林さん、ギター教室探してるって聞いたけど、見つかった?」
 林 :「いえ、まだなんです。」
 高橋:「よかったら、私が通ってるギター教室、見学してみない?見学したからって、（ ）し、どう?」
 1. 入りたがるだけじゃない 
 2. 入らせないわけにはいかない 
 3. 入りたくないだけかもしれない 
 4. 入らなきゃいけないってわけじゃない",4,,問題\5次の文の)に入れるのに最もよいものを、1・2・3・4から一つ選び なさい。
"机の引き出しを整理していたら、 以前使っていた電卓が出てきた。 まだ使え(　　)するが、 使う機会がなさそうなので処分しようと思う。
 1. すら 
 2. さえ 
 3. は 
 4. も",3,,問題\5次の文の)に入れるのに最もよいものを、1・2・3・4から一つ選び なさい。
"彼はわずか 27 歳(　　)市長となった。
 1. にしては 
 2. にあたって 
 3. に際して 
 4. に先立って",1,,問題\5次の文の)に入れるのに最もよいものを、1・2・3・4から一つ選び なさい。
"(ホームページで)
当センターの相談窓口に(　　)、事前にご連絡をお願いいたします。
 1. 伺って以来 
 2. 伺う際は 
 3. お越しになって以来 
 4. お越しになる際は",4,,問題\5次の文の)に入れるのに最もよいものを、1・2・3・4から一つ選び なさい。
"6歳の息子は、 将来私と同じ消防士になりたいと言っている。 実際に(　　)、そんなことを言ってくれたことがうれしい。
 1. なるかどうかに限らず 
 2. なるかどうかはともかく 
 3. ならざるを得ないとしても 
 4. ならざるを得ないばかりか",2,,問題\5次の文の)に入れるのに最もよいものを、1・2・3・4から一つ選び なさい。
"A 大臣は、 週刊誌の報道について、 「事実ではないにもかかわらず、あたかも事実である(　　)報道されたことは遺憾である」と述べた。
 1. までもなく 
 2. がゆえに 
 3. からには 
 4. かのごとく",4,,問題\5次の文の)に入れるのに最もよいものを、1・2・3・4から一つ選び なさい。
"今日はさんざんな一日だった。 自転車はパンクするし、財布はなくすし、しまいには 大雨に降られ
てずぶぬれになる (　　)。
 1. 始末だった 
 2. 最中だった 
 3. 思いだった 
 4. 限りだった",1,,問題\5次の文の)に入れるのに最もよいものを、1・2・3・4から一つ選び なさい。
"森選手の予選敗退は、けがが原因だと言われているが、本人は 「けがは関係ない。 単に実力
が足りなかった(　　)」とコメントしている。
 1. だけある 
 2. ものがある 
 3. だけのことだ 
 4. ようなものだ",3,,問題\5次の文の)に入れるのに最もよいものを、1・2・3・4から一つ選び なさい。
"エアコンが故障してしまい、この 1週間暑くて大変だったが、 今日ようやく修理してもらえた。 こ
れでもう暑さに(　　)。
 1. 悩まされかねない 
 2. 悩ませかねない 
 3. 悩まされることはない 
 4. 悩ませることはない",3,,問題\5次の文の)に入れるのに最もよいものを、1・2・3・4から一つ選び なさい。
"(天気予報で)
「明日は低気圧の発達に伴い、 西日本を中心に風雨が(　　)。」
 1. 強めつつあります 
 2. 強める見込みです 
 3. 強まりつつあります 
 4. 強まる見込みです",4,,問題\5次の文の)に入れるのに最もよいものを、1・2・3・4から一つ選び なさい。
"（育児の本で)
3歳前後の子供は、「なぜ?」 「どうして?」と何でも(　　)。 周囲の大人はめんどうくさがらずに、そういった質問に向き合ってあげましょう。
 1. 知りたがるものです 
 2. 知りたそうなもので 
 3. 知りたがることです 
 4. 知りそうなことです",1,,問題\5次の文の)に入れるのに最もよいものを、1・2・3・4から一つ選び なさい。
"好きなことを我慢して(　　)する節約は長く続かないと思う。
 1. さえ 
 2. まで 
 3. こそ 
 4. のみ",2,,問題\5次の文の)に入れるのに最もよいものを、1・2・3・4から一つ選び なさい。
"脳科学の研究が進んだ現代 (　　)、人が夢を見るメカニズムについて解明できない部分が 多いという。
 1. にあっても 
 2. に至っては 
 3. をめぐって 
 4. を踏まえて",1,,問題\5次の文の)に入れるのに最もよいものを、1・2・3・4から一つ選び なさい。
"同僚の山川さんは相手が(　　),おかしいと思ったことを指摘せずにはいられない性格だ。
 1. 先輩やら上司やら 
 2. 先輩なり上司なり 
 3. 先輩というか上司というか 
 4. 先輩だろうが上司だろうが",4,,問題\5次の文の)に入れるのに最もよいものを、1・2・3・4から一つ選び なさい。
"今日だけは遅刻できない (　　)、なぜか電車が遅れる。
 1. ときに限って 
 2. ことに反して 
 3. というときに限って 
 4. ということに反して",3,,問題\5次の文の)に入れるのに最もよいものを、1・2・3・4から一つ選び なさい。
"この小説は政界の権力争いを題材 (　　) 描かれているのは家族の絆であり、多くの人の心に響く感動の物語となっている。
 1. であることで 
 2. とすることで 
 3. でありながらも 
 4. としながらも",4,,問題\5次の文の)に入れるのに最もよいものを、1・2・3・4から一つ選び なさい。
"昨日、ジョギング中に足首を痛めてしまった。 ちょっと捻っただけなので、病院で(　　)、今朝もまだ少し痛む。
 1. 診てもらうほどではないものの 
 2. 診てもらわなくてはならないものの 
 3. 診てもらうほどではないどころか 
 4. 診てもらわなくてはならないどころか",1,,問題\5次の文の)に入れるのに最もよいものを、1・2・3・4から一つ選び なさい。
"息子は子供の頃、 色の好き嫌いがはっきりしていて、嫌いな色の服を決して(　　)。
 1. 着るまでもなかった 
 2. 着るわけにはいかなかった 
 3. 着ようがなかった 
 4. 着ようとはしなかった。",4,,問題\5次の文の)に入れるのに最もよいものを、1・2・3・4から一つ選び なさい。
"弊社は地球環境に配慮した製品の開発をさらに進めて(　　)。
 1. まいります 
 2. いたします 
 3. いらっしゃいます 
 4. なさいます",1,,問題\5次の文の)に入れるのに最もよいものを、1・2・3・4から一つ選び なさい。
"友人の田中が起業した会社が順調だという。 あの時、 「うちの会社にこないか」という彼の誘いを断らなければ、今頃部長くらいには(　　)。
 1. なってきたようだ 
 2. なっていたかもしれない 
 3. なってほしいようだ 
 4. なっていくかもしれない",2,,問題\5次の文の)に入れるのに最もよいものを、1・2・3・4から一つ選び なさい。
"あんな大きな問題を起こした彼が、 何の責任も (　　).
 1. 取りかねないわけだ 
 2. 取らざるを得ないわけだ 
 3. 取らずに済むわけがない 
 4. 取り切れるわけがない",3,,問題\5次の文の)に入れるのに最もよいものを、1・2・3・4から一つ選び なさい。
"宝くじ売り場があるよ、買ってみない?
どうせ当たらないんだから、買う(　　)無駄だったよ。
 1. より 
 2. のみ 
 3. には 
 4. だけ",4,,問題\5次の文の)に入れるのに最もよいものを、1・2・3・4から一つ選び なさい。
"近年の健康意識の高まり(　　)健康食品は急成長している。
 1. に次いで 
 2. にわたって 
 3. を受けて 
 4. をめぐって",3,,問題\5次の文の)に入れるのに最もよいものを、1・2・3・4から一つ選び なさい。
"息子はサッカーの練習でよほど疲れていたのか、家に(　　)食事もとらず、寝てしまった。
 1. 帰り次第 
 2. 帰るなり 
 3. 帰ったなり 
 4. 帰るとなれば",2,,問題\5次の文の)に入れるのに最もよいものを、1・2・3・4から一つ選び なさい。
"ウェブサイトごとに異なるパスワードを設定するのは面倒だが、 第三者が不正にアクセスされる(　　)、やむを得ない。
 1. しかない以上 
 2. しかない反面 
 3. 恐れがある以上 
 4. 恐れがある反面",3,,問題\5次の文の)に入れるのに最もよいものを、1・2・3・4から一つ選び なさい。
"昨日行った美術館は、一日では (　　)作品が展示されていた。
 1. 見きれないほどの 
 2. 見ずにはいられないほどの 
 3. 見きれないといった 
 4. 見ずにはいられないといった",1,,問題\5次の文の)に入れるのに最もよいものを、1・2・3・4から一つ選び なさい。
"引っ越しを控えているので、なるべく余計な出費を(　　)、友人に誘われたスキー旅行に行くことにした。
 1. 押さえたら抑えたで 
 2. 抑えられるものなら 
 3. 抑えるには抑えずに 
 4. 押さえたいところだが",4,,問題\5次の文の)に入れるのに最もよいものを、1・2・3・4から一つ選び なさい。
"驚いたことに、その小学生は、高校レベルの数学の問題をすらすらと(　　)。
 1. 解けるとは 
 2. 解けるものなら 
 3. 解いたまでだ 
 4. 解いてみせた",4,,問題\5次の文の)に入れるのに最もよいものを、1・2・3・4から一つ選び なさい。
"専門家の話では、かつてこの地域一帯は海だった(　　)。
 1. という 
 2. といえる 
 3. といった 
 4. といわれる",1,,問題\5次の文の)に入れるのに最もよいものを、1・2・3・4から一つ選び なさい。
"子どもは生まれてくる家庭環境を選べない。 だからこそ、親の経済状況によって、 子どもの教育機会が奪われること(　　)。
 1. があるわけではない 
 2. であるわけではない 
 3. があってはならない 
 4. であってはならない",3,,問題\5次の文の)に入れるのに最もよいものを、1・2・3・4から一つ選び なさい。
"(大学で)

先生 「青木さん、 今度の報告誌のモデルを青木さんにお願いできたらと思うんだけど、どうかな」
青木 「やりたいです。 でも、私(　　)」
先生 「もちろん」
 1. だったらいいんですか 
 2. なんかでいいんですか 
 3. だったらいいんでしょう 
 4. なんかでいいんでしょうか",2,,問題\5次の文の)に入れるのに最もよいものを、1・2・3・4から一つ選び なさい。
"この美術館の絵を全部見ようと思ったら、 半日(　　) 足りないと思います。
 1. にわたって 
 2. にかけて 
 3. までは 
 4. では",4,,問題\5次の文の)に入れるのに最もよいものを、1・2・3・4から一つ選び なさい。
"部屋の広さも考えず、店員に勧められる (　　)、大きいテーブルを買ってしまった。
 1. まま 
 2. ままを 
 3. ままでも 
 4. ままなのに",1,,問題\5次の文の)に入れるのに最もよいものを、1・2・3・4から一つ選び なさい。
"A会社の元社員が11日、 突然の解雇を不当 (　　)解雇取り消しを同社に求める訴えを起こした。
 1. となって 
 2. になって 
 3. として 
 4. にして",3,,問題\5次の文の)に入れるのに最もよいものを、1・2・3・4から一つ選び なさい。
"下水道工事中、 ご不便をおかけ致しますが、 どうかご理解(　　)、よろしくお願い申し上げます。
 1. いたしたく 
 2. いただきたく 
 3. 差し上げたく 
 4. 申しあげたく",2,,問題\5次の文の)に入れるのに最もよいものを、1・2・3・4から一つ選び なさい。
"間違い電話をかけてきて謝りもしないとは、 失礼 (　　)。
 1. でならない 
 2. ではいられない 
 3. 極まりない 
 4. に越したことはない",3,,問題\5次の文の)に入れるのに最もよいものを、1・2・3・4から一つ選び なさい。
"(電車の中で)
A 「いつもならこの時間帯は込んでるのに、 今日は空いてるね。」
 B 「祝日だからね。」
A「あ、そっか。 どうりで空いてる(　　)。」。
 1. こともある 
 2. に決まってる 
 3. に違いない 
 4. はずだ",4,,問題\5次の文の)に入れるのに最もよいものを、1・2・3・4から一つ選び なさい。
"今回の事件で山田氏の政治的影響力が完全に失われる(　　)、弱まることは間違いないだろう。
 1. ことはないにしても 
 2. ことはないにもかかわらず 
 3. ほかはないにしても 
 4. ほかはないにもかかわらず",1,,問題\5次の文の)に入れるのに最もよいものを、1・2・3・4から一つ選び なさい。
"「3歳までの育児は母親がすべきだ」 と言う人もいるが、 子育てをするのが母親で(　　)、 必ずしもそうではないと思う。
 1. なくてはならないからといって 
 2. なくてはならないかというと 
 3. あるわけにはいかないからといって 
 4. あるわけにはいかないかというと",2,,問題\5次の文の)に入れるのに最もよいものを、1・2・3・4から一つ選び なさい。
"もう二度と恋(　　)と固く心に誓ったはずだったが、知らず知らずのうちに彼女のことが好きになっていた。
 1. こそするものか 
 2. などするものか 
 3. などするものなのか 
 4. こそするものなのか",2,,問題\5次の文の)に入れるのに最もよいものを、1・2・3・4から一つ選び なさい。
"先日提出した私の意見書は、単に決定に至るプロセスの問題点を指摘(　　)決定そのものに反対するものではありません。
 1. しそうになったにすぎず 
 2. しそうになったほどで 
 3. しようとしたにすぎず 
 4. しようとしたほどで",3,,問題\5次の文の)に入れるのに最もよいものを、1・2・3・4から一つ選び なさい。
"アナウンサー「次の試合は優勝候補同士の対決です。( )どちらが勝つのでしょうか。」
 1. ついに 
 2. まさか 
 3. どうやら 
 4. 果たして",4,,問題\5次の文の)に入れるのに最もよいものを、1・2・3・4から一つ選び なさい。
"相手の意見に対して、どんな反論を( )自由だが、自分の考えを一方的に押し付けるのはよくないと思う。
 1. する以上 
 2. しつつも 
 3. しようと 
 4. している限りは",3,,問題\5次の文の)に入れるのに最もよいものを、1・2・3・4から一つ選び なさい。
"A公園ではバーベキューや釣りもできるので、親子で一日楽しめる。週末( )、いつも朝から家族連れでいっぱいだ。
 1. にっき 
 2. を機に 
 3. をもって 
 4. ともなれば",4,,問題\5次の文の)に入れるのに最もよいものを、1・2・3・4から一つ選び なさい。
"「このプロジェクトが成功( )、リーダーの君にかかっている。」と課長に言われ、やる気が高まった。
 1. するもしないも 
 2. するやらしないやら 
 3. するなりしないなり 
 4. するというかしないというか。",1,,問題\5次の文の)に入れるのに最もよいものを、1・2・3・4から一つ選び なさい。
"昨日初めてハンバーグを作ったが、家族にあまりおいしくないと言われてしまった。今度は絶対おいしく( )。
 1. 作るものか 
 2. 作る始末だ 
 3. 作ってみせる 
 4. 作りつつある",3,,問題\5次の文の)に入れるのに最もよいものを、1・2・3・4から一つ選び なさい。
"このパソコンは新品だと10万円はするが、中古なら高くても4、5万円( )。
 1. に上る 
 2. といったところだ 
 3. でもあるまい 
 4. どころではない",2,,問題\5次の文の)に入れるのに最もよいものを、1・2・3・4から一つ選び なさい。
"数々の名曲を生み出し、天才作曲家と呼ばれる山川氏だが、天才( )苦悩もあったという。
 1. とし得る 
 2. であるがごとき 
 3. とせざるを得ない 
 4. であるがゆえの",4,,問題\5次の文の)に入れるのに最もよいものを、1・2・3・4から一つ選び なさい。
"今回の市長選挙で、川西氏は、福祉や教育の充実を訴えて市民の心を( )、支持が得られず、落選に終わった。
 1. つかもうとしたものの 
 2. つかみきれなかったものの 
 3. つかもうとしたからといって 
 4. つかみきれなかったからといって",1,,問題\5次の文の)に入れるのに最もよいものを、1・2・3・4から一つ選び なさい。
"弟は就職活動がうまくいかず大変そうだが、私が代わることもできないので、自分の力で( )。
 1. 頑張れるに決まっている 
 2. 頑張ってもらうしかない 
 3. 頑張れないこともない 
 4. 頑張ってしまうところがある",2,,問題\5次の文の)に入れるのに最もよいものを、1・2・3・4から一つ選び なさい。
"(メールで)

風邪の具合はいかがですか。今年の風邪は長引くみたいですから、どうぞお気をつけください。一日も早く回復( )。
 1. されますように 
 2. 願ってはどうですか 
 3. いたしたく思います 
 4. していらっしゃるでしょうか",1,,問題\5次の文の)に入れるのに最もよいものを、1・2・3・4から一つ選び なさい。
"今年歌手生活40周年を迎えた山川みつ子は、引退のうわさを否定して、「応援してくれるファンが一人でも( )、歌い続けます。」と語った。
 1. いた上 
 2. いる限り 
 3. いながら 
 4. いるだけあって",2,,問題\5次の文の)に入れるのに最もよいものを、1・2・3・4から一つ選び なさい。
"今度のプロジェクトのリーダーは石川さんだと予想していたが、違うようだ。石川さんでない( )、誰なのだろう。
 1. とすれば 
 2. とあって 
 3. というより 
 4. と思っても",1,,問題\5次の文の)に入れるのに最もよいものを、1・2・3・4から一つ選び なさい。
"A社は、製品の成分表示に誤りがあったことについて謝罪したが、品質には( )問題はないと強調した。
 1. かりに 
 2. なんら 
 3. なかなか 
 4. あまりにも",2,,問題\5次の文の)に入れるのに最もよいものを、1・2・3・4から一つ選び なさい。
"今年35歳になるサッカー日本代表の森選手について、監督は、「確かに体力が落ちてきた( )が、高い技術力に期待している。」と述べた。
 1. はずだった 
 2. とおりだった 
 3. ことは否めない 
 4. に越したことはない",3,,問題\5次の文の)に入れるのに最もよいものを、1・2・3・4から一つ選び なさい。
"田中部長:「ねえ、山下くん、今度の会議でこの企画の説明をするのは鈴木課長だっけ?」
山下:「はい、課長がご説明
( )。」
 1. 申します 
 2. いただきます 
 3. 願います。 
 4. なさいます",4,,問題\5次の文の)に入れるのに最もよいものを、1・2・3・4から一つ選び なさい。
"脳科学の研究が進んだと言われる現代 ( )、脳のメカニズムについては解明できていない部分が多いという。
 1. においてさえ 
 2. においてこその 
 3. に対してさえ 
 4. に対してこそ",1,,問題\5次の文の)に入れるのに最もよいものを、1・2・3・4から一つ選び なさい。
"全国高校テニス大会決勝で、西山選手は、持ち前の精神力の強さで相手の厳しい攻撃に( )、見事勝利を収めた。
 1. 耐えかねたほど 
 2. 耐えかねた末に 
 3. 耐えぬいたほど 
 4. 耐えぬいた末に",4,,問題\5次の文の)に入れるのに最もよいものを、1・2・3・4から一つ選び なさい。
"昨日の新入生歓迎会に失敗だった。私たち上級生がたくさん質問をして、新入生が話しやすい( )、逆に緊張させ てしまったようだ。
 1. ようにしたあげく 
 2. ようにしたつもりが、 
 3. ようになったものを 
 4. ようになったばかりか",2,,問題\5次の文の)に入れるのに最もよいものを、1・2・3・4から一つ選び なさい。
"楽しみにしていた初めての海外旅行。搭乗手続き も 終わり、あとはを ( )。
 1. 待つばかりとなった 
 2. 待つこのもあるはずだ 
 3. 待てなくなってしまった 
 4. 待てそうにないみたいだ",1,,問題\5次の文の)に入れるのに最もよいものを、1・2・3・4から一つ選び なさい。
"先々週、妹が図書館で分厚い本を10冊も借りてきた。「2週間しか借りられないんだから、そんなに絶対( )」と思ったが、全部読んで返したらしい。
 1. 読みかけなのか 
 2. 読みっぱなしだろう 
 3. 読みきれっこない 
 4. 読んでもいないくせに",3,,問題\5次の文の)に入れるのに最もよいものを、1・2・3・4から一つ選び なさい。
"宿題がない大人がうらやましいと子供に言われたが、( )大変なことがいろいろあるのだ。
 1. 大人は大人で 
 2. 大人が大人に 
 3. 大人より大人で 
 4. 大人から大人に",1,,問題\5次の文の)に入れるのに最もよいものを、1・2・3・4から一つ選び なさい。
"祖母は、昔、幼稚園の先生を( )、昔話や童話をたくさん知っている。
 1. していたからには 
 2. していたとは 
 3. していたとこる 
 4. していただけあって",4,,問題\5次の文の)に入れるのに最もよいものを、1・2・3・4から一つ選び なさい。
"私の会社では、どんな理由があろうと、業務に関するデータや資料を社外に持ち出すことは、( )認められていない。
 1. いっさい 
 2. むしろ 
 3. かならず 
 4. どうしても、",1,,問題\5次の文の)に入れるのに最もよいものを、1・2・3・4から一つ選び なさい。
"旅行先で、きれいな海に感動して写真を何枚も撮っていたら、地元の人に不思議そうな顔をされた。あんなにきれい な海も、地元の人( )日常の風景なのだろう。
 1. からして 
 2. といっても 
 3. にしてみれば 
 4. はともかくとして",3,,問題\5次の文の)に入れるのに最もよいものを、1・2・3・4から一つ選び なさい。
"(バーティーで)

石川「あ、山下さんはX社にお勤めなんですね。今度、田中さんが社長になられるそうでよね。」
山下「え、石川さん、田中とお知り合いなんですか。」
石川「ええ、前に仕事で大変お世話になったことがあって、よく () 。」
 1. 知っていただけます 
 2. 存じ上げています 
 3. お目にかかれます 
 4. お会いになっています",2,,問題\5次の文の)に入れるのに最もよいものを、1・2・3・4から一つ選び なさい。
"来週、歯医者で歯を抜くことになった。()そうしたいが、もうほかに方法がないらしい。
 1. 抜かずにいると 
 2. 抜かずにいることで 
 3. 抜かずに済むのだから 
 4. 抜かずに済むものなら",4,,問題\5次の文の)に入れるのに最もよいものを、1・2・3・4から一つ選び なさい。
"彼は最近忙しいので、頼んでも、無理だと( )が、一度は頼んでみようと思う。
 1. 言わせる始末だ 
 2. 言わせるということだ 
 3. 言われるに決まっている 
 4. 言われるまでになる",3,,問題\5次の文の)に入れるのに最もよいものを、1・2・3・4から一つ選び なさい。
"山田「ねえ、この料理、木村さんが作ったの?」

山田「とってもおいしい。今度作り方教えて。時間があるとき( )。」
 1. がいいし 
 2. でいいから 
 3. ならいいのに 
 4. でもいいけど",2,,問題\5次の文の)に入れるのに最もよいものを、1・2・3・4から一つ選び なさい。
"A大学では昨年カリキュラム改定が行われたが、それによって、本当に教育の質が向上している )。私はそ うは思わない。
 1. といえるだろうか 
 2. といえないではないか 
 3. べきではないだろうか 
 4. べきであるか否か",1,,問題\5次の文の)に入れるのに最もよいものを、1・2・3・4から一つ選び なさい。
"先月、自分のミスで試合に負けてしまい、落ち込んでしばらく練習に集中できなかった。だが、( )と思い、 また練習を一生懸命やることにした。
 1. 落ち込みもしない 
 2. 落ち込むわけではない 
 3. 落ち込んでいたことは否めない 
 4. 落ち込んでばかりいても始まらない",4,,問題\5次の文の)に入れるのに最もよいものを、1・2・3・4から一つ選び なさい。
"X陶芸美術館が25日、Y市に開館する。同美術館ではこれ ( )、23日に関係者を招いて記念式典を行った。
 1. に先立ち 
 2. に次ぎ 
 3. につける 
 4. につれ",1,,問題\5次の文の)に入れるのに最もよいものを、1・2・3・4から一つ選び なさい。
"水泳の水川陽選手。父親が有名な水泳選手である( )、彼は周囲からの大きなプレッシャーに苦しんできたが、それを乗り越え、見事オリンピック出場を決めた。
 1. かというと 
 2. がゆえに 
 3. といえば 
 4. ように",2,,問題\5次の文の)に入れるのに最もよいものを、1・2・3・4から一つ選び なさい。
"姉:「あれ?出かけるの?」

妹:「うん、ちょっと新宿(しんじゅく)まで。」
姉:「あ、新宿に( )、帰りにみるく屋のチーズケーキ、買ってきてくれない?」
 妹:「うん、いいよ。」
 1. 行くと 
 2. 行けば 
 3. 行ってたら 
 4. 行くんなら",4,,問題\5次の文の)に入れるのに最もよいものを、1・2・3・4から一つ選び なさい。
"5年前に植えた校庭の桜が、今年初めて花を( )。
 1. 咲いた 
 2. 咲いている 
 3. 咲かせた 
 4. 咲くだろう",3,,問題\5次の文の)に入れるのに最もよいものを、1・2・3・4から一つ選び なさい。
"(社内メールで) 営業部各位
 第三回プレゼン勉強会を開催します。参加希望者は1月15日までに、人事課村田までお知らせ( )。
 1. いたします 
 2. なさいます 
 3. 願います 
 4. 申し上げます",3,,問題\5次の文の)に入れるのに最もよいものを、1・2・3・4から一つ選び なさい。
"悩んでいるときは、信頼できる誰かに話を聞いてもらうといい。話すことで自分の考えも整理でき、解決には至らな い( )、気持ちが楽になるだろう。
 1. ほどでは 
 2. ほどを 
 3. までも 
 4. までもが",3,,問題\5次の文の)に入れるのに最もよいものを、1・2・3・4から一つ選び なさい。
"(テレビ番組で)
 司会:「きちんと手を( )、指の間などに意外に汚れが残っていることも多いのです。そこで今日は正しい手の洗 い方をご紹介します。」
 1. 洗えるとは 
 2. 洗えるとのことで 
 3. 洗ったつもりだし 
 4. 洗ったつもりでも",4,,問題\5次の文の)に入れるのに最もよいものを、1・2・3・4から一つ選び なさい。
"今日は朝から胃の調子が悪い。 夜中にラーメンなんか ( )。
 1. 食べるんじゃなかった 
 2. 食べられるんじゃなかった 
 3. 食べたんじゃなかった 
 4. 食べられたんじゃなかった",1,,問題\5次の文の)に入れるのに最もよいものを、1・2・3・4から一つ選び なさい。
"近年、世界的な人口増加により、ものへの想いはなし( ) 。
 1. 高まりつつある 
 2. 高める見込みだ 
 3. 高まるケースだ 
 4. 高めることを余儀なくさせた",1,,問題\5次の文の)に入れるのに最もよいものを、1・2・3・4から一つ選び なさい。
"昨日午後2時ごろ、X市の一部地域で、約400世帯が停電した。ABC電力は、工事中のクレーン車が電線に接触 したのが原因 ( )。
 1. になっている 
 2. としている 
 3. にある 
 4. とある",2,,問題\5次の文の)に入れるのに最もよいものを、1・2・3・4から一つ選び なさい。
"26 人気作家A 氏の講演会が無料（  ）、多くのファンが詰めかけた。
 1. にして 
 2. にあって 
 3. として 
 4. とあって",4,,問題\5次の文の)に入れるのに最もよいものを、1・2・3・4から一つ選び なさい。
"27 都会から田舎に移り住んだ人の話を聞く（  ）、「田舎は人を癒す力を持っている」とつくづく感じる。
 1. につけ 
 2. なり 
 3. とは 
 4. にしてみると",1,,問題\5次の文の)に入れるのに最もよいものを、1・2・3・4から一つ選び なさい。
"28 この鍋は、いため物に、揚げ物に（  ）何にでも使えて便利です。
 1. は 
 2. と 
 3. や 
 4. か",2,,問題\5次の文の)に入れるのに最もよいものを、1・2・3・4から一つ選び なさい。
"29 プリンターの調子が悪くなり、製造会社に電話で問い合わせたら、向こうの担当者に、あれこれ質問に答え（ ）あげく、対応できないと言われた。
 1. させた 
 2. させられる 
 3. させる 
 4. させられた",4,,問題\5次の文の)に入れるのに最もよいものを、1・2・3・4から一つ選び なさい。
"30 その日、私はホームに入ってきた電車に飛び乗った。ところが、電車は反対方向に走り始めた（ ）私は電車の行き先を確かめなかったことを後悔した。
 1. ではない 
 2. ではないか 
 3. のではない 
 4. のではないか",2,,問題\5次の文の)に入れるのに最もよいものを、1・2・3・4から一つ選び なさい。
"31 （インタビューで）A 「お店で一番気をつけていることは何ですか」
B 「衛生管理です。お客様に食事を（  ）、衛生面の管理には、何よりも注意しております。」
 1. お出しになる以上 
 2. お出しになるうえ 
 3. お出しする以上 
 4. お出しするうえ",3,,問題\5次の文の)に入れるのに最もよいものを、1・2・3・4から一つ選び なさい。
"32 留学するまで、私は自分が見ている世界がすべてだと思っていた。実はそれが世界のほんの小さな一部分（  ）気付いていなかった。
 1. でないことにしか 
 2. でしかないことに 
 3. にないことでしか 
 4. にしかないことで",2,,問題\5次の文の)に入れるのに最もよいものを、1・2・3・4から一つ選び なさい。
"33 （パソコンを使いながら）A 「ねえ、この前教えた計算機能、使ってみた？」
B 「うん。今まであんなに時間をかけてたのが（   ）簡単に計算できたよ。」      A「でしょ。パソコンのことならまかせてよ。」
 1. ばかばかしい思いをするもので 
 2. ばかばかしく思えるもので 
 3. ばかばかしい思いをするくらい 
 4. ばかばかしく思えるくらい",4,,問題\5次の文の)に入れるのに最もよいものを、1・2・3・4から一つ選び なさい。
"34 （電話で）山中「あ、木村先生でいらっしゃいますか。AB 出版の山中でございますが、今から原稿をいただきに上がってもよろしいでしょうか。」
木村「すみません。まだできていないんです。あと3日（   ）。」
 1. 待っておいでになります 
 2. お待ち申し上げております 
 3. 待たせていただくことにしましょうか 
 4. 待っていただくわけにはいきませんか",4,,問題\5次の文の)に入れるのに最もよいものを、1・2・3・4から一つ選び なさい。
"35 （宇宙飛行士 山田太郎さんへのインタビューで）山田「実は、初めから宇宙飛行士になる（   ）、そうじゃないんです。大学を出たら、医者になろうと思っていましたから。」記者「では、何がきっかけで、宇宙飛行士になりたいと思ったんですか。」
 1. つもりだったかっていうと 
 2. つもりなのかっていわれたら 
 3. つもりじゃなかったのかっていわれたら 
 4. つもりがなかったかっていうと",1,,問題\5次の文の)に入れるのに最もよいものを、1・2・3・4から一つ選び なさい。
"40代（ ）後半となり、わたしもとうとう中高年の仲間入りだ。
 1. を 
 2. へ 
 3. も 
 4. まで",3,,問題\5次の文の)に入れるのに最もよいものを、1・2・3・4から一つ選び なさい。
"昔から「毒も（ ）薬になる」と言われている。
 1. 使うとなると 
 2. 使おうものなら 
 3. 使わんばかりに 
 4. 使いようによっては",4,,問題\5次の文の)に入れるのに最もよいものを、1・2・3・4から一つ選び なさい。
"映画『ブラック』は評判通りの面白さで、特に、主人公が（ ）ざる敵におびえる場面は圧巻だった。
 1. 見て 
 2. 見え 
 3. 見る 
 4. 見える",2,,問題\5次の文の)に入れるのに最もよいものを、1・2・3・4から一つ選び なさい。
"山田さんがこの絵をいくらで手に入れたのかはわからないが、有名画家の作品であることから考えても、安くない値段で買ったことは（ ）間違いない。
 1. まず 
 2. よく 
 3. かりに 
 4. なかなか",1,,問題\5次の文の)に入れるのに最もよいものを、1・2・3・4から一つ選び なさい。
"お客様、ご希望のホテルが満室でしたので、他のホテルにご変更（ ）のですが……。よろしいでしょうか。
 1. ねがいたい 
 2. なさりたい 
 3. くださりたい 
 4. になりたい",1,,問題\5次の文の)に入れるのに最もよいものを、1・2・3・4から一つ選び なさい。
"この祭りは長い伝統があるので、皆さんにはぜひこれからも（ ）。
 1. 続けていくものです 
 2. 続けていってほしいものです 
 3. 続けていくことにしましょう 
 4. 続けていくことでしょう",2,,問題\5次の文の)に入れるのに最もよいものを、1・2・3・4から一つ選び なさい。
"商品ご使用後の返品対応は（ ）ので、ご了承ください。
 1. いたしかねます 
 2. いたしかねません 
 3. さしあげかねます 
 4. さしあげかねません",1,,問題\5次の文の)に入れるのに最もよいものを、1・2・3・4から一つ選び なさい。
"他人の口座から不正に現金を（ ）、35歳の男が逮捕された。
 1. 引き出したとするとして 
 2. 引き出したとするのに対して 
 3. 引き出そうとしたとして 
 4. 引き出そうとしたのに対して",3,,問題\5次の文の)に入れるのに最もよいものを、1・2・3・4から一つ選び なさい。
"（本屋で）Ａ「あ、この本、面白いよ。」Ｂ「どんな話？」  Ａ「主人公と恋人が、親に無理やり（ ）話しなんだけど、すごくどきどきするんだ。」
 1. 別れそうになる 
 2. 別れられそうになる 
 3. 別れさせそうになる 
 4. 別れさせられそうになる",4,,問題\5次の文の)に入れるのに最もよいものを、1・2・3・4から一つ選び なさい。
"川村「石田さん、ギターがほしいって言っていましたよね。わたしの弟が使っていたギターがあるんですが、よければどうですか。」石田「いいんですか。」  川村「はい。弟に聞いたら、弾いてくれる方がいるなら、ぜひと言っていましたので、どうぞもらって（ ）。」
 1. やりませんか 
 2. やってください 
 3. いただきませんか 
 4. いただいてください",2,,問題\5次の文の)に入れるのに最もよいものを、1・2・3・4から一つ選び なさい。
"乗客の減少が続いていた竹山鉄道が、今年の3月31日(　　)廃止された。
 1. を受けて 
 2. を皮切りに 
 3. をピークに 
 4. をもって",4,,問題\5次の文の)に入れるのに最もよいものを、1・2・3・4から一つ選び なさい。
"(ニュースで)北川動物園では、連日の猛暑で元気のないペンギンに、せめて気分( )南極を感じてもらおうと氷の塊がプレゼントされました。
 1. のみも 
 2. だけでも 
 3. ですらも 
 4. くらいも",2,,問題\5次の文の)に入れるのに最もよいものを、1・2・3・4から一つ選び なさい。
"近年、子どもの読書離れが指摘されているが、( )子どもの読書量は本当に減っているのだろうか。
 1. かりに 
 2. どうやら 
 3. おそらく 
 4. はたして",4,,問題\5次の文の)に入れるのに最もよいものを、1・2・3・4から一つ選び なさい。
"(メールの終わりに)
それでは以上の件につき、引き続きご検討いただければ幸いに(　　)。どうかよろしくお願い申し上げます。
 1. 存じます 
 2. あずかります 
 3. 頂戴します 
 4. うけたまわります",1,,問題\5次の文の)に入れるのに最もよいものを、1・2・3・4から一つ選び なさい。
"(会社で) A 「あ、その資料はあしたまた使うから、捨てないで( )。」B「わかった。じゃあ、ファイルに保管するね。」
 1. 取れるって 
 2. 取っといて 
 3. 取っちゃわないって 
 4. 取っとけなくて",2,,問題\5次の文の)に入れるのに最もよいものを、1・2・3・4から一つ選び なさい。
"本サービスを利用される方は、利用規約を( )、お申し込みください。
 1. ご覧の結果 
 2. ご覧になった結果 
 3. ご覧になった上で 
 4. ご覧くださった上に",3,,問題\5次の文の)に入れるのに最もよいものを、1・2・3・4から一つ選び なさい。
"私は映画監督になる夢をかなえるために、一生懸命映像の勉強をしている。絶対に、( )終わらせない。
 1. 夢に夢を 
 2. 夢なら夢と 
 3. 夢が夢なら 
 4. 夢を夢で",4,,問題\5次の文の)に入れるのに最もよいものを、1・2・3・4から一つ選び なさい。
"(会社で)田中「ねえ、中村くん。もう遅いし、今日はここまでにしようよ。」中村「そうだね。じゃあ、残りはあした( )。」田中「うん。またあしたがんばろう。」
 1. やるとするか 
 2. やりはするから 
 3. やろうとしているか 
 4. やってはいるから",1,,問題\5次の文の)に入れるのに最もよいものを、1・2・3・4から一つ選び なさい。
"この曲は、失恋で落ち込んで泣いていた私に、また新しい恋をしようと( )曲です。
 1. 思われていた 
 2. 思わせてくれた 
 3. 思わせられた 
 4. 思われてならなかった",2,,問題\5次の文の)に入れるのに最もよいものを、1・2・3・4から一つ選び なさい。
"中村「山田さんは本当に猫が好きなんだね。今日のバッグも猫の絵柄だし。」山田「うん。でも、あんまり持ち物が猫柄ばかりなんで、家族から『猫好き(　　)だろう。』って言われたりする。」
 1. のかぎりではない 
 2. のことにかぎる 
 3. にもほどがある 
 4. にあるほどでもない",3,,問題\5次の文の)に入れるのに最もよいものを、1・2・3・4から一つ選び なさい。
"技術の進歩で世の中は便利になったが、便利さ ( )失ったものも少なくないのではないだろうか。
 1. なくしては 
 2. と相まって 
 3. のみならず 
 4. と引きかえに",4,,問題\5次の文の)に入れるのに最もよいものを、1・2・3・4から一つ選び なさい。
"わが社は、地球環境を( )、廃棄物の減量とリサイクルの推進に取り組んでいる。
 1. 守ろうとも 
 2. 守ればこそ 
 3. 守るべく、 
 4. 守るにせよ",3,,問題\5次の文の)に入れるのに最もよいものを、1・2・3・4から一つ選び なさい。
"A:「遅れてごめん」

B:「遅いよ!10分も遅刻するなんて、何考えてるの?」

A:「少し遅れたぐらいで( ) そんなに怒らなくてもいいだろう。」
 1. まるで 
 2. ちっとも 
 3. なにも 
 4. いっさい",3,,問題\5次の文の)に入れるのに最もよいものを、1・2・3・4から一つ選び なさい。
"(海岸で)
 A:「あれ?イヤリングが片方ないです 。たんでやねえ、一緒に探して。」

B:「( )、こんな広い場所でどうやって探すの?」
 1. 探すったって 
 2. 探すのかどうか 
 3. 探すわりには 
 4. 探すっていうより",1,,問題\5次の文の)に入れるのに最もよいものを、1・2・3・4から一つ選び なさい。
"富士山頂から見た景色のなんと美しかった( )。本当に感動した。
 1. のか 
 2. ことか 
 3. わけだ 
 4. ものだ",2,,問題\5次の文の)に入れるのに最もよいものを、1・2・3・4から一つ選び なさい。
"うちの猫は、突然甘えてきたり、( )、呼んでも無視してどこかに行ってしまったりする。本当に気まぐれだ。
 1. そうだと思って 
 2. そうかと思えば 
 3. こうだと見て 
 4. こうかと見れば",2,,問題\5次の文の)に入れるのに最もよいものを、1・2・3・4から一つ選び なさい。
"一人暮らしを始めてからは、誰にも何も言われない( )、だらしない生活をするようになってしまった。
 1. のをいいことに 
 2. のがよければ 
 3. といいものだから 
 4. とよさそうなのに",1,,問題\5次の文の)に入れるのに最もよいものを、1・2・3・4から一つ選び なさい。
"(インタビューで)
 A:「新聞記者から弁護士に転職しようと思われたのはなぜですか。」
 B:「事件の取材で被害者の方のお話を( )、大変なご苦労があることを知り、そういう方たちの力になりたいと思うようになったんです。」
 1. 聞いてくださる一方で 
 2. 聞かせてくださる一方で 
 3. 聞いていただく中で 
 4. 聞かせていただく中で",4,,問題\5次の文の)に入れるのに最もよいものを、1・2・3・4から一つ選び なさい。
"条件の折り合いがつかず、すぐに契約を結ぶのが難しい現状では、A社とは、時間はかかっても、根気よく交渉を重ねていく( )。
 1. どころではなかろう 
 2. しかあるまい 
 3. などあるものか 
 4. ことすらない",2,,問題\5次の文の)に入れるのに最もよいものを、1・2・3・4から一つ選び なさい。
"A:「ねえ、昨日、ABC デパートにいたでしょう?見かけたよ。」

B:「ええ!気づいたなら声をかけて( )。」
 1. くれたと思ったんだね 
 2. もらったと思ったのに 
 3. くれればよかったのに 
 4. もらえばよかったんだね",3,,問題\5次の文の)に入れるのに最もよいものを、1・2・3・4から一つ選び なさい。
"努力して夢を叶えた弟のことを兄として誇り（ ）思う。
 1. を 
 2. で 
 3. が 
 4. に",4,,問題\5次の文の)に入れるのに最もよいものを、1・2・3・4から一つ選び なさい。
"失敗は誰でも避けたいものだが、失敗（ ）学べないこともある。
 1. にまで 
 2. まででも 
 3. からしか 
 4. だけから",3,,問題\5次の文の)に入れるのに最もよいものを、1・2・3・4から一つ選び なさい。
"合唱コンクールで歌っている子供たちの表情は、（ ）そのものだった。
 1. 真剣 
 2. 真剣で 
 3. 真剣に 
 4. 真剣な",1,,問題\5次の文の)に入れるのに最もよいものを、1・2・3・4から一つ選び なさい。
"同僚の山下さんは、最初はおとなしい人だと思っていたが、一緒に仕事を（ ） 実はよくしゃべる人だということがわかった。
 1. する間 
 2. する限り 
 3. するうちに 
 4. するとしたら",3,,問題\5次の文の)に入れるのに最もよいものを、1・2・3・4から一つ選び なさい。
"忙しくて引っ越しの荷造りが（ ）荷造りを全部やってくれるサービスがあると友人が教えてくれた。
 1. できずにいたなら 
 2. できずにいたところ 
 3. できないようにしたら 
 4. できないようにしたところ",2,,問題\5次の文の)に入れるのに最もよいものを、1・2・3・4から一つ選び なさい。
"まだ 11 月の初めなのに、昨日は雪が（ ）寒かった。
 1. 降ることがあるかのように 
 2. 降るなんて思えないぐらい 
 3. 降るとは思えないように 
 4. 降るんじゃないかというぐらい",4,,問題\5次の文の)に入れるのに最もよいものを、1・2・3・4から一つ選び なさい。
"いつも駅から大学までバスを使っているが、2キロほどなので、歩こうと思えば（ ）。
 1. 歩くほかない 
 2. 歩けなくもない 
 3. 歩いてはいられない 
 4. 歩けるわけがない",2,,問題\5次の文の)に入れるのに最もよいものを、1・2・3・4から一つ選び なさい。
"（ホームページで）

 先日の第 3 回さくら市教育講演会には、たくさんの方が（ ）。」
 1. おいでくださいました 
 2. お越しいただきました 
 3. ご参加いただきました 
 4. ご覧くださいました",1,,問題\5次の文の)に入れるのに最もよいものを、1・2・3・4から一つ選び なさい。
"この辺りの町並みは外国のような雰囲気で、ここを訪れるだけで海外を旅行（ ）。
 1. するつもりでいる 
 2. してくるつもりだ 
 3. したつもりになれる 
 4. するつもりになっていた",3,,問題\5次の文の)に入れるのに最もよいものを、1・2・3・4から一つ選び なさい。
"（図書館で）
娘: 「図書館っていいね。だって、自分で買わなくてもこんなにたくさんの本が（ ）。」
母:「そうだね。」
 1. 読めるんだもん 
 2. 読めるもんか 
 3. 読みたいんだもん 
 4. 読みたいもんか",1,,問題\5次の文の)に入れるのに最もよいものを、1・2・3・4から一つ選び なさい。
"このレストランのシェフはまだ20代だが、 著名な料理評論家( )満足させる腕の持ち主であると、テレビや雑誌で評判になっている
 1. をも 
 2. とを 
 3. にまで 
 4. までが",1,,問題\5次の文の)に入れるのに最もよいものを、1・2・3・4から一つ選び なさい。
"はっきりと覚えていないが、この町には( )来たことがある。
 1. また 
 2. ついに 
 3. いつか 
 4. まもなく",3,,問題\5次の文の)に入れるのに最もよいものを、1・2・3・4から一つ選び なさい。
"(ホームページで)
体育館は老朽化のため、本年3月15日( )閉館しました。 長年のご利用、ありがとうございました。
 1. につき 
 2. に至るまで 
 3. をもって 
 4. を皮切りに",3,,問題\5次の文の)に入れるのに最もよいものを、1・2・3・4から一つ選び なさい。
"高校に入学して、特に入りたいクラブもなかったので、友人に( )、テニス部に入った。
 1. 誘われるまま 
 2. 誘われようが 
 3. 誘われた上に 
 4. 誘われない限り",1,,問題\5次の文の)に入れるのに最もよいものを、1・2・3・4から一つ選び なさい。
"(ホームページで)
当店では、商品に欠陥がある ( )、 返品及び交換はお受けできませんので、あらかじめご了承ください。
 1. 点に加えて 
 2. 点を除いて 
 3. 場合に加えて 
 4. 場合を除いて",4,,問題\5次の文の)に入れるのに最もよいものを、1・2・3・4から一つ選び なさい。
"(取引先へのメールで)
来週の打ち合わせの資料をお送りします。 お忙しいとは( )が、 ご確認いただければ幸いです。
 1. いたします 
 2. 存じます 
 3. いらっしゃいます 
 4. 申し上げます",2,,問題\5次の文の)に入れるのに最もよいものを、1・2・3・4から一つ選び なさい。
"学生時代はずっとサッカーをしていたのだが、 社会人に ( )、 運動する機会がすっかり減っしてしまった。
 1. なってからであっても 
 2. なったばかりなのか 
 3. なってからというもの 
 4. なったばかりだとして",3,,問題\5次の文の)に入れるのに最もよいものを、1・2・3・4から一つ選び なさい。
"自転車の鍵が見当たらないと思ったら、昨日はいていたズボンのポケットに( )。
 1. 入れたつもり 
 2. 入れっぱなしだった 
 3. 入れっこなかった 
 4. 入れるべきではなかった",2,,問題\5次の文の)に入れるのに最もよいものを、1・2・3・4から一つ選び なさい。
"A「ねえねえ、 北市にできた動物園、 いったんでしょう? あそこ、相当広いらしいね」
B「()、1日じゃ全部回れなかったよ」
 1. 広くないはずなんだよ 
 2. 広いなんてことはないよ 
 3. 広くないわけじゃないんだよ 
 4. 広いなんてもんじゃないよ",4,,問題\5次の文の)に入れるのに最もよいものを、1・2・3・4から一つ選び なさい。
"私は昔からバイクが大好きだ。 小さい頃は、よく父のバイクの後ろに( )。
 1. 乗りたがったものだ 
 2. 乗りたがったところだ 
 3. 乗って欲しがったものだ 
 4. 乗って欲しがったところだ",1,,問題\5次の文の)に入れるのに最もよいものを、1・2・3・4から一つ選び なさい。
"長く使っていた古い冷蔵庫を、引っ越し(  )買い替えた。
 1. を機に 
 2. を皮切りに 
 3. に基づいて 
 4. にわたって",1,,問題\5次の文の)に入れるのに最もよいものを、1・2・3・4から一つ選び なさい。
"経営者は、会社は社員(  )ものであるということを忘れてはいけない。
 1. たる 
 2. における 
 3. あっての 
 4. ならではの",3,,問題\5次の文の)に入れるのに最もよいものを、1・2・3・4から一つ選び なさい。
"私はこの漫画が大好きで、つらいときに(  )元気をもらっている。
 1. 読み返すべく 
 2. 読み返すならば 
 3. 読み返しては 
 4. 読み返してこそ",3,,問題\5次の文の)に入れるのに最もよいものを、1・2・3・4から一つ選び なさい。
"連休中どこにも出かけず、(  )、今日は朝からどうも体がだるい。
 1. 寝たことにしたせいか 
 2. 寝てばかりいたせいか 
 3. 寝たことにしたとすると 
 4. 寝てばかりいたとすると",2,,問題\5次の文の)に入れるのに最もよいものを、1・2・3・4から一つ選び なさい。
"(会議で)
委員長「北駅周辺の再開発計画について、皆さんのご意見をお聞かせください。」
委員「私個人(  )その必要性を感じておりますが、市民の皆さんは納得しにくいのではないかと思います。」
 1. によりますと 
 2. といいますと 
 3. におかれましては 
 4. といたしましては",4,,問題\5次の文の)に入れるのに最もよいものを、1・2・3・4から一つ選び なさい。
"せっかく新しく買うのならと高性能のパソコンを(  )、全く使いこなせていない。
 1. 買ったばかりでも 
 2. 買ったはいいが 
 3. 買ったかにかかわらず 
 4. 買ったきりなのに",2,,問題\5次の文の)に入れるのに最もよいものを、1・2・3・4から一つ選び なさい。
"先日、レストランに行ったとき、店員の失礼な態度に大変(  )。
 1. 不快な思いをした 
 2. 不快極まりない 
 3. 不快だったことか 
 4. 不快にもほどがある",1,,問題\5次の文の)に入れるのに最もよいものを、1・2・3・4から一つ選び なさい。
"(会社で)
林: 「部長、ABC銀行の山下さんが(  )。応接室でお待ちです。」
部長: 「わかりました。」
 1. 参りました 
 2. 見えました 
 3. うかがいました 
 4. お目にかかりました",2,,問題\5次の文の)に入れるのに最もよいものを、1・2・3・4から一つ選び なさい。
"今日から12月だ。早いもので、今年ももうすぐ(  )。
 1. 終わろうとする 
 2. 終わるようにする 
 3. 終わろうとしている 
 4. 終わるようにしている",3,,問題\5次の文の)に入れるのに最もよいものを、1・2・3・4から一つ選び なさい。
"仕事において、ミスは(  )。しかし、人間である以上、ミスは避けられないものだ。
 1. してはいけないわけがない 
 2. してはいけないはずだった 
 3. しないほうがいいとは限らない 
 4. しないほうがいいに決まっている",4,,問題\5次の文の)に入れるのに最もよいものを、1・2・3・4から一つ選び なさい。
"A 国では、急激な経済成長（ ）、エネルギー消費量がこの10年で約3倍に増加している。
 1. に沿って 
 2. に基づき 
 3. にともない 
 4. にこたえて",3,,問題\5次の文の)に入れるのに最もよいものを、1・2・3・4から一つ選び なさい。
"（電話で）A 「ご注文の品をお届けに（ ）たいのですが、明日のご都合はいかがでしょうか。」B 「そうですね。3時以降なら家にいます。」
 1. 上がり 
 2. 差しあげ 
 3. 願い 
 4. 見え",1,,問題\5次の文の)に入れるのに最もよいものを、1・2・3・4から一つ選び なさい。
"「なるほど。それでけんかになったのか。もちろん悪いのは冗談を言った彼だけど、それくらいのことで怒った君（ ）君だよ」
 1. も 
 2. で 
 3. でも 
 4. まで",1,,問題\5次の文の)に入れるのに最もよいものを、1・2・3・4から一つ選び なさい。
"デートの約束がある日は、急いで（ ）業務をこなしていても、なぜか急な会議が入ったりして、結局残業で遅れてしまう。
 1. 帰るべし 
 2. 帰るべき 
 3. 帰るべく 
 4. 帰るべからず",3,,問題\5次の文の)に入れるのに最もよいものを、1・2・3・4から一つ選び なさい。
"彼は自転車がよほど好きらしい。（ ）、毎日楽しそうに自転車で通勤してくる。
 1. 雤とも雪とも 
 2. 雤でもなく雪でもなく 
 3. 雤というか雪というか 
 4. 雤だろうと雪だろうと",4,,問題\5次の文の)に入れるのに最もよいものを、1・2・3・4から一つ選び なさい。
"親が子供を注意するのは、子供のため（ ）のことなのだが、その気持ちはなかなか伝わらない。
 1. に思って 
 2. を思って 
 3. に思っても 
 4. を思っても",2,,問題\5次の文の)に入れるのに最もよいものを、1・2・3・4から一つ選び なさい。
"彼の政治家としての能力は（ ）、首相になるにはまだ早い。
 1. 疑いようがないものを 
 2. 疑いようがないものの 
 3. 疑わないことはないものを 
 4. 疑わないことはないものの",2,,問題\5次の文の)に入れるのに最もよいものを、1・2・3・4から一つ選び なさい。
"(会議で)部長「この方針について意見のある人はいますか。あ、田村さん、どうぞ。」田村「はい。そのような対忚は確かに必要だとは思います。しかし、私たち営業の立場（ ）、現在の状況でそこまでやるのは厳しいです。」
 1. に言わせていれば 
 2. から言わせてやれば 
 3. に言わせてあげれば 
 4. から言わせてもらえば",4,,問題\5次の文の)に入れるのに最もよいものを、1・2・3・4から一つ選び なさい。
"（携帯電話で）夏子「もしもし、友子？ごめん、電車が遅れてて。」友子「え、そうなの？映画、7時からだけど。」夏子「うん。（ ）、また連絡するね。」
 1. 間に合いそうになかったら 
 2. 間に合いそうになかったから 
 3. 間に合っていなかったのだから 
 4. 間に合っていなかったのだったら",1,,問題\5次の文の)に入れるのに最もよいものを、1・2・3・4から一つ選び なさい。
"A「西川先生のデザインは、どういうところが魅力ですか。」B 「そうですね。私にとって先生のデザインは、見ているだけでほっとする（ ）、そんな温かい雰囲気があって、好きなんです。」
 1. というでしょうから 
 2. といいませんか 
 3. というでしょうが 
 4. といいましょうか",4,,問題\5次の文の)に入れるのに最もよいものを、1・2・3・4から一つ選び なさい。
"燃料価格の高騰（ ）、複数の航空会社が運賃を値上げした。
 1. を受けて 
 2. に沿って 
 3. にわたって 
 4. を通じる",1,,問題\5次の文の)に入れるのに最もよいものを、1・2・3・4から一つ選び なさい。
"本日結論が出なかった問題については、次回、改めて検討すること（ ）致します。
 1. の 
 2. で 
 3. が 
 4. と",4,,問題\5次の文の)に入れるのに最もよいものを、1・2・3・4から一つ選び なさい。
"全国の名産品を電話一本で自宅まで届けてくれるサービスが、その手軽さ（ ）人気を集めている。
 1. ながら 
 2. ゆえに 
 3. どころか 
 4. なくして",2,,問題\5次の文の)に入れるのに最もよいものを、1・2・3・4から一つ選び なさい。
"Ａ「頂上まで、どのくらいかかりますか。」
Ｂ「大人の私で2時間半といった（ ）でしたから、お子さん連れなら、半日かかるかもしれませんね。」
 1. こと 
 2. ばかり 
 3. とき 
 4. ところ",4,,問題\5次の文の)に入れるのに最もよいものを、1・2・3・4から一つ選び なさい。
"1００年の伝統を誇るこの旅館のサービスには、老舗旅館（ ）細やかな心遣いが感じられる。
 1. ごときの 
 2. がらみの 
 3. ほどまでの 
 4. ならではの",4,,問題\5次の文の)に入れるのに最もよいものを、1・2・3・4から一つ選び なさい。
"彼の論文は、構成にはまだ尐し問題がある気が（ ）、内容自体はだいぶよくなったと思う。
 1. することはないが 
 2. しないでもないが 
 3. するよりほかないが 
 4. しないのではないが",2,,問題\5次の文の)に入れるのに最もよいものを、1・2・3・4から一つ選び なさい。
"夫「週末の旅行、このスーツケースでどうかなあ？」
妻「何週間も海外に（ ）、今度はそんなに大きいスーツケースは要らないんじゃない？」
 1. 行くわけじゃあるまいし 
 2. 行くもんだっただろうに 
 3. 行くわけだったんだから 
 4. 行くもんじゃないだろうけど",1,,問題\5次の文の)に入れるのに最もよいものを、1・2・3・4から一つ選び なさい。
"(インタビューで)
記者「田中監督、優勝おめでとうございます。田中監督語自身の今のお気持ちを（   ）。」
監督「はい。優勝できて本当にうれしいです。」
 1. お聞きいただけません。 
 2. お聞かせ願えますか 
 3. お話になるでしょうか。 
 4. お話し申し上げましょうか",2,,問題\5次の文の)に入れるのに最もよいものを、1・2・3・4から一つ選び なさい。
"今年は花粉の量が多いので、花粉症の人は辛いらしい。目が多少かゆくなる（   ）、ひどい場合は痛くて目が開けられなくなることもあるそうだ。
 1. までにならないとしても 
 2. めでにならないとすれば 
 3. くらいはいいとしても 
 4. くらいでいいとすれば",3,,問題\5次の文の)に入れるのに最もよいものを、1・2・3・4から一つ選び なさい。
"駅前の再開発の意義は理解出来ても。長年そこで商売をしてきた人達にとっては閉店や立ち退きは不本意で、すぐには（   ）と思われる。
 1. 受け入れずにすまないのではないか 
 2. 受け入れないにかぎるではないか 
 3. 受け入れがたいのではないか 
 4. 受け入れないではないか",3,,問題\5次の文の)に入れるのに最もよいものを、1・2・3・4から一つ選び なさい。
"世間はオリンピックの話題で盛り上がっているが、私はオリンピックには( ) 興味がない。
 1. とうとう 
 2. まるで 
 3. 二度と 
 4. たとえ",2,,問題\5次の文の)に入れるのに最もよいものを、1・2・3・4から一つ選び なさい。
"みんな「幸せになりたい。」と言うが、そもそも何( )幸せとするのだろうか。
 1. にむけて 
 2. をめぐって 
 3. をもって 
 4. につれて",3,,問題\5次の文の)に入れるのに最もよいものを、1・2・3・4から一つ選び なさい。
"(女優に対するインタビューで)

A「女優になろうと思われたきっかけは何だったんですか。」
B「高校生のときに初めて見たお芝居に感動して、女優になろうと決めたんです。あのときあのお芝居を( )、女優になることはなかったと思います。」
 1. 見たとしたら 
 2. 見ようが 
 3. 見なかったにしろ 
 4. 見ていなければ",4,,問題\5次の文の)に入れるのに最もよいものを、1・2・3・4から一つ選び なさい。
"調査の結果、南北川の水質汚染の原因はA社の工場にあることが明らかになったにもかかわらず、A社は決してそれ を ( )。
 1. 認めるほかはなかった 
 2. 認めないでもなかった 
 3. 認めようとはしなかった 
 4. 認めねばならなかった",3,,問題\5次の文の)に入れるのに最もよいものを、1・2・3・4から一つ選び なさい。
"学生時代によく通ったこの喫茶店に来ると、あのころのことが昨日のことのように( )。
 1. 思い出される 
 2. 思い出す 
 3. 思い出すだろう 
 4. 思い出させた",1,,問題\5次の文の)に入れるのに最もよいものを、1・2・3・4から一つ選び なさい。
"日本近海で海水の酸性化が認められたという。海の生態系に大きな影響が ( )遅い。早急な対策が求められる。
 1. 出たせいなのかは 
 2. 出てしまうかは 
 3. 出たばかりでは 
 4. 出てからでは",4,,問題\5次の文の)に入れるのに最もよいものを、1・2・3・4から一つ選び なさい。
"高さ700メートルを超すこの超高層ビルは、高成長を続けるA国の象徴 ( )存在となっている。
 1. にするべく 
 2. ともいうべき 
 3. があるらしい 
 4. でもなるような",2,,問題\5次の文の)に入れるのに最もよいものを、1・2・3・4から一つ選び なさい。
"初めて自分でみそを作った。実際に作ってみて、時間はかかるが、意外と簡単に( )と思った。
 1. 作るまでだ 
 2. 作るに限る 
 3. 作れるものだ 
 4. 作っただけのことはある",3,,問題\5次の文の)に入れるのに最もよいものを、1・2・3・4から一つ選び なさい。
"(レストランで)

妻「ねえ、森さんは 30分くらい遅れるんだって。」
夫「じゃあ、先に食べ物、( )。お腹がすいててさ。」
妻「そうだね。食べながら森さん待とう。」
夫「うん。」
 1. 頼んどけないよ 
 2. 頼んじゃわないか 
 3. 頼んどかないで 
 4. 頼んじゃうんじゃないよね",2,,問題\5次の文の)に入れるのに最もよいものを、1・2・3・4から一つ選び なさい。
"田中「部長、先日提出した書類なんですが、あれで大丈夫でしょうか。」

部長「あ、ごめん。まだ見てない。」
回中「そうですか。すみませんが、なるべく早く( )。」
 1. 見ていただけると助かるんですが 
 2. 見ていただくんでしょうか 
 3. 見ていだだいたと思うんですが 
 4. 見ていただいてはいかがでしょうか",1,,問題\5次の文の)に入れるのに最もよいものを、1・2・3・4から一つ選び なさい。
"夏休みに水族館に行ったら、時間( )時期だけに親子連れで混雑していた。
 1. で 
 2. に 
 3. は 
 4. が",4,,問題\5次の文の)に入れるのに最もよいものを、1・2・3・4から一つ選び なさい。
"北川市では、良好な景観形成を計画的( )具体的に勧めるために、「北川市景観形成基本方針」を定めています。
 1. かつ 
 2. むしろ 
 3. ついては 
 4. かえって",1,,問題\5次の文の)に入れるのに最もよいものを、1・2・3・4から一つ選び なさい。
"28 3000mを超える冬山に、十分な装備もなく単独で登るのは、( )極まりない行為だ。
 1. 危険 
 2. 危険の 
 3. 危険な 
 4. 危険に",1,,問題\5次の文の)に入れるのに最もよいものを、1・2・3・4から一つ選び なさい。
"景気は徐々に回復してきていると言われるが、私には一時的な現象のように( )。
 1. 思う 
 2. 思っている 
 3. 思われる 
 4. 思わせる",3,,問題\5次の文の)に入れるのに最もよいものを、1・2・3・4から一つ選び なさい。
"新幹線の新型車両が初めて一般に公開される( )、鉄道ファンの私としては、見に行かないわけにはいかない。
 1. にあってか 
 2. とあっては 
 3. になっては 
 4. となっては",2,,問題\5次の文の)に入れるのに最もよいものを、1・2・3・4から一つ選び なさい。
"自分ではそんなに短気ではないと思っているが、友達に( )、私はけっこう怒りっぽいらしい。
 1. 言われれば 
 2. 言われたら 
 3. 言わせると 
 4. 言わせて",3,,問題\5次の文の)に入れるのに最もよいものを、1・2・3・4から一つ選び なさい。
"昨日行った蕎麦屋は、たくさん人が並んでいたので( )、意外にもすぐに席に案内された。
 1. 待たされたかと思えば 
 2. 待たされることと思い 
 3. 待たされるかと思いきや 
 4. 待たされたことと思うが",3,,問題\5次の文の)に入れるのに最もよいものを、1・2・3・4から一つ選び なさい。
"企画立案というのは苦しい作業だが、自分の案が採用された時のうれしさ(  )。
 1. といったらない 
 2. にすぎない 
 3. ほどのことではない 
 4. ともかぎらない",1,,問題\5次の文の)に入れるのに最もよいものを、1・2・3・4から一つ選び なさい。
"店員:「アルバイトの太田さんのことなんですが、仕事中におしゃべりが多くて困っているんです。店長から一言 ( )」
店長:「わかった。後で注意しておくよ。」
 1. 伺いたいのですが 
 2. お聞きになるでしょうか 
 3. 申し上げてもよろしいですか 
 4. おっしゃってくださいませんか",4,,問題\5次の文の)に入れるのに最もよいものを、1・2・3・4から一つ選び なさい。
"友達からコンサートのチケットをもらったが、仕事で忙しく、行けそうにないので、( )と悩んでいる。
 1. どうなったのか 
 2. どうしたものか 
 3. どうなっているか 
 4. どうしていることか",2,,問題\5次の文の)に入れるのに最もよいものを、1・2・3・4から一つ選び なさい。
"この島では春になると花(　　)花が一斉に咲いて島全体を埋め尽くします。
 1. だの 
 2. との 
 3. なり 
 4. という",4,,問題\5次の文の)に入れるのに最もよいものを、1・2・3・4から一つ選び なさい。
"うちの猫はカメラを向けると逃げてしまう。(　　)カメラのレンズが怖いようだ。
 1. まさか 
 2. なんて 
 3. どうやら 
 4. かえって",3,,問題\5次の文の)に入れるのに最もよいものを、1・2・3・4から一つ選び なさい。
"今年は景気の回復傾向(　　)大企業を中心に給与の支給額が増えると見込まれている。
 1. に限って 
 2. を受けて 
 3. にわたって 
 4. を含めて",2,,問題\5次の文の)に入れるのに最もよいものを、1・2・3・4から一つ選び なさい。
"普段はLサイズを着ているのに間違えてMサイズのTシャツを買ってしまった。でも着てみたら少しきついがMサイズも(　　)。
 1. 着られなくはなかった 
 2. 着られもしなかった 
 3. 着られてはならなかった 
 4. 着るに着られなかった",1,,問題\5次の文の)に入れるのに最もよいものを、1・2・3・4から一つ選び なさい。
"(ホテルのホームページで) このページでは当ホテルにご宿泊いただいたお客様から(　　)ご意見ご感想を掲載しております。
 1. なさった 
 2. 差し上げた 
 3. 頂戴した 
 4. おいでくださった",3,,問題\5次の文の)に入れるのに最もよいものを、1・2・3・4から一つ選び なさい。
"悪いと思うなら素直に「ごめん」と(　　)弟はそれができなくてすぐ言い訳する。
 1. 謝ろうとしないのだから 
 2. 謝っているところに 
 3. 謝ればいいものを 
 4. 謝らないかぎりは",3,,問題\5次の文の)に入れるのに最もよいものを、1・2・3・4から一つ選び なさい。
"私が小学校に(　　)のころ父とどこか大きな川へ釣りに行った記憶がある。
 1. 入ろうが入るまいが 
 2. 入るか入らないか 
 3. 入っていてもいなくても 
 4. 入るにしても入らないにしても",2,,問題\5次の文の)に入れるのに最もよいものを、1・2・3・4から一つ選び なさい。
"バスの窓から大きな虹が見えたので写真を撮った。山道を走るバスに(　　)けっこう良く撮れていた。
 1. 揺られながらにしては 
 2. 揺られながらとなれば 
 3. 揺られっぱなしなのか 
 4. 揺られっぱなしだとは",1,,問題\5次の文の)に入れるのに最もよいものを、1・2・3・4から一つ選び なさい。
"試合後木村選手は「絶対に勝ちたい相手だっただけに大事な場面でのミスが(　　)」とコメントした。
 1. 悔やまないようにする 
 2. 悔やんでばかりだ 
 3. 悔やむべきではない 
 4. 悔やまれてならない",4,,問題\5次の文の)に入れるのに最もよいものを、1・2・3・4から一つ選び なさい。
"夫 「見て。実家から米が届いたよ。」妻 「わあすごい。これだけたくさんあれば私たち当分お米は(　　)ね。」
 1. 買ってきてはないんだ 
 2. 買ったきりになってる 
 3. 買わなくて済みそうだ 
 4. 買うつもりじゃなかった",3,,問題\5次の文の)に入れるのに最もよいものを、1・2・3・4から一つ選び なさい。
"私は、Tシャツ( )ジーンズといったカジュアルな格好が好きだ。
 1. を 
 2. に 
 3. など 
 4. ほど",2,,問題\5次の文の)に入れるのに最もよいものを、1・2・3・4から一つ選び なさい。
"大波海岸に面している夏原町では、海の町( )新鮮な魚料理が楽しめます。
 1. なり 
 2. なくして 
 3. ながらに 
 4. ならではの",4,,問題\5次の文の)に入れるのに最もよいものを、1・2・3・4から一つ選び なさい。
"昨日、水月滝を見に行った。さすが日本有数の水量を誇るだけあって、( )見事な 滝だった。
 1. あえて 
 2. まさか 
 3. なかなか 
 4. かえって",3,,問題\5次の文の)に入れるのに最もよいものを、1・2・3・4から一つ選び なさい。
"(メールで)
映画の情報、ありがとうごさいます。教えてもらわなかったら、( )と ころでした。明日早速見に行きます。
 1. 見逃す 
 2. 見逃さなかった。 
 3. 見逃せる 
 4. 見逃せなかった。",1,,問題\5次の文の)に入れるのに最もよいものを、1・2・3・4から一つ選び なさい。
"最近、多くの地域で和紙職人の高齢化が進んでおり、このままでは、せっかくの伝統技術 が(  )。
 1. 失われたようだ 
 2. 失われかけている 
 3. 失われかねない 
 4. 失われてはならない。",3,,問題\5次の文の)に入れるのに最もよいものを、1・2・3・4から一つ選び なさい。
"会社の先輩は、「わからないことがあったら、何でも間いて。」と言ってくれるが、会議や 外出でほとんど席にいないので、( )聞けない。
 1. 聞いては、 
 2. 聞くには 
 3. 聞こうにも 
 4. 聞かずとも",3,,問題\5次の文の)に入れるのに最もよいものを、1・2・3・4から一つ選び なさい。
"西清さんは元銀行員。支店長を( )、夢であった和菓子職人を目指し、45歳で退職。その10年後、大ヒット商品の「七色だんこ」を生み出した。
 1. 任されたまでは 
 2. 任されたくらいでは 
 3. 任されるまでになったが 
 4. 任されるくらいになれば",3,,問題\5次の文の)に入れるのに最もよいものを、1・2・3・4から一つ選び なさい。
"母:「ねえ、たけしの次の対戦相手、去年優勝してるんだって。勝つのは難しいかな。」
父:「そんなの( ) わかんないよ。」
 1. やってるって 
 2. やってみなきゃ 
 3. やっちゃうのが、 
 4. やっちゃおうと",2,,問題\5次の文の)に入れるのに最もよいものを、1・2・3・4から一つ選び なさい。
"A:「昨日、取引先の人と食事したんだけど、プライベートなことまでいろいろ聞かれて困っちゃった。」
B:「そんなのは、いちいち本当のことを言わずに適当に( )。」
 1. 答えてくれそうだよ 
 2. 答えられたせいだよ 
 3. 答えただけのことだ 
 4. 答えておけばいいんだよ",4,,問題\5次の文の)に入れるのに最もよいものを、1・2・3・4から一つ選び なさい。
"適切な目標を設定するのは難しいと言われている。目標があまりに高すぎると、やる気を ( )からだ。
 1. 失わせてしまってはならない。 
 2. 失わせてしまいつつあると 
 3. 失わせてしまうところだPP 
 4. 失わせてしまうおそれがある",4,,問題\5次の文の)に入れるのに最もよいものを、1・2・3・4から一つ選び なさい。
"父は仕事が生きがいで、定年後も(　　) かぎりは働きたいと言っている。
 1. 働けず 
 2. 働いた 
 3. 働こう 
 4. 働ける",4,,問題\5次の文の)に入れるのに最もよいものを、1・2・3・4から一つ選び なさい。
"周囲からどのような批判を(　　)、自らの考えを最後まで貫くべきだ。
 1. 浴びたといえば 
 2. 浴びたにもかかわらず 
 3. 浴びようとも 
 4. 浴びようにも",3,,問題\5次の文の)に入れるのに最もよいものを、1・2・3・4から一つ選び なさい。
"テニスの木村健一選手は、おととしの全日本大会優勝(　　)、競技から離れていたが、昨日、正式に引退を表明した。
 1. を最後に 
 2. を皮切りに 
 3. にあたって 
 4. に沿って",1,,問題\5次の文の)に入れるのに最もよいものを、1・2・3・4から一つ選び なさい。
"部下「課長、W社から納期を一週間早めてほしいという連絡があったんですが。」 課長「え、納期の日程を設定したのはあっちだろう。(　　)、納期まで2週間の今になって、早めろと言うなんて勝手過ぎる。どういうことなんだ。」
 1. 実は 
 2. というのは 
 3. ただし 
 4. それを",4,,問題\5次の文の)に入れるのに最もよいものを、1・2・3・4から一つ選び なさい。
"母 「たかし、宿題は終わったの?」たかし「まだ終わってない。今日の宿題、難しくて、全然(　　)」
 1. わかんないんだもん 
 2. わかんないもんか 
 3. わかんないんだっけ 
 4. わかんないからって",1,,問題\5次の文の)に入れるのに最もよいものを、1・2・3・4から一つ選び なさい。
"新市長に当選した上田氏は「選挙中に掲げた政策を、市長として私自らが先頭に立って実行して(　　)。」と決意を述べた。
 1. まいります 
 2. 願います 
 3. いたします 
 4. 頂戴します",1,,問題\5次の文の)に入れるのに最もよいものを、1・2・3・4から一つ選び なさい。
"最先端の実験設備を持った ABC研究所の研究施設は、日本一(　　)だろう。
 1. の疑いがある 
 2. を余儀なくさせる 
 3. よりほかはない 
 4. といっても過言ではない",4,,問題\5次の文の)に入れるのに最もよいものを、1・2・3・4から一つ選び なさい。
"課題の締め切り前になると、もっと時間があればと思うが、(　　)、きっと遊んでしまうのだろうとも思う。
 1. あるにはあるが 
 2. あったらあったで 
 3. あるとないとでは 
 4. あったりなかったりで",2,,問題\5次の文の)に入れるのに最もよいものを、1・2・3・4から一つ選び なさい。
"子供サッカー教室に、プロサッカー選手の上田幸太が参加した。上田選手が来ることは参加者には(　　)、突然の登場にみんな驚いていた。
 1. 知られつつも 
 2. 知らされておらず 
 3. 知らされていないと 
 4. 知られたためか",2,,問題\5次の文の)に入れるのに最もよいものを、1・2・3・4から一つ選び なさい。
"今回の最優秀作品に対して、審査員たちは、「こんな瞬間を写真に収めることができたなんて、まさに奇跡(　　)」と絶賛している。
 1. とでも言えばいい 
 2. とすら言おうとしない 
 3. としか言いようがない 
 4. と言ってもしかたがない",3,,問題\5次の文の)に入れるのに最もよいものを、1・2・3・4から一つ選び なさい。
"不況の影響で、多くの企業が事業の縮小や延期、さらには事業からの撤退( )余儀なくされている。
 1. を 
 2. で 
 3. と 
 4. に",1,,問題\5次の文の)に入れるのに最もよいものを、1・2・3・4から一つ選び なさい。
"一度ついてしまった癖は、( )簡単には直らないものだ。
 1. そう 
 2. たとえ 
 3. そのうち 
 4. いったい",1,,問題\5次の文の)に入れるのに最もよいものを、1・2・3・4から一つ選び なさい。
"半年後に大学受験( )、アイドルの西田アキは現在活動を休止している。
 1. を基にして 
 2. を控えて 
 3. をもって 
 4. をめぐって",2,,問題\5次の文の)に入れるのに最もよいものを、1・2・3・4から一つ選び なさい。
"結婚2年目の記念に、娘が遊園地のペアチケットをプレゼントしてくれた。いまさら夫婦二人で遊園地( )と思ったが、行ってみたら意外と楽しめた。
 1. にすぎない 
 2. ならではだ 
 3. でもあるまい 
 4. のようなものだ",3,,問題\5次の文の)に入れるのに最もよいものを、1・2・3・4から一つ選び なさい。
"(手紙で) 毎日を迎え、お忙しい毎日をお過ごしのことと( )が、お変わりありませんでしょうか。
 1. いたします 
 2. 承りします 
 3. 存じます 
 4. 申し上げます",3,,問題\5次の文の)に入れるのに最もよいものを、1・2・3・4から一つ選び なさい。
"駐車場に着いて、車から( )、ザーッと大粒の雨が降ってきた。
 1. 出るようにしたとたんに 
 2. 出ようとしたとたんに 
 3. 出るようにするにつれて 
 4. 出るようとするにつれて",2,,問題\5次の文の)に入れるのに最もよいものを、1・2・3・4から一つ選び なさい。
"取引先との打ち合わせで、「御社で」と( )、誤って「弊社で」と言ってしまい、相手を混乱させてしまった。
 1. 言うのにひきかえ 
 2. 言ったことにしても 
 3. 言うべきところを 
 4. 言ったつもりはないのに",3,,問題\5次の文の)に入れるのに最もよいものを、1・2・3・4から一つ選び なさい。
"この映画は主役の演技が良くない。ほかの俳優については( )、実にもったいない。
 1. 文句のつけようがないのか 
 2. 文句のつけようがないだけに 
 3. 文句をつけずにはいられないのか 
 4. 文句をつけずにはいられないだけに",2,,問題\5次の文の)に入れるのに最もよいものを、1・2・3・4から一つ選び なさい。
"こんなに天気が良くなるなら、レインコートなんて、着て( )。
 1. きたんだった 
 2. くるんだった 
 3. きたんじゃなかった 
 4. くるんじゃなかった",4,,問題\5次の文の)に入れるのに最もよいものを、1・2・3・4から一つ選び なさい。
"夕方の飛行機で帰ろうと思っていたが、台風の進路によっては午後の便がすべて欠航に（　)。今夜の宿 を探しておいたほうがよさそうだ。
 1. なるにこしたことはない 
 2. なりそうですらない 
 3. なっているはずがない 
 4. ならないともかぎらない",4,,問題\5次の文の)に入れるのに最もよいものを、1・2・3・4から一つ選び なさい。
"山川鉄道は、3月で開業90周年を迎えるの ( )最新型車両を導入し、15日から運営運転を開始する。
 1. を限りに 
 2. を皮切りに 
 3. をよそに 
 4. を機に",4,,問題\5次の文の)に入れるのに最もよいものを、1・2・3・4から一つ選び なさい。
"いかなる理論でも、データによって実証されなければ多くの人に ( )しない。
 1. 受け入れは 
 2. 受け入れられは 
 3. 受け入れられては 
 4. 受け入れられることは",2,,問題\5次の文の)に入れるのに最もよいものを、1・2・3・4から一つ選び なさい。
"(テレビのコマーシャルで)
「こちらは添加物を( ) 使用していない、ヘルシーな食用油です。 」
 1. いっさい 
 2. とても 
 3. きっと 
 4. まさか",1,,問題\5次の文の)に入れるのに最もよいものを、1・2・3・4から一つ選び なさい。
"「今回のプロジェクトを任され、その責任の重さに身が引き締まる(
)です。」
 1. 考え 
 2. 見込み 
 3. 思い 
 4. 始末",3,,問題\5次の文の)に入れるのに最もよいものを、1・2・3・4から一つ選び なさい。
"「このたびは、私どもの商品発送ミスにより、お客様に大変ご迷惑をかけましたことを深く ( )。申し訳ございませんでした。」
 1. わびていただきます 
 2. わびていらっしゃいます 
 3. おわびいただきます 
 4. おわび申し上げます",4,,問題\5次の文の)に入れるのに最もよいものを、1・2・3・4から一つ選び なさい。
"上司:「君、 困る ( )資料にミスがあったぞ。君のせいで大恥をかいたよ。」
部下: 「すみません。 うっかりしておりまして・・・」
 1. じゃないか 
 2. のではないか 
 3. じゃないのか 
 4. のではないのか",1,,問題\5次の文の)に入れるのに最もよいものを、1・2・3・4から一つ選び なさい。
"地球温暖化抑制への貢献が、ここ10年あまりの間に、優良企業の条件の一つ( )ようだ。
 1. としうる 
 2. となりうる 
 3. としつつある 
 4. となりつつある",4,,問題\5次の文の)に入れるのに最もよいものを、1・2・3・4から一つ選び なさい。
"子ども: 「お母さん、 来週の日曜日、 さくら山に行ってもいい?」

母親 「だめよ。 今の季節、あの山にはハチがたくさん出るのよ。万が一、(
)大変でしょ。」
 1. 刺されさえしたら 
 2. 刺されでもしたら 
 3. 刺させるなどしても 
 4. 刺させるくらいしても",2,,問題\5次の文の)に入れるのに最もよいものを、1・2・3・4から一つ選び なさい。
"自慢する ( )が、私は入社以来10年、一度も遅刻をしたことがない。
 1. だけのことではない 
 2. ほどのことではない 
 3. だけのことに過ぎない 
 4. ほどのことに過ぎない",2,,問題\5次の文の)に入れるのに最もよいものを、1・2・3・4から一つ選び なさい。
"「いくら注意しても、後輩が同じ失敗を繰り返します。私は注意し続けるべきでしょうか。それとも本人が気づくま で、もう何も言う( )。」
 1. べきでしょうか 
 2. べきなのでしょうか 
 3. べきではないのでしょうか 
 4. べきなのではないでしょうか",3,,問題\5次の文の)に入れるのに最もよいものを、1・2・3・4から一つ選び なさい。
"政治評論家の山田氏は「方法( )、現状を打開する必要がある」と説く
 1. としても 
 2. だけでなく 
 3. はどうあれ 
 4. にかわって",3,,問題\5次の文の)に入れるのに最もよいものを、1・2・3・4から一つ選び なさい。
"A 社は、製品の成分表示に誤りがあったことについて謝罪したが、品質には( )問題はないと強調し た。
 1. かりに 
 2. なんら 
 3. なかなか 
 4. あまりにも",2,,問題\5次の文の)に入れるのに最もよいものを、1・2・3・4から一つ選び なさい。
"あの時すぐに治療しておけばよかった( )、ほうっておくからあっかしてしまったんだ。
 1. ば かりに 
 2. ことを 
 3. ために 
 4. ものを",4,,問題\5次の文の)に入れるのに最もよいものを、1・2・3・4から一つ選び なさい。
"昨日行ったそば屋は、たくさん人が並んでいたので( )、意外にもすぐに席に案内された。
 1. 待たされたかと思えば 
 2. 待たされることと思い 
 3. 待たされるかと思いきや 
 4. 待たされたことと思うが",3,,問題\5次の文の)に入れるのに最もよいものを、1・2・3・4から一つ選び なさい。
"妹「来月の私の誕生日、財布を買ってくれるんだよね?」

兄「え?そんなこと言ったつけ?
妹「言ったよ。自分から( )忘れるなんて信じられない。」
 1. 言えたけど 
 2. 言っといて 
 3. 言ったせいで 
 4. 言ってたとすると",2,,問題\5次の文の)に入れるのに最もよいものを、1・2・3・4から一つ選び なさい。
"先生 に( )、地元の名物料理をお出ししたいと思います。
 1. おいでくださるにしては 
 2. おいでいただくにしては 
 3. おいでくださるからには 
 4. おいでいただくからには",4,,問題\5次の文の)に入れるのに最もよいものを、1・2・3・4から一つ選び なさい。
"仕事が忙しくて、今年は旅行( )。
 1. に過ぎない 
 2. どころではない 
 3. にほかならない 
 4. といっても過言ではない",2,,問題\5次の文の)に入れるのに最もよいものを、1・2・3・4から一つ選び なさい。
"中村「山田さんは本当に猫が好きなんだね。今日のバッグも猫の絵柄だし」
 山田「うん。でも、あんまり持ち物が猫柄ばかりなんで、家族から『猫 好き()だろう』って言われたりする」。
 1. のかぎりではない 
 2. のことにかぎる 
 3. にもほどがある 
 4. にあるほどでもない",3,,問題\5次の文の)に入れるのに最もよいものを、1・2・3・4から一つ選び なさい。
"私の夢を応援してくれた人たちに心から感謝している。特に、いつもそばで支えてくれた両親にはど んなに()。
 1. 感謝してもしきれない 
 2. 感謝しようにもできない 
 3. 感謝しすぎることはない 
 4. 感謝したくてたまらない",1,,問題\5次の文の)に入れるのに最もよいものを、1・2・3・4から一つ選び なさい。
"バイオリンは、半年レッスンを受けても、曲が弾けるレベルにまで上達するのは難しく、せいぜい正しい 持ち方ができる()そうだ。
 1. いようになるぐらいだ 
 2. ようになるほどだ 
 3. ようにはならないだけだ 
 4. ようにはならないはずだ",1,,問題\5次の文の)に入れるのに最もよいものを、1・2・3・4から一つ選び なさい。
"このカメラは、プロの写真家( )、普通の人間には使いこなせないだろ
 1. はおろか 
 2. ならまだしも 
 3. どころではなく 
 4. に比して",2,,問題\5次の文の)に入れるのに最もよいものを、1・2・3・4から一つ選び なさい。
"3000mを超える冬山に、十分な装備もなく単独で登るのは、( ) 極まりない行為だ。
 1. 危険 
 2. 危険の 
 3. 危険な 
 4. 危険に",1,,問題\5次の文の)に入れるのに最もよいものを、1・2・3・4から一つ選び なさい。
"新作ケーム機の発売イベントは、今週末に東京でん( )、全国を巡回していく予定だ。
 1. 開催されてのを皮切りに 
 2. 開催されるや否や 
 3. 開催されたとたんに 
 4. 開催されて以来",1,,問題\5次の文の)に入れるのに最もよいものを、1・2・3・4から一つ選び なさい。
"彼は目転車がよほど好きらしい。( )、 毎日楽しそうに目転車で通動してくる。
 1. 雨とも雪とも 
 2. 雨でもなく雪でもなく 
 3. 雨というか雪というか 
 4. 雨だろうと雪だろうと",4,,問題\5次の文の)に入れるのに最もよいものを、1・2・3・4から一つ選び なさい。
"「口は災いのもと」というのは、余計なことをついて( )、自らに災いが降りか かるという意味です。
 1. 言ってみたばかり 
 2. 言ってみたとおり 
 3. 言ってしまったばかりに 
 4. 言ってしまったとおりにく",3,,問題\5次の文の)に入れるのに最もよいものを、1・2・3・4から一つ選び なさい。
"歯医者「歯を磨くときに、汚れをく( )、強い力で磨いてしまいがちですが、カを入れすぎると、歯を傷つけてしまいます。優しく磨きましょう。」
 1. 落とそうとするあまり 
 2. 落とそうとしたわりに 
 3. 落とせばいしのであれば 
 4. 落とせばいいかというと",1,,問題\5次の文の)に入れるのに最もよいものを、1・2・3・4から一つ選び なさい。
"河川の清掃活動の指揮を任された山田さんは、「大変な仕事ですが、( ) と思っています」と語った。
 1. やってやることがない 
 2. やってもやるべきではない 
 3. やってもやれるものでもない 
 4. やってやれないことはない",4,,問題\5次の文の)に入れるのに最もよいものを、1・2・3・4から一つ選び なさい。
"就職先は慎重に選ばないと「こんなはずではなかった」( )。
 1. といったようにはしかねるく 
 2. といったようにならない 
 3. ということになりかねない 
 4. ということにはなりえない",3,,問題\5次の文の)に入れるのに最もよいものを、1・2・3・4から一つ選び なさい。
"X 社は経営に行き詰まっている。今回の成果主義導入も、労働意欲向上 のためとはいうが、結局は人件費削減を正当化するための口実( )。
 1. になどせぬ 
 2. にすぎまい 
 3. でかまわぬ 
 4. でもあるまい",2,,問題\5次の文の)に入れるのに最もよいものを、1・2・3・4から一つ選び なさい。
"(メールで)

初めてご連絡いたします。南市生涯学習課の中島と申します。当市では、来年度、生涯学習をテーマにした講演会を企画しております。つきましては、林先生にぜひご講演をお願 いしたく、( )。
 1. ご連絡を承りました 
 2. ご連絡した次第です 
 3. ご連絡をくださいました 
 4. ご連絡したことです",2,,問題\5次の文の)に入れるのに最もよいものを、1・2・3・4から一つ選び なさい。
"このお寺は、釘などの金属類は( )使わず、木材だけで建てられているそうだ。
 1. あまりに 
 2. いっさい 
 3. できれば 
 4. どうしても",2,,問題\5次の文の)に入れるのに最もよいものを、1・2・3・4から一つ選び なさい。
"旅館の窓から見えた山々は紅葉で鮮やかに色づいており、 澄んだ青空 ( )、 なんとも美しかった。
 1. を経て 
 2. を基に 
 3. と相まって 
 4. と引きかえに",3,,問題\5次の文の)に入れるのに最もよいものを、1・2・3・4から一つ選び なさい。
"ふるさとの美しい海を見る(  )、 この美しい海がいつまでもこのまま であってほしいと思う。
 1. につけ 
 2. にせよ 
 3. とはいえ 
 4. というのは",1,,問題\5次の文の)に入れるのに最もよいものを、1・2・3・4から一つ選び なさい。
"マラソン大会から帰るとき、 電車はすいていたが、 一度座ったら ( )疲れていたので、 ずっと立っていた。
 1. 立ち上がってはいけないなんて 
 2. 立ち上がれそうにないなんて 
 3. 立ち上がってはいけないぐらい 
 4. 立ち上がれそうにないぐらい",4,,問題\5次の文の)に入れるのに最もよいものを、1・2・3・4から一つ選び なさい。
"健康的な生活を送るためには睡眠時間を十分にとる必要があるが、 ただ長く( )、そうではない。 時間だけでなく睡眠の質も重要だ。
 1. 眠ればいいかというと 
 2. 眠ればいいというより 
 3. 眠ってもいいかというと 
 4. 眠ってもいいというより",1,,問題\5次の文の)に入れるのに最もよいものを、1・2・3・4から一つ選び なさい。
"さくら小学校では、児童数が増加して、それまでの教室数では対応 ( )、今年新しい校舎が建設された。
 1. しきれなくなったからには 
 2. しきれなくなったことから 
 3. するほかなくなったからには 
 4. するほかなくなったことから",2,,問題\5次の文の)に入れるのに最もよいものを、1・2・3・4から一つ選び なさい。
"ABC 遊園地はオープンからまもなく1年を迎える。 総来場者数は、 先月末の時点850万人に上り、 一周年となる来月には1000万人を超える( )という。
 1. 限りだ 
 2. 最中だ 
 3. 見込みだ 
 4. 一方だ",3,,問題\5次の文の)に入れるのに最もよいものを、1・2・3・4から一つ選び なさい。
"アルバイトを終えて帰ってきたが、 のんびり( )。 明日提出するレポートを完成させなければならない。
 1. するしかない 
 2. してしかたがない 
 3. するまでもない 
 4. てはいられない",4,,問題\5次の文の)に入れるのに最もよいものを、1・2・3・4から一つ選び なさい。
"A「あれ、 ぜいたくのぜいって、漢字でどう( )?」

B「え、私も思い出せない」
 1. 書くんだよね 
 2. 書くんだっけ 
 3. 書けるんだよね 
 4. 書けるんだっけ",2,,問題\5次の文の)に入れるのに最もよいものを、1・2・3・4から一つ選び なさい。
"私としては( )のだが、妻は私の一言に感動したらしく、泣かれてしまった。
 1. 泣くつもりはなかった 
 2. 泣かせるつもりはなかった 
 3. 泣きたくてたまらなかった 
 4. 泣かせたくてたまらなかった",2,,問題\5次の文の)に入れるのに最もよいものを、1・2・3・4から一つ選び なさい。
"100 年の伝統を誇るこの旅館のサービスには、老舗旅館( )細やかな心遣いが感じ られる。
 1. ごときの 
 2. がらみの 
 3. ほどまでの 
 4. ならではの",4,,問題\5次の文の)に入れるのに最もよいものを、1・2・3・4から一つ選び なさい。
"新入社員のころ、取引先の担当者の名前を間違えた( )、契約してもらえなかったこ とがある。
 1. なんて 
 2. 以上は 
 3. ばかりに 
 4. かと思うと",3,,問題\5次の文の)に入れるのに最もよいものを、1・2・3・4から一つ選び なさい。
"これまで森さんのことなど何とも思っていなかった。( )最近、なぜか急に恋愛対象 として意識するようになってしまった。
 1. それは 
 2. それも 
 3. それか 
 4. それが",4,,問題\5次の文の)に入れるのに最もよいものを、1・2・3・4から一つ選び なさい。
"自動車の新社長に就任した山下春好さんは、会見で、「私が持つノウハウ( )、早期 の黒字化が図れると確信している。」と述べた。
 1. とあってか 
 2. とあってさえ 
 3. にとってみれば 
 4. をもってすれば",4,,問題\5次の文の)に入れるのに最もよいものを、1・2・3・4から一つ選び なさい。
"できない理由ばかりを探して、( )あきらめてしまう人に、成長はない。
 1. やってもいないうちから 
 2. やることはないにしろ 
 3. やりようがないにもかかわらず 
 4. やってしまってからでないと",1,,問題\5次の文の)に入れるのに最もよいものを、1・2・3・4から一つ選び なさい。
"A「ねえ、この漫画、面白いよ。」

B「興味ない。」
A「そんなこと言って。本当は読んでみたくてしかたが( )。」
 1. なくちゃ 
 2. ないけど 
 3. ないくせに 
 4. なくたって",3,,問題\5次の文の)に入れるのに最もよいものを、1・2・3・4から一つ選び なさい。
"次の試合の相手とは前回の大会で一度( )。前回は負けたが、今回は絶対に勝ちたい。
 1. 対戦している 
 2. 対戦してくる 
 3. 対戦してみる 
 4. 対戦していく",1,,問題\5次の文の)に入れるのに最もよいものを、1・2・3・4から一つ選び なさい。
"(旅館のパンプレットで)

電車でお越しのお客様は、最寄りの森川駅までスタッフがお迎えに( )ので、前日ま でにご到着予定時間をおしらせください。
 1. 見えます 
 2. あがります 
 3. くださいます 
 4. さし上げます",2,,問題\5次の文の)に入れるのに最もよいものを、1・2・3・4から一つ選び なさい。
"夕べは、せっかく北山まで夜景を見に行ったのに、ものすごい強風と寒さで、夜景を( )。
 1. 楽しまずにはいられなかった 
 2. 楽しめないことはなかった 
 3. 楽しむどころではなかった 
 4. 楽しむつもりはなかった",3,,問題\5次の文の)に入れるのに最もよいものを、1・2・3・4から一つ選び なさい。
"(会社で)
A「知っています?部長が、売り上げを半年で5倍にするって言っているらしいですよ。」
B「5倍?ありえないよ。どう考えてもさすがに( )。」
 A「そうですよね。無理ですよね。」
 1. 無理するもんだ 
 2. 無理するもんか 
 3. 無理ってもんだ 
 4. 無理なもんか",3,,問題\5次の文の)に入れるのに最もよいものを、1・2・3・4から一つ選び なさい。
"X 医院は、患者を\_\_\_ \_\_\_ \___★__\_ \_\_\_近々予約制を導入す
るらしい。
 1. 待たせる 
 2. 診察できる 
 3. ように 
 4. ことなく",2,,問題\6次の文の、\_★\_に入る最もよいものを、1・2・3・4から一つ選びなさい。
"昨日、友人から野菜ジュースをたくさんもらった。一人暮らしだとインス
タント食品ばかり食べてしまって\_\_\_ \_\_\_ \___★__\_ \_\_\_ありがたい。
 1. だけに 
 2. になり 
 3. がちな 
 4. 野菜不足",3,,問題\6次の文の、\_★\_に入る最もよいものを、1・2・3・4から一つ選びなさい。
"（ホームぺージーで）

Q：洗剤をたくさん使ったほうが、洗濯物がきれいになりますか。

A：洗濯物を\_\_\_ \_\_\_ \___★__\_ \_\_\_悪臭の原因にもなります。適量を守りましょう。
 1. 洗剤をたくさん入れればいいかといえば 
 2. 逆にすすぎ切れなかったりして 
 3. きれいに洗うには 
 4. そうではなく",4,,問題\6次の文の、\_★\_に入る最もよいものを、1・2・3・4から一つ選びなさい。
"この町には、大正初期に建てられた洋館があるらしい。前々から\_\_\_ \_\_\_ \___★__\_ \_\_\_帰ることはできない。
 1. 私としては 
 2. 近代建築に興味がある 
 3. その洋館を見ずに 
 4. それを知ったからには",1,,問題\6次の文の、\_★\_に入る最もよいものを、1・2・3・4から一つ選びなさい。
"私は、\_\_\_ \_\_\_ \___★__\_ \_\_\_と思い、校内に畑を作って生
徒たちに野菜を育てさせることを校長に提案した。
 1. 農業を身近なものとして 
 2. 食べるということが 
 3. 考えるきっかけになれば 
 4. 育てた野菜を収穫して",2,,問題\6次の文の、\_★\_に入る最もよいものを、1・2・3・4から一つ選びなさい。
"スピーチプレゼンテーションにおいて、ジェスチャーを使いながら話すのは\_\_\_ \_\_\_ \___★__\_ \_\_\_印象を悪くすることもあるので注意が必要だ。
 1. あまりに 
 2. 効果的である反面 
 3. かえって 
 4. 大きすぎるジェスチャーは",1,,問題\6次の文の、\_★\_に入る最もよいものを、1・2・3・4から一つ選びなさい。
"今や、書籍や衣料品だけでなく生鮮食品も、インターネット\_\_\_ \_\_\_ \___★__\_ \_\_\_時代である。
 1. 自宅にいながらにして 
 2. 手軽に購入できる 
 3. 環境があれば 
 4. アクセスが可能な",3,,問題\6次の文の、\_★\_に入る最もよいものを、1・2・3・4から一つ選びなさい。
"よく似た昆虫の判別は大変難しいという。中には、かなり\_\_\_ \_\_\_ \___★__\_ \_\_\_場合もあるそうだ。
 1. 判別が難しい 
 2. 昆虫学者でさえも 
 3. 経験を積んだ 
 4. 迷うほど",4,,問題\6次の文の、\_★\_に入る最もよいものを、1・2・3・4から一つ選びなさい。
"今年の\_\_\_ \_\_\_ \___★__\_ \_\_\_気持ちのほうが大きかった。
 1. 転職にあたり 
 2. うそになるが 
 3. 少しも不安がなかったといえば 
 4. 新たなことに挑戦できてうれしいという",2,,問題\6次の文の、\_★\_に入る最もよいものを、1・2・3・4から一つ選びなさい。
"北山市は\_\_\_ \_\_\_ \___★__\_ \_\_\_のどかなところだった。
 1. 人口10万人を超える都市となったが 
 2. 北山駅周辺以外にはほとんど何もない 
 3. 今でこそ 
 4. 30年前までは",4,,問題\6次の文の、\_★\_に入る最もよいものを、1・2・3・4から一つ選びなさい。
"高級車には憧れるが、私の給料では宝くじに\_\_\_ \_\_\_ \___★__\_ \_\_\_一生買えそうにない。
 1. しない 
 2. でも 
 3. 当たり 
 4. かぎり",2,,問題\6次の文の、\_★\_に入る最もよいものを、1・2・3・4から一つ選びなさい。
"年中無休で営業していて、私たちの日常生活に欠かせない\_\_\_ \_\_\_ \___★__\_ \_\_\_店舗も出てきているらしい。
 1. コンビニだが 
 2. 定休日を設ける 
 3. 近年の人手不足などにより 
 4. 存在である",3,,問題\6次の文の、\_★\_に入る最もよいものを、1・2・3・4から一つ選びなさい。
"3歳の娘は毎日同じアニメのDVDを楽しそうに見ている。いくら\_\_\_ \_\_\_ \___★__\_ \_\_\_その様子がない。
 1. 好きだからといって 
 2. 飽きそうなものなのに 
 3. 一向に 
 4. 毎日見ていたら",2,,問題\6次の文の、\_★\_に入る最もよいものを、1・2・3・4から一つ選びなさい。
"医者 「よく寝ているはずなのに日中眠い、 夜中に何度も目が覚める\_\_\_ \_\_\_ \___★__\_ \_\_\_可能性があります。 睡眠のことでお悩みの方は、
一度医療機関を受診されることをお勧めします。」
 1. なんらかの病気の 
 2. といった 
 3. 睡眠に関する症状は 
 4. サインである",1,,問題\6次の文の、\_★\_に入る最もよいものを、1・2・3・4から一つ選びなさい。
"先日、環境問題をテーマにしたシンポジウムに参加し、 専門家による\_\_\_ \_\_\_ \___★__\_ \_\_\_深く考えさせられた。
 1. 現状について 
 2. 便利で快適な暮らしと引き換えに 
 3. 講演を聞いて 
 4. 限りある大切な資源が失われつつある",4,,問題\6次の文の、\_★\_に入る最もよいものを、1・2・3・4から一つ選びなさい。
"当社が先月発売したパソコンについて、印刷の\_\_\_ \_\_\_ \___★__\_ \_\_\_ことが判明しました。
 1. マニュアルに誤りがある 
 2. 設定ができないとの 
 3. 問い合わせが複数寄せられ 
 4. 調査したところ",2,,問題\6次の文の、\_★\_に入る最もよいものを、1・2・3・4から一つ選びなさい。
"このフライパンは、さすが\_\_\_ \_\_\_ \___★__\_ \_\_\_とても使いやすい。
 1. 森さんが 
 2. だけあって 
 3. 勧める 
 4. 料理が上手な",3,,問題\6次の文の、\_★\_に入る最もよいものを、1・2・3・4から一つ選びなさい。
"最後に見た映画が\_\_\_ \_\_\_ \___★__\_ \_\_\_映画を見ていない。
 1. ほど 
 2. 何だったのかも 
 3. 思い出せない 
 4. 久しく",1,,問題\6次の文の、\_★\_に入る最もよいものを、1・2・3・4から一つ選びなさい。
"学生から提出された論文の中に面白いものがあった。私が\_\_\_ \_\_\_ \___★__\_ \_\_\_これまでにない。
 1. 知る限りでは 
 2. 論文は 
 3. 分析している。 
 4. このアプローチで",3,,問題\6次の文の、\_★\_に入る最もよいものを、1・2・3・4から一つ選びなさい。
"このレシピ本は、ふだん料理をしない人でも\_\_\_ \_\_\_ \___★__\_ \_\_\_評判になっているそうだ。
 1. 若い人の間で 
 2. 調理するだけで 
 3. レシピに沿って 
 4. 簡単に本格的な料理が作れると",4,,問題\6次の文の、\_★\_に入る最もよいものを、1・2・3・4から一つ選びなさい。
"みなみ水族館はふだんから来館者が多いが、先日ペンギンの赤ちゃんが生まれた\_\_\_ \_\_\_ \___★__\_ \_\_\_いつも以上ににぎわっている。
 1. 多くの人で 
 2. こともあって 
 3. という 
 4. 赤ちゃんを一目見よう",3,,問題\6次の文の、\_★\_に入る最もよいものを、1・2・3・4から一つ選びなさい。
"新社長は労働条件に問題はないと考えているようだが、実態をわかっていない。労働条件\_\_\_ \_\_\_ \___★__\_ \_\_\_が業績向上だ。
 1. の 
 2. なくして 
 3. 何 
 4. 改善",2,,問題\6次の文の、\_★\_に入る最もよいものを、1・2・3・4から一つ選びなさい。
"現代の映画音楽界で、作品の世界観に合わせて、\_\_\_ \_\_\_ \___★__\_ \_\_\_だろう。
 1. 彼女以上に優れている 
 2. 才能にかけては 
 3. 作曲家はまずいない 
 4. 音楽を作る",1,,問題\6次の文の、\_★\_に入る最もよいものを、1・2・3・4から一つ選びなさい。
"ゼミの教え子たちが新しい技術るを使ったソーラーカーの開発に成功した実用化が近いとされている\_\_\_ \_\_\_ \___★__\_ \_\_\_効率よく走れるものができたと思う。
 1. それなりに 
 2. ものには 
 3. A社が開発した 
 4. 遠く及ばないにしろ",4,,問題\6次の文の、\_★\_に入る最もよいものを、1・2・3・4から一つ選びなさい。
"これまでにないウェディングドレスを作ろうと思い、デザイン画を描いては\_\_\_ \_\_\_ \___★__\_ \_\_\_やっと納得のいくものができた。
 1. を 
 2. 数十回 
 3. 直す 
 4. 繰り返すこと",4,,問題\6次の文の、\_★\_に入る最もよいものを、1・2・3・4から一つ選びなさい。
"36 大学入試では、試験当日初めてその大学に行き、迷ってしまった\_\_\_ \_\_\_ \___★__\_ \_\_\_事前に見学しておくとよい。
 1. ない 
 2. という 
 3. ように 
 4. ことの",1,,問題\6次の文の、\_★\_に入る最もよいものを、1・2・3・4から一つ選びなさい。
"37 趣味を持つのは良いことだと思いますが、家庭を犠牲\_\_\_ \_\_\_ \___★__\_ \_\_\_、それはちょっと問題です。
 1. となる 
 2. まで 
 3. と 
 4. にして",1,,問題\6次の文の、\_★\_に入る最もよいものを、1・2・3・4から一つ選びなさい。
"38 管理職になったら、たとえ\_\_\_ \_\_\_ \___★__\_ \_\_\_部下の失敗も引き受けるというくらいの覚悟がなくてはならない。
 1. だとして 
 2. がなくても 
 3. 自分には責任 
 4. 自分の責任",4,,問題\6次の文の、\_★\_に入る最もよいものを、1・2・3・4から一つ選びなさい。
"39\_\_\_ \_\_\_ \___★__\_ \_\_\_小さな町工場だった。
 1. もともとは 
 2. 我が社だが 
 3. 今でこそ 
 4. 一流企業と言われる",2,,問題\6次の文の、\_★\_に入る最もよいものを、1・2・3・4から一つ選びなさい。
"40 新番組でこれまでにない役柄を演じる俳優の上田秋さん。役作りに悩んでいる\_\_\_ \_\_\_ \___★__\_ \_\_\_という。
 1. と 
 2. そうでもない 
 3. 思いきや 
 4. のか",3,,問題\6次の文の、\_★\_に入る最もよいものを、1・2・3・4から一つ選びなさい。
"息子が通っているピアノ教室の発表会で、緊張して引けなくってしまった子がいた。大人だって\_\_\_ \_\_\_ \___★__\_ \_\_\_無理はないだろう。
 1. そうなるのも 
 2. 緊張するんだから 
 3. 勢いの前で何かをするのは 
 4. 子供が",2,,問題\6次の文の、\_★\_に入る最もよいものを、1・2・3・4から一つ選びなさい。
"（テレビ番組のナレーションで）
「蚊と言えば、動物の血を吸うイメージがありますが、実は血を吸うのは雌だけだそうです。しかも、\_\_\_ \_\_\_ \___★__\_ \_\_\_専門家に詳しく聞いてみよう。
 1. 雌に限っての 
 2. とか 
 3. 行動なのだ 
 4. 産卵を控えた",3,,問題\6次の文の、\_★\_に入る最もよいものを、1・2・3・4から一つ選びなさい。
"昨年度までは社内研修後のアンケートを記述式で行っていたが、まとめるのに時間がかかる\_\_\_ \_\_\_ \___★__\_ \_\_\_、今年度は選択式で行うことにした。
 1. うえに 
 2. 評判も良くなった 
 3. ことを踏まえ 
 4. 受講者からの",2,,問題\6次の文の、\_★\_に入る最もよいものを、1・2・3・4から一つ選びなさい。
"枕を変えたら、今までより良く眠れるようになった。自分に合った\_\_\_ \_\_\_ \___★__\_ \_\_\_驚いた。
 1. 睡眠の質があるなんて 
 2. 枕に換えるだけで 
 3. 思っていなかったから 
 4. こんなにも",1,,問題\6次の文の、\_★\_に入る最もよいものを、1・2・3・4から一つ選びなさい。
"人工知能をはじめとする\_\_\_ \_\_\_ \___★__\_ \_\_\_企業が多い。
 1. メリットは理解しつつも 
 2. 導入に至っていない 
 3. 先端技術を取り入れる 
 4. 扱える人材の確保やコスト面での難しさから",4,,問題\6次の文の、\_★\_に入る最もよいものを、1・2・3・4から一つ選びなさい。
"昨日はとても寒く、積もり\_\_\_ \_\_\_ \___★__\_ \_\_\_ずっと雪が降っていた。
 1. が 
 2. こそ 
 3. しなかった 
 4. 午前中",1,,問題\6次の文の、\_★\_に入る最もよいものを、1・2・3・4から一つ選びなさい。
"この映画はあまりにも正直で\_\_\_ \_\_\_ \___★__\_ \_\_\_、コメディー作品だ。
 1. 真面目すぎる 
 2. 周りの人々とのトラブルが絶えない 
 3. がゆえに 
 4. 男の日常を描いた",4,,問題\6次の文の、\_★\_に入る最もよいものを、1・2・3・4から一つ選びなさい。
"\_\_\_ \_\_\_ \___★__\_ \_\_\_読みやすいように、 最近は、 ビジネス理論を漫画でわかりやすく解説したものが多い。
 1. 堅苦しいものと思われるがちだが 
 2. 抵抗がある人にも 
 3. 一般的にビジネス書というと 
 4. ビジネス書に",4,,問題\6次の文の、\_★\_に入る最もよいものを、1・2・3・4から一つ選びなさい。
"渋滞の中を\_\_\_ \_\_\_ \___★__\_ \_\_\_遊園地に入る前から疲れてしまった。
 1. 今度は 
 2. 3時間運転して 
 3. 駐車場が混雑していて 
 4. ようやくついたと思ったら",1,,問題\6次の文の、\_★\_に入る最もよいものを、1・2・3・4から一つ選びなさい。
"商品やサービスが\_\_\_ \_\_\_ \___★__\_ \_\_\_ない。
 1. 売れるも売れないも 
 2. その存在が 
 3. 知られないことには 
 4. どんなに良い物でも",3,,問題\6次の文の、\_★\_に入る最もよいものを、1・2・3・4から一つ選びなさい。
"\_\_\_ \_\_\_ \___★__\_ \_\_\_良心は残っているはずだ。
 1. どこかに 
 2. 悪人で 
 3. あろうと 
 4. どんな",2,,問題\6次の文の、\_★\_に入る最もよいものを、1・2・3・4から一つ選びなさい。
"インターネットの功罪といった議論があるが、インターネットはただの手段だ。その価値は\_\_\_ \_\_\_ \___★__\_ \_\_\_ものだと思う。
 1. 人の使い方 
 2. 使う 
 3. 決まる 
 4. 次第で",4,,問題\6次の文の、\_★\_に入る最もよいものを、1・2・3・4から一つ選びなさい。
"たばこの値段が\_\_\_ \_\_\_ \___★__\_ \_\_\_ことだ。
 1. わたしにとっては 
 2. 上がろうと下がろうと 
 3. どうでもいい 
 4. たばこを吸わない",1,,問題\6次の文の、\_★\_に入る最もよいものを、1・2・3・4から一つ選びなさい。
"Ａ「見てみて。レストラン『夢』の無料券もらっちゃった。」Ｂ「いいなあ。ちょっと見せて。なんだ。デザート\_\_\_ \_\_\_ \___★__\_ \_\_\_じゃないか。」
 1. が 
 2. だけ 
 3. いう 
 4. ただって",3,,問題\6次の文の、\_★\_に入る最もよいものを、1・2・3・4から一つ選びなさい。
"1日午後4時ごろ、システムトラブルの影響により、一時メールサービスに障害が発生しました。お客様に\_\_\_ \_\_\_ \___★__\_ \_\_\_願い申し上げます。
 1. 今後は再発防止に努めて参りますので 
 2. 深くおわび申し上げますとともに 
 3. 多大なご不使をおかけしましたことを 
 4. 引き続き本サービスをご利用くださいますよう",1,,問題\6次の文の、\_★\_に入る最もよいものを、1・2・3・4から一つ選びなさい。
"秋の初めてのこの時期は、 真夏の戻った\_\_\_ \_\_\_ \___★__\_ \_\_\_、気温の差が大きくて体調を崩しやすいので、注意が必要だ。
 1. 日もあり 
 2. 日もあれば 
 3. ひんやりとした 
 4. かのような",2,,問題\6次の文の、\_★\_に入る最もよいものを、1・2・3・4から一つ選びなさい。
"歴史的価値が高いとされる旧白本小学校の校舎を始めて見たが、 とても
\_\_\_ \_\_\_ \___★__\_ \_\_\_驚いた。
 1. 100年前に 
 2. 現代的なデザインに 
 3. 建てられたものとは 
 4. 思えないほどの",4,,問題\6次の文の、\_★\_に入る最もよいものを、1・2・3・4から一つ選びなさい。
"くしゃみや鼻水といった症状が現れる花粉症は、 風邪と\_\_\_ \_\_\_ \___★__\_ \_\_\_
ケースもあるそうだ。
 1. 自覚がない 
 2. 自分は花粉症だという 
 3. 症状が似ている 
 4. こともあって",2,,問題\6次の文の、\_★\_に入る最もよいものを、1・2・3・4から一つ選びなさい。
"高校卒業後の進路について両親に反対されたが、誰に何と\_\_\_ \_\_\_ \___★__\_ \_\_\_思う。
 1. 思える道を 
 2. 信じて進みたいと 
 3. 言われようとも 
 4. 自分がこれだと",1,,問題\6次の文の、\_★\_に入る最もよいものを、1・2・3・4から一つ選びなさい。
"企業の海外進出が成功するかどうかは、\_\_\_ \_\_\_ \___★__\_ \_\_\_といってもいいだろう。
 1. 優秀な人材を確保できる 
 2. にかかっている 
 3. か否か 
 4. その国の事情をよく知る",3,,問題\6次の文の、\_★\_に入る最もよいものを、1・2・3・4から一つ選びなさい。
"A「おとといは大雨、昨日は車のパンク。旅行に来てからトラブル続きで嫌になるよね。」B「本当だよ。最終日の\_\_\_ \_\_\_ \___★__\_ \_\_\_」
 1. 何も 
 2. 今日こそ 
 3. ように 
 4. 起きません",4,,問題\6次の文の、\_★\_に入る最もよいものを、1・2・3・4から一つ選びなさい。
"うちの娘は、なぜあんなに買い物に時間がかかるのか。ブラウス\_\_\_ \_\_\_ \___★__\_ \_\_\_、全くあきれてしまった。
 1. 4時間もかかる 
 2. だけのことなのに 
 3. 1枚選ぶ 
 4. とは",1,,問題\6次の文の、\_★\_に入る最もよいものを、1・2・3・4から一つ選びなさい。
"この仕事をすべて\_\_\_ \_\_\_ \___★__\_ \_\_\_無理だ。
 1. 一人でやる 
 2. 新入社員の田中さん 
 3. には 
 4. のは",2,,問題\6次の文の、\_★\_に入る最もよいものを、1・2・3・4から一つ選びなさい。
"最近、運動不足だ。何しろ外出\_\_\_ \_\_\_ \___★__\_ \_\_\_、あとは朝か ら晩まで家にいるという生活なのだ。
 1. もので 
 2. 近所のスーパーに行く 
 3. 程度の 
 4. といったら",3,,問題\6次の文の、\_★\_に入る最もよいものを、1・2・3・4から一つ選びなさい。
"X 交通のバス路線が一部廃止される問題で、会社側から地域住民に対し、路線を廃止する\_\_\_ \_\_\_ \___★__\_ \_\_\_について、説明がなされた。
 1. 及び 
 2. に至った 
 3. 経緯 
 4. 今後の対他",1,,問題\6次の文の、\_★\_に入る最もよいものを、1・2・3・4から一つ選びなさい。
"勉強に専念するためにアルバイトをすぐにでも\_\_\_ \_\_\_ \___★__\_ \_\_\_困っている。
 1. やめられず 
 2. スタッフ不足から 
 3. やめるに 
 4. やめたいが",3,,問題\6次の文の、\_★\_に入る最もよいものを、1・2・3・4から一つ選びなさい。
"昨日、息子が近所の公園で捕まえてきた昆虫を見て驚いた。虫について\_\_\_ \_\_\_ \___★__\_ \_\_\_。あんな虫は見たことがなかった。
 1. だったら 
 2. 知っているつもりの 
 3. 人よりも詳しく 
 4. 私でも",2,,問題\6次の文の、\_★\_に入る最もよいものを、1・2・3・4から一つ選びなさい。
"将棋は好きなら上達する。将棋が好きだということ\_\_\_ \_\_\_ \___★__\_ \_\_\_強くなれるのだ。
 1. すでに才能なのであって 
 2. あればこそ 
 3. 自体が 
 4. 好きだという気持ちが",4,,問題\6次の文の、\_★\_に入る最もよいものを、1・2・3・4から一つ選びなさい。
"39 動物園のゴリラが、私のことをずっと見ていた。私を仲間\_\_\_ \_\_\_ \___★__\_ \_\_\_だろうか。
 1. と 
 2. だ 
 3. でも 
 4. 思っていたの",3,,問題\6次の文の、\_★\_に入る最もよいものを、1・2・3・4から一つ選びなさい。
"\_\_\_ \_\_\_ \___★__\_ \_\_\_姿勢を持つことが重要である。
 1. これまでの考え方にこだわらず 
 2. 情報技術や交通手段の発達などで 
 3. 異なる価値観を理解しようとする 
 4. 異文化間の交流が活発化した現代にあっては",1,,問題\6次の文の、\_★\_に入る最もよいものを、1・2・3・4から一つ選びなさい。
"近所の猫は、私を見るとすぐに逃げるくせに、途中で立ち止まってこちらを振り返る。できるもんなら\_\_\_ \_\_\_ \___★__\_ \_\_\_困っている。
 1. 表情が 
 2. あの憎らしい 
 3. というような 
 4. 捕まえてごらん",2,,問題\6次の文の、\_★\_に入る最もよいものを、1・2・3・4から一つ選びなさい。
"先月、父に手作りの箸をプレゼントした。長くて\_\_\_ \_\_\_ \___★__\_ \_\_\_気に入ってくれているのかもしれない。
 1. と言いながらも 
 2. ところを見ると 
 3. なんだか使いにくい 
 4. 毎日使っている",4,,問題\6次の文の、\_★\_に入る最もよいものを、1・2・3・4から一つ選びなさい。
"このドラマの人気は、ストーリーも\_\_\_ \_\_\_ \___★__\_ \_\_\_いえる。
 1. よるところが 
 2. さることながら 
 3. 大きいと 
 4. 俳優の演技力に",1,,問題\6次の文の、\_★\_に入る最もよいものを、1・2・3・4から一つ選びなさい。
"通勤に片道2時間かかる私みたいな\_\_\_ \_\_\_ \___★__\_ \_\_\_人は本当にうらやましい。
 1. 人間から 
 2. 数分なんて 
 3. 職場まで歩いて 
 4. すれば",3,,問題\6次の文の、\_★\_に入る最もよいものを、1・2・3・4から一つ選びなさい。
"近年の急速なインターネットの普及がマスメディアに\_\_\_ \_\_\_ \___★__\_ \_\_\_。
 1. 少なからぬ 
 2. ものがある 
 3. 与えた 
 4. 影響は",1,,問題\6次の文の、\_★\_に入る最もよいものを、1・2・3・4から一つ選びなさい。
"町の夏祭りに行くときはいつも一人だ。一人で、\_\_\_ \_\_\_ \___★__\_ \_\_\_
約束して一緒に行く必要も ないからだ。
 1. 誰かと 
 2. 誰かしら 
 3. 行っても 
 4. 友達に会うので",2,,問題\6次の文の、\_★\_に入る最もよいものを、1・2・3・4から一つ選びなさい。
"先月初めて出版した自分の小説の売れ行きが気になっているが、友人の前では、そんなこと\_\_\_ \_\_\_ \___★__\_ \_\_\_言ってしまう。
 1. とか 
 2. どうだって 
 3. かまわない 
 4. 本心とは違うことを",3,,問題\6次の文の、\_★\_に入る最もよいものを、1・2・3・4から一つ選びなさい。
"授業のレポートなどでインターネット上のデータを使用するときは、情報が正しい\_\_\_ \_\_\_ \___★__\_ \_\_\_も重要である。
 1. か否か 
 2. 確認すること 
 3. いつのデータかを 
 4. だけでなく",3,,問題\6次の文の、\_★\_に入る最もよいものを、1・2・3・4から一つ選びなさい。
"部屋が汚いことを\_\_\_ \_\_\_ \___★__\_ \_\_\_まだ汚いと言われた。
 1. これ以上 
 2. 親に注意されて 
 3. きれいにしたつもりだったが 
 4. きれいにしようがないくらい",4,,問題\6次の文の、\_★\_に入る最もよいものを、1・2・3・4から一つ選びなさい。
"政府は景気回復のための政策を進めてはいるが、景気が回復してきている\_\_\_ \_\_\_ \___★__\_ \_\_\_現状である。
 1. 企業もまだ多い 
 2. までに至らない 
 3. と実感できる 
 4. というのが",1,,問題\6次の文の、\_★\_に入る最もよいものを、1・2・3・4から一つ選びなさい。
"妹は、来月初に\_\_\_ \_\_\_ \___★__\_ \_\_\_そうだ。
 1. 買えずにいた 
 2. ソファを買うことにした 
 3. 引っ越しするのを機に 
 4. 今まで欲しいと思いつつ",1,,問題\6次の文の、\_★\_に入る最もよいものを、1・2・3・4から一つ選びなさい。
"私の故郷は、自然に囲まれたのどかな所\_\_\_ \_\_\_ \___★__\_ \_\_\_周りに田んぼしかない、ただの田舎町だ。
 1. と言えば 
 2. 要するに 
 3. 聞こえはいいがに 
 4. である",3,,問題\6次の文の、\_★\_に入る最もよいものを、1・2・3・4から一つ選びなさい。
"入社2年目でプロジェクトのリーダーに指名されたときは\_\_\_ \_\_\_ \___★__\_ \_\_\_先輩方の厳しくも温かいサポートのおかげで、無事に務めることができました。
 1. こんな大役が 
 2. 新人に務まるのかと 
 3. 不安でいっぱいでしたが 
 4. 私ごとき",2,,問題\6次の文の、\_★\_に入る最もよいものを、1・2・3・4から一つ選びなさい。
"都市開発事業を、地域住民の同意を得る\_\_\_ \_\_\_ \___★__\_ \_\_\_、北市の住民が市長を訴えた。
 1. なしに 
 2. こと 
 3. として 
 4. 進めた",4,,問題\6次の文の、\_★\_に入る最もよいものを、1・2・3・4から一つ選びなさい。
"政府が発表した数字によると、昨年4月1日\_\_\_ \_\_\_ \___★__\_ \_\_\_一昨年と比べて15万人少なく、過去最低とな
った。
 1. は 
 2. 現在 
 3. における 
 4. 15 歳未満の人口",3,,問題\6次の文の、\_★\_に入る最もよいものを、1・2・3・4から一つ選びなさい。
"社内で発生したシステムトラブルに関し、担当者から、原因を特定する\_\_\_ \_\_\_ \___★__\_ \_\_\_報告があった。
 1. 必要がある 
 2. との 
 3. 詳細な調査をする 
 4. には",1,,問題\6次の文の、\_★\_に入る最もよいものを、1・2・3・4から一つ選びなさい。
"私がどんな困難に遭っても\_\_\_ \_\_\_ \___★__\_ \_\_\_にほかならない。
 1. サッカーを続けてこられたのは 
 2. それに負けることなく 
 3. 仲間がいたから 
 4. 信頼できる",4,,問題\6次の文の、\_★\_に入る最もよいものを、1・2・3・4から一つ選びなさい。
"10年ぶりに故郷に帰ったら、大規模な再開発が行われていて驚いた。昔の\_\_\_ \_\_\_ \___★__\_ \_\_\_不思議な感覚だった。
 1. 私にとっては 
 2. どこか知らない 
 3. 町の様子しか知らない 
 4. 町に来たかのような",2,,問題\6次の文の、\_★\_に入る最もよいものを、1・2・3・4から一つ選びなさい。
"親友とけんかしたその日は、謝ってきても\_\_\_ \_\_\_ \___★__\_ \_\_\_気持ちもあったけど、次の 日には仲直りした。
 1. なんて 
 2. やる 
 3. 許して 
 4. もんか",4,,問題\6次の文の、\_★\_に入る最もよいものを、1・2・3・4から一つ選びなさい。
"映画『プレゼント』について、監督は、大人の\_\_\_ \_\_\_ \___★__\_ \_\_\_と語った。
 1. アニメ映画を 
 2. 作った作品だ 
 3. と考えて 
 4. 鑑賞にたえるような",3,,問題\6次の文の、\_★\_に入る最もよいものを、1・2・3・4から一つ選びなさい。
"「乗りかかった船」ということわざは、乗った船が岸を離れれば途中で降りることができない\_\_\_ \_\_\_ \___★__\_ \_\_\_ことのたとえである。
 1. 物事を始めてしまった 
 2. ことから 
 3. 途中でやめるわけにはいかない 
 4. 以上",1,,問題\6次の文の、\_★\_に入る最もよいものを、1・2・3・4から一つ選びなさい。
"年をとって人生を振り返った時に\_\_\_ \_\_\_ \___★__\_ \_\_\_したくない。
 1. 生き方は 
 2. あの時ああしていたら 
 3. 後悔するような 
 4. もっと素晴らしい人生を送れていたはずと",4,,問題\6次の文の、\_★\_に入る最もよいものを、1・2・3・4から一つ選びなさい。
"NPO法人「音楽の夢」では、音楽を通じたさまざまな教育プロジェクトを展開していくことに\_\_\_ \_\_\_ \___★__\_ \_\_\_活動をしています。
 1. 目的に 
 2. 豊かな社会の実現に寄与する 
 3. ことを 
 4. よって",3,,問題\6次の文の、\_★\_に入る最もよいものを、1・2・3・4から一つ選びなさい。
"今は、一学年5クラスもある北森川(きたもりかわ)小学校だが、\_\_\_ \_\_\_ \___★__\_ \_\_\_危機感があった。
 1. 存続は難しい 
 2. のでは 
 3. という 
 4. かつては少子化で",2,,問題\6次の文の、\_★\_に入る最もよいものを、1・2・3・4から一つ選びなさい。
"県立高校の校長が、同校に在学する知人の娘の成績証明書を偽造したことが明らかになり、教育関係者からは\_\_\_ \_\_\_ \___★__\_ \_\_\_と怒りの声が上がった。
 1. 教育現場の長 
 2. 行為 
 3. あるまじき 
 4. として",2,,問題\6次の文の、\_★\_に入る最もよいものを、1・2・3・4から一つ選びなさい。
"新入社員には、一斉研修よりも現場で直接指導したほうがいい。例えば、\_\_\_ \_\_\_ \___★__\_ \_\_\_現場だと場面に応じて指導できるので、成長も早い。
 1. しても 
 2. メールの書き方 
 3. ひとつに 
 4. そうで",3,,問題\6次の文の、\_★\_に入る最もよいものを、1・2・3・4から一つ選びなさい。
"僕みたいに\_\_\_ \_\_\_ \___★__\_ \_\_\_かもしれないが、僕は、お金よりもやりがいを重視して仕事を選んだほうが、幸せになれると思う。
 1. 学生が 
 2. 言っても 
 3. 説得力がない 
 4. 働いたことがない",2,,問題\6次の文の、\_★\_に入る最もよいものを、1・2・3・4から一つ選びなさい。
"(本のあとがきで)みなさんが国際経済を理解するために、この本が\_\_\_ \_\_\_ \___★__\_ \_\_\_喜びはありません。
 1. お役に立てば 
 2. これ以上の 
 3. 少しでも 
 4. 著者として",4,,問題\6次の文の、\_★\_に入る最もよいものを、1・2・3・4から一つ選びなさい。
"先生「今からディスカッションを始めますが、一つ注意点があります。\_\_\_ \_\_\_ \___★__\_ \_\_\_聞くようにしてください。」
 1. 反論したくなっても 
 2. 言っていることに 
 3. 相手が 
 4. まずは相手の話を",1,,問題\6次の文の、\_★\_に入る最もよいものを、1・2・3・4から一つ選びなさい。
"出張の帰りに空港の売店で、家族\_\_\_ \_\_\_ \___★__\_ \_\_\_、 人気の紅茶クッキーを買った。
 1. への 
 2. と 
 3. お土産 
 4. に",4,,問題\6次の文の、\_★\_に入る最もよいものを、1・2・3・4から一つ選びなさい。
"昨今、森林を単に木材の供給源\_\_\_ \_\_\_ \___★__\_ \_\_\_と捉えることの重要性が広く認識されてきている。
 1. のみではなく 
 2. 環境資源 
 3. として 
 4. 水や空気を育む",1,,問題\6次の文の、\_★\_に入る最もよいものを、1・2・3・4から一つ選びなさい。
"西川高校の森キャプテンは、次の対戦相手が優勝候補の北第一高校に決定したことについて、「たとえ\_\_\_ \_\_\_ \___★__\_ \_\_\_やるだけです。」と語った。
 1. 相手が 
 2. 精一杯 
 3. どういう 
 4. チームだろうと",4,,問題\6次の文の、\_★\_に入る最もよいものを、1・2・3・4から一つ選びなさい。
"この店のハンバーガーは、値段は多少高めだが、手間が\_\_\_ \_\_\_ \___★__\_ \_\_\_おいしさだ。
 1. ほかの店の 
 2. ものとは 
 3. 比べものにならない 
 4. かかっている分",2,,問題\6次の文の、\_★\_に入る最もよいものを、1・2・3・4から一つ選びなさい。
"田中:「明日の食事会、森さんも来るんだよね。私、会うの5年ぶりだよ。」
 木村:「わたしは仕事で\_\_\_ \_\_\_ \___★__\_ \_\_\_なるかな。」
 1. 10年ぶりに 
 2. 大阪に行ったついでに 
 3. それっきりだから 
 4. 一度あって",3,,問題\6次の文の、\_★\_に入る最もよいものを、1・2・3・4から一つ選びなさい。
"この本を買ったときは、話題の本だから読んでみようか\_\_\_ \_\_\_ \___★__\_ \_\_\_しかなかったが、読み始めから夢中になり、一晩で一気に読んでしまった。
 1. 気持ち 
 2. ぐらい 
 3. の 
 4. で",1,,問題\6次の文の、\_★\_に入る最もよいものを、1・2・3・4から一つ選びなさい。
"民話「鶴の恩返し」は、わなにかかって苦しんでいる\_\_\_ \_\_\_ \___★__\_ \_\_\_おじいさんに美しい布を織って恩返しをするというお話です。
 1. 鶴が 
 2. ところを 
 3. 助けられた 
 4. 助けてくれた",1,,問題\6次の文の、\_★\_に入る最もよいものを、1・2・3・4から一つ選びなさい。
"新人が仕事中に居眠りしているのを発見。上司として、見なかった\_\_\_ \_\_\_ \___★__\_ \_\_\_注意するさとにした
 1. 起こして 
 2. ほうっておく 
 3. ことにして 
 4. わけにもいかず",4,,問題\6次の文の、\_★\_に入る最もよいものを、1・2・3・4から一つ選びなさい。
"株式会社トモカワ。短期的な成果が重視されがちな\_\_\_ \_\_\_ \___★__\_ \_\_\_工作機械メーカーである。
 1. 時代にあってい 
 2. 目先の利益だけでなく 
 3. 着実に成長を続けている 
 4. 日本の将来を見据えながら",4,,問題\6次の文の、\_★\_に入る最もよいものを、1・2・3・4から一つ選びなさい。
"犯罪心理学者でもある小説家大石竜也が描く巧みな心理描写は、 犯罪心理学に精通した\_\_\_ \_\_\_ \___★__\_ \_\_\_ものである。
 1. 専門家 
 2. 初めて 
 3. にして 
 4. 書ける。",2,,問題\6次の文の、\_★\_に入る最もよいものを、1・2・3・4から一つ選びなさい。
"自分の人生に関わる選択は自分でしたい。たとえその結果失敗したとしても、 自分が\_\_\_ \_\_\_ \___★__\_ \_\_\_経験として受け入れられると思う。
 1. ひとつの 
 2. 決めたことなら 
 3. それで 
 4. それは",4,,問題\6次の文の、\_★\_に入る最もよいものを、1・2・3・4から一つ選びなさい。
"彼はこの映画で純粋で不器用な\_\_\_ \_\_\_ \___★__\_ \_\_\_までに演じきった。
 1. その確かな 
 2. 主人公を 
 3. 見事な 
 4. 表現力で",4,,問題\6次の文の、\_★\_に入る最もよいものを、1・2・3・4から一つ選びなさい。
"社長は「常に魅力ある新商品を開発し続けることが重要でありそれ\_\_\_ \_\_\_ \___★__\_ \_\_\_ない」と語った。
 1. など 
 2. 会社の成長 
 3. 望みようも 
 4. なくして",1,,問題\6次の文の、\_★\_に入る最もよいものを、1・2・3・4から一つ選びなさい。
"たんぱく質は体の組織を作る重要な成分ですが多くとった\_\_\_ \_\_\_ \___★__\_ \_\_\_ものでもなくとりすぎは逆に健康に悪影響を及ぼすことがあります。
 1. より丈夫になる 
 2. かというと 
 3. からといって 
 4. そういう",2,,問題\6次の文の、\_★\_に入る最もよいものを、1・2・3・4から一つ選びなさい。
"来年2月のコンサート\_\_\_ \_\_\_ \___★__\_ \_\_\_となるCDを発売した。
 1. をもって 
 2. 6枚目にして最後 
 3. が 
 4. 解散するバンド",3,,問題\6次の文の、\_★\_に入る最もよいものを、1・2・3・4から一つ選びなさい。
"新型ゲーム機について来月あたりに何らかの発表を\_\_\_ \_\_\_ \___★__\_ \_\_\_ホームページ上で公表し話題となっている。
 1. 見られていた 
 2. X社が 
 3. 来週にも情報を公開すると 
 4. するのではないかと",2,,問題\6次の文の、\_★\_に入る最もよいものを、1・2・3・4から一つ選びなさい。
"「アセビ」という、白い花を咲かせる樹木を漢字で「馬酔木」と書くのは、アセビには\_\_\_ \_\_\_ \___★__\_ \_\_\_そうです。
 1. 由来する 
 2. 有毒成分があり 
 3. 状態になることに 
 4. 馬が食べると酔ったような",2,,問題\6次の文の、\_★\_に入る最もよいものを、1・2・3・4から一つ選びなさい。
"家族の時間を大切にする夫は、つい\_\_\_ \_\_\_ \___★__\_ \_\_\_ありがたい存在です。
 1. 本当に大切なものは何なのか 
 2. 私に 
 3. 仕事に夢中になりすぎる 
 4. 気づかせてくれる",1,,問題\6次の文の、\_★\_に入る最もよいものを、1・2・3・4から一つ選びなさい。
"Z県知事の林和夫氏は、週刊誌で、脱税を行った\_\_\_ \_\_\_ \___★__\_ \_\_\_異なり、名誉を傷つけられたとして、発行元のX社を相手取り訴訟を起こした。
 1. 事実とは全く 
 2. 疑いがあるなどと 
 3. 報じられた 
 4. ことに対し",4,,問題\6次の文の、\_★\_に入る最もよいものを、1・2・3・4から一つ選びなさい。
"Q鉄道が 10 年ぶりに運賃値上げに踏み切った。安全対策や原油の高騰で支出が増え、経営努力だけでは対応しきれないと判断\_\_\_ \_\_\_ \___★__\_ \_\_\_。
 1. という 
 2. の 
 3. ことだ 
 4. して",3,,問題\6次の文の、\_★\_に入る最もよいものを、1・2・3・4から一つ選びなさい。
"世の中にはさまざまな資格があふれているが、資格を取った\_\_\_ \_\_\_ \___★__\_ \_\_\_世間は甘くないらしい。
 1. だけ 
 2. ほど 
 3. で 
 4. 希望の職につける",2,,問題\6次の文の、\_★\_に入る最もよいものを、1・2・3・4から一つ選びなさい。
"このレストランは、\_\_\_ \_\_\_ \___★__\_ \_\_\_と評判だ。
 1. だけあって 
 2. 主人が 
 3. 魚屋も経営している 
 4. 魚料理がおいしい",1,,問題\6次の文の、\_★\_に入る最もよいものを、1・2・3・4から一つ選びなさい。
"A 「申し訳ない。 僕が\_\_\_ \_\_\_ \___★__\_ \_\_\_ことになってしまって。」
B 「あ、 いいえ、 気にしないでください。」。
 1. 残業してもらう 
 2. 君にまで 
 3. ミスをした 
 4. ばかりに",2,,問題\6次の文の、\_★\_に入る最もよいものを、1・2・3・4から一つ選びなさい。
"そもそもこの情報が、責任者である彼に\_\_\_ \_\_\_ \___★__\_ \_\_\_と思う。
 1. 伝わっていない 
 2. おかしい 
 3. こと 
 4. からして",4,,問題\6次の文の、\_★\_に入る最もよいものを、1・2・3・4から一つ選びなさい。
"アルバイト先の仲間は、みんな\_\_\_ \_\_\_ \___★__\_ \_\_\_話でいつも盛り上がっています。
 1. こともあって 
 2. ならではの 
 3. 同世代 
 4. 年が近い",3,,問題\6次の文の、\_★\_に入る最もよいものを、1・2・3・4から一つ選びなさい。
"ジョン 「この 『りかい』 という言葉はどういう意味ですか。」
アリ 「ああ、確か 『わかる』\_\_\_ \_\_\_ \___★__\_ \_\_\_んですけど。」。
 1. ような 
 2. と思う 
 3. という 
 4. 意味だった",1,,問題\6次の文の、\_★\_に入る最もよいものを、1・2・3・4から一つ選びなさい。
"読むことは\_\_\_ \_\_\_ \___★__\_ \_\_\_とは言えない。
 1. が 
 2. あまり 
 3. 読んだ 
 4. 理解できた",3,,問題\6次の文の、\_★\_に入る最もよいものを、1・2・3・4から一つ選びなさい。
"食事する\_\_\_ \_\_\_ \___★__\_ \_\_\_一日だった。
 1. のも 
 2. くらい 
 3. 忙しい 
 4. 時間が惜しい",4,,問題\6次の文の、\_★\_に入る最もよいものを、1・2・3・4から一つ選びなさい。
"自分のこと\_\_\_ \_\_\_ \___★__\_ \_\_\_のは我慢できない。
 1. について 
 2. ともかく 
 3. なら 
 4. 家族や友人の悪口を言われる",2,,問題\6次の文の、\_★\_に入る最もよいものを、1・2・3・4から一つ選びなさい。
"食べ物に関しては、これだけは、\_\_\_ \_\_\_ \___★__\_ \_\_\_誰だってあると思う。
 1. こだわりを 
 2. 持つことは 
 3. 譲れないという 
 4. 何かしらの",1,,問題\6次の文の、\_★\_に入る最もよいものを、1・2・3・4から一つ選びなさい。
"ランニングシューズを買うために、\_\_\_ \_\_\_ \___★__\_ \_\_\_結局買えなかった。
 1. 残っていても 
 2. 売り切れているか 
 3. サイズが合うのがなかったりで 
 4. スポーツショップを数軒回って探したが",1,,問題\6次の文の、\_★\_に入る最もよいものを、1・2・3・4から一つ選びなさい。
"そんな簡単なこと、わざわざあなたに\_\_\_ \_\_\_ \___★__\_ \_\_\_。
 1. もらう 
 2. ない 
 3. 説明して 
 4. までも",4,,問題\6次の文の、\_★\_に入る最もよいものを、1・2・3・4から一つ選びなさい。
"ちょっと考えれば、さっきの話が冗談\_\_\_ \_\_\_ \___★__\_ \_\_\_、 単純な彼は簡単に信じてしまった。
 1. わかるだろう 
 2. だって 
 3. に 
 4. ことくらい",1,,問題\6次の文の、\_★\_に入る最もよいものを、1・2・3・4から一つ選びなさい。
"彼はとても優秀で成績が学年の上位に入っている\_\_\_ \_\_\_ \___★__\_ \_\_\_真面目で好感が持てる。
 1. 授業に取り組む 
 2. のみならず 
 3. 姿勢そのものも 
 4. ことが多い",1,,問題\6次の文の、\_★\_に入る最もよいものを、1・2・3・4から一つ選びなさい。
"全国高校バスケットボール大会で、惜しくも\_\_\_ \_\_\_ \___★__\_ \_\_\_しばらくの間、ぼう然としていた。
 1. 優勝を逃した 
 2. 控え室に戻っても 
 3. 選手たちは 
 4. あと一歩というところで",3,,問題\6次の文の、\_★\_に入る最もよいものを、1・2・3・4から一つ選びなさい。
"私が接客するにあたって\_\_\_ \_\_\_ \___★__\_ \_\_\_自分は何をすべきかということだ。
 1. 常に考えているのは 
 2. 何であって 
 3. それに応えるために 
 4. お客様が求めていることは",2,,問題\6次の文の、\_★\_に入る最もよいものを、1・2・3・4から一つ選びなさい。
"(インタビューで)

私が30年間歌手を続けてこられたのは、 ファンの方の支えがあったからです。\_\_\_ \_\_\_ \___★__\_ \_\_\_歌い続けたいと思っています。
 1. 限り 
 2. ファンの皆さんが 
 3. 応援してくれる 
 4. いる",4,,問題\6次の文の、\_★\_に入る最もよいものを、1・2・3・4から一つ選びなさい。
"S市が18歳以上の\_\_\_ \_\_\_ \___★__\_ \_\_\_運動不足を感じていることがわかった。
 1. 意識調査を行ったところ、 
 2. 市民を対象に 
 3. 多くの人が 
 4. 運動に関する",1,,問題\6次の文の、\_★\_に入る最もよいものを、1・2・3・4から一つ選びなさい。
"子供のころ、母はしつけに厳しくて、私はそれが嫌だった。しかし、母が
\_\_\_ \_\_\_ \___★__\_ \_\_\_今ならわかる。
 1. 親になった。 
 2. 私のことを 
 3. 思えばこそだったのだと 
 4. 厳しかったのは、",3,,問題\6次の文の、\_★\_に入る最もよいものを、1・2・3・4から一つ選びなさい。
"昨年
\_\_\_ \_\_\_ \___★__\_ \_\_\_、 若者の間で流行している。
 1. レインコートは 
 2. 機能性もさることながら 
 3. M社から発売された 
 4. そのかわいらしいデザインが話題となり",2,,問題\6次の文の、\_★\_に入る最もよいものを、1・2・3・4から一つ選びなさい。
"「未来のものづくりコンテスト」は、\_\_\_ \_\_\_ \___★__\_ \_\_\_、今年で20回目を迎える。
 1. 子供たちに 
 2. コンサートで 
 3. ものづくりの面白さを感じてもらおうと 
 4. ABC社が創立50周年を機に始めた",4,,問題\6次の文の、\_★\_に入る最もよいものを、1・2・3・4から一つ選びなさい。
"山田監督は私の恩人です。 今の\_\_\_ \_\_\_ \___★__\_ \_\_\_ことです。
 1. あっての 
 2. あるのも 
 3. 私が 
 4. 監督",4,,問題\6次の文の、\_★\_に入る最もよいものを、1・2・3・4から一つ選びなさい。
"いったん仕事を引き受けた\_\_\_ \_\_\_ \___★__\_ \_\_\_最後までやり通すに違いない。
 1. 彼の性格 
 2. からして 
 3. からには 
 4. 責任感の強い",1,,問題\6次の文の、\_★\_に入る最もよいものを、1・2・3・4から一つ選びなさい。
"ちょっと考えれば、さっきの話が冗談\_\_\_ \_\_\_ \___★__\_ \_\_\_、単純な彼は簡単に信じてしまった。
 1. わかるだろう 
 2. だって 
 3. に 
 4. ことくらい",1,,問題\6次の文の、\_★\_に入る最もよいものを、1・2・3・4から一つ選びなさい。
"かつて映画スターであった山田氏が初挑戦で知事選に勝利したのは、 能力という\_\_\_ \_\_\_ \___★__\_ \_\_\_大きい。
 1. ところが 
 2. より 
 3. よる 
 4. 人気と知名度に",3,,問題\6次の文の、\_★\_に入る最もよいものを、1・2・3・4から一つ選びなさい。
"この植物はとても強いので、\_\_\_ \_\_\_ \___★__\_ \_\_\_ちゃんと育ちますよ。
 1. 水やりを 
 2. さえ 
 3. しなければ 
 4. 忘れ",2,,問題\6次の文の、\_★\_に入る最もよいものを、1・2・3・4から一つ選びなさい。
"この花火大会は、日本の夏を語る\_\_\_ \_\_\_ \___★__\_ \_\_\_有名だ。
 1. うえで 
 2. として 
 3. 欠かせない 
 4. イベント",4,,問題\6次の文の、\_★\_に入る最もよいものを、1・2・3・4から一つ選びなさい。
"子供にいろいろなことを習わせたいという親の気持ちはよくわかるが、子供の遊ぶ時間 を奪って\_\_\_ \_\_\_ \___★__\_ \_\_\_ないと思う。
 1. 必要は 
 2. やらせる 
 3. まで 
 4. 無理に",2,,問題\6次の文の、\_★\_に入る最もよいものを、1・2・3・4から一つ選びなさい。
"A「おとといは大雨、昨日は車のバンク。旅行に来てからトラブル続きで嫌になるよね。」

B「本当だよ。最終日の\_\_\_ \_\_\_ \___★__\_ \_\_\_。」
 1. 何も 
 2. 今日こそ 
 3. ように 
 4. 起きません",4,,問題\6次の文の、\_★\_に入る最もよいものを、1・2・3・4から一つ選びなさい。
"2025年には介護を必要とする高齢者が著しく増加することから、多くの専門家が「介護 施設員の給与を引き上げる\_\_\_ \_\_\_ \___★__\_ \_\_\_」と指摘する。
 1. などして 
 2. 緊急の課題 
 3. 人材を確保することが 
 4. 介護に携わる",3,,問題\6次の文の、\_★\_に入る最もよいものを、1・2・3・4から一つ選びなさい。
"川北市出身の画家平一明の\_\_\_ \_\_\_ \___★__\_ \_\_\_、先週20日に完成した。
 1. 建設を進めていた 
 2. 川北市が 
 3. 記念美術館が、 
 4. 業績を後世に伝えようと",1,,問題\6次の文の、\_★\_に入る最もよいものを、1・2・3・4から一つ選びなさい。
"ステージに\_\_\_ \_\_\_ \___★__\_ \_\_\_上がった。
 1. なり 
 2. 登場する 
 3. 歓声が 
 4. 歌手が",1,,問題\6次の文の、\_★\_に入る最もよいものを、1・2・3・4から一つ選びなさい。
"彼はこの映画で、純粋で不器用な\_\_\_ \_\_\_ \___★__\_ \_\_\_までに演じきった。
 1. その確かな 
 2. 主人公 
 3. 見事な 
 4. 表現力で",4,,問題\6次の文の、\_★\_に入る最もよいものを、1・2・3・4から一つ選びなさい。
"あの人のことが好きで\_\_\_ \_\_\_ \___★__\_ \_\_\_いいと思う。
 1. 忘れられないんだったら 
 2. 何度でも気持ちを伝えたら 
 3. 一度断られたぐらいで 
 4. あきらめたりしないで",4,,問題\6次の文の、\_★\_に入る最もよいものを、1・2・3・4から一つ選びなさい。
"他人のことは\_\_\_ \_\_\_ \___★__\_ \_\_\_人間というものだ。
 1. 自分のこととなると 
 2. そう簡単にはいかず 
 3. 感情的になってしまうのが 
 4. 冷静に見られるのに",2,,問題\6次の文の、\_★\_に入る最もよいものを、1・2・3・4から一つ選びなさい。
"介護の現場における\_\_\_ \_\_\_ \___★__\_ \_\_\_そのうち必ず限界が来る。介護ロボットの普及が期待される。
 1. このまま、 
 2. 人の手のみに頼っていては 
 3. 人手不足が深刻している 
 4. 中で",1,,問題\6次の文の、\_★\_に入る最もよいものを、1・2・3・4から一つ選びなさい。
"雑誌で紹介された    __ __  \_\_\_ \_\_\_ \___★__\_ \_\_\_    というわけでわないだろう。
 1. レストラン 
 2. おいしい 
 3. からといって 
 4. 必ずしも",2,,問題\6次の文の、\_★\_に入る最もよいものを、1・2・3・4から一つ選びなさい。
"彼はとても優秀で成績が学年の上位に入っている\_\_\_ \_\_\_ \___★__\_ \_\_\_真面目で好感がもてる。
 1. 授業に取り組む 
 2. のみならず 
 3. 姿勢そのものも 
 4. ことが多い",1,,問題\6次の文の、\_★\_に入る最もよいものを、1・2・3・4から一つ選びなさい。
"(会社で)
A: 「X 社に行くなら、電話で連絡してから行ったら。」
B: 「いや、X 社の担当者が\_\_\_ \_\_\_ \___★__\_ \_\_\_だから、しなくれいいよ。」
 1. この書類を 
 2. だけのこと 
 3. 不在なら 
 4. 預けてくればいい",4,,問題\6次の文の、\_★\_に入る最もよいものを、1・2・3・4から一つ選びなさい。
"政府は  __ __  \_\_\_ \_\_\_ \___★__\_ \_\_\_    として、手始め自動車税の引き上げを主張している。
 1. もの 
 2. 増税 
 3. のない 
 4. 避けよう",3,,問題\6次の文の、\_★\_に入る最もよいものを、1・2・3・4から一つ選びなさい。
"「反省」とは、あたかも他人 __ __  \_\_\_ \_\_\_ \___★__\_ \_\_\_    自らを客観的して精神活動である。
 1. が 
 2. を 
 3. ごとく 
 4. 眺める",1,,問題\6次の文の、\_★\_に入る最もよいものを、1・2・3・4から一つ選びなさい。
