Question,Answers,Comment,Instructions
"ストレスを（   ）するために、何かしていますか
 1. 解消 
 2. 削除 
 3. 減量 
 4. 停止",1,,問題 4（ ）に入れるのに最もよいものを、1. 2. 3. 4からひとつ選びなさい。
"生活習慣を（   ）してから、ほとんど病気をしなくなりました
 1. 訂正 
 2. 変換 
 3. 整備 
 4. 改善",4,,問題 4（ ）に入れるのに最もよいものを、1. 2. 3. 4からひとつ選びなさい。
"申し込みの締め切りは明日に（   ）いる
 1. 迫って 
 2. 限って 
 3. 寄って 
 4. 至って",1,,問題 4（ ）に入れるのに最もよいものを、1. 2. 3. 4からひとつ選びなさい。
"日曜だから込んでいるかと思ったけど、（   ）すいているね
 1. たいして 
 2. どうりで 
 3. わりと 
 4. よけい",3,,問題 4（ ）に入れるのに最もよいものを、1. 2. 3. 4からひとつ選びなさい。
"組織のトップに立つ人間は、広い（   ）を持つことが必要だ
 1. 視界 
 2. 視野 
 3. 視線 
 4. 視察",2,,問題 4（ ）に入れるのに最もよいものを、1. 2. 3. 4からひとつ選びなさい。
"シャワーを浴びたら、体も気分も（   ）した
 1. さらさら 
 2. きらきら 
 3. さっぱり 
 4. きっぱり",3,,問題 4（ ）に入れるのに最もよいものを、1. 2. 3. 4からひとつ選びなさい。
"この携帯電話には、いろいろな（   ）がついている
 1. 効用 
 2. 才能 
 3. 機能 
 4. 効力",3,,問題 4（ ）に入れるのに最もよいものを、1. 2. 3. 4からひとつ選びなさい。
"駅前を歩いていたら、テレビのリポーターに突然（   ）、インタビューを受けた。
 1. 聞き取られて 
 2. 呼び止められて 
 3. 問い合わせられて 
 4. 見分けられて",2,,問題4 ( ) に入れるのに最もよいものを、1・2・3・4から一つ選びなさい。
"明日のハイキングは午前10時集合、午後4時（   ）の予定です。
 1. 解散 
 2. 解放 
 3. 退出 
 4. 退場",1,,問題4 ( ) に入れるのに最もよいものを、1・2・3・4から一つ選びなさい。
"司会をしてくれる人がいると、話し合いが（   ）進む。
 1. シンプルに 
 2. スムーズに 
 3. ソフトに 
 4. クリアに",2,,問題4 ( ) に入れるのに最もよいものを、1・2・3・4から一つ選びなさい。
"転校する日はクラスのみんなと分かれるのが（   ）、涙が止まらなかった。
 1. にくくて 
 2. つらくて 
 3. 痛ましくて 
 4. 重苦しくて",2,,問題4 ( ) に入れるのに最もよいものを、1・2・3・4から一つ選びなさい。
"自分のやったことがきちんと評価されると、仕事への（   ）も高まる。
 1. 活気 
 2. 根気 
 3. 意図 
 4. 意欲",4,,問題4 ( ) に入れるのに最もよいものを、1・2・3・4から一つ選びなさい。
"試験が近くなってきたので、アルバイトはやめて、勉強に（   ）することにした。
 1. 特定 
 2. 統一 
 3. 専念 
 4. 注目",3,,問題4 ( ) に入れるのに最もよいものを、1・2・3・4から一つ選びなさい。
"卒業 パーティーには、ちゃんとした（   ）で行ったほうがいいのかな。
 1. 様子 
 2. 容姿 
 3. 外見 
 4. 格好",4,,問題4 ( ) に入れるのに最もよいものを、1・2・3・4から一つ選びなさい。
"子どもが遊んだあとは、おもちやが ( ) いる。
 1. 飛び越えて 
 2. 散らかって 
 3. 見わたして 
 4. 落ち込んで",2,,問題4 ( ) に入れるのに最もよいものを、1、2、3、4から一つ選びなさい。
"田中選手はサッカーの日本代表に選ばれたが、けがを理由に代表を( )した
 1. 避難 
 2. 逃避 
 3. 退場 
 4. 辞退",4,,問題4 ( ) に入れるのに最もよいものを、1、2、3、4から一つ選びなさい。
"今回の調査で ( ) 結果は、今後のサービス向上に生かしていきたい。
 1. にぎった 
 2. はさんだ 
 3. 得た 
 4. 込めた",3,,問題4 ( ) に入れるのに最もよいものを、1、2、3、4から一つ選びなさい。
"大きな荷物を( )いたので、携帯電話に出られなかった。
 1. だいて 
 2. いだいて 
 3. かかえて 
 4. だきしめて",3,,問題4 ( ) に入れるのに最もよいものを、1、2、3、4から一つ選びなさい。
"法律が(   )されて、申請方法が以前とは大幅に変わりました。
 1. 改正 
 2. 改造 
 3. 転換 
 4. 交換",1,,問題4 ( ) に入れるのに最もよいものを、1、2、3、4から一つ選びなさい。
"読書（ 　） なっていて、友達との約束の時間を忘れていた。
 1. 好調に 
 2. 夢中に 
 3. 頑固に 
 4. 強引に",2,,問題4 ( ) に入れるのに最もよいものを、1、2、3、4から一つ選びなさい。
"目が覚めたが、まだ時間が早かったので、しばらくベッドで( 　)していた。
 1. ごろごろ 
 2. ぶらぶら 
 3. ゆらゆら 
 4. うろうろ",1,,問題4 ( ) に入れるのに最もよいものを、1、2、3、4から一つ選びなさい。
"彼は本当は優しい人なのに、無口なせいで、冷たい人だとよく（ ）される
 1. 観測 
 2. 誤解 
 3. 決意 
 4. 承認",2,,問題4 ( )に入れるのに最もよいものを、 1・2・3・4から一つ選びなさい。
"新製品の売れ行きが（ ）なので、生産量を増やすことにした。
 1. 温厚 
 2. 円満 
 3. 好調 
 4. 適切",3,,問題4 ( )に入れるのに最もよいものを、 1・2・3・4から一つ選びなさい。
"彼は、どんな仕事でもミスひとつなく期日までに仕上げてくれるので、本当に（ ）部下だと思う。
 1. 頼もしい 
 2. たくましい 
 3. 輝かしい 
 4. 親しい",1,,問題4 ( )に入れるのに最もよいものを、 1・2・3・4から一つ選びなさい。
"食費を（ ）するために，なるべく外食をしないようにしている。
 1. 減量 
 2. 省略 
 3. 短縮 
 4. 節約",4,,問題4 ( )に入れるのに最もよいものを、 1・2・3・4から一つ選びなさい。
"簡単にお金がもうかるというような話に、すぐ （ ）のはやめたほうがいい。
 1. 駆け込む 
 2. 触れ合う 
 3. 寄りかかる 
 4. 飛びつく",4,,問題4 ( )に入れるのに最もよいものを、 1・2・3・4から一つ選びなさい。
"やりたい仕事内容の（ ）があつたので、早速応募することにした。
 1. 催促 
 2. 入社 
 3. 求人 
 4. 収集",3,,問題4 ( )に入れるのに最もよいものを、 1・2・3・4から一つ選びなさい。
"友達だと思っていたのに、私のいないところで（ ）と私の悪口を言っていたなんてひどい。
 1. うとうと 
 2. こそこそ 
 3. ぶるぶる 
 4. じろじろ",2,,問題4 ( )に入れるのに最もよいものを、 1・2・3・4から一つ選びなさい。
"規則に( )した場合は、 罰金を払わなければならない。
 1. 相違 
 2. 対決 
 3. 違反 
 4. 対抗",3,,問題4 ( )に入れるのに最もよいものを、 1・2・3・4から一つ選びなさい。
"この体育館は、ロッカーやシャワーなどの()がそろっている。
 1. 用具 
 2. 物体 
 3. 設備 
 4. 容器",3,,問題4 ( )に入れるのに最もよいものを、 1・2・3・4から一つ選びなさい。
"化粧品メーカーが健康食品の分野に( )して成功した例もある。
 1. 到達 
 2. 転勤 
 3. 直行 
 4. 進出",4,,問題4 ( )に入れるのに最もよいものを、 1・2・3・4から一つ選びなさい。
"この時期に雪が降ることはあるが、積もることは( )だ。
 1. まれ 
 2. なだらか 
 3. ささやか 
 4. かすか",1,,問題4 ( )に入れるのに最もよいものを、 1・2・3・4から一つ選びなさい。
"家の隣で夜遅くまでマンション建設工事が行われてうるさいので、 建設会社に ( )の電話をした。
 1. 悪口 
 2. 苦情 
 3. 反論 
 4. 皮肉",2,,問題4 ( )に入れるのに最もよいものを、 1・2・3・4から一つ選びなさい。
"箱の中には、隙間なく ( ) お菓子が詰まっていた。
 1. どしどし 
 2. どっしり 
 3. うじゃうじゃ 
 4. ぎっしり",4,,問題4 ( )に入れるのに最もよいものを、 1・2・3・4から一つ選びなさい。
"私は前回の試験の結果にずっと疑問を( )いる。
 1. いだいて 
 2. にぎって 
 3. たもって 
 4. そなえて",1,,問題4 ( )に入れるのに最もよいものを、 1・2・3・4から一つ選びなさい。
"16 さまざまなデータを（   ）した結果、事故の原因が明らかになった。
 1. 視察 
 2. 検査 
 3. 発明 
 4. 分析",4,,問題4 （ ）に入れるのに最もよいものを、1 · 2 · 3 · 4から一つ選びなさい。
"17 街を（   ）していたら、山本さんに会った。
 1. ぐらぐら 
 2. がらがら 
 3. ばらばら 
 4. ぶらぶら",4,,問題4 （ ）に入れるのに最もよいものを、1 · 2 · 3 · 4から一つ選びなさい。
"18 祭りの日は町が（   ）にあふれている。
 1. 活気 
 2. 活発 
 3. 活躍 
 4. 活動",1,,問題4 （ ）に入れるのに最もよいものを、1 · 2 · 3 · 4から一つ選びなさい。
"19 コピー機に紙が（   ）、出てこない。
 1. もぐって 
 2. つまって 
 3. しずんで 
 4. うまって",2,,問題4 （ ）に入れるのに最もよいものを、1 · 2 · 3 · 4から一つ選びなさい。
"20 この小説は今の時代を（   ）した作品だ。
 1. 反映 
 2. 放映 
 3. 引用 
 4. 採用",1,,問題4 （ ）に入れるのに最もよいものを、1 · 2 · 3 · 4から一つ選びなさい。
"21 田中さんは長い間（   ）窓の外を見ていた。
 1. ぼんやり 
 2. ふんわり 
 3. うっすら 
 4. しっとり",1,,問題4 （ ）に入れるのに最もよいものを、1 · 2 · 3 · 4から一つ選びなさい。
"22 経済だけでなく、法律にも詳しいのが彼の（   ）だ。
 1. 深み 
 2. 強み 
 3. 高み 
 4. 重み",2,,問題4 （ ）に入れるのに最もよいものを、1 · 2 · 3 · 4から一つ選びなさい。
"子どものいたずらにいちいち( )を立てても仕方がない。
 1. 気 
 2. 頭 
 3. 腹 
 4. 心",3,,問題4 ( )に入れるのに最もよいものを、1・2・3・4 から一つ選びなさい。
"A社が開発した商品管理システムは評価が高く、多くの会社に( )されている
 1. 導入 
 2. 引用 
 3. 吸収 
 4. 移行",1,,問題4 ( )に入れるのに最もよいものを、1・2・3・4 から一つ選びなさい。
"工事の音が( )、全然眠れない。
 1. しつこくて 
 2. ずうずうしくて 
 3. やかましくて 
 4. けわしくて",3,,問題4 ( )に入れるのに最もよいものを、1・2・3・4 から一つ選びなさい。
"自転車のタイヤが( )して、空気が抜けていた。
 1. ストライキ 
 2. パンク 
 3. ダウン 
 4. ミス",2,,問題4 ( )に入れるのに最もよいものを、1・2・3・4 から一つ選びなさい。
"セミナーの日の朝は準備の時間がないので、資料は( ) コピーしておいて ください。
 1. 遅くとも 
 2. あらかじめ 
 3. とっくに 
 4. 先々",2,,問題4 ( )に入れるのに最もよいものを、1・2・3・4 から一つ選びなさい。
"山口さんは柔道をしているので、がっしりした( )をしている。
 1. 体格 
 2. 姿勢 
 3. 格好 
 4. 容姿",1,,問題4 ( )に入れるのに最もよいものを、1・2・3・4 から一つ選びなさい。
"こんなに夜遅くまでおきていると、明日の仕事に( )よ。
 1. かかわり合う 
 2. 割り込む 
 3. 引っかかる 
 4. 差し支える",4,,問題4 ( )に入れるのに最もよいものを、1・2・3・4 から一つ選びなさい。
"両親はおいしい料理で客を(　　)のが好きだ。
 1. もてなす 
 2. おだてる 
 3. 許す 
 4. 救う",1,,問題4 ( )に入れるのに最もよいものを、1・2・3・4・から一つ選びなさい。
"その駅は各駅停車の電車は止まりますが、 急行電車は(　　)。
 1. 温厚 
 2. 直進 
 3. 通過 
 4. 横断",3,,問題4 ( )に入れるのに最もよいものを、1・2・3・4・から一つ選びなさい。
"見た人の記憶に残るような(　　)のあるボスターにしたい。
 1. インパクト 
 2. プレッシャー 
 3. チャージ 
 4. ショック",1,,問題4 ( )に入れるのに最もよいものを、1・2・3・4・から一つ選びなさい。
"地元の選手がオリンピックでメダルを獲得したことがテレビで()された。
 1. 通信 
 2. 普及 
 3. 伝言 
 4. 報道",4,,問題4 ( )に入れるのに最もよいものを、1・2・3・4・から一つ選びなさい。
"台風で電車が運休になり、 通勤や通学で利用する人に(　　)影響を与えた。
 1. 大まかな 
 2. 偉大な 
 3. 大げさな 
 4. 多大な",4,,問題4 ( )に入れるのに最もよいものを、1・2・3・4・から一つ選びなさい。
"西川さんは転校してきたばかりだが、友達もできて、もうすっかりクラスに(　　)ている。
 1. 当てはまって 
 2. 溶け込んで 
 3. 結びついて 
 4. 触れ合って",2,,問題4 ( )に入れるのに最もよいものを、1・2・3・4・から一つ選びなさい。
"私は(　　)性格なので、時々財布を持たずに買い物に出かけてしまうことがある。
 1. あつかましい 
 2. うっとうしい 
 3. そそっかしい 
 4. さわがしい",3,,問題4 ( )に入れるのに最もよいものを、1・2・3・4・から一つ選びなさい。
"息子はみんなの前で、悪いことはもう絶対にしないと(　　)。
 1. 論じた 
 2. 命じた 
 3. 誓った 
 4. 迫った",3,,問題4 ( )に入れるのに最もよいものを、1・2・3・4・から一つ選びなさい。
"工事のため、(　　)電気が止まることがあります。
 1. 簡潔に 
 2. 一時的に 
 3. 手軽に 
 4. 不完全に",2,,問題4 ( )に入れるのに最もよいものを、1・2・3・4・から一つ選びなさい。
"あの人物が今回の事件に(　　)していたのは間違いない。
 1. 参列 
 2. 加入 
 3. 登場 
 4. 関与",4,,問題4 ( )に入れるのに最もよいものを、1・2・3・4・から一つ選びなさい。
"油で汚れたフライパンは、(　　)してとても洗いにくいです。
 1. べたべた 
 2. かさかさ 
 3. じめじめ 
 4. ちくちく",1,,問題4 ( )に入れるのに最もよいものを、1・2・3・4・から一つ選びなさい。
"サッカーで手を使うのは禁止されていて、もし使ったら(　　)になる。
 1. 反則 
 2. 違法 
 3. 非常識 
 4. 不都合",1,,問題4 ( )に入れるのに最もよいものを、1・2・3・4・から一つ選びなさい。
"虫が飛んできたので、手に持っていた帽子を振って遠くに(　　)。
 1. 連れ出した 
 2. 揉め出した 
 3. 取り払った 
 4. 追い払った",4,,問題4 ( )に入れるのに最もよいものを、1・2・3・4・から一つ選びなさい。
"社会の変化に合わせて、働き方や休日の過ごし方など人々が選ぶ生活の(　　)も変わってきた。
 1. ポーズ 
 2. スタイル 
 3. ブランド 
 4. シリーズ",2,,問題4 ( )に入れるのに最もよいものを、1・2・3・4・から一つ選びなさい。
"今日は残業で疲れていて夕食を作るのが( )だから、外で食べて帰ろうと思う。
 1. 余計 
 2. 面倒 
 3. 過剰 
 4. 無力",2,,問題4 ( )に入れるのに最もよいものを、1・2・3・4・から一つ選びなさい。
"この犬のロボットは動きが自然で、まるで( )の犬のようだ。
 1. 本物 
 2. 現状 
 3. 事実 
 4. 正式",1,,問題4 ( )に入れるのに最もよいものを、1・2・3・4・から一つ選びなさい。
"山下先輩は私の( )で 、いつか山下先輩のようになりたいと思っている。
 1. あこがれ 
 2. 望み 
 3. 願い 
 4. 夢",1,,問題4 ( )に入れるのに最もよいものを、1・2・3・4・から一つ選びなさい。
"今日会社で京都支社から東京本社への( )を命じられ、今月末に東京へ引っ越すことになった。
 1. 移行 
 2. 転職 
 3. 転勤 
 4. 移住",3,,問題4 ( )に入れるのに最もよいものを、1・2・3・4・から一つ選びなさい。
"この辺りの農家は、無農薬で野菜を( )しています。
 1. 制作 
 2. 栽培 
 3. 養成 
 4. 製造",2,,問題4 ( )に入れるのに最もよいものを、1・2・3・4・から一つ選びなさい。
"彼は私の意見に対して何も言わなかったが、( ) ことで同意を示してくれた。
 1. ふりむく 
 2. にらむ 
 3. かがむ 
 4. うなずく",4,,問題4 ( )に入れるのに最もよいものを、1・2・3・4・から一つ選びなさい。
"机の上がいろいろな物で( )しているから、早くきれいに片付けよう。
 1. きちんと 
 2. ぼんやり 
 3. ごちゃごちゃ 
 4. きょろきょろ",3,,問題4 ( )に入れるのに最もよいものを、1・2・3・4・から一つ選びなさい。
"彼の演技はとても個性的で、見る人の（ ）が大きく分かれる。
 1. 考慮 
 2. 評価 
 3. 信頼 
 4. 測定",2,,問題4 ( )に入れるのに最もよいものを、1・2・3・4・から一つ選びなさい。
"話し合いでは、相手の意見を（ ）し、よく聞くことが大切だ。
 1. 尊 重 
 2. 信仰 
 3. 提案 
 4. 発揮",1,,問題4 ( )に入れるのに最もよいものを、1・2・3・4・から一つ選びなさい。
"この商品は、健康を気にする 40 代から 50 代の人を（ ）に開発した。
 1. ゴール 
 2. インパクト 
 3. アピール 
 4. ターゲット",4,,問題4 ( )に入れるのに最もよいものを、1・2・3・4・から一つ選びなさい。
"佐藤さんは服装や髪形が個性的で、他の人とは違う（ ）の雰囲気がある。
 1. 定着 
 2. 専用 
 3. 独特 
 4. 区別",3,,問題4 ( )に入れるのに最もよいものを、1・2・3・4・から一つ選びなさい。
"前回の大会では、あの二人は最後まで優勝を（ ）いた。
 1. 戦って 
 2. 争って 
 3. 奪って 
 4. 破って",2,,問題4 ( )に入れるのに最もよいものを、1・2・3・4・から一つ選びなさい。
"高橋さんの家を訪ねたが、みんな出かけているようで、人の（ ）が
なかった。
 1. 動作 
 2. 実感 
 3. 気配 
 4. 状態",3,,問題4 ( )に入れるのに最もよいものを、1・2・3・4・から一つ選びなさい。
"彼は自分で決めたルールも守らない、（ ）人だ。
 1. 不規則な 
 2. あやふやな 
 3. 大まかな 
 4. いいかげんな",4,,問題4 ( )に入れるのに最もよいものを、1・2・3・4・から一つ選びなさい。
"会員の登録が(　　)したので、今からサービスを利用できます。
 1. 決着 
 2. 完了 
 3. 終業 
 4. 到達",2,,問題4 ( )に入れるのに最もよいものを、1・2・3・4・から一つ選びなさい。
"年を取って運動をしなくなると、 筋肉がだんだん(　　)いきます。
 1. 潰れて 
 2. 欠けて 
 3. 尽きて 
 4. 衰えて",4,,問題4 ( )に入れるのに最もよいものを、1・2・3・4・から一つ選びなさい。
"会議時間が残り少なくなったので、 資料の詳細な説明は(　　)して、要点のみを
説明した。
 1. 減量 
 2. 休止 
 3. 節約 
 4. 省略",4,,問題4 ( )に入れるのに最もよいものを、1・2・3・4・から一つ選びなさい。
"この小説はフィクションだと(　　)いたが、実際にあった話らしい。
 1. 思い込んで 
 2. 思い起こして 
 3. 考え抜いて 
 4. 考えついて",1,,問題4 ( )に入れるのに最もよいものを、1・2・3・4・から一つ選びなさい。
"山口さんは、子どもが怖がらないように優しい(　　)で話しかけた。
 1. 音声 
 2. 口調 
 3. 顔色 
 4. 内心",2,,問題4 ( )に入れるのに最もよいものを、1・2・3・4・から一つ選びなさい。
"部下に仕事を教えるのは、 上司の(　　)の一つだ。
 1. 労働 
 2. 勤務 
 3. 役目 
 4. 当番",3,,問題4 ( )に入れるのに最もよいものを、1・2・3・4・から一つ選びなさい。
"森さんは外食のとき、いつも誰かに払ってもらおうとするので、(　　)人だと思う。
 1. みずみずしい 
 2. たどたどしい 
 3. ずうずうしい 
 4. よわよわしい",3,,問題4 ( )に入れるのに最もよいものを、1・2・3・4・から一つ選びなさい。
"今週は忙しかったから、 週末は家で(  )テレビを見ていた。
 1. のろのろ 
 2. のんびり 
 3. ぐるぐる 
 4. ぐっすり",2,,問題4 ( )に入れるのに最もよいものを、1・2・3・4から一つ選びなさい。
"マラソンでは周りの人にあわせようとしないで、 (  )で走るといい。
 1. テクニック 
 2. フレッシュ 
 3. アプローチ 
 4. マイペース",4,,問題4 ( )に入れるのに最もよいものを、1・2・3・4から一つ選びなさい。
"あの店はサービスがいいと(  )だ。
 1. 評判 
 2. 評価 
 3. 診断 
 4. 決断",1,,問題4 ( )に入れるのに最もよいものを、1・2・3・4から一つ選びなさい。
"彼女とは久しぶりに会ったので、 何時間話しても話が (  )。
 1. 枯れない 
 2. 限らない 
 3. 尽きない 
 4. 衰えない",3,,問題4 ( )に入れるのに最もよいものを、1・2・3・4から一つ選びなさい。
"練習の成果が(   )できれば、きっと優勝できるだろう。
 1. 発揮 
 2. 発生 
 3. 発行 
 4. 発明",1,,問題4 ( )に入れるのに最もよいものを、1・2・3・4から一つ選びなさい。
"この表現は (  )でわかりにくい。
 1. 軟弱 
 2. 質素 
 3. あいまい 
 4. ささやか",3,,問題4 ( )に入れるのに最もよいものを、1・2・3・4から一つ選びなさい。
"この切符は、明日まで (  )です。
 1. 利点 
 2. 権利 
 3. 効用 
 4. 有効",4,,問題4 ( )に入れるのに最もよいものを、1・2・3・4から一つ選びなさい。
"この学校の( )は、国際交流が盛んなことだ。
 1. 得点 
 2. 性能 
 3. 効用 
 4. 特色",4,,問題４ （ ）に入れるのに最もよいものを、１・２・３・４から一つ選びなさい。
"だんだん雨が激しくなって、傘を差していたのに服が( )ぬれてしまった。
 1. すっきり 
 2. ぎっしり 
 3. びっしょり 
 4. ぴったり",3,,問題４ （ ）に入れるのに最もよいものを、１・２・３・４から一つ選びなさい。
"このチームは何度も優勝し、( )成績を残している。
 1. 力強い 
 2. 輝かしい 
 3. 分厚い 
 4. 限りない",2,,問題４ （ ）に入れるのに最もよいものを、１・２・３・４から一つ選びなさい。
"Aホテルは大通りに( )いて、分かりやすい場所にある。
 1. 当たって 
 2. 触れて 
 3. 面して 
 4. 合わせて",3,,問題４ （ ）に入れるのに最もよいものを、１・２・３・４から一つ選びなさい。
"それは、問題点を的確にとらえた( ) 質問だった。
 1. するどい 
 2. にぶい 
 3. けわしい 
 4. ゆるい",1,,問題４ （ ）に入れるのに最もよいものを、１・２・３・４から一つ選びなさい。
"このいすは、大きさがちょうどいいし、色や( )も気に入っている。
 1. インテリア 
 2. スペース 
 3. リビング 
 4. デザイン",4,,問題４ （ ）に入れるのに最もよいものを、１・２・３・４から一つ選びなさい。
"一つの考え方に縛られず、( ) 思考を持つことで、新しい発想が生まれるだろう。
 1. 快適な 
 2. 柔軟な 
 3. 円満な 
 4. 順調な",2,,問題４ （ ）に入れるのに最もよいものを、１・２・３・４から一つ選びなさい。
"骨を丈夫にするために、カルシウムを( )含む食品をとるようにしている。
 1. 鮮明に 
 2. 活発に 
 3. 円満に 
 4. 豊富に",4,,問題4 ( )に入れるのに最もよいものを、1・2・3・4から一つ選びなさい。
"今週は、暑くも寒くもなく、強い風も吹かず、( ) 天気が続いている。
 1. 柔らかな 
 2. 穏やかな 
 3. 滑らかな 
 4. 緩やかな",2,,問題4 ( )に入れるのに最もよいものを、1・2・3・4から一つ選びなさい。
"資格試験がもうすぐあるのに、最近仕事が忙しくて、毎朝の勉強時間を十分に( )するのが難し
 1. 制作 
 2. 保存 
 3. 作成 
 4. 確保",4,,問題4 ( )に入れるのに最もよいものを、1・2・3・4から一つ選びなさい。
"雑誌に新しい広告を出して、わが社の商品の良さを消費者にもっと ( ) したい。
 1. アピール 
 2. インストール 
 3. チャージ 
 4. セット",1,,問題4 ( )に入れるのに最もよいものを、1・2・3・4から一つ選びなさい。
"失敗したことを( )より、気持ちを切り替えて、明日からまたがんばろうと思う。
 1. 断る 
 2. 疑う 
 3. 悔やむ 
 4. あきらめる",3,,問題4 ( )に入れるのに最もよいものを、1・2・3・4から一つ選びなさい。
"わが社が海外への進出を考える( )となったのは、二年前の国際イベントだった。
 1. 契機 
 2. 先端 
 3. 始発 
 4. 合図",1,,問題4 ( )に入れるのに最もよいものを、1・2・3・4から一つ選びなさい。
"あの二人はさっきから( )話しているが、他人に聞かれては困る話なのだろうか。
 1. ぐっすり 
 2. うろうろ 
 3. ひそひそ 
 4. ばっさり",3,,問題4 ( )に入れるのに最もよいものを、1・2・3・4から一つ選びなさい。
"昨日の試合では実力を( )できず、一試合目で負けてしまった。
 1. 表現 
 2. 明示 
 3. 公開 
 4. 発揮",4,,問題4 ( )に入れるのに最もよいものを、1・2・3・4から一つ選びなさい。
"料理本を見ながら、自分の好みに合うように味付けを( )する。
 1. コメント 
 2. デザイン 
 3. アレンジ 
 4. ケア",3,,問題4 ( )に入れるのに最もよいものを、1・2・3・4から一つ選びなさい。
"あの人が描く絵には、ほかの人の絵にはない( )の雰囲気がある。
 1. 専属 
 2. 独特 
 3. 限定 
 4. 孤立",2,,問題4 ( )に入れるのに最もよいものを、1・2・3・4から一つ選びなさい。
"父は、どんなに忙しいときでも、朝の運動を( )。
 1. 空けない 
 2. 離さない 
 3. 奪わない 
 4. 欠かさない",4,,問題4 ( )に入れるのに最もよいものを、1・2・3・4から一つ選びなさい。
"クイズの答えがわからなくて(   ) 答えたのに、正解だった。
 1. でたらめに 
 2. わがままに 
 3. ぎざぎざに 
 4. ごちゃごちゃに",1,,問題4 ( )に入れるのに最もよいものを、1・2・3・4から一つ選びなさい。
"昨夜はこの冬でいちばんの寒さとなり、最低気温はマイナス20度に( )。
 1. 減った 
 2. 達した 
 3. 通じた 
 4. 沈んだ",2,,問題4 ( )に入れるのに最もよいものを、1・2・3・4から一つ選びなさい。
"来月の結婚式に向けて準備が ( ) 進んでいる。
 1. 着々と 
 2. 慎重に 
 3. いちいち 
 4. ぐんぐん",1,,問題4 ( )に入れるのに最もよいものを、1・2・3・4から一つ選びなさい。
"最近、物価が( )している。
 1. 増加 
 2. 上達 
 3. 増大 
 4. 上昇",4,,問題４ ( )に入れるのに最もよいものを、1・2・3・4から一つ選びなさい。
"ちょうどいい( )で警官が通りかかったので、助かった。
 1. タイマー 
 2. アクシデント 
 3. タイミング 
 4. アクション",3,,問題４ ( )に入れるのに最もよいものを、1・2・3・4から一つ選びなさい。
"遠慮はいらないので、いつでも( )声をかけてください。
 1. 無事に 
 2. 気軽に 
 3. 率直に 
 4. 器用に",2,,問題４ ( )に入れるのに最もよいものを、1・2・3・4から一つ選びなさい。
"Eメールに( )されたファイルが開けない。
 1. 輸送 
 2. 付属 
 3. 郵送 
 4. 添付",4,,問題４ ( )に入れるのに最もよいものを、1・2・3・4から一つ選びなさい。
"そんなに人のことを( )見るものではありませんよ。
 1. じろじろ 
 2. たまたま 
 3. さっさと 
 4. うっとり",1,,問題４ ( )に入れるのに最もよいものを、1・2・3・4から一つ選びなさい。
"その選手は体力( )まで走り続けた。
 1. 制限 
 2. 限界 
 3. 境界 
 4. 境目",2,,問題４ ( )に入れるのに最もよいものを、1・2・3・4から一つ選びなさい。
"彼はその出来事がきっかけで、医者になる決意を ( )。
 1. 固めた 
 2. まとめた 
 3. 仕上げた 
 4. 合わせた",1,,問題４ ( )に入れるのに最もよいものを、1・2・3・4から一つ選びなさい。
"あの町の人口は ( )減少している。
 1. 軽々と 
 2. 順々に 
 3. 徐々に 
 4. 細々と",3,,問題４ （ ）に入れるのに最もよいものを、１・２・３・４から一つ選びなさい。
"最近、 物価が( )している。
 1. 増加 
 2. 上達 
 3. 増大 
 4. 上昇",4,,問題４ （ ）に入れるのに最もよいものを、１・２・３・４から一つ選びなさい。
"多くの人が旅行する( )は、飛行機のチケットが高い。
 1. シリーズ 
 2. タイム 
 3. シーズン 
 4. チャンス",3,,問題４ （ ）に入れるのに最もよいものを、１・２・３・４から一つ選びなさい。
"私の上司はとても( )で、今まで怒ったのを見たことがない。
 1. 優良 
 2. 温暖 
 3. 良性 
 4. 温厚",4,,問題４ （ ）に入れるのに最もよいものを、１・２・３・４から一つ選びなさい。
"この数カ月、 新しいゲームが ( )発売されている。
 1. 相次いで 
 2. 間もなく 
 3. ぐんぐん 
 4. すいすい",1,,問題４ （ ）に入れるのに最もよいものを、１・２・３・４から一つ選びなさい。
"池田さんはまじめすぎて、 冗談が ( )。
 1. 当たらない 
 2. 渡らない 
 3. 構わない 
 4. 通じない",4,,問題４ （ ）に入れるのに最もよいものを、１・２・３・４から一つ選びなさい。
"このホテルの宿泊料金には、朝食も( )いる。
 1. 含まれて 
 2. 納めて 
 3. 割り込まれて 
 4. 詰め込まれて",1,,問題４ （ ）に入れるのに最もよいものを、１・２・３・４から一つ選びなさい。
"日本の10年後の人口を、様々なデータから( )した。
 1. 予測 
 2. 予報 
 3. 予感 
 4. 予習",1,,問題4 ( )に入れるのに最もよいものを、1・2・3・4から一つ選びなさい。
"川の水が茶色く( ) いて、底の方が見えない。
 1. くもって 
 2. かくれて 
 3. にごって 
 4. くずれて",3,,問題4 ( )に入れるのに最もよいものを、1・2・3・4から一つ選びなさい。
"この書類に必要なことを記入して窓口に提出すれば、手続きは( )します
 1. 完了 
 2. 決定 
 3. 実現 
 4. 達成",1,,問題4 ( )に入れるのに最もよいものを、1・2・3・4から一つ選びなさい。
"栄養の( )を考えて、いろいろなものを食べましょう。
 1. ストレス 
 2. バランス 
 3. チェンジ 
 4. ステップ",2,,問題4 ( )に入れるのに最もよいものを、1・2・3・4から一つ選びなさい。
"この店の料理は、量が( )あるので、たくさん食べる人に人気があります。
 1. ふんわり 
 2. すっきり 
 3. たっぷり 
 4. ぼんやり",3,,問題4 ( )に入れるのに最もよいものを、1・2・3・4から一つ選びなさい。
"二人の間には意見の( )があり、なかなか議論が進まない。
 1. 対比 
 2. 間隔 
 3. 大別 
 4. 相違",4,,問題4 ( )に入れるのに最もよいものを、1・2・3・4から一つ選びなさい。
"約束の時間より早く来てしまったので、喫茶店に入って時間を( )。
 1. やぶった 
 2. つぶした 
 3. こわした 
 4. けずった",2,,問題4 ( )に入れるのに最もよいものを、1・2・3・4から一つ選びなさい。
"この大学では一般向けの講座を開き、社会に学習の場を（ ）している。
 1. 選出 
 2. 提供 
 3. 指示 
 4. 寄付",2,,問題４ （ ）に入れるのに最もよいものを、１・２・３・４から一つ選びなさい。
"今年の夏は暑さが厳(きび)しく、仕事から家に帰ると疲れて（ ）してしまう。
 1. ぐったり 
 2. しっかり 
 3. すっきり 
 4. ぎっしり",1,,問題４ （ ）に入れるのに最もよいものを、１・２・３・４から一つ選びなさい。
"学生時代の友人が私の名前を忘れていたので、とても（ ）だった。
 1. アウト 
 2. ダウン 
 3. ショック 
 4. エラー",3,,問題４ （ ）に入れるのに最もよいものを、１・２・３・４から一つ選びなさい。
"通路に荷物を置いたら、通る人の（ ）になりますよ。
 1. 面倒 
 2. 邪魔 
 3. 被害 
 4. 無理",2,,問題４ （ ）に入れるのに最もよいものを、１・２・３・４から一つ選びなさい。
"少し長めの上(のぼ)り坂(ざか)だったが（ ）ので、それほど疲れなかった。
 1. おとなしかった 
 2. ささやかだった 
 3. なだらかだった 
 4. よわよわしかった",3,,問題４ （ ）に入れるのに最もよいものを、１・２・３・４から一つ選びなさい。
"出席者は皆会議に積極的に参加し、意見を（ ）交換し合った。
 1. 活発に 
 2. 円満に 
 3. 機敏に 
 4. 濃厚に",1,,問題４ （ ）に入れるのに最もよいものを、１・２・３・４から一つ選びなさい。
"列に並んでいたら、私の前に強引に（ ）きた人がいて、嫌な気分になった。
 1. 当てはまって 
 2. 付け加えて 
 3. 行き着いて 
 4. 割り込んで",4,,問題４ （ ）に入れるのに最もよいものを、１・２・３・４から一つ選びなさい。
"このアニメは、登場人物がとてもかわいいと、 若者の間で( )になっている。
 1. 課題 
 2. 題名 
 3. 題材 
 4. 話題",4,,問題4 ( )に入れるのに最もよいものを、1・2・3・4から一つ選びなさい。
"あのとき、友達に謝らなかったことをずっと( )している。
 1. 同情 
 2. 後悔 
 3. 我慢 
 4. 恐縮",2,,問題4 ( )に入れるのに最もよいものを、1・2・3・4から一つ選びなさい。
"楽器の音量を確認するために、コンサートの前日に会場で( )をした。
 1. チャージ 
 2. アポイントメント 
 3. オリエンテーション 
 4. リハーサル",4,,問題4 ( )に入れるのに最もよいものを、1・2・3・4から一つ選びなさい。
"この魚は、いつでもこの辺りの海にいるわけではなく、( )の時期にしかいない。
 1. 特定 
 2. 指定 
 3. 固定 
 4. 限定",1,,問題4 ( )に入れるのに最もよいものを、1・2・3・4から一つ選びなさい。
"この季節は乾燥していて、 肌が( )になる。
 1. どろどろ 
 2. ふさふさ 
 3. かさかさ 
 4. べたべた",3,,問題4 ( )に入れるのに最もよいものを、1・2・3・4から一つ選びなさい。
"先生の発音をよく聞いて、 同じになるように発音を ( ) みましょう。
 1. まねて 
 2. かなえて 
 3. 映して 
 4. 保って",1,,問題4 ( )に入れるのに最もよいものを、1・2・3・4から一つ選びなさい。
"金子さんとは初めて会ったが、お互いサッカーが大好きだと分かって、話が( )。
 1. 飛び出した 
 2. 行き過ぎた 
 3. 盛り上がった 
 4. 駆け抜けた",3,,問題4 ( )に入れるのに最もよいものを、1・2・3・4から一つ選びなさい。
"栄養が（）ように、いろいろな食品を食べたほうがいい。
 1. はぶかれない 
 2. はずされない 
 3. かたよらない 
 4. かたむかない",3,,問題4 （ ）に入れるのに最もよいものを、1、2、3、4から一つ選びなさい。
"ダムの建設は、計画通り（ ）進んでいる。
 1. さらさら 
 2. すらすら 
 3. 着々と 
 4. 続々と",3,,問題4 （ ）に入れるのに最もよいものを、1、2、3、4から一つ選びなさい。
"急いでいるのに、渋滞のせいで車が前に進まなくて（）した。
 1. いらいら 
 2. わくわく 
 3. すっきり 
 4. うっかり",1,,問題4 （ ）に入れるのに最もよいものを、1、2、3、4から一つ選びなさい。
"兄は「残業が多い、給料が安い」と会社の（）ばかり言っている。
 1. ゆううつ 
 2. ぐち 
 3. 苦情 
 4. 非難",2,,問題4 （ ）に入れるのに最もよいものを、1、2、3、4から一つ選びなさい。
"あのドラマは、最後に主人公が恋人と再会する（）が感動的だった。
 1. 要所 
 2. 名所 
 3. 場面 
 4. 画面",3,,問題4 （ ）に入れるのに最もよいものを、1、2、3、4から一つ選びなさい。
"A社はこの10年で、社員一万人の大企業に（）した。
 1. 発達 
 2. 展開 
 3. 上昇 
 4. 成長",4,,問題4 （ ）に入れるのに最もよいものを、1、2、3、4から一つ選びなさい。
"激しい運動をたまにするより、（）運動を毎日続ける方が体にはいいらしい。
 1. 適度な 
 2. 簡略な 
 3. 好調な 
 4. 対等な",1,,問題4 （ ）に入れるのに最もよいものを、1、2、3、4から一つ選びなさい。
"学生のころ、宿題は(　)になってからやることが多かった。
 1. びりびり 
 2. ばりばり 
 3. ぎりぎり 
 4. じりじり",3,,問題4 ( )に入れるのに最もよいものを、1·2·3·4 から一つ選びなさい
"生命保険を(　)したいので、手続きを教えてください。
 1. 廃止 
 2. 解約 
 3. 中止 
 4. 解消",2,,問題4 ( )に入れるのに最もよいものを、1·2·3·4 から一つ選びなさい
"私たちは、お客様の(　)に対応したサービスを提供しています
 1. ニーズ 
 2. ストライキ 
 3. セールス 
 4. エコノミー",1,,問題4 ( )に入れるのに最もよいものを、1·2·3·4 から一つ選びなさい
"来年ここに新しい支店を(　)することが決まった
 1. 創造 
 2. 形成 
 3. 工作 
 4. 開設",4,,問題4 ( )に入れるのに最もよいものを、1·2·3·4 から一つ選びなさい
"卒業パーティーには、ちゃんとした(　)で行ったほうがいいのかな。
 1. 様子 
 2. 容姿 
 3. 外見 
 4. 格好",4,,問題4 ( )に入れるのに最もよいものを、1·2·3·4 から一つ選びなさい
"店が忙しいときは臨時にアルバイトを(　)いる。
 1. つかんで 
 2. ふくんで 
 3. やとって 
 4. かせいで",3,,問題4 ( )に入れるのに最もよいものを、1·2·3·4 から一つ選びなさい
"誰にも言えずにずっと悩んでいたが、昨日親友に(　)相談してみた。
 1. 思いきって 
 2. うっかり 
 3. せっかく 
 4. 知らず知らず",1,,問題4 ( )に入れるのに最もよいものを、1·2·3·4 から一つ選びなさい
"予算もスタッフも希望通りにしたんだから成果を期待しているよと、上司に( ) をかけられた。
 1. ショップ 
 2. プレッシャー 
 3. ダメージ 
 4. コンプレックス",2,,問題4 ( )に入れるのに最もよいを、1、2、3、4から一つ選びなさい。
"アルバイトの仕事は勤務が多い月と少ない月があって、毎月の収入が( )だ。
 1. 不安定 
 2. 不自由 
 3. 不都合 
 4. 不公平",1,,問題4 ( )に入れるのに最もよいを、1、2、3、4から一つ選びなさい。
"彼は ( )な返事をしていたから、パーティーに来るかどうかわからない。
 1. 地味な 
 2. かすかな 
 3. あいまいな 
 4. 鈍感な",3,,問題4 ( )に入れるのに最もよいを、1、2、3、4から一つ選びなさい。
"新しいことがなかなか覚えられないのは記憶力が( )からだろうか。
 1. 傷んだ 
 2. 散った 
 3. かれた 
 4. おとろえた",4,,問題4 ( )に入れるのに最もよいを、1、2、3、4から一つ選びなさい。
"相手が弱いと思って( )したら、負けてしまった。
 1. 納得 
 2. 油断 
 3. 失望 
 4. 覚悟",2,,問題4 ( )に入れるのに最もよいを、1、2、3、4から一つ選びなさい。
"二人とも動いているので、家事や育児は夫婦で( )している。
 1. 分別 
 2. 区別 
 3. 区分 
 4. 分担",4,,問題4 ( )に入れるのに最もよいを、1、2、3、4から一つ選びなさい。
"次の社長に最もく( )人は、経験豊富な鈴木さんでしょう。
 1. ふさわしい 
 2. 等しい 
 3. ありがちな 
 4. 当たり前な",1,,問題4 ( )に入れるのに最もよいを、1、2、3、4から一つ選びなさい。
"健康のためには、栄養の（ 　　　）がいい食事を取ることが大切だ。
 1. バランス 
 2. リズム 
 3. ビタミン 
 4. エネルギー",1,,問題4: （ ）に入れるのに最もよいものを、1・2・3・4から一つ選びなさい。
"市役所には騒音などの迷惑行為に対する（ 　　　）が寄せられる。
 1. 苦情 
 2. 悪意 
 3. 不便 
 4. 多難",1,,問題4: （ ）に入れるのに最もよいものを、1・2・3・4から一つ選びなさい。
"ここは桜の（ 　　　）で、春になると大勢の花見客が訪れる。
 1. 要所 
 2. 名所 
 3. 実地 
 4. 現場",2,,問題4: （ ）に入れるのに最もよいものを、1・2・3・4から一つ選びなさい。
"電車に遅れそうだったが、（ 　　　）間に合って何とか乗れた。
 1. ばったり 
 2. ぐっすり 
 3. ぎりぎり 
 4. がらがら",3,,問題4: （ ）に入れるのに最もよいものを、1・2・3・4から一つ選びなさい。
"この資格を持っていると就 職に（ 　　　）になると聞いた。
 1. 先着 
 2. 優先 
 3. 強力 
 4. 有利",4,,問題4: （ ）に入れるのに最もよいものを、1・2・3・4から一つ選びなさい。
"あの政治家は記者会見に元気な様子で現れて、病気だといううわさを（ 　　　）。
 1. 入れ替えた 
 2. 打ち消した 
 3. 追い返した 
 4. 差し引いた",2,,問題4: （ ）に入れるのに最もよいものを、1・2・3・4から一つ選びなさい。
"買い物に行くのに財布を忘れてしまうとは、山口さんは本当に（ 　　　）人だ
 1. たのもしい 
 2. そうぞうしい 
 3. あつかましい 
 4. そそっかしい",4,,問題4: （ ）に入れるのに最もよいものを、1・2・3・4から一つ選びなさい。
"このスーパーは店の前に車をとめる （ 　　　）がない。
 1. スペース 
 2. フロア 
 3. ステージ 
 4. フロント",1,,問題4: （ ）に入れるのに最もよいものを、1・2・3・4から一つ選びなさい。
"エレベーターに異常がないか、定期的に （ 　　　）している。
 1. 参観 
 2. 検診 
 3. 観測 
 4. 点検",4,,問題4: （ ）に入れるのに最もよいものを、1・2・3・4から一つ選びなさい。
"カメラを向けると、子どもたちは （ 　　　）笑った。
 1. さっぱり 
 2. にっこり 
 3. ぴかぴか 
 4. ほかほか",2,,問題4: （ ）に入れるのに最もよいものを、1・2・3・4から一つ選びなさい。
"今日の海は波が高く、船が揺れたせいで、気分が悪くなる人が （ 　　　）した。
 1. 続行 
 2. 続出 
 3. 持続 
 4. 継続",2,,問題4: （ ）に入れるのに最もよいものを、1・2・3・4から一つ選びなさい。
"料理中にくしゃみをしたら、小麦粉が （ 　　　）しまった。
 1. 飛び立って 
 2. 飛び上がって 
 3. 飛び散って 
 4. 飛び降りて",3,,問題4: （ ）に入れるのに最もよいものを、1・2・3・4から一つ選びなさい。
"私は大学を卒業したら、 （ 　　　）に戻って実家の近くで就職したいと思う。
 1. 地元 
 2. 根元 
 3. 土台 
 4. 立場",1,,問題4: （ ）に入れるのに最もよいものを、1・2・3・4から一つ選びなさい。
"中野さんは味に （ 　　　）で、調味料が少し変わっただけで違いがわかるらしい。
 1. 急激 
 2. 機敏 
 3. 過激 
 4. 敏感",4,,問題4: （ ）に入れるのに最もよいものを、1・2・3・4から一つ選びなさい。
"職場環境の問題については、会社と( )の結果、改善してもらえることになった。
 1. 交渉 
 2. 授受 
 3. 通話 
 4. 出願",1,,問題4:( )に入れるのに最もよいものを、1・2・3・4から一つ選びなさい。
"この企画を成功させるには、いくつもの課題を( ) しなければならない。
 1. キャンセル 
 2. クリア 
 3. カット 
 4. ブラッシュ",2,,問題4:( )に入れるのに最もよいものを、1・2・3・4から一つ選びなさい。
"このカメラは小型だが、通常のモデルに比べて性能が( ) いるわけではない。
 1. 縮んで 
 2. 荒れて 
 3. 沈んで 
 4. 劣って",4,,問題4:( )に入れるのに最もよいものを、1・2・3・4から一つ選びなさい。
"父は手術後、医者も驚くほど ( ) 回復した。
 1. 劇的に 
 2. 格別に 
 3. 真剣に 
 4. 強大に",1,,問題4:( )に入れるのに最もよいものを、1・2・3・4から一つ選びなさい。
"このシステムを利用するには、インターネットに( ) しているパソコンが必要です。
 1. 到達 
 2. 付属 
 3. 接続 
 4. 密着",3,,問題4:( )に入れるのに最もよいものを、1・2・3・4から一つ選びなさい。
"アルバイトの募集は3月末で ( )ので、もう応募はできません。
 1. 取り払った 
 2. 打ち消した 
 3. 締め切った 
 4. 引き離した",3,,問題4:( )に入れるのに最もよいものを、1・2・3・4から一つ選びなさい。
"ガイドの後ろをツアー客たちが、( ) ついて歩いている。
 1. ごくごく 
 2. ぞろぞろ 
 3. ぎしぎし 
 4. じめじめ",2,,問題4:( )に入れるのに最もよいものを、1・2・3・4から一つ選びなさい。
"その話が本当かどうか分からないのに、確認もしないで(  )信じてしまった。
 1. 率直に 
 2. 安易に 
 3. 柔軟に 
 4. 短気",2,,問題4（ ）に入れるのに最もよいものを、1 · 2 · 3 · 4から一つ選びなさい。
"今年は天候に恵まれたので、昨年を上回る量の農作物が( )できるだろう。
 1. 収穫 
 2. 成立 
 3. 採集 
 4. 取得",1,,問題4（ ）に入れるのに最もよいものを、1 · 2 · 3 · 4から一つ選びなさい。
"先週は忙しかったので、週末は家で本を読んで( ) 過ごした。
 1. だぶだぶ 
 2. がらがら 
 3. ぐっすり 
 4. のんびり",4,,問題4（ ）に入れるのに最もよいものを、1 · 2 · 3 · 4から一つ選びなさい。
"このサービスの利用者はまだ少なく、一般の人々に(  )するには時間がかかるだろう。
 1. 普及 
 2. 充満 
 3. 伝染 
 4. 進行",1,,問題4（ ）に入れるのに最もよいものを、1 · 2 · 3 · 4から一つ選びなさい。
"話したいことがあったので、帰ろうとした友人を( )。
 1. 取り付けた 
 2. 引き止めた 
 3. 持ち寄った 
 4. 受け入れた",2,,問題4（ ）に入れるのに最もよいものを、1 · 2 · 3 · 4から一つ選びなさい。
"林さんは企画チームの( )として、部下をまとめ、導いていく責任がある。
 1. ライバル 
 2. ゲスト 
 3. リーダー 
 4. ファン",3,,問題4（ ）に入れるのに最もよいものを、1 · 2 · 3 · 4から一つ選びなさい。
"外国語が得意な森さんは、海外旅行の時に通訳をして皆を助けてくれて、とても( )。
 1. したしかった 
 2. なつかしかった 
 3. くわしかった 
 4. たのもしかった",4,,問題4（ ）に入れるのに最もよいものを、1 · 2 · 3 · 4から一つ選びなさい。
"オリンピックの開会式の様子が、会場から世界中に( )された。
 1. 普及 
 2. 接続 
 3. 分配 
 4. 中継",4,,問題4( )に入れるのに最もよいものを、1・ 2・ 3・ 4から一つ選びなさい。
"彼は最近かなりの収入があったらしく、( )生活をするようになった。
 1. ぜいたく 
 2. 豊富な 
 3. わずかな 
 4. 質素な",1,,問題4( )に入れるのに最もよいものを、1・ 2・ 3・ 4から一つ選びなさい。
"絵のことはよく知らないので、この作品にどのくらいの価値があるのか( )がつ かない。
 1. 発想 
 2. 仮定 
 3. 見当 
 4. 目印",3,,問題4( )に入れるのに最もよいものを、1・ 2・ 3・ 4から一つ選びなさい。
"不要な物を捨てて、散らかった部屋を整理したら、気分が( )した。
 1. ぎっしり 
 2. すっきり 
 3. ぶらぶら 
 4. きらきら",2,,問題4( )に入れるのに最もよいものを、1・ 2・ 3・ 4から一つ選びなさい。
"気温の上昇に( )して、エアコンの売上も伸びているらしい。
 1. 比例 
 2. 対応 
 3. 比較 
 4. 応答",1,,問題4( )に入れるのに最もよいものを、1・ 2・ 3・ 4から一つ選びなさい。
"地図を見ながら歩いていたら、小さな石に( )、転んでしまった。
 1. つっこんで 
 2. つまずいて 
 3. くっついて 
 4. かたむいて",2,,問題4( )に入れるのに最もよいものを、1・ 2・ 3・ 4から一つ選びなさい。
"その会にはぜひ出席したいのですが、( )ほかに予定が入ってるんです。
 1. せっかく 
 2. うっかり 
 3. あいにく 
 4. わざわざ",3,,問題4( )に入れるのに最もよいものを、1・ 2・ 3・ 4から一つ選びなさい。
"誰にも言えずにずっと悩んでいたが、昨日親友に(  ) 相談してみた。
 1. 思いきって 
 2. うっかり 
 3. せっかく 
 4. 知らず知らず",1,,問題4( )に入れるのに最もよいものを1・2・3・4から一つ選びなさい。
"原稿に漢字の誤りがあったので、赤のペンで(  ) した。
 1. 交換 
 2. 改訂 
 3. 変換 
 4. 訂正",4,,問題4( )に入れるのに最もよいものを1・2・3・4から一つ選びなさい。
"選手たちは、次の大会での優勝を(  ) 、毎日遅くまで練習している。
 1. とらえて 
 2. めざして 
 3. みはって 
 4. にぎって",2,,問題4( )に入れるのに最もよいものを1・2・3・4から一つ選びなさい。
"この小説はとてもおもしろかったので、最後まで(  ) 読んでしまった。
 1. 一気に 
 2. 一時的に 
 3. 一斉に 
 4. 一方的に",1,,問題4( )に入れるのに最もよいものを1・2・3・4から一つ選びなさい。
"希望の職に就きたいのなら、情報を集めて、必要な知識を(  ) おくことが大切だ。
 1. 蓄えて 
 2. 招いて 
 3. 抱えて 
 4. 結んで",1,,問題4( )に入れるのに最もよいものを1・2・3・4から一つ選びなさい。
"今週は仕事が忙しかったので、週末は家で好きな音楽でも聞いて(  ) したい。
 1. ダウン 
 2. キャンセル 
 3. クリア 
 4. リラックス",4,,問題4( )に入れるのに最もよいものを1・2・3・4から一つ選びなさい。
"昨日徹夜したせいで、今日は眠くて、本を読みながらつい(  ) してしまった。
 1. ぎっしり 
 2. いきいき 
 3. うとうと 
 4. さっぱり",3,,問題4( )に入れるのに最もよいものを1・2・3・4から一つ選びなさい。
"__衝突しそう__になってしまった。
 1. ぶつかりそう 
 2. 落ちそう 
 3. 壊しそう 
 4. 破りそう",1,,問題 5 : の言葉に意味が最も近いものを、1・2・3・4から一つ選びな さい。
"彼には__再三__お願いしているです。
 1. たまに 
 2. 何度か 
 3. 何度も 
 4. いつも",3,,問題 5 : の言葉に意味が最も近いものを、1・2・3・4から一つ選びな さい。
"彼が言っていることは__でたらめ__だ。
 1. 無理 
 2. わがまま 
 3. うそ 
 4. 自慢",3,,問題 5 : の言葉に意味が最も近いものを、1・2・3・4から一つ選びな さい。
"すみません、お__勘定__をお願いします。
 1. 注文 
 2. 会計 
 3. 予約 
 4. 配送",2,,問題 5 : の言葉に意味が最も近いものを、1・2・3・4から一つ選びな さい。
"今日は、犬がいつもより__騒がしい__。
 1. 悲しい 
 2. 静かに 
 3. 楽しい 
 4. うるさい",4,,問題 5 : の言葉に意味が最も近いものを、1・2・3・4から一つ選びな さい。
"この建物を壊すのは__惜しい__。
 1. 危ない 
 2. もったいない 
 3. めんどうくさい 
 4. 難しい",2,,問題 5 \_ の言葉に意味が最も近いものを、 い2・3・4から一つ選びなさい
"きちんと__テンポ__を合わせてください。
 1. 長さ 
 2. 高さ 
 3. 大きさ 
 4. 速さ",4,,問題 5 \_ の言葉に意味が最も近いものを、 い2・3・4から一つ選びなさい
"そのニュースは__たちまち__広まった。
 1. すぐに 
 2. 次第に 
 3. 確かに 
 4. 意外に",1,,問題 5 \_ の言葉に意味が最も近いものを、 い2・3・4から一つ選びなさい
"研究の__概要__を述べる。
 1. 詳しい内容 
 2. 大体の内容 
 3. 主な目的 
 4. 最終的な目的",2,,問題 5 \_ の言葉に意味が最も近いものを、 い2・3・4から一つ選びなさい
"あのときは__油断していた__。
 1. 慌てていた 
 2. 何も覚えていなかった 
 3. 気を付けていなかった 
 4. 迷っていた",3,,問題 5 \_ の言葉に意味が最も近いものを、 い2・3・4から一つ選びなさい
"あの選手には__テクニック__がある。
 1. 自信 
 2. 技術 
 3. 経験 
 4. 体力",2,,問題 5 \_ の言葉に意味が最も近いものを、 い2・3・4から一つ選びなさい
"ここには大量の__書籍__が収められている。
 1. 新聞 
 2. 絵 
 3. 本 
 4. 手紙",3,,問題 5 \_ の言葉に意味が最も近いものを、 い2・3・4から一つ選びなさい
"今年になって国の方針が__一転した__。
 1. すっかり変わった 
 2. 少し変わった 
 3. やっと決まった 
 4. すぐに決まった",1,,問題 5 \_ の言葉に意味が最も近いものを、 い2・3・4から一つ選びなさい
"この道具は先が__とがって__いる。
 1. 柔らかくなって 
 2. 細くなって 
 3. 硬くなって 
 4. 太くなって",2,,問題 5 \_ の言葉に意味が最も近いものを、 い2・3・4から一つ選びなさい
"彼がしていることは__くだらない__。
 1. 効果がない 
 2. 目的がない 
 3. 変化がない 
 4. 価値がない",4,,問題 5 \_ の言葉に意味が最も近いものを、 い2・3・4から一つ選びなさい
"これについては、__各自__が責任を持つことにします。
 1. 私 
 2. 代表者 
 3. 一人一人 
 4. あなた",3,,問題 5\_\_\_ の言葉に意味が最も近いものを、 い2・3・4から一つ選びなさい
"明日はレポートを__仕上げる__つもりです。
 1. 書く 
 2. 完成させる 
 3. 出す 
 4. 整理する",2,,問題 5\_\_\_ の言葉に意味が最も近いものを、 い2・3・4から一つ選びなさい
"それは__深刻な__問題だ。
 1. 単純な 
 2. 身近な 
 3. 微妙な 
 4. 重大な",4,,問題 5\_\_\_ の言葉に意味が最も近いものを、 い2・3・4から一つ選びなさい
"今日は__同僚__と食事に行く予定です。
 1. 同じ会社の人 
 2. 同じアパートの人 
 3. 同じ出身地の人 
 4. 同じクラスの人",1,,問題 5\_\_\_ の言葉に意味が最も近いものを、 い2・3・4から一つ選びなさい
"前田さんはさっきから__うつむいて__いる。
 1. 上を向いて 
 2. 横を向いて 
 3. 下を向いて 
 4. 後ろを向いて",3,,問題 5\_\_\_ の言葉に意味が最も近いものを、 い2・3・4から一つ選びなさい
"できるだけ早く仕事を__済ます__ようにします。
 1. 覚える 
 2. 終える 
 3. 始める 
 4. 教える",2,,問題5 ＿＿の言葉に意味が最も近いものを、1・2・3・4から一つ選びなさい。
"昨日のあの人の態度は__あいまいだった__。
 1. ていねいだった 
 2. はっきりしなかった 
 3. りっぱだった 
 4. なさけなかった",2,,問題5 ＿＿の言葉に意味が最も近いものを、1・2・3・4から一つ選びなさい。
"昨日、学校で__思いがけない__出来事があった。
 1. おもしろい 
 2. 悲しい 
 3. 意外な 
 4. ふしぎな",3,,問題5 ＿＿の言葉に意味が最も近いものを、1・2・3・4から一つ選びなさい。
"彼は大学を卒業した後、__みずから__会社を立ち上げる。
 1. 自分で 
 2. すぐに 
 3. 仲間と 
 4. しばらくして",1,,問題5 ＿＿の言葉に意味が最も近いものを、1・2・3・4から一つ選びなさい。
"もう全員__そろいました__か。
 1. 集まりました 
 2. 訪ねました 
 3. 出発しました 
 4. 案内しました",1,,問題5 ＿＿の言葉に意味が最も近いものを、1・2・3・4から一つ選びなさい。
"ちょっと__追加したい__データがあります。
 1. たしたい 
 2. なおしたい 
 3. のせたい 
 4. しらべたい",1,,問題5 \_\_\_\_\_の言葉に意味が最も近いものを、1、2、3、4から一つ選びなさい。
"その国も今の時期は__そうとう__暑いだろう。
 1. たぶん 
 2. どうせ 
 3. やはり 
 4. かなり",4,,問題5 \_\_\_\_\_の言葉に意味が最も近いものを、1、2、3、4から一つ選びなさい。
"少しの間、__じっとしていて__ください。
 1. 見ないで 
 2. 話さないで 
 3. 使わないで 
 4. 動かないで",4,,問題5 \_\_\_\_\_の言葉に意味が最も近いものを、1、2、3、4から一つ選びなさい。
"__あやまった__情報が流れてしまったようだ。
 1. 古い 
 2. 正しくない 
 3. 秘密の 
 4. 必要のない",2,,問題5 \_\_\_\_\_の言葉に意味が最も近いものを、1、2、3、4から一つ選びなさい。
"ちょっと手が__かさかさしている__。
 1. 汚れている 
 2. 冷えている 
 3. しびれている 
 4. 乾燥している",4,,問題5 \_\_\_\_\_の言葉に意味が最も近いものを、1、2、3、4から一つ選びなさい。
"23 この__ブーム__は長くは続かないだろう。
 1. 効果 
 2. 状態 
 3. 流行 
 4. 緊張",3,,問題5 \_\_\_\_の言葉に意味が最も近いものを、1・2・3・4から一つ選びなさい。
"24 この作業は__慎重__にやってください。
 1. 急いで 
 2. 絶対忘れずに 
 3. 静かに 
 4. 十分注意して",4,,問題5 \_\_\_\_の言葉に意味が最も近いものを、1・2・3・4から一つ選びなさい。
"25 シャツが__ちぢんで__しまった。
 1. 小さくなって 
 2. 古くなって 
 3. 汚れて 
 4. 破れて",1,,問題5 \_\_\_\_の言葉に意味が最も近いものを、1・2・3・4から一つ選びなさい。
"26 宿題のレポートは__ほぼ__終わった。
 1. すべて 
 2. すぐに 
 3. だいたい 
 4. やっと",3,,問題5 \_\_\_\_の言葉に意味が最も近いものを、1・2・3・4から一つ選びなさい。
"27 来週は天気が__回復__するそうだ。
 1. あまり変わらない 
 2. 変わりやすい 
 3. よくなる 
 4. 悪くなる",3,,問題5 \_\_\_\_の言葉に意味が最も近いものを、1・2・3・4から一つ選びなさい。
"最近は生産が__過剰である__ことが問題になっている。
 1. 早すぎる 
 2. 少なすぎる 
 3. 遅すぎる 
 4. 多すぎる",4,,問題5 \_\_\_\_の言葉に意味が最も近いものを、1・2・3・4から一つ選びなさい。
"もし資料に__あやまりが__あったら知らせてください。
 1. 読みにくいところ 
 2. 汚れているところ 
 3. わかりにくいところ 
 4. 間違っているところ",4,,問題5 \_\_\_\_の言葉に意味が最も近いものを、1・2・3・4から一つ選びなさい。
"うちの子は__臆病だ__。
 1. よく病気をする 
 2. 何でも怖がる 
 3. 何でも忘れる 
 4. よく泣く",2,,問題5 \_\_\_\_の言葉に意味が最も近いものを、1・2・3・4から一つ選びなさい。
"高橋さんなら__とっくに__帰りましたよ。
 1. ずっと前に 
 2. 一人で 
 3. あわてて 
 4. 何も持たずに",1,,問題5 \_\_\_\_の言葉に意味が最も近いものを、1・2・3・4から一つ選びなさい。
"あの自転車は弟に__ゆずりました__。
 1. 貸しました。 
 2. もらいました 
 3. あげました 
 4. 借りました",3,,問題5 \_\_\_\_の言葉に意味が最も近いものを、1・2・3・4から一つ選びなさい。
"23 明日は今日より__やや__涼しくなると思います。
 1. 絶対 
 2. もっと 
 3. たぶん 
 4. 少し",4,,問題5 \_\_\_の 言葉に意味が最も近いものを、1・2・3・4から一つ選びなさい。
"24 私はこれくらいの__テンポ__の曲が歌いやすいと思う。
 1. 速さ 
 2. 長さ 
 3. 高さ 
 4. 明るさ",1,,問題5 \_\_\_の 言葉に意味が最も近いものを、1・2・3・4から一つ選びなさい。
"昨日、__妙な__話を聞いた。
 1. うれしい 
 2. 変な 
 3. なつかしい 
 4. 嫌な",2,,問題5 \_\_\_の 言葉に意味が最も近いものを、1・2・3・4から一つ選びなさい。
"高橋さんは、__ささやくように__話した。
 1. 急いで 
 2. ゆっくり 
 3. 大声で 
 4. 小声で",4,,問題5 \_\_\_の 言葉に意味が最も近いものを、1・2・3・4から一つ選びなさい。
"鈴木氏は、__かつて__フランスに住んでいた。
 1. 確か 
 2. 主に 
 3. 以前 
 4. しばらく",3,,問題5 \_\_\_の 言葉に意味が最も近いものを、1・2・3・4から一つ選びなさい。
"佐藤氏は、__たびたび__この店を訪れた。
 1. 必ず 
 2. ようやく 
 3. 偶然 
 4. 何度も",4,,問題5 \_\_\_の言葉に意味が最も近いものを1・2・3・4から一つ選びなさい。
"今日の林氏の発言に皆が__注目__した。
 1. 関心を持った 
 2. 疑問を持った 
 3. 感動した 
 4. 驚いた",1,,問題5 \_\_\_の言葉に意味が最も近いものを1・2・3・4から一つ選びなさい。
"このことは本人に__じかに__伝えてください。
 1. 直接 
 2. あとで 
 3. すべて 
 4. 確実に",1,,問題5 \_\_\_の言葉に意味が最も近いものを1・2・3・4から一つ選びなさい。
"もう少しで__衝突__するところだった。
 1. 倒れる 
 2. 壊れる 
 3. ぶつかる 
 4. 破れる",3,,問題5 \_\_\_の言葉に意味が最も近いものを1・2・3・4から一つ選びなさい。
"高橋さんは、そんな__ひきょう__なやり方はしませんよ。
 1. 危ない 
 2. ずるい 
 3. 厳しい 
 4. しつこい",2,,問題5 \_\_\_の言葉に意味が最も近いものを1・2・3・4から一つ選びなさい。
"この二つのレポートはテーマが__ことなります__。
 1. 単純です 
 2. 似ています 
 3. 複雑です 
 4. 違います",4,,問題5 \_\_\_の言葉に意味が最も近いものを1・2・3・4から一つ選びなさい。
"二人は__たまたま__会ったらしい。
 1. すぐに 
 2. 偶然 
 3. 何度も 
 4. さっき",2,,問題5 \_\_\_の言葉に意味が最も近いものを1・2・3・4から一つ選びなさい。
"その発言がうそだという__あきらかな__証拠があります。
 1. さまざまな 
 2. 別の 
 3. 新しい 
 4. はっきりした",4,,問題5 \_\_\_の言葉に意味が最も近いものを1・2・3・4から一つ選びなさい。
"できるだけ__用心__したほうがいいですよ。
 1. 注意 
 2. 努力 
 3. 我慢 
 4. 遠慮",1,,問題5 \_\_\_の言葉に意味が最も近いものを1・2・3・4から一つ選びなさい。
"会場が急に__そうぞう__しくなった。
 1. 暗く 
 2. 静かに 
 3. うるさく 
 4. 寒く",3,,問題5 \_\_\_の言葉に意味が最も近いものを1・2・3・4から一つ選びなさい。
"この辺りも__物騒になってきた__気がする。
 1. きれいじゃなくなってきた 
 2. うるさくなってきた 
 3. 安全じゃなくなったてきた 
 4. さびしくなってきた",3,,問題5 \_\_の言葉に意味が最も近いものを、1、2、3、4から一つ選びなさい。
"その話を聞いて__落ち込んだ__。
 1. 緊張した 
 2. びっくりした 
 3. がっかりした 
 4. 心配した",3,,問題5 \_\_の言葉に意味が最も近いものを、1、2、3、4から一つ選びなさい。
"__精いっぱい__やったのに、あまり評価されなかった。
 1. せっかく 
 2. 一生懸命 
 3. いろいろ 
 4. 何回も",2,,問題5 \_\_の言葉に意味が最も近いものを、1、2、3、4から一つ選びなさい。
"その話を聞いて、みんな__同情した__。
 1. しかたないと思った 
 2. うらやましいと思った 
 3. なつかしいと思った 
 4. かわいそうだと思った",4,,問題5 \_\_の言葉に意味が最も近いものを、1、2、3、4から一つ選びなさい。
"条件を__定める__必要がある。
 1. 決める 
 2. 伝える 
 3. 調べる 
 4. 合わせる",1,,問題5 \_\_の言葉に意味が最も近いものを、1、2、3、4から一つ選びなさい。
"森さんはこの辺りに店を__所有__しているらしい。
 1. 探して 
 2. 借りて 
 3. 持って 
 4. 建てて",3,,問題５ の言葉に意味が最も近いものを、１・２・３・４から一つ選びなさい。
"佐藤さんは__おそらく__来ないと思う。
 1. たぶん 
 2. 当然 
 3. やはり 
 4. 絶対",1,,問題５ の言葉に意味が最も近いものを、１・２・３・４から一つ選びなさい。
"まだ__収納して__いない物がたくさんある。
 1. 集めて 
 2. 預けて 
 3. 返して 
 4. しまって",4,,問題５ の言葉に意味が最も近いものを、１・２・３・４から一つ選びなさい。
"妹は母に似て__小柄__だ。
 1. 声が小さい 
 2. 力が弱い 
 3. 体が小さい 
 4. 心が弱し",3,,問題５ の言葉に意味が最も近いものを、１・２・３・４から一つ選びなさい。
"鈴木さんは__無口__だ。
 1. あまり笑わない 
 2. あまり話さない 
 3. あまり怒らない 
 4. あまり食べない",2,,問題５ の言葉に意味が最も近いものを、１・２・３・４から一つ選びなさい。
"あの人の冷たい態度には__失望した__。
 1. がっかりした 
 2. かっとした 
 3. びっくりした 
 4. ぞっとした",1,,問題５ の言葉に意味が最も近いものを、1・2・3・4から一つ選びなさい。
"すぐに仕事に__とりかかります__。
 1. 仕事を探します 
 2. 仕事を始めます 
 3. 仕事を教えます 
 4. 仕事を頼みます",2,,問題５ の言葉に意味が最も近いものを、1・2・3・4から一つ選びなさい。
"手書きの文字には書いた人の__人柄__が出る。
 1. 格好 
 2. 体調 
 3. 気分 
 4. 性格",4,,問題５ の言葉に意味が最も近いものを、1・2・3・4から一つ選びなさい。
"スピーチは__案の定__うまくできなかった。
 1. あまり 
 2. あいかわらず 
 3. やっぱり 
 4. ぜんぜん",3,,問題５ の言葉に意味が最も近いものを、1・2・3・4から一つ選びなさい。
"ごみを__くるんで__捨てた。
 1. 縛って 
 2. 集めて 
 3. 分けて 
 4. 包んで",4,,問題５ の言葉に意味が最も近いものを、1・2・3・4から一つ選びなさい。
"高橋さんはとても__愉快な__人だ。
 1. 面白い 
 2. おしゃれな 
 3. 親切な 
 4. かわいい",1,,問題５ の言葉に意味が最も近いものを、１・２・３・４から一つ選びなさい。
"それは確かに__やむをえない__ことだと思う。
 1. もったいない 
 2. なさけない 
 3. つまらない 
 4. しかたない",4,,問題５ の言葉に意味が最も近いものを、１・２・３・４から一つ選びなさい。
"少し__息抜きした__ほうがいいよ。
 1. 待った 
 2. 急いだ 
 3. 休んだ 
 4. 働いた",3,,問題５ の言葉に意味が最も近いものを、１・２・３・４から一つ選びなさい。
"今日はとても__ついていた__。
 1. 気分が悪かった 
 2. 運が悪かった 
 3. 気分がよかった 
 4. 運がよかった",4,,問題５ の言葉に意味が最も近いものを、１・２・３・４から一つ選びなさい。
"私は__つねに__言葉遣いに気をつけている。
 1. 当然 
 2. いつも 
 3. 特に 
 4. できるだけ",2,,問題５ の言葉に意味が最も近いものを、１・２・３・４から一つ選びなさい。
"私の会社は__最寄り__の駅から歩いて 15 分です。
 1. 一番大きい 
 2. 一番近い 
 3. 終点の 
 4. 始発の",2,,問題5 の言葉に意味が最も近いものを、1·2·3·4から一つ選びなさい
"演奏会で着るドレスは、いつも近所の店で__レンタルして__います。
 1. 作って 
 2. 買って 
 3. 直して 
 4. 借りて",4,,問題5 の言葉に意味が最も近いものを、1·2·3·4から一つ選びなさい
"村上んはほかの人に__指図__されるのが嫌いだそうだ。
 1. 命令 
 2. 反対 
 3. 注意 
 4. 自慢",1,,問題5 の言葉に意味が最も近いものを、1·2·3·4から一つ選びなさい
"この時期に旅行するなら、かさは__欠かせない__。
 1. ないといい 
 2. あるとじゃまだ 
 3. ないと困る 
 4. あると便利だ",3,,問題5 の言葉に意味が最も近いものを、1·2·3·4から一つ選びなさい
"雨は__依然__強かった。
 1. 確かに 
 2. まだ 
 3. 意外に 
 4. とても",2,,問題5 の言葉に意味が最も近いものを、1·2·3·4から一つ選びなさい
"多くの人が、あの選手のことを今も__記憶__している。
 1. 心配して 
 2. 語って 
 3. 覚えて 
 4. 応援して",3,,問題5: ＿＿＿の言葉に意味が最も近いものを、1・2・3・4から一つ選びなさい。
"村さんは__不平__ばかり言っている。
 1. 文句 
 2. 冗談 
 3. うそ 
 4. 自慢",1,,問題5: ＿＿＿の言葉に意味が最も近いものを、1・2・3・4から一つ選びなさい。
"あんなことを言われたら、誰だって__むかつく__よ。
 1. 怒る 
 2. 驚く 
 3. 困る 
 4. 怖がる",1,,問題5: ＿＿＿の言葉に意味が最も近いものを、1・2・3・4から一つ選びなさい。
"高橋さんがあんなに__勝手な__人だとは思わなかった。
 1. いじわるな 
 2. わがままな 
 3. なさけない 
 4. だらしない",2,,問題5: ＿＿＿の言葉に意味が最も近いものを、1・2・3・4から一つ選びなさい。
"今回の件は、__まれな__例です。
 1. 複雑な 
 2. よくある 
 3. ほとんどない 
 4. 単純な",3,,問題5: ＿＿＿の言葉に意味が最も近いものを、1・2・3・4から一つ選びなさい。
"この機械を扱うには、特別な __テクニック__が必要だ。
 1. 技術 
 2. 知識 
 3. 工夫 
 4. 訓練",1,,問題5: ＿＿＿の言葉に意味が最も近いものを、1・2・3・4から一つ選びなさい。
"青木さんはしばらく黙って__うつむいて__いた。
 1. 遠くを見て 
 2. 目を閉て 
 3. 下を向いて 
 4. 腕を組んで",3,,問題5: ＿＿＿の言葉に意味が最も近いものを、1・2・3・4から一つ選びなさい。
"この犬は、本当に __利口__な犬ですね。
 1. かわいい 
 2. 頭がいい 
 3. 元気な 
 4. かっこいい",2,,問題5: ＿＿＿の言葉に意味が最も近いものを、1・2・3・4から一つ選びなさい。
"もう少し__用心__したほうがいいんじゃないですか。
 1. 落ち着いた 
 2. がんばった 
 3. よく考えた 
 4. 気をつけた",4,,問題5: ＿＿＿の言葉に意味が最も近いものを、1・2・3・4から一つ選びなさい。
"説明が__くどくて__すみません。
 1. つまらなくて 
 2. 下手で 
 3. 複雑で 
 4. しつこくて",4,,問題5: ＿＿＿の言葉に意味が最も近いものを、1・2・3・4から一つ選びなさい。
"あまり__勝手な__ことは言わないでくだいさい。
 1. わがままな 
 2. うるさい 
 3. 消極的な 
 4. 情けない",1,,問題５\_\_\_ の言葉に意味が最も近いものを、１・２・３・４から一つ選びなさい。
"あの人は__たびたび__夜遅くに電話をかけてくる。
 1. たまに 
 2. 何度も 
 3. たいてい 
 4. 突然",2,,問題５\_\_\_ の言葉に意味が最も近いものを、１・２・３・４から一つ選びなさい。
"この靴は__ぶかぶか__だ。
 1. とても重い 
 2. とても小さい 
 3. とても軽い 
 4. とても大きい",4,,問題５\_\_\_ の言葉に意味が最も近いものを、１・２・３・４から一つ選びなさい。
"同じ分野の専門家でも、立場によって__見解__が異なる。
 1. 教え方 
 2. 調べ方 
 3. 考え方 
 4. 決め方",3,,問題５\_\_\_ の言葉に意味が最も近いものを、１・２・３・４から一つ選びなさい。
"先週、車を__レンタルした__。
 1. 修理した 
 2. 借りた 
 3. 検査した 
 4. 買った",2,,問題５\_\_\_ の言葉に意味が最も近いものを、１・２・３・４から一つ選びなさい。
"出張の日程は__おおよそ__決まりました。
 1. だいたい 
 2. すべて 
 3. やっと 
 4. もう",1,,問題5\_\_\_の言葉に意味が最も近いものを、1・2・3・4・から一つ選びなさい。
"彼女はとても__行儀__がいい。
 1. アイデア 
 2. サービス 
 3. マナー 
 4. イメージ",3,,問題5\_\_\_の言葉に意味が最も近いものを、1・2・3・4・から一つ選びなさい。
"中西さんはいつも__威張って__いる。
 1. 眠そうにして 
 2. 偉そうにして 
 3. 暇そうにして 
 4. 嫌そうにして",2,,問題5\_\_\_の言葉に意味が最も近いものを、1・2・3・4・から一つ選びなさい。
"使わない物は、 ここに__収納して__ください。
 1. 並べて 
 2. 捨てて 
 3. 預けて 
 4. しまって",4,,問題5\_\_\_の言葉に意味が最も近いものを、1・2・3・4・から一つ選びなさい。
"横山さんは__不平__を言うことが多い。
 1. 冗談 
 2. 文句 
 3. うそ 
 4. わがまま",2,,問題5\_\_\_の言葉に意味が最も近いものを、1・2・3・4・から一つ選びなさい。
"昨夜、 家の近くで__妙な__事件が起こった。
 1. 恐ろしい 
 2. 不思議な 
 3. 悲しい 
 4. 重大な",2,,問題5\_\_\_の言葉に意味が最も近いものを、1・2・3・4・から一つ選びなさい。
"鈴木さんは相当迷っているらしい。
 1. いろいろ 
 2. まだ 
 3. やっぱり 
 4. かなり",4,,問題5\_\_\_の言葉に意味が最も近いものを、1・2・3・4・から一つ選びなさい。
"教室が__やかましくて__、勉強に集中できない。
 1. うるさくて 
 2. 汚くて 
 3. 暑くて 
 4. 暗くて",1,,問題5\_\_\_の言葉に意味が最も近いものを、1・2・3・4・から一つ選びなさい。
"中山さんは__帰省して__います。
 1. 出張から戻って 
 2. 部屋に戻って 
 3. ふるさとに戻って 
 4. 休暇から戻って",3,,問題5\_\_\_の言葉に意味が最も近いものを、1・2・3・4・から一つ選びなさい。
"林さんは、__いきなり__振り向いた。
 1. やっと 
 2. 一度 
 3. 突然 
 4. ゆっくり",3,,問題5\_\_\_の言葉に意味が最も近いものを、1・2・3・4・から一つ選びなさい。
"この仕事はとても__ハード__だ。
 1. 楽しい 
 2. 簡単だ 
 3. 大変だ 
 4. 新しい",3,,問題5\_\_\_の言葉に意味が最も近いものを、1・2・3・4・から一つ選びなさい。
"その話を聞いて__動揺__した。
 1. うれしくなった 
 2. 不安になった 
 3. 不満に思った 
 4. 面白いと思った",2,,問題5\_\_\_の言葉に意味が最も近いものを、1・2・3・4・から一つ選びなさい。
"早く__引き返した__ほうがいい。
 1. 払った 
 2. 直した 
 3. 戻った。 
 4. 答えた。",3,,問題5\_\_\_の言葉に意味が最も近いものを、1・2・3・4・から一つ選びなさい。
"機能を__一層__強化したい。
 1. すぐに 
 2. 少し 
 3. できるだけ 
 4. もっと",4,,問題5\_\_\_の言葉に意味が最も近いものを、1・2・3・4・から一つ選びなさい。
"急にひどい頭痛がしてきたので、__かかりつけ__の病院に行った。
 1. いつも行く 
 2. 休日も開いている 
 3. 近くの 
 4. 専門の",1,,問題5\_\_\_の言葉に意味が最も近いものを、1・2・3・4・から一つ選びなさい。
"ボランティアで町の名所を__ガイドして__いる。
 1. 案内して 
 2. 宣伝して 
 3. 調査して 
 4. 記録して",1,,問題5\_\_\_の言葉に意味が最も近いものを、1・2・3・4・から一つ選びなさい。
"山口さんも__真剣に__作っていた。
 1. 上手に 
 2. 自由に 
 3. 積極的に 
 4. まじめに",4,,問題5\_\_\_の言葉に意味が最も近いものを、1・2・3・4・から一つ選びなさい。
"彼女のような歌手は__まれだ__と思う。
 1. あまりいない 
 2. 人気が出ない 
 3. 人気が出る 
 4. たくさんいる",1,,問題5\_\_\_の言葉に意味が最も近いものを、1・2・3・4・から一つ選びなさい。
"この道は __終 日__通行止めです。
 1. 週末 
 2. 夜間 
 3. 一日中 
 4. 今日まで",3,,問題5\_\_\_の言葉に意味が最も近いものを、1・2・3・4・から一つ選びなさい。
"青木さんは髪を__いじって__いた。
 1. 切って 
 2. 触って 
 3. 洗って 
 4. 乾かして",2,,問題5\_\_\_の言葉に意味が最も近いものを、1・2・3・4・から一つ選びなさい。
"佐藤さんが__ガイド__してくれました。
 1. 案内 
 2. 解決 
 3. 応援 
 4. 準備",1,,問題5\_\_\_の言葉に意味が最も近いものを、1・2・3・4・から一つ選びなさい。
"この表現は__修正した__ほうがいいですよ。
 1. 調べた 
 2. 覚えた 
 3. 直した 
 4. 使った",3,,問題5\_\_\_の言葉に意味が最も近いものを、1・2・3・4・から一つ選びなさい。
"__徐々に__会社に慣れてきた。
 1. ずいぶん 
 2. いつのまにか 
 3. やっと 
 4. 次第に",4,,問題5\_\_\_の言葉に意味が最も近いものを、1・2・3・4・から一つ選びなさい。
"青いペンキが__はげて__いる。
 1. 取れて 
 2. ついて 
 3. 乾いて 
 4. こぼれて",1,,問題5\_\_\_の言葉に意味が最も近いものを、1・2・3・4・から一つ選びなさい。
"彼女のあの__しぐさ__は印象的だった。
 1. 考え 
 2. 動作 
 3. 着装 
 4. 言葉",2,,問題5\_\_\_の言葉に意味が最も近いものを、1・2・3・4・から一つ選びなさい。
"__とりあえず__社長に電話で話しておいた。
 1. さっき 
 2. すぐに 
 3. 一応 
 4. 直接",3,,問題5\_\_\_の言葉に意味が最も近いものを、1・2・3・4から一つ選びなさい。
"友人がバイクを安く__ゆずって__くれた。
 1. 売って 
 2. 貸して 
 3. 預かって 
 4. 直して",1,,問題5\_\_\_の言葉に意味が最も近いものを、1・2・3・4から一つ選びなさい。
"__雑談__をしているときにいいアイディアが浮かんだ。
 1. あいさつ 
 2. おしゃべり 
 3. 説明 
 4. 報告",2,,問題5\_\_\_の言葉に意味が最も近いものを、1・2・3・4から一つ選びなさい。
"うちの犬はとても__かしこい__。
 1. 頭がいい 
 2. 足が速い 
 3. めずらしい 
 4. おとなしい",1,,問題5\_\_\_の言葉に意味が最も近いものを、1・2・3・4から一つ選びなさい。
"彼の話はいつも__大げさ__だ。
 1. エネルギーがある 
 2. ユーモアがある 
 3. オープンだ 
 4. オーバーだ",4,,問題5\_\_\_の言葉に意味が最も近いものを、1・2・3・4から一つ選びなさい。
"眞夏の屋外でずっと仕事をしたら、__くたくたになった__
 1. ひどく疲れた 
 2. のどがかわいた 
 3. お腹が空いた 
 4. 汗をかいた",1,,問題5\_\_\_の言葉に意味が最も近いものを、1. 2. 3. 4から一つ選びなさい。
"この1０年で、この鳥の自然環境__わずかに__変化した
 1. 急に 
 2. ゆっくり 
 3. 大きく 
 4. 少し",4,,問題5\_\_\_の言葉に意味が最も近いものを、1. 2. 3. 4から一つ選びなさい。
"田中さんは子供のころから__優秀__だったらしい
 1. あたまがよかった 
 2. 体が丈夫だった 
 3. 話がおもしろかった 
 4. 人気があった",1,,問題5\_\_\_の言葉に意味が最も近いものを、1. 2. 3. 4から一つ選びなさい。
"鈴木さんは恥ずかしそうに__うつむいていた__
 1. 横を向いて 
 2. 下を向いて 
 3. 頭をかいて 
 4. 鼻をかいて",2,,問題5\_\_\_の言葉に意味が最も近いものを、1. 2. 3. 4から一つ選びなさい。
"学生の時代の友人が__いきなり__訪ねてきた
 1. つぎつぎ 
 2. やっと 
 3. とつぜん 
 4. いちどに",3,,問題5\_\_\_の言葉に意味が最も近いものを、1. 2. 3. 4から一つ選びなさい。
"荷物の重さは__およそ__5キロでした。
 1. ぜんぶで 
 2. ぴったり 
 3. だいたい 
 4. それぞれ",3,,問題5\_\_の言葉に意味が最も近いものを、1・ 2・ 3・ 4から一つ選びなさい。
"もう少し具体的な__プラン__を教えてほしい。
 1. 理由 
 2. 情報 
 3. 特徴 
 4. 計画",4,,問題5\_\_の言葉に意味が最も近いものを、1・ 2・ 3・ 4から一つ選びなさい。
"市の経済状況は__依然として__厳しいらしい。
 1. 相変わらず 
 2. 思ったとおり 
 3. 実際には 
 4. これまでより",1,,問題5\_\_の言葉に意味が最も近いものを、1・ 2・ 3・ 4から一つ選びなさい。
"あのときは本当に__必死だった__。
 1. 危なかった 
 2. 一生懸命だった 
 3. 緊張した 
 4. 恐ろしかった",2,,問題5\_\_の言葉に意味が最も近いものを、1・ 2・ 3・ 4から一つ選びなさい。
"__山のふもと__にきれいな湖があります。
 1. 山の向こう 
 2. 山の上のほう 
 3. 山の中間あたり 
 4. 山の下のほう",4,,問題5\_\_の言葉に意味が最も近いものを、1・ 2・ 3・ 4から一つ選びなさい。
"文字のサイズを__そろえてく__ださい。
 1. 大きくして 
 2. 同じにして 
 3. 調べて 
 4. 教えて",2,,問題5\_\_の言葉に意味が最も近いものを、1・2・3・4から一つ選びなさい。
"中野氏は、古い工場が取り壊されて空いた土地を__買いしめた__そうだ。
 1. 無理に買った 
 2. 全部買った 
 3. 安く買った 
 4. さっそく買った",2,,問題5\_\_の言葉に意味が最も近いものを、1・2・3・4から一つ選びなさい。
"出発__間際に__、妹から電話がかかってきた。
 1. 直前 
 2. 直後 
 3. 当日 
 4. 前日",1,,問題5\_\_の言葉に意味が最も近いものを、1・2・3・4から一つ選びなさい。
"薬を飲んだら__たちまち__痛みが治まった。
 1. すっかり 
 2. やっと 
 3. すぐに 
 4. たしかに",3,,問題5\_\_の言葉に意味が最も近いものを、1・2・3・4から一つ選びなさい。
"もう__お勘定は済ましました__。
 1. 料理は注文しました 
 2. 店は予約しました 
 3. 店員は呼びました 
 4. お金は払いました",4,,問題5\_\_の言葉に意味が最も近いものを、1・2・3・4から一つ選びなさい。
"この問題は、__ただちに__部長に報告しなければならない。
 1. あとで 
 2. ずぐに 
 3. くわしく 
 4. きちんと",2,,問題5\_\_の言葉に意味が最も近いものを、1、2、3、4から一つ選びなさい。
"隣の部屋がら__奇妙__な音が聞こえる
 1. 変な 
 2. にぎやかな 
 3. 大きな 
 4. 嫌な",1,,問題5\_\_の言葉に意味が最も近いものを、1、2、3、4から一つ選びなさい。
"明日までに、この資料を__仕上げて__おいてください。
 1. 出して 
 2. 直して 
 3. 完成させて 
 4. 移動させて",3,,問題5\_\_の言葉に意味が最も近いものを、1、2、3、4から一つ選びなさい。
"__日中__はアルバイトに行っています。
 1. 平日 
 2. 体日 
 3. 夜間 
 4. 昼間",4,,問題5\_\_の言葉に意味が最も近いものを、1、2、3、4から一つ選びなさい。
"このタオルとシャツは__しめっている__ね。
 1. まだきれいになっていない 
 2. まだ乾いていない 
 3. もうきれいになっている 
 4. もう乾いている",2,,問題5\_\_の言葉に意味が最も近いものを、1、2、3、4から一つ選びなさい。
"車にボールを__当てて__、しかられた。
 1. ぶつけて 
 2. 隠して 
 3. 落として 
 4. 詰めて",1,,問題5の言葉に意味が最も近いものを、1・2・3・4から一つ選びなさい。
"その作家は__あわれな__人生を送った。
 1. 退屈な 
 2. おかしな 
 3. かわいそうな 
 4. 不安な",3,,問題5の言葉に意味が最も近いものを、1・2・3・4から一つ選びなさい。
"__当分__は使わない予定です。
 1. これから 
 2. 全部 
 3. 今回 
 4. しばらく",4,,問題5の言葉に意味が最も近いものを、1・2・3・4から一つ選びなさい。
"留学の話が__一転__した。
 1. 急に止まった 
 2. すっかり変わった 
 3. 少し進んだ 
 4. とうとう許された",2,,問題5の言葉に意味が最も近いものを、1・2・3・4から一つ選びなさい。
"テストの前日になって__じたばたしても__しかたない。
 1. 慌てても 
 2. 心配しても 
 3. 緊張しても 
 4. 悩んでも",1,,問題5の言葉に意味が最も近いものを、1・2・3・4から一つ選びなさい。
"__温暖__
 1. 佐藤さんはいつも厳しいが、本当はとても__温暖__な性格の人だ。 
 2. 冷めるとおいしくないので、なるべく__温暖__なうちに召し上がってください。 
 3. この地方は__温暖__で暮らしやすく、野菜や果物などの農産物も豊富だ。 
 4. エアコンをつけたら、部屋の中が__温暖__になって眠くなってきた。",3,,問題 6 次の言葉の使い方として最も近いものを、１・２・３・４から一つ選びなさい。
"__振り向く__
 1. だれかに後ろから呼ばれたので__振り向いたら__、課長だった。 
 2. 道を渡るときは、左右を__振り向いて__車が来ないことを確認しよう。 
 3. だれかが空を指さしたので、近くにいた人たちが一斉に上を__振り向いた__。 
 4. 森さんは私を見ると、恥ずかしそうに下を__振り向いた__まま顔を上げなかった。",1,,問題 6 次の言葉の使い方として最も近いものを、１・２・３・４から一つ選びなさい。
"__用途__
 1. 新しい趣味を始めるため、時間の__用途__を工夫することにした。 
 2. 会社での私の__用途__は、新入社員の指導をすることだ。 
 3. 鈴木さんの才能は、多くの__用途__に生かされるだろう。 
 4. 本来の__用途__ではないが、この容器は花瓶にしてもいいと思う。",4,,問題 6 次の言葉の使い方として最も近いものを、１・２・３・４から一つ選びなさい。
"__甘やかす__
 1. 今年のA社の就職試験は、昨年より内容が__甘やかされている__。 
 2. 林さんは、ずっと親に__甘やかされて__育ったせいか、わがままで困る。 
 3. ひどくなったら大変だから、風邪を__甘やかされない__ほうがいいですよ。 
 4. 今日は、いつもより多めに砂糖を入れて、コーヒーを__甘やかした__。",2,,問題 6 次の言葉の使い方として最も近いものを、１・２・３・４から一つ選びなさい。
"__行方__
 1. この写真の二人は事件に関係があるらしいが、まだ__行方__が分からない。 
 2. 慌てていたので、__行方__を確かめずにパスに乗ってしまった。 
 3. 交差点を右に曲がると、__行方__に黒い高層ビルが見えた。 
 4. 日曜日の私の__行方__はいつも決まっていて、近くの喫茶店か図書館だ。",1,,問題 6 次の言葉の使い方として最も近いものを、１・２・３・４から一つ選びなさい。
"__はずす__
 1. 歯医者で虫歯を__はずし__てもらった。 
 2. 腕時計を__はずして__、 机の上に置いた。 
 3. 家に入る前に、 靴の汚れを__はずした__。 
 4. 食事の後、テーブルから皿を__はずした__。",2,,問題 6 次の言葉の使い方として最も近いものを、１・２・３・４から一つ選びなさい。
"__普及__
 1. 携帯電話は急速に__普及__してきている 
 2. 今、若者の間ではこんなうわさが__普及__している。 
 3. この病気は人から人へ__普及__する可能性がある。 
 4. あの大臣の発言は国際問題にまで__普及__した。",1,,問題 6 次の言葉の使い方として最も近いものを、１・２・３・４から一つ選びなさい。
"__注目__
 1. きれいな眺めに__注目__して、時間がたつのを忘れた。 
 2. 寝不足で__注目__が足りないと、 仕事でミスが多くなる。 
 3. 来月の選挙の結果が__注目__されている 
 4. この問題を別の__注目__から見てみよう。",3,,問題 6 次の言葉の使い方として最も近いものを、１・２・３・４から一つ選びなさい。
"__ふさわしい__
 1. 中川さんの指摘は、いつも__ふさわしい__です。 
 2. 彼は責任感が強く、この仕事のリーダーに__ふさわしい__。 
 3. 私に__ふさわしい__サイズの帽子がやっと見つかった。 
 4. 私、 あの人とは性格が__ふさわしい__んです。",2,,問題 6 次の言葉の使い方として最も近いものを、１・２・３・４から一つ選びなさい。
"__保つ__
 1. 山田さんは、いつも約束の時間を__保つ__人です。 
 2. 一人で全部食べないで、私の分も__保って__おいてください。 
 3. あとで捨てるので、ごみはそのまま__保って__おいていいですよ。 
 4. 健康を__保つ__ためには、バランスのいい食事と運動が大切だ。",4,,問題 6 次の言葉の使い方として最も近いものを、１・２・３・４から一つ選びなさい。
"__延長__
 1. 悪天候で列車が運転をやめたため、旅行の出発が三日後に__延長__された。 
 2. 初めの設計では2階建てだったが、3階建ての家に__延長__することにした。 
 3. 予定の時間内に結論が出ず、会議が1時間__延長__されることになった。 
 4. 電車の中で居眠りをして、降りる駅を一駅__延長__してしまった。",3,,問題 6 次の言葉の使い方として最も近いものを、１・２・３・４から一つ選びなさい。
"__さびる__
 1. 暑いところに生ものをずっと置いておいたら、__さびて__臭くなった。 
 2. 昨夜は雨が相当降ったらしく、普段はきれいな川の水が__さびて__濁っている。 
 3. 鉢に植えた植物に水をやるのを忘れていたら、花が__さびて__しまった。 
 4. この鉄の棒はずっと家の外に置いてあったので、__さびて__茶色くなっている。",4,,問題 6 次の言葉の使い方として最も近いものを、１・２・３・４から一つ選びなさい。
"__目上__
 1. 勉強会に参加した社員がすべて__目上__だったので、新人の私はとても緊張した。 
 2. この店で一番値段が高く__目上__の商品は、店の奥にある棚に並べられていた。 
 3. 高校時代、鈴木さんはとても優秀で、成績はいつも学年で__目上__だった。 
 4. あの若さで金賞を受賞した伊藤さんは、本当に__目上__の人だと思う。",1,,問題 6 次の言葉の使い方として最も近いものを、１・２・３・４から一つ選びなさい。
"__大げさ__
 1. 息子の誕生日に料理を作りすぎてしまい、__大げさ__に余ってしまった。 
 2. 天気予報によると、明日は今日より__大げさ__に気温が下がるらしい。 
 3. 努力した結果、試験の成績が__大げさ__に伸びて、先生に褒められた。 
 4. あの人は小さなことを__大げさ__に言うので、そのまま信じないほうがいい。",4,,問題 6 次の言葉の使い方として最も近いものを、１・２・３・４から一つ選びなさい。
"__反省__
 1. 発表の原稿を全部覚えたのに、緊張のせいでどんなに__反省__しても全く思い出せない。 
 2. 今回の企画では、私の準備不足で周りに迷惑をかけたことをとても__反省__しています。 
 3. 祖父はいつも若いころの思い出を懐かしそうに__反省__して私に話してくれる。 
 4. この機械の使い方を忘れないように、もう一度最初から__反省__しておきましょう。",2,,問題 6 次の言葉の使い方として最も近いものを、１・２・３・４から一つ選びなさい。
"廃止
 1. 予想以上のコストがかかることがわかり、新製品の開発が__廃止__した。 
 2. 石川さんは毎日ジョッギングすることを__廃止__したらしい。 
 3. ほかの人に話すことで、不安を__廃止__できることもある。 
 4. あの現行は ATM 手数無料のサービスを__廃止__するそうだ。",4,,問題 6：次の言葉の使い方として最もよいものを 1・2・3・4 から一つ選びなさい。
"初歩
 1. 三年前に英語を__初歩__から始め、今では自由に話せるようになった。 
 2. バスケットボールの試合で、__初歩__から大量の点を取られた。 
 3. 今日は暑さはまだほんの__初歩__で、これからますます暑くなっていくだろう。 
 4. 兄とけんかの__初歩__は、くだらないことだった。",1,,問題 6：次の言葉の使い方として最もよいものを 1・2・3・4 から一つ選びなさい。
"だらしない
 1. きのうから作ったスープは塩が足りなかったのか、とても__だらしない__味だった。 
 2. この公園は管理する人がいないので、あちこち草が__だらしなく__生えている。 
 3. 知識が__だらしなかった__せいで、間違ったこと人に教えてしまった。 
 4. 先月までは、仕事もしないで遊んでばかりの__だらしない__生活をしていた。",4,,問題 6：次の言葉の使い方として最もよいものを 1・2・3・4 から一つ選びなさい。
"即座に
 1. 私が駅に着くと__即座に__友人たちも来た。 
 2. さっきまで晴れていたのに、__即座に__雲が出てきた。 
 3. 先生は学生からの質問に__即座に__答えた。 
 4. 1) 月になってから__即座に__仕事が忙しくなった。",3,,問題 6：次の言葉の使い方として最もよいものを 1・2・3・4 から一つ選びなさい。
"尽きる
 1. あしたで定期券の期限が__尽きる__ので、新しいのを買いに行った。 
 2. 森さんと会うのは久しぶりだったので、いくら話しても話が__尽きなかった__。 
 3. 木村選手は、けがのせいで連続出場の記録が__尽きてしまった__。 
 4. この作家の絵は好きなので、展示会が__尽きない__うちにもう一度見に来たい。",2,,問題 6：次の言葉の使い方として最もよいものを 1・2・3・4 から一つ選びなさい。
"__早期__
 1. 夏休みの__早期__は旅行をして、その後は試験勉強をする予定だ。 
 2. 明日の飛行機は__早期__の便だから、 朝 5 時に家を出なければならない。 
 3. 一人暮らしの__早期__は、料理などの失敗も多くて苦労した。 
 4. 医学の進歩によって、 病気を__早期__の段階で見つけられるようになった。",4,,問題6 次の言葉の使い方として最もよいものを、 1・2・3・4から一つ選びなさい。
"__偉大__
 1. 山川さんのフランス語のスピーチはとても__偉大__だった。 
 2. この国には__偉大__な画家がたくさんいる。 
 3. あの家は、この辺りでいちばん__偉大__な家です。 
 4. あの人は__偉大__な馬を何頭も飼っている。",2,,問題6 次の言葉の使い方として最もよいものを、 1・2・3・4から一つ選びなさい。
"__印__
 1. 復習するときのために、大切な単語に赤のペンで__印__をつけた。 
 2. 係員が旗を上げたのを__印__に、選手たちは一斉に走りだした。 
 3. 角に病院がありますから、それを__印__に私の家まで来てください。 
 4. 運転する人は、交通の__印__の意味を全部知っていなければならない。",1,,問題6 次の言葉の使い方として最もよいものを、 1・2・3・4から一つ選びなさい。
"__続出__
 1. 昨日からの雪で、転んでけがをする人が__続出__している。 
 2. ゆうべはせきが__続出__して、あまりよく眠れなかった。 
 3. 鈴木アナウンサーは、このテレビ番組に5年間__続出__している。 
 4. この映画に関係する本や商品が、来週から__続出__するらしい。",1,,問題6 次の言葉の使い方として最もよいものを、 1・2・3・4から一つ選びなさい。
"__さまたげる__
 1. 掲示板のポスターが取れそうになっていたので、テープで__さまたげた__。 
 2. 原材料が高くなったが、製造方法を変えて、製品の値上げを__さまたげた__。 
 3. 関係のない発言で、会議の進行を__さまたげない__でください。 
 4. 工場内の事故を__さまたげる__ために、作業の前に安全確認を行う。",3,,問題6 次の言葉の使い方として最もよいものを、 1・2・3・4から一つ選びなさい。
"__頑固__
 1. 木村さんはとても__頑固__で、自分の考えを変えない。 
 2. 瓶のふたが__頑固__で、いくら力を入れても開かない。 
 3. 兄は体が__頑固__なので、風邪をほとんどひかない。 
 4. 相手チームの守りがとても__頑固__で、点が取れない。",1,,問題6 次の言葉の使い方として最もよいものを、 1・2・3・4から一つ選びなさい。
"__打ち合わせ__
 1. 本日11時から、 来月の講演会の__打ち合わせ__を行います。 
 2. 高校生のころはよく、 親友と互いの悩みの__打ち合わせ__をしました。 
 3. ホテルに電話をして、眼鏡の忘れ物がないか__打ち合わせ__をしました。 
 4. 実験の後、失敗の原因について__打ち合わせ__を行いました。",1,,問題6 次の言葉の使い方として最もよいものを、 1・2・3・4から一つ選びなさい。
"__中断__
 1. 急に仕事が入ってしまい、レストランの予約を__中断__した。 
 2. 部屋のカーテンを閉めて、太陽の光を__中断__した。 
 3. 雨が強くなってきたので、やむまで試合を__中断__した。 
 4. 今日は用事があるため、友人からの誘いを__中断__した。",3,,問題6 次の言葉の使い方として最もよいものを、 1・2・3・4から一つ選びなさい。
"__ベテラン__
 1. あの__ベテラン__の電車は、今まで多くのお客さんを乗せてきた。 
 2. 大野先生は、この学校で昔から教えている__ベテラン__の先生だ。 
 3. この__ベテラン__の時計は、もう生産していないので貴重だ。 
 4. ここは、私が生まれる前からある__ベテラン__のレストランだ。",2,,問題6 次の言葉の使い方として最もよいものを、 1・2・3・4から一つ選びなさい。
"__荒れる__
 1. この靴は10年履き続けているから、かなり__荒れている__。 
 2. 入院で仕事を休んでいたので、営業成績は__荒れてしまった__。 
 3. 冷蔵庫に入れておいたのに、りんごが__荒れてしまった__。 
 4. 今日は海が__荒れていて__、船で釣りに行くことはできない。",4,,問題6 次の言葉の使い方として最もよいものを、 1・2・3・4から一つ選びなさい。
"__廃止__
 1. 両親は 20年以上続けてきた店を__廃止__することにした。 
 2. 点検のため、午前中はエレベーターの使用を__廃止__します。 
 3. 雨が降ってきたので、今日のイベントは__廃止__します。 
 4. 時代に合わない古い制度は__廃止__したほうがいい。",4,,問題6 次の言葉の使い方として最もよいものを、 1・2・3・4から一つ選びなさい。
"__腫れる__
 1. 森さんのポケットは、物が多くて__腫れて__いる。 
 2. 今日はたくさん食べたので、おなかが__腫れて__いる。 
 3. サッカーの試合でけがをして、足が__腫れて__しまった。 
 4. オーブンでクッキを焼いたら、だんだん__腫れて__きた。",3,,問題6 次の言葉の使い方として最もよいものを、 1・2・3・4から一つ選びなさい。
"__上達__
 1. 毎日練習しているので、ピアノがかなり__上達__した。 
 2. いい病院で治療してもらえたようで、祖父の体調は__上達__した。 
 3. 同じ作家が好きなことが分かって、大野さんとの仲が__上達__した。 
 4. 小川さんが詳しく説明してくれたので、理解が__上達__した。",1,,問題6 次の言葉の使い方として最もよいものを、 1・2・3・4から一つ選びなさい。
"__暮れ__
 1. この物語の__暮れ__は、意外な内容だった。 
 2. 旅行の__暮れ__に、みんなで記念に写真を撮った。 
 3. 授業の__暮れ__に、先生が今日の宿題を出した。 
 4. 今年の__暮れ__は、実家で両親と過ごしたい。",4,,問題6 次の言葉の使い方として最もよいものを、 1・2・3・4から一つ選びなさい。
"__残高__
 1. 私たちが会議室を利用できる__残高__は、あと10分です。 
 2. 私の銀行口座の__残高__は1000円しかありません。 
 3. この町の__残高__は、ついに1万人を下回りました。 
 4. 山の頂上までの__残高__は、100メートルくらいです。",2,,問題6 次の言葉の使い方として最もよいものを、 1・2・3・4から一つ選びなさい。
"__取材__
 1. 学期末試験の範囲を友達に__取材__しました。 
 2. デパートに買い物に行く前に、営業時間を__取材__しておこう。 
 3. インターネットは、簡単に地図を__取材__できるので便利です。 
 4. あの選手の練習の様子を__取材__したときは、とても緊張しました。",4,,問題6 次の言葉の使い方として最もよいものを、1・2・3・4から一つ選びなさい。
"__きっかけ__
 1. 季節の__きっかけ__は風邪をひきやすい。 
 2. 友人に写真をほめられたのが__きっかけ__で、本格的に勉強を始めた。 
 3. その意見に反対する__きっかけ__は、主観的すぎるからだ。 
 4. 今回は時間がないので、次の__きっかけ__に訪れようと思う。",2,,問題6 次の言葉の使い方として最もよいものを、1・2・3・4から一つ選びなさい。
"__深刻__
 1. 彼は動物に対して__深刻__な愛情を持っている。 
 2. 家族との時間を__深刻__に過ごしている。 
 3. 彼は__深刻__な悩みをかかえているようだ。 
 4. テストが近いので、__深刻__に勉強した。",3,,問題6 次の言葉の使い方として最もよいものを、1・2・3・4から一つ選びなさい。
"__続出__
 1. 満員電車から乗客が__続出__してきた。 
 2. 暑さのせいで気分が悪くなる人が__続出__した。 
 3. 最近は、天気の悪い日が__続出__している。 
 4. 薬で治ったと思っていた風邪が__続出__した。",2,,問題6 次の言葉の使い方として最もよいものを、1・2・3・4から一つ選びなさい。
"__外見__
 1. 人を__外見__で判断するのはよくないことだ。 
 2. 窓の__外見__をペンキで白く塗った。 
 3. 月の__外見__はでこぼこしている。 
 4. 母は怒っている__外見__だった。",1,,問題6 次の言葉の使い方として最もよいものを、1・2・3・4から一つ選びなさい。
"28 方針
 1. 台風の__方針__がそれたので、特に被害は出なかった。 
 2. 私の今年の__方針__は漢字を600字覚えることだ。 
 3. この料理を作る__方針__を教えてください。 
 4. 教育に関する政府の__方針__が大きく変わった。",4,,問題6 次の言葉の使い方として最もよいものを、1・2・3・4から一つ選びなさい。
"29 範囲
 1. この町は川によって二つの__範囲__に分かれている。 
 2. この会社は新しい__範囲__に進出した。 
 3. 明日は広い__範囲__で強い雨が降るでしょう。 
 4. 家から駅までの__範囲__は2キロぐらいだ。",3,,問題6 次の言葉の使い方として最もよいものを、1・2・3・4から一つ選びなさい。
"30 せめて
 1. その店のセーターは__せめて__1万円はするだろう。 
 2. 今からタクシーに乗っても、__せめて__10時には着けない。 
 3. 京都に行くなら、__せめて__1泊はしたい。 
 4. 先週のテストは自信がなかったが、__せめて__50点は取れた。",3,,問題6 次の言葉の使い方として最もよいものを、1・2・3・4から一つ選びなさい。
"31 利益
 1. ジョギングは健康の__利益__になる。 
 2. この値段で売ったら、店の__利益__はほとんどない。 
 3. かぜ薬を飲んだが、__利益__が感じられない。 
 4. バスの__利益__は、新幹線よりも料金が安いことだ。",2,,問題6 次の言葉の使い方として最もよいものを、1・2・3・4から一つ選びなさい。
"32 かなう
 1. 苦労が__かない__、彼は俳優として成功をおさめた。 
 2. 天気予報が__かない__、今日は一日中快晴だった。 
 3. 準備を重ねてきたイベントが無事__かなった__。 
 4. 自分の店を持つという夢が、とうとう__かなった__。",4,,問題6 次の言葉の使い方として最もよいものを、1・2・3・4から一つ選びなさい。
"掲示
 1. 山田氏は有名な科学者で、いくつもの本に研究論文を__掲示__している。 
 2. テレビでよく__掲示__されている洗剤が安くなっていたので、試しに買ってみた。 
 3. 最近は名刺に自分の写真を__掲示__しているビジネスマンも多い。 
 4. マンションの入り口に、水道工事のお知らせが__掲示__されていた。",4,,問題6 次の言葉の使い方として最もよいものを、1・2・3・4から一つ選びなさい。
"快い
 1. 要らないパソコンでしたら、__快く__もらっていきます。 
 2. 遠慮しないでいつでも__快く__遊びに来てください。 
 3. 急な仕事だったが、彼が__快く__引き受けてくれて助かった。 
 4. 親友の森さんには、どんな悩みも__快く__打ち明けられる。",3,,問題6 次の言葉の使い方として最もよいものを、1・2・3・4から一つ選びなさい。
"分野
 1. 保証の__分野__を超えた修理に関しては、費用がかかります。 
 2. 明日は朝から冷え込んで、山に近い__分野__では雪になるそうだ。 
 3. セミナーには心理学や言語学の__分野__から多数の専門家が参加した。 
 4. 小説のこの__分野__には筆者の実際の体験が書かれている。",3,,問題6 次の言葉の使い方として最もよいものを、1・2・3・4から一つ選びなさい。
"生き生き
 1. 私は体が__生き生き__しているうちに、あちこち旅行をしたいと思う。 
 2. 子供が熱を出したが、薬を飲ませたらだんだん__生き生き__してきた。 
 3. 彼は、好きなサッカーをしているときが一番__生き生き__している。 
 4. 記憶が__生き生き__しているので、今なら間違えずに答えることができる。",3,,問題6 次の言葉の使い方として最もよいものを、1・2・3・4から一つ選びなさい。
"隔てる
 1. この二つの問題は__隔て__て考えるべきだ。 
 2. 大きな川が二つの市を__隔て__ている。 
 3. 5分ほど休憩を__隔て__て、11時から再開します。 
 4. 試験のときは、隣の人と__隔て__て座ってください。",2,,問題6 次の言葉の使い方として最もよいものを、1・2・3・4から一つ選びなさい。
"__役目__
 1. 次の公演で、私は医者の__役目__を演じる。 
 2. 健康のために、毎朝散歩することが__役目__になっている。 
 3. 池田さんが今日の掃除の__役目__だ。 
 4. 部下に仕事を教えるのは、課長の__役目__の一つだ。",4,,問題6 次の言葉の使い方として最もよいものを、1・2・3・4から一つ選びなさい。
"__最寄り__
 1. __最寄り__の店までは、歩いて30分だ。 
 2. 彼女は私の__最寄り__の友達だ。 
 3. __最寄り__の試験は来月にある。 
 4. 電車の中で__最寄り__の人に足を踏まれた。",1,,問題6 次の言葉の使い方として最もよいものを、1・2・3・4から一つ選びなさい。
"__解約__
 1. 大臣は、内容に誤りがあったと述べ、昨日の発言を__解約__した。 
 2. 1) 年の留学を終えて国へ帰るので、銀行の口座を__解約__した。 
 3. やむをえない理由により、A社との面会を__解約__した。 
 4. あの会社は今年は赤字を__解約__することができた。",2,,問題6 次の言葉の使い方として最もよいものを、1・2・3・4から一つ選びなさい。
"__演説__
 1. 卒業生代表の森さんは卒業式での__演説__で、先生方への感謝の気持ちを述べた。 
 2. 首相は昨日の国会での__演説__で、経済対策を最優先するとの決意を述べた。 
 3. 決勝進出が決まった中島選手は試合後の__演説__で、必ず優勝すると述べた。 
 4. A社の社長は記者会見の__演説__で、今後の事業方針について述べた。",2,,問題6 次の言葉の使い方として最もよいものを、1・2・3・4から一つ選びなさい。
"__きっぱり__
 1. めがねをかけると、遠くの物も__きっぱり__見えるようになる。 
 2. このラーメンはもう何度も食べたので、__きっぱり__飽きてしまった。 
 3. 鈴木さんは石川さんからのデートの誘いを__きっぱり__断った。 
 4. むかしのことはなかなか__きっぱり__思い出せない。",3,,問題6 次の言葉の使い方として最もよいものを、1・2・3・4から一つ選びなさい。
"__引用__
 1. プレゼンがうまい先律のやり方を__引用__する。 
 2. 大きな川から水を__引用__する。 
 3. レポートで、新聞記事を__引用__する。 
 4. ほかの人のお金を__引用__してはいけない。",3,,問題６ 次の言葉の使い方として最もよいものを、1・2・3・4から一つ選びなさい。
"__ほっと__
 1. __ほっと__気づいたら、ポケットの中のかぎがなかった。 
 2. 会議中に、__ほっと__していたら、上司に注意された。 
 3. 好きな人に話しかけられて、__ほっと__顔が赤くなった。 
 4. なくしたと思った大事な本か見つかって、__ほっと__した。",4,,問題６ 次の言葉の使い方として最もよいものを、1・2・3・4から一つ選びなさい。
"__展開__
 1. 高橋教授は、この島で生物の__展開__の歴史を調べている。 
 2. この漫画は、ストーリーの__展開__が面白い。 
 3. 好きなことをしているときは、時間の__展開__が早い。 
 4. 池田選手はとても強く、5年連続で決勝戦の__展開__を決めている。",2,,問題６ 次の言葉の使い方として最もよいものを、1・2・3・4から一つ選びなさい。
"__妥当__
 1. 品質に比べて値段が高いと言う人もいるが、私は__妥当__な金額だと思う。 
 2. 風邪気味だったので、今日の会議が中止になったのは、私には__妥当__だった。 
 3. 旅行の日は雨の予報だったが、きれいに晴れて、__妥当__な天気になった。 
 4. この曲は、歌詞が今の私の気持ちに__妥当__なので、最近よく聞いている。",1,,問題６ 次の言葉の使い方として最もよいものを、1・2・3・4から一つ選びなさい。
"__かばう__
 1. この団体は、海岸の清掃など、環境を__かばう__活動をしている。 
 2. この鳥は法律で__かばわれていて__、捕まえたり飼ったりすることは禁止されている。 
 3. 弟が両親にしかられていたので、「すごく反省してたよ」と言って、弟を__かばった__。 
 4. 開発した新技術を__かばう__ため、関連する情報を厳重に管理している。",3,,問題６ 次の言葉の使い方として最もよいものを、1・2・3・4から一つ選びなさい。
"作成
 1. 外国語の練習のために、話す機会を多く__作成__している。 
 2. 今週中に会議の資料を__作成__しておいてください。 
 3. この地域で__作成__された果物はとてもおいしい。 
 4. 友人と共同で新しい会社を__作成__することにした。",2,,問題6 次の言葉の使い方として最もよいものを、1・2・3・4から一つ選びなさい。
"いったん
 1. 私はまだ海外に__いったん__も行ったことがないので、いつか行きたいと思っている。 
 2. 彼とはずいぶん前に__いったん__しか会っていないが、顔も名前もよく覚えている。 
 3. 部長は外出先から会社に__いったん__戻ったが、すぐにまた出かけた。 
 4. 学生のころは、友人と1週間に__いったん__映画を見に行った。",3,,問題6 次の言葉の使い方として最もよいものを、1・2・3・4から一つ選びなさい。
"思いつく
 1. 今は大変だが、将来成功している自分の姿を__思いつく__と、頑張ろうと思える。 
 2. このアイディアは仕事中ではなく、散歩しているときに__思いついた__。 
 3. 佐藤さんに初めて会ったとき、この人とは親友になれそうだと__思いついた__ 
 4. この写真を見ると、いつも学生時代のことを__思いついて__、同級生に会いたくなる。",2,,問題6 次の言葉の使い方として最もよいものを、1・2・3・4から一つ選びなさい。
"中断
 1. 参加の希望者が集まらないので、来週のイベントは__中断__されることになった。 
 2. この山には、曲がって枯れた木や__中断__した本がたくさんある。 
 3. 林さんは今勤めている会社を__中断__して、別の会社に転職するらしい。 
 4. 庫が強くなって試合が__中断__されているが、恐らく再開は難しいだろう。",4,,問題6 次の言葉の使い方として最もよいものを、1・2・3・4から一つ選びなさい。
"たくましい
 1. 両親は今までどんな苦労にも負けずに、__たくましく__生きてきた。 
 2. このひもは細くてすぐ切れそうなので、もっと__たくましい__のが欲しい。 
 3. 森さんは仕事の経験が__たくましい__ので、上司から信頼されている。 
 4. 昼になって急に日ざしが__たくましく__なったので、帽子をかぶった。",1,,問題6 次の言葉の使い方として最もよいものを、1・2・3・4から一つ選びなさい。
"頑丈
 1. 石川さんは__頑丈__で、なかなか意見を変えない。 
 2. 重要な書類は必ず金庫に入れて、__頑丈__に管理してください。 
 3. このいすはとても__頑丈__で、少しくらい乱暴に扱っても壊れません。 
 4. A社との間には__頑丈__な信頼関係があるので安心です。",3,,"問題6 次の言葉の使い方として最もよいものを、1、2,3、4から一つ選びなさい。"
"畳む
 1. 青木さんは、小さな紙を器用に__畳んで__鶴を作った。 
 2. この上着は小さく__畳む__ことができるので、旅行に持っていくのに便利だ。 
 3. 髪が長いと首の辺りが暑いので、夏はいつも髪を__畳んで__います。 
 4. 中川さんは腕を__畳んで__、何か考えているようだった。",2,,"問題6 次の言葉の使い方として最もよいものを、1、2,3、4から一つ選びなさい。"
"合図
 1. スタートの__合図__で、選手たちは一斉に走り出した。 
 2. ガス会社から、器具の点検を来月行うという__合図__があった。 
 3. 山道に何か小さな動物が歩いたような__合図__があった。 
 4. 種をまいたところを忘れないように、__合図__をつけておいた。",1,,"問題6 次の言葉の使い方として最もよいものを、1、2,3、4から一つ選びなさい。"
"こつこつ
 1. 何度も説明を聞いていたら、__こつこつ__とわかってきた。 
 2. 料理が熱くて、舌をやけどしそうなので、__こつこつ__と食べた。 
 3. 朝は涼しかったが、昼になって__こつこつ__と気温が上がり始めた。 
 4. 資格をとるために、この一年間、毎日__こつこつ__と勉強をしてきた。",4,,"問題6 次の言葉の使い方として最もよいものを、1、2,3、4から一つ選びなさい。"
"32 縮む
 1. 箱を積み重ねておいたら、重さで一番下の箱が__縮んで__いた。 
 2. この鉛筆はもう__縮んで__いて、ちょっと書きづらい。 
 3. 洗濯物でセーターを洗ったら、__縮んで__着られなくなった。 
 4. 建て替えて、家は広くなったが、庭が__縮んで__しまった。",3,,"問題6 次の言葉の使い方として最もよいものを、1、2,3、4から一つ選びなさい。"
"とぼしい
 1. このスープは塩味がとぼしい。 
 2. この国は天然資源にとぼしい。 
 3. 音量がとぼしくて聞こえにくい。 
 4. この商品にはとぼしい需要しかない。",2,,問題6 次の言葉の使い方として最もよいものを、1、2、3、4から一つ選びなさい
"矛盾
 1. 山田さんはみんなで決めたことに矛盾している。 
 2. 北半球と商半球では夏と冬が矛活している。 
 3. あの人の言ったことは、この前の話と矛盾している。 
 4. 穏やかな彼女がロックを聞くなんて、矛盾している。",3,,問題6 次の言葉の使い方として最もよいものを、1、2、3、4から一つ選びなさい
"問い合わせる
 1. ご質問はこの電話番号にお問い合わせください。 
 2. 街で知らない人に道を問い合わせられた 
 3. 週末は映画を見に行かないかと、妹に問い合わせた。 
 4. 言葉の正確な意味は辞書に間い合わせよう。",1,,問題6 次の言葉の使い方として最もよいものを、1、2、3、4から一つ選びなさい
"交代
 1. 時計の電池が切れてしまったので、新しいのに交代した。 
 2. 少し疲れたので、友達に運転を交代してもらった。 
 3. 用事ができて、待ち合わせの時間を1時から3時に交代してもらった。 
 4. 今年の4月に前の会社をやめて、今の会社に交代した",2,,問題6 次の言葉の使い方として最もよいものを、1、2、3、4から一つ選びなさい
"合同
 1. 複数の大学が合同でスポーツ大会を行った。 
 2. みんなの合同で、イベントの準備は着々と進んでいる。 
 3. 三つの市の合同で、県で一番大きな市が誕生した。 
 4. 寮ではみんなが合同でシャワールームを使っている。",1,,問題6 次の言葉の使い方として最もよいものを、1、2、3、4から一つ選びなさい
"__廃止__
 1. 両国が互いに主張を譲らず、会議は予定より早く__廃止__された。 
 2. 時間も遅くなったので、区切りのいいところで作業を__廃止__した。 
 3. その制度は現状に合わなくなったので、先月で__廃止__された 
 4. 健康のために、たばこを__廃止__するよう家族に言われた。",3,,問題6 次の言葉の使い方として最もよいものを、1、2、3、4から一つ選びなさい。
"__心強い __
 1. 姉は__心強く__て、どんなにつらいことがあっても涙を見せない。 
 2. 初めてのプレゼンで不安だったが、先輩が一緒だったので__心強かった__。 
 3. アメリカに10年住んでいたので、英語はわりと__心強い__です。 
 4. やると決めたことは最後まであきらめずにやる__心強い__人間になりたい。",2,,問題6 次の言葉の使い方として最もよいものを、1、2、3、4から一つ選びなさい。
"__さっさと__
 1. いつまでもテレビを見てないで、__さっさと__宿題をしなさい。 
 2. 雷が鳴り出したと思ったら、__さっさと__雨が降り出した。 
 3. __さっさと__着くので、もう少しそこで待っていてください。 
 4. 買ってまだ一週間なのに、__さっさと__壊れた。",1,,問題6 次の言葉の使い方として最もよいものを、1、2、3、4から一つ選びなさい。
"__ふさぐ__
 1. 種をまいたら、土で__ふさいで__水をやってください。 
 2. 鍋をふたで__ふさぐ__と、中の肉に熱が通りやすくなります。 
 3. 紙袋に穴があいていたので、セロテープで__ふさいだ__。 
 4. 電子レンジで温めるときは、皿をラップで__ふさいで__ください。",3,,問題6 次の言葉の使い方として最もよいものを、1、2、3、4から一つ選びなさい。
"__冷静__
 1. 不安定だったわが国の経済状態が、ようやく冷静になってきた。 
 2. トラブルが発生したときでも、森さんは慌てずに冷静に対応していた。 
 3. 熱が下がるまで、冷静にしていたほうがいい。 
 4. 台風で波が高かった海も、今日はすっかり冷静になった。",2,,問題6 次の言葉の使い方として最もよいものを、1、2、3、4から一つ選びなさい。
"世間
 1. この映画は動物の__世間__を描いた作品だ 
 2. あの政党は、よりよい__世間__の実現を目指している 
 3. 田中さんは数学の__世間__では有名だ 
 4. その事件は__世間__の注目を集めた",4,,問題6 次の言葉の使い方として最もよいものを、1. 2. 3. 4から一つ選びなさい。
"違反
 1. ルールに__違反__して退場になった選手が3人もいる 
 2. 子供のころは皆、親に__違反__する時期があるものだ 
 3. 彼の意見に__違反__する人はあまりいなかった 
 4. 見た目がよくないが、予想に__違反__しておいしかった",1,,問題6 次の言葉の使い方として最もよいものを、1. 2. 3. 4から一つ選びなさい。
"質素
 1. この文章は__質素__で、とてもわかりやすい 
 2. もう少し値段の__質素__なツアーはありませんか 
 3. 経験は__質素__でも、やる気がある人を採用したい 
 4. 無駄なものを買わずに、__質素__な生活を送っている",4,,問題6 次の言葉の使い方として最もよいものを、1. 2. 3. 4から一つ選びなさい。
"とっくに
 1. この辺には、__とっくに__大きいお寺があった 
 2. 山田さんなら__とっくに__帰りましたよ 
 3. あの時のことを今ごろ謝っても__とっくに__遅いよ 
 4. さっきから電話が__とっくに__鳴りっぱなしだ",2,,問題6 次の言葉の使い方として最もよいものを、1. 2. 3. 4から一つ選びなさい。
"受け入れる
 1. チケットのお申し込みは電話で__受け入れています__ 
 2. 入口でパンフレットを__受け入れて__から席にお座りください 
 3. 私の大学では、毎年大勢の留学生を__受け入れています__ 
 4. 最新の技術を__受け入れた__製品について説明してもらいました",3,,問題6 次の言葉の使い方として最もよいものを、1. 2. 3. 4から一つ選びなさい。
"__栽培__
 1. 両親は牧場で牛を__栽培__して、チーズを作っています 
 2. 私は今、生まれて半年の赤ちやんを__栽培__しています 
 3. 庭で見つけた虫の卵を__栽培__して、観察日記を書いた。 
 4. この畑では、農薬を使わずに野菜を__栽培__しています。",4,,問題6 次の言葉の使い方として最もよいものを、1·2·3·4 から一つ選びなさい。
"__急激__
 1. イベントの開催日が近くなり、準備が__急激__に進められている。 
 2. 新しい駅ができて、市の人口が__急激__に増加している。 
 3. このパンは非常に人気があり、朝 8 時に開店すると__急激__に売れていく 
 4. 松田選手が現れると、フアンの人たちが__急激__に取り囲んだ。",2,,問題6 次の言葉の使い方として最もよいものを、1·2·3·4 から一つ選びなさい。
"__漏れる__
 1. ジュースを注ぎすぎて、コップから__漏れて__しまった。 
 2. 転んでしまって、ひざから血が__漏れてきた__。 
 3. 水道管に穴があいているのか、水が__漏れてきている__。 
 4. 悲しい映面を見たせいで、涙が__漏れてきた__。",3,,問題6 次の言葉の使い方として最もよいものを、1·2·3·4 から一つ選びなさい。
"__傾向__
 1. ファッション誌によると、今年は⻩色が__傾向__するそうだ。 
 2. 最近では、家族がばらばらに食事をする__傾向__がある。 
 3. 姉は日本文学の研究に__傾向__している。 
 4. この坂は__傾向__がきつくて、自転車だとつらい。",2,,問題6 次の言葉の使い方として最もよいものを、1·2·3·4 から一つ選びなさい。
"__さっさと__
 1. いつまでもテレビを見てないで、__さっさと__宿題をしなさい。 
 2. 雷が鳴り出したと思ったら、__さっさと__雨が降り出した。 
 3. __さっさと__着くので、もう少しそこで待っていてください 
 4. 買ってまだ一週間なのに、__さっさと__壊れた。",1,,問題6 次の言葉の使い方として最もよいものを、1·2·3·4 から一つ選びなさい。
"発達
 1. 息子は中学生になって急に身長が__発達__し、すぐに私を追い越した。 
 2. 交通が__発達__したことにより、人々の生活が便利になった。 
 3. この店は昨年度からサービスの__発達__に努め、客数を増やした。 
 4. 庭に植えたトマトの__発達__がよく、おいしそうな赤い実がたくさんとれた。",2,,問題6 次の言葉の使い方として最もよいものを1・2・3・4から一つ選びさない
"きっかけ
 1. 今回は都合が悪いのですが、次の__きっかけ__にはぜひ出席したいと思います。 
 2. 大学では言語学を専攻し、漢字の__きっかけ__について研究している。 
 3. 今回の事件を__きっかけ__に、市民の防犯に対する意識が高まった。 
 4. この事業に反対する__きっかけ__は、環境への悪影響が予想されるからだ。",3,,問題6 次の言葉の使い方として最もよいものを1・2・3・4から一つ選びさない
"引退
 1. ひどい風邪を引いてしまい、明日のスピーチ大会は__引退__するしかない。 
 2. 試験が近いのでアルバイトを__引退__し、勉強に専念することにした。 
 3. 鈴木選手は去年__引退__し、家族で海外に移住したそうだ。 
 4. A社の面接に合格したが、__引退__して別の会社に入社した。",3,,問題6 次の言葉の使い方として最もよいものを1・2・3・4から一つ選びさない
"順調
 1. 佐藤先生はどんな質問に対しても__順調__に答えてくれる。 
 2. 今日は朝からのどが痛くて、食べ物を__順調__に飲み込めない。 
 3. 雨で道路が滑りやすくなっていたので、__順調__に転んでしまった。 
 4. このパソコンは発売以来、__順調__に売り上げを伸ばし、人気商品になった。",4,,問題6 次の言葉の使い方として最もよいものを1・2・3・4から一つ選びさない
"生じる
 1. 海外の生活では、習慣の違いから誤解が__生じる__ことがある。 
 2. この果物は温暖な気候の地域を中心に__生じて__いる。 
 3. 新しい技術が__生じた__おかげで、生産量が大幅に増加した。 
 4. この大学からは有名な研究者が多く__生じて__いる。",1,,問題6 次の言葉の使い方として最もよいものを1・2・3・4から一つ選びさない
"会見
 1. 来週、アルバイトの__会見__があるので、持っていく履歴書を用意した。 
 2. 社長は__会見__を開き、記者からの質問に一つ一つ丁寧に答えた。 
 3. 昨夜、高校の同級生の集まりがあり、10年振りに__会見__を楽しんだ。 
 4. 駅の近くを歩いていたら声をかけられて、テレビ番組の__会見__を受けた。",2,,問題6 次の言葉の使い方として最もよいものを1・2・3・4から一つ選びさない。
"支持
 1. 私は、息子がサッカーの試合に出るときは必ず会場へ__支持__しに行く。 
 2. 建物内部の撮影は禁止されているが、今回は特別に__支持__を得ることができた。 
 3. 田中市長は市民の安全を一番に考えるので、多くの__支持__を集めている。 
 4. 久しぶりに中学校を訪ねたら、先生方から温かく__支持__されてうれしかった。",3,,問題6 次の言葉の使い方として最もよいものを1・2・3・4から一つ選びさない。
"妥当
 1. 品質に比べて値段が高いと言う人もいるが、私は__妥当__な金額だと思う。 
 2. 風邪気味だったので、今日の会議が中止になったのは、私には__妥当__だった。 
 3. 旅行の日は雤の予報だったが、きれいに晴れて、__妥当__な天気になった。 
 4. この曲は、歌詞が今の私の気持ちに__妥当__なので、最近よく聞いている。",1,,問題6 次の言葉の使い方として最もよいものを1・2・3・4から一つ選びさない。
"言い訳
 1. 重要な提案なので会議できちんと__言い訳__をしたが、結局、賛成を得られなかった。 
 2. 学生が質問すると、中村先生はいつも熱心に__言い訳__をしてくれる。 
 3. 西さんは仕事で失敗すると必ず__言い訳__をするので、上司からよく思われていない。 
 4. 診察室で医者からあしたの検査内容について__言い訳__をしてもらった。",3,,問題6 次の言葉の使い方として最もよいものを1・2・3・4から一つ選びさない。
"手軽
 1. この運動は、道具もいらず自宅で__手軽__にできるので、人気がある。 
 2. 参加者全員がお互いを知るために、一分ずつ__手軽__な自己紹介を行った。 
 3. 結婚式の後のパーティーには__手軽__な服装で来てください。 
 4. 昨日の試合は、__手軽__に勝てると思ったのに、意外に苦戦した。",1,,問題6 次の言葉の使い方として最もよいものを1・2・3・4から一つ選びさない。
"__共有__
 1. 市民ボランティアの__共有__で、 留学生のスピーチコンテストが行われた。 
 2. 大学と企業が__共有__で新しい技術の研究を行っている。 
 3. これらの事件には、 発生場所に__共有__の特徴があることが分かった。 
 4. 結婚してから購入した物は、 夫婦の__共有__の財産になる。",4,,問題6 次の言葉の使い方として最も近いものを、1・2・3・4・から一つ選びなさい。
"__鋭い__
 1. 動物たちが自然界で生きていくためには、__鋭い__感覚が必要だ。 
 2. 弟は記憶が__鋭くて__、 本に載っているたくさんの国名や国旗をすぐに覚えた。 
 3. 赤ちゃんの肌は__鋭い__から、少しの刺激で赤くなってしまう。 
 4. 運動の能力が__鋭い__人は、どんなスポーツでもすぐに上達する。",1,,問題6 次の言葉の使い方として最も近いものを、1・2・3・4・から一つ選びなさい。
"__はきはき__
 1. よく眠ったので、今日は頭が__はきはき__としている。 
 2. ビルの屋上から、遠くの山が__はきはき__と見える。 
 3. その学生は、聞かれたことに__はきはき__と答えた。 
 4. ミスの原因を__はきはき__とさせるために、 調査が行われた。",3,,問題6 次の言葉の使い方として最も近いものを、1・2・3・4・から一つ選びなさい。
"__鑑賞__
 1. 学校の授業で、工場へ行って自動車を組み立てる様子を__鑑賞__した。 
 2. 中学生のとき、市のコンサートホールでクラシック音楽を__鑑賞__した。 
 3. 資料を読んで、自然を守るための国の活動について__鑑賞__した。 
 4. レストランで、素材の良さを生かした料理を舌でじっくり__鑑賞__した。",2,,問題6 次の言葉の使い方として最も近いものを、1・2・3・4・から一つ選びなさい。
"__着々__
 1. ベランダが__着々__と古くなって危険なので、修理することにした。 
 2. ゲームに夢中になっていたら、 時間が__着々__とたっていた。 
 3. 来週のパーティーの準備は__着々__と進んでいるようだ。 
 4. 夕方になって、 外は__着々__と涼しくなって生きている。",3,,問題6 次の言葉の使い方として最も近いものを、1・2・3・4・から一つ選びなさい。
"__潰す__
 1. ガラスのコップを落として、__潰して__しまった。 
 2. 空き缶は、__潰して__からごみ箱に入れてください。 
 3. 洗濯物が乾いたので、きれいに__潰して__たんすにしまった。 
 4. いらなくなった書類をひりひりと細かく__潰して__捨てた。",2,,問題6 次の言葉の使い方として最も近いものを、1・2・3・4・から一つ選びなさい。
"__粗末__
 1. 昔の学校給食は、おかずの種類も少なく、 今と比べると __粗末__なものだった。 
 2. 言葉遣いが __粗末__だったので、 友達を怒らせてしまった。 
 3. 風邪をひいてしまい、 声が __粗末__で上手に歌えない。 
 4. お金がないので、 友人がくれた古くて機能の __粗末__なパソコンを使っている。",1,,問題6 次の言葉の使い方として最も近いものを、1・2・3・4・から一つ選びなさい。
"__熱中__
 1. ごみ処理の問題に関して、 市民から担当者に批判が__熱中__した。 
 2. 学生のときは野球に__熱中__していて、 毎日遅くまで練習していた。 
 3. うちの娘はこの服に__熱中__していて、 都日こればがり着いたがります。 
 4. オリンピックの期間中、世界の関心が開催国に__熱中__している。",2,,問題6 次の言葉の使い方として最も近いものを、1・2・3・4・から一つ選びなさい。
"__和やかな__
 1. 火事や地震のときは、慌てずに__和やかな__行動を取ることか重要だ。 
 2. この地方は、一年中気候が__和やかな__ので暮らしやすい。 
 3. この店のスープは、__和やかな__味で飲むとほっとする。 
 4. 代表者同士の話し合いは、__和やかな__雰囲気で行われた。",4,,問題6 次の言葉の使い方として最も近いものを、1・2・3・4・から一つ選びなさい。
"__愛着__
 1. いろいろな靴をはいてみたが、 どれも__愛着__がなかったので買わなかった。 
 2. スーパーで、 地元の人が__愛着__を入れて育てた野菜を買った。 
 3. この机はもう使っていないのだが、__愛着__があってなかなか捨てられない。 
 4. 弟は教師になるという夢に__愛着__を持ち、 教育学部に進学した。",3,,問題6 次の言葉の使い方として最も近いものを、1・2・3・4・から一つ選びなさい。
"特殊
 1. その日は夏なのに__特殊__な寒さだった。 
 2. 自分で育てた野菜を食べるのは__特殊__な喜びがある。 
 3. 母は誕生日など、__特殊__な日にはとても豪華な料理を作ってくれる。 
 4. バスを運転するためには__特殊__な免許が必要だ。",4,,問題6 次の言葉の使い方として最も近いものを、1・2・3・4・から一つ選びなさい。
"素材
 1. プラスチックは石油を__素材__に作られている。 
 2. このお店は__素材__の味を生かした料理で有名です。 
 3. いろいろな情報を集めて、判断の__素材__にする。 
 4. 故障の__素材__になったものを探さなくてはいけない。",2,,問題6 次の言葉の使い方として最も近いものを、1・2・3・4・から一つ選びなさい。
"しみる
 1. 飛んできたボールが頭に__しみて__、けがをした。 
 2. 煙が目に__しみて__、涙が止まらなくなった。 
 3. 食べすぎで、ベルトがおなかに__しみて__苦しい。 
 4. 料理をしているときに包丁の先が指に__しみて__、少し血が出た。",2,,問題6 次の言葉の使い方として最も近いものを、1・2・3・4・から一つ選びなさい。
"充満
 1. この図書館は、あらゆる分野の本が__充満__していて、とても便利だ。 
 2. このコンサートは人気があって、常に観客が__充満__している。 
 3. 部屋に食べ物の強いにおいが__充満__していたので、窓を開けた。 
 4. 夢が__充満__している子どもたちが大好きで、小学校の教師になった。",3,,問題6 次の言葉の使い方として最も近いものを、1・2・3・4・から一つ選びなさい。
"めくる
 1. この小説は面白くて、次のページを__めくる__のが楽しみだった。 
 2. 汗をかいたので、タオルを水でぬらし、きつく__めくって__体をふいた。 
 3. 封筒に書類を入れ、開かないように丁寧にのりで__めくって__おいた。 
 4. そのドアは押すのではなくて手前に__めくらない__と開きませんよ。",1,,問題6 次の言葉の使い方として最も近いものを、1・2・3・4・から一つ選びなさい。
"__初期__
 1. 曲の__初期__の部分を聞いただけで、題名が何かわかりま。 
 2. この建物は有名な建築物で、明治時代の__初期__に建てられました。 
 3. 池田選手は、試合の__初期__では負けていたが、最後には勝つことができた。 
 4. 今日は朝から雲に覆われ、__初期__は雨だったが、途中から雪に変わった。",2,,問題6 次の言葉の使い方として最も近いものを、1・2・3・4・から一つ選びなさい。
"__打ち明ける__
 1. 仕事でわからないことがあれば、彼が何でも__打ち明けてくれ__ますよ。 
 2. 谷口さんが戻ってきたら、伝言を__打ち明けて__おいてもらえますか。 
 3. 大事な情報はすぐに上司に__打ち明けましょう__。 
 4. ずっと秘密にしていたことを友達に__打ち明けた__。",4,,問題6 次の言葉の使い方として最も近いものを、1・2・3・4・から一つ選びなさい。
"__欠陥__
 1. あの人の__欠陥__は、自分に都合の悪いことがあるとうそをつくことだ。 
 2. 眼鏡のレンズを硬い布でふいたら、__欠陥__がついてしまった。 
 3. 先月発売された車のブレーキに__欠陥__が見つかり、販売が中止された。 
 4. このサービスを利用することの__欠陥__は費用が非常にかかることだ。",3,,問題6 次の言葉の使い方として最も近いものを、1・2・3・4・から一つ選びなさい。
"__引退__
 1. 山本さんは去年入学したばかりの大学を__引退__し、別の大学を受験するらしい。 
 2. これまで多くの名作を残した映画監督が、今回限りで__引退__することを発表した。 
 3. この書店はもうすぐ商店街から__引退__し、駅前のビルの中で店を始めるらしい。 
 4. 中村選手は前大会でのけがが回復せず、次の試合への出場を__引退__した。",2,,問題6 次の言葉の使い方として最も近いものを、1・2・3・4・から一つ選びなさい。
"__ぎっしり__
 1. 大きな箱に本が__ぎっしり__詰まっている。 
 2. ジュースがコップに__ぎっしり__入っている。 
 3. 少し太ったせいで、ズボンが__ぎっしり__している。 
 4. 朝の電車はいつも人で__ぎっしり__している。",1,,問題6 次の言葉の使い方として最も近いものを、1・2・3・4・から一つ選びなさい。
"__薄める__
 1. 私には難しすぎたので、コースのレベルを__薄めた__。 
 2. 部屋が暑かったので、 エアコンをつけて温度を__薄めた__。 
 3. スープがしょっぱかったので、水を加えて味を__薄めた__。 
 4. うるさいと言われたので、 テレビの音量を__薄めた__。",3,,問題6 次の言葉の使い方として最も近いものを、1・2・3・4・から一つ選びなさい。
"__充実__
 1. 今日の午後は雨の予報で、 空には雲が__充実__している。 
 2. 今はやりがいのある仕事ができて、 毎日が__充実__している。 
 3. 喫茶店の中は、コーヒーのにおいが__充実__している。 
 4. 計画を実行するためには、まだ問題が__充実__している。",2,,問題6 次の言葉の使い方として最も近いものを、1・2・3・4・から一つ選びなさい。
"__鮮明__
 1. 次回のセミナーの開催日はまだ__鮮明__に決まっていない。 
 2. できそうにない仕事は__鮮明__に断ったほうがいい。 
 3. X社の製品のほうが性能が__鮮明__に優れている。 
 4. あのときの出来事は今でも__鮮明__に覚えている。",4,,問題6 次の言葉の使い方として最も近いものを、1・2・3・4・から一つ選びなさい。
"__ふもと__
 1. 明日、駅の __ふもと__で池田さんと会う約束をした。 
 2. あのビルの __ふもと__に、 新しいお店ができるらしい。 
 3. 山の __ふもと__に車を止めて、そこから登りましょう。 
 4. ドアの __ふもと__に猫がいて、 開けることができない。",3,,問題6 次の言葉の使い方として最も近いものを、1・2・3・4・から一つ選びなさい。
"__定年__
 1. 私の会社は60歳が__定年__なので、 あと半年で退職だ。 
 2. この乗り物は子ども向けのため、10歳が__定年__になっている。 
 3. この国では、__定年__の20歳になると選挙で投票することができる。 
 4. 犬の__定年__は一般的に10歳から15歳の間だといわれている。",1,,問題6 次の言葉の使い方として最も近いものを、1・2・3・4・から一つ選びなさい。
"__頂上__
 1. この星は、夏の夜12時ごろ、空の__頂上__のあたりに見える。 
 2. 山に登り始めて5時間ぐらいして、ようやく__頂上__に着いた。 
 3. この家の2階の部屋は、__頂上__にも窓がついているので、とても明るい。 
 4. 本棚がいっぱいになってしまい、本棚の__頂上__にも本を置いている。",2,,問題6 次の言葉の使い方として最も近いものを、1・2・3・4から一つ選びなさい。
"__節約__
 1. 駅に向かう道路の渋滞を__節約__するため、道の幅を広げる工事が行われている。 
 2. 美術館の中は、かびが発生して絵が傷まないように、温度や湿度を__節約__しています。 
 3. 試験が近くなってきたので、アルバイトの仕事を少し__節約__することにした。 
 4. 私の会社では、紙や郵送費を__節約__するため、資料はすべてメールで送っている。",4,,問題6 次の言葉の使い方として最も近いものを、1・2・3・4から一つ選びなさい。
"__分解__
 1. 機械の調子が悪かったので、__分解__して部品の点検をした。 
 2. すいかを買ってきたが、大きくて冷蔵庫に入らなかったので、四つに__分解__した。 
 3. 細かいお金がなかったので、近くの店で千円札を__分解__してもらった。 
 4. 急ぎの仕事が入ったので、三人で__分解__して進めることにした。",1,,問題6 次の言葉の使い方として最も近いものを、1・2・3・4から一つ選びなさい。
"__略す__
 1. 時間がないので、詳しい説明は__略して__、要点だけお話しします。 
 2. 合計で1) 万円以上ご購入の場合、送料は__略します__。 
 3. 健康のために、砂糖を__略した__ジャムを使っています。 
 4. このオフィスは、壁を__略して__、開放感のあるデザインにしました。",1,,問題6 次の言葉の使い方として最も近いものを、1・2・3・4から一つ選びなさい。
"__覆う__
 1. 私のうちは、周りを高層マンションに__覆われて__いて、日当たりが悪い。 
 2. 優勝した森選手は大勢の記者に__覆われて__インタビューを受けていた。 
 3. 公園に続く並木道はすっかり落ち葉で__覆われて__いた。 
 4. 部屋が暑いのか、中島さんの顔は汗で__覆われて__いた。",3,,問題6 次の言葉の使い方として最も近いものを、1・2・3・4から一つ選びなさい。
"破れる
 1. 強い風が吹いたせいで、庭の木の枝が何本も__破れて__しまった。 
 2. 大きな箱を無理に紙袋に入れたら、袋の端が__破れて__しまった。 
 3. 落としても__破れない__ように、プラスチックのコップを買った。 
 4. 生ものは__破れない__ように冷蔵庫に入れて保存してください。",2,,問題6: 次の言葉の使い方として最もよいものを、1・2・3・4から一つ選びなさい。
"限定
 1. 乗車したら、切符にある座席番号を確認して、__限定__された席に座ってください。 
 2. 今日は少し寒くなったので、エアコンの温度を高めに__限定__した。 
 3. まだ計画が不十分なのに、実行できると__限定__するのは早すぎると思う。 
 4. このパンは販売数を2〇個に__限定__しているので、すぐに売り切れてしまう。",4,,問題6: 次の言葉の使い方として最もよいものを、1・2・3・4から一つ選びなさい。
"いっせいに
 1. 卒業の日に撮った記念写真には、同じクラスの生徒が__いっせいに__写っている。 
 2. 公園で小さな子どもたちが__いっせいに__遊んでいる様子は、とてもかわいらしい。 
 3. 明日は家族で__いっせいに__めいの結婚式に招待されているので、とても楽しみだ。 
 4. 演奏が終わると、観客は舞台に向かって__いっせいに__大きな拍手を送った。",4,,問題6: 次の言葉の使い方として最もよいものを、1・2・3・4から一つ選びなさい。
"散らかす
 1. 部屋を掃除しても、子どもがすぐに本やおもちゃを__散らかして__しまう。 
 2. このビデオは長いので、一度に見ないで何回かに__散らかして__見よう。 
 3. 山下さんはいつも、香水のにおいを__散らかし__ながら歩いている。 
 4. 講演が始まる前に、来場者一人一人に資料を__散らかして__ください。",1,,問題6: 次の言葉の使い方として最もよいものを、1・2・3・4から一つ選びなさい。
"論争
 1. 全員の面接が終わったので、試験官は__論争__のため別室に移った。 
 2. 前田さんは私が言うことにいちいち__論争__するので、やりにくくて困る。 
 3. 二人はその問題について__論争__を繰返しているが、いまだに決着がつかない。 
 4. 私が両親に__論争__すると、二人は静かに聞き、的確にアドバイスしてくれた。",3,,問題6: 次の言葉の使い方として最もよいものを、1・2・3・4から一つ選びなさい。
"保存
 1. 将来のためにお金は__保存__したほうがいいですよ。 
 2. 食堂に早く着いたので、後から来る友達の席を__保存__しておいた。 
 3. この食品は必ず冷蔵庫で__保存__してください。 
 4. 山登りは長時間の運動なので、体力を__保存__しないと後半が大変だ。",3,,問題6: 次の言葉の使い方として最もよいものを、1・2・3・4から一つ選びなさい。
"鈍い
 1. 私は数学が苦手で、計算がとても__鈍い__。 
 2. 今日は仕事が暇で、時間がたつのが__鈍く__感じられた。 
 3. 彼は仕事が__鈍い__が、その分丁寧だ。 
 4. 疲れているのか、彼はいつもより動きが__鈍い__。",4,,問題6: 次の言葉の使い方として最もよいものを、1・2・3・4から一つ選びなさい。
"日課
 1. 停留所でバスの__日課__を見ると、次の発車時刻は20分後だった。 
 2. 今日は売り上げが10万円以上あったので、__日課__が達成できた。 
 3. 朝9時までに出社することが会社の__日課__で決まっている。 
 4. 健康のため、毎朝30分体操することを__日課__にしている。",4,,問題6: 次の言葉の使い方として最もよいものを、1・2・3・4から一つ選びなさい。
"多彩
 1. 高橋氏は、小説家や画家として__多彩__な活動を行っている。 
 2. 今夜は空に星が__多彩__に輝いていて、とてもきれいです。 
 3. 文章にあいまいな表現を使うと、読者が__多彩__な理解をするだろう。 
 4. 木村さんには生活全般において__多彩__にお世話になりました",1,,問題6: 次の言葉の使い方として最もよいものを、1・2・3・4から一つ選びなさい。
"乘リ継ぐ
 1. 居眠りをして、降りるつもりだった駅を__乗り継いで__しまった。 
 2. 疲れたので友達に運転を__乗り継いで__もらった。 
 3. バスと電車を__乗り継いで__、やっと目的地に着いた。 
 4. 朝はたくさんの人が電車を__乗り継ぐ__ので、ドアの近くに立っていると大変だ。",3,,問題6: 次の言葉の使い方として最もよいものを、1・2・3・4から一つ選びなさい。
"__温厚__
 1. __温厚__な伯父は、みんなから愛されている。 
 2. 彼の__温厚__なファンたちは、大金をかけて追っかけをするものもたくさんいる 
 3. 寒くなってきたので、__温厚__なコートを買った。 
 4. 浴衣は、うるさいどころか、かえって適度な重みと__温厚__をもたらしてくれる。",1,,問題6: 次の言葉の使い方として最も近いものを、1・2・3・4から 一つ選びなさい。
"__濁る__
 1. 朝は__濁って__いたんだけど、気付いたら雪が降り出した。 
 2. 私の姿を見つけた瞬間に表情が__濁った__。 
 3. 自分の部屋が__濁ったら__掃除をする。 
 4. 大雨で川の水が茶色く__濁っている__。",4,,問題6: 次の言葉の使い方として最も近いものを、1・2・3・4から 一つ選びなさい。
"__世代__
 1. 父は__世代__ より若く見える。 
 2. 先日のパーティーでは私と同じ__世代__ の人がたくさんいて、話が盛り 上がった。 
 3. それを判断するには__世代__ が欠けていた。 
 4. このまま日常__世代__ を送っていても大丈夫でしょうか。",2,,問題6: 次の言葉の使い方として最も近いものを、1・2・3・4から 一つ選びなさい。
"__普及__
 1. そのうわさは1日で会社中に__普及__した。 
 2. 北は雪が降るし、南は台風が__普及__する。 
 3. 最近は携帯電話が__普及__しているので家に電話を置かない家庭もある。 
 4. 今回は、厳しい寒さに加えて風邪の__普及__があった。",3,,問題6: 次の言葉の使い方として最も近いものを、1・2・3・4から 一つ選びなさい。
"__生じる__
 1. メールシステムに問題が__生じて__、メールが送れなくなった。 
 2. バターやチーズは牛乳から__生じる__。 
 3. 昨日、 姉に 2 番目の子どもが__生じた__。 
 4. いくら考えても、 いいアイデアが__生じない__。",1,,問題6: 次の言葉の使い方として最も近いものを、1・2・3・4から 一つ選びなさい。
"補足
 1. スープの味が薄かったので、塩を__補足__しました。 
 2. 資料には概要しか書かれていないので、少し説明を__補足__します。 
 3. 新入社員の仕事を__補足__するのが私の役割です。 
 4. 暗い部屋だったので、明るい色の家具を__補足__しました。",2,,"問題6次の言葉の使い方として最もよいものを、1、2,3、4から一つ選びなさい。"
"あわただしい
 1. 最近、寒かったり暑かったり気温の変化が__あわただしい__ので、風がひく人が多い 
 2. 森さんは__あわただしい__人で、よく忘れ物したり、乗る電車を間違えたりする。 
 3. この町の発展は__あわただしく__、数年前とは様子がずいぶん変わりました。 
 4. 山下さんは午前の会議が終わると、昼ご飯も食べずに__あわただしく__出かけていった",4,,"問題6次の言葉の使い方として最もよいものを、1、2,3、4から一つ選びなさい。"
"かすか
 1. 財布の中に__かすか__なお金があったので、バスで帰った。 
 2. 船に乗って1時間たつと、遠くに島が__かすか__に見えてきた。 
 3. 今日は天気がいいので、__かすか__な時間で洗濯物が乾きそうだ。 
 4. 私と田中さんは同じ年で、私のほうが誕生日が__かすか__に早い。",2,,"問題6次の言葉の使い方として最もよいものを、1、2,3、4から一つ選びなさい。"
"催促
 1. 30度を超える暑い日には、水分を十分とるように学校でも注意を__催促__している。 
 2. 異文化交流の__催促__のために、ボランティア団体が毎月イベントを聞いている。 
 3. 家賃を払うのをすっかり忘れていたら、__催促__の電話がかかってきた。 
 4. どこからか、おいしそうなにおいがしてきて、食欲が__催促__された。",3,,"問題6次の言葉の使い方として最もよいものを、1、2,3、4から一つ選びなさい。"
"ものたりない
 1. 少しうまくなってきたので、初心者向けのクラスだと__ものたりなく__なってきた。 
 2. クラスメートが転校することになり、みんな__ものたりなく__思っています。 
 3. 日本に来てばかりで、いろいろ__ものたりない__でしょうが、すぐに慣れますよ。 
 4. 楽しみにしていたパーティーなのに、中止なんて本当に__ものたりない__。",1,,"問題6次の言葉の使い方として最もよいものを、1、2,3、4から一つ選びなさい。"
"ガスが漏れると、（ ）が感知して警報が鳴る。
 1. レーダー 
 2. モーター 
 3. センサー 
 4. レバー",3,,問題2( )に入れるのに最もよいものを、1・2・3・4から一つ選びなさい。
"彼はロケットを作って宇宙へ飛ばしたいという（ ）夢を実現した。
 1. 絶大な 
 2. 盛大な 
 3. 雄大な 
 4. 壮大な",4,,問題2( )に入れるのに最もよいものを、1・2・3・4から一つ選びなさい。
"その優しいメロディーは私の耳に（ ）響き、眠りに誘ってくれた。
 1. ここちよく 
 2. いさぎよく 
 3. 喜ばしく 
 4. 輝かしく",1,,問題2( )に入れるのに最もよいものを、1・2・3・4から一つ選びなさい。
"兄は科学者として遺伝子の研究に（ ）している。
 1. 従事 
 2. 勤務 
 3. 在籍 
 4. 就労",1,,問題2( )に入れるのに最もよいものを、1・2・3・4から一つ選びなさい。
"葉書が届いたが、雨でインクが少し（ ）、読みにくかった。
 1. 暴れて 
 2. にじんで 
 3. 震えて 
 4. ゆがんで",2,,問題2( )に入れるのに最もよいものを、1・2・3・4から一つ選びなさい。
"子どもにとってプレッシャーになるので、将来に過度の期待をするのは
（ ）だ。
 1. 不当 
 2. 無効 
 3. 禁物 
 4. 偏見",3,,問題2( )に入れるのに最もよいものを、1・2・3・4から一つ選びなさい。
"社長になり、トップに立つ者の責任の重さを（ ）感じている。
 1. はらはらと 
 2. びくびくと 
 3. どきどきと 
 4. ひしひしと",4,,問題2( )に入れるのに最もよいものを、1・2・3・4から一つ選びなさい。
"今は両親と暮らしているが卒業して就職したら、家を出て（ ）したいと思っている。
 1. 自制 
 2. 自立 
 3. 自重 
 4. 自任",2,,問題2( )に入れるのに最もよいものを、1・2・3・4から一つ選びなさい。
"この企業は、売り上げの一部を町に寄付することで町の人々に利益を（ ）している。
 1. 返上 
 2. 還元 
 3. 配給 
 4. 譲渡",2,,問題2( )に入れるのに最もよいものを、1・2・3・4から一つ選びなさい。
"今日は朝から空が（ ）と曇っていて、今にも雨が降り出しそうだ。
 1. びっしょり 
 2. どっさり 
 3. どんより 
 4. ぐったり",3,,問題2( )に入れるのに最もよいものを、1・2・3・4から一つ選びなさい。
"この生産管理のシステムは、維持費の高さが（ ）になってなかなか普及しない。
 1. ノイズ 
 2. ロック 
 3. タブー 
 4. ネック",4,,問題2( )に入れるのに最もよいものを、1・2・3・4から一つ選びなさい。
"大きな声で歌うと、ストレスの（ ）になって気分がすっきりする。
 1. 発散 
 2. 発射 
 3. 流出 
 4. 排出",1,,問題2( )に入れるのに最もよいものを、1・2・3・4から一つ選びなさい。
"この二つの漢字はよく似ていて（ ）ので、読み間違えることがある。
 1. まぎらわしい 
 2. もっともらしい 
 3. ずうずうしい 
 4. なれなれしい",1,,問題2( )に入れるのに最もよいものを、1・2・3・4から一つ選びなさい。
"この店は細かいところまで掃除が（ ）いて、清潔だ。
 1. 行き詰って 
 2. 行き交って 
 3. 行き着いて 
 4. 行き届いて",4,,問題2( )に入れるのに最もよいものを、1・2・3・4から一つ選びなさい。
"そのチームは、名門チームが多数出場する中で、初出場で優勝という(  )を成し遂げた。
 1. 好況 
 2. 喜劇 
 3. 快挙 
 4. 繁栄",3,,問題2( )に入れるのに最もよいものを、1・2・3・4から一つ選びなさい。
"リーダーの無責任な発言が、混乱をさらに(  )することになった。
 1. 助長 
 2. 拡充 
 3. 主導 
 4. 催促",1,,問題2( )に入れるのに最もよいものを、1・2・3・4から一つ選びなさい。
"誰かを助けてあげたからといって、その分の(  )を求めてはいけない。
 1. 仕返し 
 2. 見返り 
 3. 返却 
 4. 返済",2,,問題2( )に入れるのに最もよいものを、1・2・3・4から一つ選びなさい。
"学内から選ばれた学生たちによって、代表チームが(  )された。
 1. 集約 
 2. 結合 
 3. 結成 
 4. 採集",3,,問題2( )に入れるのに最もよいものを、1・2・3・4から一つ選びなさい。
"飛行機やホテルの予約、関係者との日程調整など、出張の(  )はすべて秘書に任せている。
 1. 手配 
 2. 始末 
 3. 実施 
 4. 整備",1,,問題2( )に入れるのに最もよいものを、1・2・3・4から一つ選びなさい。
"入院生活をして、健康の大切さを(  )感じた。
 1. めきめき 
 2. せいぜい 
 3. はきはき 
 4. つくづく",4,,問題2( )に入れるのに最もよいものを、1・2・3・4から一つ選びなさい。
"高木さんは入社当初は表情が硬かったが、だんだん緊張が(  )きたらしく、笑顔を見せるようになった。
 1. かすれて 
 2. はがれて 
 3. くずれて 
 4. ほぐれて",4,,問題2( )に入れるのに最もよいものを、1・2・3・4から一つ選びなさい。
"被害者について報道するときは、仮名を用いてプライバシーを( )している。
 1. 保護 
 2. 防御 
 3. 警備 
 4. 支援",1,,問題2( )に入れるのに最もよいものを、1・2・3・4から一つ選びなさい。
"この模型は、 実際にあった建物を20分の1の大きさで( )再現した物だ。
 1. 従順に 
 2. 厳正に 
 3. 忠実に 
 4. 均等に",3,,問題2( )に入れるのに最もよいものを、1・2・3・4から一つ選びなさい。
"川の水が澄んでいてきれいだったので、両手で( )、顔を洗った。
 1. めくって 
 2. すくって 
 3. はさんで 
 4. つまんで",2,,問題2( )に入れるのに最もよいものを、1・2・3・4から一つ選びなさい。
"一生懸命働いて、ついに( )のマイホームを手に入れた。
 1. | 志望 
 2. 本意 
 3. 欲求 
 4. 念願",4,,問題2( )に入れるのに最もよいものを、1・2・3・4から一つ選びなさい。
"きれいな写真を撮るためには、まずカメラの( )を合わせることが大切です。
 1. ポーズ 
 2. カーソル 
 3. ピント 
 4. テンポ",3,,問題2( )に入れるのに最もよいものを、1・2・3・4から一つ選びなさい。
"全国大会は初出場だったが、 厳しい試合を勝ち抜いて何とか上位に( )。
 1. 乗り込んだ 
 2. 食い込んだ 
 3. 駆け込んだ 
 4. 追い込んだ",2,,問題2( )に入れるのに最もよいものを、1・2・3・4から一つ選びなさい。
"道案内をしてくれたので、( )地元の人かと思ったら、 実は観光客だった。
 1. てっきり 
 2. きっぱり 
 3. しっかり 
 4. はっきり",1,,問題2( )に入れるのに最もよいものを、1・2・3・4から一つ選びなさい。
"二つの会社の(　　)によって国内最大規模の食品会社が誕生した。
 1. 合併 
 2. 集結 
 3. 連携 
 4. 合意",1,,問題2( )に入れるのに最もよいものを、1・2・3・4から一つ選びなさい。
"中山さんは(　　) が器用で、 子供たちの洋服はすべて自分で作っているそうだ。
 1. 手元 
 2. 手芸 
 3. 手先 
 4. 手際",3,,問題2( )に入れるのに最もよいものを、1・2・3・4から一つ選びなさい。
"彼はまだ19歳だが、 20歳以上が参加できるイベントに年齢を(　　)参加しようとした。
 1. まぎらわして 
 2. ごまかして 
 3. かくして 
 4. くらまして",2,,問題2( )に入れるのに最もよいものを、1・2・3・4から一つ選びなさい。
"活動報告の案をまとめたので、確認の上、足りない点があれば(　　)してください。
 1. 混入 
 2. 添加 
 3. 加筆 
 4. 注入",3,,問題2( )に入れるのに最もよいものを、1・2・3・4から一つ選びなさい。
"原田さんは育児で何年も(　　)があったが、 資格を取得し再就職が決まったそうだ。
 1. ブランク 
 2. ギャップ 
 3. タイムラグ 
 4. スランプ",1,,問題2( )に入れるのに最もよいものを、1・2・3・4から一つ選びなさい。
"近頃の彼女の態度から、 彼女の気持ちが変わったことには(　　)気づいていた。
 1. そよそよ 
 2. うすうす 
 3. そわそわ 
 4. くよくよ",2,,問題2( )に入れるのに最もよいものを、1・2・3・4から一つ選びなさい。
"古い曲を聞いていたら、 子供の頃の友の顔が(　　)に浮かんだ。
 1. 心中 
 2. 目下 
 3. 裏目 
 4. 脳裏",4,,問題2( )に入れるのに最もよいものを、1・2・3・4から一つ選びなさい。
"その生物は、厳しい環境に(　　)できる能力を持っている。
 1. 適応 
 2. 合致 
 3. 転換 
 4. 推移",1,,問題2( )に入れるのに最もよいものを、1・2・3・4から一つ選びなさい。
"店の売り上げを五年で二倍にするという目標を(　　)、みんなで努力している。
 1. 企てて 
 2. 興して 
 3. 築いて 
 4. 掲げて",4,,問題2( )に入れるのに最もよいものを、1・2・3・4から一つ選びなさい。
"新しい市長は前市長の政策を(　　)し、駅前の開発を進めると述べた。
 1. 相続 
 2. 獲得 
 3. 踏襲 
 4. 伝承",3,,問題2( )に入れるのに最もよいものを、1・2・3・4から一つ選びなさい。
"台風で電車の到着が大幅に遅れたため、駅でしばらく (　　)された。
 1. 息抜き 
 2. 棚上げ 
 3. 待ち伏せ 
 4. 足止め",4,,問題2( )に入れるのに最もよいものを、1・2・3・4から一つ選びなさい。
"今日は試合で一日中走り続けたので、疲れて(　　)になった。
 1. めちゃめちゃ 
 2. へとへと 
 3. どろどろ 
 4. ぐちゃぐちゃ",2,,問題2( )に入れるのに最もよいものを、1・2・3・4から一つ選びなさい。
"工場の誘致について、 市長が丁寧に説明し、住民の不安の(　　)に努めた。
 1. 払拭 
 2. 喪失 
 3. 破棄 
 4. 排斥",1,,問題2( )に入れるのに最もよいものを、1・2・3・4から一つ選びなさい。
"階段でつまずいて転びそうになったので、(　　) 隣にいた友人の腕をつかんだ。
 1. じきに 
 2. いまに 
 3. とっさに 
 4. とっくに",3,,問題2( )に入れるのに最もよいものを、1・2・3・4から一つ選びなさい。
"この連載小説は全12話で (　　)する。
 1. 静止 
 2. 成就 
 3. 完結 
 4. 終息",3,,問題2( )に入れるのに最もよいものを、1・2・3・4から一つ選びなさい。
"会議で質問に答えられなくて困っていたら、課長が(　　) してくれた。
 1. キープ 
 2. フォロー 
 3. マッチ 
 4. アップ",2,,問題2( )に入れるのに最もよいものを、1・2・3・4から一つ選びなさい。
"この春、とうとう (　　)のマイホームを手に入れた。
 1. 切望 
 2. 欲望 
 3. 念願 
 4. 志願",3,,問題2( )に入れるのに最もよいものを、1・2・3・4から一つ選びなさい。
"会議ではA案に賛成したが、 (　　)を言えば、 B案のほうがいいと思う。
 1. 本音 
 2. 本気 
 3. 弱音 
 4. 弱気",1,,問題2( )に入れるのに最もよいものを、1・2・3・4から一つ選びなさい。
"先方に協力を依頼したが、(　　)断られてしまった。
 1. しんなり 
 2. やんわり 
 3. うんざり 
 4. ひんやり",2,,問題2( )に入れるのに最もよいものを、1・2・3・4から一つ選びなさい。
"(　　) ホテルでは、 全室禁煙です。
 1. 自 
 2. 主 
 3. 実 
 4. 当",4,,問題2( )に入れるのに最もよいものを、1・2・3・4から一つ選びなさい。
"新しいビジネスを始めるに当たっては、(　　)計画を立てる必要がある。
 1. 零細な 
 2. 綿密な 
 3. 繊細な 
 4. 濃密な",2,,問題2( )に入れるのに最もよいものを、1・2・3・4から一つ選びなさい。
"私はこの土地で定職に就き、生活の( )を築いた。
 1. 根拠 
 2. 基盤 
 3. 根源 
 4. 基地",2,,問題2( )に入れるのに最もよいものを、1・2・3・4から一つ選びなさい。
"議論は難航すると思ったが、すぐに意見がまとまり、( )結論が出た。
 1. すんなり 
 2. うっとり 
 3. ふんわり 
 4. こっそり",1,,問題2( )に入れるのに最もよいものを、1・2・3・4から一つ選びなさい。
"さっき駅前で佐藤さんを( )んですが、今、海外にいるはずなのに変です。
 1. 見合わせた 
 2. 見過ごした 
 3. 見かけた 
 4. 見違えた",3,,問題2( )に入れるのに最もよいものを、1・2・3・4から一つ選びなさい。
"市長の責任ある行動が住民の不安を( )し、行政に対する期待が一気に高まった。
 1. 一掃 
 2. 追放 
 3. 削除 
 4. 排出",1,,問題2( )に入れるのに最もよいものを、1・2・3・4から一つ選びなさい。
"十分に煮た野菜は味が )柔らかく、とてもおいしかった。
 1. 溶けて 
 2. 染みて 
 3. 潤って 
 4. 沈んで",2,,問題2( )に入れるのに最もよいものを、1・2・3・4から一つ選びなさい。
"このテーブルは私が子どものころから使っているので、( )があって捨てられない。
 1. 心情 
 2. 好感 
 3. 熱意 
 4. 愛着",4,,問題2( )に入れるのに最もよいものを、1・2・3・4から一つ選びなさい。
"現社長は創立者から経営の( )を学んだ。
 1. データベース 
 2. ベテラン 
 3. ライフワーク 
 4. ノウハウ",4,,問題2( )に入れるのに最もよいものを、1・2・3・4から一つ選びなさい。
"7 物置の隅で、ほこり（   ）になっている古い人形を見つけた。
 1. ぐるみ 
 2. がらみ 
 3. まみれ 
 4. ずくめ",3,,問題2( )に入れるのに最もよいものを、1・2・3・4から一つ選びなさい。
"8 木村さんとは共通の趣味があるので、いつも会話が（   ）。
 1. 舞う 
 2. 弾む 
 3. 転がる 
 4. 跳ねる",2,,問題2( )に入れるのに最もよいものを、1・2・3・4から一つ選びなさい。
"9 地域の（   ）に合った医療のシステムが求められている。
 1. 実情 
 2. 実況 
 3. 実権 
 4. 実在",1,,問題2( )に入れるのに最もよいものを、1・2・3・4から一つ選びなさい。
"10 その選手は、十年に一人の（   ）だと言われている。
 1. 玄人 
 2. 大家 
 3. 巨匠 
 4. 逸材",4,,問題2( )に入れるのに最もよいものを、1・2・3・4から一つ選びなさい。
"11 書類に（    ）があった場合、申請は受理されません。
 1. 不穏 
 2. 不当 
 3. 不備 
 4. 不順",3,,問題2( )に入れるのに最もよいものを、1・2・3・4から一つ選びなさい。
"12 約300年前の絵画の（   ）が終わり、来月から公開される予定だ。
 1. 回復 
 2. 修復 
 3. 復旧 
 4. 復興",2,,問題2( )に入れるのに最もよいものを、1・2・3・4から一つ選びなさい。
"13 経済だけでなく、法律にも詳しいのが彼の（   ）だ。
 1. 深み 
 2. 強み 
 3. 高み 
 4. 重み",2,,問題2( )に入れるのに最もよいものを、1・2・3・4から一つ選びなさい。
"この本は内容が難しすぎて、初心者には（ ）が高いと思う。
 1. リミット 
 2. ブロック 
 3. ノルマ 
 4. ハードル",4,,問題2( )に入れるのに最もよいものを、1・2・3・4から一つ選びなさい。
"8 プランの（ ）はすでに固まっています。
 1. 大筋 
 2. 大幅 
 3. 大口 
 4. 大台",1,,問題2( )に入れるのに最もよいものを、1・2・3・4から一つ選びなさい。
"本書の改訂（ ）は、９月上旬に発売の予定です。
 1. 刷 
 2. 刊 
 3. 誌 
 4. 版",4,,問題2( )に入れるのに最もよいものを、1・2・3・4から一つ選びなさい。
"システムトラブルの原因を徹底的に（ ）し、再発防止に取り組みたい。
 1. 究明 
 2. 釈明 
 3. 察知 
 4. 探知",1,,問題2( )に入れるのに最もよいものを、1・2・3・4から一つ選びなさい。
"カタカナの「ソ」と「リ」は（ ）ので、名前を書くときは気をつけてください。
 1. 悩ましい 
 2. 疑わしい 
 3. まぎらわしい 
 4. わずらわしい",3,,問題2( )に入れるのに最もよいものを、1・2・3・4から一つ選びなさい。
"この業者は魚を缶詰に（ ）し、それを海外に輸出している。
 1. 変換 
 2. 転換 
 3. 細工 
 4. 加工",4,,問題2( )に入れるのに最もよいものを、1・2・3・4から一つ選びなさい。
"市役所のロビーで、アマチュア写真家による写真展が（ ）います。
 1. 施されて 
 2. 催されて 
 3. 設けられて 
 4. 挙げられて",2,,問題2( )に入れるのに最もよいものを、1・2・3・4から一つ選びなさい。
"コピー代は、後で払うので、とりあえず( )おいてもらえませんか。
 1. 積み立てて 
 2. 引き落として 
 3. 立て替えて 
 4. 差し引いて",3,,問題2( )に入れるのに最もよいものを、1・2・3・4から一つ選びなさい。
"この問題の最終的な対応は、社長に( )することに決まった。
 1. 依存 
 2. 一任 
 3. 従属 
 4. 委託",2,,問題2( )に入れるのに最もよいものを、1・2・3・4から一つ選びなさい。
"疲れると、甘いものがなぜか( )食べたくなる。
 1. ひたむきに 
 2. むしょうに 
 3. かたくなに 
 4. いちずに",2,,問題2( )に入れるのに最もよいものを、1・2・3・4から一つ選びなさい。
"彼が自分の意見を( )主張したせいで、話し合いがちっとも進まなかった。
 1. 強硬に 
 2. 果敢に 
 3. 無謀に 
 4. 堅実に",1,,問題2( )に入れるのに最もよいものを、1・2・3・4から一つ選びなさい。
"こんな大事な取り引きは、入社2年目の社員には( )が重いだろう。
 1. 頭 
 2. 肩 
 3. 荷 
 4. 職",3,,問題2( )に入れるのに最もよいものを、1・2・3・4から一つ選びなさい。
"お気に( )ことを申し上げてしまったようで、申し訳ありません。
 1. 障る 
 2. 及ぶ 
 3. 絡む 
 4. 逆らう",1,,問題2( )に入れるのに最もよいものを、1・2・3・4から一つ選びなさい。
"この数日ずっと雨で、窓も開けられないので、部屋が( )して気持ち悪い。
 1. からっと 
 2. しっとり 
 3. じめじめ 
 4. がさがさ",3,,問題2( )に入れるのに最もよいものを、1・2・3・4から一つ選びなさい。
"現在、工場にあるすべての機械を24時間( )させて、生産量を増やしている。
 1. 展開 
 2. 稼働 
 3. 起動 
 4. 運行",2,,問題2( )に入れるのに最もよいものを、1・2・3・4から一つ選びなさい。
"世界中でインターネットの利用者数が ( )勢いで伸びている。
 1. 慌ただしい 
 2. やかましい 
 3. 勇ましい 
 4. すさまじい",4,,問題2( )に入れるのに最もよいものを、1・2・3・4から一つ選びなさい。
"海外に赴任したときは、言葉や習慣の違いから様々な困難に( )した。
 1. 隣接 
 2. 直面 
 3. 近接 
 4. 対面",2,,問題2( )に入れるのに最もよいものを、1・2・3・4から一つ選びなさい。
"失敗は誰にでもあるのだから、いつまでも( )していないで、元気を出してよ。
 1. くよくよ 
 2. のろのろ 
 3. ひっそり 
 4. ふんわり",1,,問題2( )に入れるのに最もよいものを、1・2・3・4から一つ選びなさい。
"二つの発表は優劣をつけがたいが、( ) 選ぶなら後者のほうだ。
 1. よほど 
 2. いっそう 
 3. しいて 
 4. いかにも",3,,問題2( )に入れるのに最もよいものを、1・2・3・4から一つ選びなさい。
"以下の条件に一つでも( )する人は、必ず事務室に申し出てください。
 1. 該当 
 2. 順応 
 3. 相当 
 4. 適応",1,,問題2( )に入れるのに最もよいものを、1・2・3・4から一つ選びなさい。
"机の上に置いたはずのレポートが見つからないが、ほかの書類や資料にて( )しまったのだろうか。
 1. なじんで 
 2. 絡んで 
 3. おさまって 
 4. 紛れて",4,,問題2( )に入れるのに最もよいものを、1・2・3・4から一つ選びなさい。
"この学校は教育の( )として、職業体験活動を授業に取り入れている。
 1. 一環 
 2. 一体 
 3. 内部 
 4. 部門",1,,問題2( )に入れるのに最もよいものを、1・2・3・4から一つ選びなさい。
"この商品は、特によく売れる時期というものはなく、毎月( )100個ほど売れる。
 1. クリアに 
 2. ストレートに 
 3. シンプルに 
 4. コンスタントに",4,,問題2( )に入れるのに最もよいものを、1・2・3・4から一つ選びなさい。
"中学でクラスメートだった石井さんと話しているうちに、昔の記憶が、( )きた。
 1. さかのぼって 
 2. よみがえって 
 3. 引き返して 
 4. 立ち直って",2,,問題2( )に入れるのに最もよいものを、1・2・3・4から一つ選びなさい。
"林選手は、3度目のオリンピック出場で、ついに（ ）の金メダルを 獲得した。
 1. 意欲 
 2. 志願 
 3. 欲求 
 4. 念願",4,,問題2( )に入れるのに最もよいものを、1・2・3・4から一つ選びなさい。
"鈴木さんに表彰状を贈り、永年の功績を( )。
 1. 敬った 
 2. 仰いだ 
 3. たたえた 
 4. もてなした",3,,問題2( )に入れるのに最もよいものを、1・2・3・4から一つ選びなさい。
"今回のトラブルの原因は相手側にあって、池田さんには決して( )はないよ。
 1. 悪 
 2. 非 
 3. 苦 
 4. 没",2,,問題2( )に入れるのに最もよいものを、1・2・3・4から一つ選びなさい。
"以前はさまざまなジャンルの小説を読んでいたが、最近は( )推理小説ばかりだ。
 1. ますます 
 2. しきりに 
 3. もっぱら 
 4. せめて",3,,問題2( )に入れるのに最もよいものを、1・2・3・4から一つ選びなさい。
"この商品は非常によく売れていて、どの店にも( )がほとんどない状態だ。
 1. 設置 
 2. 残留 
 3. 所持 
 4. 在庫",4,,問題2( )に入れるのに最もよいものを、1・2・3・4から一つ選びなさい。
"企業の海外進出は()を伴うが、成功すれば利益は大きい。
 1. アウト 
 2. エラー 
 3. リスク 
 4. ダウン",3,,問題2( )に入れるのに最もよいものを、1・2・3・4から一つ選びなさい。
"不景気が続いても父の会社が倒産しなかったのは、設立以来、( ) 経営を続けてきたおかげだ。
 1. 切実な 
 2. 堅実な 
 3. 安泰な 
 4. 安易な",2,,問題2( )に入れるのに最もよいものを、1・2・3・4から一つ選びなさい。
"品質の劣化を防ぐには、光を通さない黒い箱に入れて、光を()する必要がある。
 1. 拒絶 
 2. 駆除 
 3. 遮断 
 4. 隔離",3,,問題2( )に入れるのに最もよいものを、1・2・3・4から一つ選びなさい。
"久しぶりに帰省すると、町の様子が ( ) 変わっていて、驚いた。
 1. がらりと 
 2. ずらりと 
 3. けろりと 
 4. ちらりと",1,,問題2( )に入れるのに最もよいものを、1・2・3・4から一つ選びなさい。
"中村さんの勝手な行動には強い怒りを覚えたが、友人に ( )、少し気持ちが落ち着いた。
 1. 親しまれて 
 2. なだめられて 
 3. 勧められ 
 4. ゆだねられて",2,,問題2( )に入れるのに最もよいものを、1・2・3・4から一つ選びなさい。
"部長は昨日の会議で、新企画について大枠は説明したが、具体的な開始時期には( )しなかった。
 1. 供述 
 2. 言及 
 3. 告白 
 4. 通話",2,,問題2( )に入れるのに最もよいものを、1・2・3・4から一つ選びなさい。
"問題の再発防止のために、何度も会議を聞いて対策を( )。
 1. 培った 
 2. 築いた 
 3. 練った 
 4. 磨いた",3,,問題2( )に入れるのに最もよいものを、1・2・3・4から一つ選びなさい。
"私はスポーツなら何でも好きだが、( ) サッカーが大好きだ。
 1. いよいよ 
 2. まさしく 
 3. いっそう 
 4. とりわけ",4,,問題2( )に入れるのに最もよいものを、1・2・3・4から一つ選びなさい。
"職場の環境に満足していたので、その当時は転職など全く( )になかった。
 1. 念頭 
 2. 本心 
 3. 念願 
 4. 内心",1,,問題2( )に入れるのに最もよいものを、1・2・3・4から一つ選びなさい。
"妹は今日が初めてのデートらしく、朝から( )して落ち着かない様子だ。
 1. ぐらぐら 
 2. そわそわ 
 3. ぶらぶら 
 4. めそめそ",2,,問題2( )に入れるのに最もよいものを、1・2・3・4から一つ選びなさい。
"パーティーでは林さんが料理を作って、みんなにその( )を披露してくれた。
 1. そぶり 
 2. しわざ 
 3. 腕前 
 4. 手間",3,,問題2( )に入れるのに最もよいものを、1・2・3・4から一つ選びなさい。
"自分の考えに自信がなくて発言するのを( )いるうちに、議論が先に進んでしまった。
 1. 遠ざけて 
 2. ためらって 
 3. 案じて 
 4. よけて",2,,問題2( )に入れるのに最もよいものを、1・2・3・4から一つ選びなさい。
"マラソン大会が終わり、先ほど道路の交通規制が( )されました。
 1. 解除 
 2. 解禁 
 3. 廃止 
 4. 停止",1,,問題2( )に入れるのに最もよいものを、1・2・3・4から一つ選びなさい。
"記事のすぐ下に写真を載せるなど( )を工夫すれば、もっと読みやすくなるだろう。
 1. スケッチ 
 2. レイアウト 
 3. アウトライン 
 4. ルックス",2,,問題2( )に入れるのに最もよいものを、1・2・3・4から一つ選びなさい。
"来春から始まる情報番組の司会に、若手のアナウンサーを( )することが決まった。
 1. 採取 
 2. 引用 
 3. 採択 
 4. 起用",4,,問題2( )に入れるのに最もよいものを、1・2・3・4から一つ選びなさい。
"事件発生の連絡を受け、記者たちは急いで現場に( )。
 1. 寄りかかった 
 2. 駆けつけた 
 3. 結びついた 
 4. 突っ込んだ",2,,問題2( )に入れるのに最もよいものを、1・2・3・4から一つ選びなさい。
"この食品会社は、薬品や化粧品の分野にも進出し、( )経営に乗り出している。
 1. 建設的な 
 2. 普遍的な 
 3. 圧倒的な 
 4. 多角的な",4,,問題2( )に入れるのに最もよいものを、1・2・3・4から一つ選びなさい。
"毎年8月の祭りは、県内外から集まった数千人が歌や踊りに参加し、( )行われる。
 1. 鮮烈に 
 2. 絶大に 
 3. 盛大に 
 4. 熱烈に",3,,問題2( )に入れるのに最もよいものを、1・2・3・4から一つ選びなさい。
"あの人はいつも( )忙しそうに動き回っている。
 1. のろのろと 
 2. すいすいと 
 3. せかせかと 
 4. ふらふらと",3,,問題2( )に入れるのに最もよいものを、1・2・3・4から一つ選びなさい。
"会議の直前に部長の都合が悪くなり、（ ）私が代理で出席することになった。
 1. 瞬時に 
 2. 迅速に 
 3. 即刻 
 4. 急遽",4,,問題2( )に入れるのに最もよいものを、1・2・3・4から一つ選びなさい。
"あの人は｢申請書は締め切りまでに絶対に提出した｣と、まだ（ ）いる
 1. 言い残して 
 2. 言い張って 
 3. 言い渡して 
 4. 言い放って",2,,問題2( )に入れるのに最もよいものを、1・2・3・4から一つ選びなさい。
"このままでは交渉がまとまらないので、互いに（ ）せざるをえない。
 1. 同調 
 2. 妥協 
 3. 和解 
 4. 融合",2,,問題2( )に入れるのに最もよいものを、1・2・3・4から一つ選びなさい。
"この論文が今後の医学の発展に（ ）するところは大きいだろう。
 1. 寄与 
 2. 普及 
 3. 供与 
 4. 波及",1,,問題2( )に入れるのに最もよいものを、1・2・3・4から一つ選びなさい。
"今年の花火大会は、30万人を超える（ ）が予想されている。
 1. 人込み 
 2. 人波 
 3. 人通り 
 4. 人出",4,,問題2( )に入れるのに最もよいものを、1・2・3・4から一つ選びなさい。
"仕事の分担を決める前に、必要な作業をすべて（ ）した。
 1. リストアップ 
 2. エントリー 
 3. ストック 
 4. コーディネート",1,,問題2( )に入れるのに最もよいものを、1・2・3・4から一つ選びなさい。
"朝から頭痛がひどかったが、薬を飲んだら、だいぶ痛みが（ ）きた。
 1. 弱って 
 2. 和らいで 
 3. 薄まって 
 4. 安らいで",2,,問題2( )に入れるのに最もよいものを、1・2・3・4から一つ選びなさい。
"星の降らない日がこれ以上続けば、農業に影響するだけでなく、日常生活にも( )を来すおそれがある。
 1. 苦境 
 2. 不況 
 3. 支障 
 4. 停滞",3,,問題2( )に入れるのに最もよいものを、1・2・3・4から一つ選びなさい。
"その空き地には、( )量のごみが捨てられて、山のようになっていた。
 1. 目まぐるしい 
 2. 限りない 
 3. 極まりない 
 4. おびただしい",4,,問題2( )に入れるのに最もよいものを、1・2・3・4から一つ選びなさい。
"この歌手は若者の間で( )な人気を誇っている。
 1. 絶大 
 2. 膨大 
 3. 偉大 
 4. 強大",1,,問題2( )に入れるのに最もよいものを、1・2・3・4から一つ選びなさい。
"話し合いは平行線を( )、結局一致点を見いだせなかった。
 1. あゆみ 
 2. たどり 
 3. なぞり 
 4. つたい",2,,問題2( )に入れるのに最もよいものを、1・2・3・4から一つ選びなさい。
"弊社の採用試験では、筆記試験よりも面接に( )を置いています。
 1. ウエイト 
 2. トップ 
 3. パワー 
 4. メイン",1,,問題2( )に入れるのに最もよいものを、1・2・3・4から一つ選びなさい。
"当選した林氏は取材に対して、今回の選挙は終盤まで( )を許さない厳しい戦いだったと語った。
 1. 予期 
 2. 見通し 
 3. 見込み 
 4. 予断",4,,問題2( )に入れるのに最もよいものを、1・2・3・4から一つ選びなさい。
"田中さんはいつも手際よく( )仕事を進めている。
 1. めきめきと 
 2. さらさらと 
 3. てきぱきと 
 4. すくすくと",3,,問題2( )に入れるのに最もよいものを、1・2・3・4から一つ選びなさい。
"議会に提出された条例は賛成多数で( )された。
 1. 判別 
 2. 採取 
 3. 選出 
 4. 可決",4,,問題2( )に入れるのに最もよいものを、1・2・3・4から一つ選びなさい。
"この国に来たころは言葉も通じず知人もいなくてとても( )気持ちになったものだ。
 1. かすかな 
 2. 心細い 
 3. ひそかな 
 4. 心無い",2,,問題2( )に入れるのに最もよいものを、1・2・3・4から一つ選びなさい。
"A社は銀行からの支援によって経営の悪化を何とか()ことができた。
 1. 投げ出す 
 2. 吸い上げる 
 3. 打ち切る 
 4. 食い止める",4,,問題2( )に入れるのに最もよいものを、1・2・3・4から一つ選びなさい。
"この会社の営業部では社員一人一人に毎週厳しい()が課されている。
 1. キャリア 
 2. ノルマ 
 3. チーフ 
 4. コスト",2,,問題2( )に入れるのに最もよいものを、1・2・3・4から一つ選びなさい。
"今日の対談はサッカー選手と物理学者という()の組み合わせで行われる。
 1. 異色 
 2. 大差 
 3. 変形 
 4. 遠隔",1,,問題2( )に入れるのに最もよいものを、1・2・3・4から一つ選びなさい。
"この美しい映像はコンピュータの最新技術を( )して作られたものだ。
 1. 駆使 
 2. 引用 
 3. 充当 
 4. 摂取",1,,問題2( )に入れるのに最もよいものを、1・2・3・4から一つ選びなさい。
"この数年で数々の食品問題が発覚し食の安全に対する信頼が()はじめた。
 1. 震え 
 2. 浮かれ 
 3. 揺らぎ 
 4. 乱れ",3,,問題2( )に入れるのに最もよいものを、1・2・3・4から一つ選びなさい。
"森選手は記者会見で今シーズン限りで引退することを( )した。
 1. 証言 
 2. 開示 
 3. 供述 
 4. 表明",4,,問題2( )に入れるのに最もよいものを、1・2・3・4から一つ選びなさい。
"政治家の高木氏は、全国各地を飛び回って( ) 講演を行い、政策の支持を呼び掛けた。
 1. 圧倒的に 
 2. 精力的に 
 3. 急進的に 
 4. 普遍的に",2,,問題2( )に入れるのに最もよいものを、1・2・3・4から一つ選びなさい。
"友人に預けてきたベットのことが( )で、旅行はあまり楽しめなかった。
 1. 手つかず 
 2. 眼病 
 3. 気がかり 
 4. 迷惑",3,,問題2( )に入れるのに最もよいものを、1・2・3・4から一つ選びなさい。
"この1年間の市の人口の( )を示したものです。
 1. 推移 
 2. 過程 
 3. 転換 
 4. 変容",1,,問題2( )に入れるのに最もよいものを、1・2・3・4から一つ選びなさい。
"予算が減らされたことにより、その事業は継続が( )いる。
 1. 損なわれて 
 2. 恐れられて 
 3. 崩されて 
 4. 危ぶまれて",4,,問題2( )に入れるのに最もよいものを、1・2・3・4から一つ選びなさい。
"この箱の中には本が詰まっていて、( )重い。
 1. ぐらぐらと 
 2. どんよりと 
 3. ずっしりと 
 4. じめじめと",3,,問題2( )に入れるのに最もよいものを、1・2・3・4から一つ選びなさい。
"二つの商品を並べると、それらの違いは( )としていて、片方は偽物だとすぐに分かる。
 1. 歴然 
 2. 整然 
 3. 続々 
 4. 堂々",1,,問題2( )に入れるのに最もよいものを、1・2・3・4から一つ選びなさい。
"上司は私の提案を( )した。
 1. 脱却 
 2. 駆除 
 3. 却下 
 4. 除去",3,,問題2( )に入れるのに最もよいものを、1・2・3・4から一つ選びなさい。
"この子は好奇心が ( )で、わからないことは何でも知りたがる。
 1. 全盛 
 2. 旺盛 
 3. 盛況 
 4. 盛大",2,,問題2( )に入れるのに最もよいものを、1・2・3・4から一つ選びなさい。
"このテープルは、脚の部分に美しい彫刻が( )いる。
 1. 設けられて 
 2. 装われて 
 3. 据えられて 
 4. 施されて",4,,問題2( )に入れるのに最もよいものを、1・2・3・4から一つ選びなさい。
"原油価格が高騰し、その( )が世界中に広がっている。
 1. 転移 
 2. 投影 
 3. 感染 
 4. 余波",4,,問題2( )に入れるのに最もよいものを、1・2・3・4から一つ選びなさい。
"( )の利益ばかり考えないで、もっと長期的に物事を捉えなければならな
 1. 目先 
 2. 手中 
 3. 足場 
 4. 背後",1,,問題2( )に入れるのに最もよいものを、1・2・3・4から一つ選びなさい。
"小さなけんかがもとで、友達との関係が、( )している。
 1. しょんぼり 
 2. ぎくしゃく 
 3. ぼんやり 
 4. うろちょろ",2,,問題2( )に入れるのに最もよいものを、1・2・3・4から一つ選びなさい。
"社長は、会社の将来を( )人材の育成に力を入れている。
 1. になう 
 2. いたわる 
 3. やしなう 
 4. かかげる",1,,問題2( )に入れるのに最もよいものを、1・2・3・4から一つ選びなさい。
"子どもたちは (  )なリズムに合わせ、 手をたたいたり、踊ったりした。
 1. 手軽 
 2. 軽率 
 3. 気軽 
 4. 軽快",4,,問題2( )に入れるのに最もよいものを、1・2・3・4から一つ選びなさい。
"予習、授業、復習という( )を繰り返すことで、知識の定着を図る。
 1. ピッチ 
 2. サイクル 
 3. シフト 
 4. ペース",2,,問題2( )に入れるのに最もよいものを、1・2・3・4から一つ選びなさい。
"当事者間では紛争が解決できず、 第三者が ( )に入った。
 1. 代行 
 2. 仲裁 
 3. 干渉 
 4. 媒介",2,,問題2( )に入れるのに最もよいものを、1・2・3・4から一つ選びなさい。
"そのいたずらは息子の( )に違いない。
 1. しわざ 
 2. そぶり 
 3. 腕前 
 4. 扱い",1,,問題2( )に入れるのに最もよいものを、1・2・3・4から一つ選びなさい。
"完成間際のマンションに欠陥があることが( )して、工事が中止された。
 1. 発覚 
 2. 派生 
 3. 波及 
 4. 露出",1,,問題2( )に入れるのに最もよいものを、1・2・3・4から一つ選びなさい。
"この温泉には肌にいい成分が含まれているので、 入浴後は肌が( )になります。
 1. ざらざら 
 2. ねばねば 
 3. すべすべ 
 4. ごつごつ",3,,問題2( )に入れるのに最もよいものを、1・2・3・4から一つ選びなさい。
"議論が( )、話し合いは平行線をたどった。
 1. 掛け合わなくて 
 2. 張り合わなくて 
 3. かみ合わなくて 
 4. 釣り合わなくて",3,,問題2( )に入れるのに最もよいものを、1・2・3・4から一つ選びなさい。
"今回の遺跡の発見はこれまでの説を(　　)から覆すものになりそうだ。
 1. 拠点 
 2. 根底 
 3. 原本 
 4. 元祖",2,,問題2( )に入れるのに最もよいものを、1・2・3・4から一つ選びなさい。
"1年で一番忙しい時期なので、休日を(　　)して働いています。
 1. 寄付 
 2. 還元 
 3. 進呈 
 4. 返上",4,,問題2( )に入れるのに最もよいものを、1・2・3・4から一つ選びなさい。
"外部からの問い合わせの電話は、用件を確認して担当者に (　　) ください。
 1. 繰り越して 
 2. 差し替えて 
 3. 引き渡して 
 4. 取り次いで",4,,問題2( )に入れるのに最もよいものを、1・2・3・4から一つ選びなさい。
"新しい生活への期待と不安が (　　) し、気持ちが落ち着かない。
 1. 交錯 
 2. 混合 
 3. 連動 
 4. 反発",1,,問題2( )に入れるのに最もよいものを、1・2・3・4から一つ選びなさい。
"トンネル工事が始まって 1. 年になるが、地盤の弱い箇所があり、工事は (　　) している。
 1. 難航 
 2. 低迷 
 3. 衰退 
 4. 脱落",1,,問題2( )に入れるのに最もよいものを、1・2・3・4から一つ選びなさい。
"会場は、人々の話し声で (　　) と騒がしく、アナウンスがよく聞こえなかった。
 1. じわじわ 
 2. どろどろ 
 3. がやがや 
 4. べたべた",3,,問題2( )に入れるのに最もよいものを、1・2・3・4から一つ選びなさい。
"登山に誘われたが、あまり経験がないので、みんなの (　　) になると思い、断った。
 1. 骨折り 
 2. 足手まとい 
 3. 裏目 
 4. および腰",2,,問題2( )に入れるのに最もよいものを、1・2・3・4から一つ選びなさい。
"各国のテレビがそのニュースを( )。
 1. 投じた 
 2. 配送した 
 3. 報じた 
 4. 配布した",3,,問題2( )に入れるのに最もよいものを、1・2・3・4から一つ選びなさい。
"森林伐採が環境に ( ) 影響は大きい。
 1. 及ぼす 
 2. 授ける 
 3. 費やす 
 4. 掲げる",1,,問題2( )に入れるのに最もよいものを、1・2・3・4から一つ選びなさい。
"吉田さんは弁護士として20年もの( )を積んできた。
 1. ベテラン 
 2. ポジション 
 3. ステータス 
 4. キャリア",4,,問題2( )に入れるのに最もよいものを、1・2・3・4から一つ選びなさい。
"この小説の主人公は、 歴史 ( )の人物をモデルにしている。
 1. 上 
 2. 面 
 3. 側 
 4. 内",1,,問題2( )に入れるのに最もよいものを、1・2・3・4から一つ選びなさい。
"交渉が ( ) 進み、 無事に契約することができた。
 1. しとやかに 
 2. しなやかに 
 3. 円滑に 
 4. 急性に",3,,問題2( )に入れるのに最もよいものを、1・2・3・4から一つ選びなさい。
"次の大会に向けて、チームの ( )を強めよう。
 1. 収束 
 2. 結束 
 3. 親密 
 4. 緊密",2,,問題2( )に入れるのに最もよいものを、1・2・3・4から一つ選びなさい。
"その企業は巨大な資本を ( )に、海外の市場に進出した。
 1. 背景 
 2. 根源 
 3. 後援 
 4. 発端",1,,問題2( )に入れるのに最もよいものを、1・2・3・4から一つ選びなさい。
"商品の値段を間違えて表示していたため、お客さんから( )が来た。
 1. エラー 
 2. ノルマ 
 3. ダメージ 
 4. クレーム",4,,問題2( )に入れるのに最もよいものを、1・2・3・4から一つ選びなさい。
"御社は新技術を導入することになった( )についてお聞かせください。
 1. 軌道 
 2. 経緯 
 3. 経路 
 4. 軌跡",2,,問題2( )に入れるのに最もよいものを、1・2・3・4から一つ選びなさい。
"この映画のストーリーは、地球の歴史を描いた( )ものだ。
 1. 絶大な 
 2. 壮大な 
 3. 盛大な 
 4. 甚大な",2,,問題2( )に入れるのに最もよいものを、1・2・3・4から一つ選びなさい。
"試験前の一週間は、朝から晩まで( )勉強した。
 1. みっちり 
 2. ぐっすり 
 3. べったり 
 4. めっきり",1,,問題2( )に入れるのに最もよいものを、1・2・3・4から一つ選びなさい。
"住民からの要望で、空き地に放置されたごみの ( )が行われた。
 1. 消去 
 2. 駆除 
 3. 削除 
 4. 撤去",4,,問題2( )に入れるのに最もよいものを、1・2・3・4から一つ選びなさい。
"今年のマラソン大会は、天候不良により数日前から開催が ( )いたが、当日は無事 に行われた。
 1. おそれられて 
 2. あやぶまれて 
 3. にらまれて 
 4. しぶられて",2,,問題2( )に入れるのに最もよいものを、1・2・3・4から一つ選びなさい。
"注文していたテレビゲームが明日届くので、早く遊びたくて( )している。
 1. びくびく 
 2. おどおど 
 3. うずうず 
 4. はらはら",3,,問題2( )に入れるのに最もよいものを、1・2・3・4から一つ選びなさい。
"会社を( )させるためには、経営の改善が不可欠である。
 1. 存続 
 2. 存亡 
 3. 依存 
 4. 現存",1,,問題2( )に入れるのに最もよいものを、1・2・3・4から一つ選びなさい。
"空港建設に関する調査では、賛成( )が多数を占めた。
 1. 系 
 2. 帯 
 3. 圏 
 4. 派",4,,問題2( )に入れるのに最もよいものを、1・2・3・4から一つ選びなさい。
"この地方には、昔からお祝いのとき餅を食べる( )がある。
 1. 風土 
 2. 風習 
 3. 風物 
 4. 風情",2,,問題2( )に入れるのに最もよいものを、1・2・3・4から一つ選びなさい。
"友人が困っているのに何もできず、とても( )。
 1. 堅苦しかった 
 2. あじけなかった 
 3. 厚かましかった 
 4. もどかしかった",4,,問題2( )に入れるのに最もよいものを、1・2・3・4から一つ選びなさい。
"彼はこの機械の開発者なので、仕組みを( )しているはずだ。
 1. 熟成 
 2. 熟知 
 3. 探索 
 4. 探知",2,,問題2( )に入れるのに最もよいものを、1・2・3・4から一つ選びなさい。
"妹はピアノを習い始めると( )上達して、コンクールで優勝できるまでになった。
 1. ぐずぐず 
 2. だらだら 
 3. めきめき 
 4. うろうろ",3,,問題2( )に入れるのに最もよいものを、1・2・3・4から一つ選びなさい。
"交渉がまとまりそうだったのに、余計なことを言ったせいで話が( )しまった。
 1. もたれて 
 2. おぼれて 
 3. こじれて 
 4. しびれて",3,,問題2( )に入れるのに最もよいものを、1・2・3・4から一つ選びなさい。
"今回の事故から得た( )をもとに、再発を防止するための対策を立てた。
 1. 触発 
 2. 啓発 
 3. 教養 
 4. 教訓",4,,問題2( )に入れるのに最もよいものを、1・2・3・4から一つ選びなさい。
"林さんは服の( )が抜群で、いつもすてきな服装をしている。
 1. センス 
 2. タイミング 
 3. ステップ 
 4. ニュアンス",1,,問題2( )に入れるのに最もよいものを、1・2・3・4から一つ選びなさい。
"A 社は、開発した技術が( )するのを防ぐため、管理体制を強化した。
 1. 展開 
 2. 発散 
 3. 流出 
 4. . 転向",3,,問題2( )に入れるのに最もよいものを、1・2・3・4から一つ選びなさい。
"どんな苦難に直面しても、最善を( )よう努めている。
 1. 遂げる 
 2. 尽くす 
 3. 果たす 
 4. 極める",2,,問題2( )に入れるのに最もよいものを、1・2・3・4から一つ選びなさい。
"駅から博物館まではバスが( )出ているので、ほとんど待たずに乗ることができる。
 1. 頻繁に 
 2. 緊密に 
 3. 活発に 
 4. 円滑に",1,,問題2( )に入れるのに最もよいものを、1・2・3・4から一つ選びなさい。
"一日中歩いて( )疲れたので、今夜はゆっくり休みたい。
 1. すっきり 
 2. からからに 
 3. へとへとに 
 4. ぎっしり",3,,問題2( )に入れるのに最もよいものを、1・2・3・4から一つ選びなさい。
"母に相談したかったが、忙しそうだったので、なかなか話を( )ことができなかった。
 1. 押し込む 
 2. 切り出す 
 3. 割り当てる 
 4. 持ち上げる。",2,,問題2( )に入れるのに最もよいものを、1・2・3・4から一つ選びなさい。
"大学をやめると言ったら、母に（ ）反対された。
 1. 猛 
 2. 強 
 3. 頑 
 4. 厳",1,,問題2( )に入れるのに最もよいものを、1・2・3・4から一つ選びなさい。
"ぞんな軽装で冬の山に登るなんて、（ ）だ。
 1. 無残 
 2. 無謀 
 3. 無実 
 4. 無念",2,,問題2( )に入れるのに最もよいものを、1・2・3・4から一つ選びなさい。
"今回の作品は、彼にとって（ ）の出来と言えるだろう。
 1. 核心 
 2. 真心 
 3. 会心 
 4. 気心",3,,問題2( )に入れるのに最もよいものを、1・2・3・4から一つ選びなさい。
"この言葉には、やや批判的な（ ）が含まれている。
 1. センス 
 2. キャラクター 
 3. ニュアンス 
 4. インスピレーション",3,,問題2( )に入れるのに最もよいものを、1・2・3・4から一つ選びなさい。
"この辺りは、高速道路と鉄道が（ ）して走っている。
 1. 同調 
 2. 並列 
 3. 同伴 
 4. 並行",4,,問題2( )に入れるのに最もよいものを、1・2・3・4から一つ選びなさい。
"この文章は新聞記事からの（ ）です。
 1. 抽選 
 2. 摘出 
 3. 採取 
 4. 抜粋",4,,問題2( )に入れるのに最もよいものを、1・2・3・4から一つ選びなさい。
"コピー用紙の（ ）が減ったら、注文しておいてください。
 1. キープ 
 2. チャージ 
 3. ストック 
 4. シェア",3,,問題2( )に入れるのに最もよいものを、1・2・3・4から一つ選びなさい。
"何度も交渉した末に、ようやく両社は ( )して、契約が成立した。
 1. 合意 
 2. 帰結 
 3. 適用 
 4. 順応",1,,問題2( )に入れるのに最もよいものを、1・2・3・4から一つ選びなさい。
"鈴木選手の活躍は、テレビや新聞など、様々な( )で紹介された。
 1. データベース 
 2. コミュニケーション 
 3. メディア 
 4. スクリーン",3,,問題2( )に入れるのに最もよいものを、1・2・3・4から一つ選びなさい。
"来週の研修会への参加は、( )はしませんので、希望者のみ申し込んでください。
 1. 強制 
 2. 圧迫 
 3. 束縛 
 4. 固執",1,,問題2( )に入れるのに最もよいものを、1・2・3・4から一つ選びなさい。
"高橋さんは明るくて( )だから、そんな細かいことは気にしないと思うよ。
 1. あざやか 
 2. おおらか 
 3. すみやか 
 4. ささやか",2,,問題2( )に入れるのに最もよいものを、1・2・3・4から一つ選びなさい。
"この歌は、子どもからお年寄りまで( )年齢層に親しまれている。
 1. 分厚い 
 2. 幅広い 
 3. 広大な 
 4. 重厚な",2,,問題2( )に入れるのに最もよいものを、1・2・3・4から一つ選びなさい。
"この小説の主人公は、非常に感情の( )が激しい人物だと思う。
 1. 高低 
 2. 出没 
 3. 明暗 
 4. 起伏",4,,問題2( )に入れるのに最もよいものを、1・2・3・4から一つ選びなさい。
"森さんは、その話を聞いた時は動揺していたが、次第にいつもの冷静さを( )。
 1. 引き寄せた 
 2. 呼び込んだ 
 3. 取り戻した 
 4. 受け入れた",3,,問題2( )に入れるのに最もよいものを、1・2・3・4から一つ選びなさい。
"小型カメラの国内市場では、弊社が20パーセントの ( )を占めています。
 1. レート 
 2. レベル 
 3. ランク 
 4. シェア",4,,問題2( )に入れるのに最もよいものを、1・2・3・4から一つ選びなさい。
"転勤の意向を上司からそれとなく( )されたが、返答に迷っている。
 1. 自問 
 2. 打診 
 3. 試行 
 4. 探索",2,,問題2( )に入れるのに最もよいものを、1・2・3・4から一つ選びなさい。
"新しい上司は、元警察官という( )の持ち主だ。
 1. 由来 
 2. 経路 
 3. 経歴 
 4. 従来",3,,問題2( )に入れるのに最もよいものを、1・2・3・4から一つ選びなさい。
"布のバッグは水が染み込みやすいが、このバッグは水を( ) 素材で作られているので、雨の日も安心だ。
 1. はじく 
 2. そらす 
 3. さける 
 4. こばむ",1,,問題2( )に入れるのに最もよいものを、1・2・3・4から一つ選びなさい。
"今回の活動の趣旨は、この団体の設立目的から大きく( )している。
 1. 脱退 
 2. 逸脱 
 3. 分散 
 4. 拡散",2,,問題2( )に入れるのに最もよいものを、1・2・3・4から一つ選びなさい。
"インターネットを使えば、様々な情報を( )簡単に入手できる。
 1. あえて、 
 2. いっそ 
 3. せめて 
 4. いとも",4,,問題2( )に入れるのに最もよいものを、1・2・3・4から一つ選びなさい。
"河原の石は形も大きさも( )で、同じものが一つもないように見えた。
 1. ごろごろ 
 2. まちまち 
 3. ぐらぐら 
 4. ぬるぬる",2,,問題2( )に入れるのに最もよいものを、1・2・3・4から一つ選びなさい。
"A 社の__コンパクトな__車がよく売れている。
 1. 新型の 
 2. 小型の 
 3. 家族向きの 
 4. 若者向きの",2,,問題3\_の言葉に意味が最も近いものを、 1・2・3・4から一つ選びなさい。
"無駄な経費は__極力__減らそう。
 1. できるだけ 
 2. 大幅に 
 3. 一気に 
 4. 思い切って",1,,問題3\_の言葉に意味が最も近いものを、 1・2・3・4から一つ選びなさい。
"彼は「あ、忘れてた」と__つぶやく__と、その場を去って行った。
 1. ゆっくり言う 
 2. 大きな声で言う 
 3. 早口で言う 
 4. 小さな声で言う",4,,問題3\_の言葉に意味が最も近いものを、 1・2・3・4から一つ選びなさい。
"目撃者の証言には__不審な__点があった。
 1. でたらめな 
 2. 頼りない 
 3. 怪しい 
 4. あいまいな",3,,問題3\_の言葉に意味が最も近いものを、 1・2・3・4から一つ選びなさい。
"何時間もグラウンドで練習していたので、__ばてて__しまった。
 1. 疲れて 
 2. 飽きて 
 3. のどが渇いて 
 4. おなかがすいて",1,,問題3\_の言葉に意味が最も近いものを、 1・2・3・4から一つ選びなさい。
"どんな厳しい状況でも任務を__まっとうする__覚悟がある。
 1. 継続する 
 2. 完了する 
 3. 実行する 
 4. 担当する",2,,問題3\_の言葉に意味が最も近いものを、 1・2・3・4から一つ選びなさい。
"14 この映画は__画期的な__手法で製作された。
 1. 広く知られている 
 2. 最近ではめずらしい 
 3. 非常に時間がかかる 
 4. 今までになく新しい",4,,問題3\_の言葉に意味が最も近いものを、 1・2・3・4から一つ選びなさい。
"15 あの企業は海外市場への進出を__もくろんで__いる。
 1. 計画して 
 2. 果たして 
 3. 開始して 
 4. あきらめて",1,,問題3\_の言葉に意味が最も近いものを、 1・2・3・4から一つ選びなさい。
"16 問題を解決するために、もう少し__手がかり__が欲しい。
 1. イメージ 
 2. サポート 
 3. チャンス 
 4. ヒント",4,,問題3\_の言葉に意味が最も近いものを、 1・2・3・4から一つ選びなさい。
"17 あの人の話は__にわかには__信じられない。
 1. すぐには 
 2. 完全には 
 3. すなおには 
 4. 簡単には",1,,問題3\_の言葉に意味が最も近いものを、 1・2・3・4から一つ選びなさい。
"18 この鍋は__重宝している__。
 1. 以前より値上がりしている 
 2. 形が気に入っている 
 3. 評価が高まっている 
 4. 便利で役に立っている",4,,問題3\_の言葉に意味が最も近いものを、 1・2・3・4から一つ選びなさい。
"19 中村さんは仕事に対していつも__シビアだ__。
 1. 弱気だ 
 2. 厳しい 
 3. 柔軟だ 
 4. 注意深い",2,,問題3\_の言葉に意味が最も近いものを、 1・2・3・4から一つ選びなさい。
"山田先生に__触発__されて、画家の道を志しました。
 1. 指導を受けて 
 2. 刺激を受けて 
 3. 援助を受けて 
 4. 評価を受けて",2,,問題3\_の言葉に意味が最も近いものを、 1・2・3・4から一つ選びなさい。
"試合後のインタビューで、選手たちは__すがすがしい__表情で質問に答えていた。
 1. ほっとした 
 2. 興奮した 
 3. さわやかな 
 4. 真剣な",3,,問題3\_の言葉に意味が最も近いものを、 1・2・3・4から一つ選びなさい。
"この部屋にある家具は、どれも__簡素な__デザインのものだった。
 1. クールな 
 2. モダンな 
 3. ユニークな 
 4. シンプルな",4,,問題3\_の言葉に意味が最も近いものを、 1・2・3・4から一つ選びなさい。
"17 彼の誕生日パーティーの準備を、友人数人と__ひそかに__進めている。
 1. こっそり 
 2. 張り切って 
 3. のんびり 
 4. 急いで",1,,問題3\_の言葉に意味が最も近いものを、 1・2・3・4から一つ選びなさい。
"高橋選手は今年の大会への参加を__断念した__らしい。
 1. きめた 
 2. あきらめた 
 3. ことわった 
 4. のぞんだ",2,,問題3\_の言葉に意味が最も近いものを、 1・2・3・4から一つ選びなさい。
"努力をすれば__おのずと__結果に表れてくる。
 1. だんだん 
 2. はっきり 
 3. 自然に 
 4. 絶対に",3,,問題3\_の言葉に意味が最も近いものを、 1・2・3・4から一つ選びなさい。
"__すみやかに__片づけてください。
 1. 元の通りに 
 2. できるだけきれいに 
 3. できるだけ早く 
 4. 決めた通りに",3,,問題3\_の言葉に意味が最も近いものを、 1・2・3・4から一つ選びなさい。
"高橋さんの主張は__漠然としていた__。
 1. ぼんやりしていた 
 2. ごちゃごちゃしていた 
 3. あっさりしていた 
 4. はっきりしていた",1,,問題3\_の言葉に意味が最も近いものを、 1・2・3・4から一つ選びなさい。
"__妨害する__つもりはなかったんです。
 1. だます 
 2. いたずらする 
 3. からかう 
 4. じゃまする",4,,問題3\_の言葉に意味が最も近いものを、 1・2・3・4から一つ選びなさい。
"池田さんは、いつも__エレガント__な服を着ている。
 1. 活動的な 
 2. 地味な 
 3. 上品な 
 4. 個性的な",3,,問題3\_の言葉に意味が最も近いものを、 1・2・3・4から一つ選びなさい。
"__つかの間__の休息だった。
 1. 短い 
 2. 久しぶりの 
 3. 充実した 
 4. 十分な",1,,問題3\_の言葉に意味が最も近いものを、 1・2・3・4から一つ選びなさい。
"また__しくじって__しまった。
 1. 緊張して 
 2. 失敗して 
 3. 遅刻して 
 4. 誤解して",2,,問題3\_の言葉に意味が最も近いものを、 1・2・3・4から一つ選びなさい。
"商品の原価が上がったが、販売価格への影響は__当面__ないだろう。
 1. しばらくは 
 2. 直接は 
 3. まさか 
 4. 大して",1,,問題3\_の言葉に意味が最も近いものを、 1・2・3・4から一つ選びなさい。
"今回の開発計画は、これまでのものとは__スケール__が違う。
 1. 方針 
 2. 規模 
 3. 目的 
 4. 意義",2,,問題3\_の言葉に意味が最も近いものを、 1・2・3・4から一つ選びなさい。
"友人は__しきりに__うなずきながら話を聞いていた。
 1. 小さく 
 2. 時々 
 3. 大きく 
 4. 何度も",4,,問題3\_の言葉に意味が最も近いものを、 1・2・3・4から一つ選びなさい。
"__先方__に確認した上で、企画書の内容を決定した。
 1. 専門家 
 2. 全員 
 3. 相手 
 4. 上司",3,,問題3\_の言葉に意味が最も近いものを、 1・2・3・4から一つ選びなさい。
"こんなに__けなされる__とは思ってもみなかった。
 1. 悪く言われる 
 2. 高く評価される 
 3. 反対される 
 4. 喜ばれる",1,,問題3\_の言葉に意味が最も近いものを、 1・2・3・4から一つ選びなさい。
"山田さんは、口癖のように「__おっくうだ__」と言う。
 1. 平気だ 
 2. 愉快だ 
 3. 面倒だ 
 4. 退屈だ",3,,問題3\_の言葉に意味が最も近いものを、 1・2・3・4から一つ選びなさい。
"山田氏は著書で、__従来の__経営戦略について意見を述べている。
 1. 長期的な 
 2. これまでの 
 3. これからの 
 4. 短期的な",2,,問題3\_の言葉に意味が最も近いものを、 1・2・3・4から一つ選びなさい。
"会議の資料は__あらかじめ__お送りします。
 1. 早急に 
 2. まとめて 
 3. 改めて 
 4. 事前に",4,,問題3\_の言葉に意味が最も近いものを、 1・2・3・4から一つ選びなさい。
"彼は高校時代、数学の成績が__抜群だった__。
 1. ほかと比べて特に下がった 
 2. ほかと比べて特に悪かった 
 3. ほかと比べて特に上がった 
 4. ほかと比べて特に良かった",4,,問題3\_の言葉に意味が最も近いものを、 1・2・3・4から一つ選びなさい。
"A社の__バックアップ__を受けて、新しい事業を始めた。
 1. 影響 
 2. 支援 
 3. 依頼 
 4. 指示",2,,問題3\_の言葉に意味が最も近いものを、 1・2・3・4から一つ選びなさい。
"彼の話を聞いて皆__仰天した__。
 1. とても驚いた 
 2. とても喜んだ 
 3. 深く感動した 
 4. 深く同情した",1,,問題3\_の言葉に意味が最も近いものを、 1・2・3・4から一つ選びなさい。
"ご説明の内容は__おおむね__理解できました。
 1. やっと 
 2. すこし 
 3. すぐに 
 4. だいたい",4,,問題3\_の言葉に意味が最も近いものを、 1・2・3・4から一つ選びなさい。
"__粘り強く__交渉した。
 1. 覚悟して 
 2. 油断せずに 
 3. 思い切って 
 4. あきらめずに。",4,,問題3\_の言葉に意味が最も近いものを、 1・2・3・4から一つ選びなさい。
"__入念に__調査を行った。
 1. 厳しく公平に 
 2. 細かく丁寧に 
 3. 興味を持って 
 4. 責任を持って",2,,問題3\_の言葉に意味が最も近いものを、 1・2・3・4から一つ選びなさい。
"本人も__うすうす__気づいていたと思う。
 1. おそらく 
 2. さすがに 
 3. なんとなく 
 4. とっくに",3,,問題3\_の言葉に意味が最も近いものを、 1・2・3・4から一つ選びなさい。
"この方法にも__難点__はある。
 1. 悪いところ 
 2. 惜しいところ 
 3. 無駄なところ 
 4. 不安なところ",1,,問題3\_の言葉に意味が最も近いものを、 1・2・3・4から一つ選びなさい。
"橋本さんは__むっとしたようだった__。
 1. 驚いたような顔をしていた 
 2. 怒ったような顔をしていた 
 3. 疲れたような顔をしていた 
 4. 飽きたような顔をしていた",2,,問題3\_の言葉に意味が最も近いものを、 1・2・3・4から一つ選びなさい。
"すぐに__照会した__ほうがいいですよ。
 1. 問い合わせた 
 2. 申し込んだ 
 3. 知らせた 
 4. 訪ねた",1,,問題3\_の言葉に意味が最も近いものを、 1・2・3・4から一つ選びなさい。
"作品が__仕上がったら__知らせてください。
 1. 届いたら 
 2. 売れたら 
 3. 受賞したら 
 4. 完成したら",4,,問題3\_の言葉に意味が最も近いものを、 1・2・3・4から一つ選びなさい。
"両チームの力は__互角__だ。
 1. 徐々に離れている 
 2. 全然違う 
 3. 徐々に近づいている 
 4. 大体同じだ",4,,問題3\_の言葉に意味が最も近いものを、 1・2・3・4から一つ選びなさい。
"お客様からの__クレーム__に対応するのが鈴木さんの仕事です。
 1. 返品 
 2. 注文 
 3. 苦情 
 4. 質問",3,,問題3\_の言葉に意味が最も近いものを、 1・2・3・4から一つ選びなさい。
"私は職業柄、様々な企業からビジネスに関する__助言__を求められる。
 1. アドバイス 
 2. インタビュー 
 3. プレゼン 
 4. トレーニング",1,,問題3\_の言葉に意味が最も近いものを、 1・2・3・4から一つ選びなさい。
"そんなことを言われたら、佐藤さんが__錯覚__のもしかたがない。
 1. 疑う 
 2. 勘違いする 
 3. 焦る 
 4. 油断する",2,,問題3\_の言葉に意味が最も近いものを、 1・2・3・4から一つ選びなさい。
"観光客が__殺到__した理由は、そのニュース報道にあったらしい。
 1. 一度に大勢来た 
 2. 急に来なくなった 
 3. 増え続けた 
 4. 減り続けた",1,,問題3\_の言葉に意味が最も近いものを、 1・2・3・4から一つ選びなさい。
"彼の予測は__ことごとく__外れた。
 1. すべて 
 2. わずかに 
 3. 思ったとおり 
 4. 残念ながら",1,,問題3\_の言葉に意味が最も近いものを、 1・2・3・4から一つ選びなさい。
"やっと__雑踏__を抜けた。
 1. 人込み 
 2. 渋滞 
 3. 混乱 
 4. 暗やみ",1,,問題3\_の言葉に意味が最も近いものを、 1・2・3・4から一つ選びなさい。
"台風発生の__メカニズム__について説明した。
 1. 可能性 
 2. きっかけ 
 3. 危険性 
 4. しくみ",4,,問題3\_の言葉に意味が最も近いものを、 1・2・3・4から一つ選びなさい。
"この記述内容が正しいと言えるだけの__裏づけ__があるのだろうか。
 1. 確信 
 2. 証拠 
 3. 支持 
 4. 基準",2,,問題3\_の言葉に意味が最も近いものを、 1・2・3・4から一つ選びなさい。
"もう彼に本当のことを伝える__すべ__がない。
 1. 必要 
 2. 時間 
 3. 方法 
 4. 理由",3,,問題3\_の言葉に意味が最も近いものを、 1・2・3・4から一つ選びなさい。
"__せかして__しまってすみません。
 1. 驚かせて 
 2. 急がせて 
 3. 待たせて 
 4. 困らせて",2,,問題3\_の言葉に意味が最も近いものを、 1・2・3・4から一つ選びなさい。
"ハムを__スライス__して皿に載せた。
 1. 細かく切って 
 2. 薄く切って 
 3. よく焼いて 
 4. 軽く焼いて",2,,問題3\_の言葉に意味が最も近いものを、 1・2・3・4から一つ選びなさい。
"集会が始まると、資料が__めいめいに__配られた。
 1. グループごとに 
 2. 一人一人に 
 3. 一斉に 
 4. 順に",2,,問題3\_の言葉に意味が最も近いものを、 1・2・3・4から一つ選びなさい。
"祖父のノートには、当時の出来事が__克明に__記されていた。
 1. 客観的に 
 2. 簡潔にまとめて、 
 3. 生き生きと 
 4. 詳しく丁寧に",4,,問題3\_の言葉に意味が最も近いものを、 1・2・3・4から一つ選びなさい。
"状況を改善する__手立て__がない。
 1. 方法 
 2. 費用 
 3. 時間 
 4. 意志",1,,問題3\_の言葉に意味が最も近いものを、 1・2・3・4から一つ選びなさい。
"子どものころの思い出が__ありありと__浮かんできた。
 1. 次々と 
 2. ぼんやり 
 3. はっきり 
 4. ふと",3,,問題3\_の言葉に意味が最も近いものを、 1・2・3・4から一つ選びなさい。
"部長は返事を__しぶっていた__。
 1. なかなか返事をしようとしなかった 
 2. 返事するのをすっかり忘れていた 
 3. 返事が来るのをいつまでも待っていた 
 4. 早く返事が欲しいと何度も要求した",1,,問題3\_の言葉に意味が最も近いものを、 1・2・3・4から一つ選びなさい。
"今日の会議で出た意見は、__ありきたりの__ものが多かった。
 1. 的確な 
 2. 平凡な 
 3. 積極的な 
 4. 否定的な",2,,問題3\_の言葉に意味が最も近いものを、 1・2・3・4から一つ選びなさい。
"両チームの実力の差は__歴然としている__。
 1. 以前と変わらない 
 2. ほとんどない 
 3. 以前より大きくなっている 
 4. はっきりしている",4,,問題3\_の言葉に意味が最も近いものを、 1・2・3・4から一つ選びなさい。
"無駄な経費は__極力__減らそう。
 1. 少しずつ 
 2. 大幅に 
 3. できる限り 
 4. 真っ先に",3,,問題3\_の言葉に意味が最も近いものを、 1・2・3・4から一つ選びなさい。
"ぞの結果を聞いて__落胆した__。
 1. びっくりした 
 2. がっかりした 
 3. 動揺した 
 4. 疑問を持った",2,,問題3\_の言葉に意味が最も近いものを、 1・2・3・4から一つ選びなさい。
"あの小説の結末は__あっけない__ものだったらしい。
 1. 意外につまらない 
 2. 意外におもしろい 
 3. 予想通りつまらない 
 4. 予想通りおもしろい",1,,問題3\_の言葉に意味が最も近いものを、 1・2・3・4から一つ選びなさい。
"あのポスターは色の__コントラスト__が印象的だ。
 1. 対比 
 2. 効果 
 3. 繊細 
 4. 豊富さ",1,,問題3\_の言葉に意味が最も近いものを、 1・2・3・4から一つ選びなさい。
"新人でいきなり主役に選ばれるのは__異例__のことだよ。
 1. 珍しい 
 2. めでたい 
 3. 立派な 
 4. 幸運な",1,,問題3\_の言葉に意味が最も近いものを、 1・2・3・4から一つ選びなさい。
"木村さんは新しい薬を開発するための実験に__打ち込んた__。
 1. 失敗した 
 2. 苦労した 
 3. 協力した 
 4. 熱中した",4,,問題3\_の言葉に意味が最も近いものを、 1・2・3・4から一つ選びなさい。
"池田さんはお金に関して__ルーズ__な人だ。
 1. けちな 
 2. だらしない 
 3. 無関心な 
 4. 厳しい",2,,問題3\_の言葉に意味が最も近いものを、 1・2・3・4から一つ選びなさい。
"祖父は学生時代に体験した不思議な出来事を__つぶさに__語って聞かせてくれた。
 1. のんびりと 
 2. 繰り返し 
 3. 詳細に 
 4. 懐かしそうに",3,,問題3\_の言葉に意味が最も近いものを、 1・2・3・4から一つ選びなさい。
"高橋さんの話は__脈絡__がない
 1. うそ 
 2. 終わり 
 3. 面白み 
 4. つながり",4,,問題3\_の言葉に意味が最も近いものを、 1・2・3・4から一つ選びなさい。
"次の会議で新しいプロジェクトについて__吟味__することになっている。
 1. 決定 
 2. 提案 
 3. 検討 
 4. 報告",3,,問題3\_の言葉に意味が最も近いものを、 1・2・3・4から一つ選びなさい。
"これは A 社に__委託する__ことにした。
 1. 戻す 
 2. 送る 
 3. 任せる 
 4. 譲る",3,,問題3\_の言葉に意味が最も近いものを、 1・2・3・4から一つ選びなさい。
"その話を聞いて、__すがすがしい__気分になった。
 1. ゆううつな 
 2. 爽やかな 
 3. 楽しい 
 4. 懐かしい",2,,問題3\_の言葉に意味が最も近いものを、 1・2・3・4から一つ選びなさい。
"リフォームの費用を__工面__する必要がある。
 1. 減らす 
 2. 計算する 
 3. 用意する 
 4. 支払う",3,,問題3\_の言葉に意味が最も近いものを、 1・2・3・4から一つ選びなさい。
"それは仕事の道具なんだから、__ ぞんざいな__扱いをされては困るよ。
 1. 雑な 
 2. 変な 
 3. 危険な 
 4. 強引な",1,,問題3\_の言葉に意味が最も近いものを、 1・2・3・4から一つ選びなさい。
"男の子は父親の話を__うなだれて__聞いていた。
 1. ふざけた態度で 
 2. 目を閉じて 
 3. まじめな表情で 
 4. 下を向いて",4,,問題3\_の言葉に意味が最も近いものを、 1・2・3・4から一つ選びなさい。
"悪天候による工事の遅れは、担当者にとって大きな__打撃__だった。
 1. アクシデント 
 2. タブー 
 3. プレッシャー 
 4. ダメージ",4,,問題3\_の言葉に意味が最も近いものを、 1・2・3・4から一つ選びなさい。
"まだいくつか__着手して__いない仕事がある。
 1. 終わらせて 
 2. 引き受けて 
 3. 始めて 
 4. やり直して",3,,問題3\_の言葉に意味が最も近いものを、 1・2・3・4から一つ選びなさい。
"この__トレンド__はしばらく続くと見られている。
 1. 関係 
 2. 議論 
 3. 混乱 
 4. 傾向",4,,問題3\_の言葉に意味が最も近いものを、 1・2・3・4から一つ選びなさい。
"仲川さんは転職した会社で__破格__の待遇を受けたらしい。
 1. 最も低い 
 2. 不公平な 
 3. 希望どおりの 
 4. 特別に良い",4,,問題3\_の言葉に意味が最も近いものを、 1・2・3・4から一つ選びなさい。
"小学生の頃、友達を__冷やかして__叱られた。
 1. だまして 
 2. からかって 
 3. 驚かせて 
 4. たたいて",2,,問題3\_の言葉に意味が最も近いものを、 1・2・3・4から一つ選びなさい。
"話を聞いた大木さんは__けげんな__顔をした。
 1. 傷ついたような 
 2. あきれたあような 
 3. 不思議そうな 
 4. 残念そうな",3,,問題3\_の言葉に意味が最も近いものを、 1・2・3・4から一つ選びなさい。
"娘は反抗期なので、 親の言うことに__ことごと__く反対する。
 1. すべて 
 2. はげしく 
 3. しつこく 
 4. わざと",1,,問題3\_の言葉に意味が最も近いものを、 1・2・3・4から一つ選びなさい。
"社長は小林部長の__手腕__を高く評価しているようだ。
 1. 経験 
 2. 能力 
 3. 考え 
 4. 人柄",2,,問題3\_の言葉に意味が最も近いものを、 1・2・3・4から一つ選びなさい。
"時間を__ロスして__しまった。
 1. 間違えて 
 2. 無駄にして 
 3. かいて 
 4. 延長して",2,,問題3\_の言葉に意味が最も近いものを、 1・2・3・4から一つ選びなさい。
"確認が__おろそかに__なっていた。
 1. めんどうくさ 
 2. 困難に 
 3. 遅く 
 4. いいかげん",4,,問題3\_の言葉に意味が最も近いものを、 1・2・3・4から一つ選びなさい。
"私たちのチームの__目下__の目標は、 市の大会で優勝することだ。
 1. 最大 
 2. 将来 
 3. 今 
 4. 最低限",3,,問題3\_の言葉に意味が最も近いものを、 1・2・3・4から一つ選びなさい。
"経費を考慮したうえで、古いアパートの改修工事を__請け負う__ことにした。
 1. 引き受ける 
 2. 申し込む 
 3. 断る 
 4. 諦める",1,,問題3\_の言葉に意味が最も近いものを、 1・2・3・4から一つ選びなさい。
"先生に本を__進呈しました__。
 1. 差し上げました 
 2. いただきました 
 3. お貸ししました 
 4. お借りしました",1,,問題3\_の言葉に意味が最も近いものを、 1・2・3・4から一つ選びなさい。
"この条約は締結されると、農業に影響が出ることが__懸念__される。
 1. 期待 
 2. 心配 
 3. 予想 
 4. 重視",2,,問題3\_の言葉に意味が最も近いものを、 1・2・3・4から一つ選びなさい。
"久しぶりに会った友人は何だか__やつれて__いるようだった。
 1. 遠慮して 
 2. 張り切って 
 3. やせ衰えて 
 4. 感動して",3,,問題3\_の言葉に意味が最も近いものを、 1・2・3・4から一つ選びなさい。
"彼が__奮闘して__いる姿を見て、力を貸そうと思った。
 1. じっと我慢して 
 2. 必死に頑張って 
 3. 激しく怒って 
 4. 焦って取り組んで",2,,問題3\_の言葉に意味が最も近いものを、 1・2・3・4から一つ選びなさい。
"あれは__不慮__の事故だったとしか言いようがない。
 1. しかたない 
 2. ありえない 
 3. 思いがけない 
 4. 情けない",3,,問題3\_の言葉に意味が最も近いものを、 1・2・3・4から一つ選びなさい。
"倉庫の品物を__根こそぎ__持っていかれた。
 1. すべて 
 2. だいぶ 
 3. 一度に 
 4. 次々に",1,,問題3\_の言葉に意味が最も近いものを、 1・2・3・4から一つ選びなさい。
"若いころ私は、商品開発の仕事に__没頭__していた。
 1. 飽きて 
 2. 憧れて 
 3. 不満を持って 
 4. 熱中して",4,,問題3\_の言葉に意味が最も近いものを、 1・2・3・4から一つ選びなさい。
"自分の__尺度__を持ったほうがいい。
 1. 理想 
 2. 意思 
 3. 基準 
 4. 専門",3,,問題3\_の言葉に意味が最も近いものを、 1・2・3・4から一つ選びなさい。
"__わずらわしい__仕事をやることになってしまった。
 1. 退屈な 
 2. 面倒な 
 3. 危険な 
 4. 余計な",2,,問題3\_の言葉に意味が最も近いものを、 1・2・3・4から一つ選びなさい。
"池田さんには会えたが、__肝心な__話はできなかった。
 1. 個人的な 
 2. 具体的な 
 3. 詳細な 
 4. 重要な",4,,問題3\_の言葉に意味が最も近いものを、 1・2・3・4から一つ選びなさい。
"今週は仕事が__はかどりました__。
 1. 順調に進みました 
 2. 大幅に遅れました 
 3. 徐々に減りました 
 4. 急激に増えました",1,,問題3\_の言葉に意味が最も近いものを、 1・2・3・4から一つ選びなさい。
"新人のときはずっと__辛抱__していた
 1. 苦労 
 2. 我慢 
 3. 失敗 
 4. 心配",2,,問題3\_の言葉に意味が最も近いものを、 1・2・3・4から一つ選びなさい。
"この地方の__しきたり__について話を聞いた。
 1. 名物 
 2. 気候 
 3. 慣習 
 4. 歴史",3,,問題3\_の言葉に意味が最も近いものを、 1・2・3・4から一つ選びなさい。
"祖父は__寡黙__な人だったそうだ。
 1. 口数が少ない 
 2. 知識に乏しい 
 3. 意見が少ない 
 4. 話題に乏しい",1,,問題3\_の言葉に意味が最も近いものを、 1・2・3・4から一つ選びなさい。
"異なる意見が次々と出されて、会議は__紛糾した__。
 1. 盛り上がった 
 2. 長引いた 
 3. 中断した 
 4. 混乱した",4,,問題3\_の言葉に意味が最も近いものを、 1・2・3・4から一つ選びなさい。
"この様子だと、新薬の発売はかなり__ずれ込みそうだ__。
 1. 早くなりそうだ 
 2. 多くなりそうだ 
 3. 遅くなりそうだ 
 4. 少なくなりそうだん",3,,問題3\_の言葉に意味が最も近いものを、 1・2・3・4から一つ選びなさい。
"中止の理由は、__ろくに__説明されなかった。
 1. 全く 
 2. 大して 
 3. なかなか 
 4. 事前に",2,,問題3\_の言葉に意味が最も近いものを、 1・2・3・4から一つ選びなさい。
"今回の開発計画は、これまでのものとは__スケール__が違う。
 1. 方針 
 2. 規模1) 
 3. 目的1) 
 4. 意義",2,,問題3\_の言葉に意味が最も近いものを、 1・2・3・4から一つ選びなさい。
"この町のりんご産業の発展は、大野氏の__寄付__によるところが大きい。
 1. 貢献 
 2. 援助 
 3. 工夫 
 4. 活躍",1,,問題3\_の言葉に意味が最も近いものを、 1・2・3・4から一つ選びなさい。
"友人に__触発されて__、 事業を始めた。
 1. 誘われて 
 2. 提案されて 
 3. 助けられて 
 4. 刺激されて",4,,問題3\_の言葉に意味が最も近いものを、 1・2・3・4から一つ選びなさい。
"彼の言動にはほとんどの人が__閉口__している。
 1. 慣れて 
 2. 困って 
 3. がっかりして 
 4. ほっとして",2,,問題3\_の言葉に意味が最も近いものを、 1・2・3・4から一つ選びなさい。
"彼は仕事を辞めてから、 __気ままな生__活をしているようだ。
 1. 質素な 
 2. 退屈な 
 3. ぜいたくな 
 4. 自由な",4,,問題3\_の言葉に意味が最も近いものを、 1・2・3・4から一つ選びなさい。
"6時発の飛行機には、 __若干__空席があります。
 1. まだ 
 2. かなり 
 3. いくつか 
 4. おそらく",3,,問題3\_の言葉に意味が最も近いものを、 1・2・3・4から一つ選びなさい。
"これは__手分け__したほうがいい。
 1. 分割 
 2. 分別 
 3. 分担 
 4. 分類",3,,問題3\_の言葉に意味が最も近いものを、 1・2・3・4から一つ選びなさい。
"林さんが、残った仕事__をてきぱきと__処理してくれた。
 1. 早く正確に 
 2. 時間をかけて丁寧に 
 3. 張り切る 
 4. 嫌がる",1,,問題3\_の言葉に意味が最も近いものを、 1・2・3・4から一つ選びなさい。
"今回の研修会は、 出席者が__まばらだった__。
 1. 多かった 
 2. 少なかった 
 3. まじめだった 
 4. ふまじめだった",2,,問題3\_の言葉に意味が最も近いものを、 1・2・3・4から一つ選びなさい。
"昨日は一日中__どんよりした天気だった__。
 1. 曇っていて暗かった 
 2. 晴れていて明るかった 
 3. 風が吹いて涼しかった 
 4. 雨が降って蒸し暑かった",1,,問題3\_の言葉に意味が最も近いものを、 1・2・3・4から一つ選びなさい。
"父は毎朝、__丹念に__新聞に目を通す。
 1. ぼうっと 
 2. ちらっと 
 3. じっくりと 
 4. ざっと",3,,問題3\_の言葉に意味が最も近いものを、 1・2・3・4から一つ選びなさい。
"最近、 仕事が__はかどっている__。
 1. 予想外に遅れている 
 2. 順調に進んでいる 
 3. 徐々に減っている 
 4. 急激に増えている",2,,問題3\_の言葉に意味が最も近いものを、 1・2・3・4から一つ選びなさい。
"討論の結果、この計画は__見合わせる__ことになりました。
 1. 承認する 
 2. 実施する 
 3. 変更する 
 4. 中止する",4,,問題3\_の言葉に意味が最も近いものを、 1・2・3・4から一つ選びなさい。
"激しい雨のため、__やむをえず__試合は延期することになった。
 1. しかたなく 
 2. まもなく 
 3. 思いがけなく 
 4. 限りなく",1,,問題3\_の言葉に意味が最も近いものを、 1・2・3・4から一つ選びなさい。
"高橋さんには__かねがね__お会いしたいと思っていました。
 1. 直接 
 2. ぜひ 
 3. 早く 
 4. 以前から",4,,問題3\_の言葉に意味が最も近いものを、 1・2・3・4から一つ選びなさい。
"林さんはそれを__故意__に捨てたらしい。
 1. わざと 
 2. うっかり 
 3. いやいや 
 4. さっさと",1,,問題3\_の言葉に意味が最も近いものを、 1・2・3・4から一つ選びなさい。
"昨日、鈴木さんに__おわびした__。
 1. 文句を言った 
 2. お礼を言った 
 3. 断った 
 4. 謝った",4,,問題3\_の言葉に意味が最も近いものを、 1・2・3・4から一つ選びなさい。
"中村さんの言葉からは強い__意気込み__が伝わってくる。
 1. 敬意 
 2. 自信 
 3. 意欲 
 4. 信頼",3,,問題3\_の言葉に意味が最も近いものを、 1・2・3・4から一つ選びなさい。
"妹は少し__おびえて__いるようだった。
 1. 焦って 
 2. 怖がって 
 3. 悩んで 
 4. 悔やんで",2,,問題3\_の言葉に意味が最も近いものを、 1・2・3・4から一つ選びなさい。
"私はその一言に__安堵__した。
 1. すっとした 
 2. はっとした 
 3. ほっとした 
 4. かっとした",3,,問題3\_の言葉に意味が最も近いものを、 1・2・3・4から一つ選びなさい。
"それについては__エキスパート__にも意見を聞いてみよう。
 1. 発明家 
 2. 協力者 
 3. 責任者 
 4. 専門家",4,,問題3\_の言葉に意味が最も近いものを、 1・2・3・4から一つ選びなさい。
"兄は手にした新聞の記事を__凝視した__。
 1. ざっと見た 
 2. じっと見た 
 3. ちらっと見た 
 4. ぼうっと見た",2,,問題3\_の言葉に意味が最も近いものを、 1・2・3・4から一つ選びなさい。
"__架空__の人物を主人公にして物語を作った。
 1. 素敵な 
 2. 思い出の 
 3. 想像の 
 4. 変な",3,,問題3\_の言葉に意味が最も近いものを、 1・2・3・4から一つ選びなさい。
"鈴木さんには、__かねがね__お目にかかりたいと思っておりました。
 1. できれば 
 2. 以前から 
 3. ぜひ 
 4. 早いうちに",2,,問題3\_の言葉に意味が最も近いものを、 1・2・3・4から一つ選びなさい。
"商品の原価が上がったが、販売価格への影響は__当面__ないだろう。
 1. しばらくは 
 2. 直接は 
 3. まさか 
 4. 大して。",1,,問題3\_の言葉に意味が最も近いものを、 1・2・3・4から一つ選びなさい。
"彼はいつも__ぼやいている__。
 1. 冗談を言っている 
 2. わがままを言っている 
 3. 愚痴を言っている 
 4. 独り言を言っている",3,,問題3\_の言葉に意味が最も近いものを、 1・2・3・4から一つ選びなさい。
"新しい事業を始めるときには、__リスク__を伴う。
 1. 利益 
 2. 変化 
 3. 危険 
 4. 反論",3,,問題3\_の言葉に意味が最も近いものを、 1・2・3・4から一つ選びなさい。
"その教師は生徒が出したアイディアを__絶賛した__。
 1. 非常に素晴らしいとほめた 
 2. あまりにおかしいと笑った 
 3. 認めるのは難しいと言った 
 4. 問題だと厳しくかった",1,,問題3\_の言葉に意味が最も近いものを、 1・2・3・4から一つ選びなさい。
"彼は今ごろ、__くつろいで__いるだろう。
 1. すっきりして 
 2. がっかりして 
 3. ゆっくりして 
 4. びっくりして",3,,問題3\_の言葉に意味が最も近いものを、 1・2・3・4から一つ選びなさい。
"その件は__うやむや__にされた。
 1. 明らか 
 2. あいまい 
 3. 秘密 
 4. 中止",2,,問題3\_の言葉に意味が最も近いものを、 1・2・3・4から一つ選びなさい。
"池田さんが今度、__出馬__するらしい。
 1. 映画に出る 
 2. 番組に出る 
 3. 大会に出る 
 4. 選挙に出る",4,,問題3\_の言葉に意味が最も近いものを、 1・2・3・4から一つ選びなさい。
"駅前に巨大スーパーができたら__お手上げ__だ。
 1. 大歓迎 
 2. どうしようもない 
 3. ぜひ働きたい 
 4. 驚きだ",2,,問題3\_の言葉に意味が最も近いものを、 1・2・3・4から一つ選びなさい。
"ユーザー登録済みのお客様は、このサービスが__無償で__受けられます。
 1. ただで 
 2. 優先的に 
 3. いつでも 
 4. 予約しなくても",1,,問題3\_の言葉に意味が最も近いものを、 1・2・3・4から一つ選びなさい。
"15 最近、山本さんは新しい仕事に__打ち込んでいる__らしい。
 1. 興味を持っている 
 2. しつこく誘われている 
 3. 時間をとられている 
 4. 熱心に取り組んでいる",4,,問題3\_の言葉に意味が最も近いものを、 1・2・3・4から一つ選びなさい。
"できればもう少し__ストレートに__言ってほしかったです。
 1. 冷静に 
 2. 率直に 
 3. 真剣に 
 4. 慎重に",2,,問題3\_の言葉に意味が最も近いものを、 1・2・3・4から一つ選びなさい。
"駅前に巨大スーパーができたら__お手上げだ__。
 1. 大歓迎だ 
 2. どうしようもない 
 3. ぜひ働きたい 
 4. 驚きだ",2,,問題3\_の言葉に意味が最も近いものを、 1・2・3・4から一つ選びなさい。
"この一年で収益は__格段に__増えている。
 1. 着実に 
 2. わずかに 
 3. 大幅に 
 4. ゆるやかに",3,,問題3\_の言葉に意味が最も近いものを、 1・2・3・4から一つ選びなさい。
"操作方法は__いたって__簡単でした。
 1. わりに 
 2. 意外に 
 3. 非常に 
 4. たしかに",3,,問題3\_の言葉に意味が最も近いものを、 1・2・3・4から一つ選びなさい。
"そのことが一番__気掛かり__でした。
 1. 残念 
 2. 意外 
 3. 心配 
 4. 不満",3,,問題3\_の言葉に意味が最も近いものを、 1・2・3・4から一つ選びなさい。
"__案の定__川西さんは来なかった。
 1. なぜか 
 2. やはり 
 3. あいにく 
 4. たしか",2,,問題3\_の言葉に意味が最も近いものを、 1・2・3・4から一つ選びなさい。
"公の場で__不用意な__発言はしないでほしい。
 1. 無駄な 
 2. 不利な 
 3. 無意味な 
 4. 不注意な",4,,問題3\_の言葉に意味が最も近いものを、 1・2・3・4から一つ選びなさい。
"これはかなり__厄介な__問題だ。
 1. 面倒な 
 2. 深刻な 
 3. 重要な 
 4. 特殊な",1,,問題3\_の言葉に意味が最も近いものを、 1・2・3・4から一つ選びなさい。
"山田氏は当時のことを__回想して__次のように語った。
 1. 反省して 
 2. 考え直して 
 3. 後悔して 
 4. 思い返して",4,,問題3\_の言葉に意味が最も近いものを、 1・2・3・4から一つ選びなさい。
"これは__手分け__したほうがいい。
 1. 分配 
 2. 分担 
 3. 分解 
 4. 分別",2,,問題3\_の言葉に意味が最も近いものを、 1・2・3・4から一つ選びなさい。
"この文は主人公の心情を__端的に__表している。
 1. 明白に 1) 
 2. 部分的に 
 3. 大げさに 
 4. 主に",1,,問題3\_の言葉に意味が最も近いものを、 1・2・3・4から一つ選びなさい。
"__わずらわしい__作業がやっと終わった。
 1. 苦手な 
 2. 面倒な 
 3. 単調な 
 4. 膨大な",2,,問題3\_の言葉に意味が最も近いものを、 1・2・3・4から一つ選びなさい。
"私は小学校の同級生の名前を__かろうじて__思い出した。
 1. なぜか 
 2. 何とか 
 3. すぐに 
 4. たまたま",2,,問題3\_の言葉に意味が最も近いものを、 1・2・3・4から一つ選びなさい。
"彼は__自尊心__を取り戻した。
 1. イメージ 
 2. コントロール 
 3. スタイル 
 4. プライド",4,,問題3\_の言葉に意味が最も近いものを、 1・2・3・4から一つ選びなさい。
"これは私にとって__ささいな__問題だ。
 1. 重要な 
 2. 新たな 
 3. 小さな 
 4. 深刻な",3,,問題3\_の言葉に意味が最も近いものを、 1・2・3・4から一つ選びなさい。
"佐藤さんは少し__とまどって__いるようだった。
 1. 困って 
 2. 驚いて 
 3. 怖がって 
 4. 悔やんで",1,,問題3\_の言葉に意味が最も近いものを、 1・2・3・4から一つ選びなさい。
"林さんは必死に__弁解__していた。
 1. 考えて 
 2. 反論して 
 3. 謝って 
 4. 言い訳して",4,,問題3\_の言葉に意味が最も近いものを、 1・2・3・4から一つ選びなさい。
"今日の会議で提案された企画は__ありふれた__ものが多かった。
 1. 平凡な 
 2. 特殊な 
 3. 幼稚な 
 4. 複雑な",1,,問題3\_の言葉に意味が最も近いものを、 1・2・3・4から一つ選びなさい。
"高橋さんはどんな事態にも、__うろたえずに__対処した。
 1. 嫌がらずに 
 2. 慌てずに 
 3. 怒らずに 
 4. あきらめずに",2,,問題3\_の言葉に意味が最も近いものを、 1・2・3・4から一つ選びなさい。
"鈴木さんの一言が問題解決の__糸口__になった。
 1. ストップ 
 2. マイナス 
 3. ヒント 
 4. アドバイス",3,,問題3\_の言葉に意味が最も近いものを、 1・2・3・4から一つ選びなさい。
"昨夜、佐藤さんが__ふいに__訪れてきた。
 1. わざわざ 
 2. 久しぶりに 
 3. 再び 
 4. 突然",4,,問題3\_の言葉に意味が最も近いものを、 1・2・3・4から一つ選びなさい。
"あの人は__誇張して__話すことが多い。
 1. 積極的に 
 2. 自慢して 
 3. 大げさに 
 4. 大ざっぱに",3,,問題3\_の言葉に意味が最も近いものを、 1・2・3・4から一つ選びなさい。
"松本氏は自身のブログで__抱負__を述べていた。
 1. 見解 
 2. 感謝 
 3. 反省 
 4. 決意",4,,問題3\_の言葉に意味が最も近いものを、 1・2・3・4から一つ選びなさい。
"あのころは、暮らしに__ゆとり__があった。
 1. 目標 
 2. 活気 
 3. 余裕 
 4. 知恵",3,,問題3\_の言葉に意味が最も近いものを、 1・2・3・4から一つ選びなさい。
"出荷台数は__若干__伸びている。
 1. いまだに 
 2. わずかに 
 3. つねに 
 4. さらに",2,,問題3\_の言葉に意味が最も近いものを、 1・2・3・4から一つ選びなさい。
"その議員は議会での発言を__撤回__した。
 1. とりけした 
 2. 訂正した 
 3. くりかえした。 
 4. 省略した",1,,問題3\_の言葉に意味が最も近いものを、 1・2・3・4から一つ選びなさい。
"あの二人はいつも__張り合って__いる。
 1. 見つめ合って 
 2. 助け合って 
 3. 競い合って 
 4. 傷つけ合って",3,,問題3\_の言葉に意味が最も近いものを、 1・2・3・4から一つ選びなさい。
"中村氏の__かたくなな__態度は変わらなかった。
 1. 冷静な 
 2. 頑固な 
 3. 強引な 
 4. 真剣な",2,,問題3\_の言葉に意味が最も近いものを、 1・2・3・4から一つ選びなさい。
"必要な資金を__調達__した。
 1. 払った 
 2. 預かった 
 3. 返却した 
 4. 用意した",4,,問題3\_の言葉に意味が最も近いものを、 1・2・3・4から一つ選びなさい。
"山田さんは__温和な__性格だ。
 1. さわやかな 
 2. おだやか 
 3. こまやか 
 4. かろやか",2,,問題3\_の言葉に意味が最も近いものを、 1・2・3・4から一つ選びなさい。
"おすすめの__スポット__を教えてください。
 1. 場所 
 2. 商品 
 3. 方法 
 4. 時期",1,,問題3\_の言葉に意味が最も近いものを、 1・2・3・4から一つ選びなさい。
"各国のチームの実力は__拮抗__している。
 1. 差がある 
 2. 差がない 
 3. 高くなっている 
 4. 低くなっている",2,,問題3\_の言葉に意味が最も近いものを、 1・2・3・4から一つ選びなさい。
"住民からの__風当たり__が相当なものだった。
 1. 要求 
 2. 信頼 
 3. 期待 
 4. 批判",4,,問題3\_の言葉に意味が最も近いものを、 1・2・3・4から一つ選びなさい。
"カメラは子供たちの__あどけない__表情を捉えていた。
 1. 不安そうな 
 2. 真剣な 
 3. 無邪気な 
 4. 羨ましそうな",3,,問題3\_の言葉に意味が最も近いものを、 1・2・3・4から一つ選びなさい。
"彼はお金に関して、__ルーズな__ところがある。
 1. ずうずうしい 
 2. だらしない 
 3. うるさい 
 4. よわい",2,,問題3\_の言葉に意味が最も近いものを、 1・2・3・4から一つ選びなさい。
"この職場にもかなり__なじんで__きた。
 1. 恵まれて 
 2. 逆らって 
 3. 飽きて 
 4. 慣れて",4,,問題3\_の言葉に意味が最も近いものを、 1・2・3・4から一つ選びなさい。
"あの兄弟はいつもお互いに__張り合っている__。
 1. 競争して 
 2. 応援して 
 3. 無視して 
 4. 尊重して",1,,問題3\_の言葉に意味が最も近いものを、 1・2・3・4から一つ選びなさい。
"ある日、 わが家に__朗報__が届いた。
 1. 意外な知らせ 
 2. うれしい知らせ 
 3. 大切な知らせ 
 4. めずらしい知らせ",2,,問題3\_の言葉に意味が最も近いものを、 1・2・3・4から一つ選びなさい。
"やっと__わずらわしい__作業から解放された。
 1. 地味な 
 2. 苦手な 
 3. 面倒な 
 4. 退屈な",3,,問題3\_の言葉に意味が最も近いものを、 1・2・3・4から一つ選びなさい。
"さっき、上司に__いやみ__を言われた。
 1. 不平 
 2. 冗談 
 3. 愚痴 
 4. 皮肉",4,,問題3\_の言葉に意味が最も近いものを、 1・2・3・4から一つ選びなさい。
"閑静
 1. そのレストランは繁華街から外れた__閑静__な場所にある。 
 2. 今日は朝から具合が悪かったので、会社を休んで家で__閑静__にしていた。 
 3. 用事が早く済み、__閑静__な時間ができたので、映画を見に行くことにした。 
 4. 日中はにぎやかな公園だが、夜になると急に__閑静__になる。",1,,問題4\次の言葉の使い方として最もよいものを、1・2・3・4から一つ選 びなさい。
"たやすい
 1. 弟は寝坊したらしく、__たやすい__物だけ食べて、慌てて出かけていった。 
 2. 伊藤氏とは大学時代からの親友で、本音が言える__たやすい__関係だ。 
 3. せっかくの日曜日だから、ゆっくり休んで__たやすく__過ごそうと思う。 
 4. この問題は想像以上に複雑で、__たやすく__解決できるものではなかった。",4,,問題4\次の言葉の使い方として最もよいものを、1・2・3・4から一つ選 びなさい。
"察する
 1. 医師たちはチームを組み、意見を出し合って、最良の治療法を__察した__。 
 2. 気象予報士はテレビの天気予報で、来週の気温の変化を__察し__始めた。 
 3. 鈴木さんは、私が何も言わなくても、私の気持ちを__察して__慰めてくれた。 
 4. 外を歩いていたら急にいいアイディアを__察した__ので、手帳にメモをした。",3,,問題4\次の言葉の使い方として最もよいものを、1・2・3・4から一つ選 びなさい。
"内訳
 1. 来週の__内訳__を認識したが、予定がないのは木曜の夜だけだ。 
 2. 前回の出張費の__内訳__を見たら、交通費の割合が予想外に高かった。 
 3. 司会者は進行を間違えないように、式の__内訳__を何度も見直した。 
 4. 家族の健康のため、栄養の__内訳__を考えて食事を作っている。",2,,問題4\次の言葉の使い方として最もよいものを、1・2・3・4から一つ選 びなさい。
"食い違う
 1. この事件は、複数の目撃者の話がそれぞれ__食い違って__おり、 不明な点が多い。 
 2. 金庫を開けようと思ったが、 どの鍵も__食い違って__開けられなかった。 
 3. 何だか歩きにくいと思ったら、サンダルの左右が__食い違って__いた。 
 4. 調味料を変えたのか、この料理はいつもと味が__食い違って__いるように感じる。",1,,問題4\次の言葉の使い方として最もよいものを、1・2・3・4から一つ選 びなさい。
"過密
 1. 雑誌で紹介されてから、この商品への__過密__な注文が続いているらしい。 
 2. 水質汚染に関して人々の抗議が__過密__になり、政府は対策を迫られている。 
 3. 今回の出張は__過密__なスケジュールで、ゆっくり食事する時間もなさそうだ。 
 4. 春になると、この池の周りには、色とりどりの花が__過密__に咲き乱れる。",3,,問題4\次の言葉の使い方として最もよいものを、1・2・3・4から一つ選 びなさい。
"__簡素__
 1. これはボールをけるだけの__簡素__なゲームです。 
 2. 鈴木さんは頑固だったけど、今は__簡素__になったね。 
 3. 田舎で食べた__簡素__な味の食事が忘れられない。 
 4. 以前に比べ、役所の手続きは__簡素__になりました。",4,,問題4\次の言葉の使い方として最もよいものを、1・2・3・4から一つ選 びなさい。
"__解明__
 1. 事態が深刻になる前に、話し合いで__解明__策を解明した。 
 2. 住宅ローンの申し込みは収入を__解明__する書類が必要だ。 
 3. がんの仕組みを__解明__することが治療薬の開発につながる。 
 4. 有名人のスキャンダルを__解明__した記事はよく読まれる。",3,,問題4\次の言葉の使い方として最もよいものを、1・2・3・4から一つ選 びなさい。
"__ほほえましい __
 1. 池田さんから、先週無事退院したという__ほほえましい __知らせがあった。 
 2. 幼い兄弟が仲良く遊ぶ姿は見ていて__ほほえましい __。 
 3. 彼は野球の選手として、多くの__ほほえましい __業績がある。 
 4. 仕事で疲れたとき、私はお茶を飲むのがいちばん__ほほえましい __。",2,,問題4\次の言葉の使い方として最もよいものを、1・2・3・4から一つ選 びなさい。
"__目安 __
 1. 健康のために一日に 6 キロを__目安 __に歩くことにしている。 
 2. いつも__目安 __にしていた看板がなかったので、道に迷った。 
 3. 古い住所を__目安 __に、友人の引っ越し先を探した。 
 4. 先生の書いた文字を__目安 __にして、習字の練習をしている。",1,,問題4\次の言葉の使い方として最もよいものを、1・2・3・4から一つ選 びなさい。
"__様相 __
 1. 腹痛が治まる__様相 __がないので、病院で診察を受けた。 
 2. ビデオに撮って、子どもの成長の__様相 __を記録に残したい。 
 3. 大きな事件や事故は、その時代の社会の__様相 __を反映している。 
 4. インターンに参加して、職場の__様相 __を知ることができた。",3,,問題4\次の言葉の使い方として最もよいものを、1・2・3・4から一つ選 びなさい。
"__交える __
 1. アルバイトだった時期も__交える__と、この会社で働いて 7 年になる。 
 2. 首脳会議は冗談を__交えた__和やかな雰囲気で進められた。 
 3. 心を__交えて__、彼のセーターを編んでいる。 
 4. 母の誕生日にメッセージを__交えて__花束を贈った。",2,,問題4\次の言葉の使い方として最もよいものを、1・2・3・4から一つ選 びなさい。
"__風潮__
 1. 本田さんはいつも__風潮__のファッションに身を包んでいる。 
 2. 何事も経済的な効率で判断するのが今の社会の__風潮__だ。 
 3. 地形の関係でこの辺りは夏に雨が降りやすい__風潮__がある。 
 4. 京都の町を歩いて古都の__風潮__を楽しんだ。",2,,問題4\次の言葉の使い方として最もよいものを、1・2・3・4から一つ選 びなさい。
"__もたらす__
 1. 科学技術の急速な進歩は我々の生活に大きな変化を__もたらした__。 
 2. この珍しいお菓子は宮下さんが海外から__もたらした__お土産です。 
 3. 弟は体力を__もたらす__ために毎朝公園をジョギングしている。 
 4. の計画は市が許可を__もたらす__まで実行されない見通しだ。",1,,問題4\次の言葉の使い方として最もよいものを、1・2・3・4から一つ選 びなさい。
"__撤回__
 1. 雪が激しくなってきたので途中で登山を__撤回__して山小屋に戻った。 
 2. 旅行の前日に風邪をひいてしまいホテルの予約を__撤回__した。 
 3. 水野氏は今朝の記者会見でした発言を午後すぐに__撤回__した。 
 4. 彼は医師になるという進路を__撤回__し音楽家を目指すことにしたそうだ。",3,,問題4\次の言葉の使い方として最もよいものを、1・2・3・4から一つ選 びなさい。
"__補填 __
 1. 書類をよく読んで空欄に必要事項を補填してください。 
 2. 暑い中で運動して汗をかいたときは水分を補填することが大切だ。 
 3. 新規事業で生じた赤字は別の事業の収益で補填することにした。 
 4. 風邪で休んでいる間みんなが協力して私の仕事を補填してくれた。",3,,問題4\次の言葉の使い方として最もよいものを、1・2・3・4から一つ選 びなさい。
"__コンスタント__
 1. この商品は発売以来毎月50個程度__コンスタント__に売れている。 
 2. この映画を見るのは3度目だが何度見ても__コンスタント__に感動する。 
 3. この公園の電灯は防犯のためかひと晩中__コンスタント__についている。 
 4. 石川先生は 70 歳を過ぎたそうだが__コンスタント__に若々しい。",1,,問題4\次の言葉の使い方として最もよいものを、1・2・3・4から一つ選 びなさい。
"__ずばり__
 1. 木村さんの一言を聞いてあのときの出来事が__ずばり__と脳裏によみがえってきた。 
 2. 息子はずっと続けていた野球を__ずばり__とやめ勉強に専念した。 
 3. 森さんはきちょうめんな人で机の上の本はいつも__ずばり__とそろえて置かれている。 
 4. 友人に自分の欠点を__ずばり__と指摘されてしばらく落ち込んだ。",4,,問題4\次の言葉の使い方として最もよいものを、1・2・3・4から一つ選 びなさい。
"__保留__
 1. デパートで子どもが迷子になったが、店員さんが__保留__してくれて無事だった。 
 2. 上司の意見を聞く必要があるため、 先方への返答を__保留__した。 
 3. 顧客のデータは随時このパソコンに__保留__しています。 
 4. 帰ろうとしたら、「もう少しゆっくりしていってください」 と、 __保留__された。",2,,問題4\次の言葉の使い方として最もよいものを、1・2・3・4から一つ選 びなさい。
"__緩和__
 1. 彼の態度はどんなに注意されてもまったく__緩和__しようとしない。 
 2. この薬を飲めば、疲れや眠気などがすぐに__緩和__されると思う。 
 3. 会議で意見が激しく対立したが、彼の説明でその場の雰囲気が少し__緩和__になったと思う。 
 4. 電車の車両を増やすことで通勤時における混雑の__緩和__
が期待される。",4,,問題4\次の言葉の使い方として最もよいものを、1・2・3・4から一つ選 びなさい。
"__程遠い__
 1. 店の売り上げはかなり増えたが、 まだ目標には__程遠い__。 
 2. 卒業後、 学生時代の友人とのつながりが徐々に__程遠く__なっている。 
 3. 子どものころのことは、記憶が__程遠く__なっていてあまり覚えていない。 
 4. 職場の同僚たちは、それぞれ年齢や趣味は__程遠い__が仲がいい。",1,,問題4\次の言葉の使い方として最もよいものを、1・2・3・4から一つ選 びなさい。
"__まろやか__
 1. この石は長年川の流れに洗われて、 表面がすっかり__まろやか__になったように見える。 
 2. 彼女の__まろやか__で優しい歌声に、 会場中の聴衆が心を奪われた。 
 3. 少しクリームと砂糖を入れたら、__まろやか__な味になった。 
 4. 会議で意見が対立したが、 彼の__まろやか__な態度で話がまとまった。",3,,問題4\次の言葉の使い方として最もよいものを、1・2・3・4から一つ選 びなさい。
"__脱却__
 1. 組織の発展のためには、現在の古い体制から__脱却__することが必要だ。 
 2. 暑くて我慢できなかったので、外に出る前に上着を__脱却__してしまった。 
 3. 彼は仕事の疲れを__脱却__するために、友人と一緒に温泉旅行に出かけた。 
 4. 新しい技術の導入によって、会社の業績が大きく__脱却__したと報告された。",1,,問題4\次の言葉の使い方として最もよいものを、1・2・3・4から一つ選 びなさい。
"__使いこなす__
 1. 彼は新しいゲームを買ったが、ルールが複雑すぎて全然__使いこなせなかった__。 
 2. 毎朝、彼はお気に入りの歯ブラシを__使いこなして__、歯を丁寧に磨いている。 
 3. 会議で彼は難しい専門用語を__使いこなして__、説明した。 
 4. 兄はマニュアルを少し読んだだけで、 その機材を__使いこなして__いた。",4,,問題4\次の言葉の使い方として最もよいものを、1・2・3・4から一つ選 びなさい。
"__加工__
 1. 食事や運動などを生活習慣に__加工__するような医師からアドバイスを受けた。 
 2. このお店では、余った木材を__加工__した商品を販売している。 
 3. 両親は古い民家をう安く購入して__加工__して、民宿に加工した。 
 4. 就職規則の一部を__加工__することにした。",2,,問題4\次の言葉の使い方として最もよいものを、1・2・3・4から一つ選 びなさい。
"__養う__
 1. 息子が近くの公園で虫を捕まえてきたので、家で__養う__ことにした。 
 2. 部屋のベテランで植物を__養う__ためにお店で鉢と土を買った。 
 3. 売り上げを伸ばし、自分の会社を__養ってきた__。 
 4. さんは会社を経営しながら3人の子どもを__養っている__。",4,,問題4\次の言葉の使い方として最もよいものを、1・2・3・4から一つ選 びなさい。
"__資質__
 1. 携帯電話のカメラの__資質__は日に日に向上している。 
 2. この動物は、見た目は可愛いらしいが、__資質__は荒いので注意が必要だ。 
 3. 会社で製品の__資質__を管理する仕事をしている。 
 4. 森さんは身体能力が高く、陸上選手としての__資質__に恵まれている。",4,,問題4\次の言葉の使い方として最もよいものを、1・2・3・4から一つ選 びなさい。
"__正当__
 1. 説明書を見て__正当__な組み立てたのに、部品が一つ余った。 
 2. 「まる」はニックネームで、私の__正当__な名前は「丸山」です。 
 3. その画家は、若いころには__正当__な評価を受けていなかった。 
 4. トンネルの建設工事は大きな遅れもなく、__正当__に進んでいる。",3,,問題4\次の言葉の使い方として最もよいものを、1・2・3・4から一つ選 びなさい。
"__ありきたり__
 1. あの町はにコンビニが__ありきたり__で、とても便利だ。 
 2. その小説のストーリーは__ありきたり__で、 つまらなかった。 
 3. 困っている人がいたら助けるのは、__ありきたり__のことだ。 
 4. __ありきたり__の方は入場料1000円となっています。",2,,問題4\次の言葉の使い方として最もよいものを、1・2・3・4から一つ選 びなさい。
"__間柄__
 1. 木村さんとは中学からずっと同じクラスだが、それほど親しい__間柄__ではない。 
 2. 友好条約で両国の__間柄__は今後進展する。 
 3. 生態の変化、 近年の環境の破壊との__間柄__が指摘される。 
 4. 父と漁民、小さい頃から、海と__間柄__の深い暮らしをしてきた。",1,,問題4\次の言葉の使い方として最もよいものを、1・2・3・4から一つ選 びなさい。
"__兆し__
 1. 来月は 100 万台バイクを生産する__兆し__です。 
 2. 消費税が上がり、売り上げの__兆し__が不透明だ。 
 3. 多くの人の__兆し__と違って、A チームが優勝した。 
 4. 今年になっても景気がよくなる__兆し__が見られない。",4,,問題4\次の言葉の使い方として最もよいものを、1・2・3・4から一つ選 びなさい。
"__収容__
 1. 大きなカバンに旅行の荷物を全部__収容__した。 
 2. このコンサートホールは５００人の観客を__収容__することができる。 
 3. この辞書には 8 万語が__収容__されている。 
 4. ビタミンを多く__収容__する食品をたくさん食べるようにしている。",2,,問題4\次の言葉の使い方として最もよいものを、1・2・3・4から一つ選 びなさい。
"__さえる__
 1. 友人は時間に__さえて__いて、遅刻したことは一度もない。 
 2. 父は感情が__さえて__顔に出るので、分かりやすい。 
 3. コーヒーを飲んだら、目が__さえて__しまって、眠れない。 
 4. 彼の目標は__さえて__いて、一度も変わることはなかった。",3,,問題4\次の言葉の使い方として最もよいものを、1・2・3・4から一つ選 びなさい。
"__痛烈__
 1. その映画は評論家から__痛烈__な批判を受けた。 
 2. 彼らは__痛烈__な戦いを勝ち抜いて優勝した。 
 3. __痛烈__な環境でも育つ作物を研究している。 
 4. 台風のせいで、__痛烈__な勢いの風が吹いている。",1,,問題4\次の言葉の使い方として最もよいものを、1・2・3・4から一つ選 びなさい。
"__完結__
 1. 申し込み期間が__完結__する前に、急いで書類を出しに行った。 
 2. 駅前に建設中だったマンションが__完結__し、入居が始まった。 
 3. 3年間続いた連載小説が、いよいよ次回で__完結__する。 
 4. 充電が__完結__するまで、2時間程度かかります。",3,,問題4\次の言葉の使い方として最もよいものを、1・2・3・4から一つ選 びなさい。
"__もろい__
 1. ここは古い住宅で、壁が__もろく__なっているため、立ち入り禁止だ。 
 2. 以前は力が__もろかった__ので、毎日トレーニングして、筋肉をつけた。 
 3. 彼はまだ若く、仕事の経験も__もろい__が、やる気にあふれている。 
 4. この野菜はあまり火を通しすぎると、栄養が__もろく__なってしまう。",1,,問題4\次の言葉の使い方として最もよいものを、1・2・3・4から一つ選 びなさい。
"__解約__
 1. 道路工事が終了したので、車両の通行止めを__解約__した。 
 2. 暗証番号を入力して、ドアのロックを__解約__してください。 
 3. 体調が悪いので、友達と食事に行く予定を__解約__した。 
 4. 家計の見直しをして、保険を__解約__することにした。",4,,問題4\次の言葉の使い方として最もよいものを、1・2・3・4から一つ選 びなさい。
"__特産__
 1. これはあの監督の数々の作品の中でも__特産__の映画だと思う。 
 2. 村の__特産__の黄色いりんごを使った料理をごちそうになった。 
 3. 彼はわが国の__特産__の世界的なサッカー選手で、彼のことを知らない人はいない。 
 4. わが社__特産__の技術を生かした新商品を開発する。",2,,問題4\次の言葉の使い方として最もよいものを、1・2・3・4から一つ選 びなさい。
"__問い詰める__
 1. 石川さんは数学ができるから、いつもみんなに数学の問題を__問い詰められて__いる。 
 2. 進路について一人で__問い詰めて__いたが、両親に相談することにした。 
 3. 子どものころから星を見るのが大好きで、今も宇宙の謎を__問い詰めて__いる 
 4. 友人たちから、どうして約束を破ったのかと問い__詰められた__。",4,,問題4\次の言葉の使い方として最もよいものを、1・2・3・4から一つ選 びなさい。
"__改修__
 1. 顔の大きさに合わせて、眼鏡を__改修__してもらった。 
 2. 問題の解決には、法律を__改修__しなければならない。 
 3. 台風によって壊れてしまった橋を__改修__している。 
 4. この資料は古いので、データを__改修__してください。",3,,問題4\次の言葉の使い方として最もよいものを、1・2・3・4から一つ選 びなさい。
"__手厚い__
 1. 大切なお客様がいらっしゃったので、__手厚く__もてなした。 
 2. 交差点で起きた交通事故の状況を警察に__手厚く__説明した。 
 3. この商品は壊れやすいので、袋に包んで__手厚く__運んだ。 
 4. 寝ている赤ちゃんを起こさないように、ドアを__手厚く__閉めた。",1,,問題4\次の言葉の使い方として最もよいものを、1・2・3・4から一つ選 びなさい。
"__デマ__
 1. 誰かが__デマ__を流して、私たちをだまそうとしている。 
 2. この絵画は__デマ__で、本物は市の美術館で見られます。 
 3. 山本さんは年上だと思っていたが、私の__デマ__だった。 
 4. 二人できちんと話し合って、お互いの__デマ__を解いた。",1,,問題4\次の言葉の使い方として最もよいものを、1・2・3・4から一つ選 びなさい。
"__密集__
 1. この地区は古い住宅が__密集__している 
 2. 毎週水曜日に会議のメンバーを__密集__している 
 3. 趣味で外国の切手を__密集__している 
 4. このコンサートには世界中から有名な歌手が__密集__している",1,,問題4\次の言葉の使い方として最もよいものを、1・2・3・4から一つ選 びなさい。
"__潔い__
 1. 間違ったことをしたと思うなら、__潔く__謝ったほうがいいよ 
 2. 裁判で被告は「自分は無実だ、__潔い__」と主張していた 
 3. 資料は配らずに、__潔く__説明だけで済ませた 
 4. 家に帰ったら、 __潔く__なるまでしっかり手を洗いましょう",1,,問題4\次の言葉の使い方として最もよいものを、1・2・3・4から一つ選 びなさい。
"__発足__
 1. これから先日__発足__した問題について検討します 
 2. 新技術を__発足__したおかげで、 他社との勝負に勝てた 
 3. この団体は先月__発足__したばかりです 
 4. この出版社は、 来月、 新しい週刊誌を__発足__する",3,,問題4\次の言葉の使い方として最もよいものを、1・2・3・4から一つ選 びなさい。
"__にぎわう__
 1. 朝の電車は会社に行くサラリーマンでに__ぎわっている__ 
 2. 休みの前の日の夜は、どこのレストランも__にぎわっている__ 
 3. 都会の真ん中にあるこの公園は、いつも緑で__にぎわっている__ 
 4. この図書館には、 いろいろな分野の本が__にぎわっている__",2,,問題4\次の言葉の使い方として最もよいものを、1・2・3・4から一つ選 びなさい。
"__ひとまず__
 1. この機械は__ひとまず__動かすとすぐには止められない 
 2. 政府が発表した経済対策は、 __ひとまず__しか効果がなかった 
 3. ご飯を食べて__ひとまず__たってから、薬を飲んでください 
 4. 今日の作業は__ひとまず__これで終わりにしよう",4,,問題4\次の言葉の使い方として最もよいものを、1・2・3・4から一つ選 びなさい。
"__満喫__
 1. この音楽を聞くと、 気持ちがとても __満喫__する 
 2. この雑誌には、 安いアパートの情報が __満喫__されている 
 3. 海外旅行に行って、 久しぶりの休暇を __満喫__した 
 4. これらの条件を __満喫__する人材を探しています",3,,問題4\次の言葉の使い方として最もよいものを、1・2・3・4から一つ選 びなさい。
"__出荷__
 1. 有名俳優の__出荷__によって、公演のチケットはすぐに完売した。 
 2. 海外の需要が高まり、アメリカに新店舗の__出荷__が決定した。 
 3. 好評により注文が殺到していて、 商品の__出荷__が遅れている。 
 4. 今回の展覧会では、 絵画の__出荷__が大半を占めた。",3,,問題4\次の言葉の使い方として最もよいものを、1・2・3・4から一つ選 びなさい。
"__譲る__
 1. 私は早朝起きて、新聞を名家庭に__譲る__仕事をしている。 
 2. 学校の倉庫の鍵を職員室に__譲る__のをすっかり忘れていた。 
 3. 新しいテレビを買ったので、古いテレビを友人に__譲った__。 
 4. 今朝、自宅近くの公園で拾った財布を交番に__譲った__。",3,,問題4\次の言葉の使い方として最もよいものを、1・2・3・4から一つ選 びなさい。
"__底力__
 1. 毎日体を運動しているので、腕の__底力__なら誰にも負けない。 
 2. 彼は目立たない存在だが、大事な場面での__底力__はすごい。 
 3. 石原さんは、 動物の言葉が分かる特別な__底力__を持っている。 
 4. 留学して、英語を話す__底力__を伸ばしたいと思っている。",2,,問題4\次の言葉の使い方として最もよいものを、1・2・3・4から一つ選 びなさい。
"__絶大__
 1. __絶大__な開発によって、町の風景がすっかり変わった。 
 2. 世界を旅して__絶大__な山の姿を写真に収めた。 
 3. これまで誰も釣ったことがないような__絶大__な魚を釣りたい。 
 4. あの歌手は若い人たちに__絶大__な人気がある。",4,,問題4\次の言葉の使い方として最もよいものを、1・2・3・4から一つ選 びなさい。
"__手痛い__
 1. 仕事で__手痛い__ミスをして、周りに迷惑をかけた。 
 2. 来週までは、 __手痛い__運動をなるべく避けてください。 
 3. 秋が終わって、とうとう__手痛い__冬がやってきた。 
 4. 口川さんはほかの人より__手痛い__スピードで作業した。",1,,問題4\次の言葉の使い方として最もよいものを、1・2・3・4から一つ選 びなさい。
"__誘致__
 1. 駐車場で、係員が車を何台も__誘致__している。 
 2. 議会は町の経済を活性化させるために、工場を__誘致__することを決めた。 
 3. 人材が不足しているため、今年は100人以上の新入社員を__誘致__した。 
 4. あの学校は新しい教授法を__誘致__したことで、人々の関心を集めている。",2,,問題4\次の言葉の使い方として最もよいものを、1・2・3・4から一つ選 びなさい。
"20 連携
 1. 学校は地域と__連携__して生徒の安全を守っている。 
 2. 複数の社員で一台のプリンターを__連携__して使っている。 
 3. 最近の株価は、為替レールと__連携__して上下している。 
 4. 登山のときには、必ず地図を__連携__してください。",1,,問題4\次の言葉の使い方として最もよいものを、1・2・3・4から一つ選 びなさい。
"21 不服
 1. 彼の失礼な態度は、そこにいた人々の__不服__を買った。 
 2. カラオケで思い切り歌って、日ごろの__不服__を晴らそう。 
 3. 審判の判定に__不服__を唱えることはできない。 
 4. この部署で、お客様からの__不服__を受け付けています。",3,,問題4\次の言葉の使い方として最もよいものを、1・2・3・4から一つ選 びなさい。
"22 かなう
 1. 苦労が__かない__、彼は俳優として成功をおさめた。 
 2. 天気予報が__かない__、今日は一日中快晴だった。 
 3. 準備を重ねてきたイベントが無事__かなった__。 
 4. 自分の店を持つという夢が、とうとう__かなった__。",4,,問題4\次の言葉の使い方として最もよいものを、1・2・3・4から一つ選 びなさい。
"23 目覚ましい
 1. あの新人選手は__目覚ましい__成長を見せている。 
 2. 上の階で__目覚ましい__ほどの大きな物音がした。 
 3. この赤はとても__目覚ましい__色で人目をひくね。 
 4. 夕べ早く寝たので、今朝はとても__目覚ましい__。",1,,問題4\次の言葉の使い方として最もよいものを、1・2・3・4から一つ選 びなさい。
"24 ほどける
 1. ねじが__ほどけて__、イスがぐらぐらしている。 
 2. 靴のひもが__ほどけない__ようにしっかりと結んだ。 
 3. シャツのボタンが__ほどけている__から、とめた方がいいよ。 
 4. グラスに浮かぶ氷がみるみるうちに__ほどけた__。",2,,問題4\次の言葉の使い方として最もよいものを、1・2・3・4から一つ選 びなさい。
"25 赴任
 1. 明日から三日間東京へ__赴任__しなければならない。 
 2. 新入社員の研修では、実際に売り場にも__赴任__してもらう。 
 3. 部長が海外の支社に__赴任__するので、みんなで送別会を開いた。 
 4. 田中氏が新しい社長に__赴任__することが発表された。",3,,問題4\次の言葉の使い方として最もよいものを、1・2・3・4から一つ選 びなさい。
"免除
 1. 会費を2年間滞納すると、自動的に会から__免除__されます。 
 2. 3年後にもう一度試験を受けないと、この資格は__免除__されます。 
 3. 入学試験の成績優秀者は、入学金が__免除__になります。 
 4. うがいをすれば、風邪の__免除__になります。",3,,問題4\次の言葉の使い方として最もよいものを、1・2・3・4から一つ選 びなさい。
"ブランク
 1. 2年の__ブランク__があり心配だったが、先月から職場に復帰した。 
 2. 15分ほど__ブランク__にしませんか。みんな疲れたようだし。 
 3. プレゼンの最中は緊張しちゃって、頭が__ブランク__だったよ。 
 4. 大事なデータを__ブランク__してしまった。",1,,問題4\次の言葉の使い方として最もよいものを、1・2・3・4から一つ選 びなさい。
"怠る
 1. 昨日、会社を__怠って__映画を見に行ってしまった。 
 2. 忙しいときは料理を__怠って__、買ってきた弁当で済ますこともある。 
 3. 彼はどんな苦労も__怠らずに__、いつも積極的に仕事に取り組んでいる。 
 4. 成功を勝ち取るためには、日々の努力を__怠って__はいけない。",4,,問題4\次の言葉の使い方として最もよいものを、1・2・3・4から一つ選 びなさい。
"見込み
 1. 今日はこれから取引先に打ち合わせに行く__見込み__です。 
 2. 周囲の__見込み__に応えて、すばらしい仕事を成し遂げた。 
 3. 田中さんは、来週には退院の__見込み__です。 
 4. __見込み__もしないところで昔の友人に会った。",3,,問題4\次の言葉の使い方として最もよいものを、1・2・3・4から一つ選 びなさい。
"満たない
 1. 私が生まれたのは、人口500人に__満たない__小さな村です。 
 2. 会議資料が3人分__満たない__から、コピーしてきて。 
 3. どうがんばっても、英語力では田中さんに__満たない__。 
 4. 当店のサービスについて何か__満たない__点があればご記入ください。",1,,問題4\次の言葉の使い方として最もよいものを、1・2・3・4から一つ選 びなさい。
"有数
 1. この商品は__有数__ですので、売り切れの場合もございます。 
 2. この国は世界でも__有数__の小麦生産国だ。 
 3. 会議で反対意見を述べた人は__有数__のみだった。 
 4. いくつもの案の比較、検討し、その中から__有数__の案を選んだ。",2,,問題4\次の言葉の使い方として最もよいものを、1・2・3・4から一つ選 びなさい。
"円滑
 1. 手術の後、田中さんの体力は__円滑__に回復している。 
 2. 手順を改善したら、業務が__円滑__に進むようになった。 
 3. 瓶のふたが固くて開かなかったが、温めたら__円滑__に開いた。 
 4. 山田さんは3か国語を__円滑__に操ることができるそうだ。",2,,問題4\次の言葉の使い方として最もよいものを、1・2・3・4から一つ選 びなさい。
"優位
 1. A社はこの数年、小型パソコン市場において他社より__優位__に立っている。 
 2. 今度のスポーツ大会では__優位__に入賞できるように毎日練習に励んでいる。 
 3. ご予約のお客さまを__優位__にお席にご案内しておりますので、尐々お待ちください。 
 4. 当社は、生産性より品質を__優位__に考えた生産体制に転換を進めています。",1,,問題4\次の言葉の使い方として最もよいものを、1・2・3・4から一つ選 びなさい。
"かばう
 1. 仕事のストレスから身を__かばう__には、適度な休養も必要だ。 
 2. このマンションは、警備員が入り口で住人をか__ばっている__ので安心だ。 
 3. 政府は子どもたちの人権を__かばう__法律を成立させた。 
 4. 父にしかられていたら、母が[わざとやったわけじゃないんだから]と言って__かばってくれた__。",4,,問題4\次の言葉の使い方として最もよいものを、1・2・3・4から一つ選 びなさい。
"加味
 1. わが社では、仕事の成果だけでなく、勤務態度も__加味__して社員を評価している。 
 2. 外国の文化が__加味__されて、わが国の生活スタ ルも徐々に変化してきた。 
 3. 発表は以上ですが、最後に尐しだけ__加味__させていただきます。 
 4. 私は保存料や着色料を__加味__した食品ばなるべく買わないようにしている。",1,,問題4\次の言葉の使い方として最もよいものを、1・2・3・4から一つ選 びなさい。
"気配
 1. 私は目や口のあたりに祖母の__気配__があるとよく言われる。 
 2. 彼女が部屋に入ってくると、その場の__気配__がぱっと明るくなった。 
 3. 会議の開始時間を過ぎているのに、誰も来る__気配__がない。 
 4. 駅前にビルや店ができて、10年前とは__気配__がすっかり変わった。",3,,問題4\次の言葉の使い方として最もよいものを、1・2・3・4から一つ選 びなさい。
"合致
 1. この靴は私の足の形に__合致__していて、疲れにくい。 
 2. 私は年齢に__合致__した服装をするように心がけている。 
 3. 実験結果は、理論的な予測に完全に__合致__していた。 
 4. 自分に__合致__する仕事なんて、そう簡単には見つからない。",3,,問題4\次の言葉の使い方として最もよいものを、1・2・3・4から一つ選 びなさい。
"__没頭__
 1. 初めて任された仕事をやり遂げ、充実感に__没頭__した 
 2. 一日でも早く良くなるように、休暇を取って治療に__没頭__したい。 
 3. 林氏は苦労して社長になったのに、全く地位に__没頭__していない。 
 4. 大学院時代は、寝る間も惜しんで専門分野の研究に__没頭__していた。",4,,問題4\次の言葉の使い方として最もよいものを、1・2・3・4から一つ選 びなさい。
"__人手__
 1. 父は一家の__人手__で、長い間家族を経済的に支えてくれている。 
 2. 大手メーカーが突然倒産し、大量の__人手__が職を失うことになった。 
 3. 祭りの準備には__人手__が要るので、手伝ってくれる人を探している。 
 4. この会社では、年齢や性別を問わず、優秀な__人手__を雇用している。",3,,問題4\次の言葉の使い方として最もよいものを、1・2・3・4から一つ選 びなさい。
"__今更__
 1. 発生から10年以上たつが、この事件は__今更__解決されていない。 
 2. これは長い間の習慣だから、__今更__変えるように言われても難しい。 
 3. この絵に描かれた女性は、__今更__動き出すかのように生き生きとしている。 
 4. 佐藤さんは最初は目立たない社員だったが、__今更__、会社の中心人物だ。",2,,問題4\次の言葉の使い方として最もよいものを、1・2・3・4から一つ選 びなさい。
"__くまなく__
 1. 家中を__くまなく__探したが、結局、鍵は見つからなかった。 
 2. 四月から公共料金が__くまなく__値上げされるそうだ。 
 3. 金庫の中の現金を泥棒に__くまなく__盗まれてしまった。 
 4. 小学校時代の友達の名前を__くまなく__思い出せない。",1,,問題4\次の言葉の使い方として最もよいものを、1・2・3・4から一つ選 びなさい。
"__安静__
 1. 試合を観戦した後は興奮が冷めず、なかなか__安静__になれなかった。 
 2. 鈴木さんはいつも__安静__な判断ができるので、頼りにされている。 
 3. 熱が高いときは、無理をしないで__安静__にしていてください。 
 4. この辺りは緑が多く、__安静__てとても住みやすいところです。",3,,問題4\次の言葉の使い方として最もよいものを、1・2・3・4から一つ選 びなさい。
"__統合__
 1. 来年度から、関連部門を__統合__して、運営体制を再編することになった。 
 2. これまでの調査にかかった費用を__統合__して、金額を報告書に記載した。 
 3. 部屋全体をブルー系の色に__統合__して、落ち着いた印象に変えてみた。 
 4. A班とB班は違う登山口から山に入り、2時間後に__統合__する予定だ。",1,,問題4\次の言葉の使い方として最もよいものを、1・2・3・4から一つ選 びなさい。
"__規制__
 1. 光熱費を最小限に__規制__して、家計の担を減らしている 
 2. 今年は就職活動で忙しくなるので、アルバイトは__規制__するつもりだ。 
 3. マラソン大会当日は交通が__規制__され、一部の通路が通行止めになる。 
 4. この授業は少人数で行われるため、受講できる学生数が__規制__されている。",3,,問題4\次の言葉の使い方として最もよいものを、1・2・3・4から一つ選 びなさい。
"__入手__
 1. A社は今回の不祥事に関して、世間から多くの批判を__入手__した。 
 2. 社会人になって初めて__入手__した給料で、両親に贈り物をした。 
 3. 高橋氏は幼いころから音楽の才能を発揮し、数々の賞を__入手__した。 
 4. 海外に留学する際には、現地の生活に役立つ情報を__入手__しておくといい。",4,,問題4\次の言葉の使い方として最もよいものを、1・2・3・4から一つ選 びなさい。
"__素早い__
 1. 警察の__素早い__対応によって、逃走した犯人はその日のうちに逮捕された。 
 2. 窓を開けていたら強い風が吹いて、机の上の紙が__素早く__飛んでしまった。 
 3. 鈴木教授は話し方が__素早い__ので、講義の内容が聞き取れないことがある。 
 4. 森氏の小説は人気があって、新しい作品が発売されると__素早く__売り切れてしまう。",1,,問題4\次の言葉の使い方として最もよいものを、1・2・3・4から一つ選 びなさい。
"__経緯__
 1. 今年の夏休みは、毎日の__経緯__を日記に書いて記録に残すことにした。 
 2. 社長は今日の会議で、A社との契約問題が解決に至った__経緯__を説明した。 
 3. この語学学校では、初級と中級の間に初中級という__経緯__を組み入れている 
 4. 出張でA工場を訪れ、自動車が製造される__経緯__を視察した。",2,,問題4\次の言葉の使い方として最もよいものを、1・2・3・4から一つ選 びなさい。
"__退く__
 1. 不規則な生活を__退いて__から、体調がよくなってきたと感じている。 
 2. 佐藤氏は社長の地位を__退いた__後も、会社への影響力を持ちつづけた。 
 3. 仕事が忙しい時期を__退いたら__、休暇を取って家族と旅行しようと思っている。 
 4. A市の財政は一時の危機的状況を__退いた__が、いまだに厳しい運営が続いている。",2,,問題4\次の言葉の使い方として最もよいものを、1・2・3・4から一つ選 びなさい。
"__還元__
 1. 林選手は、連日の試合で消耗した体力を__還元__するため、しばらく休養するそうだ。 
 2. 参加の申し込みを取り消した場合、事前に支払った参加費は__還元__される。 
 3. 一時減少した車の生産台数は、今年になって徐々に__還元__してきた。 
 4. A社は、会社が得た利益を自然保護活動を通じて社会に__還元__している。",4,,問題4\次の言葉の使い方として最もよいものを、1・2・3・4から一つ選 びなさい。
"__昇進__
 1. 私の大学は、2年生までに50単位とらないと、3年生に__昇進__できない。 
 2. 中村さんは、料理教室に通うようになって、プロの並みの腕前に__昇進__した。 
 3. 私が応援するチームは、今日の試合に勝って、2位に__昇進__した。 
 4. 松本課長が来月、部長に__昇進__することになったそうだ。",4,,問題4\次の言葉の使い方として最もよいものを、1・2・3・4から一つ選 びなさい。
"__配布__
 1. 廊下の角で人とぶつかって、持っていた資料を床に__配布__してしまった。 
 2. 隣のうちの人への郵便物が私のうちに間違って__配布__されていた。 
 3. 駅の案内所では、観光案内地図を無料で__配布__している。 
 4. この一週間くらい、雨が降らず乾燥しているので、庭の木に水を__配布__した。",3,,問題4\次の言葉の使い方として最もよいものを、1・2・3・4から一つ選 びなさい。
"__滅びる__
 1. 事業の失敗が続き、このままでは資金が__滅びる__おそれがある。 
 2. 連日の異常な暑さが原因なのか、水槽の魚が__滅びて__しまった。 
 3. 今日の試合に負けて優勝の望みは__滅びた__が、最後までがんばろうと思う。 
 4. 昔この地域に栄えていた文明は大災害によって__滅びた__という説がある。",4,,問題4\次の言葉の使い方として最もよいものを、1・2・3・4から一つ選 びなさい。
"__発足__
 1. この団体は、留学生支援を目的に昨年８月に__発足__した。 
 2. まもなく__発足__するバスターミナルは国内で最大規模のものだ。 
 3. 来月10日に__発足__する国際大会に向け、選手団が日本を出発した。 
 4. 一か月間の研修によって、チームリーダーとしての自覚が__発足__した。",1,,問題4\次の言葉の使い方として最もよいものを、1・2・3・4から一つ選 びなさい。
"__提起__
 1. 製品の安全性に問題があることがわかり、消費者に注意を__提起__している。 
 2. 友人に一緒に会社を興さないかと__提起__したが、断られてしまった。 
 3. 今日の議会で、介護制度の在り方について問題を__提起__した。 
 4. 中野監督が引退した後の監督をお願いできないかと、山本氏に__提起__している。",3,,問題4\次の言葉の使い方として最もよいものを、1・2・3・4から一つ選 びなさい。
"__見落とす__
 1. たとえ親友であっても、不正行為を__見落とす__わけにはいかない。 
 2. 練習しても一向に上達しないので、コーチから__見落とされて__しまった。 
 3. 「300、000円」と書いてあったのに、ゼロを一つ__見落として__3万円だと勘違いしていた。 
 4. 人込みの中を歩いているうちに、前を歩いていた友人を__見落として__しまった。",3,,問題4\次の言葉の使い方として最もよいものを、1・2・3・4から一つ選 びなさい。
"__巧み__
 1. 山本さんは観察力が__巧み__で、小さな違いも見逃さない。 
 2. 社員全員に意見を募ったところ、__巧み__なアイディアが寄せられた。 
 3. 中島さんは計算が早くて、算数が__巧み__なんです。 
 4. 職人の__巧み__な技術によって、この器は作り出される。",4,,問題4\次の言葉の使い方として最もよいものを、1・2・3・4から一つ選 びなさい。
"__配属__
 1. 夜間は患者10人に対して看護師一人を__配属__している。 
 2. 新入社員の全員が希望の部署に__配属__されるわけではない。 
 3. 要請に応じて、毎年日本語講師を海外に__配属__している。 
 4. 営業部の石川部長が次期社長に__配属__された。",2,,問題4\次の言葉の使い方として最もよいものを、1・2・3・4から一つ選 びなさい。
"__乗り出す__
 1. 息子は学生から社会人へと新たな道に__乗り出した__。 
 2. 法律の改正に協力してくれるよう、関係者に__乗り出している__。 
 3. 労働者不足が深刻化し、政府が調査に__乗り出した__。 
 4. 母は買い物から戻ると、すぐに料理に__乗り出した__。",3,,問題4\次の言葉の使い方として最もよいものを、1・2・3・4から一つ選 びなさい。
"__面識__
 1. A 大学の松本先生は、名前は以前からよく知っているが、__面識__はない。 
 2. このあたりの土地は__面識__がないので、地図がないとどこにも行けない。 
 3. 好きな画家の展示会に行ったら、__面識__がない新しい絵が展示されていた。 
 4. 海外旅行中の友人から届いた絵はがきには、__面識__のない文字が写っていた。",1,,問題4\次の言葉の使い方として最もよいものを、1・2・3・4から一つ選 びなさい。
"__抜粋__
 1. このシャンプーは、植物から__抜粋__された天然成分だけで作られています。 
 2. アンケートによって__抜粋__した消費者の不満の声を今後の商品開発に生かしたい。 
 3. 多数の応募者の中から厳正に__抜粋__した10名に賞品を送った。 
 4. お渡しした資料は、私の論文の一部分を__抜粋__したものです。",4,,問題4\次の言葉の使い方として最もよいものを、1・2・3・4から一つ選 びなさい。
"__心当たり__
 1. なぜ木村さんが私のことを嫌っているのか、私には__心当たり__がない。 
 2. このカメラを買ったのは 10年も前なので、いくらで買ったか__心当たり__がない。 
 3. 今日は仕事が忙しいので、何時ごろ帰れるか__心当たり__がない。 
 4. 何かいい解決方法がないか考えているが、まだ__心当たり__がない。",1,,問題4\次の言葉の使い方として最もよいものを、1・2・3・4から一つ選 びなさい。
"__処置__
 1. 明日上司に報告できるように、今日中に種類を__処置__しておこう。 
 2. 来月引越すので、使わない家具を全部__処置__しようと思う。 
 3. 数学は苦手だったが、先生の特別な__処置__でよく分かるようになった。 
 4. 医者の適切な__処置__のおかげで、痛みはすぐに治まった。",4,,問題4\次の言葉の使い方として最もよいものを、1・2・3・4から一つ選 びなさい。
"__拍子__
 1. 重いものを入れすぎて、持ち上げた__拍子__に紙袋が破れてしまった。 
 2. 昨日はとても疲れていたので、布団に入った__拍子__に眠ってしまった。 
 3. 晩ご飯を作った__拍子__に、明日のお弁当も作った。 
 4. 雨がやんだ__拍子__に出かけたので、濡れずに済んだ。",1,,問題4\次の言葉の使い方として最もよいものを、1・2・3・4から一つ選 びなさい。
"__口出し__
 1. 今の意見に反論のある人は遠慮せず自由に__口出し__してください。 
 2. 店長は客に上手に__口出し__して、客の好みをうまく聞き出した。 
 3. この会社に就職できたのは、山田さんが__口出し__してくれたからだ。 
 4. 上司だからといって部下の私生活にまで__口出し__するのはよくない。",4,,問題4\次の言葉の使い方として最もよいものを、1・2・3・4から一つ選 びなさい。
"__煩雑__
 1. いろいろな書類を書き、いくつもの窓口に待っていくなど、手続きが__煩雑__だった。 
 2. 部長と課長は別室で__煩雑__な話をしているらしく、なかなか戻ってこない。 
 3. この辺りの道は迷路のように__煩雑__で分かりにくく、何度来ても間違えてしまう。 
 4. 都会で一人暮らしを始めたときは、期待と不安で__煩雑__な気持ちだった。",1,,問題4\次の言葉の使い方として最もよいものを、1・2・3・4から一つ選 びなさい。
"__当てはめる__
 1. 給料の金額は、社員一人一人能力に__当てはめて__決めてほしい思っている。 
 2. 最近天候が不安定で、その日の気温に__当てはめて__服を選ぶのが大変だ。 
 3. 少数の事例を一般化して社会全体__当てはめて__考えてもいいものだろうか。 
 4. この店は客の要望に__当てはめて__料理を作ってくれるので、評判がいい。",3,,問題4\次の言葉の使い方として最もよいものを、1・2・3・4から一つ選 びなさい。
"__打開__
 1. これまでの古い習慣を__打開__して新しいやり方を取り入れてみよう。 
 2. 高木刑事は綿密な捜査を怠らず、数数の事件を__打開__してきた。 
 3. 彼は超難関と言われる試験を__打開__し、希望の職に就くことができた。 
 4. 我社の危機的状況を__打開__するためには、根本的な経営の見直しが不可欠だ。",4,,問題4\次の言葉の使い方として最もよいものを、1・2・3・4から一つ選 びなさい。
"__辞任__
 1. 森氏は熟慮の末、市長に立候補することは__辞任__したいと申し出た。 
 2. 高橋選手は、今期で現役を__辞任__し、今後は後輩の指導に携わるそうだ。 
 3. 初めて出演する舞台で主役に選ばれたが、けがをして__辞任__するしかなかった。 
 4. 社長は会見を開き、今回の問題の責任をとって__辞任__する意向を表明した。",4,,問題4\次の言葉の使い方として最もよいものを、1・2・3・4から一つ選 びなさい。
"__帯びる__
 1. これは様々な機能を__帯びた__携帯電話で、録音や音楽の再生などが可能だ。 
 2. この計画は、最初はちょっとしたアイディアだったが、ようやく現実味を__帯びて__きた。 
 3. 佐藤さんは栄養士の資格を__帯びていた__ことから利になり、現在の職を得たそうだ。 
 4. 鈴木氏が個人で始めた商店は、現在500人の社員を__帯びた__企業に成長した。",2,,問題4\次の言葉の使い方として最もよいものを、1・2・3・4から一つ選 びなさい。
"__軌道__
 1. 私は大学を卒業するまで、両親が決めた__軌道__に沿って歩んできただけだった。 
 2. 部長から、出張中に__軌道__から外れた行動をとる時は、必ず報告するように言われた。 
 3. 景気がさらに悪化したため、経営を縮小する方向に__軌道__を修正することにした。 
 4. 新商品の開発実験は、前回とほぼ同じ__軌道__を通ってきたが、今回は異なる結果となった。",3,,問題4\次の言葉の使い方として最もよいものを、1・2・3・4から一つ選 びなさい。
"__思い詰める__
 1. 息子は初めての海外旅行が楽しみで、毎日__思い詰めて__いるようだ。 
 2. 林さんは何かに深く悩んでいるようで、ずっと__思い詰めた__表情をしている。 
 3. この数学の問題は難解で、一生懸命__思い詰めて__、どうしても解けなかった。 
 4. 親友の誕生日を祝って、__思い詰めて__作ったケーキなので、喜んでもらえてよかった。",2,,問題4\次の言葉の使い方として最もよいものを、1・2・3・4から一つ選 びなさい。
"__もはや__
 1. 現代の広告業界において、これまでの手法は__もはや__通用しないだろう。 
 2. 多くの研究者がこの仮説を証明するため、__もはや__検証を続けている。 
 3. 鈴木氏は__もはや__高校教師だったが、現在は作家として活躍している。 
 4. 生産体制が改善されれば、商品の不足状態は__もはや__解消される見込みだ。",1,,問題4\次の言葉の使い方として最もよいものを、1・2・3・4から一つ選 びなさい。
"__はなはだしい__
 1. 近年の__はなはだしい__国際化にともない、人々の海外への関心が急激に高まっている。 
 2. あの俳優は、演技はもちろん人柄も魅力的なので、最近、人気が__はなはだしい__。 
 3. 体力が十分に回復するまで、__はなはだしい__運動は避けるように医者から言われた。 
 4. この辺りの建物はかなり老朽化が進んでおり、破損や劣化が__はなはだしい__。",4,,問題4\次の言葉の使い方として最もよいものを、1・2・3・4から一つ選 びなさい。
"__重複__
 1. 私は、努力を惜しまず何度も__重複__して覚えることで、記憶を定着させた。 
 2. 大量のデータの中には__重複__しているものもあり、早急に整理が必要だった。 
 3. 健康に自信があっても、無理が__重複__すれば体を壊してしまいますよ。 
 4. 開園を待つ人の列が、驚くほど__重複__して入場ゲートの前にできていた。",2,,問題4\次の言葉の使い方として最もよいものを、1・2・3・4から一つ選 びなさい。
"__拠点__
 1. うわさの__拠点__を追究しても、なにも解決はしないだろう。 
 2. 日本近代文学の__拠点__となった作品として、この小説は高く評価された。 
 3. この都市は、広場を__拠点__にして道が放射状に伸びている。 
 4. A社は、地元の京都を__拠点__に全国各地でビジネスを展開している。",4,,問題4\次の言葉の使い方として最もよいものを、1・2・3・4から一つ選 びなさい。
"__真っ先__
 1. リーダーに適した人として、__真っ先__に私の頭に浮かんだのは石川(いしかわ)さんだった。 
 2. 次のテストではクラスで__真っ先__になれるように頑張って勉強しようと思う。 
 3. 先ほどお配りした資料の__真っ先__にあるグラフをご覧ください。 
 4. 日が悪いので、教室の__真っ先__に座らないと、黒板の字がよく読めない。",1,,問題4\次の言葉の使い方として最もよいものを、1・2・3・4から一つ選 びなさい。
"__緊密__
 1. 空港の滑走路を増設したことで、航空機の発着がますます __緊密__になった。 
 2. 今日の講演会は参加者が多く、会場の体育館には __緊密__にいすが並べられた。 
 3. この二つの単語は意味が __緊密__に使い分けられているので、習得が難しい。 
 4. この地区では子どもの安全を守るため、学校と地域が __緊密__に協力している。",4,,問題4\次の言葉の使い方として最もよいものを、1・2・3・4から一つ選 びなさい。
"__遂げる__
 1. この町は、近年の再開発により、驚くような変化を__遂げた__。 
 2. 指定の口座に入金した時点で正式な契約が__遂げられる__。 
 3. 池田さんは若手だが、担当部署で重要な責任を__遂げている__。 
 4. 業者の話では、来月末には駅前の工事を__遂げる__予定らしい。",1,,問題4\次の言葉の使い方として最もよいものを、1・2・3・4から一つ選 びなさい。
"__うなだれる__
 1. ビルの最上階の窓から__うなだれる__と、あまりの高さに恐怖を感じた。 
 2. 昨日の会議では、皆、部長の話に納得し力強く__うなだれていた__。 
 3. 姉は知らせを聞いてがっかりしたのか、__うなだれて__顔を上げなかった。 
 4. 何か踏んだような気がしたので、思わず__うなだれて__足元を見た。",3,,問題4\次の言葉の使い方として最もよいものを、1・2・3・4から一つ選 びなさい。
"__作動__
 1. その子は、音楽を流すとすぐに__作動__して踊りだした。 
 2. 最近の金融市場は専門家の予想と逆の方向に__作動__している。 
 3. 郊外に建設した新しい工場が、今日無事に__作動__した。 
 4. このガスストーブは転倒すると安全装置が__作動__してガスが止まる。",4,,問題4\次の言葉の使い方として最もよいものを、1・2・3・4から一つ選 びなさい。
"__しぶとい__
 1. 今日は朝から熱があり、体が__しぶとくて__動くのがつらい。 
 2. この箱は紙でできているのにとても__しぶとく__、強く押してもつぶれない。 
 3. 妹は__しぶとい__ところがあって、失敗してもあきらめず何度でも挑戦する。 
 4. 地下の部屋は、風通しが悪く湿気が__しぶとくて__、居心地が悪い。",3,,問題4\次の言葉の使い方として最もよいものを、1・2・3・4から一つ選 びなさい。
"__備え付ける__
 1. 寮の部屋にはパソコンが__備え付けて__あったので、自分で買わずに済んだ。 
 2. 食事をテーブルに__備え付けて__おいたので、どうぞ召し上がってください。 
 3. 家にお金を__備え付けて__おくために、銀行で現金を下ろしてきた。 
 4. 父が乗って出かけたのか、車庫に__備え付けて__あった車がない。",1,,問題4\次の言葉の使い方として最もよいものを、1・2・3・4から一つ選 びなさい。
"__基調__
 1. 私は自然環境の豊かさを__基調__にして、引っ越し先の家を選んだ。 
 2. このチームはキャプテンの鈴木選手を__基調__によくまとまっている。 
 3. 実話を__基調__に書かれた小説が映画化され、多くの感動を呼んだ。 
 4. この部屋の家具は白を__基調__にした明るい色で統一されている。",4,,問題4\次の言葉の使い方として最もよいものを、1・2・3・4から一つ選 びなさい。
"__かさばる__
 1. 映画館で、前の席の人の頭が__かさばって__、スクリーンがよく見えなかった。 
 2. 紙の袋に入れた荷物が__かさばって__、持って歩くのが大変だった。 
 3. 品質のいい材料を使ったら費用が__かさばってしまった__。 
 4. 弁論大会で自分の番が近づくにつれて、不安が__かさばって__きた。",2,,問題4\次の言葉の使い方として最もよいものを、1・2・3・4から一つ選 びなさい。
"__交錯__
 1. これからの人生を考えると、様々な思いが__交錯__し、昨夜は朝まで眠れなかった。 
 2. 運搬中に箱が落下して中身が散乱し、分けてあった商品が__交錯__してしまった。 
 3. この道は100メートル先で大きな道路と__交錯__するので、そこを左折してくださ。 
 4. この集まりでは様々な年代の人と__交錯__するので、見聞を広める良い機会だい。",1,,問題4\次の言葉の使い方として最もよいものを、1・2・3・4から一つ選 びなさい。
"広大
 1. 今回の金融危機は世界経済に__広大__な打撃を与えた。 
 2. 緑が多い__広大__なキャンパスは、この大学の魅力のひとつです。 
 3. 円高の影響は、ますます__広大__な業種に及んでいる。 
 4. A社は再開発地区に__広大__なビルの建設を予定している。",2,,問題4\次の言葉の使い方として最もよいものを、1・2・3・4から一つ選 びなさい。
"秘める
 1. あの人はクールに見えるが、実は情熱を内に__秘めている__。 
 2. 来月転職することは会社のみんなにはまだ__秘めている__。 
 3. 彼が授業中に変な顔をしたので、笑いを__秘める__のが大変だった。 
 4. チームで仕事をする上では、多少の不満は__秘める__必要もある。",1,,問題4\次の言葉の使い方として最もよいものを、1・2・3・4から一つ選 びなさい。
"発散
 1. インターネット時代になり、情報を__発散__することが容易になった。 
 2. 袋を落として、コーヒーの粉を辺り一面に__発散__してしまった。 
 3. 夏の暑い時には、朝晩2回ぐらい庭に水を__発散__している。 
 4. 冷蔵庫は、外部に熱を__発散__することで、内部を冷やしている。",4,,問題4\次の言葉の使い方として最もよいものを、1・2・3・4から一つ選 びなさい。
"仕業
 1. 店のシャッターのいたずら書きは、近所に住む子供の__仕業__だった。 
 2. この公園にはいつもきれいな花が植えてあるけど、誰の__仕業__なんだろう。 
 3. まだ仕事に慣れていないんだから、彼の__仕業__を責めてもしかたがない。 
 4. おぼれている子どもを見つけたときの林さんの__仕業__は、本当に立派だった。",1,,問題4\次の言葉の使い方として最もよいものを、1・2・3・4から一つ選 びなさい。
"無造作
 1. 専門店でしか買えなかった商品が、最近はどこでも__無造作__に買える 
 2. あの人は料理の味に__無造作__で、食べられれば何でもいいらしい。 
 3. 彼女はおしゃれにはあまり興味がないようで、髪も__無造作__に束ねているだけだ。 
 4. 高級レストランにしては雰囲気が__無造作__で、初めての人でも入りやすい。",3,,問題4\次の言葉の使い方として最もよいものを、1・2・3・4から一つ選 びなさい。
"総じて
 1. わかりやすい説明だったので、__総じて__理解できました。 
 2. 私は子どものころから__総じて__眼鏡をかけています。 
 3. 今年は、各店舗の売り上げが__総じて__伸びている。 
 4. 昨日のセミナーの参加者は、__総じて__200名だった。",3,,問題4\次の言葉の使い方として最もよいものを、1・2・3・4から一つ選 びなさい。
"一律
 1. 山下さんは、会うと__一律__に赤い帽子をかぶっている。 
 2. 休みの日に出かけようとすると、__一律__に雨が降る。 
 3. うちの会社の社員は、経歴はさまざまだが、__一律__に留学経験者だ。 
 4. すべての経費を__一律__に削減するのではなく、無駄なものから減らせばよい。",4,,問題4\次の言葉の使い方として最もよいものを、1・2・3・4から一つ選 びなさい。
"はがす
 1. 木村さんはノートに地図を書くと、そのページを__はがし__て私にくれた。 
 2. ジャムを作るとき、りんごは皮を__はがし__て、小さく切ってください。 
 3. 友人へのプレゼントにするので、値段のシールを__はがし__ておいた。 
 4. 目が疲れるので、家に帰るとすぐコンタクトレンズを__はがす__。",3,,問題4\次の言葉の使い方として最もよいものを、1・2・3・4から一つ選 びなさい。
"心構え
 1. 金銭トラブルに遭わないようにするには、日ごろの__心構え__が大切だ。 
 2. 上司から海外赴任を打診されたが、なかなか__心構え__が決まらない。 
 3. 今年中に家を買って引っ越す__心構え__だったのに、まだいい物件が見つからない。 
 4. 石川さんがこんなに親切にしてくれるのは、何か__心構え__があるんじゃないだろうか。",1,,問題4\次の言葉の使い方として最もよいものを、1・2・3・4から一つ選 びなさい。
"損なう
 1. 増税によって景気が__損なわれる__ことを心配する人が多い。 
 2. 度重なる発送ミスなどがもとで、顧客との信頼関係を__損なって__しまった。 
 3. 仕事に失敗して自信を__損なっていた__とき、この本を読んだら元気が出ました。 
 4. 天気予報によると、今週末は天候が__損なわれる__そうだ。",2,,問題4\次の言葉の使い方として最もよいものを、1・2・3・4から一つ選 びなさい。
"しがみつく
 1. 子どもは泣きながら母親の足に__しがみついて__離れようとしなかった。 
 2. 汗のせいで、シャツが肌に__しがみついて__気持ち悪い。 
 3. ふたが瓶に__しがみついて__いて、いくら力を入れても開かない。 
 4. 今日の電車は、隣の人に体が__しがみつく__ほど込んでいた。",1,,問題4\次の言葉の使い方として最もよいものを、1・2・3・4から一つ選 びなさい。
"工面
 1. 制度の改正を求めて、街頭で署名を__工面__する活動を続けた。 
 2. サービス向上のために、利用者からアイディアを__工面__した。 
 3. 選挙が近くなり、各政党は候補者を__工面__するのに必死だ。 
 4. なんとか資金を__工面__して、ついに自分の店を持つことができた。",4,,問題4\次の言葉の使い方として最もよいものを、1・2・3・4から一つ選 びなさい。
"抱え込む
 1. 何度も繰り返して覚えることで記憶をしっかり__抱え込む__ことができる。 
 2. 問題が生じたら一人で__抱え込__まず上司や同僚に相談するといい。 
 3. この塾は今年度から生徒を30人まで__抱え込む__ことができるようになった。 
 4. 母は私が子どものころに描いた絵を今まで大事に__抱え込__んでくれていた。",2,,問題4\次の言葉の使い方として最もよいものを、1・2・3・4から一つ選 びなさい。
"裏腹
 1. あの双子は外見はそっくりだが全く__裏腹__の性格をしている。 
 2. 地図を見ると商店街と住宅街は駅から__裏腹__の方角にあるようだ。 
 3. 前向きな言葉とは__裏腹__に課長の態度は消極的で計画は一向に進まない。 
 4. みんなが私を見るので変だと思ったらセーターを__裏腹__に着ていた。",3,,問題4\次の言葉の使い方として最もよいものを、1・2・3・4から一つ選 びなさい。
"耐えがたい
 1. 今年の夏は例年になく気温が上がり毎日__耐えがたい__暑さが続いている。 
 2. このお菓子は湿気に__耐えがたい__ので開封したら早めに食べたほうがいい。 
 3. そんなぜいたくな暮らしをしていたらすぐに貯金が__耐えがた__くなるだろう。 
 4. この自転車は何度も修理して使っていたがもう__耐えがたい__ようだ。",1,,問題4\次の言葉の使い方として最もよいものを、1・2・3・4から一つ選 びなさい。
"携わる
 1. 来年高校を受験するので現在受験勉強に__携わって__います。 
 2. 私は企業で薬品の開発に__携わって__おり日々研究に追われている。 
 3. 仕事を辞めて自由な時間ができたので新しい趣味に__携わり__はじめた。 
 4. 今日は午前中は来客と面会し午後は2時間企画会議に__携わる__予定だ。",2,,問題4\次の言葉の使い方として最もよいものを、1・2・3・4から一つ選 びなさい。
"人一倍
 1. 村田さんが自分の会社を持てたのはこれまで__人一倍__努力してきたからだ。 
 2. あの人は大切なお客様なので__人一倍__上等なワインでもてなしたい。 
 3. 弟は子どものころから体が大きくて身長はいつもクラスで__人一倍__だった。 
 4. タレントの中村さんの司会が好評でこの番組の視聴率は__人一倍__だ。",1,,問題4\次の言葉の使い方として最もよいものを、1・2・3・4から一つ選 びなさい。
"復旧
 1. 長く待たされたが雨で中断された野球の試合がもうすぐ__復旧__するらしい。 
 2. あの二人はけんかしても必ず__復旧__するので本当は仲がいいのだろう。 
 3. 今年の冬はひどい風邪をひいてしまい仕事になかなか__復旧__できなかった。 
 4. 昨夜から停電が続いていたが先ほど1) 2時間振りにようやく__復旧__した。",4,,問題4\次の言葉の使い方として最もよいものを、1・2・3・4から一つ選 びなさい。
"とっくに
 1. このへんには、__とっくに__大きいお寺があった。 
 2. 山田さんなら__とっくに__帰りました。 
 3. あのときのことを今ごろ謝っても__とっくに__遅いよ。 
 4. さっきから電話が__とっくに__鳴りっぱなしだ。",2,,問題4\次の言葉の使い方として最もよいものを、1・2・3・4から一つ選 びなさい。
"まちまち
 1. うちの家族は夕食をとる時間な__まちまちだ__。 
 2. 自分用と贈り物用を__まちまち__につ包んでもちった。 
 3. この花束は__まちまち__な色が混ざっていてきれいだね。 
 4. 営業時間や定休日は、__まちまち__の店舗で異なります。",1,,問題4\次の言葉の使い方として最もよいものを、1・2・3・4から一つ選 びなさい。
"ゆとり
 1. 参加者が多かったので、資料の__ゆとり__はあと一枚だけです。 
 2. 子供が生まれてからは経済的に__ゆとり__がなくなった 
 3. レポート提出まで、あと一日だけ__ゆとり__をください。 
 4. すでにかなり譲歩したので、これ以上交渉の__ゆとり__はない。",2,,問題4\次の言葉の使い方として最もよいものを、1・2・3・4から一つ選 びなさい。
"配布
 1. インターネットでは、最新ニュースがすくに__配布__される。 
 2. 携帯電話の電波は、どこにいても__配布__だれる。 
 3. ご購入いただいた商品は、ご自宅まで__配布__いたします。 
 4. あの店では今、化粧品の無料サンプルを__配布__している。",4,,問題4\次の言葉の使い方として最もよいものを、1・2・3・4から一つ選 びなさい。
"質素
 1. この文章は__質素__で、とてもわかりやすい。 
 2. もう尐し値段の__質素__なツアーはありませんか。 
 3. 経験は__質素__でも、やる気のある人を採用したい。 
 4. 無駄なものは買わずに、__質素__な生活を送っている。",4,,問題4\次の言葉の使い方として最もよいものを、1・2・3・4から一つ選 びなさい。
"見失う
 1. 相手チームのわずかなすきを__見失わず__、点を取った。 
 2. 何度もチェックしたはずなのに、間違いを__見失っていた__。 
 3. 先生は、最後まで私たちを__見失わずに__指導してくれた。 
 4. よそ見をしながら歩いていから、友達を__見失ってしまった__。",4,,問題4\次の言葉の使い方として最もよいものを、1・2・3・4から一つ選 びなさい。
"要望
 1. 宇宙飛行士になるという子どものころからの__要望__がついに実現した。 
 2. 市民の__要望__で、交通量の多い道に新たに道路標識が設置された。 
 3. 必要な書類をすべて窓口に出せば、パスポートの__要望__ができる。 
 4. 進学か就職か迷っていたが、両親と相談し、担当の先生に進学の__要望__を出した。",2,,問題4\次の言葉の使い方として最もよいものを、1・2・3・4から一つ選 びなさい。
"覆す
 1. どんなに若いころに戻りたくても、年齢を__覆す__ことはできない。 
 2. 予定を__覆し__てもいいなら、先に買い物に行きましょう。 
 3. 記入後はアンケート用紙を__覆し__して、裏面を上にして置いてください。 
 4. これまでの定説を__覆す__ような新しい研究結果が発表された。",4,,問題4\次の言葉の使い方として最もよいものを、1・2・3・4から一つ選 びなさい。
"繁盛
 1. 駅前のスーパーは安いと評判で、とても__繁盛__している。 
 2. 都心に向かう道路は通勤ラッシュの車で__繁盛__し、なかなか前に進まない。 
 3. 久しぶりの同窓会は、歌やおしゃべりで大いに__繁盛__した。 
 4. この国の経済は10年の間に急速に__繁盛__してきた。",1,,問題4\次の言葉の使い方として最もよいものを、1・2・3・4から一つ選 びなさい。
"くじける
 1. 年を取っても体力が__くじけない__よう、毎日運動している。 
 2. 庭の草花が暑さで__くじけない__よう、一日に何度も水をやっている。 
 3. 失敗して__くじけそう__になった時、親友が励ましてくれた。 
 4. 今は晴れているが、午後は天気が__くじけそう__だから、傘を持っていこう。",3,,問題4\次の言葉の使い方として最もよいものを、1・2・3・4から一つ選 びなさい。
"ひたむき
 1. 科学技術の__ひたむきな__進歩のおかげで、我々の生活は便利になった。 
 2. この時計は百年もの間、この家で__ひたむき__に時を刻んできた。 
 3. 早朝から雪が__ひたむき__に積もり、すでに1メートル以上になっている。 
 4. 転んでもゴールに向かって走り続ける少女の__ひたむき__な姿に感動した。",4,,問題4\次の言葉の使い方として最もよいものを、1・2・3・4から一つ選 びなさい。
"互角
 1. 今回のプロジェクトで得た利益は、メンバー全員で__互角__に分配した。 
 2. 決勝に残った選手たちの実力は__互角__だから、誰が優勝するか分からない。 
 3. いつも出張で使うホテルが満室だったので、__互角__の料金のところを見つけた。 
 4. | エアコンが壊れているみたいで、室温が外の気温と__互角__になってしまった。",2,,問題4\次の言葉の使い方として最もよいものを、1・2・3・4から一つ選 びなさい。
"__均等__
 1. 今の討論会では出席者全員が__均等__な意見で、反論する人は一人もいなかった。 
 2. 生徒がみんな同じ制服を着ていると、全員__均等__に見えてすぐに区別がつかない。 
 3. 仕事をそれぞれ__均等__に割り振って、作業量に差が出ないようにした。 
 4. カーテンが壁と__均等__な色だったせいか、全体的にシンプルな印象の部屋だった。",3,,問題4\次の言葉の使い方として最もよいものを、1・2・3・4から一つ選 びなさい。
"__リタイア __
 1. マラソン大会では、途中で、けがしてしまったので__リタイア __した。 
 2. 健康への影響を考えて、たばこは__リタイア __しようと考えている。 
 3. 昼食の時間になってので読書はいったん__リタイア __することにした。 
 4. 症状が悪化した場合、薬の使用はすぐに__リタイア __してください。",1,,問題4\次の言葉の使い方として最もよいものを、1・2・3・4から一つ選 びなさい。
"__押収__
 1. ていねいな調査のおかげで、解決への方策を__押収__できた。 
 2. 個の書類のお名前の横に、印鑑を__押収__してください。 
 3. 申込書を書いた方は、__押収__しまうので窓口までお待ちください。 
 4. 警察は、昨夜の捜査で犯人のものと見られる凶器を__押収__した。",4,,問題4\次の言葉の使い方として最もよいものを、1・2・3・4から一つ選 びなさい。
"__望ましい__
 1. 明日は、長い間ずっと__望ましかった__友人との再会の日だ。 
 2. __望ましい__ことに、私もやっと部長になれた。 
 3. 天候不順が原因で、今年は野菜が__望ましく__成長しない。 
 4. この仕事は学歴は問わないが経験があることが__望ましい__。",4,,問題4\次の言葉の使い方として最もよいものを、1・2・3・4から一つ選 びなさい。
"__本場__
 1. 美しい景色は、テレビで見るより__本場__で見た方が迫力がある。 
 2. ジャズの__本場__で音楽の勉強をしたいと思っていた。 
 3. 人の手で育てられた野生の動物を__本場__に返す運動が進められている。 
 4. 事件の記事を書くときは、必ず__本場__に行って取材するようにしている。",2,,問題4\次の言葉の使い方として最もよいものを、1・2・3・4から一つ選 びなさい。
"__秘める __
 1. あの人はクールに見えるが、実は情熱を内に__ 必めて__ いる。 
 2. 来月転職することは会社のみんなにはまだ__必めて__いる。 
 3. 彼が授業中に変な顔をしたので、笑いを__秘める __のが大変だった。 
 4. チームで仕事をする上では、多少の不満は__秘める __必要もある。",1,,問題4\次の言葉の使い方として最もよいものを、1・2・3・4から一つ選 びなさい。
"__絶滅__
 1. これば相手のチームを倒すゲームで、敵が__絶滅__ したら、勝ちだよ。 
 2. 恐竜は環境の変化に対応できず、__絶滅__ したと言われている。 
 3. 暖かくなってきて、庭に積もった雪もすっかり消えて__絶滅__ した。 
 4. 昔は豊作を祈る祭りがこの村で行われていたが、今は__絶滅__ した。",2,,問題4\次の言葉の使い方として最もよいものを、1・2・3・4から一つ選 びなさい。
"__素早い__
 1. 警察の__素早い__し対応によって、逃走した犯人はその日のうちに逮捕された。 
 2. 窓を開けていたら強い風が吹いて、机の上の紙が__素早く__飛んでしまった。 
 3. 鈴木教授は話し方が__素早い__ので、講義の内容が聞き取れないことがある。 
 4. 森氏の小説は人気があって、新しい作品が発売されると__素早く__売り切れてしまう。",1,,問題4\次の言葉の使い方として最もよいものを、1・2・3・4から一つ選 びなさい。
"__露骨__
 1. __露骨__ なデザインの服を着ていると、とても目立つ。 
 2. 税金の使い道は__露骨__ で無駄がないようにする必要がある。 
 3. 彼に仕事を頼んだら、__露骨__ に嫌な顔をされた。 
 4. 彼が間違っていることは、誰の目にも__露骨__ だった。",3,,問題4\次の言葉の使い方として最もよいものを、1・2・3・4から一つ選 びなさい。
"__交付__
 1. 高校生を対象に、海外に留学する機会の__交付__が始まるらしい。 
 2. 畑が非常に広いので、この辺りでは空から農薬の__交付__が行われる。 
 3. このお土産の菓子は量が多いから、職場での__交付__付にぴったりだ。 
 4. 証明書の__交付__が必要な人は、こちらで手続きしてください。",4,,問題4\次の言葉の使い方として最もよいものを、1・2・3・4から一つ選 びなさい。
"__かたくな__
 1. 学生のときからの友人とは、今でも__かたくな__友情で結ばれている。 
 2. 荷物が落ちないように、ひもで__かたくな__に縛ってください。 
 3. 彼は家族の忠告も聞かず、__かたくな__に自分の考えを押し通した。 
 4. 兄は体が__かたくな__だから、風邪もほとんどひかない。",3,,問題4\次の言葉の使い方として最もよいものを、1・2・3・4から一つ選 びなさい。
"__なつく__
 1. __なついている__土地を離れるのはつらい。 
 2. 何年もやってきた仕事だから、やり方には__なついている__。 
 3. あの部長は仕事のできる社員に__なついている__。 
 4. うちの犬は私の友人にとても__なついている__。",4,,問題4\次の言葉の使い方として最もよいものを、1・2・3・4から一つ選 びなさい。
"__結末__
 1. 急な用事ができたため、パーティーの__結末__までいられなかった。 
 2. 物語の__結末__を知りたくて、 分厚い本をひと晩で読んでしまった。 
 3. 後から来た人は、この列の__結末__に並んでください。 
 4. 細い枝の__結末__にかわいらしい白い花が咲いている。",2,,問題4\次の言葉の使い方として最もよいものを、1・2・3・4から一つ選 びなさい。
"__そそる__
 1. この先は急なカープなので、 注意を__そそる__標識が必要だ。 
 2. 先日の苻由氏の発言は、国民の対立を__そそる__ものだと批判を浴びた。 
 3. 料理の味も香りも彩りも食欲を__そそる__要素だ。 
 4. 救命センターの医師は常に緊張を__そそられている__。",3,,問題4\次の言葉の使い方として最もよいものを、1・2・3・4から一つ選 びなさい。
"__遮断__
 1. この部屋なら、 外部の音を__遮断__してピアノの演奏が録音できる。 
 2. 機の点検のため、工場の稼働を一時的に__遮断__している。 
 3. ダイエットを始めて以来、大好きな甘い物を__遮断__している。 
 4. 彼女から突然交際を__遮断__すると言われて驚いた。",1,,問題4\次の言葉の使い方として最もよいものを、1・2・3・4から一つ選 びなさい。
"__要請__
 1. この機械は、 最新の物で性能はいいが、 電力の__要請__が大きいのが難点だ。 
 2. 被災地からの__要請__で、国から医療チームが派遣されることになった。 
 3. 今回の仕事は特別な資格の__要請__はないので、どなたでも応募できます。 
 4. 高級ワインを何本も飲んで、 レストランから高額な__要請__があった。",2,,問題4\次の言葉の使い方として最もよいものを、1・2・3・4から一つ選 びなさい。
"__ぎこちない__
 1. 憧れの歌手に会った時、緊張して動作が__ぎこちなくなって__しまった。 
 2. この道は路面の状態が悪くて__ぎこちない__ので、運転しにくい。 
 3. 今年は天候が悪く、 稲や野菜の生育が__ぎこちない__そうだ。 
 4. 風邪でのどの調子がよくないのか、 声が__ぎこちなくて__聞き取りにくい。",1,,問題4\次の言葉の使い方として最もよいものを、1・2・3・4から一つ選 びなさい。
"__断じて__
 1. 彼は一生懸命思い出そうとしているが、そのときのことを__断じて__覚えていないようだ。 
 2. その扉はとても重くて、どんなに押しても__断じて__開かなかった。 
 3. 若いころは体が丈夫で__断じて__風邪をひくこともなかったが、 最近すっかり弱くなった。 
 4. 他人を差別したりいじめたりすることは、__断じて__許されない。",4,,問題4\次の言葉の使い方として最もよいものを、1・2・3・4から一つ選 びなさい。
"__調達__
 1. 新しい事業のために、資金を__調達__しなければならない。 
 2. インターネットで奨学金の申請方法を__調達__した。 
 3. 希望の職種に就くためには、早めに必要な資格を__調達__した方がいい。 
 4. 環境問題に対する各国の若者の意識を__調達__した。",1,,問題4\次の言葉の使い方として最もよいものを、1・2・3・4から一つ選 びなさい。
"__細心__
 1. 初めて一人で海外旅行をしたときは、__細心__の思いをした。 
 2. この二つの言葉は似ているが、__細心__のところでは意味が異なる。 
 3. 美術品の運搬には、__細心__の注意を払う必要がある。 
 4. イベントの概要は伺いましたが、__細心__の説明はまだです。",3,,問題4\次の言葉の使い方として最もよいものを、1・2・3・4から一つ選 びなさい。
"__意地__
 1. 彼は何がやりたいのか、__意地__がはっきりしない。 
 2. そう__意地__を張らずに、すなおに謝った方がいいよ。 
 3. 会議で、この調査の__意地__を説明した。 
 4. わが社は顧客の__意地__に沿った商品開発を目指している。",2,,問題4\次の言葉の使い方として最もよいものを、1・2・3・4から一つ選 びなさい。
"__めきめき__
 1. あの人は発言するたびに意見が__めきめき__変わる。 
 2. 入院して、健康のありがたみを__めきめき__感じた。 
 3. 遠慮しないで、__めきめき__召し上がってくださいね。 
 4. 水泳教室に通ったおかげで、__めきめき__上達した。",4,,問題4\次の言葉の使い方として最もよいものを、1・2・3・4から一つ選 びなさい。
"__目先__
 1. 田中さんはつい__目先__に帰ってしまいましたよ。 
 2. あのモデルのファッションは流行の__目先__を行っている。 
 3. __目先__の利益を追うのではなく、会社の将来を考えるべきだ。 
 4. 決勝戦を__目先__に控え、 選手はだいぶ緊張しているようだ。",3,,問題4\次の言葉の使い方として最もよいものを、1・2・3・4から一つ選 びなさい。
"__見落とす__
 1. 人が困っているのを__見落とす__わけにはいかない。 
 2. 飛行機に乗っている間、窓からずっと海を__見落として__いた。 
 3. 部長は、気づいていたようだが、今回の失敗を__見落として__くれた。 
 4. メールが多すぎて、重要な連絡を__見落として__いた。",4,,問題4\次の言葉の使い方として最もよいものを、1・2・3・4から一つ選 びなさい。
"__もはや __
 1. 現代の広告業界において、これまでの手法は__もはや __通用しないだろう。 
 2. 多くの研究者がこの仮説を証明するため、__もはや __検証を続けている。 
 3. 鈴木氏は__もはや __高校教師だったが、現在は作家として活躍している。 
 4. 生産体制が改善されれば、商品の不足状態は__もはや __解消される見込みだ。",1,,問題4\次の言葉の使い方として最もよいものを、1・2・3・4から一つ選 びなさい。
"__円滑__
 1. 藤田さんはいつもの外国語を__円滑__に話すそうだ。 
 2. 会を__円滑__に運営するためには、会員の協力が不可欠だ。 
 3. あの子はまだ4歳なのに、複雑な漢字を本など見ないで__円滑__に書く。 
 4. 車はカーブの多い坂道を__円滑__に登って行った。",2,,問題4\次の言葉の使い方として最もよいものを、1・2・3・4から一つ選 びなさい。
"__怠る__
 1. ここでは携帯電話の使用は__怠って__ください。 
 2. 今日は時間がないので、料理を__怠って__外食にした。 
 3. 夫は仕事ばかりして、趣味のサーフィンを__怠って__いる。 
 4. この薬を扱うときは、常に注意を__怠って__はいけない。",4,,問題4\次の言葉の使い方として最もよいものを、1・2・3・4から一つ選 びなさい。
"__失脚__
 1. 大臣が汚職事件で__失脚__すると、国民の政治に対する不信感がますます高まった。 
 2. 審査員の一言で完全に自信が__失脚__し、その後も気力を取り戻せなかった。 
 3. 不祥事が明るみに出ると、一流企業の社会信用が一瞬のうちに__失脚__した。 
 4. その上陸選手は、合図より早くスタートラインを越えたため__失脚__してしまった。",1,,問題4\次の言葉の使い方として最もよいものを、1・2・3・4から一つ選 びなさい。
"__収容__
 1. ホテルの部屋には貴重品を__収容__するための金庫が置いてある。 
 2. この辞書にはわかりやすい例文がたくさん__収容__することができます。 
 3. この劇場は2千人の観客を__収容__することができます。 
 4. 必要なデータはすべてこのパソコンに__収容__されています。",3,,問題4\次の言葉の使い方として最もよいものを、1・2・3・4から一つ選 びなさい。
"__実に __
 1. 病気が__実に __治るまで、運動はしないでください。 
 2. 嘘をつかず、__実に __話してください。 
 3. このレポートは__実に __よく書けている。 
 4. 話を聞くだけでなく、__実に __見てみると、よく分かる。",3,,問題4\次の言葉の使い方として最もよいものを、1・2・3・4から一つ選 びなさい。
